folder,pass,adopted,decode_success,decode_note,decode_variant,diff_mode,repr_mode,window_n,stat_kind,fft_target_hz,diff_threshold,phase_steps,n_maps,pixel_acc_all,pixel_acc_ok,pixel_acc_best,best_pair_frame_1,best_pair_frame_2,video,display_rate,exposure,fluorescent,camera_fps,rate_hz,exposure_denom,fluorescent_flag,cond,image,channel,token,intensity,decode_decoded_text,decode_method,decode_frame_1,decode_frame_2,note,analysis_frames,extract_sec
rice_R_4,lockin,1,0,QR未検出,,lockin,binary,,,14.966161,8,8,1,0.740480,,0.740480,frame_00000.png,frame_00119.png,r90_e60_f0.mp4,90 Hz,1/60,蛍光灯なし,59.966 fps,90,60,0,0,rice,R,R,4,,,frame_00000.png,frame_00119.png,,120,2.001129
rice_R_4,lockin,0,0,QR未検出,,lockin,binary,,,14.966161,4,8,1,0.695855,,0.695855,frame_00000.png,frame_00119.png,r90_e60_f0.mp4,90 Hz,1/60,蛍光灯なし,59.966 fps,90,60,0,0,rice,R,R,4,,,frame_00000.png,frame_00119.png,,120,2.001129
rice_R_4,lockin,0,0,QR未検出,,lockin,binary,,,14.966161,12,8,1,0.694093,,0.694093,frame_00000.png,frame_00119.png,r90_e60_f0.mp4,90 Hz,1/60,蛍光灯なし,59.966 fps,90,60,0,0,rice,R,R,4,,,frame_00000.png,frame_00119.png,,120,2.001129
rice_R_4,lockin,0,0,QR未検出,,lockin,binary,,,9.966161,12,8,1,0.613774,,0.613774,frame_00000.png,frame_00119.png,r90_e60_f0.mp4,90 Hz,1/60,蛍光灯なし,59.966 fps,90,60,0,0,rice,R,R,4,,,frame_00000.png,frame_00119.png,,120,2.001129
rice_R_4,lockin,0,0,QR未検出,,lockin,binary,,,7.483080,4,8,1,0.613088,,0.613088,frame_00000.png,frame_00119.png,r90_e60_f0.mp4,90 Hz,1/60,蛍光灯なし,59.966 fps,90,60,0,0,rice,R,R,4,,,frame_00000.png,frame_00119.png,,120,2.001129
rice_R_4,lockin,0,0,QR未検出,,lockin,binary,,,9.966161,4,8,1,0.611865,,0.611865,frame_00000.png,frame_00119.png,r90_e60_f0.mp4,90 Hz,1/60,蛍光灯なし,59.966 fps,90,60,0,0,rice,R,R,4,,,frame_00000.png,frame_00119.png,,120,2.001129
rice_R_4,lockin,0,0,QR未検出,,lockin,binary,,,7.483080,12,8,1,0.611578,,0.611578,frame_00000.png,frame_00119.png,r90_e60_f0.mp4,90 Hz,1/60,蛍光灯なし,59.966 fps,90,60,0,0,rice,R,R,4,,,frame_00000.png,frame_00119.png,,120,2.001129
rice_R_4,lockin,0,0,QR未検出,,lockin,binary,,,22.500000,4,8,1,0.605902,,0.605902,frame_00000.png,frame_00119.png,r90_e60_f0.mp4,90 Hz,1/60,蛍光灯なし,59.966 fps,90,60,0,0,rice,R,R,4,,,frame_00000.png,frame_00119.png,,120,2.001129
rice_R_4,lockin,0,0,QR未検出,,lockin,binary,,,22.500000,12,8,1,0.598904,,0.598904,frame_00000.png,frame_00119.png,r90_e60_f0.mp4,90 Hz,1/60,蛍光灯なし,59.966 fps,90,60,0,0,rice,R,R,4,,,frame_00000.png,frame_00119.png,,120,2.001129
rice_R_4,lockin,0,0,QR未検出,,lockin,binary,,,9.966161,8,8,1,0.537975,,0.537975,frame_00000.png,frame_00119.png,r90_e60_f0.mp4,90 Hz,1/60,蛍光灯なし,59.966 fps,90,60,0,0,rice,R,R,4,,,frame_00000.png,frame_00119.png,,120,2.001129
rice_R_4,lockin,0,0,QR未検出,,lockin,binary,,,22.500000,8,8,1,0.537915,,0.537915,frame_00000.png,frame_00119.png,r90_e60_f0.mp4,90 Hz,1/60,蛍光灯なし,59.966 fps,90,60,0,0,rice,R,R,4,,,frame_00000.png,frame_00119.png,,120,2.001129
rice_R_4,lockin,0,0,QR未検出,,lockin,binary,,,7.483080,8,8,1,0.532876,,0.532876,frame_00000.png,frame_00119.png,r90_e60_f0.mp4,90 Hz,1/60,蛍光灯なし,59.966 fps,90,60,0,0,rice,R,R,4,,,frame_00000.png,frame_00119.png,,120,2.001129
rice_R_8,lockin,1,0,QR未検出,,lockin,binary,,,14.966161,12,8,1,0.907211,,0.907211,frame_00000.png,frame_00119.png,r90_e60_f0.mp4,90 Hz,1/60,蛍光灯なし,59.966 fps,90,60,0,1,rice,R,R,8,,,frame_00000.png,frame_00119.png,,120,2.001129
rice_R_8,lockin,0,0,QR未検出,,lockin,binary,,,14.966161,8,8,1,0.880230,,0.880230,frame_00000.png,frame_00119.png,r90_e60_f0.mp4,90 Hz,1/60,蛍光灯なし,59.966 fps,90,60,0,1,rice,R,R,8,,,frame_00000.png,frame_00119.png,,120,2.001129
rice_R_8,lockin,0,0,QR未検出,,lockin,binary,,,14.966161,4,8,1,0.706288,,0.706288,frame_00000.png,frame_00119.png,r90_e60_f0.mp4,90 Hz,1/60,蛍光灯なし,59.966 fps,90,60,0,1,rice,R,R,8,,,frame_00000.png,frame_00119.png,,120,2.001129
rice_R_8,lockin,0,0,QR未検出,,lockin,binary,,,22.500000,12,8,1,0.676362,,0.676362,frame_00000.png,frame_00119.png,r90_e60_f0.mp4,90 Hz,1/60,蛍光灯なし,59.966 fps,90,60,0,1,rice,R,R,8,,,frame_00000.png,frame_00119.png,,120,2.001129
rice_R_8,lockin,0,0,QR未検出,,lockin,binary,,,9.966161,12,8,1,0.646224,,0.646224,frame_00000.png,frame_00119.png,r90_e60_f0.mp4,90 Hz,1/60,蛍光灯なし,59.966 fps,90,60,0,1,rice,R,R,8,,,frame_00000.png,frame_00119.png,,120,2.001129
rice_R_8,lockin,0,0,QR未検出,,lockin,binary,,,7.483080,4,8,1,0.640390,,0.640390,frame_00000.png,frame_00119.png,r90_e60_f0.mp4,90 Hz,1/60,蛍光灯なし,59.966 fps,90,60,0,1,rice,R,R,8,,,frame_00000.png,frame_00119.png,,120,2.001129
rice_R_8,lockin,0,0,QR未検出,,lockin,binary,,,9.966161,4,8,1,0.634614,,0.634614,frame_00000.png,frame_00119.png,r90_e60_f0.mp4,90 Hz,1/60,蛍光灯なし,59.966 fps,90,60,0,1,rice,R,R,8,,,frame_00000.png,frame_00119.png,,120,2.001129
rice_R_8,lockin,0,0,QR未検出,,lockin,binary,,,7.483080,12,8,1,0.623576,,0.623576,frame_00000.png,frame_00119.png,r90_e60_f0.mp4,90 Hz,1/60,蛍光灯なし,59.966 fps,90,60,0,1,rice,R,R,8,,,frame_00000.png,frame_00119.png,,120,2.001129
rice_R_8,lockin,0,0,QR未検出,,lockin,binary,,,22.500000,8,8,1,0.605986,,0.605986,frame_00000.png,frame_00119.png,r90_e60_f0.mp4,90 Hz,1/60,蛍光灯なし,59.966 fps,90,60,0,1,rice,R,R,8,,,frame_00000.png,frame_00119.png,,120,2.001129
rice_R_8,lockin,0,0,QR未検出,,lockin,binary,,,22.500000,4,8,1,0.588980,,0.588980,frame_00000.png,frame_00119.png,r90_e60_f0.mp4,90 Hz,1/60,蛍光灯なし,59.966 fps,90,60,0,1,rice,R,R,8,,,frame_00000.png,frame_00119.png,,120,2.001129
rice_R_8,lockin,0,0,QR未検出,,lockin,binary,,,7.483080,8,8,1,0.518417,,0.518417,frame_00000.png,frame_00119.png,r90_e60_f0.mp4,90 Hz,1/60,蛍光灯なし,59.966 fps,90,60,0,1,rice,R,R,8,,,frame_00000.png,frame_00119.png,,120,2.001129
rice_R_8,lockin,0,0,QR未検出,,lockin,binary,,,9.966161,8,8,1,0.508876,,0.508876,frame_00000.png,frame_00119.png,r90_e60_f0.mp4,90 Hz,1/60,蛍光灯なし,59.966 fps,90,60,0,1,rice,R,R,8,,,frame_00000.png,frame_00119.png,,120,2.001129
rice_R_12,lockin,1,0,QR未検出,,lockin,binary,,,14.966161,12,8,1,0.915995,,0.915995,frame_00000.png,frame_00119.png,r90_e60_f0.mp4,90 Hz,1/60,蛍光灯なし,59.966 fps,90,60,0,2,rice,R,R,12,,,frame_00000.png,frame_00119.png,,120,2.001129
rice_R_12,lockin,0,0,QR未検出,,lockin,binary,,,14.966161,8,8,1,0.874659,,0.874659,frame_00000.png,frame_00119.png,r90_e60_f0.mp4,90 Hz,1/60,蛍光灯なし,59.966 fps,90,60,0,2,rice,R,R,12,,,frame_00000.png,frame_00119.png,,120,2.001129
rice_R_12,lockin,0,0,QR未検出,,lockin,binary,,,14.966161,4,8,1,0.763346,,0.763346,frame_00000.png,frame_00119.png,r90_e60_f0.mp4,90 Hz,1/60,蛍光灯なし,59.966 fps,90,60,0,2,rice,R,R,12,,,frame_00000.png,frame_00119.png,,120,2.001129
rice_R_12,lockin,0,0,QR未検出,,lockin,binary,,,22.500000,12,8,1,0.705543,,0.705543,frame_00000.png,frame_00119.png,r90_e60_f0.mp4,90 Hz,1/60,蛍光灯なし,59.966 fps,90,60,0,2,rice,R,R,12,,,frame_00000.png,frame_00119.png,,120,2.001129
rice_R_12,lockin,0,0,QR未検出,,lockin,binary,,,9.966161,12,8,1,0.700932,,0.700932,frame_00000.png,frame_00119.png,r90_e60_f0.mp4,90 Hz,1/60,蛍光灯なし,59.966 fps,90,60,0,2,rice,R,R,12,,,frame_00000.png,frame_00119.png,,120,2.001129
rice_R_12,lockin,0,0,QR未検出,,lockin,binary,,,9.966161,8,8,1,0.662305,,0.662305,frame_00000.png,frame_00119.png,r90_e60_f0.mp4,90 Hz,1/60,蛍光灯なし,59.966 fps,90,60,0,2,rice,R,R,12,,,frame_00000.png,frame_00119.png,,120,2.001129
rice_R_12,lockin,0,0,QR未検出,,lockin,binary,,,7.483080,12,8,1,0.652199,,0.652199,frame_00000.png,frame_00119.png,r90_e60_f0.mp4,90 Hz,1/60,蛍光灯なし,59.966 fps,90,60,0,2,rice,R,R,12,,,frame_00000.png,frame_00119.png,,120,2.001129
rice_R_12,lockin,0,0,QR未検出,,lockin,binary,,,7.483080,4,8,1,0.630193,,0.630193,frame_00000.png,frame_00119.png,r90_e60_f0.mp4,90 Hz,1/60,蛍光灯なし,59.966 fps,90,60,0,2,rice,R,R,12,,,frame_00000.png,frame_00119.png,,120,2.001129
rice_R_12,lockin,0,0,QR未検出,,lockin,binary,,,22.500000,8,8,1,0.599952,,0.599952,frame_00000.png,frame_00119.png,r90_e60_f0.mp4,90 Hz,1/60,蛍光灯なし,59.966 fps,90,60,0,2,rice,R,R,12,,,frame_00000.png,frame_00119.png,,120,2.001129
rice_R_12,lockin,0,0,QR未検出,,lockin,binary,,,22.500000,4,8,1,0.599576,,0.599576,frame_00000.png,frame_00119.png,r90_e60_f0.mp4,90 Hz,1/60,蛍光灯なし,59.966 fps,90,60,0,2,rice,R,R,12,,,frame_00000.png,frame_00119.png,,120,2.001129
rice_R_12,lockin,0,0,QR未検出,,lockin,binary,,,9.966161,4,8,1,0.579780,,0.579780,frame_00000.png,frame_00119.png,r90_e60_f0.mp4,90 Hz,1/60,蛍光灯なし,59.966 fps,90,60,0,2,rice,R,R,12,,,frame_00000.png,frame_00119.png,,120,2.001129
rice_R_12,lockin,0,0,QR未検出,,lockin,binary,,,7.483080,8,8,1,0.516268,,0.516268,frame_00000.png,frame_00119.png,r90_e60_f0.mp4,90 Hz,1/60,蛍光灯なし,59.966 fps,90,60,0,2,rice,R,R,12,,,frame_00000.png,frame_00119.png,,120,2.001129
nagaoka_fireworks_R_4,lockin,1,0,QR未検出,,lockin,binary,,,14.966161,12,8,1,0.645247,,0.645247,frame_00000.png,frame_00119.png,r90_e60_f0.mp4,90 Hz,1/60,蛍光灯なし,59.966 fps,90,60,0,3,nagaoka_fireworks,R,R,4,,,frame_00000.png,frame_00119.png,,120,2.001129
nagaoka_fireworks_R_4,lockin,0,0,QR未検出,,lockin,binary,,,9.966161,12,8,1,0.604518,,0.604518,frame_00000.png,frame_00119.png,r90_e60_f0.mp4,90 Hz,1/60,蛍光灯なし,59.966 fps,90,60,0,3,nagaoka_fireworks,R,R,4,,,frame_00000.png,frame_00119.png,,120,2.001129
nagaoka_fireworks_R_4,lockin,0,0,QR未検出,,lockin,binary,,,22.500000,12,8,1,0.600265,,0.600265,frame_00000.png,frame_00119.png,r90_e60_f0.mp4,90 Hz,1/60,蛍光灯なし,59.966 fps,90,60,0,3,nagaoka_fireworks,R,R,4,,,frame_00000.png,frame_00119.png,,120,2.001129
nagaoka_fireworks_R_4,lockin,0,0,QR未検出,,lockin,binary,,,14.966161,8,8,1,0.585527,,0.585527,frame_00000.png,frame_00119.png,r90_e60_f0.mp4,90 Hz,1/60,蛍光灯なし,59.966 fps,90,60,0,3,nagaoka_fireworks,R,R,4,,,frame_00000.png,frame_00119.png,,120,2.001129
nagaoka_fireworks_R_4,lockin,0,0,QR未検出,,lockin,binary,,,7.483080,12,8,1,0.577131,,0.577131,frame_00000.png,frame_00119.png,r90_e60_f0.mp4,90 Hz,1/60,蛍光灯なし,59.966 fps,90,60,0,3,nagaoka_fireworks,R,R,4,,,frame_00000.png,frame_00119.png,,120,2.001129
nagaoka_fireworks_R_4,lockin,0,0,QR未検出,,lockin,binary,,,22.500000,8,8,1,0.556842,,0.556842,frame_00000.png,frame_00119.png,r90_e60_f0.mp4,90 Hz,1/60,蛍光灯なし,59.966 fps,90,60,0,3,nagaoka_fireworks,R,R,4,,,frame_00000.png,frame_00119.png,,120,2.001129
nagaoka_fireworks_R_4,lockin,0,0,QR未検出,,lockin,binary,,,9.966161,8,8,1,0.555757,,0.555757,frame_00000.png,frame_00119.png,r90_e60_f0.mp4,90 Hz,1/60,蛍光灯なし,59.966 fps,90,60,0,3,nagaoka_fireworks,R,R,4,,,frame_00000.png,frame_00119.png,,120,2.001129
nagaoka_fireworks_R_4,lockin,0,0,QR未検出,,lockin,binary,,,7.483080,4,8,1,0.548886,,0.548886,frame_00000.png,frame_00119.png,r90_e60_f0.mp4,90 Hz,1/60,蛍光灯なし,59.966 fps,90,60,0,3,nagaoka_fireworks,R,R,4,,,frame_00000.png,frame_00119.png,,120,2.001129
nagaoka_fireworks_R_4,lockin,0,0,QR未検出,,lockin,binary,,,22.500000,4,8,1,0.528584,,0.528584,frame_00000.png,frame_00119.png,r90_e60_f0.mp4,90 Hz,1/60,蛍光灯なし,59.966 fps,90,60,0,3,nagaoka_fireworks,R,R,4,,,frame_00000.png,frame_00119.png,,120,2.001129
nagaoka_fireworks_R_4,lockin,0,0,QR未検出,,lockin,binary,,,9.966161,4,8,1,0.527013,,0.527013,frame_00000.png,frame_00119.png,r90_e60_f0.mp4,90 Hz,1/60,蛍光灯なし,59.966 fps,90,60,0,3,nagaoka_fireworks,R,R,4,,,frame_00000.png,frame_00119.png,,120,2.001129
nagaoka_fireworks_R_4,lockin,0,0,QR未検出,,lockin,binary,,,14.966161,4,8,1,0.520165,,0.520165,frame_00000.png,frame_00119.png,r90_e60_f0.mp4,90 Hz,1/60,蛍光灯なし,59.966 fps,90,60,0,3,nagaoka_fireworks,R,R,4,,,frame_00000.png,frame_00119.png,,120,2.001129
nagaoka_fireworks_R_4,lockin,0,0,QR未検出,,lockin,binary,,,7.483080,8,8,1,0.512664,,0.512664,frame_00000.png,frame_00119.png,r90_e60_f0.mp4,90 Hz,1/60,蛍光灯なし,59.966 fps,90,60,0,3,nagaoka_fireworks,R,R,4,,,frame_00000.png,frame_00119.png,,120,2.001129
nagaoka_fireworks_R_8,lockin,1,0,QR未検出,,lockin,binary,,,14.966161,12,8,1,0.770527,,0.770527,frame_00000.png,frame_00119.png,r90_e60_f0.mp4,90 Hz,1/60,蛍光灯なし,59.966 fps,90,60,0,4,nagaoka_fireworks,R,R,8,,,frame_00000.png,frame_00119.png,,120,2.001129
nagaoka_fireworks_R_8,lockin,0,0,QR未検出,,lockin,binary,,,14.966161,8,8,1,0.713197,,0.713197,frame_00000.png,frame_00119.png,r90_e60_f0.mp4,90 Hz,1/60,蛍光灯なし,59.966 fps,90,60,0,4,nagaoka_fireworks,R,R,8,,,frame_00000.png,frame_00119.png,,120,2.001129
nagaoka_fireworks_R_8,lockin,0,0,QR未検出,,lockin,binary,,,22.500000,12,8,1,0.616460,,0.616460,frame_00000.png,frame_00119.png,r90_e60_f0.mp4,90 Hz,1/60,蛍光灯なし,59.966 fps,90,60,0,4,nagaoka_fireworks,R,R,8,,,frame_00000.png,frame_00119.png,,120,2.001129
nagaoka_fireworks_R_8,lockin,0,0,QR未検出,,lockin,binary,,,9.966161,12,8,1,0.600078,,0.600078,frame_00000.png,frame_00119.png,r90_e60_f0.mp4,90 Hz,1/60,蛍光灯なし,59.966 fps,90,60,0,4,nagaoka_fireworks,R,R,8,,,frame_00000.png,frame_00119.png,,120,2.001129
nagaoka_fireworks_R_8,lockin,0,0,QR未検出,,lockin,binary,,,7.483080,12,8,1,0.592225,,0.592225,frame_00000.png,frame_00119.png,r90_e60_f0.mp4,90 Hz,1/60,蛍光灯なし,59.966 fps,90,60,0,4,nagaoka_fireworks,R,R,8,,,frame_00000.png,frame_00119.png,,120,2.001129
nagaoka_fireworks_R_8,lockin,0,0,QR未検出,,lockin,binary,,,14.966161,4,8,1,0.559926,,0.559926,frame_00000.png,frame_00119.png,r90_e60_f0.mp4,90 Hz,1/60,蛍光灯なし,59.966 fps,90,60,0,4,nagaoka_fireworks,R,R,8,,,frame_00000.png,frame_00119.png,,120,2.001129
nagaoka_fireworks_R_8,lockin,0,0,QR未検出,,lockin,binary,,,22.500000,8,8,1,0.557501,,0.557501,frame_00000.png,frame_00119.png,r90_e60_f0.mp4,90 Hz,1/60,蛍光灯なし,59.966 fps,90,60,0,4,nagaoka_fireworks,R,R,8,,,frame_00000.png,frame_00119.png,,120,2.001129
nagaoka_fireworks_R_8,lockin,0,0,QR未検出,,lockin,binary,,,9.966161,4,8,1,0.548181,,0.548181,frame_00000.png,frame_00119.png,r90_e60_f0.mp4,90 Hz,1/60,蛍光灯なし,59.966 fps,90,60,0,4,nagaoka_fireworks,R,R,8,,,frame_00000.png,frame_00119.png,,120,2.001129
nagaoka_fireworks_R_8,lockin,0,0,QR未検出,,lockin,binary,,,7.483080,4,8,1,0.547663,,0.547663,frame_00000.png,frame_00119.png,r90_e60_f0.mp4,90 Hz,1/60,蛍光灯なし,59.966 fps,90,60,0,4,nagaoka_fireworks,R,R,8,,,frame_00000.png,frame_00119.png,,120,2.001129
nagaoka_fireworks_R_8,lockin,0,0,QR未検出,,lockin,binary,,,22.500000,4,8,1,0.530157,,0.530157,frame_00000.png,frame_00119.png,r90_e60_f0.mp4,90 Hz,1/60,蛍光灯なし,59.966 fps,90,60,0,4,nagaoka_fireworks,R,R,8,,,frame_00000.png,frame_00119.png,,120,2.001129
nagaoka_fireworks_R_8,lockin,0,0,QR未検出,,lockin,binary,,,9.966161,8,8,1,0.528451,,0.528451,frame_00000.png,frame_00119.png,r90_e60_f0.mp4,90 Hz,1/60,蛍光灯なし,59.966 fps,90,60,0,4,nagaoka_fireworks,R,R,8,,,frame_00000.png,frame_00119.png,,120,2.001129
nagaoka_fireworks_R_8,lockin,0,0,QR未検出,,lockin,binary,,,7.483080,8,8,1,0.525290,,0.525290,frame_00000.png,frame_00119.png,r90_e60_f0.mp4,90 Hz,1/60,蛍光灯なし,59.966 fps,90,60,0,4,nagaoka_fireworks,R,R,8,,,frame_00000.png,frame_00119.png,,120,2.001129
nagaoka_fireworks_R_12,lockin,1,0,QR未検出,,lockin,binary,,,14.966161,12,8,1,0.893149,,0.893149,frame_00000.png,frame_00119.png,r90_e60_f0.mp4,90 Hz,1/60,蛍光灯なし,59.966 fps,90,60,0,5,nagaoka_fireworks,R,R,12,,,frame_00000.png,frame_00119.png,,120,2.001129
nagaoka_fireworks_R_12,lockin,0,0,QR未検出,,lockin,binary,,,14.966161,8,8,1,0.852975,,0.852975,frame_00000.png,frame_00119.png,r90_e60_f0.mp4,90 Hz,1/60,蛍光灯なし,59.966 fps,90,60,0,5,nagaoka_fireworks,R,R,12,,,frame_00000.png,frame_00119.png,,120,2.001129
nagaoka_fireworks_R_12,lockin,0,0,QR未検出,,lockin,binary,,,14.966161,4,8,1,0.745741,,0.745741,frame_00000.png,frame_00119.png,r90_e60_f0.mp4,90 Hz,1/60,蛍光灯なし,59.966 fps,90,60,0,5,nagaoka_fireworks,R,R,12,,,frame_00000.png,frame_00119.png,,120,2.001129
nagaoka_fireworks_R_12,lockin,0,0,QR未検出,,lockin,binary,,,22.500000,12,8,1,0.663505,,0.663505,frame_00000.png,frame_00119.png,r90_e60_f0.mp4,90 Hz,1/60,蛍光灯なし,59.966 fps,90,60,0,5,nagaoka_fireworks,R,R,12,,,frame_00000.png,frame_00119.png,,120,2.001129
nagaoka_fireworks_R_12,lockin,0,0,QR未検出,,lockin,binary,,,22.500000,8,8,1,0.663099,,0.663099,frame_00000.png,frame_00119.png,r90_e60_f0.mp4,90 Hz,1/60,蛍光灯なし,59.966 fps,90,60,0,5,nagaoka_fireworks,R,R,12,,,frame_00000.png,frame_00119.png,,120,2.001129
nagaoka_fireworks_R_12,lockin,0,0,QR未検出,,lockin,binary,,,7.483080,12,8,1,0.659353,,0.659353,frame_00000.png,frame_00119.png,r90_e60_f0.mp4,90 Hz,1/60,蛍光灯なし,59.966 fps,90,60,0,5,nagaoka_fireworks,R,R,12,,,frame_00000.png,frame_00119.png,,120,2.001129
nagaoka_fireworks_R_12,lockin,0,0,QR未検出,,lockin,binary,,,9.966161,12,8,1,0.650797,,0.650797,frame_00000.png,frame_00119.png,r90_e60_f0.mp4,90 Hz,1/60,蛍光灯なし,59.966 fps,90,60,0,5,nagaoka_fireworks,R,R,12,,,frame_00000.png,frame_00119.png,,120,2.001129
nagaoka_fireworks_R_12,lockin,0,0,QR未検出,,lockin,binary,,,7.483080,8,8,1,0.614722,,0.614722,frame_00000.png,frame_00119.png,r90_e60_f0.mp4,90 Hz,1/60,蛍光灯なし,59.966 fps,90,60,0,5,nagaoka_fireworks,R,R,12,,,frame_00000.png,frame_00119.png,,120,2.001129
nagaoka_fireworks_R_12,lockin,0,0,QR未検出,,lockin,binary,,,9.966161,8,8,1,0.585123,,0.585123,frame_00000.png,frame_00119.png,r90_e60_f0.mp4,90 Hz,1/60,蛍光灯なし,59.966 fps,90,60,0,5,nagaoka_fireworks,R,R,12,,,frame_00000.png,frame_00119.png,,120,2.001129
nagaoka_fireworks_R_12,lockin,0,0,QR未検出,,lockin,binary,,,22.500000,4,8,1,0.535111,,0.535111,frame_00000.png,frame_00119.png,r90_e60_f0.mp4,90 Hz,1/60,蛍光灯なし,59.966 fps,90,60,0,5,nagaoka_fireworks,R,R,12,,,frame_00000.png,frame_00119.png,,120,2.001129
nagaoka_fireworks_R_12,lockin,0,0,QR未検出,,lockin,binary,,,9.966161,4,8,1,0.518896,,0.518896,frame_00000.png,frame_00119.png,r90_e60_f0.mp4,90 Hz,1/60,蛍光灯なし,59.966 fps,90,60,0,5,nagaoka_fireworks,R,R,12,,,frame_00000.png,frame_00119.png,,120,2.001129
nagaoka_fireworks_R_12,lockin,0,0,QR未検出,,lockin,binary,,,7.483080,4,8,1,0.501227,,0.501227,frame_00000.png,frame_00119.png,r90_e60_f0.mp4,90 Hz,1/60,蛍光灯なし,59.966 fps,90,60,0,5,nagaoka_fireworks,R,R,12,,,frame_00000.png,frame_00119.png,,120,2.001129
hocho_R_4,lockin,1,0,QR未検出,,lockin,binary,,,14.966161,12,8,1,0.663823,,0.663823,frame_00000.png,frame_00119.png,r90_e60_f0.mp4,90 Hz,1/60,蛍光灯なし,59.966 fps,90,60,0,6,hocho,R,R,4,,,frame_00000.png,frame_00119.png,,120,2.001129
hocho_R_4,lockin,0,0,QR未検出,,lockin,binary,,,14.966161,8,8,1,0.639667,,0.639667,frame_00000.png,frame_00119.png,r90_e60_f0.mp4,90 Hz,1/60,蛍光灯なし,59.966 fps,90,60,0,6,hocho,R,R,4,,,frame_00000.png,frame_00119.png,,120,2.001129
hocho_R_4,lockin,0,0,QR未検出,,lockin,binary,,,7.483080,4,8,1,0.635927,,0.635927,frame_00000.png,frame_00119.png,r90_e60_f0.mp4,90 Hz,1/60,蛍光灯なし,59.966 fps,90,60,0,6,hocho,R,R,4,,,frame_00000.png,frame_00119.png,,120,2.001129
hocho_R_4,lockin,0,0,QR未検出,,lockin,binary,,,9.966161,4,8,1,0.620677,,0.620677,frame_00000.png,frame_00119.png,r90_e60_f0.mp4,90 Hz,1/60,蛍光灯なし,59.966 fps,90,60,0,6,hocho,R,R,4,,,frame_00000.png,frame_00119.png,,120,2.001129
hocho_R_4,lockin,0,0,QR未検出,,lockin,binary,,,22.500000,4,8,1,0.616302,,0.616302,frame_00000.png,frame_00119.png,r90_e60_f0.mp4,90 Hz,1/60,蛍光灯なし,59.966 fps,90,60,0,6,hocho,R,R,4,,,frame_00000.png,frame_00119.png,,120,2.001129
hocho_R_4,lockin,0,0,QR未検出,,lockin,binary,,,22.500000,12,8,1,0.581741,,0.581741,frame_00000.png,frame_00119.png,r90_e60_f0.mp4,90 Hz,1/60,蛍光灯なし,59.966 fps,90,60,0,6,hocho,R,R,4,,,frame_00000.png,frame_00119.png,,120,2.001129
hocho_R_4,lockin,0,0,QR未検出,,lockin,binary,,,9.966161,12,8,1,0.581120,,0.581120,frame_00000.png,frame_00119.png,r90_e60_f0.mp4,90 Hz,1/60,蛍光灯なし,59.966 fps,90,60,0,6,hocho,R,R,4,,,frame_00000.png,frame_00119.png,,120,2.001129
hocho_R_4,lockin,0,0,QR未検出,,lockin,binary,,,7.483080,12,8,1,0.555491,,0.555491,frame_00000.png,frame_00119.png,r90_e60_f0.mp4,90 Hz,1/60,蛍光灯なし,59.966 fps,90,60,0,6,hocho,R,R,4,,,frame_00000.png,frame_00119.png,,120,2.001129
hocho_R_4,lockin,0,0,QR未検出,,lockin,binary,,,14.966161,4,8,1,0.551295,,0.551295,frame_00000.png,frame_00119.png,r90_e60_f0.mp4,90 Hz,1/60,蛍光灯なし,59.966 fps,90,60,0,6,hocho,R,R,4,,,frame_00000.png,frame_00119.png,,120,2.001129
hocho_R_4,lockin,0,0,QR未検出,,lockin,binary,,,22.500000,8,8,1,0.523803,,0.523803,frame_00000.png,frame_00119.png,r90_e60_f0.mp4,90 Hz,1/60,蛍光灯なし,59.966 fps,90,60,0,6,hocho,R,R,4,,,frame_00000.png,frame_00119.png,,120,2.001129
hocho_R_4,lockin,0,0,QR未検出,,lockin,binary,,,9.966161,8,8,1,0.520473,,0.520473,frame_00000.png,frame_00119.png,r90_e60_f0.mp4,90 Hz,1/60,蛍光灯なし,59.966 fps,90,60,0,6,hocho,R,R,4,,,frame_00000.png,frame_00119.png,,120,2.001129
hocho_R_4,lockin,0,0,QR未検出,,lockin,binary,,,7.483080,8,8,1,0.520438,,0.520438,frame_00000.png,frame_00119.png,r90_e60_f0.mp4,90 Hz,1/60,蛍光灯なし,59.966 fps,90,60,0,6,hocho,R,R,4,,,frame_00000.png,frame_00119.png,,120,2.001129
hocho_R_8,lockin,1,0,QR未検出,,lockin,binary,,,14.966161,12,8,1,0.789770,,0.789770,frame_00000.png,frame_00119.png,r90_e60_f0.mp4,90 Hz,1/60,蛍光灯なし,59.966 fps,90,60,0,7,hocho,R,R,8,,,frame_00000.png,frame_00119.png,,120,2.001129
hocho_R_8,lockin,0,0,QR未検出,,lockin,binary,,,14.966161,8,8,1,0.779597,,0.779597,frame_00000.png,frame_00119.png,r90_e60_f0.mp4,90 Hz,1/60,蛍光灯なし,59.966 fps,90,60,0,7,hocho,R,R,8,,,frame_00000.png,frame_00119.png,,120,2.001129
hocho_R_8,lockin,0,0,QR未検出,,lockin,binary,,,14.966161,4,8,1,0.665213,,0.665213,frame_00000.png,frame_00119.png,r90_e60_f0.mp4,90 Hz,1/60,蛍光灯なし,59.966 fps,90,60,0,7,hocho,R,R,8,,,frame_00000.png,frame_00119.png,,120,2.001129
hocho_R_8,lockin,0,0,QR未検出,,lockin,binary,,,7.483080,4,8,1,0.630401,,0.630401,frame_00000.png,frame_00119.png,r90_e60_f0.mp4,90 Hz,1/60,蛍光灯なし,59.966 fps,90,60,0,7,hocho,R,R,8,,,frame_00000.png,frame_00119.png,,120,2.001129
hocho_R_8,lockin,0,0,QR未検出,,lockin,binary,,,22.500000,12,8,1,0.622925,,0.622925,frame_00000.png,frame_00119.png,r90_e60_f0.mp4,90 Hz,1/60,蛍光灯なし,59.966 fps,90,60,0,7,hocho,R,R,8,,,frame_00000.png,frame_00119.png,,120,2.001129
hocho_R_8,lockin,0,0,QR未検出,,lockin,binary,,,9.966161,4,8,1,0.622694,,0.622694,frame_00000.png,frame_00119.png,r90_e60_f0.mp4,90 Hz,1/60,蛍光灯なし,59.966 fps,90,60,0,7,hocho,R,R,8,,,frame_00000.png,frame_00119.png,,120,2.001129
hocho_R_8,lockin,0,0,QR未検出,,lockin,binary,,,22.500000,8,8,1,0.620309,,0.620309,frame_00000.png,frame_00119.png,r90_e60_f0.mp4,90 Hz,1/60,蛍光灯なし,59.966 fps,90,60,0,7,hocho,R,R,8,,,frame_00000.png,frame_00119.png,,120,2.001129
hocho_R_8,lockin,0,0,QR未検出,,lockin,binary,,,9.966161,12,8,1,0.618519,,0.618519,frame_00000.png,frame_00119.png,r90_e60_f0.mp4,90 Hz,1/60,蛍光灯なし,59.966 fps,90,60,0,7,hocho,R,R,8,,,frame_00000.png,frame_00119.png,,120,2.001129
hocho_R_8,lockin,0,0,QR未検出,,lockin,binary,,,7.483080,12,8,1,0.600060,,0.600060,frame_00000.png,frame_00119.png,r90_e60_f0.mp4,90 Hz,1/60,蛍光灯なし,59.966 fps,90,60,0,7,hocho,R,R,8,,,frame_00000.png,frame_00119.png,,120,2.001129
hocho_R_8,lockin,0,0,QR未検出,,lockin,binary,,,9.966161,8,8,1,0.537770,,0.537770,frame_00000.png,frame_00119.png,r90_e60_f0.mp4,90 Hz,1/60,蛍光灯なし,59.966 fps,90,60,0,7,hocho,R,R,8,,,frame_00000.png,frame_00119.png,,120,2.001129
hocho_R_8,lockin,0,0,QR未検出,,lockin,binary,,,22.500000,4,8,1,0.532623,,0.532623,frame_00000.png,frame_00119.png,r90_e60_f0.mp4,90 Hz,1/60,蛍光灯なし,59.966 fps,90,60,0,7,hocho,R,R,8,,,frame_00000.png,frame_00119.png,,120,2.001129
hocho_R_8,lockin,0,0,QR未検出,,lockin,binary,,,7.483080,8,8,1,0.517899,,0.517899,frame_00000.png,frame_00119.png,r90_e60_f0.mp4,90 Hz,1/60,蛍光灯なし,59.966 fps,90,60,0,7,hocho,R,R,8,,,frame_00000.png,frame_00119.png,,120,2.001129
hocho_R_12,lockin,1,0,QR未検出,,lockin,binary,,,14.966161,12,8,1,0.856182,,0.856182,frame_00000.png,frame_00119.png,r90_e60_f0.mp4,90 Hz,1/60,蛍光灯なし,59.966 fps,90,60,0,8,hocho,R,R,12,,,frame_00000.png,frame_00119.png,,120,2.001129
hocho_R_12,lockin,0,0,QR未検出,,lockin,binary,,,14.966161,8,8,1,0.850445,,0.850445,frame_00000.png,frame_00119.png,r90_e60_f0.mp4,90 Hz,1/60,蛍光灯なし,59.966 fps,90,60,0,8,hocho,R,R,12,,,frame_00000.png,frame_00119.png,,120,2.001129
hocho_R_12,lockin,0,0,QR未検出,,lockin,binary,,,14.966161,4,8,1,0.818220,,0.818220,frame_00000.png,frame_00119.png,r90_e60_f0.mp4,90 Hz,1/60,蛍光灯なし,59.966 fps,90,60,0,8,hocho,R,R,12,,,frame_00000.png,frame_00119.png,,120,2.001129
hocho_R_12,lockin,0,0,QR未検出,,lockin,binary,,,22.500000,12,8,1,0.698889,,0.698889,frame_00000.png,frame_00119.png,r90_e60_f0.mp4,90 Hz,1/60,蛍光灯なし,59.966 fps,90,60,0,8,hocho,R,R,12,,,frame_00000.png,frame_00119.png,,120,2.001129
hocho_R_12,lockin,0,0,QR未検出,,lockin,binary,,,7.483080,12,8,1,0.677677,,0.677677,frame_00000.png,frame_00119.png,r90_e60_f0.mp4,90 Hz,1/60,蛍光灯なし,59.966 fps,90,60,0,8,hocho,R,R,12,,,frame_00000.png,frame_00119.png,,120,2.001129
hocho_R_12,lockin,0,0,QR未検出,,lockin,binary,,,7.483080,8,8,1,0.657077,,0.657077,frame_00000.png,frame_00119.png,r90_e60_f0.mp4,90 Hz,1/60,蛍光灯なし,59.966 fps,90,60,0,8,hocho,R,R,12,,,frame_00000.png,frame_00119.png,,120,2.001129
hocho_R_12,lockin,0,0,QR未検出,,lockin,binary,,,9.966161,12,8,1,0.655028,,0.655028,frame_00000.png,frame_00119.png,r90_e60_f0.mp4,90 Hz,1/60,蛍光灯なし,59.966 fps,90,60,0,8,hocho,R,R,12,,,frame_00000.png,frame_00119.png,,120,2.001129
hocho_R_12,lockin,0,0,QR未検出,,lockin,binary,,,9.966161,4,8,1,0.632163,,0.632163,frame_00000.png,frame_00119.png,r90_e60_f0.mp4,90 Hz,1/60,蛍光灯なし,59.966 fps,90,60,0,8,hocho,R,R,12,,,frame_00000.png,frame_00119.png,,120,2.001129
hocho_R_12,lockin,0,0,QR未検出,,lockin,binary,,,22.500000,8,8,1,0.615618,,0.615618,frame_00000.png,frame_00119.png,r90_e60_f0.mp4,90 Hz,1/60,蛍光灯なし,59.966 fps,90,60,0,8,hocho,R,R,12,,,frame_00000.png,frame_00119.png,,120,2.001129
hocho_R_12,lockin,0,0,QR未検出,,lockin,binary,,,22.500000,4,8,1,0.603570,,0.603570,frame_00000.png,frame_00119.png,r90_e60_f0.mp4,90 Hz,1/60,蛍光灯なし,59.966 fps,90,60,0,8,hocho,R,R,12,,,frame_00000.png,frame_00119.png,,120,2.001129
hocho_R_12,lockin,0,0,QR未検出,,lockin,binary,,,7.483080,4,8,1,0.570297,,0.570297,frame_00000.png,frame_00119.png,r90_e60_f0.mp4,90 Hz,1/60,蛍光灯なし,59.966 fps,90,60,0,8,hocho,R,R,12,,,frame_00000.png,frame_00119.png,,120,2.001129
hocho_R_12,lockin,0,0,QR未検出,,lockin,binary,,,9.966161,8,8,1,0.516839,,0.516839,frame_00000.png,frame_00119.png,r90_e60_f0.mp4,90 Hz,1/60,蛍光灯なし,59.966 fps,90,60,0,8,hocho,R,R,12,,,frame_00000.png,frame_00119.png,,120,2.001129
ex_R_4,lockin,1,0,QR未検出,,lockin,binary,,,14.966161,12,8,1,0.782257,,0.782257,frame_00000.png,frame_00119.png,r90_e60_f0.mp4,90 Hz,1/60,蛍光灯なし,59.966 fps,90,60,0,9,ex,R,R,4,,,frame_00000.png,frame_00119.png,,120,2.001129
ex_R_4,lockin,0,0,QR未検出,,lockin,binary,,,14.966161,8,8,1,0.693375,,0.693375,frame_00000.png,frame_00119.png,r90_e60_f0.mp4,90 Hz,1/60,蛍光灯なし,59.966 fps,90,60,0,9,ex,R,R,4,,,frame_00000.png,frame_00119.png,,120,2.001129
ex_R_4,lockin,0,0,QR未検出,,lockin,binary,,,22.500000,12,8,1,0.636532,,0.636532,frame_00000.png,frame_00119.png,r90_e60_f0.mp4,90 Hz,1/60,蛍光灯なし,59.966 fps,90,60,0,9,ex,R,R,4,,,frame_00000.png,frame_00119.png,,120,2.001129
ex_R_4,lockin,0,0,QR未検出,,lockin,binary,,,9.966161,4,8,1,0.632217,,0.632217,frame_00000.png,frame_00119.png,r90_e60_f0.mp4,90 Hz,1/60,蛍光灯なし,59.966 fps,90,60,0,9,ex,R,R,4,,,frame_00000.png,frame_00119.png,,120,2.001129
ex_R_4,lockin,0,0,QR未検出,,lockin,binary,,,7.483080,4,8,1,0.627439,,0.627439,frame_00000.png,frame_00119.png,r90_e60_f0.mp4,90 Hz,1/60,蛍光灯なし,59.966 fps,90,60,0,9,ex,R,R,4,,,frame_00000.png,frame_00119.png,,120,2.001129
ex_R_4,lockin,0,0,QR未検出,,lockin,binary,,,7.483080,12,8,1,0.616749,,0.616749,frame_00000.png,frame_00119.png,r90_e60_f0.mp4,90 Hz,1/60,蛍光灯なし,59.966 fps,90,60,0,9,ex,R,R,4,,,frame_00000.png,frame_00119.png,,120,2.001129
ex_R_4,lockin,0,0,QR未検出,,lockin,binary,,,9.966161,12,8,1,0.611732,,0.611732,frame_00000.png,frame_00119.png,r90_e60_f0.mp4,90 Hz,1/60,蛍光灯なし,59.966 fps,90,60,0,9,ex,R,R,4,,,frame_00000.png,frame_00119.png,,120,2.001129
ex_R_4,lockin,0,0,QR未検出,,lockin,binary,,,22.500000,4,8,1,0.593747,,0.593747,frame_00000.png,frame_00119.png,r90_e60_f0.mp4,90 Hz,1/60,蛍光灯なし,59.966 fps,90,60,0,9,ex,R,R,4,,,frame_00000.png,frame_00119.png,,120,2.001129
ex_R_4,lockin,0,0,QR未検出,,lockin,binary,,,22.500000,8,8,1,0.590570,,0.590570,frame_00000.png,frame_00119.png,r90_e60_f0.mp4,90 Hz,1/60,蛍光灯なし,59.966 fps,90,60,0,9,ex,R,R,4,,,frame_00000.png,frame_00119.png,,120,2.001129
ex_R_4,lockin,0,0,QR未検出,,lockin,binary,,,14.966161,4,8,1,0.564997,,0.564997,frame_00000.png,frame_00119.png,r90_e60_f0.mp4,90 Hz,1/60,蛍光灯なし,59.966 fps,90,60,0,9,ex,R,R,4,,,frame_00000.png,frame_00119.png,,120,2.001129
ex_R_4,lockin,0,0,QR未検出,,lockin,binary,,,7.483080,8,8,1,0.517819,,0.517819,frame_00000.png,frame_00119.png,r90_e60_f0.mp4,90 Hz,1/60,蛍光灯なし,59.966 fps,90,60,0,9,ex,R,R,4,,,frame_00000.png,frame_00119.png,,120,2.001129
ex_R_4,lockin,0,0,QR未検出,,lockin,binary,,,9.966161,8,8,1,0.510239,,0.510239,frame_00000.png,frame_00119.png,r90_e60_f0.mp4,90 Hz,1/60,蛍光灯なし,59.966 fps,90,60,0,9,ex,R,R,4,,,frame_00000.png,frame_00119.png,,120,2.001129
ex_R_8,lockin,1,0,QR未検出,,lockin,binary,,,14.966161,12,8,1,0.841854,,0.841854,frame_00000.png,frame_00119.png,r90_e60_f0.mp4,90 Hz,1/60,蛍光灯なし,59.966 fps,90,60,0,10,ex,R,R,8,,,frame_00000.png,frame_00119.png,,120,2.001129
ex_R_8,lockin,0,0,QR未検出,,lockin,binary,,,14.966161,8,8,1,0.801047,,0.801047,frame_00000.png,frame_00119.png,r90_e60_f0.mp4,90 Hz,1/60,蛍光灯なし,59.966 fps,90,60,0,10,ex,R,R,8,,,frame_00000.png,frame_00119.png,,120,2.001129
ex_R_8,lockin,0,0,QR未検出,,lockin,binary,,,22.500000,8,8,1,0.673797,,0.673797,frame_00000.png,frame_00119.png,r90_e60_f0.mp4,90 Hz,1/60,蛍光灯なし,59.966 fps,90,60,0,10,ex,R,R,8,,,frame_00000.png,frame_00119.png,,120,2.001129
ex_R_8,lockin,0,0,QR未検出,,lockin,binary,,,7.483080,12,8,1,0.671858,,0.671858,frame_00000.png,frame_00119.png,r90_e60_f0.mp4,90 Hz,1/60,蛍光灯なし,59.966 fps,90,60,0,10,ex,R,R,8,,,frame_00000.png,frame_00119.png,,120,2.001129
ex_R_8,lockin,0,0,QR未検出,,lockin,binary,,,9.966161,12,8,1,0.666742,,0.666742,frame_00000.png,frame_00119.png,r90_e60_f0.mp4,90 Hz,1/60,蛍光灯なし,59.966 fps,90,60,0,10,ex,R,R,8,,,frame_00000.png,frame_00119.png,,120,2.001129
ex_R_8,lockin,0,0,QR未検出,,lockin,binary,,,22.500000,12,8,1,0.663634,,0.663634,frame_00000.png,frame_00119.png,r90_e60_f0.mp4,90 Hz,1/60,蛍光灯なし,59.966 fps,90,60,0,10,ex,R,R,8,,,frame_00000.png,frame_00119.png,,120,2.001129
ex_R_8,lockin,0,0,QR未検出,,lockin,binary,,,14.966161,4,8,1,0.625868,,0.625868,frame_00000.png,frame_00119.png,r90_e60_f0.mp4,90 Hz,1/60,蛍光灯なし,59.966 fps,90,60,0,10,ex,R,R,8,,,frame_00000.png,frame_00119.png,,120,2.001129
ex_R_8,lockin,0,0,QR未検出,,lockin,binary,,,7.483080,8,8,1,0.619364,,0.619364,frame_00000.png,frame_00119.png,r90_e60_f0.mp4,90 Hz,1/60,蛍光灯なし,59.966 fps,90,60,0,10,ex,R,R,8,,,frame_00000.png,frame_00119.png,,120,2.001129
ex_R_8,lockin,0,0,QR未検出,,lockin,binary,,,9.966161,4,8,1,0.598557,,0.598557,frame_00000.png,frame_00119.png,r90_e60_f0.mp4,90 Hz,1/60,蛍光灯なし,59.966 fps,90,60,0,10,ex,R,R,8,,,frame_00000.png,frame_00119.png,,120,2.001129
ex_R_8,lockin,0,0,QR未検出,,lockin,binary,,,7.483080,4,8,1,0.589592,,0.589592,frame_00000.png,frame_00119.png,r90_e60_f0.mp4,90 Hz,1/60,蛍光灯なし,59.966 fps,90,60,0,10,ex,R,R,8,,,frame_00000.png,frame_00119.png,,120,2.001129
ex_R_8,lockin,0,0,QR未検出,,lockin,binary,,,9.966161,8,8,1,0.584402,,0.584402,frame_00000.png,frame_00119.png,r90_e60_f0.mp4,90 Hz,1/60,蛍光灯なし,59.966 fps,90,60,0,10,ex,R,R,8,,,frame_00000.png,frame_00119.png,,120,2.001129
ex_R_8,lockin,0,0,QR未検出,,lockin,binary,,,22.500000,4,8,1,0.502065,,0.502065,frame_00000.png,frame_00119.png,r90_e60_f0.mp4,90 Hz,1/60,蛍光灯なし,59.966 fps,90,60,0,10,ex,R,R,8,,,frame_00000.png,frame_00119.png,,120,2.001129
ex_R_12,lockin,1,0,QR未検出,,lockin,binary,,,14.966161,12,8,1,0.869121,,0.869121,frame_00000.png,frame_00119.png,r90_e60_f0.mp4,90 Hz,1/60,蛍光灯なし,59.966 fps,90,60,0,11,ex,R,R,12,,,frame_00000.png,frame_00119.png,,120,2.001129
ex_R_12,lockin,0,0,QR未検出,,lockin,binary,,,14.966161,8,8,1,0.842895,,0.842895,frame_00000.png,frame_00119.png,r90_e60_f0.mp4,90 Hz,1/60,蛍光灯なし,59.966 fps,90,60,0,11,ex,R,R,12,,,frame_00000.png,frame_00119.png,,120,2.001129
ex_R_12,lockin,0,0,QR未検出,,lockin,binary,,,14.966161,4,8,1,0.769589,,0.769589,frame_00000.png,frame_00119.png,r90_e60_f0.mp4,90 Hz,1/60,蛍光灯なし,59.966 fps,90,60,0,11,ex,R,R,12,,,frame_00000.png,frame_00119.png,,120,2.001129
ex_R_12,lockin,0,0,QR未検出,,lockin,binary,,,22.500000,8,8,1,0.686860,,0.686860,frame_00000.png,frame_00119.png,r90_e60_f0.mp4,90 Hz,1/60,蛍光灯なし,59.966 fps,90,60,0,11,ex,R,R,12,,,frame_00000.png,frame_00119.png,,120,2.001129
ex_R_12,lockin,0,0,QR未検出,,lockin,binary,,,9.966161,12,8,1,0.676799,,0.676799,frame_00000.png,frame_00119.png,r90_e60_f0.mp4,90 Hz,1/60,蛍光灯なし,59.966 fps,90,60,0,11,ex,R,R,12,,,frame_00000.png,frame_00119.png,,120,2.001129
ex_R_12,lockin,0,0,QR未検出,,lockin,binary,,,22.500000,12,8,1,0.675618,,0.675618,frame_00000.png,frame_00119.png,r90_e60_f0.mp4,90 Hz,1/60,蛍光灯なし,59.966 fps,90,60,0,11,ex,R,R,12,,,frame_00000.png,frame_00119.png,,120,2.001129
ex_R_12,lockin,0,0,QR未検出,,lockin,binary,,,7.483080,12,8,1,0.646983,,0.646983,frame_00000.png,frame_00119.png,r90_e60_f0.mp4,90 Hz,1/60,蛍光灯なし,59.966 fps,90,60,0,11,ex,R,R,12,,,frame_00000.png,frame_00119.png,,120,2.001129
ex_R_12,lockin,0,0,QR未検出,,lockin,binary,,,7.483080,4,8,1,0.624666,,0.624666,frame_00000.png,frame_00119.png,r90_e60_f0.mp4,90 Hz,1/60,蛍光灯なし,59.966 fps,90,60,0,11,ex,R,R,12,,,frame_00000.png,frame_00119.png,,120,2.001129
ex_R_12,lockin,0,0,QR未検出,,lockin,binary,,,9.966161,4,8,1,0.599016,,0.599016,frame_00000.png,frame_00119.png,r90_e60_f0.mp4,90 Hz,1/60,蛍光灯なし,59.966 fps,90,60,0,11,ex,R,R,12,,,frame_00000.png,frame_00119.png,,120,2.001129
ex_R_12,lockin,0,0,QR未検出,,lockin,binary,,,9.966161,8,8,1,0.598099,,0.598099,frame_00000.png,frame_00119.png,r90_e60_f0.mp4,90 Hz,1/60,蛍光灯なし,59.966 fps,90,60,0,11,ex,R,R,12,,,frame_00000.png,frame_00119.png,,120,2.001129
ex_R_12,lockin,0,0,QR未検出,,lockin,binary,,,7.483080,8,8,1,0.520905,,0.520905,frame_00000.png,frame_00119.png,r90_e60_f0.mp4,90 Hz,1/60,蛍光灯なし,59.966 fps,90,60,0,11,ex,R,R,12,,,frame_00000.png,frame_00119.png,,120,2.001129
ex_R_12,lockin,0,0,QR未検出,,lockin,binary,,,22.500000,4,8,1,0.500810,,0.500810,frame_00000.png,frame_00119.png,r90_e60_f0.mp4,90 Hz,1/60,蛍光灯なし,59.966 fps,90,60,0,11,ex,R,R,12,,,frame_00000.png,frame_00119.png,,120,2.001129
rice_G_4,lockin,1,0,QR未検出,,lockin,binary,,,14.966161,8,8,1,0.698180,,0.698180,frame_00000.png,frame_00119.png,r90_e60_f0.mp4,90 Hz,1/60,蛍光灯なし,59.966 fps,90,60,0,12,rice,G,G,4,,,frame_00000.png,frame_00119.png,,120,2.001129
rice_G_4,lockin,0,0,QR未検出,,lockin,binary,,,14.966161,12,8,1,0.667947,,0.667947,frame_00000.png,frame_00119.png,r90_e60_f0.mp4,90 Hz,1/60,蛍光灯なし,59.966 fps,90,60,0,12,rice,G,G,4,,,frame_00000.png,frame_00119.png,,120,2.001129
rice_G_4,lockin,0,0,QR未検出,,lockin,binary,,,7.483080,4,8,1,0.639921,,0.639921,frame_00000.png,frame_00119.png,r90_e60_f0.mp4,90 Hz,1/60,蛍光灯なし,59.966 fps,90,60,0,12,rice,G,G,4,,,frame_00000.png,frame_00119.png,,120,2.001129
rice_G_4,lockin,0,0,QR未検出,,lockin,binary,,,22.500000,4,8,1,0.620372,,0.620372,frame_00000.png,frame_00119.png,r90_e60_f0.mp4,90 Hz,1/60,蛍光灯なし,59.966 fps,90,60,0,12,rice,G,G,4,,,frame_00000.png,frame_00119.png,,120,2.001129
rice_G_4,lockin,0,0,QR未検出,,lockin,binary,,,9.966161,12,8,1,0.620332,,0.620332,frame_00000.png,frame_00119.png,r90_e60_f0.mp4,90 Hz,1/60,蛍光灯なし,59.966 fps,90,60,0,12,rice,G,G,4,,,frame_00000.png,frame_00119.png,,120,2.001129
rice_G_4,lockin,0,0,QR未検出,,lockin,binary,,,14.966161,4,8,1,0.613004,,0.613004,frame_00000.png,frame_00119.png,r90_e60_f0.mp4,90 Hz,1/60,蛍光灯なし,59.966 fps,90,60,0,12,rice,G,G,4,,,frame_00000.png,frame_00119.png,,120,2.001129
rice_G_4,lockin,0,0,QR未検出,,lockin,binary,,,9.966161,4,8,1,0.605376,,0.605376,frame_00000.png,frame_00119.png,r90_e60_f0.mp4,90 Hz,1/60,蛍光灯なし,59.966 fps,90,60,0,12,rice,G,G,4,,,frame_00000.png,frame_00119.png,,120,2.001129
rice_G_4,lockin,0,0,QR未検出,,lockin,binary,,,22.500000,12,8,1,0.601533,,0.601533,frame_00000.png,frame_00119.png,r90_e60_f0.mp4,90 Hz,1/60,蛍光灯なし,59.966 fps,90,60,0,12,rice,G,G,4,,,frame_00000.png,frame_00119.png,,120,2.001129
rice_G_4,lockin,0,0,QR未検出,,lockin,binary,,,7.483080,12,8,1,0.588614,,0.588614,frame_00000.png,frame_00119.png,r90_e60_f0.mp4,90 Hz,1/60,蛍光灯なし,59.966 fps,90,60,0,12,rice,G,G,4,,,frame_00000.png,frame_00119.png,,120,2.001129
rice_G_4,lockin,0,0,QR未検出,,lockin,binary,,,9.966161,8,8,1,0.562615,,0.562615,frame_00000.png,frame_00119.png,r90_e60_f0.mp4,90 Hz,1/60,蛍光灯なし,59.966 fps,90,60,0,12,rice,G,G,4,,,frame_00000.png,frame_00119.png,,120,2.001129
rice_G_4,lockin,0,0,QR未検出,,lockin,binary,,,22.500000,8,8,1,0.528826,,0.528826,frame_00000.png,frame_00119.png,r90_e60_f0.mp4,90 Hz,1/60,蛍光灯なし,59.966 fps,90,60,0,12,rice,G,G,4,,,frame_00000.png,frame_00119.png,,120,2.001129
rice_G_4,lockin,0,0,QR未検出,,lockin,binary,,,7.483080,8,8,1,0.520690,,0.520690,frame_00000.png,frame_00119.png,r90_e60_f0.mp4,90 Hz,1/60,蛍光灯なし,59.966 fps,90,60,0,12,rice,G,G,4,,,frame_00000.png,frame_00119.png,,120,2.001129
rice_G_8,lockin,1,0,QR未検出,,lockin,binary,,,14.966161,12,8,1,0.804315,,0.804315,frame_00000.png,frame_00119.png,r90_e60_f0.mp4,90 Hz,1/60,蛍光灯なし,59.966 fps,90,60,0,13,rice,G,G,8,,,frame_00000.png,frame_00119.png,,120,2.001129
rice_G_8,lockin,0,0,QR未検出,,lockin,binary,,,14.966161,8,8,1,0.762837,,0.762837,frame_00000.png,frame_00119.png,r90_e60_f0.mp4,90 Hz,1/60,蛍光灯なし,59.966 fps,90,60,0,13,rice,G,G,8,,,frame_00000.png,frame_00119.png,,120,2.001129
rice_G_8,lockin,0,0,QR未検出,,lockin,binary,,,22.500000,12,8,1,0.699064,,0.699064,frame_00000.png,frame_00119.png,r90_e60_f0.mp4,90 Hz,1/60,蛍光灯なし,59.966 fps,90,60,0,13,rice,G,G,8,,,frame_00000.png,frame_00119.png,,120,2.001129
rice_G_8,lockin,0,0,QR未検出,,lockin,binary,,,7.483080,12,8,1,0.687371,,0.687371,frame_00000.png,frame_00119.png,r90_e60_f0.mp4,90 Hz,1/60,蛍光灯なし,59.966 fps,90,60,0,13,rice,G,G,8,,,frame_00000.png,frame_00119.png,,120,2.001129
rice_G_8,lockin,0,0,QR未検出,,lockin,binary,,,22.500000,8,8,1,0.663710,,0.663710,frame_00000.png,frame_00119.png,r90_e60_f0.mp4,90 Hz,1/60,蛍光灯なし,59.966 fps,90,60,0,13,rice,G,G,8,,,frame_00000.png,frame_00119.png,,120,2.001129
rice_G_8,lockin,0,0,QR未検出,,lockin,binary,,,9.966161,12,8,1,0.654771,,0.654771,frame_00000.png,frame_00119.png,r90_e60_f0.mp4,90 Hz,1/60,蛍光灯なし,59.966 fps,90,60,0,13,rice,G,G,8,,,frame_00000.png,frame_00119.png,,120,2.001129
rice_G_8,lockin,0,0,QR未検出,,lockin,binary,,,9.966161,4,8,1,0.640500,,0.640500,frame_00000.png,frame_00119.png,r90_e60_f0.mp4,90 Hz,1/60,蛍光灯なし,59.966 fps,90,60,0,13,rice,G,G,8,,,frame_00000.png,frame_00119.png,,120,2.001129
rice_G_8,lockin,0,0,QR未検出,,lockin,binary,,,7.483080,4,8,1,0.639793,,0.639793,frame_00000.png,frame_00119.png,r90_e60_f0.mp4,90 Hz,1/60,蛍光灯なし,59.966 fps,90,60,0,13,rice,G,G,8,,,frame_00000.png,frame_00119.png,,120,2.001129
rice_G_8,lockin,0,0,QR未検出,,lockin,binary,,,22.500000,4,8,1,0.578300,,0.578300,frame_00000.png,frame_00119.png,r90_e60_f0.mp4,90 Hz,1/60,蛍光灯なし,59.966 fps,90,60,0,13,rice,G,G,8,,,frame_00000.png,frame_00119.png,,120,2.001129
rice_G_8,lockin,0,0,QR未検出,,lockin,binary,,,14.966161,4,8,1,0.538516,,0.538516,frame_00000.png,frame_00119.png,r90_e60_f0.mp4,90 Hz,1/60,蛍光灯なし,59.966 fps,90,60,0,13,rice,G,G,8,,,frame_00000.png,frame_00119.png,,120,2.001129
rice_G_8,lockin,0,0,QR未検出,,lockin,binary,,,9.966161,8,8,1,0.520305,,0.520305,frame_00000.png,frame_00119.png,r90_e60_f0.mp4,90 Hz,1/60,蛍光灯なし,59.966 fps,90,60,0,13,rice,G,G,8,,,frame_00000.png,frame_00119.png,,120,2.001129
rice_G_8,lockin,0,0,QR未検出,,lockin,binary,,,7.483080,8,8,1,0.504743,,0.504743,frame_00000.png,frame_00119.png,r90_e60_f0.mp4,90 Hz,1/60,蛍光灯なし,59.966 fps,90,60,0,13,rice,G,G,8,,,frame_00000.png,frame_00119.png,,120,2.001129
rice_G_12,lockin,1,0,QR未検出,,lockin,binary,,,14.966161,12,8,1,0.867846,,0.867846,frame_00000.png,frame_00119.png,r90_e60_f0.mp4,90 Hz,1/60,蛍光灯なし,59.966 fps,90,60,0,14,rice,G,G,12,,,frame_00000.png,frame_00119.png,,120,2.001129
rice_G_12,lockin,0,0,QR未検出,,lockin,binary,,,14.966161,8,8,1,0.799538,,0.799538,frame_00000.png,frame_00119.png,r90_e60_f0.mp4,90 Hz,1/60,蛍光灯なし,59.966 fps,90,60,0,14,rice,G,G,12,,,frame_00000.png,frame_00119.png,,120,2.001129
rice_G_12,lockin,0,0,QR未検出,,lockin,binary,,,9.966161,12,8,1,0.746802,,0.746802,frame_00000.png,frame_00119.png,r90_e60_f0.mp4,90 Hz,1/60,蛍光灯なし,59.966 fps,90,60,0,14,rice,G,G,12,,,frame_00000.png,frame_00119.png,,120,2.001129
rice_G_12,lockin,0,0,QR未検出,,lockin,binary,,,22.500000,12,8,1,0.711030,,0.711030,frame_00000.png,frame_00119.png,r90_e60_f0.mp4,90 Hz,1/60,蛍光灯なし,59.966 fps,90,60,0,14,rice,G,G,12,,,frame_00000.png,frame_00119.png,,120,2.001129
rice_G_12,lockin,0,0,QR未検出,,lockin,binary,,,14.966161,4,8,1,0.663886,,0.663886,frame_00000.png,frame_00119.png,r90_e60_f0.mp4,90 Hz,1/60,蛍光灯なし,59.966 fps,90,60,0,14,rice,G,G,12,,,frame_00000.png,frame_00119.png,,120,2.001129
rice_G_12,lockin,0,0,QR未検出,,lockin,binary,,,7.483080,4,8,1,0.642098,,0.642098,frame_00000.png,frame_00119.png,r90_e60_f0.mp4,90 Hz,1/60,蛍光灯なし,59.966 fps,90,60,0,14,rice,G,G,12,,,frame_00000.png,frame_00119.png,,120,2.001129
rice_G_12,lockin,0,0,QR未検出,,lockin,binary,,,7.483080,12,8,1,0.629089,,0.629089,frame_00000.png,frame_00119.png,r90_e60_f0.mp4,90 Hz,1/60,蛍光灯なし,59.966 fps,90,60,0,14,rice,G,G,12,,,frame_00000.png,frame_00119.png,,120,2.001129
rice_G_12,lockin,0,0,QR未検出,,lockin,binary,,,22.500000,4,8,1,0.616994,,0.616994,frame_00000.png,frame_00119.png,r90_e60_f0.mp4,90 Hz,1/60,蛍光灯なし,59.966 fps,90,60,0,14,rice,G,G,12,,,frame_00000.png,frame_00119.png,,120,2.001129
rice_G_12,lockin,0,0,QR未検出,,lockin,binary,,,9.966161,4,8,1,0.612546,,0.612546,frame_00000.png,frame_00119.png,r90_e60_f0.mp4,90 Hz,1/60,蛍光灯なし,59.966 fps,90,60,0,14,rice,G,G,12,,,frame_00000.png,frame_00119.png,,120,2.001129
rice_G_12,lockin,0,0,QR未検出,,lockin,binary,,,9.966161,8,8,1,0.596080,,0.596080,frame_00000.png,frame_00119.png,r90_e60_f0.mp4,90 Hz,1/60,蛍光灯なし,59.966 fps,90,60,0,14,rice,G,G,12,,,frame_00000.png,frame_00119.png,,120,2.001129
rice_G_12,lockin,0,0,QR未検出,,lockin,binary,,,22.500000,8,8,1,0.568207,,0.568207,frame_00000.png,frame_00119.png,r90_e60_f0.mp4,90 Hz,1/60,蛍光灯なし,59.966 fps,90,60,0,14,rice,G,G,12,,,frame_00000.png,frame_00119.png,,120,2.001129
rice_G_12,lockin,0,0,QR未検出,,lockin,binary,,,7.483080,8,8,1,0.534871,,0.534871,frame_00000.png,frame_00119.png,r90_e60_f0.mp4,90 Hz,1/60,蛍光灯なし,59.966 fps,90,60,0,14,rice,G,G,12,,,frame_00000.png,frame_00119.png,,120,2.001129
nagaoka_fireworks_G_4,lockin,1,0,QR未検出,,lockin,binary,,,14.966161,12,8,1,0.689811,,0.689811,frame_00000.png,frame_00119.png,r90_e60_f0.mp4,90 Hz,1/60,蛍光灯なし,59.966 fps,90,60,0,15,nagaoka_fireworks,G,G,4,,,frame_00000.png,frame_00119.png,,120,2.001129
nagaoka_fireworks_G_4,lockin,0,0,QR未検出,,lockin,binary,,,14.966161,8,8,1,0.630406,,0.630406,frame_00000.png,frame_00119.png,r90_e60_f0.mp4,90 Hz,1/60,蛍光灯なし,59.966 fps,90,60,0,15,nagaoka_fireworks,G,G,4,,,frame_00000.png,frame_00119.png,,120,2.001129
nagaoka_fireworks_G_4,lockin,0,0,QR未検出,,lockin,binary,,,22.500000,12,8,1,0.602083,,0.602083,frame_00000.png,frame_00119.png,r90_e60_f0.mp4,90 Hz,1/60,蛍光灯なし,59.966 fps,90,60,0,15,nagaoka_fireworks,G,G,4,,,frame_00000.png,frame_00119.png,,120,2.001129
nagaoka_fireworks_G_4,lockin,0,0,QR未検出,,lockin,binary,,,9.966161,12,8,1,0.590489,,0.590489,frame_00000.png,frame_00119.png,r90_e60_f0.mp4,90 Hz,1/60,蛍光灯なし,59.966 fps,90,60,0,15,nagaoka_fireworks,G,G,4,,,frame_00000.png,frame_00119.png,,120,2.001129
nagaoka_fireworks_G_4,lockin,0,0,QR未検出,,lockin,binary,,,7.483080,4,8,1,0.562999,,0.562999,frame_00000.png,frame_00119.png,r90_e60_f0.mp4,90 Hz,1/60,蛍光灯なし,59.966 fps,90,60,0,15,nagaoka_fireworks,G,G,4,,,frame_00000.png,frame_00119.png,,120,2.001129
nagaoka_fireworks_G_4,lockin,0,0,QR未検出,,lockin,binary,,,7.483080,12,8,1,0.557989,,0.557989,frame_00000.png,frame_00119.png,r90_e60_f0.mp4,90 Hz,1/60,蛍光灯なし,59.966 fps,90,60,0,15,nagaoka_fireworks,G,G,4,,,frame_00000.png,frame_00119.png,,120,2.001129
nagaoka_fireworks_G_4,lockin,0,0,QR未検出,,lockin,binary,,,22.500000,8,8,1,0.556294,,0.556294,frame_00000.png,frame_00119.png,r90_e60_f0.mp4,90 Hz,1/60,蛍光灯なし,59.966 fps,90,60,0,15,nagaoka_fireworks,G,G,4,,,frame_00000.png,frame_00119.png,,120,2.001129
nagaoka_fireworks_G_4,lockin,0,0,QR未検出,,lockin,binary,,,9.966161,4,8,1,0.545617,,0.545617,frame_00000.png,frame_00119.png,r90_e60_f0.mp4,90 Hz,1/60,蛍光灯なし,59.966 fps,90,60,0,15,nagaoka_fireworks,G,G,4,,,frame_00000.png,frame_00119.png,,120,2.001129
nagaoka_fireworks_G_4,lockin,0,0,QR未検出,,lockin,binary,,,22.500000,4,8,1,0.533329,,0.533329,frame_00000.png,frame_00119.png,r90_e60_f0.mp4,90 Hz,1/60,蛍光灯なし,59.966 fps,90,60,0,15,nagaoka_fireworks,G,G,4,,,frame_00000.png,frame_00119.png,,120,2.001129
nagaoka_fireworks_G_4,lockin,0,0,QR未検出,,lockin,binary,,,9.966161,8,8,1,0.531688,,0.531688,frame_00000.png,frame_00119.png,r90_e60_f0.mp4,90 Hz,1/60,蛍光灯なし,59.966 fps,90,60,0,15,nagaoka_fireworks,G,G,4,,,frame_00000.png,frame_00119.png,,120,2.001129
nagaoka_fireworks_G_4,lockin,0,0,QR未検出,,lockin,binary,,,14.966161,4,8,1,0.510150,,0.510150,frame_00000.png,frame_00119.png,r90_e60_f0.mp4,90 Hz,1/60,蛍光灯なし,59.966 fps,90,60,0,15,nagaoka_fireworks,G,G,4,,,frame_00000.png,frame_00119.png,,120,2.001129
nagaoka_fireworks_G_4,lockin,0,0,QR未検出,,lockin,binary,,,7.483080,8,8,1,0.503646,,0.503646,frame_00000.png,frame_00119.png,r90_e60_f0.mp4,90 Hz,1/60,蛍光灯なし,59.966 fps,90,60,0,15,nagaoka_fireworks,G,G,4,,,frame_00000.png,frame_00119.png,,120,2.001129
nagaoka_fireworks_G_8,lockin,1,0,QR未検出,,lockin,binary,,,14.966161,12,8,1,0.733368,,0.733368,frame_00000.png,frame_00119.png,r90_e60_f0.mp4,90 Hz,1/60,蛍光灯なし,59.966 fps,90,60,0,16,nagaoka_fireworks,G,G,8,,,frame_00000.png,frame_00119.png,,120,2.001129
nagaoka_fireworks_G_8,lockin,0,0,QR未検出,,lockin,binary,,,14.966161,8,8,1,0.730215,,0.730215,frame_00000.png,frame_00119.png,r90_e60_f0.mp4,90 Hz,1/60,蛍光灯なし,59.966 fps,90,60,0,16,nagaoka_fireworks,G,G,8,,,frame_00000.png,frame_00119.png,,120,2.001129
nagaoka_fireworks_G_8,lockin,0,0,QR未検出,,lockin,binary,,,22.500000,12,8,1,0.661586,,0.661586,frame_00000.png,frame_00119.png,r90_e60_f0.mp4,90 Hz,1/60,蛍光灯なし,59.966 fps,90,60,0,16,nagaoka_fireworks,G,G,8,,,frame_00000.png,frame_00119.png,,120,2.001129
nagaoka_fireworks_G_8,lockin,0,0,QR未検出,,lockin,binary,,,7.483080,12,8,1,0.641970,,0.641970,frame_00000.png,frame_00119.png,r90_e60_f0.mp4,90 Hz,1/60,蛍光灯なし,59.966 fps,90,60,0,16,nagaoka_fireworks,G,G,8,,,frame_00000.png,frame_00119.png,,120,2.001129
nagaoka_fireworks_G_8,lockin,0,0,QR未検出,,lockin,binary,,,9.966161,12,8,1,0.632898,,0.632898,frame_00000.png,frame_00119.png,r90_e60_f0.mp4,90 Hz,1/60,蛍光灯なし,59.966 fps,90,60,0,16,nagaoka_fireworks,G,G,8,,,frame_00000.png,frame_00119.png,,120,2.001129
nagaoka_fireworks_G_8,lockin,0,0,QR未検出,,lockin,binary,,,14.966161,4,8,1,0.627857,,0.627857,frame_00000.png,frame_00119.png,r90_e60_f0.mp4,90 Hz,1/60,蛍光灯なし,59.966 fps,90,60,0,16,nagaoka_fireworks,G,G,8,,,frame_00000.png,frame_00119.png,,120,2.001129
nagaoka_fireworks_G_8,lockin,0,0,QR未検出,,lockin,binary,,,22.500000,8,8,1,0.610186,,0.610186,frame_00000.png,frame_00119.png,r90_e60_f0.mp4,90 Hz,1/60,蛍光灯なし,59.966 fps,90,60,0,16,nagaoka_fireworks,G,G,8,,,frame_00000.png,frame_00119.png,,120,2.001129
nagaoka_fireworks_G_8,lockin,0,0,QR未検出,,lockin,binary,,,7.483080,8,8,1,0.562540,,0.562540,frame_00000.png,frame_00119.png,r90_e60_f0.mp4,90 Hz,1/60,蛍光灯なし,59.966 fps,90,60,0,16,nagaoka_fireworks,G,G,8,,,frame_00000.png,frame_00119.png,,120,2.001129
nagaoka_fireworks_G_8,lockin,0,0,QR未検出,,lockin,binary,,,9.966161,8,8,1,0.552249,,0.552249,frame_00000.png,frame_00119.png,r90_e60_f0.mp4,90 Hz,1/60,蛍光灯なし,59.966 fps,90,60,0,16,nagaoka_fireworks,G,G,8,,,frame_00000.png,frame_00119.png,,120,2.001129
nagaoka_fireworks_G_8,lockin,0,0,QR未検出,,lockin,binary,,,9.966161,4,8,1,0.536045,,0.536045,frame_00000.png,frame_00119.png,r90_e60_f0.mp4,90 Hz,1/60,蛍光灯なし,59.966 fps,90,60,0,16,nagaoka_fireworks,G,G,8,,,frame_00000.png,frame_00119.png,,120,2.001129
nagaoka_fireworks_G_8,lockin,0,0,QR未検出,,lockin,binary,,,7.483080,4,8,1,0.529736,,0.529736,frame_00000.png,frame_00119.png,r90_e60_f0.mp4,90 Hz,1/60,蛍光灯なし,59.966 fps,90,60,0,16,nagaoka_fireworks,G,G,8,,,frame_00000.png,frame_00119.png,,120,2.001129
nagaoka_fireworks_G_8,lockin,0,0,QR未検出,,lockin,binary,,,22.500000,4,8,1,0.503643,,0.503643,frame_00000.png,frame_00119.png,r90_e60_f0.mp4,90 Hz,1/60,蛍光灯なし,59.966 fps,90,60,0,16,nagaoka_fireworks,G,G,8,,,frame_00000.png,frame_00119.png,,120,2.001129
nagaoka_fireworks_G_12,lockin,1,0,QR未検出,,lockin,binary,,,14.966161,12,8,1,0.852181,,0.852181,frame_00000.png,frame_00119.png,r90_e60_f0.mp4,90 Hz,1/60,蛍光灯なし,59.966 fps,90,60,0,17,nagaoka_fireworks,G,G,12,,,frame_00000.png,frame_00119.png,,120,2.001129
nagaoka_fireworks_G_12,lockin,0,0,QR未検出,,lockin,binary,,,14.966161,8,8,1,0.815053,,0.815053,frame_00000.png,frame_00119.png,r90_e60_f0.mp4,90 Hz,1/60,蛍光灯なし,59.966 fps,90,60,0,17,nagaoka_fireworks,G,G,12,,,frame_00000.png,frame_00119.png,,120,2.001129
nagaoka_fireworks_G_12,lockin,0,0,QR未検出,,lockin,binary,,,9.966161,12,8,1,0.721043,,0.721043,frame_00000.png,frame_00119.png,r90_e60_f0.mp4,90 Hz,1/60,蛍光灯なし,59.966 fps,90,60,0,17,nagaoka_fireworks,G,G,12,,,frame_00000.png,frame_00119.png,,120,2.001129
nagaoka_fireworks_G_12,lockin,0,0,QR未検出,,lockin,binary,,,14.966161,4,8,1,0.719438,,0.719438,frame_00000.png,frame_00119.png,r90_e60_f0.mp4,90 Hz,1/60,蛍光灯なし,59.966 fps,90,60,0,17,nagaoka_fireworks,G,G,12,,,frame_00000.png,frame_00119.png,,120,2.001129
nagaoka_fireworks_G_12,lockin,0,0,QR未検出,,lockin,binary,,,7.483080,12,8,1,0.714485,,0.714485,frame_00000.png,frame_00119.png,r90_e60_f0.mp4,90 Hz,1/60,蛍光灯なし,59.966 fps,90,60,0,17,nagaoka_fireworks,G,G,12,,,frame_00000.png,frame_00119.png,,120,2.001129
nagaoka_fireworks_G_12,lockin,0,0,QR未検出,,lockin,binary,,,22.500000,12,8,1,0.699874,,0.699874,frame_00000.png,frame_00119.png,r90_e60_f0.mp4,90 Hz,1/60,蛍光灯なし,59.966 fps,90,60,0,17,nagaoka_fireworks,G,G,12,,,frame_00000.png,frame_00119.png,,120,2.001129
nagaoka_fireworks_G_12,lockin,0,0,QR未検出,,lockin,binary,,,9.966161,8,8,1,0.631867,,0.631867,frame_00000.png,frame_00119.png,r90_e60_f0.mp4,90 Hz,1/60,蛍光灯なし,59.966 fps,90,60,0,17,nagaoka_fireworks,G,G,12,,,frame_00000.png,frame_00119.png,,120,2.001129
nagaoka_fireworks_G_12,lockin,0,0,QR未検出,,lockin,binary,,,7.483080,8,8,1,0.620005,,0.620005,frame_00000.png,frame_00119.png,r90_e60_f0.mp4,90 Hz,1/60,蛍光灯なし,59.966 fps,90,60,0,17,nagaoka_fireworks,G,G,12,,,frame_00000.png,frame_00119.png,,120,2.001129
nagaoka_fireworks_G_12,lockin,0,0,QR未検出,,lockin,binary,,,22.500000,8,8,1,0.619172,,0.619172,frame_00000.png,frame_00119.png,r90_e60_f0.mp4,90 Hz,1/60,蛍光灯なし,59.966 fps,90,60,0,17,nagaoka_fireworks,G,G,12,,,frame_00000.png,frame_00119.png,,120,2.001129
nagaoka_fireworks_G_12,lockin,0,0,QR未検出,,lockin,binary,,,7.483080,4,8,1,0.515453,,0.515453,frame_00000.png,frame_00119.png,r90_e60_f0.mp4,90 Hz,1/60,蛍光灯なし,59.966 fps,90,60,0,17,nagaoka_fireworks,G,G,12,,,frame_00000.png,frame_00119.png,,120,2.001129
nagaoka_fireworks_G_12,lockin,0,0,QR未検出,,lockin,binary,,,22.500000,4,8,1,0.506638,,0.506638,frame_00000.png,frame_00119.png,r90_e60_f0.mp4,90 Hz,1/60,蛍光灯なし,59.966 fps,90,60,0,17,nagaoka_fireworks,G,G,12,,,frame_00000.png,frame_00119.png,,120,2.001129
nagaoka_fireworks_G_12,lockin,0,0,QR未検出,,lockin,binary,,,9.966161,4,8,1,0.506185,,0.506185,frame_00000.png,frame_00119.png,r90_e60_f0.mp4,90 Hz,1/60,蛍光灯なし,59.966 fps,90,60,0,17,nagaoka_fireworks,G,G,12,,,frame_00000.png,frame_00119.png,,120,2.001129
hocho_G_4,lockin,1,0,QR未検出,,lockin,binary,,,7.483080,4,8,1,0.641867,,0.641867,frame_00000.png,frame_00119.png,r90_e60_f0.mp4,90 Hz,1/60,蛍光灯なし,59.966 fps,90,60,0,18,hocho,G,G,4,,,frame_00000.png,frame_00119.png,,120,2.001129
hocho_G_4,lockin,0,0,QR未検出,,lockin,binary,,,9.966161,4,8,1,0.634371,,0.634371,frame_00000.png,frame_00119.png,r90_e60_f0.mp4,90 Hz,1/60,蛍光灯なし,59.966 fps,90,60,0,18,hocho,G,G,4,,,frame_00000.png,frame_00119.png,,120,2.001129
hocho_G_4,lockin,0,0,QR未検出,,lockin,binary,,,14.966161,4,8,1,0.628541,,0.628541,frame_00000.png,frame_00119.png,r90_e60_f0.mp4,90 Hz,1/60,蛍光灯なし,59.966 fps,90,60,0,18,hocho,G,G,4,,,frame_00000.png,frame_00119.png,,120,2.001129
hocho_G_4,lockin,0,0,QR未検出,,lockin,binary,,,22.500000,4,8,1,0.609699,,0.609699,frame_00000.png,frame_00119.png,r90_e60_f0.mp4,90 Hz,1/60,蛍光灯なし,59.966 fps,90,60,0,18,hocho,G,G,4,,,frame_00000.png,frame_00119.png,,120,2.001129
hocho_G_4,lockin,0,0,QR未検出,,lockin,binary,,,14.966161,12,8,1,0.599486,,0.599486,frame_00000.png,frame_00119.png,r90_e60_f0.mp4,90 Hz,1/60,蛍光灯なし,59.966 fps,90,60,0,18,hocho,G,G,4,,,frame_00000.png,frame_00119.png,,120,2.001129
hocho_G_4,lockin,0,0,QR未検出,,lockin,binary,,,22.500000,12,8,1,0.591693,,0.591693,frame_00000.png,frame_00119.png,r90_e60_f0.mp4,90 Hz,1/60,蛍光灯なし,59.966 fps,90,60,0,18,hocho,G,G,4,,,frame_00000.png,frame_00119.png,,120,2.001129
hocho_G_4,lockin,0,0,QR未検出,,lockin,binary,,,9.966161,12,8,1,0.570596,,0.570596,frame_00000.png,frame_00119.png,r90_e60_f0.mp4,90 Hz,1/60,蛍光灯なし,59.966 fps,90,60,0,18,hocho,G,G,4,,,frame_00000.png,frame_00119.png,,120,2.001129
hocho_G_4,lockin,0,0,QR未検出,,lockin,binary,,,7.483080,8,8,1,0.562731,,0.562731,frame_00000.png,frame_00119.png,r90_e60_f0.mp4,90 Hz,1/60,蛍光灯なし,59.966 fps,90,60,0,18,hocho,G,G,4,,,frame_00000.png,frame_00119.png,,120,2.001129
hocho_G_4,lockin,0,0,QR未検出,,lockin,binary,,,7.483080,12,8,1,0.529531,,0.529531,frame_00000.png,frame_00119.png,r90_e60_f0.mp4,90 Hz,1/60,蛍光灯なし,59.966 fps,90,60,0,18,hocho,G,G,4,,,frame_00000.png,frame_00119.png,,120,2.001129
hocho_G_4,lockin,0,0,QR未検出,,lockin,binary,,,22.500000,8,8,1,0.526042,,0.526042,frame_00000.png,frame_00119.png,r90_e60_f0.mp4,90 Hz,1/60,蛍光灯なし,59.966 fps,90,60,0,18,hocho,G,G,4,,,frame_00000.png,frame_00119.png,,120,2.001129
hocho_G_4,lockin,0,0,QR未検出,,lockin,binary,,,9.966161,8,8,1,0.519864,,0.519864,frame_00000.png,frame_00119.png,r90_e60_f0.mp4,90 Hz,1/60,蛍光灯なし,59.966 fps,90,60,0,18,hocho,G,G,4,,,frame_00000.png,frame_00119.png,,120,2.001129
hocho_G_4,lockin,0,0,QR未検出,,lockin,binary,,,14.966161,8,8,1,0.506567,,0.506567,frame_00000.png,frame_00119.png,r90_e60_f0.mp4,90 Hz,1/60,蛍光灯なし,59.966 fps,90,60,0,18,hocho,G,G,4,,,frame_00000.png,frame_00119.png,,120,2.001129
hocho_G_8,lockin,1,0,QR未検出,,lockin,binary,,,14.966161,12,8,1,0.713127,,0.713127,frame_00000.png,frame_00119.png,r90_e60_f0.mp4,90 Hz,1/60,蛍光灯なし,59.966 fps,90,60,0,19,hocho,G,G,8,,,frame_00000.png,frame_00119.png,,120,2.001129
hocho_G_8,lockin,0,0,QR未検出,,lockin,binary,,,14.966161,8,8,1,0.675873,,0.675873,frame_00000.png,frame_00119.png,r90_e60_f0.mp4,90 Hz,1/60,蛍光灯なし,59.966 fps,90,60,0,19,hocho,G,G,8,,,frame_00000.png,frame_00119.png,,120,2.001129
hocho_G_8,lockin,0,0,QR未検出,,lockin,binary,,,7.483080,4,8,1,0.633530,,0.633530,frame_00000.png,frame_00119.png,r90_e60_f0.mp4,90 Hz,1/60,蛍光灯なし,59.966 fps,90,60,0,19,hocho,G,G,8,,,frame_00000.png,frame_00119.png,,120,2.001129
hocho_G_8,lockin,0,0,QR未検出,,lockin,binary,,,9.966161,4,8,1,0.631033,,0.631033,frame_00000.png,frame_00119.png,r90_e60_f0.mp4,90 Hz,1/60,蛍光灯なし,59.966 fps,90,60,0,19,hocho,G,G,8,,,frame_00000.png,frame_00119.png,,120,2.001129
hocho_G_8,lockin,0,0,QR未検出,,lockin,binary,,,22.500000,12,8,1,0.626821,,0.626821,frame_00000.png,frame_00119.png,r90_e60_f0.mp4,90 Hz,1/60,蛍光灯なし,59.966 fps,90,60,0,19,hocho,G,G,8,,,frame_00000.png,frame_00119.png,,120,2.001129
hocho_G_8,lockin,0,0,QR未検出,,lockin,binary,,,22.500000,8,8,1,0.604539,,0.604539,frame_00000.png,frame_00119.png,r90_e60_f0.mp4,90 Hz,1/60,蛍光灯なし,59.966 fps,90,60,0,19,hocho,G,G,8,,,frame_00000.png,frame_00119.png,,120,2.001129
hocho_G_8,lockin,0,0,QR未検出,,lockin,binary,,,9.966161,12,8,1,0.591798,,0.591798,frame_00000.png,frame_00119.png,r90_e60_f0.mp4,90 Hz,1/60,蛍光灯なし,59.966 fps,90,60,0,19,hocho,G,G,8,,,frame_00000.png,frame_00119.png,,120,2.001129
hocho_G_8,lockin,0,0,QR未検出,,lockin,binary,,,7.483080,12,8,1,0.588476,,0.588476,frame_00000.png,frame_00119.png,r90_e60_f0.mp4,90 Hz,1/60,蛍光灯なし,59.966 fps,90,60,0,19,hocho,G,G,8,,,frame_00000.png,frame_00119.png,,120,2.001129
hocho_G_8,lockin,0,0,QR未検出,,lockin,binary,,,22.500000,4,8,1,0.536853,,0.536853,frame_00000.png,frame_00119.png,r90_e60_f0.mp4,90 Hz,1/60,蛍光灯なし,59.966 fps,90,60,0,19,hocho,G,G,8,,,frame_00000.png,frame_00119.png,,120,2.001129
hocho_G_8,lockin,0,0,QR未検出,,lockin,binary,,,14.966161,4,8,1,0.502033,,0.502033,frame_00000.png,frame_00119.png,r90_e60_f0.mp4,90 Hz,1/60,蛍光灯なし,59.966 fps,90,60,0,19,hocho,G,G,8,,,frame_00000.png,frame_00119.png,,120,2.001129
hocho_G_8,lockin,0,0,QR未検出,,lockin,binary,,,9.966161,8,8,1,0.501844,,0.501844,frame_00000.png,frame_00119.png,r90_e60_f0.mp4,90 Hz,1/60,蛍光灯なし,59.966 fps,90,60,0,19,hocho,G,G,8,,,frame_00000.png,frame_00119.png,,120,2.001129
hocho_G_8,lockin,0,0,QR未検出,,lockin,binary,,,7.483080,8,8,1,0.501307,,0.501307,frame_00000.png,frame_00119.png,r90_e60_f0.mp4,90 Hz,1/60,蛍光灯なし,59.966 fps,90,60,0,19,hocho,G,G,8,,,frame_00000.png,frame_00119.png,,120,2.001129
hocho_G_12,lockin,1,0,QR未検出,,lockin,binary,,,14.966161,8,8,1,0.896964,,0.896964,frame_00000.png,frame_00119.png,r90_e60_f0.mp4,90 Hz,1/60,蛍光灯なし,59.966 fps,90,60,0,20,hocho,G,G,12,,,frame_00000.png,frame_00119.png,,120,2.001129
hocho_G_12,lockin,0,0,QR未検出,,lockin,binary,,,14.966161,12,8,1,0.883146,,0.883146,frame_00000.png,frame_00119.png,r90_e60_f0.mp4,90 Hz,1/60,蛍光灯なし,59.966 fps,90,60,0,20,hocho,G,G,12,,,frame_00000.png,frame_00119.png,,120,2.001129
hocho_G_12,lockin,0,0,QR未検出,,lockin,binary,,,14.966161,4,8,1,0.840243,,0.840243,frame_00000.png,frame_00119.png,r90_e60_f0.mp4,90 Hz,1/60,蛍光灯なし,59.966 fps,90,60,0,20,hocho,G,G,12,,,frame_00000.png,frame_00119.png,,120,2.001129
hocho_G_12,lockin,0,0,QR未検出,,lockin,binary,,,7.483080,12,8,1,0.700778,,0.700778,frame_00000.png,frame_00119.png,r90_e60_f0.mp4,90 Hz,1/60,蛍光灯なし,59.966 fps,90,60,0,20,hocho,G,G,12,,,frame_00000.png,frame_00119.png,,120,2.001129
hocho_G_12,lockin,0,0,QR未検出,,lockin,binary,,,9.966161,12,8,1,0.700644,,0.700644,frame_00000.png,frame_00119.png,r90_e60_f0.mp4,90 Hz,1/60,蛍光灯なし,59.966 fps,90,60,0,20,hocho,G,G,12,,,frame_00000.png,frame_00119.png,,120,2.001129
hocho_G_12,lockin,0,0,QR未検出,,lockin,binary,,,22.500000,12,8,1,0.699996,,0.699996,frame_00000.png,frame_00119.png,r90_e60_f0.mp4,90 Hz,1/60,蛍光灯なし,59.966 fps,90,60,0,20,hocho,G,G,12,,,frame_00000.png,frame_00119.png,,120,2.001129
hocho_G_12,lockin,0,0,QR未検出,,lockin,binary,,,7.483080,4,8,1,0.626660,,0.626660,frame_00000.png,frame_00119.png,r90_e60_f0.mp4,90 Hz,1/60,蛍光灯なし,59.966 fps,90,60,0,20,hocho,G,G,12,,,frame_00000.png,frame_00119.png,,120,2.001129
hocho_G_12,lockin,0,0,QR未検出,,lockin,binary,,,9.966161,4,8,1,0.626382,,0.626382,frame_00000.png,frame_00119.png,r90_e60_f0.mp4,90 Hz,1/60,蛍光灯なし,59.966 fps,90,60,0,20,hocho,G,G,12,,,frame_00000.png,frame_00119.png,,120,2.001129
hocho_G_12,lockin,0,0,QR未検出,,lockin,binary,,,22.500000,4,8,1,0.616290,,0.616290,frame_00000.png,frame_00119.png,r90_e60_f0.mp4,90 Hz,1/60,蛍光灯なし,59.966 fps,90,60,0,20,hocho,G,G,12,,,frame_00000.png,frame_00119.png,,120,2.001129
hocho_G_12,lockin,0,0,QR未検出,,lockin,binary,,,22.500000,8,8,1,0.590603,,0.590603,frame_00000.png,frame_00119.png,r90_e60_f0.mp4,90 Hz,1/60,蛍光灯なし,59.966 fps,90,60,0,20,hocho,G,G,12,,,frame_00000.png,frame_00119.png,,120,2.001129
hocho_G_12,lockin,0,0,QR未検出,,lockin,binary,,,7.483080,8,8,1,0.562911,,0.562911,frame_00000.png,frame_00119.png,r90_e60_f0.mp4,90 Hz,1/60,蛍光灯なし,59.966 fps,90,60,0,20,hocho,G,G,12,,,frame_00000.png,frame_00119.png,,120,2.001129
hocho_G_12,lockin,0,0,QR未検出,,lockin,binary,,,9.966161,8,8,1,0.560889,,0.560889,frame_00000.png,frame_00119.png,r90_e60_f0.mp4,90 Hz,1/60,蛍光灯なし,59.966 fps,90,60,0,20,hocho,G,G,12,,,frame_00000.png,frame_00119.png,,120,2.001129
ex_G_4,lockin,1,0,QR未検出,,lockin,binary,,,14.966161,12,8,1,0.680557,,0.680557,frame_00000.png,frame_00119.png,r90_e60_f0.mp4,90 Hz,1/60,蛍光灯なし,59.966 fps,90,60,0,21,ex,G,G,4,,,frame_00000.png,frame_00119.png,,120,2.001129
ex_G_4,lockin,0,0,QR未検出,,lockin,binary,,,7.483080,4,8,1,0.639316,,0.639316,frame_00000.png,frame_00119.png,r90_e60_f0.mp4,90 Hz,1/60,蛍光灯なし,59.966 fps,90,60,0,21,ex,G,G,4,,,frame_00000.png,frame_00119.png,,120,2.001129
ex_G_4,lockin,0,0,QR未検出,,lockin,binary,,,9.966161,4,8,1,0.633885,,0.633885,frame_00000.png,frame_00119.png,r90_e60_f0.mp4,90 Hz,1/60,蛍光灯なし,59.966 fps,90,60,0,21,ex,G,G,4,,,frame_00000.png,frame_00119.png,,120,2.001129
ex_G_4,lockin,0,0,QR未検出,,lockin,binary,,,22.500000,4,8,1,0.626442,,0.626442,frame_00000.png,frame_00119.png,r90_e60_f0.mp4,90 Hz,1/60,蛍光灯なし,59.966 fps,90,60,0,21,ex,G,G,4,,,frame_00000.png,frame_00119.png,,120,2.001129
ex_G_4,lockin,0,0,QR未検出,,lockin,binary,,,14.966161,8,8,1,0.616178,,0.616178,frame_00000.png,frame_00119.png,r90_e60_f0.mp4,90 Hz,1/60,蛍光灯なし,59.966 fps,90,60,0,21,ex,G,G,4,,,frame_00000.png,frame_00119.png,,120,2.001129
ex_G_4,lockin,0,0,QR未検出,,lockin,binary,,,14.966161,4,8,1,0.615289,,0.615289,frame_00000.png,frame_00119.png,r90_e60_f0.mp4,90 Hz,1/60,蛍光灯なし,59.966 fps,90,60,0,21,ex,G,G,4,,,frame_00000.png,frame_00119.png,,120,2.001129
ex_G_4,lockin,0,0,QR未検出,,lockin,binary,,,22.500000,12,8,1,0.614423,,0.614423,frame_00000.png,frame_00119.png,r90_e60_f0.mp4,90 Hz,1/60,蛍光灯なし,59.966 fps,90,60,0,21,ex,G,G,4,,,frame_00000.png,frame_00119.png,,120,2.001129
ex_G_4,lockin,0,0,QR未検出,,lockin,binary,,,9.966161,12,8,1,0.600937,,0.600937,frame_00000.png,frame_00119.png,r90_e60_f0.mp4,90 Hz,1/60,蛍光灯なし,59.966 fps,90,60,0,21,ex,G,G,4,,,frame_00000.png,frame_00119.png,,120,2.001129
ex_G_4,lockin,0,0,QR未検出,,lockin,binary,,,7.483080,12,8,1,0.577547,,0.577547,frame_00000.png,frame_00119.png,r90_e60_f0.mp4,90 Hz,1/60,蛍光灯なし,59.966 fps,90,60,0,21,ex,G,G,4,,,frame_00000.png,frame_00119.png,,120,2.001129
ex_G_4,lockin,0,0,QR未検出,,lockin,binary,,,22.500000,8,8,1,0.538176,,0.538176,frame_00000.png,frame_00119.png,r90_e60_f0.mp4,90 Hz,1/60,蛍光灯なし,59.966 fps,90,60,0,21,ex,G,G,4,,,frame_00000.png,frame_00119.png,,120,2.001129
ex_G_4,lockin,0,0,QR未検出,,lockin,binary,,,7.483080,8,8,1,0.536962,,0.536962,frame_00000.png,frame_00119.png,r90_e60_f0.mp4,90 Hz,1/60,蛍光灯なし,59.966 fps,90,60,0,21,ex,G,G,4,,,frame_00000.png,frame_00119.png,,120,2.001129
ex_G_4,lockin,0,0,QR未検出,,lockin,binary,,,9.966161,8,8,1,0.503060,,0.503060,frame_00000.png,frame_00119.png,r90_e60_f0.mp4,90 Hz,1/60,蛍光灯なし,59.966 fps,90,60,0,21,ex,G,G,4,,,frame_00000.png,frame_00119.png,,120,2.001129
ex_G_8,lockin,1,0,QR未検出,,lockin,binary,,,14.966161,12,8,1,0.795826,,0.795826,frame_00000.png,frame_00119.png,r90_e60_f0.mp4,90 Hz,1/60,蛍光灯なし,59.966 fps,90,60,0,22,ex,G,G,8,,,frame_00000.png,frame_00119.png,,120,2.001129
ex_G_8,lockin,0,0,QR未検出,,lockin,binary,,,7.483080,12,8,1,0.737667,,0.737667,frame_00000.png,frame_00119.png,r90_e60_f0.mp4,90 Hz,1/60,蛍光灯なし,59.966 fps,90,60,0,22,ex,G,G,8,,,frame_00000.png,frame_00119.png,,120,2.001129
ex_G_8,lockin,0,0,QR未検出,,lockin,binary,,,9.966161,12,8,1,0.735158,,0.735158,frame_00000.png,frame_00119.png,r90_e60_f0.mp4,90 Hz,1/60,蛍光灯なし,59.966 fps,90,60,0,22,ex,G,G,8,,,frame_00000.png,frame_00119.png,,120,2.001129
ex_G_8,lockin,0,0,QR未検出,,lockin,binary,,,14.966161,8,8,1,0.702619,,0.702619,frame_00000.png,frame_00119.png,r90_e60_f0.mp4,90 Hz,1/60,蛍光灯なし,59.966 fps,90,60,0,22,ex,G,G,8,,,frame_00000.png,frame_00119.png,,120,2.001129
ex_G_8,lockin,0,0,QR未検出,,lockin,binary,,,22.500000,12,8,1,0.701630,,0.701630,frame_00000.png,frame_00119.png,r90_e60_f0.mp4,90 Hz,1/60,蛍光灯なし,59.966 fps,90,60,0,22,ex,G,G,8,,,frame_00000.png,frame_00119.png,,120,2.001129
ex_G_8,lockin,0,0,QR未検出,,lockin,binary,,,7.483080,8,8,1,0.647662,,0.647662,frame_00000.png,frame_00119.png,r90_e60_f0.mp4,90 Hz,1/60,蛍光灯なし,59.966 fps,90,60,0,22,ex,G,G,8,,,frame_00000.png,frame_00119.png,,120,2.001129
ex_G_8,lockin,0,0,QR未検出,,lockin,binary,,,9.966161,8,8,1,0.645427,,0.645427,frame_00000.png,frame_00119.png,r90_e60_f0.mp4,90 Hz,1/60,蛍光灯なし,59.966 fps,90,60,0,22,ex,G,G,8,,,frame_00000.png,frame_00119.png,,120,2.001129
ex_G_8,lockin,0,0,QR未検出,,lockin,binary,,,22.500000,4,8,1,0.613760,,0.613760,frame_00000.png,frame_00119.png,r90_e60_f0.mp4,90 Hz,1/60,蛍光灯なし,59.966 fps,90,60,0,22,ex,G,G,8,,,frame_00000.png,frame_00119.png,,120,2.001129
ex_G_8,lockin,0,0,QR未検出,,lockin,binary,,,7.483080,4,8,1,0.597857,,0.597857,frame_00000.png,frame_00119.png,r90_e60_f0.mp4,90 Hz,1/60,蛍光灯なし,59.966 fps,90,60,0,22,ex,G,G,8,,,frame_00000.png,frame_00119.png,,120,2.001129
ex_G_8,lockin,0,0,QR未検出,,lockin,binary,,,9.966161,4,8,1,0.597089,,0.597089,frame_00000.png,frame_00119.png,r90_e60_f0.mp4,90 Hz,1/60,蛍光灯なし,59.966 fps,90,60,0,22,ex,G,G,8,,,frame_00000.png,frame_00119.png,,120,2.001129
ex_G_8,lockin,0,0,QR未検出,,lockin,binary,,,22.500000,8,8,1,0.579937,,0.579937,frame_00000.png,frame_00119.png,r90_e60_f0.mp4,90 Hz,1/60,蛍光灯なし,59.966 fps,90,60,0,22,ex,G,G,8,,,frame_00000.png,frame_00119.png,,120,2.001129
ex_G_8,lockin,0,0,QR未検出,,lockin,binary,,,14.966161,4,8,1,0.540808,,0.540808,frame_00000.png,frame_00119.png,r90_e60_f0.mp4,90 Hz,1/60,蛍光灯なし,59.966 fps,90,60,0,22,ex,G,G,8,,,frame_00000.png,frame_00119.png,,120,2.001129
ex_G_12,lockin,1,0,QR未検出,,lockin,binary,,,14.966161,12,8,1,0.829204,,0.829204,frame_00000.png,frame_00119.png,r90_e60_f0.mp4,90 Hz,1/60,蛍光灯なし,59.966 fps,90,60,0,23,ex,G,G,12,,,frame_00000.png,frame_00119.png,,120,2.001129
ex_G_12,lockin,0,0,QR未検出,,lockin,binary,,,14.966161,8,8,1,0.776368,,0.776368,frame_00000.png,frame_00119.png,r90_e60_f0.mp4,90 Hz,1/60,蛍光灯なし,59.966 fps,90,60,0,23,ex,G,G,12,,,frame_00000.png,frame_00119.png,,120,2.001129
ex_G_12,lockin,0,0,QR未検出,,lockin,binary,,,7.483080,12,8,1,0.762349,,0.762349,frame_00000.png,frame_00119.png,r90_e60_f0.mp4,90 Hz,1/60,蛍光灯なし,59.966 fps,90,60,0,23,ex,G,G,12,,,frame_00000.png,frame_00119.png,,120,2.001129
ex_G_12,lockin,0,0,QR未検出,,lockin,binary,,,22.500000,12,8,1,0.745295,,0.745295,frame_00000.png,frame_00119.png,r90_e60_f0.mp4,90 Hz,1/60,蛍光灯なし,59.966 fps,90,60,0,23,ex,G,G,12,,,frame_00000.png,frame_00119.png,,120,2.001129
ex_G_12,lockin,0,0,QR未検出,,lockin,binary,,,22.500000,8,8,1,0.707691,,0.707691,frame_00000.png,frame_00119.png,r90_e60_f0.mp4,90 Hz,1/60,蛍光灯なし,59.966 fps,90,60,0,23,ex,G,G,12,,,frame_00000.png,frame_00119.png,,120,2.001129
ex_G_12,lockin,0,0,QR未検出,,lockin,binary,,,7.483080,8,8,1,0.702335,,0.702335,frame_00000.png,frame_00119.png,r90_e60_f0.mp4,90 Hz,1/60,蛍光灯なし,59.966 fps,90,60,0,23,ex,G,G,12,,,frame_00000.png,frame_00119.png,,120,2.001129
ex_G_12,lockin,0,0,QR未検出,,lockin,binary,,,9.966161,12,8,1,0.695846,,0.695846,frame_00000.png,frame_00119.png,r90_e60_f0.mp4,90 Hz,1/60,蛍光灯なし,59.966 fps,90,60,0,23,ex,G,G,12,,,frame_00000.png,frame_00119.png,,120,2.001129
ex_G_12,lockin,0,0,QR未検出,,lockin,binary,,,14.966161,4,8,1,0.656730,,0.656730,frame_00000.png,frame_00119.png,r90_e60_f0.mp4,90 Hz,1/60,蛍光灯なし,59.966 fps,90,60,0,23,ex,G,G,12,,,frame_00000.png,frame_00119.png,,120,2.001129
ex_G_12,lockin,0,0,QR未検出,,lockin,binary,,,9.966161,4,8,1,0.623403,,0.623403,frame_00000.png,frame_00119.png,r90_e60_f0.mp4,90 Hz,1/60,蛍光灯なし,59.966 fps,90,60,0,23,ex,G,G,12,,,frame_00000.png,frame_00119.png,,120,2.001129
ex_G_12,lockin,0,0,QR未検出,,lockin,binary,,,7.483080,4,8,1,0.564055,,0.564055,frame_00000.png,frame_00119.png,r90_e60_f0.mp4,90 Hz,1/60,蛍光灯なし,59.966 fps,90,60,0,23,ex,G,G,12,,,frame_00000.png,frame_00119.png,,120,2.001129
ex_G_12,lockin,0,0,QR未検出,,lockin,binary,,,9.966161,8,8,1,0.535744,,0.535744,frame_00000.png,frame_00119.png,r90_e60_f0.mp4,90 Hz,1/60,蛍光灯なし,59.966 fps,90,60,0,23,ex,G,G,12,,,frame_00000.png,frame_00119.png,,120,2.001129
ex_G_12,lockin,0,0,QR未検出,,lockin,binary,,,22.500000,4,8,1,0.525134,,0.525134,frame_00000.png,frame_00119.png,r90_e60_f0.mp4,90 Hz,1/60,蛍光灯なし,59.966 fps,90,60,0,23,ex,G,G,12,,,frame_00000.png,frame_00119.png,,120,2.001129
rice_B_4,lockin,1,0,QR未検出,,lockin,binary,,,14.966161,12,8,1,0.804961,,0.804961,frame_00000.png,frame_00119.png,r90_e60_f0.mp4,90 Hz,1/60,蛍光灯なし,59.966 fps,90,60,0,24,rice,B,B,4,,,frame_00000.png,frame_00119.png,,120,2.001129
rice_B_4,lockin,0,0,QR未検出,,lockin,binary,,,14.966161,8,8,1,0.771293,,0.771293,frame_00000.png,frame_00119.png,r90_e60_f0.mp4,90 Hz,1/60,蛍光灯なし,59.966 fps,90,60,0,24,rice,B,B,4,,,frame_00000.png,frame_00119.png,,120,2.001129
rice_B_4,lockin,0,0,QR未検出,,lockin,binary,,,7.483080,4,8,1,0.641274,,0.641274,frame_00000.png,frame_00119.png,r90_e60_f0.mp4,90 Hz,1/60,蛍光灯なし,59.966 fps,90,60,0,24,rice,B,B,4,,,frame_00000.png,frame_00119.png,,120,2.001129
rice_B_4,lockin,0,0,QR未検出,,lockin,binary,,,9.966161,12,8,1,0.639736,,0.639736,frame_00000.png,frame_00119.png,r90_e60_f0.mp4,90 Hz,1/60,蛍光灯なし,59.966 fps,90,60,0,24,rice,B,B,4,,,frame_00000.png,frame_00119.png,,120,2.001129
rice_B_4,lockin,0,0,QR未検出,,lockin,binary,,,22.500000,12,8,1,0.634805,,0.634805,frame_00000.png,frame_00119.png,r90_e60_f0.mp4,90 Hz,1/60,蛍光灯なし,59.966 fps,90,60,0,24,rice,B,B,4,,,frame_00000.png,frame_00119.png,,120,2.001129
rice_B_4,lockin,0,0,QR未検出,,lockin,binary,,,9.966161,8,8,1,0.590985,,0.590985,frame_00000.png,frame_00119.png,r90_e60_f0.mp4,90 Hz,1/60,蛍光灯なし,59.966 fps,90,60,0,24,rice,B,B,4,,,frame_00000.png,frame_00119.png,,120,2.001129
rice_B_4,lockin,0,0,QR未検出,,lockin,binary,,,9.966161,4,8,1,0.587935,,0.587935,frame_00000.png,frame_00119.png,r90_e60_f0.mp4,90 Hz,1/60,蛍光灯なし,59.966 fps,90,60,0,24,rice,B,B,4,,,frame_00000.png,frame_00119.png,,120,2.001129
rice_B_4,lockin,0,0,QR未検出,,lockin,binary,,,22.500000,8,8,1,0.578403,,0.578403,frame_00000.png,frame_00119.png,r90_e60_f0.mp4,90 Hz,1/60,蛍光灯なし,59.966 fps,90,60,0,24,rice,B,B,4,,,frame_00000.png,frame_00119.png,,120,2.001129
rice_B_4,lockin,0,0,QR未検出,,lockin,binary,,,22.500000,4,8,1,0.571661,,0.571661,frame_00000.png,frame_00119.png,r90_e60_f0.mp4,90 Hz,1/60,蛍光灯なし,59.966 fps,90,60,0,24,rice,B,B,4,,,frame_00000.png,frame_00119.png,,120,2.001129
rice_B_4,lockin,0,0,QR未検出,,lockin,binary,,,14.966161,4,8,1,0.553253,,0.553253,frame_00000.png,frame_00119.png,r90_e60_f0.mp4,90 Hz,1/60,蛍光灯なし,59.966 fps,90,60,0,24,rice,B,B,4,,,frame_00000.png,frame_00119.png,,120,2.001129
rice_B_4,lockin,0,0,QR未検出,,lockin,binary,,,7.483080,12,8,1,0.549482,,0.549482,frame_00000.png,frame_00119.png,r90_e60_f0.mp4,90 Hz,1/60,蛍光灯なし,59.966 fps,90,60,0,24,rice,B,B,4,,,frame_00000.png,frame_00119.png,,120,2.001129
rice_B_4,lockin,0,0,QR未検出,,lockin,binary,,,7.483080,8,8,1,0.548118,,0.548118,frame_00000.png,frame_00119.png,r90_e60_f0.mp4,90 Hz,1/60,蛍光灯なし,59.966 fps,90,60,0,24,rice,B,B,4,,,frame_00000.png,frame_00119.png,,120,2.001129
rice_B_8,lockin,1,0,QR未検出,,lockin,binary,,,14.966161,12,8,1,0.857125,,0.857125,frame_00000.png,frame_00119.png,r90_e60_f0.mp4,90 Hz,1/60,蛍光灯なし,59.966 fps,90,60,0,25,rice,B,B,8,,,frame_00000.png,frame_00119.png,,120,2.001129
rice_B_8,lockin,0,0,QR未検出,,lockin,binary,,,14.966161,8,8,1,0.834084,,0.834084,frame_00000.png,frame_00119.png,r90_e60_f0.mp4,90 Hz,1/60,蛍光灯なし,59.966 fps,90,60,0,25,rice,B,B,8,,,frame_00000.png,frame_00119.png,,120,2.001129
rice_B_8,lockin,0,0,QR未検出,,lockin,binary,,,14.966161,4,8,1,0.726495,,0.726495,frame_00000.png,frame_00119.png,r90_e60_f0.mp4,90 Hz,1/60,蛍光灯なし,59.966 fps,90,60,0,25,rice,B,B,8,,,frame_00000.png,frame_00119.png,,120,2.001129
rice_B_8,lockin,0,0,QR未検出,,lockin,binary,,,9.966161,12,8,1,0.682846,,0.682846,frame_00000.png,frame_00119.png,r90_e60_f0.mp4,90 Hz,1/60,蛍光灯なし,59.966 fps,90,60,0,25,rice,B,B,8,,,frame_00000.png,frame_00119.png,,120,2.001129
rice_B_8,lockin,0,0,QR未検出,,lockin,binary,,,7.483080,12,8,1,0.682330,,0.682330,frame_00000.png,frame_00119.png,r90_e60_f0.mp4,90 Hz,1/60,蛍光灯なし,59.966 fps,90,60,0,25,rice,B,B,8,,,frame_00000.png,frame_00119.png,,120,2.001129
rice_B_8,lockin,0,0,QR未検出,,lockin,binary,,,22.500000,12,8,1,0.681177,,0.681177,frame_00000.png,frame_00119.png,r90_e60_f0.mp4,90 Hz,1/60,蛍光灯なし,59.966 fps,90,60,0,25,rice,B,B,8,,,frame_00000.png,frame_00119.png,,120,2.001129
rice_B_8,lockin,0,0,QR未検出,,lockin,binary,,,22.500000,8,8,1,0.656788,,0.656788,frame_00000.png,frame_00119.png,r90_e60_f0.mp4,90 Hz,1/60,蛍光灯なし,59.966 fps,90,60,0,25,rice,B,B,8,,,frame_00000.png,frame_00119.png,,120,2.001129
rice_B_8,lockin,0,0,QR未検出,,lockin,binary,,,9.966161,8,8,1,0.623915,,0.623915,frame_00000.png,frame_00119.png,r90_e60_f0.mp4,90 Hz,1/60,蛍光灯なし,59.966 fps,90,60,0,25,rice,B,B,8,,,frame_00000.png,frame_00119.png,,120,2.001129
rice_B_8,lockin,0,0,QR未検出,,lockin,binary,,,7.483080,8,8,1,0.608826,,0.608826,frame_00000.png,frame_00119.png,r90_e60_f0.mp4,90 Hz,1/60,蛍光灯なし,59.966 fps,90,60,0,25,rice,B,B,8,,,frame_00000.png,frame_00119.png,,120,2.001129
rice_B_8,lockin,0,0,QR未検出,,lockin,binary,,,7.483080,4,8,1,0.607013,,0.607013,frame_00000.png,frame_00119.png,r90_e60_f0.mp4,90 Hz,1/60,蛍光灯なし,59.966 fps,90,60,0,25,rice,B,B,8,,,frame_00000.png,frame_00119.png,,120,2.001129
rice_B_8,lockin,0,0,QR未検出,,lockin,binary,,,9.966161,4,8,1,0.592460,,0.592460,frame_00000.png,frame_00119.png,r90_e60_f0.mp4,90 Hz,1/60,蛍光灯なし,59.966 fps,90,60,0,25,rice,B,B,8,,,frame_00000.png,frame_00119.png,,120,2.001129
rice_B_8,lockin,0,0,QR未検出,,lockin,binary,,,22.500000,4,8,1,0.550739,,0.550739,frame_00000.png,frame_00119.png,r90_e60_f0.mp4,90 Hz,1/60,蛍光灯なし,59.966 fps,90,60,0,25,rice,B,B,8,,,frame_00000.png,frame_00119.png,,120,2.001129
rice_B_12,lockin,1,0,QR未検出,,lockin,binary,,,14.966161,12,8,1,0.868958,,0.868958,frame_00000.png,frame_00119.png,r90_e60_f0.mp4,90 Hz,1/60,蛍光灯なし,59.966 fps,90,60,0,26,rice,B,B,12,,,frame_00000.png,frame_00119.png,,120,2.001129
rice_B_12,lockin,0,0,QR未検出,,lockin,binary,,,14.966161,8,8,1,0.827297,,0.827297,frame_00000.png,frame_00119.png,r90_e60_f0.mp4,90 Hz,1/60,蛍光灯なし,59.966 fps,90,60,0,26,rice,B,B,12,,,frame_00000.png,frame_00119.png,,120,2.001129
rice_B_12,lockin,0,0,QR未検出,,lockin,binary,,,14.966161,4,8,1,0.743850,,0.743850,frame_00000.png,frame_00119.png,r90_e60_f0.mp4,90 Hz,1/60,蛍光灯なし,59.966 fps,90,60,0,26,rice,B,B,12,,,frame_00000.png,frame_00119.png,,120,2.001129
rice_B_12,lockin,0,0,QR未検出,,lockin,binary,,,7.483080,12,8,1,0.682396,,0.682396,frame_00000.png,frame_00119.png,r90_e60_f0.mp4,90 Hz,1/60,蛍光灯なし,59.966 fps,90,60,0,26,rice,B,B,12,,,frame_00000.png,frame_00119.png,,120,2.001129
rice_B_12,lockin,0,0,QR未検出,,lockin,binary,,,9.966161,4,8,1,0.638710,,0.638710,frame_00000.png,frame_00119.png,r90_e60_f0.mp4,90 Hz,1/60,蛍光灯なし,59.966 fps,90,60,0,26,rice,B,B,12,,,frame_00000.png,frame_00119.png,,120,2.001129
rice_B_12,lockin,0,0,QR未検出,,lockin,binary,,,22.500000,4,8,1,0.635988,,0.635988,frame_00000.png,frame_00119.png,r90_e60_f0.mp4,90 Hz,1/60,蛍光灯なし,59.966 fps,90,60,0,26,rice,B,B,12,,,frame_00000.png,frame_00119.png,,120,2.001129
rice_B_12,lockin,0,0,QR未検出,,lockin,binary,,,9.966161,12,8,1,0.624018,,0.624018,frame_00000.png,frame_00119.png,r90_e60_f0.mp4,90 Hz,1/60,蛍光灯なし,59.966 fps,90,60,0,26,rice,B,B,12,,,frame_00000.png,frame_00119.png,,120,2.001129
rice_B_12,lockin,0,0,QR未検出,,lockin,binary,,,22.500000,12,8,1,0.620838,,0.620838,frame_00000.png,frame_00119.png,r90_e60_f0.mp4,90 Hz,1/60,蛍光灯なし,59.966 fps,90,60,0,26,rice,B,B,12,,,frame_00000.png,frame_00119.png,,120,2.001129
rice_B_12,lockin,0,0,QR未検出,,lockin,binary,,,7.483080,4,8,1,0.607725,,0.607725,frame_00000.png,frame_00119.png,r90_e60_f0.mp4,90 Hz,1/60,蛍光灯なし,59.966 fps,90,60,0,26,rice,B,B,12,,,frame_00000.png,frame_00119.png,,120,2.001129
rice_B_12,lockin,0,0,QR未検出,,lockin,binary,,,7.483080,8,8,1,0.591655,,0.591655,frame_00000.png,frame_00119.png,r90_e60_f0.mp4,90 Hz,1/60,蛍光灯なし,59.966 fps,90,60,0,26,rice,B,B,12,,,frame_00000.png,frame_00119.png,,120,2.001129
rice_B_12,lockin,0,0,QR未検出,,lockin,binary,,,9.966161,8,8,1,0.520202,,0.520202,frame_00000.png,frame_00119.png,r90_e60_f0.mp4,90 Hz,1/60,蛍光灯なし,59.966 fps,90,60,0,26,rice,B,B,12,,,frame_00000.png,frame_00119.png,,120,2.001129
rice_B_12,lockin,0,0,QR未検出,,lockin,binary,,,22.500000,8,8,1,0.513796,,0.513796,frame_00000.png,frame_00119.png,r90_e60_f0.mp4,90 Hz,1/60,蛍光灯なし,59.966 fps,90,60,0,26,rice,B,B,12,,,frame_00000.png,frame_00119.png,,120,2.001129
nagaoka_fireworks_B_4,lockin,1,0,QR未検出,,lockin,binary,,,14.966161,4,8,1,0.723157,,0.723157,frame_00000.png,frame_00119.png,r90_e60_f0.mp4,90 Hz,1/60,蛍光灯なし,59.966 fps,90,60,0,27,nagaoka_fireworks,B,B,4,,,frame_00000.png,frame_00119.png,,120,2.001129
nagaoka_fireworks_B_4,lockin,0,0,QR未検出,,lockin,binary,,,14.966161,8,8,1,0.720548,,0.720548,frame_00000.png,frame_00119.png,r90_e60_f0.mp4,90 Hz,1/60,蛍光灯なし,59.966 fps,90,60,0,27,nagaoka_fireworks,B,B,4,,,frame_00000.png,frame_00119.png,,120,2.001129
nagaoka_fireworks_B_4,lockin,0,0,QR未検出,,lockin,binary,,,14.966161,12,8,1,0.688643,,0.688643,frame_00000.png,frame_00119.png,r90_e60_f0.mp4,90 Hz,1/60,蛍光灯なし,59.966 fps,90,60,0,27,nagaoka_fireworks,B,B,4,,,frame_00000.png,frame_00119.png,,120,2.001129
nagaoka_fireworks_B_4,lockin,0,0,QR未検出,,lockin,binary,,,9.966161,12,8,1,0.641877,,0.641877,frame_00000.png,frame_00119.png,r90_e60_f0.mp4,90 Hz,1/60,蛍光灯なし,59.966 fps,90,60,0,27,nagaoka_fireworks,B,B,4,,,frame_00000.png,frame_00119.png,,120,2.001129
nagaoka_fireworks_B_4,lockin,0,0,QR未検出,,lockin,binary,,,7.483080,12,8,1,0.641386,,0.641386,frame_00000.png,frame_00119.png,r90_e60_f0.mp4,90 Hz,1/60,蛍光灯なし,59.966 fps,90,60,0,27,nagaoka_fireworks,B,B,4,,,frame_00000.png,frame_00119.png,,120,2.001129
nagaoka_fireworks_B_4,lockin,0,0,QR未検出,,lockin,binary,,,22.500000,12,8,1,0.626281,,0.626281,frame_00000.png,frame_00119.png,r90_e60_f0.mp4,90 Hz,1/60,蛍光灯なし,59.966 fps,90,60,0,27,nagaoka_fireworks,B,B,4,,,frame_00000.png,frame_00119.png,,120,2.001129
nagaoka_fireworks_B_4,lockin,0,0,QR未検出,,lockin,binary,,,9.966161,8,8,1,0.623546,,0.623546,frame_00000.png,frame_00119.png,r90_e60_f0.mp4,90 Hz,1/60,蛍光灯なし,59.966 fps,90,60,0,27,nagaoka_fireworks,B,B,4,,,frame_00000.png,frame_00119.png,,120,2.001129
nagaoka_fireworks_B_4,lockin,0,0,QR未検出,,lockin,binary,,,7.483080,8,8,1,0.622351,,0.622351,frame_00000.png,frame_00119.png,r90_e60_f0.mp4,90 Hz,1/60,蛍光灯なし,59.966 fps,90,60,0,27,nagaoka_fireworks,B,B,4,,,frame_00000.png,frame_00119.png,,120,2.001129
nagaoka_fireworks_B_4,lockin,0,0,QR未検出,,lockin,binary,,,22.500000,8,8,1,0.608208,,0.608208,frame_00000.png,frame_00119.png,r90_e60_f0.mp4,90 Hz,1/60,蛍光灯なし,59.966 fps,90,60,0,27,nagaoka_fireworks,B,B,4,,,frame_00000.png,frame_00119.png,,120,2.001129
nagaoka_fireworks_B_4,lockin,0,0,QR未検出,,lockin,binary,,,9.966161,4,8,1,0.536444,,0.536444,frame_00000.png,frame_00119.png,r90_e60_f0.mp4,90 Hz,1/60,蛍光灯なし,59.966 fps,90,60,0,27,nagaoka_fireworks,B,B,4,,,frame_00000.png,frame_00119.png,,120,2.001129
nagaoka_fireworks_B_4,lockin,0,0,QR未検出,,lockin,binary,,,7.483080,4,8,1,0.535352,,0.535352,frame_00000.png,frame_00119.png,r90_e60_f0.mp4,90 Hz,1/60,蛍光灯なし,59.966 fps,90,60,0,27,nagaoka_fireworks,B,B,4,,,frame_00000.png,frame_00119.png,,120,2.001129
nagaoka_fireworks_B_4,lockin,0,0,QR未検出,,lockin,binary,,,22.500000,4,8,1,0.518972,,0.518972,frame_00000.png,frame_00119.png,r90_e60_f0.mp4,90 Hz,1/60,蛍光灯なし,59.966 fps,90,60,0,27,nagaoka_fireworks,B,B,4,,,frame_00000.png,frame_00119.png,,120,2.001129
nagaoka_fireworks_B_8,lockin,1,0,QR未検出,,lockin,binary,,,14.966161,8,8,1,0.832660,,0.832660,frame_00000.png,frame_00119.png,r90_e60_f0.mp4,90 Hz,1/60,蛍光灯なし,59.966 fps,90,60,0,28,nagaoka_fireworks,B,B,8,,,frame_00000.png,frame_00119.png,,120,2.001129
nagaoka_fireworks_B_8,lockin,0,0,QR未検出,,lockin,binary,,,14.966161,12,8,1,0.830208,,0.830208,frame_00000.png,frame_00119.png,r90_e60_f0.mp4,90 Hz,1/60,蛍光灯なし,59.966 fps,90,60,0,28,nagaoka_fireworks,B,B,8,,,frame_00000.png,frame_00119.png,,120,2.001129
nagaoka_fireworks_B_8,lockin,0,0,QR未検出,,lockin,binary,,,14.966161,4,8,1,0.763488,,0.763488,frame_00000.png,frame_00119.png,r90_e60_f0.mp4,90 Hz,1/60,蛍光灯なし,59.966 fps,90,60,0,28,nagaoka_fireworks,B,B,8,,,frame_00000.png,frame_00119.png,,120,2.001129
nagaoka_fireworks_B_8,lockin,0,0,QR未検出,,lockin,binary,,,22.500000,12,8,1,0.662635,,0.662635,frame_00000.png,frame_00119.png,r90_e60_f0.mp4,90 Hz,1/60,蛍光灯なし,59.966 fps,90,60,0,28,nagaoka_fireworks,B,B,8,,,frame_00000.png,frame_00119.png,,120,2.001129
nagaoka_fireworks_B_8,lockin,0,0,QR未検出,,lockin,binary,,,9.966161,12,8,1,0.657327,,0.657327,frame_00000.png,frame_00119.png,r90_e60_f0.mp4,90 Hz,1/60,蛍光灯なし,59.966 fps,90,60,0,28,nagaoka_fireworks,B,B,8,,,frame_00000.png,frame_00119.png,,120,2.001129
nagaoka_fireworks_B_8,lockin,0,0,QR未検出,,lockin,binary,,,7.483080,12,8,1,0.657182,,0.657182,frame_00000.png,frame_00119.png,r90_e60_f0.mp4,90 Hz,1/60,蛍光灯なし,59.966 fps,90,60,0,28,nagaoka_fireworks,B,B,8,,,frame_00000.png,frame_00119.png,,120,2.001129
nagaoka_fireworks_B_8,lockin,0,0,QR未検出,,lockin,binary,,,9.966161,8,8,1,0.647429,,0.647429,frame_00000.png,frame_00119.png,r90_e60_f0.mp4,90 Hz,1/60,蛍光灯なし,59.966 fps,90,60,0,28,nagaoka_fireworks,B,B,8,,,frame_00000.png,frame_00119.png,,120,2.001129
nagaoka_fireworks_B_8,lockin,0,0,QR未検出,,lockin,binary,,,7.483080,8,8,1,0.645748,,0.645748,frame_00000.png,frame_00119.png,r90_e60_f0.mp4,90 Hz,1/60,蛍光灯なし,59.966 fps,90,60,0,28,nagaoka_fireworks,B,B,8,,,frame_00000.png,frame_00119.png,,120,2.001129
nagaoka_fireworks_B_8,lockin,0,0,QR未検出,,lockin,binary,,,22.500000,8,8,1,0.643053,,0.643053,frame_00000.png,frame_00119.png,r90_e60_f0.mp4,90 Hz,1/60,蛍光灯なし,59.966 fps,90,60,0,28,nagaoka_fireworks,B,B,8,,,frame_00000.png,frame_00119.png,,120,2.001129
nagaoka_fireworks_B_8,lockin,0,0,QR未検出,,lockin,binary,,,9.966161,4,8,1,0.534885,,0.534885,frame_00000.png,frame_00119.png,r90_e60_f0.mp4,90 Hz,1/60,蛍光灯なし,59.966 fps,90,60,0,28,nagaoka_fireworks,B,B,8,,,frame_00000.png,frame_00119.png,,120,2.001129
nagaoka_fireworks_B_8,lockin,0,0,QR未検出,,lockin,binary,,,7.483080,4,8,1,0.532161,,0.532161,frame_00000.png,frame_00119.png,r90_e60_f0.mp4,90 Hz,1/60,蛍光灯なし,59.966 fps,90,60,0,28,nagaoka_fireworks,B,B,8,,,frame_00000.png,frame_00119.png,,120,2.001129
nagaoka_fireworks_B_8,lockin,0,0,QR未検出,,lockin,binary,,,22.500000,4,8,1,0.529730,,0.529730,frame_00000.png,frame_00119.png,r90_e60_f0.mp4,90 Hz,1/60,蛍光灯なし,59.966 fps,90,60,0,28,nagaoka_fireworks,B,B,8,,,frame_00000.png,frame_00119.png,,120,2.001129
nagaoka_fireworks_B_12,lockin,1,0,QR未検出,,lockin,binary,,,14.966161,12,8,1,0.876937,,0.876937,frame_00000.png,frame_00119.png,r90_e60_f0.mp4,90 Hz,1/60,蛍光灯なし,59.966 fps,90,60,0,29,nagaoka_fireworks,B,B,12,,,frame_00000.png,frame_00119.png,,120,2.001129
nagaoka_fireworks_B_12,lockin,0,0,QR未検出,,lockin,binary,,,14.966161,8,8,1,0.840479,,0.840479,frame_00000.png,frame_00119.png,r90_e60_f0.mp4,90 Hz,1/60,蛍光灯なし,59.966 fps,90,60,0,29,nagaoka_fireworks,B,B,12,,,frame_00000.png,frame_00119.png,,120,2.001129
nagaoka_fireworks_B_12,lockin,0,0,QR未検出,,lockin,binary,,,14.966161,4,8,1,0.747713,,0.747713,frame_00000.png,frame_00119.png,r90_e60_f0.mp4,90 Hz,1/60,蛍光灯なし,59.966 fps,90,60,0,29,nagaoka_fireworks,B,B,12,,,frame_00000.png,frame_00119.png,,120,2.001129
nagaoka_fireworks_B_12,lockin,0,0,QR未検出,,lockin,binary,,,22.500000,12,8,1,0.697078,,0.697078,frame_00000.png,frame_00119.png,r90_e60_f0.mp4,90 Hz,1/60,蛍光灯なし,59.966 fps,90,60,0,29,nagaoka_fireworks,B,B,12,,,frame_00000.png,frame_00119.png,,120,2.001129
nagaoka_fireworks_B_12,lockin,0,0,QR未検出,,lockin,binary,,,22.500000,8,8,1,0.689384,,0.689384,frame_00000.png,frame_00119.png,r90_e60_f0.mp4,90 Hz,1/60,蛍光灯なし,59.966 fps,90,60,0,29,nagaoka_fireworks,B,B,12,,,frame_00000.png,frame_00119.png,,120,2.001129
nagaoka_fireworks_B_12,lockin,0,0,QR未検出,,lockin,binary,,,7.483080,12,8,1,0.688434,,0.688434,frame_00000.png,frame_00119.png,r90_e60_f0.mp4,90 Hz,1/60,蛍光灯なし,59.966 fps,90,60,0,29,nagaoka_fireworks,B,B,12,,,frame_00000.png,frame_00119.png,,120,2.001129
nagaoka_fireworks_B_12,lockin,0,0,QR未検出,,lockin,binary,,,9.966161,12,8,1,0.678986,,0.678986,frame_00000.png,frame_00119.png,r90_e60_f0.mp4,90 Hz,1/60,蛍光灯なし,59.966 fps,90,60,0,29,nagaoka_fireworks,B,B,12,,,frame_00000.png,frame_00119.png,,120,2.001129
nagaoka_fireworks_B_12,lockin,0,0,QR未検出,,lockin,binary,,,9.966161,8,8,1,0.677877,,0.677877,frame_00000.png,frame_00119.png,r90_e60_f0.mp4,90 Hz,1/60,蛍光灯なし,59.966 fps,90,60,0,29,nagaoka_fireworks,B,B,12,,,frame_00000.png,frame_00119.png,,120,2.001129
nagaoka_fireworks_B_12,lockin,0,0,QR未検出,,lockin,binary,,,7.483080,8,8,1,0.644794,,0.644794,frame_00000.png,frame_00119.png,r90_e60_f0.mp4,90 Hz,1/60,蛍光灯なし,59.966 fps,90,60,0,29,nagaoka_fireworks,B,B,12,,,frame_00000.png,frame_00119.png,,120,2.001129
nagaoka_fireworks_B_12,lockin,0,0,QR未検出,,lockin,binary,,,22.500000,4,8,1,0.568412,,0.568412,frame_00000.png,frame_00119.png,r90_e60_f0.mp4,90 Hz,1/60,蛍光灯なし,59.966 fps,90,60,0,29,nagaoka_fireworks,B,B,12,,,frame_00000.png,frame_00119.png,,120,2.001129
nagaoka_fireworks_B_12,lockin,0,0,QR未検出,,lockin,binary,,,9.966161,4,8,1,0.559228,,0.559228,frame_00000.png,frame_00119.png,r90_e60_f0.mp4,90 Hz,1/60,蛍光灯なし,59.966 fps,90,60,0,29,nagaoka_fireworks,B,B,12,,,frame_00000.png,frame_00119.png,,120,2.001129
nagaoka_fireworks_B_12,lockin,0,0,QR未検出,,lockin,binary,,,7.483080,4,8,1,0.510781,,0.510781,frame_00000.png,frame_00119.png,r90_e60_f0.mp4,90 Hz,1/60,蛍光灯なし,59.966 fps,90,60,0,29,nagaoka_fireworks,B,B,12,,,frame_00000.png,frame_00119.png,,120,2.001129
hocho_B_4,lockin,1,0,QR未検出,,lockin,binary,,,9.966161,4,8,1,0.632345,,0.632345,frame_00000.png,frame_00119.png,r90_e60_f0.mp4,90 Hz,1/60,蛍光灯なし,59.966 fps,90,60,0,30,hocho,B,B,4,,,frame_00000.png,frame_00119.png,,120,2.001129
hocho_B_4,lockin,0,0,QR未検出,,lockin,binary,,,7.483080,4,8,1,0.626722,,0.626722,frame_00000.png,frame_00119.png,r90_e60_f0.mp4,90 Hz,1/60,蛍光灯なし,59.966 fps,90,60,0,30,hocho,B,B,4,,,frame_00000.png,frame_00119.png,,120,2.001129
hocho_B_4,lockin,0,0,QR未検出,,lockin,binary,,,14.966161,12,8,1,0.615583,,0.615583,frame_00000.png,frame_00119.png,r90_e60_f0.mp4,90 Hz,1/60,蛍光灯なし,59.966 fps,90,60,0,30,hocho,B,B,4,,,frame_00000.png,frame_00119.png,,120,2.001129
hocho_B_4,lockin,0,0,QR未検出,,lockin,binary,,,22.500000,4,8,1,0.599653,,0.599653,frame_00000.png,frame_00119.png,r90_e60_f0.mp4,90 Hz,1/60,蛍光灯なし,59.966 fps,90,60,0,30,hocho,B,B,4,,,frame_00000.png,frame_00119.png,,120,2.001129
hocho_B_4,lockin,0,0,QR未検出,,lockin,binary,,,22.500000,12,8,1,0.594778,,0.594778,frame_00000.png,frame_00119.png,r90_e60_f0.mp4,90 Hz,1/60,蛍光灯なし,59.966 fps,90,60,0,30,hocho,B,B,4,,,frame_00000.png,frame_00119.png,,120,2.001129
hocho_B_4,lockin,0,0,QR未検出,,lockin,binary,,,14.966161,4,8,1,0.587452,,0.587452,frame_00000.png,frame_00119.png,r90_e60_f0.mp4,90 Hz,1/60,蛍光灯なし,59.966 fps,90,60,0,30,hocho,B,B,4,,,frame_00000.png,frame_00119.png,,120,2.001129
hocho_B_4,lockin,0,0,QR未検出,,lockin,binary,,,7.483080,12,8,1,0.575414,,0.575414,frame_00000.png,frame_00119.png,r90_e60_f0.mp4,90 Hz,1/60,蛍光灯なし,59.966 fps,90,60,0,30,hocho,B,B,4,,,frame_00000.png,frame_00119.png,,120,2.001129
hocho_B_4,lockin,0,0,QR未検出,,lockin,binary,,,14.966161,8,8,1,0.563336,,0.563336,frame_00000.png,frame_00119.png,r90_e60_f0.mp4,90 Hz,1/60,蛍光灯なし,59.966 fps,90,60,0,30,hocho,B,B,4,,,frame_00000.png,frame_00119.png,,120,2.001129
hocho_B_4,lockin,0,0,QR未検出,,lockin,binary,,,9.966161,12,8,1,0.554215,,0.554215,frame_00000.png,frame_00119.png,r90_e60_f0.mp4,90 Hz,1/60,蛍光灯なし,59.966 fps,90,60,0,30,hocho,B,B,4,,,frame_00000.png,frame_00119.png,,120,2.001129
hocho_B_4,lockin,0,0,QR未検出,,lockin,binary,,,22.500000,8,8,1,0.536404,,0.536404,frame_00000.png,frame_00119.png,r90_e60_f0.mp4,90 Hz,1/60,蛍光灯なし,59.966 fps,90,60,0,30,hocho,B,B,4,,,frame_00000.png,frame_00119.png,,120,2.001129
hocho_B_4,lockin,0,0,QR未検出,,lockin,binary,,,9.966161,8,8,1,0.529676,,0.529676,frame_00000.png,frame_00119.png,r90_e60_f0.mp4,90 Hz,1/60,蛍光灯なし,59.966 fps,90,60,0,30,hocho,B,B,4,,,frame_00000.png,frame_00119.png,,120,2.001129
hocho_B_4,lockin,0,0,QR未検出,,lockin,binary,,,7.483080,8,8,1,0.501221,,0.501221,frame_00000.png,frame_00119.png,r90_e60_f0.mp4,90 Hz,1/60,蛍光灯なし,59.966 fps,90,60,0,30,hocho,B,B,4,,,frame_00000.png,frame_00119.png,,120,2.001129
hocho_B_8,lockin,1,0,QR未検出,,lockin,binary,,,14.966161,12,8,1,0.645475,,0.645475,frame_00000.png,frame_00119.png,r90_e60_f0.mp4,90 Hz,1/60,蛍光灯なし,59.966 fps,90,60,0,31,hocho,B,B,8,,,frame_00000.png,frame_00119.png,,120,2.001129
hocho_B_8,lockin,0,0,QR未検出,,lockin,binary,,,7.483080,4,8,1,0.632555,,0.632555,frame_00000.png,frame_00119.png,r90_e60_f0.mp4,90 Hz,1/60,蛍光灯なし,59.966 fps,90,60,0,31,hocho,B,B,8,,,frame_00000.png,frame_00119.png,,120,2.001129
hocho_B_8,lockin,0,0,QR未検出,,lockin,binary,,,9.966161,4,8,1,0.618622,,0.618622,frame_00000.png,frame_00119.png,r90_e60_f0.mp4,90 Hz,1/60,蛍光灯なし,59.966 fps,90,60,0,31,hocho,B,B,8,,,frame_00000.png,frame_00119.png,,120,2.001129
hocho_B_8,lockin,0,0,QR未検出,,lockin,binary,,,22.500000,12,8,1,0.617669,,0.617669,frame_00000.png,frame_00119.png,r90_e60_f0.mp4,90 Hz,1/60,蛍光灯なし,59.966 fps,90,60,0,31,hocho,B,B,8,,,frame_00000.png,frame_00119.png,,120,2.001129
hocho_B_8,lockin,0,0,QR未検出,,lockin,binary,,,9.966161,12,8,1,0.587485,,0.587485,frame_00000.png,frame_00119.png,r90_e60_f0.mp4,90 Hz,1/60,蛍光灯なし,59.966 fps,90,60,0,31,hocho,B,B,8,,,frame_00000.png,frame_00119.png,,120,2.001129
hocho_B_8,lockin,0,0,QR未検出,,lockin,binary,,,14.966161,8,8,1,0.585156,,0.585156,frame_00000.png,frame_00119.png,r90_e60_f0.mp4,90 Hz,1/60,蛍光灯なし,59.966 fps,90,60,0,31,hocho,B,B,8,,,frame_00000.png,frame_00119.png,,120,2.001129
hocho_B_8,lockin,0,0,QR未検出,,lockin,binary,,,14.966161,4,8,1,0.585127,,0.585127,frame_00000.png,frame_00119.png,r90_e60_f0.mp4,90 Hz,1/60,蛍光灯なし,59.966 fps,90,60,0,31,hocho,B,B,8,,,frame_00000.png,frame_00119.png,,120,2.001129
hocho_B_8,lockin,0,0,QR未検出,,lockin,binary,,,22.500000,8,8,1,0.577262,,0.577262,frame_00000.png,frame_00119.png,r90_e60_f0.mp4,90 Hz,1/60,蛍光灯なし,59.966 fps,90,60,0,31,hocho,B,B,8,,,frame_00000.png,frame_00119.png,,120,2.001129
hocho_B_8,lockin,0,0,QR未検出,,lockin,binary,,,7.483080,12,8,1,0.575434,,0.575434,frame_00000.png,frame_00119.png,r90_e60_f0.mp4,90 Hz,1/60,蛍光灯なし,59.966 fps,90,60,0,31,hocho,B,B,8,,,frame_00000.png,frame_00119.png,,120,2.001129
hocho_B_8,lockin,0,0,QR未検出,,lockin,binary,,,22.500000,4,8,1,0.563384,,0.563384,frame_00000.png,frame_00119.png,r90_e60_f0.mp4,90 Hz,1/60,蛍光灯なし,59.966 fps,90,60,0,31,hocho,B,B,8,,,frame_00000.png,frame_00119.png,,120,2.001129
hocho_B_8,lockin,0,0,QR未検出,,lockin,binary,,,9.966161,8,8,1,0.514643,,0.514643,frame_00000.png,frame_00119.png,r90_e60_f0.mp4,90 Hz,1/60,蛍光灯なし,59.966 fps,90,60,0,31,hocho,B,B,8,,,frame_00000.png,frame_00119.png,,120,2.001129
hocho_B_8,lockin,0,0,QR未検出,,lockin,binary,,,7.483080,8,8,1,0.510977,,0.510977,frame_00000.png,frame_00119.png,r90_e60_f0.mp4,90 Hz,1/60,蛍光灯なし,59.966 fps,90,60,0,31,hocho,B,B,8,,,frame_00000.png,frame_00119.png,,120,2.001129
hocho_B_12,lockin,1,0,QR未検出,,lockin,binary,,,14.966161,12,8,1,0.908032,,0.908032,frame_00000.png,frame_00119.png,r90_e60_f0.mp4,90 Hz,1/60,蛍光灯なし,59.966 fps,90,60,0,32,hocho,B,B,12,,,frame_00000.png,frame_00119.png,,120,2.001129
hocho_B_12,lockin,0,0,QR未検出,,lockin,binary,,,14.966161,8,8,1,0.870265,,0.870265,frame_00000.png,frame_00119.png,r90_e60_f0.mp4,90 Hz,1/60,蛍光灯なし,59.966 fps,90,60,0,32,hocho,B,B,12,,,frame_00000.png,frame_00119.png,,120,2.001129
hocho_B_12,lockin,0,0,QR未検出,,lockin,binary,,,14.966161,4,8,1,0.717001,,0.717001,frame_00000.png,frame_00119.png,r90_e60_f0.mp4,90 Hz,1/60,蛍光灯なし,59.966 fps,90,60,0,32,hocho,B,B,12,,,frame_00000.png,frame_00119.png,,120,2.001129
hocho_B_12,lockin,0,0,QR未検出,,lockin,binary,,,22.500000,12,8,1,0.697379,,0.697379,frame_00000.png,frame_00119.png,r90_e60_f0.mp4,90 Hz,1/60,蛍光灯なし,59.966 fps,90,60,0,32,hocho,B,B,12,,,frame_00000.png,frame_00119.png,,120,2.001129
hocho_B_12,lockin,0,0,QR未検出,,lockin,binary,,,9.966161,12,8,1,0.681075,,0.681075,frame_00000.png,frame_00119.png,r90_e60_f0.mp4,90 Hz,1/60,蛍光灯なし,59.966 fps,90,60,0,32,hocho,B,B,12,,,frame_00000.png,frame_00119.png,,120,2.001129
hocho_B_12,lockin,0,0,QR未検出,,lockin,binary,,,7.483080,12,8,1,0.666074,,0.666074,frame_00000.png,frame_00119.png,r90_e60_f0.mp4,90 Hz,1/60,蛍光灯なし,59.966 fps,90,60,0,32,hocho,B,B,12,,,frame_00000.png,frame_00119.png,,120,2.001129
hocho_B_12,lockin,0,0,QR未検出,,lockin,binary,,,22.500000,8,8,1,0.651438,,0.651438,frame_00000.png,frame_00119.png,r90_e60_f0.mp4,90 Hz,1/60,蛍光灯なし,59.966 fps,90,60,0,32,hocho,B,B,12,,,frame_00000.png,frame_00119.png,,120,2.001129
hocho_B_12,lockin,0,0,QR未検出,,lockin,binary,,,9.966161,4,8,1,0.609195,,0.609195,frame_00000.png,frame_00119.png,r90_e60_f0.mp4,90 Hz,1/60,蛍光灯なし,59.966 fps,90,60,0,32,hocho,B,B,12,,,frame_00000.png,frame_00119.png,,120,2.001129
hocho_B_12,lockin,0,0,QR未検出,,lockin,binary,,,7.483080,4,8,1,0.605706,,0.605706,frame_00000.png,frame_00119.png,r90_e60_f0.mp4,90 Hz,1/60,蛍光灯なし,59.966 fps,90,60,0,32,hocho,B,B,12,,,frame_00000.png,frame_00119.png,,120,2.001129
hocho_B_12,lockin,0,0,QR未検出,,lockin,binary,,,9.966161,8,8,1,0.600289,,0.600289,frame_00000.png,frame_00119.png,r90_e60_f0.mp4,90 Hz,1/60,蛍光灯なし,59.966 fps,90,60,0,32,hocho,B,B,12,,,frame_00000.png,frame_00119.png,,120,2.001129
hocho_B_12,lockin,0,0,QR未検出,,lockin,binary,,,7.483080,8,8,1,0.596064,,0.596064,frame_00000.png,frame_00119.png,r90_e60_f0.mp4,90 Hz,1/60,蛍光灯なし,59.966 fps,90,60,0,32,hocho,B,B,12,,,frame_00000.png,frame_00119.png,,120,2.001129
hocho_B_12,lockin,0,0,QR未検出,,lockin,binary,,,22.500000,4,8,1,0.574506,,0.574506,frame_00000.png,frame_00119.png,r90_e60_f0.mp4,90 Hz,1/60,蛍光灯なし,59.966 fps,90,60,0,32,hocho,B,B,12,,,frame_00000.png,frame_00119.png,,120,2.001129
ex_B_4,lockin,1,0,QR未検出,,lockin,binary,,,14.966161,8,8,1,0.775316,,0.775316,frame_00000.png,frame_00119.png,r90_e60_f0.mp4,90 Hz,1/60,蛍光灯なし,59.966 fps,90,60,0,33,ex,B,B,4,,,frame_00000.png,frame_00119.png,,120,2.001129
ex_B_4,lockin,0,0,QR未検出,,lockin,binary,,,14.966161,12,8,1,0.727118,,0.727118,frame_00000.png,frame_00119.png,r90_e60_f0.mp4,90 Hz,1/60,蛍光灯なし,59.966 fps,90,60,0,33,ex,B,B,4,,,frame_00000.png,frame_00119.png,,120,2.001129
ex_B_4,lockin,0,0,QR未検出,,lockin,binary,,,14.966161,4,8,1,0.720562,,0.720562,frame_00000.png,frame_00119.png,r90_e60_f0.mp4,90 Hz,1/60,蛍光灯なし,59.966 fps,90,60,0,33,ex,B,B,4,,,frame_00000.png,frame_00119.png,,120,2.001129
ex_B_4,lockin,0,0,QR未検出,,lockin,binary,,,22.500000,12,8,1,0.632947,,0.632947,frame_00000.png,frame_00119.png,r90_e60_f0.mp4,90 Hz,1/60,蛍光灯なし,59.966 fps,90,60,0,33,ex,B,B,4,,,frame_00000.png,frame_00119.png,,120,2.001129
ex_B_4,lockin,0,0,QR未検出,,lockin,binary,,,9.966161,12,8,1,0.631657,,0.631657,frame_00000.png,frame_00119.png,r90_e60_f0.mp4,90 Hz,1/60,蛍光灯なし,59.966 fps,90,60,0,33,ex,B,B,4,,,frame_00000.png,frame_00119.png,,120,2.001129
ex_B_4,lockin,0,0,QR未検出,,lockin,binary,,,7.483080,4,8,1,0.622431,,0.622431,frame_00000.png,frame_00119.png,r90_e60_f0.mp4,90 Hz,1/60,蛍光灯なし,59.966 fps,90,60,0,33,ex,B,B,4,,,frame_00000.png,frame_00119.png,,120,2.001129
ex_B_4,lockin,0,0,QR未検出,,lockin,binary,,,7.483080,12,8,1,0.612145,,0.612145,frame_00000.png,frame_00119.png,r90_e60_f0.mp4,90 Hz,1/60,蛍光灯なし,59.966 fps,90,60,0,33,ex,B,B,4,,,frame_00000.png,frame_00119.png,,120,2.001129
ex_B_4,lockin,0,0,QR未検出,,lockin,binary,,,9.966161,4,8,1,0.600736,,0.600736,frame_00000.png,frame_00119.png,r90_e60_f0.mp4,90 Hz,1/60,蛍光灯なし,59.966 fps,90,60,0,33,ex,B,B,4,,,frame_00000.png,frame_00119.png,,120,2.001129
ex_B_4,lockin,0,0,QR未検出,,lockin,binary,,,22.500000,4,8,1,0.598960,,0.598960,frame_00000.png,frame_00119.png,r90_e60_f0.mp4,90 Hz,1/60,蛍光灯なし,59.966 fps,90,60,0,33,ex,B,B,4,,,frame_00000.png,frame_00119.png,,120,2.001129
ex_B_4,lockin,0,0,QR未検出,,lockin,binary,,,9.966161,8,8,1,0.577008,,0.577008,frame_00000.png,frame_00119.png,r90_e60_f0.mp4,90 Hz,1/60,蛍光灯なし,59.966 fps,90,60,0,33,ex,B,B,4,,,frame_00000.png,frame_00119.png,,120,2.001129
ex_B_4,lockin,0,0,QR未検出,,lockin,binary,,,22.500000,8,8,1,0.566062,,0.566062,frame_00000.png,frame_00119.png,r90_e60_f0.mp4,90 Hz,1/60,蛍光灯なし,59.966 fps,90,60,0,33,ex,B,B,4,,,frame_00000.png,frame_00119.png,,120,2.001129
ex_B_4,lockin,0,0,QR未検出,,lockin,binary,,,7.483080,8,8,1,0.505501,,0.505501,frame_00000.png,frame_00119.png,r90_e60_f0.mp4,90 Hz,1/60,蛍光灯なし,59.966 fps,90,60,0,33,ex,B,B,4,,,frame_00000.png,frame_00119.png,,120,2.001129
ex_B_8,lockin,1,0,QR未検出,,lockin,binary,,,14.966161,12,8,1,0.885428,,0.885428,frame_00000.png,frame_00119.png,r90_e60_f0.mp4,90 Hz,1/60,蛍光灯なし,59.966 fps,90,60,0,34,ex,B,B,8,,,frame_00000.png,frame_00119.png,,120,2.001129
ex_B_8,lockin,0,0,QR未検出,,lockin,binary,,,14.966161,8,8,1,0.865541,,0.865541,frame_00000.png,frame_00119.png,r90_e60_f0.mp4,90 Hz,1/60,蛍光灯なし,59.966 fps,90,60,0,34,ex,B,B,8,,,frame_00000.png,frame_00119.png,,120,2.001129
ex_B_8,lockin,0,0,QR未検出,,lockin,binary,,,14.966161,4,8,1,0.712562,,0.712562,frame_00000.png,frame_00119.png,r90_e60_f0.mp4,90 Hz,1/60,蛍光灯なし,59.966 fps,90,60,0,34,ex,B,B,8,,,frame_00000.png,frame_00119.png,,120,2.001129
ex_B_8,lockin,0,0,QR未検出,,lockin,binary,,,9.966161,12,8,1,0.694345,,0.694345,frame_00000.png,frame_00119.png,r90_e60_f0.mp4,90 Hz,1/60,蛍光灯なし,59.966 fps,90,60,0,34,ex,B,B,8,,,frame_00000.png,frame_00119.png,,120,2.001129
ex_B_8,lockin,0,0,QR未検出,,lockin,binary,,,22.500000,12,8,1,0.688721,,0.688721,frame_00000.png,frame_00119.png,r90_e60_f0.mp4,90 Hz,1/60,蛍光灯なし,59.966 fps,90,60,0,34,ex,B,B,8,,,frame_00000.png,frame_00119.png,,120,2.001129
ex_B_8,lockin,0,0,QR未検出,,lockin,binary,,,7.483080,12,8,1,0.683899,,0.683899,frame_00000.png,frame_00119.png,r90_e60_f0.mp4,90 Hz,1/60,蛍光灯なし,59.966 fps,90,60,0,34,ex,B,B,8,,,frame_00000.png,frame_00119.png,,120,2.001129
ex_B_8,lockin,0,0,QR未検出,,lockin,binary,,,9.966161,8,8,1,0.615485,,0.615485,frame_00000.png,frame_00119.png,r90_e60_f0.mp4,90 Hz,1/60,蛍光灯なし,59.966 fps,90,60,0,34,ex,B,B,8,,,frame_00000.png,frame_00119.png,,120,2.001129
ex_B_8,lockin,0,0,QR未検出,,lockin,binary,,,7.483080,4,8,1,0.613534,,0.613534,frame_00000.png,frame_00119.png,r90_e60_f0.mp4,90 Hz,1/60,蛍光灯なし,59.966 fps,90,60,0,34,ex,B,B,8,,,frame_00000.png,frame_00119.png,,120,2.001129
ex_B_8,lockin,0,0,QR未検出,,lockin,binary,,,22.500000,4,8,1,0.604375,,0.604375,frame_00000.png,frame_00119.png,r90_e60_f0.mp4,90 Hz,1/60,蛍光灯なし,59.966 fps,90,60,0,34,ex,B,B,8,,,frame_00000.png,frame_00119.png,,120,2.001129
ex_B_8,lockin,0,0,QR未検出,,lockin,binary,,,9.966161,4,8,1,0.601843,,0.601843,frame_00000.png,frame_00119.png,r90_e60_f0.mp4,90 Hz,1/60,蛍光灯なし,59.966 fps,90,60,0,34,ex,B,B,8,,,frame_00000.png,frame_00119.png,,120,2.001129
ex_B_8,lockin,0,0,QR未検出,,lockin,binary,,,22.500000,8,8,1,0.588841,,0.588841,frame_00000.png,frame_00119.png,r90_e60_f0.mp4,90 Hz,1/60,蛍光灯なし,59.966 fps,90,60,0,34,ex,B,B,8,,,frame_00000.png,frame_00119.png,,120,2.001129
ex_B_8,lockin,0,0,QR未検出,,lockin,binary,,,7.483080,8,8,1,0.584206,,0.584206,frame_00000.png,frame_00119.png,r90_e60_f0.mp4,90 Hz,1/60,蛍光灯なし,59.966 fps,90,60,0,34,ex,B,B,8,,,frame_00000.png,frame_00119.png,,120,2.001129
ex_B_12,lockin,1,0,QR未検出,,lockin,binary,,,14.966161,12,8,1,0.880177,,0.880177,frame_00000.png,frame_00119.png,r90_e60_f0.mp4,90 Hz,1/60,蛍光灯なし,59.966 fps,90,60,0,35,ex,B,B,12,,,frame_00000.png,frame_00119.png,,120,2.001129
ex_B_12,lockin,0,0,QR未検出,,lockin,binary,,,14.966161,8,8,1,0.836470,,0.836470,frame_00000.png,frame_00119.png,r90_e60_f0.mp4,90 Hz,1/60,蛍光灯なし,59.966 fps,90,60,0,35,ex,B,B,12,,,frame_00000.png,frame_00119.png,,120,2.001129
ex_B_12,lockin,0,0,QR未検出,,lockin,binary,,,14.966161,4,8,1,0.733172,,0.733172,frame_00000.png,frame_00119.png,r90_e60_f0.mp4,90 Hz,1/60,蛍光灯なし,59.966 fps,90,60,0,35,ex,B,B,12,,,frame_00000.png,frame_00119.png,,120,2.001129
ex_B_12,lockin,0,0,QR未検出,,lockin,binary,,,7.483080,12,8,1,0.726899,,0.726899,frame_00000.png,frame_00119.png,r90_e60_f0.mp4,90 Hz,1/60,蛍光灯なし,59.966 fps,90,60,0,35,ex,B,B,12,,,frame_00000.png,frame_00119.png,,120,2.001129
ex_B_12,lockin,0,0,QR未検出,,lockin,binary,,,22.500000,12,8,1,0.711439,,0.711439,frame_00000.png,frame_00119.png,r90_e60_f0.mp4,90 Hz,1/60,蛍光灯なし,59.966 fps,90,60,0,35,ex,B,B,12,,,frame_00000.png,frame_00119.png,,120,2.001129
ex_B_12,lockin,0,0,QR未検出,,lockin,binary,,,9.966161,12,8,1,0.709306,,0.709306,frame_00000.png,frame_00119.png,r90_e60_f0.mp4,90 Hz,1/60,蛍光灯なし,59.966 fps,90,60,0,35,ex,B,B,12,,,frame_00000.png,frame_00119.png,,120,2.001129
ex_B_12,lockin,0,0,QR未検出,,lockin,binary,,,22.500000,8,8,1,0.708342,,0.708342,frame_00000.png,frame_00119.png,r90_e60_f0.mp4,90 Hz,1/60,蛍光灯なし,59.966 fps,90,60,0,35,ex,B,B,12,,,frame_00000.png,frame_00119.png,,120,2.001129
ex_B_12,lockin,0,0,QR未検出,,lockin,binary,,,7.483080,8,8,1,0.623047,,0.623047,frame_00000.png,frame_00119.png,r90_e60_f0.mp4,90 Hz,1/60,蛍光灯なし,59.966 fps,90,60,0,35,ex,B,B,12,,,frame_00000.png,frame_00119.png,,120,2.001129
ex_B_12,lockin,0,0,QR未検出,,lockin,binary,,,9.966161,4,8,1,0.605955,,0.605955,frame_00000.png,frame_00119.png,r90_e60_f0.mp4,90 Hz,1/60,蛍光灯なし,59.966 fps,90,60,0,35,ex,B,B,12,,,frame_00000.png,frame_00119.png,,120,2.001129
ex_B_12,lockin,0,0,QR未検出,,lockin,binary,,,9.966161,8,8,1,0.604440,,0.604440,frame_00000.png,frame_00119.png,r90_e60_f0.mp4,90 Hz,1/60,蛍光灯なし,59.966 fps,90,60,0,35,ex,B,B,12,,,frame_00000.png,frame_00119.png,,120,2.001129
ex_B_12,lockin,0,0,QR未検出,,lockin,binary,,,7.483080,4,8,1,0.604069,,0.604069,frame_00000.png,frame_00119.png,r90_e60_f0.mp4,90 Hz,1/60,蛍光灯なし,59.966 fps,90,60,0,35,ex,B,B,12,,,frame_00000.png,frame_00119.png,,120,2.001129
ex_B_12,lockin,0,0,QR未検出,,lockin,binary,,,22.500000,4,8,1,0.521398,,0.521398,frame_00000.png,frame_00119.png,r90_e60_f0.mp4,90 Hz,1/60,蛍光灯なし,59.966 fps,90,60,0,35,ex,B,B,12,,,frame_00000.png,frame_00119.png,,120,2.001129
rice_I_4,lockin,1,0,QR未検出,,lockin,binary,,,14.966161,12,8,1,0.807386,,0.807386,frame_00000.png,frame_00119.png,r90_e60_f0.mp4,90 Hz,1/60,蛍光灯なし,59.966 fps,90,60,0,36,rice,min,I,4,,,frame_00000.png,frame_00119.png,,120,2.001129
rice_I_4,lockin,0,0,QR未検出,,lockin,binary,,,14.966161,8,8,1,0.760755,,0.760755,frame_00000.png,frame_00119.png,r90_e60_f0.mp4,90 Hz,1/60,蛍光灯なし,59.966 fps,90,60,0,36,rice,min,I,4,,,frame_00000.png,frame_00119.png,,120,2.001129
rice_I_4,lockin,0,0,QR未検出,,lockin,binary,,,9.966161,4,8,1,0.642444,,0.642444,frame_00000.png,frame_00119.png,r90_e60_f0.mp4,90 Hz,1/60,蛍光灯なし,59.966 fps,90,60,0,36,rice,min,I,4,,,frame_00000.png,frame_00119.png,,120,2.001129
rice_I_4,lockin,0,0,QR未検出,,lockin,binary,,,22.500000,12,8,1,0.640787,,0.640787,frame_00000.png,frame_00119.png,r90_e60_f0.mp4,90 Hz,1/60,蛍光灯なし,59.966 fps,90,60,0,36,rice,min,I,4,,,frame_00000.png,frame_00119.png,,120,2.001129
rice_I_4,lockin,0,0,QR未検出,,lockin,binary,,,7.483080,12,8,1,0.639589,,0.639589,frame_00000.png,frame_00119.png,r90_e60_f0.mp4,90 Hz,1/60,蛍光灯なし,59.966 fps,90,60,0,36,rice,min,I,4,,,frame_00000.png,frame_00119.png,,120,2.001129
rice_I_4,lockin,0,0,QR未検出,,lockin,binary,,,22.500000,8,8,1,0.627892,,0.627892,frame_00000.png,frame_00119.png,r90_e60_f0.mp4,90 Hz,1/60,蛍光灯なし,59.966 fps,90,60,0,36,rice,min,I,4,,,frame_00000.png,frame_00119.png,,120,2.001129
rice_I_4,lockin,0,0,QR未検出,,lockin,binary,,,7.483080,4,8,1,0.597878,,0.597878,frame_00000.png,frame_00119.png,r90_e60_f0.mp4,90 Hz,1/60,蛍光灯なし,59.966 fps,90,60,0,36,rice,min,I,4,,,frame_00000.png,frame_00119.png,,120,2.001129
rice_I_4,lockin,0,0,QR未検出,,lockin,binary,,,7.483080,8,8,1,0.594414,,0.594414,frame_00000.png,frame_00119.png,r90_e60_f0.mp4,90 Hz,1/60,蛍光灯なし,59.966 fps,90,60,0,36,rice,min,I,4,,,frame_00000.png,frame_00119.png,,120,2.001129
rice_I_4,lockin,0,0,QR未検出,,lockin,binary,,,9.966161,12,8,1,0.581794,,0.581794,frame_00000.png,frame_00119.png,r90_e60_f0.mp4,90 Hz,1/60,蛍光灯なし,59.966 fps,90,60,0,36,rice,min,I,4,,,frame_00000.png,frame_00119.png,,120,2.001129
rice_I_4,lockin,0,0,QR未検出,,lockin,binary,,,14.966161,4,8,1,0.549283,,0.549283,frame_00000.png,frame_00119.png,r90_e60_f0.mp4,90 Hz,1/60,蛍光灯なし,59.966 fps,90,60,0,36,rice,min,I,4,,,frame_00000.png,frame_00119.png,,120,2.001129
rice_I_4,lockin,0,0,QR未検出,,lockin,binary,,,22.500000,4,8,1,0.545595,,0.545595,frame_00000.png,frame_00119.png,r90_e60_f0.mp4,90 Hz,1/60,蛍光灯なし,59.966 fps,90,60,0,36,rice,min,I,4,,,frame_00000.png,frame_00119.png,,120,2.001129
rice_I_4,lockin,0,0,QR未検出,,lockin,binary,,,9.966161,8,8,1,0.539954,,0.539954,frame_00000.png,frame_00119.png,r90_e60_f0.mp4,90 Hz,1/60,蛍光灯なし,59.966 fps,90,60,0,36,rice,min,I,4,,,frame_00000.png,frame_00119.png,,120,2.001129
rice_I_8,lockin,1,0,QR未検出,,lockin,binary,,,14.966161,12,8,1,0.833206,,0.833206,frame_00000.png,frame_00119.png,r90_e60_f0.mp4,90 Hz,1/60,蛍光灯なし,59.966 fps,90,60,0,37,rice,min,I,8,,,frame_00000.png,frame_00119.png,,120,2.001129
rice_I_8,lockin,0,0,QR未検出,,lockin,binary,,,14.966161,8,8,1,0.776560,,0.776560,frame_00000.png,frame_00119.png,r90_e60_f0.mp4,90 Hz,1/60,蛍光灯なし,59.966 fps,90,60,0,37,rice,min,I,8,,,frame_00000.png,frame_00119.png,,120,2.001129
rice_I_8,lockin,0,0,QR未検出,,lockin,binary,,,7.483080,12,8,1,0.677856,,0.677856,frame_00000.png,frame_00119.png,r90_e60_f0.mp4,90 Hz,1/60,蛍光灯なし,59.966 fps,90,60,0,37,rice,min,I,8,,,frame_00000.png,frame_00119.png,,120,2.001129
rice_I_8,lockin,0,0,QR未検出,,lockin,binary,,,9.966161,12,8,1,0.672633,,0.672633,frame_00000.png,frame_00119.png,r90_e60_f0.mp4,90 Hz,1/60,蛍光灯なし,59.966 fps,90,60,0,37,rice,min,I,8,,,frame_00000.png,frame_00119.png,,120,2.001129
rice_I_8,lockin,0,0,QR未検出,,lockin,binary,,,22.500000,12,8,1,0.671975,,0.671975,frame_00000.png,frame_00119.png,r90_e60_f0.mp4,90 Hz,1/60,蛍光灯なし,59.966 fps,90,60,0,37,rice,min,I,8,,,frame_00000.png,frame_00119.png,,120,2.001129
rice_I_8,lockin,0,0,QR未検出,,lockin,binary,,,9.966161,8,8,1,0.661078,,0.661078,frame_00000.png,frame_00119.png,r90_e60_f0.mp4,90 Hz,1/60,蛍光灯なし,59.966 fps,90,60,0,37,rice,min,I,8,,,frame_00000.png,frame_00119.png,,120,2.001129
rice_I_8,lockin,0,0,QR未検出,,lockin,binary,,,7.483080,4,8,1,0.630727,,0.630727,frame_00000.png,frame_00119.png,r90_e60_f0.mp4,90 Hz,1/60,蛍光灯なし,59.966 fps,90,60,0,37,rice,min,I,8,,,frame_00000.png,frame_00119.png,,120,2.001129
rice_I_8,lockin,0,0,QR未検出,,lockin,binary,,,22.500000,4,8,1,0.609974,,0.609974,frame_00000.png,frame_00119.png,r90_e60_f0.mp4,90 Hz,1/60,蛍光灯なし,59.966 fps,90,60,0,37,rice,min,I,8,,,frame_00000.png,frame_00119.png,,120,2.001129
rice_I_8,lockin,0,0,QR未検出,,lockin,binary,,,14.966161,4,8,1,0.605794,,0.605794,frame_00000.png,frame_00119.png,r90_e60_f0.mp4,90 Hz,1/60,蛍光灯なし,59.966 fps,90,60,0,37,rice,min,I,8,,,frame_00000.png,frame_00119.png,,120,2.001129
rice_I_8,lockin,0,0,QR未検出,,lockin,binary,,,22.500000,8,8,1,0.604111,,0.604111,frame_00000.png,frame_00119.png,r90_e60_f0.mp4,90 Hz,1/60,蛍光灯なし,59.966 fps,90,60,0,37,rice,min,I,8,,,frame_00000.png,frame_00119.png,,120,2.001129
rice_I_8,lockin,0,0,QR未検出,,lockin,binary,,,9.966161,4,8,1,0.578634,,0.578634,frame_00000.png,frame_00119.png,r90_e60_f0.mp4,90 Hz,1/60,蛍光灯なし,59.966 fps,90,60,0,37,rice,min,I,8,,,frame_00000.png,frame_00119.png,,120,2.001129
rice_I_8,lockin,0,0,QR未検出,,lockin,binary,,,7.483080,8,8,1,0.573346,,0.573346,frame_00000.png,frame_00119.png,r90_e60_f0.mp4,90 Hz,1/60,蛍光灯なし,59.966 fps,90,60,0,37,rice,min,I,8,,,frame_00000.png,frame_00119.png,,120,2.001129
rice_I_12,lockin,1,0,QR未検出,,lockin,binary,,,14.966161,12,8,1,0.863667,,0.863667,frame_00000.png,frame_00119.png,r90_e60_f0.mp4,90 Hz,1/60,蛍光灯なし,59.966 fps,90,60,0,38,rice,min,I,12,,,frame_00000.png,frame_00119.png,,120,2.001129
rice_I_12,lockin,0,0,QR未検出,,lockin,binary,,,14.966161,8,8,1,0.819089,,0.819089,frame_00000.png,frame_00119.png,r90_e60_f0.mp4,90 Hz,1/60,蛍光灯なし,59.966 fps,90,60,0,38,rice,min,I,12,,,frame_00000.png,frame_00119.png,,120,2.001129
rice_I_12,lockin,0,0,QR未検出,,lockin,binary,,,14.966161,4,8,1,0.734888,,0.734888,frame_00000.png,frame_00119.png,r90_e60_f0.mp4,90 Hz,1/60,蛍光灯なし,59.966 fps,90,60,0,38,rice,min,I,12,,,frame_00000.png,frame_00119.png,,120,2.001129
rice_I_12,lockin,0,0,QR未検出,,lockin,binary,,,7.483080,12,8,1,0.683310,,0.683310,frame_00000.png,frame_00119.png,r90_e60_f0.mp4,90 Hz,1/60,蛍光灯なし,59.966 fps,90,60,0,38,rice,min,I,12,,,frame_00000.png,frame_00119.png,,120,2.001129
rice_I_12,lockin,0,0,QR未検出,,lockin,binary,,,22.500000,12,8,1,0.680510,,0.680510,frame_00000.png,frame_00119.png,r90_e60_f0.mp4,90 Hz,1/60,蛍光灯なし,59.966 fps,90,60,0,38,rice,min,I,12,,,frame_00000.png,frame_00119.png,,120,2.001129
rice_I_12,lockin,0,0,QR未検出,,lockin,binary,,,9.966161,12,8,1,0.663503,,0.663503,frame_00000.png,frame_00119.png,r90_e60_f0.mp4,90 Hz,1/60,蛍光灯なし,59.966 fps,90,60,0,38,rice,min,I,12,,,frame_00000.png,frame_00119.png,,120,2.001129
rice_I_12,lockin,0,0,QR未検出,,lockin,binary,,,9.966161,4,8,1,0.631131,,0.631131,frame_00000.png,frame_00119.png,r90_e60_f0.mp4,90 Hz,1/60,蛍光灯なし,59.966 fps,90,60,0,38,rice,min,I,12,,,frame_00000.png,frame_00119.png,,120,2.001129
rice_I_12,lockin,0,0,QR未検出,,lockin,binary,,,7.483080,4,8,1,0.627091,,0.627091,frame_00000.png,frame_00119.png,r90_e60_f0.mp4,90 Hz,1/60,蛍光灯なし,59.966 fps,90,60,0,38,rice,min,I,12,,,frame_00000.png,frame_00119.png,,120,2.001129
rice_I_12,lockin,0,0,QR未検出,,lockin,binary,,,22.500000,4,8,1,0.605042,,0.605042,frame_00000.png,frame_00119.png,r90_e60_f0.mp4,90 Hz,1/60,蛍光灯なし,59.966 fps,90,60,0,38,rice,min,I,12,,,frame_00000.png,frame_00119.png,,120,2.001129
rice_I_12,lockin,0,0,QR未検出,,lockin,binary,,,22.500000,8,8,1,0.594337,,0.594337,frame_00000.png,frame_00119.png,r90_e60_f0.mp4,90 Hz,1/60,蛍光灯なし,59.966 fps,90,60,0,38,rice,min,I,12,,,frame_00000.png,frame_00119.png,,120,2.001129
rice_I_12,lockin,0,0,QR未検出,,lockin,binary,,,7.483080,8,8,1,0.564846,,0.564846,frame_00000.png,frame_00119.png,r90_e60_f0.mp4,90 Hz,1/60,蛍光灯なし,59.966 fps,90,60,0,38,rice,min,I,12,,,frame_00000.png,frame_00119.png,,120,2.001129
rice_I_12,lockin,0,0,QR未検出,,lockin,binary,,,9.966161,8,8,1,0.542477,,0.542477,frame_00000.png,frame_00119.png,r90_e60_f0.mp4,90 Hz,1/60,蛍光灯なし,59.966 fps,90,60,0,38,rice,min,I,12,,,frame_00000.png,frame_00119.png,,120,2.001129
nagaoka_fireworks_I_4,lockin,1,0,QR未検出,,lockin,binary,,,14.966161,12,8,1,0.691104,,0.691104,frame_00000.png,frame_00119.png,r90_e60_f0.mp4,90 Hz,1/60,蛍光灯なし,59.966 fps,90,60,0,39,nagaoka_fireworks,min,I,4,,,frame_00000.png,frame_00119.png,,120,2.001129
nagaoka_fireworks_I_4,lockin,0,0,QR未検出,,lockin,binary,,,14.966161,8,8,1,0.674337,,0.674337,frame_00000.png,frame_00119.png,r90_e60_f0.mp4,90 Hz,1/60,蛍光灯なし,59.966 fps,90,60,0,39,nagaoka_fireworks,min,I,4,,,frame_00000.png,frame_00119.png,,120,2.001129
nagaoka_fireworks_I_4,lockin,0,0,QR未検出,,lockin,binary,,,7.483080,12,8,1,0.625233,,0.625233,frame_00000.png,frame_00119.png,r90_e60_f0.mp4,90 Hz,1/60,蛍光灯なし,59.966 fps,90,60,0,39,nagaoka_fireworks,min,I,4,,,frame_00000.png,frame_00119.png,,120,2.001129
nagaoka_fireworks_I_4,lockin,0,0,QR未検出,,lockin,binary,,,22.500000,12,8,1,0.618306,,0.618306,frame_00000.png,frame_00119.png,r90_e60_f0.mp4,90 Hz,1/60,蛍光灯なし,59.966 fps,90,60,0,39,nagaoka_fireworks,min,I,4,,,frame_00000.png,frame_00119.png,,120,2.001129
nagaoka_fireworks_I_4,lockin,0,0,QR未検出,,lockin,binary,,,9.966161,12,8,1,0.609717,,0.609717,frame_00000.png,frame_00119.png,r90_e60_f0.mp4,90 Hz,1/60,蛍光灯なし,59.966 fps,90,60,0,39,nagaoka_fireworks,min,I,4,,,frame_00000.png,frame_00119.png,,120,2.001129
nagaoka_fireworks_I_4,lockin,0,0,QR未検出,,lockin,binary,,,7.483080,8,8,1,0.593684,,0.593684,frame_00000.png,frame_00119.png,r90_e60_f0.mp4,90 Hz,1/60,蛍光灯なし,59.966 fps,90,60,0,39,nagaoka_fireworks,min,I,4,,,frame_00000.png,frame_00119.png,,120,2.001129
nagaoka_fireworks_I_4,lockin,0,0,QR未検出,,lockin,binary,,,22.500000,8,8,1,0.593504,,0.593504,frame_00000.png,frame_00119.png,r90_e60_f0.mp4,90 Hz,1/60,蛍光灯なし,59.966 fps,90,60,0,39,nagaoka_fireworks,min,I,4,,,frame_00000.png,frame_00119.png,,120,2.001129
nagaoka_fireworks_I_4,lockin,0,0,QR未検出,,lockin,binary,,,14.966161,4,8,1,0.575334,,0.575334,frame_00000.png,frame_00119.png,r90_e60_f0.mp4,90 Hz,1/60,蛍光灯なし,59.966 fps,90,60,0,39,nagaoka_fireworks,min,I,4,,,frame_00000.png,frame_00119.png,,120,2.001129
nagaoka_fireworks_I_4,lockin,0,0,QR未検出,,lockin,binary,,,9.966161,8,8,1,0.564533,,0.564533,frame_00000.png,frame_00119.png,r90_e60_f0.mp4,90 Hz,1/60,蛍光灯なし,59.966 fps,90,60,0,39,nagaoka_fireworks,min,I,4,,,frame_00000.png,frame_00119.png,,120,2.001129
nagaoka_fireworks_I_4,lockin,0,0,QR未検出,,lockin,binary,,,9.966161,4,8,1,0.525255,,0.525255,frame_00000.png,frame_00119.png,r90_e60_f0.mp4,90 Hz,1/60,蛍光灯なし,59.966 fps,90,60,0,39,nagaoka_fireworks,min,I,4,,,frame_00000.png,frame_00119.png,,120,2.001129
nagaoka_fireworks_I_4,lockin,0,0,QR未検出,,lockin,binary,,,7.483080,4,8,1,0.512218,,0.512218,frame_00000.png,frame_00119.png,r90_e60_f0.mp4,90 Hz,1/60,蛍光灯なし,59.966 fps,90,60,0,39,nagaoka_fireworks,min,I,4,,,frame_00000.png,frame_00119.png,,120,2.001129
nagaoka_fireworks_I_4,lockin,0,0,QR未検出,,lockin,binary,,,22.500000,4,8,1,0.503372,,0.503372,frame_00000.png,frame_00119.png,r90_e60_f0.mp4,90 Hz,1/60,蛍光灯なし,59.966 fps,90,60,0,39,nagaoka_fireworks,min,I,4,,,frame_00000.png,frame_00119.png,,120,2.001129
nagaoka_fireworks_I_8,lockin,1,0,QR未検出,,lockin,binary,,,14.966161,12,8,1,0.722894,,0.722894,frame_00000.png,frame_00119.png,r90_e60_f0.mp4,90 Hz,1/60,蛍光灯なし,59.966 fps,90,60,0,40,nagaoka_fireworks,min,I,8,,,frame_00000.png,frame_00119.png,,120,2.001129
nagaoka_fireworks_I_8,lockin,0,0,QR未検出,,lockin,binary,,,14.966161,8,8,1,0.704886,,0.704886,frame_00000.png,frame_00119.png,r90_e60_f0.mp4,90 Hz,1/60,蛍光灯なし,59.966 fps,90,60,0,40,nagaoka_fireworks,min,I,8,,,frame_00000.png,frame_00119.png,,120,2.001129
nagaoka_fireworks_I_8,lockin,0,0,QR未検出,,lockin,binary,,,7.483080,12,8,1,0.673532,,0.673532,frame_00000.png,frame_00119.png,r90_e60_f0.mp4,90 Hz,1/60,蛍光灯なし,59.966 fps,90,60,0,40,nagaoka_fireworks,min,I,8,,,frame_00000.png,frame_00119.png,,120,2.001129
nagaoka_fireworks_I_8,lockin,0,0,QR未検出,,lockin,binary,,,9.966161,12,8,1,0.670526,,0.670526,frame_00000.png,frame_00119.png,r90_e60_f0.mp4,90 Hz,1/60,蛍光灯なし,59.966 fps,90,60,0,40,nagaoka_fireworks,min,I,8,,,frame_00000.png,frame_00119.png,,120,2.001129
nagaoka_fireworks_I_8,lockin,0,0,QR未検出,,lockin,binary,,,22.500000,12,8,1,0.644584,,0.644584,frame_00000.png,frame_00119.png,r90_e60_f0.mp4,90 Hz,1/60,蛍光灯なし,59.966 fps,90,60,0,40,nagaoka_fireworks,min,I,8,,,frame_00000.png,frame_00119.png,,120,2.001129
nagaoka_fireworks_I_8,lockin,0,0,QR未検出,,lockin,binary,,,22.500000,8,8,1,0.643149,,0.643149,frame_00000.png,frame_00119.png,r90_e60_f0.mp4,90 Hz,1/60,蛍光灯なし,59.966 fps,90,60,0,40,nagaoka_fireworks,min,I,8,,,frame_00000.png,frame_00119.png,,120,2.001129
nagaoka_fireworks_I_8,lockin,0,0,QR未検出,,lockin,binary,,,9.966161,8,8,1,0.630597,,0.630597,frame_00000.png,frame_00119.png,r90_e60_f0.mp4,90 Hz,1/60,蛍光灯なし,59.966 fps,90,60,0,40,nagaoka_fireworks,min,I,8,,,frame_00000.png,frame_00119.png,,120,2.001129
nagaoka_fireworks_I_8,lockin,0,0,QR未検出,,lockin,binary,,,7.483080,8,8,1,0.621907,,0.621907,frame_00000.png,frame_00119.png,r90_e60_f0.mp4,90 Hz,1/60,蛍光灯なし,59.966 fps,90,60,0,40,nagaoka_fireworks,min,I,8,,,frame_00000.png,frame_00119.png,,120,2.001129
nagaoka_fireworks_I_8,lockin,0,0,QR未検出,,lockin,binary,,,14.966161,4,8,1,0.594204,,0.594204,frame_00000.png,frame_00119.png,r90_e60_f0.mp4,90 Hz,1/60,蛍光灯なし,59.966 fps,90,60,0,40,nagaoka_fireworks,min,I,8,,,frame_00000.png,frame_00119.png,,120,2.001129
nagaoka_fireworks_I_8,lockin,0,0,QR未検出,,lockin,binary,,,22.500000,4,8,1,0.547843,,0.547843,frame_00000.png,frame_00119.png,r90_e60_f0.mp4,90 Hz,1/60,蛍光灯なし,59.966 fps,90,60,0,40,nagaoka_fireworks,min,I,8,,,frame_00000.png,frame_00119.png,,120,2.001129
nagaoka_fireworks_I_8,lockin,0,0,QR未検出,,lockin,binary,,,9.966161,4,8,1,0.509830,,0.509830,frame_00000.png,frame_00119.png,r90_e60_f0.mp4,90 Hz,1/60,蛍光灯なし,59.966 fps,90,60,0,40,nagaoka_fireworks,min,I,8,,,frame_00000.png,frame_00119.png,,120,2.001129
nagaoka_fireworks_I_8,lockin,0,0,QR未検出,,lockin,binary,,,7.483080,4,8,1,0.506750,,0.506750,frame_00000.png,frame_00119.png,r90_e60_f0.mp4,90 Hz,1/60,蛍光灯なし,59.966 fps,90,60,0,40,nagaoka_fireworks,min,I,8,,,frame_00000.png,frame_00119.png,,120,2.001129
nagaoka_fireworks_I_12,lockin,1,0,QR未検出,,lockin,binary,,,14.966161,12,8,1,0.812273,,0.812273,frame_00000.png,frame_00119.png,r90_e60_f0.mp4,90 Hz,1/60,蛍光灯なし,59.966 fps,90,60,0,41,nagaoka_fireworks,min,I,12,,,frame_00000.png,frame_00119.png,,120,2.001129
nagaoka_fireworks_I_12,lockin,0,0,QR未検出,,lockin,binary,,,14.966161,8,8,1,0.780061,,0.780061,frame_00000.png,frame_00119.png,r90_e60_f0.mp4,90 Hz,1/60,蛍光灯なし,59.966 fps,90,60,0,41,nagaoka_fireworks,min,I,12,,,frame_00000.png,frame_00119.png,,120,2.001129
nagaoka_fireworks_I_12,lockin,0,0,QR未検出,,lockin,binary,,,9.966161,12,8,1,0.723545,,0.723545,frame_00000.png,frame_00119.png,r90_e60_f0.mp4,90 Hz,1/60,蛍光灯なし,59.966 fps,90,60,0,41,nagaoka_fireworks,min,I,12,,,frame_00000.png,frame_00119.png,,120,2.001129
nagaoka_fireworks_I_12,lockin,0,0,QR未検出,,lockin,binary,,,7.483080,12,8,1,0.720270,,0.720270,frame_00000.png,frame_00119.png,r90_e60_f0.mp4,90 Hz,1/60,蛍光灯なし,59.966 fps,90,60,0,41,nagaoka_fireworks,min,I,12,,,frame_00000.png,frame_00119.png,,120,2.001129
nagaoka_fireworks_I_12,lockin,0,0,QR未検出,,lockin,binary,,,22.500000,12,8,1,0.691899,,0.691899,frame_00000.png,frame_00119.png,r90_e60_f0.mp4,90 Hz,1/60,蛍光灯なし,59.966 fps,90,60,0,41,nagaoka_fireworks,min,I,12,,,frame_00000.png,frame_00119.png,,120,2.001129
nagaoka_fireworks_I_12,lockin,0,0,QR未検出,,lockin,binary,,,14.966161,4,8,1,0.681455,,0.681455,frame_00000.png,frame_00119.png,r90_e60_f0.mp4,90 Hz,1/60,蛍光灯なし,59.966 fps,90,60,0,41,nagaoka_fireworks,min,I,12,,,frame_00000.png,frame_00119.png,,120,2.001129
nagaoka_fireworks_I_12,lockin,0,0,QR未検出,,lockin,binary,,,9.966161,8,8,1,0.674393,,0.674393,frame_00000.png,frame_00119.png,r90_e60_f0.mp4,90 Hz,1/60,蛍光灯なし,59.966 fps,90,60,0,41,nagaoka_fireworks,min,I,12,,,frame_00000.png,frame_00119.png,,120,2.001129
nagaoka_fireworks_I_12,lockin,0,0,QR未検出,,lockin,binary,,,7.483080,8,8,1,0.652029,,0.652029,frame_00000.png,frame_00119.png,r90_e60_f0.mp4,90 Hz,1/60,蛍光灯なし,59.966 fps,90,60,0,41,nagaoka_fireworks,min,I,12,,,frame_00000.png,frame_00119.png,,120,2.001129
nagaoka_fireworks_I_12,lockin,0,0,QR未検出,,lockin,binary,,,22.500000,8,8,1,0.622162,,0.622162,frame_00000.png,frame_00119.png,r90_e60_f0.mp4,90 Hz,1/60,蛍光灯なし,59.966 fps,90,60,0,41,nagaoka_fireworks,min,I,12,,,frame_00000.png,frame_00119.png,,120,2.001129
nagaoka_fireworks_I_12,lockin,0,0,QR未検出,,lockin,binary,,,9.966161,4,8,1,0.538363,,0.538363,frame_00000.png,frame_00119.png,r90_e60_f0.mp4,90 Hz,1/60,蛍光灯なし,59.966 fps,90,60,0,41,nagaoka_fireworks,min,I,12,,,frame_00000.png,frame_00119.png,,120,2.001129
nagaoka_fireworks_I_12,lockin,0,0,QR未検出,,lockin,binary,,,7.483080,4,8,1,0.518979,,0.518979,frame_00000.png,frame_00119.png,r90_e60_f0.mp4,90 Hz,1/60,蛍光灯なし,59.966 fps,90,60,0,41,nagaoka_fireworks,min,I,12,,,frame_00000.png,frame_00119.png,,120,2.001129
nagaoka_fireworks_I_12,lockin,0,0,QR未検出,,lockin,binary,,,22.500000,4,8,1,0.507758,,0.507758,frame_00000.png,frame_00119.png,r90_e60_f0.mp4,90 Hz,1/60,蛍光灯なし,59.966 fps,90,60,0,41,nagaoka_fireworks,min,I,12,,,frame_00000.png,frame_00119.png,,120,2.001129
hocho_I_4,lockin,1,0,QR未検出,,lockin,binary,,,9.966161,4,8,1,0.628382,,0.628382,frame_00000.png,frame_00119.png,r90_e60_f0.mp4,90 Hz,1/60,蛍光灯なし,59.966 fps,90,60,0,42,hocho,min,I,4,,,frame_00000.png,frame_00119.png,,120,2.001129
hocho_I_4,lockin,0,0,QR未検出,,lockin,binary,,,14.966161,4,8,1,0.627770,,0.627770,frame_00000.png,frame_00119.png,r90_e60_f0.mp4,90 Hz,1/60,蛍光灯なし,59.966 fps,90,60,0,42,hocho,min,I,4,,,frame_00000.png,frame_00119.png,,120,2.001129
hocho_I_4,lockin,0,0,QR未検出,,lockin,binary,,,7.483080,4,8,1,0.619280,,0.619280,frame_00000.png,frame_00119.png,r90_e60_f0.mp4,90 Hz,1/60,蛍光灯なし,59.966 fps,90,60,0,42,hocho,min,I,4,,,frame_00000.png,frame_00119.png,,120,2.001129
hocho_I_4,lockin,0,0,QR未検出,,lockin,binary,,,22.500000,12,8,1,0.604329,,0.604329,frame_00000.png,frame_00119.png,r90_e60_f0.mp4,90 Hz,1/60,蛍光灯なし,59.966 fps,90,60,0,42,hocho,min,I,4,,,frame_00000.png,frame_00119.png,,120,2.001129
hocho_I_4,lockin,0,0,QR未検出,,lockin,binary,,,22.500000,4,8,1,0.583937,,0.583937,frame_00000.png,frame_00119.png,r90_e60_f0.mp4,90 Hz,1/60,蛍光灯なし,59.966 fps,90,60,0,42,hocho,min,I,4,,,frame_00000.png,frame_00119.png,,120,2.001129
hocho_I_4,lockin,0,0,QR未検出,,lockin,binary,,,7.483080,12,8,1,0.581015,,0.581015,frame_00000.png,frame_00119.png,r90_e60_f0.mp4,90 Hz,1/60,蛍光灯なし,59.966 fps,90,60,0,42,hocho,min,I,4,,,frame_00000.png,frame_00119.png,,120,2.001129
hocho_I_4,lockin,0,0,QR未検出,,lockin,binary,,,14.966161,12,8,1,0.573817,,0.573817,frame_00000.png,frame_00119.png,r90_e60_f0.mp4,90 Hz,1/60,蛍光灯なし,59.966 fps,90,60,0,42,hocho,min,I,4,,,frame_00000.png,frame_00119.png,,120,2.001129
hocho_I_4,lockin,0,0,QR未検出,,lockin,binary,,,9.966161,12,8,1,0.560785,,0.560785,frame_00000.png,frame_00119.png,r90_e60_f0.mp4,90 Hz,1/60,蛍光灯なし,59.966 fps,90,60,0,42,hocho,min,I,4,,,frame_00000.png,frame_00119.png,,120,2.001129
hocho_I_4,lockin,0,0,QR未検出,,lockin,binary,,,22.500000,8,8,1,0.549225,,0.549225,frame_00000.png,frame_00119.png,r90_e60_f0.mp4,90 Hz,1/60,蛍光灯なし,59.966 fps,90,60,0,42,hocho,min,I,4,,,frame_00000.png,frame_00119.png,,120,2.001129
hocho_I_4,lockin,0,0,QR未検出,,lockin,binary,,,9.966161,8,8,1,0.518275,,0.518275,frame_00000.png,frame_00119.png,r90_e60_f0.mp4,90 Hz,1/60,蛍光灯なし,59.966 fps,90,60,0,42,hocho,min,I,4,,,frame_00000.png,frame_00119.png,,120,2.001129
hocho_I_4,lockin,0,0,QR未検出,,lockin,binary,,,14.966161,8,8,1,0.509604,,0.509604,frame_00000.png,frame_00119.png,r90_e60_f0.mp4,90 Hz,1/60,蛍光灯なし,59.966 fps,90,60,0,42,hocho,min,I,4,,,frame_00000.png,frame_00119.png,,120,2.001129
hocho_I_4,lockin,0,0,QR未検出,,lockin,binary,,,7.483080,8,8,1,0.506664,,0.506664,frame_00000.png,frame_00119.png,r90_e60_f0.mp4,90 Hz,1/60,蛍光灯なし,59.966 fps,90,60,0,42,hocho,min,I,4,,,frame_00000.png,frame_00119.png,,120,2.001129
hocho_I_8,lockin,1,0,QR未検出,,lockin,binary,,,14.966161,12,8,1,0.648867,,0.648867,frame_00000.png,frame_00119.png,r90_e60_f0.mp4,90 Hz,1/60,蛍光灯なし,59.966 fps,90,60,0,43,hocho,min,I,8,,,frame_00000.png,frame_00119.png,,120,2.001129
hocho_I_8,lockin,0,0,QR未検出,,lockin,binary,,,7.483080,4,8,1,0.635787,,0.635787,frame_00000.png,frame_00119.png,r90_e60_f0.mp4,90 Hz,1/60,蛍光灯なし,59.966 fps,90,60,0,43,hocho,min,I,8,,,frame_00000.png,frame_00119.png,,120,2.001129
hocho_I_8,lockin,0,0,QR未検出,,lockin,binary,,,9.966161,4,8,1,0.621084,,0.621084,frame_00000.png,frame_00119.png,r90_e60_f0.mp4,90 Hz,1/60,蛍光灯なし,59.966 fps,90,60,0,43,hocho,min,I,8,,,frame_00000.png,frame_00119.png,,120,2.001129
hocho_I_8,lockin,0,0,QR未検出,,lockin,binary,,,22.500000,4,8,1,0.615723,,0.615723,frame_00000.png,frame_00119.png,r90_e60_f0.mp4,90 Hz,1/60,蛍光灯なし,59.966 fps,90,60,0,43,hocho,min,I,8,,,frame_00000.png,frame_00119.png,,120,2.001129
hocho_I_8,lockin,0,0,QR未検出,,lockin,binary,,,14.966161,8,8,1,0.597908,,0.597908,frame_00000.png,frame_00119.png,r90_e60_f0.mp4,90 Hz,1/60,蛍光灯なし,59.966 fps,90,60,0,43,hocho,min,I,8,,,frame_00000.png,frame_00119.png,,120,2.001129
hocho_I_8,lockin,0,0,QR未検出,,lockin,binary,,,22.500000,12,8,1,0.591149,,0.591149,frame_00000.png,frame_00119.png,r90_e60_f0.mp4,90 Hz,1/60,蛍光灯なし,59.966 fps,90,60,0,43,hocho,min,I,8,,,frame_00000.png,frame_00119.png,,120,2.001129
hocho_I_8,lockin,0,0,QR未検出,,lockin,binary,,,9.966161,12,8,1,0.589520,,0.589520,frame_00000.png,frame_00119.png,r90_e60_f0.mp4,90 Hz,1/60,蛍光灯なし,59.966 fps,90,60,0,43,hocho,min,I,8,,,frame_00000.png,frame_00119.png,,120,2.001129
hocho_I_8,lockin,0,0,QR未検出,,lockin,binary,,,14.966161,4,8,1,0.575958,,0.575958,frame_00000.png,frame_00119.png,r90_e60_f0.mp4,90 Hz,1/60,蛍光灯なし,59.966 fps,90,60,0,43,hocho,min,I,8,,,frame_00000.png,frame_00119.png,,120,2.001129
hocho_I_8,lockin,0,0,QR未検出,,lockin,binary,,,7.483080,12,8,1,0.553655,,0.553655,frame_00000.png,frame_00119.png,r90_e60_f0.mp4,90 Hz,1/60,蛍光灯なし,59.966 fps,90,60,0,43,hocho,min,I,8,,,frame_00000.png,frame_00119.png,,120,2.001129
hocho_I_8,lockin,0,0,QR未検出,,lockin,binary,,,7.483080,8,8,1,0.539257,,0.539257,frame_00000.png,frame_00119.png,r90_e60_f0.mp4,90 Hz,1/60,蛍光灯なし,59.966 fps,90,60,0,43,hocho,min,I,8,,,frame_00000.png,frame_00119.png,,120,2.001129
hocho_I_8,lockin,0,0,QR未検出,,lockin,binary,,,22.500000,8,8,1,0.526277,,0.526277,frame_00000.png,frame_00119.png,r90_e60_f0.mp4,90 Hz,1/60,蛍光灯なし,59.966 fps,90,60,0,43,hocho,min,I,8,,,frame_00000.png,frame_00119.png,,120,2.001129
hocho_I_8,lockin,0,0,QR未検出,,lockin,binary,,,9.966161,8,8,1,0.514741,,0.514741,frame_00000.png,frame_00119.png,r90_e60_f0.mp4,90 Hz,1/60,蛍光灯なし,59.966 fps,90,60,0,43,hocho,min,I,8,,,frame_00000.png,frame_00119.png,,120,2.001129
hocho_I_12,lockin,1,0,QR未検出,,lockin,binary,,,14.966161,12,8,1,0.903688,,0.903688,frame_00000.png,frame_00119.png,r90_e60_f0.mp4,90 Hz,1/60,蛍光灯なし,59.966 fps,90,60,0,44,hocho,min,I,12,,,frame_00000.png,frame_00119.png,,120,2.001129
hocho_I_12,lockin,0,0,QR未検出,,lockin,binary,,,14.966161,8,8,1,0.867035,,0.867035,frame_00000.png,frame_00119.png,r90_e60_f0.mp4,90 Hz,1/60,蛍光灯なし,59.966 fps,90,60,0,44,hocho,min,I,12,,,frame_00000.png,frame_00119.png,,120,2.001129
hocho_I_12,lockin,0,0,QR未検出,,lockin,binary,,,14.966161,4,8,1,0.703273,,0.703273,frame_00000.png,frame_00119.png,r90_e60_f0.mp4,90 Hz,1/60,蛍光灯なし,59.966 fps,90,60,0,44,hocho,min,I,12,,,frame_00000.png,frame_00119.png,,120,2.001129
hocho_I_12,lockin,0,0,QR未検出,,lockin,binary,,,22.500000,12,8,1,0.687944,,0.687944,frame_00000.png,frame_00119.png,r90_e60_f0.mp4,90 Hz,1/60,蛍光灯なし,59.966 fps,90,60,0,44,hocho,min,I,12,,,frame_00000.png,frame_00119.png,,120,2.001129
hocho_I_12,lockin,0,0,QR未検出,,lockin,binary,,,9.966161,12,8,1,0.672745,,0.672745,frame_00000.png,frame_00119.png,r90_e60_f0.mp4,90 Hz,1/60,蛍光灯なし,59.966 fps,90,60,0,44,hocho,min,I,12,,,frame_00000.png,frame_00119.png,,120,2.001129
hocho_I_12,lockin,0,0,QR未検出,,lockin,binary,,,7.483080,12,8,1,0.643303,,0.643303,frame_00000.png,frame_00119.png,r90_e60_f0.mp4,90 Hz,1/60,蛍光灯なし,59.966 fps,90,60,0,44,hocho,min,I,12,,,frame_00000.png,frame_00119.png,,120,2.001129
hocho_I_12,lockin,0,0,QR未検出,,lockin,binary,,,22.500000,8,8,1,0.632093,,0.632093,frame_00000.png,frame_00119.png,r90_e60_f0.mp4,90 Hz,1/60,蛍光灯なし,59.966 fps,90,60,0,44,hocho,min,I,12,,,frame_00000.png,frame_00119.png,,120,2.001129
hocho_I_12,lockin,0,0,QR未検出,,lockin,binary,,,7.483080,4,8,1,0.627483,,0.627483,frame_00000.png,frame_00119.png,r90_e60_f0.mp4,90 Hz,1/60,蛍光灯なし,59.966 fps,90,60,0,44,hocho,min,I,12,,,frame_00000.png,frame_00119.png,,120,2.001129
hocho_I_12,lockin,0,0,QR未検出,,lockin,binary,,,9.966161,4,8,1,0.608707,,0.608707,frame_00000.png,frame_00119.png,r90_e60_f0.mp4,90 Hz,1/60,蛍光灯なし,59.966 fps,90,60,0,44,hocho,min,I,12,,,frame_00000.png,frame_00119.png,,120,2.001129
hocho_I_12,lockin,0,0,QR未検出,,lockin,binary,,,9.966161,8,8,1,0.601161,,0.601161,frame_00000.png,frame_00119.png,r90_e60_f0.mp4,90 Hz,1/60,蛍光灯なし,59.966 fps,90,60,0,44,hocho,min,I,12,,,frame_00000.png,frame_00119.png,,120,2.001129
hocho_I_12,lockin,0,0,QR未検出,,lockin,binary,,,22.500000,4,8,1,0.588290,,0.588290,frame_00000.png,frame_00119.png,r90_e60_f0.mp4,90 Hz,1/60,蛍光灯なし,59.966 fps,90,60,0,44,hocho,min,I,12,,,frame_00000.png,frame_00119.png,,120,2.001129
hocho_I_12,lockin,0,0,QR未検出,,lockin,binary,,,7.483080,8,8,1,0.550984,,0.550984,frame_00000.png,frame_00119.png,r90_e60_f0.mp4,90 Hz,1/60,蛍光灯なし,59.966 fps,90,60,0,44,hocho,min,I,12,,,frame_00000.png,frame_00119.png,,120,2.001129
ex_I_4,lockin,1,0,QR未検出,,lockin,binary,,,14.966161,12,8,1,0.762944,,0.762944,frame_00000.png,frame_00119.png,r90_e60_f0.mp4,90 Hz,1/60,蛍光灯なし,59.966 fps,90,60,0,45,ex,min,I,4,,,frame_00000.png,frame_00119.png,,120,2.001129
ex_I_4,lockin,0,0,QR未検出,,lockin,binary,,,14.966161,8,8,1,0.756852,,0.756852,frame_00000.png,frame_00119.png,r90_e60_f0.mp4,90 Hz,1/60,蛍光灯なし,59.966 fps,90,60,0,45,ex,min,I,4,,,frame_00000.png,frame_00119.png,,120,2.001129
ex_I_4,lockin,0,0,QR未検出,,lockin,binary,,,9.966161,12,8,1,0.640955,,0.640955,frame_00000.png,frame_00119.png,r90_e60_f0.mp4,90 Hz,1/60,蛍光灯なし,59.966 fps,90,60,0,45,ex,min,I,4,,,frame_00000.png,frame_00119.png,,120,2.001129
ex_I_4,lockin,0,0,QR未検出,,lockin,binary,,,22.500000,12,8,1,0.622218,,0.622218,frame_00000.png,frame_00119.png,r90_e60_f0.mp4,90 Hz,1/60,蛍光灯なし,59.966 fps,90,60,0,45,ex,min,I,4,,,frame_00000.png,frame_00119.png,,120,2.001129
ex_I_4,lockin,0,0,QR未検出,,lockin,binary,,,7.483080,4,8,1,0.621511,,0.621511,frame_00000.png,frame_00119.png,r90_e60_f0.mp4,90 Hz,1/60,蛍光灯なし,59.966 fps,90,60,0,45,ex,min,I,4,,,frame_00000.png,frame_00119.png,,120,2.001129
ex_I_4,lockin,0,0,QR未検出,,lockin,binary,,,7.483080,12,8,1,0.615833,,0.615833,frame_00000.png,frame_00119.png,r90_e60_f0.mp4,90 Hz,1/60,蛍光灯なし,59.966 fps,90,60,0,45,ex,min,I,4,,,frame_00000.png,frame_00119.png,,120,2.001129
ex_I_4,lockin,0,0,QR未検出,,lockin,binary,,,22.500000,4,8,1,0.613797,,0.613797,frame_00000.png,frame_00119.png,r90_e60_f0.mp4,90 Hz,1/60,蛍光灯なし,59.966 fps,90,60,0,45,ex,min,I,4,,,frame_00000.png,frame_00119.png,,120,2.001129
ex_I_4,lockin,0,0,QR未検出,,lockin,binary,,,9.966161,8,8,1,0.600403,,0.600403,frame_00000.png,frame_00119.png,r90_e60_f0.mp4,90 Hz,1/60,蛍光灯なし,59.966 fps,90,60,0,45,ex,min,I,4,,,frame_00000.png,frame_00119.png,,120,2.001129
ex_I_4,lockin,0,0,QR未検出,,lockin,binary,,,14.966161,4,8,1,0.579879,,0.579879,frame_00000.png,frame_00119.png,r90_e60_f0.mp4,90 Hz,1/60,蛍光灯なし,59.966 fps,90,60,0,45,ex,min,I,4,,,frame_00000.png,frame_00119.png,,120,2.001129
ex_I_4,lockin,0,0,QR未検出,,lockin,binary,,,9.966161,4,8,1,0.575691,,0.575691,frame_00000.png,frame_00119.png,r90_e60_f0.mp4,90 Hz,1/60,蛍光灯なし,59.966 fps,90,60,0,45,ex,min,I,4,,,frame_00000.png,frame_00119.png,,120,2.001129
ex_I_4,lockin,0,0,QR未検出,,lockin,binary,,,22.500000,8,8,1,0.539819,,0.539819,frame_00000.png,frame_00119.png,r90_e60_f0.mp4,90 Hz,1/60,蛍光灯なし,59.966 fps,90,60,0,45,ex,min,I,4,,,frame_00000.png,frame_00119.png,,120,2.001129
ex_I_4,lockin,0,0,QR未検出,,lockin,binary,,,7.483080,8,8,1,0.519364,,0.519364,frame_00000.png,frame_00119.png,r90_e60_f0.mp4,90 Hz,1/60,蛍光灯なし,59.966 fps,90,60,0,45,ex,min,I,4,,,frame_00000.png,frame_00119.png,,120,2.001129
ex_I_8,lockin,1,0,QR未検出,,lockin,binary,,,14.966161,12,8,1,0.835013,,0.835013,frame_00000.png,frame_00119.png,r90_e60_f0.mp4,90 Hz,1/60,蛍光灯なし,59.966 fps,90,60,0,46,ex,min,I,8,,,frame_00000.png,frame_00119.png,,120,2.001129
ex_I_8,lockin,0,0,QR未検出,,lockin,binary,,,14.966161,8,8,1,0.813333,,0.813333,frame_00000.png,frame_00119.png,r90_e60_f0.mp4,90 Hz,1/60,蛍光灯なし,59.966 fps,90,60,0,46,ex,min,I,8,,,frame_00000.png,frame_00119.png,,120,2.001129
ex_I_8,lockin,0,0,QR未検出,,lockin,binary,,,14.966161,4,8,1,0.695143,,0.695143,frame_00000.png,frame_00119.png,r90_e60_f0.mp4,90 Hz,1/60,蛍光灯なし,59.966 fps,90,60,0,46,ex,min,I,8,,,frame_00000.png,frame_00119.png,,120,2.001129
ex_I_8,lockin,0,0,QR未検出,,lockin,binary,,,7.483080,12,8,1,0.668735,,0.668735,frame_00000.png,frame_00119.png,r90_e60_f0.mp4,90 Hz,1/60,蛍光灯なし,59.966 fps,90,60,0,46,ex,min,I,8,,,frame_00000.png,frame_00119.png,,120,2.001129
ex_I_8,lockin,0,0,QR未検出,,lockin,binary,,,22.500000,12,8,1,0.667743,,0.667743,frame_00000.png,frame_00119.png,r90_e60_f0.mp4,90 Hz,1/60,蛍光灯なし,59.966 fps,90,60,0,46,ex,min,I,8,,,frame_00000.png,frame_00119.png,,120,2.001129
ex_I_8,lockin,0,0,QR未検出,,lockin,binary,,,9.966161,12,8,1,0.665078,,0.665078,frame_00000.png,frame_00119.png,r90_e60_f0.mp4,90 Hz,1/60,蛍光灯なし,59.966 fps,90,60,0,46,ex,min,I,8,,,frame_00000.png,frame_00119.png,,120,2.001129
ex_I_8,lockin,0,0,QR未検出,,lockin,binary,,,9.966161,8,8,1,0.654426,,0.654426,frame_00000.png,frame_00119.png,r90_e60_f0.mp4,90 Hz,1/60,蛍光灯なし,59.966 fps,90,60,0,46,ex,min,I,8,,,frame_00000.png,frame_00119.png,,120,2.001129
ex_I_8,lockin,0,0,QR未検出,,lockin,binary,,,22.500000,8,8,1,0.619587,,0.619587,frame_00000.png,frame_00119.png,r90_e60_f0.mp4,90 Hz,1/60,蛍光灯なし,59.966 fps,90,60,0,46,ex,min,I,8,,,frame_00000.png,frame_00119.png,,120,2.001129
ex_I_8,lockin,0,0,QR未検出,,lockin,binary,,,7.483080,8,8,1,0.605078,,0.605078,frame_00000.png,frame_00119.png,r90_e60_f0.mp4,90 Hz,1/60,蛍光灯なし,59.966 fps,90,60,0,46,ex,min,I,8,,,frame_00000.png,frame_00119.png,,120,2.001129
ex_I_8,lockin,0,0,QR未検出,,lockin,binary,,,7.483080,4,8,1,0.588759,,0.588759,frame_00000.png,frame_00119.png,r90_e60_f0.mp4,90 Hz,1/60,蛍光灯なし,59.966 fps,90,60,0,46,ex,min,I,8,,,frame_00000.png,frame_00119.png,,120,2.001129
ex_I_8,lockin,0,0,QR未検出,,lockin,binary,,,22.500000,4,8,1,0.563676,,0.563676,frame_00000.png,frame_00119.png,r90_e60_f0.mp4,90 Hz,1/60,蛍光灯なし,59.966 fps,90,60,0,46,ex,min,I,8,,,frame_00000.png,frame_00119.png,,120,2.001129
ex_I_8,lockin,0,0,QR未検出,,lockin,binary,,,9.966161,4,8,1,0.536320,,0.536320,frame_00000.png,frame_00119.png,r90_e60_f0.mp4,90 Hz,1/60,蛍光灯なし,59.966 fps,90,60,0,46,ex,min,I,8,,,frame_00000.png,frame_00119.png,,120,2.001129
ex_I_12,lockin,1,0,QR未検出,,lockin,binary,,,14.966161,12,8,1,0.873703,,0.873703,frame_00000.png,frame_00119.png,r90_e60_f0.mp4,90 Hz,1/60,蛍光灯なし,59.966 fps,90,60,0,47,ex,min,I,12,,,frame_00000.png,frame_00119.png,,120,2.001129
ex_I_12,lockin,0,0,QR未検出,,lockin,binary,,,14.966161,8,8,1,0.843907,,0.843907,frame_00000.png,frame_00119.png,r90_e60_f0.mp4,90 Hz,1/60,蛍光灯なし,59.966 fps,90,60,0,47,ex,min,I,12,,,frame_00000.png,frame_00119.png,,120,2.001129
ex_I_12,lockin,0,0,QR未検出,,lockin,binary,,,14.966161,4,8,1,0.776765,,0.776765,frame_00000.png,frame_00119.png,r90_e60_f0.mp4,90 Hz,1/60,蛍光灯なし,59.966 fps,90,60,0,47,ex,min,I,12,,,frame_00000.png,frame_00119.png,,120,2.001129
ex_I_12,lockin,0,0,QR未検出,,lockin,binary,,,22.500000,12,8,1,0.711847,,0.711847,frame_00000.png,frame_00119.png,r90_e60_f0.mp4,90 Hz,1/60,蛍光灯なし,59.966 fps,90,60,0,47,ex,min,I,12,,,frame_00000.png,frame_00119.png,,120,2.001129
ex_I_12,lockin,0,0,QR未検出,,lockin,binary,,,9.966161,12,8,1,0.703333,,0.703333,frame_00000.png,frame_00119.png,r90_e60_f0.mp4,90 Hz,1/60,蛍光灯なし,59.966 fps,90,60,0,47,ex,min,I,12,,,frame_00000.png,frame_00119.png,,120,2.001129
ex_I_12,lockin,0,0,QR未検出,,lockin,binary,,,7.483080,12,8,1,0.701266,,0.701266,frame_00000.png,frame_00119.png,r90_e60_f0.mp4,90 Hz,1/60,蛍光灯なし,59.966 fps,90,60,0,47,ex,min,I,12,,,frame_00000.png,frame_00119.png,,120,2.001129
ex_I_12,lockin,0,0,QR未検出,,lockin,binary,,,22.500000,8,8,1,0.669737,,0.669737,frame_00000.png,frame_00119.png,r90_e60_f0.mp4,90 Hz,1/60,蛍光灯なし,59.966 fps,90,60,0,47,ex,min,I,12,,,frame_00000.png,frame_00119.png,,120,2.001129
ex_I_12,lockin,0,0,QR未検出,,lockin,binary,,,9.966161,8,8,1,0.650696,,0.650696,frame_00000.png,frame_00119.png,r90_e60_f0.mp4,90 Hz,1/60,蛍光灯なし,59.966 fps,90,60,0,47,ex,min,I,12,,,frame_00000.png,frame_00119.png,,120,2.001129
ex_I_12,lockin,0,0,QR未検出,,lockin,binary,,,7.483080,8,8,1,0.629425,,0.629425,frame_00000.png,frame_00119.png,r90_e60_f0.mp4,90 Hz,1/60,蛍光灯なし,59.966 fps,90,60,0,47,ex,min,I,12,,,frame_00000.png,frame_00119.png,,120,2.001129
ex_I_12,lockin,0,0,QR未検出,,lockin,binary,,,7.483080,4,8,1,0.582521,,0.582521,frame_00000.png,frame_00119.png,r90_e60_f0.mp4,90 Hz,1/60,蛍光灯なし,59.966 fps,90,60,0,47,ex,min,I,12,,,frame_00000.png,frame_00119.png,,120,2.001129
ex_I_12,lockin,0,0,QR未検出,,lockin,binary,,,9.966161,4,8,1,0.556604,,0.556604,frame_00000.png,frame_00119.png,r90_e60_f0.mp4,90 Hz,1/60,蛍光灯なし,59.966 fps,90,60,0,47,ex,min,I,12,,,frame_00000.png,frame_00119.png,,120,2.001129
ex_I_12,lockin,0,0,QR未検出,,lockin,binary,,,22.500000,4,8,1,0.539406,,0.539406,frame_00000.png,frame_00119.png,r90_e60_f0.mp4,90 Hz,1/60,蛍光灯なし,59.966 fps,90,60,0,47,ex,min,I,12,,,frame_00000.png,frame_00119.png,,120,2.001129
rice_X_4,lockin,1,0,QR未検出,,lockin,binary,,,14.966161,12,8,1,0.761191,,0.761191,frame_00000.png,frame_00119.png,r90_e60_f0.mp4,90 Hz,1/60,蛍光灯なし,59.966 fps,90,60,0,48,rice,max,X,4,,,frame_00000.png,frame_00119.png,,120,2.001129
rice_X_4,lockin,0,0,QR未検出,,lockin,binary,,,14.966161,8,8,1,0.745341,,0.745341,frame_00000.png,frame_00119.png,r90_e60_f0.mp4,90 Hz,1/60,蛍光灯なし,59.966 fps,90,60,0,48,rice,max,X,4,,,frame_00000.png,frame_00119.png,,120,2.001129
rice_X_4,lockin,0,0,QR未検出,,lockin,binary,,,22.500000,12,8,1,0.637470,,0.637470,frame_00000.png,frame_00119.png,r90_e60_f0.mp4,90 Hz,1/60,蛍光灯なし,59.966 fps,90,60,0,48,rice,max,X,4,,,frame_00000.png,frame_00119.png,,120,2.001129
rice_X_4,lockin,0,0,QR未検出,,lockin,binary,,,9.966161,4,8,1,0.636646,,0.636646,frame_00000.png,frame_00119.png,r90_e60_f0.mp4,90 Hz,1/60,蛍光灯なし,59.966 fps,90,60,0,48,rice,max,X,4,,,frame_00000.png,frame_00119.png,,120,2.001129
rice_X_4,lockin,0,0,QR未検出,,lockin,binary,,,7.483080,4,8,1,0.635993,,0.635993,frame_00000.png,frame_00119.png,r90_e60_f0.mp4,90 Hz,1/60,蛍光灯なし,59.966 fps,90,60,0,48,rice,max,X,4,,,frame_00000.png,frame_00119.png,,120,2.001129
rice_X_4,lockin,0,0,QR未検出,,lockin,binary,,,7.483080,12,8,1,0.613317,,0.613317,frame_00000.png,frame_00119.png,r90_e60_f0.mp4,90 Hz,1/60,蛍光灯なし,59.966 fps,90,60,0,48,rice,max,X,4,,,frame_00000.png,frame_00119.png,,120,2.001129
rice_X_4,lockin,0,0,QR未検出,,lockin,binary,,,22.500000,8,8,1,0.609045,,0.609045,frame_00000.png,frame_00119.png,r90_e60_f0.mp4,90 Hz,1/60,蛍光灯なし,59.966 fps,90,60,0,48,rice,max,X,4,,,frame_00000.png,frame_00119.png,,120,2.001129
rice_X_4,lockin,0,0,QR未検出,,lockin,binary,,,9.966161,12,8,1,0.600310,,0.600310,frame_00000.png,frame_00119.png,r90_e60_f0.mp4,90 Hz,1/60,蛍光灯なし,59.966 fps,90,60,0,48,rice,max,X,4,,,frame_00000.png,frame_00119.png,,120,2.001129
rice_X_4,lockin,0,0,QR未検出,,lockin,binary,,,22.500000,4,8,1,0.551640,,0.551640,frame_00000.png,frame_00119.png,r90_e60_f0.mp4,90 Hz,1/60,蛍光灯なし,59.966 fps,90,60,0,48,rice,max,X,4,,,frame_00000.png,frame_00119.png,,120,2.001129
rice_X_4,lockin,0,0,QR未検出,,lockin,binary,,,14.966161,4,8,1,0.530143,,0.530143,frame_00000.png,frame_00119.png,r90_e60_f0.mp4,90 Hz,1/60,蛍光灯なし,59.966 fps,90,60,0,48,rice,max,X,4,,,frame_00000.png,frame_00119.png,,120,2.001129
rice_X_4,lockin,0,0,QR未検出,,lockin,binary,,,7.483080,8,8,1,0.519929,,0.519929,frame_00000.png,frame_00119.png,r90_e60_f0.mp4,90 Hz,1/60,蛍光灯なし,59.966 fps,90,60,0,48,rice,max,X,4,,,frame_00000.png,frame_00119.png,,120,2.001129
rice_X_4,lockin,0,0,QR未検出,,lockin,binary,,,9.966161,8,8,1,0.501909,,0.501909,frame_00000.png,frame_00119.png,r90_e60_f0.mp4,90 Hz,1/60,蛍光灯なし,59.966 fps,90,60,0,48,rice,max,X,4,,,frame_00000.png,frame_00119.png,,120,2.001129
rice_X_8,lockin,1,0,QR未検出,,lockin,binary,,,14.966161,12,8,1,0.872475,,0.872475,frame_00000.png,frame_00119.png,r90_e60_f0.mp4,90 Hz,1/60,蛍光灯なし,59.966 fps,90,60,0,49,rice,max,X,8,,,frame_00000.png,frame_00119.png,,120,2.001129
rice_X_8,lockin,0,0,QR未検出,,lockin,binary,,,14.966161,8,8,1,0.808703,,0.808703,frame_00000.png,frame_00119.png,r90_e60_f0.mp4,90 Hz,1/60,蛍光灯なし,59.966 fps,90,60,0,49,rice,max,X,8,,,frame_00000.png,frame_00119.png,,120,2.001129
rice_X_8,lockin,0,0,QR未検出,,lockin,binary,,,9.966161,12,8,1,0.680977,,0.680977,frame_00000.png,frame_00119.png,r90_e60_f0.mp4,90 Hz,1/60,蛍光灯なし,59.966 fps,90,60,0,49,rice,max,X,8,,,frame_00000.png,frame_00119.png,,120,2.001129
rice_X_8,lockin,0,0,QR未検出,,lockin,binary,,,7.483080,12,8,1,0.679422,,0.679422,frame_00000.png,frame_00119.png,r90_e60_f0.mp4,90 Hz,1/60,蛍光灯なし,59.966 fps,90,60,0,49,rice,max,X,8,,,frame_00000.png,frame_00119.png,,120,2.001129
rice_X_8,lockin,0,0,QR未検出,,lockin,binary,,,22.500000,8,8,1,0.675433,,0.675433,frame_00000.png,frame_00119.png,r90_e60_f0.mp4,90 Hz,1/60,蛍光灯なし,59.966 fps,90,60,0,49,rice,max,X,8,,,frame_00000.png,frame_00119.png,,120,2.001129
rice_X_8,lockin,0,0,QR未検出,,lockin,binary,,,7.483080,8,8,1,0.670414,,0.670414,frame_00000.png,frame_00119.png,r90_e60_f0.mp4,90 Hz,1/60,蛍光灯なし,59.966 fps,90,60,0,49,rice,max,X,8,,,frame_00000.png,frame_00119.png,,120,2.001129
rice_X_8,lockin,0,0,QR未検出,,lockin,binary,,,22.500000,12,8,1,0.647322,,0.647322,frame_00000.png,frame_00119.png,r90_e60_f0.mp4,90 Hz,1/60,蛍光灯なし,59.966 fps,90,60,0,49,rice,max,X,8,,,frame_00000.png,frame_00119.png,,120,2.001129
rice_X_8,lockin,0,0,QR未検出,,lockin,binary,,,9.966161,8,8,1,0.625684,,0.625684,frame_00000.png,frame_00119.png,r90_e60_f0.mp4,90 Hz,1/60,蛍光灯なし,59.966 fps,90,60,0,49,rice,max,X,8,,,frame_00000.png,frame_00119.png,,120,2.001129
rice_X_8,lockin,0,0,QR未検出,,lockin,binary,,,9.966161,4,8,1,0.608557,,0.608557,frame_00000.png,frame_00119.png,r90_e60_f0.mp4,90 Hz,1/60,蛍光灯なし,59.966 fps,90,60,0,49,rice,max,X,8,,,frame_00000.png,frame_00119.png,,120,2.001129
rice_X_8,lockin,0,0,QR未検出,,lockin,binary,,,14.966161,4,8,1,0.608210,,0.608210,frame_00000.png,frame_00119.png,r90_e60_f0.mp4,90 Hz,1/60,蛍光灯なし,59.966 fps,90,60,0,49,rice,max,X,8,,,frame_00000.png,frame_00119.png,,120,2.001129
rice_X_8,lockin,0,0,QR未検出,,lockin,binary,,,7.483080,4,8,1,0.572762,,0.572762,frame_00000.png,frame_00119.png,r90_e60_f0.mp4,90 Hz,1/60,蛍光灯なし,59.966 fps,90,60,0,49,rice,max,X,8,,,frame_00000.png,frame_00119.png,,120,2.001129
rice_X_8,lockin,0,0,QR未検出,,lockin,binary,,,22.500000,4,8,1,0.560535,,0.560535,frame_00000.png,frame_00119.png,r90_e60_f0.mp4,90 Hz,1/60,蛍光灯なし,59.966 fps,90,60,0,49,rice,max,X,8,,,frame_00000.png,frame_00119.png,,120,2.001129
rice_X_12,lockin,1,0,QR未検出,,lockin,binary,,,14.966161,12,8,1,0.901448,,0.901448,frame_00000.png,frame_00119.png,r90_e60_f0.mp4,90 Hz,1/60,蛍光灯なし,59.966 fps,90,60,0,50,rice,max,X,12,,,frame_00000.png,frame_00119.png,,120,2.001129
rice_X_12,lockin,0,0,QR未検出,,lockin,binary,,,14.966161,8,8,1,0.861723,,0.861723,frame_00000.png,frame_00119.png,r90_e60_f0.mp4,90 Hz,1/60,蛍光灯なし,59.966 fps,90,60,0,50,rice,max,X,12,,,frame_00000.png,frame_00119.png,,120,2.001129
rice_X_12,lockin,0,0,QR未検出,,lockin,binary,,,14.966161,4,8,1,0.748901,,0.748901,frame_00000.png,frame_00119.png,r90_e60_f0.mp4,90 Hz,1/60,蛍光灯なし,59.966 fps,90,60,0,50,rice,max,X,12,,,frame_00000.png,frame_00119.png,,120,2.001129
rice_X_12,lockin,0,0,QR未検出,,lockin,binary,,,22.500000,12,8,1,0.656984,,0.656984,frame_00000.png,frame_00119.png,r90_e60_f0.mp4,90 Hz,1/60,蛍光灯なし,59.966 fps,90,60,0,50,rice,max,X,12,,,frame_00000.png,frame_00119.png,,120,2.001129
rice_X_12,lockin,0,0,QR未検出,,lockin,binary,,,9.966161,12,8,1,0.654001,,0.654001,frame_00000.png,frame_00119.png,r90_e60_f0.mp4,90 Hz,1/60,蛍光灯なし,59.966 fps,90,60,0,50,rice,max,X,12,,,frame_00000.png,frame_00119.png,,120,2.001129
rice_X_12,lockin,0,0,QR未検出,,lockin,binary,,,7.483080,12,8,1,0.649866,,0.649866,frame_00000.png,frame_00119.png,r90_e60_f0.mp4,90 Hz,1/60,蛍光灯なし,59.966 fps,90,60,0,50,rice,max,X,12,,,frame_00000.png,frame_00119.png,,120,2.001129
rice_X_12,lockin,0,0,QR未検出,,lockin,binary,,,22.500000,8,8,1,0.637755,,0.637755,frame_00000.png,frame_00119.png,r90_e60_f0.mp4,90 Hz,1/60,蛍光灯なし,59.966 fps,90,60,0,50,rice,max,X,12,,,frame_00000.png,frame_00119.png,,120,2.001129
rice_X_12,lockin,0,0,QR未検出,,lockin,binary,,,9.966161,4,8,1,0.634186,,0.634186,frame_00000.png,frame_00119.png,r90_e60_f0.mp4,90 Hz,1/60,蛍光灯なし,59.966 fps,90,60,0,50,rice,max,X,12,,,frame_00000.png,frame_00119.png,,120,2.001129
rice_X_12,lockin,0,0,QR未検出,,lockin,binary,,,7.483080,4,8,1,0.602588,,0.602588,frame_00000.png,frame_00119.png,r90_e60_f0.mp4,90 Hz,1/60,蛍光灯なし,59.966 fps,90,60,0,50,rice,max,X,12,,,frame_00000.png,frame_00119.png,,120,2.001129
rice_X_12,lockin,0,0,QR未検出,,lockin,binary,,,7.483080,8,8,1,0.602135,,0.602135,frame_00000.png,frame_00119.png,r90_e60_f0.mp4,90 Hz,1/60,蛍光灯なし,59.966 fps,90,60,0,50,rice,max,X,12,,,frame_00000.png,frame_00119.png,,120,2.001129
rice_X_12,lockin,0,0,QR未検出,,lockin,binary,,,22.500000,4,8,1,0.570795,,0.570795,frame_00000.png,frame_00119.png,r90_e60_f0.mp4,90 Hz,1/60,蛍光灯なし,59.966 fps,90,60,0,50,rice,max,X,12,,,frame_00000.png,frame_00119.png,,120,2.001129
rice_X_12,lockin,0,0,QR未検出,,lockin,binary,,,9.966161,8,8,1,0.537090,,0.537090,frame_00000.png,frame_00119.png,r90_e60_f0.mp4,90 Hz,1/60,蛍光灯なし,59.966 fps,90,60,0,50,rice,max,X,12,,,frame_00000.png,frame_00119.png,,120,2.001129
nagaoka_fireworks_X_4,lockin,1,0,QR未検出,,lockin,binary,,,14.966161,8,8,1,0.681049,,0.681049,frame_00000.png,frame_00119.png,r90_e60_f0.mp4,90 Hz,1/60,蛍光灯なし,59.966 fps,90,60,0,51,nagaoka_fireworks,max,X,4,,,frame_00000.png,frame_00119.png,,120,2.001129
nagaoka_fireworks_X_4,lockin,0,0,QR未検出,,lockin,binary,,,14.966161,12,8,1,0.678082,,0.678082,frame_00000.png,frame_00119.png,r90_e60_f0.mp4,90 Hz,1/60,蛍光灯なし,59.966 fps,90,60,0,51,nagaoka_fireworks,max,X,4,,,frame_00000.png,frame_00119.png,,120,2.001129
nagaoka_fireworks_X_4,lockin,0,0,QR未検出,,lockin,binary,,,22.500000,12,8,1,0.631155,,0.631155,frame_00000.png,frame_00119.png,r90_e60_f0.mp4,90 Hz,1/60,蛍光灯なし,59.966 fps,90,60,0,51,nagaoka_fireworks,max,X,4,,,frame_00000.png,frame_00119.png,,120,2.001129
nagaoka_fireworks_X_4,lockin,0,0,QR未検出,,lockin,binary,,,7.483080,12,8,1,0.629246,,0.629246,frame_00000.png,frame_00119.png,r90_e60_f0.mp4,90 Hz,1/60,蛍光灯なし,59.966 fps,90,60,0,51,nagaoka_fireworks,max,X,4,,,frame_00000.png,frame_00119.png,,120,2.001129
nagaoka_fireworks_X_4,lockin,0,0,QR未検出,,lockin,binary,,,14.966161,4,8,1,0.613186,,0.613186,frame_00000.png,frame_00119.png,r90_e60_f0.mp4,90 Hz,1/60,蛍光灯なし,59.966 fps,90,60,0,51,nagaoka_fireworks,max,X,4,,,frame_00000.png,frame_00119.png,,120,2.001129
nagaoka_fireworks_X_4,lockin,0,0,QR未検出,,lockin,binary,,,9.966161,12,8,1,0.608009,,0.608009,frame_00000.png,frame_00119.png,r90_e60_f0.mp4,90 Hz,1/60,蛍光灯なし,59.966 fps,90,60,0,51,nagaoka_fireworks,max,X,4,,,frame_00000.png,frame_00119.png,,120,2.001129
nagaoka_fireworks_X_4,lockin,0,0,QR未検出,,lockin,binary,,,22.500000,8,8,1,0.602344,,0.602344,frame_00000.png,frame_00119.png,r90_e60_f0.mp4,90 Hz,1/60,蛍光灯なし,59.966 fps,90,60,0,51,nagaoka_fireworks,max,X,4,,,frame_00000.png,frame_00119.png,,120,2.001129
nagaoka_fireworks_X_4,lockin,0,0,QR未検出,,lockin,binary,,,7.483080,8,8,1,0.597047,,0.597047,frame_00000.png,frame_00119.png,r90_e60_f0.mp4,90 Hz,1/60,蛍光灯なし,59.966 fps,90,60,0,51,nagaoka_fireworks,max,X,4,,,frame_00000.png,frame_00119.png,,120,2.001129
nagaoka_fireworks_X_4,lockin,0,0,QR未検出,,lockin,binary,,,9.966161,8,8,1,0.563340,,0.563340,frame_00000.png,frame_00119.png,r90_e60_f0.mp4,90 Hz,1/60,蛍光灯なし,59.966 fps,90,60,0,51,nagaoka_fireworks,max,X,4,,,frame_00000.png,frame_00119.png,,120,2.001129
nagaoka_fireworks_X_4,lockin,0,0,QR未検出,,lockin,binary,,,22.500000,4,8,1,0.527344,,0.527344,frame_00000.png,frame_00119.png,r90_e60_f0.mp4,90 Hz,1/60,蛍光灯なし,59.966 fps,90,60,0,51,nagaoka_fireworks,max,X,4,,,frame_00000.png,frame_00119.png,,120,2.001129
nagaoka_fireworks_X_4,lockin,0,0,QR未検出,,lockin,binary,,,9.966161,4,8,1,0.516356,,0.516356,frame_00000.png,frame_00119.png,r90_e60_f0.mp4,90 Hz,1/60,蛍光灯なし,59.966 fps,90,60,0,51,nagaoka_fireworks,max,X,4,,,frame_00000.png,frame_00119.png,,120,2.001129
nagaoka_fireworks_X_4,lockin,0,0,QR未検出,,lockin,binary,,,7.483080,4,8,1,0.505219,,0.505219,frame_00000.png,frame_00119.png,r90_e60_f0.mp4,90 Hz,1/60,蛍光灯なし,59.966 fps,90,60,0,51,nagaoka_fireworks,max,X,4,,,frame_00000.png,frame_00119.png,,120,2.001129
nagaoka_fireworks_X_8,lockin,1,0,QR未検出,,lockin,binary,,,14.966161,8,8,1,0.805127,,0.805127,frame_00000.png,frame_00119.png,r90_e60_f0.mp4,90 Hz,1/60,蛍光灯なし,59.966 fps,90,60,0,52,nagaoka_fireworks,max,X,8,,,frame_00000.png,frame_00119.png,,120,2.001129
nagaoka_fireworks_X_8,lockin,0,0,QR未検出,,lockin,binary,,,14.966161,12,8,1,0.780423,,0.780423,frame_00000.png,frame_00119.png,r90_e60_f0.mp4,90 Hz,1/60,蛍光灯なし,59.966 fps,90,60,0,52,nagaoka_fireworks,max,X,8,,,frame_00000.png,frame_00119.png,,120,2.001129
nagaoka_fireworks_X_8,lockin,0,0,QR未検出,,lockin,binary,,,14.966161,4,8,1,0.751192,,0.751192,frame_00000.png,frame_00119.png,r90_e60_f0.mp4,90 Hz,1/60,蛍光灯なし,59.966 fps,90,60,0,52,nagaoka_fireworks,max,X,8,,,frame_00000.png,frame_00119.png,,120,2.001129
nagaoka_fireworks_X_8,lockin,0,0,QR未検出,,lockin,binary,,,9.966161,12,8,1,0.644257,,0.644257,frame_00000.png,frame_00119.png,r90_e60_f0.mp4,90 Hz,1/60,蛍光灯なし,59.966 fps,90,60,0,52,nagaoka_fireworks,max,X,8,,,frame_00000.png,frame_00119.png,,120,2.001129
nagaoka_fireworks_X_8,lockin,0,0,QR未検出,,lockin,binary,,,22.500000,12,8,1,0.643620,,0.643620,frame_00000.png,frame_00119.png,r90_e60_f0.mp4,90 Hz,1/60,蛍光灯なし,59.966 fps,90,60,0,52,nagaoka_fireworks,max,X,8,,,frame_00000.png,frame_00119.png,,120,2.001129
nagaoka_fireworks_X_8,lockin,0,0,QR未検出,,lockin,binary,,,7.483080,12,8,1,0.637881,,0.637881,frame_00000.png,frame_00119.png,r90_e60_f0.mp4,90 Hz,1/60,蛍光灯なし,59.966 fps,90,60,0,52,nagaoka_fireworks,max,X,8,,,frame_00000.png,frame_00119.png,,120,2.001129
nagaoka_fireworks_X_8,lockin,0,0,QR未検出,,lockin,binary,,,22.500000,8,8,1,0.637451,,0.637451,frame_00000.png,frame_00119.png,r90_e60_f0.mp4,90 Hz,1/60,蛍光灯なし,59.966 fps,90,60,0,52,nagaoka_fireworks,max,X,8,,,frame_00000.png,frame_00119.png,,120,2.001129
nagaoka_fireworks_X_8,lockin,0,0,QR未検出,,lockin,binary,,,9.966161,8,8,1,0.633393,,0.633393,frame_00000.png,frame_00119.png,r90_e60_f0.mp4,90 Hz,1/60,蛍光灯なし,59.966 fps,90,60,0,52,nagaoka_fireworks,max,X,8,,,frame_00000.png,frame_00119.png,,120,2.001129
nagaoka_fireworks_X_8,lockin,0,0,QR未検出,,lockin,binary,,,7.483080,8,8,1,0.615428,,0.615428,frame_00000.png,frame_00119.png,r90_e60_f0.mp4,90 Hz,1/60,蛍光灯なし,59.966 fps,90,60,0,52,nagaoka_fireworks,max,X,8,,,frame_00000.png,frame_00119.png,,120,2.001129
nagaoka_fireworks_X_8,lockin,0,0,QR未検出,,lockin,binary,,,22.500000,4,8,1,0.569039,,0.569039,frame_00000.png,frame_00119.png,r90_e60_f0.mp4,90 Hz,1/60,蛍光灯なし,59.966 fps,90,60,0,52,nagaoka_fireworks,max,X,8,,,frame_00000.png,frame_00119.png,,120,2.001129
nagaoka_fireworks_X_8,lockin,0,0,QR未検出,,lockin,binary,,,9.966161,4,8,1,0.539030,,0.539030,frame_00000.png,frame_00119.png,r90_e60_f0.mp4,90 Hz,1/60,蛍光灯なし,59.966 fps,90,60,0,52,nagaoka_fireworks,max,X,8,,,frame_00000.png,frame_00119.png,,120,2.001129
nagaoka_fireworks_X_8,lockin,0,0,QR未検出,,lockin,binary,,,7.483080,4,8,1,0.511833,,0.511833,frame_00000.png,frame_00119.png,r90_e60_f0.mp4,90 Hz,1/60,蛍光灯なし,59.966 fps,90,60,0,52,nagaoka_fireworks,max,X,8,,,frame_00000.png,frame_00119.png,,120,2.001129
nagaoka_fireworks_X_12,lockin,1,0,QR未検出,,lockin,binary,,,14.966161,12,8,1,0.887200,,0.887200,frame_00000.png,frame_00119.png,r90_e60_f0.mp4,90 Hz,1/60,蛍光灯なし,59.966 fps,90,60,0,53,nagaoka_fireworks,max,X,12,,,frame_00000.png,frame_00119.png,,120,2.001129
nagaoka_fireworks_X_12,lockin,0,0,QR未検出,,lockin,binary,,,14.966161,8,8,1,0.863230,,0.863230,frame_00000.png,frame_00119.png,r90_e60_f0.mp4,90 Hz,1/60,蛍光灯なし,59.966 fps,90,60,0,53,nagaoka_fireworks,max,X,12,,,frame_00000.png,frame_00119.png,,120,2.001129
nagaoka_fireworks_X_12,lockin,0,0,QR未検出,,lockin,binary,,,14.966161,4,8,1,0.793521,,0.793521,frame_00000.png,frame_00119.png,r90_e60_f0.mp4,90 Hz,1/60,蛍光灯なし,59.966 fps,90,60,0,53,nagaoka_fireworks,max,X,12,,,frame_00000.png,frame_00119.png,,120,2.001129
nagaoka_fireworks_X_12,lockin,0,0,QR未検出,,lockin,binary,,,22.500000,12,8,1,0.675060,,0.675060,frame_00000.png,frame_00119.png,r90_e60_f0.mp4,90 Hz,1/60,蛍光灯なし,59.966 fps,90,60,0,53,nagaoka_fireworks,max,X,12,,,frame_00000.png,frame_00119.png,,120,2.001129
nagaoka_fireworks_X_12,lockin,0,0,QR未検出,,lockin,binary,,,22.500000,8,8,1,0.674684,,0.674684,frame_00000.png,frame_00119.png,r90_e60_f0.mp4,90 Hz,1/60,蛍光灯なし,59.966 fps,90,60,0,53,nagaoka_fireworks,max,X,12,,,frame_00000.png,frame_00119.png,,120,2.001129
nagaoka_fireworks_X_12,lockin,0,0,QR未検出,,lockin,binary,,,9.966161,12,8,1,0.666740,,0.666740,frame_00000.png,frame_00119.png,r90_e60_f0.mp4,90 Hz,1/60,蛍光灯なし,59.966 fps,90,60,0,53,nagaoka_fireworks,max,X,12,,,frame_00000.png,frame_00119.png,,120,2.001129
nagaoka_fireworks_X_12,lockin,0,0,QR未検出,,lockin,binary,,,7.483080,8,8,1,0.665825,,0.665825,frame_00000.png,frame_00119.png,r90_e60_f0.mp4,90 Hz,1/60,蛍光灯なし,59.966 fps,90,60,0,53,nagaoka_fireworks,max,X,12,,,frame_00000.png,frame_00119.png,,120,2.001129
nagaoka_fireworks_X_12,lockin,0,0,QR未検出,,lockin,binary,,,7.483080,12,8,1,0.661192,,0.661192,frame_00000.png,frame_00119.png,r90_e60_f0.mp4,90 Hz,1/60,蛍光灯なし,59.966 fps,90,60,0,53,nagaoka_fireworks,max,X,12,,,frame_00000.png,frame_00119.png,,120,2.001129
nagaoka_fireworks_X_12,lockin,0,0,QR未検出,,lockin,binary,,,9.966161,8,8,1,0.652930,,0.652930,frame_00000.png,frame_00119.png,r90_e60_f0.mp4,90 Hz,1/60,蛍光灯なし,59.966 fps,90,60,0,53,nagaoka_fireworks,max,X,12,,,frame_00000.png,frame_00119.png,,120,2.001129
nagaoka_fireworks_X_12,lockin,0,0,QR未検出,,lockin,binary,,,7.483080,4,8,1,0.583186,,0.583186,frame_00000.png,frame_00119.png,r90_e60_f0.mp4,90 Hz,1/60,蛍光灯なし,59.966 fps,90,60,0,53,nagaoka_fireworks,max,X,12,,,frame_00000.png,frame_00119.png,,120,2.001129
nagaoka_fireworks_X_12,lockin,0,0,QR未検出,,lockin,binary,,,22.500000,4,8,1,0.575871,,0.575871,frame_00000.png,frame_00119.png,r90_e60_f0.mp4,90 Hz,1/60,蛍光灯なし,59.966 fps,90,60,0,53,nagaoka_fireworks,max,X,12,,,frame_00000.png,frame_00119.png,,120,2.001129
nagaoka_fireworks_X_12,lockin,0,0,QR未検出,,lockin,binary,,,9.966161,4,8,1,0.547133,,0.547133,frame_00000.png,frame_00119.png,r90_e60_f0.mp4,90 Hz,1/60,蛍光灯なし,59.966 fps,90,60,0,53,nagaoka_fireworks,max,X,12,,,frame_00000.png,frame_00119.png,,120,2.001129
hocho_X_4,lockin,1,0,QR未検出,,lockin,binary,,,14.966161,12,8,1,0.666532,,0.666532,frame_00000.png,frame_00119.png,r90_e60_f0.mp4,90 Hz,1/60,蛍光灯なし,59.966 fps,90,60,0,54,hocho,max,X,4,,,frame_00000.png,frame_00119.png,,120,2.001129
hocho_X_4,lockin,0,0,QR未検出,,lockin,binary,,,14.966161,8,8,1,0.644246,,0.644246,frame_00000.png,frame_00119.png,r90_e60_f0.mp4,90 Hz,1/60,蛍光灯なし,59.966 fps,90,60,0,54,hocho,max,X,4,,,frame_00000.png,frame_00119.png,,120,2.001129
hocho_X_4,lockin,0,0,QR未検出,,lockin,binary,,,22.500000,12,8,1,0.634182,,0.634182,frame_00000.png,frame_00119.png,r90_e60_f0.mp4,90 Hz,1/60,蛍光灯なし,59.966 fps,90,60,0,54,hocho,max,X,4,,,frame_00000.png,frame_00119.png,,120,2.001129
hocho_X_4,lockin,0,0,QR未検出,,lockin,binary,,,22.500000,8,8,1,0.610917,,0.610917,frame_00000.png,frame_00119.png,r90_e60_f0.mp4,90 Hz,1/60,蛍光灯なし,59.966 fps,90,60,0,54,hocho,max,X,4,,,frame_00000.png,frame_00119.png,,120,2.001129
hocho_X_4,lockin,0,0,QR未検出,,lockin,binary,,,9.966161,4,8,1,0.607379,,0.607379,frame_00000.png,frame_00119.png,r90_e60_f0.mp4,90 Hz,1/60,蛍光灯なし,59.966 fps,90,60,0,54,hocho,max,X,4,,,frame_00000.png,frame_00119.png,,120,2.001129
hocho_X_4,lockin,0,0,QR未検出,,lockin,binary,,,7.483080,12,8,1,0.603817,,0.603817,frame_00000.png,frame_00119.png,r90_e60_f0.mp4,90 Hz,1/60,蛍光灯なし,59.966 fps,90,60,0,54,hocho,max,X,4,,,frame_00000.png,frame_00119.png,,120,2.001129
hocho_X_4,lockin,0,0,QR未検出,,lockin,binary,,,7.483080,4,8,1,0.595105,,0.595105,frame_00000.png,frame_00119.png,r90_e60_f0.mp4,90 Hz,1/60,蛍光灯なし,59.966 fps,90,60,0,54,hocho,max,X,4,,,frame_00000.png,frame_00119.png,,120,2.001129
hocho_X_4,lockin,0,0,QR未検出,,lockin,binary,,,9.966161,12,8,1,0.589749,,0.589749,frame_00000.png,frame_00119.png,r90_e60_f0.mp4,90 Hz,1/60,蛍光灯なし,59.966 fps,90,60,0,54,hocho,max,X,4,,,frame_00000.png,frame_00119.png,,120,2.001129
hocho_X_4,lockin,0,0,QR未検出,,lockin,binary,,,7.483080,8,8,1,0.543936,,0.543936,frame_00000.png,frame_00119.png,r90_e60_f0.mp4,90 Hz,1/60,蛍光灯なし,59.966 fps,90,60,0,54,hocho,max,X,4,,,frame_00000.png,frame_00119.png,,120,2.001129
hocho_X_4,lockin,0,0,QR未検出,,lockin,binary,,,9.966161,8,8,1,0.529064,,0.529064,frame_00000.png,frame_00119.png,r90_e60_f0.mp4,90 Hz,1/60,蛍光灯なし,59.966 fps,90,60,0,54,hocho,max,X,4,,,frame_00000.png,frame_00119.png,,120,2.001129
hocho_X_4,lockin,0,0,QR未検出,,lockin,binary,,,14.966161,4,8,1,0.522079,,0.522079,frame_00000.png,frame_00119.png,r90_e60_f0.mp4,90 Hz,1/60,蛍光灯なし,59.966 fps,90,60,0,54,hocho,max,X,4,,,frame_00000.png,frame_00119.png,,120,2.001129
hocho_X_4,lockin,0,0,QR未検出,,lockin,binary,,,22.500000,4,8,1,0.514802,,0.514802,frame_00000.png,frame_00119.png,r90_e60_f0.mp4,90 Hz,1/60,蛍光灯なし,59.966 fps,90,60,0,54,hocho,max,X,4,,,frame_00000.png,frame_00119.png,,120,2.001129
hocho_X_8,lockin,1,0,QR未検出,,lockin,binary,,,14.966161,12,8,1,0.781496,,0.781496,frame_00000.png,frame_00119.png,r90_e60_f0.mp4,90 Hz,1/60,蛍光灯なし,59.966 fps,90,60,0,55,hocho,max,X,8,,,frame_00000.png,frame_00119.png,,120,2.001129
hocho_X_8,lockin,0,0,QR未検出,,lockin,binary,,,14.966161,8,8,1,0.721839,,0.721839,frame_00000.png,frame_00119.png,r90_e60_f0.mp4,90 Hz,1/60,蛍光灯なし,59.966 fps,90,60,0,55,hocho,max,X,8,,,frame_00000.png,frame_00119.png,,120,2.001129
hocho_X_8,lockin,0,0,QR未検出,,lockin,binary,,,22.500000,12,8,1,0.640087,,0.640087,frame_00000.png,frame_00119.png,r90_e60_f0.mp4,90 Hz,1/60,蛍光灯なし,59.966 fps,90,60,0,55,hocho,max,X,8,,,frame_00000.png,frame_00119.png,,120,2.001129
hocho_X_8,lockin,0,0,QR未検出,,lockin,binary,,,22.500000,8,8,1,0.627985,,0.627985,frame_00000.png,frame_00119.png,r90_e60_f0.mp4,90 Hz,1/60,蛍光灯なし,59.966 fps,90,60,0,55,hocho,max,X,8,,,frame_00000.png,frame_00119.png,,120,2.001129
hocho_X_8,lockin,0,0,QR未検出,,lockin,binary,,,9.966161,12,8,1,0.624314,,0.624314,frame_00000.png,frame_00119.png,r90_e60_f0.mp4,90 Hz,1/60,蛍光灯なし,59.966 fps,90,60,0,55,hocho,max,X,8,,,frame_00000.png,frame_00119.png,,120,2.001129
hocho_X_8,lockin,0,0,QR未検出,,lockin,binary,,,7.483080,4,8,1,0.610590,,0.610590,frame_00000.png,frame_00119.png,r90_e60_f0.mp4,90 Hz,1/60,蛍光灯なし,59.966 fps,90,60,0,55,hocho,max,X,8,,,frame_00000.png,frame_00119.png,,120,2.001129
hocho_X_8,lockin,0,0,QR未検出,,lockin,binary,,,9.966161,8,8,1,0.608130,,0.608130,frame_00000.png,frame_00119.png,r90_e60_f0.mp4,90 Hz,1/60,蛍光灯なし,59.966 fps,90,60,0,55,hocho,max,X,8,,,frame_00000.png,frame_00119.png,,120,2.001129
hocho_X_8,lockin,0,0,QR未検出,,lockin,binary,,,7.483080,12,8,1,0.606700,,0.606700,frame_00000.png,frame_00119.png,r90_e60_f0.mp4,90 Hz,1/60,蛍光灯なし,59.966 fps,90,60,0,55,hocho,max,X,8,,,frame_00000.png,frame_00119.png,,120,2.001129
hocho_X_8,lockin,0,0,QR未検出,,lockin,binary,,,22.500000,4,8,1,0.574518,,0.574518,frame_00000.png,frame_00119.png,r90_e60_f0.mp4,90 Hz,1/60,蛍光灯なし,59.966 fps,90,60,0,55,hocho,max,X,8,,,frame_00000.png,frame_00119.png,,120,2.001129
hocho_X_8,lockin,0,0,QR未検出,,lockin,binary,,,9.966161,4,8,1,0.570440,,0.570440,frame_00000.png,frame_00119.png,r90_e60_f0.mp4,90 Hz,1/60,蛍光灯なし,59.966 fps,90,60,0,55,hocho,max,X,8,,,frame_00000.png,frame_00119.png,,120,2.001129
hocho_X_8,lockin,0,0,QR未検出,,lockin,binary,,,7.483080,8,8,1,0.560092,,0.560092,frame_00000.png,frame_00119.png,r90_e60_f0.mp4,90 Hz,1/60,蛍光灯なし,59.966 fps,90,60,0,55,hocho,max,X,8,,,frame_00000.png,frame_00119.png,,120,2.001129
hocho_X_8,lockin,0,0,QR未検出,,lockin,binary,,,14.966161,4,8,1,0.517663,,0.517663,frame_00000.png,frame_00119.png,r90_e60_f0.mp4,90 Hz,1/60,蛍光灯なし,59.966 fps,90,60,0,55,hocho,max,X,8,,,frame_00000.png,frame_00119.png,,120,2.001129
hocho_X_12,lockin,1,0,QR未検出,,lockin,binary,,,14.966161,12,8,1,0.855902,,0.855902,frame_00000.png,frame_00119.png,r90_e60_f0.mp4,90 Hz,1/60,蛍光灯なし,59.966 fps,90,60,0,56,hocho,max,X,12,,,frame_00000.png,frame_00119.png,,120,2.001129
hocho_X_12,lockin,0,0,QR未検出,,lockin,binary,,,14.966161,8,8,1,0.847521,,0.847521,frame_00000.png,frame_00119.png,r90_e60_f0.mp4,90 Hz,1/60,蛍光灯なし,59.966 fps,90,60,0,56,hocho,max,X,12,,,frame_00000.png,frame_00119.png,,120,2.001129
hocho_X_12,lockin,0,0,QR未検出,,lockin,binary,,,14.966161,4,8,1,0.778374,,0.778374,frame_00000.png,frame_00119.png,r90_e60_f0.mp4,90 Hz,1/60,蛍光灯なし,59.966 fps,90,60,0,56,hocho,max,X,12,,,frame_00000.png,frame_00119.png,,120,2.001129
hocho_X_12,lockin,0,0,QR未検出,,lockin,binary,,,22.500000,8,8,1,0.688268,,0.688268,frame_00000.png,frame_00119.png,r90_e60_f0.mp4,90 Hz,1/60,蛍光灯なし,59.966 fps,90,60,0,56,hocho,max,X,12,,,frame_00000.png,frame_00119.png,,120,2.001129
hocho_X_12,lockin,0,0,QR未検出,,lockin,binary,,,22.500000,12,8,1,0.670826,,0.670826,frame_00000.png,frame_00119.png,r90_e60_f0.mp4,90 Hz,1/60,蛍光灯なし,59.966 fps,90,60,0,56,hocho,max,X,12,,,frame_00000.png,frame_00119.png,,120,2.001129
hocho_X_12,lockin,0,0,QR未検出,,lockin,binary,,,9.966161,8,8,1,0.670100,,0.670100,frame_00000.png,frame_00119.png,r90_e60_f0.mp4,90 Hz,1/60,蛍光灯なし,59.966 fps,90,60,0,56,hocho,max,X,12,,,frame_00000.png,frame_00119.png,,120,2.001129
hocho_X_12,lockin,0,0,QR未検出,,lockin,binary,,,9.966161,12,8,1,0.661516,,0.661516,frame_00000.png,frame_00119.png,r90_e60_f0.mp4,90 Hz,1/60,蛍光灯なし,59.966 fps,90,60,0,56,hocho,max,X,12,,,frame_00000.png,frame_00119.png,,120,2.001129
hocho_X_12,lockin,0,0,QR未検出,,lockin,binary,,,7.483080,12,8,1,0.658249,,0.658249,frame_00000.png,frame_00119.png,r90_e60_f0.mp4,90 Hz,1/60,蛍光灯なし,59.966 fps,90,60,0,56,hocho,max,X,12,,,frame_00000.png,frame_00119.png,,120,2.001129
hocho_X_12,lockin,0,0,QR未検出,,lockin,binary,,,7.483080,4,8,1,0.608100,,0.608100,frame_00000.png,frame_00119.png,r90_e60_f0.mp4,90 Hz,1/60,蛍光灯なし,59.966 fps,90,60,0,56,hocho,max,X,12,,,frame_00000.png,frame_00119.png,,120,2.001129
hocho_X_12,lockin,0,0,QR未検出,,lockin,binary,,,7.483080,8,8,1,0.594377,,0.594377,frame_00000.png,frame_00119.png,r90_e60_f0.mp4,90 Hz,1/60,蛍光灯なし,59.966 fps,90,60,0,56,hocho,max,X,12,,,frame_00000.png,frame_00119.png,,120,2.001129
hocho_X_12,lockin,0,0,QR未検出,,lockin,binary,,,9.966161,4,8,1,0.515626,,0.515626,frame_00000.png,frame_00119.png,r90_e60_f0.mp4,90 Hz,1/60,蛍光灯なし,59.966 fps,90,60,0,56,hocho,max,X,12,,,frame_00000.png,frame_00119.png,,120,2.001129
hocho_X_12,lockin,0,0,QR未検出,,lockin,binary,,,22.500000,4,8,1,0.514529,,0.514529,frame_00000.png,frame_00119.png,r90_e60_f0.mp4,90 Hz,1/60,蛍光灯なし,59.966 fps,90,60,0,56,hocho,max,X,12,,,frame_00000.png,frame_00119.png,,120,2.001129
ex_X_4,lockin,1,0,QR未検出,,lockin,binary,,,14.966161,12,8,1,0.773587,,0.773587,frame_00000.png,frame_00119.png,r90_e60_f0.mp4,90 Hz,1/60,蛍光灯なし,59.966 fps,90,60,0,57,ex,max,X,4,,,frame_00000.png,frame_00119.png,,120,2.001129
ex_X_4,lockin,0,0,QR未検出,,lockin,binary,,,14.966161,8,8,1,0.727924,,0.727924,frame_00000.png,frame_00119.png,r90_e60_f0.mp4,90 Hz,1/60,蛍光灯なし,59.966 fps,90,60,0,57,ex,max,X,4,,,frame_00000.png,frame_00119.png,,120,2.001129
ex_X_4,lockin,0,0,QR未検出,,lockin,binary,,,9.966161,4,8,1,0.634977,,0.634977,frame_00000.png,frame_00119.png,r90_e60_f0.mp4,90 Hz,1/60,蛍光灯なし,59.966 fps,90,60,0,57,ex,max,X,4,,,frame_00000.png,frame_00119.png,,120,2.001129
ex_X_4,lockin,0,0,QR未検出,,lockin,binary,,,7.483080,4,8,1,0.634782,,0.634782,frame_00000.png,frame_00119.png,r90_e60_f0.mp4,90 Hz,1/60,蛍光灯なし,59.966 fps,90,60,0,57,ex,max,X,4,,,frame_00000.png,frame_00119.png,,120,2.001129
ex_X_4,lockin,0,0,QR未検出,,lockin,binary,,,22.500000,12,8,1,0.620684,,0.620684,frame_00000.png,frame_00119.png,r90_e60_f0.mp4,90 Hz,1/60,蛍光灯なし,59.966 fps,90,60,0,57,ex,max,X,4,,,frame_00000.png,frame_00119.png,,120,2.001129
ex_X_4,lockin,0,0,QR未検出,,lockin,binary,,,22.500000,4,8,1,0.618304,,0.618304,frame_00000.png,frame_00119.png,r90_e60_f0.mp4,90 Hz,1/60,蛍光灯なし,59.966 fps,90,60,0,57,ex,max,X,4,,,frame_00000.png,frame_00119.png,,120,2.001129
ex_X_4,lockin,0,0,QR未検出,,lockin,binary,,,9.966161,12,8,1,0.591819,,0.591819,frame_00000.png,frame_00119.png,r90_e60_f0.mp4,90 Hz,1/60,蛍光灯なし,59.966 fps,90,60,0,57,ex,max,X,4,,,frame_00000.png,frame_00119.png,,120,2.001129
ex_X_4,lockin,0,0,QR未検出,,lockin,binary,,,7.483080,12,8,1,0.580140,,0.580140,frame_00000.png,frame_00119.png,r90_e60_f0.mp4,90 Hz,1/60,蛍光灯なし,59.966 fps,90,60,0,57,ex,max,X,4,,,frame_00000.png,frame_00119.png,,120,2.001129
ex_X_4,lockin,0,0,QR未検出,,lockin,binary,,,14.966161,4,8,1,0.558201,,0.558201,frame_00000.png,frame_00119.png,r90_e60_f0.mp4,90 Hz,1/60,蛍光灯なし,59.966 fps,90,60,0,57,ex,max,X,4,,,frame_00000.png,frame_00119.png,,120,2.001129
ex_X_4,lockin,0,0,QR未検出,,lockin,binary,,,22.500000,8,8,1,0.552487,,0.552487,frame_00000.png,frame_00119.png,r90_e60_f0.mp4,90 Hz,1/60,蛍光灯なし,59.966 fps,90,60,0,57,ex,max,X,4,,,frame_00000.png,frame_00119.png,,120,2.001129
ex_X_4,lockin,0,0,QR未検出,,lockin,binary,,,7.483080,8,8,1,0.508111,,0.508111,frame_00000.png,frame_00119.png,r90_e60_f0.mp4,90 Hz,1/60,蛍光灯なし,59.966 fps,90,60,0,57,ex,max,X,4,,,frame_00000.png,frame_00119.png,,120,2.001129
ex_X_4,lockin,0,0,QR未検出,,lockin,binary,,,9.966161,8,8,1,0.506818,,0.506818,frame_00000.png,frame_00119.png,r90_e60_f0.mp4,90 Hz,1/60,蛍光灯なし,59.966 fps,90,60,0,57,ex,max,X,4,,,frame_00000.png,frame_00119.png,,120,2.001129
ex_X_8,lockin,1,0,QR未検出,,lockin,binary,,,14.966161,12,8,1,0.882937,,0.882937,frame_00000.png,frame_00119.png,r90_e60_f0.mp4,90 Hz,1/60,蛍光灯なし,59.966 fps,90,60,0,58,ex,max,X,8,,,frame_00000.png,frame_00119.png,,120,2.001129
ex_X_8,lockin,0,0,QR未検出,,lockin,binary,,,14.966161,8,8,1,0.846067,,0.846067,frame_00000.png,frame_00119.png,r90_e60_f0.mp4,90 Hz,1/60,蛍光灯なし,59.966 fps,90,60,0,58,ex,max,X,8,,,frame_00000.png,frame_00119.png,,120,2.001129
ex_X_8,lockin,0,0,QR未検出,,lockin,binary,,,22.500000,12,8,1,0.676899,,0.676899,frame_00000.png,frame_00119.png,r90_e60_f0.mp4,90 Hz,1/60,蛍光灯なし,59.966 fps,90,60,0,58,ex,max,X,8,,,frame_00000.png,frame_00119.png,,120,2.001129
ex_X_8,lockin,0,0,QR未検出,,lockin,binary,,,14.966161,4,8,1,0.673723,,0.673723,frame_00000.png,frame_00119.png,r90_e60_f0.mp4,90 Hz,1/60,蛍光灯なし,59.966 fps,90,60,0,58,ex,max,X,8,,,frame_00000.png,frame_00119.png,,120,2.001129
ex_X_8,lockin,0,0,QR未検出,,lockin,binary,,,9.966161,12,8,1,0.670906,,0.670906,frame_00000.png,frame_00119.png,r90_e60_f0.mp4,90 Hz,1/60,蛍光灯なし,59.966 fps,90,60,0,58,ex,max,X,8,,,frame_00000.png,frame_00119.png,,120,2.001129
ex_X_8,lockin,0,0,QR未検出,,lockin,binary,,,7.483080,12,8,1,0.664086,,0.664086,frame_00000.png,frame_00119.png,r90_e60_f0.mp4,90 Hz,1/60,蛍光灯なし,59.966 fps,90,60,0,58,ex,max,X,8,,,frame_00000.png,frame_00119.png,,120,2.001129
ex_X_8,lockin,0,0,QR未検出,,lockin,binary,,,9.966161,8,8,1,0.661967,,0.661967,frame_00000.png,frame_00119.png,r90_e60_f0.mp4,90 Hz,1/60,蛍光灯なし,59.966 fps,90,60,0,58,ex,max,X,8,,,frame_00000.png,frame_00119.png,,120,2.001129
ex_X_8,lockin,0,0,QR未検出,,lockin,binary,,,22.500000,8,8,1,0.653044,,0.653044,frame_00000.png,frame_00119.png,r90_e60_f0.mp4,90 Hz,1/60,蛍光灯なし,59.966 fps,90,60,0,58,ex,max,X,8,,,frame_00000.png,frame_00119.png,,120,2.001129
ex_X_8,lockin,0,0,QR未検出,,lockin,binary,,,7.483080,8,8,1,0.630071,,0.630071,frame_00000.png,frame_00119.png,r90_e60_f0.mp4,90 Hz,1/60,蛍光灯なし,59.966 fps,90,60,0,58,ex,max,X,8,,,frame_00000.png,frame_00119.png,,120,2.001129
ex_X_8,lockin,0,0,QR未検出,,lockin,binary,,,7.483080,4,8,1,0.573565,,0.573565,frame_00000.png,frame_00119.png,r90_e60_f0.mp4,90 Hz,1/60,蛍光灯なし,59.966 fps,90,60,0,58,ex,max,X,8,,,frame_00000.png,frame_00119.png,,120,2.001129
ex_X_8,lockin,0,0,QR未検出,,lockin,binary,,,22.500000,4,8,1,0.550592,,0.550592,frame_00000.png,frame_00119.png,r90_e60_f0.mp4,90 Hz,1/60,蛍光灯なし,59.966 fps,90,60,0,58,ex,max,X,8,,,frame_00000.png,frame_00119.png,,120,2.001129
ex_X_8,lockin,0,0,QR未検出,,lockin,binary,,,9.966161,4,8,1,0.529150,,0.529150,frame_00000.png,frame_00119.png,r90_e60_f0.mp4,90 Hz,1/60,蛍光灯なし,59.966 fps,90,60,0,58,ex,max,X,8,,,frame_00000.png,frame_00119.png,,120,2.001129
ex_X_12,lockin,1,0,QR未検出,,lockin,binary,,,14.966161,12,8,1,0.871889,,0.871889,frame_00000.png,frame_00119.png,r90_e60_f0.mp4,90 Hz,1/60,蛍光灯なし,59.966 fps,90,60,0,59,ex,max,X,12,,,frame_00000.png,frame_00119.png,,120,2.001129
ex_X_12,lockin,0,0,QR未検出,,lockin,binary,,,14.966161,8,8,1,0.830611,,0.830611,frame_00000.png,frame_00119.png,r90_e60_f0.mp4,90 Hz,1/60,蛍光灯なし,59.966 fps,90,60,0,59,ex,max,X,12,,,frame_00000.png,frame_00119.png,,120,2.001129
ex_X_12,lockin,0,0,QR未検出,,lockin,binary,,,14.966161,4,8,1,0.735656,,0.735656,frame_00000.png,frame_00119.png,r90_e60_f0.mp4,90 Hz,1/60,蛍光灯なし,59.966 fps,90,60,0,59,ex,max,X,12,,,frame_00000.png,frame_00119.png,,120,2.001129
ex_X_12,lockin,0,0,QR未検出,,lockin,binary,,,22.500000,12,8,1,0.719017,,0.719017,frame_00000.png,frame_00119.png,r90_e60_f0.mp4,90 Hz,1/60,蛍光灯なし,59.966 fps,90,60,0,59,ex,max,X,12,,,frame_00000.png,frame_00119.png,,120,2.001129
ex_X_12,lockin,0,0,QR未検出,,lockin,binary,,,9.966161,12,8,1,0.696780,,0.696780,frame_00000.png,frame_00119.png,r90_e60_f0.mp4,90 Hz,1/60,蛍光灯なし,59.966 fps,90,60,0,59,ex,max,X,12,,,frame_00000.png,frame_00119.png,,120,2.001129
ex_X_12,lockin,0,0,QR未検出,,lockin,binary,,,7.483080,12,8,1,0.688943,,0.688943,frame_00000.png,frame_00119.png,r90_e60_f0.mp4,90 Hz,1/60,蛍光灯なし,59.966 fps,90,60,0,59,ex,max,X,12,,,frame_00000.png,frame_00119.png,,120,2.001129
ex_X_12,lockin,0,0,QR未検出,,lockin,binary,,,22.500000,8,8,1,0.637578,,0.637578,frame_00000.png,frame_00119.png,r90_e60_f0.mp4,90 Hz,1/60,蛍光灯なし,59.966 fps,90,60,0,59,ex,max,X,12,,,frame_00000.png,frame_00119.png,,120,2.001129
ex_X_12,lockin,0,0,QR未検出,,lockin,binary,,,7.483080,8,8,1,0.605554,,0.605554,frame_00000.png,frame_00119.png,r90_e60_f0.mp4,90 Hz,1/60,蛍光灯なし,59.966 fps,90,60,0,59,ex,max,X,12,,,frame_00000.png,frame_00119.png,,120,2.001129
ex_X_12,lockin,0,0,QR未検出,,lockin,binary,,,9.966161,4,8,1,0.599656,,0.599656,frame_00000.png,frame_00119.png,r90_e60_f0.mp4,90 Hz,1/60,蛍光灯なし,59.966 fps,90,60,0,59,ex,max,X,12,,,frame_00000.png,frame_00119.png,,120,2.001129
ex_X_12,lockin,0,0,QR未検出,,lockin,binary,,,7.483080,4,8,1,0.598491,,0.598491,frame_00000.png,frame_00119.png,r90_e60_f0.mp4,90 Hz,1/60,蛍光灯なし,59.966 fps,90,60,0,59,ex,max,X,12,,,frame_00000.png,frame_00119.png,,120,2.001129
ex_X_12,lockin,0,0,QR未検出,,lockin,binary,,,9.966161,8,8,1,0.590568,,0.590568,frame_00000.png,frame_00119.png,r90_e60_f0.mp4,90 Hz,1/60,蛍光灯なし,59.966 fps,90,60,0,59,ex,max,X,12,,,frame_00000.png,frame_00119.png,,120,2.001129
ex_X_12,lockin,0,0,QR未検出,,lockin,binary,,,22.500000,4,8,1,0.573778,,0.573778,frame_00000.png,frame_00119.png,r90_e60_f0.mp4,90 Hz,1/60,蛍光灯なし,59.966 fps,90,60,0,59,ex,max,X,12,,,frame_00000.png,frame_00119.png,,120,2.001129
