folder,frame_1,frame_2,diff_image,analysis_image,decoded_text,success,method,note,recall,precision,accuracy,noise,gt_note,task_key,diff_mode,window_n,stat_kind,fft_target_hz,diff_threshold
rice_R_4,frame_00075.png,frame_00079.png,,,,0,decode失敗,QR未検出,0.266084,0.553955,0.667996,0.162447,,accum_num:accum::5:None:0:None:gray:15,accum,5,,,0
rice_R_4,frame_00065.png,frame_00069.png,,,,0,decode失敗,QR未検出,0.308027,0.540965,0.666182,0.195878,,accum_num:accum::5:None:0:None:gray:13,accum,5,,,0
rice_R_4,frame_00040.png,frame_00044.png,,,,0,decode失敗,QR未検出,0.272010,0.538176,0.663360,0.176175,,accum_num:accum::5:None:0:None:gray:8,accum,5,,,0
rice_R_4,frame_00045.png,frame_00049.png,,,,0,decode失敗,QR未検出,0.312949,0.518032,0.657476,0.206538,,accum_num:accum::5:None:0:None:gray:9,accum,5,,,0
rice_R_4,frame_00030.png,frame_00034.png,,,,0,decode失敗,QR未検出,0.304565,0.543502,0.666919,0.192990,,accum_num:accum::5:None:0:None:gray:6,accum,5,,,0
rice_R_4,frame_00035.png,frame_00039.png,,,,0,decode失敗,QR未検出,0.285332,0.545340,0.666460,0.185396,,accum_num:accum::5:None:0:None:gray:7,accum,5,,,0
rice_R_4,frame_00025.png,frame_00029.png,,,,0,decode失敗,QR未検出,0.301801,0.536771,0.664326,0.187358,,accum_num:accum::5:None:0:None:gray:5,accum,5,,,0
rice_R_4,frame_00055.png,frame_00059.png,,,,0,decode失敗,QR未検出,0.348482,0.533034,0.664971,0.210418,,accum_num:accum::5:None:0:None:gray:11,accum,5,,,0
rice_R_4,frame_00020.png,frame_00024.png,,,,0,decode失敗,QR未検出,0.345954,0.504044,0.651791,0.226529,,accum_num:accum::5:None:0:None:gray:4,accum,5,,,0
rice_R_4,frame_00070.png,frame_00074.png,,,,0,decode失敗,QR未検出,0.302946,0.498971,0.649410,0.199688,,accum_num:accum::5:None:0:None:gray:14,accum,5,,,0
rice_R_4,frame_00010.png,frame_00014.png,,,,0,decode失敗,QR未検出,0.341457,0.546563,0.670218,0.207620,,accum_num:accum::5:None:0:None:gray:2,accum,5,,,0
rice_R_4,frame_00050.png,frame_00054.png,,,,0,decode失敗,QR未検出,0.258089,0.542104,0.663885,0.180128,,accum_num:accum::5:None:0:None:gray:10,accum,5,,,0
rice_R_4,frame_00060.png,frame_00064.png,,,,0,decode失敗,QR未検出,0.363963,0.535530,0.666758,0.220220,,accum_num:accum::5:None:0:None:gray:12,accum,5,,,0
rice_R_4,frame_00000.png,frame_00004.png,,,,0,decode失敗,QR未検出,0.283493,0.545289,0.666336,0.178978,,accum_num:accum::5:None:0:None:gray:0,accum,5,,,0
rice_R_4,frame_00005.png,frame_00009.png,,,,0,decode失敗,QR未検出,0.316262,0.542934,0.667361,0.196080,,accum_num:accum::5:None:0:None:gray:1,accum,5,,,0
rice_R_4,frame_00015.png,frame_00019.png,,,,0,decode失敗,QR未検出,0.296485,0.548368,0.668161,0.187639,,accum_num:accum::5:None:0:None:gray:3,accum,5,,,0
rice_R_4,frame_00110.png,frame_00114.png,,,,0,decode失敗,QR未検出,0.324987,0.549048,0.670178,0.196410,,accum_num:accum::5:None:0:None:gray:22,accum,5,,,0
rice_R_4,frame_00080.png,frame_00084.png,,,,0,decode失敗,QR未検出,0.296780,0.528370,0.661006,0.195325,,accum_num:accum::5:None:0:None:gray:16,accum,5,,,0
rice_R_4,frame_00100.png,frame_00104.png,,,,0,decode失敗,QR未検出,0.292582,0.556741,0.670729,0.180035,,accum_num:accum::5:None:0:None:gray:20,accum,5,,,0
rice_R_4,frame_00115.png,frame_00119.png,,,,0,decode失敗,QR未検出,0.344200,0.523745,0.660776,0.212220,,accum_num:accum::5:None:0:None:gray:23,accum,5,,,0
rice_R_4,frame_00085.png,frame_00089.png,,,,0,decode失敗,QR未検出,0.331188,0.546361,0.669527,0.204042,,accum_num:accum::5:None:0:None:gray:17,accum,5,,,0
rice_R_4,frame_00105.png,frame_00109.png,,,,0,decode失敗,QR未検出,0.283713,0.553381,0.669013,0.176207,,accum_num:accum::5:None:0:None:gray:21,accum,5,,,0
rice_R_4,frame_00090.png,frame_00094.png,,,,0,decode失敗,QR未検出,0.314963,0.552975,0.670978,0.180924,,accum_num:accum::5:None:0:None:gray:18,accum,5,,,0
rice_R_4,frame_00095.png,frame_00099.png,rice_R_4/rgb_max_accum_n5_gray/00095-00099-FRAME_rgbmax_scale1.00.png,,,0,decode失敗,QR未検出,0.285621,0.572642,0.675221,0.167997,,accum_num:accum::5:None:0:None:gray:19,accum,5,,,0
rice_R_8,frame_00015.png,frame_00019.png,,,,0,decode失敗,QR未検出,0.534076,0.732937,0.768714,0.112523,,accum_num:accum::5:None:0:None:gray:3,accum,5,,,0
rice_R_8,frame_00005.png,frame_00009.png,rice_R_8/rgb_max_accum_n5_gray/00005-00009-FRAME_rgbmax_scale1.00.png,,,0,decode失敗,QR未検出,0.573791,0.737688,0.779319,0.128863,,accum_num:accum::5:None:0:None:gray:1,accum,5,,,0
rice_R_8,frame_00075.png,frame_00079.png,,,,0,decode失敗,QR未検出,0.541077,0.743110,0.773811,0.110207,,accum_num:accum::5:None:0:None:gray:15,accum,5,,,0
rice_R_8,frame_00010.png,frame_00014.png,,,,0,decode失敗,QR未検出,0.529819,0.734244,0.768218,0.113953,,accum_num:accum::5:None:0:None:gray:2,accum,5,,,0
rice_R_8,frame_00045.png,frame_00049.png,,,,0,decode失敗,QR未検出,0.510076,0.753373,0.769983,0.094901,,accum_num:accum::5:None:0:None:gray:9,accum,5,,,0
rice_R_8,frame_00070.png,frame_00074.png,,,,0,decode失敗,QR未検出,0.515458,0.752656,0.771022,0.102138,,accum_num:accum::5:None:0:None:gray:14,accum,5,,,0
rice_R_8,frame_00020.png,frame_00024.png,,,,0,decode失敗,QR未検出,0.530428,0.744790,0.771936,0.108377,,accum_num:accum::5:None:0:None:gray:4,accum,5,,,0
rice_R_8,frame_00030.png,frame_00034.png,,,,0,decode失敗,QR未検出,0.529244,0.731073,0.766995,0.110317,,accum_num:accum::5:None:0:None:gray:6,accum,5,,,0
rice_R_8,frame_00035.png,frame_00039.png,,,,0,decode失敗,QR未検出,0.571168,0.722992,0.773216,0.128473,,accum_num:accum::5:None:0:None:gray:7,accum,5,,,0
rice_R_8,frame_00050.png,frame_00054.png,,,,0,decode失敗,QR未検出,0.541397,0.750066,0.776250,0.102261,,accum_num:accum::5:None:0:None:gray:10,accum,5,,,0
rice_R_8,frame_00000.png,frame_00004.png,,,,0,decode失敗,QR未検出,0.520110,0.750063,0.771279,0.106016,,accum_num:accum::5:None:0:None:gray:0,accum,5,,,0
rice_R_8,frame_00060.png,frame_00064.png,,,,0,decode失敗,QR未検出,0.511335,0.761618,0.772852,0.093494,,accum_num:accum::5:None:0:None:gray:12,accum,5,,,0
rice_R_8,frame_00055.png,frame_00059.png,,,,0,decode失敗,QR未検出,0.502116,0.763484,0.771199,0.095011,,accum_num:accum::5:None:0:None:gray:11,accum,5,,,0
rice_R_8,frame_00025.png,frame_00029.png,,,,0,decode失敗,QR未検出,0.509452,0.750528,0.768938,0.100185,,accum_num:accum::5:None:0:None:gray:5,accum,5,,,0
rice_R_8,frame_00040.png,frame_00044.png,,,,0,decode失敗,QR未検出,0.568250,0.713920,0.769089,0.129330,,accum_num:accum::5:None:0:None:gray:8,accum,5,,,0
rice_R_8,frame_00065.png,frame_00069.png,,,,0,decode失敗,QR未検出,0.547903,0.729321,0.770494,0.117825,,accum_num:accum::5:None:0:None:gray:13,accum,5,,,0
rice_R_8,frame_00105.png,frame_00109.png,,,,0,decode失敗,QR未検出,0.504290,0.759947,0.770648,0.091260,,accum_num:accum::5:None:0:None:gray:21,accum,5,,,0
rice_R_8,frame_00095.png,frame_00099.png,,,,0,decode失敗,QR未検出,0.531443,0.742900,0.771533,0.110248,,accum_num:accum::5:None:0:None:gray:19,accum,5,,,0
rice_R_8,frame_00090.png,frame_00094.png,,,,0,decode失敗,QR未検出,0.531628,0.734376,0.768667,0.111472,,accum_num:accum::5:None:0:None:gray:18,accum,5,,,0
rice_R_8,frame_00080.png,frame_00084.png,,,,0,decode失敗,QR未検出,0.523763,0.743833,0.770084,0.104198,,accum_num:accum::5:None:0:None:gray:16,accum,5,,,0
rice_R_8,frame_00110.png,frame_00114.png,,,,0,decode失敗,QR未検出,0.532372,0.746279,0.772882,0.102511,,accum_num:accum::5:None:0:None:gray:22,accum,5,,,0
rice_R_8,frame_00100.png,frame_00104.png,,,,0,decode失敗,QR未検出,0.556037,0.724323,0.770443,0.125521,,accum_num:accum::5:None:0:None:gray:20,accum,5,,,0
rice_R_8,frame_00085.png,frame_00089.png,,,,0,decode失敗,QR未検出,0.522813,0.752925,0.772838,0.102659,,accum_num:accum::5:None:0:None:gray:17,accum,5,,,0
rice_R_8,frame_00115.png,frame_00119.png,,,,0,decode失敗,QR未検出,0.529704,0.733943,0.768088,0.111219,,accum_num:accum::5:None:0:None:gray:23,accum,5,,,0
rice_R_12,frame_00025.png,frame_00029.png,,,,0,decode失敗,QR未検出,0.409594,0.949463,0.785634,0.004161,,accum_num:accum::5:None:0:None:gray:5,accum,5,,,0
rice_R_12,frame_00000.png,frame_00004.png,,,,0,decode失敗,QR未検出,0.373616,0.952072,0.774084,0.003633,,accum_num:accum::5:None:0:None:gray:0,accum,5,,,0
rice_R_12,frame_00010.png,frame_00014.png,,,,0,decode失敗,QR未検出,0.368824,0.947814,0.771881,0.003868,,accum_num:accum::5:None:0:None:gray:2,accum,5,,,0
rice_R_12,frame_00020.png,frame_00024.png,,,,0,decode失敗,QR未検出,0.402923,0.948357,0.783249,0.004178,,accum_num:accum::5:None:0:None:gray:4,accum,5,,,0
rice_R_12,frame_00045.png,frame_00049.png,,,,0,decode失敗,QR未検出,0.408859,0.948035,0.785163,0.004326,,accum_num:accum::5:None:0:None:gray:9,accum,5,,,0
rice_R_12,frame_00015.png,frame_00019.png,,,,0,decode失敗,QR未検出,0.401569,0.948852,0.782878,0.004139,,accum_num:accum::5:None:0:None:gray:3,accum,5,,,0
rice_R_12,frame_00005.png,frame_00009.png,,,,0,decode失敗,QR未検出,0.370578,0.950746,0.772884,0.003673,,accum_num:accum::5:None:0:None:gray:1,accum,5,,,0
rice_R_12,frame_00035.png,frame_00039.png,,,,0,decode失敗,QR未検出,0.402923,0.948725,0.783307,0.004173,,accum_num:accum::5:None:0:None:gray:7,accum,5,,,0
rice_R_12,frame_00075.png,frame_00079.png,,,,0,decode失敗,QR未検出,0.426433,0.948454,0.791049,0.004488,,accum_num:accum::5:None:0:None:gray:15,accum,5,,,0
rice_R_12,frame_00060.png,frame_00064.png,,,,0,decode失敗,QR未検出,0.434039,0.948461,0.793569,0.004555,,accum_num:accum::5:None:0:None:gray:12,accum,5,,,0
rice_R_12,frame_00030.png,frame_00034.png,,,,0,decode失敗,QR未検出,0.412917,0.948639,0.786603,0.004335,,accum_num:accum::5:None:0:None:gray:6,accum,5,,,0
rice_R_12,frame_00050.png,frame_00054.png,,,,0,decode失敗,QR未検出,0.428737,0.949336,0.791959,0.004364,,accum_num:accum::5:None:0:None:gray:10,accum,5,,,0
rice_R_12,frame_00040.png,frame_00044.png,,,,0,decode失敗,QR未検出,0.417324,0.945543,0.787558,0.004639,,accum_num:accum::5:None:0:None:gray:8,accum,5,,,0
rice_R_12,frame_00070.png,frame_00074.png,,,,0,decode失敗,QR未検出,0.430061,0.946946,0.791997,0.004588,,accum_num:accum::5:None:0:None:gray:14,accum,5,,,0
rice_R_12,frame_00065.png,frame_00069.png,,,,0,decode失敗,QR未検出,0.417249,0.951709,0.788535,0.004039,,accum_num:accum::5:None:0:None:gray:13,accum,5,,,0
rice_R_12,frame_00055.png,frame_00059.png,,,,0,decode失敗,QR未検出,0.438301,0.954337,0.795976,0.004217,,accum_num:accum::5:None:0:None:gray:11,accum,5,,,0
rice_R_12,frame_00080.png,frame_00084.png,,,,0,decode失敗,QR未検出,0.456640,0.947348,0.800854,0.004836,,accum_num:accum::5:None:0:None:gray:16,accum,5,,,0
rice_R_12,frame_00090.png,frame_00094.png,,,,0,decode失敗,QR未検出,0.459863,0.948861,0.802191,0.004771,,accum_num:accum::5:None:0:None:gray:18,accum,5,,,0
rice_R_12,frame_00110.png,frame_00114.png,,,,0,decode失敗,QR未検出,0.473519,0.948076,0.806570,0.005010,,accum_num:accum::5:None:0:None:gray:22,accum,5,,,0
rice_R_12,frame_00095.png,frame_00099.png,,,,0,decode失敗,QR未検出,0.464580,0.949722,0.803909,0.004770,,accum_num:accum::5:None:0:None:gray:19,accum,5,,,0
rice_R_12,frame_00105.png,frame_00109.png,,,,0,decode失敗,QR未検出,0.462171,0.949980,0.803157,0.004672,,accum_num:accum::5:None:0:None:gray:21,accum,5,,,0
rice_R_12,frame_00100.png,frame_00104.png,,,,0,decode失敗,QR未検出,0.467768,0.944583,0.804028,0.005410,,accum_num:accum::5:None:0:None:gray:20,accum,5,,,0
rice_R_12,frame_00115.png,frame_00119.png,rice_R_12/rgb_max_accum_n5_gray/00115-00119-FRAME_rgbmax_scale1.00.png,,,0,decode失敗,QR未検出,0.495755,0.954696,0.815200,0.004819,,accum_num:accum::5:None:0:None:gray:23,accum,5,,,0
rice_R_12,frame_00085.png,frame_00089.png,,,,0,decode失敗,QR未検出,0.437631,0.948555,0.794774,0.004542,,accum_num:accum::5:None:0:None:gray:17,accum,5,,,0
nagaoka_fireworks_R_4,frame_00050.png,frame_00054.png,,,,0,decode失敗,QR未検出,0.612432,0.560319,0.696017,0.188026,,accum_num:accum::5:None:0:None:gray:10,accum,5,,,0
nagaoka_fireworks_R_4,frame_00045.png,frame_00049.png,,,,0,decode失敗,QR未検出,0.602374,0.564278,0.697900,0.185289,,accum_num:accum::5:None:0:None:gray:9,accum,5,,,0
nagaoka_fireworks_R_4,frame_00030.png,frame_00034.png,,,,0,decode失敗,QR未検出,0.597342,0.562722,0.696474,0.186092,,accum_num:accum::5:None:0:None:gray:6,accum,5,,,0
nagaoka_fireworks_R_4,frame_00065.png,frame_00069.png,,,,0,decode失敗,QR未検出,0.627083,0.534203,0.677964,0.214767,,accum_num:accum::5:None:0:None:gray:13,accum,5,,,0
nagaoka_fireworks_R_4,frame_00055.png,frame_00059.png,,,,0,decode失敗,QR未検出,0.656994,0.499928,0.649781,0.252914,,accum_num:accum::5:None:0:None:gray:11,accum,5,,,0
nagaoka_fireworks_R_4,frame_00005.png,frame_00009.png,,,,0,decode失敗,QR未検出,0.608125,0.570413,0.702418,0.178623,,accum_num:accum::5:None:0:None:gray:1,accum,5,,,0
nagaoka_fireworks_R_4,frame_00075.png,frame_00079.png,,,,0,decode失敗,QR未検出,0.616460,0.566474,0.700507,0.189167,,accum_num:accum::5:None:0:None:gray:15,accum,5,,,0
nagaoka_fireworks_R_4,frame_00040.png,frame_00044.png,,,,0,decode失敗,QR未検出,0.589192,0.576266,0.704454,0.173695,,accum_num:accum::5:None:0:None:gray:8,accum,5,,,0
nagaoka_fireworks_R_4,frame_00025.png,frame_00029.png,,,,0,decode失敗,QR未検出,0.625789,0.566394,0.701219,0.191436,,accum_num:accum::5:None:0:None:gray:5,accum,5,,,0
nagaoka_fireworks_R_4,frame_00000.png,frame_00004.png,,,,0,decode失敗,QR未検出,0.613791,0.547696,0.687280,0.195616,,accum_num:accum::5:None:0:None:gray:0,accum,5,,,0
nagaoka_fireworks_R_4,frame_00060.png,frame_00064.png,,,,0,decode失敗,QR未検出,0.636107,0.523289,0.669673,0.226477,,accum_num:accum::5:None:0:None:gray:12,accum,5,,,0
nagaoka_fireworks_R_4,frame_00015.png,frame_00019.png,,,,0,decode失敗,QR未検出,0.612987,0.532370,0.675949,0.216764,,accum_num:accum::5:None:0:None:gray:3,accum,5,,,0
nagaoka_fireworks_R_4,frame_00035.png,frame_00039.png,,,,0,decode失敗,QR未検出,0.607230,0.565977,0.699419,0.186169,,accum_num:accum::5:None:0:None:gray:7,accum,5,,,0
nagaoka_fireworks_R_4,frame_00070.png,frame_00074.png,,,,0,decode失敗,QR未検出,0.622641,0.554041,0.692378,0.193998,,accum_num:accum::5:None:0:None:gray:14,accum,5,,,0
nagaoka_fireworks_R_4,frame_00010.png,frame_00014.png,,,,0,decode失敗,QR未検出,0.606246,0.565718,0.699167,0.183604,,accum_num:accum::5:None:0:None:gray:2,accum,5,,,0
nagaoka_fireworks_R_4,frame_00020.png,frame_00024.png,,,,0,decode失敗,QR未検出,0.611603,0.552984,0.690886,0.200987,,accum_num:accum::5:None:0:None:gray:4,accum,5,,,0
nagaoka_fireworks_R_4,frame_00080.png,frame_00084.png,,,,0,decode失敗,QR未検出,0.608305,0.582758,0.710344,0.175542,,accum_num:accum::5:None:0:None:gray:16,accum,5,,,0
nagaoka_fireworks_R_4,frame_00100.png,frame_00104.png,nagaoka_fireworks_R_4/rgb_max_accum_n5_gray/00100-00104-FRAME_rgbmax_scale1.00.png,,,0,decode失敗,QR未検出,0.616819,0.591924,0.716929,0.169629,,accum_num:accum::5:None:0:None:gray:20,accum,5,,,0
nagaoka_fireworks_R_4,frame_00110.png,frame_00114.png,,,,0,decode失敗,QR未検出,0.611208,0.568834,0.701643,0.184122,,accum_num:accum::5:None:0:None:gray:22,accum,5,,,0
nagaoka_fireworks_R_4,frame_00090.png,frame_00094.png,,,,0,decode失敗,QR未検出,0.609974,0.573669,0.704703,0.176706,,accum_num:accum::5:None:0:None:gray:18,accum,5,,,0
nagaoka_fireworks_R_4,frame_00085.png,frame_00089.png,,,,0,decode失敗,QR未検出,0.608315,0.567249,0.700351,0.182845,,accum_num:accum::5:None:0:None:gray:17,accum,5,,,0
nagaoka_fireworks_R_4,frame_00105.png,frame_00109.png,,,,0,decode失敗,QR未検出,0.616994,0.563151,0.698301,0.187819,,accum_num:accum::5:None:0:None:gray:21,accum,5,,,0
nagaoka_fireworks_R_4,frame_00095.png,frame_00099.png,,,,0,decode失敗,QR未検出,0.602668,0.567518,0.700059,0.179239,,accum_num:accum::5:None:0:None:gray:19,accum,5,,,0
nagaoka_fireworks_R_4,frame_00115.png,frame_00119.png,,,,0,decode失敗,QR未検出,0.649434,0.492585,0.643001,0.255608,,accum_num:accum::5:None:0:None:gray:23,accum,5,,,0
nagaoka_fireworks_R_8,frame_00040.png,frame_00044.png,,,,0,decode失敗,QR未検出,0.650149,0.890391,0.849474,0.018258,,accum_num:accum::5:None:0:None:gray:8,accum,5,,,0
nagaoka_fireworks_R_8,frame_00030.png,frame_00034.png,,,,0,decode失敗,QR未検出,0.641229,0.887750,0.845985,0.017328,,accum_num:accum::5:None:0:None:gray:6,accum,5,,,0
nagaoka_fireworks_R_8,frame_00055.png,frame_00059.png,,,,0,decode失敗,QR未検出,0.701532,0.824523,0.843212,0.039007,,accum_num:accum::5:None:0:None:gray:11,accum,5,,,0
nagaoka_fireworks_R_8,frame_00000.png,frame_00004.png,,,,0,decode失敗,QR未検出,0.652147,0.867679,0.843375,0.021507,,accum_num:accum::5:None:0:None:gray:0,accum,5,,,0
nagaoka_fireworks_R_8,frame_00005.png,frame_00009.png,,,,0,decode失敗,QR未検出,0.649869,0.879130,0.846115,0.019989,,accum_num:accum::5:None:0:None:gray:1,accum,5,,,0
nagaoka_fireworks_R_8,frame_00065.png,frame_00069.png,,,,0,decode失敗,QR未検出,0.644727,0.893897,0.848804,0.016528,,accum_num:accum::5:None:0:None:gray:13,accum,5,,,0
nagaoka_fireworks_R_8,frame_00020.png,frame_00024.png,,,,0,decode失敗,QR未検出,0.633924,0.886739,0.843466,0.017259,,accum_num:accum::5:None:0:None:gray:4,accum,5,,,0
nagaoka_fireworks_R_8,frame_00025.png,frame_00029.png,,,,0,decode失敗,QR未検出,0.624050,0.896508,0.843135,0.015774,,accum_num:accum::5:None:0:None:gray:5,accum,5,,,0
nagaoka_fireworks_R_8,frame_00035.png,frame_00039.png,,,,0,decode失敗,QR未検出,0.663350,0.872875,0.848293,0.021166,,accum_num:accum::5:None:0:None:gray:7,accum,5,,,0
nagaoka_fireworks_R_8,frame_00015.png,frame_00019.png,,,,0,decode失敗,QR未検出,0.645142,0.882736,0.845737,0.018986,,accum_num:accum::5:None:0:None:gray:3,accum,5,,,0
nagaoka_fireworks_R_8,frame_00075.png,frame_00079.png,,,,0,decode失敗,QR未検出,0.655435,0.879969,0.848045,0.019211,,accum_num:accum::5:None:0:None:gray:15,accum,5,,,0
nagaoka_fireworks_R_8,frame_00060.png,frame_00064.png,,,,0,decode失敗,QR未検出,0.650069,0.879484,0.846279,0.019067,,accum_num:accum::5:None:0:None:gray:12,accum,5,,,0
nagaoka_fireworks_R_8,frame_00045.png,frame_00049.png,,,,0,decode失敗,QR未検出,0.657139,0.886108,0.850372,0.018800,,accum_num:accum::5:None:0:None:gray:9,accum,5,,,0
nagaoka_fireworks_R_8,frame_00050.png,frame_00054.png,,,,0,decode失敗,QR未検出,0.644067,0.877283,0.843823,0.019870,,accum_num:accum::5:None:0:None:gray:10,accum,5,,,0
nagaoka_fireworks_R_8,frame_00010.png,frame_00014.png,,,,0,decode失敗,QR未検出,0.633974,0.883893,0.842675,0.017457,,accum_num:accum::5:None:0:None:gray:2,accum,5,,,0
nagaoka_fireworks_R_8,frame_00070.png,frame_00074.png,nagaoka_fireworks_R_8/rgb_max_accum_n5_gray/00070-00074-FRAME_rgbmax_scale1.00.png,,,0,decode失敗,QR未検出,0.657554,0.891388,0.852037,0.017746,,accum_num:accum::5:None:0:None:gray:14,accum,5,,,0
nagaoka_fireworks_R_8,frame_00095.png,frame_00099.png,,,,0,decode失敗,QR未検出,0.666743,0.879126,0.851210,0.020560,,accum_num:accum::5:None:0:None:gray:19,accum,5,,,0
nagaoka_fireworks_R_8,frame_00110.png,frame_00114.png,,,,0,decode失敗,QR未検出,0.647340,0.895752,0.850135,0.017104,,accum_num:accum::5:None:0:None:gray:22,accum,5,,,0
nagaoka_fireworks_R_8,frame_00090.png,frame_00094.png,,,,0,decode失敗,QR未検出,0.664440,0.873545,0.848823,0.021113,,accum_num:accum::5:None:0:None:gray:18,accum,5,,,0
nagaoka_fireworks_R_8,frame_00100.png,frame_00104.png,,,,0,decode失敗,QR未検出,0.658443,0.877467,0.848207,0.019577,,accum_num:accum::5:None:0:None:gray:20,accum,5,,,0
nagaoka_fireworks_R_8,frame_00085.png,frame_00089.png,,,,0,decode失敗,QR未検出,0.663910,0.873847,0.848757,0.021268,,accum_num:accum::5:None:0:None:gray:17,accum,5,,,0
nagaoka_fireworks_R_8,frame_00080.png,frame_00084.png,,,,0,decode失敗,QR未検出,0.654491,0.892411,0.851390,0.016738,,accum_num:accum::5:None:0:None:gray:16,accum,5,,,0
nagaoka_fireworks_R_8,frame_00105.png,frame_00109.png,,,,0,decode失敗,QR未検出,0.651433,0.885773,0.848533,0.018517,,accum_num:accum::5:None:0:None:gray:21,accum,5,,,0
nagaoka_fireworks_R_8,frame_00115.png,frame_00119.png,,,,0,decode失敗,QR未検出,0.691158,0.846930,0.848118,0.029248,,accum_num:accum::5:None:0:None:gray:23,accum,5,,,0
nagaoka_fireworks_R_12,frame_00000.png,frame_00004.png,,,,0,decode失敗,QR未検出,0.661157,0.939864,0.866540,0.008250,,accum_num:accum::5:None:0:None:gray:0,accum,5,,,0
nagaoka_fireworks_R_12,frame_00035.png,frame_00039.png,,,,0,decode失敗,QR未検出,0.667583,0.934155,0.867126,0.009333,,accum_num:accum::5:None:0:None:gray:7,accum,5,,,0
nagaoka_fireworks_R_12,frame_00070.png,frame_00074.png,,,,0,decode失敗,QR未検出,0.680240,0.934556,0.871355,0.009145,,accum_num:accum::5:None:0:None:gray:14,accum,5,,,0
nagaoka_fireworks_R_12,frame_00030.png,frame_00034.png,,,,0,decode失敗,QR未検出,0.667098,0.932792,0.866603,0.009321,,accum_num:accum::5:None:0:None:gray:6,accum,5,,,0
nagaoka_fireworks_R_12,frame_00025.png,frame_00029.png,,,,0,decode失敗,QR未検出,0.666578,0.936666,0.867469,0.008605,,accum_num:accum::5:None:0:None:gray:5,accum,5,,,0
nagaoka_fireworks_R_12,frame_00060.png,frame_00064.png,,,,0,decode失敗,QR未検出,0.678216,0.936275,0.871163,0.008829,,accum_num:accum::5:None:0:None:gray:12,accum,5,,,0
nagaoka_fireworks_R_12,frame_00005.png,frame_00009.png,,,,0,decode失敗,QR未検出,0.663505,0.933344,0.865583,0.009134,,accum_num:accum::5:None:0:None:gray:1,accum,5,,,0
nagaoka_fireworks_R_12,frame_00045.png,frame_00049.png,,,,0,decode失敗,QR未検出,0.673354,0.937250,0.869838,0.008908,,accum_num:accum::5:None:0:None:gray:9,accum,5,,,0
nagaoka_fireworks_R_12,frame_00065.png,frame_00069.png,,,,0,decode失敗,QR未検出,0.674663,0.935798,0.869875,0.008740,,accum_num:accum::5:None:0:None:gray:13,accum,5,,,0
nagaoka_fireworks_R_12,frame_00015.png,frame_00019.png,,,,0,decode失敗,QR未検出,0.657099,0.939119,0.865016,0.008359,,accum_num:accum::5:None:0:None:gray:3,accum,5,,,0
nagaoka_fireworks_R_12,frame_00050.png,frame_00054.png,,,,0,decode失敗,QR未検出,0.677132,0.934320,0.870279,0.009132,,accum_num:accum::5:None:0:None:gray:10,accum,5,,,0
nagaoka_fireworks_R_12,frame_00040.png,frame_00044.png,,,,0,decode失敗,QR未検出,0.665529,0.930656,0.865520,0.009601,,accum_num:accum::5:None:0:None:gray:8,accum,5,,,0
nagaoka_fireworks_R_12,frame_00010.png,frame_00014.png,,,,0,decode失敗,QR未検出,0.657619,0.936784,0.864575,0.008704,,accum_num:accum::5:None:0:None:gray:2,accum,5,,,0
nagaoka_fireworks_R_12,frame_00020.png,frame_00024.png,,,,0,decode失敗,QR未検出,0.661077,0.936119,0.865529,0.008659,,accum_num:accum::5:None:0:None:gray:4,accum,5,,,0
nagaoka_fireworks_R_12,frame_00075.png,frame_00079.png,,,,0,decode失敗,QR未検出,0.677052,0.937377,0.871081,0.008748,,accum_num:accum::5:None:0:None:gray:15,accum,5,,,0
nagaoka_fireworks_R_12,frame_00055.png,frame_00059.png,,,,0,decode失敗,QR未検出,0.680210,0.935433,0.871585,0.009118,,accum_num:accum::5:None:0:None:gray:11,accum,5,,,0
nagaoka_fireworks_R_12,frame_00080.png,frame_00084.png,nagaoka_fireworks_R_12/rgb_max_accum_n5_gray/00080-00084-FRAME_rgbmax_scale1.00.png,,,0,decode失敗,QR未検出,0.684482,0.937488,0.873539,0.008758,,accum_num:accum::5:None:0:None:gray:16,accum,5,,,0
nagaoka_fireworks_R_12,frame_00090.png,frame_00094.png,,,,0,decode失敗,QR未検出,0.674034,0.938013,0.870265,0.008560,,accum_num:accum::5:None:0:None:gray:18,accum,5,,,0
nagaoka_fireworks_R_12,frame_00110.png,frame_00114.png,,,,0,decode失敗,QR未検出,0.682423,0.936097,0.872487,0.009019,,accum_num:accum::5:None:0:None:gray:22,accum,5,,,0
nagaoka_fireworks_R_12,frame_00095.png,frame_00099.png,,,,0,decode失敗,QR未検出,0.681434,0.932924,0.871298,0.009412,,accum_num:accum::5:None:0:None:gray:19,accum,5,,,0
nagaoka_fireworks_R_12,frame_00085.png,frame_00089.png,,,,0,decode失敗,QR未検出,0.687670,0.932397,0.873179,0.009818,,accum_num:accum::5:None:0:None:gray:17,accum,5,,,0
nagaoka_fireworks_R_12,frame_00105.png,frame_00109.png,,,,0,decode失敗,QR未検出,0.678436,0.936746,0.871362,0.008901,,accum_num:accum::5:None:0:None:gray:21,accum,5,,,0
nagaoka_fireworks_R_12,frame_00115.png,frame_00119.png,,,,0,decode失敗,QR未検出,0.685557,0.934693,0.873124,0.009472,,accum_num:accum::5:None:0:None:gray:23,accum,5,,,0
nagaoka_fireworks_R_12,frame_00100.png,frame_00104.png,,,,0,decode失敗,QR未検出,0.680904,0.936581,0.872124,0.009010,,accum_num:accum::5:None:0:None:gray:20,accum,5,,,0
hocho_R_4,frame_00065.png,frame_00069.png,,,,0,decode失敗,QR未検出,0.713039,0.570086,0.711236,0.232575,,accum_num:accum::5:None:0:None:gray:13,accum,5,,,0
hocho_R_4,frame_00000.png,frame_00004.png,,,,0,decode失敗,QR未検出,0.717387,0.551172,0.696490,0.248734,,accum_num:accum::5:None:0:None:gray:0,accum,5,,,0
hocho_R_4,frame_00015.png,frame_00019.png,,,,0,decode失敗,QR未検出,0.770354,0.541621,0.691304,0.278850,,accum_num:accum::5:None:0:None:gray:3,accum,5,,,0
hocho_R_4,frame_00030.png,frame_00034.png,,,,0,decode失敗,QR未検出,0.720849,0.559308,0.703377,0.237201,,accum_num:accum::5:None:0:None:gray:6,accum,5,,,0
hocho_R_4,frame_00070.png,frame_00074.png,,,,0,decode失敗,QR未検出,0.707833,0.561081,0.703810,0.225176,,accum_num:accum::5:None:0:None:gray:14,accum,5,,,0
hocho_R_4,frame_00045.png,frame_00049.png,,,,0,decode失敗,QR未検出,0.741651,0.564258,0.708995,0.256750,,accum_num:accum::5:None:0:None:gray:9,accum,5,,,0
hocho_R_4,frame_00010.png,frame_00014.png,hocho_R_4/rgb_max_accum_n5_gray/00010-00014-FRAME_rgbmax_scale1.00.png,,,0,decode失敗,QR未検出,0.660472,0.590171,0.720516,0.192695,,accum_num:accum::5:None:0:None:gray:2,accum,5,,,0
hocho_R_4,frame_00055.png,frame_00059.png,,,,0,decode失敗,QR未検出,0.748437,0.498124,0.647873,0.324810,,accum_num:accum::5:None:0:None:gray:11,accum,5,,,0
hocho_R_4,frame_00005.png,frame_00009.png,,,,0,decode失敗,QR未検出,0.689829,0.573859,0.712023,0.208049,,accum_num:accum::5:None:0:None:gray:1,accum,5,,,0
hocho_R_4,frame_00075.png,frame_00079.png,,,,0,decode失敗,QR未検出,0.732062,0.551966,0.698114,0.244386,,accum_num:accum::5:None:0:None:gray:15,accum,5,,,0
hocho_R_4,frame_00035.png,frame_00039.png,,,,0,decode失敗,QR未検出,0.727161,0.564336,0.707901,0.239772,,accum_num:accum::5:None:0:None:gray:7,accum,5,,,0
hocho_R_4,frame_00020.png,frame_00024.png,,,,0,decode失敗,QR未検出,0.742941,0.550263,0.697372,0.260703,,accum_num:accum::5:None:0:None:gray:4,accum,5,,,0
hocho_R_4,frame_00050.png,frame_00054.png,,,,0,decode失敗,QR未検出,0.780082,0.527822,0.678643,0.306049,,accum_num:accum::5:None:0:None:gray:10,accum,5,,,0
hocho_R_4,frame_00060.png,frame_00064.png,,,,0,decode失敗,QR未検出,0.708427,0.569369,0.710291,0.224724,,accum_num:accum::5:None:0:None:gray:12,accum,5,,,0
hocho_R_4,frame_00025.png,frame_00029.png,,,,0,decode失敗,QR未検出,0.759215,0.558594,0.705618,0.252125,,accum_num:accum::5:None:0:None:gray:5,accum,5,,,0
hocho_R_4,frame_00040.png,frame_00044.png,,,,0,decode失敗,QR未検出,0.722703,0.562585,0.706150,0.234677,,accum_num:accum::5:None:0:None:gray:8,accum,5,,,0
hocho_R_4,frame_00105.png,frame_00109.png,,,,0,decode失敗,QR未検出,0.740872,0.561350,0.706550,0.256051,,accum_num:accum::5:None:0:None:gray:21,accum,5,,,0
hocho_R_4,frame_00085.png,frame_00089.png,,,,0,decode失敗,QR未検出,0.752829,0.560137,0.706449,0.255773,,accum_num:accum::5:None:0:None:gray:17,accum,5,,,0
hocho_R_4,frame_00110.png,frame_00114.png,,,,0,decode失敗,QR未検出,0.770204,0.550653,0.699463,0.277714,,accum_num:accum::5:None:0:None:gray:22,accum,5,,,0
hocho_R_4,frame_00080.png,frame_00084.png,,,,0,decode失敗,QR未検出,0.712829,0.572468,0.713040,0.222588,,accum_num:accum::5:None:0:None:gray:16,accum,5,,,0
hocho_R_4,frame_00100.png,frame_00104.png,,,,0,decode失敗,QR未検出,0.795478,0.534226,0.685537,0.304372,,accum_num:accum::5:None:0:None:gray:20,accum,5,,,0
hocho_R_4,frame_00095.png,frame_00099.png,,,,0,decode失敗,QR未検出,0.710556,0.580074,0.718537,0.228001,,accum_num:accum::5:None:0:None:gray:19,accum,5,,,0
hocho_R_4,frame_00115.png,frame_00119.png,,,,0,decode失敗,QR未検出,0.783645,0.508337,0.658847,0.335482,,accum_num:accum::5:None:0:None:gray:23,accum,5,,,0
hocho_R_4,frame_00090.png,frame_00094.png,,,,0,decode失敗,QR未検出,0.776585,0.546107,0.695764,0.293503,,accum_num:accum::5:None:0:None:gray:18,accum,5,,,0
hocho_R_8,frame_00045.png,frame_00049.png,,,,0,decode失敗,QR未検出,0.551765,0.925125,0.827412,0.010011,,accum_num:accum::5:None:0:None:gray:9,accum,5,,,0
hocho_R_8,frame_00050.png,frame_00054.png,,,,0,decode失敗,QR未検出,0.552979,0.927433,0.828324,0.009396,,accum_num:accum::5:None:0:None:gray:10,accum,5,,,0
hocho_R_8,frame_00060.png,frame_00064.png,,,,0,decode失敗,QR未検出,0.567440,0.921708,0.831661,0.011154,,accum_num:accum::5:None:0:None:gray:12,accum,5,,,0
hocho_R_8,frame_00030.png,frame_00034.png,,,,0,decode失敗,QR未検出,0.555268,0.915120,0.826242,0.010854,,accum_num:accum::5:None:0:None:gray:6,accum,5,,,0
hocho_R_8,frame_00000.png,frame_00004.png,,,,0,decode失敗,QR未検出,0.551915,0.927467,0.827988,0.009487,,accum_num:accum::5:None:0:None:gray:0,accum,5,,,0
hocho_R_8,frame_00065.png,frame_00069.png,,,,0,decode失敗,QR未検出,0.566636,0.919490,0.830884,0.011031,,accum_num:accum::5:None:0:None:gray:13,accum,5,,,0
hocho_R_8,frame_00070.png,frame_00074.png,,,,0,decode失敗,QR未検出,0.565881,0.921112,0.831022,0.010347,,accum_num:accum::5:None:0:None:gray:14,accum,5,,,0
hocho_R_8,frame_00075.png,frame_00079.png,,,,0,decode失敗,QR未検出,0.569174,0.927445,0.833554,0.010077,,accum_num:accum::5:None:0:None:gray:15,accum,5,,,0
hocho_R_8,frame_00055.png,frame_00059.png,hocho_R_8/rgb_max_accum_n5_gray/00055-00059-FRAME_rgbmax_scale1.00.png,,,0,decode失敗,QR未検出,0.589422,0.911196,0.836121,0.015034,,accum_num:accum::5:None:0:None:gray:11,accum,5,,,0
hocho_R_8,frame_00010.png,frame_00014.png,,,,0,decode失敗,QR未検出,0.552700,0.924670,0.827610,0.009562,,accum_num:accum::5:None:0:None:gray:2,accum,5,,,0
hocho_R_8,frame_00005.png,frame_00009.png,,,,0,decode失敗,QR未検出,0.548247,0.931637,0.827731,0.009295,,accum_num:accum::5:None:0:None:gray:1,accum,5,,,0
hocho_R_8,frame_00040.png,frame_00044.png,,,,0,decode失敗,QR未検出,0.555288,0.920207,0.827423,0.010700,,accum_num:accum::5:None:0:None:gray:8,accum,5,,,0
hocho_R_8,frame_00025.png,frame_00029.png,,,,0,decode失敗,QR未検出,0.560720,0.923618,0.829948,0.010373,,accum_num:accum::5:None:0:None:gray:5,accum,5,,,0
hocho_R_8,frame_00020.png,frame_00024.png,,,,0,decode失敗,QR未検出,0.559530,0.922562,0.829323,0.010429,,accum_num:accum::5:None:0:None:gray:4,accum,5,,,0
hocho_R_8,frame_00035.png,frame_00039.png,,,,0,decode失敗,QR未検出,0.553089,0.923623,0.827498,0.010437,,accum_num:accum::5:None:0:None:gray:7,accum,5,,,0
hocho_R_8,frame_00015.png,frame_00019.png,,,,0,decode失敗,QR未検出,0.550751,0.921995,0.826378,0.010204,,accum_num:accum::5:None:0:None:gray:3,accum,5,,,0
hocho_R_8,frame_00095.png,frame_00099.png,,,,0,decode失敗,QR未検出,0.542146,0.927174,0.824770,0.009314,,accum_num:accum::5:None:0:None:gray:19,accum,5,,,0
hocho_R_8,frame_00100.png,frame_00104.png,,,,0,decode失敗,QR未検出,0.553034,0.925230,0.827845,0.009842,,accum_num:accum::5:None:0:None:gray:20,accum,5,,,0
hocho_R_8,frame_00085.png,frame_00089.png,,,,0,decode失敗,QR未検出,0.566156,0.912526,0.829085,0.011883,,accum_num:accum::5:None:0:None:gray:17,accum,5,,,0
hocho_R_8,frame_00105.png,frame_00109.png,,,,0,decode失敗,QR未検出,0.558921,0.917761,0.828018,0.011279,,accum_num:accum::5:None:0:None:gray:21,accum,5,,,0
hocho_R_8,frame_00110.png,frame_00114.png,,,,0,decode失敗,QR未検出,0.554913,0.927908,0.829055,0.009336,,accum_num:accum::5:None:0:None:gray:22,accum,5,,,0
hocho_R_8,frame_00090.png,frame_00094.png,,,,0,decode失敗,QR未検出,0.551051,0.924748,0.827098,0.009769,,accum_num:accum::5:None:0:None:gray:18,accum,5,,,0
hocho_R_8,frame_00080.png,frame_00084.png,,,,0,decode失敗,QR未検出,0.566151,0.916541,0.830035,0.011524,,accum_num:accum::5:None:0:None:gray:16,accum,5,,,0
hocho_R_8,frame_00115.png,frame_00119.png,,,,0,decode失敗,QR未検出,0.576640,0.908955,0.831535,0.014715,,accum_num:accum::5:None:0:None:gray:23,accum,5,,,0
hocho_R_12,frame_00005.png,frame_00009.png,,,,0,decode失敗,QR未検出,0.570783,0.957654,0.840871,0.004773,,accum_num:accum::5:None:0:None:gray:1,accum,5,,,0
hocho_R_12,frame_00035.png,frame_00039.png,,,,0,decode失敗,QR未検出,0.569634,0.955806,0.840084,0.005046,,accum_num:accum::5:None:0:None:gray:7,accum,5,,,0
hocho_R_12,frame_00015.png,frame_00019.png,,,,0,decode失敗,QR未検出,0.573926,0.954906,0.841319,0.005146,,accum_num:accum::5:None:0:None:gray:3,accum,5,,,0
hocho_R_12,frame_00000.png,frame_00004.png,,,,0,decode失敗,QR未検出,0.572297,0.956993,0.841233,0.004930,,accum_num:accum::5:None:0:None:gray:0,accum,5,,,0
hocho_R_12,frame_00065.png,frame_00069.png,,,,0,decode失敗,QR未検出,0.570438,0.959069,0.841063,0.004654,,accum_num:accum::5:None:0:None:gray:13,accum,5,,,0
hocho_R_12,frame_00040.png,frame_00044.png,,,,0,decode失敗,QR未検出,0.568130,0.955429,0.839499,0.005011,,accum_num:accum::5:None:0:None:gray:8,accum,5,,,0
hocho_R_12,frame_00030.png,frame_00034.png,,,,0,decode失敗,QR未検出,0.578264,0.953332,0.842416,0.005398,,accum_num:accum::5:None:0:None:gray:6,accum,5,,,0
hocho_R_12,frame_00070.png,frame_00074.png,,,,0,decode失敗,QR未検出,0.570708,0.957649,0.840845,0.004766,,accum_num:accum::5:None:0:None:gray:14,accum,5,,,0
hocho_R_12,frame_00075.png,frame_00079.png,,,,0,decode失敗,QR未検出,0.574691,0.953427,0.841247,0.005318,,accum_num:accum::5:None:0:None:gray:15,accum,5,,,0
hocho_R_12,frame_00025.png,frame_00029.png,,,,0,decode失敗,QR未検出,0.576879,0.955901,0.842524,0.005025,,accum_num:accum::5:None:0:None:gray:5,accum,5,,,0
hocho_R_12,frame_00010.png,frame_00014.png,,,,0,decode失敗,QR未検出,0.569774,0.958637,0.840747,0.004723,,accum_num:accum::5:None:0:None:gray:2,accum,5,,,0
hocho_R_12,frame_00055.png,frame_00059.png,,,,0,decode失敗,QR未検出,0.563178,0.960222,0.838876,0.004430,,accum_num:accum::5:None:0:None:gray:11,accum,5,,,0
hocho_R_12,frame_00045.png,frame_00049.png,,,,0,decode失敗,QR未検出,0.577434,0.954725,0.842449,0.005171,,accum_num:accum::5:None:0:None:gray:9,accum,5,,,0
hocho_R_12,frame_00050.png,frame_00054.png,,,,0,decode失敗,QR未検出,0.573631,0.956857,0.841650,0.004923,,accum_num:accum::5:None:0:None:gray:10,accum,5,,,0
hocho_R_12,frame_00020.png,frame_00024.png,,,,0,decode失敗,QR未検出,0.572617,0.954131,0.840712,0.005303,,accum_num:accum::5:None:0:None:gray:4,accum,5,,,0
hocho_R_12,frame_00060.png,frame_00064.png,,,,0,decode失敗,QR未検出,0.573726,0.954970,0.841266,0.005108,,accum_num:accum::5:None:0:None:gray:12,accum,5,,,0
hocho_R_12,frame_00100.png,frame_00104.png,,,,0,decode失敗,QR未検出,0.574391,0.956697,0.841868,0.004949,,accum_num:accum::5:None:0:None:gray:20,accum,5,,,0
hocho_R_12,frame_00105.png,frame_00109.png,,,,0,decode失敗,QR未検出,0.577779,0.959497,0.843618,0.004605,,accum_num:accum::5:None:0:None:gray:21,accum,5,,,0
hocho_R_12,frame_00115.png,frame_00119.png,,,,0,decode失敗,QR未検出,0.566836,0.958788,0.839795,0.004623,,accum_num:accum::5:None:0:None:gray:23,accum,5,,,0
hocho_R_12,frame_00080.png,frame_00084.png,hocho_R_12/rgb_max_accum_n5_gray/00080-00084-FRAME_rgbmax_scale1.00.png,,,0,decode失敗,QR未検出,0.581137,0.956595,0.844101,0.004979,,accum_num:accum::5:None:0:None:gray:16,accum,5,,,0
hocho_R_12,frame_00090.png,frame_00094.png,,,,0,decode失敗,QR未検出,0.577259,0.953640,0.842150,0.005427,,accum_num:accum::5:None:0:None:gray:18,accum,5,,,0
hocho_R_12,frame_00085.png,frame_00089.png,,,,0,decode失敗,QR未検出,0.572682,0.955760,0.841091,0.005005,,accum_num:accum::5:None:0:None:gray:17,accum,5,,,0
hocho_R_12,frame_00095.png,frame_00099.png,,,,0,decode失敗,QR未検出,0.577924,0.956649,0.843039,0.004945,,accum_num:accum::5:None:0:None:gray:19,accum,5,,,0
hocho_R_12,frame_00110.png,frame_00114.png,,,,0,decode失敗,QR未検出,0.575151,0.956815,0.842148,0.004977,,accum_num:accum::5:None:0:None:gray:22,accum,5,,,0
ex_R_4,frame_00035.png,frame_00039.png,,,,0,decode失敗,QR未検出,0.841269,0.901477,0.912226,0.028575,,accum_num:accum::5:None:0:None:gray:7,accum,5,,,0
ex_R_4,frame_00050.png,frame_00054.png,,,,0,decode失敗,QR未検出,0.842858,0.893544,0.909815,0.030037,,accum_num:accum::5:None:0:None:gray:10,accum,5,,,0
ex_R_4,frame_00040.png,frame_00044.png,,,,0,decode失敗,QR未検出,0.845961,0.896463,0.911852,0.029130,,accum_num:accum::5:None:0:None:gray:8,accum,5,,,0
ex_R_4,frame_00010.png,frame_00014.png,,,,0,decode失敗,QR未検出,0.851318,0.896293,0.913447,0.030239,,accum_num:accum::5:None:0:None:gray:2,accum,5,,,0
ex_R_4,frame_00030.png,frame_00034.png,,,,0,decode失敗,QR未検出,0.850244,0.894865,0.912585,0.028471,,accum_num:accum::5:None:0:None:gray:6,accum,5,,,0
ex_R_4,frame_00065.png,frame_00069.png,,,,0,decode失敗,QR未検出,0.851073,0.898422,0.914159,0.029250,,accum_num:accum::5:None:0:None:gray:13,accum,5,,,0
ex_R_4,frame_00025.png,frame_00029.png,,,,0,decode失敗,QR未検出,0.834344,0.899101,0.909210,0.025230,,accum_num:accum::5:None:0:None:gray:5,accum,5,,,0
ex_R_4,frame_00000.png,frame_00004.png,,,,0,decode失敗,QR未検出,0.837771,0.893657,0.908287,0.028882,,accum_num:accum::5:None:0:None:gray:0,accum,5,,,0
ex_R_4,frame_00075.png,frame_00079.png,,,,0,decode失敗,QR未検出,0.855530,0.898416,0.915542,0.028288,,accum_num:accum::5:None:0:None:gray:15,accum,5,,,0
ex_R_4,frame_00005.png,frame_00009.png,,,,0,decode失敗,QR未検出,0.852692,0.886191,0.910076,0.031973,,accum_num:accum::5:None:0:None:gray:1,accum,5,,,0
ex_R_4,frame_00070.png,frame_00074.png,,,,0,decode失敗,QR未検出,0.843823,0.900381,0.912623,0.025455,,accum_num:accum::5:None:0:None:gray:14,accum,5,,,0
ex_R_4,frame_00020.png,frame_00024.png,,,,0,decode失敗,QR未検出,0.852822,0.892855,0.912630,0.030017,,accum_num:accum::5:None:0:None:gray:4,accum,5,,,0
ex_R_4,frame_00055.png,frame_00059.png,,,,0,decode失敗,QR未検出,0.871405,0.876517,0.911986,0.042076,,accum_num:accum::5:None:0:None:gray:11,accum,5,,,0
ex_R_4,frame_00060.png,frame_00064.png,,,,0,decode失敗,QR未検出,0.843798,0.898500,0.911929,0.025392,,accum_num:accum::5:None:0:None:gray:12,accum,5,,,0
ex_R_4,frame_00045.png,frame_00049.png,ex_R_4/rgb_max_accum_n5_gray/00045-00049-FRAME_rgbmax_scale1.00.png,,,0,decode失敗,QR未検出,0.858508,0.896753,0.915846,0.028519,,accum_num:accum::5:None:0:None:gray:9,accum,5,,,0
ex_R_4,frame_00015.png,frame_00019.png,,,,0,decode失敗,QR未検出,0.845092,0.899577,0.912725,0.030286,,accum_num:accum::5:None:0:None:gray:3,accum,5,,,0
ex_R_4,frame_00090.png,frame_00094.png,,,,0,decode失敗,QR未検出,0.831625,0.898262,0.908062,0.026053,,accum_num:accum::5:None:0:None:gray:18,accum,5,,,0
ex_R_4,frame_00095.png,frame_00099.png,,,,0,decode失敗,QR未検出,0.853267,0.898978,0.915046,0.028497,,accum_num:accum::5:None:0:None:gray:19,accum,5,,,0
ex_R_4,frame_00100.png,frame_00104.png,,,,0,decode失敗,QR未検出,0.842468,0.901348,0.912553,0.026022,,accum_num:accum::5:None:0:None:gray:20,accum,5,,,0
ex_R_4,frame_00080.png,frame_00084.png,,,,0,decode失敗,QR未検出,0.842803,0.896683,0.910954,0.028883,,accum_num:accum::5:None:0:None:gray:16,accum,5,,,0
ex_R_4,frame_00105.png,frame_00109.png,,,,0,decode失敗,QR未検出,0.847186,0.887585,0.908921,0.028507,,accum_num:accum::5:None:0:None:gray:21,accum,5,,,0
ex_R_4,frame_00085.png,frame_00089.png,,,,0,decode失敗,QR未検出,0.852312,0.888538,0.910849,0.029198,,accum_num:accum::5:None:0:None:gray:17,accum,5,,,0
ex_R_4,frame_00110.png,frame_00114.png,,,,0,decode失敗,QR未検出,0.840994,0.893869,0.909360,0.028057,,accum_num:accum::5:None:0:None:gray:22,accum,5,,,0
ex_R_4,frame_00115.png,frame_00119.png,,,,0,decode失敗,QR未検出,0.858943,0.869066,0.905296,0.047115,,accum_num:accum::5:None:0:None:gray:23,accum,5,,,0
ex_R_8,frame_00045.png,frame_00049.png,,,,0,decode失敗,QR未検出,0.897964,0.935627,0.942639,0.011673,,accum_num:accum::5:None:0:None:gray:9,accum,5,,,0
ex_R_8,frame_00065.png,frame_00069.png,,,,0,decode失敗,QR未検出,0.899253,0.935655,0.943069,0.011823,,accum_num:accum::5:None:0:None:gray:13,accum,5,,,0
ex_R_8,frame_00070.png,frame_00074.png,,,,0,decode失敗,QR未検出,0.894431,0.938622,0.942555,0.011133,,accum_num:accum::5:None:0:None:gray:14,accum,5,,,0
ex_R_8,frame_00050.png,frame_00054.png,,,,0,decode失敗,QR未検出,0.896640,0.939914,0.943738,0.010823,,accum_num:accum::5:None:0:None:gray:10,accum,5,,,0
ex_R_8,frame_00010.png,frame_00014.png,,,,0,decode失敗,QR未検出,0.901896,0.937967,0.944763,0.011307,,accum_num:accum::5:None:0:None:gray:2,accum,5,,,0
ex_R_8,frame_00005.png,frame_00009.png,,,,0,decode失敗,QR未検出,0.900482,0.934752,0.943144,0.011979,,accum_num:accum::5:None:0:None:gray:1,accum,5,,,0
ex_R_8,frame_00030.png,frame_00034.png,,,,0,decode失敗,QR未検出,0.903985,0.935825,0.944674,0.011705,,accum_num:accum::5:None:0:None:gray:6,accum,5,,,0
ex_R_8,frame_00035.png,frame_00039.png,,,,0,decode失敗,QR未検出,0.898423,0.941301,0.944815,0.010592,,accum_num:accum::5:None:0:None:gray:7,accum,5,,,0
ex_R_8,frame_00025.png,frame_00029.png,,,,0,decode失敗,QR未検出,0.901522,0.943278,0.946535,0.010419,,accum_num:accum::5:None:0:None:gray:5,accum,5,,,0
ex_R_8,frame_00000.png,frame_00004.png,,,,0,decode失敗,QR未検出,0.896200,0.940577,0.943829,0.010706,,accum_num:accum::5:None:0:None:gray:0,accum,5,,,0
ex_R_8,frame_00060.png,frame_00064.png,,,,0,decode失敗,QR未検出,0.900947,0.935506,0.943568,0.011938,,accum_num:accum::5:None:0:None:gray:12,accum,5,,,0
ex_R_8,frame_00015.png,frame_00019.png,,,,0,decode失敗,QR未検出,0.897354,0.936606,0.942791,0.011542,,accum_num:accum::5:None:0:None:gray:3,accum,5,,,0
ex_R_8,frame_00020.png,frame_00024.png,,,,0,decode失敗,QR未検出,0.900372,0.939565,0.944836,0.010972,,accum_num:accum::5:None:0:None:gray:4,accum,5,,,0
ex_R_8,frame_00075.png,frame_00079.png,,,,0,decode失敗,QR未検出,0.904360,0.935618,0.944721,0.012024,,accum_num:accum::5:None:0:None:gray:15,accum,5,,,0
ex_R_8,frame_00055.png,frame_00059.png,,,,0,decode失敗,QR未検出,0.901532,0.945696,0.947394,0.009947,,accum_num:accum::5:None:0:None:gray:11,accum,5,,,0
ex_R_8,frame_00040.png,frame_00044.png,,,,0,decode失敗,QR未検出,0.895026,0.939951,0.943221,0.010819,,accum_num:accum::5:None:0:None:gray:8,accum,5,,,0
ex_R_8,frame_00090.png,frame_00094.png,,,,0,decode失敗,QR未検出,0.901826,0.934882,0.943629,0.011861,,accum_num:accum::5:None:0:None:gray:18,accum,5,,,0
ex_R_8,frame_00110.png,frame_00114.png,,,,0,decode失敗,QR未検出,0.896030,0.941707,0.944173,0.010629,,accum_num:accum::5:None:0:None:gray:22,accum,5,,,0
ex_R_8,frame_00100.png,frame_00104.png,,,,0,decode失敗,QR未検出,0.904190,0.934486,0.944255,0.012012,,accum_num:accum::5:None:0:None:gray:20,accum,5,,,0
ex_R_8,frame_00085.png,frame_00089.png,,,,0,decode失敗,QR未検出,0.896620,0.936734,0.942597,0.011435,,accum_num:accum::5:None:0:None:gray:17,accum,5,,,0
ex_R_8,frame_00095.png,frame_00099.png,,,,0,decode失敗,QR未検出,0.897659,0.937183,0.943097,0.011607,,accum_num:accum::5:None:0:None:gray:19,accum,5,,,0
ex_R_8,frame_00105.png,frame_00109.png,,,,0,decode失敗,QR未検出,0.899133,0.942252,0.945386,0.010427,,accum_num:accum::5:None:0:None:gray:21,accum,5,,,0
ex_R_8,frame_00080.png,frame_00084.png,,,,0,decode失敗,QR未検出,0.893302,0.944834,0.944376,0.009892,,accum_num:accum::5:None:0:None:gray:16,accum,5,,,0
ex_R_8,frame_00115.png,frame_00119.png,ex_R_8/rgb_max_accum_n5_gray/00115-00119-FRAME_rgbmax_scale1.00.png,,,0,decode失敗,QR未検出,0.906089,0.943803,0.948225,0.010274,,accum_num:accum::5:None:0:None:gray:23,accum,5,,,0
ex_R_12,frame_00015.png,frame_00019.png,,,,0,decode失敗,QR未検出,0.910621,0.958421,0.954871,0.007460,,accum_num:accum::5:None:0:None:gray:3,accum,5,,,0
ex_R_12,frame_00035.png,frame_00039.png,,,,0,decode失敗,QR未検出,0.903186,0.960634,0.953140,0.006989,,accum_num:accum::5:None:0:None:gray:7,accum,5,,,0
ex_R_12,frame_00050.png,frame_00054.png,,,,0,decode失敗,QR未検出,0.906184,0.960139,0.953977,0.007104,,accum_num:accum::5:None:0:None:gray:10,accum,5,,,0
ex_R_12,frame_00000.png,frame_00004.png,,,,0,decode失敗,QR未検出,0.907198,0.960786,0.954540,0.006992,,accum_num:accum::5:None:0:None:gray:0,accum,5,,,0
ex_R_12,frame_00010.png,frame_00014.png,,,,0,decode失敗,QR未検出,0.902816,0.961288,0.953240,0.006865,,accum_num:accum::5:None:0:None:gray:2,accum,5,,,0
ex_R_12,frame_00020.png,frame_00024.png,,,,0,decode失敗,QR未検出,0.910591,0.958742,0.954972,0.007399,,accum_num:accum::5:None:0:None:gray:4,accum,5,,,0
ex_R_12,frame_00040.png,frame_00044.png,,,,0,decode失敗,QR未検出,0.906448,0.958866,0.953627,0.007343,,accum_num:accum::5:None:0:None:gray:8,accum,5,,,0
ex_R_12,frame_00075.png,frame_00079.png,,,,0,decode失敗,QR未検出,0.906149,0.961782,0.954530,0.006799,,accum_num:accum::5:None:0:None:gray:15,accum,5,,,0
ex_R_12,frame_00025.png,frame_00029.png,,,,0,decode失敗,QR未検出,0.908297,0.961147,0.955033,0.006933,,accum_num:accum::5:None:0:None:gray:5,accum,5,,,0
ex_R_12,frame_00030.png,frame_00034.png,,,,0,decode失敗,QR未検出,0.907648,0.960662,0.954649,0.007018,,accum_num:accum::5:None:0:None:gray:6,accum,5,,,0
ex_R_12,frame_00065.png,frame_00069.png,,,,0,decode失敗,QR未検出,0.907113,0.960340,0.954358,0.007074,,accum_num:accum::5:None:0:None:gray:13,accum,5,,,0
ex_R_12,frame_00045.png,frame_00049.png,,,,0,decode失敗,QR未検出,0.905864,0.959805,0.953754,0.007163,,accum_num:accum::5:None:0:None:gray:9,accum,5,,,0
ex_R_12,frame_00005.png,frame_00009.png,,,,0,decode失敗,QR未検出,0.903081,0.958744,0.952456,0.007338,,accum_num:accum::5:None:0:None:gray:1,accum,5,,,0
ex_R_12,frame_00070.png,frame_00074.png,,,,0,decode失敗,QR未検出,0.909112,0.959735,0.954820,0.007202,,accum_num:accum::5:None:0:None:gray:14,accum,5,,,0
ex_R_12,frame_00060.png,frame_00064.png,,,,0,decode失敗,QR未検出,0.907103,0.960243,0.954321,0.007092,,accum_num:accum::5:None:0:None:gray:12,accum,5,,,0
ex_R_12,frame_00055.png,frame_00059.png,,,,0,decode失敗,QR未検出,0.907108,0.962229,0.955005,0.006724,,accum_num:accum::5:None:0:None:gray:11,accum,5,,,0
ex_R_12,frame_00080.png,frame_00084.png,,,,0,decode失敗,QR未検出,0.909202,0.959374,0.954726,0.007270,,accum_num:accum::5:None:0:None:gray:16,accum,5,,,0
ex_R_12,frame_00115.png,frame_00119.png,ex_R_12/rgb_max_accum_n5_gray/00115-00119-FRAME_rgbmax_scale1.00.png,,,0,decode失敗,QR未検出,0.910561,0.960996,0.955742,0.006978,,accum_num:accum::5:None:0:None:gray:23,accum,5,,,0
ex_R_12,frame_00105.png,frame_00109.png,,,,0,decode失敗,QR未検出,0.905059,0.961472,0.954057,0.006848,,accum_num:accum::5:None:0:None:gray:21,accum,5,,,0
ex_R_12,frame_00085.png,frame_00089.png,,,,0,decode失敗,QR未検出,0.901357,0.961653,0.952874,0.006787,,accum_num:accum::5:None:0:None:gray:17,accum,5,,,0
ex_R_12,frame_00095.png,frame_00099.png,,,,0,decode失敗,QR未検出,0.909097,0.959213,0.954635,0.007299,,accum_num:accum::5:None:0:None:gray:19,accum,5,,,0
ex_R_12,frame_00100.png,frame_00104.png,,,,0,decode失敗,QR未検出,0.903810,0.962434,0.953966,0.006661,,accum_num:accum::5:None:0:None:gray:20,accum,5,,,0
ex_R_12,frame_00110.png,frame_00114.png,,,,0,decode失敗,QR未検出,0.905669,0.962033,0.954454,0.006749,,accum_num:accum::5:None:0:None:gray:22,accum,5,,,0
ex_R_12,frame_00090.png,frame_00094.png,,,,0,decode失敗,QR未検出,0.903086,0.962005,0.953576,0.006737,,accum_num:accum::5:None:0:None:gray:18,accum,5,,,0
rice_G_4,frame_00005.png,frame_00009.png,,,,0,decode失敗,QR未検出,0.748222,0.690731,0.794534,0.184371,,accum_num:accum::5:None:0:None:gray:1,accum,5,,,0
rice_G_4,frame_00045.png,frame_00049.png,,,,0,decode失敗,QR未検出,0.781337,0.710756,0.812098,0.184262,,accum_num:accum::5:None:0:None:gray:9,accum,5,,,0
rice_G_4,frame_00020.png,frame_00024.png,,,,0,decode失敗,QR未検出,0.715283,0.720108,0.802957,0.165153,,accum_num:accum::5:None:0:None:gray:4,accum,5,,,0
rice_G_4,frame_00050.png,frame_00054.png,rice_G_4/rgb_max_accum_n5_gray/00050-00054-FRAME_rgbmax_scale1.00.png,,,0,decode失敗,QR未検出,0.732232,0.738074,0.815252,0.158836,,accum_num:accum::5:None:0:None:gray:10,accum,5,,,0
rice_G_4,frame_00030.png,frame_00034.png,,,,0,decode失敗,QR未検出,0.743420,0.732441,0.815067,0.158865,,accum_num:accum::5:None:0:None:gray:6,accum,5,,,0
rice_G_4,frame_00010.png,frame_00014.png,,,,0,decode失敗,QR未検出,0.740452,0.708630,0.802513,0.161998,,accum_num:accum::5:None:0:None:gray:2,accum,5,,,0
rice_G_4,frame_00060.png,frame_00064.png,,,,0,decode失敗,QR未検出,0.737744,0.687681,0.790850,0.187311,,accum_num:accum::5:None:0:None:gray:12,accum,5,,,0
rice_G_4,frame_00025.png,frame_00029.png,,,,0,decode失敗,QR未検出,0.730468,0.736853,0.814279,0.158852,,accum_num:accum::5:None:0:None:gray:5,accum,5,,,0
rice_G_4,frame_00040.png,frame_00044.png,,,,0,decode失敗,QR未検出,0.729904,0.717580,0.804836,0.170440,,accum_num:accum::5:None:0:None:gray:8,accum,5,,,0
rice_G_4,frame_00000.png,frame_00004.png,,,,0,decode失敗,QR未検出,0.687850,0.736913,0.804712,0.148219,,accum_num:accum::5:None:0:None:gray:0,accum,5,,,0
rice_G_4,frame_00065.png,frame_00069.png,,,,0,decode失敗,QR未検出,0.726676,0.716727,0.803729,0.174309,,accum_num:accum::5:None:0:None:gray:13,accum,5,,,0
rice_G_4,frame_00055.png,frame_00059.png,,,,0,decode失敗,QR未検出,0.770918,0.690618,0.798860,0.202907,,accum_num:accum::5:None:0:None:gray:11,accum,5,,,0
rice_G_4,frame_00075.png,frame_00079.png,,,,0,decode失敗,QR未検出,0.743860,0.722516,0.810280,0.168896,,accum_num:accum::5:None:0:None:gray:15,accum,5,,,0
rice_G_4,frame_00070.png,frame_00074.png,,,,0,decode失敗,QR未検出,0.727255,0.709418,0.800191,0.175993,,accum_num:accum::5:None:0:None:gray:14,accum,5,,,0
rice_G_4,frame_00035.png,frame_00039.png,,,,0,decode失敗,QR未検出,0.753379,0.722397,0.812273,0.173517,,accum_num:accum::5:None:0:None:gray:7,accum,5,,,0
rice_G_4,frame_00015.png,frame_00019.png,,,,0,decode失敗,QR未検出,0.696415,0.730761,0.803855,0.153243,,accum_num:accum::5:None:0:None:gray:3,accum,5,,,0
rice_G_4,frame_00085.png,frame_00089.png,,,,0,decode失敗,QR未検出,0.742156,0.715944,0.806611,0.169666,,accum_num:accum::5:None:0:None:gray:17,accum,5,,,0
rice_G_4,frame_00080.png,frame_00084.png,,,,0,decode失敗,QR未検出,0.715108,0.744164,0.814160,0.150210,,accum_num:accum::5:None:0:None:gray:16,accum,5,,,0
rice_G_4,frame_00095.png,frame_00099.png,,,,0,decode失敗,QR未検出,0.743305,0.713691,0.805706,0.174159,,accum_num:accum::5:None:0:None:gray:19,accum,5,,,0
rice_G_4,frame_00105.png,frame_00109.png,,,,0,decode失敗,QR未検出,0.748822,0.720011,0.810087,0.170513,,accum_num:accum::5:None:0:None:gray:21,accum,5,,,0
rice_G_4,frame_00115.png,frame_00119.png,,,,0,decode失敗,QR未検出,0.707933,0.711234,0.797089,0.167875,,accum_num:accum::5:None:0:None:gray:23,accum,5,,,0
rice_G_4,frame_00100.png,frame_00104.png,,,,0,decode失敗,QR未検出,0.745969,0.713203,0.806014,0.175925,,accum_num:accum::5:None:0:None:gray:20,accum,5,,,0
rice_G_4,frame_00090.png,frame_00094.png,,,,0,decode失敗,QR未検出,0.706109,0.716913,0.799463,0.162010,,accum_num:accum::5:None:0:None:gray:18,accum,5,,,0
rice_G_4,frame_00110.png,frame_00114.png,,,,0,decode失敗,QR未検出,0.720015,0.718801,0.803333,0.161291,,accum_num:accum::5:None:0:None:gray:22,accum,5,,,0
rice_G_8,frame_00060.png,frame_00064.png,,,,0,decode失敗,QR未検出,0.850279,0.893900,0.912236,0.030772,,accum_num:accum::5:None:0:None:gray:12,accum,5,,,0
rice_G_8,frame_00025.png,frame_00029.png,,,,0,decode失敗,QR未検出,0.860812,0.888892,0.913587,0.034431,,accum_num:accum::5:None:0:None:gray:5,accum,5,,,0
rice_G_8,frame_00010.png,frame_00014.png,,,,0,decode失敗,QR未検出,0.863520,0.882802,0.912070,0.035972,,accum_num:accum::5:None:0:None:gray:2,accum,5,,,0
rice_G_8,frame_00050.png,frame_00054.png,,,,0,decode失敗,QR未検出,0.863620,0.887155,0.913781,0.034742,,accum_num:accum::5:None:0:None:gray:10,accum,5,,,0
rice_G_8,frame_00020.png,frame_00024.png,,,,0,decode失敗,QR未検出,0.854386,0.884287,0.909866,0.035923,,accum_num:accum::5:None:0:None:gray:4,accum,5,,,0
rice_G_8,frame_00030.png,frame_00034.png,,,,0,decode失敗,QR未検出,0.856160,0.885134,0.910730,0.033584,,accum_num:accum::5:None:0:None:gray:6,accum,5,,,0
rice_G_8,frame_00070.png,frame_00074.png,,,,0,decode失敗,QR未検出,0.851588,0.891451,0.911724,0.031653,,accum_num:accum::5:None:0:None:gray:14,accum,5,,,0
rice_G_8,frame_00075.png,frame_00079.png,,,,0,decode失敗,QR未検出,0.857494,0.879472,0.908952,0.036969,,accum_num:accum::5:None:0:None:gray:15,accum,5,,,0
rice_G_8,frame_00015.png,frame_00019.png,,,,0,decode失敗,QR未検出,0.851423,0.885571,0.909453,0.034982,,accum_num:accum::5:None:0:None:gray:3,accum,5,,,0
rice_G_8,frame_00045.png,frame_00049.png,,,,0,decode失敗,QR未検出,0.861442,0.885199,0.912364,0.033795,,accum_num:accum::5:None:0:None:gray:9,accum,5,,,0
rice_G_8,frame_00000.png,frame_00004.png,,,,0,decode失敗,QR未検出,0.848804,0.890078,0.910354,0.032086,,accum_num:accum::5:None:0:None:gray:0,accum,5,,,0
rice_G_8,frame_00035.png,frame_00039.png,,,,0,decode失敗,QR未検出,0.866513,0.880782,0.912191,0.037135,,accum_num:accum::5:None:0:None:gray:7,accum,5,,,0
rice_G_8,frame_00055.png,frame_00059.png,,,,0,decode失敗,QR未検出,0.876517,0.874494,0.912714,0.043087,,accum_num:accum::5:None:0:None:gray:11,accum,5,,,0
rice_G_8,frame_00005.png,frame_00009.png,,,,0,decode失敗,QR未検出,0.853606,0.887681,0.910921,0.031484,,accum_num:accum::5:None:0:None:gray:1,accum,5,,,0
rice_G_8,frame_00065.png,frame_00069.png,,,,0,decode失敗,QR未検出,0.855710,0.886377,0.911068,0.033645,,accum_num:accum::5:None:0:None:gray:13,accum,5,,,0
rice_G_8,frame_00090.png,frame_00094.png,,,,0,decode失敗,QR未検出,0.852537,0.889940,0.911447,0.031570,,accum_num:accum::5:None:0:None:gray:18,accum,5,,,0
rice_G_8,frame_00100.png,frame_00104.png,,,,0,decode失敗,QR未検出,0.862491,0.889341,0.914273,0.033509,,accum_num:accum::5:None:0:None:gray:20,accum,5,,,0
rice_G_8,frame_00110.png,frame_00114.png,,,,0,decode失敗,QR未検出,0.846786,0.897394,0.912450,0.030005,,accum_num:accum::5:None:0:None:gray:22,accum,5,,,0
rice_G_8,frame_00080.png,frame_00084.png,,,,0,decode失敗,QR未検出,0.857684,0.895691,0.915193,0.030587,,accum_num:accum::5:None:0:None:gray:16,accum,5,,,0
rice_G_8,frame_00115.png,frame_00119.png,rice_G_8/rgb_max_accum_n5_gray/00115-00119-FRAME_rgbmax_scale1.00.png,,,0,decode失敗,QR未検出,0.888280,0.879873,0.918416,0.042528,,accum_num:accum::5:None:0:None:gray:23,accum,5,,,0
rice_G_8,frame_00085.png,frame_00089.png,,,,0,decode失敗,QR未検出,0.846801,0.884621,0.907684,0.032974,,accum_num:accum::5:None:0:None:gray:17,accum,5,,,0
rice_G_8,frame_00105.png,frame_00109.png,,,,0,decode失敗,QR未検出,0.845796,0.894782,0.911180,0.033366,,accum_num:accum::5:None:0:None:gray:21,accum,5,,,0
rice_G_8,frame_00040.png,frame_00044.png,,,,0,decode失敗,QR未検出,0.847645,0.890744,0.910247,0.032380,,accum_num:accum::5:None:0:None:gray:8,accum,5,,,0
rice_G_8,frame_00095.png,frame_00099.png,,,,0,decode失敗,QR未検出,0.853606,0.892248,0.912644,0.032673,,accum_num:accum::5:None:0:None:gray:19,accum,5,,,0
rice_G_12,frame_00040.png,frame_00044.png,,,https://www.nagaoka-ct.ac.jp,1,zxing_gray_x1.0_k3_i1,,0.219428,0.998340,0.726553,0.000069,,accum_num:accum::5:None:0:None:gray:8,accum,5,,,0
rice_G_12,frame_00010.png,frame_00014.png,,,https://www.nagaoka-ct.ac.jp,1,zxing_gray_x1.0_k3_i1,,0.236312,0.997932,0.732421,0.000092,,accum_num:accum::5:None:0:None:gray:2,accum,5,,,0
rice_G_12,frame_00015.png,frame_00019.png,,,https://www.nagaoka-ct.ac.jp,1,opencv_gray_x1.0_k3_i1,,0.237562,0.997922,0.732857,0.000093,,accum_num:accum::5:None:0:None:gray:3,accum,5,,,0
rice_G_12,frame_00045.png,frame_00049.png,,,https://www.nagaoka-ct.ac.jp,1,opencv_gray_x1.0_k3_i1,,0.224440,0.998466,0.728315,0.000065,,accum_num:accum::5:None:0:None:gray:9,accum,5,,,0
rice_G_12,frame_00050.png,frame_00054.png,,,https://www.nagaoka-ct.ac.jp,1,opencv_gray_x1.0_k3_i1,,0.248814,0.997816,0.736779,0.000103,,accum_num:accum::5:None:0:None:gray:10,accum,5,,,0
rice_G_12,frame_00020.png,frame_00024.png,,,https://www.nagaoka-ct.ac.jp,1,opencv_gray_x1.0_k3_i1,,0.246936,0.997981,0.736137,0.000094,,accum_num:accum::5:None:0:None:gray:4,accum,5,,,0
rice_G_12,frame_00065.png,frame_00069.png,,,https://www.nagaoka-ct.ac.jp,1,opencv_gray_x1.0_k3_i1,,0.259128,0.998402,0.740436,0.000078,,accum_num:accum::5:None:0:None:gray:13,accum,5,,,0
rice_G_12,frame_00025.png,frame_00029.png,,,https://www.nagaoka-ct.ac.jp,1,opencv_gray_x1.0_k3_i1,,0.191755,0.998829,0.716912,0.000042,,accum_num:accum::5:None:0:None:gray:5,accum,5,,,0
rice_G_12,frame_00055.png,frame_00059.png,,,https://www.nagaoka-ct.ac.jp,1,opencv_gray_x1.0_k3_i1,,0.242948,0.998624,0.734799,0.000063,,accum_num:accum::5:None:0:None:gray:11,accum,5,,,0
rice_G_12,frame_00000.png,frame_00004.png,,,https://www.nagaoka-ct.ac.jp,1,opencv_gray_x1.0_k3_i1,,0.212332,0.998567,0.724089,0.000058,,accum_num:accum::5:None:0:None:gray:0,accum,5,,,0
rice_G_12,frame_00035.png,frame_00039.png,,,https://www.nagaoka-ct.ac.jp,1,opencv_gray_x1.0_k3_i1,,0.233744,0.998101,0.731537,0.000084,,accum_num:accum::5:None:0:None:gray:7,accum,5,,,0
rice_G_12,frame_00060.png,frame_00064.png,,,https://www.nagaoka-ct.ac.jp,1,opencv_gray_x1.0_k3_i1,,0.203013,0.999262,0.720880,0.000028,,accum_num:accum::5:None:0:None:gray:12,accum,5,,,0
rice_G_12,frame_00075.png,frame_00079.png,,,https://www.nagaoka-ct.ac.jp,1,opencv_gray_x1.0_k3_i1,,0.252677,0.998302,0.738172,0.000081,,accum_num:accum::5:None:0:None:gray:15,accum,5,,,0
rice_G_12,frame_00005.png,frame_00009.png,,,https://www.nagaoka-ct.ac.jp,1,opencv_gray_x1.0_k3_i1,,0.231805,0.997785,0.730834,0.000097,,accum_num:accum::5:None:0:None:gray:1,accum,5,,,0
rice_G_12,frame_00030.png,frame_00034.png,,,https://www.nagaoka-ct.ac.jp,1,opencv_gray_x1.0_k3_i1,,0.263315,0.997822,0.741847,0.000109,,accum_num:accum::5:None:0:None:gray:6,accum,5,,,0
rice_G_12,frame_00085.png,frame_00089.png,,,https://www.nagaoka-ct.ac.jp,1,opencv_gray_x1.0_k3_i1,,0.212032,0.998259,0.723961,0.000070,,accum_num:accum::5:None:0:None:gray:17,accum,5,,,0
rice_G_12,frame_00095.png,frame_00099.png,,,https://www.nagaoka-ct.ac.jp,1,opencv_gray_x1.0_k3_i1,,0.258663,0.998495,0.740282,0.000074,,accum_num:accum::5:None:0:None:gray:19,accum,5,,,0
rice_G_12,frame_00100.png,frame_00104.png,,,https://www.nagaoka-ct.ac.jp,1,opencv_gray_x1.0_k3_i1,,0.242973,0.998542,0.734801,0.000067,,accum_num:accum::5:None:0:None:gray:20,accum,5,,,0
rice_G_12,frame_00115.png,frame_00119.png,,,https://www.nagaoka-ct.ac.jp,1,opencv_gray_x1.0_k3_i1,,0.247435,0.998629,0.736368,0.000064,,accum_num:accum::5:None:0:None:gray:23,accum,5,,,0
rice_G_12,frame_00110.png,frame_00114.png,,,https://www.nagaoka-ct.ac.jp,1,opencv_gray_x1.0_k3_i1,,0.227063,0.999274,0.729296,0.000031,,accum_num:accum::5:None:0:None:gray:22,accum,5,,,0
rice_G_12,frame_00080.png,frame_00084.png,,,https://www.nagaoka-ct.ac.jp,1,zxing_median_otsu_x1.0_k3_i1,,0.914438,0.965048,0.958444,0.006276,,accum_num:accum::5:None:0:None:gray:16,accum,5,,,0
rice_G_12,frame_00070.png,frame_00074.png,,,https://www.nagaoka-ct.ac.jp,1,opencv_gray_x1.0_k3_i1,,0.231490,0.998233,0.730761,0.000077,,accum_num:accum::5:None:0:None:gray:14,accum,5,,,0
rice_G_12,frame_00090.png,frame_00094.png,,,https://www.nagaoka-ct.ac.jp,1,opencv_gray_x1.0_k3_i1,,0.240879,0.999026,0.734109,0.000044,,accum_num:accum::5:None:0:None:gray:18,accum,5,,,0
rice_G_12,frame_00105.png,frame_00109.png,rice_G_12/rgb_max_accum_n5_gray/00105-00109-FRAME_rgbmax_scale1.00.png,,https://www.nagaoka-ct.ac.jp,1,opencv_median_otsu_x1.0_k3_i1,,0.914603,0.967492,0.959338,0.005803,,accum_num:accum::5:None:0:None:gray:21,accum,5,,,0
nagaoka_fireworks_G_4,frame_00015.png,frame_00019.png,,,,0,decode失敗,QR未検出,0.620272,0.583796,0.712197,0.169753,,accum_num:accum::5:None:0:None:gray:3,accum,5,,,0
nagaoka_fireworks_G_4,frame_00060.png,frame_00064.png,,,,0,decode失敗,QR未検出,0.652962,0.552066,0.692973,0.208060,,accum_num:accum::5:None:0:None:gray:12,accum,5,,,0
nagaoka_fireworks_G_4,frame_00055.png,frame_00059.png,,,,0,decode失敗,QR未検出,0.706753,0.486357,0.635963,0.284683,,accum_num:accum::5:None:0:None:gray:11,accum,5,,,0
nagaoka_fireworks_G_4,frame_00075.png,frame_00079.png,,,,0,decode失敗,QR未検出,0.678296,0.584713,0.718667,0.185177,,accum_num:accum::5:None:0:None:gray:15,accum,5,,,0
nagaoka_fireworks_G_4,frame_00030.png,frame_00034.png,,,,0,decode失敗,QR未検出,0.635493,0.584552,0.714219,0.168013,,accum_num:accum::5:None:0:None:gray:6,accum,5,,,0
nagaoka_fireworks_G_4,frame_00040.png,frame_00044.png,,,,0,decode失敗,QR未検出,0.623820,0.578178,0.708918,0.169795,,accum_num:accum::5:None:0:None:gray:8,accum,5,,,0
nagaoka_fireworks_G_4,frame_00035.png,frame_00039.png,,,,0,decode失敗,QR未検出,0.594029,0.596631,0.717223,0.147490,,accum_num:accum::5:None:0:None:gray:7,accum,5,,,0
nagaoka_fireworks_G_4,frame_00005.png,frame_00009.png,,,,0,decode失敗,QR未検出,0.660147,0.567257,0.704661,0.189519,,accum_num:accum::5:None:0:None:gray:1,accum,5,,,0
nagaoka_fireworks_G_4,frame_00010.png,frame_00014.png,,,,0,decode失敗,QR未検出,0.610314,0.574485,0.705263,0.176859,,accum_num:accum::5:None:0:None:gray:2,accum,5,,,0
nagaoka_fireworks_G_4,frame_00045.png,frame_00049.png,,,,0,decode失敗,QR未検出,0.586758,0.614282,0.726294,0.141393,,accum_num:accum::5:None:0:None:gray:9,accum,5,,,0
nagaoka_fireworks_G_4,frame_00050.png,frame_00054.png,,,,0,decode失敗,QR未検出,0.608939,0.597045,0.719162,0.157023,,accum_num:accum::5:None:0:None:gray:10,accum,5,,,0
nagaoka_fireworks_G_4,frame_00070.png,frame_00074.png,,,,0,decode失敗,QR未検出,0.677986,0.555046,0.696934,0.212474,,accum_num:accum::5:None:0:None:gray:14,accum,5,,,0
nagaoka_fireworks_G_4,frame_00000.png,frame_00004.png,,,,0,decode失敗,QR未検出,0.644717,0.568706,0.704393,0.182180,,accum_num:accum::5:None:0:None:gray:0,accum,5,,,0
nagaoka_fireworks_G_4,frame_00065.png,frame_00069.png,,,,0,decode失敗,QR未検出,0.687990,0.546543,0.690877,0.219465,,accum_num:accum::5:None:0:None:gray:13,accum,5,,,0
nagaoka_fireworks_G_4,frame_00025.png,frame_00029.png,,,,0,decode失敗,QR未検出,0.632055,0.567566,0.702540,0.176847,,accum_num:accum::5:None:0:None:gray:5,accum,5,,,0
nagaoka_fireworks_G_4,frame_00020.png,frame_00024.png,nagaoka_fireworks_G_4/rgb_max_accum_n5_gray/00020-00024-FRAME_rgbmax_scale1.00.png,,,0,decode失敗,QR未検出,0.612092,0.614201,0.729548,0.155556,,accum_num:accum::5:None:0:None:gray:4,accum,5,,,0
nagaoka_fireworks_G_4,frame_00080.png,frame_00084.png,,,,0,decode失敗,QR未検出,0.658139,0.564441,0.702467,0.198285,,accum_num:accum::5:None:0:None:gray:16,accum,5,,,0
nagaoka_fireworks_G_4,frame_00090.png,frame_00094.png,,,,0,decode失敗,QR未検出,0.605077,0.582768,0.710029,0.174101,,accum_num:accum::5:None:0:None:gray:18,accum,5,,,0
nagaoka_fireworks_G_4,frame_00085.png,frame_00089.png,,,,0,decode失敗,QR未検出,0.656255,0.595401,0.723485,0.175402,,accum_num:accum::5:None:0:None:gray:17,accum,5,,,0
nagaoka_fireworks_G_4,frame_00100.png,frame_00104.png,,,,0,decode失敗,QR未検出,0.605497,0.596061,0.718184,0.155340,,accum_num:accum::5:None:0:None:gray:20,accum,5,,,0
nagaoka_fireworks_G_4,frame_00095.png,frame_00099.png,,,,0,decode失敗,QR未検出,0.565626,0.621502,0.727286,0.135267,,accum_num:accum::5:None:0:None:gray:19,accum,5,,,0
nagaoka_fireworks_G_4,frame_00115.png,frame_00119.png,,,,0,decode失敗,QR未検出,0.718301,0.473549,0.621749,0.302305,,accum_num:accum::5:None:0:None:gray:23,accum,5,,,0
nagaoka_fireworks_G_4,frame_00105.png,frame_00109.png,,,,0,decode失敗,QR未検出,0.597457,0.605916,0.722985,0.151097,,accum_num:accum::5:None:0:None:gray:21,accum,5,,,0
nagaoka_fireworks_G_4,frame_00110.png,frame_00114.png,,,,0,decode失敗,QR未検出,0.586109,0.600073,0.718298,0.151814,,accum_num:accum::5:None:0:None:gray:22,accum,5,,,0
nagaoka_fireworks_G_8,frame_00005.png,frame_00009.png,,,,0,decode失敗,QR未検出,0.582421,0.926784,0.837673,0.009426,,accum_num:accum::5:None:0:None:gray:1,accum,5,,,0
nagaoka_fireworks_G_8,frame_00045.png,frame_00049.png,,,,0,decode失敗,QR未検出,0.599295,0.915408,0.840301,0.011886,,accum_num:accum::5:None:0:None:gray:9,accum,5,,,0
nagaoka_fireworks_G_8,frame_00050.png,frame_00054.png,,,,0,decode失敗,QR未検出,0.565332,0.930855,0.833095,0.009224,,accum_num:accum::5:None:0:None:gray:10,accum,5,,,0
nagaoka_fireworks_G_8,frame_00000.png,frame_00004.png,,,,0,decode失敗,QR未検出,0.586384,0.924052,0.838295,0.010168,,accum_num:accum::5:None:0:None:gray:0,accum,5,,,0
nagaoka_fireworks_G_8,frame_00035.png,frame_00039.png,,,,0,decode失敗,QR未検出,0.597552,0.918747,0.840577,0.010988,,accum_num:accum::5:None:0:None:gray:7,accum,5,,,0
nagaoka_fireworks_G_8,frame_00015.png,frame_00019.png,,,,0,decode失敗,QR未検出,0.594299,0.919020,0.839606,0.011242,,accum_num:accum::5:None:0:None:gray:3,accum,5,,,0
nagaoka_fireworks_G_8,frame_00020.png,frame_00024.png,,,,0,decode失敗,QR未検出,0.590221,0.929631,0.840871,0.009555,,accum_num:accum::5:None:0:None:gray:4,accum,5,,,0
nagaoka_fireworks_G_8,frame_00025.png,frame_00029.png,,,,0,decode失敗,QR未検出,0.590961,0.917837,0.838250,0.011288,,accum_num:accum::5:None:0:None:gray:5,accum,5,,,0
nagaoka_fireworks_G_8,frame_00070.png,frame_00074.png,,,,0,decode失敗,QR未検出,0.570783,0.917582,0.831757,0.010804,,accum_num:accum::5:None:0:None:gray:14,accum,5,,,0
nagaoka_fireworks_G_8,frame_00060.png,frame_00064.png,,,,0,decode失敗,QR未検出,0.579488,0.925871,0.836511,0.009177,,accum_num:accum::5:None:0:None:gray:12,accum,5,,,0
nagaoka_fireworks_G_8,frame_00030.png,frame_00034.png,,,,0,decode失敗,QR未検出,0.577479,0.924226,0.835475,0.010194,,accum_num:accum::5:None:0:None:gray:6,accum,5,,,0
nagaoka_fireworks_G_8,frame_00055.png,frame_00059.png,,,,0,decode失敗,QR未検出,0.612312,0.904080,0.841503,0.015682,,accum_num:accum::5:None:0:None:gray:11,accum,5,,,0
nagaoka_fireworks_G_8,frame_00065.png,frame_00069.png,,,,0,decode失敗,QR未検出,0.581062,0.918980,0.835370,0.010801,,accum_num:accum::5:None:0:None:gray:13,accum,5,,,0
nagaoka_fireworks_G_8,frame_00040.png,frame_00044.png,,,,0,decode失敗,QR未検出,0.580082,0.917598,0.834724,0.011154,,accum_num:accum::5:None:0:None:gray:8,accum,5,,,0
nagaoka_fireworks_G_8,frame_00075.png,frame_00079.png,,,,0,decode失敗,QR未検出,0.562493,0.923795,0.830558,0.010070,,accum_num:accum::5:None:0:None:gray:15,accum,5,,,0
nagaoka_fireworks_G_8,frame_00010.png,frame_00014.png,,,,0,decode失敗,QR未検出,0.581247,0.923748,0.836572,0.010075,,accum_num:accum::5:None:0:None:gray:2,accum,5,,,0
nagaoka_fireworks_G_8,frame_00085.png,frame_00089.png,,,,0,decode失敗,QR未検出,0.580357,0.909186,0.832763,0.012025,,accum_num:accum::5:None:0:None:gray:17,accum,5,,,0
nagaoka_fireworks_G_8,frame_00080.png,frame_00084.png,,,,0,decode失敗,QR未検出,0.559955,0.924062,0.829804,0.009449,,accum_num:accum::5:None:0:None:gray:16,accum,5,,,0
nagaoka_fireworks_G_8,frame_00110.png,frame_00114.png,,,,0,decode失敗,QR未検出,0.555768,0.922959,0.828207,0.010380,,accum_num:accum::5:None:0:None:gray:22,accum,5,,,0
nagaoka_fireworks_G_8,frame_00090.png,frame_00094.png,,,,0,decode失敗,QR未検出,0.579368,0.919163,0.834873,0.011320,,accum_num:accum::5:None:0:None:gray:18,accum,5,,,0
nagaoka_fireworks_G_8,frame_00105.png,frame_00109.png,,,,0,decode失敗,QR未検出,0.566221,0.916692,0.830093,0.010927,,accum_num:accum::5:None:0:None:gray:21,accum,5,,,0
nagaoka_fireworks_G_8,frame_00100.png,frame_00104.png,,,,0,decode失敗,QR未検出,0.579048,0.914343,0.833608,0.011118,,accum_num:accum::5:None:0:None:gray:20,accum,5,,,0
nagaoka_fireworks_G_8,frame_00115.png,frame_00119.png,nagaoka_fireworks_G_8/rgb_max_accum_n5_gray/00115-00119-FRAME_rgbmax_scale1.00.png,,,0,decode失敗,QR未検出,0.623415,0.894286,0.842334,0.017260,,accum_num:accum::5:None:0:None:gray:23,accum,5,,,0
nagaoka_fireworks_G_8,frame_00095.png,frame_00099.png,,,,0,decode失敗,QR未検出,0.554883,0.923421,0.828028,0.009771,,accum_num:accum::5:None:0:None:gray:19,accum,5,,,0
nagaoka_fireworks_G_12,frame_00030.png,frame_00034.png,,,,0,decode失敗,QR未検出,0.694481,0.970687,0.885678,0.003960,,accum_num:accum::5:None:0:None:gray:6,accum,5,,,0
nagaoka_fireworks_G_12,frame_00060.png,frame_00064.png,,,,0,decode失敗,QR未検出,0.697909,0.970496,0.886793,0.004006,,accum_num:accum::5:None:0:None:gray:12,accum,5,,,0
nagaoka_fireworks_G_12,frame_00040.png,frame_00044.png,,,,0,decode失敗,QR未検出,0.688465,0.969333,0.883288,0.004113,,accum_num:accum::5:None:0:None:gray:8,accum,5,,,0
nagaoka_fireworks_G_12,frame_00025.png,frame_00029.png,,,,0,decode失敗,QR未検出,0.690573,0.970063,0.884191,0.004024,,accum_num:accum::5:None:0:None:gray:5,accum,5,,,0
nagaoka_fireworks_G_12,frame_00035.png,frame_00039.png,,,,0,decode失敗,QR未検出,0.687380,0.969689,0.883012,0.004057,,accum_num:accum::5:None:0:None:gray:7,accum,5,,,0
nagaoka_fireworks_G_12,frame_00015.png,frame_00019.png,,,,0,decode失敗,QR未検出,0.701037,0.969069,0.887482,0.004225,,accum_num:accum::5:None:0:None:gray:3,accum,5,,,0
nagaoka_fireworks_G_12,frame_00045.png,frame_00049.png,,,,0,decode失敗,QR未検出,0.697864,0.969848,0.886609,0.004097,,accum_num:accum::5:None:0:None:gray:9,accum,5,,,0
nagaoka_fireworks_G_12,frame_00075.png,frame_00079.png,,,,0,decode失敗,QR未検出,0.690833,0.971560,0.884663,0.003818,,accum_num:accum::5:None:0:None:gray:15,accum,5,,,0
nagaoka_fireworks_G_12,frame_00050.png,frame_00054.png,,,,0,decode失敗,QR未検出,0.694056,0.969538,0.885237,0.004118,,accum_num:accum::5:None:0:None:gray:10,accum,5,,,0
nagaoka_fireworks_G_12,frame_00055.png,frame_00059.png,,,,0,decode失敗,QR未検出,0.687810,0.971754,0.883685,0.003775,,accum_num:accum::5:None:0:None:gray:11,accum,5,,,0
nagaoka_fireworks_G_12,frame_00000.png,frame_00004.png,nagaoka_fireworks_G_12/rgb_max_accum_n5_gray/00000-00004-FRAME_rgbmax_scale1.00.png,,,0,decode失敗,QR未検出,0.705159,0.969890,0.889095,0.004134,,accum_num:accum::5:None:0:None:gray:0,accum,5,,,0
nagaoka_fireworks_G_12,frame_00005.png,frame_00009.png,,,,0,decode失敗,QR未検出,0.699248,0.970094,0.887143,0.004070,,accum_num:accum::5:None:0:None:gray:1,accum,5,,,0
nagaoka_fireworks_G_12,frame_00020.png,frame_00024.png,,,,0,decode失敗,QR未検出,0.701916,0.969996,0.888023,0.004100,,accum_num:accum::5:None:0:None:gray:4,accum,5,,,0
nagaoka_fireworks_G_12,frame_00070.png,frame_00074.png,,,,0,decode失敗,QR未検出,0.689274,0.970459,0.883852,0.003962,,accum_num:accum::5:None:0:None:gray:14,accum,5,,,0
nagaoka_fireworks_G_12,frame_00010.png,frame_00014.png,,,,0,decode失敗,QR未検出,0.699098,0.969415,0.886915,0.004165,,accum_num:accum::5:None:0:None:gray:2,accum,5,,,0
nagaoka_fireworks_G_12,frame_00065.png,frame_00069.png,,,,0,decode失敗,QR未検出,0.688290,0.970698,0.883579,0.003923,,accum_num:accum::5:None:0:None:gray:13,accum,5,,,0
nagaoka_fireworks_G_12,frame_00090.png,frame_00094.png,,,,0,decode失敗,QR未検出,0.693686,0.969678,0.885148,0.004096,,accum_num:accum::5:None:0:None:gray:18,accum,5,,,0
nagaoka_fireworks_G_12,frame_00080.png,frame_00084.png,,,,0,decode失敗,QR未検出,0.695141,0.970234,0.885785,0.004027,,accum_num:accum::5:None:0:None:gray:16,accum,5,,,0
nagaoka_fireworks_G_12,frame_00085.png,frame_00089.png,,,,0,decode失敗,QR未検出,0.693387,0.970201,0.885181,0.004021,,accum_num:accum::5:None:0:None:gray:17,accum,5,,,0
nagaoka_fireworks_G_12,frame_00100.png,frame_00104.png,,,,0,decode失敗,QR未検出,0.690763,0.970452,0.884355,0.003971,,accum_num:accum::5:None:0:None:gray:20,accum,5,,,0
nagaoka_fireworks_G_12,frame_00110.png,frame_00114.png,,,,0,decode失敗,QR未検出,0.686161,0.969582,0.882571,0.004065,,accum_num:accum::5:None:0:None:gray:22,accum,5,,,0
nagaoka_fireworks_G_12,frame_00105.png,frame_00109.png,,,,0,decode失敗,QR未検出,0.688010,0.970030,0.883313,0.004014,,accum_num:accum::5:None:0:None:gray:21,accum,5,,,0
nagaoka_fireworks_G_12,frame_00115.png,frame_00119.png,,,,0,decode失敗,QR未検出,0.677806,0.971558,0.880235,0.003747,,accum_num:accum::5:None:0:None:gray:23,accum,5,,,0
nagaoka_fireworks_G_12,frame_00095.png,frame_00099.png,,,,0,decode失敗,QR未検出,0.692657,0.969804,0.884831,0.004072,,accum_num:accum::5:None:0:None:gray:19,accum,5,,,0
hocho_G_4,frame_00030.png,frame_00034.png,,,,0,decode失敗,QR未検出,0.447815,0.456597,0.620036,0.239774,,accum_num:accum::5:None:0:None:gray:6,accum,5,,,0
hocho_G_4,frame_00065.png,frame_00069.png,,,,0,decode失敗,QR未検出,0.449374,0.465542,0.626554,0.235487,,accum_num:accum::5:None:0:None:gray:13,accum,5,,,0
hocho_G_4,frame_00075.png,frame_00079.png,,,,0,decode失敗,QR未検出,0.416755,0.478393,0.636665,0.213514,,accum_num:accum::5:None:0:None:gray:15,accum,5,,,0
hocho_G_4,frame_00025.png,frame_00029.png,,,,0,decode失敗,QR未検出,0.425989,0.477091,0.635523,0.217441,,accum_num:accum::5:None:0:None:gray:5,accum,5,,,0
hocho_G_4,frame_00005.png,frame_00009.png,,,,0,decode失敗,QR未検出,0.406231,0.471886,0.632898,0.210674,,accum_num:accum::5:None:0:None:gray:1,accum,5,,,0
hocho_G_4,frame_00040.png,frame_00044.png,,,,0,decode失敗,QR未検出,0.412827,0.472246,0.632856,0.228899,,accum_num:accum::5:None:0:None:gray:8,accum,5,,,0
hocho_G_4,frame_00070.png,frame_00074.png,,,,0,decode失敗,QR未検出,0.437606,0.479879,0.636997,0.221674,,accum_num:accum::5:None:0:None:gray:14,accum,5,,,0
hocho_G_4,frame_00020.png,frame_00024.png,,,,0,decode失敗,QR未検出,0.451548,0.466593,0.627206,0.236623,,accum_num:accum::5:None:0:None:gray:4,accum,5,,,0
hocho_G_4,frame_00045.png,frame_00049.png,,,,0,decode失敗,QR未検出,0.468002,0.468583,0.627873,0.251825,,accum_num:accum::5:None:0:None:gray:9,accum,5,,,0
hocho_G_4,frame_00010.png,frame_00014.png,hocho_G_4/rgb_max_accum_n5_gray/00010-00014-FRAME_rgbmax_scale1.00.png,,,0,decode失敗,QR未検出,0.439086,0.484157,0.639785,0.215922,,accum_num:accum::5:None:0:None:gray:2,accum,5,,,0
hocho_G_4,frame_00060.png,frame_00064.png,,,,0,decode失敗,QR未検出,0.441769,0.459690,0.622718,0.236544,,accum_num:accum::5:None:0:None:gray:12,accum,5,,,0
hocho_G_4,frame_00015.png,frame_00019.png,,,,0,decode失敗,QR未検出,0.433549,0.478780,0.636390,0.214096,,accum_num:accum::5:None:0:None:gray:3,accum,5,,,0
hocho_G_4,frame_00000.png,frame_00004.png,,,,0,decode失敗,QR未検出,0.433059,0.462739,0.625427,0.228659,,accum_num:accum::5:None:0:None:gray:0,accum,5,,,0
hocho_G_4,frame_00050.png,frame_00054.png,,,,0,decode失敗,QR未検出,0.402683,0.468663,0.630991,0.210325,,accum_num:accum::5:None:0:None:gray:10,accum,5,,,0
hocho_G_4,frame_00035.png,frame_00039.png,,,,0,decode失敗,QR未検出,0.432110,0.465791,0.627623,0.231512,,accum_num:accum::5:None:0:None:gray:7,accum,5,,,0
hocho_G_4,frame_00055.png,frame_00059.png,,,,0,decode失敗,QR未検出,0.482174,0.439629,0.603477,0.284471,,accum_num:accum::5:None:0:None:gray:11,accum,5,,,0
hocho_G_4,frame_00080.png,frame_00084.png,,,,0,decode失敗,QR未検出,0.418184,0.482533,0.639246,0.210564,,accum_num:accum::5:None:0:None:gray:16,accum,5,,,0
hocho_G_4,frame_00085.png,frame_00089.png,,,,0,decode失敗,QR未検出,0.487620,0.468595,0.626961,0.265827,,accum_num:accum::5:None:0:None:gray:17,accum,5,,,0
hocho_G_4,frame_00100.png,frame_00104.png,,,,0,decode失敗,QR未検出,0.466094,0.458213,0.620080,0.255955,,accum_num:accum::5:None:0:None:gray:20,accum,5,,,0
hocho_G_4,frame_00095.png,frame_00099.png,,,,0,decode失敗,QR未検出,0.452262,0.473428,0.632070,0.234332,,accum_num:accum::5:None:0:None:gray:19,accum,5,,,0
hocho_G_4,frame_00110.png,frame_00114.png,,,,0,decode失敗,QR未検出,0.410628,0.462177,0.626314,0.212372,,accum_num:accum::5:None:0:None:gray:22,accum,5,,,0
hocho_G_4,frame_00115.png,frame_00119.png,,,,0,decode失敗,QR未検出,0.495585,0.434386,0.597423,0.305453,,accum_num:accum::5:None:0:None:gray:23,accum,5,,,0
hocho_G_4,frame_00090.png,frame_00094.png,,,,0,decode失敗,QR未検出,0.422421,0.474343,0.633846,0.217006,,accum_num:accum::5:None:0:None:gray:18,accum,5,,,0
hocho_G_4,frame_00105.png,frame_00109.png,,,,0,decode失敗,QR未検出,0.428482,0.458605,0.622762,0.222179,,accum_num:accum::5:None:0:None:gray:21,accum,5,,,0
hocho_G_8,frame_00050.png,frame_00054.png,,,,0,decode失敗,QR未検出,0.524632,0.634826,0.727877,0.119209,,accum_num:accum::5:None:0:None:gray:10,accum,5,,,0
hocho_G_8,frame_00045.png,frame_00049.png,,,,0,decode失敗,QR未検出,0.528695,0.641281,0.731417,0.117955,,accum_num:accum::5:None:0:None:gray:9,accum,5,,,0
hocho_G_8,frame_00030.png,frame_00034.png,,,,0,decode失敗,QR未検出,0.562169,0.625902,0.729039,0.146188,,accum_num:accum::5:None:0:None:gray:6,accum,5,,,0
hocho_G_8,frame_00055.png,frame_00059.png,,,,0,decode失敗,QR未検出,0.572422,0.553839,0.688816,0.207168,,accum_num:accum::5:None:0:None:gray:11,accum,5,,,0
hocho_G_8,frame_00040.png,frame_00044.png,,,,0,decode失敗,QR未検出,0.546159,0.626609,0.727128,0.131893,,accum_num:accum::5:None:0:None:gray:8,accum,5,,,0
hocho_G_8,frame_00015.png,frame_00019.png,,,,0,decode失敗,QR未検出,0.572362,0.621219,0.728061,0.152677,,accum_num:accum::5:None:0:None:gray:3,accum,5,,,0
hocho_G_8,frame_00065.png,frame_00069.png,,,,0,decode失敗,QR未検出,0.518011,0.636998,0.727867,0.122775,,accum_num:accum::5:None:0:None:gray:13,accum,5,,,0
hocho_G_8,frame_00000.png,frame_00004.png,,,,0,decode失敗,QR未検出,0.502926,0.645672,0.729308,0.104462,,accum_num:accum::5:None:0:None:gray:0,accum,5,,,0
hocho_G_8,frame_00025.png,frame_00029.png,,,,0,decode失敗,QR未検出,0.564282,0.620611,0.726645,0.142797,,accum_num:accum::5:None:0:None:gray:5,accum,5,,,0
hocho_G_8,frame_00060.png,frame_00064.png,,,,0,decode失敗,QR未検出,0.567780,0.597641,0.714809,0.155224,,accum_num:accum::5:None:0:None:gray:12,accum,5,,,0
hocho_G_8,frame_00075.png,frame_00079.png,,,,0,decode失敗,QR未検出,0.496530,0.624917,0.719355,0.115984,,accum_num:accum::5:None:0:None:gray:15,accum,5,,,0
hocho_G_8,frame_00070.png,frame_00074.png,,,,0,decode失敗,QR未検出,0.493177,0.654485,0.731370,0.107394,,accum_num:accum::5:None:0:None:gray:14,accum,5,,,0
hocho_G_8,frame_00035.png,frame_00039.png,,,,0,decode失敗,QR未検出,0.584944,0.613397,0.725576,0.155024,,accum_num:accum::5:None:0:None:gray:7,accum,5,,,0
hocho_G_8,frame_00020.png,frame_00024.png,hocho_G_8/rgb_max_accum_n5_gray/00020-00024-FRAME_rgbmax_scale1.00.png,,,0,decode失敗,QR未検出,0.512735,0.649428,0.732467,0.109195,,accum_num:accum::5:None:0:None:gray:4,accum,5,,,0
hocho_G_8,frame_00010.png,frame_00014.png,,,,0,decode失敗,QR未検出,0.539798,0.638378,0.731789,0.125480,,accum_num:accum::5:None:0:None:gray:2,accum,5,,,0
hocho_G_8,frame_00005.png,frame_00009.png,,,,0,decode失敗,QR未検出,0.523158,0.642262,0.730999,0.116445,,accum_num:accum::5:None:0:None:gray:1,accum,5,,,0
hocho_G_8,frame_00080.png,frame_00084.png,,,,0,decode失敗,QR未検出,0.538648,0.624085,0.724848,0.130428,,accum_num:accum::5:None:0:None:gray:16,accum,5,,,0
hocho_G_8,frame_00085.png,frame_00089.png,,,,0,decode失敗,QR未検出,0.502866,0.639247,0.726558,0.111482,,accum_num:accum::5:None:0:None:gray:17,accum,5,,,0
hocho_G_8,frame_00100.png,frame_00104.png,,,,0,decode失敗,QR未検出,0.520600,0.618477,0.719687,0.129244,,accum_num:accum::5:None:0:None:gray:20,accum,5,,,0
hocho_G_8,frame_00090.png,frame_00094.png,,,,0,decode失敗,QR未検出,0.572902,0.590518,0.711346,0.175231,,accum_num:accum::5:None:0:None:gray:18,accum,5,,,0
hocho_G_8,frame_00110.png,frame_00114.png,,,,0,decode失敗,QR未検出,0.538648,0.607037,0.716361,0.141560,,accum_num:accum::5:None:0:None:gray:22,accum,5,,,0
hocho_G_8,frame_00105.png,frame_00109.png,,,,0,decode失敗,QR未検出,0.515928,0.647969,0.732355,0.118388,,accum_num:accum::5:None:0:None:gray:21,accum,5,,,0
hocho_G_8,frame_00095.png,frame_00099.png,,,,0,decode失敗,QR未検出,0.507343,0.626629,0.721645,0.126611,,accum_num:accum::5:None:0:None:gray:19,accum,5,,,0
hocho_G_8,frame_00115.png,frame_00119.png,,,,0,decode失敗,QR未検出,0.574701,0.544500,0.682739,0.215621,,accum_num:accum::5:None:0:None:gray:23,accum,5,,,0
hocho_G_12,frame_00005.png,frame_00009.png,,,,0,decode失敗,QR未検出,0.483558,0.974925,0.814811,0.002348,,accum_num:accum::5:None:0:None:gray:1,accum,5,,,0
hocho_G_12,frame_00010.png,frame_00014.png,,,,0,decode失敗,QR未検出,0.485916,0.975474,0.815714,0.002307,,accum_num:accum::5:None:0:None:gray:2,accum,5,,,0
hocho_G_12,frame_00045.png,frame_00049.png,,,,0,decode失敗,QR未検出,0.495360,0.972875,0.818463,0.002608,,accum_num:accum::5:None:0:None:gray:9,accum,5,,,0
hocho_G_12,frame_00075.png,frame_00079.png,hocho_G_12/rgb_max_accum_n5_gray/00075-00079-FRAME_rgbmax_scale1.00.png,,,0,decode失敗,QR未検出,0.504125,0.973578,0.821577,0.002605,,accum_num:accum::5:None:0:None:gray:15,accum,5,,,0
hocho_G_12,frame_00035.png,frame_00039.png,,,,0,decode失敗,QR未検出,0.488535,0.972381,0.816050,0.002620,,accum_num:accum::5:None:0:None:gray:7,accum,5,,,0
hocho_G_12,frame_00060.png,frame_00064.png,,,,0,decode失敗,QR未検出,0.485482,0.973439,0.815201,0.002501,,accum_num:accum::5:None:0:None:gray:12,accum,5,,,0
hocho_G_12,frame_00065.png,frame_00069.png,,,,0,decode失敗,QR未検出,0.482788,0.974748,0.814517,0.002403,,accum_num:accum::5:None:0:None:gray:13,accum,5,,,0
hocho_G_12,frame_00050.png,frame_00054.png,,,,0,decode失敗,QR未検出,0.478946,0.974164,0.813104,0.002398,,accum_num:accum::5:None:0:None:gray:10,accum,5,,,0
hocho_G_12,frame_00055.png,frame_00059.png,,,,0,decode失敗,QR未検出,0.472899,0.975972,0.811357,0.002198,,accum_num:accum::5:None:0:None:gray:11,accum,5,,,0
hocho_G_12,frame_00025.png,frame_00029.png,,,,0,decode失敗,QR未検出,0.499523,0.973768,0.820045,0.002541,,accum_num:accum::5:None:0:None:gray:5,accum,5,,,0
hocho_G_12,frame_00070.png,frame_00074.png,,,,0,decode失敗,QR未検出,0.500012,0.973944,0.820244,0.002526,,accum_num:accum::5:None:0:None:gray:14,accum,5,,,0
hocho_G_12,frame_00000.png,frame_00004.png,,,,0,decode失敗,QR未検出,0.494836,0.973258,0.818354,0.002567,,accum_num:accum::5:None:0:None:gray:0,accum,5,,,0
hocho_G_12,frame_00015.png,frame_00019.png,,,,0,decode失敗,QR未検出,0.493806,0.973674,0.818080,0.002521,,accum_num:accum::5:None:0:None:gray:3,accum,5,,,0
hocho_G_12,frame_00020.png,frame_00024.png,,,,0,decode失敗,QR未検出,0.481424,0.974767,0.814055,0.002353,,accum_num:accum::5:None:0:None:gray:4,accum,5,,,0
hocho_G_12,frame_00030.png,frame_00034.png,,,,0,decode失敗,QR未検出,0.497339,0.973732,0.819294,0.002533,,accum_num:accum::5:None:0:None:gray:6,accum,5,,,0
hocho_G_12,frame_00040.png,frame_00044.png,,,,0,decode失敗,QR未検出,0.483433,0.973711,0.814552,0.002465,,accum_num:accum::5:None:0:None:gray:8,accum,5,,,0
hocho_G_12,frame_00080.png,frame_00084.png,,,,0,decode失敗,QR未検出,0.489114,0.973370,0.816426,0.002527,,accum_num:accum::5:None:0:None:gray:16,accum,5,,,0
hocho_G_12,frame_00085.png,frame_00089.png,,,,0,decode失敗,QR未検出,0.488370,0.975175,0.816498,0.002348,,accum_num:accum::5:None:0:None:gray:17,accum,5,,,0
hocho_G_12,frame_00110.png,frame_00114.png,,,,0,decode失敗,QR未検出,0.489994,0.972142,0.816503,0.002651,,accum_num:accum::5:None:0:None:gray:22,accum,5,,,0
hocho_G_12,frame_00105.png,frame_00109.png,,,,0,decode失敗,QR未検出,0.492742,0.974089,0.817793,0.002475,,accum_num:accum::5:None:0:None:gray:21,accum,5,,,0
hocho_G_12,frame_00100.png,frame_00104.png,,,,0,decode失敗,QR未検出,0.486306,0.975249,0.815807,0.002331,,accum_num:accum::5:None:0:None:gray:20,accum,5,,,0
hocho_G_12,frame_00090.png,frame_00094.png,,,,0,decode失敗,QR未検出,0.498289,0.973543,0.819583,0.002557,,accum_num:accum::5:None:0:None:gray:18,accum,5,,,0
hocho_G_12,frame_00095.png,frame_00099.png,,,,0,decode失敗,QR未検出,0.481634,0.976209,0.814383,0.002222,,accum_num:accum::5:None:0:None:gray:19,accum,5,,,0
hocho_G_12,frame_00115.png,frame_00119.png,,,,0,decode失敗,QR未検出,0.472005,0.975071,0.810896,0.002279,,accum_num:accum::5:None:0:None:gray:23,accum,5,,,0
ex_G_4,frame_00065.png,frame_00069.png,,,,0,decode失敗,QR未検出,0.514468,0.537539,0.675007,0.303065,,accum_num:accum::5:None:0:None:gray:13,accum,5,,,0
ex_G_4,frame_00020.png,frame_00024.png,ex_G_4/rgb_max_accum_n5_gray/00020-00024-FRAME_rgbmax_scale1.00.png,,,0,decode失敗,QR未検出,0.543390,0.550393,0.684688,0.293317,,accum_num:accum::5:None:0:None:gray:4,accum,5,,,0
ex_G_4,frame_00025.png,frame_00029.png,,,,0,decode失敗,QR未検出,0.517911,0.544819,0.679684,0.287597,,accum_num:accum::5:None:0:None:gray:5,accum,5,,,0
ex_G_4,frame_00010.png,frame_00014.png,,,,0,decode失敗,QR未検出,0.549891,0.526533,0.669253,0.321899,,accum_num:accum::5:None:0:None:gray:2,accum,5,,,0
ex_G_4,frame_00005.png,frame_00009.png,,,,0,decode失敗,QR未検出,0.527505,0.543239,0.679250,0.287747,,accum_num:accum::5:None:0:None:gray:1,accum,5,,,0
ex_G_4,frame_00045.png,frame_00049.png,,,,0,decode失敗,QR未検出,0.549007,0.527569,0.669939,0.313025,,accum_num:accum::5:None:0:None:gray:9,accum,5,,,0
ex_G_4,frame_00015.png,frame_00019.png,,,,0,decode失敗,QR未検出,0.518811,0.544386,0.679471,0.284549,,accum_num:accum::5:None:0:None:gray:3,accum,5,,,0
ex_G_4,frame_00040.png,frame_00044.png,,,,0,decode失敗,QR未検出,0.564947,0.527248,0.670294,0.327979,,accum_num:accum::5:None:0:None:gray:8,accum,5,,,0
ex_G_4,frame_00000.png,frame_00004.png,,,,0,decode失敗,QR未検出,0.573716,0.501684,0.651196,0.350412,,accum_num:accum::5:None:0:None:gray:0,accum,5,,,0
ex_G_4,frame_00055.png,frame_00059.png,,,,0,decode失敗,QR未検出,0.632580,0.505648,0.654795,0.335356,,accum_num:accum::5:None:0:None:gray:11,accum,5,,,0
ex_G_4,frame_00030.png,frame_00034.png,,,,0,decode失敗,QR未検出,0.544565,0.512919,0.659453,0.327911,,accum_num:accum::5:None:0:None:gray:6,accum,5,,,0
ex_G_4,frame_00035.png,frame_00039.png,,,,0,decode失敗,QR未検出,0.502546,0.533315,0.671832,0.297749,,accum_num:accum::5:None:0:None:gray:7,accum,5,,,0
ex_G_4,frame_00060.png,frame_00064.png,,,,0,decode失敗,QR未検出,0.626543,0.511610,0.659804,0.338752,,accum_num:accum::5:None:0:None:gray:12,accum,5,,,0
ex_G_4,frame_00050.png,frame_00054.png,,,,0,decode失敗,QR未検出,0.516402,0.534680,0.673303,0.292862,,accum_num:accum::5:None:0:None:gray:10,accum,5,,,0
ex_G_4,frame_00070.png,frame_00074.png,,,,0,decode失敗,QR未検出,0.500857,0.550467,0.682004,0.280077,,accum_num:accum::5:None:0:None:gray:14,accum,5,,,0
ex_G_4,frame_00075.png,frame_00079.png,,,,0,decode失敗,QR未検出,0.508307,0.550537,0.682524,0.284617,,accum_num:accum::5:None:0:None:gray:15,accum,5,,,0
ex_G_4,frame_00085.png,frame_00089.png,,,,0,decode失敗,QR未検出,0.520475,0.527809,0.669051,0.302607,,accum_num:accum::5:None:0:None:gray:17,accum,5,,,0
ex_G_4,frame_00090.png,frame_00094.png,,,,0,decode失敗,QR未検出,0.512025,0.553160,0.684307,0.294804,,accum_num:accum::5:None:0:None:gray:18,accum,5,,,0
ex_G_4,frame_00100.png,frame_00104.png,,,,0,decode失敗,QR未検出,0.544710,0.509819,0.657194,0.331604,,accum_num:accum::5:None:0:None:gray:20,accum,5,,,0
ex_G_4,frame_00110.png,frame_00114.png,,,,0,decode失敗,QR未検出,0.556927,0.523334,0.667237,0.301692,,accum_num:accum::5:None:0:None:gray:22,accum,5,,,0
ex_G_4,frame_00080.png,frame_00084.png,,,,0,decode失敗,QR未検出,0.479200,0.531267,0.669597,0.296628,,accum_num:accum::5:None:0:None:gray:16,accum,5,,,0
ex_G_4,frame_00095.png,frame_00099.png,,,,0,decode失敗,QR未検出,0.520715,0.529241,0.669995,0.299734,,accum_num:accum::5:None:0:None:gray:19,accum,5,,,0
ex_G_4,frame_00115.png,frame_00119.png,,,,0,decode失敗,QR未検出,0.687445,0.470535,0.619700,0.408922,,accum_num:accum::5:None:0:None:gray:23,accum,5,,,0
ex_G_4,frame_00105.png,frame_00109.png,,,,0,decode失敗,QR未検出,0.504600,0.534788,0.672834,0.298824,,accum_num:accum::5:None:0:None:gray:21,accum,5,,,0
ex_G_8,frame_00060.png,frame_00064.png,,,,0,decode失敗,QR未検出,0.452577,0.871488,0.784950,0.018059,,accum_num:accum::5:None:0:None:gray:12,accum,5,,,0
ex_G_8,frame_00045.png,frame_00049.png,,,,0,decode失敗,QR未検出,0.524992,0.831314,0.796373,0.036107,,accum_num:accum::5:None:0:None:gray:9,accum,5,,,0
ex_G_8,frame_00000.png,frame_00004.png,,,,0,decode失敗,QR未検出,0.492922,0.855374,0.793262,0.028754,,accum_num:accum::5:None:0:None:gray:0,accum,5,,,0
ex_G_8,frame_00005.png,frame_00009.png,,,,0,decode失敗,QR未検出,0.512335,0.837569,0.794452,0.034529,,accum_num:accum::5:None:0:None:gray:1,accum,5,,,0
ex_G_8,frame_00035.png,frame_00039.png,,,,0,decode失敗,QR未検出,0.478451,0.849435,0.787683,0.026308,,accum_num:accum::5:None:0:None:gray:7,accum,5,,,0
ex_G_8,frame_00070.png,frame_00074.png,,,,0,decode失敗,QR未検出,0.443873,0.866634,0.781352,0.017915,,accum_num:accum::5:None:0:None:gray:14,accum,5,,,0
ex_G_8,frame_00075.png,frame_00079.png,,,,0,decode失敗,QR未検出,0.508617,0.839674,0.793936,0.032449,,accum_num:accum::5:None:0:None:gray:15,accum,5,,,0
ex_G_8,frame_00040.png,frame_00044.png,,,,0,decode失敗,QR未検出,0.487270,0.850011,0.790360,0.026921,,accum_num:accum::5:None:0:None:gray:8,accum,5,,,0
ex_G_8,frame_00030.png,frame_00034.png,,,,0,decode失敗,QR未検出,0.503930,0.839799,0.792639,0.031331,,accum_num:accum::5:None:0:None:gray:6,accum,5,,,0
ex_G_8,frame_00010.png,frame_00014.png,,,,0,decode失敗,QR未検出,0.482848,0.850721,0.789250,0.025336,,accum_num:accum::5:None:0:None:gray:2,accum,5,,,0
ex_G_8,frame_00065.png,frame_00069.png,,,,0,decode失敗,QR未検出,0.456300,0.878876,0.787602,0.018692,,accum_num:accum::5:None:0:None:gray:13,accum,5,,,0
ex_G_8,frame_00055.png,frame_00059.png,ex_G_8/rgb_max_accum_n5_gray/00055-00059-FRAME_rgbmax_scale1.00.png,,,0,decode失敗,QR未検出,0.566531,0.808554,0.801250,0.056167,,accum_num:accum::5:None:0:None:gray:11,accum,5,,,0
ex_G_8,frame_00020.png,frame_00024.png,,,,0,decode失敗,QR未検出,0.474583,0.865022,0.790094,0.023824,,accum_num:accum::5:None:0:None:gray:4,accum,5,,,0
ex_G_8,frame_00025.png,frame_00029.png,,,,0,decode失敗,QR未検出,0.535430,0.810519,0.793500,0.046894,,accum_num:accum::5:None:0:None:gray:5,accum,5,,,0
ex_G_8,frame_00050.png,frame_00054.png,,,,0,decode失敗,QR未検出,0.546658,0.805828,0.795138,0.046096,,accum_num:accum::5:None:0:None:gray:10,accum,5,,,0
ex_G_8,frame_00015.png,frame_00019.png,,,,0,decode失敗,QR未検出,0.501881,0.857500,0.796379,0.029051,,accum_num:accum::5:None:0:None:gray:3,accum,5,,,0
ex_G_8,frame_00080.png,frame_00084.png,,,,0,decode失敗,QR未検出,0.461577,0.855028,0.784066,0.024374,,accum_num:accum::5:None:0:None:gray:16,accum,5,,,0
ex_G_8,frame_00095.png,frame_00099.png,,,,0,decode失敗,QR未検出,0.483208,0.853670,0.790041,0.025370,,accum_num:accum::5:None:0:None:gray:19,accum,5,,,0
ex_G_8,frame_00100.png,frame_00104.png,,,,0,decode失敗,QR未検出,0.523803,0.833659,0.796662,0.037880,,accum_num:accum::5:None:0:None:gray:20,accum,5,,,0
ex_G_8,frame_00105.png,frame_00109.png,,,,0,decode失敗,QR未検出,0.461761,0.866235,0.786566,0.021193,,accum_num:accum::5:None:0:None:gray:21,accum,5,,,0
ex_G_8,frame_00090.png,frame_00094.png,,,,0,decode失敗,QR未検出,0.461197,0.865931,0.786334,0.021338,,accum_num:accum::5:None:0:None:gray:18,accum,5,,,0
ex_G_8,frame_00085.png,frame_00089.png,,,,0,decode失敗,QR未検出,0.462171,0.883223,0.790281,0.017229,,accum_num:accum::5:None:0:None:gray:17,accum,5,,,0
ex_G_8,frame_00110.png,frame_00114.png,,,,0,decode失敗,QR未検出,0.441434,0.862075,0.779687,0.018795,,accum_num:accum::5:None:0:None:gray:22,accum,5,,,0
ex_G_8,frame_00115.png,frame_00119.png,,,,0,decode失敗,QR未検出,0.540192,0.809177,0.794391,0.049967,,accum_num:accum::5:None:0:None:gray:23,accum,5,,,0
ex_G_12,frame_00010.png,frame_00014.png,,,,0,decode失敗,QR未検出,0.515388,0.976594,0.825986,0.002332,,accum_num:accum::5:None:0:None:gray:2,accum,5,,,0
ex_G_12,frame_00000.png,frame_00004.png,,,,0,decode失敗,QR未検出,0.506773,0.977400,0.823192,0.002213,,accum_num:accum::5:None:0:None:gray:0,accum,5,,,0
ex_G_12,frame_00060.png,frame_00064.png,,,,0,decode失敗,QR未検出,0.509766,0.974170,0.823610,0.002552,,accum_num:accum::5:None:0:None:gray:12,accum,5,,,0
ex_G_12,frame_00005.png,frame_00009.png,,,,0,decode失敗,QR未検出,0.509517,0.976134,0.823894,0.002352,,accum_num:accum::5:None:0:None:gray:1,accum,5,,,0
ex_G_12,frame_00045.png,frame_00049.png,,,,0,decode失敗,QR未検出,0.510661,0.975181,0.824106,0.002485,,accum_num:accum::5:None:0:None:gray:9,accum,5,,,0
ex_G_12,frame_00030.png,frame_00034.png,,,,0,decode失敗,QR未検出,0.517332,0.974529,0.826258,0.002553,,accum_num:accum::5:None:0:None:gray:6,accum,5,,,0
ex_G_12,frame_00050.png,frame_00054.png,,,,0,decode失敗,QR未検出,0.508877,0.976274,0.823701,0.002335,,accum_num:accum::5:None:0:None:gray:10,accum,5,,,0
ex_G_12,frame_00025.png,frame_00029.png,,,,0,decode失敗,QR未検出,0.517552,0.974145,0.826259,0.002594,,accum_num:accum::5:None:0:None:gray:5,accum,5,,,0
ex_G_12,frame_00055.png,frame_00059.png,,,,0,decode失敗,QR未検出,0.508912,0.975929,0.823649,0.002370,,accum_num:accum::5:None:0:None:gray:11,accum,5,,,0
ex_G_12,frame_00075.png,frame_00079.png,,,,0,decode失敗,QR未検出,0.512380,0.976292,0.824902,0.002349,,accum_num:accum::5:None:0:None:gray:15,accum,5,,,0
ex_G_12,frame_00040.png,frame_00044.png,,,,0,decode失敗,QR未検出,0.514778,0.975051,0.825486,0.002487,,accum_num:accum::5:None:0:None:gray:8,accum,5,,,0
ex_G_12,frame_00020.png,frame_00024.png,,,,0,decode失敗,QR未検出,0.511515,0.975063,0.824375,0.002490,,accum_num:accum::5:None:0:None:gray:4,accum,5,,,0
ex_G_12,frame_00065.png,frame_00069.png,,,,0,decode失敗,QR未検出,0.510226,0.974350,0.823801,0.002536,,accum_num:accum::5:None:0:None:gray:13,accum,5,,,0
ex_G_12,frame_00015.png,frame_00019.png,,,,0,decode失敗,QR未検出,0.509911,0.974158,0.823658,0.002554,,accum_num:accum::5:None:0:None:gray:3,accum,5,,,0
ex_G_12,frame_00035.png,frame_00039.png,ex_G_12/rgb_max_accum_n5_gray/00035-00039-FRAME_rgbmax_scale1.00.png,,,0,decode失敗,QR未検出,0.525047,0.973692,0.828726,0.002679,,accum_num:accum::5:None:0:None:gray:7,accum,5,,,0
ex_G_12,frame_00070.png,frame_00074.png,,,,0,decode失敗,QR未検出,0.518361,0.974001,0.826508,0.002630,,accum_num:accum::5:None:0:None:gray:14,accum,5,,,0
ex_G_12,frame_00080.png,frame_00084.png,,,,0,decode失敗,QR未検出,0.514603,0.972906,0.825019,0.002706,,accum_num:accum::5:None:0:None:gray:16,accum,5,,,0
ex_G_12,frame_00095.png,frame_00099.png,,,,0,decode失敗,QR未検出,0.507488,0.976529,0.823274,0.002303,,accum_num:accum::5:None:0:None:gray:19,accum,5,,,0
ex_G_12,frame_00105.png,frame_00109.png,,,,0,decode失敗,QR未検出,0.512045,0.976156,0.824762,0.002362,,accum_num:accum::5:None:0:None:gray:21,accum,5,,,0
ex_G_12,frame_00110.png,frame_00114.png,,,,0,decode失敗,QR未検出,0.508592,0.974867,0.823341,0.002476,,accum_num:accum::5:None:0:None:gray:22,accum,5,,,0
ex_G_12,frame_00090.png,frame_00094.png,,,,0,decode失敗,QR未検出,0.508442,0.975636,0.823434,0.002398,,accum_num:accum::5:None:0:None:gray:18,accum,5,,,0
ex_G_12,frame_00100.png,frame_00104.png,,,,0,decode失敗,QR未検出,0.506448,0.974379,0.822519,0.002515,,accum_num:accum::5:None:0:None:gray:20,accum,5,,,0
ex_G_12,frame_00085.png,frame_00089.png,,,,0,decode失敗,QR未検出,0.516282,0.974175,0.825832,0.002592,,accum_num:accum::5:None:0:None:gray:17,accum,5,,,0
ex_G_12,frame_00115.png,frame_00119.png,,,,0,decode失敗,QR未検出,0.510511,0.976740,0.824347,0.002296,,accum_num:accum::5:None:0:None:gray:23,accum,5,,,0
rice_B_4,frame_00040.png,frame_00044.png,,,,0,decode失敗,QR未検出,0.500377,0.689081,0.746000,0.126216,,accum_num:accum::5:None:0:None:gray:8,accum,5,,,0
rice_B_4,frame_00050.png,frame_00054.png,,,,0,decode失敗,QR未検出,0.493931,0.706400,0.750915,0.105828,,accum_num:accum::5:None:0:None:gray:10,accum,5,,,0
rice_B_4,frame_00010.png,frame_00014.png,,,,0,decode失敗,QR未検出,0.501926,0.694916,0.748439,0.115191,,accum_num:accum::5:None:0:None:gray:2,accum,5,,,0
rice_B_4,frame_00015.png,frame_00019.png,,,,0,decode失敗,QR未検出,0.519086,0.680114,0.746117,0.132584,,accum_num:accum::5:None:0:None:gray:3,accum,5,,,0
rice_B_4,frame_00075.png,frame_00079.png,,,,0,decode失敗,QR未検出,0.507813,0.695816,0.749927,0.119526,,accum_num:accum::5:None:0:None:gray:15,accum,5,,,0
rice_B_4,frame_00055.png,frame_00059.png,,,,0,decode失敗,QR未検出,0.529164,0.680528,0.748152,0.134315,,accum_num:accum::5:None:0:None:gray:11,accum,5,,,0
rice_B_4,frame_00000.png,frame_00004.png,,,,0,decode失敗,QR未検出,0.503410,0.688586,0.746399,0.129870,,accum_num:accum::5:None:0:None:gray:0,accum,5,,,0
rice_B_4,frame_00070.png,frame_00074.png,,,,0,decode失敗,QR未検出,0.522014,0.690588,0.750737,0.130526,,accum_num:accum::5:None:0:None:gray:14,accum,5,,,0
rice_B_4,frame_00060.png,frame_00064.png,,,,0,decode失敗,QR未検出,0.523713,0.685427,0.749066,0.132202,,accum_num:accum::5:None:0:None:gray:12,accum,5,,,0
rice_B_4,frame_00035.png,frame_00039.png,,,,0,decode失敗,QR未検出,0.520530,0.683999,0.747907,0.127364,,accum_num:accum::5:None:0:None:gray:7,accum,5,,,0
rice_B_4,frame_00020.png,frame_00024.png,,,,0,decode失敗,QR未検出,0.493542,0.684287,0.742930,0.120868,,accum_num:accum::5:None:0:None:gray:4,accum,5,,,0
rice_B_4,frame_00030.png,frame_00034.png,,,,0,decode失敗,QR未検出,0.507488,0.693438,0.748987,0.117771,,accum_num:accum::5:None:0:None:gray:6,accum,5,,,0
rice_B_4,frame_00005.png,frame_00009.png,,,,0,decode失敗,QR未検出,0.519445,0.675987,0.744552,0.133674,,accum_num:accum::5:None:0:None:gray:1,accum,5,,,0
rice_B_4,frame_00065.png,frame_00069.png,,,,0,decode失敗,QR未検出,0.505724,0.713733,0.755903,0.106548,,accum_num:accum::5:None:0:None:gray:13,accum,5,,,0
rice_B_4,frame_00025.png,frame_00029.png,,,,0,decode失敗,QR未検出,0.500892,0.715920,0.755641,0.109376,,accum_num:accum::5:None:0:None:gray:5,accum,5,,,0
rice_B_4,frame_00045.png,frame_00049.png,,,,0,decode失敗,QR未検出,0.523658,0.691501,0.751405,0.128409,,accum_num:accum::5:None:0:None:gray:9,accum,5,,,0
rice_B_4,frame_00090.png,frame_00094.png,,,,0,decode失敗,QR未検出,0.488135,0.729456,0.757377,0.099886,,accum_num:accum::5:None:0:None:gray:18,accum,5,,,0
rice_B_4,frame_00080.png,frame_00084.png,,,,0,decode失敗,QR未検出,0.511850,0.714927,0.757608,0.102096,,accum_num:accum::5:None:0:None:gray:16,accum,5,,,0
rice_B_4,frame_00100.png,frame_00104.png,rice_B_4/rgb_max_accum_n5_gray/00100-00104-FRAME_rgbmax_scale1.00.png,,,0,decode失敗,QR未検出,0.511420,0.722894,0.760278,0.106611,,accum_num:accum::5:None:0:None:gray:20,accum,5,,,0
rice_B_4,frame_00095.png,frame_00099.png,,,,0,decode失敗,QR未検出,0.508297,0.694772,0.749638,0.120089,,accum_num:accum::5:None:0:None:gray:19,accum,5,,,0
rice_B_4,frame_00110.png,frame_00114.png,,,,0,decode失敗,QR未検出,0.514563,0.703116,0.753946,0.119109,,accum_num:accum::5:None:0:None:gray:22,accum,5,,,0
rice_B_4,frame_00115.png,frame_00119.png,,,,0,decode失敗,QR未検出,0.502671,0.701225,0.750864,0.105109,,accum_num:accum::5:None:0:None:gray:23,accum,5,,,0
rice_B_4,frame_00085.png,frame_00089.png,,,,0,decode失敗,QR未検出,0.519785,0.694132,0.751652,0.122394,,accum_num:accum::5:None:0:None:gray:17,accum,5,,,0
rice_B_4,frame_00105.png,frame_00109.png,,,,0,decode失敗,QR未検出,0.505659,0.714876,0.756287,0.105355,,accum_num:accum::5:None:0:None:gray:21,accum,5,,,0
rice_B_8,frame_00070.png,frame_00074.png,,,,0,decode失敗,QR未検出,0.547398,0.911214,0.822844,0.011281,,accum_num:accum::5:None:0:None:gray:14,accum,5,,,0
rice_B_8,frame_00045.png,frame_00049.png,,,,0,decode失敗,QR未検出,0.547738,0.906982,0.821969,0.011690,,accum_num:accum::5:None:0:None:gray:9,accum,5,,,0
rice_B_8,frame_00030.png,frame_00034.png,,,,0,decode失敗,QR未検出,0.531883,0.914639,0.818706,0.010519,,accum_num:accum::5:None:0:None:gray:6,accum,5,,,0
rice_B_8,frame_00010.png,frame_00014.png,,,,0,decode失敗,QR未検出,0.542761,0.904383,0.819803,0.012110,,accum_num:accum::5:None:0:None:gray:2,accum,5,,,0
rice_B_8,frame_00015.png,frame_00019.png,,,,0,decode失敗,QR未検出,0.531198,0.913509,0.818237,0.011217,,accum_num:accum::5:None:0:None:gray:3,accum,5,,,0
rice_B_8,frame_00075.png,frame_00079.png,,,,0,decode失敗,QR未検出,0.549282,0.913848,0.824048,0.010944,,accum_num:accum::5:None:0:None:gray:15,accum,5,,,0
rice_B_8,frame_00050.png,frame_00054.png,,,,0,decode失敗,QR未検出,0.544879,0.898924,0.819185,0.013019,,accum_num:accum::5:None:0:None:gray:10,accum,5,,,0
rice_B_8,frame_00020.png,frame_00024.png,,,,0,decode失敗,QR未検出,0.536595,0.917390,0.820818,0.010278,,accum_num:accum::5:None:0:None:gray:4,accum,5,,,0
rice_B_8,frame_00055.png,frame_00059.png,,,,0,decode失敗,QR未検出,0.564417,0.906941,0.827201,0.013954,,accum_num:accum::5:None:0:None:gray:11,accum,5,,,0
rice_B_8,frame_00060.png,frame_00064.png,,,,0,decode失敗,QR未検出,0.549042,0.907444,0.822487,0.011728,,accum_num:accum::5:None:0:None:gray:12,accum,5,,,0
rice_B_8,frame_00065.png,frame_00069.png,,,,0,decode失敗,QR未検出,0.539738,0.910589,0.820281,0.010834,,accum_num:accum::5:None:0:None:gray:13,accum,5,,,0
rice_B_8,frame_00025.png,frame_00029.png,,,,0,decode失敗,QR未検出,0.531863,0.907664,0.817135,0.011502,,accum_num:accum::5:None:0:None:gray:5,accum,5,,,0
rice_B_8,frame_00040.png,frame_00044.png,,,,0,decode失敗,QR未検出,0.543805,0.910155,0.821465,0.011149,,accum_num:accum::5:None:0:None:gray:8,accum,5,,,0
rice_B_8,frame_00005.png,frame_00009.png,,,,0,decode失敗,QR未検出,0.525557,0.910245,0.815726,0.011521,,accum_num:accum::5:None:0:None:gray:1,accum,5,,,0
rice_B_8,frame_00035.png,frame_00039.png,,,,0,decode失敗,QR未検出,0.551385,0.907958,0.823344,0.011454,,accum_num:accum::5:None:0:None:gray:7,accum,5,,,0
rice_B_8,frame_00000.png,frame_00004.png,,,,0,decode失敗,QR未検出,0.522538,0.906650,0.813977,0.011189,,accum_num:accum::5:None:0:None:gray:0,accum,5,,,0
rice_B_8,frame_00080.png,frame_00084.png,,,,0,decode失敗,QR未検出,0.554219,0.911139,0.824982,0.011437,,accum_num:accum::5:None:0:None:gray:16,accum,5,,,0
rice_B_8,frame_00115.png,frame_00119.png,rice_B_8/rgb_max_accum_n5_gray/00115-00119-FRAME_rgbmax_scale1.00.png,,,0,decode失敗,QR未検出,0.581487,0.906584,0.832476,0.013393,,accum_num:accum::5:None:0:None:gray:23,accum,5,,,0
rice_B_8,frame_00105.png,frame_00109.png,,,,0,decode失敗,QR未検出,0.564882,0.911897,0.828532,0.011588,,accum_num:accum::5:None:0:None:gray:21,accum,5,,,0
rice_B_8,frame_00090.png,frame_00094.png,,,,0,decode失敗,QR未検出,0.559325,0.912682,0.826959,0.012011,,accum_num:accum::5:None:0:None:gray:18,accum,5,,,0
rice_B_8,frame_00110.png,frame_00114.png,,,,0,decode失敗,QR未検出,0.567625,0.902644,0.827166,0.012665,,accum_num:accum::5:None:0:None:gray:22,accum,5,,,0
rice_B_8,frame_00095.png,frame_00099.png,,,,0,decode失敗,QR未検出,0.558051,0.898616,0.823204,0.013283,,accum_num:accum::5:None:0:None:gray:19,accum,5,,,0
rice_B_8,frame_00085.png,frame_00089.png,,,,0,decode失敗,QR未検出,0.555403,0.908385,0.824709,0.011298,,accum_num:accum::5:None:0:None:gray:17,accum,5,,,0
rice_B_8,frame_00100.png,frame_00104.png,,,,0,decode失敗,QR未検出,0.568100,0.897898,0.826149,0.013372,,accum_num:accum::5:None:0:None:gray:20,accum,5,,,0
rice_B_12,frame_00025.png,frame_00029.png,,,,0,decode失敗,QR未検出,0.545409,0.931354,0.826748,0.007684,,accum_num:accum::5:None:0:None:gray:5,accum,5,,,0
rice_B_12,frame_00065.png,frame_00069.png,,,,0,decode失敗,QR未検出,0.549537,0.931913,0.828210,0.007662,,accum_num:accum::5:None:0:None:gray:13,accum,5,,,0
rice_B_12,frame_00030.png,frame_00034.png,,,,0,decode失敗,QR未検出,0.534556,0.936752,0.824386,0.006976,,accum_num:accum::5:None:0:None:gray:6,accum,5,,,0
rice_B_12,frame_00035.png,frame_00039.png,,,,0,decode失敗,QR未検出,0.545959,0.934853,0.827694,0.007260,,accum_num:accum::5:None:0:None:gray:7,accum,5,,,0
rice_B_12,frame_00020.png,frame_00024.png,,,,0,decode失敗,QR未検出,0.540437,0.935354,0.826004,0.007077,,accum_num:accum::5:None:0:None:gray:4,accum,5,,,0
rice_B_12,frame_00055.png,frame_00059.png,,,,0,decode失敗,QR未検出,0.552240,0.933720,0.829489,0.007519,,accum_num:accum::5:None:0:None:gray:11,accum,5,,,0
rice_B_12,frame_00005.png,frame_00009.png,,,,0,decode失敗,QR未検出,0.538483,0.934186,0.825115,0.007213,,accum_num:accum::5:None:0:None:gray:1,accum,5,,,0
rice_B_12,frame_00045.png,frame_00049.png,,,,0,decode失敗,QR未検出,0.555878,0.930983,0.830060,0.007884,,accum_num:accum::5:None:0:None:gray:9,accum,5,,,0
rice_B_12,frame_00060.png,frame_00064.png,,,,0,decode失敗,QR未検出,0.558016,0.933658,0.831354,0.007611,,accum_num:accum::5:None:0:None:gray:12,accum,5,,,0
rice_B_12,frame_00050.png,frame_00054.png,,,,0,decode失敗,QR未検出,0.549976,0.935052,0.829047,0.007300,,accum_num:accum::5:None:0:None:gray:10,accum,5,,,0
rice_B_12,frame_00070.png,frame_00074.png,,,,0,decode失敗,QR未検出,0.555898,0.931016,0.830074,0.007806,,accum_num:accum::5:None:0:None:gray:14,accum,5,,,0
rice_B_12,frame_00015.png,frame_00019.png,,,,0,decode失敗,QR未検出,0.534631,0.935074,0.824051,0.007148,,accum_num:accum::5:None:0:None:gray:3,accum,5,,,0
rice_B_12,frame_00010.png,frame_00014.png,,,,0,decode失敗,QR未検出,0.543680,0.939797,0.828023,0.006580,,accum_num:accum::5:None:0:None:gray:2,accum,5,,,0
rice_B_12,frame_00040.png,frame_00044.png,,,,0,decode失敗,QR未検出,0.546858,0.930913,0.827120,0.007837,,accum_num:accum::5:None:0:None:gray:8,accum,5,,,0
rice_B_12,frame_00075.png,frame_00079.png,,,,0,decode失敗,QR未検出,0.561929,0.933989,0.832702,0.007614,,accum_num:accum::5:None:0:None:gray:15,accum,5,,,0
rice_B_12,frame_00000.png,frame_00004.png,,,,0,decode失敗,QR未検出,0.532452,0.936485,0.823642,0.006864,,accum_num:accum::5:None:0:None:gray:0,accum,5,,,0
rice_B_12,frame_00105.png,frame_00109.png,,,,0,decode失敗,QR未検出,0.563013,0.933581,0.832962,0.007681,,accum_num:accum::5:None:0:None:gray:21,accum,5,,,0
rice_B_12,frame_00080.png,frame_00084.png,,,,0,decode失敗,QR未検出,0.556242,0.930511,0.830072,0.007978,,accum_num:accum::5:None:0:None:gray:16,accum,5,,,0
rice_B_12,frame_00085.png,frame_00089.png,,,,0,decode失敗,QR未検出,0.557007,0.934203,0.831148,0.007575,,accum_num:accum::5:None:0:None:gray:17,accum,5,,,0
rice_B_12,frame_00110.png,frame_00114.png,,,,0,decode失敗,QR未検出,0.574051,0.931161,0.835993,0.008013,,accum_num:accum::5:None:0:None:gray:22,accum,5,,,0
rice_B_12,frame_00100.png,frame_00104.png,,,,0,decode失敗,QR未検出,0.566516,0.934835,0.834387,0.007656,,accum_num:accum::5:None:0:None:gray:20,accum,5,,,0
rice_B_12,frame_00115.png,frame_00119.png,rice_B_12/rgb_max_accum_n5_gray/00115-00119-FRAME_rgbmax_scale1.00.png,,,0,decode失敗,QR未検出,0.573961,0.937092,0.837330,0.007372,,accum_num:accum::5:None:0:None:gray:23,accum,5,,,0
rice_B_12,frame_00090.png,frame_00094.png,,,,0,decode失敗,QR未検出,0.565107,0.929681,0.832754,0.008213,,accum_num:accum::5:None:0:None:gray:18,accum,5,,,0
rice_B_12,frame_00095.png,frame_00099.png,,,,0,decode失敗,QR未検出,0.567021,0.927963,0.832978,0.008411,,accum_num:accum::5:None:0:None:gray:19,accum,5,,,0
nagaoka_fireworks_B_4,frame_00075.png,frame_00079.png,,,,0,decode失敗,QR未検出,0.586753,0.709618,0.771227,0.077322,,accum_num:accum::5:None:0:None:gray:15,accum,5,,,0
nagaoka_fireworks_B_4,frame_00045.png,frame_00049.png,,,,0,decode失敗,QR未検出,0.588427,0.689738,0.763205,0.083269,,accum_num:accum::5:None:0:None:gray:9,accum,5,,,0
nagaoka_fireworks_B_4,frame_00015.png,frame_00019.png,,,,0,decode失敗,QR未検出,0.580802,0.715694,0.772429,0.072853,,accum_num:accum::5:None:0:None:gray:3,accum,5,,,0
nagaoka_fireworks_B_4,frame_00000.png,frame_00004.png,,,,0,decode失敗,QR未検出,0.604937,0.688128,0.765667,0.087486,,accum_num:accum::5:None:0:None:gray:0,accum,5,,,0
nagaoka_fireworks_B_4,frame_00010.png,frame_00014.png,,,,0,decode失敗,QR未検出,0.602573,0.673544,0.758575,0.092411,,accum_num:accum::5:None:0:None:gray:2,accum,5,,,0
nagaoka_fireworks_B_4,frame_00035.png,frame_00039.png,,,,0,decode失敗,QR未検出,0.575405,0.725707,0.775174,0.064243,,accum_num:accum::5:None:0:None:gray:7,accum,5,,,0
nagaoka_fireworks_B_4,frame_00030.png,frame_00034.png,nagaoka_fireworks_B_4/rgb_max_accum_n5_gray/00030-00034-FRAME_rgbmax_scale1.00.png,,,0,decode失敗,QR未検出,0.581582,0.737124,0.780866,0.060929,,accum_num:accum::5:None:0:None:gray:6,accum,5,,,0
nagaoka_fireworks_B_4,frame_00050.png,frame_00054.png,,,,0,decode失敗,QR未検出,0.566261,0.719881,0.770972,0.066980,,accum_num:accum::5:None:0:None:gray:10,accum,5,,,0
nagaoka_fireworks_B_4,frame_00060.png,frame_00064.png,,,,0,decode失敗,QR未検出,0.607760,0.678921,0.762013,0.092473,,accum_num:accum::5:None:0:None:gray:12,accum,5,,,0
nagaoka_fireworks_B_4,frame_00025.png,frame_00029.png,,,,0,decode失敗,QR未検出,0.593719,0.720655,0.777155,0.074924,,accum_num:accum::5:None:0:None:gray:5,accum,5,,,0
nagaoka_fireworks_B_4,frame_00070.png,frame_00074.png,,,,0,decode失敗,QR未検出,0.587658,0.710042,0.771587,0.074869,,accum_num:accum::5:None:0:None:gray:14,accum,5,,,0
nagaoka_fireworks_B_4,frame_00005.png,frame_00009.png,,,,0,decode失敗,QR未検出,0.603533,0.687766,0.765236,0.092296,,accum_num:accum::5:None:0:None:gray:1,accum,5,,,0
nagaoka_fireworks_B_4,frame_00055.png,frame_00059.png,,,,0,decode失敗,QR未検出,0.666149,0.552213,0.693956,0.193076,,accum_num:accum::5:None:0:None:gray:11,accum,5,,,0
nagaoka_fireworks_B_4,frame_00020.png,frame_00024.png,,,,0,decode失敗,QR未検出,0.580322,0.725271,0.776077,0.065395,,accum_num:accum::5:None:0:None:gray:4,accum,5,,,0
nagaoka_fireworks_B_4,frame_00065.png,frame_00069.png,,,,0,decode失敗,QR未検出,0.605577,0.666324,0.755706,0.099303,,accum_num:accum::5:None:0:None:gray:13,accum,5,,,0
nagaoka_fireworks_B_4,frame_00040.png,frame_00044.png,,,,0,decode失敗,QR未検出,0.579558,0.709869,0.769840,0.073186,,accum_num:accum::5:None:0:None:gray:8,accum,5,,,0
nagaoka_fireworks_B_4,frame_00080.png,frame_00084.png,,,,0,decode失敗,QR未検出,0.569749,0.732275,0.776408,0.063558,,accum_num:accum::5:None:0:None:gray:16,accum,5,,,0
nagaoka_fireworks_B_4,frame_00095.png,frame_00099.png,,,,0,decode失敗,QR未検出,0.579623,0.695722,0.764039,0.078813,,accum_num:accum::5:None:0:None:gray:19,accum,5,,,0
nagaoka_fireworks_B_4,frame_00090.png,frame_00094.png,,,,0,decode失敗,QR未検出,0.593649,0.693386,0.765796,0.080397,,accum_num:accum::5:None:0:None:gray:18,accum,5,,,0
nagaoka_fireworks_B_4,frame_00085.png,frame_00089.png,,,,0,decode失敗,QR未検出,0.600235,0.686494,0.764039,0.092560,,accum_num:accum::5:None:0:None:gray:17,accum,5,,,0
nagaoka_fireworks_B_4,frame_00100.png,frame_00104.png,,,,0,decode失敗,QR未検出,0.599116,0.694352,0.767285,0.080475,,accum_num:accum::5:None:0:None:gray:20,accum,5,,,0
nagaoka_fireworks_B_4,frame_00105.png,frame_00109.png,,,,0,decode失敗,QR未検出,0.593889,0.696756,0.767294,0.079573,,accum_num:accum::5:None:0:None:gray:21,accum,5,,,0
nagaoka_fireworks_B_4,frame_00110.png,frame_00114.png,,,,0,decode失敗,QR未検出,0.564242,0.734046,0.775836,0.059891,,accum_num:accum::5:None:0:None:gray:22,accum,5,,,0
nagaoka_fireworks_B_4,frame_00115.png,frame_00119.png,,,,0,decode失敗,QR未検出,0.667723,0.565636,0.704108,0.181815,,accum_num:accum::5:None:0:None:gray:23,accum,5,,,0
nagaoka_fireworks_B_8,frame_00045.png,frame_00049.png,,,,0,decode失敗,QR未検出,0.641209,0.918409,0.854422,0.011101,,accum_num:accum::5:None:0:None:gray:9,accum,5,,,0
nagaoka_fireworks_B_8,frame_00000.png,frame_00004.png,,,,0,decode失敗,QR未検出,0.653671,0.915117,0.857502,0.011938,,accum_num:accum::5:None:0:None:gray:0,accum,5,,,0
nagaoka_fireworks_B_8,frame_00020.png,frame_00024.png,,,,0,decode失敗,QR未検出,0.643118,0.910186,0.852816,0.012303,,accum_num:accum::5:None:0:None:gray:4,accum,5,,,0
nagaoka_fireworks_B_8,frame_00055.png,frame_00059.png,,,,0,decode失敗,QR未検出,0.657144,0.920649,0.860116,0.011227,,accum_num:accum::5:None:0:None:gray:11,accum,5,,,0
nagaoka_fireworks_B_8,frame_00030.png,frame_00034.png,,,,0,decode失敗,QR未検出,0.645322,0.910690,0.853649,0.012332,,accum_num:accum::5:None:0:None:gray:6,accum,5,,,0
nagaoka_fireworks_B_8,frame_00075.png,frame_00079.png,,,,0,decode失敗,QR未検出,0.662896,0.903649,0.857213,0.014011,,accum_num:accum::5:None:0:None:gray:15,accum,5,,,0
nagaoka_fireworks_B_8,frame_00035.png,frame_00039.png,,,,0,decode失敗,QR未検出,0.650124,0.909839,0.854931,0.012787,,accum_num:accum::5:None:0:None:gray:7,accum,5,,,0
nagaoka_fireworks_B_8,frame_00015.png,frame_00019.png,,,,0,decode失敗,QR未検出,0.642349,0.908217,0.852037,0.012695,,accum_num:accum::5:None:0:None:gray:3,accum,5,,,0
nagaoka_fireworks_B_8,frame_00010.png,frame_00014.png,,,,0,decode失敗,QR未検出,0.653911,0.915677,0.857731,0.012062,,accum_num:accum::5:None:0:None:gray:2,accum,5,,,0
nagaoka_fireworks_B_8,frame_00005.png,frame_00009.png,,,,0,decode失敗,QR未検出,0.652012,0.912201,0.856177,0.012535,,accum_num:accum::5:None:0:None:gray:1,accum,5,,,0
nagaoka_fireworks_B_8,frame_00065.png,frame_00069.png,,,,0,decode失敗,QR未検出,0.652217,0.915599,0.857171,0.011602,,accum_num:accum::5:None:0:None:gray:13,accum,5,,,0
nagaoka_fireworks_B_8,frame_00025.png,frame_00029.png,,,,0,decode失敗,QR未検出,0.646066,0.905053,0.852337,0.013383,,accum_num:accum::5:None:0:None:gray:5,accum,5,,,0
nagaoka_fireworks_B_8,frame_00070.png,frame_00074.png,,,,0,decode失敗,QR未検出,0.649089,0.918702,0.857015,0.011471,,accum_num:accum::5:None:0:None:gray:14,accum,5,,,0
nagaoka_fireworks_B_8,frame_00050.png,frame_00054.png,,,,0,decode失敗,QR未検出,0.647630,0.911653,0.854641,0.012338,,accum_num:accum::5:None:0:None:gray:10,accum,5,,,0
nagaoka_fireworks_B_8,frame_00060.png,frame_00064.png,,,,0,decode失敗,QR未検出,0.657354,0.913074,0.858109,0.012321,,accum_num:accum::5:None:0:None:gray:12,accum,5,,,0
nagaoka_fireworks_B_8,frame_00040.png,frame_00044.png,,,,0,decode失敗,QR未検出,0.649159,0.909042,0.854408,0.012524,,accum_num:accum::5:None:0:None:gray:8,accum,5,,,0
nagaoka_fireworks_B_8,frame_00080.png,frame_00084.png,,,,0,decode失敗,QR未検出,0.658938,0.915599,0.859307,0.012213,,accum_num:accum::5:None:0:None:gray:16,accum,5,,,0
nagaoka_fireworks_B_8,frame_00085.png,frame_00089.png,,,,0,decode失敗,QR未検出,0.654646,0.907819,0.855797,0.012721,,accum_num:accum::5:None:0:None:gray:17,accum,5,,,0
nagaoka_fireworks_B_8,frame_00090.png,frame_00094.png,,,,0,decode失敗,QR未検出,0.657439,0.908306,0.856812,0.013214,,accum_num:accum::5:None:0:None:gray:18,accum,5,,,0
nagaoka_fireworks_B_8,frame_00105.png,frame_00109.png,,,,0,decode失敗,QR未検出,0.653542,0.911664,0.856513,0.012340,,accum_num:accum::5:None:0:None:gray:21,accum,5,,,0
nagaoka_fireworks_B_8,frame_00110.png,frame_00114.png,,,,0,decode失敗,QR未検出,0.652787,0.911278,0.856168,0.012573,,accum_num:accum::5:None:0:None:gray:22,accum,5,,,0
nagaoka_fireworks_B_8,frame_00095.png,frame_00099.png,,,,0,decode失敗,QR未検出,0.654101,0.910654,0.856411,0.012678,,accum_num:accum::5:None:0:None:gray:19,accum,5,,,0
nagaoka_fireworks_B_8,frame_00100.png,frame_00104.png,,,,0,decode失敗,QR未検出,0.656265,0.906009,0.855801,0.013623,,accum_num:accum::5:None:0:None:gray:20,accum,5,,,0
nagaoka_fireworks_B_8,frame_00115.png,frame_00119.png,nagaoka_fireworks_B_8/rgb_max_accum_n5_gray/00115-00119-FRAME_rgbmax_scale1.00.png,,,0,decode失敗,QR未検出,0.667578,0.916317,0.862254,0.012025,,accum_num:accum::5:None:0:None:gray:23,accum,5,,,0
nagaoka_fireworks_B_12,frame_00015.png,frame_00019.png,,,,0,decode失敗,QR未検出,0.712395,0.939171,0.883138,0.008714,,accum_num:accum::5:None:0:None:gray:3,accum,5,,,0
nagaoka_fireworks_B_12,frame_00035.png,frame_00039.png,,,,0,decode失敗,QR未検出,0.708087,0.940568,0.882119,0.008500,,accum_num:accum::5:None:0:None:gray:7,accum,5,,,0
nagaoka_fireworks_B_12,frame_00050.png,frame_00054.png,,,,0,decode失敗,QR未検出,0.709846,0.941667,0.883005,0.008345,,accum_num:accum::5:None:0:None:gray:10,accum,5,,,0
nagaoka_fireworks_B_12,frame_00010.png,frame_00014.png,,,,0,decode失敗,QR未検出,0.712979,0.940598,0.883733,0.008546,,accum_num:accum::5:None:0:None:gray:2,accum,5,,,0
nagaoka_fireworks_B_12,frame_00025.png,frame_00029.png,,,,0,decode失敗,QR未検出,0.713009,0.941948,0.884123,0.008311,,accum_num:accum::5:None:0:None:gray:5,accum,5,,,0
nagaoka_fireworks_B_12,frame_00040.png,frame_00044.png,,,,0,decode失敗,QR未検出,0.705629,0.936339,0.880127,0.009100,,accum_num:accum::5:None:0:None:gray:8,accum,5,,,0
nagaoka_fireworks_B_12,frame_00045.png,frame_00049.png,,,,0,decode失敗,QR未検出,0.711580,0.939644,0.883005,0.008730,,accum_num:accum::5:None:0:None:gray:9,accum,5,,,0
nagaoka_fireworks_B_12,frame_00065.png,frame_00069.png,,,,0,decode失敗,QR未検出,0.710526,0.938153,0.882238,0.008946,,accum_num:accum::5:None:0:None:gray:13,accum,5,,,0
nagaoka_fireworks_B_12,frame_00055.png,frame_00059.png,,,,0,decode失敗,QR未検出,0.713569,0.944583,0.885047,0.007936,,accum_num:accum::5:None:0:None:gray:11,accum,5,,,0
nagaoka_fireworks_B_12,frame_00075.png,frame_00079.png,,,,0,decode失敗,QR未検出,0.712530,0.938335,0.882945,0.008955,,accum_num:accum::5:None:0:None:gray:15,accum,5,,,0
nagaoka_fireworks_B_12,frame_00060.png,frame_00064.png,,,,0,decode失敗,QR未検出,0.716257,0.938661,0.884258,0.008868,,accum_num:accum::5:None:0:None:gray:12,accum,5,,,0
nagaoka_fireworks_B_12,frame_00020.png,frame_00024.png,,,,0,decode失敗,QR未検出,0.714009,0.939609,0.883790,0.008794,,accum_num:accum::5:None:0:None:gray:4,accum,5,,,0
nagaoka_fireworks_B_12,frame_00005.png,frame_00009.png,,,,0,decode失敗,QR未検出,0.711695,0.940100,0.883171,0.008574,,accum_num:accum::5:None:0:None:gray:1,accum,5,,,0
nagaoka_fireworks_B_12,frame_00070.png,frame_00074.png,,,,0,decode失敗,QR未検出,0.707358,0.939643,0.881621,0.008621,,accum_num:accum::5:None:0:None:gray:14,accum,5,,,0
nagaoka_fireworks_B_12,frame_00000.png,frame_00004.png,,,,0,decode失敗,QR未検出,0.712225,0.942068,0.883899,0.008499,,accum_num:accum::5:None:0:None:gray:0,accum,5,,,0
nagaoka_fireworks_B_12,frame_00030.png,frame_00034.png,,,,0,decode失敗,QR未検出,0.712130,0.941016,0.883572,0.008494,,accum_num:accum::5:None:0:None:gray:6,accum,5,,,0
nagaoka_fireworks_B_12,frame_00085.png,frame_00089.png,,,,0,decode失敗,QR未検出,0.711665,0.937431,0.882406,0.008985,,accum_num:accum::5:None:0:None:gray:17,accum,5,,,0
nagaoka_fireworks_B_12,frame_00080.png,frame_00084.png,,,,0,decode失敗,QR未検出,0.713224,0.939373,0.883467,0.008794,,accum_num:accum::5:None:0:None:gray:16,accum,5,,,0
nagaoka_fireworks_B_12,frame_00090.png,frame_00094.png,,,,0,decode失敗,QR未検出,0.714428,0.936227,0.882966,0.009296,,accum_num:accum::5:None:0:None:gray:18,accum,5,,,0
nagaoka_fireworks_B_12,frame_00110.png,frame_00114.png,,,,0,decode失敗,QR未検出,0.712869,0.938128,0.882998,0.008893,,accum_num:accum::5:None:0:None:gray:22,accum,5,,,0
nagaoka_fireworks_B_12,frame_00105.png,frame_00109.png,,,,0,decode失敗,QR未検出,0.714868,0.938703,0.883815,0.008848,,accum_num:accum::5:None:0:None:gray:21,accum,5,,,0
nagaoka_fireworks_B_12,frame_00100.png,frame_00104.png,,,,0,decode失敗,QR未検出,0.710371,0.938686,0.882338,0.008806,,accum_num:accum::5:None:0:None:gray:20,accum,5,,,0
nagaoka_fireworks_B_12,frame_00095.png,frame_00099.png,,,,0,decode失敗,QR未検出,0.712715,0.940509,0.883621,0.008545,,accum_num:accum::5:None:0:None:gray:19,accum,5,,,0
nagaoka_fireworks_B_12,frame_00115.png,frame_00119.png,nagaoka_fireworks_B_12/rgb_max_accum_n5_gray/00115-00119-FRAME_rgbmax_scale1.00.png,,,0,decode失敗,QR未検出,0.712800,0.946287,0.885269,0.007729,,accum_num:accum::5:None:0:None:gray:23,accum,5,,,0
hocho_B_4,frame_00065.png,frame_00069.png,,,,0,decode失敗,QR未検出,0.409634,0.436590,0.608182,0.223712,,accum_num:accum::5:None:0:None:gray:13,accum,5,,,0
hocho_B_4,frame_00075.png,frame_00079.png,,,,0,decode失敗,QR未検出,0.442039,0.452276,0.617182,0.237636,,accum_num:accum::5:None:0:None:gray:15,accum,5,,,0
hocho_B_4,frame_00055.png,frame_00059.png,,,,0,decode失敗,QR未検出,0.470006,0.457733,0.619454,0.246411,,accum_num:accum::5:None:0:None:gray:11,accum,5,,,0
hocho_B_4,frame_00010.png,frame_00014.png,hocho_B_4/rgb_max_accum_n5_gray/00010-00014-FRAME_rgbmax_scale1.00.png,,,0,decode失敗,QR未検出,0.439860,0.472091,0.631637,0.210508,,accum_num:accum::5:None:0:None:gray:2,accum,5,,,0
hocho_B_4,frame_00035.png,frame_00039.png,,,,0,decode失敗,QR未検出,0.449684,0.455386,0.618995,0.229729,,accum_num:accum::5:None:0:None:gray:7,accum,5,,,0
hocho_B_4,frame_00025.png,frame_00029.png,,,,0,decode失敗,QR未検出,0.484692,0.462210,0.622096,0.250782,,accum_num:accum::5:None:0:None:gray:5,accum,5,,,0
hocho_B_4,frame_00050.png,frame_00054.png,,,,0,decode失敗,QR未検出,0.450154,0.470374,0.629992,0.225878,,accum_num:accum::5:None:0:None:gray:10,accum,5,,,0
hocho_B_4,frame_00030.png,frame_00034.png,,,,0,decode失敗,QR未検出,0.441454,0.461159,0.623808,0.216666,,accum_num:accum::5:None:0:None:gray:6,accum,5,,,0
hocho_B_4,frame_00000.png,frame_00004.png,,,,0,decode失敗,QR未検出,0.446856,0.464348,0.625821,0.225278,,accum_num:accum::5:None:0:None:gray:0,accum,5,,,0
hocho_B_4,frame_00015.png,frame_00019.png,,,,0,decode失敗,QR未検出,0.464834,0.459501,0.621156,0.236748,,accum_num:accum::5:None:0:None:gray:3,accum,5,,,0
hocho_B_4,frame_00045.png,frame_00049.png,,,,0,decode失敗,QR未検出,0.458963,0.451119,0.615020,0.249527,,accum_num:accum::5:None:0:None:gray:9,accum,5,,,0
hocho_B_4,frame_00020.png,frame_00024.png,,,,0,decode失敗,QR未検出,0.423935,0.463683,0.626594,0.209552,,accum_num:accum::5:None:0:None:gray:4,accum,5,,,0
hocho_B_4,frame_00060.png,frame_00064.png,,,,0,decode失敗,QR未検出,0.455230,0.431345,0.599105,0.260720,,accum_num:accum::5:None:0:None:gray:12,accum,5,,,0
hocho_B_4,frame_00070.png,frame_00074.png,,,,0,decode失敗,QR未検出,0.448949,0.454564,0.618421,0.236610,,accum_num:accum::5:None:0:None:gray:14,accum,5,,,0
hocho_B_4,frame_00040.png,frame_00044.png,,,,0,decode失敗,QR未検出,0.504800,0.454489,0.614448,0.265966,,accum_num:accum::5:None:0:None:gray:8,accum,5,,,0
hocho_B_4,frame_00005.png,frame_00009.png,,,,0,decode失敗,QR未検出,0.443673,0.451828,0.616721,0.228537,,accum_num:accum::5:None:0:None:gray:1,accum,5,,,0
hocho_B_4,frame_00090.png,frame_00094.png,,,,0,decode失敗,QR未検出,0.465074,0.465621,0.625800,0.229187,,accum_num:accum::5:None:0:None:gray:18,accum,5,,,0
hocho_B_4,frame_00095.png,frame_00099.png,,,,0,decode失敗,QR未検出,0.447585,0.450471,0.615384,0.229245,,accum_num:accum::5:None:0:None:gray:19,accum,5,,,0
hocho_B_4,frame_00085.png,frame_00089.png,,,,0,decode失敗,QR未検出,0.415830,0.456823,0.622323,0.213470,,accum_num:accum::5:None:0:None:gray:17,accum,5,,,0
hocho_B_4,frame_00110.png,frame_00114.png,,,,0,decode失敗,QR未検出,0.460752,0.473187,0.631563,0.227777,,accum_num:accum::5:None:0:None:gray:22,accum,5,,,0
hocho_B_4,frame_00105.png,frame_00109.png,,,,0,decode失敗,QR未検出,0.462436,0.456827,0.619242,0.232886,,accum_num:accum::5:None:0:None:gray:21,accum,5,,,0
hocho_B_4,frame_00080.png,frame_00084.png,,,,0,decode失敗,QR未検出,0.448800,0.458168,0.621151,0.224379,,accum_num:accum::5:None:0:None:gray:16,accum,5,,,0
hocho_B_4,frame_00115.png,frame_00119.png,,,,0,decode失敗,QR未検出,0.575760,0.428677,0.582761,0.341981,,accum_num:accum::5:None:0:None:gray:23,accum,5,,,0
hocho_B_4,frame_00100.png,frame_00104.png,,,,0,decode失敗,QR未検出,0.426933,0.469221,0.630235,0.213379,,accum_num:accum::5:None:0:None:gray:20,accum,5,,,0
hocho_B_8,frame_00015.png,frame_00019.png,,,,0,decode失敗,QR未検出,0.557282,0.562348,0.693116,0.169106,,accum_num:accum::5:None:0:None:gray:3,accum,5,,,0
hocho_B_8,frame_00020.png,frame_00024.png,,,,0,decode失敗,QR未検出,0.573666,0.569187,0.698680,0.171739,,accum_num:accum::5:None:0:None:gray:4,accum,5,,,0
hocho_B_8,frame_00005.png,frame_00009.png,,,,0,decode失敗,QR未検出,0.551066,0.569045,0.696672,0.149026,,accum_num:accum::5:None:0:None:gray:1,accum,5,,,0
hocho_B_8,frame_00025.png,frame_00029.png,,,,0,decode失敗,QR未検出,0.587643,0.563998,0.696544,0.177035,,accum_num:accum::5:None:0:None:gray:5,accum,5,,,0
hocho_B_8,frame_00070.png,frame_00074.png,hocho_B_8/rgb_max_accum_n5_gray/00070-00074-FRAME_rgbmax_scale1.00.png,,,0,decode失敗,QR未検出,0.560675,0.578192,0.702946,0.165173,,accum_num:accum::5:None:0:None:gray:14,accum,5,,,0
hocho_B_8,frame_00075.png,frame_00079.png,,,,0,decode失敗,QR未検出,0.606281,0.552816,0.690411,0.183545,,accum_num:accum::5:None:0:None:gray:15,accum,5,,,0
hocho_B_8,frame_00065.png,frame_00069.png,,,,0,decode失敗,QR未検出,0.542561,0.568973,0.695907,0.154927,,accum_num:accum::5:None:0:None:gray:13,accum,5,,,0
hocho_B_8,frame_00055.png,frame_00059.png,,,,0,decode失敗,QR未検出,0.592005,0.552025,0.688919,0.191502,,accum_num:accum::5:None:0:None:gray:11,accum,5,,,0
hocho_B_8,frame_00060.png,frame_00064.png,,,,0,decode失敗,QR未検出,0.604777,0.541075,0.681999,0.201252,,accum_num:accum::5:None:0:None:gray:12,accum,5,,,0
hocho_B_8,frame_00035.png,frame_00039.png,,,,0,decode失敗,QR未検出,0.567965,0.563382,0.694595,0.165285,,accum_num:accum::5:None:0:None:gray:7,accum,5,,,0
hocho_B_8,frame_00010.png,frame_00014.png,,,,0,decode失敗,QR未検出,0.571023,0.551307,0.687063,0.181776,,accum_num:accum::5:None:0:None:gray:2,accum,5,,,0
hocho_B_8,frame_00000.png,frame_00004.png,,,,0,decode失敗,QR未検出,0.569554,0.550199,0.686238,0.176686,,accum_num:accum::5:None:0:None:gray:0,accum,5,,,0
hocho_B_8,frame_00045.png,frame_00049.png,,,,0,decode失敗,QR未検出,0.592345,0.563139,0.696357,0.181661,,accum_num:accum::5:None:0:None:gray:9,accum,5,,,0
hocho_B_8,frame_00030.png,frame_00034.png,,,,0,decode失敗,QR未検出,0.560230,0.563507,0.694063,0.161930,,accum_num:accum::5:None:0:None:gray:6,accum,5,,,0
hocho_B_8,frame_00050.png,frame_00054.png,,,,0,decode失敗,QR未検出,0.576115,0.566143,0.696983,0.166040,,accum_num:accum::5:None:0:None:gray:10,accum,5,,,0
hocho_B_8,frame_00040.png,frame_00044.png,,,,0,decode失敗,QR未検出,0.579263,0.560642,0.693725,0.172076,,accum_num:accum::5:None:0:None:gray:8,accum,5,,,0
hocho_B_8,frame_00095.png,frame_00099.png,,,,0,decode失敗,QR未検出,0.609019,0.547921,0.687148,0.200008,,accum_num:accum::5:None:0:None:gray:19,accum,5,,,0
hocho_B_8,frame_00100.png,frame_00104.png,,,,0,decode失敗,QR未検出,0.589606,0.548194,0.686148,0.187152,,accum_num:accum::5:None:0:None:gray:20,accum,5,,,0
hocho_B_8,frame_00090.png,frame_00094.png,,,,0,decode失敗,QR未検出,0.581062,0.563268,0.695554,0.174032,,accum_num:accum::5:None:0:None:gray:18,accum,5,,,0
hocho_B_8,frame_00080.png,frame_00084.png,,,,0,decode失敗,QR未検出,0.589017,0.557628,0.692476,0.180394,,accum_num:accum::5:None:0:None:gray:16,accum,5,,,0
hocho_B_8,frame_00105.png,frame_00109.png,,,,0,decode失敗,QR未検出,0.564262,0.571366,0.699204,0.156001,,accum_num:accum::5:None:0:None:gray:21,accum,5,,,0
hocho_B_8,frame_00110.png,frame_00114.png,,,,0,decode失敗,QR未検出,0.566596,0.565328,0.695699,0.169299,,accum_num:accum::5:None:0:None:gray:22,accum,5,,,0
hocho_B_8,frame_00085.png,frame_00089.png,,,,0,decode失敗,QR未検出,0.567091,0.564254,0.695071,0.168471,,accum_num:accum::5:None:0:None:gray:17,accum,5,,,0
hocho_B_8,frame_00115.png,frame_00119.png,,,,0,decode失敗,QR未検出,0.574151,0.536371,0.677112,0.198676,,accum_num:accum::5:None:0:None:gray:23,accum,5,,,0
hocho_B_12,frame_00015.png,frame_00019.png,,,,0,decode失敗,QR未検出,0.518881,0.910024,0.813571,0.011486,,accum_num:accum::5:None:0:None:gray:3,accum,5,,,0
hocho_B_12,frame_00020.png,frame_00024.png,,,,0,decode失敗,QR未検出,0.520969,0.914994,0.815319,0.011071,,accum_num:accum::5:None:0:None:gray:4,accum,5,,,0
hocho_B_12,frame_00000.png,frame_00004.png,,,,0,decode失敗,QR未検出,0.563933,0.908416,0.827402,0.012699,,accum_num:accum::5:None:0:None:gray:0,accum,5,,,0
hocho_B_12,frame_00035.png,frame_00039.png,,,,0,decode失敗,QR未検出,0.542266,0.919818,0.823171,0.011107,,accum_num:accum::5:None:0:None:gray:7,accum,5,,,0
hocho_B_12,frame_00060.png,frame_00064.png,,,,0,decode失敗,QR未検出,0.537509,0.907105,0.818783,0.012402,,accum_num:accum::5:None:0:None:gray:12,accum,5,,,0
hocho_B_12,frame_00075.png,frame_00079.png,,,,0,decode失敗,QR未検出,0.539783,0.911895,0.820592,0.011856,,accum_num:accum::5:None:0:None:gray:15,accum,5,,,0
hocho_B_12,frame_00045.png,frame_00049.png,,,,0,decode失敗,QR未検出,0.525322,0.922630,0.818365,0.009957,,accum_num:accum::5:None:0:None:gray:9,accum,5,,,0
hocho_B_12,frame_00010.png,frame_00014.png,,,,0,decode失敗,QR未検出,0.531713,0.914552,0.818633,0.010999,,accum_num:accum::5:None:0:None:gray:2,accum,5,,,0
hocho_B_12,frame_00065.png,frame_00069.png,,,,0,decode失敗,QR未検出,0.528490,0.913420,0.817359,0.010944,,accum_num:accum::5:None:0:None:gray:13,accum,5,,,0
hocho_B_12,frame_00030.png,frame_00034.png,,,,0,decode失敗,QR未検出,0.520470,0.918064,0.815826,0.010318,,accum_num:accum::5:None:0:None:gray:6,accum,5,,,0
hocho_B_12,frame_00055.png,frame_00059.png,,,,0,decode失敗,QR未検出,0.555288,0.900828,0.822877,0.013436,,accum_num:accum::5:None:0:None:gray:11,accum,5,,,0
hocho_B_12,frame_00040.png,frame_00044.png,,,,0,decode失敗,QR未検出,0.514888,0.916940,0.813805,0.010307,,accum_num:accum::5:None:0:None:gray:8,accum,5,,,0
hocho_B_12,frame_00050.png,frame_00054.png,,,,0,decode失敗,QR未検出,0.509866,0.917500,0.812325,0.010346,,accum_num:accum::5:None:0:None:gray:10,accum,5,,,0
hocho_B_12,frame_00025.png,frame_00029.png,,,,0,decode失敗,QR未検出,0.537754,0.909051,0.819304,0.011816,,accum_num:accum::5:None:0:None:gray:5,accum,5,,,0
hocho_B_12,frame_00005.png,frame_00009.png,,,,0,decode失敗,QR未検出,0.508042,0.909036,0.809938,0.010997,,accum_num:accum::5:None:0:None:gray:1,accum,5,,,0
hocho_B_12,frame_00070.png,frame_00074.png,,,,0,decode失敗,QR未検出,0.558421,0.911660,0.826433,0.012316,,accum_num:accum::5:None:0:None:gray:14,accum,5,,,0
hocho_B_12,frame_00090.png,frame_00094.png,hocho_B_12/rgb_max_accum_n5_gray/00090-00094-FRAME_rgbmax_scale1.00.png,,,0,decode失敗,QR未検出,0.566746,0.906881,0.827918,0.012624,,accum_num:accum::5:None:0:None:gray:18,accum,5,,,0
hocho_B_12,frame_00080.png,frame_00084.png,,,,0,decode失敗,QR未検出,0.506289,0.922719,0.812278,0.009165,,accum_num:accum::5:None:0:None:gray:16,accum,5,,,0
hocho_B_12,frame_00100.png,frame_00104.png,,,,0,decode失敗,QR未検出,0.512330,0.921336,0.813924,0.010089,,accum_num:accum::5:None:0:None:gray:20,accum,5,,,0
hocho_B_12,frame_00085.png,frame_00089.png,,,,0,decode失敗,QR未検出,0.543875,0.916210,0.822870,0.011180,,accum_num:accum::5:None:0:None:gray:17,accum,5,,,0
hocho_B_12,frame_00105.png,frame_00109.png,,,,0,decode失敗,QR未検出,0.548717,0.910132,0.823010,0.012454,,accum_num:accum::5:None:0:None:gray:21,accum,5,,,0
hocho_B_12,frame_00110.png,frame_00114.png,,,,0,decode失敗,QR未検出,0.536894,0.911858,0.819670,0.010887,,accum_num:accum::5:None:0:None:gray:22,accum,5,,,0
hocho_B_12,frame_00115.png,frame_00119.png,,,,0,decode失敗,QR未検出,0.530139,0.924816,0.820386,0.009724,,accum_num:accum::5:None:0:None:gray:23,accum,5,,,0
hocho_B_12,frame_00095.png,frame_00099.png,,,,0,decode失敗,QR未検出,0.545619,0.909827,0.821962,0.012203,,accum_num:accum::5:None:0:None:gray:19,accum,5,,,0
ex_B_4,frame_00040.png,frame_00044.png,,,,0,decode失敗,QR未検出,0.691043,0.707855,0.791952,0.163255,,accum_num:accum::5:None:0:None:gray:8,accum,5,,,0
ex_B_4,frame_00055.png,frame_00059.png,,,,0,decode失敗,QR未検出,0.697799,0.685623,0.782148,0.174495,,accum_num:accum::5:None:0:None:gray:11,accum,5,,,0
ex_B_4,frame_00010.png,frame_00014.png,,,,0,decode失敗,QR未検出,0.690344,0.728216,0.801356,0.148298,,accum_num:accum::5:None:0:None:gray:2,accum,5,,,0
ex_B_4,frame_00060.png,frame_00064.png,,,,0,decode失敗,QR未検出,0.676187,0.706557,0.788283,0.166784,,accum_num:accum::5:None:0:None:gray:12,accum,5,,,0
ex_B_4,frame_00070.png,frame_00074.png,,,,0,decode失敗,QR未検出,0.691288,0.682617,0.779359,0.183704,,accum_num:accum::5:None:0:None:gray:14,accum,5,,,0
ex_B_4,frame_00025.png,frame_00029.png,,,,0,decode失敗,QR未検出,0.681479,0.701054,0.786715,0.164210,,accum_num:accum::5:None:0:None:gray:5,accum,5,,,0
ex_B_4,frame_00015.png,frame_00019.png,,,,0,decode失敗,QR未検出,0.683638,0.702491,0.787847,0.172064,,accum_num:accum::5:None:0:None:gray:3,accum,5,,,0
ex_B_4,frame_00045.png,frame_00049.png,,,,0,decode失敗,QR未検出,0.707108,0.692705,0.787606,0.183660,,accum_num:accum::5:None:0:None:gray:9,accum,5,,,0
ex_B_4,frame_00000.png,frame_00004.png,,,,0,decode失敗,QR未検出,0.697479,0.708889,0.793779,0.163292,,accum_num:accum::5:None:0:None:gray:0,accum,5,,,0
ex_B_4,frame_00065.png,frame_00069.png,,,,0,decode失敗,QR未検出,0.676412,0.733510,0.800646,0.128884,,accum_num:accum::5:None:0:None:gray:13,accum,5,,,0
ex_B_4,frame_00075.png,frame_00079.png,,,,0,decode失敗,QR未検出,0.684512,0.723728,0.798035,0.145403,,accum_num:accum::5:None:0:None:gray:15,accum,5,,,0
ex_B_4,frame_00050.png,frame_00054.png,,,,0,decode失敗,QR未検出,0.677741,0.725132,0.797204,0.148269,,accum_num:accum::5:None:0:None:gray:10,accum,5,,,0
ex_B_4,frame_00030.png,frame_00034.png,,,,0,decode失敗,QR未検出,0.703790,0.680340,0.780493,0.171428,,accum_num:accum::5:None:0:None:gray:6,accum,5,,,0
ex_B_4,frame_00005.png,frame_00009.png,,,,0,decode失敗,QR未検出,0.662001,0.756510,0.807041,0.125222,,accum_num:accum::5:None:0:None:gray:1,accum,5,,,0
ex_B_4,frame_00035.png,frame_00039.png,,,,0,decode失敗,QR未検出,0.659938,0.750965,0.804296,0.114338,,accum_num:accum::5:None:0:None:gray:7,accum,5,,,0
ex_B_4,frame_00020.png,frame_00024.png,ex_B_4/rgb_max_accum_n5_gray/00020-00024-FRAME_rgbmax_scale1.00.png,,,0,decode失敗,QR未検出,0.633344,0.780631,0.809295,0.102862,,accum_num:accum::5:None:0:None:gray:4,accum,5,,,0
ex_B_4,frame_00085.png,frame_00089.png,,,,0,decode失敗,QR未検出,0.658778,0.714712,0.788444,0.149688,,accum_num:accum::5:None:0:None:gray:17,accum,5,,,0
ex_B_4,frame_00095.png,frame_00099.png,,,,0,decode失敗,QR未検出,0.653741,0.745819,0.800742,0.130312,,accum_num:accum::5:None:0:None:gray:19,accum,5,,,0
ex_B_4,frame_00110.png,frame_00114.png,,,,0,decode失敗,QR未検出,0.673049,0.713509,0.790890,0.143161,,accum_num:accum::5:None:0:None:gray:22,accum,5,,,0
ex_B_4,frame_00090.png,frame_00094.png,,,,0,decode失敗,QR未検出,0.693127,0.700382,0.788722,0.167716,,accum_num:accum::5:None:0:None:gray:18,accum,5,,,0
ex_B_4,frame_00100.png,frame_00104.png,,,,0,decode失敗,QR未検出,0.660507,0.740377,0.800025,0.124829,,accum_num:accum::5:None:0:None:gray:20,accum,5,,,0
ex_B_4,frame_00105.png,frame_00109.png,,,,0,decode失敗,QR未検出,0.702766,0.724352,0.802280,0.148676,,accum_num:accum::5:None:0:None:gray:21,accum,5,,,0
ex_B_4,frame_00080.png,frame_00084.png,,,,0,decode失敗,QR未検出,0.668497,0.732608,0.798489,0.128979,,accum_num:accum::5:None:0:None:gray:16,accum,5,,,0
ex_B_4,frame_00115.png,frame_00119.png,,,,0,decode失敗,QR未検出,0.669801,0.741000,0.802404,0.134163,,accum_num:accum::5:None:0:None:gray:23,accum,5,,,0
ex_B_8,frame_00020.png,frame_00024.png,,,,0,decode失敗,QR未検出,0.652227,0.926407,0.860084,0.009993,,accum_num:accum::5:None:0:None:gray:4,accum,5,,,0
ex_B_8,frame_00070.png,frame_00074.png,,,,0,decode失敗,QR未検出,0.657964,0.926493,0.861956,0.010025,,accum_num:accum::5:None:0:None:gray:14,accum,5,,,0
ex_B_8,frame_00000.png,frame_00004.png,,,,0,decode失敗,QR未検出,0.658394,0.929721,0.862959,0.009605,,accum_num:accum::5:None:0:None:gray:0,accum,5,,,0
ex_B_8,frame_00055.png,frame_00059.png,,,,0,decode失敗,QR未検出,0.654271,0.929435,0.861549,0.009553,,accum_num:accum::5:None:0:None:gray:11,accum,5,,,0
ex_B_8,frame_00005.png,frame_00009.png,,,,0,decode失敗,QR未検出,0.659298,0.929876,0.863293,0.009549,,accum_num:accum::5:None:0:None:gray:1,accum,5,,,0
ex_B_8,frame_00035.png,frame_00039.png,,,,0,decode失敗,QR未検出,0.663116,0.926168,0.863529,0.010104,,accum_num:accum::5:None:0:None:gray:7,accum,5,,,0
ex_B_8,frame_00065.png,frame_00069.png,,,,0,decode失敗,QR未検出,0.651588,0.929774,0.860770,0.009428,,accum_num:accum::5:None:0:None:gray:13,accum,5,,,0
ex_B_8,frame_00060.png,frame_00064.png,,,,0,decode失敗,QR未検出,0.654831,0.926848,0.861041,0.009806,,accum_num:accum::5:None:0:None:gray:12,accum,5,,,0
ex_B_8,frame_00075.png,frame_00079.png,,,,0,decode失敗,QR未検出,0.656480,0.932301,0.863024,0.009032,,accum_num:accum::5:None:0:None:gray:15,accum,5,,,0
ex_B_8,frame_00025.png,frame_00029.png,,,,0,decode失敗,QR未検出,0.659348,0.928814,0.863025,0.009642,,accum_num:accum::5:None:0:None:gray:5,accum,5,,,0
ex_B_8,frame_00010.png,frame_00014.png,,,,0,decode失敗,QR未検出,0.651253,0.929456,0.860577,0.009435,,accum_num:accum::5:None:0:None:gray:2,accum,5,,,0
ex_B_8,frame_00030.png,frame_00034.png,ex_B_8/rgb_max_accum_n5_gray/00030-00034-FRAME_rgbmax_scale1.00.png,,,0,decode失敗,QR未検出,0.666044,0.928127,0.865004,0.009800,,accum_num:accum::5:None:0:None:gray:6,accum,5,,,0
ex_B_8,frame_00050.png,frame_00054.png,,,,0,decode失敗,QR未検出,0.654661,0.929105,0.861587,0.009677,,accum_num:accum::5:None:0:None:gray:10,accum,5,,,0
ex_B_8,frame_00045.png,frame_00049.png,,,,0,decode失敗,QR未検出,0.656300,0.928507,0.861958,0.009705,,accum_num:accum::5:None:0:None:gray:9,accum,5,,,0
ex_B_8,frame_00040.png,frame_00044.png,,,,0,decode失敗,QR未検出,0.654536,0.933236,0.862639,0.008925,,accum_num:accum::5:None:0:None:gray:8,accum,5,,,0
ex_B_8,frame_00015.png,frame_00019.png,,,,0,decode失敗,QR未検出,0.659378,0.924477,0.861869,0.010385,,accum_num:accum::5:None:0:None:gray:3,accum,5,,,0
ex_B_8,frame_00095.png,frame_00099.png,,,,0,decode失敗,QR未検出,0.655710,0.928980,0.861893,0.009598,,accum_num:accum::5:None:0:None:gray:19,accum,5,,,0
ex_B_8,frame_00085.png,frame_00089.png,,,,0,decode失敗,QR未検出,0.659813,0.929011,0.863228,0.009651,,accum_num:accum::5:None:0:None:gray:17,accum,5,,,0
ex_B_8,frame_00105.png,frame_00109.png,,,,0,decode失敗,QR未検出,0.651668,0.929405,0.860698,0.009583,,accum_num:accum::5:None:0:None:gray:21,accum,5,,,0
ex_B_8,frame_00090.png,frame_00094.png,,,,0,decode失敗,QR未検出,0.654456,0.932823,0.862504,0.009007,,accum_num:accum::5:None:0:None:gray:18,accum,5,,,0
ex_B_8,frame_00100.png,frame_00104.png,,,,0,decode失敗,QR未検出,0.643973,0.933687,0.859321,0.008776,,accum_num:accum::5:None:0:None:gray:20,accum,5,,,0
ex_B_8,frame_00080.png,frame_00084.png,,,,0,decode失敗,QR未検出,0.661896,0.924181,0.862598,0.010324,,accum_num:accum::5:None:0:None:gray:16,accum,5,,,0
ex_B_8,frame_00110.png,frame_00114.png,,,,0,decode失敗,QR未検出,0.661067,0.926858,0.863055,0.010054,,accum_num:accum::5:None:0:None:gray:22,accum,5,,,0
ex_B_8,frame_00115.png,frame_00119.png,,,,0,decode失敗,QR未検出,0.659998,0.929383,0.863387,0.009573,,accum_num:accum::5:None:0:None:gray:23,accum,5,,,0
ex_B_12,frame_00030.png,frame_00034.png,,,,0,decode失敗,QR未検出,0.686231,0.959458,0.879980,0.005475,,accum_num:accum::5:None:0:None:gray:6,accum,5,,,0
ex_B_12,frame_00060.png,frame_00064.png,,,,0,decode失敗,QR未検出,0.683253,0.958360,0.878695,0.005606,,accum_num:accum::5:None:0:None:gray:12,accum,5,,,0
ex_B_12,frame_00015.png,frame_00019.png,,,,0,decode失敗,QR未検出,0.688025,0.957937,0.880183,0.005705,,accum_num:accum::5:None:0:None:gray:3,accum,5,,,0
ex_B_12,frame_00070.png,frame_00074.png,,,,0,decode失敗,QR未検出,0.682983,0.959488,0.878898,0.005445,,accum_num:accum::5:None:0:None:gray:14,accum,5,,,0
ex_B_12,frame_00010.png,frame_00014.png,,,,0,decode失敗,QR未検出,0.686046,0.957146,0.879313,0.005800,,accum_num:accum::5:None:0:None:gray:2,accum,5,,,0
ex_B_12,frame_00000.png,frame_00004.png,,,,0,decode失敗,QR未検出,0.681744,0.955413,0.877422,0.006007,,accum_num:accum::5:None:0:None:gray:0,accum,5,,,0
ex_B_12,frame_00040.png,frame_00044.png,,,,0,decode失敗,QR未検出,0.685846,0.958264,0.879539,0.005640,,accum_num:accum::5:None:0:None:gray:8,accum,5,,,0
ex_B_12,frame_00020.png,frame_00024.png,,,,0,decode失敗,QR未検出,0.682294,0.959469,0.878662,0.005442,,accum_num:accum::5:None:0:None:gray:4,accum,5,,,0
ex_B_12,frame_00005.png,frame_00009.png,,,,0,decode失敗,QR未検出,0.686041,0.958382,0.879635,0.005625,,accum_num:accum::5:None:0:None:gray:1,accum,5,,,0
ex_B_12,frame_00065.png,frame_00069.png,,,,0,decode失敗,QR未検出,0.688120,0.956831,0.879924,0.005862,,accum_num:accum::5:None:0:None:gray:13,accum,5,,,0
ex_B_12,frame_00055.png,frame_00059.png,,,,0,decode失敗,QR未検出,0.680939,0.956188,0.877355,0.005891,,accum_num:accum::5:None:0:None:gray:11,accum,5,,,0
ex_B_12,frame_00050.png,frame_00054.png,,,,0,decode失敗,QR未検出,0.675088,0.956955,0.875598,0.005734,,accum_num:accum::5:None:0:None:gray:10,accum,5,,,0
ex_B_12,frame_00045.png,frame_00049.png,,,,0,decode失敗,QR未検出,0.675578,0.957216,0.875829,0.005702,,accum_num:accum::5:None:0:None:gray:9,accum,5,,,0
ex_B_12,frame_00025.png,frame_00029.png,,,,0,decode失敗,QR未検出,0.687830,0.957699,0.880055,0.005737,,accum_num:accum::5:None:0:None:gray:5,accum,5,,,0
ex_B_12,frame_00035.png,frame_00039.png,,,,0,decode失敗,QR未検出,0.687230,0.956758,0.879607,0.005865,,accum_num:accum::5:None:0:None:gray:7,accum,5,,,0
ex_B_12,frame_00075.png,frame_00079.png,,,,0,decode失敗,QR未検出,0.685112,0.956056,0.878715,0.005946,,accum_num:accum::5:None:0:None:gray:15,accum,5,,,0
ex_B_12,frame_00080.png,frame_00084.png,,,,0,decode失敗,QR未検出,0.687385,0.954775,0.879136,0.006148,,accum_num:accum::5:None:0:None:gray:16,accum,5,,,0
ex_B_12,frame_00100.png,frame_00104.png,ex_B_12/rgb_max_accum_n5_gray/00100-00104-FRAME_rgbmax_scale1.00.png,,,0,decode失敗,QR未検出,0.696010,0.956090,0.882364,0.006036,,accum_num:accum::5:None:0:None:gray:20,accum,5,,,0
ex_B_12,frame_00085.png,frame_00089.png,,,,0,decode失敗,QR未検出,0.684117,0.955588,0.878260,0.006004,,accum_num:accum::5:None:0:None:gray:17,accum,5,,,0
ex_B_12,frame_00115.png,frame_00119.png,,,,0,decode失敗,QR未検出,0.679830,0.957789,0.877401,0.005657,,accum_num:accum::5:None:0:None:gray:23,accum,5,,,0
ex_B_12,frame_00105.png,frame_00109.png,,,,0,decode失敗,QR未検出,0.689844,0.957691,0.880727,0.005755,,accum_num:accum::5:None:0:None:gray:21,accum,5,,,0
ex_B_12,frame_00090.png,frame_00094.png,,,,0,decode失敗,QR未検出,0.684457,0.957325,0.878828,0.005761,,accum_num:accum::5:None:0:None:gray:18,accum,5,,,0
ex_B_12,frame_00095.png,frame_00099.png,,,,0,decode失敗,QR未検出,0.685736,0.955708,0.878832,0.006001,,accum_num:accum::5:None:0:None:gray:19,accum,5,,,0
ex_B_12,frame_00110.png,frame_00114.png,,,,0,decode失敗,QR未検出,0.689234,0.955407,0.879920,0.006074,,accum_num:accum::5:None:0:None:gray:22,accum,5,,,0
rice_I_4,frame_00065.png,frame_00069.png,,,,0,decode失敗,QR未検出,0.632410,0.720029,0.785184,0.143582,,accum_num:accum::5:None:0:None:gray:13,accum,5,,,0
rice_I_4,frame_00020.png,frame_00024.png,,,,0,decode失敗,QR未検出,0.623495,0.726119,0.785819,0.126848,,accum_num:accum::5:None:0:None:gray:4,accum,5,,,0
rice_I_4,frame_00010.png,frame_00014.png,,,,0,decode失敗,QR未検出,0.622041,0.734643,0.788983,0.120576,,accum_num:accum::5:None:0:None:gray:2,accum,5,,,0
rice_I_4,frame_00005.png,frame_00009.png,,,,0,decode失敗,QR未検出,0.635643,0.715604,0.783965,0.131009,,accum_num:accum::5:None:0:None:gray:1,accum,5,,,0
rice_I_4,frame_00075.png,frame_00079.png,,,,0,decode失敗,QR未検出,0.604582,0.730637,0.783497,0.126509,,accum_num:accum::5:None:0:None:gray:15,accum,5,,,0
rice_I_4,frame_00030.png,frame_00034.png,,,,0,decode失敗,QR未検出,0.615800,0.727272,0.784612,0.130648,,accum_num:accum::5:None:0:None:gray:6,accum,5,,,0
rice_I_4,frame_00015.png,frame_00019.png,,,,0,decode失敗,QR未検出,0.642528,0.717008,0.786033,0.141830,,accum_num:accum::5:None:0:None:gray:3,accum,5,,,0
rice_I_4,frame_00035.png,frame_00039.png,,,,0,decode失敗,QR未検出,0.638056,0.716685,0.784944,0.138116,,accum_num:accum::5:None:0:None:gray:7,accum,5,,,0
rice_I_4,frame_00025.png,frame_00029.png,,,,0,decode失敗,QR未検出,0.624640,0.733788,0.789217,0.131931,,accum_num:accum::5:None:0:None:gray:5,accum,5,,,0
rice_I_4,frame_00050.png,frame_00054.png,,,,0,decode失敗,QR未検出,0.612827,0.729647,0.784922,0.121465,,accum_num:accum::5:None:0:None:gray:10,accum,5,,,0
rice_I_4,frame_00060.png,frame_00064.png,,,,0,decode失敗,QR未検出,0.624869,0.715736,0.781748,0.139360,,accum_num:accum::5:None:0:None:gray:12,accum,5,,,0
rice_I_4,frame_00045.png,frame_00049.png,,,,0,decode失敗,QR未検出,0.612037,0.739664,0.788725,0.120661,,accum_num:accum::5:None:0:None:gray:9,accum,5,,,0
rice_I_4,frame_00055.png,frame_00059.png,,,,0,decode失敗,QR未検出,0.567126,0.731359,0.775486,0.112802,,accum_num:accum::5:None:0:None:gray:11,accum,5,,,0
rice_I_4,frame_00000.png,frame_00004.png,,,,0,decode失敗,QR未検出,0.639675,0.720120,0.786778,0.132228,,accum_num:accum::5:None:0:None:gray:0,accum,5,,,0
rice_I_4,frame_00070.png,frame_00074.png,,,,0,decode失敗,QR未検出,0.625964,0.732712,0.789074,0.133152,,accum_num:accum::5:None:0:None:gray:14,accum,5,,,0
rice_I_4,frame_00040.png,frame_00044.png,,,,0,decode失敗,QR未検出,0.604477,0.730395,0.783378,0.125074,,accum_num:accum::5:None:0:None:gray:8,accum,5,,,0
rice_I_4,frame_00090.png,frame_00094.png,,,,0,decode失敗,QR未検出,0.605102,0.707365,0.774072,0.142779,,accum_num:accum::5:None:0:None:gray:18,accum,5,,,0
rice_I_4,frame_00100.png,frame_00104.png,rice_I_4/rgb_max_accum_n5_gray/00100-00104-FRAME_rgbmax_scale1.00.png,,,0,decode失敗,QR未検出,0.657359,0.724791,0.792624,0.141738,,accum_num:accum::5:None:0:None:gray:20,accum,5,,,0
rice_I_4,frame_00080.png,frame_00084.png,,,,0,decode失敗,QR未検出,0.610194,0.729302,0.784203,0.125963,,accum_num:accum::5:None:0:None:gray:16,accum,5,,,0
rice_I_4,frame_00095.png,frame_00099.png,,,,0,decode失敗,QR未検出,0.621342,0.710622,0.778815,0.141229,,accum_num:accum::5:None:0:None:gray:19,accum,5,,,0
rice_I_4,frame_00105.png,frame_00109.png,,,,0,decode失敗,QR未検出,0.638656,0.711987,0.783013,0.141250,,accum_num:accum::5:None:0:None:gray:21,accum,5,,,0
rice_I_4,frame_00110.png,frame_00114.png,,,,0,decode失敗,QR未検出,0.627688,0.725044,0.786285,0.128287,,accum_num:accum::5:None:0:None:gray:22,accum,5,,,0
rice_I_4,frame_00115.png,frame_00119.png,,,,0,decode失敗,QR未検出,0.608730,0.729006,0.783762,0.131436,,accum_num:accum::5:None:0:None:gray:23,accum,5,,,0
rice_I_4,frame_00085.png,frame_00089.png,,,,0,decode失敗,QR未検出,0.607480,0.733829,0.785405,0.122295,,accum_num:accum::5:None:0:None:gray:17,accum,5,,,0
rice_I_8,frame_00010.png,frame_00014.png,rice_I_8/rgb_max_accum_n5_gray/00010-00014-FRAME_rgbmax_scale1.00.png,,,0,decode失敗,QR未検出,0.725731,0.884653,0.870831,0.024611,,accum_num:accum::5:None:0:None:gray:2,accum,5,,,0
rice_I_8,frame_00045.png,frame_00049.png,,,,0,decode失敗,QR未検出,0.692202,0.878427,0.858679,0.023886,,accum_num:accum::5:None:0:None:gray:9,accum,5,,,0
rice_I_8,frame_00060.png,frame_00064.png,,,,0,decode失敗,QR未検出,0.709851,0.866536,0.860121,0.028445,,accum_num:accum::5:None:0:None:gray:12,accum,5,,,0
rice_I_8,frame_00005.png,frame_00009.png,,,,0,decode失敗,QR未検出,0.719695,0.878660,0.867049,0.025428,,accum_num:accum::5:None:0:None:gray:1,accum,5,,,0
rice_I_8,frame_00020.png,frame_00024.png,,,,0,decode失敗,QR未検出,0.696015,0.882185,0.861011,0.022922,,accum_num:accum::5:None:0:None:gray:4,accum,5,,,0
rice_I_8,frame_00065.png,frame_00069.png,,,,0,decode失敗,QR未検出,0.706189,0.864189,0.858261,0.028399,,accum_num:accum::5:None:0:None:gray:13,accum,5,,,0
rice_I_8,frame_00070.png,frame_00074.png,,,,0,decode失敗,QR未検出,0.699323,0.878632,0.860892,0.024844,,accum_num:accum::5:None:0:None:gray:14,accum,5,,,0
rice_I_8,frame_00075.png,frame_00079.png,,,,0,decode失敗,QR未検出,0.707548,0.879873,0.863772,0.025469,,accum_num:accum::5:None:0:None:gray:15,accum,5,,,0
rice_I_8,frame_00015.png,frame_00019.png,,,,0,decode失敗,QR未検出,0.707483,0.872049,0.861227,0.025449,,accum_num:accum::5:None:0:None:gray:3,accum,5,,,0
rice_I_8,frame_00035.png,frame_00039.png,,,,0,decode失敗,QR未検出,0.703775,0.874345,0.860861,0.026705,,accum_num:accum::5:None:0:None:gray:7,accum,5,,,0
rice_I_8,frame_00000.png,frame_00004.png,,,,0,decode失敗,QR未検出,0.703690,0.881071,0.862987,0.023861,,accum_num:accum::5:None:0:None:gray:0,accum,5,,,0
rice_I_8,frame_00040.png,frame_00044.png,,,,0,decode失敗,QR未検出,0.720425,0.868749,0.863995,0.028943,,accum_num:accum::5:None:0:None:gray:8,accum,5,,,0
rice_I_8,frame_00025.png,frame_00029.png,,,,0,decode失敗,QR未検出,0.711620,0.875536,0.863601,0.024635,,accum_num:accum::5:None:0:None:gray:5,accum,5,,,0
rice_I_8,frame_00055.png,frame_00059.png,,,,0,decode失敗,QR未検出,0.713509,0.874414,0.863802,0.027322,,accum_num:accum::5:None:0:None:gray:11,accum,5,,,0
rice_I_8,frame_00030.png,frame_00034.png,,,,0,decode失敗,QR未検出,0.728725,0.869749,0.866799,0.027771,,accum_num:accum::5:None:0:None:gray:6,accum,5,,,0
rice_I_8,frame_00050.png,frame_00054.png,,,,0,decode失敗,QR未検出,0.705144,0.874109,0.861195,0.025929,,accum_num:accum::5:None:0:None:gray:10,accum,5,,,0
rice_I_8,frame_00080.png,frame_00084.png,,,,0,decode失敗,QR未検出,0.703315,0.874100,0.860644,0.027449,,accum_num:accum::5:None:0:None:gray:16,accum,5,,,0
rice_I_8,frame_00085.png,frame_00089.png,,,,0,decode失敗,QR未検出,0.692517,0.877418,0.858457,0.025174,,accum_num:accum::5:None:0:None:gray:17,accum,5,,,0
rice_I_8,frame_00100.png,frame_00104.png,,,,0,decode失敗,QR未検出,0.683608,0.871055,0.853780,0.026368,,accum_num:accum::5:None:0:None:gray:20,accum,5,,,0
rice_I_8,frame_00105.png,frame_00109.png,,,,0,decode失敗,QR未検出,0.691343,0.875338,0.857447,0.025199,,accum_num:accum::5:None:0:None:gray:21,accum,5,,,0
rice_I_8,frame_00110.png,frame_00114.png,,,,0,decode失敗,QR未検出,0.713689,0.871119,0.862775,0.027942,,accum_num:accum::5:None:0:None:gray:22,accum,5,,,0
rice_I_8,frame_00115.png,frame_00119.png,,,,0,decode失敗,QR未検出,0.722583,0.865641,0.863590,0.032224,,accum_num:accum::5:None:0:None:gray:23,accum,5,,,0
rice_I_8,frame_00095.png,frame_00099.png,,,,0,decode失敗,QR未検出,0.706713,0.877717,0.862829,0.028464,,accum_num:accum::5:None:0:None:gray:19,accum,5,,,0
rice_I_8,frame_00090.png,frame_00094.png,,,,0,decode失敗,QR未検出,0.680914,0.872685,0.853488,0.024726,,accum_num:accum::5:None:0:None:gray:18,accum,5,,,0
rice_I_12,frame_00010.png,frame_00014.png,,,,0,decode失敗,QR未検出,0.787973,0.954252,0.912530,0.007133,,accum_num:accum::5:None:0:None:gray:2,accum,5,,,0
rice_I_12,frame_00025.png,frame_00029.png,,,,0,decode失敗,QR未検出,0.793354,0.955370,0.914665,0.007006,,accum_num:accum::5:None:0:None:gray:5,accum,5,,,0
rice_I_12,frame_00050.png,frame_00054.png,,,,0,decode失敗,QR未検出,0.793344,0.954542,0.914410,0.007142,,accum_num:accum::5:None:0:None:gray:10,accum,5,,,0
rice_I_12,frame_00060.png,frame_00064.png,,,,0,decode失敗,QR未検出,0.794688,0.958100,0.915941,0.006562,,accum_num:accum::5:None:0:None:gray:12,accum,5,,,0
rice_I_12,frame_00035.png,frame_00039.png,,,,0,decode失敗,QR未検出,0.790016,0.955640,0.913633,0.006925,,accum_num:accum::5:None:0:None:gray:7,accum,5,,,0
rice_I_12,frame_00040.png,frame_00044.png,,,,0,decode失敗,QR未検出,0.790086,0.957495,0.914217,0.006623,,accum_num:accum::5:None:0:None:gray:8,accum,5,,,0
rice_I_12,frame_00070.png,frame_00074.png,,,,0,decode失敗,QR未検出,0.797212,0.957066,0.916471,0.006753,,accum_num:accum::5:None:0:None:gray:14,accum,5,,,0
rice_I_12,frame_00000.png,frame_00004.png,,,,0,decode失敗,QR未検出,0.787283,0.956287,0.912915,0.006807,,accum_num:accum::5:None:0:None:gray:0,accum,5,,,0
rice_I_12,frame_00055.png,frame_00059.png,,,,0,decode失敗,QR未検出,0.792440,0.956628,0.914742,0.006784,,accum_num:accum::5:None:0:None:gray:11,accum,5,,,0
rice_I_12,frame_00075.png,frame_00079.png,,,,0,decode失敗,QR未検出,0.795213,0.956486,0.915626,0.006831,,accum_num:accum::5:None:0:None:gray:15,accum,5,,,0
rice_I_12,frame_00015.png,frame_00019.png,,,,0,decode失敗,QR未検出,0.786878,0.955227,0.912460,0.006982,,accum_num:accum::5:None:0:None:gray:3,accum,5,,,0
rice_I_12,frame_00020.png,frame_00024.png,,,,0,decode失敗,QR未検出,0.790586,0.953660,0.913222,0.007254,,accum_num:accum::5:None:0:None:gray:4,accum,5,,,0
rice_I_12,frame_00065.png,frame_00069.png,,,,0,decode失敗,QR未検出,0.790726,0.956591,0.914158,0.006776,,accum_num:accum::5:None:0:None:gray:13,accum,5,,,0
rice_I_12,frame_00030.png,frame_00034.png,,,,0,decode失敗,QR未検出,0.787663,0.956812,0.913201,0.006713,,accum_num:accum::5:None:0:None:gray:6,accum,5,,,0
rice_I_12,frame_00045.png,frame_00049.png,,,,0,decode失敗,QR未検出,0.792330,0.955280,0.914296,0.007004,,accum_num:accum::5:None:0:None:gray:9,accum,5,,,0
rice_I_12,frame_00005.png,frame_00009.png,,,,0,decode失敗,QR未検出,0.783720,0.955474,0.911481,0.006896,,accum_num:accum::5:None:0:None:gray:1,accum,5,,,0
rice_I_12,frame_00090.png,frame_00094.png,,,,0,decode失敗,QR未検出,0.794818,0.955615,0.915228,0.006971,,accum_num:accum::5:None:0:None:gray:18,accum,5,,,0
rice_I_12,frame_00080.png,frame_00084.png,,,,0,decode失敗,QR未検出,0.798181,0.955050,0.916179,0.007117,,accum_num:accum::5:None:0:None:gray:16,accum,5,,,0
rice_I_12,frame_00100.png,frame_00104.png,,,,0,decode失敗,QR未検出,0.792989,0.956738,0.914959,0.006771,,accum_num:accum::5:None:0:None:gray:20,accum,5,,,0
rice_I_12,frame_00095.png,frame_00099.png,,,,0,decode失敗,QR未検出,0.791310,0.958370,0.914891,0.006517,,accum_num:accum::5:None:0:None:gray:19,accum,5,,,0
rice_I_12,frame_00115.png,frame_00119.png,rice_I_12/rgb_max_accum_n5_gray/00115-00119-FRAME_rgbmax_scale1.00.png,,,0,decode失敗,QR未検出,0.798956,0.957884,0.917304,0.006633,,accum_num:accum::5:None:0:None:gray:23,accum,5,,,0
rice_I_12,frame_00085.png,frame_00089.png,,,,0,decode失敗,QR未検出,0.795743,0.957330,0.916060,0.006697,,accum_num:accum::5:None:0:None:gray:17,accum,5,,,0
rice_I_12,frame_00105.png,frame_00109.png,,,,0,decode失敗,QR未検出,0.798401,0.956766,0.916777,0.006812,,accum_num:accum::5:None:0:None:gray:21,accum,5,,,0
rice_I_12,frame_00110.png,frame_00114.png,,,,0,decode失敗,QR未検出,0.798321,0.956619,0.916705,0.006843,,accum_num:accum::5:None:0:None:gray:22,accum,5,,,0
nagaoka_fireworks_I_4,frame_00065.png,frame_00069.png,,,,0,decode失敗,QR未検出,0.478006,0.520746,0.663183,0.196591,,accum_num:accum::5:None:0:None:gray:13,accum,5,,,0
nagaoka_fireworks_I_4,frame_00050.png,frame_00054.png,,,,0,decode失敗,QR未検出,0.465024,0.509644,0.656009,0.182551,,accum_num:accum::5:None:0:None:gray:10,accum,5,,,0
nagaoka_fireworks_I_4,frame_00060.png,frame_00064.png,,,,0,decode失敗,QR未検出,0.472150,0.513499,0.658539,0.191415,,accum_num:accum::5:None:0:None:gray:12,accum,5,,,0
nagaoka_fireworks_I_4,frame_00030.png,frame_00034.png,,,,0,decode失敗,QR未検出,0.465834,0.534363,0.670826,0.175520,,accum_num:accum::5:None:0:None:gray:6,accum,5,,,0
nagaoka_fireworks_I_4,frame_00000.png,frame_00004.png,,,,0,decode失敗,QR未検出,0.511186,0.498142,0.648512,0.211300,,accum_num:accum::5:None:0:None:gray:0,accum,5,,,0
nagaoka_fireworks_I_4,frame_00075.png,frame_00079.png,,,,0,decode失敗,QR未検出,0.486161,0.518780,0.662172,0.192898,,accum_num:accum::5:None:0:None:gray:15,accum,5,,,0
nagaoka_fireworks_I_4,frame_00020.png,frame_00024.png,,,,0,decode失敗,QR未検出,0.456160,0.533196,0.669736,0.172480,,accum_num:accum::5:None:0:None:gray:4,accum,5,,,0
nagaoka_fireworks_I_4,frame_00025.png,frame_00029.png,,,,0,decode失敗,QR未検出,0.453117,0.534443,0.670297,0.166278,,accum_num:accum::5:None:0:None:gray:5,accum,5,,,0
nagaoka_fireworks_I_4,frame_00015.png,frame_00019.png,,,,0,decode失敗,QR未検出,0.476897,0.531750,0.669788,0.183629,,accum_num:accum::5:None:0:None:gray:3,accum,5,,,0
nagaoka_fireworks_I_4,frame_00070.png,frame_00074.png,,,,0,decode失敗,QR未検出,0.485796,0.517023,0.661048,0.195972,,accum_num:accum::5:None:0:None:gray:14,accum,5,,,0
nagaoka_fireworks_I_4,frame_00045.png,frame_00049.png,,,,0,decode失敗,QR未検出,0.447740,0.539458,0.672782,0.162475,,accum_num:accum::5:None:0:None:gray:9,accum,5,,,0
nagaoka_fireworks_I_4,frame_00040.png,frame_00044.png,,,,0,decode失敗,QR未検出,0.482189,0.517824,0.661470,0.191916,,accum_num:accum::5:None:0:None:gray:8,accum,5,,,0
nagaoka_fireworks_I_4,frame_00035.png,frame_00039.png,,,,0,decode失敗,QR未検出,0.482009,0.511998,0.657757,0.190125,,accum_num:accum::5:None:0:None:gray:7,accum,5,,,0
nagaoka_fireworks_I_4,frame_00005.png,frame_00009.png,,,,0,decode失敗,QR未検出,0.476122,0.533894,0.671015,0.180012,,accum_num:accum::5:None:0:None:gray:1,accum,5,,,0
nagaoka_fireworks_I_4,frame_00010.png,frame_00014.png,,,,0,decode失敗,QR未検出,0.457669,0.538710,0.672878,0.165470,,accum_num:accum::5:None:0:None:gray:2,accum,5,,,0
nagaoka_fireworks_I_4,frame_00055.png,frame_00059.png,,,,0,decode失敗,QR未検出,0.537944,0.474707,0.629775,0.241277,,accum_num:accum::5:None:0:None:gray:11,accum,5,,,0
nagaoka_fireworks_I_4,frame_00105.png,frame_00109.png,,,,0,decode失敗,QR未検出,0.450553,0.540962,0.673739,0.161494,,accum_num:accum::5:None:0:None:gray:21,accum,5,,,0
nagaoka_fireworks_I_4,frame_00100.png,frame_00104.png,,,,0,decode失敗,QR未検出,0.472864,0.511331,0.657185,0.192141,,accum_num:accum::5:None:0:None:gray:20,accum,5,,,0
nagaoka_fireworks_I_4,frame_00110.png,frame_00114.png,nagaoka_fireworks_I_4/rgb_max_accum_n5_gray/00110-00114-FRAME_rgbmax_scale1.00.png,,,0,decode失敗,QR未検出,0.458673,0.555222,0.681794,0.159447,,accum_num:accum::5:None:0:None:gray:22,accum,5,,,0
nagaoka_fireworks_I_4,frame_00085.png,frame_00089.png,,,,0,decode失敗,QR未検出,0.444452,0.544508,0.675289,0.159664,,accum_num:accum::5:None:0:None:gray:17,accum,5,,,0
nagaoka_fireworks_I_4,frame_00095.png,frame_00099.png,,,,0,decode失敗,QR未検出,0.488879,0.519126,0.662460,0.188159,,accum_num:accum::5:None:0:None:gray:19,accum,5,,,0
nagaoka_fireworks_I_4,frame_00090.png,frame_00094.png,,,,0,decode失敗,QR未検出,0.485382,0.518975,0.662275,0.196048,,accum_num:accum::5:None:0:None:gray:18,accum,5,,,0
nagaoka_fireworks_I_4,frame_00115.png,frame_00119.png,,,,0,decode失敗,QR未検出,0.576535,0.463115,0.617690,0.268623,,accum_num:accum::5:None:0:None:gray:23,accum,5,,,0
nagaoka_fireworks_I_4,frame_00080.png,frame_00084.png,,,,0,decode失敗,QR未検出,0.495620,0.498728,0.648962,0.208627,,accum_num:accum::5:None:0:None:gray:16,accum,5,,,0
nagaoka_fireworks_I_8,frame_00060.png,frame_00064.png,,,,0,decode失敗,QR未検出,0.394618,0.837004,0.761116,0.024053,,accum_num:accum::5:None:0:None:gray:12,accum,5,,,0
nagaoka_fireworks_I_8,frame_00005.png,frame_00009.png,,,,0,decode失敗,QR未検出,0.380282,0.853643,0.760174,0.016760,,accum_num:accum::5:None:0:None:gray:1,accum,5,,,0
nagaoka_fireworks_I_8,frame_00050.png,frame_00054.png,,,,0,decode失敗,QR未検出,0.374236,0.843287,0.756535,0.018822,,accum_num:accum::5:None:0:None:gray:10,accum,5,,,0
nagaoka_fireworks_I_8,frame_00030.png,frame_00034.png,,,,0,decode失敗,QR未検出,0.376100,0.833937,0.755316,0.018396,,accum_num:accum::5:None:0:None:gray:6,accum,5,,,0
nagaoka_fireworks_I_8,frame_00025.png,frame_00029.png,,,,0,decode失敗,QR未検出,0.370928,0.846084,0.756101,0.018381,,accum_num:accum::5:None:0:None:gray:5,accum,5,,,0
nagaoka_fireworks_I_8,frame_00065.png,frame_00069.png,,,,0,decode失敗,QR未検出,0.370933,0.846307,0.756143,0.019042,,accum_num:accum::5:None:0:None:gray:13,accum,5,,,0
nagaoka_fireworks_I_8,frame_00070.png,frame_00074.png,,,,0,decode失敗,QR未検出,0.378369,0.833188,0.755809,0.020447,,accum_num:accum::5:None:0:None:gray:14,accum,5,,,0
nagaoka_fireworks_I_8,frame_00040.png,frame_00044.png,,,,0,decode失敗,QR未検出,0.372667,0.851331,0.757550,0.017772,,accum_num:accum::5:None:0:None:gray:8,accum,5,,,0
nagaoka_fireworks_I_8,frame_00020.png,frame_00024.png,,,,0,decode失敗,QR未検出,0.381077,0.850400,0.759809,0.017145,,accum_num:accum::5:None:0:None:gray:4,accum,5,,,0
nagaoka_fireworks_I_8,frame_00075.png,frame_00079.png,,,,0,decode失敗,QR未検出,0.381716,0.820632,0.754292,0.023543,,accum_num:accum::5:None:0:None:gray:15,accum,5,,,0
nagaoka_fireworks_I_8,frame_00015.png,frame_00019.png,,,,0,decode失敗,QR未検出,0.386998,0.848941,0.761243,0.019058,,accum_num:accum::5:None:0:None:gray:3,accum,5,,,0
nagaoka_fireworks_I_8,frame_00010.png,frame_00014.png,,,,0,decode失敗,QR未検出,0.375061,0.872373,0.761963,0.015098,,accum_num:accum::5:None:0:None:gray:2,accum,5,,,0
nagaoka_fireworks_I_8,frame_00045.png,frame_00049.png,,,,0,decode失敗,QR未検出,0.358581,0.839801,0.751454,0.018540,,accum_num:accum::5:None:0:None:gray:9,accum,5,,,0
nagaoka_fireworks_I_8,frame_00055.png,frame_00059.png,,,,0,decode失敗,QR未検出,0.453961,0.742516,0.753681,0.052011,,accum_num:accum::5:None:0:None:gray:11,accum,5,,,0
nagaoka_fireworks_I_8,frame_00035.png,frame_00039.png,,,,0,decode失敗,QR未検出,0.391815,0.821292,0.757189,0.022159,,accum_num:accum::5:None:0:None:gray:7,accum,5,,,0
nagaoka_fireworks_I_8,frame_00000.png,frame_00004.png,nagaoka_fireworks_I_8/rgb_max_accum_n5_gray/00000-00004-FRAME_rgbmax_scale1.00.png,,,0,decode失敗,QR未検出,0.389716,0.857432,0.763618,0.017656,,accum_num:accum::5:None:0:None:gray:0,accum,5,,,0
nagaoka_fireworks_I_8,frame_00080.png,frame_00084.png,,,,0,decode失敗,QR未検出,0.392475,0.821178,0.757347,0.024567,,accum_num:accum::5:None:0:None:gray:16,accum,5,,,0
nagaoka_fireworks_I_8,frame_00110.png,frame_00114.png,,,,0,decode失敗,QR未検出,0.378803,0.820975,0.753562,0.023291,,accum_num:accum::5:None:0:None:gray:22,accum,5,,,0
nagaoka_fireworks_I_8,frame_00085.png,frame_00089.png,,,,0,decode失敗,QR未検出,0.388937,0.811459,0.754392,0.023850,,accum_num:accum::5:None:0:None:gray:17,accum,5,,,0
nagaoka_fireworks_I_8,frame_00115.png,frame_00119.png,,,,0,decode失敗,QR未検出,0.418184,0.777122,0.754280,0.037640,,accum_num:accum::5:None:0:None:gray:23,accum,5,,,0
nagaoka_fireworks_I_8,frame_00095.png,frame_00099.png,,,,0,decode失敗,QR未検出,0.366926,0.837900,0.753471,0.019877,,accum_num:accum::5:None:0:None:gray:19,accum,5,,,0
nagaoka_fireworks_I_8,frame_00090.png,frame_00094.png,,,,0,decode失敗,QR未検出,0.385989,0.851731,0.761474,0.018117,,accum_num:accum::5:None:0:None:gray:18,accum,5,,,0
nagaoka_fireworks_I_8,frame_00100.png,frame_00104.png,,,,0,decode失敗,QR未検出,0.362249,0.815696,0.748030,0.022406,,accum_num:accum::5:None:0:None:gray:20,accum,5,,,0
nagaoka_fireworks_I_8,frame_00105.png,frame_00109.png,,,,0,decode失敗,QR未検出,0.380007,0.818206,0.753344,0.023381,,accum_num:accum::5:None:0:None:gray:21,accum,5,,,0
nagaoka_fireworks_I_12,frame_00070.png,frame_00074.png,,,,0,decode失敗,QR未検出,0.478111,0.975471,0.813049,0.002270,,accum_num:accum::5:None:0:None:gray:14,accum,5,,,0
nagaoka_fireworks_I_12,frame_00000.png,frame_00004.png,,,,0,decode失敗,QR未検出,0.481099,0.974356,0.813872,0.002391,,accum_num:accum::5:None:0:None:gray:0,accum,5,,,0
nagaoka_fireworks_I_12,frame_00030.png,frame_00034.png,,,,0,decode失敗,QR未検出,0.482938,0.974628,0.814547,0.002374,,accum_num:accum::5:None:0:None:gray:6,accum,5,,,0
nagaoka_fireworks_I_12,frame_00015.png,frame_00019.png,nagaoka_fireworks_I_12/rgb_max_accum_n5_gray/00015-00019-FRAME_rgbmax_scale1.00.png,,,0,decode失敗,QR未検出,0.484797,0.974272,0.815118,0.002417,,accum_num:accum::5:None:0:None:gray:3,accum,5,,,0
nagaoka_fireworks_I_12,frame_00020.png,frame_00024.png,,,,0,decode失敗,QR未検出,0.474828,0.972720,0.811447,0.002515,,accum_num:accum::5:None:0:None:gray:4,accum,5,,,0
nagaoka_fireworks_I_12,frame_00035.png,frame_00039.png,,,,0,decode失敗,QR未検出,0.479885,0.972980,0.813214,0.002524,,accum_num:accum::5:None:0:None:gray:7,accum,5,,,0
nagaoka_fireworks_I_12,frame_00005.png,frame_00009.png,,,,0,decode失敗,QR未検出,0.482823,0.973974,0.814391,0.002436,,accum_num:accum::5:None:0:None:gray:1,accum,5,,,0
nagaoka_fireworks_I_12,frame_00060.png,frame_00064.png,,,,0,decode失敗,QR未検出,0.478136,0.973299,0.812675,0.002479,,accum_num:accum::5:None:0:None:gray:12,accum,5,,,0
nagaoka_fireworks_I_12,frame_00050.png,frame_00054.png,,,,0,decode失敗,QR未検出,0.481034,0.973485,0.813695,0.002474,,accum_num:accum::5:None:0:None:gray:10,accum,5,,,0
nagaoka_fireworks_I_12,frame_00010.png,frame_00014.png,,,,0,decode失敗,QR未検出,0.477407,0.976123,0.812923,0.002205,,accum_num:accum::5:None:0:None:gray:2,accum,5,,,0
nagaoka_fireworks_I_12,frame_00075.png,frame_00079.png,,,,0,decode失敗,QR未検出,0.477522,0.974874,0.812743,0.002324,,accum_num:accum::5:None:0:None:gray:15,accum,5,,,0
nagaoka_fireworks_I_12,frame_00025.png,frame_00029.png,,,,0,decode失敗,QR未検出,0.476257,0.973704,0.812106,0.002429,,accum_num:accum::5:None:0:None:gray:5,accum,5,,,0
nagaoka_fireworks_I_12,frame_00055.png,frame_00059.png,,,,0,decode失敗,QR未検出,0.477292,0.976767,0.812997,0.002144,,accum_num:accum::5:None:0:None:gray:11,accum,5,,,0
nagaoka_fireworks_I_12,frame_00045.png,frame_00049.png,,,,0,decode失敗,QR未検出,0.483978,0.974622,0.814901,0.002380,,accum_num:accum::5:None:0:None:gray:9,accum,5,,,0
nagaoka_fireworks_I_12,frame_00040.png,frame_00044.png,,,,0,decode失敗,QR未検出,0.471565,0.974716,0.810684,0.002310,,accum_num:accum::5:None:0:None:gray:8,accum,5,,,0
nagaoka_fireworks_I_12,frame_00065.png,frame_00069.png,,,,0,decode失敗,QR未検出,0.479900,0.973444,0.813301,0.002472,,accum_num:accum::5:None:0:None:gray:13,accum,5,,,0
nagaoka_fireworks_I_12,frame_00085.png,frame_00089.png,,,,0,decode失敗,QR未検出,0.481679,0.972273,0.813699,0.002594,,accum_num:accum::5:None:0:None:gray:17,accum,5,,,0
nagaoka_fireworks_I_12,frame_00095.png,frame_00099.png,,,,0,decode失敗,QR未検出,0.477587,0.975156,0.812815,0.002298,,accum_num:accum::5:None:0:None:gray:19,accum,5,,,0
nagaoka_fireworks_I_12,frame_00080.png,frame_00084.png,,,,0,decode失敗,QR未検出,0.482828,0.972778,0.814180,0.002551,,accum_num:accum::5:None:0:None:gray:16,accum,5,,,0
nagaoka_fireworks_I_12,frame_00090.png,frame_00094.png,,,,0,decode失敗,QR未検出,0.476822,0.976165,0.812731,0.002198,,accum_num:accum::5:None:0:None:gray:18,accum,5,,,0
nagaoka_fireworks_I_12,frame_00100.png,frame_00104.png,,,,0,decode失敗,QR未検出,0.480125,0.973594,0.813405,0.002459,,accum_num:accum::5:None:0:None:gray:20,accum,5,,,0
nagaoka_fireworks_I_12,frame_00110.png,frame_00114.png,,,,0,decode失敗,QR未検出,0.478426,0.975894,0.813231,0.002231,,accum_num:accum::5:None:0:None:gray:22,accum,5,,,0
nagaoka_fireworks_I_12,frame_00115.png,frame_00119.png,,,,0,decode失敗,QR未検出,0.481029,0.975923,0.814125,0.002241,,accum_num:accum::5:None:0:None:gray:23,accum,5,,,0
nagaoka_fireworks_I_12,frame_00105.png,frame_00109.png,,,,0,decode失敗,QR未検出,0.477786,0.974520,0.812771,0.002359,,accum_num:accum::5:None:0:None:gray:21,accum,5,,,0
hocho_I_4,frame_00000.png,frame_00004.png,,,,0,decode失敗,QR未検出,0.335265,0.411273,0.599194,0.212959,,accum_num:accum::5:None:0:None:gray:0,accum,5,,,0
hocho_I_4,frame_00025.png,frame_00029.png,,,,0,decode失敗,QR未検出,0.339663,0.408624,0.596655,0.227758,,accum_num:accum::5:None:0:None:gray:5,accum,5,,,0
hocho_I_4,frame_00015.png,frame_00019.png,,,,0,decode失敗,QR未検出,0.370014,0.413520,0.595656,0.227070,,accum_num:accum::5:None:0:None:gray:3,accum,5,,,0
hocho_I_4,frame_00045.png,frame_00049.png,,,,0,decode失敗,QR未検出,0.345809,0.400524,0.589700,0.226308,,accum_num:accum::5:None:0:None:gray:9,accum,5,,,0
hocho_I_4,frame_00060.png,frame_00064.png,,,,0,decode失敗,QR未検出,0.363223,0.404600,0.589870,0.240654,,accum_num:accum::5:None:0:None:gray:12,accum,5,,,0
hocho_I_4,frame_00070.png,frame_00074.png,,,,0,decode失敗,QR未検出,0.360685,0.409028,0.593669,0.233406,,accum_num:accum::5:None:0:None:gray:14,accum,5,,,0
hocho_I_4,frame_00010.png,frame_00014.png,,,,0,decode失敗,QR未検出,0.344785,0.402732,0.591531,0.223050,,accum_num:accum::5:None:0:None:gray:2,accum,5,,,0
hocho_I_4,frame_00050.png,frame_00054.png,,,,0,decode失敗,QR未検出,0.373611,0.409621,0.592118,0.246242,,accum_num:accum::5:None:0:None:gray:10,accum,5,,,0
hocho_I_4,frame_00005.png,frame_00009.png,,,,0,decode失敗,QR未検出,0.357197,0.401068,0.588143,0.240760,,accum_num:accum::5:None:0:None:gray:1,accum,5,,,0
hocho_I_4,frame_00020.png,frame_00024.png,,,,0,decode失敗,QR未検出,0.364592,0.412816,0.595924,0.232750,,accum_num:accum::5:None:0:None:gray:4,accum,5,,,0
hocho_I_4,frame_00065.png,frame_00069.png,,,,0,decode失敗,QR未検出,0.378049,0.412765,0.593894,0.240849,,accum_num:accum::5:None:0:None:gray:13,accum,5,,,0
hocho_I_4,frame_00075.png,frame_00079.png,,,,0,decode失敗,QR未検出,0.355943,0.401186,0.588451,0.234295,,accum_num:accum::5:None:0:None:gray:15,accum,5,,,0
hocho_I_4,frame_00035.png,frame_00039.png,,,,0,decode失敗,QR未検出,0.398311,0.407093,0.586187,0.269160,,accum_num:accum::5:None:0:None:gray:7,accum,5,,,0
hocho_I_4,frame_00040.png,frame_00044.png,,,,0,decode失敗,QR未検出,0.368455,0.419196,0.600109,0.224984,,accum_num:accum::5:None:0:None:gray:8,accum,5,,,0
hocho_I_4,frame_00030.png,frame_00034.png,,,,0,decode失敗,QR未検出,0.346998,0.400953,0.589818,0.230372,,accum_num:accum::5:None:0:None:gray:6,accum,5,,,0
hocho_I_4,frame_00055.png,frame_00059.png,,,,0,decode失敗,QR未検出,0.435933,0.398554,0.572141,0.293262,,accum_num:accum::5:None:0:None:gray:11,accum,5,,,0
hocho_I_4,frame_00080.png,frame_00084.png,,,,0,decode失敗,QR未検出,0.359260,0.415338,0.598562,0.232007,,accum_num:accum::5:None:0:None:gray:16,accum,5,,,0
hocho_I_4,frame_00105.png,frame_00109.png,,,,0,decode失敗,QR未検出,0.389127,0.414609,0.593723,0.248601,,accum_num:accum::5:None:0:None:gray:21,accum,5,,,0
hocho_I_4,frame_00095.png,frame_00099.png,,,,0,decode失敗,QR未検出,0.388897,0.403561,0.584765,0.255523,,accum_num:accum::5:None:0:None:gray:19,accum,5,,,0
hocho_I_4,frame_00110.png,frame_00114.png,hocho_I_4/rgb_max_accum_n5_gray/00110-00114-FRAME_rgbmax_scale1.00.png,,,0,decode失敗,QR未検出,0.327215,0.416894,0.604167,0.209642,,accum_num:accum::5:None:0:None:gray:22,accum,5,,,0
hocho_I_4,frame_00100.png,frame_00104.png,,,,0,decode失敗,QR未検出,0.352240,0.400561,0.588610,0.233411,,accum_num:accum::5:None:0:None:gray:20,accum,5,,,0
hocho_I_4,frame_00090.png,frame_00094.png,,,,0,decode失敗,QR未検出,0.374341,0.404922,0.588292,0.244738,,accum_num:accum::5:None:0:None:gray:18,accum,5,,,0
hocho_I_4,frame_00085.png,frame_00089.png,,,,0,decode失敗,QR未検出,0.363388,0.407910,0.592395,0.231435,,accum_num:accum::5:None:0:None:gray:17,accum,5,,,0
hocho_I_4,frame_00115.png,frame_00119.png,,,,0,decode失敗,QR未検出,0.386553,0.394011,0.577028,0.273894,,accum_num:accum::5:None:0:None:gray:23,accum,5,,,0
hocho_I_8,frame_00010.png,frame_00014.png,,,,0,decode失敗,QR未検出,0.466044,0.456851,0.619021,0.251213,,accum_num:accum::5:None:0:None:gray:2,accum,5,,,0
hocho_I_8,frame_00015.png,frame_00019.png,,,,0,decode失敗,QR未検出,0.509332,0.460726,0.619441,0.259986,,accum_num:accum::5:None:0:None:gray:3,accum,5,,,0
hocho_I_8,frame_00000.png,frame_00004.png,,,,0,decode失敗,QR未検出,0.471890,0.461980,0.622650,0.243058,,accum_num:accum::5:None:0:None:gray:0,accum,5,,,0
hocho_I_8,frame_00070.png,frame_00074.png,,,,0,decode失敗,QR未検出,0.435128,0.459748,0.623168,0.209036,,accum_num:accum::5:None:0:None:gray:14,accum,5,,,0
hocho_I_8,frame_00045.png,frame_00049.png,,,,0,decode失敗,QR未検出,0.506628,0.456187,0.615772,0.277062,,accum_num:accum::5:None:0:None:gray:9,accum,5,,,0
hocho_I_8,frame_00075.png,frame_00079.png,,,,0,decode失敗,QR未検出,0.524212,0.449266,0.608390,0.287192,,accum_num:accum::5:None:0:None:gray:15,accum,5,,,0
hocho_I_8,frame_00030.png,frame_00034.png,,,,0,decode失敗,QR未検出,0.448435,0.457473,0.620654,0.238983,,accum_num:accum::5:None:0:None:gray:6,accum,5,,,0
hocho_I_8,frame_00055.png,frame_00059.png,,,,0,decode失敗,QR未検出,0.502986,0.454449,0.614540,0.268594,,accum_num:accum::5:None:0:None:gray:11,accum,5,,,0
hocho_I_8,frame_00035.png,frame_00039.png,,,,0,decode失敗,QR未検出,0.459878,0.474561,0.632583,0.225861,,accum_num:accum::5:None:0:None:gray:7,accum,5,,,0
hocho_I_8,frame_00025.png,frame_00029.png,,,,0,decode失敗,QR未検出,0.474144,0.477501,0.634202,0.226504,,accum_num:accum::5:None:0:None:gray:5,accum,5,,,0
hocho_I_8,frame_00020.png,frame_00024.png,,,,0,decode失敗,QR未検出,0.506748,0.472828,0.629453,0.253595,,accum_num:accum::5:None:0:None:gray:4,accum,5,,,0
hocho_I_8,frame_00060.png,frame_00064.png,,,,0,decode失敗,QR未検出,0.461172,0.468029,0.627785,0.231357,,accum_num:accum::5:None:0:None:gray:12,accum,5,,,0
hocho_I_8,frame_00065.png,frame_00069.png,,,,0,decode失敗,QR未検出,0.462746,0.460564,0.622099,0.241913,,accum_num:accum::5:None:0:None:gray:13,accum,5,,,0
hocho_I_8,frame_00050.png,frame_00054.png,,,,0,decode失敗,QR未検出,0.514593,0.477082,0.632536,0.252119,,accum_num:accum::5:None:0:None:gray:10,accum,5,,,0
hocho_I_8,frame_00040.png,frame_00044.png,,,,0,decode失敗,QR未検出,0.478336,0.463731,0.623648,0.248439,,accum_num:accum::5:None:0:None:gray:8,accum,5,,,0
hocho_I_8,frame_00005.png,frame_00009.png,,,,0,decode失敗,QR未検出,0.488700,0.460136,0.620197,0.252283,,accum_num:accum::5:None:0:None:gray:1,accum,5,,,0
hocho_I_8,frame_00085.png,frame_00089.png,,,,0,decode失敗,QR未検出,0.524317,0.459717,0.617672,0.274706,,accum_num:accum::5:None:0:None:gray:17,accum,5,,,0
hocho_I_8,frame_00090.png,frame_00094.png,,,,0,decode失敗,QR未検出,0.510006,0.465438,0.623326,0.263917,,accum_num:accum::5:None:0:None:gray:18,accum,5,,,0
hocho_I_8,frame_00110.png,frame_00114.png,,,,0,decode失敗,QR未検出,0.464735,0.474699,0.632501,0.224745,,accum_num:accum::5:None:0:None:gray:22,accum,5,,,0
hocho_I_8,frame_00100.png,frame_00104.png,hocho_I_8/rgb_max_accum_n5_gray/00100-00104-FRAME_rgbmax_scale1.00.png,,,0,decode失敗,QR未検出,0.453781,0.480134,0.636698,0.208935,,accum_num:accum::5:None:0:None:gray:20,accum,5,,,0
hocho_I_8,frame_00115.png,frame_00119.png,,,,0,decode失敗,QR未検出,0.498189,0.453611,0.614168,0.263821,,accum_num:accum::5:None:0:None:gray:23,accum,5,,,0
hocho_I_8,frame_00095.png,frame_00099.png,,,,0,decode失敗,QR未検出,0.508647,0.462277,0.620780,0.270828,,accum_num:accum::5:None:0:None:gray:19,accum,5,,,0
hocho_I_8,frame_00105.png,frame_00109.png,,,,0,decode失敗,QR未検出,0.507068,0.463744,0.622085,0.260512,,accum_num:accum::5:None:0:None:gray:21,accum,5,,,0
hocho_I_8,frame_00080.png,frame_00084.png,,,,0,decode失敗,QR未検出,0.523008,0.463497,0.621002,0.266039,,accum_num:accum::5:None:0:None:gray:16,accum,5,,,0
hocho_I_12,frame_00045.png,frame_00049.png,,,,0,decode失敗,QR未検出,0.310886,0.952509,0.753277,0.003243,,accum_num:accum::5:None:0:None:gray:9,accum,5,,,0
hocho_I_12,frame_00050.png,frame_00054.png,,,,0,decode失敗,QR未検出,0.323388,0.946820,0.756722,0.004001,,accum_num:accum::5:None:0:None:gray:10,accum,5,,,0
hocho_I_12,frame_00055.png,frame_00059.png,,,,0,decode失敗,QR未検出,0.322249,0.952135,0.757011,0.003726,,accum_num:accum::5:None:0:None:gray:11,accum,5,,,0
hocho_I_12,frame_00070.png,frame_00074.png,,,,0,decode失敗,QR未検出,0.296450,0.942836,0.747356,0.003972,,accum_num:accum::5:None:0:None:gray:14,accum,5,,,0
hocho_I_12,frame_00035.png,frame_00039.png,hocho_I_12/rgb_max_accum_n5_gray/00035-00039-FRAME_rgbmax_scale1.00.png,,,0,decode失敗,QR未検出,0.336250,0.951312,0.761560,0.003912,,accum_num:accum::5:None:0:None:gray:7,accum,5,,,0
hocho_I_12,frame_00020.png,frame_00024.png,,,,0,decode失敗,QR未検出,0.315938,0.958116,0.755637,0.003104,,accum_num:accum::5:None:0:None:gray:4,accum,5,,,0
hocho_I_12,frame_00040.png,frame_00044.png,,,,0,decode失敗,QR未検出,0.324697,0.944230,0.756825,0.004035,,accum_num:accum::5:None:0:None:gray:8,accum,5,,,0
hocho_I_12,frame_00015.png,frame_00019.png,,,,0,decode失敗,QR未検出,0.311995,0.951755,0.753555,0.003238,,accum_num:accum::5:None:0:None:gray:3,accum,5,,,0
hocho_I_12,frame_00030.png,frame_00034.png,,,,0,decode失敗,QR未検出,0.332067,0.950063,0.760010,0.003724,,accum_num:accum::5:None:0:None:gray:6,accum,5,,,0
hocho_I_12,frame_00065.png,frame_00069.png,,,,0,decode失敗,QR未検出,0.314793,0.950985,0.754392,0.003852,,accum_num:accum::5:None:0:None:gray:13,accum,5,,,0
hocho_I_12,frame_00025.png,frame_00029.png,,,,0,decode失敗,QR未検出,0.314049,0.953110,0.754402,0.003772,,accum_num:accum::5:None:0:None:gray:5,accum,5,,,0
hocho_I_12,frame_00010.png,frame_00014.png,,,,0,decode失敗,QR未検出,0.326026,0.959331,0.759167,0.003050,,accum_num:accum::5:None:0:None:gray:2,accum,5,,,0
hocho_I_12,frame_00000.png,frame_00004.png,,,,0,decode失敗,QR未検出,0.330983,0.956146,0.760426,0.003495,,accum_num:accum::5:None:0:None:gray:0,accum,5,,,0
hocho_I_12,frame_00060.png,frame_00064.png,,,,0,decode失敗,QR未検出,0.332907,0.945020,0.759634,0.004191,,accum_num:accum::5:None:0:None:gray:12,accum,5,,,0
hocho_I_12,frame_00005.png,frame_00009.png,,,,0,decode失敗,QR未検出,0.331133,0.954760,0.760300,0.003230,,accum_num:accum::5:None:0:None:gray:1,accum,5,,,0
hocho_I_12,frame_00075.png,frame_00079.png,,,,0,decode失敗,QR未検出,0.300592,0.944157,0.748875,0.003969,,accum_num:accum::5:None:0:None:gray:15,accum,5,,,0
hocho_I_12,frame_00085.png,frame_00089.png,,,,0,decode失敗,QR未検出,0.321089,0.943569,0.755553,0.004141,,accum_num:accum::5:None:0:None:gray:17,accum,5,,,0
hocho_I_12,frame_00095.png,frame_00099.png,,,,0,decode失敗,QR未検出,0.319171,0.949672,0.755683,0.003454,,accum_num:accum::5:None:0:None:gray:19,accum,5,,,0
hocho_I_12,frame_00115.png,frame_00119.png,,,,0,decode失敗,QR未検出,0.319126,0.939647,0.754413,0.004413,,accum_num:accum::5:None:0:None:gray:23,accum,5,,,0
hocho_I_12,frame_00090.png,frame_00094.png,,,,0,decode失敗,QR未検出,0.316437,0.958861,0.755895,0.003029,,accum_num:accum::5:None:0:None:gray:18,accum,5,,,0
hocho_I_12,frame_00080.png,frame_00084.png,,,,0,decode失敗,QR未検出,0.323683,0.945222,0.756617,0.004056,,accum_num:accum::5:None:0:None:gray:16,accum,5,,,0
hocho_I_12,frame_00105.png,frame_00109.png,,,,0,decode失敗,QR未検出,0.292447,0.956729,0.747617,0.003027,,accum_num:accum::5:None:0:None:gray:21,accum,5,,,0
hocho_I_12,frame_00100.png,frame_00104.png,,,,0,decode失敗,QR未検出,0.291263,0.958118,0.747375,0.002878,,accum_num:accum::5:None:0:None:gray:20,accum,5,,,0
hocho_I_12,frame_00110.png,frame_00114.png,,,,0,decode失敗,QR未検出,0.287260,0.952687,0.745437,0.003308,,accum_num:accum::5:None:0:None:gray:22,accum,5,,,0
ex_I_4,frame_00005.png,frame_00009.png,,,,0,decode失敗,QR未検出,0.559505,0.702590,0.762829,0.142512,,accum_num:accum::5:None:0:None:gray:1,accum,5,,,0
ex_I_4,frame_00035.png,frame_00039.png,,,,0,decode失敗,QR未検出,0.533467,0.757104,0.776714,0.098836,,accum_num:accum::5:None:0:None:gray:7,accum,5,,,0
ex_I_4,frame_00030.png,frame_00034.png,,,,0,decode失敗,QR未検出,0.608720,0.679397,0.762410,0.166589,,accum_num:accum::5:None:0:None:gray:6,accum,5,,,0
ex_I_4,frame_00020.png,frame_00024.png,,,,0,decode失敗,QR未検出,0.556182,0.726797,0.771390,0.128824,,accum_num:accum::5:None:0:None:gray:4,accum,5,,,0
ex_I_4,frame_00050.png,frame_00054.png,,,,0,decode失敗,QR未検出,0.553019,0.782092,0.789536,0.094927,,accum_num:accum::5:None:0:None:gray:10,accum,5,,,0
ex_I_4,frame_00025.png,frame_00029.png,,,,0,decode失敗,QR未検出,0.565217,0.737899,0.777461,0.124333,,accum_num:accum::5:None:0:None:gray:5,accum,5,,,0
ex_I_4,frame_00000.png,frame_00004.png,,,,0,decode失敗,QR未検出,0.563503,0.731666,0.774796,0.123300,,accum_num:accum::5:None:0:None:gray:0,accum,5,,,0
ex_I_4,frame_00045.png,frame_00049.png,,,,0,decode失敗,QR未検出,0.594314,0.706772,0.771610,0.138611,,accum_num:accum::5:None:0:None:gray:9,accum,5,,,0
ex_I_4,frame_00015.png,frame_00019.png,,,,0,decode失敗,QR未検出,0.547408,0.731128,0.771035,0.121039,,accum_num:accum::5:None:0:None:gray:3,accum,5,,,0
ex_I_4,frame_00010.png,frame_00014.png,,,,0,decode失敗,QR未検出,0.516762,0.771556,0.777218,0.084693,,accum_num:accum::5:None:0:None:gray:2,accum,5,,,0
ex_I_4,frame_00065.png,frame_00069.png,,,,0,decode失敗,QR未検出,0.556457,0.770281,0.786584,0.095112,,accum_num:accum::5:None:0:None:gray:13,accum,5,,,0
ex_I_4,frame_00060.png,frame_00064.png,,,,0,decode失敗,QR未検出,0.546194,0.765836,0.782621,0.093537,,accum_num:accum::5:None:0:None:gray:12,accum,5,,,0
ex_I_4,frame_00070.png,frame_00074.png,,,,0,decode失敗,QR未検出,0.590111,0.711190,0.772566,0.129718,,accum_num:accum::5:None:0:None:gray:14,accum,5,,,0
ex_I_4,frame_00040.png,frame_00044.png,,,,0,decode失敗,QR未検出,0.594204,0.705878,0.771215,0.139050,,accum_num:accum::5:None:0:None:gray:8,accum,5,,,0
ex_I_4,frame_00075.png,frame_00079.png,,,,0,decode失敗,QR未検出,0.615730,0.687774,0.767572,0.170781,,accum_num:accum::5:None:0:None:gray:15,accum,5,,,0
ex_I_4,frame_00055.png,frame_00059.png,,,,0,decode失敗,QR未検出,0.578743,0.743558,0.782605,0.110735,,accum_num:accum::5:None:0:None:gray:11,accum,5,,,0
ex_I_4,frame_00090.png,frame_00094.png,,,,0,decode失敗,QR未検出,0.561114,0.770064,0.787656,0.091617,,accum_num:accum::5:None:0:None:gray:18,accum,5,,,0
ex_I_4,frame_00085.png,frame_00089.png,,,,0,decode失敗,QR未検出,0.594319,0.737216,0.783770,0.117480,,accum_num:accum::5:None:0:None:gray:17,accum,5,,,0
ex_I_4,frame_00100.png,frame_00104.png,,,,0,decode失敗,QR未検出,0.588442,0.753889,0.788627,0.106711,,accum_num:accum::5:None:0:None:gray:20,accum,5,,,0
ex_I_4,frame_00115.png,frame_00119.png,,,,0,decode失敗,QR未検出,0.557072,0.775751,0.788521,0.090228,,accum_num:accum::5:None:0:None:gray:23,accum,5,,,0
ex_I_4,frame_00105.png,frame_00109.png,,,,0,decode失敗,QR未検出,0.562738,0.776762,0.790262,0.091962,,accum_num:accum::5:None:0:None:gray:21,accum,5,,,0
ex_I_4,frame_00095.png,frame_00099.png,,,,0,decode失敗,QR未検出,0.588867,0.741671,0.784222,0.120589,,accum_num:accum::5:None:0:None:gray:19,accum,5,,,0
ex_I_4,frame_00080.png,frame_00084.png,,,,0,decode失敗,QR未検出,0.543046,0.778533,0.785905,0.087445,,accum_num:accum::5:None:0:None:gray:16,accum,5,,,0
ex_I_4,frame_00110.png,frame_00114.png,ex_I_4/rgb_max_accum_n5_gray/00110-00114-FRAME_rgbmax_scale1.00.png,,,0,decode失敗,QR未検出,0.542866,0.795549,0.791082,0.076107,,accum_num:accum::5:None:0:None:gray:22,accum,5,,,0
ex_I_8,frame_00020.png,frame_00024.png,,,,0,decode失敗,QR未検出,0.573621,0.947193,0.839504,0.006052,,accum_num:accum::5:None:0:None:gray:4,accum,5,,,0
ex_I_8,frame_00025.png,frame_00029.png,,,,0,decode失敗,QR未検出,0.581597,0.944786,0.841594,0.006480,,accum_num:accum::5:None:0:None:gray:5,accum,5,,,0
ex_I_8,frame_00000.png,frame_00004.png,,,,0,decode失敗,QR未検出,0.560025,0.949603,0.835534,0.005630,,accum_num:accum::5:None:0:None:gray:0,accum,5,,,0
ex_I_8,frame_00030.png,frame_00034.png,,,,0,decode失敗,QR未検出,0.562843,0.944419,0.835330,0.006300,,accum_num:accum::5:None:0:None:gray:6,accum,5,,,0
ex_I_8,frame_00010.png,frame_00014.png,,,,0,decode失敗,QR未検出,0.582631,0.940330,0.840911,0.007024,,accum_num:accum::5:None:0:None:gray:2,accum,5,,,0
ex_I_8,frame_00065.png,frame_00069.png,,,,0,decode失敗,QR未検出,0.581741,0.943047,0.841244,0.006643,,accum_num:accum::5:None:0:None:gray:13,accum,5,,,0
ex_I_8,frame_00050.png,frame_00054.png,,,,0,decode失敗,QR未検出,0.589532,0.948019,0.844955,0.006159,,accum_num:accum::5:None:0:None:gray:10,accum,5,,,0
ex_I_8,frame_00055.png,frame_00059.png,,,,0,decode失敗,QR未検出,0.574656,0.942833,0.838864,0.006601,,accum_num:accum::5:None:0:None:gray:11,accum,5,,,0
ex_I_8,frame_00040.png,frame_00044.png,,,,0,decode失敗,QR未検出,0.586533,0.944351,0.843121,0.006652,,accum_num:accum::5:None:0:None:gray:8,accum,5,,,0
ex_I_8,frame_00070.png,frame_00074.png,,,,0,decode失敗,QR未検出,0.593904,0.946087,0.845954,0.006428,,accum_num:accum::5:None:0:None:gray:14,accum,5,,,0
ex_I_8,frame_00035.png,frame_00039.png,,,,0,decode失敗,QR未検出,0.586863,0.943485,0.843030,0.006716,,accum_num:accum::5:None:0:None:gray:7,accum,5,,,0
ex_I_8,frame_00045.png,frame_00049.png,,,,0,decode失敗,QR未検出,0.584775,0.942938,0.842216,0.006715,,accum_num:accum::5:None:0:None:gray:9,accum,5,,,0
ex_I_8,frame_00005.png,frame_00009.png,,,,0,decode失敗,QR未検出,0.566766,0.945090,0.836771,0.006231,,accum_num:accum::5:None:0:None:gray:1,accum,5,,,0
ex_I_8,frame_00075.png,frame_00079.png,,,,0,decode失敗,QR未検出,0.591970,0.946631,0.845441,0.006304,,accum_num:accum::5:None:0:None:gray:15,accum,5,,,0
ex_I_8,frame_00060.png,frame_00064.png,,,,0,decode失敗,QR未検出,0.583510,0.939605,0.841032,0.007146,,accum_num:accum::5:None:0:None:gray:12,accum,5,,,0
ex_I_8,frame_00015.png,frame_00019.png,,,,0,decode失敗,QR未検出,0.590216,0.941426,0.843655,0.007008,,accum_num:accum::5:None:0:None:gray:3,accum,5,,,0
ex_I_8,frame_00095.png,frame_00099.png,,,,0,decode失敗,QR未検出,0.597557,0.944776,0.846853,0.006641,,accum_num:accum::5:None:0:None:gray:19,accum,5,,,0
ex_I_8,frame_00090.png,frame_00094.png,,,,0,decode失敗,QR未検出,0.594843,0.945273,0.846074,0.006513,,accum_num:accum::5:None:0:None:gray:18,accum,5,,,0
ex_I_8,frame_00080.png,frame_00084.png,,,,0,decode失敗,QR未検出,0.592155,0.948693,0.845978,0.006096,,accum_num:accum::5:None:0:None:gray:16,accum,5,,,0
ex_I_8,frame_00085.png,frame_00089.png,,,,0,decode失敗,QR未検出,0.594683,0.943992,0.845723,0.006709,,accum_num:accum::5:None:0:None:gray:17,accum,5,,,0
ex_I_8,frame_00100.png,frame_00104.png,,,,0,decode失敗,QR未検出,0.601434,0.941498,0.847355,0.007101,,accum_num:accum::5:None:0:None:gray:20,accum,5,,,0
ex_I_8,frame_00110.png,frame_00114.png,,,,0,decode失敗,QR未検出,0.603838,0.944152,0.848776,0.006758,,accum_num:accum::5:None:0:None:gray:22,accum,5,,,0
ex_I_8,frame_00105.png,frame_00109.png,ex_I_8/rgb_max_accum_n5_gray/00105-00109-FRAME_rgbmax_scale1.00.png,,,0,decode失敗,QR未検出,0.614071,0.943965,0.852102,0.007059,,accum_num:accum::5:None:0:None:gray:21,accum,5,,,0
ex_I_8,frame_00115.png,frame_00119.png,,,,0,decode失敗,QR未検出,0.598806,0.943019,0.846851,0.006873,,accum_num:accum::5:None:0:None:gray:23,accum,5,,,0
ex_I_12,frame_00045.png,frame_00049.png,,,,0,decode失敗,QR未検出,0.606976,0.952378,0.851754,0.005731,,accum_num:accum::5:None:0:None:gray:9,accum,5,,,0
ex_I_12,frame_00050.png,frame_00054.png,,,,0,decode失敗,QR未検出,0.604987,0.957780,0.852347,0.005036,,accum_num:accum::5:None:0:None:gray:10,accum,5,,,0
ex_I_12,frame_00035.png,frame_00039.png,,,,0,decode失敗,QR未検出,0.595988,0.956456,0.849033,0.005123,,accum_num:accum::5:None:0:None:gray:7,accum,5,,,0
ex_I_12,frame_00065.png,frame_00069.png,,,,0,decode失敗,QR未検出,0.616395,0.952137,0.854830,0.005851,,accum_num:accum::5:None:0:None:gray:13,accum,5,,,0
ex_I_12,frame_00005.png,frame_00009.png,,,,0,decode失敗,QR未検出,0.591840,0.957324,0.847843,0.004982,,accum_num:accum::5:None:0:None:gray:1,accum,5,,,0
ex_I_12,frame_00070.png,frame_00074.png,,,,0,decode失敗,QR未検出,0.607235,0.958746,0.853323,0.004934,,accum_num:accum::5:None:0:None:gray:14,accum,5,,,0
ex_I_12,frame_00055.png,frame_00059.png,,,,0,decode失敗,QR未検出,0.606111,0.951924,0.851360,0.005780,,accum_num:accum::5:None:0:None:gray:11,accum,5,,,0
ex_I_12,frame_00060.png,frame_00064.png,,,,0,decode失敗,QR未検出,0.611963,0.956274,0.854329,0.005284,,accum_num:accum::5:None:0:None:gray:12,accum,5,,,0
ex_I_12,frame_00075.png,frame_00079.png,,,,0,decode失敗,QR未検出,0.612627,0.955849,0.854452,0.005343,,accum_num:accum::5:None:0:None:gray:15,accum,5,,,0
ex_I_12,frame_00020.png,frame_00024.png,,,,0,decode失敗,QR未検出,0.592145,0.955423,0.847514,0.005217,,accum_num:accum::5:None:0:None:gray:4,accum,5,,,0
ex_I_12,frame_00030.png,frame_00034.png,,,,0,decode失敗,QR未検出,0.597866,0.955487,0.849439,0.005259,,accum_num:accum::5:None:0:None:gray:6,accum,5,,,0
ex_I_12,frame_00010.png,frame_00014.png,,,,0,decode失敗,QR未検出,0.591960,0.954340,0.847206,0.005348,,accum_num:accum::5:None:0:None:gray:2,accum,5,,,0
ex_I_12,frame_00000.png,frame_00004.png,,,,0,decode失敗,QR未検出,0.597252,0.954711,0.849056,0.005356,,accum_num:accum::5:None:0:None:gray:0,accum,5,,,0
ex_I_12,frame_00025.png,frame_00029.png,,,,0,decode失敗,QR未検出,0.592645,0.957379,0.848125,0.004982,,accum_num:accum::5:None:0:None:gray:5,accum,5,,,0
ex_I_12,frame_00040.png,frame_00044.png,,,,0,decode失敗,QR未検出,0.607240,0.953743,0.852162,0.005568,,accum_num:accum::5:None:0:None:gray:8,accum,5,,,0
ex_I_12,frame_00015.png,frame_00019.png,,,,0,decode失敗,QR未検出,0.592090,0.958185,0.848122,0.004879,,accum_num:accum::5:None:0:None:gray:3,accum,5,,,0
ex_I_12,frame_00080.png,frame_00084.png,,,,0,decode失敗,QR未検出,0.612502,0.955788,0.854396,0.005350,,accum_num:accum::5:None:0:None:gray:16,accum,5,,,0
ex_I_12,frame_00090.png,frame_00094.png,,,,0,decode失敗,QR未検出,0.613422,0.955495,0.854634,0.005395,,accum_num:accum::5:None:0:None:gray:18,accum,5,,,0
ex_I_12,frame_00095.png,frame_00099.png,,,,0,decode失敗,QR未検出,0.616939,0.954961,0.855682,0.005494,,accum_num:accum::5:None:0:None:gray:19,accum,5,,,0
ex_I_12,frame_00100.png,frame_00104.png,,,,0,decode失敗,QR未検出,0.616210,0.954807,0.855402,0.005507,,accum_num:accum::5:None:0:None:gray:20,accum,5,,,0
ex_I_12,frame_00105.png,frame_00109.png,,,,0,decode失敗,QR未検出,0.619923,0.954720,0.856620,0.005552,,accum_num:accum::5:None:0:None:gray:21,accum,5,,,0
ex_I_12,frame_00110.png,frame_00114.png,ex_I_12/rgb_max_accum_n5_gray/00110-00114-FRAME_rgbmax_scale1.00.png,,,0,decode失敗,QR未検出,0.626289,0.959268,0.859832,0.005021,,accum_num:accum::5:None:0:None:gray:22,accum,5,,,0
ex_I_12,frame_00085.png,frame_00089.png,,,,0,decode失敗,QR未検出,0.622316,0.954074,0.857264,0.005656,,accum_num:accum::5:None:0:None:gray:17,accum,5,,,0
ex_I_12,frame_00115.png,frame_00119.png,,,,0,decode失敗,QR未検出,0.621686,0.956244,0.857572,0.005372,,accum_num:accum::5:None:0:None:gray:23,accum,5,,,0
rice_X_4,frame_00050.png,frame_00054.png,,,,0,decode失敗,QR未検出,0.700667,0.741655,0.809727,0.128015,,accum_num:accum::5:None:0:None:gray:10,accum,5,,,0
rice_X_4,frame_00025.png,frame_00029.png,,,,0,decode失敗,QR未検出,0.741247,0.730436,0.813611,0.138598,,accum_num:accum::5:None:0:None:gray:5,accum,5,,,0
rice_X_4,frame_00040.png,frame_00044.png,,,,0,decode失敗,QR未検出,0.751200,0.741991,0.821418,0.139030,,accum_num:accum::5:None:0:None:gray:8,accum,5,,,0
rice_X_4,frame_00055.png,frame_00059.png,,,,0,decode失敗,QR未検出,0.732542,0.738152,0.815359,0.133078,,accum_num:accum::5:None:0:None:gray:11,accum,5,,,0
rice_X_4,frame_00030.png,frame_00034.png,,,,0,decode失敗,QR未検出,0.738423,0.734387,0.814892,0.141357,,accum_num:accum::5:None:0:None:gray:6,accum,5,,,0
rice_X_4,frame_00000.png,frame_00004.png,,,,0,decode失敗,QR未検出,0.717577,0.716056,0.801474,0.151301,,accum_num:accum::5:None:0:None:gray:0,accum,5,,,0
rice_X_4,frame_00065.png,frame_00069.png,,,,0,decode失敗,QR未検出,0.716982,0.737103,0.811359,0.131478,,accum_num:accum::5:None:0:None:gray:13,accum,5,,,0
rice_X_4,frame_00015.png,frame_00019.png,,,,0,decode失敗,QR未検出,0.712065,0.747077,0.814768,0.124243,,accum_num:accum::5:None:0:None:gray:3,accum,5,,,0
rice_X_4,frame_00005.png,frame_00009.png,,,,0,decode失敗,QR未検出,0.751785,0.721993,0.811725,0.151207,,accum_num:accum::5:None:0:None:gray:1,accum,5,,,0
rice_X_4,frame_00010.png,frame_00014.png,,,,0,decode失敗,QR未検出,0.742581,0.741703,0.819313,0.133625,,accum_num:accum::5:None:0:None:gray:2,accum,5,,,0
rice_X_4,frame_00060.png,frame_00064.png,,,,0,decode失敗,QR未検出,0.740987,0.717392,0.807095,0.145939,,accum_num:accum::5:None:0:None:gray:12,accum,5,,,0
rice_X_4,frame_00020.png,frame_00024.png,,,,0,decode失敗,QR未検出,0.730688,0.745481,0.818347,0.140343,,accum_num:accum::5:None:0:None:gray:4,accum,5,,,0
rice_X_4,frame_00035.png,frame_00039.png,,,,0,decode失敗,QR未検出,0.761309,0.728977,0.817313,0.142558,,accum_num:accum::5:None:0:None:gray:7,accum,5,,,0
rice_X_4,frame_00045.png,frame_00049.png,,,,0,decode失敗,QR未検出,0.739373,0.742072,0.818755,0.130218,,accum_num:accum::5:None:0:None:gray:9,accum,5,,,0
rice_X_4,frame_00070.png,frame_00074.png,,,,0,decode失敗,QR未検出,0.746039,0.737748,0.818214,0.139120,,accum_num:accum::5:None:0:None:gray:14,accum,5,,,0
rice_X_4,frame_00075.png,frame_00079.png,,,,0,decode失敗,QR未検出,0.765601,0.728739,0.818137,0.148576,,accum_num:accum::5:None:0:None:gray:15,accum,5,,,0
rice_X_4,frame_00080.png,frame_00084.png,,,,0,decode失敗,QR未検出,0.742231,0.743639,0.820146,0.124445,,accum_num:accum::5:None:0:None:gray:16,accum,5,,,0
rice_X_4,frame_00085.png,frame_00089.png,,,,0,decode失敗,QR未検出,0.754618,0.738117,0.820330,0.140996,,accum_num:accum::5:None:0:None:gray:17,accum,5,,,0
rice_X_4,frame_00095.png,frame_00099.png,,,,0,decode失敗,QR未検出,0.743700,0.741688,0.819562,0.132703,,accum_num:accum::5:None:0:None:gray:19,accum,5,,,0
rice_X_4,frame_00105.png,frame_00109.png,rice_X_4/rgb_max_accum_n5_gray/00105-00109-FRAME_rgbmax_scale1.00.png,,,0,decode失敗,QR未検出,0.730913,0.762388,0.826013,0.122181,,accum_num:accum::5:None:0:None:gray:21,accum,5,,,0
rice_X_4,frame_00100.png,frame_00104.png,,,,0,decode失敗,QR未検出,0.719920,0.757300,0.821142,0.124294,,accum_num:accum::5:None:0:None:gray:20,accum,5,,,0
rice_X_4,frame_00110.png,frame_00114.png,,,,0,decode失敗,QR未検出,0.737539,0.750202,0.822107,0.125946,,accum_num:accum::5:None:0:None:gray:22,accum,5,,,0
rice_X_4,frame_00115.png,frame_00119.png,,,,0,decode失敗,QR未検出,0.747183,0.725128,0.812301,0.142729,,accum_num:accum::5:None:0:None:gray:23,accum,5,,,0
rice_X_4,frame_00090.png,frame_00094.png,,,,0,decode失敗,QR未検出,0.763153,0.735933,0.821184,0.142146,,accum_num:accum::5:None:0:None:gray:18,accum,5,,,0
rice_X_8,frame_00040.png,frame_00044.png,,,,0,decode失敗,QR未検出,0.826518,0.910972,0.910971,0.018259,,accum_num:accum::5:None:0:None:gray:8,accum,5,,,0
rice_X_8,frame_00020.png,frame_00024.png,,,,0,decode失敗,QR未検出,0.831001,0.903787,0.909848,0.019514,,accum_num:accum::5:None:0:None:gray:4,accum,5,,,0
rice_X_8,frame_00055.png,frame_00059.png,,,,0,decode失敗,QR未検出,0.831440,0.913108,0.913274,0.018557,,accum_num:accum::5:None:0:None:gray:11,accum,5,,,0
rice_X_8,frame_00045.png,frame_00049.png,,,,0,decode失敗,QR未検出,0.823825,0.914567,0.911365,0.017743,,accum_num:accum::5:None:0:None:gray:9,accum,5,,,0
rice_X_8,frame_00070.png,frame_00074.png,,,,0,decode失敗,QR未検出,0.838611,0.906409,0.913169,0.020193,,accum_num:accum::5:None:0:None:gray:14,accum,5,,,0
rice_X_8,frame_00050.png,frame_00054.png,,,,0,decode失敗,QR未検出,0.838561,0.907732,0.913626,0.020198,,accum_num:accum::5:None:0:None:gray:10,accum,5,,,0
rice_X_8,frame_00035.png,frame_00039.png,,,,0,decode失敗,QR未検出,0.834658,0.910988,0.913549,0.019334,,accum_num:accum::5:None:0:None:gray:7,accum,5,,,0
rice_X_8,frame_00025.png,frame_00029.png,,,,0,decode失敗,QR未検出,0.826713,0.913209,0.911811,0.018498,,accum_num:accum::5:None:0:None:gray:5,accum,5,,,0
rice_X_8,frame_00030.png,frame_00034.png,,,,0,decode失敗,QR未検出,0.841154,0.910549,0.915445,0.019986,,accum_num:accum::5:None:0:None:gray:6,accum,5,,,0
rice_X_8,frame_00005.png,frame_00009.png,,,,0,decode失敗,QR未検出,0.830976,0.909220,0.911764,0.019914,,accum_num:accum::5:None:0:None:gray:1,accum,5,,,0
rice_X_8,frame_00075.png,frame_00079.png,,,,0,decode失敗,QR未検出,0.823520,0.923847,0.914436,0.015695,,accum_num:accum::5:None:0:None:gray:15,accum,5,,,0
rice_X_8,frame_00000.png,frame_00004.png,,,,0,decode失敗,QR未検出,0.830941,0.914879,0.913732,0.018304,,accum_num:accum::5:None:0:None:gray:0,accum,5,,,0
rice_X_8,frame_00015.png,frame_00019.png,,,,0,decode失敗,QR未検出,0.828197,0.911512,0.911691,0.019415,,accum_num:accum::5:None:0:None:gray:3,accum,5,,,0
rice_X_8,frame_00010.png,frame_00014.png,,,,0,decode失敗,QR未検出,0.832400,0.904026,0.910371,0.020033,,accum_num:accum::5:None:0:None:gray:2,accum,5,,,0
rice_X_8,frame_00060.png,frame_00064.png,,,,0,decode失敗,QR未検出,0.825039,0.912710,0.911108,0.017283,,accum_num:accum::5:None:0:None:gray:12,accum,5,,,0
rice_X_8,frame_00065.png,frame_00069.png,,,,0,decode失敗,QR未検出,0.833649,0.911442,0.913390,0.017649,,accum_num:accum::5:None:0:None:gray:13,accum,5,,,0
rice_X_8,frame_00090.png,frame_00094.png,,,,0,decode失敗,QR未検出,0.833214,0.912063,0.913470,0.018361,,accum_num:accum::5:None:0:None:gray:18,accum,5,,,0
rice_X_8,frame_00095.png,frame_00099.png,,,,0,decode失敗,QR未検出,0.839465,0.913375,0.915911,0.017985,,accum_num:accum::5:None:0:None:gray:19,accum,5,,,0
rice_X_8,frame_00115.png,frame_00119.png,,,,0,decode失敗,QR未検出,0.835453,0.907071,0.912413,0.019563,,accum_num:accum::5:None:0:None:gray:23,accum,5,,,0
rice_X_8,frame_00110.png,frame_00114.png,,,,0,decode失敗,QR未検出,0.840075,0.909785,0.914833,0.019647,,accum_num:accum::5:None:0:None:gray:22,accum,5,,,0
rice_X_8,frame_00080.png,frame_00084.png,,,,0,decode失敗,QR未検出,0.845122,0.903743,0.914250,0.020595,,accum_num:accum::5:None:0:None:gray:16,accum,5,,,0
rice_X_8,frame_00105.png,frame_00109.png,rice_X_8/rgb_max_accum_n5_gray/00105-00109-FRAME_rgbmax_scale1.00.png,,,0,decode失敗,QR未検出,0.841354,0.912483,0.916194,0.019322,,accum_num:accum::5:None:0:None:gray:21,accum,5,,,0
rice_X_8,frame_00100.png,frame_00104.png,,,,0,decode失敗,QR未検出,0.830401,0.912923,0.912880,0.017539,,accum_num:accum::5:None:0:None:gray:20,accum,5,,,0
rice_X_8,frame_00085.png,frame_00089.png,,,,0,decode失敗,QR未検出,0.846051,0.906325,0.915475,0.018871,,accum_num:accum::5:None:0:None:gray:17,accum,5,,,0
rice_X_12,frame_00015.png,frame_00019.png,,,https://www.nagaoka-ct.ac.jp,1,opencv_gray_x1.0_k3_i1,,0.350041,0.991325,0.771342,0.000578,,accum_num:accum::5:None:0:None:gray:3,accum,5,,,0
rice_X_12,frame_00025.png,frame_00029.png,,,,0,decode失敗,QR未検出,0.870731,0.945912,0.937302,0.009472,,accum_num:accum::5:None:0:None:gray:5,accum,5,,,0
rice_X_12,frame_00060.png,frame_00064.png,,,,0,decode失敗,QR未検出,0.865454,0.946608,0.935796,0.009282,,accum_num:accum::5:None:0:None:gray:12,accum,5,,,0
rice_X_12,frame_00035.png,frame_00039.png,,,,0,decode失敗,QR未検出,0.876722,0.945966,0.939299,0.009568,,accum_num:accum::5:None:0:None:gray:7,accum,5,,,0
rice_X_12,frame_00040.png,frame_00044.png,,,,0,decode失敗,QR未検出,0.869841,0.945865,0.936993,0.009483,,accum_num:accum::5:None:0:None:gray:8,accum,5,,,0
rice_X_12,frame_00050.png,frame_00054.png,,,,0,decode失敗,QR未検出,0.875378,0.945311,0.938630,0.009818,,accum_num:accum::5:None:0:None:gray:10,accum,5,,,0
rice_X_12,frame_00005.png,frame_00009.png,,,,0,decode失敗,QR未検出,0.864740,0.943691,0.934571,0.009827,,accum_num:accum::5:None:0:None:gray:1,accum,5,,,0
rice_X_12,frame_00000.png,frame_00004.png,,,,0,decode失敗,QR未検出,0.868707,0.944288,0.936081,0.009705,,accum_num:accum::5:None:0:None:gray:0,accum,5,,,0
rice_X_12,frame_00030.png,frame_00034.png,,,,0,decode失敗,QR未検出,0.871870,0.946189,0.937773,0.009523,,accum_num:accum::5:None:0:None:gray:6,accum,5,,,0
rice_X_12,frame_00045.png,frame_00049.png,,,,0,decode失敗,QR未検出,0.872535,0.943207,0.936972,0.010058,,accum_num:accum::5:None:0:None:gray:9,accum,5,,,0
rice_X_12,frame_00070.png,frame_00074.png,,,,0,decode失敗,QR未検出,0.867638,0.944953,0.935955,0.009768,,accum_num:accum::5:None:0:None:gray:14,accum,5,,,0
rice_X_12,frame_00065.png,frame_00069.png,,,,0,decode失敗,QR未検出,0.867653,0.943665,0.935521,0.009967,,accum_num:accum::5:None:0:None:gray:13,accum,5,,,0
rice_X_12,frame_00105.png,frame_00109.png,rice_X_12/rgb_max_accum_n5_gray/00105-00109-FRAME_rgbmax_scale1.00.png,,https://www.nagaoka-ct.ac.jp,1,opencv_gray_x1.0_k3_i1,,0.353679,0.993445,0.772872,0.000441,,accum_num:accum::5:None:0:None:gray:21,accum,5,,,0
rice_X_12,frame_00020.png,frame_00024.png,,,,0,decode失敗,QR未検出,0.877966,0.943276,0.938783,0.010065,,accum_num:accum::5:None:0:None:gray:4,accum,5,,,0
rice_X_12,frame_00075.png,frame_00079.png,,,,0,decode失敗,QR未検出,0.871825,0.944098,0.937043,0.009947,,accum_num:accum::5:None:0:None:gray:15,accum,5,,,0
rice_X_12,frame_00010.png,frame_00014.png,,,,0,decode失敗,QR未検出,0.868357,0.944688,0.936102,0.009775,,accum_num:accum::5:None:0:None:gray:2,accum,5,,,0
rice_X_12,frame_00055.png,frame_00059.png,,,,0,decode失敗,QR未検出,0.873954,0.945523,0.938233,0.009754,,accum_num:accum::5:None:0:None:gray:11,accum,5,,,0
rice_X_12,frame_00080.png,frame_00084.png,,,,0,decode失敗,QR未検出,0.874029,0.942450,0.937203,0.010118,,accum_num:accum::5:None:0:None:gray:16,accum,5,,,0
rice_X_12,frame_00090.png,frame_00094.png,,,,0,decode失敗,QR未検出,0.871121,0.942702,0.936333,0.010053,,accum_num:accum::5:None:0:None:gray:18,accum,5,,,0
rice_X_12,frame_00115.png,frame_00119.png,,,,0,decode失敗,QR未検出,0.877292,0.947168,0.939899,0.009310,,accum_num:accum::5:None:0:None:gray:23,accum,5,,,0
rice_X_12,frame_00110.png,frame_00114.png,,,,0,decode失敗,QR未検出,0.874958,0.945705,0.938627,0.009519,,accum_num:accum::5:None:0:None:gray:22,accum,5,,,0
rice_X_12,frame_00085.png,frame_00089.png,,,,0,decode失敗,QR未検出,0.875363,0.945769,0.938783,0.009601,,accum_num:accum::5:None:0:None:gray:17,accum,5,,,0
rice_X_12,frame_00095.png,frame_00099.png,,,,0,decode失敗,QR未検出,0.868062,0.946574,0.936646,0.009251,,accum_num:accum::5:None:0:None:gray:19,accum,5,,,0
rice_X_12,frame_00100.png,frame_00104.png,,,,0,decode失敗,QR未検出,0.869951,0.946324,0.937185,0.009485,,accum_num:accum::5:None:0:None:gray:20,accum,5,,,0
nagaoka_fireworks_X_4,frame_00045.png,frame_00049.png,,,,0,decode失敗,QR未検出,0.599635,0.586274,0.711642,0.160324,,accum_num:accum::5:None:0:None:gray:9,accum,5,,,0
nagaoka_fireworks_X_4,frame_00035.png,frame_00039.png,,,,0,decode失敗,QR未検出,0.584215,0.623073,0.730661,0.135430,,accum_num:accum::5:None:0:None:gray:7,accum,5,,,0
nagaoka_fireworks_X_4,frame_00005.png,frame_00009.png,,,,0,decode失敗,QR未検出,0.624555,0.558034,0.695333,0.193470,,accum_num:accum::5:None:0:None:gray:1,accum,5,,,0
nagaoka_fireworks_X_4,frame_00030.png,frame_00034.png,,,,0,decode失敗,QR未検出,0.568690,0.607542,0.720343,0.145320,,accum_num:accum::5:None:0:None:gray:6,accum,5,,,0
nagaoka_fireworks_X_4,frame_00000.png,frame_00004.png,,,,0,decode失敗,QR未検出,0.604042,0.581061,0.708860,0.162185,,accum_num:accum::5:None:0:None:gray:0,accum,5,,,0
nagaoka_fireworks_X_4,frame_00060.png,frame_00064.png,,,,0,decode失敗,QR未検出,0.618164,0.575877,0.706886,0.172557,,accum_num:accum::5:None:0:None:gray:12,accum,5,,,0
nagaoka_fireworks_X_4,frame_00065.png,frame_00069.png,,,,0,decode失敗,QR未検出,0.605487,0.581179,0.709075,0.162386,,accum_num:accum::5:None:0:None:gray:13,accum,5,,,0
nagaoka_fireworks_X_4,frame_00015.png,frame_00019.png,,,,0,decode失敗,QR未検出,0.571728,0.592742,0.712492,0.145491,,accum_num:accum::5:None:0:None:gray:3,accum,5,,,0
nagaoka_fireworks_X_4,frame_00070.png,frame_00074.png,,,,0,decode失敗,QR未検出,0.588897,0.620586,0.729982,0.135419,,accum_num:accum::5:None:0:None:gray:14,accum,5,,,0
nagaoka_fireworks_X_4,frame_00055.png,frame_00059.png,,,,0,decode失敗,QR未検出,0.609919,0.554186,0.691610,0.189100,,accum_num:accum::5:None:0:None:gray:11,accum,5,,,0
nagaoka_fireworks_X_4,frame_00040.png,frame_00044.png,,,,0,decode失敗,QR未検出,0.586468,0.624681,0.731821,0.129642,,accum_num:accum::5:None:0:None:gray:8,accum,5,,,0
nagaoka_fireworks_X_4,frame_00010.png,frame_00014.png,,,,0,decode失敗,QR未検出,0.581916,0.600289,0.717930,0.151505,,accum_num:accum::5:None:0:None:gray:2,accum,5,,,0
nagaoka_fireworks_X_4,frame_00020.png,frame_00024.png,,,,0,decode失敗,QR未検出,0.598356,0.600706,0.720096,0.157019,,accum_num:accum::5:None:0:None:gray:4,accum,5,,,0
nagaoka_fireworks_X_4,frame_00075.png,frame_00079.png,,,,0,decode失敗,QR未検出,0.592660,0.586018,0.710769,0.161194,,accum_num:accum::5:None:0:None:gray:15,accum,5,,,0
nagaoka_fireworks_X_4,frame_00025.png,frame_00029.png,,,,0,decode失敗,QR未検出,0.573352,0.621033,0.728099,0.138464,,accum_num:accum::5:None:0:None:gray:5,accum,5,,,0
nagaoka_fireworks_X_4,frame_00050.png,frame_00054.png,,,,0,decode失敗,QR未検出,0.611723,0.550296,0.689001,0.186868,,accum_num:accum::5:None:0:None:gray:10,accum,5,,,0
nagaoka_fireworks_X_4,frame_00090.png,frame_00094.png,,,,0,decode失敗,QR未検出,0.602079,0.613058,0.727604,0.147803,,accum_num:accum::5:None:0:None:gray:18,accum,5,,,0
nagaoka_fireworks_X_4,frame_00080.png,frame_00084.png,,,,0,decode失敗,QR未検出,0.570973,0.592116,0.712053,0.148862,,accum_num:accum::5:None:0:None:gray:16,accum,5,,,0
nagaoka_fireworks_X_4,frame_00100.png,frame_00104.png,,,,0,decode失敗,QR未検出,0.579853,0.618441,0.727616,0.135778,,accum_num:accum::5:None:0:None:gray:20,accum,5,,,0
nagaoka_fireworks_X_4,frame_00095.png,frame_00099.png,,,,0,decode失敗,QR未検出,0.601114,0.594940,0.717024,0.155810,,accum_num:accum::5:None:0:None:gray:19,accum,5,,,0
nagaoka_fireworks_X_4,frame_00115.png,frame_00119.png,,,,0,decode失敗,QR未検出,0.655186,0.543127,0.686280,0.212224,,accum_num:accum::5:None:0:None:gray:23,accum,5,,,0
nagaoka_fireworks_X_4,frame_00085.png,frame_00089.png,,,,0,decode失敗,QR未検出,0.559555,0.632254,0.731816,0.125439,,accum_num:accum::5:None:0:None:gray:17,accum,5,,,0
nagaoka_fireworks_X_4,frame_00105.png,frame_00109.png,nagaoka_fireworks_X_4/rgb_max_accum_n5_gray/00105-00109-FRAME_rgbmax_scale1.00.png,,,0,decode失敗,QR未検出,0.567525,0.640294,0.736930,0.122202,,accum_num:accum::5:None:0:None:gray:21,accum,5,,,0
nagaoka_fireworks_X_4,frame_00110.png,frame_00114.png,,,,0,decode失敗,QR未検出,0.626523,0.547555,0.687953,0.197155,,accum_num:accum::5:None:0:None:gray:22,accum,5,,,0
nagaoka_fireworks_X_8,frame_00005.png,frame_00009.png,,,,0,decode失敗,QR未検出,0.589806,0.910139,0.835979,0.012495,,accum_num:accum::5:None:0:None:gray:1,accum,5,,,0
nagaoka_fireworks_X_8,frame_00055.png,frame_00059.png,,,,0,decode失敗,QR未検出,0.591950,0.912574,0.837263,0.011987,,accum_num:accum::5:None:0:None:gray:11,accum,5,,,0
nagaoka_fireworks_X_8,frame_00040.png,frame_00044.png,,,,0,decode失敗,QR未検出,0.573646,0.910555,0.830980,0.012023,,accum_num:accum::5:None:0:None:gray:8,accum,5,,,0
nagaoka_fireworks_X_8,frame_00050.png,frame_00054.png,,,,0,decode失敗,QR未検出,0.611878,0.889512,0.837485,0.016367,,accum_num:accum::5:None:0:None:gray:10,accum,5,,,0
nagaoka_fireworks_X_8,frame_00015.png,frame_00019.png,,,,0,decode失敗,QR未検出,0.594558,0.908477,0.837060,0.012308,,accum_num:accum::5:None:0:None:gray:3,accum,5,,,0
nagaoka_fireworks_X_8,frame_00020.png,frame_00024.png,,,,0,decode失敗,QR未検出,0.592715,0.909005,0.836612,0.012235,,accum_num:accum::5:None:0:None:gray:4,accum,5,,,0
nagaoka_fireworks_X_8,frame_00070.png,frame_00074.png,,,,0,decode失敗,QR未検出,0.573597,0.916422,0.832376,0.011483,,accum_num:accum::5:None:0:None:gray:14,accum,5,,,0
nagaoka_fireworks_X_8,frame_00060.png,frame_00064.png,,,,0,decode失敗,QR未検出,0.560894,0.923070,0.829878,0.009630,,accum_num:accum::5:None:0:None:gray:12,accum,5,,,0
nagaoka_fireworks_X_8,frame_00025.png,frame_00029.png,,,,0,decode失敗,QR未検出,0.579958,0.913243,0.833629,0.011997,,accum_num:accum::5:None:0:None:gray:5,accum,5,,,0
nagaoka_fireworks_X_8,frame_00030.png,frame_00034.png,,,,0,decode失敗,QR未検出,0.571298,0.911113,0.830373,0.011639,,accum_num:accum::5:None:0:None:gray:6,accum,5,,,0
nagaoka_fireworks_X_8,frame_00035.png,frame_00039.png,,,,0,decode失敗,QR未検出,0.576450,0.903418,0.830114,0.013377,,accum_num:accum::5:None:0:None:gray:7,accum,5,,,0
nagaoka_fireworks_X_8,frame_00000.png,frame_00004.png,,,,0,decode失敗,QR未検出,0.588837,0.910475,0.835757,0.012020,,accum_num:accum::5:None:0:None:gray:0,accum,5,,,0
nagaoka_fireworks_X_8,frame_00075.png,frame_00079.png,,,,0,decode失敗,QR未検出,0.574936,0.914357,0.832306,0.011305,,accum_num:accum::5:None:0:None:gray:15,accum,5,,,0
nagaoka_fireworks_X_8,frame_00045.png,frame_00049.png,,,,0,decode失敗,QR未検出,0.575740,0.908374,0.831110,0.012358,,accum_num:accum::5:None:0:None:gray:9,accum,5,,,0
nagaoka_fireworks_X_8,frame_00065.png,frame_00069.png,,,,0,decode失敗,QR未検出,0.579693,0.914884,0.833944,0.011335,,accum_num:accum::5:None:0:None:gray:13,accum,5,,,0
nagaoka_fireworks_X_8,frame_00010.png,frame_00014.png,,,,0,decode失敗,QR未検出,0.577989,0.907458,0.831592,0.012053,,accum_num:accum::5:None:0:None:gray:2,accum,5,,,0
nagaoka_fireworks_X_8,frame_00085.png,frame_00089.png,,,,0,decode失敗,QR未検出,0.571073,0.907911,0.829528,0.012273,,accum_num:accum::5:None:0:None:gray:17,accum,5,,,0
nagaoka_fireworks_X_8,frame_00090.png,frame_00094.png,,,,0,decode失敗,QR未検出,0.573986,0.914424,0.832021,0.010996,,accum_num:accum::5:None:0:None:gray:18,accum,5,,,0
nagaoka_fireworks_X_8,frame_00095.png,frame_00099.png,,,,0,decode失敗,QR未検出,0.593939,0.904258,0.835797,0.012849,,accum_num:accum::5:None:0:None:gray:19,accum,5,,,0
nagaoka_fireworks_X_8,frame_00105.png,frame_00109.png,,,,0,decode失敗,QR未検出,0.574026,0.913731,0.831867,0.011159,,accum_num:accum::5:None:0:None:gray:21,accum,5,,,0
nagaoka_fireworks_X_8,frame_00080.png,frame_00084.png,,,,0,decode失敗,QR未検出,0.575730,0.917202,0.833242,0.010932,,accum_num:accum::5:None:0:None:gray:16,accum,5,,,0
nagaoka_fireworks_X_8,frame_00110.png,frame_00114.png,,,,0,decode失敗,QR未検出,0.596907,0.902093,0.836171,0.014651,,accum_num:accum::5:None:0:None:gray:22,accum,5,,,0
nagaoka_fireworks_X_8,frame_00115.png,frame_00119.png,,,,0,decode失敗,QR未検出,0.590816,0.904623,0.834912,0.013410,,accum_num:accum::5:None:0:None:gray:23,accum,5,,,0
nagaoka_fireworks_X_8,frame_00100.png,frame_00104.png,nagaoka_fireworks_X_8/rgb_max_accum_n5_gray/00100-00104-FRAME_rgbmax_scale1.00.png,,,0,decode失敗,QR未検出,0.594658,0.910305,0.837552,0.012149,,accum_num:accum::5:None:0:None:gray:20,accum,5,,,0
nagaoka_fireworks_X_12,frame_00060.png,frame_00064.png,,,,0,decode失敗,QR未検出,0.636912,0.953301,0.861939,0.005899,,accum_num:accum::5:None:0:None:gray:12,accum,5,,,0
nagaoka_fireworks_X_12,frame_00040.png,frame_00044.png,,,,0,decode失敗,QR未検出,0.629182,0.954162,0.859573,0.005835,,accum_num:accum::5:None:0:None:gray:8,accum,5,,,0
nagaoka_fireworks_X_12,frame_00050.png,frame_00054.png,,,,0,decode失敗,QR未検出,0.631181,0.953861,0.860166,0.005820,,accum_num:accum::5:None:0:None:gray:10,accum,5,,,0
nagaoka_fireworks_X_12,frame_00000.png,frame_00004.png,,,,0,decode失敗,QR未検出,0.634294,0.951773,0.860693,0.006110,,accum_num:accum::5:None:0:None:gray:0,accum,5,,,0
nagaoka_fireworks_X_12,frame_00010.png,frame_00014.png,,,,0,decode失敗,QR未検出,0.634728,0.954286,0.861452,0.005826,,accum_num:accum::5:None:0:None:gray:2,accum,5,,,0
nagaoka_fireworks_X_12,frame_00025.png,frame_00029.png,,,,0,decode失敗,QR未検出,0.628272,0.951874,0.858716,0.006041,,accum_num:accum::5:None:0:None:gray:5,accum,5,,,0
nagaoka_fireworks_X_12,frame_00055.png,frame_00059.png,nagaoka_fireworks_X_12/rgb_max_accum_n5_gray/00055-00059-FRAME_rgbmax_scale1.00.png,,,0,decode失敗,QR未検出,0.643003,0.954919,0.864367,0.005829,,accum_num:accum::5:None:0:None:gray:11,accum,5,,,0
nagaoka_fireworks_X_12,frame_00030.png,frame_00034.png,,,,0,decode失敗,QR未検出,0.633489,0.954021,0.860975,0.005814,,accum_num:accum::5:None:0:None:gray:6,accum,5,,,0
nagaoka_fireworks_X_12,frame_00035.png,frame_00039.png,,,,0,decode失敗,QR未検出,0.638211,0.952247,0.862112,0.006179,,accum_num:accum::5:None:0:None:gray:7,accum,5,,,0
nagaoka_fireworks_X_12,frame_00045.png,frame_00049.png,,,,0,decode失敗,QR未検出,0.635528,0.955251,0.861954,0.005697,,accum_num:accum::5:None:0:None:gray:9,accum,5,,,0
nagaoka_fireworks_X_12,frame_00065.png,frame_00069.png,,,,0,decode失敗,QR未検出,0.635593,0.955098,0.861939,0.005693,,accum_num:accum::5:None:0:None:gray:13,accum,5,,,0
nagaoka_fireworks_X_12,frame_00005.png,frame_00009.png,,,,0,decode失敗,QR未検出,0.634643,0.954624,0.861507,0.005826,,accum_num:accum::5:None:0:None:gray:1,accum,5,,,0
nagaoka_fireworks_X_12,frame_00075.png,frame_00079.png,,,,0,decode失敗,QR未検出,0.631275,0.955144,0.860509,0.005649,,accum_num:accum::5:None:0:None:gray:15,accum,5,,,0
nagaoka_fireworks_X_12,frame_00070.png,frame_00074.png,,,,0,decode失敗,QR未検出,0.632450,0.955173,0.860908,0.005667,,accum_num:accum::5:None:0:None:gray:14,accum,5,,,0
nagaoka_fireworks_X_12,frame_00020.png,frame_00024.png,,,,0,decode失敗,QR未検出,0.639001,0.951771,0.862257,0.006167,,accum_num:accum::5:None:0:None:gray:4,accum,5,,,0
nagaoka_fireworks_X_12,frame_00015.png,frame_00019.png,,,,0,decode失敗,QR未検出,0.636127,0.954912,0.862072,0.005786,,accum_num:accum::5:None:0:None:gray:3,accum,5,,,0
nagaoka_fireworks_X_12,frame_00080.png,frame_00084.png,,,,0,decode失敗,QR未検出,0.643228,0.948139,0.862756,0.006651,,accum_num:accum::5:None:0:None:gray:16,accum,5,,,0
nagaoka_fireworks_X_12,frame_00090.png,frame_00094.png,,,,0,decode失敗,QR未検出,0.634788,0.952580,0.861055,0.005982,,accum_num:accum::5:None:0:None:gray:18,accum,5,,,0
nagaoka_fireworks_X_12,frame_00100.png,frame_00104.png,,,,0,decode失敗,QR未検出,0.638676,0.956506,0.863312,0.005497,,accum_num:accum::5:None:0:None:gray:20,accum,5,,,0
nagaoka_fireworks_X_12,frame_00095.png,frame_00099.png,,,,0,decode失敗,QR未検出,0.628207,0.953725,0.859143,0.005807,,accum_num:accum::5:None:0:None:gray:19,accum,5,,,0
nagaoka_fireworks_X_12,frame_00110.png,frame_00114.png,,,,0,decode失敗,QR未検出,0.632620,0.957511,0.861531,0.005468,,accum_num:accum::5:None:0:None:gray:22,accum,5,,,0
nagaoka_fireworks_X_12,frame_00115.png,frame_00119.png,,,,0,decode失敗,QR未検出,0.636332,0.955413,0.862262,0.005659,,accum_num:accum::5:None:0:None:gray:23,accum,5,,,0
nagaoka_fireworks_X_12,frame_00085.png,frame_00089.png,,,,0,decode失敗,QR未検出,0.637302,0.957299,0.863046,0.005581,,accum_num:accum::5:None:0:None:gray:17,accum,5,,,0
nagaoka_fireworks_X_12,frame_00105.png,frame_00109.png,,,,0,decode失敗,QR未検出,0.636647,0.953903,0.861998,0.006031,,accum_num:accum::5:None:0:None:gray:21,accum,5,,,0
hocho_X_4,frame_00015.png,frame_00019.png,,,,0,decode失敗,QR未検出,0.768949,0.567573,0.713959,0.237177,,accum_num:accum::5:None:0:None:gray:3,accum,5,,,0
hocho_X_4,frame_00000.png,frame_00004.png,,,,0,decode失敗,QR未検出,0.795368,0.549610,0.700124,0.267326,,accum_num:accum::5:None:0:None:gray:0,accum,5,,,0
hocho_X_4,frame_00035.png,frame_00039.png,,,,0,decode失敗,QR未検出,0.753324,0.569779,0.714455,0.225956,,accum_num:accum::5:None:0:None:gray:7,accum,5,,,0
hocho_X_4,frame_00040.png,frame_00044.png,,,,0,decode失敗,QR未検出,0.742351,0.564501,0.709248,0.228103,,accum_num:accum::5:None:0:None:gray:8,accum,5,,,0
hocho_X_4,frame_00045.png,frame_00049.png,,,,0,decode失敗,QR未検出,0.734621,0.568226,0.711617,0.224849,,accum_num:accum::5:None:0:None:gray:9,accum,5,,,0
hocho_X_4,frame_00030.png,frame_00034.png,,,,0,decode失敗,QR未検出,0.775945,0.560551,0.708545,0.245430,,accum_num:accum::5:None:0:None:gray:6,accum,5,,,0
hocho_X_4,frame_00010.png,frame_00014.png,,,,0,decode失敗,QR未検出,0.725716,0.577008,0.717675,0.207653,,accum_num:accum::5:None:0:None:gray:2,accum,5,,,0
hocho_X_4,frame_00020.png,frame_00024.png,,,,0,decode失敗,QR未検出,0.731913,0.580235,0.720725,0.217263,,accum_num:accum::5:None:0:None:gray:4,accum,5,,,0
hocho_X_4,frame_00060.png,frame_00064.png,,,,0,decode失敗,QR未検出,0.733731,0.576527,0.718053,0.211350,,accum_num:accum::5:None:0:None:gray:12,accum,5,,,0
hocho_X_4,frame_00055.png,frame_00059.png,,,,0,decode失敗,QR未検出,0.754643,0.555855,0.702951,0.246165,,accum_num:accum::5:None:0:None:gray:11,accum,5,,,0
hocho_X_4,frame_00075.png,frame_00079.png,,,,0,decode失敗,QR未検出,0.740922,0.573581,0.716410,0.216500,,accum_num:accum::5:None:0:None:gray:15,accum,5,,,0
hocho_X_4,frame_00005.png,frame_00009.png,,,,0,decode失敗,QR未検出,0.768740,0.557976,0.705784,0.243623,,accum_num:accum::5:None:0:None:gray:1,accum,5,,,0
hocho_X_4,frame_00025.png,frame_00029.png,,,,0,decode失敗,QR未検出,0.748567,0.579517,0.721778,0.223183,,accum_num:accum::5:None:0:None:gray:5,accum,5,,,0
hocho_X_4,frame_00065.png,frame_00069.png,,,,0,decode失敗,QR未検出,0.749322,0.572654,0.716424,0.215762,,accum_num:accum::5:None:0:None:gray:13,accum,5,,,0
hocho_X_4,frame_00070.png,frame_00074.png,,,,0,decode失敗,QR未検出,0.730159,0.568753,0.711659,0.215195,,accum_num:accum::5:None:0:None:gray:14,accum,5,,,0
hocho_X_4,frame_00050.png,frame_00054.png,,,,0,decode失敗,QR未検出,0.741911,0.554802,0.701168,0.242404,,accum_num:accum::5:None:0:None:gray:10,accum,5,,,0
hocho_X_4,frame_00080.png,frame_00084.png,,,,0,decode失敗,QR未検出,0.747203,0.563628,0.708919,0.234955,,accum_num:accum::5:None:0:None:gray:16,accum,5,,,0
hocho_X_4,frame_00090.png,frame_00094.png,hocho_X_4/rgb_max_accum_n5_gray/00090-00094-FRAME_rgbmax_scale1.00.png,,,0,decode失敗,QR未検出,0.754124,0.580846,0.723354,0.206970,,accum_num:accum::5:None:0:None:gray:18,accum,5,,,0
hocho_X_4,frame_00105.png,frame_00109.png,,,,0,decode失敗,QR未検出,0.749636,0.573306,0.716973,0.219456,,accum_num:accum::5:None:0:None:gray:21,accum,5,,,0
hocho_X_4,frame_00095.png,frame_00099.png,,,,0,decode失敗,QR未検出,0.791475,0.549432,0.699714,0.277304,,accum_num:accum::5:None:0:None:gray:19,accum,5,,,0
hocho_X_4,frame_00085.png,frame_00089.png,,,,0,decode失敗,QR未検出,0.766801,0.560980,0.708220,0.243913,,accum_num:accum::5:None:0:None:gray:17,accum,5,,,0
hocho_X_4,frame_00115.png,frame_00119.png,,,,0,decode失敗,QR未検出,0.745254,0.566919,0.711453,0.232911,,accum_num:accum::5:None:0:None:gray:23,accum,5,,,0
hocho_X_4,frame_00100.png,frame_00104.png,,,,0,decode失敗,QR未検出,0.783815,0.555079,0.704314,0.261979,,accum_num:accum::5:None:0:None:gray:20,accum,5,,,0
hocho_X_4,frame_00110.png,frame_00114.png,,,,0,decode失敗,QR未検出,0.709766,0.552538,0.697109,0.239095,,accum_num:accum::5:None:0:None:gray:22,accum,5,,,0
hocho_X_8,frame_00075.png,frame_00079.png,hocho_X_8/rgb_max_accum_n5_gray/00075-00079-FRAME_rgbmax_scale1.00.png,,,0,decode失敗,QR未検出,0.586548,0.921873,0.837823,0.011118,,accum_num:accum::5:None:0:None:gray:15,accum,5,,,0
hocho_X_8,frame_00025.png,frame_00029.png,,,,0,decode失敗,QR未検出,0.569489,0.912175,0.830056,0.012488,,accum_num:accum::5:None:0:None:gray:5,accum,5,,,0
hocho_X_8,frame_00010.png,frame_00014.png,,,,0,decode失敗,QR未検出,0.559220,0.924023,0.829559,0.010531,,accum_num:accum::5:None:0:None:gray:2,accum,5,,,0
hocho_X_8,frame_00005.png,frame_00009.png,,,,0,decode失敗,QR未検出,0.554553,0.923717,0.827990,0.010452,,accum_num:accum::5:None:0:None:gray:1,accum,5,,,0
hocho_X_8,frame_00065.png,frame_00069.png,,,,0,decode失敗,QR未検出,0.587303,0.914256,0.836206,0.013465,,accum_num:accum::5:None:0:None:gray:13,accum,5,,,0
hocho_X_8,frame_00050.png,frame_00054.png,,,,0,decode失敗,QR未検出,0.596702,0.898242,0.835114,0.016445,,accum_num:accum::5:None:0:None:gray:10,accum,5,,,0
hocho_X_8,frame_00070.png,frame_00074.png,,,,0,decode失敗,QR未検出,0.576525,0.919324,0.834003,0.011701,,accum_num:accum::5:None:0:None:gray:14,accum,5,,,0
hocho_X_8,frame_00030.png,frame_00034.png,,,,0,decode失敗,QR未検出,0.570124,0.919514,0.832004,0.010971,,accum_num:accum::5:None:0:None:gray:6,accum,5,,,0
hocho_X_8,frame_00015.png,frame_00019.png,,,,0,decode失敗,QR未検出,0.563908,0.915175,0.828999,0.011300,,accum_num:accum::5:None:0:None:gray:3,accum,5,,,0
hocho_X_8,frame_00060.png,frame_00064.png,,,,0,decode失敗,QR未検出,0.584720,0.920647,0.836941,0.011553,,accum_num:accum::5:None:0:None:gray:12,accum,5,,,0
hocho_X_8,frame_00000.png,frame_00004.png,,,,0,decode失敗,QR未検出,0.570354,0.916060,0.831258,0.011575,,accum_num:accum::5:None:0:None:gray:0,accum,5,,,0
hocho_X_8,frame_00040.png,frame_00044.png,,,,0,decode失敗,QR未検出,0.564997,0.922034,0.830954,0.010307,,accum_num:accum::5:None:0:None:gray:8,accum,5,,,0
hocho_X_8,frame_00055.png,frame_00059.png,,,,0,decode失敗,QR未検出,0.563988,0.920402,0.830250,0.010656,,accum_num:accum::5:None:0:None:gray:11,accum,5,,,0
hocho_X_8,frame_00020.png,frame_00024.png,,,,0,decode失敗,QR未検出,0.563343,0.925478,0.831220,0.010048,,accum_num:accum::5:None:0:None:gray:4,accum,5,,,0
hocho_X_8,frame_00035.png,frame_00039.png,,,,0,decode失敗,QR未検出,0.578948,0.917653,0.834376,0.011893,,accum_num:accum::5:None:0:None:gray:7,accum,5,,,0
hocho_X_8,frame_00045.png,frame_00049.png,,,,0,decode失敗,QR未検出,0.565122,0.926909,0.832123,0.010633,,accum_num:accum::5:None:0:None:gray:9,accum,5,,,0
hocho_X_8,frame_00080.png,frame_00084.png,,,,0,decode失敗,QR未検出,0.580937,0.922179,0.836098,0.010976,,accum_num:accum::5:None:0:None:gray:16,accum,5,,,0
hocho_X_8,frame_00110.png,frame_00114.png,,,,0,decode失敗,QR未検出,0.587293,0.906163,0.834194,0.016263,,accum_num:accum::5:None:0:None:gray:22,accum,5,,,0
hocho_X_8,frame_00085.png,frame_00089.png,,,,0,decode失敗,QR未検出,0.578833,0.920117,0.834931,0.011963,,accum_num:accum::5:None:0:None:gray:17,accum,5,,,0
hocho_X_8,frame_00090.png,frame_00094.png,,,,0,decode失敗,QR未検出,0.580487,0.921231,0.835727,0.011443,,accum_num:accum::5:None:0:None:gray:18,accum,5,,,0
hocho_X_8,frame_00115.png,frame_00119.png,,,,0,decode失敗,QR未検出,0.585169,0.921341,0.837253,0.011222,,accum_num:accum::5:None:0:None:gray:23,accum,5,,,0
hocho_X_8,frame_00095.png,frame_00099.png,,,,0,decode失敗,QR未検出,0.569739,0.928910,0.834075,0.010252,,accum_num:accum::5:None:0:None:gray:19,accum,5,,,0
hocho_X_8,frame_00105.png,frame_00109.png,,,,0,decode失敗,QR未検出,0.581956,0.918384,0.835512,0.012045,,accum_num:accum::5:None:0:None:gray:21,accum,5,,,0
hocho_X_8,frame_00100.png,frame_00104.png,,,,0,decode失敗,QR未検出,0.577354,0.921535,0.834796,0.011222,,accum_num:accum::5:None:0:None:gray:20,accum,5,,,0
hocho_X_12,frame_00010.png,frame_00014.png,,,,0,decode失敗,QR未検出,0.564907,0.964739,0.840421,0.003957,,accum_num:accum::5:None:0:None:gray:2,accum,5,,,0
hocho_X_12,frame_00070.png,frame_00074.png,,,,0,decode失敗,QR未検出,0.566176,0.962979,0.840474,0.004110,,accum_num:accum::5:None:0:None:gray:14,accum,5,,,0
hocho_X_12,frame_00060.png,frame_00064.png,,,,0,decode失敗,QR未検出,0.565527,0.962594,0.840173,0.004215,,accum_num:accum::5:None:0:None:gray:12,accum,5,,,0
hocho_X_12,frame_00050.png,frame_00054.png,,,,0,decode失敗,QR未検出,0.561839,0.966660,0.839791,0.003659,,accum_num:accum::5:None:0:None:gray:10,accum,5,,,0
hocho_X_12,frame_00065.png,frame_00069.png,,,,0,decode失敗,QR未検出,0.566376,0.962869,0.840517,0.004124,,accum_num:accum::5:None:0:None:gray:13,accum,5,,,0
hocho_X_12,frame_00015.png,frame_00019.png,,,,0,decode失敗,QR未検出,0.563883,0.964578,0.840042,0.003949,,accum_num:accum::5:None:0:None:gray:3,accum,5,,,0
hocho_X_12,frame_00040.png,frame_00044.png,,,,0,decode失敗,QR未検出,0.566806,0.965305,0.841182,0.003877,,accum_num:accum::5:None:0:None:gray:8,accum,5,,,0
hocho_X_12,frame_00045.png,frame_00049.png,,,,0,decode失敗,QR未検出,0.565781,0.966752,0.841144,0.003696,,accum_num:accum::5:None:0:None:gray:9,accum,5,,,0
hocho_X_12,frame_00000.png,frame_00004.png,,,,0,decode失敗,QR未検出,0.570389,0.964178,0.842150,0.004040,,accum_num:accum::5:None:0:None:gray:0,accum,5,,,0
hocho_X_12,frame_00025.png,frame_00029.png,,,,0,decode失敗,QR未検出,0.566866,0.966246,0.841403,0.003752,,accum_num:accum::5:None:0:None:gray:5,accum,5,,,0
hocho_X_12,frame_00020.png,frame_00024.png,,,,0,decode失敗,QR未検出,0.564982,0.964760,0.840451,0.003922,,accum_num:accum::5:None:0:None:gray:4,accum,5,,,0
hocho_X_12,frame_00035.png,frame_00039.png,,,,0,decode失敗,QR未検出,0.568345,0.964430,0.841515,0.003989,,accum_num:accum::5:None:0:None:gray:7,accum,5,,,0
hocho_X_12,frame_00055.png,frame_00059.png,,,,0,decode失敗,QR未検出,0.569159,0.963459,0.841581,0.004113,,accum_num:accum::5:None:0:None:gray:11,accum,5,,,0
hocho_X_12,frame_00075.png,frame_00079.png,,,,0,decode失敗,QR未検出,0.567280,0.961751,0.840582,0.004317,,accum_num:accum::5:None:0:None:gray:15,accum,5,,,0
hocho_X_12,frame_00005.png,frame_00009.png,,,,0,decode失敗,QR未検出,0.563678,0.963010,0.839639,0.004088,,accum_num:accum::5:None:0:None:gray:1,accum,5,,,0
hocho_X_12,frame_00030.png,frame_00034.png,,,,0,decode失敗,QR未検出,0.566291,0.965710,0.841095,0.003839,,accum_num:accum::5:None:0:None:gray:6,accum,5,,,0
hocho_X_12,frame_00080.png,frame_00084.png,,,,0,decode失敗,QR未検出,0.568415,0.963625,0.841366,0.004059,,accum_num:accum::5:None:0:None:gray:16,accum,5,,,0
hocho_X_12,frame_00085.png,frame_00089.png,,,,0,decode失敗,QR未検出,0.567665,0.965856,0.841590,0.003802,,accum_num:accum::5:None:0:None:gray:17,accum,5,,,0
hocho_X_12,frame_00090.png,frame_00094.png,,,,0,decode失敗,QR未検出,0.565282,0.966171,0.840852,0.003737,,accum_num:accum::5:None:0:None:gray:18,accum,5,,,0
hocho_X_12,frame_00095.png,frame_00099.png,,,,0,decode失敗,QR未検出,0.569599,0.966025,0.842279,0.003816,,accum_num:accum::5:None:0:None:gray:19,accum,5,,,0
hocho_X_12,frame_00110.png,frame_00114.png,,,,0,decode失敗,QR未検出,0.570269,0.966604,0.842629,0.003762,,accum_num:accum::5:None:0:None:gray:22,accum,5,,,0
hocho_X_12,frame_00105.png,frame_00109.png,hocho_X_12/rgb_max_accum_n5_gray/00105-00109-FRAME_rgbmax_scale1.00.png,,,0,decode失敗,QR未検出,0.572647,0.965126,0.843116,0.003952,,accum_num:accum::5:None:0:None:gray:21,accum,5,,,0
hocho_X_12,frame_00100.png,frame_00104.png,,,,0,decode失敗,QR未検出,0.570743,0.965511,0.842556,0.003855,,accum_num:accum::5:None:0:None:gray:20,accum,5,,,0
hocho_X_12,frame_00115.png,frame_00119.png,,,,0,decode失敗,QR未検出,0.565187,0.965423,0.840661,0.003822,,accum_num:accum::5:None:0:None:gray:23,accum,5,,,0
ex_X_4,frame_00075.png,frame_00079.png,,,,0,decode失敗,QR未検出,0.661836,0.665809,0.765271,0.202148,,accum_num:accum::5:None:0:None:gray:15,accum,5,,,0
ex_X_4,frame_00005.png,frame_00009.png,,,,0,decode失敗,QR未検出,0.654811,0.667132,0.764729,0.197719,,accum_num:accum::5:None:0:None:gray:1,accum,5,,,0
ex_X_4,frame_00035.png,frame_00039.png,,,,0,decode失敗,QR未検出,0.636672,0.671430,0.763686,0.185464,,accum_num:accum::5:None:0:None:gray:7,accum,5,,,0
ex_X_4,frame_00065.png,frame_00069.png,,,,0,decode失敗,QR未検出,0.636487,0.688085,0.771687,0.180528,,accum_num:accum::5:None:0:None:gray:13,accum,5,,,0
ex_X_4,frame_00055.png,frame_00059.png,,,,0,decode失敗,QR未検出,0.641859,0.666141,0.761956,0.181463,,accum_num:accum::5:None:0:None:gray:11,accum,5,,,0
ex_X_4,frame_00030.png,frame_00034.png,,,,0,decode失敗,QR未検出,0.657539,0.660069,0.761515,0.191176,,accum_num:accum::5:None:0:None:gray:6,accum,5,,,0
ex_X_4,frame_00050.png,frame_00054.png,,,,0,decode失敗,QR未検出,0.708892,0.607630,0.737782,0.245517,,accum_num:accum::5:None:0:None:gray:10,accum,5,,,0
ex_X_4,frame_00045.png,frame_00049.png,,,,0,decode失敗,QR未検出,0.685991,0.657698,0.765035,0.206806,,accum_num:accum::5:None:0:None:gray:9,accum,5,,,0
ex_X_4,frame_00010.png,frame_00014.png,ex_X_4/rgb_max_accum_n5_gray/00010-00014-FRAME_rgbmax_scale1.00.png,,,0,decode失敗,QR未検出,0.661971,0.684979,0.775038,0.171423,,accum_num:accum::5:None:0:None:gray:2,accum,5,,,0
ex_X_4,frame_00070.png,frame_00074.png,,,,0,decode失敗,QR未検出,0.640050,0.668232,0.762692,0.186720,,accum_num:accum::5:None:0:None:gray:14,accum,5,,,0
ex_X_4,frame_00040.png,frame_00044.png,,,,0,decode失敗,QR未検出,0.638251,0.690881,0.773339,0.167175,,accum_num:accum::5:None:0:None:gray:8,accum,5,,,0
ex_X_4,frame_00000.png,frame_00004.png,,,,0,decode失敗,QR未検出,0.676032,0.637903,0.752194,0.236229,,accum_num:accum::5:None:0:None:gray:0,accum,5,,,0
ex_X_4,frame_00020.png,frame_00024.png,,,,0,decode失敗,QR未検出,0.669976,0.644527,0.755057,0.227478,,accum_num:accum::5:None:0:None:gray:4,accum,5,,,0
ex_X_4,frame_00025.png,frame_00029.png,,,,0,decode失敗,QR未検出,0.666938,0.632861,0.747900,0.231969,,accum_num:accum::5:None:0:None:gray:5,accum,5,,,0
ex_X_4,frame_00060.png,frame_00064.png,,,,0,decode失敗,QR未検出,0.624370,0.687755,0.769215,0.164493,,accum_num:accum::5:None:0:None:gray:12,accum,5,,,0
ex_X_4,frame_00015.png,frame_00019.png,,,,0,decode失敗,QR未検出,0.692527,0.631171,0.750637,0.236563,,accum_num:accum::5:None:0:None:gray:3,accum,5,,,0
ex_X_4,frame_00090.png,frame_00094.png,,,,0,decode失敗,QR未検出,0.628062,0.694625,0.773083,0.156755,,accum_num:accum::5:None:0:None:gray:18,accum,5,,,0
ex_X_4,frame_00105.png,frame_00109.png,,,,0,decode失敗,QR未検出,0.652472,0.649444,0.754992,0.211585,,accum_num:accum::5:None:0:None:gray:21,accum,5,,,0
ex_X_4,frame_00080.png,frame_00084.png,,,,0,decode失敗,QR未検出,0.644497,0.684367,0.771439,0.178218,,accum_num:accum::5:None:0:None:gray:16,accum,5,,,0
ex_X_4,frame_00100.png,frame_00104.png,,,,0,decode失敗,QR未検出,0.648680,0.684924,0.772497,0.168302,,accum_num:accum::5:None:0:None:gray:20,accum,5,,,0
ex_X_4,frame_00115.png,frame_00119.png,,,,0,decode失敗,QR未検出,0.632195,0.679561,0.766830,0.178606,,accum_num:accum::5:None:0:None:gray:23,accum,5,,,0
ex_X_4,frame_00085.png,frame_00089.png,,,,0,decode失敗,QR未検出,0.644862,0.672691,0.765780,0.192602,,accum_num:accum::5:None:0:None:gray:17,accum,5,,,0
ex_X_4,frame_00095.png,frame_00099.png,,,,0,decode失敗,QR未検出,0.662561,0.658170,0.761354,0.200257,,accum_num:accum::5:None:0:None:gray:19,accum,5,,,0
ex_X_4,frame_00110.png,frame_00114.png,,,,0,decode失敗,QR未検出,0.674234,0.645310,0.756169,0.197352,,accum_num:accum::5:None:0:None:gray:22,accum,5,,,0
ex_X_8,frame_00030.png,frame_00034.png,,,,0,decode失敗,QR未検出,0.567041,0.934845,0.834560,0.007945,,accum_num:accum::5:None:0:None:gray:6,accum,5,,,0
ex_X_8,frame_00055.png,frame_00059.png,,,,0,decode失敗,QR未検出,0.560430,0.930809,0.831496,0.008246,,accum_num:accum::5:None:0:None:gray:11,accum,5,,,0
ex_X_8,frame_00065.png,frame_00069.png,,,,0,decode失敗,QR未検出,0.573926,0.922813,0.834000,0.009502,,accum_num:accum::5:None:0:None:gray:13,accum,5,,,0
ex_X_8,frame_00020.png,frame_00024.png,,,,0,decode失敗,QR未検出,0.574156,0.919827,0.833367,0.009602,,accum_num:accum::5:None:0:None:gray:4,accum,5,,,0
ex_X_8,frame_00070.png,frame_00074.png,,,,0,decode失敗,QR未検出,0.570139,0.934778,0.835554,0.007824,,accum_num:accum::5:None:0:None:gray:14,accum,5,,,0
ex_X_8,frame_00075.png,frame_00079.png,,,,0,decode失敗,QR未検出,0.557262,0.933114,0.830987,0.007953,,accum_num:accum::5:None:0:None:gray:15,accum,5,,,0
ex_X_8,frame_00035.png,frame_00039.png,,,,0,decode失敗,QR未検出,0.560170,0.928344,0.830852,0.008649,,accum_num:accum::5:None:0:None:gray:7,accum,5,,,0
ex_X_8,frame_00005.png,frame_00009.png,,,,0,decode失敗,QR未検出,0.572352,0.928052,0.834721,0.008593,,accum_num:accum::5:None:0:None:gray:1,accum,5,,,0
ex_X_8,frame_00000.png,frame_00004.png,,,,0,decode失敗,QR未検出,0.558731,0.923717,0.829332,0.008975,,accum_num:accum::5:None:0:None:gray:0,accum,5,,,0
ex_X_8,frame_00060.png,frame_00064.png,,,,0,decode失敗,QR未検出,0.567385,0.924620,0.832322,0.009064,,accum_num:accum::5:None:0:None:gray:12,accum,5,,,0
ex_X_8,frame_00050.png,frame_00054.png,ex_X_8/rgb_max_accum_n5_gray/00050-00054-FRAME_rgbmax_scale1.00.png,,,0,decode失敗,QR未検出,0.579863,0.923910,0.836166,0.009531,,accum_num:accum::5:None:0:None:gray:10,accum,5,,,0
ex_X_8,frame_00040.png,frame_00044.png,,,,0,decode失敗,QR未検出,0.573592,0.930272,0.835638,0.008529,,accum_num:accum::5:None:0:None:gray:8,accum,5,,,0
ex_X_8,frame_00045.png,frame_00049.png,,,,0,decode失敗,QR未検出,0.561379,0.931489,0.831958,0.007980,,accum_num:accum::5:None:0:None:gray:9,accum,5,,,0
ex_X_8,frame_00010.png,frame_00014.png,,,,0,decode失敗,QR未検出,0.565537,0.922366,0.831204,0.009262,,accum_num:accum::5:None:0:None:gray:2,accum,5,,,0
ex_X_8,frame_00015.png,frame_00019.png,,,,0,decode失敗,QR未検出,0.567450,0.932617,0.834185,0.007901,,accum_num:accum::5:None:0:None:gray:3,accum,5,,,0
ex_X_8,frame_00025.png,frame_00029.png,,,,0,decode失敗,QR未検出,0.562463,0.928822,0.831703,0.008347,,accum_num:accum::5:None:0:None:gray:5,accum,5,,,0
ex_X_8,frame_00080.png,frame_00084.png,,,,0,decode失敗,QR未検出,0.571078,0.928076,0.834315,0.008554,,accum_num:accum::5:None:0:None:gray:16,accum,5,,,0
ex_X_8,frame_00100.png,frame_00104.png,,,,0,decode失敗,QR未検出,0.561654,0.921841,0.829837,0.009075,,accum_num:accum::5:None:0:None:gray:20,accum,5,,,0
ex_X_8,frame_00085.png,frame_00089.png,,,,0,decode失敗,QR未検出,0.541412,0.933424,0.825902,0.007676,,accum_num:accum::5:None:0:None:gray:17,accum,5,,,0
ex_X_8,frame_00095.png,frame_00099.png,,,,0,decode失敗,QR未検出,0.567425,0.932476,0.834145,0.008025,,accum_num:accum::5:None:0:None:gray:19,accum,5,,,0
ex_X_8,frame_00110.png,frame_00114.png,,,,0,decode失敗,QR未検出,0.569084,0.923074,0.832507,0.009379,,accum_num:accum::5:None:0:None:gray:22,accum,5,,,0
ex_X_8,frame_00115.png,frame_00119.png,,,,0,decode失敗,QR未検出,0.574476,0.925057,0.834705,0.009009,,accum_num:accum::5:None:0:None:gray:23,accum,5,,,0
ex_X_8,frame_00105.png,frame_00109.png,,,,0,decode失敗,QR未検出,0.562633,0.925262,0.830942,0.009122,,accum_num:accum::5:None:0:None:gray:21,accum,5,,,0
ex_X_8,frame_00090.png,frame_00094.png,,,,0,decode失敗,QR未検出,0.566886,0.933444,0.834191,0.007879,,accum_num:accum::5:None:0:None:gray:18,accum,5,,,0
ex_X_12,frame_00075.png,frame_00079.png,,,,0,decode失敗,QR未検出,0.690868,0.958754,0.881350,0.005612,,accum_num:accum::5:None:0:None:gray:15,accum,5,,,0
ex_X_12,frame_00040.png,frame_00044.png,,,,0,decode失敗,QR未検出,0.686226,0.959391,0.879960,0.005485,,accum_num:accum::5:None:0:None:gray:8,accum,5,,,0
ex_X_12,frame_00065.png,frame_00069.png,,,,0,decode失敗,QR未検出,0.685437,0.959654,0.879764,0.005441,,accum_num:accum::5:None:0:None:gray:13,accum,5,,,0
ex_X_12,frame_00050.png,frame_00054.png,,,,0,decode失敗,QR未検出,0.684637,0.958408,0.879171,0.005610,,accum_num:accum::5:None:0:None:gray:10,accum,5,,,0
ex_X_12,frame_00020.png,frame_00024.png,,,,0,decode失敗,QR未検出,0.688909,0.958215,0.880552,0.005673,,accum_num:accum::5:None:0:None:gray:4,accum,5,,,0
ex_X_12,frame_00060.png,frame_00064.png,,,,0,decode失敗,QR未検出,0.690179,0.957286,0.880732,0.005815,,accum_num:accum::5:None:0:None:gray:12,accum,5,,,0
ex_X_12,frame_00035.png,frame_00039.png,,,,0,decode失敗,QR未検出,0.684302,0.958918,0.879192,0.005536,,accum_num:accum::5:None:0:None:gray:7,accum,5,,,0
ex_X_12,frame_00025.png,frame_00029.png,,,,0,decode失敗,QR未検出,0.690708,0.959290,0.881437,0.005535,,accum_num:accum::5:None:0:None:gray:5,accum,5,,,0
ex_X_12,frame_00000.png,frame_00004.png,,,,0,decode失敗,QR未検出,0.679810,0.958766,0.877647,0.005521,,accum_num:accum::5:None:0:None:gray:0,accum,5,,,0
ex_X_12,frame_00030.png,frame_00034.png,,,,0,decode失敗,QR未検出,0.687021,0.959744,0.880319,0.005441,,accum_num:accum::5:None:0:None:gray:6,accum,5,,,0
ex_X_12,frame_00015.png,frame_00019.png,,,,0,decode失敗,QR未検出,0.687530,0.957335,0.879859,0.005786,,accum_num:accum::5:None:0:None:gray:3,accum,5,,,0
ex_X_12,frame_00010.png,frame_00014.png,,,,0,decode失敗,QR未検出,0.684007,0.958304,0.878933,0.005620,,accum_num:accum::5:None:0:None:gray:2,accum,5,,,0
ex_X_12,frame_00055.png,frame_00059.png,,,,0,decode失敗,QR未検出,0.687620,0.957367,0.879897,0.005782,,accum_num:accum::5:None:0:None:gray:11,accum,5,,,0
ex_X_12,frame_00005.png,frame_00009.png,,,,0,decode失敗,QR未検出,0.681129,0.958533,0.878029,0.005564,,accum_num:accum::5:None:0:None:gray:1,accum,5,,,0
ex_X_12,frame_00045.png,frame_00049.png,,,,0,decode失敗,QR未検出,0.690044,0.957802,0.880823,0.005740,,accum_num:accum::5:None:0:None:gray:9,accum,5,,,0
ex_X_12,frame_00070.png,frame_00074.png,,,,0,decode失敗,QR未検出,0.682578,0.958893,0.878608,0.005525,,accum_num:accum::5:None:0:None:gray:14,accum,5,,,0
ex_X_12,frame_00080.png,frame_00084.png,,,,0,decode失敗,QR未検出,0.688325,0.959342,0.880651,0.005508,,accum_num:accum::5:None:0:None:gray:16,accum,5,,,0
ex_X_12,frame_00095.png,frame_00099.png,,,,0,decode失敗,QR未検出,0.685107,0.959488,0.879610,0.005462,,accum_num:accum::5:None:0:None:gray:19,accum,5,,,0
ex_X_12,frame_00100.png,frame_00104.png,ex_X_12/rgb_max_accum_n5_gray/00100-00104-FRAME_rgbmax_scale1.00.png,,,0,decode失敗,QR未検出,0.691648,0.958433,0.881526,0.005664,,accum_num:accum::5:None:0:None:gray:20,accum,5,,,0
ex_X_12,frame_00105.png,frame_00109.png,,,,0,decode失敗,QR未検出,0.688640,0.960122,0.880961,0.005401,,accum_num:accum::5:None:0:None:gray:21,accum,5,,,0
ex_X_12,frame_00090.png,frame_00094.png,,,,0,decode失敗,QR未検出,0.687001,0.959575,0.880268,0.005465,,accum_num:accum::5:None:0:None:gray:18,accum,5,,,0
ex_X_12,frame_00115.png,frame_00119.png,,,,0,decode失敗,QR未検出,0.685651,0.958929,0.879647,0.005545,,accum_num:accum::5:None:0:None:gray:23,accum,5,,,0
ex_X_12,frame_00110.png,frame_00114.png,,,,0,decode失敗,QR未検出,0.689879,0.960091,0.881369,0.005415,,accum_num:accum::5:None:0:None:gray:22,accum,5,,,0
ex_X_12,frame_00085.png,frame_00089.png,,,,0,decode失敗,QR未検出,0.689869,0.958730,0.881008,0.005607,,accum_num:accum::5:None:0:None:gray:17,accum,5,,,0
