folder,pass,adopted,decode_success,decode_note,decode_variant,diff_mode,repr_mode,window_n,stat_kind,fft_target_hz,diff_threshold,phase_steps,n_maps,pixel_acc_all,pixel_acc_ok,pixel_acc_best,best_pair_frame_1,best_pair_frame_2,video,display_rate,exposure,fluorescent,camera_fps,rate_hz,exposure_denom,fluorescent_flag,cond,image,channel,token,intensity,decode_decoded_text,decode_method,decode_frame_1,decode_frame_2,note,analysis_frames,extract_sec
rice_R_4,lockin,1,0,QR未検出,,lockin,binary,,,29.992270,12,8,1,0.644409,,0.644409,frame_00000.png,frame_00119.png,r120_e125_f0.mp4,120 Hz,1/125,蛍光灯なし,60.008 fps,120,125,0,0,rice,R,R,4,,,frame_00000.png,frame_00119.png,,120,1.999742
rice_R_4,lockin,0,0,QR未検出,,lockin,binary,,,15.000000,12,8,1,0.632273,,0.632273,frame_00000.png,frame_00119.png,r120_e125_f0.mp4,120 Hz,1/125,蛍光灯なし,60.008 fps,120,125,0,0,rice,R,R,4,,,frame_00000.png,frame_00119.png,,120,1.999742
rice_R_4,lockin,0,0,QR未検出,,lockin,binary,,,10.007730,4,8,1,0.625922,,0.625922,frame_00000.png,frame_00119.png,r120_e125_f0.mp4,120 Hz,1/125,蛍光灯なし,60.008 fps,120,125,0,0,rice,R,R,4,,,frame_00000.png,frame_00119.png,,120,1.999742
rice_R_4,lockin,0,0,QR未検出,,lockin,binary,,,29.992270,8,8,1,0.625387,,0.625387,frame_00000.png,frame_00119.png,r120_e125_f0.mp4,120 Hz,1/125,蛍光灯なし,60.008 fps,120,125,0,0,rice,R,R,4,,,frame_00000.png,frame_00119.png,,120,1.999742
rice_R_4,lockin,0,0,QR未検出,,lockin,binary,,,10.007730,12,8,1,0.616283,,0.616283,frame_00000.png,frame_00119.png,r120_e125_f0.mp4,120 Hz,1/125,蛍光灯なし,60.008 fps,120,125,0,0,rice,R,R,4,,,frame_00000.png,frame_00119.png,,120,1.999742
rice_R_4,lockin,0,0,QR未検出,,lockin,binary,,,15.000000,4,8,1,0.604245,,0.604245,frame_00000.png,frame_00119.png,r120_e125_f0.mp4,120 Hz,1/125,蛍光灯なし,60.008 fps,120,125,0,0,rice,R,R,4,,,frame_00000.png,frame_00119.png,,120,1.999742
rice_R_4,lockin,0,0,QR未検出,,lockin,binary,,,15.000000,8,8,1,0.576046,,0.576046,frame_00000.png,frame_00119.png,r120_e125_f0.mp4,120 Hz,1/125,蛍光灯なし,60.008 fps,120,125,0,0,rice,R,R,4,,,frame_00000.png,frame_00119.png,,120,1.999742
rice_R_4,lockin,0,0,QR未検出,,lockin,binary,,,10.007730,8,8,1,0.531221,,0.531221,frame_00000.png,frame_00119.png,r120_e125_f0.mp4,120 Hz,1/125,蛍光灯なし,60.008 fps,120,125,0,0,rice,R,R,4,,,frame_00000.png,frame_00119.png,,120,1.999742
rice_R_4,lockin,0,0,QR未検出,,lockin,binary,,,29.992270,4,8,1,0.503853,,0.503853,frame_00000.png,frame_00119.png,r120_e125_f0.mp4,120 Hz,1/125,蛍光灯なし,60.008 fps,120,125,0,0,rice,R,R,4,,,frame_00000.png,frame_00119.png,,120,1.999742
rice_R_8,lockin,1,0,QR未検出,,lockin,binary,,,29.992270,12,8,1,0.643821,,0.643821,frame_00000.png,frame_00119.png,r120_e125_f0.mp4,120 Hz,1/125,蛍光灯なし,60.008 fps,120,125,0,1,rice,R,R,8,,,frame_00000.png,frame_00119.png,,120,1.999742
rice_R_8,lockin,0,0,QR未検出,,lockin,binary,,,10.007730,4,8,1,0.639220,,0.639220,frame_00000.png,frame_00119.png,r120_e125_f0.mp4,120 Hz,1/125,蛍光灯なし,60.008 fps,120,125,0,1,rice,R,R,8,,,frame_00000.png,frame_00119.png,,120,1.999742
rice_R_8,lockin,0,0,QR未検出,,lockin,binary,,,29.992270,8,8,1,0.632963,,0.632963,frame_00000.png,frame_00119.png,r120_e125_f0.mp4,120 Hz,1/125,蛍光灯なし,60.008 fps,120,125,0,1,rice,R,R,8,,,frame_00000.png,frame_00119.png,,120,1.999742
rice_R_8,lockin,0,0,QR未検出,,lockin,binary,,,15.000000,4,8,1,0.631022,,0.631022,frame_00000.png,frame_00119.png,r120_e125_f0.mp4,120 Hz,1/125,蛍光灯なし,60.008 fps,120,125,0,1,rice,R,R,8,,,frame_00000.png,frame_00119.png,,120,1.999742
rice_R_8,lockin,0,0,QR未検出,,lockin,binary,,,15.000000,12,8,1,0.617399,,0.617399,frame_00000.png,frame_00119.png,r120_e125_f0.mp4,120 Hz,1/125,蛍光灯なし,60.008 fps,120,125,0,1,rice,R,R,8,,,frame_00000.png,frame_00119.png,,120,1.999742
rice_R_8,lockin,0,0,QR未検出,,lockin,binary,,,10.007730,12,8,1,0.598800,,0.598800,frame_00000.png,frame_00119.png,r120_e125_f0.mp4,120 Hz,1/125,蛍光灯なし,60.008 fps,120,125,0,1,rice,R,R,8,,,frame_00000.png,frame_00119.png,,120,1.999742
rice_R_8,lockin,0,0,QR未検出,,lockin,binary,,,15.000000,8,8,1,0.527648,,0.527648,frame_00000.png,frame_00119.png,r120_e125_f0.mp4,120 Hz,1/125,蛍光灯なし,60.008 fps,120,125,0,1,rice,R,R,8,,,frame_00000.png,frame_00119.png,,120,1.999742
rice_R_8,lockin,0,0,QR未検出,,lockin,binary,,,29.992270,4,8,1,0.518753,,0.518753,frame_00000.png,frame_00119.png,r120_e125_f0.mp4,120 Hz,1/125,蛍光灯なし,60.008 fps,120,125,0,1,rice,R,R,8,,,frame_00000.png,frame_00119.png,,120,1.999742
rice_R_8,lockin,0,0,QR未検出,,lockin,binary,,,10.007730,8,8,1,0.513609,,0.513609,frame_00000.png,frame_00119.png,r120_e125_f0.mp4,120 Hz,1/125,蛍光灯なし,60.008 fps,120,125,0,1,rice,R,R,8,,,frame_00000.png,frame_00119.png,,120,1.999742
rice_R_12,lockin,1,0,QR未検出,,lockin,binary,,,29.992270,12,8,1,0.641037,,0.641037,frame_00000.png,frame_00119.png,r120_e125_f0.mp4,120 Hz,1/125,蛍光灯なし,60.008 fps,120,125,0,2,rice,R,R,12,,,frame_00000.png,frame_00119.png,,120,1.999742
rice_R_12,lockin,0,0,QR未検出,,lockin,binary,,,10.007730,4,8,1,0.638553,,0.638553,frame_00000.png,frame_00119.png,r120_e125_f0.mp4,120 Hz,1/125,蛍光灯なし,60.008 fps,120,125,0,2,rice,R,R,12,,,frame_00000.png,frame_00119.png,,120,1.999742
rice_R_12,lockin,0,0,QR未検出,,lockin,binary,,,15.000000,4,8,1,0.638203,,0.638203,frame_00000.png,frame_00119.png,r120_e125_f0.mp4,120 Hz,1/125,蛍光灯なし,60.008 fps,120,125,0,2,rice,R,R,12,,,frame_00000.png,frame_00119.png,,120,1.999742
rice_R_12,lockin,0,0,QR未検出,,lockin,binary,,,29.992270,8,8,1,0.623730,,0.623730,frame_00000.png,frame_00119.png,r120_e125_f0.mp4,120 Hz,1/125,蛍光灯なし,60.008 fps,120,125,0,2,rice,R,R,12,,,frame_00000.png,frame_00119.png,,120,1.999742
rice_R_12,lockin,0,0,QR未検出,,lockin,binary,,,10.007730,12,8,1,0.622085,,0.622085,frame_00000.png,frame_00119.png,r120_e125_f0.mp4,120 Hz,1/125,蛍光灯なし,60.008 fps,120,125,0,2,rice,R,R,12,,,frame_00000.png,frame_00119.png,,120,1.999742
rice_R_12,lockin,0,0,QR未検出,,lockin,binary,,,15.000000,12,8,1,0.619795,,0.619795,frame_00000.png,frame_00119.png,r120_e125_f0.mp4,120 Hz,1/125,蛍光灯なし,60.008 fps,120,125,0,2,rice,R,R,12,,,frame_00000.png,frame_00119.png,,120,1.999742
rice_R_12,lockin,0,0,QR未検出,,lockin,binary,,,10.007730,8,8,1,0.545722,,0.545722,frame_00000.png,frame_00119.png,r120_e125_f0.mp4,120 Hz,1/125,蛍光灯なし,60.008 fps,120,125,0,2,rice,R,R,12,,,frame_00000.png,frame_00119.png,,120,1.999742
rice_R_12,lockin,0,0,QR未検出,,lockin,binary,,,15.000000,8,8,1,0.539662,,0.539662,frame_00000.png,frame_00119.png,r120_e125_f0.mp4,120 Hz,1/125,蛍光灯なし,60.008 fps,120,125,0,2,rice,R,R,12,,,frame_00000.png,frame_00119.png,,120,1.999742
rice_R_12,lockin,0,0,QR未検出,,lockin,binary,,,29.992270,4,8,1,0.508349,,0.508349,frame_00000.png,frame_00119.png,r120_e125_f0.mp4,120 Hz,1/125,蛍光灯なし,60.008 fps,120,125,0,2,rice,R,R,12,,,frame_00000.png,frame_00119.png,,120,1.999742
nagaoka_fireworks_R_4,lockin,1,0,QR未検出,,lockin,binary,,,29.992270,12,8,1,0.636194,,0.636194,frame_00000.png,frame_00119.png,r120_e125_f0.mp4,120 Hz,1/125,蛍光灯なし,60.008 fps,120,125,0,3,nagaoka_fireworks,R,R,4,,,frame_00000.png,frame_00119.png,,120,1.999742
nagaoka_fireworks_R_4,lockin,0,0,QR未検出,,lockin,binary,,,29.992270,8,8,1,0.612521,,0.612521,frame_00000.png,frame_00119.png,r120_e125_f0.mp4,120 Hz,1/125,蛍光灯なし,60.008 fps,120,125,0,3,nagaoka_fireworks,R,R,4,,,frame_00000.png,frame_00119.png,,120,1.999742
nagaoka_fireworks_R_4,lockin,0,0,QR未検出,,lockin,binary,,,15.000000,12,8,1,0.587594,,0.587594,frame_00000.png,frame_00119.png,r120_e125_f0.mp4,120 Hz,1/125,蛍光灯なし,60.008 fps,120,125,0,3,nagaoka_fireworks,R,R,4,,,frame_00000.png,frame_00119.png,,120,1.999742
nagaoka_fireworks_R_4,lockin,0,0,QR未検出,,lockin,binary,,,10.007730,12,8,1,0.566192,,0.566192,frame_00000.png,frame_00119.png,r120_e125_f0.mp4,120 Hz,1/125,蛍光灯なし,60.008 fps,120,125,0,3,nagaoka_fireworks,R,R,4,,,frame_00000.png,frame_00119.png,,120,1.999742
nagaoka_fireworks_R_4,lockin,0,0,QR未検出,,lockin,binary,,,10.007730,4,8,1,0.549743,,0.549743,frame_00000.png,frame_00119.png,r120_e125_f0.mp4,120 Hz,1/125,蛍光灯なし,60.008 fps,120,125,0,3,nagaoka_fireworks,R,R,4,,,frame_00000.png,frame_00119.png,,120,1.999742
nagaoka_fireworks_R_4,lockin,0,0,QR未検出,,lockin,binary,,,15.000000,4,8,1,0.539138,,0.539138,frame_00000.png,frame_00119.png,r120_e125_f0.mp4,120 Hz,1/125,蛍光灯なし,60.008 fps,120,125,0,3,nagaoka_fireworks,R,R,4,,,frame_00000.png,frame_00119.png,,120,1.999742
nagaoka_fireworks_R_4,lockin,0,0,QR未検出,,lockin,binary,,,15.000000,8,8,1,0.534463,,0.534463,frame_00000.png,frame_00119.png,r120_e125_f0.mp4,120 Hz,1/125,蛍光灯なし,60.008 fps,120,125,0,3,nagaoka_fireworks,R,R,4,,,frame_00000.png,frame_00119.png,,120,1.999742
nagaoka_fireworks_R_4,lockin,0,0,QR未検出,,lockin,binary,,,29.992270,4,8,1,0.530294,,0.530294,frame_00000.png,frame_00119.png,r120_e125_f0.mp4,120 Hz,1/125,蛍光灯なし,60.008 fps,120,125,0,3,nagaoka_fireworks,R,R,4,,,frame_00000.png,frame_00119.png,,120,1.999742
nagaoka_fireworks_R_4,lockin,0,0,QR未検出,,lockin,binary,,,10.007730,8,8,1,0.513901,,0.513901,frame_00000.png,frame_00119.png,r120_e125_f0.mp4,120 Hz,1/125,蛍光灯なし,60.008 fps,120,125,0,3,nagaoka_fireworks,R,R,4,,,frame_00000.png,frame_00119.png,,120,1.999742
nagaoka_fireworks_R_8,lockin,1,0,QR未検出,,lockin,binary,,,29.992270,12,8,1,0.633199,,0.633199,frame_00000.png,frame_00119.png,r120_e125_f0.mp4,120 Hz,1/125,蛍光灯なし,60.008 fps,120,125,0,4,nagaoka_fireworks,R,R,8,,,frame_00000.png,frame_00119.png,,120,1.999742
nagaoka_fireworks_R_8,lockin,0,0,QR未検出,,lockin,binary,,,29.992270,8,8,1,0.601099,,0.601099,frame_00000.png,frame_00119.png,r120_e125_f0.mp4,120 Hz,1/125,蛍光灯なし,60.008 fps,120,125,0,4,nagaoka_fireworks,R,R,8,,,frame_00000.png,frame_00119.png,,120,1.999742
nagaoka_fireworks_R_8,lockin,0,0,QR未検出,,lockin,binary,,,10.007730,12,8,1,0.581276,,0.581276,frame_00000.png,frame_00119.png,r120_e125_f0.mp4,120 Hz,1/125,蛍光灯なし,60.008 fps,120,125,0,4,nagaoka_fireworks,R,R,8,,,frame_00000.png,frame_00119.png,,120,1.999742
nagaoka_fireworks_R_8,lockin,0,0,QR未検出,,lockin,binary,,,15.000000,12,8,1,0.574686,,0.574686,frame_00000.png,frame_00119.png,r120_e125_f0.mp4,120 Hz,1/125,蛍光灯なし,60.008 fps,120,125,0,4,nagaoka_fireworks,R,R,8,,,frame_00000.png,frame_00119.png,,120,1.999742
nagaoka_fireworks_R_8,lockin,0,0,QR未検出,,lockin,binary,,,10.007730,4,8,1,0.541121,,0.541121,frame_00000.png,frame_00119.png,r120_e125_f0.mp4,120 Hz,1/125,蛍光灯なし,60.008 fps,120,125,0,4,nagaoka_fireworks,R,R,8,,,frame_00000.png,frame_00119.png,,120,1.999742
nagaoka_fireworks_R_8,lockin,0,0,QR未検出,,lockin,binary,,,15.000000,4,8,1,0.539884,,0.539884,frame_00000.png,frame_00119.png,r120_e125_f0.mp4,120 Hz,1/125,蛍光灯なし,60.008 fps,120,125,0,4,nagaoka_fireworks,R,R,8,,,frame_00000.png,frame_00119.png,,120,1.999742
nagaoka_fireworks_R_8,lockin,0,0,QR未検出,,lockin,binary,,,10.007730,8,8,1,0.529842,,0.529842,frame_00000.png,frame_00119.png,r120_e125_f0.mp4,120 Hz,1/125,蛍光灯なし,60.008 fps,120,125,0,4,nagaoka_fireworks,R,R,8,,,frame_00000.png,frame_00119.png,,120,1.999742
nagaoka_fireworks_R_8,lockin,0,0,QR未検出,,lockin,binary,,,15.000000,8,8,1,0.527337,,0.527337,frame_00000.png,frame_00119.png,r120_e125_f0.mp4,120 Hz,1/125,蛍光灯なし,60.008 fps,120,125,0,4,nagaoka_fireworks,R,R,8,,,frame_00000.png,frame_00119.png,,120,1.999742
nagaoka_fireworks_R_8,lockin,0,0,QR未検出,,lockin,binary,,,29.992270,4,8,1,0.513570,,0.513570,frame_00000.png,frame_00119.png,r120_e125_f0.mp4,120 Hz,1/125,蛍光灯なし,60.008 fps,120,125,0,4,nagaoka_fireworks,R,R,8,,,frame_00000.png,frame_00119.png,,120,1.999742
nagaoka_fireworks_R_12,lockin,1,0,QR未検出,,lockin,binary,,,29.992270,12,8,1,0.616497,,0.616497,frame_00000.png,frame_00119.png,r120_e125_f0.mp4,120 Hz,1/125,蛍光灯なし,60.008 fps,120,125,0,5,nagaoka_fireworks,R,R,12,,,frame_00000.png,frame_00119.png,,120,1.999742
nagaoka_fireworks_R_12,lockin,0,0,QR未検出,,lockin,binary,,,10.007730,12,8,1,0.579159,,0.579159,frame_00000.png,frame_00119.png,r120_e125_f0.mp4,120 Hz,1/125,蛍光灯なし,60.008 fps,120,125,0,5,nagaoka_fireworks,R,R,12,,,frame_00000.png,frame_00119.png,,120,1.999742
nagaoka_fireworks_R_12,lockin,0,0,QR未検出,,lockin,binary,,,29.992270,8,8,1,0.573941,,0.573941,frame_00000.png,frame_00119.png,r120_e125_f0.mp4,120 Hz,1/125,蛍光灯なし,60.008 fps,120,125,0,5,nagaoka_fireworks,R,R,12,,,frame_00000.png,frame_00119.png,,120,1.999742
nagaoka_fireworks_R_12,lockin,0,0,QR未検出,,lockin,binary,,,15.000000,12,8,1,0.565989,,0.565989,frame_00000.png,frame_00119.png,r120_e125_f0.mp4,120 Hz,1/125,蛍光灯なし,60.008 fps,120,125,0,5,nagaoka_fireworks,R,R,12,,,frame_00000.png,frame_00119.png,,120,1.999742
nagaoka_fireworks_R_12,lockin,0,0,QR未検出,,lockin,binary,,,15.000000,4,8,1,0.547906,,0.547906,frame_00000.png,frame_00119.png,r120_e125_f0.mp4,120 Hz,1/125,蛍光灯なし,60.008 fps,120,125,0,5,nagaoka_fireworks,R,R,12,,,frame_00000.png,frame_00119.png,,120,1.999742
nagaoka_fireworks_R_12,lockin,0,0,QR未検出,,lockin,binary,,,10.007730,4,8,1,0.543864,,0.543864,frame_00000.png,frame_00119.png,r120_e125_f0.mp4,120 Hz,1/125,蛍光灯なし,60.008 fps,120,125,0,5,nagaoka_fireworks,R,R,12,,,frame_00000.png,frame_00119.png,,120,1.999742
nagaoka_fireworks_R_12,lockin,0,0,QR未検出,,lockin,binary,,,10.007730,8,8,1,0.523687,,0.523687,frame_00000.png,frame_00119.png,r120_e125_f0.mp4,120 Hz,1/125,蛍光灯なし,60.008 fps,120,125,0,5,nagaoka_fireworks,R,R,12,,,frame_00000.png,frame_00119.png,,120,1.999742
nagaoka_fireworks_R_12,lockin,0,0,QR未検出,,lockin,binary,,,15.000000,8,8,1,0.508521,,0.508521,frame_00000.png,frame_00119.png,r120_e125_f0.mp4,120 Hz,1/125,蛍光灯なし,60.008 fps,120,125,0,5,nagaoka_fireworks,R,R,12,,,frame_00000.png,frame_00119.png,,120,1.999742
nagaoka_fireworks_R_12,lockin,0,0,QR未検出,,lockin,binary,,,29.992270,4,8,1,0.508437,,0.508437,frame_00000.png,frame_00119.png,r120_e125_f0.mp4,120 Hz,1/125,蛍光灯なし,60.008 fps,120,125,0,5,nagaoka_fireworks,R,R,12,,,frame_00000.png,frame_00119.png,,120,1.999742
hocho_R_4,lockin,1,0,QR未検出,,lockin,binary,,,29.992270,12,8,1,0.636606,,0.636606,frame_00000.png,frame_00119.png,r120_e125_f0.mp4,120 Hz,1/125,蛍光灯なし,60.008 fps,120,125,0,6,hocho,R,R,4,,,frame_00000.png,frame_00119.png,,120,1.999742
hocho_R_4,lockin,0,0,QR未検出,,lockin,binary,,,10.007730,4,8,1,0.628055,,0.628055,frame_00000.png,frame_00119.png,r120_e125_f0.mp4,120 Hz,1/125,蛍光灯なし,60.008 fps,120,125,0,6,hocho,R,R,4,,,frame_00000.png,frame_00119.png,,120,1.999742
hocho_R_4,lockin,0,0,QR未検出,,lockin,binary,,,29.992270,8,8,1,0.615106,,0.615106,frame_00000.png,frame_00119.png,r120_e125_f0.mp4,120 Hz,1/125,蛍光灯なし,60.008 fps,120,125,0,6,hocho,R,R,4,,,frame_00000.png,frame_00119.png,,120,1.999742
hocho_R_4,lockin,0,0,QR未検出,,lockin,binary,,,15.000000,4,8,1,0.608166,,0.608166,frame_00000.png,frame_00119.png,r120_e125_f0.mp4,120 Hz,1/125,蛍光灯なし,60.008 fps,120,125,0,6,hocho,R,R,4,,,frame_00000.png,frame_00119.png,,120,1.999742
hocho_R_4,lockin,0,0,QR未検出,,lockin,binary,,,15.000000,12,8,1,0.607185,,0.607185,frame_00000.png,frame_00119.png,r120_e125_f0.mp4,120 Hz,1/125,蛍光灯なし,60.008 fps,120,125,0,6,hocho,R,R,4,,,frame_00000.png,frame_00119.png,,120,1.999742
hocho_R_4,lockin,0,0,QR未検出,,lockin,binary,,,10.007730,12,8,1,0.578105,,0.578105,frame_00000.png,frame_00119.png,r120_e125_f0.mp4,120 Hz,1/125,蛍光灯なし,60.008 fps,120,125,0,6,hocho,R,R,4,,,frame_00000.png,frame_00119.png,,120,1.999742
hocho_R_4,lockin,0,0,QR未検出,,lockin,binary,,,15.000000,8,8,1,0.529702,,0.529702,frame_00000.png,frame_00119.png,r120_e125_f0.mp4,120 Hz,1/125,蛍光灯なし,60.008 fps,120,125,0,6,hocho,R,R,4,,,frame_00000.png,frame_00119.png,,120,1.999742
hocho_R_4,lockin,0,0,QR未検出,,lockin,binary,,,10.007730,8,8,1,0.516375,,0.516375,frame_00000.png,frame_00119.png,r120_e125_f0.mp4,120 Hz,1/125,蛍光灯なし,60.008 fps,120,125,0,6,hocho,R,R,4,,,frame_00000.png,frame_00119.png,,120,1.999742
hocho_R_4,lockin,0,0,QR未検出,,lockin,binary,,,29.992270,4,8,1,0.500245,,0.500245,frame_00000.png,frame_00119.png,r120_e125_f0.mp4,120 Hz,1/125,蛍光灯なし,60.008 fps,120,125,0,6,hocho,R,R,4,,,frame_00000.png,frame_00119.png,,120,1.999742
hocho_R_8,lockin,1,0,QR未検出,,lockin,binary,,,29.992270,12,8,1,0.645221,,0.645221,frame_00000.png,frame_00119.png,r120_e125_f0.mp4,120 Hz,1/125,蛍光灯なし,60.008 fps,120,125,0,7,hocho,R,R,8,,,frame_00000.png,frame_00119.png,,120,1.999742
hocho_R_8,lockin,0,0,QR未検出,,lockin,binary,,,29.992270,8,8,1,0.632723,,0.632723,frame_00000.png,frame_00119.png,r120_e125_f0.mp4,120 Hz,1/125,蛍光灯なし,60.008 fps,120,125,0,7,hocho,R,R,8,,,frame_00000.png,frame_00119.png,,120,1.999742
hocho_R_8,lockin,0,0,QR未検出,,lockin,binary,,,15.000000,12,8,1,0.627504,,0.627504,frame_00000.png,frame_00119.png,r120_e125_f0.mp4,120 Hz,1/125,蛍光灯なし,60.008 fps,120,125,0,7,hocho,R,R,8,,,frame_00000.png,frame_00119.png,,120,1.999742
hocho_R_8,lockin,0,0,QR未検出,,lockin,binary,,,10.007730,4,8,1,0.613526,,0.613526,frame_00000.png,frame_00119.png,r120_e125_f0.mp4,120 Hz,1/125,蛍光灯なし,60.008 fps,120,125,0,7,hocho,R,R,8,,,frame_00000.png,frame_00119.png,,120,1.999742
hocho_R_8,lockin,0,0,QR未検出,,lockin,binary,,,10.007730,12,8,1,0.607582,,0.607582,frame_00000.png,frame_00119.png,r120_e125_f0.mp4,120 Hz,1/125,蛍光灯なし,60.008 fps,120,125,0,7,hocho,R,R,8,,,frame_00000.png,frame_00119.png,,120,1.999742
hocho_R_8,lockin,0,0,QR未検出,,lockin,binary,,,15.000000,8,8,1,0.581381,,0.581381,frame_00000.png,frame_00119.png,r120_e125_f0.mp4,120 Hz,1/125,蛍光灯なし,60.008 fps,120,125,0,7,hocho,R,R,8,,,frame_00000.png,frame_00119.png,,120,1.999742
hocho_R_8,lockin,0,0,QR未検出,,lockin,binary,,,15.000000,4,8,1,0.576966,,0.576966,frame_00000.png,frame_00119.png,r120_e125_f0.mp4,120 Hz,1/125,蛍光灯なし,60.008 fps,120,125,0,7,hocho,R,R,8,,,frame_00000.png,frame_00119.png,,120,1.999742
hocho_R_8,lockin,0,0,QR未検出,,lockin,binary,,,29.992270,4,8,1,0.570011,,0.570011,frame_00000.png,frame_00119.png,r120_e125_f0.mp4,120 Hz,1/125,蛍光灯なし,60.008 fps,120,125,0,7,hocho,R,R,8,,,frame_00000.png,frame_00119.png,,120,1.999742
hocho_R_8,lockin,0,0,QR未検出,,lockin,binary,,,10.007730,8,8,1,0.532791,,0.532791,frame_00000.png,frame_00119.png,r120_e125_f0.mp4,120 Hz,1/125,蛍光灯なし,60.008 fps,120,125,0,7,hocho,R,R,8,,,frame_00000.png,frame_00119.png,,120,1.999742
hocho_R_12,lockin,1,0,QR未検出,,lockin,binary,,,29.992270,12,8,1,0.645389,,0.645389,frame_00000.png,frame_00119.png,r120_e125_f0.mp4,120 Hz,1/125,蛍光灯なし,60.008 fps,120,125,0,8,hocho,R,R,12,,,frame_00000.png,frame_00119.png,,120,1.999742
hocho_R_12,lockin,0,0,QR未検出,,lockin,binary,,,10.007730,4,8,1,0.634478,,0.634478,frame_00000.png,frame_00119.png,r120_e125_f0.mp4,120 Hz,1/125,蛍光灯なし,60.008 fps,120,125,0,8,hocho,R,R,12,,,frame_00000.png,frame_00119.png,,120,1.999742
hocho_R_12,lockin,0,0,QR未検出,,lockin,binary,,,29.992270,8,8,1,0.632763,,0.632763,frame_00000.png,frame_00119.png,r120_e125_f0.mp4,120 Hz,1/125,蛍光灯なし,60.008 fps,120,125,0,8,hocho,R,R,12,,,frame_00000.png,frame_00119.png,,120,1.999742
hocho_R_12,lockin,0,0,QR未検出,,lockin,binary,,,15.000000,4,8,1,0.630036,,0.630036,frame_00000.png,frame_00119.png,r120_e125_f0.mp4,120 Hz,1/125,蛍光灯なし,60.008 fps,120,125,0,8,hocho,R,R,12,,,frame_00000.png,frame_00119.png,,120,1.999742
hocho_R_12,lockin,0,0,QR未検出,,lockin,binary,,,15.000000,12,8,1,0.587335,,0.587335,frame_00000.png,frame_00119.png,r120_e125_f0.mp4,120 Hz,1/125,蛍光灯なし,60.008 fps,120,125,0,8,hocho,R,R,12,,,frame_00000.png,frame_00119.png,,120,1.999742
hocho_R_12,lockin,0,0,QR未検出,,lockin,binary,,,29.992270,4,8,1,0.569297,,0.569297,frame_00000.png,frame_00119.png,r120_e125_f0.mp4,120 Hz,1/125,蛍光灯なし,60.008 fps,120,125,0,8,hocho,R,R,12,,,frame_00000.png,frame_00119.png,,120,1.999742
hocho_R_12,lockin,0,0,QR未検出,,lockin,binary,,,10.007730,12,8,1,0.566451,,0.566451,frame_00000.png,frame_00119.png,r120_e125_f0.mp4,120 Hz,1/125,蛍光灯なし,60.008 fps,120,125,0,8,hocho,R,R,12,,,frame_00000.png,frame_00119.png,,120,1.999742
hocho_R_12,lockin,0,0,QR未検出,,lockin,binary,,,10.007730,8,8,1,0.535237,,0.535237,frame_00000.png,frame_00119.png,r120_e125_f0.mp4,120 Hz,1/125,蛍光灯なし,60.008 fps,120,125,0,8,hocho,R,R,12,,,frame_00000.png,frame_00119.png,,120,1.999742
hocho_R_12,lockin,0,0,QR未検出,,lockin,binary,,,15.000000,8,8,1,0.511819,,0.511819,frame_00000.png,frame_00119.png,r120_e125_f0.mp4,120 Hz,1/125,蛍光灯なし,60.008 fps,120,125,0,8,hocho,R,R,12,,,frame_00000.png,frame_00119.png,,120,1.999742
ex_R_4,lockin,1,0,QR未検出,,lockin,binary,,,29.992270,12,8,1,0.646817,,0.646817,frame_00000.png,frame_00119.png,r120_e125_f0.mp4,120 Hz,1/125,蛍光灯なし,60.008 fps,120,125,0,9,ex,R,R,4,,,frame_00000.png,frame_00119.png,,120,1.999742
ex_R_4,lockin,0,0,QR未検出,,lockin,binary,,,15.000000,4,8,1,0.631664,,0.631664,frame_00000.png,frame_00119.png,r120_e125_f0.mp4,120 Hz,1/125,蛍光灯なし,60.008 fps,120,125,0,9,ex,R,R,4,,,frame_00000.png,frame_00119.png,,120,1.999742
ex_R_4,lockin,0,0,QR未検出,,lockin,binary,,,29.992270,8,8,1,0.627565,,0.627565,frame_00000.png,frame_00119.png,r120_e125_f0.mp4,120 Hz,1/125,蛍光灯なし,60.008 fps,120,125,0,9,ex,R,R,4,,,frame_00000.png,frame_00119.png,,120,1.999742
ex_R_4,lockin,0,0,QR未検出,,lockin,binary,,,10.007730,4,8,1,0.627525,,0.627525,frame_00000.png,frame_00119.png,r120_e125_f0.mp4,120 Hz,1/125,蛍光灯なし,60.008 fps,120,125,0,9,ex,R,R,4,,,frame_00000.png,frame_00119.png,,120,1.999742
ex_R_4,lockin,0,0,QR未検出,,lockin,binary,,,10.007730,12,8,1,0.564628,,0.564628,frame_00000.png,frame_00119.png,r120_e125_f0.mp4,120 Hz,1/125,蛍光灯なし,60.008 fps,120,125,0,9,ex,R,R,4,,,frame_00000.png,frame_00119.png,,120,1.999742
ex_R_4,lockin,0,0,QR未検出,,lockin,binary,,,15.000000,8,8,1,0.560693,,0.560693,frame_00000.png,frame_00119.png,r120_e125_f0.mp4,120 Hz,1/125,蛍光灯なし,60.008 fps,120,125,0,9,ex,R,R,4,,,frame_00000.png,frame_00119.png,,120,1.999742
ex_R_4,lockin,0,0,QR未検出,,lockin,binary,,,15.000000,12,8,1,0.542954,,0.542954,frame_00000.png,frame_00119.png,r120_e125_f0.mp4,120 Hz,1/125,蛍光灯なし,60.008 fps,120,125,0,9,ex,R,R,4,,,frame_00000.png,frame_00119.png,,120,1.999742
ex_R_4,lockin,0,0,QR未検出,,lockin,binary,,,10.007730,8,8,1,0.542074,,0.542074,frame_00000.png,frame_00119.png,r120_e125_f0.mp4,120 Hz,1/125,蛍光灯なし,60.008 fps,120,125,0,9,ex,R,R,4,,,frame_00000.png,frame_00119.png,,120,1.999742
ex_R_4,lockin,0,0,QR未検出,,lockin,binary,,,29.992270,4,8,1,0.504738,,0.504738,frame_00000.png,frame_00119.png,r120_e125_f0.mp4,120 Hz,1/125,蛍光灯なし,60.008 fps,120,125,0,9,ex,R,R,4,,,frame_00000.png,frame_00119.png,,120,1.999742
ex_R_8,lockin,1,0,QR未検出,,lockin,binary,,,15.000000,4,8,1,0.631755,,0.631755,frame_00000.png,frame_00119.png,r120_e125_f0.mp4,120 Hz,1/125,蛍光灯なし,60.008 fps,120,125,0,10,ex,R,R,8,,,frame_00000.png,frame_00119.png,,120,1.999742
ex_R_8,lockin,0,0,QR未検出,,lockin,binary,,,10.007730,4,8,1,0.631120,,0.631120,frame_00000.png,frame_00119.png,r120_e125_f0.mp4,120 Hz,1/125,蛍光灯なし,60.008 fps,120,125,0,10,ex,R,R,8,,,frame_00000.png,frame_00119.png,,120,1.999742
ex_R_8,lockin,0,0,QR未検出,,lockin,binary,,,29.992270,12,8,1,0.628221,,0.628221,frame_00000.png,frame_00119.png,r120_e125_f0.mp4,120 Hz,1/125,蛍光灯なし,60.008 fps,120,125,0,10,ex,R,R,8,,,frame_00000.png,frame_00119.png,,120,1.999742
ex_R_8,lockin,0,0,QR未検出,,lockin,binary,,,29.992270,4,8,1,0.580263,,0.580263,frame_00000.png,frame_00119.png,r120_e125_f0.mp4,120 Hz,1/125,蛍光灯なし,60.008 fps,120,125,0,10,ex,R,R,8,,,frame_00000.png,frame_00119.png,,120,1.999742
ex_R_8,lockin,0,0,QR未検出,,lockin,binary,,,15.000000,8,8,1,0.577082,,0.577082,frame_00000.png,frame_00119.png,r120_e125_f0.mp4,120 Hz,1/125,蛍光灯なし,60.008 fps,120,125,0,10,ex,R,R,8,,,frame_00000.png,frame_00119.png,,120,1.999742
ex_R_8,lockin,0,0,QR未検出,,lockin,binary,,,10.007730,8,8,1,0.575700,,0.575700,frame_00000.png,frame_00119.png,r120_e125_f0.mp4,120 Hz,1/125,蛍光灯なし,60.008 fps,120,125,0,10,ex,R,R,8,,,frame_00000.png,frame_00119.png,,120,1.999742
ex_R_8,lockin,0,0,QR未検出,,lockin,binary,,,29.992270,8,8,1,0.566993,,0.566993,frame_00000.png,frame_00119.png,r120_e125_f0.mp4,120 Hz,1/125,蛍光灯なし,60.008 fps,120,125,0,10,ex,R,R,8,,,frame_00000.png,frame_00119.png,,120,1.999742
ex_R_8,lockin,0,0,QR未検出,,lockin,binary,,,10.007730,12,8,1,0.522095,,0.522095,frame_00000.png,frame_00119.png,r120_e125_f0.mp4,120 Hz,1/125,蛍光灯なし,60.008 fps,120,125,0,10,ex,R,R,8,,,frame_00000.png,frame_00119.png,,120,1.999742
ex_R_8,lockin,0,0,QR未検出,,lockin,binary,,,15.000000,12,8,1,0.508568,,0.508568,frame_00000.png,frame_00119.png,r120_e125_f0.mp4,120 Hz,1/125,蛍光灯なし,60.008 fps,120,125,0,10,ex,R,R,8,,,frame_00000.png,frame_00119.png,,120,1.999742
ex_R_12,lockin,1,0,QR未検出,,lockin,binary,,,10.007730,12,8,1,0.639232,,0.639232,frame_00000.png,frame_00119.png,r120_e125_f0.mp4,120 Hz,1/125,蛍光灯なし,60.008 fps,120,125,0,11,ex,R,R,12,,,frame_00000.png,frame_00119.png,,120,1.999742
ex_R_12,lockin,0,0,QR未検出,,lockin,binary,,,15.000000,4,8,1,0.637412,,0.637412,frame_00000.png,frame_00119.png,r120_e125_f0.mp4,120 Hz,1/125,蛍光灯なし,60.008 fps,120,125,0,11,ex,R,R,12,,,frame_00000.png,frame_00119.png,,120,1.999742
ex_R_12,lockin,0,0,QR未検出,,lockin,binary,,,29.992270,4,8,1,0.614848,,0.614848,frame_00000.png,frame_00119.png,r120_e125_f0.mp4,120 Hz,1/125,蛍光灯なし,60.008 fps,120,125,0,11,ex,R,R,12,,,frame_00000.png,frame_00119.png,,120,1.999742
ex_R_12,lockin,0,0,QR未検出,,lockin,binary,,,15.000000,8,8,1,0.613183,,0.613183,frame_00000.png,frame_00119.png,r120_e125_f0.mp4,120 Hz,1/125,蛍光灯なし,60.008 fps,120,125,0,11,ex,R,R,12,,,frame_00000.png,frame_00119.png,,120,1.999742
ex_R_12,lockin,0,0,QR未検出,,lockin,binary,,,10.007730,4,8,1,0.608215,,0.608215,frame_00000.png,frame_00119.png,r120_e125_f0.mp4,120 Hz,1/125,蛍光灯なし,60.008 fps,120,125,0,11,ex,R,R,12,,,frame_00000.png,frame_00119.png,,120,1.999742
ex_R_12,lockin,0,0,QR未検出,,lockin,binary,,,29.992270,12,8,1,0.602193,,0.602193,frame_00000.png,frame_00119.png,r120_e125_f0.mp4,120 Hz,1/125,蛍光灯なし,60.008 fps,120,125,0,11,ex,R,R,12,,,frame_00000.png,frame_00119.png,,120,1.999742
ex_R_12,lockin,0,0,QR未検出,,lockin,binary,,,10.007730,8,8,1,0.578160,,0.578160,frame_00000.png,frame_00119.png,r120_e125_f0.mp4,120 Hz,1/125,蛍光灯なし,60.008 fps,120,125,0,11,ex,R,R,12,,,frame_00000.png,frame_00119.png,,120,1.999742
ex_R_12,lockin,0,0,QR未検出,,lockin,binary,,,15.000000,12,8,1,0.536428,,0.536428,frame_00000.png,frame_00119.png,r120_e125_f0.mp4,120 Hz,1/125,蛍光灯なし,60.008 fps,120,125,0,11,ex,R,R,12,,,frame_00000.png,frame_00119.png,,120,1.999742
ex_R_12,lockin,0,0,QR未検出,,lockin,binary,,,29.992270,8,8,1,0.509581,,0.509581,frame_00000.png,frame_00119.png,r120_e125_f0.mp4,120 Hz,1/125,蛍光灯なし,60.008 fps,120,125,0,11,ex,R,R,12,,,frame_00000.png,frame_00119.png,,120,1.999742
rice_G_4,lockin,1,0,QR未検出,,lockin,binary,,,29.992270,12,8,1,0.644458,,0.644458,frame_00000.png,frame_00119.png,r120_e125_f0.mp4,120 Hz,1/125,蛍光灯なし,60.008 fps,120,125,0,12,rice,G,G,4,,,frame_00000.png,frame_00119.png,,120,1.999742
rice_G_4,lockin,0,0,QR未検出,,lockin,binary,,,29.992270,8,8,1,0.639162,,0.639162,frame_00000.png,frame_00119.png,r120_e125_f0.mp4,120 Hz,1/125,蛍光灯なし,60.008 fps,120,125,0,12,rice,G,G,4,,,frame_00000.png,frame_00119.png,,120,1.999742
rice_G_4,lockin,0,0,QR未検出,,lockin,binary,,,10.007730,12,8,1,0.634263,,0.634263,frame_00000.png,frame_00119.png,r120_e125_f0.mp4,120 Hz,1/125,蛍光灯なし,60.008 fps,120,125,0,12,rice,G,G,4,,,frame_00000.png,frame_00119.png,,120,1.999742
rice_G_4,lockin,0,0,QR未検出,,lockin,binary,,,15.000000,4,8,1,0.626898,,0.626898,frame_00000.png,frame_00119.png,r120_e125_f0.mp4,120 Hz,1/125,蛍光灯なし,60.008 fps,120,125,0,12,rice,G,G,4,,,frame_00000.png,frame_00119.png,,120,1.999742
rice_G_4,lockin,0,0,QR未検出,,lockin,binary,,,15.000000,12,8,1,0.619812,,0.619812,frame_00000.png,frame_00119.png,r120_e125_f0.mp4,120 Hz,1/125,蛍光灯なし,60.008 fps,120,125,0,12,rice,G,G,4,,,frame_00000.png,frame_00119.png,,120,1.999742
rice_G_4,lockin,0,0,QR未検出,,lockin,binary,,,10.007730,4,8,1,0.607164,,0.607164,frame_00000.png,frame_00119.png,r120_e125_f0.mp4,120 Hz,1/125,蛍光灯なし,60.008 fps,120,125,0,12,rice,G,G,4,,,frame_00000.png,frame_00119.png,,120,1.999742
rice_G_4,lockin,0,0,QR未検出,,lockin,binary,,,10.007730,8,8,1,0.584597,,0.584597,frame_00000.png,frame_00119.png,r120_e125_f0.mp4,120 Hz,1/125,蛍光灯なし,60.008 fps,120,125,0,12,rice,G,G,4,,,frame_00000.png,frame_00119.png,,120,1.999742
rice_G_4,lockin,0,0,QR未検出,,lockin,binary,,,29.992270,4,8,1,0.567814,,0.567814,frame_00000.png,frame_00119.png,r120_e125_f0.mp4,120 Hz,1/125,蛍光灯なし,60.008 fps,120,125,0,12,rice,G,G,4,,,frame_00000.png,frame_00119.png,,120,1.999742
rice_G_4,lockin,0,0,QR未検出,,lockin,binary,,,15.000000,8,8,1,0.550634,,0.550634,frame_00000.png,frame_00119.png,r120_e125_f0.mp4,120 Hz,1/125,蛍光灯なし,60.008 fps,120,125,0,12,rice,G,G,4,,,frame_00000.png,frame_00119.png,,120,1.999742
rice_G_8,lockin,1,0,QR未検出,,lockin,binary,,,15.000000,12,8,1,0.642259,,0.642259,frame_00000.png,frame_00119.png,r120_e125_f0.mp4,120 Hz,1/125,蛍光灯なし,60.008 fps,120,125,0,13,rice,G,G,8,,,frame_00000.png,frame_00119.png,,120,1.999742
rice_G_8,lockin,0,0,QR未検出,,lockin,binary,,,29.992270,12,8,1,0.639300,,0.639300,frame_00000.png,frame_00119.png,r120_e125_f0.mp4,120 Hz,1/125,蛍光灯なし,60.008 fps,120,125,0,13,rice,G,G,8,,,frame_00000.png,frame_00119.png,,120,1.999742
rice_G_8,lockin,0,0,QR未検出,,lockin,binary,,,10.007730,4,8,1,0.637778,,0.637778,frame_00000.png,frame_00119.png,r120_e125_f0.mp4,120 Hz,1/125,蛍光灯なし,60.008 fps,120,125,0,13,rice,G,G,8,,,frame_00000.png,frame_00119.png,,120,1.999742
rice_G_8,lockin,0,0,QR未検出,,lockin,binary,,,29.992270,8,8,1,0.619851,,0.619851,frame_00000.png,frame_00119.png,r120_e125_f0.mp4,120 Hz,1/125,蛍光灯なし,60.008 fps,120,125,0,13,rice,G,G,8,,,frame_00000.png,frame_00119.png,,120,1.999742
rice_G_8,lockin,0,0,QR未検出,,lockin,binary,,,10.007730,12,8,1,0.617417,,0.617417,frame_00000.png,frame_00119.png,r120_e125_f0.mp4,120 Hz,1/125,蛍光灯なし,60.008 fps,120,125,0,13,rice,G,G,8,,,frame_00000.png,frame_00119.png,,120,1.999742
rice_G_8,lockin,0,0,QR未検出,,lockin,binary,,,15.000000,8,8,1,0.614409,,0.614409,frame_00000.png,frame_00119.png,r120_e125_f0.mp4,120 Hz,1/125,蛍光灯なし,60.008 fps,120,125,0,13,rice,G,G,8,,,frame_00000.png,frame_00119.png,,120,1.999742
rice_G_8,lockin,0,0,QR未検出,,lockin,binary,,,15.000000,4,8,1,0.574597,,0.574597,frame_00000.png,frame_00119.png,r120_e125_f0.mp4,120 Hz,1/125,蛍光灯なし,60.008 fps,120,125,0,13,rice,G,G,8,,,frame_00000.png,frame_00119.png,,120,1.999742
rice_G_8,lockin,0,0,QR未検出,,lockin,binary,,,10.007730,8,8,1,0.531559,,0.531559,frame_00000.png,frame_00119.png,r120_e125_f0.mp4,120 Hz,1/125,蛍光灯なし,60.008 fps,120,125,0,13,rice,G,G,8,,,frame_00000.png,frame_00119.png,,120,1.999742
rice_G_8,lockin,0,0,QR未検出,,lockin,binary,,,29.992270,4,8,1,0.527431,,0.527431,frame_00000.png,frame_00119.png,r120_e125_f0.mp4,120 Hz,1/125,蛍光灯なし,60.008 fps,120,125,0,13,rice,G,G,8,,,frame_00000.png,frame_00119.png,,120,1.999742
rice_G_12,lockin,1,0,QR未検出,,lockin,binary,,,29.992270,12,8,1,0.645377,,0.645377,frame_00000.png,frame_00119.png,r120_e125_f0.mp4,120 Hz,1/125,蛍光灯なし,60.008 fps,120,125,0,14,rice,G,G,12,,,frame_00000.png,frame_00119.png,,120,1.999742
rice_G_12,lockin,0,0,QR未検出,,lockin,binary,,,10.007730,12,8,1,0.641354,,0.641354,frame_00000.png,frame_00119.png,r120_e125_f0.mp4,120 Hz,1/125,蛍光灯なし,60.008 fps,120,125,0,14,rice,G,G,12,,,frame_00000.png,frame_00119.png,,120,1.999742
rice_G_12,lockin,0,0,QR未検出,,lockin,binary,,,29.992270,8,8,1,0.632905,,0.632905,frame_00000.png,frame_00119.png,r120_e125_f0.mp4,120 Hz,1/125,蛍光灯なし,60.008 fps,120,125,0,14,rice,G,G,12,,,frame_00000.png,frame_00119.png,,120,1.999742
rice_G_12,lockin,0,0,QR未検出,,lockin,binary,,,15.000000,4,8,1,0.625304,,0.625304,frame_00000.png,frame_00119.png,r120_e125_f0.mp4,120 Hz,1/125,蛍光灯なし,60.008 fps,120,125,0,14,rice,G,G,12,,,frame_00000.png,frame_00119.png,,120,1.999742
rice_G_12,lockin,0,0,QR未検出,,lockin,binary,,,15.000000,12,8,1,0.624743,,0.624743,frame_00000.png,frame_00119.png,r120_e125_f0.mp4,120 Hz,1/125,蛍光灯なし,60.008 fps,120,125,0,14,rice,G,G,12,,,frame_00000.png,frame_00119.png,,120,1.999742
rice_G_12,lockin,0,0,QR未検出,,lockin,binary,,,10.007730,4,8,1,0.602998,,0.602998,frame_00000.png,frame_00119.png,r120_e125_f0.mp4,120 Hz,1/125,蛍光灯なし,60.008 fps,120,125,0,14,rice,G,G,12,,,frame_00000.png,frame_00119.png,,120,1.999742
rice_G_12,lockin,0,0,QR未検出,,lockin,binary,,,10.007730,8,8,1,0.594369,,0.594369,frame_00000.png,frame_00119.png,r120_e125_f0.mp4,120 Hz,1/125,蛍光灯なし,60.008 fps,120,125,0,14,rice,G,G,12,,,frame_00000.png,frame_00119.png,,120,1.999742
rice_G_12,lockin,0,0,QR未検出,,lockin,binary,,,15.000000,8,8,1,0.551925,,0.551925,frame_00000.png,frame_00119.png,r120_e125_f0.mp4,120 Hz,1/125,蛍光灯なし,60.008 fps,120,125,0,14,rice,G,G,12,,,frame_00000.png,frame_00119.png,,120,1.999742
rice_G_12,lockin,0,0,QR未検出,,lockin,binary,,,29.992270,4,8,1,0.525489,,0.525489,frame_00000.png,frame_00119.png,r120_e125_f0.mp4,120 Hz,1/125,蛍光灯なし,60.008 fps,120,125,0,14,rice,G,G,12,,,frame_00000.png,frame_00119.png,,120,1.999742
nagaoka_fireworks_G_4,lockin,1,0,QR未検出,,lockin,binary,,,29.992270,12,8,1,0.616386,,0.616386,frame_00000.png,frame_00119.png,r120_e125_f0.mp4,120 Hz,1/125,蛍光灯なし,60.008 fps,120,125,0,15,nagaoka_fireworks,G,G,4,,,frame_00000.png,frame_00119.png,,120,1.999742
nagaoka_fireworks_G_4,lockin,0,0,QR未検出,,lockin,binary,,,15.000000,12,8,1,0.589048,,0.589048,frame_00000.png,frame_00119.png,r120_e125_f0.mp4,120 Hz,1/125,蛍光灯なし,60.008 fps,120,125,0,15,nagaoka_fireworks,G,G,4,,,frame_00000.png,frame_00119.png,,120,1.999742
nagaoka_fireworks_G_4,lockin,0,0,QR未検出,,lockin,binary,,,29.992270,8,8,1,0.575250,,0.575250,frame_00000.png,frame_00119.png,r120_e125_f0.mp4,120 Hz,1/125,蛍光灯なし,60.008 fps,120,125,0,15,nagaoka_fireworks,G,G,4,,,frame_00000.png,frame_00119.png,,120,1.999742
nagaoka_fireworks_G_4,lockin,0,0,QR未検出,,lockin,binary,,,10.007730,12,8,1,0.574469,,0.574469,frame_00000.png,frame_00119.png,r120_e125_f0.mp4,120 Hz,1/125,蛍光灯なし,60.008 fps,120,125,0,15,nagaoka_fireworks,G,G,4,,,frame_00000.png,frame_00119.png,,120,1.999742
nagaoka_fireworks_G_4,lockin,0,0,QR未検出,,lockin,binary,,,10.007730,4,8,1,0.547194,,0.547194,frame_00000.png,frame_00119.png,r120_e125_f0.mp4,120 Hz,1/125,蛍光灯なし,60.008 fps,120,125,0,15,nagaoka_fireworks,G,G,4,,,frame_00000.png,frame_00119.png,,120,1.999742
nagaoka_fireworks_G_4,lockin,0,0,QR未検出,,lockin,binary,,,15.000000,4,8,1,0.539002,,0.539002,frame_00000.png,frame_00119.png,r120_e125_f0.mp4,120 Hz,1/125,蛍光灯なし,60.008 fps,120,125,0,15,nagaoka_fireworks,G,G,4,,,frame_00000.png,frame_00119.png,,120,1.999742
nagaoka_fireworks_G_4,lockin,0,0,QR未検出,,lockin,binary,,,15.000000,8,8,1,0.533454,,0.533454,frame_00000.png,frame_00119.png,r120_e125_f0.mp4,120 Hz,1/125,蛍光灯なし,60.008 fps,120,125,0,15,nagaoka_fireworks,G,G,4,,,frame_00000.png,frame_00119.png,,120,1.999742
nagaoka_fireworks_G_4,lockin,0,0,QR未検出,,lockin,binary,,,10.007730,8,8,1,0.523363,,0.523363,frame_00000.png,frame_00119.png,r120_e125_f0.mp4,120 Hz,1/125,蛍光灯なし,60.008 fps,120,125,0,15,nagaoka_fireworks,G,G,4,,,frame_00000.png,frame_00119.png,,120,1.999742
nagaoka_fireworks_G_4,lockin,0,0,QR未検出,,lockin,binary,,,29.992270,4,8,1,0.507049,,0.507049,frame_00000.png,frame_00119.png,r120_e125_f0.mp4,120 Hz,1/125,蛍光灯なし,60.008 fps,120,125,0,15,nagaoka_fireworks,G,G,4,,,frame_00000.png,frame_00119.png,,120,1.999742
nagaoka_fireworks_G_8,lockin,1,0,QR未検出,,lockin,binary,,,29.992270,12,8,1,0.630986,,0.630986,frame_00000.png,frame_00119.png,r120_e125_f0.mp4,120 Hz,1/125,蛍光灯なし,60.008 fps,120,125,0,16,nagaoka_fireworks,G,G,8,,,frame_00000.png,frame_00119.png,,120,1.999742
nagaoka_fireworks_G_8,lockin,0,0,QR未検出,,lockin,binary,,,29.992270,8,8,1,0.597882,,0.597882,frame_00000.png,frame_00119.png,r120_e125_f0.mp4,120 Hz,1/125,蛍光灯なし,60.008 fps,120,125,0,16,nagaoka_fireworks,G,G,8,,,frame_00000.png,frame_00119.png,,120,1.999742
nagaoka_fireworks_G_8,lockin,0,0,QR未検出,,lockin,binary,,,15.000000,12,8,1,0.566012,,0.566012,frame_00000.png,frame_00119.png,r120_e125_f0.mp4,120 Hz,1/125,蛍光灯なし,60.008 fps,120,125,0,16,nagaoka_fireworks,G,G,8,,,frame_00000.png,frame_00119.png,,120,1.999742
nagaoka_fireworks_G_8,lockin,0,0,QR未検出,,lockin,binary,,,10.007730,12,8,1,0.565112,,0.565112,frame_00000.png,frame_00119.png,r120_e125_f0.mp4,120 Hz,1/125,蛍光灯なし,60.008 fps,120,125,0,16,nagaoka_fireworks,G,G,8,,,frame_00000.png,frame_00119.png,,120,1.999742
nagaoka_fireworks_G_8,lockin,0,0,QR未検出,,lockin,binary,,,10.007730,4,8,1,0.546676,,0.546676,frame_00000.png,frame_00119.png,r120_e125_f0.mp4,120 Hz,1/125,蛍光灯なし,60.008 fps,120,125,0,16,nagaoka_fireworks,G,G,8,,,frame_00000.png,frame_00119.png,,120,1.999742
nagaoka_fireworks_G_8,lockin,0,0,QR未検出,,lockin,binary,,,15.000000,4,8,1,0.542274,,0.542274,frame_00000.png,frame_00119.png,r120_e125_f0.mp4,120 Hz,1/125,蛍光灯なし,60.008 fps,120,125,0,16,nagaoka_fireworks,G,G,8,,,frame_00000.png,frame_00119.png,,120,1.999742
nagaoka_fireworks_G_8,lockin,0,0,QR未検出,,lockin,binary,,,29.992270,4,8,1,0.516867,,0.516867,frame_00000.png,frame_00119.png,r120_e125_f0.mp4,120 Hz,1/125,蛍光灯なし,60.008 fps,120,125,0,16,nagaoka_fireworks,G,G,8,,,frame_00000.png,frame_00119.png,,120,1.999742
nagaoka_fireworks_G_8,lockin,0,0,QR未検出,,lockin,binary,,,15.000000,8,8,1,0.516835,,0.516835,frame_00000.png,frame_00119.png,r120_e125_f0.mp4,120 Hz,1/125,蛍光灯なし,60.008 fps,120,125,0,16,nagaoka_fireworks,G,G,8,,,frame_00000.png,frame_00119.png,,120,1.999742
nagaoka_fireworks_G_8,lockin,0,0,QR未検出,,lockin,binary,,,10.007730,8,8,1,0.513647,,0.513647,frame_00000.png,frame_00119.png,r120_e125_f0.mp4,120 Hz,1/125,蛍光灯なし,60.008 fps,120,125,0,16,nagaoka_fireworks,G,G,8,,,frame_00000.png,frame_00119.png,,120,1.999742
nagaoka_fireworks_G_12,lockin,1,0,QR未検出,,lockin,binary,,,29.992270,12,8,1,0.612553,,0.612553,frame_00000.png,frame_00119.png,r120_e125_f0.mp4,120 Hz,1/125,蛍光灯なし,60.008 fps,120,125,0,17,nagaoka_fireworks,G,G,12,,,frame_00000.png,frame_00119.png,,120,1.999742
nagaoka_fireworks_G_12,lockin,0,0,QR未検出,,lockin,binary,,,15.000000,12,8,1,0.577918,,0.577918,frame_00000.png,frame_00119.png,r120_e125_f0.mp4,120 Hz,1/125,蛍光灯なし,60.008 fps,120,125,0,17,nagaoka_fireworks,G,G,12,,,frame_00000.png,frame_00119.png,,120,1.999742
nagaoka_fireworks_G_12,lockin,0,0,QR未検出,,lockin,binary,,,10.007730,12,8,1,0.575026,,0.575026,frame_00000.png,frame_00119.png,r120_e125_f0.mp4,120 Hz,1/125,蛍光灯なし,60.008 fps,120,125,0,17,nagaoka_fireworks,G,G,12,,,frame_00000.png,frame_00119.png,,120,1.999742
nagaoka_fireworks_G_12,lockin,0,0,QR未検出,,lockin,binary,,,29.992270,8,8,1,0.570349,,0.570349,frame_00000.png,frame_00119.png,r120_e125_f0.mp4,120 Hz,1/125,蛍光灯なし,60.008 fps,120,125,0,17,nagaoka_fireworks,G,G,12,,,frame_00000.png,frame_00119.png,,120,1.999742
nagaoka_fireworks_G_12,lockin,0,0,QR未検出,,lockin,binary,,,10.007730,4,8,1,0.540286,,0.540286,frame_00000.png,frame_00119.png,r120_e125_f0.mp4,120 Hz,1/125,蛍光灯なし,60.008 fps,120,125,0,17,nagaoka_fireworks,G,G,12,,,frame_00000.png,frame_00119.png,,120,1.999742
nagaoka_fireworks_G_12,lockin,0,0,QR未検出,,lockin,binary,,,15.000000,4,8,1,0.537037,,0.537037,frame_00000.png,frame_00119.png,r120_e125_f0.mp4,120 Hz,1/125,蛍光灯なし,60.008 fps,120,125,0,17,nagaoka_fireworks,G,G,12,,,frame_00000.png,frame_00119.png,,120,1.999742
nagaoka_fireworks_G_12,lockin,0,0,QR未検出,,lockin,binary,,,15.000000,8,8,1,0.527403,,0.527403,frame_00000.png,frame_00119.png,r120_e125_f0.mp4,120 Hz,1/125,蛍光灯なし,60.008 fps,120,125,0,17,nagaoka_fireworks,G,G,12,,,frame_00000.png,frame_00119.png,,120,1.999742
nagaoka_fireworks_G_12,lockin,0,0,QR未検出,,lockin,binary,,,10.007730,8,8,1,0.521575,,0.521575,frame_00000.png,frame_00119.png,r120_e125_f0.mp4,120 Hz,1/125,蛍光灯なし,60.008 fps,120,125,0,17,nagaoka_fireworks,G,G,12,,,frame_00000.png,frame_00119.png,,120,1.999742
nagaoka_fireworks_G_12,lockin,0,0,QR未検出,,lockin,binary,,,29.992270,4,8,1,0.509293,,0.509293,frame_00000.png,frame_00119.png,r120_e125_f0.mp4,120 Hz,1/125,蛍光灯なし,60.008 fps,120,125,0,17,nagaoka_fireworks,G,G,12,,,frame_00000.png,frame_00119.png,,120,1.999742
hocho_G_4,lockin,1,0,QR未検出,,lockin,binary,,,29.992270,12,8,1,0.640107,,0.640107,frame_00000.png,frame_00119.png,r120_e125_f0.mp4,120 Hz,1/125,蛍光灯なし,60.008 fps,120,125,0,18,hocho,G,G,4,,,frame_00000.png,frame_00119.png,,120,1.999742
hocho_G_4,lockin,0,0,QR未検出,,lockin,binary,,,29.992270,8,8,1,0.622218,,0.622218,frame_00000.png,frame_00119.png,r120_e125_f0.mp4,120 Hz,1/125,蛍光灯なし,60.008 fps,120,125,0,18,hocho,G,G,4,,,frame_00000.png,frame_00119.png,,120,1.999742
hocho_G_4,lockin,0,0,QR未検出,,lockin,binary,,,10.007730,4,8,1,0.619370,,0.619370,frame_00000.png,frame_00119.png,r120_e125_f0.mp4,120 Hz,1/125,蛍光灯なし,60.008 fps,120,125,0,18,hocho,G,G,4,,,frame_00000.png,frame_00119.png,,120,1.999742
hocho_G_4,lockin,0,0,QR未検出,,lockin,binary,,,15.000000,12,8,1,0.614612,,0.614612,frame_00000.png,frame_00119.png,r120_e125_f0.mp4,120 Hz,1/125,蛍光灯なし,60.008 fps,120,125,0,18,hocho,G,G,4,,,frame_00000.png,frame_00119.png,,120,1.999742
hocho_G_4,lockin,0,0,QR未検出,,lockin,binary,,,15.000000,4,8,1,0.602085,,0.602085,frame_00000.png,frame_00119.png,r120_e125_f0.mp4,120 Hz,1/125,蛍光灯なし,60.008 fps,120,125,0,18,hocho,G,G,4,,,frame_00000.png,frame_00119.png,,120,1.999742
hocho_G_4,lockin,0,0,QR未検出,,lockin,binary,,,10.007730,12,8,1,0.599679,,0.599679,frame_00000.png,frame_00119.png,r120_e125_f0.mp4,120 Hz,1/125,蛍光灯なし,60.008 fps,120,125,0,18,hocho,G,G,4,,,frame_00000.png,frame_00119.png,,120,1.999742
hocho_G_4,lockin,0,0,QR未検出,,lockin,binary,,,15.000000,8,8,1,0.547297,,0.547297,frame_00000.png,frame_00119.png,r120_e125_f0.mp4,120 Hz,1/125,蛍光灯なし,60.008 fps,120,125,0,18,hocho,G,G,4,,,frame_00000.png,frame_00119.png,,120,1.999742
hocho_G_4,lockin,0,0,QR未検出,,lockin,binary,,,29.992270,4,8,1,0.533226,,0.533226,frame_00000.png,frame_00119.png,r120_e125_f0.mp4,120 Hz,1/125,蛍光灯なし,60.008 fps,120,125,0,18,hocho,G,G,4,,,frame_00000.png,frame_00119.png,,120,1.999742
hocho_G_4,lockin,0,0,QR未検出,,lockin,binary,,,10.007730,8,8,1,0.509233,,0.509233,frame_00000.png,frame_00119.png,r120_e125_f0.mp4,120 Hz,1/125,蛍光灯なし,60.008 fps,120,125,0,18,hocho,G,G,4,,,frame_00000.png,frame_00119.png,,120,1.999742
hocho_G_8,lockin,1,0,QR未検出,,lockin,binary,,,29.992270,12,8,1,0.645058,,0.645058,frame_00000.png,frame_00119.png,r120_e125_f0.mp4,120 Hz,1/125,蛍光灯なし,60.008 fps,120,125,0,19,hocho,G,G,8,,,frame_00000.png,frame_00119.png,,120,1.999742
hocho_G_8,lockin,0,0,QR未検出,,lockin,binary,,,29.992270,8,8,1,0.633827,,0.633827,frame_00000.png,frame_00119.png,r120_e125_f0.mp4,120 Hz,1/125,蛍光灯なし,60.008 fps,120,125,0,19,hocho,G,G,8,,,frame_00000.png,frame_00119.png,,120,1.999742
hocho_G_8,lockin,0,0,QR未検出,,lockin,binary,,,10.007730,12,8,1,0.619569,,0.619569,frame_00000.png,frame_00119.png,r120_e125_f0.mp4,120 Hz,1/125,蛍光灯なし,60.008 fps,120,125,0,19,hocho,G,G,8,,,frame_00000.png,frame_00119.png,,120,1.999742
hocho_G_8,lockin,0,0,QR未検出,,lockin,binary,,,15.000000,12,8,1,0.617998,,0.617998,frame_00000.png,frame_00119.png,r120_e125_f0.mp4,120 Hz,1/125,蛍光灯なし,60.008 fps,120,125,0,19,hocho,G,G,8,,,frame_00000.png,frame_00119.png,,120,1.999742
hocho_G_8,lockin,0,0,QR未検出,,lockin,binary,,,10.007730,4,8,1,0.605122,,0.605122,frame_00000.png,frame_00119.png,r120_e125_f0.mp4,120 Hz,1/125,蛍光灯なし,60.008 fps,120,125,0,19,hocho,G,G,8,,,frame_00000.png,frame_00119.png,,120,1.999742
hocho_G_8,lockin,0,0,QR未検出,,lockin,binary,,,15.000000,4,8,1,0.601012,,0.601012,frame_00000.png,frame_00119.png,r120_e125_f0.mp4,120 Hz,1/125,蛍光灯なし,60.008 fps,120,125,0,19,hocho,G,G,8,,,frame_00000.png,frame_00119.png,,120,1.999742
hocho_G_8,lockin,0,0,QR未検出,,lockin,binary,,,29.992270,4,8,1,0.564360,,0.564360,frame_00000.png,frame_00119.png,r120_e125_f0.mp4,120 Hz,1/125,蛍光灯なし,60.008 fps,120,125,0,19,hocho,G,G,8,,,frame_00000.png,frame_00119.png,,120,1.999742
hocho_G_8,lockin,0,0,QR未検出,,lockin,binary,,,10.007730,8,8,1,0.556219,,0.556219,frame_00000.png,frame_00119.png,r120_e125_f0.mp4,120 Hz,1/125,蛍光灯なし,60.008 fps,120,125,0,19,hocho,G,G,8,,,frame_00000.png,frame_00119.png,,120,1.999742
hocho_G_8,lockin,0,0,QR未検出,,lockin,binary,,,15.000000,8,8,1,0.552025,,0.552025,frame_00000.png,frame_00119.png,r120_e125_f0.mp4,120 Hz,1/125,蛍光灯なし,60.008 fps,120,125,0,19,hocho,G,G,8,,,frame_00000.png,frame_00119.png,,120,1.999742
hocho_G_12,lockin,1,0,QR未検出,,lockin,binary,,,10.007730,4,8,1,0.623868,,0.623868,frame_00000.png,frame_00119.png,r120_e125_f0.mp4,120 Hz,1/125,蛍光灯なし,60.008 fps,120,125,0,20,hocho,G,G,12,,,frame_00000.png,frame_00119.png,,120,1.999742
hocho_G_12,lockin,0,0,QR未検出,,lockin,binary,,,29.992270,12,8,1,0.622591,,0.622591,frame_00000.png,frame_00119.png,r120_e125_f0.mp4,120 Hz,1/125,蛍光灯なし,60.008 fps,120,125,0,20,hocho,G,G,12,,,frame_00000.png,frame_00119.png,,120,1.999742
hocho_G_12,lockin,0,0,QR未検出,,lockin,binary,,,15.000000,4,8,1,0.615137,,0.615137,frame_00000.png,frame_00119.png,r120_e125_f0.mp4,120 Hz,1/125,蛍光灯なし,60.008 fps,120,125,0,20,hocho,G,G,12,,,frame_00000.png,frame_00119.png,,120,1.999742
hocho_G_12,lockin,0,0,QR未検出,,lockin,binary,,,15.000000,12,8,1,0.590600,,0.590600,frame_00000.png,frame_00119.png,r120_e125_f0.mp4,120 Hz,1/125,蛍光灯なし,60.008 fps,120,125,0,20,hocho,G,G,12,,,frame_00000.png,frame_00119.png,,120,1.999742
hocho_G_12,lockin,0,0,QR未検出,,lockin,binary,,,29.992270,8,8,1,0.577423,,0.577423,frame_00000.png,frame_00119.png,r120_e125_f0.mp4,120 Hz,1/125,蛍光灯なし,60.008 fps,120,125,0,20,hocho,G,G,12,,,frame_00000.png,frame_00119.png,,120,1.999742
hocho_G_12,lockin,0,0,QR未検出,,lockin,binary,,,10.007730,12,8,1,0.576763,,0.576763,frame_00000.png,frame_00119.png,r120_e125_f0.mp4,120 Hz,1/125,蛍光灯なし,60.008 fps,120,125,0,20,hocho,G,G,12,,,frame_00000.png,frame_00119.png,,120,1.999742
hocho_G_12,lockin,0,0,QR未検出,,lockin,binary,,,29.992270,4,8,1,0.557881,,0.557881,frame_00000.png,frame_00119.png,r120_e125_f0.mp4,120 Hz,1/125,蛍光灯なし,60.008 fps,120,125,0,20,hocho,G,G,12,,,frame_00000.png,frame_00119.png,,120,1.999742
hocho_G_12,lockin,0,0,QR未検出,,lockin,binary,,,10.007730,8,8,1,0.513961,,0.513961,frame_00000.png,frame_00119.png,r120_e125_f0.mp4,120 Hz,1/125,蛍光灯なし,60.008 fps,120,125,0,20,hocho,G,G,12,,,frame_00000.png,frame_00119.png,,120,1.999742
hocho_G_12,lockin,0,0,QR未検出,,lockin,binary,,,15.000000,8,8,1,0.504442,,0.504442,frame_00000.png,frame_00119.png,r120_e125_f0.mp4,120 Hz,1/125,蛍光灯なし,60.008 fps,120,125,0,20,hocho,G,G,12,,,frame_00000.png,frame_00119.png,,120,1.999742
ex_G_4,lockin,1,0,QR未検出,,lockin,binary,,,10.007730,4,8,1,0.634971,,0.634971,frame_00000.png,frame_00119.png,r120_e125_f0.mp4,120 Hz,1/125,蛍光灯なし,60.008 fps,120,125,0,21,ex,G,G,4,,,frame_00000.png,frame_00119.png,,120,1.999742
ex_G_4,lockin,0,0,QR未検出,,lockin,binary,,,15.000000,4,8,1,0.622795,,0.622795,frame_00000.png,frame_00119.png,r120_e125_f0.mp4,120 Hz,1/125,蛍光灯なし,60.008 fps,120,125,0,21,ex,G,G,4,,,frame_00000.png,frame_00119.png,,120,1.999742
ex_G_4,lockin,0,0,QR未検出,,lockin,binary,,,29.992270,4,8,1,0.611281,,0.611281,frame_00000.png,frame_00119.png,r120_e125_f0.mp4,120 Hz,1/125,蛍光灯なし,60.008 fps,120,125,0,21,ex,G,G,4,,,frame_00000.png,frame_00119.png,,120,1.999742
ex_G_4,lockin,0,0,QR未検出,,lockin,binary,,,29.992270,12,8,1,0.607752,,0.607752,frame_00000.png,frame_00119.png,r120_e125_f0.mp4,120 Hz,1/125,蛍光灯なし,60.008 fps,120,125,0,21,ex,G,G,4,,,frame_00000.png,frame_00119.png,,120,1.999742
ex_G_4,lockin,0,0,QR未検出,,lockin,binary,,,15.000000,12,8,1,0.602872,,0.602872,frame_00000.png,frame_00119.png,r120_e125_f0.mp4,120 Hz,1/125,蛍光灯なし,60.008 fps,120,125,0,21,ex,G,G,4,,,frame_00000.png,frame_00119.png,,120,1.999742
ex_G_4,lockin,0,0,QR未検出,,lockin,binary,,,10.007730,8,8,1,0.587302,,0.587302,frame_00000.png,frame_00119.png,r120_e125_f0.mp4,120 Hz,1/125,蛍光灯なし,60.008 fps,120,125,0,21,ex,G,G,4,,,frame_00000.png,frame_00119.png,,120,1.999742
ex_G_4,lockin,0,0,QR未検出,,lockin,binary,,,29.992270,8,8,1,0.521831,,0.521831,frame_00000.png,frame_00119.png,r120_e125_f0.mp4,120 Hz,1/125,蛍光灯なし,60.008 fps,120,125,0,21,ex,G,G,4,,,frame_00000.png,frame_00119.png,,120,1.999742
ex_G_4,lockin,0,0,QR未検出,,lockin,binary,,,10.007730,12,8,1,0.519299,,0.519299,frame_00000.png,frame_00119.png,r120_e125_f0.mp4,120 Hz,1/125,蛍光灯なし,60.008 fps,120,125,0,21,ex,G,G,4,,,frame_00000.png,frame_00119.png,,120,1.999742
ex_G_4,lockin,0,0,QR未検出,,lockin,binary,,,15.000000,8,8,1,0.502520,,0.502520,frame_00000.png,frame_00119.png,r120_e125_f0.mp4,120 Hz,1/125,蛍光灯なし,60.008 fps,120,125,0,21,ex,G,G,4,,,frame_00000.png,frame_00119.png,,120,1.999742
ex_G_8,lockin,1,0,QR未検出,,lockin,binary,,,15.000000,4,8,1,0.632965,,0.632965,frame_00000.png,frame_00119.png,r120_e125_f0.mp4,120 Hz,1/125,蛍光灯なし,60.008 fps,120,125,0,22,ex,G,G,8,,,frame_00000.png,frame_00119.png,,120,1.999742
ex_G_8,lockin,0,0,QR未検出,,lockin,binary,,,10.007730,4,8,1,0.630387,,0.630387,frame_00000.png,frame_00119.png,r120_e125_f0.mp4,120 Hz,1/125,蛍光灯なし,60.008 fps,120,125,0,22,ex,G,G,8,,,frame_00000.png,frame_00119.png,,120,1.999742
ex_G_8,lockin,0,0,QR未検出,,lockin,binary,,,29.992270,12,8,1,0.623396,,0.623396,frame_00000.png,frame_00119.png,r120_e125_f0.mp4,120 Hz,1/125,蛍光灯なし,60.008 fps,120,125,0,22,ex,G,G,8,,,frame_00000.png,frame_00119.png,,120,1.999742
ex_G_8,lockin,0,0,QR未検出,,lockin,binary,,,15.000000,8,8,1,0.594501,,0.594501,frame_00000.png,frame_00119.png,r120_e125_f0.mp4,120 Hz,1/125,蛍光灯なし,60.008 fps,120,125,0,22,ex,G,G,8,,,frame_00000.png,frame_00119.png,,120,1.999742
ex_G_8,lockin,0,0,QR未検出,,lockin,binary,,,29.992270,4,8,1,0.591284,,0.591284,frame_00000.png,frame_00119.png,r120_e125_f0.mp4,120 Hz,1/125,蛍光灯なし,60.008 fps,120,125,0,22,ex,G,G,8,,,frame_00000.png,frame_00119.png,,120,1.999742
ex_G_8,lockin,0,0,QR未検出,,lockin,binary,,,10.007730,8,8,1,0.589657,,0.589657,frame_00000.png,frame_00119.png,r120_e125_f0.mp4,120 Hz,1/125,蛍光灯なし,60.008 fps,120,125,0,22,ex,G,G,8,,,frame_00000.png,frame_00119.png,,120,1.999742
ex_G_8,lockin,0,0,QR未検出,,lockin,binary,,,29.992270,8,8,1,0.549182,,0.549182,frame_00000.png,frame_00119.png,r120_e125_f0.mp4,120 Hz,1/125,蛍光灯なし,60.008 fps,120,125,0,22,ex,G,G,8,,,frame_00000.png,frame_00119.png,,120,1.999742
ex_G_8,lockin,0,0,QR未検出,,lockin,binary,,,15.000000,12,8,1,0.514081,,0.514081,frame_00000.png,frame_00119.png,r120_e125_f0.mp4,120 Hz,1/125,蛍光灯なし,60.008 fps,120,125,0,22,ex,G,G,8,,,frame_00000.png,frame_00119.png,,120,1.999742
ex_G_8,lockin,0,0,QR未検出,,lockin,binary,,,10.007730,12,8,1,0.507209,,0.507209,frame_00000.png,frame_00119.png,r120_e125_f0.mp4,120 Hz,1/125,蛍光灯なし,60.008 fps,120,125,0,22,ex,G,G,8,,,frame_00000.png,frame_00119.png,,120,1.999742
ex_G_12,lockin,1,0,QR未検出,,lockin,binary,,,29.992270,12,8,1,0.635713,,0.635713,frame_00000.png,frame_00119.png,r120_e125_f0.mp4,120 Hz,1/125,蛍光灯なし,60.008 fps,120,125,0,23,ex,G,G,12,,,frame_00000.png,frame_00119.png,,120,1.999742
ex_G_12,lockin,0,0,QR未検出,,lockin,binary,,,10.007730,4,8,1,0.630403,,0.630403,frame_00000.png,frame_00119.png,r120_e125_f0.mp4,120 Hz,1/125,蛍光灯なし,60.008 fps,120,125,0,23,ex,G,G,12,,,frame_00000.png,frame_00119.png,,120,1.999742
ex_G_12,lockin,0,0,QR未検出,,lockin,binary,,,15.000000,4,8,1,0.622092,,0.622092,frame_00000.png,frame_00119.png,r120_e125_f0.mp4,120 Hz,1/125,蛍光灯なし,60.008 fps,120,125,0,23,ex,G,G,12,,,frame_00000.png,frame_00119.png,,120,1.999742
ex_G_12,lockin,0,0,QR未検出,,lockin,binary,,,29.992270,8,8,1,0.598344,,0.598344,frame_00000.png,frame_00119.png,r120_e125_f0.mp4,120 Hz,1/125,蛍光灯なし,60.008 fps,120,125,0,23,ex,G,G,12,,,frame_00000.png,frame_00119.png,,120,1.999742
ex_G_12,lockin,0,0,QR未検出,,lockin,binary,,,15.000000,12,8,1,0.586348,,0.586348,frame_00000.png,frame_00119.png,r120_e125_f0.mp4,120 Hz,1/125,蛍光灯なし,60.008 fps,120,125,0,23,ex,G,G,12,,,frame_00000.png,frame_00119.png,,120,1.999742
ex_G_12,lockin,0,0,QR未検出,,lockin,binary,,,10.007730,12,8,1,0.556604,,0.556604,frame_00000.png,frame_00119.png,r120_e125_f0.mp4,120 Hz,1/125,蛍光灯なし,60.008 fps,120,125,0,23,ex,G,G,12,,,frame_00000.png,frame_00119.png,,120,1.999742
ex_G_12,lockin,0,0,QR未検出,,lockin,binary,,,10.007730,8,8,1,0.555377,,0.555377,frame_00000.png,frame_00119.png,r120_e125_f0.mp4,120 Hz,1/125,蛍光灯なし,60.008 fps,120,125,0,23,ex,G,G,12,,,frame_00000.png,frame_00119.png,,120,1.999742
ex_G_12,lockin,0,0,QR未検出,,lockin,binary,,,29.992270,4,8,1,0.551951,,0.551951,frame_00000.png,frame_00119.png,r120_e125_f0.mp4,120 Hz,1/125,蛍光灯なし,60.008 fps,120,125,0,23,ex,G,G,12,,,frame_00000.png,frame_00119.png,,120,1.999742
ex_G_12,lockin,0,0,QR未検出,,lockin,binary,,,15.000000,8,8,1,0.509571,,0.509571,frame_00000.png,frame_00119.png,r120_e125_f0.mp4,120 Hz,1/125,蛍光灯なし,60.008 fps,120,125,0,23,ex,G,G,12,,,frame_00000.png,frame_00119.png,,120,1.999742
rice_B_4,lockin,1,0,QR未検出,,lockin,binary,,,29.992270,12,8,1,0.643678,,0.643678,frame_00000.png,frame_00119.png,r120_e125_f0.mp4,120 Hz,1/125,蛍光灯なし,60.008 fps,120,125,0,24,rice,B,B,4,,,frame_00000.png,frame_00119.png,,120,1.999742
rice_B_4,lockin,0,0,QR未検出,,lockin,binary,,,10.007730,4,8,1,0.638698,,0.638698,frame_00000.png,frame_00119.png,r120_e125_f0.mp4,120 Hz,1/125,蛍光灯なし,60.008 fps,120,125,0,24,rice,B,B,4,,,frame_00000.png,frame_00119.png,,120,1.999742
rice_B_4,lockin,0,0,QR未検出,,lockin,binary,,,15.000000,4,8,1,0.637178,,0.637178,frame_00000.png,frame_00119.png,r120_e125_f0.mp4,120 Hz,1/125,蛍光灯なし,60.008 fps,120,125,0,24,rice,B,B,4,,,frame_00000.png,frame_00119.png,,120,1.999742
rice_B_4,lockin,0,0,QR未検出,,lockin,binary,,,29.992270,8,8,1,0.633582,,0.633582,frame_00000.png,frame_00119.png,r120_e125_f0.mp4,120 Hz,1/125,蛍光灯なし,60.008 fps,120,125,0,24,rice,B,B,4,,,frame_00000.png,frame_00119.png,,120,1.999742
rice_B_4,lockin,0,0,QR未検出,,lockin,binary,,,15.000000,12,8,1,0.600984,,0.600984,frame_00000.png,frame_00119.png,r120_e125_f0.mp4,120 Hz,1/125,蛍光灯なし,60.008 fps,120,125,0,24,rice,B,B,4,,,frame_00000.png,frame_00119.png,,120,1.999742
rice_B_4,lockin,0,0,QR未検出,,lockin,binary,,,10.007730,12,8,1,0.589630,,0.589630,frame_00000.png,frame_00119.png,r120_e125_f0.mp4,120 Hz,1/125,蛍光灯なし,60.008 fps,120,125,0,24,rice,B,B,4,,,frame_00000.png,frame_00119.png,,120,1.999742
rice_B_4,lockin,0,0,QR未検出,,lockin,binary,,,29.992270,4,8,1,0.544267,,0.544267,frame_00000.png,frame_00119.png,r120_e125_f0.mp4,120 Hz,1/125,蛍光灯なし,60.008 fps,120,125,0,24,rice,B,B,4,,,frame_00000.png,frame_00119.png,,120,1.999742
rice_B_4,lockin,0,0,QR未検出,,lockin,binary,,,10.007730,8,8,1,0.529457,,0.529457,frame_00000.png,frame_00119.png,r120_e125_f0.mp4,120 Hz,1/125,蛍光灯なし,60.008 fps,120,125,0,24,rice,B,B,4,,,frame_00000.png,frame_00119.png,,120,1.999742
rice_B_4,lockin,0,0,QR未検出,,lockin,binary,,,15.000000,8,8,1,0.504290,,0.504290,frame_00000.png,frame_00119.png,r120_e125_f0.mp4,120 Hz,1/125,蛍光灯なし,60.008 fps,120,125,0,24,rice,B,B,4,,,frame_00000.png,frame_00119.png,,120,1.999742
rice_B_8,lockin,1,0,QR未検出,,lockin,binary,,,29.992270,12,8,1,0.644589,,0.644589,frame_00000.png,frame_00119.png,r120_e125_f0.mp4,120 Hz,1/125,蛍光灯なし,60.008 fps,120,125,0,25,rice,B,B,8,,,frame_00000.png,frame_00119.png,,120,1.999742
rice_B_8,lockin,0,0,QR未検出,,lockin,binary,,,10.007730,4,8,1,0.635029,,0.635029,frame_00000.png,frame_00119.png,r120_e125_f0.mp4,120 Hz,1/125,蛍光灯なし,60.008 fps,120,125,0,25,rice,B,B,8,,,frame_00000.png,frame_00119.png,,120,1.999742
rice_B_8,lockin,0,0,QR未検出,,lockin,binary,,,15.000000,4,8,1,0.633106,,0.633106,frame_00000.png,frame_00119.png,r120_e125_f0.mp4,120 Hz,1/125,蛍光灯なし,60.008 fps,120,125,0,25,rice,B,B,8,,,frame_00000.png,frame_00119.png,,120,1.999742
rice_B_8,lockin,0,0,QR未検出,,lockin,binary,,,29.992270,8,8,1,0.630307,,0.630307,frame_00000.png,frame_00119.png,r120_e125_f0.mp4,120 Hz,1/125,蛍光灯なし,60.008 fps,120,125,0,25,rice,B,B,8,,,frame_00000.png,frame_00119.png,,120,1.999742
rice_B_8,lockin,0,0,QR未検出,,lockin,binary,,,15.000000,12,8,1,0.611246,,0.611246,frame_00000.png,frame_00119.png,r120_e125_f0.mp4,120 Hz,1/125,蛍光灯なし,60.008 fps,120,125,0,25,rice,B,B,8,,,frame_00000.png,frame_00119.png,,120,1.999742
rice_B_8,lockin,0,0,QR未検出,,lockin,binary,,,10.007730,12,8,1,0.604018,,0.604018,frame_00000.png,frame_00119.png,r120_e125_f0.mp4,120 Hz,1/125,蛍光灯なし,60.008 fps,120,125,0,25,rice,B,B,8,,,frame_00000.png,frame_00119.png,,120,1.999742
rice_B_8,lockin,0,0,QR未検出,,lockin,binary,,,15.000000,8,8,1,0.523281,,0.523281,frame_00000.png,frame_00119.png,r120_e125_f0.mp4,120 Hz,1/125,蛍光灯なし,60.008 fps,120,125,0,25,rice,B,B,8,,,frame_00000.png,frame_00119.png,,120,1.999742
rice_B_8,lockin,0,0,QR未検出,,lockin,binary,,,29.992270,4,8,1,0.507755,,0.507755,frame_00000.png,frame_00119.png,r120_e125_f0.mp4,120 Hz,1/125,蛍光灯なし,60.008 fps,120,125,0,25,rice,B,B,8,,,frame_00000.png,frame_00119.png,,120,1.999742
rice_B_8,lockin,0,0,QR未検出,,lockin,binary,,,10.007730,8,8,1,0.505921,,0.505921,frame_00000.png,frame_00119.png,r120_e125_f0.mp4,120 Hz,1/125,蛍光灯なし,60.008 fps,120,125,0,25,rice,B,B,8,,,frame_00000.png,frame_00119.png,,120,1.999742
rice_B_12,lockin,1,0,QR未検出,,lockin,binary,,,10.007730,4,8,1,0.642332,,0.642332,frame_00000.png,frame_00119.png,r120_e125_f0.mp4,120 Hz,1/125,蛍光灯なし,60.008 fps,120,125,0,26,rice,B,B,12,,,frame_00000.png,frame_00119.png,,120,1.999742
rice_B_12,lockin,0,0,QR未検出,,lockin,binary,,,29.992270,12,8,1,0.642052,,0.642052,frame_00000.png,frame_00119.png,r120_e125_f0.mp4,120 Hz,1/125,蛍光灯なし,60.008 fps,120,125,0,26,rice,B,B,12,,,frame_00000.png,frame_00119.png,,120,1.999742
rice_B_12,lockin,0,0,QR未検出,,lockin,binary,,,15.000000,4,8,1,0.635799,,0.635799,frame_00000.png,frame_00119.png,r120_e125_f0.mp4,120 Hz,1/125,蛍光灯なし,60.008 fps,120,125,0,26,rice,B,B,12,,,frame_00000.png,frame_00119.png,,120,1.999742
rice_B_12,lockin,0,0,QR未検出,,lockin,binary,,,29.992270,8,8,1,0.621497,,0.621497,frame_00000.png,frame_00119.png,r120_e125_f0.mp4,120 Hz,1/125,蛍光灯なし,60.008 fps,120,125,0,26,rice,B,B,12,,,frame_00000.png,frame_00119.png,,120,1.999742
rice_B_12,lockin,0,0,QR未検出,,lockin,binary,,,15.000000,12,8,1,0.617826,,0.617826,frame_00000.png,frame_00119.png,r120_e125_f0.mp4,120 Hz,1/125,蛍光灯なし,60.008 fps,120,125,0,26,rice,B,B,12,,,frame_00000.png,frame_00119.png,,120,1.999742
rice_B_12,lockin,0,0,QR未検出,,lockin,binary,,,10.007730,12,8,1,0.599486,,0.599486,frame_00000.png,frame_00119.png,r120_e125_f0.mp4,120 Hz,1/125,蛍光灯なし,60.008 fps,120,125,0,26,rice,B,B,12,,,frame_00000.png,frame_00119.png,,120,1.999742
rice_B_12,lockin,0,0,QR未検出,,lockin,binary,,,15.000000,8,8,1,0.553965,,0.553965,frame_00000.png,frame_00119.png,r120_e125_f0.mp4,120 Hz,1/125,蛍光灯なし,60.008 fps,120,125,0,26,rice,B,B,12,,,frame_00000.png,frame_00119.png,,120,1.999742
rice_B_12,lockin,0,0,QR未検出,,lockin,binary,,,10.007730,8,8,1,0.501312,,0.501312,frame_00000.png,frame_00119.png,r120_e125_f0.mp4,120 Hz,1/125,蛍光灯なし,60.008 fps,120,125,0,26,rice,B,B,12,,,frame_00000.png,frame_00119.png,,120,1.999742
rice_B_12,lockin,0,0,QR未検出,,lockin,binary,,,29.992270,4,8,1,0.500166,,0.500166,frame_00000.png,frame_00119.png,r120_e125_f0.mp4,120 Hz,1/125,蛍光灯なし,60.008 fps,120,125,0,26,rice,B,B,12,,,frame_00000.png,frame_00119.png,,120,1.999742
nagaoka_fireworks_B_4,lockin,1,0,QR未検出,,lockin,binary,,,29.992270,12,8,1,0.632874,,0.632874,frame_00000.png,frame_00119.png,r120_e125_f0.mp4,120 Hz,1/125,蛍光灯なし,60.008 fps,120,125,0,27,nagaoka_fireworks,B,B,4,,,frame_00000.png,frame_00119.png,,120,1.999742
nagaoka_fireworks_B_4,lockin,0,0,QR未検出,,lockin,binary,,,10.007730,12,8,1,0.609095,,0.609095,frame_00000.png,frame_00119.png,r120_e125_f0.mp4,120 Hz,1/125,蛍光灯なし,60.008 fps,120,125,0,27,nagaoka_fireworks,B,B,4,,,frame_00000.png,frame_00119.png,,120,1.999742
nagaoka_fireworks_B_4,lockin,0,0,QR未検出,,lockin,binary,,,29.992270,8,8,1,0.597187,,0.597187,frame_00000.png,frame_00119.png,r120_e125_f0.mp4,120 Hz,1/125,蛍光灯なし,60.008 fps,120,125,0,27,nagaoka_fireworks,B,B,4,,,frame_00000.png,frame_00119.png,,120,1.999742
nagaoka_fireworks_B_4,lockin,0,0,QR未検出,,lockin,binary,,,15.000000,12,8,1,0.587741,,0.587741,frame_00000.png,frame_00119.png,r120_e125_f0.mp4,120 Hz,1/125,蛍光灯なし,60.008 fps,120,125,0,27,nagaoka_fireworks,B,B,4,,,frame_00000.png,frame_00119.png,,120,1.999742
nagaoka_fireworks_B_4,lockin,0,0,QR未検出,,lockin,binary,,,10.007730,8,8,1,0.552889,,0.552889,frame_00000.png,frame_00119.png,r120_e125_f0.mp4,120 Hz,1/125,蛍光灯なし,60.008 fps,120,125,0,27,nagaoka_fireworks,B,B,4,,,frame_00000.png,frame_00119.png,,120,1.999742
nagaoka_fireworks_B_4,lockin,0,0,QR未検出,,lockin,binary,,,15.000000,4,8,1,0.540682,,0.540682,frame_00000.png,frame_00119.png,r120_e125_f0.mp4,120 Hz,1/125,蛍光灯なし,60.008 fps,120,125,0,27,nagaoka_fireworks,B,B,4,,,frame_00000.png,frame_00119.png,,120,1.999742
nagaoka_fireworks_B_4,lockin,0,0,QR未検出,,lockin,binary,,,10.007730,4,8,1,0.528843,,0.528843,frame_00000.png,frame_00119.png,r120_e125_f0.mp4,120 Hz,1/125,蛍光灯なし,60.008 fps,120,125,0,27,nagaoka_fireworks,B,B,4,,,frame_00000.png,frame_00119.png,,120,1.999742
nagaoka_fireworks_B_4,lockin,0,0,QR未検出,,lockin,binary,,,15.000000,8,8,1,0.522391,,0.522391,frame_00000.png,frame_00119.png,r120_e125_f0.mp4,120 Hz,1/125,蛍光灯なし,60.008 fps,120,125,0,27,nagaoka_fireworks,B,B,4,,,frame_00000.png,frame_00119.png,,120,1.999742
nagaoka_fireworks_B_4,lockin,0,0,QR未検出,,lockin,binary,,,29.992270,4,8,1,0.509557,,0.509557,frame_00000.png,frame_00119.png,r120_e125_f0.mp4,120 Hz,1/125,蛍光灯なし,60.008 fps,120,125,0,27,nagaoka_fireworks,B,B,4,,,frame_00000.png,frame_00119.png,,120,1.999742
nagaoka_fireworks_B_8,lockin,1,0,QR未検出,,lockin,binary,,,29.992270,12,8,1,0.614121,,0.614121,frame_00000.png,frame_00119.png,r120_e125_f0.mp4,120 Hz,1/125,蛍光灯なし,60.008 fps,120,125,0,28,nagaoka_fireworks,B,B,8,,,frame_00000.png,frame_00119.png,,120,1.999742
nagaoka_fireworks_B_8,lockin,0,0,QR未検出,,lockin,binary,,,10.007730,12,8,1,0.574536,,0.574536,frame_00000.png,frame_00119.png,r120_e125_f0.mp4,120 Hz,1/125,蛍光灯なし,60.008 fps,120,125,0,28,nagaoka_fireworks,B,B,8,,,frame_00000.png,frame_00119.png,,120,1.999742
nagaoka_fireworks_B_8,lockin,0,0,QR未検出,,lockin,binary,,,29.992270,8,8,1,0.574302,,0.574302,frame_00000.png,frame_00119.png,r120_e125_f0.mp4,120 Hz,1/125,蛍光灯なし,60.008 fps,120,125,0,28,nagaoka_fireworks,B,B,8,,,frame_00000.png,frame_00119.png,,120,1.999742
nagaoka_fireworks_B_8,lockin,0,0,QR未検出,,lockin,binary,,,15.000000,12,8,1,0.565873,,0.565873,frame_00000.png,frame_00119.png,r120_e125_f0.mp4,120 Hz,1/125,蛍光灯なし,60.008 fps,120,125,0,28,nagaoka_fireworks,B,B,8,,,frame_00000.png,frame_00119.png,,120,1.999742
nagaoka_fireworks_B_8,lockin,0,0,QR未検出,,lockin,binary,,,15.000000,4,8,1,0.551544,,0.551544,frame_00000.png,frame_00119.png,r120_e125_f0.mp4,120 Hz,1/125,蛍光灯なし,60.008 fps,120,125,0,28,nagaoka_fireworks,B,B,8,,,frame_00000.png,frame_00119.png,,120,1.999742
nagaoka_fireworks_B_8,lockin,0,0,QR未検出,,lockin,binary,,,10.007730,4,8,1,0.545918,,0.545918,frame_00000.png,frame_00119.png,r120_e125_f0.mp4,120 Hz,1/125,蛍光灯なし,60.008 fps,120,125,0,28,nagaoka_fireworks,B,B,8,,,frame_00000.png,frame_00119.png,,120,1.999742
nagaoka_fireworks_B_8,lockin,0,0,QR未検出,,lockin,binary,,,10.007730,8,8,1,0.521512,,0.521512,frame_00000.png,frame_00119.png,r120_e125_f0.mp4,120 Hz,1/125,蛍光灯なし,60.008 fps,120,125,0,28,nagaoka_fireworks,B,B,8,,,frame_00000.png,frame_00119.png,,120,1.999742
nagaoka_fireworks_B_8,lockin,0,0,QR未検出,,lockin,binary,,,15.000000,8,8,1,0.512022,,0.512022,frame_00000.png,frame_00119.png,r120_e125_f0.mp4,120 Hz,1/125,蛍光灯なし,60.008 fps,120,125,0,28,nagaoka_fireworks,B,B,8,,,frame_00000.png,frame_00119.png,,120,1.999742
nagaoka_fireworks_B_8,lockin,0,0,QR未検出,,lockin,binary,,,29.992270,4,8,1,0.503541,,0.503541,frame_00000.png,frame_00119.png,r120_e125_f0.mp4,120 Hz,1/125,蛍光灯なし,60.008 fps,120,125,0,28,nagaoka_fireworks,B,B,8,,,frame_00000.png,frame_00119.png,,120,1.999742
nagaoka_fireworks_B_12,lockin,1,0,QR未検出,,lockin,binary,,,29.992270,12,8,1,0.614883,,0.614883,frame_00000.png,frame_00119.png,r120_e125_f0.mp4,120 Hz,1/125,蛍光灯なし,60.008 fps,120,125,0,29,nagaoka_fireworks,B,B,12,,,frame_00000.png,frame_00119.png,,120,1.999742
nagaoka_fireworks_B_12,lockin,0,0,QR未検出,,lockin,binary,,,15.000000,12,8,1,0.583403,,0.583403,frame_00000.png,frame_00119.png,r120_e125_f0.mp4,120 Hz,1/125,蛍光灯なし,60.008 fps,120,125,0,29,nagaoka_fireworks,B,B,12,,,frame_00000.png,frame_00119.png,,120,1.999742
nagaoka_fireworks_B_12,lockin,0,0,QR未検出,,lockin,binary,,,29.992270,8,8,1,0.574721,,0.574721,frame_00000.png,frame_00119.png,r120_e125_f0.mp4,120 Hz,1/125,蛍光灯なし,60.008 fps,120,125,0,29,nagaoka_fireworks,B,B,12,,,frame_00000.png,frame_00119.png,,120,1.999742
nagaoka_fireworks_B_12,lockin,0,0,QR未検出,,lockin,binary,,,10.007730,12,8,1,0.572902,,0.572902,frame_00000.png,frame_00119.png,r120_e125_f0.mp4,120 Hz,1/125,蛍光灯なし,60.008 fps,120,125,0,29,nagaoka_fireworks,B,B,12,,,frame_00000.png,frame_00119.png,,120,1.999742
nagaoka_fireworks_B_12,lockin,0,0,QR未検出,,lockin,binary,,,10.007730,4,8,1,0.541474,,0.541474,frame_00000.png,frame_00119.png,r120_e125_f0.mp4,120 Hz,1/125,蛍光灯なし,60.008 fps,120,125,0,29,nagaoka_fireworks,B,B,12,,,frame_00000.png,frame_00119.png,,120,1.999742
nagaoka_fireworks_B_12,lockin,0,0,QR未検出,,lockin,binary,,,15.000000,4,8,1,0.534470,,0.534470,frame_00000.png,frame_00119.png,r120_e125_f0.mp4,120 Hz,1/125,蛍光灯なし,60.008 fps,120,125,0,29,nagaoka_fireworks,B,B,12,,,frame_00000.png,frame_00119.png,,120,1.999742
nagaoka_fireworks_B_12,lockin,0,0,QR未検出,,lockin,binary,,,15.000000,8,8,1,0.532607,,0.532607,frame_00000.png,frame_00119.png,r120_e125_f0.mp4,120 Hz,1/125,蛍光灯なし,60.008 fps,120,125,0,29,nagaoka_fireworks,B,B,12,,,frame_00000.png,frame_00119.png,,120,1.999742
nagaoka_fireworks_B_12,lockin,0,0,QR未検出,,lockin,binary,,,10.007730,8,8,1,0.520349,,0.520349,frame_00000.png,frame_00119.png,r120_e125_f0.mp4,120 Hz,1/125,蛍光灯なし,60.008 fps,120,125,0,29,nagaoka_fireworks,B,B,12,,,frame_00000.png,frame_00119.png,,120,1.999742
nagaoka_fireworks_B_12,lockin,0,0,QR未検出,,lockin,binary,,,29.992270,4,8,1,0.500952,,0.500952,frame_00000.png,frame_00119.png,r120_e125_f0.mp4,120 Hz,1/125,蛍光灯なし,60.008 fps,120,125,0,29,nagaoka_fireworks,B,B,12,,,frame_00000.png,frame_00119.png,,120,1.999742
hocho_B_4,lockin,1,0,QR未検出,,lockin,binary,,,29.992270,12,8,1,0.638947,,0.638947,frame_00000.png,frame_00119.png,r120_e125_f0.mp4,120 Hz,1/125,蛍光灯なし,60.008 fps,120,125,0,30,hocho,B,B,4,,,frame_00000.png,frame_00119.png,,120,1.999742
hocho_B_4,lockin,0,0,QR未検出,,lockin,binary,,,10.007730,4,8,1,0.627815,,0.627815,frame_00000.png,frame_00119.png,r120_e125_f0.mp4,120 Hz,1/125,蛍光灯なし,60.008 fps,120,125,0,30,hocho,B,B,4,,,frame_00000.png,frame_00119.png,,120,1.999742
hocho_B_4,lockin,0,0,QR未検出,,lockin,binary,,,29.992270,8,8,1,0.616605,,0.616605,frame_00000.png,frame_00119.png,r120_e125_f0.mp4,120 Hz,1/125,蛍光灯なし,60.008 fps,120,125,0,30,hocho,B,B,4,,,frame_00000.png,frame_00119.png,,120,1.999742
hocho_B_4,lockin,0,0,QR未検出,,lockin,binary,,,15.000000,4,8,1,0.608985,,0.608985,frame_00000.png,frame_00119.png,r120_e125_f0.mp4,120 Hz,1/125,蛍光灯なし,60.008 fps,120,125,0,30,hocho,B,B,4,,,frame_00000.png,frame_00119.png,,120,1.999742
hocho_B_4,lockin,0,0,QR未検出,,lockin,binary,,,15.000000,12,8,1,0.606240,,0.606240,frame_00000.png,frame_00119.png,r120_e125_f0.mp4,120 Hz,1/125,蛍光灯なし,60.008 fps,120,125,0,30,hocho,B,B,4,,,frame_00000.png,frame_00119.png,,120,1.999742
hocho_B_4,lockin,0,0,QR未検出,,lockin,binary,,,10.007730,12,8,1,0.584866,,0.584866,frame_00000.png,frame_00119.png,r120_e125_f0.mp4,120 Hz,1/125,蛍光灯なし,60.008 fps,120,125,0,30,hocho,B,B,4,,,frame_00000.png,frame_00119.png,,120,1.999742
hocho_B_4,lockin,0,0,QR未検出,,lockin,binary,,,15.000000,8,8,1,0.530378,,0.530378,frame_00000.png,frame_00119.png,r120_e125_f0.mp4,120 Hz,1/125,蛍光灯なし,60.008 fps,120,125,0,30,hocho,B,B,4,,,frame_00000.png,frame_00119.png,,120,1.999742
hocho_B_4,lockin,0,0,QR未検出,,lockin,binary,,,29.992270,4,8,1,0.511726,,0.511726,frame_00000.png,frame_00119.png,r120_e125_f0.mp4,120 Hz,1/125,蛍光灯なし,60.008 fps,120,125,0,30,hocho,B,B,4,,,frame_00000.png,frame_00119.png,,120,1.999742
hocho_B_4,lockin,0,0,QR未検出,,lockin,binary,,,10.007730,8,8,1,0.504122,,0.504122,frame_00000.png,frame_00119.png,r120_e125_f0.mp4,120 Hz,1/125,蛍光灯なし,60.008 fps,120,125,0,30,hocho,B,B,4,,,frame_00000.png,frame_00119.png,,120,1.999742
hocho_B_8,lockin,1,0,QR未検出,,lockin,binary,,,29.992270,12,8,1,0.627946,,0.627946,frame_00000.png,frame_00119.png,r120_e125_f0.mp4,120 Hz,1/125,蛍光灯なし,60.008 fps,120,125,0,31,hocho,B,B,8,,,frame_00000.png,frame_00119.png,,120,1.999742
hocho_B_8,lockin,0,0,QR未検出,,lockin,binary,,,10.007730,4,8,1,0.619090,,0.619090,frame_00000.png,frame_00119.png,r120_e125_f0.mp4,120 Hz,1/125,蛍光灯なし,60.008 fps,120,125,0,31,hocho,B,B,8,,,frame_00000.png,frame_00119.png,,120,1.999742
hocho_B_8,lockin,0,0,QR未検出,,lockin,binary,,,15.000000,4,8,1,0.617107,,0.617107,frame_00000.png,frame_00119.png,r120_e125_f0.mp4,120 Hz,1/125,蛍光灯なし,60.008 fps,120,125,0,31,hocho,B,B,8,,,frame_00000.png,frame_00119.png,,120,1.999742
hocho_B_8,lockin,0,0,QR未検出,,lockin,binary,,,10.007730,12,8,1,0.599462,,0.599462,frame_00000.png,frame_00119.png,r120_e125_f0.mp4,120 Hz,1/125,蛍光灯なし,60.008 fps,120,125,0,31,hocho,B,B,8,,,frame_00000.png,frame_00119.png,,120,1.999742
hocho_B_8,lockin,0,0,QR未検出,,lockin,binary,,,15.000000,12,8,1,0.598060,,0.598060,frame_00000.png,frame_00119.png,r120_e125_f0.mp4,120 Hz,1/125,蛍光灯なし,60.008 fps,120,125,0,31,hocho,B,B,8,,,frame_00000.png,frame_00119.png,,120,1.999742
hocho_B_8,lockin,0,0,QR未検出,,lockin,binary,,,29.992270,8,8,1,0.592250,,0.592250,frame_00000.png,frame_00119.png,r120_e125_f0.mp4,120 Hz,1/125,蛍光灯なし,60.008 fps,120,125,0,31,hocho,B,B,8,,,frame_00000.png,frame_00119.png,,120,1.999742
hocho_B_8,lockin,0,0,QR未検出,,lockin,binary,,,29.992270,4,8,1,0.540916,,0.540916,frame_00000.png,frame_00119.png,r120_e125_f0.mp4,120 Hz,1/125,蛍光灯なし,60.008 fps,120,125,0,31,hocho,B,B,8,,,frame_00000.png,frame_00119.png,,120,1.999742
hocho_B_8,lockin,0,0,QR未検出,,lockin,binary,,,15.000000,8,8,1,0.519610,,0.519610,frame_00000.png,frame_00119.png,r120_e125_f0.mp4,120 Hz,1/125,蛍光灯なし,60.008 fps,120,125,0,31,hocho,B,B,8,,,frame_00000.png,frame_00119.png,,120,1.999742
hocho_B_8,lockin,0,0,QR未検出,,lockin,binary,,,10.007730,8,8,1,0.516914,,0.516914,frame_00000.png,frame_00119.png,r120_e125_f0.mp4,120 Hz,1/125,蛍光灯なし,60.008 fps,120,125,0,31,hocho,B,B,8,,,frame_00000.png,frame_00119.png,,120,1.999742
hocho_B_12,lockin,1,0,QR未検出,,lockin,binary,,,15.000000,12,8,1,0.661031,,0.661031,frame_00000.png,frame_00119.png,r120_e125_f0.mp4,120 Hz,1/125,蛍光灯なし,60.008 fps,120,125,0,32,hocho,B,B,12,,,frame_00000.png,frame_00119.png,,120,1.999742
hocho_B_12,lockin,0,0,QR未検出,,lockin,binary,,,10.007730,12,8,1,0.658868,,0.658868,frame_00000.png,frame_00119.png,r120_e125_f0.mp4,120 Hz,1/125,蛍光灯なし,60.008 fps,120,125,0,32,hocho,B,B,12,,,frame_00000.png,frame_00119.png,,120,1.999742
hocho_B_12,lockin,0,0,QR未検出,,lockin,binary,,,29.992270,12,8,1,0.652626,,0.652626,frame_00000.png,frame_00119.png,r120_e125_f0.mp4,120 Hz,1/125,蛍光灯なし,60.008 fps,120,125,0,32,hocho,B,B,12,,,frame_00000.png,frame_00119.png,,120,1.999742
hocho_B_12,lockin,0,0,QR未検出,,lockin,binary,,,29.992270,8,8,1,0.648792,,0.648792,frame_00000.png,frame_00119.png,r120_e125_f0.mp4,120 Hz,1/125,蛍光灯なし,60.008 fps,120,125,0,32,hocho,B,B,12,,,frame_00000.png,frame_00119.png,,120,1.999742
hocho_B_12,lockin,0,0,QR未検出,,lockin,binary,,,15.000000,8,8,1,0.636292,,0.636292,frame_00000.png,frame_00119.png,r120_e125_f0.mp4,120 Hz,1/125,蛍光灯なし,60.008 fps,120,125,0,32,hocho,B,B,12,,,frame_00000.png,frame_00119.png,,120,1.999742
hocho_B_12,lockin,0,0,QR未検出,,lockin,binary,,,10.007730,8,8,1,0.610240,,0.610240,frame_00000.png,frame_00119.png,r120_e125_f0.mp4,120 Hz,1/125,蛍光灯なし,60.008 fps,120,125,0,32,hocho,B,B,12,,,frame_00000.png,frame_00119.png,,120,1.999742
hocho_B_12,lockin,0,0,QR未検出,,lockin,binary,,,10.007730,4,8,1,0.592127,,0.592127,frame_00000.png,frame_00119.png,r120_e125_f0.mp4,120 Hz,1/125,蛍光灯なし,60.008 fps,120,125,0,32,hocho,B,B,12,,,frame_00000.png,frame_00119.png,,120,1.999742
hocho_B_12,lockin,0,0,QR未検出,,lockin,binary,,,15.000000,4,8,1,0.552586,,0.552586,frame_00000.png,frame_00119.png,r120_e125_f0.mp4,120 Hz,1/125,蛍光灯なし,60.008 fps,120,125,0,32,hocho,B,B,12,,,frame_00000.png,frame_00119.png,,120,1.999742
hocho_B_12,lockin,0,0,QR未検出,,lockin,binary,,,29.992270,4,8,1,0.533671,,0.533671,frame_00000.png,frame_00119.png,r120_e125_f0.mp4,120 Hz,1/125,蛍光灯なし,60.008 fps,120,125,0,32,hocho,B,B,12,,,frame_00000.png,frame_00119.png,,120,1.999742
ex_B_4,lockin,1,0,QR未検出,,lockin,binary,,,10.007730,4,8,1,0.636856,,0.636856,frame_00000.png,frame_00119.png,r120_e125_f0.mp4,120 Hz,1/125,蛍光灯なし,60.008 fps,120,125,0,33,ex,B,B,4,,,frame_00000.png,frame_00119.png,,120,1.999742
ex_B_4,lockin,0,0,QR未検出,,lockin,binary,,,15.000000,4,8,1,0.635181,,0.635181,frame_00000.png,frame_00119.png,r120_e125_f0.mp4,120 Hz,1/125,蛍光灯なし,60.008 fps,120,125,0,33,ex,B,B,4,,,frame_00000.png,frame_00119.png,,120,1.999742
ex_B_4,lockin,0,0,QR未検出,,lockin,binary,,,29.992270,12,8,1,0.630489,,0.630489,frame_00000.png,frame_00119.png,r120_e125_f0.mp4,120 Hz,1/125,蛍光灯なし,60.008 fps,120,125,0,33,ex,B,B,4,,,frame_00000.png,frame_00119.png,,120,1.999742
ex_B_4,lockin,0,0,QR未検出,,lockin,binary,,,10.007730,8,8,1,0.583391,,0.583391,frame_00000.png,frame_00119.png,r120_e125_f0.mp4,120 Hz,1/125,蛍光灯なし,60.008 fps,120,125,0,33,ex,B,B,4,,,frame_00000.png,frame_00119.png,,120,1.999742
ex_B_4,lockin,0,0,QR未検出,,lockin,binary,,,29.992270,4,8,1,0.575784,,0.575784,frame_00000.png,frame_00119.png,r120_e125_f0.mp4,120 Hz,1/125,蛍光灯なし,60.008 fps,120,125,0,33,ex,B,B,4,,,frame_00000.png,frame_00119.png,,120,1.999742
ex_B_4,lockin,0,0,QR未検出,,lockin,binary,,,15.000000,8,8,1,0.573512,,0.573512,frame_00000.png,frame_00119.png,r120_e125_f0.mp4,120 Hz,1/125,蛍光灯なし,60.008 fps,120,125,0,33,ex,B,B,4,,,frame_00000.png,frame_00119.png,,120,1.999742
ex_B_4,lockin,0,0,QR未検出,,lockin,binary,,,29.992270,8,8,1,0.571838,,0.571838,frame_00000.png,frame_00119.png,r120_e125_f0.mp4,120 Hz,1/125,蛍光灯なし,60.008 fps,120,125,0,33,ex,B,B,4,,,frame_00000.png,frame_00119.png,,120,1.999742
ex_B_4,lockin,0,0,QR未検出,,lockin,binary,,,15.000000,12,8,1,0.532761,,0.532761,frame_00000.png,frame_00119.png,r120_e125_f0.mp4,120 Hz,1/125,蛍光灯なし,60.008 fps,120,125,0,33,ex,B,B,4,,,frame_00000.png,frame_00119.png,,120,1.999742
ex_B_4,lockin,0,0,QR未検出,,lockin,binary,,,10.007730,12,8,1,0.523836,,0.523836,frame_00000.png,frame_00119.png,r120_e125_f0.mp4,120 Hz,1/125,蛍光灯なし,60.008 fps,120,125,0,33,ex,B,B,4,,,frame_00000.png,frame_00119.png,,120,1.999742
ex_B_8,lockin,1,0,QR未検出,,lockin,binary,,,15.000000,4,8,1,0.634438,,0.634438,frame_00000.png,frame_00119.png,r120_e125_f0.mp4,120 Hz,1/125,蛍光灯なし,60.008 fps,120,125,0,34,ex,B,B,8,,,frame_00000.png,frame_00119.png,,120,1.999742
ex_B_8,lockin,0,0,QR未検出,,lockin,binary,,,29.992270,12,8,1,0.632307,,0.632307,frame_00000.png,frame_00119.png,r120_e125_f0.mp4,120 Hz,1/125,蛍光灯なし,60.008 fps,120,125,0,34,ex,B,B,8,,,frame_00000.png,frame_00119.png,,120,1.999742
ex_B_8,lockin,0,0,QR未検出,,lockin,binary,,,10.007730,4,8,1,0.628659,,0.628659,frame_00000.png,frame_00119.png,r120_e125_f0.mp4,120 Hz,1/125,蛍光灯なし,60.008 fps,120,125,0,34,ex,B,B,8,,,frame_00000.png,frame_00119.png,,120,1.999742
ex_B_8,lockin,0,0,QR未検出,,lockin,binary,,,10.007730,12,8,1,0.614180,,0.614180,frame_00000.png,frame_00119.png,r120_e125_f0.mp4,120 Hz,1/125,蛍光灯なし,60.008 fps,120,125,0,34,ex,B,B,8,,,frame_00000.png,frame_00119.png,,120,1.999742
ex_B_8,lockin,0,0,QR未検出,,lockin,binary,,,29.992270,4,8,1,0.587169,,0.587169,frame_00000.png,frame_00119.png,r120_e125_f0.mp4,120 Hz,1/125,蛍光灯なし,60.008 fps,120,125,0,34,ex,B,B,8,,,frame_00000.png,frame_00119.png,,120,1.999742
ex_B_8,lockin,0,0,QR未検出,,lockin,binary,,,15.000000,12,8,1,0.580275,,0.580275,frame_00000.png,frame_00119.png,r120_e125_f0.mp4,120 Hz,1/125,蛍光灯なし,60.008 fps,120,125,0,34,ex,B,B,8,,,frame_00000.png,frame_00119.png,,120,1.999742
ex_B_8,lockin,0,0,QR未検出,,lockin,binary,,,29.992270,8,8,1,0.570073,,0.570073,frame_00000.png,frame_00119.png,r120_e125_f0.mp4,120 Hz,1/125,蛍光灯なし,60.008 fps,120,125,0,34,ex,B,B,8,,,frame_00000.png,frame_00119.png,,120,1.999742
ex_B_8,lockin,0,0,QR未検出,,lockin,binary,,,15.000000,8,8,1,0.532225,,0.532225,frame_00000.png,frame_00119.png,r120_e125_f0.mp4,120 Hz,1/125,蛍光灯なし,60.008 fps,120,125,0,34,ex,B,B,8,,,frame_00000.png,frame_00119.png,,120,1.999742
ex_B_8,lockin,0,0,QR未検出,,lockin,binary,,,10.007730,8,8,1,0.507181,,0.507181,frame_00000.png,frame_00119.png,r120_e125_f0.mp4,120 Hz,1/125,蛍光灯なし,60.008 fps,120,125,0,34,ex,B,B,8,,,frame_00000.png,frame_00119.png,,120,1.999742
ex_B_12,lockin,1,0,QR未検出,,lockin,binary,,,29.992270,12,8,1,0.639926,,0.639926,frame_00000.png,frame_00119.png,r120_e125_f0.mp4,120 Hz,1/125,蛍光灯なし,60.008 fps,120,125,0,35,ex,B,B,12,,,frame_00000.png,frame_00119.png,,120,1.999742
ex_B_12,lockin,0,0,QR未検出,,lockin,binary,,,10.007730,4,8,1,0.636371,,0.636371,frame_00000.png,frame_00119.png,r120_e125_f0.mp4,120 Hz,1/125,蛍光灯なし,60.008 fps,120,125,0,35,ex,B,B,12,,,frame_00000.png,frame_00119.png,,120,1.999742
ex_B_12,lockin,0,0,QR未検出,,lockin,binary,,,15.000000,4,8,1,0.632004,,0.632004,frame_00000.png,frame_00119.png,r120_e125_f0.mp4,120 Hz,1/125,蛍光灯なし,60.008 fps,120,125,0,35,ex,B,B,12,,,frame_00000.png,frame_00119.png,,120,1.999742
ex_B_12,lockin,0,0,QR未検出,,lockin,binary,,,29.992270,8,8,1,0.605822,,0.605822,frame_00000.png,frame_00119.png,r120_e125_f0.mp4,120 Hz,1/125,蛍光灯なし,60.008 fps,120,125,0,35,ex,B,B,12,,,frame_00000.png,frame_00119.png,,120,1.999742
ex_B_12,lockin,0,0,QR未検出,,lockin,binary,,,10.007730,8,8,1,0.586068,,0.586068,frame_00000.png,frame_00119.png,r120_e125_f0.mp4,120 Hz,1/125,蛍光灯なし,60.008 fps,120,125,0,35,ex,B,B,12,,,frame_00000.png,frame_00119.png,,120,1.999742
ex_B_12,lockin,0,0,QR未検出,,lockin,binary,,,15.000000,8,8,1,0.563387,,0.563387,frame_00000.png,frame_00119.png,r120_e125_f0.mp4,120 Hz,1/125,蛍光灯なし,60.008 fps,120,125,0,35,ex,B,B,12,,,frame_00000.png,frame_00119.png,,120,1.999742
ex_B_12,lockin,0,0,QR未検出,,lockin,binary,,,15.000000,12,8,1,0.554780,,0.554780,frame_00000.png,frame_00119.png,r120_e125_f0.mp4,120 Hz,1/125,蛍光灯なし,60.008 fps,120,125,0,35,ex,B,B,12,,,frame_00000.png,frame_00119.png,,120,1.999742
ex_B_12,lockin,0,0,QR未検出,,lockin,binary,,,29.992270,4,8,1,0.541380,,0.541380,frame_00000.png,frame_00119.png,r120_e125_f0.mp4,120 Hz,1/125,蛍光灯なし,60.008 fps,120,125,0,35,ex,B,B,12,,,frame_00000.png,frame_00119.png,,120,1.999742
ex_B_12,lockin,0,0,QR未検出,,lockin,binary,,,10.007730,12,8,1,0.523825,,0.523825,frame_00000.png,frame_00119.png,r120_e125_f0.mp4,120 Hz,1/125,蛍光灯なし,60.008 fps,120,125,0,35,ex,B,B,12,,,frame_00000.png,frame_00119.png,,120,1.999742
rice_I_4,lockin,1,0,QR未検出,,lockin,binary,,,29.992270,12,8,1,0.643480,,0.643480,frame_00000.png,frame_00119.png,r120_e125_f0.mp4,120 Hz,1/125,蛍光灯なし,60.008 fps,120,125,0,36,rice,min,I,4,,,frame_00000.png,frame_00119.png,,120,1.999742
rice_I_4,lockin,0,0,QR未検出,,lockin,binary,,,15.000000,4,8,1,0.635577,,0.635577,frame_00000.png,frame_00119.png,r120_e125_f0.mp4,120 Hz,1/125,蛍光灯なし,60.008 fps,120,125,0,36,rice,min,I,4,,,frame_00000.png,frame_00119.png,,120,1.999742
rice_I_4,lockin,0,0,QR未検出,,lockin,binary,,,29.992270,8,8,1,0.634672,,0.634672,frame_00000.png,frame_00119.png,r120_e125_f0.mp4,120 Hz,1/125,蛍光灯なし,60.008 fps,120,125,0,36,rice,min,I,4,,,frame_00000.png,frame_00119.png,,120,1.999742
rice_I_4,lockin,0,0,QR未検出,,lockin,binary,,,10.007730,4,8,1,0.629460,,0.629460,frame_00000.png,frame_00119.png,r120_e125_f0.mp4,120 Hz,1/125,蛍光灯なし,60.008 fps,120,125,0,36,rice,min,I,4,,,frame_00000.png,frame_00119.png,,120,1.999742
rice_I_4,lockin,0,0,QR未検出,,lockin,binary,,,10.007730,12,8,1,0.626361,,0.626361,frame_00000.png,frame_00119.png,r120_e125_f0.mp4,120 Hz,1/125,蛍光灯なし,60.008 fps,120,125,0,36,rice,min,I,4,,,frame_00000.png,frame_00119.png,,120,1.999742
rice_I_4,lockin,0,0,QR未検出,,lockin,binary,,,15.000000,12,8,1,0.618757,,0.618757,frame_00000.png,frame_00119.png,r120_e125_f0.mp4,120 Hz,1/125,蛍光灯なし,60.008 fps,120,125,0,36,rice,min,I,4,,,frame_00000.png,frame_00119.png,,120,1.999742
rice_I_4,lockin,0,0,QR未検出,,lockin,binary,,,10.007730,8,8,1,0.564731,,0.564731,frame_00000.png,frame_00119.png,r120_e125_f0.mp4,120 Hz,1/125,蛍光灯なし,60.008 fps,120,125,0,36,rice,min,I,4,,,frame_00000.png,frame_00119.png,,120,1.999742
rice_I_4,lockin,0,0,QR未検出,,lockin,binary,,,29.992270,4,8,1,0.532633,,0.532633,frame_00000.png,frame_00119.png,r120_e125_f0.mp4,120 Hz,1/125,蛍光灯なし,60.008 fps,120,125,0,36,rice,min,I,4,,,frame_00000.png,frame_00119.png,,120,1.999742
rice_I_4,lockin,0,0,QR未検出,,lockin,binary,,,15.000000,8,8,1,0.529230,,0.529230,frame_00000.png,frame_00119.png,r120_e125_f0.mp4,120 Hz,1/125,蛍光灯なし,60.008 fps,120,125,0,36,rice,min,I,4,,,frame_00000.png,frame_00119.png,,120,1.999742
rice_I_8,lockin,1,0,QR未検出,,lockin,binary,,,29.992270,12,8,1,0.634186,,0.634186,frame_00000.png,frame_00119.png,r120_e125_f0.mp4,120 Hz,1/125,蛍光灯なし,60.008 fps,120,125,0,37,rice,min,I,8,,,frame_00000.png,frame_00119.png,,120,1.999742
rice_I_8,lockin,0,0,QR未検出,,lockin,binary,,,10.007730,4,8,1,0.632681,,0.632681,frame_00000.png,frame_00119.png,r120_e125_f0.mp4,120 Hz,1/125,蛍光灯なし,60.008 fps,120,125,0,37,rice,min,I,8,,,frame_00000.png,frame_00119.png,,120,1.999742
rice_I_8,lockin,0,0,QR未検出,,lockin,binary,,,15.000000,12,8,1,0.632289,,0.632289,frame_00000.png,frame_00119.png,r120_e125_f0.mp4,120 Hz,1/125,蛍光灯なし,60.008 fps,120,125,0,37,rice,min,I,8,,,frame_00000.png,frame_00119.png,,120,1.999742
rice_I_8,lockin,0,0,QR未検出,,lockin,binary,,,10.007730,12,8,1,0.618412,,0.618412,frame_00000.png,frame_00119.png,r120_e125_f0.mp4,120 Hz,1/125,蛍光灯なし,60.008 fps,120,125,0,37,rice,min,I,8,,,frame_00000.png,frame_00119.png,,120,1.999742
rice_I_8,lockin,0,0,QR未検出,,lockin,binary,,,15.000000,4,8,1,0.615687,,0.615687,frame_00000.png,frame_00119.png,r120_e125_f0.mp4,120 Hz,1/125,蛍光灯なし,60.008 fps,120,125,0,37,rice,min,I,8,,,frame_00000.png,frame_00119.png,,120,1.999742
rice_I_8,lockin,0,0,QR未検出,,lockin,binary,,,29.992270,8,8,1,0.602732,,0.602732,frame_00000.png,frame_00119.png,r120_e125_f0.mp4,120 Hz,1/125,蛍光灯なし,60.008 fps,120,125,0,37,rice,min,I,8,,,frame_00000.png,frame_00119.png,,120,1.999742
rice_I_8,lockin,0,0,QR未検出,,lockin,binary,,,15.000000,8,8,1,0.580121,,0.580121,frame_00000.png,frame_00119.png,r120_e125_f0.mp4,120 Hz,1/125,蛍光灯なし,60.008 fps,120,125,0,37,rice,min,I,8,,,frame_00000.png,frame_00119.png,,120,1.999742
rice_I_8,lockin,0,0,QR未検出,,lockin,binary,,,29.992270,4,8,1,0.568377,,0.568377,frame_00000.png,frame_00119.png,r120_e125_f0.mp4,120 Hz,1/125,蛍光灯なし,60.008 fps,120,125,0,37,rice,min,I,8,,,frame_00000.png,frame_00119.png,,120,1.999742
rice_I_8,lockin,0,0,QR未検出,,lockin,binary,,,10.007730,8,8,1,0.531681,,0.531681,frame_00000.png,frame_00119.png,r120_e125_f0.mp4,120 Hz,1/125,蛍光灯なし,60.008 fps,120,125,0,37,rice,min,I,8,,,frame_00000.png,frame_00119.png,,120,1.999742
rice_I_12,lockin,1,0,QR未検出,,lockin,binary,,,29.992270,12,8,1,0.644292,,0.644292,frame_00000.png,frame_00119.png,r120_e125_f0.mp4,120 Hz,1/125,蛍光灯なし,60.008 fps,120,125,0,38,rice,min,I,12,,,frame_00000.png,frame_00119.png,,120,1.999742
rice_I_12,lockin,0,0,QR未検出,,lockin,binary,,,29.992270,8,8,1,0.639335,,0.639335,frame_00000.png,frame_00119.png,r120_e125_f0.mp4,120 Hz,1/125,蛍光灯なし,60.008 fps,120,125,0,38,rice,min,I,12,,,frame_00000.png,frame_00119.png,,120,1.999742
rice_I_12,lockin,0,0,QR未検出,,lockin,binary,,,10.007730,4,8,1,0.638660,,0.638660,frame_00000.png,frame_00119.png,r120_e125_f0.mp4,120 Hz,1/125,蛍光灯なし,60.008 fps,120,125,0,38,rice,min,I,12,,,frame_00000.png,frame_00119.png,,120,1.999742
rice_I_12,lockin,0,0,QR未検出,,lockin,binary,,,15.000000,4,8,1,0.632674,,0.632674,frame_00000.png,frame_00119.png,r120_e125_f0.mp4,120 Hz,1/125,蛍光灯なし,60.008 fps,120,125,0,38,rice,min,I,12,,,frame_00000.png,frame_00119.png,,120,1.999742
rice_I_12,lockin,0,0,QR未検出,,lockin,binary,,,15.000000,12,8,1,0.625738,,0.625738,frame_00000.png,frame_00119.png,r120_e125_f0.mp4,120 Hz,1/125,蛍光灯なし,60.008 fps,120,125,0,38,rice,min,I,12,,,frame_00000.png,frame_00119.png,,120,1.999742
rice_I_12,lockin,0,0,QR未検出,,lockin,binary,,,10.007730,12,8,1,0.619224,,0.619224,frame_00000.png,frame_00119.png,r120_e125_f0.mp4,120 Hz,1/125,蛍光灯なし,60.008 fps,120,125,0,38,rice,min,I,12,,,frame_00000.png,frame_00119.png,,120,1.999742
rice_I_12,lockin,0,0,QR未検出,,lockin,binary,,,29.992270,4,8,1,0.543549,,0.543549,frame_00000.png,frame_00119.png,r120_e125_f0.mp4,120 Hz,1/125,蛍光灯なし,60.008 fps,120,125,0,38,rice,min,I,12,,,frame_00000.png,frame_00119.png,,120,1.999742
rice_I_12,lockin,0,0,QR未検出,,lockin,binary,,,15.000000,8,8,1,0.540388,,0.540388,frame_00000.png,frame_00119.png,r120_e125_f0.mp4,120 Hz,1/125,蛍光灯なし,60.008 fps,120,125,0,38,rice,min,I,12,,,frame_00000.png,frame_00119.png,,120,1.999742
rice_I_12,lockin,0,0,QR未検出,,lockin,binary,,,10.007730,8,8,1,0.503991,,0.503991,frame_00000.png,frame_00119.png,r120_e125_f0.mp4,120 Hz,1/125,蛍光灯なし,60.008 fps,120,125,0,38,rice,min,I,12,,,frame_00000.png,frame_00119.png,,120,1.999742
nagaoka_fireworks_I_4,lockin,1,0,QR未検出,,lockin,binary,,,29.992270,12,8,1,0.619674,,0.619674,frame_00000.png,frame_00119.png,r120_e125_f0.mp4,120 Hz,1/125,蛍光灯なし,60.008 fps,120,125,0,39,nagaoka_fireworks,min,I,4,,,frame_00000.png,frame_00119.png,,120,1.999742
nagaoka_fireworks_I_4,lockin,0,0,QR未検出,,lockin,binary,,,15.000000,12,8,1,0.587221,,0.587221,frame_00000.png,frame_00119.png,r120_e125_f0.mp4,120 Hz,1/125,蛍光灯なし,60.008 fps,120,125,0,39,nagaoka_fireworks,min,I,4,,,frame_00000.png,frame_00119.png,,120,1.999742
nagaoka_fireworks_I_4,lockin,0,0,QR未検出,,lockin,binary,,,29.992270,8,8,1,0.586980,,0.586980,frame_00000.png,frame_00119.png,r120_e125_f0.mp4,120 Hz,1/125,蛍光灯なし,60.008 fps,120,125,0,39,nagaoka_fireworks,min,I,4,,,frame_00000.png,frame_00119.png,,120,1.999742
nagaoka_fireworks_I_4,lockin,0,0,QR未検出,,lockin,binary,,,10.007730,12,8,1,0.586042,,0.586042,frame_00000.png,frame_00119.png,r120_e125_f0.mp4,120 Hz,1/125,蛍光灯なし,60.008 fps,120,125,0,39,nagaoka_fireworks,min,I,4,,,frame_00000.png,frame_00119.png,,120,1.999742
nagaoka_fireworks_I_4,lockin,0,0,QR未検出,,lockin,binary,,,10.007730,8,8,1,0.534196,,0.534196,frame_00000.png,frame_00119.png,r120_e125_f0.mp4,120 Hz,1/125,蛍光灯なし,60.008 fps,120,125,0,39,nagaoka_fireworks,min,I,4,,,frame_00000.png,frame_00119.png,,120,1.999742
nagaoka_fireworks_I_4,lockin,0,0,QR未検出,,lockin,binary,,,10.007730,4,8,1,0.533396,,0.533396,frame_00000.png,frame_00119.png,r120_e125_f0.mp4,120 Hz,1/125,蛍光灯なし,60.008 fps,120,125,0,39,nagaoka_fireworks,min,I,4,,,frame_00000.png,frame_00119.png,,120,1.999742
nagaoka_fireworks_I_4,lockin,0,0,QR未検出,,lockin,binary,,,15.000000,8,8,1,0.531613,,0.531613,frame_00000.png,frame_00119.png,r120_e125_f0.mp4,120 Hz,1/125,蛍光灯なし,60.008 fps,120,125,0,39,nagaoka_fireworks,min,I,4,,,frame_00000.png,frame_00119.png,,120,1.999742
nagaoka_fireworks_I_4,lockin,0,0,QR未検出,,lockin,binary,,,15.000000,4,8,1,0.529662,,0.529662,frame_00000.png,frame_00119.png,r120_e125_f0.mp4,120 Hz,1/125,蛍光灯なし,60.008 fps,120,125,0,39,nagaoka_fireworks,min,I,4,,,frame_00000.png,frame_00119.png,,120,1.999742
nagaoka_fireworks_I_4,lockin,0,0,QR未検出,,lockin,binary,,,29.992270,4,8,1,0.503214,,0.503214,frame_00000.png,frame_00119.png,r120_e125_f0.mp4,120 Hz,1/125,蛍光灯なし,60.008 fps,120,125,0,39,nagaoka_fireworks,min,I,4,,,frame_00000.png,frame_00119.png,,120,1.999742
nagaoka_fireworks_I_8,lockin,1,0,QR未検出,,lockin,binary,,,29.992270,12,8,1,0.634383,,0.634383,frame_00000.png,frame_00119.png,r120_e125_f0.mp4,120 Hz,1/125,蛍光灯なし,60.008 fps,120,125,0,40,nagaoka_fireworks,min,I,8,,,frame_00000.png,frame_00119.png,,120,1.999742
nagaoka_fireworks_I_8,lockin,0,0,QR未検出,,lockin,binary,,,29.992270,8,8,1,0.613401,,0.613401,frame_00000.png,frame_00119.png,r120_e125_f0.mp4,120 Hz,1/125,蛍光灯なし,60.008 fps,120,125,0,40,nagaoka_fireworks,min,I,8,,,frame_00000.png,frame_00119.png,,120,1.999742
nagaoka_fireworks_I_8,lockin,0,0,QR未検出,,lockin,binary,,,15.000000,12,8,1,0.594057,,0.594057,frame_00000.png,frame_00119.png,r120_e125_f0.mp4,120 Hz,1/125,蛍光灯なし,60.008 fps,120,125,0,40,nagaoka_fireworks,min,I,8,,,frame_00000.png,frame_00119.png,,120,1.999742
nagaoka_fireworks_I_8,lockin,0,0,QR未検出,,lockin,binary,,,10.007730,4,8,1,0.560997,,0.560997,frame_00000.png,frame_00119.png,r120_e125_f0.mp4,120 Hz,1/125,蛍光灯なし,60.008 fps,120,125,0,40,nagaoka_fireworks,min,I,8,,,frame_00000.png,frame_00119.png,,120,1.999742
nagaoka_fireworks_I_8,lockin,0,0,QR未検出,,lockin,binary,,,10.007730,12,8,1,0.548350,,0.548350,frame_00000.png,frame_00119.png,r120_e125_f0.mp4,120 Hz,1/125,蛍光灯なし,60.008 fps,120,125,0,40,nagaoka_fireworks,min,I,8,,,frame_00000.png,frame_00119.png,,120,1.999742
nagaoka_fireworks_I_8,lockin,0,0,QR未検出,,lockin,binary,,,15.000000,8,8,1,0.546842,,0.546842,frame_00000.png,frame_00119.png,r120_e125_f0.mp4,120 Hz,1/125,蛍光灯なし,60.008 fps,120,125,0,40,nagaoka_fireworks,min,I,8,,,frame_00000.png,frame_00119.png,,120,1.999742
nagaoka_fireworks_I_8,lockin,0,0,QR未検出,,lockin,binary,,,29.992270,4,8,1,0.538199,,0.538199,frame_00000.png,frame_00119.png,r120_e125_f0.mp4,120 Hz,1/125,蛍光灯なし,60.008 fps,120,125,0,40,nagaoka_fireworks,min,I,8,,,frame_00000.png,frame_00119.png,,120,1.999742
nagaoka_fireworks_I_8,lockin,0,0,QR未検出,,lockin,binary,,,15.000000,4,8,1,0.531020,,0.531020,frame_00000.png,frame_00119.png,r120_e125_f0.mp4,120 Hz,1/125,蛍光灯なし,60.008 fps,120,125,0,40,nagaoka_fireworks,min,I,8,,,frame_00000.png,frame_00119.png,,120,1.999742
nagaoka_fireworks_I_8,lockin,0,0,QR未検出,,lockin,binary,,,10.007730,8,8,1,0.503237,,0.503237,frame_00000.png,frame_00119.png,r120_e125_f0.mp4,120 Hz,1/125,蛍光灯なし,60.008 fps,120,125,0,40,nagaoka_fireworks,min,I,8,,,frame_00000.png,frame_00119.png,,120,1.999742
nagaoka_fireworks_I_12,lockin,1,0,QR未検出,,lockin,binary,,,29.992270,12,8,1,0.640469,,0.640469,frame_00000.png,frame_00119.png,r120_e125_f0.mp4,120 Hz,1/125,蛍光灯なし,60.008 fps,120,125,0,41,nagaoka_fireworks,min,I,12,,,frame_00000.png,frame_00119.png,,120,1.999742
nagaoka_fireworks_I_12,lockin,0,0,QR未検出,,lockin,binary,,,29.992270,8,8,1,0.622103,,0.622103,frame_00000.png,frame_00119.png,r120_e125_f0.mp4,120 Hz,1/125,蛍光灯なし,60.008 fps,120,125,0,41,nagaoka_fireworks,min,I,12,,,frame_00000.png,frame_00119.png,,120,1.999742
nagaoka_fireworks_I_12,lockin,0,0,QR未検出,,lockin,binary,,,15.000000,12,8,1,0.605416,,0.605416,frame_00000.png,frame_00119.png,r120_e125_f0.mp4,120 Hz,1/125,蛍光灯なし,60.008 fps,120,125,0,41,nagaoka_fireworks,min,I,12,,,frame_00000.png,frame_00119.png,,120,1.999742
nagaoka_fireworks_I_12,lockin,0,0,QR未検出,,lockin,binary,,,10.007730,12,8,1,0.562902,,0.562902,frame_00000.png,frame_00119.png,r120_e125_f0.mp4,120 Hz,1/125,蛍光灯なし,60.008 fps,120,125,0,41,nagaoka_fireworks,min,I,12,,,frame_00000.png,frame_00119.png,,120,1.999742
nagaoka_fireworks_I_12,lockin,0,0,QR未検出,,lockin,binary,,,10.007730,4,8,1,0.559739,,0.559739,frame_00000.png,frame_00119.png,r120_e125_f0.mp4,120 Hz,1/125,蛍光灯なし,60.008 fps,120,125,0,41,nagaoka_fireworks,min,I,12,,,frame_00000.png,frame_00119.png,,120,1.999742
nagaoka_fireworks_I_12,lockin,0,0,QR未検出,,lockin,binary,,,29.992270,4,8,1,0.555437,,0.555437,frame_00000.png,frame_00119.png,r120_e125_f0.mp4,120 Hz,1/125,蛍光灯なし,60.008 fps,120,125,0,41,nagaoka_fireworks,min,I,12,,,frame_00000.png,frame_00119.png,,120,1.999742
nagaoka_fireworks_I_12,lockin,0,0,QR未検出,,lockin,binary,,,15.000000,8,8,1,0.552917,,0.552917,frame_00000.png,frame_00119.png,r120_e125_f0.mp4,120 Hz,1/125,蛍光灯なし,60.008 fps,120,125,0,41,nagaoka_fireworks,min,I,12,,,frame_00000.png,frame_00119.png,,120,1.999742
nagaoka_fireworks_I_12,lockin,0,0,QR未検出,,lockin,binary,,,15.000000,4,8,1,0.534136,,0.534136,frame_00000.png,frame_00119.png,r120_e125_f0.mp4,120 Hz,1/125,蛍光灯なし,60.008 fps,120,125,0,41,nagaoka_fireworks,min,I,12,,,frame_00000.png,frame_00119.png,,120,1.999742
nagaoka_fireworks_I_12,lockin,0,0,QR未検出,,lockin,binary,,,10.007730,8,8,1,0.503949,,0.503949,frame_00000.png,frame_00119.png,r120_e125_f0.mp4,120 Hz,1/125,蛍光灯なし,60.008 fps,120,125,0,41,nagaoka_fireworks,min,I,12,,,frame_00000.png,frame_00119.png,,120,1.999742
hocho_I_4,lockin,1,0,QR未検出,,lockin,binary,,,29.992270,12,8,1,0.639977,,0.639977,frame_00000.png,frame_00119.png,r120_e125_f0.mp4,120 Hz,1/125,蛍光灯なし,60.008 fps,120,125,0,42,hocho,min,I,4,,,frame_00000.png,frame_00119.png,,120,1.999742
hocho_I_4,lockin,0,0,QR未検出,,lockin,binary,,,15.000000,12,8,1,0.632823,,0.632823,frame_00000.png,frame_00119.png,r120_e125_f0.mp4,120 Hz,1/125,蛍光灯なし,60.008 fps,120,125,0,42,hocho,min,I,4,,,frame_00000.png,frame_00119.png,,120,1.999742
hocho_I_4,lockin,0,0,QR未検出,,lockin,binary,,,10.007730,4,8,1,0.623850,,0.623850,frame_00000.png,frame_00119.png,r120_e125_f0.mp4,120 Hz,1/125,蛍光灯なし,60.008 fps,120,125,0,42,hocho,min,I,4,,,frame_00000.png,frame_00119.png,,120,1.999742
hocho_I_4,lockin,0,0,QR未検出,,lockin,binary,,,29.992270,8,8,1,0.622442,,0.622442,frame_00000.png,frame_00119.png,r120_e125_f0.mp4,120 Hz,1/125,蛍光灯なし,60.008 fps,120,125,0,42,hocho,min,I,4,,,frame_00000.png,frame_00119.png,,120,1.999742
hocho_I_4,lockin,0,0,QR未検出,,lockin,binary,,,15.000000,8,8,1,0.598171,,0.598171,frame_00000.png,frame_00119.png,r120_e125_f0.mp4,120 Hz,1/125,蛍光灯なし,60.008 fps,120,125,0,42,hocho,min,I,4,,,frame_00000.png,frame_00119.png,,120,1.999742
hocho_I_4,lockin,0,0,QR未検出,,lockin,binary,,,10.007730,12,8,1,0.593175,,0.593175,frame_00000.png,frame_00119.png,r120_e125_f0.mp4,120 Hz,1/125,蛍光灯なし,60.008 fps,120,125,0,42,hocho,min,I,4,,,frame_00000.png,frame_00119.png,,120,1.999742
hocho_I_4,lockin,0,0,QR未検出,,lockin,binary,,,15.000000,4,8,1,0.555092,,0.555092,frame_00000.png,frame_00119.png,r120_e125_f0.mp4,120 Hz,1/125,蛍光灯なし,60.008 fps,120,125,0,42,hocho,min,I,4,,,frame_00000.png,frame_00119.png,,120,1.999742
hocho_I_4,lockin,0,0,QR未検出,,lockin,binary,,,29.992270,4,8,1,0.525202,,0.525202,frame_00000.png,frame_00119.png,r120_e125_f0.mp4,120 Hz,1/125,蛍光灯なし,60.008 fps,120,125,0,42,hocho,min,I,4,,,frame_00000.png,frame_00119.png,,120,1.999742
hocho_I_4,lockin,0,0,QR未検出,,lockin,binary,,,10.007730,8,8,1,0.503613,,0.503613,frame_00000.png,frame_00119.png,r120_e125_f0.mp4,120 Hz,1/125,蛍光灯なし,60.008 fps,120,125,0,42,hocho,min,I,4,,,frame_00000.png,frame_00119.png,,120,1.999742
hocho_I_8,lockin,1,0,QR未検出,,lockin,binary,,,29.992270,12,8,1,0.643725,,0.643725,frame_00000.png,frame_00119.png,r120_e125_f0.mp4,120 Hz,1/125,蛍光灯なし,60.008 fps,120,125,0,43,hocho,min,I,8,,,frame_00000.png,frame_00119.png,,120,1.999742
hocho_I_8,lockin,0,0,QR未検出,,lockin,binary,,,10.007730,12,8,1,0.629857,,0.629857,frame_00000.png,frame_00119.png,r120_e125_f0.mp4,120 Hz,1/125,蛍光灯なし,60.008 fps,120,125,0,43,hocho,min,I,8,,,frame_00000.png,frame_00119.png,,120,1.999742
hocho_I_8,lockin,0,0,QR未検出,,lockin,binary,,,29.992270,8,8,1,0.629728,,0.629728,frame_00000.png,frame_00119.png,r120_e125_f0.mp4,120 Hz,1/125,蛍光灯なし,60.008 fps,120,125,0,43,hocho,min,I,8,,,frame_00000.png,frame_00119.png,,120,1.999742
hocho_I_8,lockin,0,0,QR未検出,,lockin,binary,,,15.000000,12,8,1,0.629273,,0.629273,frame_00000.png,frame_00119.png,r120_e125_f0.mp4,120 Hz,1/125,蛍光灯なし,60.008 fps,120,125,0,43,hocho,min,I,8,,,frame_00000.png,frame_00119.png,,120,1.999742
hocho_I_8,lockin,0,0,QR未検出,,lockin,binary,,,15.000000,8,8,1,0.592629,,0.592629,frame_00000.png,frame_00119.png,r120_e125_f0.mp4,120 Hz,1/125,蛍光灯なし,60.008 fps,120,125,0,43,hocho,min,I,8,,,frame_00000.png,frame_00119.png,,120,1.999742
hocho_I_8,lockin,0,0,QR未検出,,lockin,binary,,,10.007730,8,8,1,0.586449,,0.586449,frame_00000.png,frame_00119.png,r120_e125_f0.mp4,120 Hz,1/125,蛍光灯なし,60.008 fps,120,125,0,43,hocho,min,I,8,,,frame_00000.png,frame_00119.png,,120,1.999742
hocho_I_8,lockin,0,0,QR未検出,,lockin,binary,,,10.007730,4,8,1,0.571427,,0.571427,frame_00000.png,frame_00119.png,r120_e125_f0.mp4,120 Hz,1/125,蛍光灯なし,60.008 fps,120,125,0,43,hocho,min,I,8,,,frame_00000.png,frame_00119.png,,120,1.999742
hocho_I_8,lockin,0,0,QR未検出,,lockin,binary,,,15.000000,4,8,1,0.564083,,0.564083,frame_00000.png,frame_00119.png,r120_e125_f0.mp4,120 Hz,1/125,蛍光灯なし,60.008 fps,120,125,0,43,hocho,min,I,8,,,frame_00000.png,frame_00119.png,,120,1.999742
hocho_I_8,lockin,0,0,QR未検出,,lockin,binary,,,29.992270,4,8,1,0.552161,,0.552161,frame_00000.png,frame_00119.png,r120_e125_f0.mp4,120 Hz,1/125,蛍光灯なし,60.008 fps,120,125,0,43,hocho,min,I,8,,,frame_00000.png,frame_00119.png,,120,1.999742
hocho_I_12,lockin,1,0,QR未検出,,lockin,binary,,,29.992270,12,8,1,0.637571,,0.637571,frame_00000.png,frame_00119.png,r120_e125_f0.mp4,120 Hz,1/125,蛍光灯なし,60.008 fps,120,125,0,44,hocho,min,I,12,,,frame_00000.png,frame_00119.png,,120,1.999742
hocho_I_12,lockin,0,0,QR未検出,,lockin,binary,,,15.000000,4,8,1,0.617555,,0.617555,frame_00000.png,frame_00119.png,r120_e125_f0.mp4,120 Hz,1/125,蛍光灯なし,60.008 fps,120,125,0,44,hocho,min,I,12,,,frame_00000.png,frame_00119.png,,120,1.999742
hocho_I_12,lockin,0,0,QR未検出,,lockin,binary,,,29.992270,8,8,1,0.614999,,0.614999,frame_00000.png,frame_00119.png,r120_e125_f0.mp4,120 Hz,1/125,蛍光灯なし,60.008 fps,120,125,0,44,hocho,min,I,12,,,frame_00000.png,frame_00119.png,,120,1.999742
hocho_I_12,lockin,0,0,QR未検出,,lockin,binary,,,10.007730,12,8,1,0.614385,,0.614385,frame_00000.png,frame_00119.png,r120_e125_f0.mp4,120 Hz,1/125,蛍光灯なし,60.008 fps,120,125,0,44,hocho,min,I,12,,,frame_00000.png,frame_00119.png,,120,1.999742
hocho_I_12,lockin,0,0,QR未検出,,lockin,binary,,,10.007730,4,8,1,0.606425,,0.606425,frame_00000.png,frame_00119.png,r120_e125_f0.mp4,120 Hz,1/125,蛍光灯なし,60.008 fps,120,125,0,44,hocho,min,I,12,,,frame_00000.png,frame_00119.png,,120,1.999742
hocho_I_12,lockin,0,0,QR未検出,,lockin,binary,,,15.000000,12,8,1,0.598087,,0.598087,frame_00000.png,frame_00119.png,r120_e125_f0.mp4,120 Hz,1/125,蛍光灯なし,60.008 fps,120,125,0,44,hocho,min,I,12,,,frame_00000.png,frame_00119.png,,120,1.999742
hocho_I_12,lockin,0,0,QR未検出,,lockin,binary,,,10.007730,8,8,1,0.548853,,0.548853,frame_00000.png,frame_00119.png,r120_e125_f0.mp4,120 Hz,1/125,蛍光灯なし,60.008 fps,120,125,0,44,hocho,min,I,12,,,frame_00000.png,frame_00119.png,,120,1.999742
hocho_I_12,lockin,0,0,QR未検出,,lockin,binary,,,15.000000,8,8,1,0.518485,,0.518485,frame_00000.png,frame_00119.png,r120_e125_f0.mp4,120 Hz,1/125,蛍光灯なし,60.008 fps,120,125,0,44,hocho,min,I,12,,,frame_00000.png,frame_00119.png,,120,1.999742
hocho_I_12,lockin,0,0,QR未検出,,lockin,binary,,,29.992270,4,8,1,0.509210,,0.509210,frame_00000.png,frame_00119.png,r120_e125_f0.mp4,120 Hz,1/125,蛍光灯なし,60.008 fps,120,125,0,44,hocho,min,I,12,,,frame_00000.png,frame_00119.png,,120,1.999742
ex_I_4,lockin,1,0,QR未検出,,lockin,binary,,,10.007730,4,8,1,0.643879,,0.643879,frame_00000.png,frame_00119.png,r120_e125_f0.mp4,120 Hz,1/125,蛍光灯なし,60.008 fps,120,125,0,45,ex,min,I,4,,,frame_00000.png,frame_00119.png,,120,1.999742
ex_I_4,lockin,0,0,QR未検出,,lockin,binary,,,15.000000,4,8,1,0.641580,,0.641580,frame_00000.png,frame_00119.png,r120_e125_f0.mp4,120 Hz,1/125,蛍光灯なし,60.008 fps,120,125,0,45,ex,min,I,4,,,frame_00000.png,frame_00119.png,,120,1.999742
ex_I_4,lockin,0,0,QR未検出,,lockin,binary,,,29.992270,12,8,1,0.632772,,0.632772,frame_00000.png,frame_00119.png,r120_e125_f0.mp4,120 Hz,1/125,蛍光灯なし,60.008 fps,120,125,0,45,ex,min,I,4,,,frame_00000.png,frame_00119.png,,120,1.999742
ex_I_4,lockin,0,0,QR未検出,,lockin,binary,,,10.007730,8,8,1,0.622080,,0.622080,frame_00000.png,frame_00119.png,r120_e125_f0.mp4,120 Hz,1/125,蛍光灯なし,60.008 fps,120,125,0,45,ex,min,I,4,,,frame_00000.png,frame_00119.png,,120,1.999742
ex_I_4,lockin,0,0,QR未検出,,lockin,binary,,,15.000000,8,8,1,0.606160,,0.606160,frame_00000.png,frame_00119.png,r120_e125_f0.mp4,120 Hz,1/125,蛍光灯なし,60.008 fps,120,125,0,45,ex,min,I,4,,,frame_00000.png,frame_00119.png,,120,1.999742
ex_I_4,lockin,0,0,QR未検出,,lockin,binary,,,29.992270,8,8,1,0.581543,,0.581543,frame_00000.png,frame_00119.png,r120_e125_f0.mp4,120 Hz,1/125,蛍光灯なし,60.008 fps,120,125,0,45,ex,min,I,4,,,frame_00000.png,frame_00119.png,,120,1.999742
ex_I_4,lockin,0,0,QR未検出,,lockin,binary,,,29.992270,4,8,1,0.580592,,0.580592,frame_00000.png,frame_00119.png,r120_e125_f0.mp4,120 Hz,1/125,蛍光灯なし,60.008 fps,120,125,0,45,ex,min,I,4,,,frame_00000.png,frame_00119.png,,120,1.999742
ex_I_4,lockin,0,0,QR未検出,,lockin,binary,,,10.007730,12,8,1,0.530787,,0.530787,frame_00000.png,frame_00119.png,r120_e125_f0.mp4,120 Hz,1/125,蛍光灯なし,60.008 fps,120,125,0,45,ex,min,I,4,,,frame_00000.png,frame_00119.png,,120,1.999742
ex_I_4,lockin,0,0,QR未検出,,lockin,binary,,,15.000000,12,8,1,0.500637,,0.500637,frame_00000.png,frame_00119.png,r120_e125_f0.mp4,120 Hz,1/125,蛍光灯なし,60.008 fps,120,125,0,45,ex,min,I,4,,,frame_00000.png,frame_00119.png,,120,1.999742
ex_I_8,lockin,1,0,QR未検出,,lockin,binary,,,10.007730,4,8,1,0.638261,,0.638261,frame_00000.png,frame_00119.png,r120_e125_f0.mp4,120 Hz,1/125,蛍光灯なし,60.008 fps,120,125,0,46,ex,min,I,8,,,frame_00000.png,frame_00119.png,,120,1.999742
ex_I_8,lockin,0,0,QR未検出,,lockin,binary,,,15.000000,4,8,1,0.636443,,0.636443,frame_00000.png,frame_00119.png,r120_e125_f0.mp4,120 Hz,1/125,蛍光灯なし,60.008 fps,120,125,0,46,ex,min,I,8,,,frame_00000.png,frame_00119.png,,120,1.999742
ex_I_8,lockin,0,0,QR未検出,,lockin,binary,,,29.992270,12,8,1,0.609078,,0.609078,frame_00000.png,frame_00119.png,r120_e125_f0.mp4,120 Hz,1/125,蛍光灯なし,60.008 fps,120,125,0,46,ex,min,I,8,,,frame_00000.png,frame_00119.png,,120,1.999742
ex_I_8,lockin,0,0,QR未検出,,lockin,binary,,,29.992270,4,8,1,0.601952,,0.601952,frame_00000.png,frame_00119.png,r120_e125_f0.mp4,120 Hz,1/125,蛍光灯なし,60.008 fps,120,125,0,46,ex,min,I,8,,,frame_00000.png,frame_00119.png,,120,1.999742
ex_I_8,lockin,0,0,QR未検出,,lockin,binary,,,15.000000,8,8,1,0.597726,,0.597726,frame_00000.png,frame_00119.png,r120_e125_f0.mp4,120 Hz,1/125,蛍光灯なし,60.008 fps,120,125,0,46,ex,min,I,8,,,frame_00000.png,frame_00119.png,,120,1.999742
ex_I_8,lockin,0,0,QR未検出,,lockin,binary,,,10.007730,8,8,1,0.593282,,0.593282,frame_00000.png,frame_00119.png,r120_e125_f0.mp4,120 Hz,1/125,蛍光灯なし,60.008 fps,120,125,0,46,ex,min,I,8,,,frame_00000.png,frame_00119.png,,120,1.999742
ex_I_8,lockin,0,0,QR未検出,,lockin,binary,,,29.992270,8,8,1,0.528516,,0.528516,frame_00000.png,frame_00119.png,r120_e125_f0.mp4,120 Hz,1/125,蛍光灯なし,60.008 fps,120,125,0,46,ex,min,I,8,,,frame_00000.png,frame_00119.png,,120,1.999742
ex_I_8,lockin,0,0,QR未検出,,lockin,binary,,,15.000000,12,8,1,0.511119,,0.511119,frame_00000.png,frame_00119.png,r120_e125_f0.mp4,120 Hz,1/125,蛍光灯なし,60.008 fps,120,125,0,46,ex,min,I,8,,,frame_00000.png,frame_00119.png,,120,1.999742
ex_I_8,lockin,0,0,QR未検出,,lockin,binary,,,10.007730,12,8,1,0.500061,,0.500061,frame_00000.png,frame_00119.png,r120_e125_f0.mp4,120 Hz,1/125,蛍光灯なし,60.008 fps,120,125,0,46,ex,min,I,8,,,frame_00000.png,frame_00119.png,,120,1.999742
ex_I_12,lockin,1,0,QR未検出,,lockin,binary,,,10.007730,4,8,1,0.636828,,0.636828,frame_00000.png,frame_00119.png,r120_e125_f0.mp4,120 Hz,1/125,蛍光灯なし,60.008 fps,120,125,0,47,ex,min,I,12,,,frame_00000.png,frame_00119.png,,120,1.999742
ex_I_12,lockin,0,0,QR未検出,,lockin,binary,,,29.992270,12,8,1,0.633215,,0.633215,frame_00000.png,frame_00119.png,r120_e125_f0.mp4,120 Hz,1/125,蛍光灯なし,60.008 fps,120,125,0,47,ex,min,I,12,,,frame_00000.png,frame_00119.png,,120,1.999742
ex_I_12,lockin,0,0,QR未検出,,lockin,binary,,,15.000000,4,8,1,0.628034,,0.628034,frame_00000.png,frame_00119.png,r120_e125_f0.mp4,120 Hz,1/125,蛍光灯なし,60.008 fps,120,125,0,47,ex,min,I,12,,,frame_00000.png,frame_00119.png,,120,1.999742
ex_I_12,lockin,0,0,QR未検出,,lockin,binary,,,10.007730,8,8,1,0.598814,,0.598814,frame_00000.png,frame_00119.png,r120_e125_f0.mp4,120 Hz,1/125,蛍光灯なし,60.008 fps,120,125,0,47,ex,min,I,12,,,frame_00000.png,frame_00119.png,,120,1.999742
ex_I_12,lockin,0,0,QR未検出,,lockin,binary,,,29.992270,8,8,1,0.590295,,0.590295,frame_00000.png,frame_00119.png,r120_e125_f0.mp4,120 Hz,1/125,蛍光灯なし,60.008 fps,120,125,0,47,ex,min,I,12,,,frame_00000.png,frame_00119.png,,120,1.999742
ex_I_12,lockin,0,0,QR未検出,,lockin,binary,,,29.992270,4,8,1,0.558847,,0.558847,frame_00000.png,frame_00119.png,r120_e125_f0.mp4,120 Hz,1/125,蛍光灯なし,60.008 fps,120,125,0,47,ex,min,I,12,,,frame_00000.png,frame_00119.png,,120,1.999742
ex_I_12,lockin,0,0,QR未検出,,lockin,binary,,,15.000000,8,8,1,0.558243,,0.558243,frame_00000.png,frame_00119.png,r120_e125_f0.mp4,120 Hz,1/125,蛍光灯なし,60.008 fps,120,125,0,47,ex,min,I,12,,,frame_00000.png,frame_00119.png,,120,1.999742
ex_I_12,lockin,0,0,QR未検出,,lockin,binary,,,15.000000,12,8,1,0.541793,,0.541793,frame_00000.png,frame_00119.png,r120_e125_f0.mp4,120 Hz,1/125,蛍光灯なし,60.008 fps,120,125,0,47,ex,min,I,12,,,frame_00000.png,frame_00119.png,,120,1.999742
ex_I_12,lockin,0,0,QR未検出,,lockin,binary,,,10.007730,12,8,1,0.520298,,0.520298,frame_00000.png,frame_00119.png,r120_e125_f0.mp4,120 Hz,1/125,蛍光灯なし,60.008 fps,120,125,0,47,ex,min,I,12,,,frame_00000.png,frame_00119.png,,120,1.999742
rice_X_4,lockin,1,0,QR未検出,,lockin,binary,,,29.992270,12,8,1,0.644829,,0.644829,frame_00000.png,frame_00119.png,r120_e125_f0.mp4,120 Hz,1/125,蛍光灯なし,60.008 fps,120,125,0,48,rice,max,X,4,,,frame_00000.png,frame_00119.png,,120,1.999742
rice_X_4,lockin,0,0,QR未検出,,lockin,binary,,,29.992270,8,8,1,0.630846,,0.630846,frame_00000.png,frame_00119.png,r120_e125_f0.mp4,120 Hz,1/125,蛍光灯なし,60.008 fps,120,125,0,48,rice,max,X,4,,,frame_00000.png,frame_00119.png,,120,1.999742
rice_X_4,lockin,0,0,QR未検出,,lockin,binary,,,10.007730,12,8,1,0.626304,,0.626304,frame_00000.png,frame_00119.png,r120_e125_f0.mp4,120 Hz,1/125,蛍光灯なし,60.008 fps,120,125,0,48,rice,max,X,4,,,frame_00000.png,frame_00119.png,,120,1.999742
rice_X_4,lockin,0,0,QR未検出,,lockin,binary,,,15.000000,12,8,1,0.625506,,0.625506,frame_00000.png,frame_00119.png,r120_e125_f0.mp4,120 Hz,1/125,蛍光灯なし,60.008 fps,120,125,0,48,rice,max,X,4,,,frame_00000.png,frame_00119.png,,120,1.999742
rice_X_4,lockin,0,0,QR未検出,,lockin,binary,,,10.007730,4,8,1,0.608516,,0.608516,frame_00000.png,frame_00119.png,r120_e125_f0.mp4,120 Hz,1/125,蛍光灯なし,60.008 fps,120,125,0,48,rice,max,X,4,,,frame_00000.png,frame_00119.png,,120,1.999742
rice_X_4,lockin,0,0,QR未検出,,lockin,binary,,,15.000000,4,8,1,0.606132,,0.606132,frame_00000.png,frame_00119.png,r120_e125_f0.mp4,120 Hz,1/125,蛍光灯なし,60.008 fps,120,125,0,48,rice,max,X,4,,,frame_00000.png,frame_00119.png,,120,1.999742
rice_X_4,lockin,0,0,QR未検出,,lockin,binary,,,15.000000,8,8,1,0.564684,,0.564684,frame_00000.png,frame_00119.png,r120_e125_f0.mp4,120 Hz,1/125,蛍光灯なし,60.008 fps,120,125,0,48,rice,max,X,4,,,frame_00000.png,frame_00119.png,,120,1.999742
rice_X_4,lockin,0,0,QR未検出,,lockin,binary,,,10.007730,8,8,1,0.561457,,0.561457,frame_00000.png,frame_00119.png,r120_e125_f0.mp4,120 Hz,1/125,蛍光灯なし,60.008 fps,120,125,0,48,rice,max,X,4,,,frame_00000.png,frame_00119.png,,120,1.999742
rice_X_4,lockin,0,0,QR未検出,,lockin,binary,,,29.992270,4,8,1,0.527186,,0.527186,frame_00000.png,frame_00119.png,r120_e125_f0.mp4,120 Hz,1/125,蛍光灯なし,60.008 fps,120,125,0,48,rice,max,X,4,,,frame_00000.png,frame_00119.png,,120,1.999742
rice_X_8,lockin,1,0,QR未検出,,lockin,binary,,,29.992270,12,8,1,0.641947,,0.641947,frame_00000.png,frame_00119.png,r120_e125_f0.mp4,120 Hz,1/125,蛍光灯なし,60.008 fps,120,125,0,49,rice,max,X,8,,,frame_00000.png,frame_00119.png,,120,1.999742
rice_X_8,lockin,0,0,QR未検出,,lockin,binary,,,29.992270,8,8,1,0.626351,,0.626351,frame_00000.png,frame_00119.png,r120_e125_f0.mp4,120 Hz,1/125,蛍光灯なし,60.008 fps,120,125,0,49,rice,max,X,8,,,frame_00000.png,frame_00119.png,,120,1.999742
rice_X_8,lockin,0,0,QR未検出,,lockin,binary,,,10.007730,4,8,1,0.626178,,0.626178,frame_00000.png,frame_00119.png,r120_e125_f0.mp4,120 Hz,1/125,蛍光灯なし,60.008 fps,120,125,0,49,rice,max,X,8,,,frame_00000.png,frame_00119.png,,120,1.999742
rice_X_8,lockin,0,0,QR未検出,,lockin,binary,,,15.000000,12,8,1,0.622264,,0.622264,frame_00000.png,frame_00119.png,r120_e125_f0.mp4,120 Hz,1/125,蛍光灯なし,60.008 fps,120,125,0,49,rice,max,X,8,,,frame_00000.png,frame_00119.png,,120,1.999742
rice_X_8,lockin,0,0,QR未検出,,lockin,binary,,,15.000000,4,8,1,0.621126,,0.621126,frame_00000.png,frame_00119.png,r120_e125_f0.mp4,120 Hz,1/125,蛍光灯なし,60.008 fps,120,125,0,49,rice,max,X,8,,,frame_00000.png,frame_00119.png,,120,1.999742
rice_X_8,lockin,0,0,QR未検出,,lockin,binary,,,10.007730,12,8,1,0.618005,,0.618005,frame_00000.png,frame_00119.png,r120_e125_f0.mp4,120 Hz,1/125,蛍光灯なし,60.008 fps,120,125,0,49,rice,max,X,8,,,frame_00000.png,frame_00119.png,,120,1.999742
rice_X_8,lockin,0,0,QR未検出,,lockin,binary,,,15.000000,8,8,1,0.556038,,0.556038,frame_00000.png,frame_00119.png,r120_e125_f0.mp4,120 Hz,1/125,蛍光灯なし,60.008 fps,120,125,0,49,rice,max,X,8,,,frame_00000.png,frame_00119.png,,120,1.999742
rice_X_8,lockin,0,0,QR未検出,,lockin,binary,,,10.007730,8,8,1,0.531036,,0.531036,frame_00000.png,frame_00119.png,r120_e125_f0.mp4,120 Hz,1/125,蛍光灯なし,60.008 fps,120,125,0,49,rice,max,X,8,,,frame_00000.png,frame_00119.png,,120,1.999742
rice_X_8,lockin,0,0,QR未検出,,lockin,binary,,,29.992270,4,8,1,0.501867,,0.501867,frame_00000.png,frame_00119.png,r120_e125_f0.mp4,120 Hz,1/125,蛍光灯なし,60.008 fps,120,125,0,49,rice,max,X,8,,,frame_00000.png,frame_00119.png,,120,1.999742
rice_X_12,lockin,1,0,QR未検出,,lockin,binary,,,29.992270,12,8,1,0.649145,,0.649145,frame_00000.png,frame_00119.png,r120_e125_f0.mp4,120 Hz,1/125,蛍光灯なし,60.008 fps,120,125,0,50,rice,max,X,12,,,frame_00000.png,frame_00119.png,,120,1.999742
rice_X_12,lockin,0,0,QR未検出,,lockin,binary,,,10.007730,12,8,1,0.643436,,0.643436,frame_00000.png,frame_00119.png,r120_e125_f0.mp4,120 Hz,1/125,蛍光灯なし,60.008 fps,120,125,0,50,rice,max,X,12,,,frame_00000.png,frame_00119.png,,120,1.999742
rice_X_12,lockin,0,0,QR未検出,,lockin,binary,,,29.992270,8,8,1,0.640203,,0.640203,frame_00000.png,frame_00119.png,r120_e125_f0.mp4,120 Hz,1/125,蛍光灯なし,60.008 fps,120,125,0,50,rice,max,X,12,,,frame_00000.png,frame_00119.png,,120,1.999742
rice_X_12,lockin,0,0,QR未検出,,lockin,binary,,,15.000000,12,8,1,0.637332,,0.637332,frame_00000.png,frame_00119.png,r120_e125_f0.mp4,120 Hz,1/125,蛍光灯なし,60.008 fps,120,125,0,50,rice,max,X,12,,,frame_00000.png,frame_00119.png,,120,1.999742
rice_X_12,lockin,0,0,QR未検出,,lockin,binary,,,15.000000,4,8,1,0.613554,,0.613554,frame_00000.png,frame_00119.png,r120_e125_f0.mp4,120 Hz,1/125,蛍光灯なし,60.008 fps,120,125,0,50,rice,max,X,12,,,frame_00000.png,frame_00119.png,,120,1.999742
rice_X_12,lockin,0,0,QR未検出,,lockin,binary,,,10.007730,8,8,1,0.613041,,0.613041,frame_00000.png,frame_00119.png,r120_e125_f0.mp4,120 Hz,1/125,蛍光灯なし,60.008 fps,120,125,0,50,rice,max,X,12,,,frame_00000.png,frame_00119.png,,120,1.999742
rice_X_12,lockin,0,0,QR未検出,,lockin,binary,,,15.000000,8,8,1,0.588374,,0.588374,frame_00000.png,frame_00119.png,r120_e125_f0.mp4,120 Hz,1/125,蛍光灯なし,60.008 fps,120,125,0,50,rice,max,X,12,,,frame_00000.png,frame_00119.png,,120,1.999742
rice_X_12,lockin,0,0,QR未検出,,lockin,binary,,,10.007730,4,8,1,0.583888,,0.583888,frame_00000.png,frame_00119.png,r120_e125_f0.mp4,120 Hz,1/125,蛍光灯なし,60.008 fps,120,125,0,50,rice,max,X,12,,,frame_00000.png,frame_00119.png,,120,1.999742
rice_X_12,lockin,0,0,QR未検出,,lockin,binary,,,29.992270,4,8,1,0.533727,,0.533727,frame_00000.png,frame_00119.png,r120_e125_f0.mp4,120 Hz,1/125,蛍光灯なし,60.008 fps,120,125,0,50,rice,max,X,12,,,frame_00000.png,frame_00119.png,,120,1.999742
nagaoka_fireworks_X_4,lockin,1,0,QR未検出,,lockin,binary,,,29.992270,12,8,1,0.637437,,0.637437,frame_00000.png,frame_00119.png,r120_e125_f0.mp4,120 Hz,1/125,蛍光灯なし,60.008 fps,120,125,0,51,nagaoka_fireworks,max,X,4,,,frame_00000.png,frame_00119.png,,120,1.999742
nagaoka_fireworks_X_4,lockin,0,0,QR未検出,,lockin,binary,,,29.992270,8,8,1,0.606600,,0.606600,frame_00000.png,frame_00119.png,r120_e125_f0.mp4,120 Hz,1/125,蛍光灯なし,60.008 fps,120,125,0,51,nagaoka_fireworks,max,X,4,,,frame_00000.png,frame_00119.png,,120,1.999742
nagaoka_fireworks_X_4,lockin,0,0,QR未検出,,lockin,binary,,,15.000000,12,8,1,0.591168,,0.591168,frame_00000.png,frame_00119.png,r120_e125_f0.mp4,120 Hz,1/125,蛍光灯なし,60.008 fps,120,125,0,51,nagaoka_fireworks,max,X,4,,,frame_00000.png,frame_00119.png,,120,1.999742
nagaoka_fireworks_X_4,lockin,0,0,QR未検出,,lockin,binary,,,10.007730,12,8,1,0.583970,,0.583970,frame_00000.png,frame_00119.png,r120_e125_f0.mp4,120 Hz,1/125,蛍光灯なし,60.008 fps,120,125,0,51,nagaoka_fireworks,max,X,4,,,frame_00000.png,frame_00119.png,,120,1.999742
nagaoka_fireworks_X_4,lockin,0,0,QR未検出,,lockin,binary,,,10.007730,4,8,1,0.541845,,0.541845,frame_00000.png,frame_00119.png,r120_e125_f0.mp4,120 Hz,1/125,蛍光灯なし,60.008 fps,120,125,0,51,nagaoka_fireworks,max,X,4,,,frame_00000.png,frame_00119.png,,120,1.999742
nagaoka_fireworks_X_4,lockin,0,0,QR未検出,,lockin,binary,,,15.000000,4,8,1,0.538636,,0.538636,frame_00000.png,frame_00119.png,r120_e125_f0.mp4,120 Hz,1/125,蛍光灯なし,60.008 fps,120,125,0,51,nagaoka_fireworks,max,X,4,,,frame_00000.png,frame_00119.png,,120,1.999742
nagaoka_fireworks_X_4,lockin,0,0,QR未検出,,lockin,binary,,,15.000000,8,8,1,0.527419,,0.527419,frame_00000.png,frame_00119.png,r120_e125_f0.mp4,120 Hz,1/125,蛍光灯なし,60.008 fps,120,125,0,51,nagaoka_fireworks,max,X,4,,,frame_00000.png,frame_00119.png,,120,1.999742
nagaoka_fireworks_X_4,lockin,0,0,QR未検出,,lockin,binary,,,10.007730,8,8,1,0.526352,,0.526352,frame_00000.png,frame_00119.png,r120_e125_f0.mp4,120 Hz,1/125,蛍光灯なし,60.008 fps,120,125,0,51,nagaoka_fireworks,max,X,4,,,frame_00000.png,frame_00119.png,,120,1.999742
nagaoka_fireworks_X_4,lockin,0,0,QR未検出,,lockin,binary,,,29.992270,4,8,1,0.522300,,0.522300,frame_00000.png,frame_00119.png,r120_e125_f0.mp4,120 Hz,1/125,蛍光灯なし,60.008 fps,120,125,0,51,nagaoka_fireworks,max,X,4,,,frame_00000.png,frame_00119.png,,120,1.999742
nagaoka_fireworks_X_8,lockin,1,0,QR未検出,,lockin,binary,,,29.992270,12,8,1,0.628471,,0.628471,frame_00000.png,frame_00119.png,r120_e125_f0.mp4,120 Hz,1/125,蛍光灯なし,60.008 fps,120,125,0,52,nagaoka_fireworks,max,X,8,,,frame_00000.png,frame_00119.png,,120,1.999742
nagaoka_fireworks_X_8,lockin,0,0,QR未検出,,lockin,binary,,,29.992270,8,8,1,0.594491,,0.594491,frame_00000.png,frame_00119.png,r120_e125_f0.mp4,120 Hz,1/125,蛍光灯なし,60.008 fps,120,125,0,52,nagaoka_fireworks,max,X,8,,,frame_00000.png,frame_00119.png,,120,1.999742
nagaoka_fireworks_X_8,lockin,0,0,QR未検出,,lockin,binary,,,10.007730,12,8,1,0.582401,,0.582401,frame_00000.png,frame_00119.png,r120_e125_f0.mp4,120 Hz,1/125,蛍光灯なし,60.008 fps,120,125,0,52,nagaoka_fireworks,max,X,8,,,frame_00000.png,frame_00119.png,,120,1.999742
nagaoka_fireworks_X_8,lockin,0,0,QR未検出,,lockin,binary,,,15.000000,12,8,1,0.580140,,0.580140,frame_00000.png,frame_00119.png,r120_e125_f0.mp4,120 Hz,1/125,蛍光灯なし,60.008 fps,120,125,0,52,nagaoka_fireworks,max,X,8,,,frame_00000.png,frame_00119.png,,120,1.999742
nagaoka_fireworks_X_8,lockin,0,0,QR未検出,,lockin,binary,,,10.007730,4,8,1,0.542760,,0.542760,frame_00000.png,frame_00119.png,r120_e125_f0.mp4,120 Hz,1/125,蛍光灯なし,60.008 fps,120,125,0,52,nagaoka_fireworks,max,X,8,,,frame_00000.png,frame_00119.png,,120,1.999742
nagaoka_fireworks_X_8,lockin,0,0,QR未検出,,lockin,binary,,,15.000000,4,8,1,0.542109,,0.542109,frame_00000.png,frame_00119.png,r120_e125_f0.mp4,120 Hz,1/125,蛍光灯なし,60.008 fps,120,125,0,52,nagaoka_fireworks,max,X,8,,,frame_00000.png,frame_00119.png,,120,1.999742
nagaoka_fireworks_X_8,lockin,0,0,QR未検出,,lockin,binary,,,15.000000,8,8,1,0.521225,,0.521225,frame_00000.png,frame_00119.png,r120_e125_f0.mp4,120 Hz,1/125,蛍光灯なし,60.008 fps,120,125,0,52,nagaoka_fireworks,max,X,8,,,frame_00000.png,frame_00119.png,,120,1.999742
nagaoka_fireworks_X_8,lockin,0,0,QR未検出,,lockin,binary,,,10.007730,8,8,1,0.520581,,0.520581,frame_00000.png,frame_00119.png,r120_e125_f0.mp4,120 Hz,1/125,蛍光灯なし,60.008 fps,120,125,0,52,nagaoka_fireworks,max,X,8,,,frame_00000.png,frame_00119.png,,120,1.999742
nagaoka_fireworks_X_8,lockin,0,0,QR未検出,,lockin,binary,,,29.992270,4,8,1,0.519453,,0.519453,frame_00000.png,frame_00119.png,r120_e125_f0.mp4,120 Hz,1/125,蛍光灯なし,60.008 fps,120,125,0,52,nagaoka_fireworks,max,X,8,,,frame_00000.png,frame_00119.png,,120,1.999742
nagaoka_fireworks_X_12,lockin,1,0,QR未検出,,lockin,binary,,,29.992270,12,8,1,0.635745,,0.635745,frame_00000.png,frame_00119.png,r120_e125_f0.mp4,120 Hz,1/125,蛍光灯なし,60.008 fps,120,125,0,53,nagaoka_fireworks,max,X,12,,,frame_00000.png,frame_00119.png,,120,1.999742
nagaoka_fireworks_X_12,lockin,0,0,QR未検出,,lockin,binary,,,15.000000,12,8,1,0.628111,,0.628111,frame_00000.png,frame_00119.png,r120_e125_f0.mp4,120 Hz,1/125,蛍光灯なし,60.008 fps,120,125,0,53,nagaoka_fireworks,max,X,12,,,frame_00000.png,frame_00119.png,,120,1.999742
nagaoka_fireworks_X_12,lockin,0,0,QR未検出,,lockin,binary,,,29.992270,8,8,1,0.608317,,0.608317,frame_00000.png,frame_00119.png,r120_e125_f0.mp4,120 Hz,1/125,蛍光灯なし,60.008 fps,120,125,0,53,nagaoka_fireworks,max,X,12,,,frame_00000.png,frame_00119.png,,120,1.999742
nagaoka_fireworks_X_12,lockin,0,0,QR未検出,,lockin,binary,,,15.000000,8,8,1,0.585494,,0.585494,frame_00000.png,frame_00119.png,r120_e125_f0.mp4,120 Hz,1/125,蛍光灯なし,60.008 fps,120,125,0,53,nagaoka_fireworks,max,X,12,,,frame_00000.png,frame_00119.png,,120,1.999742
nagaoka_fireworks_X_12,lockin,0,0,QR未検出,,lockin,binary,,,10.007730,12,8,1,0.580644,,0.580644,frame_00000.png,frame_00119.png,r120_e125_f0.mp4,120 Hz,1/125,蛍光灯なし,60.008 fps,120,125,0,53,nagaoka_fireworks,max,X,12,,,frame_00000.png,frame_00119.png,,120,1.999742
nagaoka_fireworks_X_12,lockin,0,0,QR未検出,,lockin,binary,,,10.007730,4,8,1,0.536747,,0.536747,frame_00000.png,frame_00119.png,r120_e125_f0.mp4,120 Hz,1/125,蛍光灯なし,60.008 fps,120,125,0,53,nagaoka_fireworks,max,X,12,,,frame_00000.png,frame_00119.png,,120,1.999742
nagaoka_fireworks_X_12,lockin,0,0,QR未検出,,lockin,binary,,,10.007730,8,8,1,0.527139,,0.527139,frame_00000.png,frame_00119.png,r120_e125_f0.mp4,120 Hz,1/125,蛍光灯なし,60.008 fps,120,125,0,53,nagaoka_fireworks,max,X,12,,,frame_00000.png,frame_00119.png,,120,1.999742
nagaoka_fireworks_X_12,lockin,0,0,QR未検出,,lockin,binary,,,29.992270,4,8,1,0.521815,,0.521815,frame_00000.png,frame_00119.png,r120_e125_f0.mp4,120 Hz,1/125,蛍光灯なし,60.008 fps,120,125,0,53,nagaoka_fireworks,max,X,12,,,frame_00000.png,frame_00119.png,,120,1.999742
nagaoka_fireworks_X_12,lockin,0,0,QR未検出,,lockin,binary,,,15.000000,4,8,1,0.502911,,0.502911,frame_00000.png,frame_00119.png,r120_e125_f0.mp4,120 Hz,1/125,蛍光灯なし,60.008 fps,120,125,0,53,nagaoka_fireworks,max,X,12,,,frame_00000.png,frame_00119.png,,120,1.999742
hocho_X_4,lockin,1,0,QR未検出,,lockin,binary,,,29.992270,12,8,1,0.640002,,0.640002,frame_00000.png,frame_00119.png,r120_e125_f0.mp4,120 Hz,1/125,蛍光灯なし,60.008 fps,120,125,0,54,hocho,max,X,4,,,frame_00000.png,frame_00119.png,,120,1.999742
hocho_X_4,lockin,0,0,QR未検出,,lockin,binary,,,29.992270,8,8,1,0.623135,,0.623135,frame_00000.png,frame_00119.png,r120_e125_f0.mp4,120 Hz,1/125,蛍光灯なし,60.008 fps,120,125,0,54,hocho,max,X,4,,,frame_00000.png,frame_00119.png,,120,1.999742
hocho_X_4,lockin,0,0,QR未検出,,lockin,binary,,,10.007730,4,8,1,0.611692,,0.611692,frame_00000.png,frame_00119.png,r120_e125_f0.mp4,120 Hz,1/125,蛍光灯なし,60.008 fps,120,125,0,54,hocho,max,X,4,,,frame_00000.png,frame_00119.png,,120,1.999742
hocho_X_4,lockin,0,0,QR未検出,,lockin,binary,,,15.000000,4,8,1,0.605965,,0.605965,frame_00000.png,frame_00119.png,r120_e125_f0.mp4,120 Hz,1/125,蛍光灯なし,60.008 fps,120,125,0,54,hocho,max,X,4,,,frame_00000.png,frame_00119.png,,120,1.999742
hocho_X_4,lockin,0,0,QR未検出,,lockin,binary,,,15.000000,12,8,1,0.605199,,0.605199,frame_00000.png,frame_00119.png,r120_e125_f0.mp4,120 Hz,1/125,蛍光灯なし,60.008 fps,120,125,0,54,hocho,max,X,4,,,frame_00000.png,frame_00119.png,,120,1.999742
hocho_X_4,lockin,0,0,QR未検出,,lockin,binary,,,10.007730,12,8,1,0.602088,,0.602088,frame_00000.png,frame_00119.png,r120_e125_f0.mp4,120 Hz,1/125,蛍光灯なし,60.008 fps,120,125,0,54,hocho,max,X,4,,,frame_00000.png,frame_00119.png,,120,1.999742
hocho_X_4,lockin,0,0,QR未検出,,lockin,binary,,,29.992270,4,8,1,0.534134,,0.534134,frame_00000.png,frame_00119.png,r120_e125_f0.mp4,120 Hz,1/125,蛍光灯なし,60.008 fps,120,125,0,54,hocho,max,X,4,,,frame_00000.png,frame_00119.png,,120,1.999742
hocho_X_4,lockin,0,0,QR未検出,,lockin,binary,,,15.000000,8,8,1,0.526663,,0.526663,frame_00000.png,frame_00119.png,r120_e125_f0.mp4,120 Hz,1/125,蛍光灯なし,60.008 fps,120,125,0,54,hocho,max,X,4,,,frame_00000.png,frame_00119.png,,120,1.999742
hocho_X_4,lockin,0,0,QR未検出,,lockin,binary,,,10.007730,8,8,1,0.523433,,0.523433,frame_00000.png,frame_00119.png,r120_e125_f0.mp4,120 Hz,1/125,蛍光灯なし,60.008 fps,120,125,0,54,hocho,max,X,4,,,frame_00000.png,frame_00119.png,,120,1.999742
hocho_X_8,lockin,1,0,QR未検出,,lockin,binary,,,29.992270,12,8,1,0.641431,,0.641431,frame_00000.png,frame_00119.png,r120_e125_f0.mp4,120 Hz,1/125,蛍光灯なし,60.008 fps,120,125,0,55,hocho,max,X,8,,,frame_00000.png,frame_00119.png,,120,1.999742
hocho_X_8,lockin,0,0,QR未検出,,lockin,binary,,,10.007730,4,8,1,0.627061,,0.627061,frame_00000.png,frame_00119.png,r120_e125_f0.mp4,120 Hz,1/125,蛍光灯なし,60.008 fps,120,125,0,55,hocho,max,X,8,,,frame_00000.png,frame_00119.png,,120,1.999742
hocho_X_8,lockin,0,0,QR未検出,,lockin,binary,,,29.992270,8,8,1,0.623089,,0.623089,frame_00000.png,frame_00119.png,r120_e125_f0.mp4,120 Hz,1/125,蛍光灯なし,60.008 fps,120,125,0,55,hocho,max,X,8,,,frame_00000.png,frame_00119.png,,120,1.999742
hocho_X_8,lockin,0,0,QR未検出,,lockin,binary,,,15.000000,12,8,1,0.620020,,0.620020,frame_00000.png,frame_00119.png,r120_e125_f0.mp4,120 Hz,1/125,蛍光灯なし,60.008 fps,120,125,0,55,hocho,max,X,8,,,frame_00000.png,frame_00119.png,,120,1.999742
hocho_X_8,lockin,0,0,QR未検出,,lockin,binary,,,10.007730,12,8,1,0.585821,,0.585821,frame_00000.png,frame_00119.png,r120_e125_f0.mp4,120 Hz,1/125,蛍光灯なし,60.008 fps,120,125,0,55,hocho,max,X,8,,,frame_00000.png,frame_00119.png,,120,1.999742
hocho_X_8,lockin,0,0,QR未検出,,lockin,binary,,,15.000000,4,8,1,0.579874,,0.579874,frame_00000.png,frame_00119.png,r120_e125_f0.mp4,120 Hz,1/125,蛍光灯なし,60.008 fps,120,125,0,55,hocho,max,X,8,,,frame_00000.png,frame_00119.png,,120,1.999742
hocho_X_8,lockin,0,0,QR未検出,,lockin,binary,,,15.000000,8,8,1,0.571950,,0.571950,frame_00000.png,frame_00119.png,r120_e125_f0.mp4,120 Hz,1/125,蛍光灯なし,60.008 fps,120,125,0,55,hocho,max,X,8,,,frame_00000.png,frame_00119.png,,120,1.999742
hocho_X_8,lockin,0,0,QR未検出,,lockin,binary,,,29.992270,4,8,1,0.526896,,0.526896,frame_00000.png,frame_00119.png,r120_e125_f0.mp4,120 Hz,1/125,蛍光灯なし,60.008 fps,120,125,0,55,hocho,max,X,8,,,frame_00000.png,frame_00119.png,,120,1.999742
hocho_X_8,lockin,0,0,QR未検出,,lockin,binary,,,10.007730,8,8,1,0.511560,,0.511560,frame_00000.png,frame_00119.png,r120_e125_f0.mp4,120 Hz,1/125,蛍光灯なし,60.008 fps,120,125,0,55,hocho,max,X,8,,,frame_00000.png,frame_00119.png,,120,1.999742
hocho_X_12,lockin,1,0,QR未検出,,lockin,binary,,,29.992270,12,8,1,0.644845,,0.644845,frame_00000.png,frame_00119.png,r120_e125_f0.mp4,120 Hz,1/125,蛍光灯なし,60.008 fps,120,125,0,56,hocho,max,X,12,,,frame_00000.png,frame_00119.png,,120,1.999742
hocho_X_12,lockin,0,0,QR未検出,,lockin,binary,,,29.992270,8,8,1,0.635671,,0.635671,frame_00000.png,frame_00119.png,r120_e125_f0.mp4,120 Hz,1/125,蛍光灯なし,60.008 fps,120,125,0,56,hocho,max,X,12,,,frame_00000.png,frame_00119.png,,120,1.999742
hocho_X_12,lockin,0,0,QR未検出,,lockin,binary,,,15.000000,4,8,1,0.615877,,0.615877,frame_00000.png,frame_00119.png,r120_e125_f0.mp4,120 Hz,1/125,蛍光灯なし,60.008 fps,120,125,0,56,hocho,max,X,12,,,frame_00000.png,frame_00119.png,,120,1.999742
hocho_X_12,lockin,0,0,QR未検出,,lockin,binary,,,10.007730,4,8,1,0.613688,,0.613688,frame_00000.png,frame_00119.png,r120_e125_f0.mp4,120 Hz,1/125,蛍光灯なし,60.008 fps,120,125,0,56,hocho,max,X,12,,,frame_00000.png,frame_00119.png,,120,1.999742
hocho_X_12,lockin,0,0,QR未検出,,lockin,binary,,,10.007730,12,8,1,0.605507,,0.605507,frame_00000.png,frame_00119.png,r120_e125_f0.mp4,120 Hz,1/125,蛍光灯なし,60.008 fps,120,125,0,56,hocho,max,X,12,,,frame_00000.png,frame_00119.png,,120,1.999742
hocho_X_12,lockin,0,0,QR未検出,,lockin,binary,,,15.000000,12,8,1,0.596816,,0.596816,frame_00000.png,frame_00119.png,r120_e125_f0.mp4,120 Hz,1/125,蛍光灯なし,60.008 fps,120,125,0,56,hocho,max,X,12,,,frame_00000.png,frame_00119.png,,120,1.999742
hocho_X_12,lockin,0,0,QR未検出,,lockin,binary,,,29.992270,4,8,1,0.585597,,0.585597,frame_00000.png,frame_00119.png,r120_e125_f0.mp4,120 Hz,1/125,蛍光灯なし,60.008 fps,120,125,0,56,hocho,max,X,12,,,frame_00000.png,frame_00119.png,,120,1.999742
hocho_X_12,lockin,0,0,QR未検出,,lockin,binary,,,10.007730,8,8,1,0.518879,,0.518879,frame_00000.png,frame_00119.png,r120_e125_f0.mp4,120 Hz,1/125,蛍光灯なし,60.008 fps,120,125,0,56,hocho,max,X,12,,,frame_00000.png,frame_00119.png,,120,1.999742
hocho_X_12,lockin,0,0,QR未検出,,lockin,binary,,,15.000000,8,8,1,0.506999,,0.506999,frame_00000.png,frame_00119.png,r120_e125_f0.mp4,120 Hz,1/125,蛍光灯なし,60.008 fps,120,125,0,56,hocho,max,X,12,,,frame_00000.png,frame_00119.png,,120,1.999742
ex_X_4,lockin,1,0,QR未検出,,lockin,binary,,,15.000000,4,8,1,0.631694,,0.631694,frame_00000.png,frame_00119.png,r120_e125_f0.mp4,120 Hz,1/125,蛍光灯なし,60.008 fps,120,125,0,57,ex,max,X,4,,,frame_00000.png,frame_00119.png,,120,1.999742
ex_X_4,lockin,0,0,QR未検出,,lockin,binary,,,29.992270,12,8,1,0.624825,,0.624825,frame_00000.png,frame_00119.png,r120_e125_f0.mp4,120 Hz,1/125,蛍光灯なし,60.008 fps,120,125,0,57,ex,max,X,4,,,frame_00000.png,frame_00119.png,,120,1.999742
ex_X_4,lockin,0,0,QR未検出,,lockin,binary,,,10.007730,4,8,1,0.624276,,0.624276,frame_00000.png,frame_00119.png,r120_e125_f0.mp4,120 Hz,1/125,蛍光灯なし,60.008 fps,120,125,0,57,ex,max,X,4,,,frame_00000.png,frame_00119.png,,120,1.999742
ex_X_4,lockin,0,0,QR未検出,,lockin,binary,,,15.000000,8,8,1,0.586507,,0.586507,frame_00000.png,frame_00119.png,r120_e125_f0.mp4,120 Hz,1/125,蛍光灯なし,60.008 fps,120,125,0,57,ex,max,X,4,,,frame_00000.png,frame_00119.png,,120,1.999742
ex_X_4,lockin,0,0,QR未検出,,lockin,binary,,,29.992270,4,8,1,0.584017,,0.584017,frame_00000.png,frame_00119.png,r120_e125_f0.mp4,120 Hz,1/125,蛍光灯なし,60.008 fps,120,125,0,57,ex,max,X,4,,,frame_00000.png,frame_00119.png,,120,1.999742
ex_X_4,lockin,0,0,QR未検出,,lockin,binary,,,10.007730,12,8,1,0.565149,,0.565149,frame_00000.png,frame_00119.png,r120_e125_f0.mp4,120 Hz,1/125,蛍光灯なし,60.008 fps,120,125,0,57,ex,max,X,4,,,frame_00000.png,frame_00119.png,,120,1.999742
ex_X_4,lockin,0,0,QR未検出,,lockin,binary,,,29.992270,8,8,1,0.560913,,0.560913,frame_00000.png,frame_00119.png,r120_e125_f0.mp4,120 Hz,1/125,蛍光灯なし,60.008 fps,120,125,0,57,ex,max,X,4,,,frame_00000.png,frame_00119.png,,120,1.999742
ex_X_4,lockin,0,0,QR未検出,,lockin,binary,,,10.007730,8,8,1,0.544736,,0.544736,frame_00000.png,frame_00119.png,r120_e125_f0.mp4,120 Hz,1/125,蛍光灯なし,60.008 fps,120,125,0,57,ex,max,X,4,,,frame_00000.png,frame_00119.png,,120,1.999742
ex_X_4,lockin,0,0,QR未検出,,lockin,binary,,,15.000000,12,8,1,0.502826,,0.502826,frame_00000.png,frame_00119.png,r120_e125_f0.mp4,120 Hz,1/125,蛍光灯なし,60.008 fps,120,125,0,57,ex,max,X,4,,,frame_00000.png,frame_00119.png,,120,1.999742
ex_X_8,lockin,1,0,QR未検出,,lockin,binary,,,10.007730,4,8,1,0.632875,,0.632875,frame_00000.png,frame_00119.png,r120_e125_f0.mp4,120 Hz,1/125,蛍光灯なし,60.008 fps,120,125,0,58,ex,max,X,8,,,frame_00000.png,frame_00119.png,,120,1.999742
ex_X_8,lockin,0,0,QR未検出,,lockin,binary,,,15.000000,4,8,1,0.632651,,0.632651,frame_00000.png,frame_00119.png,r120_e125_f0.mp4,120 Hz,1/125,蛍光灯なし,60.008 fps,120,125,0,58,ex,max,X,8,,,frame_00000.png,frame_00119.png,,120,1.999742
ex_X_8,lockin,0,0,QR未検出,,lockin,binary,,,29.992270,12,8,1,0.618642,,0.618642,frame_00000.png,frame_00119.png,r120_e125_f0.mp4,120 Hz,1/125,蛍光灯なし,60.008 fps,120,125,0,58,ex,max,X,8,,,frame_00000.png,frame_00119.png,,120,1.999742
ex_X_8,lockin,0,0,QR未検出,,lockin,binary,,,29.992270,4,8,1,0.592369,,0.592369,frame_00000.png,frame_00119.png,r120_e125_f0.mp4,120 Hz,1/125,蛍光灯なし,60.008 fps,120,125,0,58,ex,max,X,8,,,frame_00000.png,frame_00119.png,,120,1.999742
ex_X_8,lockin,0,0,QR未検出,,lockin,binary,,,10.007730,8,8,1,0.588866,,0.588866,frame_00000.png,frame_00119.png,r120_e125_f0.mp4,120 Hz,1/125,蛍光灯なし,60.008 fps,120,125,0,58,ex,max,X,8,,,frame_00000.png,frame_00119.png,,120,1.999742
ex_X_8,lockin,0,0,QR未検出,,lockin,binary,,,15.000000,8,8,1,0.582347,,0.582347,frame_00000.png,frame_00119.png,r120_e125_f0.mp4,120 Hz,1/125,蛍光灯なし,60.008 fps,120,125,0,58,ex,max,X,8,,,frame_00000.png,frame_00119.png,,120,1.999742
ex_X_8,lockin,0,0,QR未検出,,lockin,binary,,,29.992270,8,8,1,0.542057,,0.542057,frame_00000.png,frame_00119.png,r120_e125_f0.mp4,120 Hz,1/125,蛍光灯なし,60.008 fps,120,125,0,58,ex,max,X,8,,,frame_00000.png,frame_00119.png,,120,1.999742
ex_X_8,lockin,0,0,QR未検出,,lockin,binary,,,15.000000,12,8,1,0.510176,,0.510176,frame_00000.png,frame_00119.png,r120_e125_f0.mp4,120 Hz,1/125,蛍光灯なし,60.008 fps,120,125,0,58,ex,max,X,8,,,frame_00000.png,frame_00119.png,,120,1.999742
ex_X_8,lockin,0,0,QR未検出,,lockin,binary,,,10.007730,12,8,1,0.504652,,0.504652,frame_00000.png,frame_00119.png,r120_e125_f0.mp4,120 Hz,1/125,蛍光灯なし,60.008 fps,120,125,0,58,ex,max,X,8,,,frame_00000.png,frame_00119.png,,120,1.999742
ex_X_12,lockin,1,0,QR未検出,,lockin,binary,,,10.007730,4,8,1,0.638324,,0.638324,frame_00000.png,frame_00119.png,r120_e125_f0.mp4,120 Hz,1/125,蛍光灯なし,60.008 fps,120,125,0,59,ex,max,X,12,,,frame_00000.png,frame_00119.png,,120,1.999742
ex_X_12,lockin,0,0,QR未検出,,lockin,binary,,,29.992270,12,8,1,0.631239,,0.631239,frame_00000.png,frame_00119.png,r120_e125_f0.mp4,120 Hz,1/125,蛍光灯なし,60.008 fps,120,125,0,59,ex,max,X,12,,,frame_00000.png,frame_00119.png,,120,1.999742
ex_X_12,lockin,0,0,QR未検出,,lockin,binary,,,15.000000,4,8,1,0.630279,,0.630279,frame_00000.png,frame_00119.png,r120_e125_f0.mp4,120 Hz,1/125,蛍光灯なし,60.008 fps,120,125,0,59,ex,max,X,12,,,frame_00000.png,frame_00119.png,,120,1.999742
ex_X_12,lockin,0,0,QR未検出,,lockin,binary,,,10.007730,8,8,1,0.607530,,0.607530,frame_00000.png,frame_00119.png,r120_e125_f0.mp4,120 Hz,1/125,蛍光灯なし,60.008 fps,120,125,0,59,ex,max,X,12,,,frame_00000.png,frame_00119.png,,120,1.999742
ex_X_12,lockin,0,0,QR未検出,,lockin,binary,,,29.992270,4,8,1,0.581209,,0.581209,frame_00000.png,frame_00119.png,r120_e125_f0.mp4,120 Hz,1/125,蛍光灯なし,60.008 fps,120,125,0,59,ex,max,X,12,,,frame_00000.png,frame_00119.png,,120,1.999742
ex_X_12,lockin,0,0,QR未検出,,lockin,binary,,,29.992270,8,8,1,0.578275,,0.578275,frame_00000.png,frame_00119.png,r120_e125_f0.mp4,120 Hz,1/125,蛍光灯なし,60.008 fps,120,125,0,59,ex,max,X,12,,,frame_00000.png,frame_00119.png,,120,1.999742
ex_X_12,lockin,0,0,QR未検出,,lockin,binary,,,15.000000,8,8,1,0.556868,,0.556868,frame_00000.png,frame_00119.png,r120_e125_f0.mp4,120 Hz,1/125,蛍光灯なし,60.008 fps,120,125,0,59,ex,max,X,12,,,frame_00000.png,frame_00119.png,,120,1.999742
ex_X_12,lockin,0,0,QR未検出,,lockin,binary,,,15.000000,12,8,1,0.553911,,0.553911,frame_00000.png,frame_00119.png,r120_e125_f0.mp4,120 Hz,1/125,蛍光灯なし,60.008 fps,120,125,0,59,ex,max,X,12,,,frame_00000.png,frame_00119.png,,120,1.999742
ex_X_12,lockin,0,0,QR未検出,,lockin,binary,,,10.007730,12,8,1,0.529788,,0.529788,frame_00000.png,frame_00119.png,r120_e125_f0.mp4,120 Hz,1/125,蛍光灯なし,60.008 fps,120,125,0,59,ex,max,X,12,,,frame_00000.png,frame_00119.png,,120,1.999742
