folder,pass,adopted,decode_success,decode_note,decode_variant,diff_mode,repr_mode,window_n,stat_kind,fft_target_hz,diff_threshold,phase_steps,n_maps,pixel_acc_all,pixel_acc_ok,pixel_acc_best,best_pair_frame_1,best_pair_frame_2,video,display_rate,exposure,fluorescent,camera_fps,rate_hz,exposure_denom,fluorescent_flag,cond,image,channel,token,intensity,decode_decoded_text,decode_method,decode_frame_1,decode_frame_2,note,analysis_frames,extract_sec
rice_R_4,fourier,1,0,QR未検出,,fourier,binary,,,7.490900,4,,1,0.650645,,0.650645,frame_00000.png,frame_00119.png,r90_e250_f0.mp4,90 Hz,1/250,蛍光灯なし,59.982 fps,90,250,0,0,rice,R,R,4,,,frame_00000.png,frame_00119.png,,120,2.000607
rice_R_4,fourier,0,0,QR未検出,,fourier,binary,,,9.981799,4,,1,0.650645,,0.650645,frame_00000.png,frame_00119.png,r90_e250_f0.mp4,90 Hz,1/250,蛍光灯なし,59.982 fps,90,250,0,0,rice,R,R,4,,,frame_00000.png,frame_00119.png,,120,2.000607
rice_R_4,fourier,0,0,QR未検出,,fourier,binary,,,14.981799,4,,1,0.650645,,0.650645,frame_00000.png,frame_00119.png,r90_e250_f0.mp4,90 Hz,1/250,蛍光灯なし,59.982 fps,90,250,0,0,rice,R,R,4,,,frame_00000.png,frame_00119.png,,120,2.000607
rice_R_4,fourier,0,0,QR未検出,,fourier,binary,,,22.500000,4,,1,0.650645,,0.650645,frame_00000.png,frame_00119.png,r90_e250_f0.mp4,90 Hz,1/250,蛍光灯なし,59.982 fps,90,250,0,0,rice,R,R,4,,,frame_00000.png,frame_00119.png,,120,2.000607
rice_R_4,fourier,0,0,QR未検出,,fourier,binary,,,7.490900,8,,1,0.650645,,0.650645,frame_00000.png,frame_00119.png,r90_e250_f0.mp4,90 Hz,1/250,蛍光灯なし,59.982 fps,90,250,0,0,rice,R,R,4,,,frame_00000.png,frame_00119.png,,120,2.000607
rice_R_4,fourier,0,0,QR未検出,,fourier,binary,,,9.981799,8,,1,0.650645,,0.650645,frame_00000.png,frame_00119.png,r90_e250_f0.mp4,90 Hz,1/250,蛍光灯なし,59.982 fps,90,250,0,0,rice,R,R,4,,,frame_00000.png,frame_00119.png,,120,2.000607
rice_R_4,fourier,0,0,QR未検出,,fourier,binary,,,14.981799,8,,1,0.650645,,0.650645,frame_00000.png,frame_00119.png,r90_e250_f0.mp4,90 Hz,1/250,蛍光灯なし,59.982 fps,90,250,0,0,rice,R,R,4,,,frame_00000.png,frame_00119.png,,120,2.000607
rice_R_4,fourier,0,0,QR未検出,,fourier,binary,,,22.500000,8,,1,0.650645,,0.650645,frame_00000.png,frame_00119.png,r90_e250_f0.mp4,90 Hz,1/250,蛍光灯なし,59.982 fps,90,250,0,0,rice,R,R,4,,,frame_00000.png,frame_00119.png,,120,2.000607
rice_R_4,fourier,0,0,QR未検出,,fourier,binary,,,7.490900,12,,1,0.650645,,0.650645,frame_00000.png,frame_00119.png,r90_e250_f0.mp4,90 Hz,1/250,蛍光灯なし,59.982 fps,90,250,0,0,rice,R,R,4,,,frame_00000.png,frame_00119.png,,120,2.000607
rice_R_4,fourier,0,0,QR未検出,,fourier,binary,,,9.981799,12,,1,0.650645,,0.650645,frame_00000.png,frame_00119.png,r90_e250_f0.mp4,90 Hz,1/250,蛍光灯なし,59.982 fps,90,250,0,0,rice,R,R,4,,,frame_00000.png,frame_00119.png,,120,2.000607
rice_R_4,fourier,0,0,QR未検出,,fourier,binary,,,14.981799,12,,1,0.650645,,0.650645,frame_00000.png,frame_00119.png,r90_e250_f0.mp4,90 Hz,1/250,蛍光灯なし,59.982 fps,90,250,0,0,rice,R,R,4,,,frame_00000.png,frame_00119.png,,120,2.000607
rice_R_4,fourier,0,0,QR未検出,,fourier,binary,,,22.500000,12,,1,0.650645,,0.650645,frame_00000.png,frame_00119.png,r90_e250_f0.mp4,90 Hz,1/250,蛍光灯なし,59.982 fps,90,250,0,0,rice,R,R,4,,,frame_00000.png,frame_00119.png,,120,2.000607
rice_R_8,fourier,1,0,QR未検出,,fourier,binary,,,7.490900,4,,1,0.650645,,0.650645,frame_00000.png,frame_00119.png,r90_e250_f0.mp4,90 Hz,1/250,蛍光灯なし,59.982 fps,90,250,0,1,rice,R,R,8,,,frame_00000.png,frame_00119.png,,120,2.000607
rice_R_8,fourier,0,0,QR未検出,,fourier,binary,,,9.981799,4,,1,0.650645,,0.650645,frame_00000.png,frame_00119.png,r90_e250_f0.mp4,90 Hz,1/250,蛍光灯なし,59.982 fps,90,250,0,1,rice,R,R,8,,,frame_00000.png,frame_00119.png,,120,2.000607
rice_R_8,fourier,0,0,QR未検出,,fourier,binary,,,14.981799,4,,1,0.650645,,0.650645,frame_00000.png,frame_00119.png,r90_e250_f0.mp4,90 Hz,1/250,蛍光灯なし,59.982 fps,90,250,0,1,rice,R,R,8,,,frame_00000.png,frame_00119.png,,120,2.000607
rice_R_8,fourier,0,0,QR未検出,,fourier,binary,,,22.500000,4,,1,0.650645,,0.650645,frame_00000.png,frame_00119.png,r90_e250_f0.mp4,90 Hz,1/250,蛍光灯なし,59.982 fps,90,250,0,1,rice,R,R,8,,,frame_00000.png,frame_00119.png,,120,2.000607
rice_R_8,fourier,0,0,QR未検出,,fourier,binary,,,7.490900,8,,1,0.650645,,0.650645,frame_00000.png,frame_00119.png,r90_e250_f0.mp4,90 Hz,1/250,蛍光灯なし,59.982 fps,90,250,0,1,rice,R,R,8,,,frame_00000.png,frame_00119.png,,120,2.000607
rice_R_8,fourier,0,0,QR未検出,,fourier,binary,,,9.981799,8,,1,0.650645,,0.650645,frame_00000.png,frame_00119.png,r90_e250_f0.mp4,90 Hz,1/250,蛍光灯なし,59.982 fps,90,250,0,1,rice,R,R,8,,,frame_00000.png,frame_00119.png,,120,2.000607
rice_R_8,fourier,0,0,QR未検出,,fourier,binary,,,14.981799,8,,1,0.650645,,0.650645,frame_00000.png,frame_00119.png,r90_e250_f0.mp4,90 Hz,1/250,蛍光灯なし,59.982 fps,90,250,0,1,rice,R,R,8,,,frame_00000.png,frame_00119.png,,120,2.000607
rice_R_8,fourier,0,0,QR未検出,,fourier,binary,,,22.500000,8,,1,0.650645,,0.650645,frame_00000.png,frame_00119.png,r90_e250_f0.mp4,90 Hz,1/250,蛍光灯なし,59.982 fps,90,250,0,1,rice,R,R,8,,,frame_00000.png,frame_00119.png,,120,2.000607
rice_R_8,fourier,0,0,QR未検出,,fourier,binary,,,7.490900,12,,1,0.650645,,0.650645,frame_00000.png,frame_00119.png,r90_e250_f0.mp4,90 Hz,1/250,蛍光灯なし,59.982 fps,90,250,0,1,rice,R,R,8,,,frame_00000.png,frame_00119.png,,120,2.000607
rice_R_8,fourier,0,0,QR未検出,,fourier,binary,,,9.981799,12,,1,0.650645,,0.650645,frame_00000.png,frame_00119.png,r90_e250_f0.mp4,90 Hz,1/250,蛍光灯なし,59.982 fps,90,250,0,1,rice,R,R,8,,,frame_00000.png,frame_00119.png,,120,2.000607
rice_R_8,fourier,0,0,QR未検出,,fourier,binary,,,22.500000,12,,1,0.650645,,0.650645,frame_00000.png,frame_00119.png,r90_e250_f0.mp4,90 Hz,1/250,蛍光灯なし,59.982 fps,90,250,0,1,rice,R,R,8,,,frame_00000.png,frame_00119.png,,120,2.000607
rice_R_8,fourier,0,0,QR未検出,,fourier,binary,,,14.981799,12,,1,0.650612,,0.650612,frame_00000.png,frame_00119.png,r90_e250_f0.mp4,90 Hz,1/250,蛍光灯なし,59.982 fps,90,250,0,1,rice,R,R,8,,,frame_00000.png,frame_00119.png,,120,2.000607
rice_R_12,fourier,1,0,QR未検出,,fourier,binary,,,7.490900,12,,1,0.653597,,0.653597,frame_00000.png,frame_00119.png,r90_e250_f0.mp4,90 Hz,1/250,蛍光灯なし,59.982 fps,90,250,0,2,rice,R,R,12,,,frame_00000.png,frame_00119.png,,120,2.000607
rice_R_12,fourier,0,0,QR未検出,,fourier,binary,,,9.981799,12,,1,0.652106,,0.652106,frame_00000.png,frame_00119.png,r90_e250_f0.mp4,90 Hz,1/250,蛍光灯なし,59.982 fps,90,250,0,2,rice,R,R,12,,,frame_00000.png,frame_00119.png,,120,2.000607
rice_R_12,fourier,0,0,QR未検出,,fourier,binary,,,7.490900,8,,1,0.650801,,0.650801,frame_00000.png,frame_00119.png,r90_e250_f0.mp4,90 Hz,1/250,蛍光灯なし,59.982 fps,90,250,0,2,rice,R,R,12,,,frame_00000.png,frame_00119.png,,120,2.000607
rice_R_12,fourier,0,0,QR未検出,,fourier,binary,,,9.981799,8,,1,0.650741,,0.650741,frame_00000.png,frame_00119.png,r90_e250_f0.mp4,90 Hz,1/250,蛍光灯なし,59.982 fps,90,250,0,2,rice,R,R,12,,,frame_00000.png,frame_00119.png,,120,2.000607
rice_R_12,fourier,0,0,QR未検出,,fourier,binary,,,22.500000,12,,1,0.650668,,0.650668,frame_00000.png,frame_00119.png,r90_e250_f0.mp4,90 Hz,1/250,蛍光灯なし,59.982 fps,90,250,0,2,rice,R,R,12,,,frame_00000.png,frame_00119.png,,120,2.000607
rice_R_12,fourier,0,0,QR未検出,,fourier,binary,,,7.490900,4,,1,0.650645,,0.650645,frame_00000.png,frame_00119.png,r90_e250_f0.mp4,90 Hz,1/250,蛍光灯なし,59.982 fps,90,250,0,2,rice,R,R,12,,,frame_00000.png,frame_00119.png,,120,2.000607
rice_R_12,fourier,0,0,QR未検出,,fourier,binary,,,9.981799,4,,1,0.650645,,0.650645,frame_00000.png,frame_00119.png,r90_e250_f0.mp4,90 Hz,1/250,蛍光灯なし,59.982 fps,90,250,0,2,rice,R,R,12,,,frame_00000.png,frame_00119.png,,120,2.000607
rice_R_12,fourier,0,0,QR未検出,,fourier,binary,,,14.981799,4,,1,0.650645,,0.650645,frame_00000.png,frame_00119.png,r90_e250_f0.mp4,90 Hz,1/250,蛍光灯なし,59.982 fps,90,250,0,2,rice,R,R,12,,,frame_00000.png,frame_00119.png,,120,2.000607
rice_R_12,fourier,0,0,QR未検出,,fourier,binary,,,22.500000,4,,1,0.650645,,0.650645,frame_00000.png,frame_00119.png,r90_e250_f0.mp4,90 Hz,1/250,蛍光灯なし,59.982 fps,90,250,0,2,rice,R,R,12,,,frame_00000.png,frame_00119.png,,120,2.000607
rice_R_12,fourier,0,0,QR未検出,,fourier,binary,,,22.500000,8,,1,0.650645,,0.650645,frame_00000.png,frame_00119.png,r90_e250_f0.mp4,90 Hz,1/250,蛍光灯なし,59.982 fps,90,250,0,2,rice,R,R,12,,,frame_00000.png,frame_00119.png,,120,2.000607
rice_R_12,fourier,0,0,QR未検出,,fourier,binary,,,14.981799,8,,1,0.650636,,0.650636,frame_00000.png,frame_00119.png,r90_e250_f0.mp4,90 Hz,1/250,蛍光灯なし,59.982 fps,90,250,0,2,rice,R,R,12,,,frame_00000.png,frame_00119.png,,120,2.000607
rice_R_12,fourier,0,0,QR未検出,,fourier,binary,,,14.981799,12,,1,0.649049,,0.649049,frame_00000.png,frame_00119.png,r90_e250_f0.mp4,90 Hz,1/250,蛍光灯なし,59.982 fps,90,250,0,2,rice,R,R,12,,,frame_00000.png,frame_00119.png,,120,2.000607
nagaoka_fireworks_R_4,fourier,1,0,QR未検出,,fourier,binary,,,22.500000,4,,1,0.610686,,0.610686,frame_00000.png,frame_00119.png,r90_e250_f0.mp4,90 Hz,1/250,蛍光灯なし,59.982 fps,90,250,0,3,nagaoka_fireworks,R,R,4,,,frame_00000.png,frame_00119.png,,120,2.000607
nagaoka_fireworks_R_4,fourier,0,0,QR未検出,,fourier,binary,,,7.490900,4,,1,0.610593,,0.610593,frame_00000.png,frame_00119.png,r90_e250_f0.mp4,90 Hz,1/250,蛍光灯なし,59.982 fps,90,250,0,3,nagaoka_fireworks,R,R,4,,,frame_00000.png,frame_00119.png,,120,2.000607
nagaoka_fireworks_R_4,fourier,0,0,QR未検出,,fourier,binary,,,9.981799,4,,1,0.610593,,0.610593,frame_00000.png,frame_00119.png,r90_e250_f0.mp4,90 Hz,1/250,蛍光灯なし,59.982 fps,90,250,0,3,nagaoka_fireworks,R,R,4,,,frame_00000.png,frame_00119.png,,120,2.000607
nagaoka_fireworks_R_4,fourier,0,0,QR未検出,,fourier,binary,,,14.981799,4,,1,0.610593,,0.610593,frame_00000.png,frame_00119.png,r90_e250_f0.mp4,90 Hz,1/250,蛍光灯なし,59.982 fps,90,250,0,3,nagaoka_fireworks,R,R,4,,,frame_00000.png,frame_00119.png,,120,2.000607
nagaoka_fireworks_R_4,fourier,0,0,QR未検出,,fourier,binary,,,22.500000,8,,1,0.610593,,0.610593,frame_00000.png,frame_00119.png,r90_e250_f0.mp4,90 Hz,1/250,蛍光灯なし,59.982 fps,90,250,0,3,nagaoka_fireworks,R,R,4,,,frame_00000.png,frame_00119.png,,120,2.000607
nagaoka_fireworks_R_4,fourier,0,0,QR未検出,,fourier,binary,,,22.500000,12,,1,0.610593,,0.610593,frame_00000.png,frame_00119.png,r90_e250_f0.mp4,90 Hz,1/250,蛍光灯なし,59.982 fps,90,250,0,3,nagaoka_fireworks,R,R,4,,,frame_00000.png,frame_00119.png,,120,2.000607
nagaoka_fireworks_R_4,fourier,0,0,QR未検出,,fourier,binary,,,7.490900,8,,1,0.610586,,0.610586,frame_00000.png,frame_00119.png,r90_e250_f0.mp4,90 Hz,1/250,蛍光灯なし,59.982 fps,90,250,0,3,nagaoka_fireworks,R,R,4,,,frame_00000.png,frame_00119.png,,120,2.000607
nagaoka_fireworks_R_4,fourier,0,0,QR未検出,,fourier,binary,,,14.981799,12,,1,0.610548,,0.610548,frame_00000.png,frame_00119.png,r90_e250_f0.mp4,90 Hz,1/250,蛍光灯なし,59.982 fps,90,250,0,3,nagaoka_fireworks,R,R,4,,,frame_00000.png,frame_00119.png,,120,2.000607
nagaoka_fireworks_R_4,fourier,0,0,QR未検出,,fourier,binary,,,14.981799,8,,1,0.610390,,0.610390,frame_00000.png,frame_00119.png,r90_e250_f0.mp4,90 Hz,1/250,蛍光灯なし,59.982 fps,90,250,0,3,nagaoka_fireworks,R,R,4,,,frame_00000.png,frame_00119.png,,120,2.000607
nagaoka_fireworks_R_4,fourier,0,0,QR未検出,,fourier,binary,,,9.981799,8,,1,0.610334,,0.610334,frame_00000.png,frame_00119.png,r90_e250_f0.mp4,90 Hz,1/250,蛍光灯なし,59.982 fps,90,250,0,3,nagaoka_fireworks,R,R,4,,,frame_00000.png,frame_00119.png,,120,2.000607
nagaoka_fireworks_R_4,fourier,0,0,QR未検出,,fourier,binary,,,9.981799,12,,1,0.610306,,0.610306,frame_00000.png,frame_00119.png,r90_e250_f0.mp4,90 Hz,1/250,蛍光灯なし,59.982 fps,90,250,0,3,nagaoka_fireworks,R,R,4,,,frame_00000.png,frame_00119.png,,120,2.000607
nagaoka_fireworks_R_4,fourier,0,0,QR未検出,,fourier,binary,,,7.490900,12,,1,0.608901,,0.608901,frame_00000.png,frame_00119.png,r90_e250_f0.mp4,90 Hz,1/250,蛍光灯なし,59.982 fps,90,250,0,3,nagaoka_fireworks,R,R,4,,,frame_00000.png,frame_00119.png,,120,2.000607
nagaoka_fireworks_R_8,fourier,1,0,QR未検出,,fourier,binary,,,7.490900,4,,1,0.615730,,0.615730,frame_00000.png,frame_00119.png,r90_e250_f0.mp4,90 Hz,1/250,蛍光灯なし,59.982 fps,90,250,0,4,nagaoka_fireworks,R,R,8,,,frame_00000.png,frame_00119.png,,120,2.000607
nagaoka_fireworks_R_8,fourier,0,0,QR未検出,,fourier,binary,,,9.981799,4,,1,0.615730,,0.615730,frame_00000.png,frame_00119.png,r90_e250_f0.mp4,90 Hz,1/250,蛍光灯なし,59.982 fps,90,250,0,4,nagaoka_fireworks,R,R,8,,,frame_00000.png,frame_00119.png,,120,2.000607
nagaoka_fireworks_R_8,fourier,0,0,QR未検出,,fourier,binary,,,22.500000,4,,1,0.615730,,0.615730,frame_00000.png,frame_00119.png,r90_e250_f0.mp4,90 Hz,1/250,蛍光灯なし,59.982 fps,90,250,0,4,nagaoka_fireworks,R,R,8,,,frame_00000.png,frame_00119.png,,120,2.000607
nagaoka_fireworks_R_8,fourier,0,0,QR未検出,,fourier,binary,,,22.500000,8,,1,0.615730,,0.615730,frame_00000.png,frame_00119.png,r90_e250_f0.mp4,90 Hz,1/250,蛍光灯なし,59.982 fps,90,250,0,4,nagaoka_fireworks,R,R,8,,,frame_00000.png,frame_00119.png,,120,2.000607
nagaoka_fireworks_R_8,fourier,0,0,QR未検出,,fourier,binary,,,7.490900,8,,1,0.615247,,0.615247,frame_00000.png,frame_00119.png,r90_e250_f0.mp4,90 Hz,1/250,蛍光灯なし,59.982 fps,90,250,0,4,nagaoka_fireworks,R,R,8,,,frame_00000.png,frame_00119.png,,120,2.000607
nagaoka_fireworks_R_8,fourier,0,0,QR未検出,,fourier,binary,,,9.981799,8,,1,0.615247,,0.615247,frame_00000.png,frame_00119.png,r90_e250_f0.mp4,90 Hz,1/250,蛍光灯なし,59.982 fps,90,250,0,4,nagaoka_fireworks,R,R,8,,,frame_00000.png,frame_00119.png,,120,2.000607
nagaoka_fireworks_R_8,fourier,0,0,QR未検出,,fourier,binary,,,7.490900,12,,1,0.615247,,0.615247,frame_00000.png,frame_00119.png,r90_e250_f0.mp4,90 Hz,1/250,蛍光灯なし,59.982 fps,90,250,0,4,nagaoka_fireworks,R,R,8,,,frame_00000.png,frame_00119.png,,120,2.000607
nagaoka_fireworks_R_8,fourier,0,0,QR未検出,,fourier,binary,,,9.981799,12,,1,0.615247,,0.615247,frame_00000.png,frame_00119.png,r90_e250_f0.mp4,90 Hz,1/250,蛍光灯なし,59.982 fps,90,250,0,4,nagaoka_fireworks,R,R,8,,,frame_00000.png,frame_00119.png,,120,2.000607
nagaoka_fireworks_R_8,fourier,0,0,QR未検出,,fourier,binary,,,22.500000,12,,1,0.615246,,0.615246,frame_00000.png,frame_00119.png,r90_e250_f0.mp4,90 Hz,1/250,蛍光灯なし,59.982 fps,90,250,0,4,nagaoka_fireworks,R,R,8,,,frame_00000.png,frame_00119.png,,120,2.000607
nagaoka_fireworks_R_8,fourier,0,0,QR未検出,,fourier,binary,,,14.981799,4,,1,0.615235,,0.615235,frame_00000.png,frame_00119.png,r90_e250_f0.mp4,90 Hz,1/250,蛍光灯なし,59.982 fps,90,250,0,4,nagaoka_fireworks,R,R,8,,,frame_00000.png,frame_00119.png,,120,2.000607
nagaoka_fireworks_R_8,fourier,0,0,QR未検出,,fourier,binary,,,14.981799,8,,1,0.614213,,0.614213,frame_00000.png,frame_00119.png,r90_e250_f0.mp4,90 Hz,1/250,蛍光灯なし,59.982 fps,90,250,0,4,nagaoka_fireworks,R,R,8,,,frame_00000.png,frame_00119.png,,120,2.000607
nagaoka_fireworks_R_8,fourier,0,0,QR未検出,,fourier,binary,,,14.981799,12,,1,0.604823,,0.604823,frame_00000.png,frame_00119.png,r90_e250_f0.mp4,90 Hz,1/250,蛍光灯なし,59.982 fps,90,250,0,4,nagaoka_fireworks,R,R,8,,,frame_00000.png,frame_00119.png,,120,2.000607
nagaoka_fireworks_R_12,fourier,1,0,QR未検出,,fourier,binary,,,7.490900,12,,1,0.807821,,0.807821,frame_00000.png,frame_00119.png,r90_e250_f0.mp4,90 Hz,1/250,蛍光灯なし,59.982 fps,90,250,0,5,nagaoka_fireworks,R,R,12,,,frame_00000.png,frame_00119.png,,120,2.000607
nagaoka_fireworks_R_12,fourier,0,0,QR未検出,,fourier,binary,,,7.490900,8,,1,0.706547,,0.706547,frame_00000.png,frame_00119.png,r90_e250_f0.mp4,90 Hz,1/250,蛍光灯なし,59.982 fps,90,250,0,5,nagaoka_fireworks,R,R,12,,,frame_00000.png,frame_00119.png,,120,2.000607
nagaoka_fireworks_R_12,fourier,0,0,QR未検出,,fourier,binary,,,9.981799,12,,1,0.637337,,0.637337,frame_00000.png,frame_00119.png,r90_e250_f0.mp4,90 Hz,1/250,蛍光灯なし,59.982 fps,90,250,0,5,nagaoka_fireworks,R,R,12,,,frame_00000.png,frame_00119.png,,120,2.000607
nagaoka_fireworks_R_12,fourier,0,0,QR未検出,,fourier,binary,,,7.490900,4,,1,0.618007,,0.618007,frame_00000.png,frame_00119.png,r90_e250_f0.mp4,90 Hz,1/250,蛍光灯なし,59.982 fps,90,250,0,5,nagaoka_fireworks,R,R,12,,,frame_00000.png,frame_00119.png,,120,2.000607
nagaoka_fireworks_R_12,fourier,0,0,QR未検出,,fourier,binary,,,9.981799,8,,1,0.613429,,0.613429,frame_00000.png,frame_00119.png,r90_e250_f0.mp4,90 Hz,1/250,蛍光灯なし,59.982 fps,90,250,0,5,nagaoka_fireworks,R,R,12,,,frame_00000.png,frame_00119.png,,120,2.000607
nagaoka_fireworks_R_12,fourier,0,0,QR未検出,,fourier,binary,,,22.500000,12,,1,0.609788,,0.609788,frame_00000.png,frame_00119.png,r90_e250_f0.mp4,90 Hz,1/250,蛍光灯なし,59.982 fps,90,250,0,5,nagaoka_fireworks,R,R,12,,,frame_00000.png,frame_00119.png,,120,2.000607
nagaoka_fireworks_R_12,fourier,0,0,QR未検出,,fourier,binary,,,9.981799,4,,1,0.609785,,0.609785,frame_00000.png,frame_00119.png,r90_e250_f0.mp4,90 Hz,1/250,蛍光灯なし,59.982 fps,90,250,0,5,nagaoka_fireworks,R,R,12,,,frame_00000.png,frame_00119.png,,120,2.000607
nagaoka_fireworks_R_12,fourier,0,0,QR未検出,,fourier,binary,,,22.500000,4,,1,0.609785,,0.609785,frame_00000.png,frame_00119.png,r90_e250_f0.mp4,90 Hz,1/250,蛍光灯なし,59.982 fps,90,250,0,5,nagaoka_fireworks,R,R,12,,,frame_00000.png,frame_00119.png,,120,2.000607
nagaoka_fireworks_R_12,fourier,0,0,QR未検出,,fourier,binary,,,22.500000,8,,1,0.609781,,0.609781,frame_00000.png,frame_00119.png,r90_e250_f0.mp4,90 Hz,1/250,蛍光灯なし,59.982 fps,90,250,0,5,nagaoka_fireworks,R,R,12,,,frame_00000.png,frame_00119.png,,120,2.000607
nagaoka_fireworks_R_12,fourier,0,0,QR未検出,,fourier,binary,,,14.981799,4,,1,0.609550,,0.609550,frame_00000.png,frame_00119.png,r90_e250_f0.mp4,90 Hz,1/250,蛍光灯なし,59.982 fps,90,250,0,5,nagaoka_fireworks,R,R,12,,,frame_00000.png,frame_00119.png,,120,2.000607
nagaoka_fireworks_R_12,fourier,0,0,QR未検出,,fourier,binary,,,14.981799,8,,1,0.608285,,0.608285,frame_00000.png,frame_00119.png,r90_e250_f0.mp4,90 Hz,1/250,蛍光灯なし,59.982 fps,90,250,0,5,nagaoka_fireworks,R,R,12,,,frame_00000.png,frame_00119.png,,120,2.000607
nagaoka_fireworks_R_12,fourier,0,0,QR未検出,,fourier,binary,,,14.981799,12,,1,0.581484,,0.581484,frame_00000.png,frame_00119.png,r90_e250_f0.mp4,90 Hz,1/250,蛍光灯なし,59.982 fps,90,250,0,5,nagaoka_fireworks,R,R,12,,,frame_00000.png,frame_00119.png,,120,2.000607
hocho_R_4,fourier,1,0,QR未検出,,fourier,binary,,,7.490900,4,,1,0.650645,,0.650645,frame_00000.png,frame_00119.png,r90_e250_f0.mp4,90 Hz,1/250,蛍光灯なし,59.982 fps,90,250,0,6,hocho,R,R,4,,,frame_00000.png,frame_00119.png,,120,2.000607
hocho_R_4,fourier,0,0,QR未検出,,fourier,binary,,,9.981799,4,,1,0.650645,,0.650645,frame_00000.png,frame_00119.png,r90_e250_f0.mp4,90 Hz,1/250,蛍光灯なし,59.982 fps,90,250,0,6,hocho,R,R,4,,,frame_00000.png,frame_00119.png,,120,2.000607
hocho_R_4,fourier,0,0,QR未検出,,fourier,binary,,,14.981799,4,,1,0.650645,,0.650645,frame_00000.png,frame_00119.png,r90_e250_f0.mp4,90 Hz,1/250,蛍光灯なし,59.982 fps,90,250,0,6,hocho,R,R,4,,,frame_00000.png,frame_00119.png,,120,2.000607
hocho_R_4,fourier,0,0,QR未検出,,fourier,binary,,,22.500000,4,,1,0.650645,,0.650645,frame_00000.png,frame_00119.png,r90_e250_f0.mp4,90 Hz,1/250,蛍光灯なし,59.982 fps,90,250,0,6,hocho,R,R,4,,,frame_00000.png,frame_00119.png,,120,2.000607
hocho_R_4,fourier,0,0,QR未検出,,fourier,binary,,,7.490900,8,,1,0.650645,,0.650645,frame_00000.png,frame_00119.png,r90_e250_f0.mp4,90 Hz,1/250,蛍光灯なし,59.982 fps,90,250,0,6,hocho,R,R,4,,,frame_00000.png,frame_00119.png,,120,2.000607
hocho_R_4,fourier,0,0,QR未検出,,fourier,binary,,,9.981799,8,,1,0.650645,,0.650645,frame_00000.png,frame_00119.png,r90_e250_f0.mp4,90 Hz,1/250,蛍光灯なし,59.982 fps,90,250,0,6,hocho,R,R,4,,,frame_00000.png,frame_00119.png,,120,2.000607
hocho_R_4,fourier,0,0,QR未検出,,fourier,binary,,,14.981799,8,,1,0.650645,,0.650645,frame_00000.png,frame_00119.png,r90_e250_f0.mp4,90 Hz,1/250,蛍光灯なし,59.982 fps,90,250,0,6,hocho,R,R,4,,,frame_00000.png,frame_00119.png,,120,2.000607
hocho_R_4,fourier,0,0,QR未検出,,fourier,binary,,,22.500000,8,,1,0.650645,,0.650645,frame_00000.png,frame_00119.png,r90_e250_f0.mp4,90 Hz,1/250,蛍光灯なし,59.982 fps,90,250,0,6,hocho,R,R,4,,,frame_00000.png,frame_00119.png,,120,2.000607
hocho_R_4,fourier,0,0,QR未検出,,fourier,binary,,,7.490900,12,,1,0.650645,,0.650645,frame_00000.png,frame_00119.png,r90_e250_f0.mp4,90 Hz,1/250,蛍光灯なし,59.982 fps,90,250,0,6,hocho,R,R,4,,,frame_00000.png,frame_00119.png,,120,2.000607
hocho_R_4,fourier,0,0,QR未検出,,fourier,binary,,,9.981799,12,,1,0.650645,,0.650645,frame_00000.png,frame_00119.png,r90_e250_f0.mp4,90 Hz,1/250,蛍光灯なし,59.982 fps,90,250,0,6,hocho,R,R,4,,,frame_00000.png,frame_00119.png,,120,2.000607
hocho_R_4,fourier,0,0,QR未検出,,fourier,binary,,,22.500000,12,,1,0.650645,,0.650645,frame_00000.png,frame_00119.png,r90_e250_f0.mp4,90 Hz,1/250,蛍光灯なし,59.982 fps,90,250,0,6,hocho,R,R,4,,,frame_00000.png,frame_00119.png,,120,2.000607
hocho_R_4,fourier,0,0,QR未検出,,fourier,binary,,,14.981799,12,,1,0.650472,,0.650472,frame_00000.png,frame_00119.png,r90_e250_f0.mp4,90 Hz,1/250,蛍光灯なし,59.982 fps,90,250,0,6,hocho,R,R,4,,,frame_00000.png,frame_00119.png,,120,2.000607
hocho_R_8,fourier,1,0,QR未検出,,fourier,binary,,,7.490900,12,,1,0.654373,,0.654373,frame_00000.png,frame_00119.png,r90_e250_f0.mp4,90 Hz,1/250,蛍光灯なし,59.982 fps,90,250,0,7,hocho,R,R,8,,,frame_00000.png,frame_00119.png,,120,2.000607
hocho_R_8,fourier,0,0,QR未検出,,fourier,binary,,,9.981799,12,,1,0.650965,,0.650965,frame_00000.png,frame_00119.png,r90_e250_f0.mp4,90 Hz,1/250,蛍光灯なし,59.982 fps,90,250,0,7,hocho,R,R,8,,,frame_00000.png,frame_00119.png,,120,2.000607
hocho_R_8,fourier,0,0,QR未検出,,fourier,binary,,,7.490900,8,,1,0.650570,,0.650570,frame_00000.png,frame_00119.png,r90_e250_f0.mp4,90 Hz,1/250,蛍光灯なし,59.982 fps,90,250,0,7,hocho,R,R,8,,,frame_00000.png,frame_00119.png,,120,2.000607
hocho_R_8,fourier,0,0,QR未検出,,fourier,binary,,,7.490900,4,,1,0.650568,,0.650568,frame_00000.png,frame_00119.png,r90_e250_f0.mp4,90 Hz,1/250,蛍光灯なし,59.982 fps,90,250,0,7,hocho,R,R,8,,,frame_00000.png,frame_00119.png,,120,2.000607
hocho_R_8,fourier,0,0,QR未検出,,fourier,binary,,,9.981799,4,,1,0.650568,,0.650568,frame_00000.png,frame_00119.png,r90_e250_f0.mp4,90 Hz,1/250,蛍光灯なし,59.982 fps,90,250,0,7,hocho,R,R,8,,,frame_00000.png,frame_00119.png,,120,2.000607
hocho_R_8,fourier,0,0,QR未検出,,fourier,binary,,,14.981799,4,,1,0.650568,,0.650568,frame_00000.png,frame_00119.png,r90_e250_f0.mp4,90 Hz,1/250,蛍光灯なし,59.982 fps,90,250,0,7,hocho,R,R,8,,,frame_00000.png,frame_00119.png,,120,2.000607
hocho_R_8,fourier,0,0,QR未検出,,fourier,binary,,,22.500000,4,,1,0.650568,,0.650568,frame_00000.png,frame_00119.png,r90_e250_f0.mp4,90 Hz,1/250,蛍光灯なし,59.982 fps,90,250,0,7,hocho,R,R,8,,,frame_00000.png,frame_00119.png,,120,2.000607
hocho_R_8,fourier,0,0,QR未検出,,fourier,binary,,,9.981799,8,,1,0.650568,,0.650568,frame_00000.png,frame_00119.png,r90_e250_f0.mp4,90 Hz,1/250,蛍光灯なし,59.982 fps,90,250,0,7,hocho,R,R,8,,,frame_00000.png,frame_00119.png,,120,2.000607
hocho_R_8,fourier,0,0,QR未検出,,fourier,binary,,,22.500000,8,,1,0.650568,,0.650568,frame_00000.png,frame_00119.png,r90_e250_f0.mp4,90 Hz,1/250,蛍光灯なし,59.982 fps,90,250,0,7,hocho,R,R,8,,,frame_00000.png,frame_00119.png,,120,2.000607
hocho_R_8,fourier,0,0,QR未検出,,fourier,binary,,,22.500000,12,,1,0.650568,,0.650568,frame_00000.png,frame_00119.png,r90_e250_f0.mp4,90 Hz,1/250,蛍光灯なし,59.982 fps,90,250,0,7,hocho,R,R,8,,,frame_00000.png,frame_00119.png,,120,2.000607
hocho_R_8,fourier,0,0,QR未検出,,fourier,binary,,,14.981799,8,,1,0.650444,,0.650444,frame_00000.png,frame_00119.png,r90_e250_f0.mp4,90 Hz,1/250,蛍光灯なし,59.982 fps,90,250,0,7,hocho,R,R,8,,,frame_00000.png,frame_00119.png,,120,2.000607
hocho_R_8,fourier,0,0,QR未検出,,fourier,binary,,,14.981799,12,,1,0.648901,,0.648901,frame_00000.png,frame_00119.png,r90_e250_f0.mp4,90 Hz,1/250,蛍光灯なし,59.982 fps,90,250,0,7,hocho,R,R,8,,,frame_00000.png,frame_00119.png,,120,2.000607
hocho_R_12,fourier,1,0,QR未検出,,fourier,binary,,,7.490900,12,,1,0.758020,,0.758020,frame_00000.png,frame_00119.png,r90_e250_f0.mp4,90 Hz,1/250,蛍光灯なし,59.982 fps,90,250,0,8,hocho,R,R,12,,,frame_00000.png,frame_00119.png,,120,2.000607
hocho_R_12,fourier,0,0,QR未検出,,fourier,binary,,,9.981799,12,,1,0.718343,,0.718343,frame_00000.png,frame_00119.png,r90_e250_f0.mp4,90 Hz,1/250,蛍光灯なし,59.982 fps,90,250,0,8,hocho,R,R,12,,,frame_00000.png,frame_00119.png,,120,2.000607
hocho_R_12,fourier,0,0,QR未検出,,fourier,binary,,,7.490900,8,,1,0.681103,,0.681103,frame_00000.png,frame_00119.png,r90_e250_f0.mp4,90 Hz,1/250,蛍光灯なし,59.982 fps,90,250,0,8,hocho,R,R,12,,,frame_00000.png,frame_00119.png,,120,2.000607
hocho_R_12,fourier,0,0,QR未検出,,fourier,binary,,,9.981799,8,,1,0.663913,,0.663913,frame_00000.png,frame_00119.png,r90_e250_f0.mp4,90 Hz,1/250,蛍光灯なし,59.982 fps,90,250,0,8,hocho,R,R,12,,,frame_00000.png,frame_00119.png,,120,2.000607
hocho_R_12,fourier,0,0,QR未検出,,fourier,binary,,,7.490900,4,,1,0.651835,,0.651835,frame_00000.png,frame_00119.png,r90_e250_f0.mp4,90 Hz,1/250,蛍光灯なし,59.982 fps,90,250,0,8,hocho,R,R,12,,,frame_00000.png,frame_00119.png,,120,2.000607
hocho_R_12,fourier,0,0,QR未検出,,fourier,binary,,,9.981799,4,,1,0.651180,,0.651180,frame_00000.png,frame_00119.png,r90_e250_f0.mp4,90 Hz,1/250,蛍光灯なし,59.982 fps,90,250,0,8,hocho,R,R,12,,,frame_00000.png,frame_00119.png,,120,2.000607
hocho_R_12,fourier,0,0,QR未検出,,fourier,binary,,,22.500000,12,,1,0.650778,,0.650778,frame_00000.png,frame_00119.png,r90_e250_f0.mp4,90 Hz,1/250,蛍光灯なし,59.982 fps,90,250,0,8,hocho,R,R,12,,,frame_00000.png,frame_00119.png,,120,2.000607
hocho_R_12,fourier,0,0,QR未検出,,fourier,binary,,,14.981799,4,,1,0.650645,,0.650645,frame_00000.png,frame_00119.png,r90_e250_f0.mp4,90 Hz,1/250,蛍光灯なし,59.982 fps,90,250,0,8,hocho,R,R,12,,,frame_00000.png,frame_00119.png,,120,2.000607
hocho_R_12,fourier,0,0,QR未検出,,fourier,binary,,,22.500000,4,,1,0.650645,,0.650645,frame_00000.png,frame_00119.png,r90_e250_f0.mp4,90 Hz,1/250,蛍光灯なし,59.982 fps,90,250,0,8,hocho,R,R,12,,,frame_00000.png,frame_00119.png,,120,2.000607
hocho_R_12,fourier,0,0,QR未検出,,fourier,binary,,,22.500000,8,,1,0.650645,,0.650645,frame_00000.png,frame_00119.png,r90_e250_f0.mp4,90 Hz,1/250,蛍光灯なし,59.982 fps,90,250,0,8,hocho,R,R,12,,,frame_00000.png,frame_00119.png,,120,2.000607
hocho_R_12,fourier,0,0,QR未検出,,fourier,binary,,,14.981799,8,,1,0.650584,,0.650584,frame_00000.png,frame_00119.png,r90_e250_f0.mp4,90 Hz,1/250,蛍光灯なし,59.982 fps,90,250,0,8,hocho,R,R,12,,,frame_00000.png,frame_00119.png,,120,2.000607
hocho_R_12,fourier,0,0,QR未検出,,fourier,binary,,,14.981799,12,,1,0.643968,,0.643968,frame_00000.png,frame_00119.png,r90_e250_f0.mp4,90 Hz,1/250,蛍光灯なし,59.982 fps,90,250,0,8,hocho,R,R,12,,,frame_00000.png,frame_00119.png,,120,2.000607
ex_R_4,fourier,1,0,QR未検出,,fourier,binary,,,7.490900,4,,1,0.650645,,0.650645,frame_00000.png,frame_00119.png,r90_e250_f0.mp4,90 Hz,1/250,蛍光灯なし,59.982 fps,90,250,0,9,ex,R,R,4,,,frame_00000.png,frame_00119.png,,120,2.000607
ex_R_4,fourier,0,0,QR未検出,,fourier,binary,,,9.981799,4,,1,0.650645,,0.650645,frame_00000.png,frame_00119.png,r90_e250_f0.mp4,90 Hz,1/250,蛍光灯なし,59.982 fps,90,250,0,9,ex,R,R,4,,,frame_00000.png,frame_00119.png,,120,2.000607
ex_R_4,fourier,0,0,QR未検出,,fourier,binary,,,14.981799,4,,1,0.650645,,0.650645,frame_00000.png,frame_00119.png,r90_e250_f0.mp4,90 Hz,1/250,蛍光灯なし,59.982 fps,90,250,0,9,ex,R,R,4,,,frame_00000.png,frame_00119.png,,120,2.000607
ex_R_4,fourier,0,0,QR未検出,,fourier,binary,,,22.500000,4,,1,0.650645,,0.650645,frame_00000.png,frame_00119.png,r90_e250_f0.mp4,90 Hz,1/250,蛍光灯なし,59.982 fps,90,250,0,9,ex,R,R,4,,,frame_00000.png,frame_00119.png,,120,2.000607
ex_R_4,fourier,0,0,QR未検出,,fourier,binary,,,7.490900,8,,1,0.650645,,0.650645,frame_00000.png,frame_00119.png,r90_e250_f0.mp4,90 Hz,1/250,蛍光灯なし,59.982 fps,90,250,0,9,ex,R,R,4,,,frame_00000.png,frame_00119.png,,120,2.000607
ex_R_4,fourier,0,0,QR未検出,,fourier,binary,,,9.981799,8,,1,0.650645,,0.650645,frame_00000.png,frame_00119.png,r90_e250_f0.mp4,90 Hz,1/250,蛍光灯なし,59.982 fps,90,250,0,9,ex,R,R,4,,,frame_00000.png,frame_00119.png,,120,2.000607
ex_R_4,fourier,0,0,QR未検出,,fourier,binary,,,14.981799,8,,1,0.650645,,0.650645,frame_00000.png,frame_00119.png,r90_e250_f0.mp4,90 Hz,1/250,蛍光灯なし,59.982 fps,90,250,0,9,ex,R,R,4,,,frame_00000.png,frame_00119.png,,120,2.000607
ex_R_4,fourier,0,0,QR未検出,,fourier,binary,,,22.500000,8,,1,0.650645,,0.650645,frame_00000.png,frame_00119.png,r90_e250_f0.mp4,90 Hz,1/250,蛍光灯なし,59.982 fps,90,250,0,9,ex,R,R,4,,,frame_00000.png,frame_00119.png,,120,2.000607
ex_R_4,fourier,0,0,QR未検出,,fourier,binary,,,7.490900,12,,1,0.650645,,0.650645,frame_00000.png,frame_00119.png,r90_e250_f0.mp4,90 Hz,1/250,蛍光灯なし,59.982 fps,90,250,0,9,ex,R,R,4,,,frame_00000.png,frame_00119.png,,120,2.000607
ex_R_4,fourier,0,0,QR未検出,,fourier,binary,,,9.981799,12,,1,0.650645,,0.650645,frame_00000.png,frame_00119.png,r90_e250_f0.mp4,90 Hz,1/250,蛍光灯なし,59.982 fps,90,250,0,9,ex,R,R,4,,,frame_00000.png,frame_00119.png,,120,2.000607
ex_R_4,fourier,0,0,QR未検出,,fourier,binary,,,22.500000,12,,1,0.650645,,0.650645,frame_00000.png,frame_00119.png,r90_e250_f0.mp4,90 Hz,1/250,蛍光灯なし,59.982 fps,90,250,0,9,ex,R,R,4,,,frame_00000.png,frame_00119.png,,120,2.000607
ex_R_4,fourier,0,0,QR未検出,,fourier,binary,,,14.981799,12,,1,0.650640,,0.650640,frame_00000.png,frame_00119.png,r90_e250_f0.mp4,90 Hz,1/250,蛍光灯なし,59.982 fps,90,250,0,9,ex,R,R,4,,,frame_00000.png,frame_00119.png,,120,2.000607
ex_R_8,fourier,1,0,QR未検出,,fourier,binary,,,7.490900,12,,1,0.650941,,0.650941,frame_00000.png,frame_00119.png,r90_e250_f0.mp4,90 Hz,1/250,蛍光灯なし,59.982 fps,90,250,0,10,ex,R,R,8,,,frame_00000.png,frame_00119.png,,120,2.000607
ex_R_8,fourier,0,0,QR未検出,,fourier,binary,,,9.981799,12,,1,0.649961,,0.649961,frame_00000.png,frame_00119.png,r90_e250_f0.mp4,90 Hz,1/250,蛍光灯なし,59.982 fps,90,250,0,10,ex,R,R,8,,,frame_00000.png,frame_00119.png,,120,2.000607
ex_R_8,fourier,0,0,QR未検出,,fourier,binary,,,7.490900,8,,1,0.649936,,0.649936,frame_00000.png,frame_00119.png,r90_e250_f0.mp4,90 Hz,1/250,蛍光灯なし,59.982 fps,90,250,0,10,ex,R,R,8,,,frame_00000.png,frame_00119.png,,120,2.000607
ex_R_8,fourier,0,0,QR未検出,,fourier,binary,,,9.981799,8,,1,0.649758,,0.649758,frame_00000.png,frame_00119.png,r90_e250_f0.mp4,90 Hz,1/250,蛍光灯なし,59.982 fps,90,250,0,10,ex,R,R,8,,,frame_00000.png,frame_00119.png,,120,2.000607
ex_R_8,fourier,0,0,QR未検出,,fourier,binary,,,7.490900,4,,1,0.649753,,0.649753,frame_00000.png,frame_00119.png,r90_e250_f0.mp4,90 Hz,1/250,蛍光灯なし,59.982 fps,90,250,0,10,ex,R,R,8,,,frame_00000.png,frame_00119.png,,120,2.000607
ex_R_8,fourier,0,0,QR未検出,,fourier,binary,,,9.981799,4,,1,0.649753,,0.649753,frame_00000.png,frame_00119.png,r90_e250_f0.mp4,90 Hz,1/250,蛍光灯なし,59.982 fps,90,250,0,10,ex,R,R,8,,,frame_00000.png,frame_00119.png,,120,2.000607
ex_R_8,fourier,0,0,QR未検出,,fourier,binary,,,14.981799,4,,1,0.649753,,0.649753,frame_00000.png,frame_00119.png,r90_e250_f0.mp4,90 Hz,1/250,蛍光灯なし,59.982 fps,90,250,0,10,ex,R,R,8,,,frame_00000.png,frame_00119.png,,120,2.000607
ex_R_8,fourier,0,0,QR未検出,,fourier,binary,,,22.500000,4,,1,0.649753,,0.649753,frame_00000.png,frame_00119.png,r90_e250_f0.mp4,90 Hz,1/250,蛍光灯なし,59.982 fps,90,250,0,10,ex,R,R,8,,,frame_00000.png,frame_00119.png,,120,2.000607
ex_R_8,fourier,0,0,QR未検出,,fourier,binary,,,22.500000,8,,1,0.649753,,0.649753,frame_00000.png,frame_00119.png,r90_e250_f0.mp4,90 Hz,1/250,蛍光灯なし,59.982 fps,90,250,0,10,ex,R,R,8,,,frame_00000.png,frame_00119.png,,120,2.000607
ex_R_8,fourier,0,0,QR未検出,,fourier,binary,,,22.500000,12,,1,0.649753,,0.649753,frame_00000.png,frame_00119.png,r90_e250_f0.mp4,90 Hz,1/250,蛍光灯なし,59.982 fps,90,250,0,10,ex,R,R,8,,,frame_00000.png,frame_00119.png,,120,2.000607
ex_R_8,fourier,0,0,QR未検出,,fourier,binary,,,14.981799,8,,1,0.649312,,0.649312,frame_00000.png,frame_00119.png,r90_e250_f0.mp4,90 Hz,1/250,蛍光灯なし,59.982 fps,90,250,0,10,ex,R,R,8,,,frame_00000.png,frame_00119.png,,120,2.000607
ex_R_8,fourier,0,0,QR未検出,,fourier,binary,,,14.981799,12,,1,0.649012,,0.649012,frame_00000.png,frame_00119.png,r90_e250_f0.mp4,90 Hz,1/250,蛍光灯なし,59.982 fps,90,250,0,10,ex,R,R,8,,,frame_00000.png,frame_00119.png,,120,2.000607
ex_R_12,fourier,1,0,QR未検出,,fourier,binary,,,7.490900,12,,1,0.855311,,0.855311,frame_00000.png,frame_00119.png,r90_e250_f0.mp4,90 Hz,1/250,蛍光灯なし,59.982 fps,90,250,0,11,ex,R,R,12,,,frame_00000.png,frame_00119.png,,120,2.000607
ex_R_12,fourier,0,0,QR未検出,,fourier,binary,,,9.981799,12,,1,0.804756,,0.804756,frame_00000.png,frame_00119.png,r90_e250_f0.mp4,90 Hz,1/250,蛍光灯なし,59.982 fps,90,250,0,11,ex,R,R,12,,,frame_00000.png,frame_00119.png,,120,2.000607
ex_R_12,fourier,0,0,QR未検出,,fourier,binary,,,7.490900,8,,1,0.736193,,0.736193,frame_00000.png,frame_00119.png,r90_e250_f0.mp4,90 Hz,1/250,蛍光灯なし,59.982 fps,90,250,0,11,ex,R,R,12,,,frame_00000.png,frame_00119.png,,120,2.000607
ex_R_12,fourier,0,0,QR未検出,,fourier,binary,,,9.981799,8,,1,0.689495,,0.689495,frame_00000.png,frame_00119.png,r90_e250_f0.mp4,90 Hz,1/250,蛍光灯なし,59.982 fps,90,250,0,11,ex,R,R,12,,,frame_00000.png,frame_00119.png,,120,2.000607
ex_R_12,fourier,0,0,QR未検出,,fourier,binary,,,7.490900,4,,1,0.652326,,0.652326,frame_00000.png,frame_00119.png,r90_e250_f0.mp4,90 Hz,1/250,蛍光灯なし,59.982 fps,90,250,0,11,ex,R,R,12,,,frame_00000.png,frame_00119.png,,120,2.000607
ex_R_12,fourier,0,0,QR未検出,,fourier,binary,,,9.981799,4,,1,0.650363,,0.650363,frame_00000.png,frame_00119.png,r90_e250_f0.mp4,90 Hz,1/250,蛍光灯なし,59.982 fps,90,250,0,11,ex,R,R,12,,,frame_00000.png,frame_00119.png,,120,2.000607
ex_R_12,fourier,0,0,QR未検出,,fourier,binary,,,14.981799,4,,1,0.650185,,0.650185,frame_00000.png,frame_00119.png,r90_e250_f0.mp4,90 Hz,1/250,蛍光灯なし,59.982 fps,90,250,0,11,ex,R,R,12,,,frame_00000.png,frame_00119.png,,120,2.000607
ex_R_12,fourier,0,0,QR未検出,,fourier,binary,,,22.500000,4,,1,0.650185,,0.650185,frame_00000.png,frame_00119.png,r90_e250_f0.mp4,90 Hz,1/250,蛍光灯なし,59.982 fps,90,250,0,11,ex,R,R,12,,,frame_00000.png,frame_00119.png,,120,2.000607
ex_R_12,fourier,0,0,QR未検出,,fourier,binary,,,22.500000,8,,1,0.650185,,0.650185,frame_00000.png,frame_00119.png,r90_e250_f0.mp4,90 Hz,1/250,蛍光灯なし,59.982 fps,90,250,0,11,ex,R,R,12,,,frame_00000.png,frame_00119.png,,120,2.000607
ex_R_12,fourier,0,0,QR未検出,,fourier,binary,,,22.500000,12,,1,0.650185,,0.650185,frame_00000.png,frame_00119.png,r90_e250_f0.mp4,90 Hz,1/250,蛍光灯なし,59.982 fps,90,250,0,11,ex,R,R,12,,,frame_00000.png,frame_00119.png,,120,2.000607
ex_R_12,fourier,0,0,QR未検出,,fourier,binary,,,14.981799,8,,1,0.649536,,0.649536,frame_00000.png,frame_00119.png,r90_e250_f0.mp4,90 Hz,1/250,蛍光灯なし,59.982 fps,90,250,0,11,ex,R,R,12,,,frame_00000.png,frame_00119.png,,120,2.000607
ex_R_12,fourier,0,0,QR未検出,,fourier,binary,,,14.981799,12,,1,0.645742,,0.645742,frame_00000.png,frame_00119.png,r90_e250_f0.mp4,90 Hz,1/250,蛍光灯なし,59.982 fps,90,250,0,11,ex,R,R,12,,,frame_00000.png,frame_00119.png,,120,2.000607
rice_G_4,fourier,1,0,QR未検出,,fourier,binary,,,7.490900,4,,1,0.650645,,0.650645,frame_00000.png,frame_00119.png,r90_e250_f0.mp4,90 Hz,1/250,蛍光灯なし,59.982 fps,90,250,0,12,rice,G,G,4,,,frame_00000.png,frame_00119.png,,120,2.000607
rice_G_4,fourier,0,0,QR未検出,,fourier,binary,,,9.981799,4,,1,0.650645,,0.650645,frame_00000.png,frame_00119.png,r90_e250_f0.mp4,90 Hz,1/250,蛍光灯なし,59.982 fps,90,250,0,12,rice,G,G,4,,,frame_00000.png,frame_00119.png,,120,2.000607
rice_G_4,fourier,0,0,QR未検出,,fourier,binary,,,14.981799,4,,1,0.650645,,0.650645,frame_00000.png,frame_00119.png,r90_e250_f0.mp4,90 Hz,1/250,蛍光灯なし,59.982 fps,90,250,0,12,rice,G,G,4,,,frame_00000.png,frame_00119.png,,120,2.000607
rice_G_4,fourier,0,0,QR未検出,,fourier,binary,,,22.500000,4,,1,0.650645,,0.650645,frame_00000.png,frame_00119.png,r90_e250_f0.mp4,90 Hz,1/250,蛍光灯なし,59.982 fps,90,250,0,12,rice,G,G,4,,,frame_00000.png,frame_00119.png,,120,2.000607
rice_G_4,fourier,0,0,QR未検出,,fourier,binary,,,7.490900,8,,1,0.650645,,0.650645,frame_00000.png,frame_00119.png,r90_e250_f0.mp4,90 Hz,1/250,蛍光灯なし,59.982 fps,90,250,0,12,rice,G,G,4,,,frame_00000.png,frame_00119.png,,120,2.000607
rice_G_4,fourier,0,0,QR未検出,,fourier,binary,,,9.981799,8,,1,0.650645,,0.650645,frame_00000.png,frame_00119.png,r90_e250_f0.mp4,90 Hz,1/250,蛍光灯なし,59.982 fps,90,250,0,12,rice,G,G,4,,,frame_00000.png,frame_00119.png,,120,2.000607
rice_G_4,fourier,0,0,QR未検出,,fourier,binary,,,14.981799,8,,1,0.650645,,0.650645,frame_00000.png,frame_00119.png,r90_e250_f0.mp4,90 Hz,1/250,蛍光灯なし,59.982 fps,90,250,0,12,rice,G,G,4,,,frame_00000.png,frame_00119.png,,120,2.000607
rice_G_4,fourier,0,0,QR未検出,,fourier,binary,,,22.500000,8,,1,0.650645,,0.650645,frame_00000.png,frame_00119.png,r90_e250_f0.mp4,90 Hz,1/250,蛍光灯なし,59.982 fps,90,250,0,12,rice,G,G,4,,,frame_00000.png,frame_00119.png,,120,2.000607
rice_G_4,fourier,0,0,QR未検出,,fourier,binary,,,7.490900,12,,1,0.650645,,0.650645,frame_00000.png,frame_00119.png,r90_e250_f0.mp4,90 Hz,1/250,蛍光灯なし,59.982 fps,90,250,0,12,rice,G,G,4,,,frame_00000.png,frame_00119.png,,120,2.000607
rice_G_4,fourier,0,0,QR未検出,,fourier,binary,,,9.981799,12,,1,0.650645,,0.650645,frame_00000.png,frame_00119.png,r90_e250_f0.mp4,90 Hz,1/250,蛍光灯なし,59.982 fps,90,250,0,12,rice,G,G,4,,,frame_00000.png,frame_00119.png,,120,2.000607
rice_G_4,fourier,0,0,QR未検出,,fourier,binary,,,14.981799,12,,1,0.650645,,0.650645,frame_00000.png,frame_00119.png,r90_e250_f0.mp4,90 Hz,1/250,蛍光灯なし,59.982 fps,90,250,0,12,rice,G,G,4,,,frame_00000.png,frame_00119.png,,120,2.000607
rice_G_4,fourier,0,0,QR未検出,,fourier,binary,,,22.500000,12,,1,0.650645,,0.650645,frame_00000.png,frame_00119.png,r90_e250_f0.mp4,90 Hz,1/250,蛍光灯なし,59.982 fps,90,250,0,12,rice,G,G,4,,,frame_00000.png,frame_00119.png,,120,2.000607
rice_G_8,fourier,1,0,QR未検出,,fourier,binary,,,7.490900,4,,1,0.650645,,0.650645,frame_00000.png,frame_00119.png,r90_e250_f0.mp4,90 Hz,1/250,蛍光灯なし,59.982 fps,90,250,0,13,rice,G,G,8,,,frame_00000.png,frame_00119.png,,120,2.000607
rice_G_8,fourier,0,0,QR未検出,,fourier,binary,,,9.981799,4,,1,0.650645,,0.650645,frame_00000.png,frame_00119.png,r90_e250_f0.mp4,90 Hz,1/250,蛍光灯なし,59.982 fps,90,250,0,13,rice,G,G,8,,,frame_00000.png,frame_00119.png,,120,2.000607
rice_G_8,fourier,0,0,QR未検出,,fourier,binary,,,14.981799,4,,1,0.650645,,0.650645,frame_00000.png,frame_00119.png,r90_e250_f0.mp4,90 Hz,1/250,蛍光灯なし,59.982 fps,90,250,0,13,rice,G,G,8,,,frame_00000.png,frame_00119.png,,120,2.000607
rice_G_8,fourier,0,0,QR未検出,,fourier,binary,,,22.500000,4,,1,0.650645,,0.650645,frame_00000.png,frame_00119.png,r90_e250_f0.mp4,90 Hz,1/250,蛍光灯なし,59.982 fps,90,250,0,13,rice,G,G,8,,,frame_00000.png,frame_00119.png,,120,2.000607
rice_G_8,fourier,0,0,QR未検出,,fourier,binary,,,7.490900,8,,1,0.650645,,0.650645,frame_00000.png,frame_00119.png,r90_e250_f0.mp4,90 Hz,1/250,蛍光灯なし,59.982 fps,90,250,0,13,rice,G,G,8,,,frame_00000.png,frame_00119.png,,120,2.000607
rice_G_8,fourier,0,0,QR未検出,,fourier,binary,,,9.981799,8,,1,0.650645,,0.650645,frame_00000.png,frame_00119.png,r90_e250_f0.mp4,90 Hz,1/250,蛍光灯なし,59.982 fps,90,250,0,13,rice,G,G,8,,,frame_00000.png,frame_00119.png,,120,2.000607
rice_G_8,fourier,0,0,QR未検出,,fourier,binary,,,14.981799,8,,1,0.650645,,0.650645,frame_00000.png,frame_00119.png,r90_e250_f0.mp4,90 Hz,1/250,蛍光灯なし,59.982 fps,90,250,0,13,rice,G,G,8,,,frame_00000.png,frame_00119.png,,120,2.000607
rice_G_8,fourier,0,0,QR未検出,,fourier,binary,,,22.500000,8,,1,0.650645,,0.650645,frame_00000.png,frame_00119.png,r90_e250_f0.mp4,90 Hz,1/250,蛍光灯なし,59.982 fps,90,250,0,13,rice,G,G,8,,,frame_00000.png,frame_00119.png,,120,2.000607
rice_G_8,fourier,0,0,QR未検出,,fourier,binary,,,7.490900,12,,1,0.650645,,0.650645,frame_00000.png,frame_00119.png,r90_e250_f0.mp4,90 Hz,1/250,蛍光灯なし,59.982 fps,90,250,0,13,rice,G,G,8,,,frame_00000.png,frame_00119.png,,120,2.000607
rice_G_8,fourier,0,0,QR未検出,,fourier,binary,,,9.981799,12,,1,0.650645,,0.650645,frame_00000.png,frame_00119.png,r90_e250_f0.mp4,90 Hz,1/250,蛍光灯なし,59.982 fps,90,250,0,13,rice,G,G,8,,,frame_00000.png,frame_00119.png,,120,2.000607
rice_G_8,fourier,0,0,QR未検出,,fourier,binary,,,14.981799,12,,1,0.650645,,0.650645,frame_00000.png,frame_00119.png,r90_e250_f0.mp4,90 Hz,1/250,蛍光灯なし,59.982 fps,90,250,0,13,rice,G,G,8,,,frame_00000.png,frame_00119.png,,120,2.000607
rice_G_8,fourier,0,0,QR未検出,,fourier,binary,,,22.500000,12,,1,0.650645,,0.650645,frame_00000.png,frame_00119.png,r90_e250_f0.mp4,90 Hz,1/250,蛍光灯なし,59.982 fps,90,250,0,13,rice,G,G,8,,,frame_00000.png,frame_00119.png,,120,2.000607
rice_G_12,fourier,1,0,QR未検出,,fourier,binary,,,7.490900,12,,1,0.654596,,0.654596,frame_00000.png,frame_00119.png,r90_e250_f0.mp4,90 Hz,1/250,蛍光灯なし,59.982 fps,90,250,0,14,rice,G,G,12,,,frame_00000.png,frame_00119.png,,120,2.000607
rice_G_12,fourier,0,0,QR未検出,,fourier,binary,,,9.981799,12,,1,0.651999,,0.651999,frame_00000.png,frame_00119.png,r90_e250_f0.mp4,90 Hz,1/250,蛍光灯なし,59.982 fps,90,250,0,14,rice,G,G,12,,,frame_00000.png,frame_00119.png,,120,2.000607
rice_G_12,fourier,0,0,QR未検出,,fourier,binary,,,7.490900,8,,1,0.650711,,0.650711,frame_00000.png,frame_00119.png,r90_e250_f0.mp4,90 Hz,1/250,蛍光灯なし,59.982 fps,90,250,0,14,rice,G,G,12,,,frame_00000.png,frame_00119.png,,120,2.000607
rice_G_12,fourier,0,0,QR未検出,,fourier,binary,,,9.981799,8,,1,0.650659,,0.650659,frame_00000.png,frame_00119.png,r90_e250_f0.mp4,90 Hz,1/250,蛍光灯なし,59.982 fps,90,250,0,14,rice,G,G,12,,,frame_00000.png,frame_00119.png,,120,2.000607
rice_G_12,fourier,0,0,QR未検出,,fourier,binary,,,7.490900,4,,1,0.650645,,0.650645,frame_00000.png,frame_00119.png,r90_e250_f0.mp4,90 Hz,1/250,蛍光灯なし,59.982 fps,90,250,0,14,rice,G,G,12,,,frame_00000.png,frame_00119.png,,120,2.000607
rice_G_12,fourier,0,0,QR未検出,,fourier,binary,,,9.981799,4,,1,0.650645,,0.650645,frame_00000.png,frame_00119.png,r90_e250_f0.mp4,90 Hz,1/250,蛍光灯なし,59.982 fps,90,250,0,14,rice,G,G,12,,,frame_00000.png,frame_00119.png,,120,2.000607
rice_G_12,fourier,0,0,QR未検出,,fourier,binary,,,14.981799,4,,1,0.650645,,0.650645,frame_00000.png,frame_00119.png,r90_e250_f0.mp4,90 Hz,1/250,蛍光灯なし,59.982 fps,90,250,0,14,rice,G,G,12,,,frame_00000.png,frame_00119.png,,120,2.000607
rice_G_12,fourier,0,0,QR未検出,,fourier,binary,,,22.500000,4,,1,0.650645,,0.650645,frame_00000.png,frame_00119.png,r90_e250_f0.mp4,90 Hz,1/250,蛍光灯なし,59.982 fps,90,250,0,14,rice,G,G,12,,,frame_00000.png,frame_00119.png,,120,2.000607
rice_G_12,fourier,0,0,QR未検出,,fourier,binary,,,14.981799,8,,1,0.650645,,0.650645,frame_00000.png,frame_00119.png,r90_e250_f0.mp4,90 Hz,1/250,蛍光灯なし,59.982 fps,90,250,0,14,rice,G,G,12,,,frame_00000.png,frame_00119.png,,120,2.000607
rice_G_12,fourier,0,0,QR未検出,,fourier,binary,,,22.500000,8,,1,0.650645,,0.650645,frame_00000.png,frame_00119.png,r90_e250_f0.mp4,90 Hz,1/250,蛍光灯なし,59.982 fps,90,250,0,14,rice,G,G,12,,,frame_00000.png,frame_00119.png,,120,2.000607
rice_G_12,fourier,0,0,QR未検出,,fourier,binary,,,22.500000,12,,1,0.650645,,0.650645,frame_00000.png,frame_00119.png,r90_e250_f0.mp4,90 Hz,1/250,蛍光灯なし,59.982 fps,90,250,0,14,rice,G,G,12,,,frame_00000.png,frame_00119.png,,120,2.000607
rice_G_12,fourier,0,0,QR未検出,,fourier,binary,,,14.981799,12,,1,0.649632,,0.649632,frame_00000.png,frame_00119.png,r90_e250_f0.mp4,90 Hz,1/250,蛍光灯なし,59.982 fps,90,250,0,14,rice,G,G,12,,,frame_00000.png,frame_00119.png,,120,2.000607
nagaoka_fireworks_G_4,fourier,1,0,QR未検出,,fourier,binary,,,22.500000,4,,1,0.622180,,0.622180,frame_00000.png,frame_00119.png,r90_e250_f0.mp4,90 Hz,1/250,蛍光灯なし,59.982 fps,90,250,0,15,nagaoka_fireworks,G,G,4,,,frame_00000.png,frame_00119.png,,120,2.000607
nagaoka_fireworks_G_4,fourier,0,0,QR未検出,,fourier,binary,,,9.981799,8,,1,0.622099,,0.622099,frame_00000.png,frame_00119.png,r90_e250_f0.mp4,90 Hz,1/250,蛍光灯なし,59.982 fps,90,250,0,15,nagaoka_fireworks,G,G,4,,,frame_00000.png,frame_00119.png,,120,2.000607
nagaoka_fireworks_G_4,fourier,0,0,QR未検出,,fourier,binary,,,7.490900,4,,1,0.622094,,0.622094,frame_00000.png,frame_00119.png,r90_e250_f0.mp4,90 Hz,1/250,蛍光灯なし,59.982 fps,90,250,0,15,nagaoka_fireworks,G,G,4,,,frame_00000.png,frame_00119.png,,120,2.000607
nagaoka_fireworks_G_4,fourier,0,0,QR未検出,,fourier,binary,,,9.981799,4,,1,0.622094,,0.622094,frame_00000.png,frame_00119.png,r90_e250_f0.mp4,90 Hz,1/250,蛍光灯なし,59.982 fps,90,250,0,15,nagaoka_fireworks,G,G,4,,,frame_00000.png,frame_00119.png,,120,2.000607
nagaoka_fireworks_G_4,fourier,0,0,QR未検出,,fourier,binary,,,14.981799,4,,1,0.622094,,0.622094,frame_00000.png,frame_00119.png,r90_e250_f0.mp4,90 Hz,1/250,蛍光灯なし,59.982 fps,90,250,0,15,nagaoka_fireworks,G,G,4,,,frame_00000.png,frame_00119.png,,120,2.000607
nagaoka_fireworks_G_4,fourier,0,0,QR未検出,,fourier,binary,,,7.490900,8,,1,0.622094,,0.622094,frame_00000.png,frame_00119.png,r90_e250_f0.mp4,90 Hz,1/250,蛍光灯なし,59.982 fps,90,250,0,15,nagaoka_fireworks,G,G,4,,,frame_00000.png,frame_00119.png,,120,2.000607
nagaoka_fireworks_G_4,fourier,0,0,QR未検出,,fourier,binary,,,22.500000,8,,1,0.622094,,0.622094,frame_00000.png,frame_00119.png,r90_e250_f0.mp4,90 Hz,1/250,蛍光灯なし,59.982 fps,90,250,0,15,nagaoka_fireworks,G,G,4,,,frame_00000.png,frame_00119.png,,120,2.000607
nagaoka_fireworks_G_4,fourier,0,0,QR未検出,,fourier,binary,,,22.500000,12,,1,0.622094,,0.622094,frame_00000.png,frame_00119.png,r90_e250_f0.mp4,90 Hz,1/250,蛍光灯なし,59.982 fps,90,250,0,15,nagaoka_fireworks,G,G,4,,,frame_00000.png,frame_00119.png,,120,2.000607
nagaoka_fireworks_G_4,fourier,0,0,QR未検出,,fourier,binary,,,14.981799,8,,1,0.621796,,0.621796,frame_00000.png,frame_00119.png,r90_e250_f0.mp4,90 Hz,1/250,蛍光灯なし,59.982 fps,90,250,0,15,nagaoka_fireworks,G,G,4,,,frame_00000.png,frame_00119.png,,120,2.000607
nagaoka_fireworks_G_4,fourier,0,0,QR未検出,,fourier,binary,,,9.981799,12,,1,0.621392,,0.621392,frame_00000.png,frame_00119.png,r90_e250_f0.mp4,90 Hz,1/250,蛍光灯なし,59.982 fps,90,250,0,15,nagaoka_fireworks,G,G,4,,,frame_00000.png,frame_00119.png,,120,2.000607
nagaoka_fireworks_G_4,fourier,0,0,QR未検出,,fourier,binary,,,7.490900,12,,1,0.621291,,0.621291,frame_00000.png,frame_00119.png,r90_e250_f0.mp4,90 Hz,1/250,蛍光灯なし,59.982 fps,90,250,0,15,nagaoka_fireworks,G,G,4,,,frame_00000.png,frame_00119.png,,120,2.000607
nagaoka_fireworks_G_4,fourier,0,0,QR未検出,,fourier,binary,,,14.981799,12,,1,0.620820,,0.620820,frame_00000.png,frame_00119.png,r90_e250_f0.mp4,90 Hz,1/250,蛍光灯なし,59.982 fps,90,250,0,15,nagaoka_fireworks,G,G,4,,,frame_00000.png,frame_00119.png,,120,2.000607
nagaoka_fireworks_G_8,fourier,1,0,QR未検出,,fourier,binary,,,9.981799,4,,1,0.626078,,0.626078,frame_00000.png,frame_00119.png,r90_e250_f0.mp4,90 Hz,1/250,蛍光灯なし,59.982 fps,90,250,0,16,nagaoka_fireworks,G,G,8,,,frame_00000.png,frame_00119.png,,120,2.000607
nagaoka_fireworks_G_8,fourier,0,0,QR未検出,,fourier,binary,,,22.500000,4,,1,0.626078,,0.626078,frame_00000.png,frame_00119.png,r90_e250_f0.mp4,90 Hz,1/250,蛍光灯なし,59.982 fps,90,250,0,16,nagaoka_fireworks,G,G,8,,,frame_00000.png,frame_00119.png,,120,2.000607
nagaoka_fireworks_G_8,fourier,0,0,QR未検出,,fourier,binary,,,7.490900,4,,1,0.626067,,0.626067,frame_00000.png,frame_00119.png,r90_e250_f0.mp4,90 Hz,1/250,蛍光灯なし,59.982 fps,90,250,0,16,nagaoka_fireworks,G,G,8,,,frame_00000.png,frame_00119.png,,120,2.000607
nagaoka_fireworks_G_8,fourier,0,0,QR未検出,,fourier,binary,,,14.981799,4,,1,0.626067,,0.626067,frame_00000.png,frame_00119.png,r90_e250_f0.mp4,90 Hz,1/250,蛍光灯なし,59.982 fps,90,250,0,16,nagaoka_fireworks,G,G,8,,,frame_00000.png,frame_00119.png,,120,2.000607
nagaoka_fireworks_G_8,fourier,0,0,QR未検出,,fourier,binary,,,7.490900,8,,1,0.626067,,0.626067,frame_00000.png,frame_00119.png,r90_e250_f0.mp4,90 Hz,1/250,蛍光灯なし,59.982 fps,90,250,0,16,nagaoka_fireworks,G,G,8,,,frame_00000.png,frame_00119.png,,120,2.000607
nagaoka_fireworks_G_8,fourier,0,0,QR未検出,,fourier,binary,,,9.981799,8,,1,0.626067,,0.626067,frame_00000.png,frame_00119.png,r90_e250_f0.mp4,90 Hz,1/250,蛍光灯なし,59.982 fps,90,250,0,16,nagaoka_fireworks,G,G,8,,,frame_00000.png,frame_00119.png,,120,2.000607
nagaoka_fireworks_G_8,fourier,0,0,QR未検出,,fourier,binary,,,22.500000,8,,1,0.626067,,0.626067,frame_00000.png,frame_00119.png,r90_e250_f0.mp4,90 Hz,1/250,蛍光灯なし,59.982 fps,90,250,0,16,nagaoka_fireworks,G,G,8,,,frame_00000.png,frame_00119.png,,120,2.000607
nagaoka_fireworks_G_8,fourier,0,0,QR未検出,,fourier,binary,,,9.981799,12,,1,0.626067,,0.626067,frame_00000.png,frame_00119.png,r90_e250_f0.mp4,90 Hz,1/250,蛍光灯なし,59.982 fps,90,250,0,16,nagaoka_fireworks,G,G,8,,,frame_00000.png,frame_00119.png,,120,2.000607
nagaoka_fireworks_G_8,fourier,0,0,QR未検出,,fourier,binary,,,22.500000,12,,1,0.626067,,0.626067,frame_00000.png,frame_00119.png,r90_e250_f0.mp4,90 Hz,1/250,蛍光灯なし,59.982 fps,90,250,0,16,nagaoka_fireworks,G,G,8,,,frame_00000.png,frame_00119.png,,120,2.000607
nagaoka_fireworks_G_8,fourier,0,0,QR未検出,,fourier,binary,,,7.490900,12,,1,0.625460,,0.625460,frame_00000.png,frame_00119.png,r90_e250_f0.mp4,90 Hz,1/250,蛍光灯なし,59.982 fps,90,250,0,16,nagaoka_fireworks,G,G,8,,,frame_00000.png,frame_00119.png,,120,2.000607
nagaoka_fireworks_G_8,fourier,0,0,QR未検出,,fourier,binary,,,14.981799,8,,1,0.625114,,0.625114,frame_00000.png,frame_00119.png,r90_e250_f0.mp4,90 Hz,1/250,蛍光灯なし,59.982 fps,90,250,0,16,nagaoka_fireworks,G,G,8,,,frame_00000.png,frame_00119.png,,120,2.000607
nagaoka_fireworks_G_8,fourier,0,0,QR未検出,,fourier,binary,,,14.981799,12,,1,0.621565,,0.621565,frame_00000.png,frame_00119.png,r90_e250_f0.mp4,90 Hz,1/250,蛍光灯なし,59.982 fps,90,250,0,16,nagaoka_fireworks,G,G,8,,,frame_00000.png,frame_00119.png,,120,2.000607
nagaoka_fireworks_G_12,fourier,1,0,QR未検出,,fourier,binary,,,7.490900,12,,1,0.696747,,0.696747,frame_00000.png,frame_00119.png,r90_e250_f0.mp4,90 Hz,1/250,蛍光灯なし,59.982 fps,90,250,0,17,nagaoka_fireworks,G,G,12,,,frame_00000.png,frame_00119.png,,120,2.000607
nagaoka_fireworks_G_12,fourier,0,0,QR未検出,,fourier,binary,,,9.981799,12,,1,0.674733,,0.674733,frame_00000.png,frame_00119.png,r90_e250_f0.mp4,90 Hz,1/250,蛍光灯なし,59.982 fps,90,250,0,17,nagaoka_fireworks,G,G,12,,,frame_00000.png,frame_00119.png,,120,2.000607
nagaoka_fireworks_G_12,fourier,0,0,QR未検出,,fourier,binary,,,7.490900,8,,1,0.653906,,0.653906,frame_00000.png,frame_00119.png,r90_e250_f0.mp4,90 Hz,1/250,蛍光灯なし,59.982 fps,90,250,0,17,nagaoka_fireworks,G,G,12,,,frame_00000.png,frame_00119.png,,120,2.000607
nagaoka_fireworks_G_12,fourier,0,0,QR未検出,,fourier,binary,,,9.981799,8,,1,0.640576,,0.640576,frame_00000.png,frame_00119.png,r90_e250_f0.mp4,90 Hz,1/250,蛍光灯なし,59.982 fps,90,250,0,17,nagaoka_fireworks,G,G,12,,,frame_00000.png,frame_00119.png,,120,2.000607
nagaoka_fireworks_G_12,fourier,0,0,QR未検出,,fourier,binary,,,7.490900,4,,1,0.631904,,0.631904,frame_00000.png,frame_00119.png,r90_e250_f0.mp4,90 Hz,1/250,蛍光灯なし,59.982 fps,90,250,0,17,nagaoka_fireworks,G,G,12,,,frame_00000.png,frame_00119.png,,120,2.000607
nagaoka_fireworks_G_12,fourier,0,0,QR未検出,,fourier,binary,,,22.500000,4,,1,0.631434,,0.631434,frame_00000.png,frame_00119.png,r90_e250_f0.mp4,90 Hz,1/250,蛍光灯なし,59.982 fps,90,250,0,17,nagaoka_fireworks,G,G,12,,,frame_00000.png,frame_00119.png,,120,2.000607
nagaoka_fireworks_G_12,fourier,0,0,QR未検出,,fourier,binary,,,9.981799,4,,1,0.631409,,0.631409,frame_00000.png,frame_00119.png,r90_e250_f0.mp4,90 Hz,1/250,蛍光灯なし,59.982 fps,90,250,0,17,nagaoka_fireworks,G,G,12,,,frame_00000.png,frame_00119.png,,120,2.000607
nagaoka_fireworks_G_12,fourier,0,0,QR未検出,,fourier,binary,,,22.500000,12,,1,0.631343,,0.631343,frame_00000.png,frame_00119.png,r90_e250_f0.mp4,90 Hz,1/250,蛍光灯なし,59.982 fps,90,250,0,17,nagaoka_fireworks,G,G,12,,,frame_00000.png,frame_00119.png,,120,2.000607
nagaoka_fireworks_G_12,fourier,0,0,QR未検出,,fourier,binary,,,14.981799,4,,1,0.631322,,0.631322,frame_00000.png,frame_00119.png,r90_e250_f0.mp4,90 Hz,1/250,蛍光灯なし,59.982 fps,90,250,0,17,nagaoka_fireworks,G,G,12,,,frame_00000.png,frame_00119.png,,120,2.000607
nagaoka_fireworks_G_12,fourier,0,0,QR未検出,,fourier,binary,,,22.500000,8,,1,0.631322,,0.631322,frame_00000.png,frame_00119.png,r90_e250_f0.mp4,90 Hz,1/250,蛍光灯なし,59.982 fps,90,250,0,17,nagaoka_fireworks,G,G,12,,,frame_00000.png,frame_00119.png,,120,2.000607
nagaoka_fireworks_G_12,fourier,0,0,QR未検出,,fourier,binary,,,14.981799,8,,1,0.629136,,0.629136,frame_00000.png,frame_00119.png,r90_e250_f0.mp4,90 Hz,1/250,蛍光灯なし,59.982 fps,90,250,0,17,nagaoka_fireworks,G,G,12,,,frame_00000.png,frame_00119.png,,120,2.000607
nagaoka_fireworks_G_12,fourier,0,0,QR未検出,,fourier,binary,,,14.981799,12,,1,0.601511,,0.601511,frame_00000.png,frame_00119.png,r90_e250_f0.mp4,90 Hz,1/250,蛍光灯なし,59.982 fps,90,250,0,17,nagaoka_fireworks,G,G,12,,,frame_00000.png,frame_00119.png,,120,2.000607
hocho_G_4,fourier,1,0,QR未検出,,fourier,binary,,,7.490900,4,,1,0.650570,,0.650570,frame_00000.png,frame_00119.png,r90_e250_f0.mp4,90 Hz,1/250,蛍光灯なし,59.982 fps,90,250,0,18,hocho,G,G,4,,,frame_00000.png,frame_00119.png,,120,2.000607
hocho_G_4,fourier,0,0,QR未検出,,fourier,binary,,,9.981799,4,,1,0.650570,,0.650570,frame_00000.png,frame_00119.png,r90_e250_f0.mp4,90 Hz,1/250,蛍光灯なし,59.982 fps,90,250,0,18,hocho,G,G,4,,,frame_00000.png,frame_00119.png,,120,2.000607
hocho_G_4,fourier,0,0,QR未検出,,fourier,binary,,,14.981799,4,,1,0.650570,,0.650570,frame_00000.png,frame_00119.png,r90_e250_f0.mp4,90 Hz,1/250,蛍光灯なし,59.982 fps,90,250,0,18,hocho,G,G,4,,,frame_00000.png,frame_00119.png,,120,2.000607
hocho_G_4,fourier,0,0,QR未検出,,fourier,binary,,,22.500000,4,,1,0.650570,,0.650570,frame_00000.png,frame_00119.png,r90_e250_f0.mp4,90 Hz,1/250,蛍光灯なし,59.982 fps,90,250,0,18,hocho,G,G,4,,,frame_00000.png,frame_00119.png,,120,2.000607
hocho_G_4,fourier,0,0,QR未検出,,fourier,binary,,,7.490900,8,,1,0.650570,,0.650570,frame_00000.png,frame_00119.png,r90_e250_f0.mp4,90 Hz,1/250,蛍光灯なし,59.982 fps,90,250,0,18,hocho,G,G,4,,,frame_00000.png,frame_00119.png,,120,2.000607
hocho_G_4,fourier,0,0,QR未検出,,fourier,binary,,,9.981799,8,,1,0.650570,,0.650570,frame_00000.png,frame_00119.png,r90_e250_f0.mp4,90 Hz,1/250,蛍光灯なし,59.982 fps,90,250,0,18,hocho,G,G,4,,,frame_00000.png,frame_00119.png,,120,2.000607
hocho_G_4,fourier,0,0,QR未検出,,fourier,binary,,,22.500000,8,,1,0.650570,,0.650570,frame_00000.png,frame_00119.png,r90_e250_f0.mp4,90 Hz,1/250,蛍光灯なし,59.982 fps,90,250,0,18,hocho,G,G,4,,,frame_00000.png,frame_00119.png,,120,2.000607
hocho_G_4,fourier,0,0,QR未検出,,fourier,binary,,,9.981799,12,,1,0.650570,,0.650570,frame_00000.png,frame_00119.png,r90_e250_f0.mp4,90 Hz,1/250,蛍光灯なし,59.982 fps,90,250,0,18,hocho,G,G,4,,,frame_00000.png,frame_00119.png,,120,2.000607
hocho_G_4,fourier,0,0,QR未検出,,fourier,binary,,,22.500000,12,,1,0.650570,,0.650570,frame_00000.png,frame_00119.png,r90_e250_f0.mp4,90 Hz,1/250,蛍光灯なし,59.982 fps,90,250,0,18,hocho,G,G,4,,,frame_00000.png,frame_00119.png,,120,2.000607
hocho_G_4,fourier,0,0,QR未検出,,fourier,binary,,,14.981799,8,,1,0.650538,,0.650538,frame_00000.png,frame_00119.png,r90_e250_f0.mp4,90 Hz,1/250,蛍光灯なし,59.982 fps,90,250,0,18,hocho,G,G,4,,,frame_00000.png,frame_00119.png,,120,2.000607
hocho_G_4,fourier,0,0,QR未検出,,fourier,binary,,,7.490900,12,,1,0.650521,,0.650521,frame_00000.png,frame_00119.png,r90_e250_f0.mp4,90 Hz,1/250,蛍光灯なし,59.982 fps,90,250,0,18,hocho,G,G,4,,,frame_00000.png,frame_00119.png,,120,2.000607
hocho_G_4,fourier,0,0,QR未検出,,fourier,binary,,,14.981799,12,,1,0.650458,,0.650458,frame_00000.png,frame_00119.png,r90_e250_f0.mp4,90 Hz,1/250,蛍光灯なし,59.982 fps,90,250,0,18,hocho,G,G,4,,,frame_00000.png,frame_00119.png,,120,2.000607
hocho_G_8,fourier,1,0,QR未検出,,fourier,binary,,,7.490900,4,,1,0.650512,,0.650512,frame_00000.png,frame_00119.png,r90_e250_f0.mp4,90 Hz,1/250,蛍光灯なし,59.982 fps,90,250,0,19,hocho,G,G,8,,,frame_00000.png,frame_00119.png,,120,2.000607
hocho_G_8,fourier,0,0,QR未検出,,fourier,binary,,,9.981799,4,,1,0.650512,,0.650512,frame_00000.png,frame_00119.png,r90_e250_f0.mp4,90 Hz,1/250,蛍光灯なし,59.982 fps,90,250,0,19,hocho,G,G,8,,,frame_00000.png,frame_00119.png,,120,2.000607
hocho_G_8,fourier,0,0,QR未検出,,fourier,binary,,,14.981799,4,,1,0.650512,,0.650512,frame_00000.png,frame_00119.png,r90_e250_f0.mp4,90 Hz,1/250,蛍光灯なし,59.982 fps,90,250,0,19,hocho,G,G,8,,,frame_00000.png,frame_00119.png,,120,2.000607
hocho_G_8,fourier,0,0,QR未検出,,fourier,binary,,,22.500000,4,,1,0.650512,,0.650512,frame_00000.png,frame_00119.png,r90_e250_f0.mp4,90 Hz,1/250,蛍光灯なし,59.982 fps,90,250,0,19,hocho,G,G,8,,,frame_00000.png,frame_00119.png,,120,2.000607
hocho_G_8,fourier,0,0,QR未検出,,fourier,binary,,,7.490900,8,,1,0.650512,,0.650512,frame_00000.png,frame_00119.png,r90_e250_f0.mp4,90 Hz,1/250,蛍光灯なし,59.982 fps,90,250,0,19,hocho,G,G,8,,,frame_00000.png,frame_00119.png,,120,2.000607
hocho_G_8,fourier,0,0,QR未検出,,fourier,binary,,,9.981799,8,,1,0.650512,,0.650512,frame_00000.png,frame_00119.png,r90_e250_f0.mp4,90 Hz,1/250,蛍光灯なし,59.982 fps,90,250,0,19,hocho,G,G,8,,,frame_00000.png,frame_00119.png,,120,2.000607
hocho_G_8,fourier,0,0,QR未検出,,fourier,binary,,,22.500000,8,,1,0.650512,,0.650512,frame_00000.png,frame_00119.png,r90_e250_f0.mp4,90 Hz,1/250,蛍光灯なし,59.982 fps,90,250,0,19,hocho,G,G,8,,,frame_00000.png,frame_00119.png,,120,2.000607
hocho_G_8,fourier,0,0,QR未検出,,fourier,binary,,,7.490900,12,,1,0.650512,,0.650512,frame_00000.png,frame_00119.png,r90_e250_f0.mp4,90 Hz,1/250,蛍光灯なし,59.982 fps,90,250,0,19,hocho,G,G,8,,,frame_00000.png,frame_00119.png,,120,2.000607
hocho_G_8,fourier,0,0,QR未検出,,fourier,binary,,,9.981799,12,,1,0.650512,,0.650512,frame_00000.png,frame_00119.png,r90_e250_f0.mp4,90 Hz,1/250,蛍光灯なし,59.982 fps,90,250,0,19,hocho,G,G,8,,,frame_00000.png,frame_00119.png,,120,2.000607
hocho_G_8,fourier,0,0,QR未検出,,fourier,binary,,,22.500000,12,,1,0.650512,,0.650512,frame_00000.png,frame_00119.png,r90_e250_f0.mp4,90 Hz,1/250,蛍光灯なし,59.982 fps,90,250,0,19,hocho,G,G,8,,,frame_00000.png,frame_00119.png,,120,2.000607
hocho_G_8,fourier,0,0,QR未検出,,fourier,binary,,,14.981799,8,,1,0.650395,,0.650395,frame_00000.png,frame_00119.png,r90_e250_f0.mp4,90 Hz,1/250,蛍光灯なし,59.982 fps,90,250,0,19,hocho,G,G,8,,,frame_00000.png,frame_00119.png,,120,2.000607
hocho_G_8,fourier,0,0,QR未検出,,fourier,binary,,,14.981799,12,,1,0.648472,,0.648472,frame_00000.png,frame_00119.png,r90_e250_f0.mp4,90 Hz,1/250,蛍光灯なし,59.982 fps,90,250,0,19,hocho,G,G,8,,,frame_00000.png,frame_00119.png,,120,2.000607
hocho_G_12,fourier,1,0,QR未検出,,fourier,binary,,,7.490900,12,,1,0.701307,,0.701307,frame_00000.png,frame_00119.png,r90_e250_f0.mp4,90 Hz,1/250,蛍光灯なし,59.982 fps,90,250,0,20,hocho,G,G,12,,,frame_00000.png,frame_00119.png,,120,2.000607
hocho_G_12,fourier,0,0,QR未検出,,fourier,binary,,,9.981799,12,,1,0.689020,,0.689020,frame_00000.png,frame_00119.png,r90_e250_f0.mp4,90 Hz,1/250,蛍光灯なし,59.982 fps,90,250,0,20,hocho,G,G,12,,,frame_00000.png,frame_00119.png,,120,2.000607
hocho_G_12,fourier,0,0,QR未検出,,fourier,binary,,,7.490900,8,,1,0.675858,,0.675858,frame_00000.png,frame_00119.png,r90_e250_f0.mp4,90 Hz,1/250,蛍光灯なし,59.982 fps,90,250,0,20,hocho,G,G,12,,,frame_00000.png,frame_00119.png,,120,2.000607
hocho_G_12,fourier,0,0,QR未検出,,fourier,binary,,,9.981799,8,,1,0.664819,,0.664819,frame_00000.png,frame_00119.png,r90_e250_f0.mp4,90 Hz,1/250,蛍光灯なし,59.982 fps,90,250,0,20,hocho,G,G,12,,,frame_00000.png,frame_00119.png,,120,2.000607
hocho_G_12,fourier,0,0,QR未検出,,fourier,binary,,,7.490900,4,,1,0.651745,,0.651745,frame_00000.png,frame_00119.png,r90_e250_f0.mp4,90 Hz,1/250,蛍光灯なし,59.982 fps,90,250,0,20,hocho,G,G,12,,,frame_00000.png,frame_00119.png,,120,2.000607
hocho_G_12,fourier,0,0,QR未検出,,fourier,binary,,,9.981799,4,,1,0.650475,,0.650475,frame_00000.png,frame_00119.png,r90_e250_f0.mp4,90 Hz,1/250,蛍光灯なし,59.982 fps,90,250,0,20,hocho,G,G,12,,,frame_00000.png,frame_00119.png,,120,2.000607
hocho_G_12,fourier,0,0,QR未検出,,fourier,binary,,,22.500000,4,,1,0.650417,,0.650417,frame_00000.png,frame_00119.png,r90_e250_f0.mp4,90 Hz,1/250,蛍光灯なし,59.982 fps,90,250,0,20,hocho,G,G,12,,,frame_00000.png,frame_00119.png,,120,2.000607
hocho_G_12,fourier,0,0,QR未検出,,fourier,binary,,,22.500000,8,,1,0.650417,,0.650417,frame_00000.png,frame_00119.png,r90_e250_f0.mp4,90 Hz,1/250,蛍光灯なし,59.982 fps,90,250,0,20,hocho,G,G,12,,,frame_00000.png,frame_00119.png,,120,2.000607
hocho_G_12,fourier,0,0,QR未検出,,fourier,binary,,,22.500000,12,,1,0.650417,,0.650417,frame_00000.png,frame_00119.png,r90_e250_f0.mp4,90 Hz,1/250,蛍光灯なし,59.982 fps,90,250,0,20,hocho,G,G,12,,,frame_00000.png,frame_00119.png,,120,2.000607
hocho_G_12,fourier,0,0,QR未検出,,fourier,binary,,,14.981799,4,,1,0.650410,,0.650410,frame_00000.png,frame_00119.png,r90_e250_f0.mp4,90 Hz,1/250,蛍光灯なし,59.982 fps,90,250,0,20,hocho,G,G,12,,,frame_00000.png,frame_00119.png,,120,2.000607
hocho_G_12,fourier,0,0,QR未検出,,fourier,binary,,,14.981799,8,,1,0.650202,,0.650202,frame_00000.png,frame_00119.png,r90_e250_f0.mp4,90 Hz,1/250,蛍光灯なし,59.982 fps,90,250,0,20,hocho,G,G,12,,,frame_00000.png,frame_00119.png,,120,2.000607
hocho_G_12,fourier,0,0,QR未検出,,fourier,binary,,,14.981799,12,,1,0.640278,,0.640278,frame_00000.png,frame_00119.png,r90_e250_f0.mp4,90 Hz,1/250,蛍光灯なし,59.982 fps,90,250,0,20,hocho,G,G,12,,,frame_00000.png,frame_00119.png,,120,2.000607
ex_G_4,fourier,1,0,QR未検出,,fourier,binary,,,7.490900,4,,1,0.650645,,0.650645,frame_00000.png,frame_00119.png,r90_e250_f0.mp4,90 Hz,1/250,蛍光灯なし,59.982 fps,90,250,0,21,ex,G,G,4,,,frame_00000.png,frame_00119.png,,120,2.000607
ex_G_4,fourier,0,0,QR未検出,,fourier,binary,,,9.981799,4,,1,0.650645,,0.650645,frame_00000.png,frame_00119.png,r90_e250_f0.mp4,90 Hz,1/250,蛍光灯なし,59.982 fps,90,250,0,21,ex,G,G,4,,,frame_00000.png,frame_00119.png,,120,2.000607
ex_G_4,fourier,0,0,QR未検出,,fourier,binary,,,14.981799,4,,1,0.650645,,0.650645,frame_00000.png,frame_00119.png,r90_e250_f0.mp4,90 Hz,1/250,蛍光灯なし,59.982 fps,90,250,0,21,ex,G,G,4,,,frame_00000.png,frame_00119.png,,120,2.000607
ex_G_4,fourier,0,0,QR未検出,,fourier,binary,,,22.500000,4,,1,0.650645,,0.650645,frame_00000.png,frame_00119.png,r90_e250_f0.mp4,90 Hz,1/250,蛍光灯なし,59.982 fps,90,250,0,21,ex,G,G,4,,,frame_00000.png,frame_00119.png,,120,2.000607
ex_G_4,fourier,0,0,QR未検出,,fourier,binary,,,7.490900,8,,1,0.650645,,0.650645,frame_00000.png,frame_00119.png,r90_e250_f0.mp4,90 Hz,1/250,蛍光灯なし,59.982 fps,90,250,0,21,ex,G,G,4,,,frame_00000.png,frame_00119.png,,120,2.000607
ex_G_4,fourier,0,0,QR未検出,,fourier,binary,,,9.981799,8,,1,0.650645,,0.650645,frame_00000.png,frame_00119.png,r90_e250_f0.mp4,90 Hz,1/250,蛍光灯なし,59.982 fps,90,250,0,21,ex,G,G,4,,,frame_00000.png,frame_00119.png,,120,2.000607
ex_G_4,fourier,0,0,QR未検出,,fourier,binary,,,22.500000,8,,1,0.650645,,0.650645,frame_00000.png,frame_00119.png,r90_e250_f0.mp4,90 Hz,1/250,蛍光灯なし,59.982 fps,90,250,0,21,ex,G,G,4,,,frame_00000.png,frame_00119.png,,120,2.000607
ex_G_4,fourier,0,0,QR未検出,,fourier,binary,,,7.490900,12,,1,0.650645,,0.650645,frame_00000.png,frame_00119.png,r90_e250_f0.mp4,90 Hz,1/250,蛍光灯なし,59.982 fps,90,250,0,21,ex,G,G,4,,,frame_00000.png,frame_00119.png,,120,2.000607
ex_G_4,fourier,0,0,QR未検出,,fourier,binary,,,9.981799,12,,1,0.650645,,0.650645,frame_00000.png,frame_00119.png,r90_e250_f0.mp4,90 Hz,1/250,蛍光灯なし,59.982 fps,90,250,0,21,ex,G,G,4,,,frame_00000.png,frame_00119.png,,120,2.000607
ex_G_4,fourier,0,0,QR未検出,,fourier,binary,,,22.500000,12,,1,0.650645,,0.650645,frame_00000.png,frame_00119.png,r90_e250_f0.mp4,90 Hz,1/250,蛍光灯なし,59.982 fps,90,250,0,21,ex,G,G,4,,,frame_00000.png,frame_00119.png,,120,2.000607
ex_G_4,fourier,0,0,QR未検出,,fourier,binary,,,14.981799,8,,1,0.650582,,0.650582,frame_00000.png,frame_00119.png,r90_e250_f0.mp4,90 Hz,1/250,蛍光灯なし,59.982 fps,90,250,0,21,ex,G,G,4,,,frame_00000.png,frame_00119.png,,120,2.000607
ex_G_4,fourier,0,0,QR未検出,,fourier,binary,,,14.981799,12,,1,0.650575,,0.650575,frame_00000.png,frame_00119.png,r90_e250_f0.mp4,90 Hz,1/250,蛍光灯なし,59.982 fps,90,250,0,21,ex,G,G,4,,,frame_00000.png,frame_00119.png,,120,2.000607
ex_G_8,fourier,1,0,QR未検出,,fourier,binary,,,14.981799,4,,1,0.644799,,0.644799,frame_00000.png,frame_00119.png,r90_e250_f0.mp4,90 Hz,1/250,蛍光灯なし,59.982 fps,90,250,0,22,ex,G,G,8,,,frame_00000.png,frame_00119.png,,120,2.000607
ex_G_8,fourier,0,0,QR未検出,,fourier,binary,,,7.490900,8,,1,0.644799,,0.644799,frame_00000.png,frame_00119.png,r90_e250_f0.mp4,90 Hz,1/250,蛍光灯なし,59.982 fps,90,250,0,22,ex,G,G,8,,,frame_00000.png,frame_00119.png,,120,2.000607
ex_G_8,fourier,0,0,QR未検出,,fourier,binary,,,9.981799,8,,1,0.644799,,0.644799,frame_00000.png,frame_00119.png,r90_e250_f0.mp4,90 Hz,1/250,蛍光灯なし,59.982 fps,90,250,0,22,ex,G,G,8,,,frame_00000.png,frame_00119.png,,120,2.000607
ex_G_8,fourier,0,0,QR未検出,,fourier,binary,,,22.500000,8,,1,0.644799,,0.644799,frame_00000.png,frame_00119.png,r90_e250_f0.mp4,90 Hz,1/250,蛍光灯なし,59.982 fps,90,250,0,22,ex,G,G,8,,,frame_00000.png,frame_00119.png,,120,2.000607
ex_G_8,fourier,0,0,QR未検出,,fourier,binary,,,7.490900,12,,1,0.644799,,0.644799,frame_00000.png,frame_00119.png,r90_e250_f0.mp4,90 Hz,1/250,蛍光灯なし,59.982 fps,90,250,0,22,ex,G,G,8,,,frame_00000.png,frame_00119.png,,120,2.000607
ex_G_8,fourier,0,0,QR未検出,,fourier,binary,,,9.981799,12,,1,0.644799,,0.644799,frame_00000.png,frame_00119.png,r90_e250_f0.mp4,90 Hz,1/250,蛍光灯なし,59.982 fps,90,250,0,22,ex,G,G,8,,,frame_00000.png,frame_00119.png,,120,2.000607
ex_G_8,fourier,0,0,QR未検出,,fourier,binary,,,22.500000,12,,1,0.644799,,0.644799,frame_00000.png,frame_00119.png,r90_e250_f0.mp4,90 Hz,1/250,蛍光灯なし,59.982 fps,90,250,0,22,ex,G,G,8,,,frame_00000.png,frame_00119.png,,120,2.000607
ex_G_8,fourier,0,0,QR未検出,,fourier,binary,,,7.490900,4,,1,0.644705,,0.644705,frame_00000.png,frame_00119.png,r90_e250_f0.mp4,90 Hz,1/250,蛍光灯なし,59.982 fps,90,250,0,22,ex,G,G,8,,,frame_00000.png,frame_00119.png,,120,2.000607
ex_G_8,fourier,0,0,QR未検出,,fourier,binary,,,9.981799,4,,1,0.644705,,0.644705,frame_00000.png,frame_00119.png,r90_e250_f0.mp4,90 Hz,1/250,蛍光灯なし,59.982 fps,90,250,0,22,ex,G,G,8,,,frame_00000.png,frame_00119.png,,120,2.000607
ex_G_8,fourier,0,0,QR未検出,,fourier,binary,,,22.500000,4,,1,0.644705,,0.644705,frame_00000.png,frame_00119.png,r90_e250_f0.mp4,90 Hz,1/250,蛍光灯なし,59.982 fps,90,250,0,22,ex,G,G,8,,,frame_00000.png,frame_00119.png,,120,2.000607
ex_G_8,fourier,0,0,QR未検出,,fourier,binary,,,14.981799,8,,1,0.644507,,0.644507,frame_00000.png,frame_00119.png,r90_e250_f0.mp4,90 Hz,1/250,蛍光灯なし,59.982 fps,90,250,0,22,ex,G,G,8,,,frame_00000.png,frame_00119.png,,120,2.000607
ex_G_8,fourier,0,0,QR未検出,,fourier,binary,,,14.981799,12,,1,0.643735,,0.643735,frame_00000.png,frame_00119.png,r90_e250_f0.mp4,90 Hz,1/250,蛍光灯なし,59.982 fps,90,250,0,22,ex,G,G,8,,,frame_00000.png,frame_00119.png,,120,2.000607
ex_G_12,fourier,1,0,QR未検出,,fourier,binary,,,7.490900,12,,1,0.697116,,0.697116,frame_00000.png,frame_00119.png,r90_e250_f0.mp4,90 Hz,1/250,蛍光灯なし,59.982 fps,90,250,0,23,ex,G,G,12,,,frame_00000.png,frame_00119.png,,120,2.000607
ex_G_12,fourier,0,0,QR未検出,,fourier,binary,,,7.490900,8,,1,0.666770,,0.666770,frame_00000.png,frame_00119.png,r90_e250_f0.mp4,90 Hz,1/250,蛍光灯なし,59.982 fps,90,250,0,23,ex,G,G,12,,,frame_00000.png,frame_00119.png,,120,2.000607
ex_G_12,fourier,0,0,QR未検出,,fourier,binary,,,9.981799,12,,1,0.651201,,0.651201,frame_00000.png,frame_00119.png,r90_e250_f0.mp4,90 Hz,1/250,蛍光灯なし,59.982 fps,90,250,0,23,ex,G,G,12,,,frame_00000.png,frame_00119.png,,120,2.000607
ex_G_12,fourier,0,0,QR未検出,,fourier,binary,,,7.490900,4,,1,0.649509,,0.649509,frame_00000.png,frame_00119.png,r90_e250_f0.mp4,90 Hz,1/250,蛍光灯なし,59.982 fps,90,250,0,23,ex,G,G,12,,,frame_00000.png,frame_00119.png,,120,2.000607
ex_G_12,fourier,0,0,QR未検出,,fourier,binary,,,22.500000,12,,1,0.649501,,0.649501,frame_00000.png,frame_00119.png,r90_e250_f0.mp4,90 Hz,1/250,蛍光灯なし,59.982 fps,90,250,0,23,ex,G,G,12,,,frame_00000.png,frame_00119.png,,120,2.000607
ex_G_12,fourier,0,0,QR未検出,,fourier,binary,,,9.981799,4,,1,0.649487,,0.649487,frame_00000.png,frame_00119.png,r90_e250_f0.mp4,90 Hz,1/250,蛍光灯なし,59.982 fps,90,250,0,23,ex,G,G,12,,,frame_00000.png,frame_00119.png,,120,2.000607
ex_G_12,fourier,0,0,QR未検出,,fourier,binary,,,14.981799,4,,1,0.649487,,0.649487,frame_00000.png,frame_00119.png,r90_e250_f0.mp4,90 Hz,1/250,蛍光灯なし,59.982 fps,90,250,0,23,ex,G,G,12,,,frame_00000.png,frame_00119.png,,120,2.000607
ex_G_12,fourier,0,0,QR未検出,,fourier,binary,,,22.500000,4,,1,0.649487,,0.649487,frame_00000.png,frame_00119.png,r90_e250_f0.mp4,90 Hz,1/250,蛍光灯なし,59.982 fps,90,250,0,23,ex,G,G,12,,,frame_00000.png,frame_00119.png,,120,2.000607
ex_G_12,fourier,0,0,QR未検出,,fourier,binary,,,9.981799,8,,1,0.649487,,0.649487,frame_00000.png,frame_00119.png,r90_e250_f0.mp4,90 Hz,1/250,蛍光灯なし,59.982 fps,90,250,0,23,ex,G,G,12,,,frame_00000.png,frame_00119.png,,120,2.000607
ex_G_12,fourier,0,0,QR未検出,,fourier,binary,,,22.500000,8,,1,0.649487,,0.649487,frame_00000.png,frame_00119.png,r90_e250_f0.mp4,90 Hz,1/250,蛍光灯なし,59.982 fps,90,250,0,23,ex,G,G,12,,,frame_00000.png,frame_00119.png,,120,2.000607
ex_G_12,fourier,0,0,QR未検出,,fourier,binary,,,14.981799,8,,1,0.649193,,0.649193,frame_00000.png,frame_00119.png,r90_e250_f0.mp4,90 Hz,1/250,蛍光灯なし,59.982 fps,90,250,0,23,ex,G,G,12,,,frame_00000.png,frame_00119.png,,120,2.000607
ex_G_12,fourier,0,0,QR未検出,,fourier,binary,,,14.981799,12,,1,0.641834,,0.641834,frame_00000.png,frame_00119.png,r90_e250_f0.mp4,90 Hz,1/250,蛍光灯なし,59.982 fps,90,250,0,23,ex,G,G,12,,,frame_00000.png,frame_00119.png,,120,2.000607
rice_B_4,fourier,1,0,QR未検出,,fourier,binary,,,7.490900,4,,1,0.650645,,0.650645,frame_00000.png,frame_00119.png,r90_e250_f0.mp4,90 Hz,1/250,蛍光灯なし,59.982 fps,90,250,0,24,rice,B,B,4,,,frame_00000.png,frame_00119.png,,120,2.000607
rice_B_4,fourier,0,0,QR未検出,,fourier,binary,,,9.981799,4,,1,0.650645,,0.650645,frame_00000.png,frame_00119.png,r90_e250_f0.mp4,90 Hz,1/250,蛍光灯なし,59.982 fps,90,250,0,24,rice,B,B,4,,,frame_00000.png,frame_00119.png,,120,2.000607
rice_B_4,fourier,0,0,QR未検出,,fourier,binary,,,14.981799,4,,1,0.650645,,0.650645,frame_00000.png,frame_00119.png,r90_e250_f0.mp4,90 Hz,1/250,蛍光灯なし,59.982 fps,90,250,0,24,rice,B,B,4,,,frame_00000.png,frame_00119.png,,120,2.000607
rice_B_4,fourier,0,0,QR未検出,,fourier,binary,,,22.500000,4,,1,0.650645,,0.650645,frame_00000.png,frame_00119.png,r90_e250_f0.mp4,90 Hz,1/250,蛍光灯なし,59.982 fps,90,250,0,24,rice,B,B,4,,,frame_00000.png,frame_00119.png,,120,2.000607
rice_B_4,fourier,0,0,QR未検出,,fourier,binary,,,7.490900,8,,1,0.650645,,0.650645,frame_00000.png,frame_00119.png,r90_e250_f0.mp4,90 Hz,1/250,蛍光灯なし,59.982 fps,90,250,0,24,rice,B,B,4,,,frame_00000.png,frame_00119.png,,120,2.000607
rice_B_4,fourier,0,0,QR未検出,,fourier,binary,,,9.981799,8,,1,0.650645,,0.650645,frame_00000.png,frame_00119.png,r90_e250_f0.mp4,90 Hz,1/250,蛍光灯なし,59.982 fps,90,250,0,24,rice,B,B,4,,,frame_00000.png,frame_00119.png,,120,2.000607
rice_B_4,fourier,0,0,QR未検出,,fourier,binary,,,14.981799,8,,1,0.650645,,0.650645,frame_00000.png,frame_00119.png,r90_e250_f0.mp4,90 Hz,1/250,蛍光灯なし,59.982 fps,90,250,0,24,rice,B,B,4,,,frame_00000.png,frame_00119.png,,120,2.000607
rice_B_4,fourier,0,0,QR未検出,,fourier,binary,,,22.500000,8,,1,0.650645,,0.650645,frame_00000.png,frame_00119.png,r90_e250_f0.mp4,90 Hz,1/250,蛍光灯なし,59.982 fps,90,250,0,24,rice,B,B,4,,,frame_00000.png,frame_00119.png,,120,2.000607
rice_B_4,fourier,0,0,QR未検出,,fourier,binary,,,7.490900,12,,1,0.650645,,0.650645,frame_00000.png,frame_00119.png,r90_e250_f0.mp4,90 Hz,1/250,蛍光灯なし,59.982 fps,90,250,0,24,rice,B,B,4,,,frame_00000.png,frame_00119.png,,120,2.000607
rice_B_4,fourier,0,0,QR未検出,,fourier,binary,,,9.981799,12,,1,0.650645,,0.650645,frame_00000.png,frame_00119.png,r90_e250_f0.mp4,90 Hz,1/250,蛍光灯なし,59.982 fps,90,250,0,24,rice,B,B,4,,,frame_00000.png,frame_00119.png,,120,2.000607
rice_B_4,fourier,0,0,QR未検出,,fourier,binary,,,14.981799,12,,1,0.650645,,0.650645,frame_00000.png,frame_00119.png,r90_e250_f0.mp4,90 Hz,1/250,蛍光灯なし,59.982 fps,90,250,0,24,rice,B,B,4,,,frame_00000.png,frame_00119.png,,120,2.000607
rice_B_4,fourier,0,0,QR未検出,,fourier,binary,,,22.500000,12,,1,0.650645,,0.650645,frame_00000.png,frame_00119.png,r90_e250_f0.mp4,90 Hz,1/250,蛍光灯なし,59.982 fps,90,250,0,24,rice,B,B,4,,,frame_00000.png,frame_00119.png,,120,2.000607
rice_B_8,fourier,1,0,QR未検出,,fourier,binary,,,7.490900,4,,1,0.650645,,0.650645,frame_00000.png,frame_00119.png,r90_e250_f0.mp4,90 Hz,1/250,蛍光灯なし,59.982 fps,90,250,0,25,rice,B,B,8,,,frame_00000.png,frame_00119.png,,120,2.000607
rice_B_8,fourier,0,0,QR未検出,,fourier,binary,,,9.981799,4,,1,0.650645,,0.650645,frame_00000.png,frame_00119.png,r90_e250_f0.mp4,90 Hz,1/250,蛍光灯なし,59.982 fps,90,250,0,25,rice,B,B,8,,,frame_00000.png,frame_00119.png,,120,2.000607
rice_B_8,fourier,0,0,QR未検出,,fourier,binary,,,14.981799,4,,1,0.650645,,0.650645,frame_00000.png,frame_00119.png,r90_e250_f0.mp4,90 Hz,1/250,蛍光灯なし,59.982 fps,90,250,0,25,rice,B,B,8,,,frame_00000.png,frame_00119.png,,120,2.000607
rice_B_8,fourier,0,0,QR未検出,,fourier,binary,,,22.500000,4,,1,0.650645,,0.650645,frame_00000.png,frame_00119.png,r90_e250_f0.mp4,90 Hz,1/250,蛍光灯なし,59.982 fps,90,250,0,25,rice,B,B,8,,,frame_00000.png,frame_00119.png,,120,2.000607
rice_B_8,fourier,0,0,QR未検出,,fourier,binary,,,7.490900,8,,1,0.650645,,0.650645,frame_00000.png,frame_00119.png,r90_e250_f0.mp4,90 Hz,1/250,蛍光灯なし,59.982 fps,90,250,0,25,rice,B,B,8,,,frame_00000.png,frame_00119.png,,120,2.000607
rice_B_8,fourier,0,0,QR未検出,,fourier,binary,,,9.981799,8,,1,0.650645,,0.650645,frame_00000.png,frame_00119.png,r90_e250_f0.mp4,90 Hz,1/250,蛍光灯なし,59.982 fps,90,250,0,25,rice,B,B,8,,,frame_00000.png,frame_00119.png,,120,2.000607
rice_B_8,fourier,0,0,QR未検出,,fourier,binary,,,14.981799,8,,1,0.650645,,0.650645,frame_00000.png,frame_00119.png,r90_e250_f0.mp4,90 Hz,1/250,蛍光灯なし,59.982 fps,90,250,0,25,rice,B,B,8,,,frame_00000.png,frame_00119.png,,120,2.000607
rice_B_8,fourier,0,0,QR未検出,,fourier,binary,,,22.500000,8,,1,0.650645,,0.650645,frame_00000.png,frame_00119.png,r90_e250_f0.mp4,90 Hz,1/250,蛍光灯なし,59.982 fps,90,250,0,25,rice,B,B,8,,,frame_00000.png,frame_00119.png,,120,2.000607
rice_B_8,fourier,0,0,QR未検出,,fourier,binary,,,7.490900,12,,1,0.650645,,0.650645,frame_00000.png,frame_00119.png,r90_e250_f0.mp4,90 Hz,1/250,蛍光灯なし,59.982 fps,90,250,0,25,rice,B,B,8,,,frame_00000.png,frame_00119.png,,120,2.000607
rice_B_8,fourier,0,0,QR未検出,,fourier,binary,,,9.981799,12,,1,0.650645,,0.650645,frame_00000.png,frame_00119.png,r90_e250_f0.mp4,90 Hz,1/250,蛍光灯なし,59.982 fps,90,250,0,25,rice,B,B,8,,,frame_00000.png,frame_00119.png,,120,2.000607
rice_B_8,fourier,0,0,QR未検出,,fourier,binary,,,22.500000,12,,1,0.650645,,0.650645,frame_00000.png,frame_00119.png,r90_e250_f0.mp4,90 Hz,1/250,蛍光灯なし,59.982 fps,90,250,0,25,rice,B,B,8,,,frame_00000.png,frame_00119.png,,120,2.000607
rice_B_8,fourier,0,0,QR未検出,,fourier,binary,,,14.981799,12,,1,0.650531,,0.650531,frame_00000.png,frame_00119.png,r90_e250_f0.mp4,90 Hz,1/250,蛍光灯なし,59.982 fps,90,250,0,25,rice,B,B,8,,,frame_00000.png,frame_00119.png,,120,2.000607
rice_B_12,fourier,1,0,QR未検出,,fourier,binary,,,7.490900,12,,1,0.651492,,0.651492,frame_00000.png,frame_00119.png,r90_e250_f0.mp4,90 Hz,1/250,蛍光灯なし,59.982 fps,90,250,0,26,rice,B,B,12,,,frame_00000.png,frame_00119.png,,120,2.000607
rice_B_12,fourier,0,0,QR未検出,,fourier,binary,,,9.981799,12,,1,0.650641,,0.650641,frame_00000.png,frame_00119.png,r90_e250_f0.mp4,90 Hz,1/250,蛍光灯なし,59.982 fps,90,250,0,26,rice,B,B,12,,,frame_00000.png,frame_00119.png,,120,2.000607
rice_B_12,fourier,0,0,QR未検出,,fourier,binary,,,7.490900,4,,1,0.650606,,0.650606,frame_00000.png,frame_00119.png,r90_e250_f0.mp4,90 Hz,1/250,蛍光灯なし,59.982 fps,90,250,0,26,rice,B,B,12,,,frame_00000.png,frame_00119.png,,120,2.000607
rice_B_12,fourier,0,0,QR未検出,,fourier,binary,,,9.981799,4,,1,0.650606,,0.650606,frame_00000.png,frame_00119.png,r90_e250_f0.mp4,90 Hz,1/250,蛍光灯なし,59.982 fps,90,250,0,26,rice,B,B,12,,,frame_00000.png,frame_00119.png,,120,2.000607
rice_B_12,fourier,0,0,QR未検出,,fourier,binary,,,14.981799,4,,1,0.650606,,0.650606,frame_00000.png,frame_00119.png,r90_e250_f0.mp4,90 Hz,1/250,蛍光灯なし,59.982 fps,90,250,0,26,rice,B,B,12,,,frame_00000.png,frame_00119.png,,120,2.000607
rice_B_12,fourier,0,0,QR未検出,,fourier,binary,,,22.500000,4,,1,0.650606,,0.650606,frame_00000.png,frame_00119.png,r90_e250_f0.mp4,90 Hz,1/250,蛍光灯なし,59.982 fps,90,250,0,26,rice,B,B,12,,,frame_00000.png,frame_00119.png,,120,2.000607
rice_B_12,fourier,0,0,QR未検出,,fourier,binary,,,7.490900,8,,1,0.650606,,0.650606,frame_00000.png,frame_00119.png,r90_e250_f0.mp4,90 Hz,1/250,蛍光灯なし,59.982 fps,90,250,0,26,rice,B,B,12,,,frame_00000.png,frame_00119.png,,120,2.000607
rice_B_12,fourier,0,0,QR未検出,,fourier,binary,,,9.981799,8,,1,0.650606,,0.650606,frame_00000.png,frame_00119.png,r90_e250_f0.mp4,90 Hz,1/250,蛍光灯なし,59.982 fps,90,250,0,26,rice,B,B,12,,,frame_00000.png,frame_00119.png,,120,2.000607
rice_B_12,fourier,0,0,QR未検出,,fourier,binary,,,22.500000,8,,1,0.650606,,0.650606,frame_00000.png,frame_00119.png,r90_e250_f0.mp4,90 Hz,1/250,蛍光灯なし,59.982 fps,90,250,0,26,rice,B,B,12,,,frame_00000.png,frame_00119.png,,120,2.000607
rice_B_12,fourier,0,0,QR未検出,,fourier,binary,,,22.500000,12,,1,0.650606,,0.650606,frame_00000.png,frame_00119.png,r90_e250_f0.mp4,90 Hz,1/250,蛍光灯なし,59.982 fps,90,250,0,26,rice,B,B,12,,,frame_00000.png,frame_00119.png,,120,2.000607
rice_B_12,fourier,0,0,QR未検出,,fourier,binary,,,14.981799,8,,1,0.650538,,0.650538,frame_00000.png,frame_00119.png,r90_e250_f0.mp4,90 Hz,1/250,蛍光灯なし,59.982 fps,90,250,0,26,rice,B,B,12,,,frame_00000.png,frame_00119.png,,120,2.000607
rice_B_12,fourier,0,0,QR未検出,,fourier,binary,,,14.981799,12,,1,0.649434,,0.649434,frame_00000.png,frame_00119.png,r90_e250_f0.mp4,90 Hz,1/250,蛍光灯なし,59.982 fps,90,250,0,26,rice,B,B,12,,,frame_00000.png,frame_00119.png,,120,2.000607
nagaoka_fireworks_B_4,fourier,1,0,QR未検出,,fourier,binary,,,9.981799,8,,1,0.622131,,0.622131,frame_00000.png,frame_00119.png,r90_e250_f0.mp4,90 Hz,1/250,蛍光灯なし,59.982 fps,90,250,0,27,nagaoka_fireworks,B,B,4,,,frame_00000.png,frame_00119.png,,120,2.000607
nagaoka_fireworks_B_4,fourier,0,0,QR未検出,,fourier,binary,,,7.490900,4,,1,0.622120,,0.622120,frame_00000.png,frame_00119.png,r90_e250_f0.mp4,90 Hz,1/250,蛍光灯なし,59.982 fps,90,250,0,27,nagaoka_fireworks,B,B,4,,,frame_00000.png,frame_00119.png,,120,2.000607
nagaoka_fireworks_B_4,fourier,0,0,QR未検出,,fourier,binary,,,9.981799,4,,1,0.622120,,0.622120,frame_00000.png,frame_00119.png,r90_e250_f0.mp4,90 Hz,1/250,蛍光灯なし,59.982 fps,90,250,0,27,nagaoka_fireworks,B,B,4,,,frame_00000.png,frame_00119.png,,120,2.000607
nagaoka_fireworks_B_4,fourier,0,0,QR未検出,,fourier,binary,,,14.981799,4,,1,0.622120,,0.622120,frame_00000.png,frame_00119.png,r90_e250_f0.mp4,90 Hz,1/250,蛍光灯なし,59.982 fps,90,250,0,27,nagaoka_fireworks,B,B,4,,,frame_00000.png,frame_00119.png,,120,2.000607
nagaoka_fireworks_B_4,fourier,0,0,QR未検出,,fourier,binary,,,22.500000,12,,1,0.622120,,0.622120,frame_00000.png,frame_00119.png,r90_e250_f0.mp4,90 Hz,1/250,蛍光灯なし,59.982 fps,90,250,0,27,nagaoka_fireworks,B,B,4,,,frame_00000.png,frame_00119.png,,120,2.000607
nagaoka_fireworks_B_4,fourier,0,0,QR未検出,,fourier,binary,,,7.490900,8,,1,0.622118,,0.622118,frame_00000.png,frame_00119.png,r90_e250_f0.mp4,90 Hz,1/250,蛍光灯なし,59.982 fps,90,250,0,27,nagaoka_fireworks,B,B,4,,,frame_00000.png,frame_00119.png,,120,2.000607
nagaoka_fireworks_B_4,fourier,0,0,QR未検出,,fourier,binary,,,9.981799,12,,1,0.622048,,0.622048,frame_00000.png,frame_00119.png,r90_e250_f0.mp4,90 Hz,1/250,蛍光灯なし,59.982 fps,90,250,0,27,nagaoka_fireworks,B,B,4,,,frame_00000.png,frame_00119.png,,120,2.000607
nagaoka_fireworks_B_4,fourier,0,0,QR未検出,,fourier,binary,,,14.981799,8,,1,0.621992,,0.621992,frame_00000.png,frame_00119.png,r90_e250_f0.mp4,90 Hz,1/250,蛍光灯なし,59.982 fps,90,250,0,27,nagaoka_fireworks,B,B,4,,,frame_00000.png,frame_00119.png,,120,2.000607
nagaoka_fireworks_B_4,fourier,0,0,QR未検出,,fourier,binary,,,7.490900,12,,1,0.621845,,0.621845,frame_00000.png,frame_00119.png,r90_e250_f0.mp4,90 Hz,1/250,蛍光灯なし,59.982 fps,90,250,0,27,nagaoka_fireworks,B,B,4,,,frame_00000.png,frame_00119.png,,120,2.000607
nagaoka_fireworks_B_4,fourier,0,0,QR未検出,,fourier,binary,,,22.500000,4,,1,0.621756,,0.621756,frame_00000.png,frame_00119.png,r90_e250_f0.mp4,90 Hz,1/250,蛍光灯なし,59.982 fps,90,250,0,27,nagaoka_fireworks,B,B,4,,,frame_00000.png,frame_00119.png,,120,2.000607
nagaoka_fireworks_B_4,fourier,0,0,QR未検出,,fourier,binary,,,22.500000,8,,1,0.621756,,0.621756,frame_00000.png,frame_00119.png,r90_e250_f0.mp4,90 Hz,1/250,蛍光灯なし,59.982 fps,90,250,0,27,nagaoka_fireworks,B,B,4,,,frame_00000.png,frame_00119.png,,120,2.000607
nagaoka_fireworks_B_4,fourier,0,0,QR未検出,,fourier,binary,,,14.981799,12,,1,0.621355,,0.621355,frame_00000.png,frame_00119.png,r90_e250_f0.mp4,90 Hz,1/250,蛍光灯なし,59.982 fps,90,250,0,27,nagaoka_fireworks,B,B,4,,,frame_00000.png,frame_00119.png,,120,2.000607
nagaoka_fireworks_B_8,fourier,1,0,QR未検出,,fourier,binary,,,7.490900,12,,1,0.631722,,0.631722,frame_00000.png,frame_00119.png,r90_e250_f0.mp4,90 Hz,1/250,蛍光灯なし,59.982 fps,90,250,0,28,nagaoka_fireworks,B,B,8,,,frame_00000.png,frame_00119.png,,120,2.000607
nagaoka_fireworks_B_8,fourier,0,0,QR未検出,,fourier,binary,,,9.981799,12,,1,0.630006,,0.630006,frame_00000.png,frame_00119.png,r90_e250_f0.mp4,90 Hz,1/250,蛍光灯なし,59.982 fps,90,250,0,28,nagaoka_fireworks,B,B,8,,,frame_00000.png,frame_00119.png,,120,2.000607
nagaoka_fireworks_B_8,fourier,0,0,QR未検出,,fourier,binary,,,22.500000,4,,1,0.629980,,0.629980,frame_00000.png,frame_00119.png,r90_e250_f0.mp4,90 Hz,1/250,蛍光灯なし,59.982 fps,90,250,0,28,nagaoka_fireworks,B,B,8,,,frame_00000.png,frame_00119.png,,120,2.000607
nagaoka_fireworks_B_8,fourier,0,0,QR未検出,,fourier,binary,,,22.500000,8,,1,0.629848,,0.629848,frame_00000.png,frame_00119.png,r90_e250_f0.mp4,90 Hz,1/250,蛍光灯なし,59.982 fps,90,250,0,28,nagaoka_fireworks,B,B,8,,,frame_00000.png,frame_00119.png,,120,2.000607
nagaoka_fireworks_B_8,fourier,0,0,QR未検出,,fourier,binary,,,9.981799,8,,1,0.629698,,0.629698,frame_00000.png,frame_00119.png,r90_e250_f0.mp4,90 Hz,1/250,蛍光灯なし,59.982 fps,90,250,0,28,nagaoka_fireworks,B,B,8,,,frame_00000.png,frame_00119.png,,120,2.000607
nagaoka_fireworks_B_8,fourier,0,0,QR未検出,,fourier,binary,,,7.490900,4,,1,0.629624,,0.629624,frame_00000.png,frame_00119.png,r90_e250_f0.mp4,90 Hz,1/250,蛍光灯なし,59.982 fps,90,250,0,28,nagaoka_fireworks,B,B,8,,,frame_00000.png,frame_00119.png,,120,2.000607
nagaoka_fireworks_B_8,fourier,0,0,QR未検出,,fourier,binary,,,9.981799,4,,1,0.629624,,0.629624,frame_00000.png,frame_00119.png,r90_e250_f0.mp4,90 Hz,1/250,蛍光灯なし,59.982 fps,90,250,0,28,nagaoka_fireworks,B,B,8,,,frame_00000.png,frame_00119.png,,120,2.000607
nagaoka_fireworks_B_8,fourier,0,0,QR未検出,,fourier,binary,,,22.500000,12,,1,0.629624,,0.629624,frame_00000.png,frame_00119.png,r90_e250_f0.mp4,90 Hz,1/250,蛍光灯なし,59.982 fps,90,250,0,28,nagaoka_fireworks,B,B,8,,,frame_00000.png,frame_00119.png,,120,2.000607
nagaoka_fireworks_B_8,fourier,0,0,QR未検出,,fourier,binary,,,14.981799,4,,1,0.629609,,0.629609,frame_00000.png,frame_00119.png,r90_e250_f0.mp4,90 Hz,1/250,蛍光灯なし,59.982 fps,90,250,0,28,nagaoka_fireworks,B,B,8,,,frame_00000.png,frame_00119.png,,120,2.000607
nagaoka_fireworks_B_8,fourier,0,0,QR未検出,,fourier,binary,,,7.490900,8,,1,0.629596,,0.629596,frame_00000.png,frame_00119.png,r90_e250_f0.mp4,90 Hz,1/250,蛍光灯なし,59.982 fps,90,250,0,28,nagaoka_fireworks,B,B,8,,,frame_00000.png,frame_00119.png,,120,2.000607
nagaoka_fireworks_B_8,fourier,0,0,QR未検出,,fourier,binary,,,14.981799,8,,1,0.628755,,0.628755,frame_00000.png,frame_00119.png,r90_e250_f0.mp4,90 Hz,1/250,蛍光灯なし,59.982 fps,90,250,0,28,nagaoka_fireworks,B,B,8,,,frame_00000.png,frame_00119.png,,120,2.000607
nagaoka_fireworks_B_8,fourier,0,0,QR未検出,,fourier,binary,,,14.981799,12,,1,0.606646,,0.606646,frame_00000.png,frame_00119.png,r90_e250_f0.mp4,90 Hz,1/250,蛍光灯なし,59.982 fps,90,250,0,28,nagaoka_fireworks,B,B,8,,,frame_00000.png,frame_00119.png,,120,2.000607
nagaoka_fireworks_B_12,fourier,1,0,QR未検出,,fourier,binary,,,7.490900,12,,1,0.818367,,0.818367,frame_00000.png,frame_00119.png,r90_e250_f0.mp4,90 Hz,1/250,蛍光灯なし,59.982 fps,90,250,0,29,nagaoka_fireworks,B,B,12,,,frame_00000.png,frame_00119.png,,120,2.000607
nagaoka_fireworks_B_12,fourier,0,0,QR未検出,,fourier,binary,,,9.981799,12,,1,0.750905,,0.750905,frame_00000.png,frame_00119.png,r90_e250_f0.mp4,90 Hz,1/250,蛍光灯なし,59.982 fps,90,250,0,29,nagaoka_fireworks,B,B,12,,,frame_00000.png,frame_00119.png,,120,2.000607
nagaoka_fireworks_B_12,fourier,0,0,QR未検出,,fourier,binary,,,7.490900,8,,1,0.682242,,0.682242,frame_00000.png,frame_00119.png,r90_e250_f0.mp4,90 Hz,1/250,蛍光灯なし,59.982 fps,90,250,0,29,nagaoka_fireworks,B,B,12,,,frame_00000.png,frame_00119.png,,120,2.000607
nagaoka_fireworks_B_12,fourier,0,0,QR未検出,,fourier,binary,,,9.981799,8,,1,0.648531,,0.648531,frame_00000.png,frame_00119.png,r90_e250_f0.mp4,90 Hz,1/250,蛍光灯なし,59.982 fps,90,250,0,29,nagaoka_fireworks,B,B,12,,,frame_00000.png,frame_00119.png,,120,2.000607
nagaoka_fireworks_B_12,fourier,0,0,QR未検出,,fourier,binary,,,7.490900,4,,1,0.628162,,0.628162,frame_00000.png,frame_00119.png,r90_e250_f0.mp4,90 Hz,1/250,蛍光灯なし,59.982 fps,90,250,0,29,nagaoka_fireworks,B,B,12,,,frame_00000.png,frame_00119.png,,120,2.000607
nagaoka_fireworks_B_12,fourier,0,0,QR未検出,,fourier,binary,,,22.500000,12,,1,0.625122,,0.625122,frame_00000.png,frame_00119.png,r90_e250_f0.mp4,90 Hz,1/250,蛍光灯なし,59.982 fps,90,250,0,29,nagaoka_fireworks,B,B,12,,,frame_00000.png,frame_00119.png,,120,2.000607
nagaoka_fireworks_B_12,fourier,0,0,QR未検出,,fourier,binary,,,9.981799,4,,1,0.624951,,0.624951,frame_00000.png,frame_00119.png,r90_e250_f0.mp4,90 Hz,1/250,蛍光灯なし,59.982 fps,90,250,0,29,nagaoka_fireworks,B,B,12,,,frame_00000.png,frame_00119.png,,120,2.000607
nagaoka_fireworks_B_12,fourier,0,0,QR未検出,,fourier,binary,,,22.500000,4,,1,0.624914,,0.624914,frame_00000.png,frame_00119.png,r90_e250_f0.mp4,90 Hz,1/250,蛍光灯なし,59.982 fps,90,250,0,29,nagaoka_fireworks,B,B,12,,,frame_00000.png,frame_00119.png,,120,2.000607
nagaoka_fireworks_B_12,fourier,0,0,QR未検出,,fourier,binary,,,22.500000,8,,1,0.624732,,0.624732,frame_00000.png,frame_00119.png,r90_e250_f0.mp4,90 Hz,1/250,蛍光灯なし,59.982 fps,90,250,0,29,nagaoka_fireworks,B,B,12,,,frame_00000.png,frame_00119.png,,120,2.000607
nagaoka_fireworks_B_12,fourier,0,0,QR未検出,,fourier,binary,,,14.981799,4,,1,0.624328,,0.624328,frame_00000.png,frame_00119.png,r90_e250_f0.mp4,90 Hz,1/250,蛍光灯なし,59.982 fps,90,250,0,29,nagaoka_fireworks,B,B,12,,,frame_00000.png,frame_00119.png,,120,2.000607
nagaoka_fireworks_B_12,fourier,0,0,QR未検出,,fourier,binary,,,14.981799,8,,1,0.622003,,0.622003,frame_00000.png,frame_00119.png,r90_e250_f0.mp4,90 Hz,1/250,蛍光灯なし,59.982 fps,90,250,0,29,nagaoka_fireworks,B,B,12,,,frame_00000.png,frame_00119.png,,120,2.000607
nagaoka_fireworks_B_12,fourier,0,0,QR未検出,,fourier,binary,,,14.981799,12,,1,0.591114,,0.591114,frame_00000.png,frame_00119.png,r90_e250_f0.mp4,90 Hz,1/250,蛍光灯なし,59.982 fps,90,250,0,29,nagaoka_fireworks,B,B,12,,,frame_00000.png,frame_00119.png,,120,2.000607
hocho_B_4,fourier,1,0,QR未検出,,fourier,binary,,,7.490900,4,,1,0.650596,,0.650596,frame_00000.png,frame_00119.png,r90_e250_f0.mp4,90 Hz,1/250,蛍光灯なし,59.982 fps,90,250,0,30,hocho,B,B,4,,,frame_00000.png,frame_00119.png,,120,2.000607
hocho_B_4,fourier,0,0,QR未検出,,fourier,binary,,,9.981799,4,,1,0.650596,,0.650596,frame_00000.png,frame_00119.png,r90_e250_f0.mp4,90 Hz,1/250,蛍光灯なし,59.982 fps,90,250,0,30,hocho,B,B,4,,,frame_00000.png,frame_00119.png,,120,2.000607
hocho_B_4,fourier,0,0,QR未検出,,fourier,binary,,,14.981799,4,,1,0.650596,,0.650596,frame_00000.png,frame_00119.png,r90_e250_f0.mp4,90 Hz,1/250,蛍光灯なし,59.982 fps,90,250,0,30,hocho,B,B,4,,,frame_00000.png,frame_00119.png,,120,2.000607
hocho_B_4,fourier,0,0,QR未検出,,fourier,binary,,,22.500000,4,,1,0.650596,,0.650596,frame_00000.png,frame_00119.png,r90_e250_f0.mp4,90 Hz,1/250,蛍光灯なし,59.982 fps,90,250,0,30,hocho,B,B,4,,,frame_00000.png,frame_00119.png,,120,2.000607
hocho_B_4,fourier,0,0,QR未検出,,fourier,binary,,,7.490900,8,,1,0.650596,,0.650596,frame_00000.png,frame_00119.png,r90_e250_f0.mp4,90 Hz,1/250,蛍光灯なし,59.982 fps,90,250,0,30,hocho,B,B,4,,,frame_00000.png,frame_00119.png,,120,2.000607
hocho_B_4,fourier,0,0,QR未検出,,fourier,binary,,,9.981799,8,,1,0.650596,,0.650596,frame_00000.png,frame_00119.png,r90_e250_f0.mp4,90 Hz,1/250,蛍光灯なし,59.982 fps,90,250,0,30,hocho,B,B,4,,,frame_00000.png,frame_00119.png,,120,2.000607
hocho_B_4,fourier,0,0,QR未検出,,fourier,binary,,,14.981799,8,,1,0.650596,,0.650596,frame_00000.png,frame_00119.png,r90_e250_f0.mp4,90 Hz,1/250,蛍光灯なし,59.982 fps,90,250,0,30,hocho,B,B,4,,,frame_00000.png,frame_00119.png,,120,2.000607
hocho_B_4,fourier,0,0,QR未検出,,fourier,binary,,,22.500000,8,,1,0.650596,,0.650596,frame_00000.png,frame_00119.png,r90_e250_f0.mp4,90 Hz,1/250,蛍光灯なし,59.982 fps,90,250,0,30,hocho,B,B,4,,,frame_00000.png,frame_00119.png,,120,2.000607
hocho_B_4,fourier,0,0,QR未検出,,fourier,binary,,,7.490900,12,,1,0.650596,,0.650596,frame_00000.png,frame_00119.png,r90_e250_f0.mp4,90 Hz,1/250,蛍光灯なし,59.982 fps,90,250,0,30,hocho,B,B,4,,,frame_00000.png,frame_00119.png,,120,2.000607
hocho_B_4,fourier,0,0,QR未検出,,fourier,binary,,,9.981799,12,,1,0.650596,,0.650596,frame_00000.png,frame_00119.png,r90_e250_f0.mp4,90 Hz,1/250,蛍光灯なし,59.982 fps,90,250,0,30,hocho,B,B,4,,,frame_00000.png,frame_00119.png,,120,2.000607
hocho_B_4,fourier,0,0,QR未検出,,fourier,binary,,,22.500000,12,,1,0.650596,,0.650596,frame_00000.png,frame_00119.png,r90_e250_f0.mp4,90 Hz,1/250,蛍光灯なし,59.982 fps,90,250,0,30,hocho,B,B,4,,,frame_00000.png,frame_00119.png,,120,2.000607
hocho_B_4,fourier,0,0,QR未検出,,fourier,binary,,,14.981799,12,,1,0.650402,,0.650402,frame_00000.png,frame_00119.png,r90_e250_f0.mp4,90 Hz,1/250,蛍光灯なし,59.982 fps,90,250,0,30,hocho,B,B,4,,,frame_00000.png,frame_00119.png,,120,2.000607
hocho_B_8,fourier,1,0,QR未検出,,fourier,binary,,,7.490900,12,,1,0.650941,,0.650941,frame_00000.png,frame_00119.png,r90_e250_f0.mp4,90 Hz,1/250,蛍光灯なし,59.982 fps,90,250,0,31,hocho,B,B,8,,,frame_00000.png,frame_00119.png,,120,2.000607
hocho_B_8,fourier,0,0,QR未検出,,fourier,binary,,,7.490900,4,,1,0.650645,,0.650645,frame_00000.png,frame_00119.png,r90_e250_f0.mp4,90 Hz,1/250,蛍光灯なし,59.982 fps,90,250,0,31,hocho,B,B,8,,,frame_00000.png,frame_00119.png,,120,2.000607
hocho_B_8,fourier,0,0,QR未検出,,fourier,binary,,,9.981799,4,,1,0.650645,,0.650645,frame_00000.png,frame_00119.png,r90_e250_f0.mp4,90 Hz,1/250,蛍光灯なし,59.982 fps,90,250,0,31,hocho,B,B,8,,,frame_00000.png,frame_00119.png,,120,2.000607
hocho_B_8,fourier,0,0,QR未検出,,fourier,binary,,,14.981799,4,,1,0.650645,,0.650645,frame_00000.png,frame_00119.png,r90_e250_f0.mp4,90 Hz,1/250,蛍光灯なし,59.982 fps,90,250,0,31,hocho,B,B,8,,,frame_00000.png,frame_00119.png,,120,2.000607
hocho_B_8,fourier,0,0,QR未検出,,fourier,binary,,,22.500000,4,,1,0.650645,,0.650645,frame_00000.png,frame_00119.png,r90_e250_f0.mp4,90 Hz,1/250,蛍光灯なし,59.982 fps,90,250,0,31,hocho,B,B,8,,,frame_00000.png,frame_00119.png,,120,2.000607
hocho_B_8,fourier,0,0,QR未検出,,fourier,binary,,,7.490900,8,,1,0.650645,,0.650645,frame_00000.png,frame_00119.png,r90_e250_f0.mp4,90 Hz,1/250,蛍光灯なし,59.982 fps,90,250,0,31,hocho,B,B,8,,,frame_00000.png,frame_00119.png,,120,2.000607
hocho_B_8,fourier,0,0,QR未検出,,fourier,binary,,,9.981799,8,,1,0.650645,,0.650645,frame_00000.png,frame_00119.png,r90_e250_f0.mp4,90 Hz,1/250,蛍光灯なし,59.982 fps,90,250,0,31,hocho,B,B,8,,,frame_00000.png,frame_00119.png,,120,2.000607
hocho_B_8,fourier,0,0,QR未検出,,fourier,binary,,,22.500000,8,,1,0.650645,,0.650645,frame_00000.png,frame_00119.png,r90_e250_f0.mp4,90 Hz,1/250,蛍光灯なし,59.982 fps,90,250,0,31,hocho,B,B,8,,,frame_00000.png,frame_00119.png,,120,2.000607
hocho_B_8,fourier,0,0,QR未検出,,fourier,binary,,,9.981799,12,,1,0.650645,,0.650645,frame_00000.png,frame_00119.png,r90_e250_f0.mp4,90 Hz,1/250,蛍光灯なし,59.982 fps,90,250,0,31,hocho,B,B,8,,,frame_00000.png,frame_00119.png,,120,2.000607
hocho_B_8,fourier,0,0,QR未検出,,fourier,binary,,,22.500000,12,,1,0.650645,,0.650645,frame_00000.png,frame_00119.png,r90_e250_f0.mp4,90 Hz,1/250,蛍光灯なし,59.982 fps,90,250,0,31,hocho,B,B,8,,,frame_00000.png,frame_00119.png,,120,2.000607
hocho_B_8,fourier,0,0,QR未検出,,fourier,binary,,,14.981799,8,,1,0.650375,,0.650375,frame_00000.png,frame_00119.png,r90_e250_f0.mp4,90 Hz,1/250,蛍光灯なし,59.982 fps,90,250,0,31,hocho,B,B,8,,,frame_00000.png,frame_00119.png,,120,2.000607
hocho_B_8,fourier,0,0,QR未検出,,fourier,binary,,,14.981799,12,,1,0.649175,,0.649175,frame_00000.png,frame_00119.png,r90_e250_f0.mp4,90 Hz,1/250,蛍光灯なし,59.982 fps,90,250,0,31,hocho,B,B,8,,,frame_00000.png,frame_00119.png,,120,2.000607
hocho_B_12,fourier,1,0,QR未検出,,fourier,binary,,,7.490900,12,,1,0.682031,,0.682031,frame_00000.png,frame_00119.png,r90_e250_f0.mp4,90 Hz,1/250,蛍光灯なし,59.982 fps,90,250,0,32,hocho,B,B,12,,,frame_00000.png,frame_00119.png,,120,2.000607
hocho_B_12,fourier,0,0,QR未検出,,fourier,binary,,,9.981799,12,,1,0.667641,,0.667641,frame_00000.png,frame_00119.png,r90_e250_f0.mp4,90 Hz,1/250,蛍光灯なし,59.982 fps,90,250,0,32,hocho,B,B,12,,,frame_00000.png,frame_00119.png,,120,2.000607
hocho_B_12,fourier,0,0,QR未検出,,fourier,binary,,,7.490900,8,,1,0.653178,,0.653178,frame_00000.png,frame_00119.png,r90_e250_f0.mp4,90 Hz,1/250,蛍光灯なし,59.982 fps,90,250,0,32,hocho,B,B,12,,,frame_00000.png,frame_00119.png,,120,2.000607
hocho_B_12,fourier,0,0,QR未検出,,fourier,binary,,,9.981799,8,,1,0.651933,,0.651933,frame_00000.png,frame_00119.png,r90_e250_f0.mp4,90 Hz,1/250,蛍光灯なし,59.982 fps,90,250,0,32,hocho,B,B,12,,,frame_00000.png,frame_00119.png,,120,2.000607
hocho_B_12,fourier,0,0,QR未検出,,fourier,binary,,,7.490900,4,,1,0.650547,,0.650547,frame_00000.png,frame_00119.png,r90_e250_f0.mp4,90 Hz,1/250,蛍光灯なし,59.982 fps,90,250,0,32,hocho,B,B,12,,,frame_00000.png,frame_00119.png,,120,2.000607
hocho_B_12,fourier,0,0,QR未検出,,fourier,binary,,,9.981799,4,,1,0.650547,,0.650547,frame_00000.png,frame_00119.png,r90_e250_f0.mp4,90 Hz,1/250,蛍光灯なし,59.982 fps,90,250,0,32,hocho,B,B,12,,,frame_00000.png,frame_00119.png,,120,2.000607
hocho_B_12,fourier,0,0,QR未検出,,fourier,binary,,,14.981799,4,,1,0.650547,,0.650547,frame_00000.png,frame_00119.png,r90_e250_f0.mp4,90 Hz,1/250,蛍光灯なし,59.982 fps,90,250,0,32,hocho,B,B,12,,,frame_00000.png,frame_00119.png,,120,2.000607
hocho_B_12,fourier,0,0,QR未検出,,fourier,binary,,,22.500000,4,,1,0.650547,,0.650547,frame_00000.png,frame_00119.png,r90_e250_f0.mp4,90 Hz,1/250,蛍光灯なし,59.982 fps,90,250,0,32,hocho,B,B,12,,,frame_00000.png,frame_00119.png,,120,2.000607
hocho_B_12,fourier,0,0,QR未検出,,fourier,binary,,,22.500000,8,,1,0.650547,,0.650547,frame_00000.png,frame_00119.png,r90_e250_f0.mp4,90 Hz,1/250,蛍光灯なし,59.982 fps,90,250,0,32,hocho,B,B,12,,,frame_00000.png,frame_00119.png,,120,2.000607
hocho_B_12,fourier,0,0,QR未検出,,fourier,binary,,,22.500000,12,,1,0.650547,,0.650547,frame_00000.png,frame_00119.png,r90_e250_f0.mp4,90 Hz,1/250,蛍光灯なし,59.982 fps,90,250,0,32,hocho,B,B,12,,,frame_00000.png,frame_00119.png,,120,2.000607
hocho_B_12,fourier,0,0,QR未検出,,fourier,binary,,,14.981799,8,,1,0.650290,,0.650290,frame_00000.png,frame_00119.png,r90_e250_f0.mp4,90 Hz,1/250,蛍光灯なし,59.982 fps,90,250,0,32,hocho,B,B,12,,,frame_00000.png,frame_00119.png,,120,2.000607
hocho_B_12,fourier,0,0,QR未検出,,fourier,binary,,,14.981799,12,,1,0.646075,,0.646075,frame_00000.png,frame_00119.png,r90_e250_f0.mp4,90 Hz,1/250,蛍光灯なし,59.982 fps,90,250,0,32,hocho,B,B,12,,,frame_00000.png,frame_00119.png,,120,2.000607
ex_B_4,fourier,1,0,QR未検出,,fourier,binary,,,7.490900,4,,1,0.650445,,0.650445,frame_00000.png,frame_00119.png,r90_e250_f0.mp4,90 Hz,1/250,蛍光灯なし,59.982 fps,90,250,0,33,ex,B,B,4,,,frame_00000.png,frame_00119.png,,120,2.000607
ex_B_4,fourier,0,0,QR未検出,,fourier,binary,,,9.981799,4,,1,0.650445,,0.650445,frame_00000.png,frame_00119.png,r90_e250_f0.mp4,90 Hz,1/250,蛍光灯なし,59.982 fps,90,250,0,33,ex,B,B,4,,,frame_00000.png,frame_00119.png,,120,2.000607
ex_B_4,fourier,0,0,QR未検出,,fourier,binary,,,14.981799,4,,1,0.650445,,0.650445,frame_00000.png,frame_00119.png,r90_e250_f0.mp4,90 Hz,1/250,蛍光灯なし,59.982 fps,90,250,0,33,ex,B,B,4,,,frame_00000.png,frame_00119.png,,120,2.000607
ex_B_4,fourier,0,0,QR未検出,,fourier,binary,,,22.500000,4,,1,0.650445,,0.650445,frame_00000.png,frame_00119.png,r90_e250_f0.mp4,90 Hz,1/250,蛍光灯なし,59.982 fps,90,250,0,33,ex,B,B,4,,,frame_00000.png,frame_00119.png,,120,2.000607
ex_B_4,fourier,0,0,QR未検出,,fourier,binary,,,7.490900,8,,1,0.650445,,0.650445,frame_00000.png,frame_00119.png,r90_e250_f0.mp4,90 Hz,1/250,蛍光灯なし,59.982 fps,90,250,0,33,ex,B,B,4,,,frame_00000.png,frame_00119.png,,120,2.000607
ex_B_4,fourier,0,0,QR未検出,,fourier,binary,,,9.981799,8,,1,0.650445,,0.650445,frame_00000.png,frame_00119.png,r90_e250_f0.mp4,90 Hz,1/250,蛍光灯なし,59.982 fps,90,250,0,33,ex,B,B,4,,,frame_00000.png,frame_00119.png,,120,2.000607
ex_B_4,fourier,0,0,QR未検出,,fourier,binary,,,14.981799,8,,1,0.650445,,0.650445,frame_00000.png,frame_00119.png,r90_e250_f0.mp4,90 Hz,1/250,蛍光灯なし,59.982 fps,90,250,0,33,ex,B,B,4,,,frame_00000.png,frame_00119.png,,120,2.000607
ex_B_4,fourier,0,0,QR未検出,,fourier,binary,,,22.500000,8,,1,0.650445,,0.650445,frame_00000.png,frame_00119.png,r90_e250_f0.mp4,90 Hz,1/250,蛍光灯なし,59.982 fps,90,250,0,33,ex,B,B,4,,,frame_00000.png,frame_00119.png,,120,2.000607
ex_B_4,fourier,0,0,QR未検出,,fourier,binary,,,7.490900,12,,1,0.650445,,0.650445,frame_00000.png,frame_00119.png,r90_e250_f0.mp4,90 Hz,1/250,蛍光灯なし,59.982 fps,90,250,0,33,ex,B,B,4,,,frame_00000.png,frame_00119.png,,120,2.000607
ex_B_4,fourier,0,0,QR未検出,,fourier,binary,,,9.981799,12,,1,0.650445,,0.650445,frame_00000.png,frame_00119.png,r90_e250_f0.mp4,90 Hz,1/250,蛍光灯なし,59.982 fps,90,250,0,33,ex,B,B,4,,,frame_00000.png,frame_00119.png,,120,2.000607
ex_B_4,fourier,0,0,QR未検出,,fourier,binary,,,22.500000,12,,1,0.650445,,0.650445,frame_00000.png,frame_00119.png,r90_e250_f0.mp4,90 Hz,1/250,蛍光灯なし,59.982 fps,90,250,0,33,ex,B,B,4,,,frame_00000.png,frame_00119.png,,120,2.000607
ex_B_4,fourier,0,0,QR未検出,,fourier,binary,,,14.981799,12,,1,0.650225,,0.650225,frame_00000.png,frame_00119.png,r90_e250_f0.mp4,90 Hz,1/250,蛍光灯なし,59.982 fps,90,250,0,33,ex,B,B,4,,,frame_00000.png,frame_00119.png,,120,2.000607
ex_B_8,fourier,1,0,QR未検出,,fourier,binary,,,7.490900,12,,1,0.647950,,0.647950,frame_00000.png,frame_00119.png,r90_e250_f0.mp4,90 Hz,1/250,蛍光灯なし,59.982 fps,90,250,0,34,ex,B,B,8,,,frame_00000.png,frame_00119.png,,120,2.000607
ex_B_8,fourier,0,0,QR未検出,,fourier,binary,,,9.981799,12,,1,0.647866,,0.647866,frame_00000.png,frame_00119.png,r90_e250_f0.mp4,90 Hz,1/250,蛍光灯なし,59.982 fps,90,250,0,34,ex,B,B,8,,,frame_00000.png,frame_00119.png,,120,2.000607
ex_B_8,fourier,0,0,QR未検出,,fourier,binary,,,7.490900,4,,1,0.647845,,0.647845,frame_00000.png,frame_00119.png,r90_e250_f0.mp4,90 Hz,1/250,蛍光灯なし,59.982 fps,90,250,0,34,ex,B,B,8,,,frame_00000.png,frame_00119.png,,120,2.000607
ex_B_8,fourier,0,0,QR未検出,,fourier,binary,,,9.981799,4,,1,0.647845,,0.647845,frame_00000.png,frame_00119.png,r90_e250_f0.mp4,90 Hz,1/250,蛍光灯なし,59.982 fps,90,250,0,34,ex,B,B,8,,,frame_00000.png,frame_00119.png,,120,2.000607
ex_B_8,fourier,0,0,QR未検出,,fourier,binary,,,14.981799,4,,1,0.647845,,0.647845,frame_00000.png,frame_00119.png,r90_e250_f0.mp4,90 Hz,1/250,蛍光灯なし,59.982 fps,90,250,0,34,ex,B,B,8,,,frame_00000.png,frame_00119.png,,120,2.000607
ex_B_8,fourier,0,0,QR未検出,,fourier,binary,,,22.500000,4,,1,0.647845,,0.647845,frame_00000.png,frame_00119.png,r90_e250_f0.mp4,90 Hz,1/250,蛍光灯なし,59.982 fps,90,250,0,34,ex,B,B,8,,,frame_00000.png,frame_00119.png,,120,2.000607
ex_B_8,fourier,0,0,QR未検出,,fourier,binary,,,9.981799,8,,1,0.647845,,0.647845,frame_00000.png,frame_00119.png,r90_e250_f0.mp4,90 Hz,1/250,蛍光灯なし,59.982 fps,90,250,0,34,ex,B,B,8,,,frame_00000.png,frame_00119.png,,120,2.000607
ex_B_8,fourier,0,0,QR未検出,,fourier,binary,,,22.500000,8,,1,0.647845,,0.647845,frame_00000.png,frame_00119.png,r90_e250_f0.mp4,90 Hz,1/250,蛍光灯なし,59.982 fps,90,250,0,34,ex,B,B,8,,,frame_00000.png,frame_00119.png,,120,2.000607
ex_B_8,fourier,0,0,QR未検出,,fourier,binary,,,22.500000,12,,1,0.647845,,0.647845,frame_00000.png,frame_00119.png,r90_e250_f0.mp4,90 Hz,1/250,蛍光灯なし,59.982 fps,90,250,0,34,ex,B,B,8,,,frame_00000.png,frame_00119.png,,120,2.000607
ex_B_8,fourier,0,0,QR未検出,,fourier,binary,,,7.490900,8,,1,0.647842,,0.647842,frame_00000.png,frame_00119.png,r90_e250_f0.mp4,90 Hz,1/250,蛍光灯なし,59.982 fps,90,250,0,34,ex,B,B,8,,,frame_00000.png,frame_00119.png,,120,2.000607
ex_B_8,fourier,0,0,QR未検出,,fourier,binary,,,14.981799,8,,1,0.647483,,0.647483,frame_00000.png,frame_00119.png,r90_e250_f0.mp4,90 Hz,1/250,蛍光灯なし,59.982 fps,90,250,0,34,ex,B,B,8,,,frame_00000.png,frame_00119.png,,120,2.000607
ex_B_8,fourier,0,0,QR未検出,,fourier,binary,,,14.981799,12,,1,0.646127,,0.646127,frame_00000.png,frame_00119.png,r90_e250_f0.mp4,90 Hz,1/250,蛍光灯なし,59.982 fps,90,250,0,34,ex,B,B,8,,,frame_00000.png,frame_00119.png,,120,2.000607
ex_B_12,fourier,1,1,,zxing_median_otsu,fourier,binary,,,7.490900,12,,1,0.949602,0.949602,0.949602,frame_00000.png,frame_00119.png,r90_e250_f0.mp4,90 Hz,1/250,蛍光灯なし,59.982 fps,90,250,0,35,ex,B,B,12,https://www.nagaoka-ct.ac.jp,zxing_median_otsu_x1.0_k7_i1,frame_00000.png,frame_00119.png,,120,2.000607
ex_B_12,fourier,0,0,QR未検出,,fourier,binary,,,7.490900,8,,1,0.793436,,0.793436,frame_00000.png,frame_00119.png,r90_e250_f0.mp4,90 Hz,1/250,蛍光灯なし,59.982 fps,90,250,0,35,ex,B,B,12,,,frame_00000.png,frame_00119.png,,120,2.000607
ex_B_12,fourier,0,0,QR未検出,,fourier,binary,,,9.981799,12,,1,0.764227,,0.764227,frame_00000.png,frame_00119.png,r90_e250_f0.mp4,90 Hz,1/250,蛍光灯なし,59.982 fps,90,250,0,35,ex,B,B,12,,,frame_00000.png,frame_00119.png,,120,2.000607
ex_B_12,fourier,0,0,QR未検出,,fourier,binary,,,9.981799,8,,1,0.657304,,0.657304,frame_00000.png,frame_00119.png,r90_e250_f0.mp4,90 Hz,1/250,蛍光灯なし,59.982 fps,90,250,0,35,ex,B,B,12,,,frame_00000.png,frame_00119.png,,120,2.000607
ex_B_12,fourier,0,0,QR未検出,,fourier,binary,,,7.490900,4,,1,0.650227,,0.650227,frame_00000.png,frame_00119.png,r90_e250_f0.mp4,90 Hz,1/250,蛍光灯なし,59.982 fps,90,250,0,35,ex,B,B,12,,,frame_00000.png,frame_00119.png,,120,2.000607
ex_B_12,fourier,0,0,QR未検出,,fourier,binary,,,22.500000,12,,1,0.648745,,0.648745,frame_00000.png,frame_00119.png,r90_e250_f0.mp4,90 Hz,1/250,蛍光灯なし,59.982 fps,90,250,0,35,ex,B,B,12,,,frame_00000.png,frame_00119.png,,120,2.000607
ex_B_12,fourier,0,0,QR未検出,,fourier,binary,,,9.981799,4,,1,0.648738,,0.648738,frame_00000.png,frame_00119.png,r90_e250_f0.mp4,90 Hz,1/250,蛍光灯なし,59.982 fps,90,250,0,35,ex,B,B,12,,,frame_00000.png,frame_00119.png,,120,2.000607
ex_B_12,fourier,0,0,QR未検出,,fourier,binary,,,14.981799,4,,1,0.648738,,0.648738,frame_00000.png,frame_00119.png,r90_e250_f0.mp4,90 Hz,1/250,蛍光灯なし,59.982 fps,90,250,0,35,ex,B,B,12,,,frame_00000.png,frame_00119.png,,120,2.000607
ex_B_12,fourier,0,0,QR未検出,,fourier,binary,,,22.500000,4,,1,0.648738,,0.648738,frame_00000.png,frame_00119.png,r90_e250_f0.mp4,90 Hz,1/250,蛍光灯なし,59.982 fps,90,250,0,35,ex,B,B,12,,,frame_00000.png,frame_00119.png,,120,2.000607
ex_B_12,fourier,0,0,QR未検出,,fourier,binary,,,22.500000,8,,1,0.648738,,0.648738,frame_00000.png,frame_00119.png,r90_e250_f0.mp4,90 Hz,1/250,蛍光灯なし,59.982 fps,90,250,0,35,ex,B,B,12,,,frame_00000.png,frame_00119.png,,120,2.000607
ex_B_12,fourier,0,0,QR未検出,,fourier,binary,,,14.981799,8,,1,0.647613,,0.647613,frame_00000.png,frame_00119.png,r90_e250_f0.mp4,90 Hz,1/250,蛍光灯なし,59.982 fps,90,250,0,35,ex,B,B,12,,,frame_00000.png,frame_00119.png,,120,2.000607
ex_B_12,fourier,0,0,QR未検出,,fourier,binary,,,14.981799,12,,1,0.640266,,0.640266,frame_00000.png,frame_00119.png,r90_e250_f0.mp4,90 Hz,1/250,蛍光灯なし,59.982 fps,90,250,0,35,ex,B,B,12,,,frame_00000.png,frame_00119.png,,120,2.000607
rice_I_4,fourier,1,0,QR未検出,,fourier,binary,,,7.490900,4,,1,0.650645,,0.650645,frame_00000.png,frame_00119.png,r90_e250_f0.mp4,90 Hz,1/250,蛍光灯なし,59.982 fps,90,250,0,36,rice,min,I,4,,,frame_00000.png,frame_00119.png,,120,2.000607
rice_I_4,fourier,0,0,QR未検出,,fourier,binary,,,9.981799,4,,1,0.650645,,0.650645,frame_00000.png,frame_00119.png,r90_e250_f0.mp4,90 Hz,1/250,蛍光灯なし,59.982 fps,90,250,0,36,rice,min,I,4,,,frame_00000.png,frame_00119.png,,120,2.000607
rice_I_4,fourier,0,0,QR未検出,,fourier,binary,,,14.981799,4,,1,0.650645,,0.650645,frame_00000.png,frame_00119.png,r90_e250_f0.mp4,90 Hz,1/250,蛍光灯なし,59.982 fps,90,250,0,36,rice,min,I,4,,,frame_00000.png,frame_00119.png,,120,2.000607
rice_I_4,fourier,0,0,QR未検出,,fourier,binary,,,22.500000,4,,1,0.650645,,0.650645,frame_00000.png,frame_00119.png,r90_e250_f0.mp4,90 Hz,1/250,蛍光灯なし,59.982 fps,90,250,0,36,rice,min,I,4,,,frame_00000.png,frame_00119.png,,120,2.000607
rice_I_4,fourier,0,0,QR未検出,,fourier,binary,,,7.490900,8,,1,0.650645,,0.650645,frame_00000.png,frame_00119.png,r90_e250_f0.mp4,90 Hz,1/250,蛍光灯なし,59.982 fps,90,250,0,36,rice,min,I,4,,,frame_00000.png,frame_00119.png,,120,2.000607
rice_I_4,fourier,0,0,QR未検出,,fourier,binary,,,9.981799,8,,1,0.650645,,0.650645,frame_00000.png,frame_00119.png,r90_e250_f0.mp4,90 Hz,1/250,蛍光灯なし,59.982 fps,90,250,0,36,rice,min,I,4,,,frame_00000.png,frame_00119.png,,120,2.000607
rice_I_4,fourier,0,0,QR未検出,,fourier,binary,,,14.981799,8,,1,0.650645,,0.650645,frame_00000.png,frame_00119.png,r90_e250_f0.mp4,90 Hz,1/250,蛍光灯なし,59.982 fps,90,250,0,36,rice,min,I,4,,,frame_00000.png,frame_00119.png,,120,2.000607
rice_I_4,fourier,0,0,QR未検出,,fourier,binary,,,22.500000,8,,1,0.650645,,0.650645,frame_00000.png,frame_00119.png,r90_e250_f0.mp4,90 Hz,1/250,蛍光灯なし,59.982 fps,90,250,0,36,rice,min,I,4,,,frame_00000.png,frame_00119.png,,120,2.000607
rice_I_4,fourier,0,0,QR未検出,,fourier,binary,,,7.490900,12,,1,0.650645,,0.650645,frame_00000.png,frame_00119.png,r90_e250_f0.mp4,90 Hz,1/250,蛍光灯なし,59.982 fps,90,250,0,36,rice,min,I,4,,,frame_00000.png,frame_00119.png,,120,2.000607
rice_I_4,fourier,0,0,QR未検出,,fourier,binary,,,9.981799,12,,1,0.650645,,0.650645,frame_00000.png,frame_00119.png,r90_e250_f0.mp4,90 Hz,1/250,蛍光灯なし,59.982 fps,90,250,0,36,rice,min,I,4,,,frame_00000.png,frame_00119.png,,120,2.000607
rice_I_4,fourier,0,0,QR未検出,,fourier,binary,,,14.981799,12,,1,0.650645,,0.650645,frame_00000.png,frame_00119.png,r90_e250_f0.mp4,90 Hz,1/250,蛍光灯なし,59.982 fps,90,250,0,36,rice,min,I,4,,,frame_00000.png,frame_00119.png,,120,2.000607
rice_I_4,fourier,0,0,QR未検出,,fourier,binary,,,22.500000,12,,1,0.650645,,0.650645,frame_00000.png,frame_00119.png,r90_e250_f0.mp4,90 Hz,1/250,蛍光灯なし,59.982 fps,90,250,0,36,rice,min,I,4,,,frame_00000.png,frame_00119.png,,120,2.000607
rice_I_8,fourier,1,0,QR未検出,,fourier,binary,,,7.490900,4,,1,0.650645,,0.650645,frame_00000.png,frame_00119.png,r90_e250_f0.mp4,90 Hz,1/250,蛍光灯なし,59.982 fps,90,250,0,37,rice,min,I,8,,,frame_00000.png,frame_00119.png,,120,2.000607
rice_I_8,fourier,0,0,QR未検出,,fourier,binary,,,9.981799,4,,1,0.650645,,0.650645,frame_00000.png,frame_00119.png,r90_e250_f0.mp4,90 Hz,1/250,蛍光灯なし,59.982 fps,90,250,0,37,rice,min,I,8,,,frame_00000.png,frame_00119.png,,120,2.000607
rice_I_8,fourier,0,0,QR未検出,,fourier,binary,,,14.981799,4,,1,0.650645,,0.650645,frame_00000.png,frame_00119.png,r90_e250_f0.mp4,90 Hz,1/250,蛍光灯なし,59.982 fps,90,250,0,37,rice,min,I,8,,,frame_00000.png,frame_00119.png,,120,2.000607
rice_I_8,fourier,0,0,QR未検出,,fourier,binary,,,22.500000,4,,1,0.650645,,0.650645,frame_00000.png,frame_00119.png,r90_e250_f0.mp4,90 Hz,1/250,蛍光灯なし,59.982 fps,90,250,0,37,rice,min,I,8,,,frame_00000.png,frame_00119.png,,120,2.000607
rice_I_8,fourier,0,0,QR未検出,,fourier,binary,,,7.490900,8,,1,0.650645,,0.650645,frame_00000.png,frame_00119.png,r90_e250_f0.mp4,90 Hz,1/250,蛍光灯なし,59.982 fps,90,250,0,37,rice,min,I,8,,,frame_00000.png,frame_00119.png,,120,2.000607
rice_I_8,fourier,0,0,QR未検出,,fourier,binary,,,9.981799,8,,1,0.650645,,0.650645,frame_00000.png,frame_00119.png,r90_e250_f0.mp4,90 Hz,1/250,蛍光灯なし,59.982 fps,90,250,0,37,rice,min,I,8,,,frame_00000.png,frame_00119.png,,120,2.000607
rice_I_8,fourier,0,0,QR未検出,,fourier,binary,,,14.981799,8,,1,0.650645,,0.650645,frame_00000.png,frame_00119.png,r90_e250_f0.mp4,90 Hz,1/250,蛍光灯なし,59.982 fps,90,250,0,37,rice,min,I,8,,,frame_00000.png,frame_00119.png,,120,2.000607
rice_I_8,fourier,0,0,QR未検出,,fourier,binary,,,22.500000,8,,1,0.650645,,0.650645,frame_00000.png,frame_00119.png,r90_e250_f0.mp4,90 Hz,1/250,蛍光灯なし,59.982 fps,90,250,0,37,rice,min,I,8,,,frame_00000.png,frame_00119.png,,120,2.000607
rice_I_8,fourier,0,0,QR未検出,,fourier,binary,,,7.490900,12,,1,0.650645,,0.650645,frame_00000.png,frame_00119.png,r90_e250_f0.mp4,90 Hz,1/250,蛍光灯なし,59.982 fps,90,250,0,37,rice,min,I,8,,,frame_00000.png,frame_00119.png,,120,2.000607
rice_I_8,fourier,0,0,QR未検出,,fourier,binary,,,9.981799,12,,1,0.650645,,0.650645,frame_00000.png,frame_00119.png,r90_e250_f0.mp4,90 Hz,1/250,蛍光灯なし,59.982 fps,90,250,0,37,rice,min,I,8,,,frame_00000.png,frame_00119.png,,120,2.000607
rice_I_8,fourier,0,0,QR未検出,,fourier,binary,,,22.500000,12,,1,0.650645,,0.650645,frame_00000.png,frame_00119.png,r90_e250_f0.mp4,90 Hz,1/250,蛍光灯なし,59.982 fps,90,250,0,37,rice,min,I,8,,,frame_00000.png,frame_00119.png,,120,2.000607
rice_I_8,fourier,0,0,QR未検出,,fourier,binary,,,14.981799,12,,1,0.650591,,0.650591,frame_00000.png,frame_00119.png,r90_e250_f0.mp4,90 Hz,1/250,蛍光灯なし,59.982 fps,90,250,0,37,rice,min,I,8,,,frame_00000.png,frame_00119.png,,120,2.000607
rice_I_12,fourier,1,0,QR未検出,,fourier,binary,,,7.490900,12,,1,0.652234,,0.652234,frame_00000.png,frame_00119.png,r90_e250_f0.mp4,90 Hz,1/250,蛍光灯なし,59.982 fps,90,250,0,38,rice,min,I,12,,,frame_00000.png,frame_00119.png,,120,2.000607
rice_I_12,fourier,0,0,QR未検出,,fourier,binary,,,9.981799,12,,1,0.650958,,0.650958,frame_00000.png,frame_00119.png,r90_e250_f0.mp4,90 Hz,1/250,蛍光灯なし,59.982 fps,90,250,0,38,rice,min,I,12,,,frame_00000.png,frame_00119.png,,120,2.000607
rice_I_12,fourier,0,0,QR未検出,,fourier,binary,,,7.490900,8,,1,0.650704,,0.650704,frame_00000.png,frame_00119.png,r90_e250_f0.mp4,90 Hz,1/250,蛍光灯なし,59.982 fps,90,250,0,38,rice,min,I,12,,,frame_00000.png,frame_00119.png,,120,2.000607
rice_I_12,fourier,0,0,QR未検出,,fourier,binary,,,22.500000,12,,1,0.650669,,0.650669,frame_00000.png,frame_00119.png,r90_e250_f0.mp4,90 Hz,1/250,蛍光灯なし,59.982 fps,90,250,0,38,rice,min,I,12,,,frame_00000.png,frame_00119.png,,120,2.000607
rice_I_12,fourier,0,0,QR未検出,,fourier,binary,,,7.490900,4,,1,0.650645,,0.650645,frame_00000.png,frame_00119.png,r90_e250_f0.mp4,90 Hz,1/250,蛍光灯なし,59.982 fps,90,250,0,38,rice,min,I,12,,,frame_00000.png,frame_00119.png,,120,2.000607
rice_I_12,fourier,0,0,QR未検出,,fourier,binary,,,9.981799,4,,1,0.650645,,0.650645,frame_00000.png,frame_00119.png,r90_e250_f0.mp4,90 Hz,1/250,蛍光灯なし,59.982 fps,90,250,0,38,rice,min,I,12,,,frame_00000.png,frame_00119.png,,120,2.000607
rice_I_12,fourier,0,0,QR未検出,,fourier,binary,,,14.981799,4,,1,0.650645,,0.650645,frame_00000.png,frame_00119.png,r90_e250_f0.mp4,90 Hz,1/250,蛍光灯なし,59.982 fps,90,250,0,38,rice,min,I,12,,,frame_00000.png,frame_00119.png,,120,2.000607
rice_I_12,fourier,0,0,QR未検出,,fourier,binary,,,22.500000,4,,1,0.650645,,0.650645,frame_00000.png,frame_00119.png,r90_e250_f0.mp4,90 Hz,1/250,蛍光灯なし,59.982 fps,90,250,0,38,rice,min,I,12,,,frame_00000.png,frame_00119.png,,120,2.000607
rice_I_12,fourier,0,0,QR未検出,,fourier,binary,,,9.981799,8,,1,0.650645,,0.650645,frame_00000.png,frame_00119.png,r90_e250_f0.mp4,90 Hz,1/250,蛍光灯なし,59.982 fps,90,250,0,38,rice,min,I,12,,,frame_00000.png,frame_00119.png,,120,2.000607
rice_I_12,fourier,0,0,QR未検出,,fourier,binary,,,14.981799,8,,1,0.650645,,0.650645,frame_00000.png,frame_00119.png,r90_e250_f0.mp4,90 Hz,1/250,蛍光灯なし,59.982 fps,90,250,0,38,rice,min,I,12,,,frame_00000.png,frame_00119.png,,120,2.000607
rice_I_12,fourier,0,0,QR未検出,,fourier,binary,,,22.500000,8,,1,0.650645,,0.650645,frame_00000.png,frame_00119.png,r90_e250_f0.mp4,90 Hz,1/250,蛍光灯なし,59.982 fps,90,250,0,38,rice,min,I,12,,,frame_00000.png,frame_00119.png,,120,2.000607
rice_I_12,fourier,0,0,QR未検出,,fourier,binary,,,14.981799,12,,1,0.650029,,0.650029,frame_00000.png,frame_00119.png,r90_e250_f0.mp4,90 Hz,1/250,蛍光灯なし,59.982 fps,90,250,0,38,rice,min,I,12,,,frame_00000.png,frame_00119.png,,120,2.000607
nagaoka_fireworks_I_4,fourier,1,0,QR未検出,,fourier,binary,,,9.981799,4,,1,0.620407,,0.620407,frame_00000.png,frame_00119.png,r90_e250_f0.mp4,90 Hz,1/250,蛍光灯なし,59.982 fps,90,250,0,39,nagaoka_fireworks,min,I,4,,,frame_00000.png,frame_00119.png,,120,2.000607
nagaoka_fireworks_I_4,fourier,0,0,QR未検出,,fourier,binary,,,22.500000,4,,1,0.620407,,0.620407,frame_00000.png,frame_00119.png,r90_e250_f0.mp4,90 Hz,1/250,蛍光灯なし,59.982 fps,90,250,0,39,nagaoka_fireworks,min,I,4,,,frame_00000.png,frame_00119.png,,120,2.000607
nagaoka_fireworks_I_4,fourier,0,0,QR未検出,,fourier,binary,,,7.490900,4,,1,0.620405,,0.620405,frame_00000.png,frame_00119.png,r90_e250_f0.mp4,90 Hz,1/250,蛍光灯なし,59.982 fps,90,250,0,39,nagaoka_fireworks,min,I,4,,,frame_00000.png,frame_00119.png,,120,2.000607
nagaoka_fireworks_I_4,fourier,0,0,QR未検出,,fourier,binary,,,14.981799,4,,1,0.620405,,0.620405,frame_00000.png,frame_00119.png,r90_e250_f0.mp4,90 Hz,1/250,蛍光灯なし,59.982 fps,90,250,0,39,nagaoka_fireworks,min,I,4,,,frame_00000.png,frame_00119.png,,120,2.000607
nagaoka_fireworks_I_4,fourier,0,0,QR未検出,,fourier,binary,,,7.490900,8,,1,0.620405,,0.620405,frame_00000.png,frame_00119.png,r90_e250_f0.mp4,90 Hz,1/250,蛍光灯なし,59.982 fps,90,250,0,39,nagaoka_fireworks,min,I,4,,,frame_00000.png,frame_00119.png,,120,2.000607
nagaoka_fireworks_I_4,fourier,0,0,QR未検出,,fourier,binary,,,9.981799,8,,1,0.620405,,0.620405,frame_00000.png,frame_00119.png,r90_e250_f0.mp4,90 Hz,1/250,蛍光灯なし,59.982 fps,90,250,0,39,nagaoka_fireworks,min,I,4,,,frame_00000.png,frame_00119.png,,120,2.000607
nagaoka_fireworks_I_4,fourier,0,0,QR未検出,,fourier,binary,,,22.500000,8,,1,0.620405,,0.620405,frame_00000.png,frame_00119.png,r90_e250_f0.mp4,90 Hz,1/250,蛍光灯なし,59.982 fps,90,250,0,39,nagaoka_fireworks,min,I,4,,,frame_00000.png,frame_00119.png,,120,2.000607
nagaoka_fireworks_I_4,fourier,0,0,QR未検出,,fourier,binary,,,9.981799,12,,1,0.620405,,0.620405,frame_00000.png,frame_00119.png,r90_e250_f0.mp4,90 Hz,1/250,蛍光灯なし,59.982 fps,90,250,0,39,nagaoka_fireworks,min,I,4,,,frame_00000.png,frame_00119.png,,120,2.000607
nagaoka_fireworks_I_4,fourier,0,0,QR未検出,,fourier,binary,,,22.500000,12,,1,0.620405,,0.620405,frame_00000.png,frame_00119.png,r90_e250_f0.mp4,90 Hz,1/250,蛍光灯なし,59.982 fps,90,250,0,39,nagaoka_fireworks,min,I,4,,,frame_00000.png,frame_00119.png,,120,2.000607
nagaoka_fireworks_I_4,fourier,0,0,QR未検出,,fourier,binary,,,14.981799,8,,1,0.620223,,0.620223,frame_00000.png,frame_00119.png,r90_e250_f0.mp4,90 Hz,1/250,蛍光灯なし,59.982 fps,90,250,0,39,nagaoka_fireworks,min,I,4,,,frame_00000.png,frame_00119.png,,120,2.000607
nagaoka_fireworks_I_4,fourier,0,0,QR未検出,,fourier,binary,,,7.490900,12,,1,0.620069,,0.620069,frame_00000.png,frame_00119.png,r90_e250_f0.mp4,90 Hz,1/250,蛍光灯なし,59.982 fps,90,250,0,39,nagaoka_fireworks,min,I,4,,,frame_00000.png,frame_00119.png,,120,2.000607
nagaoka_fireworks_I_4,fourier,0,0,QR未検出,,fourier,binary,,,14.981799,12,,1,0.619788,,0.619788,frame_00000.png,frame_00119.png,r90_e250_f0.mp4,90 Hz,1/250,蛍光灯なし,59.982 fps,90,250,0,39,nagaoka_fireworks,min,I,4,,,frame_00000.png,frame_00119.png,,120,2.000607
nagaoka_fireworks_I_8,fourier,1,0,QR未検出,,fourier,binary,,,7.490900,12,,1,0.623242,,0.623242,frame_00000.png,frame_00119.png,r90_e250_f0.mp4,90 Hz,1/250,蛍光灯なし,59.982 fps,90,250,0,40,nagaoka_fireworks,min,I,8,,,frame_00000.png,frame_00119.png,,120,2.000607
nagaoka_fireworks_I_8,fourier,0,0,QR未検出,,fourier,binary,,,9.981799,12,,1,0.623100,,0.623100,frame_00000.png,frame_00119.png,r90_e250_f0.mp4,90 Hz,1/250,蛍光灯なし,59.982 fps,90,250,0,40,nagaoka_fireworks,min,I,8,,,frame_00000.png,frame_00119.png,,120,2.000607
nagaoka_fireworks_I_8,fourier,0,0,QR未検出,,fourier,binary,,,14.981799,4,,1,0.623054,,0.623054,frame_00000.png,frame_00119.png,r90_e250_f0.mp4,90 Hz,1/250,蛍光灯なし,59.982 fps,90,250,0,40,nagaoka_fireworks,min,I,8,,,frame_00000.png,frame_00119.png,,120,2.000607
nagaoka_fireworks_I_8,fourier,0,0,QR未検出,,fourier,binary,,,7.490900,4,,1,0.623053,,0.623053,frame_00000.png,frame_00119.png,r90_e250_f0.mp4,90 Hz,1/250,蛍光灯なし,59.982 fps,90,250,0,40,nagaoka_fireworks,min,I,8,,,frame_00000.png,frame_00119.png,,120,2.000607
nagaoka_fireworks_I_8,fourier,0,0,QR未検出,,fourier,binary,,,9.981799,4,,1,0.623053,,0.623053,frame_00000.png,frame_00119.png,r90_e250_f0.mp4,90 Hz,1/250,蛍光灯なし,59.982 fps,90,250,0,40,nagaoka_fireworks,min,I,8,,,frame_00000.png,frame_00119.png,,120,2.000607
nagaoka_fireworks_I_8,fourier,0,0,QR未検出,,fourier,binary,,,22.500000,4,,1,0.623053,,0.623053,frame_00000.png,frame_00119.png,r90_e250_f0.mp4,90 Hz,1/250,蛍光灯なし,59.982 fps,90,250,0,40,nagaoka_fireworks,min,I,8,,,frame_00000.png,frame_00119.png,,120,2.000607
nagaoka_fireworks_I_8,fourier,0,0,QR未検出,,fourier,binary,,,7.490900,8,,1,0.623053,,0.623053,frame_00000.png,frame_00119.png,r90_e250_f0.mp4,90 Hz,1/250,蛍光灯なし,59.982 fps,90,250,0,40,nagaoka_fireworks,min,I,8,,,frame_00000.png,frame_00119.png,,120,2.000607
nagaoka_fireworks_I_8,fourier,0,0,QR未検出,,fourier,binary,,,9.981799,8,,1,0.623053,,0.623053,frame_00000.png,frame_00119.png,r90_e250_f0.mp4,90 Hz,1/250,蛍光灯なし,59.982 fps,90,250,0,40,nagaoka_fireworks,min,I,8,,,frame_00000.png,frame_00119.png,,120,2.000607
nagaoka_fireworks_I_8,fourier,0,0,QR未検出,,fourier,binary,,,22.500000,8,,1,0.623053,,0.623053,frame_00000.png,frame_00119.png,r90_e250_f0.mp4,90 Hz,1/250,蛍光灯なし,59.982 fps,90,250,0,40,nagaoka_fireworks,min,I,8,,,frame_00000.png,frame_00119.png,,120,2.000607
nagaoka_fireworks_I_8,fourier,0,0,QR未検出,,fourier,binary,,,22.500000,12,,1,0.623053,,0.623053,frame_00000.png,frame_00119.png,r90_e250_f0.mp4,90 Hz,1/250,蛍光灯なし,59.982 fps,90,250,0,40,nagaoka_fireworks,min,I,8,,,frame_00000.png,frame_00119.png,,120,2.000607
nagaoka_fireworks_I_8,fourier,0,0,QR未検出,,fourier,binary,,,14.981799,8,,1,0.621740,,0.621740,frame_00000.png,frame_00119.png,r90_e250_f0.mp4,90 Hz,1/250,蛍光灯なし,59.982 fps,90,250,0,40,nagaoka_fireworks,min,I,8,,,frame_00000.png,frame_00119.png,,120,2.000607
nagaoka_fireworks_I_8,fourier,0,0,QR未検出,,fourier,binary,,,14.981799,12,,1,0.619135,,0.619135,frame_00000.png,frame_00119.png,r90_e250_f0.mp4,90 Hz,1/250,蛍光灯なし,59.982 fps,90,250,0,40,nagaoka_fireworks,min,I,8,,,frame_00000.png,frame_00119.png,,120,2.000607
nagaoka_fireworks_I_12,fourier,1,0,QR未検出,,fourier,binary,,,7.490900,12,,1,0.671578,,0.671578,frame_00000.png,frame_00119.png,r90_e250_f0.mp4,90 Hz,1/250,蛍光灯なし,59.982 fps,90,250,0,41,nagaoka_fireworks,min,I,12,,,frame_00000.png,frame_00119.png,,120,2.000607
nagaoka_fireworks_I_12,fourier,0,0,QR未検出,,fourier,binary,,,9.981799,12,,1,0.657040,,0.657040,frame_00000.png,frame_00119.png,r90_e250_f0.mp4,90 Hz,1/250,蛍光灯なし,59.982 fps,90,250,0,41,nagaoka_fireworks,min,I,12,,,frame_00000.png,frame_00119.png,,120,2.000607
nagaoka_fireworks_I_12,fourier,0,0,QR未検出,,fourier,binary,,,7.490900,8,,1,0.640101,,0.640101,frame_00000.png,frame_00119.png,r90_e250_f0.mp4,90 Hz,1/250,蛍光灯なし,59.982 fps,90,250,0,41,nagaoka_fireworks,min,I,12,,,frame_00000.png,frame_00119.png,,120,2.000607
nagaoka_fireworks_I_12,fourier,0,0,QR未検出,,fourier,binary,,,9.981799,8,,1,0.633853,,0.633853,frame_00000.png,frame_00119.png,r90_e250_f0.mp4,90 Hz,1/250,蛍光灯なし,59.982 fps,90,250,0,41,nagaoka_fireworks,min,I,12,,,frame_00000.png,frame_00119.png,,120,2.000607
nagaoka_fireworks_I_12,fourier,0,0,QR未検出,,fourier,binary,,,22.500000,4,,1,0.629698,,0.629698,frame_00000.png,frame_00119.png,r90_e250_f0.mp4,90 Hz,1/250,蛍光灯なし,59.982 fps,90,250,0,41,nagaoka_fireworks,min,I,12,,,frame_00000.png,frame_00119.png,,120,2.000607
nagaoka_fireworks_I_12,fourier,0,0,QR未検出,,fourier,binary,,,7.490900,4,,1,0.629479,,0.629479,frame_00000.png,frame_00119.png,r90_e250_f0.mp4,90 Hz,1/250,蛍光灯なし,59.982 fps,90,250,0,41,nagaoka_fireworks,min,I,12,,,frame_00000.png,frame_00119.png,,120,2.000607
nagaoka_fireworks_I_12,fourier,0,0,QR未検出,,fourier,binary,,,22.500000,12,,1,0.629455,,0.629455,frame_00000.png,frame_00119.png,r90_e250_f0.mp4,90 Hz,1/250,蛍光灯なし,59.982 fps,90,250,0,41,nagaoka_fireworks,min,I,12,,,frame_00000.png,frame_00119.png,,120,2.000607
nagaoka_fireworks_I_12,fourier,0,0,QR未検出,,fourier,binary,,,9.981799,4,,1,0.629441,,0.629441,frame_00000.png,frame_00119.png,r90_e250_f0.mp4,90 Hz,1/250,蛍光灯なし,59.982 fps,90,250,0,41,nagaoka_fireworks,min,I,12,,,frame_00000.png,frame_00119.png,,120,2.000607
nagaoka_fireworks_I_12,fourier,0,0,QR未検出,,fourier,binary,,,22.500000,8,,1,0.629441,,0.629441,frame_00000.png,frame_00119.png,r90_e250_f0.mp4,90 Hz,1/250,蛍光灯なし,59.982 fps,90,250,0,41,nagaoka_fireworks,min,I,12,,,frame_00000.png,frame_00119.png,,120,2.000607
nagaoka_fireworks_I_12,fourier,0,0,QR未検出,,fourier,binary,,,14.981799,4,,1,0.628814,,0.628814,frame_00000.png,frame_00119.png,r90_e250_f0.mp4,90 Hz,1/250,蛍光灯なし,59.982 fps,90,250,0,41,nagaoka_fireworks,min,I,12,,,frame_00000.png,frame_00119.png,,120,2.000607
nagaoka_fireworks_I_12,fourier,0,0,QR未検出,,fourier,binary,,,14.981799,8,,1,0.627327,,0.627327,frame_00000.png,frame_00119.png,r90_e250_f0.mp4,90 Hz,1/250,蛍光灯なし,59.982 fps,90,250,0,41,nagaoka_fireworks,min,I,12,,,frame_00000.png,frame_00119.png,,120,2.000607
nagaoka_fireworks_I_12,fourier,0,0,QR未検出,,fourier,binary,,,14.981799,12,,1,0.583136,,0.583136,frame_00000.png,frame_00119.png,r90_e250_f0.mp4,90 Hz,1/250,蛍光灯なし,59.982 fps,90,250,0,41,nagaoka_fireworks,min,I,12,,,frame_00000.png,frame_00119.png,,120,2.000607
hocho_I_4,fourier,1,0,QR未検出,,fourier,binary,,,7.490900,4,,1,0.650638,,0.650638,frame_00000.png,frame_00119.png,r90_e250_f0.mp4,90 Hz,1/250,蛍光灯なし,59.982 fps,90,250,0,42,hocho,min,I,4,,,frame_00000.png,frame_00119.png,,120,2.000607
hocho_I_4,fourier,0,0,QR未検出,,fourier,binary,,,9.981799,4,,1,0.650638,,0.650638,frame_00000.png,frame_00119.png,r90_e250_f0.mp4,90 Hz,1/250,蛍光灯なし,59.982 fps,90,250,0,42,hocho,min,I,4,,,frame_00000.png,frame_00119.png,,120,2.000607
hocho_I_4,fourier,0,0,QR未検出,,fourier,binary,,,14.981799,4,,1,0.650638,,0.650638,frame_00000.png,frame_00119.png,r90_e250_f0.mp4,90 Hz,1/250,蛍光灯なし,59.982 fps,90,250,0,42,hocho,min,I,4,,,frame_00000.png,frame_00119.png,,120,2.000607
hocho_I_4,fourier,0,0,QR未検出,,fourier,binary,,,22.500000,4,,1,0.650638,,0.650638,frame_00000.png,frame_00119.png,r90_e250_f0.mp4,90 Hz,1/250,蛍光灯なし,59.982 fps,90,250,0,42,hocho,min,I,4,,,frame_00000.png,frame_00119.png,,120,2.000607
hocho_I_4,fourier,0,0,QR未検出,,fourier,binary,,,7.490900,8,,1,0.650638,,0.650638,frame_00000.png,frame_00119.png,r90_e250_f0.mp4,90 Hz,1/250,蛍光灯なし,59.982 fps,90,250,0,42,hocho,min,I,4,,,frame_00000.png,frame_00119.png,,120,2.000607
hocho_I_4,fourier,0,0,QR未検出,,fourier,binary,,,9.981799,8,,1,0.650638,,0.650638,frame_00000.png,frame_00119.png,r90_e250_f0.mp4,90 Hz,1/250,蛍光灯なし,59.982 fps,90,250,0,42,hocho,min,I,4,,,frame_00000.png,frame_00119.png,,120,2.000607
hocho_I_4,fourier,0,0,QR未検出,,fourier,binary,,,14.981799,8,,1,0.650638,,0.650638,frame_00000.png,frame_00119.png,r90_e250_f0.mp4,90 Hz,1/250,蛍光灯なし,59.982 fps,90,250,0,42,hocho,min,I,4,,,frame_00000.png,frame_00119.png,,120,2.000607
hocho_I_4,fourier,0,0,QR未検出,,fourier,binary,,,22.500000,8,,1,0.650638,,0.650638,frame_00000.png,frame_00119.png,r90_e250_f0.mp4,90 Hz,1/250,蛍光灯なし,59.982 fps,90,250,0,42,hocho,min,I,4,,,frame_00000.png,frame_00119.png,,120,2.000607
hocho_I_4,fourier,0,0,QR未検出,,fourier,binary,,,9.981799,12,,1,0.650638,,0.650638,frame_00000.png,frame_00119.png,r90_e250_f0.mp4,90 Hz,1/250,蛍光灯なし,59.982 fps,90,250,0,42,hocho,min,I,4,,,frame_00000.png,frame_00119.png,,120,2.000607
hocho_I_4,fourier,0,0,QR未検出,,fourier,binary,,,14.981799,12,,1,0.650638,,0.650638,frame_00000.png,frame_00119.png,r90_e250_f0.mp4,90 Hz,1/250,蛍光灯なし,59.982 fps,90,250,0,42,hocho,min,I,4,,,frame_00000.png,frame_00119.png,,120,2.000607
hocho_I_4,fourier,0,0,QR未検出,,fourier,binary,,,22.500000,12,,1,0.650638,,0.650638,frame_00000.png,frame_00119.png,r90_e250_f0.mp4,90 Hz,1/250,蛍光灯なし,59.982 fps,90,250,0,42,hocho,min,I,4,,,frame_00000.png,frame_00119.png,,120,2.000607
hocho_I_4,fourier,0,0,QR未検出,,fourier,binary,,,7.490900,12,,1,0.650626,,0.650626,frame_00000.png,frame_00119.png,r90_e250_f0.mp4,90 Hz,1/250,蛍光灯なし,59.982 fps,90,250,0,42,hocho,min,I,4,,,frame_00000.png,frame_00119.png,,120,2.000607
hocho_I_8,fourier,1,0,QR未検出,,fourier,binary,,,7.490900,12,,1,0.650554,,0.650554,frame_00000.png,frame_00119.png,r90_e250_f0.mp4,90 Hz,1/250,蛍光灯なし,59.982 fps,90,250,0,43,hocho,min,I,8,,,frame_00000.png,frame_00119.png,,120,2.000607
hocho_I_8,fourier,0,0,QR未検出,,fourier,binary,,,7.490900,4,,1,0.650470,,0.650470,frame_00000.png,frame_00119.png,r90_e250_f0.mp4,90 Hz,1/250,蛍光灯なし,59.982 fps,90,250,0,43,hocho,min,I,8,,,frame_00000.png,frame_00119.png,,120,2.000607
hocho_I_8,fourier,0,0,QR未検出,,fourier,binary,,,9.981799,4,,1,0.650470,,0.650470,frame_00000.png,frame_00119.png,r90_e250_f0.mp4,90 Hz,1/250,蛍光灯なし,59.982 fps,90,250,0,43,hocho,min,I,8,,,frame_00000.png,frame_00119.png,,120,2.000607
hocho_I_8,fourier,0,0,QR未検出,,fourier,binary,,,14.981799,4,,1,0.650470,,0.650470,frame_00000.png,frame_00119.png,r90_e250_f0.mp4,90 Hz,1/250,蛍光灯なし,59.982 fps,90,250,0,43,hocho,min,I,8,,,frame_00000.png,frame_00119.png,,120,2.000607
hocho_I_8,fourier,0,0,QR未検出,,fourier,binary,,,22.500000,4,,1,0.650470,,0.650470,frame_00000.png,frame_00119.png,r90_e250_f0.mp4,90 Hz,1/250,蛍光灯なし,59.982 fps,90,250,0,43,hocho,min,I,8,,,frame_00000.png,frame_00119.png,,120,2.000607
hocho_I_8,fourier,0,0,QR未検出,,fourier,binary,,,7.490900,8,,1,0.650470,,0.650470,frame_00000.png,frame_00119.png,r90_e250_f0.mp4,90 Hz,1/250,蛍光灯なし,59.982 fps,90,250,0,43,hocho,min,I,8,,,frame_00000.png,frame_00119.png,,120,2.000607
hocho_I_8,fourier,0,0,QR未検出,,fourier,binary,,,9.981799,8,,1,0.650470,,0.650470,frame_00000.png,frame_00119.png,r90_e250_f0.mp4,90 Hz,1/250,蛍光灯なし,59.982 fps,90,250,0,43,hocho,min,I,8,,,frame_00000.png,frame_00119.png,,120,2.000607
hocho_I_8,fourier,0,0,QR未検出,,fourier,binary,,,22.500000,8,,1,0.650470,,0.650470,frame_00000.png,frame_00119.png,r90_e250_f0.mp4,90 Hz,1/250,蛍光灯なし,59.982 fps,90,250,0,43,hocho,min,I,8,,,frame_00000.png,frame_00119.png,,120,2.000607
hocho_I_8,fourier,0,0,QR未検出,,fourier,binary,,,9.981799,12,,1,0.650470,,0.650470,frame_00000.png,frame_00119.png,r90_e250_f0.mp4,90 Hz,1/250,蛍光灯なし,59.982 fps,90,250,0,43,hocho,min,I,8,,,frame_00000.png,frame_00119.png,,120,2.000607
hocho_I_8,fourier,0,0,QR未検出,,fourier,binary,,,22.500000,12,,1,0.650470,,0.650470,frame_00000.png,frame_00119.png,r90_e250_f0.mp4,90 Hz,1/250,蛍光灯なし,59.982 fps,90,250,0,43,hocho,min,I,8,,,frame_00000.png,frame_00119.png,,120,2.000607
hocho_I_8,fourier,0,0,QR未検出,,fourier,binary,,,14.981799,8,,1,0.650295,,0.650295,frame_00000.png,frame_00119.png,r90_e250_f0.mp4,90 Hz,1/250,蛍光灯なし,59.982 fps,90,250,0,43,hocho,min,I,8,,,frame_00000.png,frame_00119.png,,120,2.000607
hocho_I_8,fourier,0,0,QR未検出,,fourier,binary,,,14.981799,12,,1,0.650082,,0.650082,frame_00000.png,frame_00119.png,r90_e250_f0.mp4,90 Hz,1/250,蛍光灯なし,59.982 fps,90,250,0,43,hocho,min,I,8,,,frame_00000.png,frame_00119.png,,120,2.000607
hocho_I_12,fourier,1,0,QR未検出,,fourier,binary,,,7.490900,12,,1,0.652234,,0.652234,frame_00000.png,frame_00119.png,r90_e250_f0.mp4,90 Hz,1/250,蛍光灯なし,59.982 fps,90,250,0,44,hocho,min,I,12,,,frame_00000.png,frame_00119.png,,120,2.000607
hocho_I_12,fourier,0,0,QR未検出,,fourier,binary,,,7.490900,8,,1,0.650575,,0.650575,frame_00000.png,frame_00119.png,r90_e250_f0.mp4,90 Hz,1/250,蛍光灯なし,59.982 fps,90,250,0,44,hocho,min,I,12,,,frame_00000.png,frame_00119.png,,120,2.000607
hocho_I_12,fourier,0,0,QR未検出,,fourier,binary,,,9.981799,12,,1,0.650573,,0.650573,frame_00000.png,frame_00119.png,r90_e250_f0.mp4,90 Hz,1/250,蛍光灯なし,59.982 fps,90,250,0,44,hocho,min,I,12,,,frame_00000.png,frame_00119.png,,120,2.000607
hocho_I_12,fourier,0,0,QR未検出,,fourier,binary,,,7.490900,4,,1,0.650568,,0.650568,frame_00000.png,frame_00119.png,r90_e250_f0.mp4,90 Hz,1/250,蛍光灯なし,59.982 fps,90,250,0,44,hocho,min,I,12,,,frame_00000.png,frame_00119.png,,120,2.000607
hocho_I_12,fourier,0,0,QR未検出,,fourier,binary,,,9.981799,4,,1,0.650568,,0.650568,frame_00000.png,frame_00119.png,r90_e250_f0.mp4,90 Hz,1/250,蛍光灯なし,59.982 fps,90,250,0,44,hocho,min,I,12,,,frame_00000.png,frame_00119.png,,120,2.000607
hocho_I_12,fourier,0,0,QR未検出,,fourier,binary,,,14.981799,4,,1,0.650568,,0.650568,frame_00000.png,frame_00119.png,r90_e250_f0.mp4,90 Hz,1/250,蛍光灯なし,59.982 fps,90,250,0,44,hocho,min,I,12,,,frame_00000.png,frame_00119.png,,120,2.000607
hocho_I_12,fourier,0,0,QR未検出,,fourier,binary,,,22.500000,4,,1,0.650568,,0.650568,frame_00000.png,frame_00119.png,r90_e250_f0.mp4,90 Hz,1/250,蛍光灯なし,59.982 fps,90,250,0,44,hocho,min,I,12,,,frame_00000.png,frame_00119.png,,120,2.000607
hocho_I_12,fourier,0,0,QR未検出,,fourier,binary,,,9.981799,8,,1,0.650568,,0.650568,frame_00000.png,frame_00119.png,r90_e250_f0.mp4,90 Hz,1/250,蛍光灯なし,59.982 fps,90,250,0,44,hocho,min,I,12,,,frame_00000.png,frame_00119.png,,120,2.000607
hocho_I_12,fourier,0,0,QR未検出,,fourier,binary,,,22.500000,8,,1,0.650568,,0.650568,frame_00000.png,frame_00119.png,r90_e250_f0.mp4,90 Hz,1/250,蛍光灯なし,59.982 fps,90,250,0,44,hocho,min,I,12,,,frame_00000.png,frame_00119.png,,120,2.000607
hocho_I_12,fourier,0,0,QR未検出,,fourier,binary,,,22.500000,12,,1,0.650568,,0.650568,frame_00000.png,frame_00119.png,r90_e250_f0.mp4,90 Hz,1/250,蛍光灯なし,59.982 fps,90,250,0,44,hocho,min,I,12,,,frame_00000.png,frame_00119.png,,120,2.000607
hocho_I_12,fourier,0,0,QR未検出,,fourier,binary,,,14.981799,8,,1,0.650405,,0.650405,frame_00000.png,frame_00119.png,r90_e250_f0.mp4,90 Hz,1/250,蛍光灯なし,59.982 fps,90,250,0,44,hocho,min,I,12,,,frame_00000.png,frame_00119.png,,120,2.000607
hocho_I_12,fourier,0,0,QR未検出,,fourier,binary,,,14.981799,12,,1,0.647195,,0.647195,frame_00000.png,frame_00119.png,r90_e250_f0.mp4,90 Hz,1/250,蛍光灯なし,59.982 fps,90,250,0,44,hocho,min,I,12,,,frame_00000.png,frame_00119.png,,120,2.000607
ex_I_4,fourier,1,0,QR未検出,,fourier,binary,,,7.490900,4,,1,0.650054,,0.650054,frame_00000.png,frame_00119.png,r90_e250_f0.mp4,90 Hz,1/250,蛍光灯なし,59.982 fps,90,250,0,45,ex,min,I,4,,,frame_00000.png,frame_00119.png,,120,2.000607
ex_I_4,fourier,0,0,QR未検出,,fourier,binary,,,9.981799,4,,1,0.650054,,0.650054,frame_00000.png,frame_00119.png,r90_e250_f0.mp4,90 Hz,1/250,蛍光灯なし,59.982 fps,90,250,0,45,ex,min,I,4,,,frame_00000.png,frame_00119.png,,120,2.000607
ex_I_4,fourier,0,0,QR未検出,,fourier,binary,,,14.981799,4,,1,0.650054,,0.650054,frame_00000.png,frame_00119.png,r90_e250_f0.mp4,90 Hz,1/250,蛍光灯なし,59.982 fps,90,250,0,45,ex,min,I,4,,,frame_00000.png,frame_00119.png,,120,2.000607
ex_I_4,fourier,0,0,QR未検出,,fourier,binary,,,22.500000,4,,1,0.650054,,0.650054,frame_00000.png,frame_00119.png,r90_e250_f0.mp4,90 Hz,1/250,蛍光灯なし,59.982 fps,90,250,0,45,ex,min,I,4,,,frame_00000.png,frame_00119.png,,120,2.000607
ex_I_4,fourier,0,0,QR未検出,,fourier,binary,,,7.490900,8,,1,0.650054,,0.650054,frame_00000.png,frame_00119.png,r90_e250_f0.mp4,90 Hz,1/250,蛍光灯なし,59.982 fps,90,250,0,45,ex,min,I,4,,,frame_00000.png,frame_00119.png,,120,2.000607
ex_I_4,fourier,0,0,QR未検出,,fourier,binary,,,9.981799,8,,1,0.650054,,0.650054,frame_00000.png,frame_00119.png,r90_e250_f0.mp4,90 Hz,1/250,蛍光灯なし,59.982 fps,90,250,0,45,ex,min,I,4,,,frame_00000.png,frame_00119.png,,120,2.000607
ex_I_4,fourier,0,0,QR未検出,,fourier,binary,,,22.500000,8,,1,0.650054,,0.650054,frame_00000.png,frame_00119.png,r90_e250_f0.mp4,90 Hz,1/250,蛍光灯なし,59.982 fps,90,250,0,45,ex,min,I,4,,,frame_00000.png,frame_00119.png,,120,2.000607
ex_I_4,fourier,0,0,QR未検出,,fourier,binary,,,7.490900,12,,1,0.650054,,0.650054,frame_00000.png,frame_00119.png,r90_e250_f0.mp4,90 Hz,1/250,蛍光灯なし,59.982 fps,90,250,0,45,ex,min,I,4,,,frame_00000.png,frame_00119.png,,120,2.000607
ex_I_4,fourier,0,0,QR未検出,,fourier,binary,,,9.981799,12,,1,0.650054,,0.650054,frame_00000.png,frame_00119.png,r90_e250_f0.mp4,90 Hz,1/250,蛍光灯なし,59.982 fps,90,250,0,45,ex,min,I,4,,,frame_00000.png,frame_00119.png,,120,2.000607
ex_I_4,fourier,0,0,QR未検出,,fourier,binary,,,22.500000,12,,1,0.650054,,0.650054,frame_00000.png,frame_00119.png,r90_e250_f0.mp4,90 Hz,1/250,蛍光灯なし,59.982 fps,90,250,0,45,ex,min,I,4,,,frame_00000.png,frame_00119.png,,120,2.000607
ex_I_4,fourier,0,0,QR未検出,,fourier,binary,,,14.981799,8,,1,0.650052,,0.650052,frame_00000.png,frame_00119.png,r90_e250_f0.mp4,90 Hz,1/250,蛍光灯なし,59.982 fps,90,250,0,45,ex,min,I,4,,,frame_00000.png,frame_00119.png,,120,2.000607
ex_I_4,fourier,0,0,QR未検出,,fourier,binary,,,14.981799,12,,1,0.649980,,0.649980,frame_00000.png,frame_00119.png,r90_e250_f0.mp4,90 Hz,1/250,蛍光灯なし,59.982 fps,90,250,0,45,ex,min,I,4,,,frame_00000.png,frame_00119.png,,120,2.000607
ex_I_8,fourier,1,0,QR未検出,,fourier,binary,,,7.490900,4,,1,0.649623,,0.649623,frame_00000.png,frame_00119.png,r90_e250_f0.mp4,90 Hz,1/250,蛍光灯なし,59.982 fps,90,250,0,46,ex,min,I,8,,,frame_00000.png,frame_00119.png,,120,2.000607
ex_I_8,fourier,0,0,QR未検出,,fourier,binary,,,9.981799,4,,1,0.649623,,0.649623,frame_00000.png,frame_00119.png,r90_e250_f0.mp4,90 Hz,1/250,蛍光灯なし,59.982 fps,90,250,0,46,ex,min,I,8,,,frame_00000.png,frame_00119.png,,120,2.000607
ex_I_8,fourier,0,0,QR未検出,,fourier,binary,,,22.500000,4,,1,0.649623,,0.649623,frame_00000.png,frame_00119.png,r90_e250_f0.mp4,90 Hz,1/250,蛍光灯なし,59.982 fps,90,250,0,46,ex,min,I,8,,,frame_00000.png,frame_00119.png,,120,2.000607
ex_I_8,fourier,0,0,QR未検出,,fourier,binary,,,14.981799,4,,1,0.649616,,0.649616,frame_00000.png,frame_00119.png,r90_e250_f0.mp4,90 Hz,1/250,蛍光灯なし,59.982 fps,90,250,0,46,ex,min,I,8,,,frame_00000.png,frame_00119.png,,120,2.000607
ex_I_8,fourier,0,0,QR未検出,,fourier,binary,,,7.490900,8,,1,0.649616,,0.649616,frame_00000.png,frame_00119.png,r90_e250_f0.mp4,90 Hz,1/250,蛍光灯なし,59.982 fps,90,250,0,46,ex,min,I,8,,,frame_00000.png,frame_00119.png,,120,2.000607
ex_I_8,fourier,0,0,QR未検出,,fourier,binary,,,9.981799,8,,1,0.649616,,0.649616,frame_00000.png,frame_00119.png,r90_e250_f0.mp4,90 Hz,1/250,蛍光灯なし,59.982 fps,90,250,0,46,ex,min,I,8,,,frame_00000.png,frame_00119.png,,120,2.000607
ex_I_8,fourier,0,0,QR未検出,,fourier,binary,,,22.500000,8,,1,0.649616,,0.649616,frame_00000.png,frame_00119.png,r90_e250_f0.mp4,90 Hz,1/250,蛍光灯なし,59.982 fps,90,250,0,46,ex,min,I,8,,,frame_00000.png,frame_00119.png,,120,2.000607
ex_I_8,fourier,0,0,QR未検出,,fourier,binary,,,7.490900,12,,1,0.649616,,0.649616,frame_00000.png,frame_00119.png,r90_e250_f0.mp4,90 Hz,1/250,蛍光灯なし,59.982 fps,90,250,0,46,ex,min,I,8,,,frame_00000.png,frame_00119.png,,120,2.000607
ex_I_8,fourier,0,0,QR未検出,,fourier,binary,,,9.981799,12,,1,0.649616,,0.649616,frame_00000.png,frame_00119.png,r90_e250_f0.mp4,90 Hz,1/250,蛍光灯なし,59.982 fps,90,250,0,46,ex,min,I,8,,,frame_00000.png,frame_00119.png,,120,2.000607
ex_I_8,fourier,0,0,QR未検出,,fourier,binary,,,22.500000,12,,1,0.649616,,0.649616,frame_00000.png,frame_00119.png,r90_e250_f0.mp4,90 Hz,1/250,蛍光灯なし,59.982 fps,90,250,0,46,ex,min,I,8,,,frame_00000.png,frame_00119.png,,120,2.000607
ex_I_8,fourier,0,0,QR未検出,,fourier,binary,,,14.981799,8,,1,0.649536,,0.649536,frame_00000.png,frame_00119.png,r90_e250_f0.mp4,90 Hz,1/250,蛍光灯なし,59.982 fps,90,250,0,46,ex,min,I,8,,,frame_00000.png,frame_00119.png,,120,2.000607
ex_I_8,fourier,0,0,QR未検出,,fourier,binary,,,14.981799,12,,1,0.649119,,0.649119,frame_00000.png,frame_00119.png,r90_e250_f0.mp4,90 Hz,1/250,蛍光灯なし,59.982 fps,90,250,0,46,ex,min,I,8,,,frame_00000.png,frame_00119.png,,120,2.000607
ex_I_12,fourier,1,0,QR未検出,,fourier,binary,,,7.490900,12,,1,0.806682,,0.806682,frame_00000.png,frame_00119.png,r90_e250_f0.mp4,90 Hz,1/250,蛍光灯なし,59.982 fps,90,250,0,47,ex,min,I,12,,,frame_00000.png,frame_00119.png,,120,2.000607
ex_I_12,fourier,0,0,QR未検出,,fourier,binary,,,7.490900,8,,1,0.709275,,0.709275,frame_00000.png,frame_00119.png,r90_e250_f0.mp4,90 Hz,1/250,蛍光灯なし,59.982 fps,90,250,0,47,ex,min,I,12,,,frame_00000.png,frame_00119.png,,120,2.000607
ex_I_12,fourier,0,0,QR未検出,,fourier,binary,,,9.981799,12,,1,0.650689,,0.650689,frame_00000.png,frame_00119.png,r90_e250_f0.mp4,90 Hz,1/250,蛍光灯なし,59.982 fps,90,250,0,47,ex,min,I,12,,,frame_00000.png,frame_00119.png,,120,2.000607
ex_I_12,fourier,0,0,QR未検出,,fourier,binary,,,7.490900,4,,1,0.648302,,0.648302,frame_00000.png,frame_00119.png,r90_e250_f0.mp4,90 Hz,1/250,蛍光灯なし,59.982 fps,90,250,0,47,ex,min,I,12,,,frame_00000.png,frame_00119.png,,120,2.000607
ex_I_12,fourier,0,0,QR未検出,,fourier,binary,,,9.981799,8,,1,0.646127,,0.646127,frame_00000.png,frame_00119.png,r90_e250_f0.mp4,90 Hz,1/250,蛍光灯なし,59.982 fps,90,250,0,47,ex,min,I,12,,,frame_00000.png,frame_00119.png,,120,2.000607
ex_I_12,fourier,0,0,QR未検出,,fourier,binary,,,9.981799,4,,1,0.646112,,0.646112,frame_00000.png,frame_00119.png,r90_e250_f0.mp4,90 Hz,1/250,蛍光灯なし,59.982 fps,90,250,0,47,ex,min,I,12,,,frame_00000.png,frame_00119.png,,120,2.000607
ex_I_12,fourier,0,0,QR未検出,,fourier,binary,,,22.500000,4,,1,0.646112,,0.646112,frame_00000.png,frame_00119.png,r90_e250_f0.mp4,90 Hz,1/250,蛍光灯なし,59.982 fps,90,250,0,47,ex,min,I,12,,,frame_00000.png,frame_00119.png,,120,2.000607
ex_I_12,fourier,0,0,QR未検出,,fourier,binary,,,22.500000,12,,1,0.646101,,0.646101,frame_00000.png,frame_00119.png,r90_e250_f0.mp4,90 Hz,1/250,蛍光灯なし,59.982 fps,90,250,0,47,ex,min,I,12,,,frame_00000.png,frame_00119.png,,120,2.000607
ex_I_12,fourier,0,0,QR未検出,,fourier,binary,,,22.500000,8,,1,0.645979,,0.645979,frame_00000.png,frame_00119.png,r90_e250_f0.mp4,90 Hz,1/250,蛍光灯なし,59.982 fps,90,250,0,47,ex,min,I,12,,,frame_00000.png,frame_00119.png,,120,2.000607
ex_I_12,fourier,0,0,QR未検出,,fourier,binary,,,14.981799,4,,1,0.645902,,0.645902,frame_00000.png,frame_00119.png,r90_e250_f0.mp4,90 Hz,1/250,蛍光灯なし,59.982 fps,90,250,0,47,ex,min,I,12,,,frame_00000.png,frame_00119.png,,120,2.000607
ex_I_12,fourier,0,0,QR未検出,,fourier,binary,,,14.981799,8,,1,0.645536,,0.645536,frame_00000.png,frame_00119.png,r90_e250_f0.mp4,90 Hz,1/250,蛍光灯なし,59.982 fps,90,250,0,47,ex,min,I,12,,,frame_00000.png,frame_00119.png,,120,2.000607
ex_I_12,fourier,0,0,QR未検出,,fourier,binary,,,14.981799,12,,1,0.629990,,0.629990,frame_00000.png,frame_00119.png,r90_e250_f0.mp4,90 Hz,1/250,蛍光灯なし,59.982 fps,90,250,0,47,ex,min,I,12,,,frame_00000.png,frame_00119.png,,120,2.000607
rice_X_4,fourier,1,0,QR未検出,,fourier,binary,,,7.490900,4,,1,0.650645,,0.650645,frame_00000.png,frame_00119.png,r90_e250_f0.mp4,90 Hz,1/250,蛍光灯なし,59.982 fps,90,250,0,48,rice,max,X,4,,,frame_00000.png,frame_00119.png,,120,2.000607
rice_X_4,fourier,0,0,QR未検出,,fourier,binary,,,9.981799,4,,1,0.650645,,0.650645,frame_00000.png,frame_00119.png,r90_e250_f0.mp4,90 Hz,1/250,蛍光灯なし,59.982 fps,90,250,0,48,rice,max,X,4,,,frame_00000.png,frame_00119.png,,120,2.000607
rice_X_4,fourier,0,0,QR未検出,,fourier,binary,,,14.981799,4,,1,0.650645,,0.650645,frame_00000.png,frame_00119.png,r90_e250_f0.mp4,90 Hz,1/250,蛍光灯なし,59.982 fps,90,250,0,48,rice,max,X,4,,,frame_00000.png,frame_00119.png,,120,2.000607
rice_X_4,fourier,0,0,QR未検出,,fourier,binary,,,22.500000,4,,1,0.650645,,0.650645,frame_00000.png,frame_00119.png,r90_e250_f0.mp4,90 Hz,1/250,蛍光灯なし,59.982 fps,90,250,0,48,rice,max,X,4,,,frame_00000.png,frame_00119.png,,120,2.000607
rice_X_4,fourier,0,0,QR未検出,,fourier,binary,,,7.490900,8,,1,0.650645,,0.650645,frame_00000.png,frame_00119.png,r90_e250_f0.mp4,90 Hz,1/250,蛍光灯なし,59.982 fps,90,250,0,48,rice,max,X,4,,,frame_00000.png,frame_00119.png,,120,2.000607
rice_X_4,fourier,0,0,QR未検出,,fourier,binary,,,9.981799,8,,1,0.650645,,0.650645,frame_00000.png,frame_00119.png,r90_e250_f0.mp4,90 Hz,1/250,蛍光灯なし,59.982 fps,90,250,0,48,rice,max,X,4,,,frame_00000.png,frame_00119.png,,120,2.000607
rice_X_4,fourier,0,0,QR未検出,,fourier,binary,,,14.981799,8,,1,0.650645,,0.650645,frame_00000.png,frame_00119.png,r90_e250_f0.mp4,90 Hz,1/250,蛍光灯なし,59.982 fps,90,250,0,48,rice,max,X,4,,,frame_00000.png,frame_00119.png,,120,2.000607
rice_X_4,fourier,0,0,QR未検出,,fourier,binary,,,22.500000,8,,1,0.650645,,0.650645,frame_00000.png,frame_00119.png,r90_e250_f0.mp4,90 Hz,1/250,蛍光灯なし,59.982 fps,90,250,0,48,rice,max,X,4,,,frame_00000.png,frame_00119.png,,120,2.000607
rice_X_4,fourier,0,0,QR未検出,,fourier,binary,,,7.490900,12,,1,0.650645,,0.650645,frame_00000.png,frame_00119.png,r90_e250_f0.mp4,90 Hz,1/250,蛍光灯なし,59.982 fps,90,250,0,48,rice,max,X,4,,,frame_00000.png,frame_00119.png,,120,2.000607
rice_X_4,fourier,0,0,QR未検出,,fourier,binary,,,9.981799,12,,1,0.650645,,0.650645,frame_00000.png,frame_00119.png,r90_e250_f0.mp4,90 Hz,1/250,蛍光灯なし,59.982 fps,90,250,0,48,rice,max,X,4,,,frame_00000.png,frame_00119.png,,120,2.000607
rice_X_4,fourier,0,0,QR未検出,,fourier,binary,,,14.981799,12,,1,0.650645,,0.650645,frame_00000.png,frame_00119.png,r90_e250_f0.mp4,90 Hz,1/250,蛍光灯なし,59.982 fps,90,250,0,48,rice,max,X,4,,,frame_00000.png,frame_00119.png,,120,2.000607
rice_X_4,fourier,0,0,QR未検出,,fourier,binary,,,22.500000,12,,1,0.650645,,0.650645,frame_00000.png,frame_00119.png,r90_e250_f0.mp4,90 Hz,1/250,蛍光灯なし,59.982 fps,90,250,0,48,rice,max,X,4,,,frame_00000.png,frame_00119.png,,120,2.000607
rice_X_8,fourier,1,0,QR未検出,,fourier,binary,,,7.490900,4,,1,0.650645,,0.650645,frame_00000.png,frame_00119.png,r90_e250_f0.mp4,90 Hz,1/250,蛍光灯なし,59.982 fps,90,250,0,49,rice,max,X,8,,,frame_00000.png,frame_00119.png,,120,2.000607
rice_X_8,fourier,0,0,QR未検出,,fourier,binary,,,9.981799,4,,1,0.650645,,0.650645,frame_00000.png,frame_00119.png,r90_e250_f0.mp4,90 Hz,1/250,蛍光灯なし,59.982 fps,90,250,0,49,rice,max,X,8,,,frame_00000.png,frame_00119.png,,120,2.000607
rice_X_8,fourier,0,0,QR未検出,,fourier,binary,,,14.981799,4,,1,0.650645,,0.650645,frame_00000.png,frame_00119.png,r90_e250_f0.mp4,90 Hz,1/250,蛍光灯なし,59.982 fps,90,250,0,49,rice,max,X,8,,,frame_00000.png,frame_00119.png,,120,2.000607
rice_X_8,fourier,0,0,QR未検出,,fourier,binary,,,22.500000,4,,1,0.650645,,0.650645,frame_00000.png,frame_00119.png,r90_e250_f0.mp4,90 Hz,1/250,蛍光灯なし,59.982 fps,90,250,0,49,rice,max,X,8,,,frame_00000.png,frame_00119.png,,120,2.000607
rice_X_8,fourier,0,0,QR未検出,,fourier,binary,,,7.490900,8,,1,0.650645,,0.650645,frame_00000.png,frame_00119.png,r90_e250_f0.mp4,90 Hz,1/250,蛍光灯なし,59.982 fps,90,250,0,49,rice,max,X,8,,,frame_00000.png,frame_00119.png,,120,2.000607
rice_X_8,fourier,0,0,QR未検出,,fourier,binary,,,9.981799,8,,1,0.650645,,0.650645,frame_00000.png,frame_00119.png,r90_e250_f0.mp4,90 Hz,1/250,蛍光灯なし,59.982 fps,90,250,0,49,rice,max,X,8,,,frame_00000.png,frame_00119.png,,120,2.000607
rice_X_8,fourier,0,0,QR未検出,,fourier,binary,,,14.981799,8,,1,0.650645,,0.650645,frame_00000.png,frame_00119.png,r90_e250_f0.mp4,90 Hz,1/250,蛍光灯なし,59.982 fps,90,250,0,49,rice,max,X,8,,,frame_00000.png,frame_00119.png,,120,2.000607
rice_X_8,fourier,0,0,QR未検出,,fourier,binary,,,22.500000,8,,1,0.650645,,0.650645,frame_00000.png,frame_00119.png,r90_e250_f0.mp4,90 Hz,1/250,蛍光灯なし,59.982 fps,90,250,0,49,rice,max,X,8,,,frame_00000.png,frame_00119.png,,120,2.000607
rice_X_8,fourier,0,0,QR未検出,,fourier,binary,,,7.490900,12,,1,0.650645,,0.650645,frame_00000.png,frame_00119.png,r90_e250_f0.mp4,90 Hz,1/250,蛍光灯なし,59.982 fps,90,250,0,49,rice,max,X,8,,,frame_00000.png,frame_00119.png,,120,2.000607
rice_X_8,fourier,0,0,QR未検出,,fourier,binary,,,9.981799,12,,1,0.650645,,0.650645,frame_00000.png,frame_00119.png,r90_e250_f0.mp4,90 Hz,1/250,蛍光灯なし,59.982 fps,90,250,0,49,rice,max,X,8,,,frame_00000.png,frame_00119.png,,120,2.000607
rice_X_8,fourier,0,0,QR未検出,,fourier,binary,,,22.500000,12,,1,0.650645,,0.650645,frame_00000.png,frame_00119.png,r90_e250_f0.mp4,90 Hz,1/250,蛍光灯なし,59.982 fps,90,250,0,49,rice,max,X,8,,,frame_00000.png,frame_00119.png,,120,2.000607
rice_X_8,fourier,0,0,QR未検出,,fourier,binary,,,14.981799,12,,1,0.650634,,0.650634,frame_00000.png,frame_00119.png,r90_e250_f0.mp4,90 Hz,1/250,蛍光灯なし,59.982 fps,90,250,0,49,rice,max,X,8,,,frame_00000.png,frame_00119.png,,120,2.000607
rice_X_12,fourier,1,0,QR未検出,,fourier,binary,,,7.490900,12,,1,0.662172,,0.662172,frame_00000.png,frame_00119.png,r90_e250_f0.mp4,90 Hz,1/250,蛍光灯なし,59.982 fps,90,250,0,50,rice,max,X,12,,,frame_00000.png,frame_00119.png,,120,2.000607
rice_X_12,fourier,0,0,QR未検出,,fourier,binary,,,9.981799,12,,1,0.654403,,0.654403,frame_00000.png,frame_00119.png,r90_e250_f0.mp4,90 Hz,1/250,蛍光灯なし,59.982 fps,90,250,0,50,rice,max,X,12,,,frame_00000.png,frame_00119.png,,120,2.000607
rice_X_12,fourier,0,0,QR未検出,,fourier,binary,,,7.490900,8,,1,0.651667,,0.651667,frame_00000.png,frame_00119.png,r90_e250_f0.mp4,90 Hz,1/250,蛍光灯なし,59.982 fps,90,250,0,50,rice,max,X,12,,,frame_00000.png,frame_00119.png,,120,2.000607
rice_X_12,fourier,0,0,QR未検出,,fourier,binary,,,22.500000,12,,1,0.650745,,0.650745,frame_00000.png,frame_00119.png,r90_e250_f0.mp4,90 Hz,1/250,蛍光灯なし,59.982 fps,90,250,0,50,rice,max,X,12,,,frame_00000.png,frame_00119.png,,120,2.000607
rice_X_12,fourier,0,0,QR未検出,,fourier,binary,,,9.981799,8,,1,0.650720,,0.650720,frame_00000.png,frame_00119.png,r90_e250_f0.mp4,90 Hz,1/250,蛍光灯なし,59.982 fps,90,250,0,50,rice,max,X,12,,,frame_00000.png,frame_00119.png,,120,2.000607
rice_X_12,fourier,0,0,QR未検出,,fourier,binary,,,7.490900,4,,1,0.650645,,0.650645,frame_00000.png,frame_00119.png,r90_e250_f0.mp4,90 Hz,1/250,蛍光灯なし,59.982 fps,90,250,0,50,rice,max,X,12,,,frame_00000.png,frame_00119.png,,120,2.000607
rice_X_12,fourier,0,0,QR未検出,,fourier,binary,,,9.981799,4,,1,0.650645,,0.650645,frame_00000.png,frame_00119.png,r90_e250_f0.mp4,90 Hz,1/250,蛍光灯なし,59.982 fps,90,250,0,50,rice,max,X,12,,,frame_00000.png,frame_00119.png,,120,2.000607
rice_X_12,fourier,0,0,QR未検出,,fourier,binary,,,14.981799,4,,1,0.650645,,0.650645,frame_00000.png,frame_00119.png,r90_e250_f0.mp4,90 Hz,1/250,蛍光灯なし,59.982 fps,90,250,0,50,rice,max,X,12,,,frame_00000.png,frame_00119.png,,120,2.000607
rice_X_12,fourier,0,0,QR未検出,,fourier,binary,,,22.500000,4,,1,0.650645,,0.650645,frame_00000.png,frame_00119.png,r90_e250_f0.mp4,90 Hz,1/250,蛍光灯なし,59.982 fps,90,250,0,50,rice,max,X,12,,,frame_00000.png,frame_00119.png,,120,2.000607
rice_X_12,fourier,0,0,QR未検出,,fourier,binary,,,14.981799,8,,1,0.650645,,0.650645,frame_00000.png,frame_00119.png,r90_e250_f0.mp4,90 Hz,1/250,蛍光灯なし,59.982 fps,90,250,0,50,rice,max,X,12,,,frame_00000.png,frame_00119.png,,120,2.000607
rice_X_12,fourier,0,0,QR未検出,,fourier,binary,,,22.500000,8,,1,0.650645,,0.650645,frame_00000.png,frame_00119.png,r90_e250_f0.mp4,90 Hz,1/250,蛍光灯なし,59.982 fps,90,250,0,50,rice,max,X,12,,,frame_00000.png,frame_00119.png,,120,2.000607
rice_X_12,fourier,0,0,QR未検出,,fourier,binary,,,14.981799,12,,1,0.650185,,0.650185,frame_00000.png,frame_00119.png,r90_e250_f0.mp4,90 Hz,1/250,蛍光灯なし,59.982 fps,90,250,0,50,rice,max,X,12,,,frame_00000.png,frame_00119.png,,120,2.000607
nagaoka_fireworks_X_4,fourier,1,0,QR未検出,,fourier,binary,,,7.490900,4,,1,0.622417,,0.622417,frame_00000.png,frame_00119.png,r90_e250_f0.mp4,90 Hz,1/250,蛍光灯なし,59.982 fps,90,250,0,51,nagaoka_fireworks,max,X,4,,,frame_00000.png,frame_00119.png,,120,2.000607
nagaoka_fireworks_X_4,fourier,0,0,QR未検出,,fourier,binary,,,9.981799,4,,1,0.622417,,0.622417,frame_00000.png,frame_00119.png,r90_e250_f0.mp4,90 Hz,1/250,蛍光灯なし,59.982 fps,90,250,0,51,nagaoka_fireworks,max,X,4,,,frame_00000.png,frame_00119.png,,120,2.000607
nagaoka_fireworks_X_4,fourier,0,0,QR未検出,,fourier,binary,,,22.500000,4,,1,0.622417,,0.622417,frame_00000.png,frame_00119.png,r90_e250_f0.mp4,90 Hz,1/250,蛍光灯なし,59.982 fps,90,250,0,51,nagaoka_fireworks,max,X,4,,,frame_00000.png,frame_00119.png,,120,2.000607
nagaoka_fireworks_X_4,fourier,0,0,QR未検出,,fourier,binary,,,7.490900,8,,1,0.622417,,0.622417,frame_00000.png,frame_00119.png,r90_e250_f0.mp4,90 Hz,1/250,蛍光灯なし,59.982 fps,90,250,0,51,nagaoka_fireworks,max,X,4,,,frame_00000.png,frame_00119.png,,120,2.000607
nagaoka_fireworks_X_4,fourier,0,0,QR未検出,,fourier,binary,,,22.500000,8,,1,0.622417,,0.622417,frame_00000.png,frame_00119.png,r90_e250_f0.mp4,90 Hz,1/250,蛍光灯なし,59.982 fps,90,250,0,51,nagaoka_fireworks,max,X,4,,,frame_00000.png,frame_00119.png,,120,2.000607
nagaoka_fireworks_X_4,fourier,0,0,QR未検出,,fourier,binary,,,22.500000,12,,1,0.622417,,0.622417,frame_00000.png,frame_00119.png,r90_e250_f0.mp4,90 Hz,1/250,蛍光灯なし,59.982 fps,90,250,0,51,nagaoka_fireworks,max,X,4,,,frame_00000.png,frame_00119.png,,120,2.000607
nagaoka_fireworks_X_4,fourier,0,0,QR未検出,,fourier,binary,,,14.981799,4,,1,0.622416,,0.622416,frame_00000.png,frame_00119.png,r90_e250_f0.mp4,90 Hz,1/250,蛍光灯なし,59.982 fps,90,250,0,51,nagaoka_fireworks,max,X,4,,,frame_00000.png,frame_00119.png,,120,2.000607
nagaoka_fireworks_X_4,fourier,0,0,QR未検出,,fourier,binary,,,9.981799,8,,1,0.622412,,0.622412,frame_00000.png,frame_00119.png,r90_e250_f0.mp4,90 Hz,1/250,蛍光灯なし,59.982 fps,90,250,0,51,nagaoka_fireworks,max,X,4,,,frame_00000.png,frame_00119.png,,120,2.000607
nagaoka_fireworks_X_4,fourier,0,0,QR未検出,,fourier,binary,,,9.981799,12,,1,0.622412,,0.622412,frame_00000.png,frame_00119.png,r90_e250_f0.mp4,90 Hz,1/250,蛍光灯なし,59.982 fps,90,250,0,51,nagaoka_fireworks,max,X,4,,,frame_00000.png,frame_00119.png,,120,2.000607
nagaoka_fireworks_X_4,fourier,0,0,QR未検出,,fourier,binary,,,14.981799,8,,1,0.622327,,0.622327,frame_00000.png,frame_00119.png,r90_e250_f0.mp4,90 Hz,1/250,蛍光灯なし,59.982 fps,90,250,0,51,nagaoka_fireworks,max,X,4,,,frame_00000.png,frame_00119.png,,120,2.000607
nagaoka_fireworks_X_4,fourier,0,0,QR未検出,,fourier,binary,,,14.981799,12,,1,0.622171,,0.622171,frame_00000.png,frame_00119.png,r90_e250_f0.mp4,90 Hz,1/250,蛍光灯なし,59.982 fps,90,250,0,51,nagaoka_fireworks,max,X,4,,,frame_00000.png,frame_00119.png,,120,2.000607
nagaoka_fireworks_X_4,fourier,0,0,QR未検出,,fourier,binary,,,7.490900,12,,1,0.622013,,0.622013,frame_00000.png,frame_00119.png,r90_e250_f0.mp4,90 Hz,1/250,蛍光灯なし,59.982 fps,90,250,0,51,nagaoka_fireworks,max,X,4,,,frame_00000.png,frame_00119.png,,120,2.000607
nagaoka_fireworks_X_8,fourier,1,0,QR未検出,,fourier,binary,,,7.490900,12,,1,0.614108,,0.614108,frame_00000.png,frame_00119.png,r90_e250_f0.mp4,90 Hz,1/250,蛍光灯なし,59.982 fps,90,250,0,52,nagaoka_fireworks,max,X,8,,,frame_00000.png,frame_00119.png,,120,2.000607
nagaoka_fireworks_X_8,fourier,0,0,QR未検出,,fourier,binary,,,7.490900,8,,1,0.611281,,0.611281,frame_00000.png,frame_00119.png,r90_e250_f0.mp4,90 Hz,1/250,蛍光灯なし,59.982 fps,90,250,0,52,nagaoka_fireworks,max,X,8,,,frame_00000.png,frame_00119.png,,120,2.000607
nagaoka_fireworks_X_8,fourier,0,0,QR未検出,,fourier,binary,,,9.981799,4,,1,0.611151,,0.611151,frame_00000.png,frame_00119.png,r90_e250_f0.mp4,90 Hz,1/250,蛍光灯なし,59.982 fps,90,250,0,52,nagaoka_fireworks,max,X,8,,,frame_00000.png,frame_00119.png,,120,2.000607
nagaoka_fireworks_X_8,fourier,0,0,QR未検出,,fourier,binary,,,22.500000,4,,1,0.611151,,0.611151,frame_00000.png,frame_00119.png,r90_e250_f0.mp4,90 Hz,1/250,蛍光灯なし,59.982 fps,90,250,0,52,nagaoka_fireworks,max,X,8,,,frame_00000.png,frame_00119.png,,120,2.000607
nagaoka_fireworks_X_8,fourier,0,0,QR未検出,,fourier,binary,,,7.490900,4,,1,0.611097,,0.611097,frame_00000.png,frame_00119.png,r90_e250_f0.mp4,90 Hz,1/250,蛍光灯なし,59.982 fps,90,250,0,52,nagaoka_fireworks,max,X,8,,,frame_00000.png,frame_00119.png,,120,2.000607
nagaoka_fireworks_X_8,fourier,0,0,QR未検出,,fourier,binary,,,9.981799,8,,1,0.611097,,0.611097,frame_00000.png,frame_00119.png,r90_e250_f0.mp4,90 Hz,1/250,蛍光灯なし,59.982 fps,90,250,0,52,nagaoka_fireworks,max,X,8,,,frame_00000.png,frame_00119.png,,120,2.000607
nagaoka_fireworks_X_8,fourier,0,0,QR未検出,,fourier,binary,,,22.500000,8,,1,0.611097,,0.611097,frame_00000.png,frame_00119.png,r90_e250_f0.mp4,90 Hz,1/250,蛍光灯なし,59.982 fps,90,250,0,52,nagaoka_fireworks,max,X,8,,,frame_00000.png,frame_00119.png,,120,2.000607
nagaoka_fireworks_X_8,fourier,0,0,QR未検出,,fourier,binary,,,9.981799,12,,1,0.611097,,0.611097,frame_00000.png,frame_00119.png,r90_e250_f0.mp4,90 Hz,1/250,蛍光灯なし,59.982 fps,90,250,0,52,nagaoka_fireworks,max,X,8,,,frame_00000.png,frame_00119.png,,120,2.000607
nagaoka_fireworks_X_8,fourier,0,0,QR未検出,,fourier,binary,,,22.500000,12,,1,0.611097,,0.611097,frame_00000.png,frame_00119.png,r90_e250_f0.mp4,90 Hz,1/250,蛍光灯なし,59.982 fps,90,250,0,52,nagaoka_fireworks,max,X,8,,,frame_00000.png,frame_00119.png,,120,2.000607
nagaoka_fireworks_X_8,fourier,0,0,QR未検出,,fourier,binary,,,14.981799,4,,1,0.611001,,0.611001,frame_00000.png,frame_00119.png,r90_e250_f0.mp4,90 Hz,1/250,蛍光灯なし,59.982 fps,90,250,0,52,nagaoka_fireworks,max,X,8,,,frame_00000.png,frame_00119.png,,120,2.000607
nagaoka_fireworks_X_8,fourier,0,0,QR未検出,,fourier,binary,,,14.981799,8,,1,0.609561,,0.609561,frame_00000.png,frame_00119.png,r90_e250_f0.mp4,90 Hz,1/250,蛍光灯なし,59.982 fps,90,250,0,52,nagaoka_fireworks,max,X,8,,,frame_00000.png,frame_00119.png,,120,2.000607
nagaoka_fireworks_X_8,fourier,0,0,QR未検出,,fourier,binary,,,14.981799,12,,1,0.583053,,0.583053,frame_00000.png,frame_00119.png,r90_e250_f0.mp4,90 Hz,1/250,蛍光灯なし,59.982 fps,90,250,0,52,nagaoka_fireworks,max,X,8,,,frame_00000.png,frame_00119.png,,120,2.000607
nagaoka_fireworks_X_12,fourier,1,0,QR未検出,,fourier,binary,,,7.490900,12,,1,0.739205,,0.739205,frame_00000.png,frame_00119.png,r90_e250_f0.mp4,90 Hz,1/250,蛍光灯なし,59.982 fps,90,250,0,53,nagaoka_fireworks,max,X,12,,,frame_00000.png,frame_00119.png,,120,2.000607
nagaoka_fireworks_X_12,fourier,0,0,QR未検出,,fourier,binary,,,7.490900,8,,1,0.655735,,0.655735,frame_00000.png,frame_00119.png,r90_e250_f0.mp4,90 Hz,1/250,蛍光灯なし,59.982 fps,90,250,0,53,nagaoka_fireworks,max,X,12,,,frame_00000.png,frame_00119.png,,120,2.000607
nagaoka_fireworks_X_12,fourier,0,0,QR未検出,,fourier,binary,,,9.981799,12,,1,0.634634,,0.634634,frame_00000.png,frame_00119.png,r90_e250_f0.mp4,90 Hz,1/250,蛍光灯なし,59.982 fps,90,250,0,53,nagaoka_fireworks,max,X,12,,,frame_00000.png,frame_00119.png,,120,2.000607
nagaoka_fireworks_X_12,fourier,0,0,QR未検出,,fourier,binary,,,22.500000,12,,1,0.628361,,0.628361,frame_00000.png,frame_00119.png,r90_e250_f0.mp4,90 Hz,1/250,蛍光灯なし,59.982 fps,90,250,0,53,nagaoka_fireworks,max,X,12,,,frame_00000.png,frame_00119.png,,120,2.000607
nagaoka_fireworks_X_12,fourier,0,0,QR未検出,,fourier,binary,,,9.981799,8,,1,0.626820,,0.626820,frame_00000.png,frame_00119.png,r90_e250_f0.mp4,90 Hz,1/250,蛍光灯なし,59.982 fps,90,250,0,53,nagaoka_fireworks,max,X,12,,,frame_00000.png,frame_00119.png,,120,2.000607
nagaoka_fireworks_X_12,fourier,0,0,QR未検出,,fourier,binary,,,7.490900,4,,1,0.626751,,0.626751,frame_00000.png,frame_00119.png,r90_e250_f0.mp4,90 Hz,1/250,蛍光灯なし,59.982 fps,90,250,0,53,nagaoka_fireworks,max,X,12,,,frame_00000.png,frame_00119.png,,120,2.000607
nagaoka_fireworks_X_12,fourier,0,0,QR未検出,,fourier,binary,,,22.500000,8,,1,0.626181,,0.626181,frame_00000.png,frame_00119.png,r90_e250_f0.mp4,90 Hz,1/250,蛍光灯なし,59.982 fps,90,250,0,53,nagaoka_fireworks,max,X,12,,,frame_00000.png,frame_00119.png,,120,2.000607
nagaoka_fireworks_X_12,fourier,0,0,QR未検出,,fourier,binary,,,9.981799,4,,1,0.626137,,0.626137,frame_00000.png,frame_00119.png,r90_e250_f0.mp4,90 Hz,1/250,蛍光灯なし,59.982 fps,90,250,0,53,nagaoka_fireworks,max,X,12,,,frame_00000.png,frame_00119.png,,120,2.000607
nagaoka_fireworks_X_12,fourier,0,0,QR未検出,,fourier,binary,,,22.500000,4,,1,0.626137,,0.626137,frame_00000.png,frame_00119.png,r90_e250_f0.mp4,90 Hz,1/250,蛍光灯なし,59.982 fps,90,250,0,53,nagaoka_fireworks,max,X,12,,,frame_00000.png,frame_00119.png,,120,2.000607
nagaoka_fireworks_X_12,fourier,0,0,QR未検出,,fourier,binary,,,14.981799,4,,1,0.625796,,0.625796,frame_00000.png,frame_00119.png,r90_e250_f0.mp4,90 Hz,1/250,蛍光灯なし,59.982 fps,90,250,0,53,nagaoka_fireworks,max,X,12,,,frame_00000.png,frame_00119.png,,120,2.000607
nagaoka_fireworks_X_12,fourier,0,0,QR未検出,,fourier,binary,,,14.981799,8,,1,0.622773,,0.622773,frame_00000.png,frame_00119.png,r90_e250_f0.mp4,90 Hz,1/250,蛍光灯なし,59.982 fps,90,250,0,53,nagaoka_fireworks,max,X,12,,,frame_00000.png,frame_00119.png,,120,2.000607
nagaoka_fireworks_X_12,fourier,0,0,QR未検出,,fourier,binary,,,14.981799,12,,1,0.574667,,0.574667,frame_00000.png,frame_00119.png,r90_e250_f0.mp4,90 Hz,1/250,蛍光灯なし,59.982 fps,90,250,0,53,nagaoka_fireworks,max,X,12,,,frame_00000.png,frame_00119.png,,120,2.000607
hocho_X_4,fourier,1,0,QR未検出,,fourier,binary,,,7.490900,4,,1,0.650603,,0.650603,frame_00000.png,frame_00119.png,r90_e250_f0.mp4,90 Hz,1/250,蛍光灯なし,59.982 fps,90,250,0,54,hocho,max,X,4,,,frame_00000.png,frame_00119.png,,120,2.000607
hocho_X_4,fourier,0,0,QR未検出,,fourier,binary,,,9.981799,4,,1,0.650603,,0.650603,frame_00000.png,frame_00119.png,r90_e250_f0.mp4,90 Hz,1/250,蛍光灯なし,59.982 fps,90,250,0,54,hocho,max,X,4,,,frame_00000.png,frame_00119.png,,120,2.000607
hocho_X_4,fourier,0,0,QR未検出,,fourier,binary,,,14.981799,4,,1,0.650603,,0.650603,frame_00000.png,frame_00119.png,r90_e250_f0.mp4,90 Hz,1/250,蛍光灯なし,59.982 fps,90,250,0,54,hocho,max,X,4,,,frame_00000.png,frame_00119.png,,120,2.000607
hocho_X_4,fourier,0,0,QR未検出,,fourier,binary,,,22.500000,4,,1,0.650603,,0.650603,frame_00000.png,frame_00119.png,r90_e250_f0.mp4,90 Hz,1/250,蛍光灯なし,59.982 fps,90,250,0,54,hocho,max,X,4,,,frame_00000.png,frame_00119.png,,120,2.000607
hocho_X_4,fourier,0,0,QR未検出,,fourier,binary,,,7.490900,8,,1,0.650603,,0.650603,frame_00000.png,frame_00119.png,r90_e250_f0.mp4,90 Hz,1/250,蛍光灯なし,59.982 fps,90,250,0,54,hocho,max,X,4,,,frame_00000.png,frame_00119.png,,120,2.000607
hocho_X_4,fourier,0,0,QR未検出,,fourier,binary,,,9.981799,8,,1,0.650603,,0.650603,frame_00000.png,frame_00119.png,r90_e250_f0.mp4,90 Hz,1/250,蛍光灯なし,59.982 fps,90,250,0,54,hocho,max,X,4,,,frame_00000.png,frame_00119.png,,120,2.000607
hocho_X_4,fourier,0,0,QR未検出,,fourier,binary,,,22.500000,8,,1,0.650603,,0.650603,frame_00000.png,frame_00119.png,r90_e250_f0.mp4,90 Hz,1/250,蛍光灯なし,59.982 fps,90,250,0,54,hocho,max,X,4,,,frame_00000.png,frame_00119.png,,120,2.000607
hocho_X_4,fourier,0,0,QR未検出,,fourier,binary,,,7.490900,12,,1,0.650603,,0.650603,frame_00000.png,frame_00119.png,r90_e250_f0.mp4,90 Hz,1/250,蛍光灯なし,59.982 fps,90,250,0,54,hocho,max,X,4,,,frame_00000.png,frame_00119.png,,120,2.000607
hocho_X_4,fourier,0,0,QR未検出,,fourier,binary,,,9.981799,12,,1,0.650603,,0.650603,frame_00000.png,frame_00119.png,r90_e250_f0.mp4,90 Hz,1/250,蛍光灯なし,59.982 fps,90,250,0,54,hocho,max,X,4,,,frame_00000.png,frame_00119.png,,120,2.000607
hocho_X_4,fourier,0,0,QR未検出,,fourier,binary,,,22.500000,12,,1,0.650603,,0.650603,frame_00000.png,frame_00119.png,r90_e250_f0.mp4,90 Hz,1/250,蛍光灯なし,59.982 fps,90,250,0,54,hocho,max,X,4,,,frame_00000.png,frame_00119.png,,120,2.000607
hocho_X_4,fourier,0,0,QR未検出,,fourier,binary,,,14.981799,8,,1,0.650347,,0.650347,frame_00000.png,frame_00119.png,r90_e250_f0.mp4,90 Hz,1/250,蛍光灯なし,59.982 fps,90,250,0,54,hocho,max,X,4,,,frame_00000.png,frame_00119.png,,120,2.000607
hocho_X_4,fourier,0,0,QR未検出,,fourier,binary,,,14.981799,12,,1,0.649306,,0.649306,frame_00000.png,frame_00119.png,r90_e250_f0.mp4,90 Hz,1/250,蛍光灯なし,59.982 fps,90,250,0,54,hocho,max,X,4,,,frame_00000.png,frame_00119.png,,120,2.000607
hocho_X_8,fourier,1,0,QR未検出,,fourier,binary,,,7.490900,12,,1,0.650867,,0.650867,frame_00000.png,frame_00119.png,r90_e250_f0.mp4,90 Hz,1/250,蛍光灯なし,59.982 fps,90,250,0,55,hocho,max,X,8,,,frame_00000.png,frame_00119.png,,120,2.000607
hocho_X_8,fourier,0,0,QR未検出,,fourier,binary,,,7.490900,4,,1,0.650645,,0.650645,frame_00000.png,frame_00119.png,r90_e250_f0.mp4,90 Hz,1/250,蛍光灯なし,59.982 fps,90,250,0,55,hocho,max,X,8,,,frame_00000.png,frame_00119.png,,120,2.000607
hocho_X_8,fourier,0,0,QR未検出,,fourier,binary,,,9.981799,4,,1,0.650645,,0.650645,frame_00000.png,frame_00119.png,r90_e250_f0.mp4,90 Hz,1/250,蛍光灯なし,59.982 fps,90,250,0,55,hocho,max,X,8,,,frame_00000.png,frame_00119.png,,120,2.000607
hocho_X_8,fourier,0,0,QR未検出,,fourier,binary,,,14.981799,4,,1,0.650645,,0.650645,frame_00000.png,frame_00119.png,r90_e250_f0.mp4,90 Hz,1/250,蛍光灯なし,59.982 fps,90,250,0,55,hocho,max,X,8,,,frame_00000.png,frame_00119.png,,120,2.000607
hocho_X_8,fourier,0,0,QR未検出,,fourier,binary,,,22.500000,4,,1,0.650645,,0.650645,frame_00000.png,frame_00119.png,r90_e250_f0.mp4,90 Hz,1/250,蛍光灯なし,59.982 fps,90,250,0,55,hocho,max,X,8,,,frame_00000.png,frame_00119.png,,120,2.000607
hocho_X_8,fourier,0,0,QR未検出,,fourier,binary,,,7.490900,8,,1,0.650645,,0.650645,frame_00000.png,frame_00119.png,r90_e250_f0.mp4,90 Hz,1/250,蛍光灯なし,59.982 fps,90,250,0,55,hocho,max,X,8,,,frame_00000.png,frame_00119.png,,120,2.000607
hocho_X_8,fourier,0,0,QR未検出,,fourier,binary,,,9.981799,8,,1,0.650645,,0.650645,frame_00000.png,frame_00119.png,r90_e250_f0.mp4,90 Hz,1/250,蛍光灯なし,59.982 fps,90,250,0,55,hocho,max,X,8,,,frame_00000.png,frame_00119.png,,120,2.000607
hocho_X_8,fourier,0,0,QR未検出,,fourier,binary,,,14.981799,8,,1,0.650645,,0.650645,frame_00000.png,frame_00119.png,r90_e250_f0.mp4,90 Hz,1/250,蛍光灯なし,59.982 fps,90,250,0,55,hocho,max,X,8,,,frame_00000.png,frame_00119.png,,120,2.000607
hocho_X_8,fourier,0,0,QR未検出,,fourier,binary,,,22.500000,8,,1,0.650645,,0.650645,frame_00000.png,frame_00119.png,r90_e250_f0.mp4,90 Hz,1/250,蛍光灯なし,59.982 fps,90,250,0,55,hocho,max,X,8,,,frame_00000.png,frame_00119.png,,120,2.000607
hocho_X_8,fourier,0,0,QR未検出,,fourier,binary,,,9.981799,12,,1,0.650645,,0.650645,frame_00000.png,frame_00119.png,r90_e250_f0.mp4,90 Hz,1/250,蛍光灯なし,59.982 fps,90,250,0,55,hocho,max,X,8,,,frame_00000.png,frame_00119.png,,120,2.000607
hocho_X_8,fourier,0,0,QR未検出,,fourier,binary,,,22.500000,12,,1,0.650645,,0.650645,frame_00000.png,frame_00119.png,r90_e250_f0.mp4,90 Hz,1/250,蛍光灯なし,59.982 fps,90,250,0,55,hocho,max,X,8,,,frame_00000.png,frame_00119.png,,120,2.000607
hocho_X_8,fourier,0,0,QR未検出,,fourier,binary,,,14.981799,12,,1,0.649744,,0.649744,frame_00000.png,frame_00119.png,r90_e250_f0.mp4,90 Hz,1/250,蛍光灯なし,59.982 fps,90,250,0,55,hocho,max,X,8,,,frame_00000.png,frame_00119.png,,120,2.000607
hocho_X_12,fourier,1,0,QR未検出,,fourier,binary,,,7.490900,12,,1,0.679313,,0.679313,frame_00000.png,frame_00119.png,r90_e250_f0.mp4,90 Hz,1/250,蛍光灯なし,59.982 fps,90,250,0,56,hocho,max,X,12,,,frame_00000.png,frame_00119.png,,120,2.000607
hocho_X_12,fourier,0,0,QR未検出,,fourier,binary,,,7.490900,8,,1,0.654897,,0.654897,frame_00000.png,frame_00119.png,r90_e250_f0.mp4,90 Hz,1/250,蛍光灯なし,59.982 fps,90,250,0,56,hocho,max,X,12,,,frame_00000.png,frame_00119.png,,120,2.000607
hocho_X_12,fourier,0,0,QR未検出,,fourier,binary,,,9.981799,12,,1,0.651735,,0.651735,frame_00000.png,frame_00119.png,r90_e250_f0.mp4,90 Hz,1/250,蛍光灯なし,59.982 fps,90,250,0,56,hocho,max,X,12,,,frame_00000.png,frame_00119.png,,120,2.000607
hocho_X_12,fourier,0,0,QR未検出,,fourier,binary,,,22.500000,12,,1,0.650711,,0.650711,frame_00000.png,frame_00119.png,r90_e250_f0.mp4,90 Hz,1/250,蛍光灯なし,59.982 fps,90,250,0,56,hocho,max,X,12,,,frame_00000.png,frame_00119.png,,120,2.000607
hocho_X_12,fourier,0,0,QR未検出,,fourier,binary,,,9.981799,8,,1,0.650540,,0.650540,frame_00000.png,frame_00119.png,r90_e250_f0.mp4,90 Hz,1/250,蛍光灯なし,59.982 fps,90,250,0,56,hocho,max,X,12,,,frame_00000.png,frame_00119.png,,120,2.000607
hocho_X_12,fourier,0,0,QR未検出,,fourier,binary,,,7.490900,4,,1,0.650505,,0.650505,frame_00000.png,frame_00119.png,r90_e250_f0.mp4,90 Hz,1/250,蛍光灯なし,59.982 fps,90,250,0,56,hocho,max,X,12,,,frame_00000.png,frame_00119.png,,120,2.000607
hocho_X_12,fourier,0,0,QR未検出,,fourier,binary,,,9.981799,4,,1,0.650505,,0.650505,frame_00000.png,frame_00119.png,r90_e250_f0.mp4,90 Hz,1/250,蛍光灯なし,59.982 fps,90,250,0,56,hocho,max,X,12,,,frame_00000.png,frame_00119.png,,120,2.000607
hocho_X_12,fourier,0,0,QR未検出,,fourier,binary,,,14.981799,4,,1,0.650505,,0.650505,frame_00000.png,frame_00119.png,r90_e250_f0.mp4,90 Hz,1/250,蛍光灯なし,59.982 fps,90,250,0,56,hocho,max,X,12,,,frame_00000.png,frame_00119.png,,120,2.000607
hocho_X_12,fourier,0,0,QR未検出,,fourier,binary,,,22.500000,4,,1,0.650505,,0.650505,frame_00000.png,frame_00119.png,r90_e250_f0.mp4,90 Hz,1/250,蛍光灯なし,59.982 fps,90,250,0,56,hocho,max,X,12,,,frame_00000.png,frame_00119.png,,120,2.000607
hocho_X_12,fourier,0,0,QR未検出,,fourier,binary,,,22.500000,8,,1,0.650505,,0.650505,frame_00000.png,frame_00119.png,r90_e250_f0.mp4,90 Hz,1/250,蛍光灯なし,59.982 fps,90,250,0,56,hocho,max,X,12,,,frame_00000.png,frame_00119.png,,120,2.000607
hocho_X_12,fourier,0,0,QR未検出,,fourier,binary,,,14.981799,8,,1,0.650487,,0.650487,frame_00000.png,frame_00119.png,r90_e250_f0.mp4,90 Hz,1/250,蛍光灯なし,59.982 fps,90,250,0,56,hocho,max,X,12,,,frame_00000.png,frame_00119.png,,120,2.000607
hocho_X_12,fourier,0,0,QR未検出,,fourier,binary,,,14.981799,12,,1,0.645637,,0.645637,frame_00000.png,frame_00119.png,r90_e250_f0.mp4,90 Hz,1/250,蛍光灯なし,59.982 fps,90,250,0,56,hocho,max,X,12,,,frame_00000.png,frame_00119.png,,120,2.000607
ex_X_4,fourier,1,0,QR未検出,,fourier,binary,,,7.490900,4,,1,0.650110,,0.650110,frame_00000.png,frame_00119.png,r90_e250_f0.mp4,90 Hz,1/250,蛍光灯なし,59.982 fps,90,250,0,57,ex,max,X,4,,,frame_00000.png,frame_00119.png,,120,2.000607
ex_X_4,fourier,0,0,QR未検出,,fourier,binary,,,9.981799,4,,1,0.650110,,0.650110,frame_00000.png,frame_00119.png,r90_e250_f0.mp4,90 Hz,1/250,蛍光灯なし,59.982 fps,90,250,0,57,ex,max,X,4,,,frame_00000.png,frame_00119.png,,120,2.000607
ex_X_4,fourier,0,0,QR未検出,,fourier,binary,,,14.981799,4,,1,0.650110,,0.650110,frame_00000.png,frame_00119.png,r90_e250_f0.mp4,90 Hz,1/250,蛍光灯なし,59.982 fps,90,250,0,57,ex,max,X,4,,,frame_00000.png,frame_00119.png,,120,2.000607
ex_X_4,fourier,0,0,QR未検出,,fourier,binary,,,22.500000,4,,1,0.650110,,0.650110,frame_00000.png,frame_00119.png,r90_e250_f0.mp4,90 Hz,1/250,蛍光灯なし,59.982 fps,90,250,0,57,ex,max,X,4,,,frame_00000.png,frame_00119.png,,120,2.000607
ex_X_4,fourier,0,0,QR未検出,,fourier,binary,,,7.490900,8,,1,0.650110,,0.650110,frame_00000.png,frame_00119.png,r90_e250_f0.mp4,90 Hz,1/250,蛍光灯なし,59.982 fps,90,250,0,57,ex,max,X,4,,,frame_00000.png,frame_00119.png,,120,2.000607
ex_X_4,fourier,0,0,QR未検出,,fourier,binary,,,9.981799,8,,1,0.650110,,0.650110,frame_00000.png,frame_00119.png,r90_e250_f0.mp4,90 Hz,1/250,蛍光灯なし,59.982 fps,90,250,0,57,ex,max,X,4,,,frame_00000.png,frame_00119.png,,120,2.000607
ex_X_4,fourier,0,0,QR未検出,,fourier,binary,,,22.500000,8,,1,0.650110,,0.650110,frame_00000.png,frame_00119.png,r90_e250_f0.mp4,90 Hz,1/250,蛍光灯なし,59.982 fps,90,250,0,57,ex,max,X,4,,,frame_00000.png,frame_00119.png,,120,2.000607
ex_X_4,fourier,0,0,QR未検出,,fourier,binary,,,7.490900,12,,1,0.650110,,0.650110,frame_00000.png,frame_00119.png,r90_e250_f0.mp4,90 Hz,1/250,蛍光灯なし,59.982 fps,90,250,0,57,ex,max,X,4,,,frame_00000.png,frame_00119.png,,120,2.000607
ex_X_4,fourier,0,0,QR未検出,,fourier,binary,,,9.981799,12,,1,0.650110,,0.650110,frame_00000.png,frame_00119.png,r90_e250_f0.mp4,90 Hz,1/250,蛍光灯なし,59.982 fps,90,250,0,57,ex,max,X,4,,,frame_00000.png,frame_00119.png,,120,2.000607
ex_X_4,fourier,0,0,QR未検出,,fourier,binary,,,22.500000,12,,1,0.650110,,0.650110,frame_00000.png,frame_00119.png,r90_e250_f0.mp4,90 Hz,1/250,蛍光灯なし,59.982 fps,90,250,0,57,ex,max,X,4,,,frame_00000.png,frame_00119.png,,120,2.000607
ex_X_4,fourier,0,0,QR未検出,,fourier,binary,,,14.981799,8,,1,0.649845,,0.649845,frame_00000.png,frame_00119.png,r90_e250_f0.mp4,90 Hz,1/250,蛍光灯なし,59.982 fps,90,250,0,57,ex,max,X,4,,,frame_00000.png,frame_00119.png,,120,2.000607
ex_X_4,fourier,0,0,QR未検出,,fourier,binary,,,14.981799,12,,1,0.649634,,0.649634,frame_00000.png,frame_00119.png,r90_e250_f0.mp4,90 Hz,1/250,蛍光灯なし,59.982 fps,90,250,0,57,ex,max,X,4,,,frame_00000.png,frame_00119.png,,120,2.000607
ex_X_8,fourier,1,0,QR未検出,,fourier,binary,,,7.490900,4,,1,0.649851,,0.649851,frame_00000.png,frame_00119.png,r90_e250_f0.mp4,90 Hz,1/250,蛍光灯なし,59.982 fps,90,250,0,58,ex,max,X,8,,,frame_00000.png,frame_00119.png,,120,2.000607
ex_X_8,fourier,0,0,QR未検出,,fourier,binary,,,9.981799,4,,1,0.649851,,0.649851,frame_00000.png,frame_00119.png,r90_e250_f0.mp4,90 Hz,1/250,蛍光灯なし,59.982 fps,90,250,0,58,ex,max,X,8,,,frame_00000.png,frame_00119.png,,120,2.000607
ex_X_8,fourier,0,0,QR未検出,,fourier,binary,,,22.500000,4,,1,0.649851,,0.649851,frame_00000.png,frame_00119.png,r90_e250_f0.mp4,90 Hz,1/250,蛍光灯なし,59.982 fps,90,250,0,58,ex,max,X,8,,,frame_00000.png,frame_00119.png,,120,2.000607
ex_X_8,fourier,0,0,QR未検出,,fourier,binary,,,14.981799,4,,1,0.649837,,0.649837,frame_00000.png,frame_00119.png,r90_e250_f0.mp4,90 Hz,1/250,蛍光灯なし,59.982 fps,90,250,0,58,ex,max,X,8,,,frame_00000.png,frame_00119.png,,120,2.000607
ex_X_8,fourier,0,0,QR未検出,,fourier,binary,,,7.490900,8,,1,0.649837,,0.649837,frame_00000.png,frame_00119.png,r90_e250_f0.mp4,90 Hz,1/250,蛍光灯なし,59.982 fps,90,250,0,58,ex,max,X,8,,,frame_00000.png,frame_00119.png,,120,2.000607
ex_X_8,fourier,0,0,QR未検出,,fourier,binary,,,9.981799,8,,1,0.649837,,0.649837,frame_00000.png,frame_00119.png,r90_e250_f0.mp4,90 Hz,1/250,蛍光灯なし,59.982 fps,90,250,0,58,ex,max,X,8,,,frame_00000.png,frame_00119.png,,120,2.000607
ex_X_8,fourier,0,0,QR未検出,,fourier,binary,,,22.500000,8,,1,0.649837,,0.649837,frame_00000.png,frame_00119.png,r90_e250_f0.mp4,90 Hz,1/250,蛍光灯なし,59.982 fps,90,250,0,58,ex,max,X,8,,,frame_00000.png,frame_00119.png,,120,2.000607
ex_X_8,fourier,0,0,QR未検出,,fourier,binary,,,7.490900,12,,1,0.649837,,0.649837,frame_00000.png,frame_00119.png,r90_e250_f0.mp4,90 Hz,1/250,蛍光灯なし,59.982 fps,90,250,0,58,ex,max,X,8,,,frame_00000.png,frame_00119.png,,120,2.000607
ex_X_8,fourier,0,0,QR未検出,,fourier,binary,,,9.981799,12,,1,0.649837,,0.649837,frame_00000.png,frame_00119.png,r90_e250_f0.mp4,90 Hz,1/250,蛍光灯なし,59.982 fps,90,250,0,58,ex,max,X,8,,,frame_00000.png,frame_00119.png,,120,2.000607
ex_X_8,fourier,0,0,QR未検出,,fourier,binary,,,22.500000,12,,1,0.649837,,0.649837,frame_00000.png,frame_00119.png,r90_e250_f0.mp4,90 Hz,1/250,蛍光灯なし,59.982 fps,90,250,0,58,ex,max,X,8,,,frame_00000.png,frame_00119.png,,120,2.000607
ex_X_8,fourier,0,0,QR未検出,,fourier,binary,,,14.981799,8,,1,0.649742,,0.649742,frame_00000.png,frame_00119.png,r90_e250_f0.mp4,90 Hz,1/250,蛍光灯なし,59.982 fps,90,250,0,58,ex,max,X,8,,,frame_00000.png,frame_00119.png,,120,2.000607
ex_X_8,fourier,0,0,QR未検出,,fourier,binary,,,14.981799,12,,1,0.648407,,0.648407,frame_00000.png,frame_00119.png,r90_e250_f0.mp4,90 Hz,1/250,蛍光灯なし,59.982 fps,90,250,0,58,ex,max,X,8,,,frame_00000.png,frame_00119.png,,120,2.000607
ex_X_12,fourier,1,0,QR未検出,,fourier,binary,,,7.490900,12,,1,0.652552,,0.652552,frame_00000.png,frame_00119.png,r90_e250_f0.mp4,90 Hz,1/250,蛍光灯なし,59.982 fps,90,250,0,59,ex,max,X,12,,,frame_00000.png,frame_00119.png,,120,2.000607
ex_X_12,fourier,0,0,QR未検出,,fourier,binary,,,9.981799,12,,1,0.650013,,0.650013,frame_00000.png,frame_00119.png,r90_e250_f0.mp4,90 Hz,1/250,蛍光灯なし,59.982 fps,90,250,0,59,ex,max,X,12,,,frame_00000.png,frame_00119.png,,120,2.000607
ex_X_12,fourier,0,0,QR未検出,,fourier,binary,,,22.500000,12,,1,0.649534,,0.649534,frame_00000.png,frame_00119.png,r90_e250_f0.mp4,90 Hz,1/250,蛍光灯なし,59.982 fps,90,250,0,59,ex,max,X,12,,,frame_00000.png,frame_00119.png,,120,2.000607
ex_X_12,fourier,0,0,QR未検出,,fourier,binary,,,7.490900,4,,1,0.649478,,0.649478,frame_00000.png,frame_00119.png,r90_e250_f0.mp4,90 Hz,1/250,蛍光灯なし,59.982 fps,90,250,0,59,ex,max,X,12,,,frame_00000.png,frame_00119.png,,120,2.000607
ex_X_12,fourier,0,0,QR未検出,,fourier,binary,,,9.981799,4,,1,0.649478,,0.649478,frame_00000.png,frame_00119.png,r90_e250_f0.mp4,90 Hz,1/250,蛍光灯なし,59.982 fps,90,250,0,59,ex,max,X,12,,,frame_00000.png,frame_00119.png,,120,2.000607
ex_X_12,fourier,0,0,QR未検出,,fourier,binary,,,14.981799,4,,1,0.649478,,0.649478,frame_00000.png,frame_00119.png,r90_e250_f0.mp4,90 Hz,1/250,蛍光灯なし,59.982 fps,90,250,0,59,ex,max,X,12,,,frame_00000.png,frame_00119.png,,120,2.000607
ex_X_12,fourier,0,0,QR未検出,,fourier,binary,,,22.500000,4,,1,0.649478,,0.649478,frame_00000.png,frame_00119.png,r90_e250_f0.mp4,90 Hz,1/250,蛍光灯なし,59.982 fps,90,250,0,59,ex,max,X,12,,,frame_00000.png,frame_00119.png,,120,2.000607
ex_X_12,fourier,0,0,QR未検出,,fourier,binary,,,7.490900,8,,1,0.649478,,0.649478,frame_00000.png,frame_00119.png,r90_e250_f0.mp4,90 Hz,1/250,蛍光灯なし,59.982 fps,90,250,0,59,ex,max,X,12,,,frame_00000.png,frame_00119.png,,120,2.000607
ex_X_12,fourier,0,0,QR未検出,,fourier,binary,,,9.981799,8,,1,0.649478,,0.649478,frame_00000.png,frame_00119.png,r90_e250_f0.mp4,90 Hz,1/250,蛍光灯なし,59.982 fps,90,250,0,59,ex,max,X,12,,,frame_00000.png,frame_00119.png,,120,2.000607
ex_X_12,fourier,0,0,QR未検出,,fourier,binary,,,22.500000,8,,1,0.649478,,0.649478,frame_00000.png,frame_00119.png,r90_e250_f0.mp4,90 Hz,1/250,蛍光灯なし,59.982 fps,90,250,0,59,ex,max,X,12,,,frame_00000.png,frame_00119.png,,120,2.000607
ex_X_12,fourier,0,0,QR未検出,,fourier,binary,,,14.981799,8,,1,0.649415,,0.649415,frame_00000.png,frame_00119.png,r90_e250_f0.mp4,90 Hz,1/250,蛍光灯なし,59.982 fps,90,250,0,59,ex,max,X,12,,,frame_00000.png,frame_00119.png,,120,2.000607
ex_X_12,fourier,0,0,QR未検出,,fourier,binary,,,14.981799,12,,1,0.646257,,0.646257,frame_00000.png,frame_00119.png,r90_e250_f0.mp4,90 Hz,1/250,蛍光灯なし,59.982 fps,90,250,0,59,ex,max,X,12,,,frame_00000.png,frame_00119.png,,120,2.000607
