folder,frame_1,frame_2,diff_image,analysis_image,decoded_text,success,method,note,recall,precision,accuracy,noise,gt_note,task_key,diff_mode,window_n,stat_kind,fft_target_hz,diff_threshold
rice_R_4,frame_00000.png,frame_00119.png,,,,0,decode失敗,QR未検出,0.005710,0.295086,0.634618,0.014360,,lockin:lockin::None:10.003568431956552:2:4:binary:0,lockin,,,10.003568,2
rice_R_4,frame_00000.png,frame_00119.png,,,,0,decode失敗,QR未検出,0.005710,0.295086,0.634618,0.014360,,lockin:lockin::None:10.003568431956552:2:8:binary:0,lockin,,,10.003568,2
rice_R_4,frame_00000.png,frame_00119.png,,,,0,decode失敗,QR未検出,0.005710,0.295086,0.634618,0.014360,,lockin:lockin::None:10.003568431956552:2:16:binary:0,lockin,,,10.003568,2
rice_R_4,frame_00000.png,frame_00119.png,,,,0,decode失敗,QR未検出,0.038415,0.279675,0.615552,0.076684,,lockin:lockin::None:10.003568431956552:4:4:binary:0,lockin,,,10.003568,4
rice_R_4,frame_00000.png,frame_00119.png,,,,0,decode失敗,QR未検出,0.038415,0.279675,0.615552,0.076684,,lockin:lockin::None:10.003568431956552:4:8:binary:0,lockin,,,10.003568,4
rice_R_4,frame_00000.png,frame_00119.png,,,,0,decode失敗,QR未検出,0.038415,0.279675,0.615552,0.076684,,lockin:lockin::None:10.003568431956552:4:16:binary:0,lockin,,,10.003568,4
rice_R_4,frame_00000.png,frame_00119.png,,,,0,decode失敗,QR未検出,0.066578,0.277512,0.598793,0.164585,,lockin:lockin::None:10.003568431956552:6:4:binary:0,lockin,,,10.003568,6
rice_R_4,frame_00000.png,frame_00119.png,,,,0,decode失敗,QR未検出,0.066578,0.277512,0.598793,0.164585,,lockin:lockin::None:10.003568431956552:6:8:binary:0,lockin,,,10.003568,6
rice_R_4,frame_00000.png,frame_00119.png,,,,0,decode失敗,QR未検出,0.066578,0.277512,0.598793,0.164585,,lockin:lockin::None:10.003568431956552:6:16:binary:0,lockin,,,10.003568,6
rice_R_4,frame_00000.png,frame_00119.png,,,,0,decode失敗,QR未検出,0.108950,0.283235,0.577040,0.251476,,lockin:lockin::None:10.003568431956552:8:4:binary:0,lockin,,,10.003568,8
rice_R_4,frame_00000.png,frame_00119.png,,,,0,decode失敗,QR未検出,0.108950,0.283235,0.577040,0.251476,,lockin:lockin::None:10.003568431956552:8:8:binary:0,lockin,,,10.003568,8
rice_R_4,frame_00000.png,frame_00119.png,,,,0,decode失敗,QR未検出,0.108950,0.283235,0.577040,0.251476,,lockin:lockin::None:10.003568431956552:8:16:binary:0,lockin,,,10.003568,8
rice_R_4,frame_00000.png,frame_00119.png,,,,0,decode失敗,QR未検出,0.170417,0.278437,0.539175,0.336628,,lockin:lockin::None:10.003568431956552:10:4:binary:0,lockin,,,10.003568,10
rice_R_4,frame_00000.png,frame_00119.png,,,,0,decode失敗,QR未検出,0.170417,0.278437,0.539175,0.336625,,lockin:lockin::None:10.003568431956552:10:8:binary:0,lockin,,,10.003568,10
rice_R_4,frame_00000.png,frame_00119.png,,,,0,decode失敗,QR未検出,0.170417,0.278437,0.539175,0.336625,,lockin:lockin::None:10.003568431956552:10:16:binary:0,lockin,,,10.003568,10
rice_R_4,frame_00000.png,frame_00119.png,rice_R_4/rgb_max_lockin_f300_ps16_th12/00000-00119-FRAME_rgbmax_scale1.00.png,,,0,decode失敗,QR未検出,0.740306,0.400157,0.503573,0.566665,,lockin:lockin::None:10.003568431956552:12:4:binary:0,lockin,,,10.003568,12
rice_R_4,frame_00000.png,frame_00119.png,rice_R_4/rgb_max_lockin_f300_ps16_th12/00000-00119-FRAME_rgbmax_scale1.00.png,,,0,decode失敗,QR未検出,0.740306,0.400157,0.503573,0.566665,,lockin:lockin::None:10.003568431956552:12:8:binary:0,lockin,,,10.003568,12
rice_R_4,frame_00000.png,frame_00119.png,rice_R_4/rgb_max_lockin_f300_ps16_th12/00000-00119-FRAME_rgbmax_scale1.00.png,,,0,decode失敗,QR未検出,0.740306,0.400157,0.503573,0.566665,,lockin:lockin::None:10.003568431956552:12:16:binary:0,lockin,,,10.003568,12
rice_R_4,frame_00000.png,frame_00119.png,rice_R_4/rgb_max_lockin_f300_ps16_th16/00000-00119-FRAME_rgbmax_scale1.00.png,,,0,decode失敗,QR未検出,0.535113,0.435608,0.580144,0.373770,,lockin:lockin::None:10.003568431956552:16:4:binary:0,lockin,,,10.003568,16
rice_R_4,frame_00000.png,frame_00119.png,rice_R_4/rgb_max_lockin_f300_ps16_th16/00000-00119-FRAME_rgbmax_scale1.00.png,,,0,decode失敗,QR未検出,0.535113,0.435608,0.580144,0.373770,,lockin:lockin::None:10.003568431956552:16:8:binary:0,lockin,,,10.003568,16
rice_R_4,frame_00000.png,frame_00119.png,rice_R_4/rgb_max_lockin_f300_ps16_th16/00000-00119-FRAME_rgbmax_scale1.00.png,,,0,decode失敗,QR未検出,0.535113,0.435608,0.580144,0.373770,,lockin:lockin::None:10.003568431956552:16:16:binary:0,lockin,,,10.003568,16
rice_R_4,frame_00000.png,frame_00119.png,,,,0,decode失敗,QR未検出,0.013780,0.316659,0.631708,0.025138,,lockin:lockin::None:14.992863136086896:2:4:binary:0,lockin,,,14.992863,2
rice_R_4,frame_00000.png,frame_00119.png,,,,0,decode失敗,QR未検出,0.013780,0.316659,0.631708,0.025138,,lockin:lockin::None:14.992863136086896:2:8:binary:0,lockin,,,14.992863,2
rice_R_4,frame_00000.png,frame_00119.png,,,,0,decode失敗,QR未検出,0.013780,0.316659,0.631708,0.025138,,lockin:lockin::None:14.992863136086896:2:16:binary:0,lockin,,,14.992863,2
rice_R_4,frame_00000.png,frame_00119.png,,,,0,decode失敗,QR未検出,0.051490,0.269224,0.605493,0.122489,,lockin:lockin::None:14.992863136086896:4:4:binary:0,lockin,,,14.992863,4
rice_R_4,frame_00000.png,frame_00119.png,,,,0,decode失敗,QR未検出,0.051490,0.269224,0.605493,0.122489,,lockin:lockin::None:14.992863136086896:4:8:binary:0,lockin,,,14.992863,4
rice_R_4,frame_00000.png,frame_00119.png,,,,0,decode失敗,QR未検出,0.051490,0.269224,0.605493,0.122489,,lockin:lockin::None:14.992863136086896:4:16:binary:0,lockin,,,14.992863,4
rice_R_4,frame_00000.png,frame_00119.png,,,,0,decode失敗,QR未検出,0.089186,0.268361,0.581680,0.229644,,lockin:lockin::None:14.992863136086896:6:4:binary:0,lockin,,,14.992863,6
rice_R_4,frame_00000.png,frame_00119.png,,,,0,decode失敗,QR未検出,0.089186,0.268361,0.581680,0.229644,,lockin:lockin::None:14.992863136086896:6:8:binary:0,lockin,,,14.992863,6
rice_R_4,frame_00000.png,frame_00119.png,,,,0,decode失敗,QR未検出,0.089186,0.268361,0.581680,0.229644,,lockin:lockin::None:14.992863136086896:6:16:binary:0,lockin,,,14.992863,6
rice_R_4,frame_00000.png,frame_00119.png,,,,0,decode失敗,QR未検出,0.161092,0.268154,0.536512,0.333887,,lockin:lockin::None:14.992863136086896:8:4:binary:0,lockin,,,14.992863,8
rice_R_4,frame_00000.png,frame_00119.png,,,,0,decode失敗,QR未検出,0.161092,0.268154,0.536512,0.333887,,lockin:lockin::None:14.992863136086896:8:8:binary:0,lockin,,,14.992863,8
rice_R_4,frame_00000.png,frame_00119.png,,,,0,decode失敗,QR未検出,0.161092,0.268154,0.536512,0.333887,,lockin:lockin::None:14.992863136086896:8:16:binary:0,lockin,,,14.992863,8
rice_R_4,frame_00000.png,frame_00119.png,,,,0,decode失敗,QR未検出,0.734461,0.409066,0.519120,0.550956,,lockin:lockin::None:14.992863136086896:10:4:binary:0,lockin,,,14.992863,10
rice_R_4,frame_00000.png,frame_00119.png,,,,0,decode失敗,QR未検出,0.734461,0.409066,0.519120,0.550956,,lockin:lockin::None:14.992863136086896:10:8:binary:0,lockin,,,14.992863,10
rice_R_4,frame_00000.png,frame_00119.png,,,,0,decode失敗,QR未検出,0.734461,0.409066,0.519120,0.550956,,lockin:lockin::None:14.992863136086896:10:16:binary:0,lockin,,,14.992863,10
rice_R_4,frame_00000.png,frame_00119.png,rice_R_4/rgb_max_lockin_f300_ps16_th12/00000-00119-FRAME_rgbmax_scale1.00.png,,,0,decode失敗,QR未検出,0.601836,0.428673,0.564890,0.434724,,lockin:lockin::None:14.992863136086896:12:4:binary:0,lockin,,,14.992863,12
rice_R_4,frame_00000.png,frame_00119.png,rice_R_4/rgb_max_lockin_f300_ps16_th12/00000-00119-FRAME_rgbmax_scale1.00.png,,,0,decode失敗,QR未検出,0.601836,0.428673,0.564890,0.434724,,lockin:lockin::None:14.992863136086896:12:8:binary:0,lockin,,,14.992863,12
rice_R_4,frame_00000.png,frame_00119.png,rice_R_4/rgb_max_lockin_f300_ps16_th12/00000-00119-FRAME_rgbmax_scale1.00.png,,,0,decode失敗,QR未検出,0.601836,0.428673,0.564890,0.434724,,lockin:lockin::None:14.992863136086896:12:16:binary:0,lockin,,,14.992863,12
rice_R_4,frame_00000.png,frame_00119.png,rice_R_4/rgb_max_lockin_f300_ps16_th16/00000-00119-FRAME_rgbmax_scale1.00.png,,,0,decode失敗,QR未検出,0.366313,0.462704,0.616085,0.251326,,lockin:lockin::None:14.992863136086896:16:4:binary:0,lockin,,,14.992863,16
rice_R_4,frame_00000.png,frame_00119.png,rice_R_4/rgb_max_lockin_f300_ps16_th16/00000-00119-FRAME_rgbmax_scale1.00.png,,,0,decode失敗,QR未検出,0.366313,0.462704,0.616085,0.251330,,lockin:lockin::None:14.992863136086896:16:8:binary:0,lockin,,,14.992863,16
rice_R_4,frame_00000.png,frame_00119.png,rice_R_4/rgb_max_lockin_f300_ps16_th16/00000-00119-FRAME_rgbmax_scale1.00.png,,,0,decode失敗,QR未検出,0.366313,0.462704,0.616085,0.251330,,lockin:lockin::None:14.992863136086896:16:16:binary:0,lockin,,,14.992863,16
rice_R_4,frame_00000.png,frame_00119.png,,,,0,decode失敗,QR未検出,0.049279,0.237530,0.598013,0.139063,,lockin:lockin::None:29.996431568043448:2:4:binary:0,lockin,,,29.996432,2
rice_R_4,frame_00000.png,frame_00119.png,,,,0,decode失敗,QR未検出,0.049279,0.237530,0.598013,0.139063,,lockin:lockin::None:29.996431568043448:2:8:binary:0,lockin,,,29.996432,2
rice_R_4,frame_00000.png,frame_00119.png,,,,0,decode失敗,QR未検出,0.049279,0.237530,0.598013,0.139063,,lockin:lockin::None:29.996431568043448:2:16:binary:0,lockin,,,29.996432,2
rice_R_4,frame_00000.png,frame_00119.png,,,,0,decode失敗,QR未検出,0.852234,0.413403,0.508062,0.620535,,lockin:lockin::None:29.996431568043448:4:4:binary:0,lockin,,,29.996432,4
rice_R_4,frame_00000.png,frame_00119.png,,,,0,decode失敗,QR未検出,0.852234,0.413403,0.508062,0.620535,,lockin:lockin::None:29.996431568043448:4:8:binary:0,lockin,,,29.996432,4
rice_R_4,frame_00000.png,frame_00119.png,,,,0,decode失敗,QR未検出,0.852234,0.413403,0.508062,0.620535,,lockin:lockin::None:29.996431568043448:4:16:binary:0,lockin,,,29.996432,4
rice_R_4,frame_00000.png,frame_00119.png,,,,0,decode失敗,QR未検出,0.766017,0.510499,0.648915,0.393443,,lockin:lockin::None:29.996431568043448:6:4:binary:0,lockin,,,29.996432,6
rice_R_4,frame_00000.png,frame_00119.png,,,,0,decode失敗,QR未検出,0.766017,0.510499,0.648915,0.393443,,lockin:lockin::None:29.996431568043448:6:8:binary:0,lockin,,,29.996432,6
rice_R_4,frame_00000.png,frame_00119.png,,,,0,decode失敗,QR未検出,0.766017,0.510499,0.648915,0.393443,,lockin:lockin::None:29.996431568043448:6:16:binary:0,lockin,,,29.996432,6
rice_R_4,frame_00000.png,frame_00119.png,,,,0,decode失敗,QR未検出,0.701481,0.599145,0.721652,0.256595,,lockin:lockin::None:29.996431568043448:8:4:binary:0,lockin,,,29.996432,8
rice_R_4,frame_00000.png,frame_00119.png,,,,0,decode失敗,QR未検出,0.701481,0.599145,0.721652,0.256595,,lockin:lockin::None:29.996431568043448:8:8:binary:0,lockin,,,29.996432,8
rice_R_4,frame_00000.png,frame_00119.png,,,,0,decode失敗,QR未検出,0.701481,0.599145,0.721652,0.256595,,lockin:lockin::None:29.996431568043448:8:16:binary:0,lockin,,,29.996432,8
rice_R_4,frame_00000.png,frame_00119.png,,,,0,decode失敗,QR未検出,0.643856,0.674524,0.758272,0.169895,,lockin:lockin::None:29.996431568043448:10:4:binary:0,lockin,,,29.996432,10
rice_R_4,frame_00000.png,frame_00119.png,,,,0,decode失敗,QR未検出,0.643856,0.674524,0.758272,0.169895,,lockin:lockin::None:29.996431568043448:10:8:binary:0,lockin,,,29.996432,10
rice_R_4,frame_00000.png,frame_00119.png,,,,0,decode失敗,QR未検出,0.643856,0.674524,0.758272,0.169895,,lockin:lockin::None:29.996431568043448:10:16:binary:0,lockin,,,29.996432,10
rice_R_4,frame_00000.png,frame_00119.png,rice_R_4/rgb_max_lockin_f300_ps16_th12/00000-00119-FRAME_rgbmax_scale1.00.png,,,0,decode失敗,QR未検出,0.592839,0.728379,0.772259,0.118974,,lockin:lockin::None:29.996431568043448:12:4:binary:0,lockin,,,29.996432,12
rice_R_4,frame_00000.png,frame_00119.png,rice_R_4/rgb_max_lockin_f300_ps16_th12/00000-00119-FRAME_rgbmax_scale1.00.png,,,0,decode失敗,QR未検出,0.592839,0.728379,0.772259,0.118974,,lockin:lockin::None:29.996431568043448:12:8:binary:0,lockin,,,29.996432,12
rice_R_4,frame_00000.png,frame_00119.png,rice_R_4/rgb_max_lockin_f300_ps16_th12/00000-00119-FRAME_rgbmax_scale1.00.png,,,0,decode失敗,QR未検出,0.592839,0.728379,0.772259,0.118974,,lockin:lockin::None:29.996431568043448:12:16:binary:0,lockin,,,29.996432,12
rice_R_4,frame_00000.png,frame_00119.png,rice_R_4/rgb_max_lockin_f300_ps16_th16/00000-00119-FRAME_rgbmax_scale1.00.png,,,0,decode失敗,QR未検出,0.503943,0.795608,0.773244,0.068608,,lockin:lockin::None:29.996431568043448:16:4:binary:0,lockin,,,29.996432,16
rice_R_4,frame_00000.png,frame_00119.png,rice_R_4/rgb_max_lockin_f300_ps16_th16/00000-00119-FRAME_rgbmax_scale1.00.png,,,0,decode失敗,QR未検出,0.503943,0.795608,0.773244,0.068608,,lockin:lockin::None:29.996431568043448:16:8:binary:0,lockin,,,29.996432,16
rice_R_4,frame_00000.png,frame_00119.png,rice_R_4/rgb_max_lockin_f300_ps16_th16/00000-00119-FRAME_rgbmax_scale1.00.png,,,0,decode失敗,QR未検出,0.503943,0.795608,0.773244,0.068608,,lockin:lockin::None:29.996431568043448:16:16:binary:0,lockin,,,29.996432,16
rice_R_8,frame_00000.png,frame_00119.png,,,,0,decode失敗,QR未検出,0.001467,0.097844,0.633120,0.015842,,lockin:lockin::None:10.003568431956552:2:4:binary:0,lockin,,,10.003568,2
rice_R_8,frame_00000.png,frame_00119.png,,,,0,decode失敗,QR未検出,0.001467,0.097844,0.633120,0.015842,,lockin:lockin::None:10.003568431956552:2:8:binary:0,lockin,,,10.003568,2
rice_R_8,frame_00000.png,frame_00119.png,,,,0,decode失敗,QR未検出,0.001467,0.097844,0.633120,0.015842,,lockin:lockin::None:10.003568431956552:2:16:binary:0,lockin,,,10.003568,2
rice_R_8,frame_00000.png,frame_00119.png,,,,0,decode失敗,QR未検出,0.024321,0.200008,0.611045,0.083446,,lockin:lockin::None:10.003568431956552:4:4:binary:0,lockin,,,10.003568,4
rice_R_8,frame_00000.png,frame_00119.png,,,,0,decode失敗,QR未検出,0.024321,0.200008,0.611045,0.083446,,lockin:lockin::None:10.003568431956552:4:8:binary:0,lockin,,,10.003568,4
rice_R_8,frame_00000.png,frame_00119.png,,,,0,decode失敗,QR未検出,0.024321,0.200008,0.611045,0.083446,,lockin:lockin::None:10.003568431956552:4:16:binary:0,lockin,,,10.003568,4
rice_R_8,frame_00000.png,frame_00119.png,,,,0,decode失敗,QR未検出,0.049955,0.215069,0.589510,0.178682,,lockin:lockin::None:10.003568431956552:6:4:binary:0,lockin,,,10.003568,6
rice_R_8,frame_00000.png,frame_00119.png,,,,0,decode失敗,QR未検出,0.049955,0.215069,0.589510,0.178682,,lockin:lockin::None:10.003568431956552:6:8:binary:0,lockin,,,10.003568,6
rice_R_8,frame_00000.png,frame_00119.png,,,,0,decode失敗,QR未検出,0.049955,0.215069,0.589510,0.178682,,lockin:lockin::None:10.003568431956552:6:16:binary:0,lockin,,,10.003568,6
rice_R_8,frame_00000.png,frame_00119.png,,,,0,decode失敗,QR未検出,0.075671,0.210062,0.561769,0.265699,,lockin:lockin::None:10.003568431956552:8:4:binary:0,lockin,,,10.003568,8
rice_R_8,frame_00000.png,frame_00119.png,,,,0,decode失敗,QR未検出,0.075671,0.210062,0.561769,0.265699,,lockin:lockin::None:10.003568431956552:8:8:binary:0,lockin,,,10.003568,8
rice_R_8,frame_00000.png,frame_00119.png,,,,0,decode失敗,QR未検出,0.075671,0.210062,0.561769,0.265699,,lockin:lockin::None:10.003568431956552:8:16:binary:0,lockin,,,10.003568,8
rice_R_8,frame_00000.png,frame_00119.png,,,,0,decode失敗,QR未検出,0.110379,0.196285,0.513667,0.356445,,lockin:lockin::None:10.003568431956552:10:4:binary:0,lockin,,,10.003568,10
rice_R_8,frame_00000.png,frame_00119.png,,,,0,decode失敗,QR未検出,0.110379,0.196285,0.513667,0.356445,,lockin:lockin::None:10.003568431956552:10:8:binary:0,lockin,,,10.003568,10
rice_R_8,frame_00000.png,frame_00119.png,,,,0,decode失敗,QR未検出,0.110379,0.196285,0.513667,0.356445,,lockin:lockin::None:10.003568431956552:10:16:binary:0,lockin,,,10.003568,10
rice_R_8,frame_00000.png,frame_00119.png,rice_R_8/rgb_max_lockin_f300_ps4_th12/00000-00119-FRAME_rgbmax_scale1.00.png,,,0,decode失敗,QR未検出,0.836770,0.437274,0.550468,0.536230,,lockin:lockin::None:10.003568431956552:12:4:binary:0,lockin,,,10.003568,12
rice_R_8,frame_00000.png,frame_00119.png,rice_R_8/rgb_max_lockin_f300_ps4_th12/00000-00119-FRAME_rgbmax_scale1.00.png,,,0,decode失敗,QR未検出,0.836770,0.437274,0.550468,0.536230,,lockin:lockin::None:10.003568431956552:12:8:binary:0,lockin,,,10.003568,12
rice_R_8,frame_00000.png,frame_00119.png,rice_R_8/rgb_max_lockin_f300_ps4_th12/00000-00119-FRAME_rgbmax_scale1.00.png,,,0,decode失敗,QR未検出,0.836770,0.437274,0.550468,0.536230,,lockin:lockin::None:10.003568431956552:12:16:binary:0,lockin,,,10.003568,12
rice_R_8,frame_00000.png,frame_00119.png,rice_R_8/rgb_max_lockin_f300_ps8_th16/00000-00119-FRAME_rgbmax_scale1.00.png,,,0,decode失敗,QR未検出,0.698010,0.517126,0.654253,0.340037,,lockin:lockin::None:10.003568431956552:16:4:binary:0,lockin,,,10.003568,16
rice_R_8,frame_00000.png,frame_00119.png,rice_R_8/rgb_max_lockin_f300_ps8_th16/00000-00119-FRAME_rgbmax_scale1.00.png,,,0,decode失敗,QR未検出,0.698010,0.517126,0.654253,0.340037,,lockin:lockin::None:10.003568431956552:16:8:binary:0,lockin,,,10.003568,16
rice_R_8,frame_00000.png,frame_00119.png,rice_R_8/rgb_max_lockin_f300_ps8_th16/00000-00119-FRAME_rgbmax_scale1.00.png,,,0,decode失敗,QR未検出,0.698010,0.517126,0.654253,0.340037,,lockin:lockin::None:10.003568431956552:16:16:binary:0,lockin,,,10.003568,16
rice_R_8,frame_00000.png,frame_00119.png,,,,0,decode失敗,QR未検出,0.004175,0.132223,0.629073,0.026919,,lockin:lockin::None:14.992863136086896:2:4:binary:0,lockin,,,14.992863,2
rice_R_8,frame_00000.png,frame_00119.png,,,,0,decode失敗,QR未検出,0.004175,0.132223,0.629073,0.026919,,lockin:lockin::None:14.992863136086896:2:8:binary:0,lockin,,,14.992863,2
rice_R_8,frame_00000.png,frame_00119.png,,,,0,decode失敗,QR未検出,0.004175,0.132223,0.629073,0.026919,,lockin:lockin::None:14.992863136086896:2:16:binary:0,lockin,,,14.992863,2
rice_R_8,frame_00000.png,frame_00119.png,,,,0,decode失敗,QR未検出,0.038053,0.224814,0.603722,0.120022,,lockin:lockin::None:14.992863136086896:4:4:binary:0,lockin,,,14.992863,4
rice_R_8,frame_00000.png,frame_00119.png,,,,0,decode失敗,QR未検出,0.038053,0.224814,0.603722,0.120022,,lockin:lockin::None:14.992863136086896:4:8:binary:0,lockin,,,14.992863,4
rice_R_8,frame_00000.png,frame_00119.png,,,,0,decode失敗,QR未検出,0.038053,0.224814,0.603722,0.120022,,lockin:lockin::None:14.992863136086896:4:16:binary:0,lockin,,,14.992863,4
rice_R_8,frame_00000.png,frame_00119.png,,,,0,decode失敗,QR未検出,0.063093,0.212643,0.575677,0.227839,,lockin:lockin::None:14.992863136086896:6:4:binary:0,lockin,,,14.992863,6
rice_R_8,frame_00000.png,frame_00119.png,,,,0,decode失敗,QR未検出,0.063093,0.212643,0.575677,0.227839,,lockin:lockin::None:14.992863136086896:6:8:binary:0,lockin,,,14.992863,6
rice_R_8,frame_00000.png,frame_00119.png,,,,0,decode失敗,QR未検出,0.063093,0.212643,0.575677,0.227839,,lockin:lockin::None:14.992863136086896:6:16:binary:0,lockin,,,14.992863,6
rice_R_8,frame_00000.png,frame_00119.png,,,,0,decode失敗,QR未検出,0.091806,0.188530,0.527528,0.327638,,lockin:lockin::None:14.992863136086896:8:4:binary:0,lockin,,,14.992863,8
rice_R_8,frame_00000.png,frame_00119.png,,,,0,decode失敗,QR未検出,0.091806,0.188530,0.527528,0.327638,,lockin:lockin::None:14.992863136086896:8:8:binary:0,lockin,,,14.992863,8
rice_R_8,frame_00000.png,frame_00119.png,,,,0,decode失敗,QR未検出,0.091806,0.188530,0.527528,0.327638,,lockin:lockin::None:14.992863136086896:8:16:binary:0,lockin,,,14.992863,8
rice_R_8,frame_00000.png,frame_00119.png,,,,0,decode失敗,QR未検出,0.859156,0.434553,0.543679,0.557079,,lockin:lockin::None:14.992863136086896:10:4:binary:0,lockin,,,14.992863,10
rice_R_8,frame_00000.png,frame_00119.png,,,,0,decode失敗,QR未検出,0.859156,0.434553,0.543679,0.557079,,lockin:lockin::None:14.992863136086896:10:8:binary:0,lockin,,,14.992863,10
rice_R_8,frame_00000.png,frame_00119.png,,,,0,decode失敗,QR未検出,0.859156,0.434553,0.543679,0.557079,,lockin:lockin::None:14.992863136086896:10:16:binary:0,lockin,,,14.992863,10
rice_R_8,frame_00000.png,frame_00119.png,rice_R_8/rgb_max_lockin_f300_ps4_th12/00000-00119-FRAME_rgbmax_scale1.00.png,,,0,decode失敗,QR未検出,0.789025,0.478163,0.611368,0.438827,,lockin:lockin::None:14.992863136086896:12:4:binary:0,lockin,,,14.992863,12
rice_R_8,frame_00000.png,frame_00119.png,rice_R_8/rgb_max_lockin_f300_ps4_th12/00000-00119-FRAME_rgbmax_scale1.00.png,,,0,decode失敗,QR未検出,0.789025,0.478163,0.611368,0.438827,,lockin:lockin::None:14.992863136086896:12:8:binary:0,lockin,,,14.992863,12
rice_R_8,frame_00000.png,frame_00119.png,rice_R_8/rgb_max_lockin_f300_ps4_th12/00000-00119-FRAME_rgbmax_scale1.00.png,,,0,decode失敗,QR未検出,0.789025,0.478163,0.611368,0.438827,,lockin:lockin::None:14.992863136086896:12:16:binary:0,lockin,,,14.992863,12
rice_R_8,frame_00000.png,frame_00119.png,rice_R_8/rgb_max_lockin_f300_ps8_th16/00000-00119-FRAME_rgbmax_scale1.00.png,,,0,decode失敗,QR未検出,0.613676,0.560755,0.685698,0.259363,,lockin:lockin::None:14.992863136086896:16:4:binary:0,lockin,,,14.992863,16
rice_R_8,frame_00000.png,frame_00119.png,rice_R_8/rgb_max_lockin_f300_ps8_th16/00000-00119-FRAME_rgbmax_scale1.00.png,,,0,decode失敗,QR未検出,0.613676,0.560755,0.685698,0.259363,,lockin:lockin::None:14.992863136086896:16:8:binary:0,lockin,,,14.992863,16
rice_R_8,frame_00000.png,frame_00119.png,rice_R_8/rgb_max_lockin_f300_ps8_th16/00000-00119-FRAME_rgbmax_scale1.00.png,,,0,decode失敗,QR未検出,0.613676,0.560755,0.685698,0.259363,,lockin:lockin::None:14.992863136086896:16:16:binary:0,lockin,,,14.992863,16
rice_R_8,frame_00000.png,frame_00119.png,,,,0,decode失敗,QR未検出,0.909757,0.436179,0.540983,0.541930,,lockin:lockin::None:29.996431568043448:2:4:binary:0,lockin,,,29.996432,2
rice_R_8,frame_00000.png,frame_00119.png,,,,0,decode失敗,QR未検出,0.909757,0.436179,0.540983,0.541930,,lockin:lockin::None:29.996431568043448:2:8:binary:0,lockin,,,29.996432,2
rice_R_8,frame_00000.png,frame_00119.png,,,,0,decode失敗,QR未検出,0.909757,0.436179,0.540983,0.541930,,lockin:lockin::None:29.996431568043448:2:16:binary:0,lockin,,,29.996432,2
rice_R_8,frame_00000.png,frame_00119.png,,,,0,decode失敗,QR未検出,0.866265,0.597780,0.740225,0.217205,,lockin:lockin::None:29.996431568043448:4:4:binary:0,lockin,,,29.996432,4
rice_R_8,frame_00000.png,frame_00119.png,,,,0,decode失敗,QR未検出,0.866265,0.597780,0.740225,0.217205,,lockin:lockin::None:29.996431568043448:4:8:binary:0,lockin,,,29.996432,4
rice_R_8,frame_00000.png,frame_00119.png,,,,0,decode失敗,QR未検出,0.866265,0.597780,0.740225,0.217205,,lockin:lockin::None:29.996431568043448:4:16:binary:0,lockin,,,29.996432,4
rice_R_8,frame_00000.png,frame_00119.png,,,,0,decode失敗,QR未検出,0.837417,0.700728,0.811412,0.115961,,lockin:lockin::None:29.996431568043448:6:4:binary:0,lockin,,,29.996432,6
rice_R_8,frame_00000.png,frame_00119.png,,,,0,decode失敗,QR未検出,0.837417,0.700728,0.811412,0.115961,,lockin:lockin::None:29.996431568043448:6:8:binary:0,lockin,,,29.996432,6
rice_R_8,frame_00000.png,frame_00119.png,,,,0,decode失敗,QR未検出,0.837417,0.700728,0.811412,0.115961,,lockin:lockin::None:29.996431568043448:6:16:binary:0,lockin,,,29.996432,6
rice_R_8,frame_00000.png,frame_00119.png,,,,0,decode失敗,QR未検出,0.811937,0.764222,0.841018,0.074019,,lockin:lockin::None:29.996431568043448:8:4:binary:0,lockin,,,29.996432,8
rice_R_8,frame_00000.png,frame_00119.png,,,,0,decode失敗,QR未検出,0.811937,0.764222,0.841018,0.074019,,lockin:lockin::None:29.996431568043448:8:8:binary:0,lockin,,,29.996432,8
rice_R_8,frame_00000.png,frame_00119.png,,,,0,decode失敗,QR未検出,0.811937,0.764222,0.841018,0.074019,,lockin:lockin::None:29.996431568043448:8:16:binary:0,lockin,,,29.996432,8
rice_R_8,frame_00000.png,frame_00119.png,,,,0,decode失敗,QR未検出,0.787095,0.808940,0.855430,0.050596,,lockin:lockin::None:29.996431568043448:10:4:binary:0,lockin,,,29.996432,10
rice_R_8,frame_00000.png,frame_00119.png,,,,0,decode失敗,QR未検出,0.787095,0.808940,0.855430,0.050596,,lockin:lockin::None:29.996431568043448:10:8:binary:0,lockin,,,29.996432,10
rice_R_8,frame_00000.png,frame_00119.png,,,,0,decode失敗,QR未検出,0.787095,0.808940,0.855430,0.050596,,lockin:lockin::None:29.996431568043448:10:16:binary:0,lockin,,,29.996432,10
rice_R_8,frame_00000.png,frame_00119.png,rice_R_8/rgb_max_lockin_f300_ps4_th12/00000-00119-FRAME_rgbmax_scale1.00.png,,,0,decode失敗,QR未検出,0.762397,0.840408,0.861384,0.036064,,lockin:lockin::None:29.996431568043448:12:4:binary:0,lockin,,,29.996432,12
rice_R_8,frame_00000.png,frame_00119.png,rice_R_8/rgb_max_lockin_f300_ps4_th12/00000-00119-FRAME_rgbmax_scale1.00.png,,,0,decode失敗,QR未検出,0.762397,0.840408,0.861384,0.036064,,lockin:lockin::None:29.996431568043448:12:8:binary:0,lockin,,,29.996432,12
rice_R_8,frame_00000.png,frame_00119.png,rice_R_8/rgb_max_lockin_f300_ps4_th12/00000-00119-FRAME_rgbmax_scale1.00.png,,,0,decode失敗,QR未検出,0.762397,0.840408,0.861384,0.036064,,lockin:lockin::None:29.996431568043448:12:16:binary:0,lockin,,,29.996432,12
rice_R_8,frame_00000.png,frame_00119.png,rice_R_8/rgb_max_lockin_f300_ps8_th16/00000-00119-FRAME_rgbmax_scale1.00.png,,,0,decode失敗,QR未検出,0.722288,0.879713,0.863526,0.021376,,lockin:lockin::None:29.996431568043448:16:4:binary:0,lockin,,,29.996432,16
rice_R_8,frame_00000.png,frame_00119.png,rice_R_8/rgb_max_lockin_f300_ps8_th16/00000-00119-FRAME_rgbmax_scale1.00.png,,,0,decode失敗,QR未検出,0.722288,0.879713,0.863526,0.021376,,lockin:lockin::None:29.996431568043448:16:8:binary:0,lockin,,,29.996432,16
rice_R_8,frame_00000.png,frame_00119.png,rice_R_8/rgb_max_lockin_f300_ps8_th16/00000-00119-FRAME_rgbmax_scale1.00.png,,,0,decode失敗,QR未検出,0.722288,0.879713,0.863526,0.021376,,lockin:lockin::None:29.996431568043448:16:16:binary:0,lockin,,,29.996432,16
rice_R_12,frame_00000.png,frame_00119.png,,,,0,decode失敗,QR未検出,0.000000,0.000000,0.636018,0.024954,,lockin:lockin::None:10.003568431956552:2:4:binary:0,lockin,,,10.003568,2
rice_R_12,frame_00000.png,frame_00119.png,,,,0,decode失敗,QR未検出,0.000000,0.000000,0.636018,0.024954,,lockin:lockin::None:10.003568431956552:2:8:binary:0,lockin,,,10.003568,2
rice_R_12,frame_00000.png,frame_00119.png,,,,0,decode失敗,QR未検出,0.000000,0.000000,0.636018,0.024954,,lockin:lockin::None:10.003568431956552:2:16:binary:0,lockin,,,10.003568,2
rice_R_12,frame_00000.png,frame_00119.png,,,,0,decode失敗,QR未検出,0.000270,0.004829,0.617398,0.129534,,lockin:lockin::None:10.003568431956552:4:4:binary:0,lockin,,,10.003568,4
rice_R_12,frame_00000.png,frame_00119.png,,,,0,decode失敗,QR未検出,0.000270,0.004829,0.617398,0.129530,,lockin:lockin::None:10.003568431956552:4:8:binary:0,lockin,,,10.003568,4
rice_R_12,frame_00000.png,frame_00119.png,,,,0,decode失敗,QR未検出,0.000270,0.004829,0.617398,0.129530,,lockin:lockin::None:10.003568431956552:4:16:binary:0,lockin,,,10.003568,4
rice_R_12,frame_00000.png,frame_00119.png,,,,0,decode失敗,QR未検出,0.002785,0.015314,0.573586,0.249729,,lockin:lockin::None:10.003568431956552:6:4:binary:0,lockin,,,10.003568,6
rice_R_12,frame_00000.png,frame_00119.png,,,,0,decode失敗,QR未検出,0.002785,0.015314,0.573586,0.249729,,lockin:lockin::None:10.003568431956552:6:8:binary:0,lockin,,,10.003568,6
rice_R_12,frame_00000.png,frame_00119.png,,,,0,decode失敗,QR未検出,0.002785,0.015314,0.573586,0.249729,,lockin:lockin::None:10.003568431956552:6:16:binary:0,lockin,,,10.003568,6
rice_R_12,frame_00000.png,frame_00119.png,,,,0,decode失敗,QR未検出,0.020286,0.048975,0.502045,0.373702,,lockin:lockin::None:10.003568431956552:8:4:binary:0,lockin,,,10.003568,8
rice_R_12,frame_00000.png,frame_00119.png,,,,0,decode失敗,QR未検出,0.020286,0.048975,0.502045,0.373702,,lockin:lockin::None:10.003568431956552:8:8:binary:0,lockin,,,10.003568,8
rice_R_12,frame_00000.png,frame_00119.png,,,,0,decode失敗,QR未検出,0.020286,0.048975,0.502045,0.373702,,lockin:lockin::None:10.003568431956552:8:16:binary:0,lockin,,,10.003568,8
rice_R_12,frame_00000.png,frame_00119.png,,,,0,decode失敗,QR未検出,0.935971,0.455894,0.571841,0.496509,,lockin:lockin::None:10.003568431956552:10:4:binary:0,lockin,,,10.003568,10
rice_R_12,frame_00000.png,frame_00119.png,,,,0,decode失敗,QR未検出,0.935971,0.455894,0.571841,0.496509,,lockin:lockin::None:10.003568431956552:10:8:binary:0,lockin,,,10.003568,10
rice_R_12,frame_00000.png,frame_00119.png,,,,0,decode失敗,QR未検出,0.935971,0.455894,0.571841,0.496509,,lockin:lockin::None:10.003568431956552:10:16:binary:0,lockin,,,10.003568,10
rice_R_12,frame_00000.png,frame_00119.png,rice_R_12/rgb_max_lockin_f300_ps8_th12/00000-00119-FRAME_rgbmax_scale1.00.png,,,0,decode失敗,QR未検出,0.878172,0.494353,0.630219,0.382804,,lockin:lockin::None:10.003568431956552:12:4:binary:0,lockin,,,10.003568,12
rice_R_12,frame_00000.png,frame_00119.png,rice_R_12/rgb_max_lockin_f300_ps8_th12/00000-00119-FRAME_rgbmax_scale1.00.png,,,0,decode失敗,QR未検出,0.878172,0.494341,0.630204,0.382812,,lockin:lockin::None:10.003568431956552:12:8:binary:0,lockin,,,10.003568,12
rice_R_12,frame_00000.png,frame_00119.png,rice_R_12/rgb_max_lockin_f300_ps8_th12/00000-00119-FRAME_rgbmax_scale1.00.png,,,0,decode失敗,QR未検出,0.878172,0.494341,0.630204,0.382812,,lockin:lockin::None:10.003568431956552:12:16:binary:0,lockin,,,10.003568,12
rice_R_12,frame_00000.png,frame_00119.png,rice_R_12/rgb_max_lockin_f300_ps16_th16/00000-00119-FRAME_rgbmax_scale1.00.png,,,0,decode失敗,QR未検出,0.741218,0.560609,0.695592,0.227702,,lockin:lockin::None:10.003568431956552:16:4:binary:0,lockin,,,10.003568,16
rice_R_12,frame_00000.png,frame_00119.png,rice_R_12/rgb_max_lockin_f300_ps16_th16/00000-00119-FRAME_rgbmax_scale1.00.png,,,0,decode失敗,QR未検出,0.741218,0.560609,0.695592,0.227702,,lockin:lockin::None:10.003568431956552:16:8:binary:0,lockin,,,10.003568,16
rice_R_12,frame_00000.png,frame_00119.png,rice_R_12/rgb_max_lockin_f300_ps16_th16/00000-00119-FRAME_rgbmax_scale1.00.png,,,0,decode失敗,QR未検出,0.741247,0.560619,0.695603,0.227702,,lockin:lockin::None:10.003568431956552:16:16:binary:0,lockin,,,10.003568,16
rice_R_12,frame_00000.png,frame_00119.png,,,,0,decode失敗,QR未検出,0.000005,0.000469,0.633762,0.044977,,lockin:lockin::None:14.992863136086896:2:4:binary:0,lockin,,,14.992863,2
rice_R_12,frame_00000.png,frame_00119.png,,,,0,decode失敗,QR未検出,0.000005,0.000469,0.633762,0.044977,,lockin:lockin::None:14.992863136086896:2:8:binary:0,lockin,,,14.992863,2
rice_R_12,frame_00000.png,frame_00119.png,,,,0,decode失敗,QR未検出,0.000005,0.000469,0.633762,0.044977,,lockin:lockin::None:14.992863136086896:2:16:binary:0,lockin,,,14.992863,2
rice_R_12,frame_00000.png,frame_00119.png,,,,0,decode失敗,QR未検出,0.000454,0.004390,0.600354,0.189983,,lockin:lockin::None:14.992863136086896:4:4:binary:0,lockin,,,14.992863,4
rice_R_12,frame_00000.png,frame_00119.png,,,,0,decode失敗,QR未検出,0.000454,0.004390,0.600354,0.189983,,lockin:lockin::None:14.992863136086896:4:8:binary:0,lockin,,,14.992863,4
rice_R_12,frame_00000.png,frame_00119.png,,,,0,decode失敗,QR未検出,0.000454,0.004390,0.600354,0.189983,,lockin:lockin::None:14.992863136086896:4:16:binary:0,lockin,,,14.992863,4
rice_R_12,frame_00000.png,frame_00119.png,,,,0,decode失敗,QR未検出,0.012086,0.035941,0.524357,0.331609,,lockin:lockin::None:14.992863136086896:6:4:binary:0,lockin,,,14.992863,6
rice_R_12,frame_00000.png,frame_00119.png,,,,0,decode失敗,QR未検出,0.012086,0.035941,0.524357,0.331609,,lockin:lockin::None:14.992863136086896:6:8:binary:0,lockin,,,14.992863,6
rice_R_12,frame_00000.png,frame_00119.png,,,,0,decode失敗,QR未検出,0.012086,0.035941,0.524357,0.331609,,lockin:lockin::None:14.992863136086896:6:16:binary:0,lockin,,,14.992863,6
rice_R_12,frame_00000.png,frame_00119.png,,,,0,decode失敗,QR未検出,0.943336,0.455761,0.571107,0.509883,,lockin:lockin::None:14.992863136086896:8:4:binary:0,lockin,,,14.992863,8
rice_R_12,frame_00000.png,frame_00119.png,,,,0,decode失敗,QR未検出,0.943336,0.455761,0.571107,0.509883,,lockin:lockin::None:14.992863136086896:8:8:binary:0,lockin,,,14.992863,8
rice_R_12,frame_00000.png,frame_00119.png,,,,0,decode失敗,QR未検出,0.943336,0.455761,0.571107,0.509883,,lockin:lockin::None:14.992863136086896:8:16:binary:0,lockin,,,14.992863,8
rice_R_12,frame_00000.png,frame_00119.png,,,,0,decode失敗,QR未検出,0.884181,0.502611,0.640822,0.375607,,lockin:lockin::None:14.992863136086896:10:4:binary:0,lockin,,,14.992863,10
rice_R_12,frame_00000.png,frame_00119.png,,,,0,decode失敗,QR未検出,0.884181,0.502611,0.640822,0.375607,,lockin:lockin::None:14.992863136086896:10:8:binary:0,lockin,,,14.992863,10
rice_R_12,frame_00000.png,frame_00119.png,,,,0,decode失敗,QR未検出,0.884181,0.502611,0.640822,0.375607,,lockin:lockin::None:14.992863136086896:10:16:binary:0,lockin,,,14.992863,10
rice_R_12,frame_00000.png,frame_00119.png,rice_R_12/rgb_max_lockin_f300_ps8_th12/00000-00119-FRAME_rgbmax_scale1.00.png,,,0,decode失敗,QR未検出,0.815036,0.542382,0.683666,0.280156,,lockin:lockin::None:14.992863136086896:12:4:binary:0,lockin,,,14.992863,12
rice_R_12,frame_00000.png,frame_00119.png,rice_R_12/rgb_max_lockin_f300_ps8_th12/00000-00119-FRAME_rgbmax_scale1.00.png,,,0,decode失敗,QR未検出,0.815036,0.542382,0.683666,0.280156,,lockin:lockin::None:14.992863136086896:12:8:binary:0,lockin,,,14.992863,12
rice_R_12,frame_00000.png,frame_00119.png,rice_R_12/rgb_max_lockin_f300_ps8_th12/00000-00119-FRAME_rgbmax_scale1.00.png,,,0,decode失敗,QR未検出,0.815036,0.542382,0.683666,0.280156,,lockin:lockin::None:14.992863136086896:12:16:binary:0,lockin,,,14.992863,12
rice_R_12,frame_00000.png,frame_00119.png,rice_R_12/rgb_max_lockin_f300_ps16_th16/00000-00119-FRAME_rgbmax_scale1.00.png,,,0,decode失敗,QR未検出,0.631370,0.587202,0.705471,0.169412,,lockin:lockin::None:14.992863136086896:16:4:binary:0,lockin,,,14.992863,16
rice_R_12,frame_00000.png,frame_00119.png,rice_R_12/rgb_max_lockin_f300_ps16_th16/00000-00119-FRAME_rgbmax_scale1.00.png,,,0,decode失敗,QR未検出,0.631370,0.587202,0.705471,0.169411,,lockin:lockin::None:14.992863136086896:16:8:binary:0,lockin,,,14.992863,16
rice_R_12,frame_00000.png,frame_00119.png,rice_R_12/rgb_max_lockin_f300_ps16_th16/00000-00119-FRAME_rgbmax_scale1.00.png,,,0,decode失敗,QR未検出,0.631370,0.587202,0.705471,0.169411,,lockin:lockin::None:14.992863136086896:16:16:binary:0,lockin,,,14.992863,16
rice_R_12,frame_00000.png,frame_00119.png,,,,0,decode失敗,QR未検出,0.947347,0.674086,0.814873,0.118970,,lockin:lockin::None:29.996431568043448:2:4:binary:0,lockin,,,29.996432,2
rice_R_12,frame_00000.png,frame_00119.png,,,,0,decode失敗,QR未検出,0.947347,0.674086,0.814873,0.118970,,lockin:lockin::None:29.996431568043448:2:8:binary:0,lockin,,,29.996432,2
rice_R_12,frame_00000.png,frame_00119.png,,,,0,decode失敗,QR未検出,0.947347,0.674086,0.814873,0.118970,,lockin:lockin::None:29.996431568043448:2:16:binary:0,lockin,,,29.996432,2
rice_R_12,frame_00000.png,frame_00119.png,,,,0,decode失敗,QR未検出,0.925767,0.769051,0.872309,0.056804,,lockin:lockin::None:29.996431568043448:4:4:binary:0,lockin,,,29.996432,4
rice_R_12,frame_00000.png,frame_00119.png,,,,0,decode失敗,QR未検出,0.925767,0.769051,0.872309,0.056804,,lockin:lockin::None:29.996431568043448:4:8:binary:0,lockin,,,29.996432,4
rice_R_12,frame_00000.png,frame_00119.png,,,,0,decode失敗,QR未検出,0.925767,0.769051,0.872309,0.056804,,lockin:lockin::None:29.996431568043448:4:16:binary:0,lockin,,,29.996432,4
rice_R_12,frame_00000.png,frame_00119.png,,,,0,decode失敗,QR未検出,0.910375,0.809380,0.889786,0.041211,,lockin:lockin::None:29.996431568043448:6:4:binary:0,lockin,,,29.996432,6
rice_R_12,frame_00000.png,frame_00119.png,,,,0,decode失敗,QR未検出,0.910375,0.809380,0.889786,0.041211,,lockin:lockin::None:29.996431568043448:6:8:binary:0,lockin,,,29.996432,6
rice_R_12,frame_00000.png,frame_00119.png,,,,0,decode失敗,QR未検出,0.910375,0.809380,0.889786,0.041211,,lockin:lockin::None:29.996431568043448:6:16:binary:0,lockin,,,29.996432,6
rice_R_12,frame_00000.png,frame_00119.png,,,,0,decode失敗,QR未検出,0.898632,0.833374,0.898120,0.034148,,lockin:lockin::None:29.996431568043448:8:4:binary:0,lockin,,,29.996432,8
rice_R_12,frame_00000.png,frame_00119.png,,,,0,decode失敗,QR未検出,0.898632,0.833374,0.898120,0.034148,,lockin:lockin::None:29.996431568043448:8:8:binary:0,lockin,,,29.996432,8
rice_R_12,frame_00000.png,frame_00119.png,,,,0,decode失敗,QR未検出,0.898632,0.833374,0.898120,0.034148,,lockin:lockin::None:29.996431568043448:8:16:binary:0,lockin,,,29.996432,8
rice_R_12,frame_00000.png,frame_00119.png,,,,0,decode失敗,QR未検出,0.887010,0.849977,0.902286,0.029737,,lockin:lockin::None:29.996431568043448:10:4:binary:0,lockin,,,29.996432,10
rice_R_12,frame_00000.png,frame_00119.png,,,,0,decode失敗,QR未検出,0.887010,0.849977,0.902286,0.029737,,lockin:lockin::None:29.996431568043448:10:8:binary:0,lockin,,,29.996432,10
rice_R_12,frame_00000.png,frame_00119.png,,,,0,decode失敗,QR未検出,0.887010,0.849977,0.902286,0.029737,,lockin:lockin::None:29.996431568043448:10:16:binary:0,lockin,,,29.996432,10
rice_R_12,frame_00000.png,frame_00119.png,rice_R_12/rgb_max_lockin_f300_ps8_th12/00000-00119-FRAME_rgbmax_scale1.00.png,,,0,decode失敗,QR未検出,0.877661,0.861776,0.904620,0.026707,,lockin:lockin::None:29.996431568043448:12:4:binary:0,lockin,,,29.996432,12
rice_R_12,frame_00000.png,frame_00119.png,rice_R_12/rgb_max_lockin_f300_ps8_th12/00000-00119-FRAME_rgbmax_scale1.00.png,,,0,decode失敗,QR未検出,0.877661,0.861776,0.904620,0.026707,,lockin:lockin::None:29.996431568043448:12:8:binary:0,lockin,,,29.996432,12
rice_R_12,frame_00000.png,frame_00119.png,rice_R_12/rgb_max_lockin_f300_ps8_th12/00000-00119-FRAME_rgbmax_scale1.00.png,,,0,decode失敗,QR未検出,0.877661,0.861776,0.904620,0.026707,,lockin:lockin::None:29.996431568043448:12:16:binary:0,lockin,,,29.996432,12
rice_R_12,frame_00000.png,frame_00119.png,rice_R_12/rgb_max_lockin_f300_ps16_th16/00000-00119-FRAME_rgbmax_scale1.00.png,,,0,decode失敗,QR未検出,0.859392,0.881429,0.907120,0.021875,,lockin:lockin::None:29.996431568043448:16:4:binary:0,lockin,,,29.996432,16
rice_R_12,frame_00000.png,frame_00119.png,rice_R_12/rgb_max_lockin_f300_ps16_th16/00000-00119-FRAME_rgbmax_scale1.00.png,,,0,decode失敗,QR未検出,0.859392,0.881429,0.907120,0.021875,,lockin:lockin::None:29.996431568043448:16:8:binary:0,lockin,,,29.996432,16
rice_R_12,frame_00000.png,frame_00119.png,rice_R_12/rgb_max_lockin_f300_ps16_th16/00000-00119-FRAME_rgbmax_scale1.00.png,,,0,decode失敗,QR未検出,0.859392,0.881429,0.907120,0.021875,,lockin:lockin::None:29.996431568043448:16:16:binary:0,lockin,,,29.996432,16
nagaoka_fireworks_R_4,frame_00000.png,frame_00119.png,,,,0,decode失敗,QR未検出,0.071313,0.239174,0.581110,0.202100,,lockin:lockin::None:10.003568431956552:2:4:binary:0,lockin,,,10.003568,2
nagaoka_fireworks_R_4,frame_00000.png,frame_00119.png,,,,0,decode失敗,QR未検出,0.071313,0.239174,0.581110,0.202100,,lockin:lockin::None:10.003568431956552:2:8:binary:0,lockin,,,10.003568,2
nagaoka_fireworks_R_4,frame_00000.png,frame_00119.png,,,,0,decode失敗,QR未検出,0.071313,0.239174,0.581110,0.202100,,lockin:lockin::None:10.003568431956552:2:16:binary:0,lockin,,,10.003568,2
nagaoka_fireworks_R_4,frame_00000.png,frame_00119.png,,,,0,decode失敗,QR未検出,0.173742,0.266971,0.527542,0.415383,,lockin:lockin::None:10.003568431956552:4:4:binary:0,lockin,,,10.003568,4
nagaoka_fireworks_R_4,frame_00000.png,frame_00119.png,,,,0,decode失敗,QR未検出,0.173742,0.266971,0.527542,0.415383,,lockin:lockin::None:10.003568431956552:4:8:binary:0,lockin,,,10.003568,4
nagaoka_fireworks_R_4,frame_00000.png,frame_00119.png,,,,0,decode失敗,QR未検出,0.173742,0.266971,0.527542,0.415383,,lockin:lockin::None:10.003568431956552:4:16:binary:0,lockin,,,10.003568,4
nagaoka_fireworks_R_4,frame_00000.png,frame_00119.png,,,,0,decode失敗,QR未検出,0.724798,0.403978,0.512589,0.458726,,lockin:lockin::None:10.003568431956552:6:4:binary:0,lockin,,,10.003568,6
nagaoka_fireworks_R_4,frame_00000.png,frame_00119.png,,,,0,decode失敗,QR未検出,0.724798,0.403978,0.512589,0.458726,,lockin:lockin::None:10.003568431956552:6:8:binary:0,lockin,,,10.003568,6
nagaoka_fireworks_R_4,frame_00000.png,frame_00119.png,,,,0,decode失敗,QR未検出,0.724798,0.403978,0.512589,0.458726,,lockin:lockin::None:10.003568431956552:6:16:binary:0,lockin,,,10.003568,6
nagaoka_fireworks_R_4,frame_00000.png,frame_00119.png,,,,0,decode失敗,QR未検出,0.619274,0.424788,0.557996,0.359445,,lockin:lockin::None:10.003568431956552:8:4:binary:0,lockin,,,10.003568,8
nagaoka_fireworks_R_4,frame_00000.png,frame_00119.png,,,,0,decode失敗,QR未検出,0.619274,0.424788,0.557996,0.359445,,lockin:lockin::None:10.003568431956552:8:8:binary:0,lockin,,,10.003568,8
nagaoka_fireworks_R_4,frame_00000.png,frame_00119.png,,,,0,decode失敗,QR未検出,0.619274,0.424788,0.557996,0.359445,,lockin:lockin::None:10.003568431956552:8:16:binary:0,lockin,,,10.003568,8
nagaoka_fireworks_R_4,frame_00000.png,frame_00119.png,,,,0,decode失敗,QR未検出,0.494778,0.457004,0.603743,0.263573,,lockin:lockin::None:10.003568431956552:10:4:binary:0,lockin,,,10.003568,10
nagaoka_fireworks_R_4,frame_00000.png,frame_00119.png,,,,0,decode失敗,QR未検出,0.494778,0.457004,0.603743,0.263573,,lockin:lockin::None:10.003568431956552:10:8:binary:0,lockin,,,10.003568,10
nagaoka_fireworks_R_4,frame_00000.png,frame_00119.png,,,,0,decode失敗,QR未検出,0.494778,0.457004,0.603743,0.263573,,lockin:lockin::None:10.003568431956552:10:16:binary:0,lockin,,,10.003568,10
nagaoka_fireworks_R_4,frame_00000.png,frame_00119.png,,,,0,decode失敗,QR未検出,0.354049,0.493106,0.633904,0.177410,,lockin:lockin::None:10.003568431956552:12:4:binary:0,lockin,,,10.003568,12
nagaoka_fireworks_R_4,frame_00000.png,frame_00119.png,,,,0,decode失敗,QR未検出,0.354049,0.493103,0.633902,0.177411,,lockin:lockin::None:10.003568431956552:12:8:binary:0,lockin,,,10.003568,12
nagaoka_fireworks_R_4,frame_00000.png,frame_00119.png,,,,0,decode失敗,QR未検出,0.354049,0.493103,0.633902,0.177411,,lockin:lockin::None:10.003568431956552:12:16:binary:0,lockin,,,10.003568,12
nagaoka_fireworks_R_4,frame_00000.png,frame_00119.png,nagaoka_fireworks_R_4/rgb_max_lockin_f300_ps16_th16/00000-00119-FRAME_rgbmax_scale1.00.png,,,0,decode失敗,QR未検出,0.141289,0.566768,0.649560,0.066295,,lockin:lockin::None:10.003568431956552:16:4:binary:0,lockin,,,10.003568,16
nagaoka_fireworks_R_4,frame_00000.png,frame_00119.png,nagaoka_fireworks_R_4/rgb_max_lockin_f300_ps16_th16/00000-00119-FRAME_rgbmax_scale1.00.png,,,0,decode失敗,QR未検出,0.141289,0.566768,0.649560,0.066295,,lockin:lockin::None:10.003568431956552:16:8:binary:0,lockin,,,10.003568,16
nagaoka_fireworks_R_4,frame_00000.png,frame_00119.png,nagaoka_fireworks_R_4/rgb_max_lockin_f300_ps16_th16/00000-00119-FRAME_rgbmax_scale1.00.png,,,0,decode失敗,QR未検出,0.141289,0.566768,0.649560,0.066295,,lockin:lockin::None:10.003568431956552:16:16:binary:0,lockin,,,10.003568,16
nagaoka_fireworks_R_4,frame_00000.png,frame_00119.png,,,,0,decode失敗,QR未検出,0.061133,0.267990,0.599121,0.154720,,lockin:lockin::None:14.992863136086896:2:4:binary:0,lockin,,,14.992863,2
nagaoka_fireworks_R_4,frame_00000.png,frame_00119.png,,,,0,decode失敗,QR未検出,0.061133,0.267990,0.599121,0.154720,,lockin:lockin::None:14.992863136086896:2:8:binary:0,lockin,,,14.992863,2
nagaoka_fireworks_R_4,frame_00000.png,frame_00119.png,,,,0,decode失敗,QR未検出,0.061133,0.267990,0.599121,0.154720,,lockin:lockin::None:14.992863136086896:2:16:binary:0,lockin,,,14.992863,2
nagaoka_fireworks_R_4,frame_00000.png,frame_00119.png,,,,0,decode失敗,QR未検出,0.152047,0.272943,0.545789,0.361153,,lockin:lockin::None:14.992863136086896:4:4:binary:0,lockin,,,14.992863,4
nagaoka_fireworks_R_4,frame_00000.png,frame_00119.png,,,,0,decode失敗,QR未検出,0.152047,0.272943,0.545789,0.361153,,lockin:lockin::None:14.992863136086896:4:8:binary:0,lockin,,,14.992863,4
nagaoka_fireworks_R_4,frame_00000.png,frame_00119.png,,,,0,decode失敗,QR未検出,0.152047,0.272943,0.545789,0.361153,,lockin:lockin::None:14.992863136086896:4:16:binary:0,lockin,,,14.992863,4
nagaoka_fireworks_R_4,frame_00000.png,frame_00119.png,,,,0,decode失敗,QR未検出,0.229996,0.281786,0.508362,0.486030,,lockin:lockin::None:14.992863136086896:6:4:binary:0,lockin,,,14.992863,6
nagaoka_fireworks_R_4,frame_00000.png,frame_00119.png,,,,0,decode失敗,QR未検出,0.229996,0.281786,0.508362,0.486029,,lockin:lockin::None:14.992863136086896:6:8:binary:0,lockin,,,14.992863,6
nagaoka_fireworks_R_4,frame_00000.png,frame_00119.png,,,,0,decode失敗,QR未検出,0.229996,0.281786,0.508362,0.486025,,lockin:lockin::None:14.992863136086896:6:16:binary:0,lockin,,,14.992863,6
nagaoka_fireworks_R_4,frame_00000.png,frame_00119.png,,,,0,decode失敗,QR未検出,0.694434,0.409516,0.526249,0.426170,,lockin:lockin::None:14.992863136086896:8:4:binary:0,lockin,,,14.992863,8
nagaoka_fireworks_R_4,frame_00000.png,frame_00119.png,,,,0,decode失敗,QR未検出,0.694434,0.409516,0.526249,0.426170,,lockin:lockin::None:14.992863136086896:8:8:binary:0,lockin,,,14.992863,8
nagaoka_fireworks_R_4,frame_00000.png,frame_00119.png,,,,0,decode失敗,QR未検出,0.694434,0.409516,0.526249,0.426170,,lockin:lockin::None:14.992863136086896:8:16:binary:0,lockin,,,14.992863,8
nagaoka_fireworks_R_4,frame_00000.png,frame_00119.png,,,,0,decode失敗,QR未検出,0.613116,0.427516,0.562126,0.351015,,lockin:lockin::None:14.992863136086896:10:4:binary:0,lockin,,,14.992863,10
nagaoka_fireworks_R_4,frame_00000.png,frame_00119.png,,,,0,decode失敗,QR未検出,0.613116,0.427516,0.562126,0.351015,,lockin:lockin::None:14.992863136086896:10:8:binary:0,lockin,,,14.992863,10
nagaoka_fireworks_R_4,frame_00000.png,frame_00119.png,,,,0,decode失敗,QR未検出,0.613116,0.427516,0.562126,0.351015,,lockin:lockin::None:14.992863136086896:10:16:binary:0,lockin,,,14.992863,10
nagaoka_fireworks_R_4,frame_00000.png,frame_00119.png,,,,0,decode失敗,QR未検出,0.522777,0.454049,0.599135,0.278847,,lockin:lockin::None:14.992863136086896:12:4:binary:0,lockin,,,14.992863,12
nagaoka_fireworks_R_4,frame_00000.png,frame_00119.png,,,,0,decode失敗,QR未検出,0.522777,0.454049,0.599135,0.278847,,lockin:lockin::None:14.992863136086896:12:8:binary:0,lockin,,,14.992863,12
nagaoka_fireworks_R_4,frame_00000.png,frame_00119.png,,,,0,decode失敗,QR未検出,0.522777,0.454049,0.599135,0.278847,,lockin:lockin::None:14.992863136086896:12:16:binary:0,lockin,,,14.992863,12
nagaoka_fireworks_R_4,frame_00000.png,frame_00119.png,nagaoka_fireworks_R_4/rgb_max_lockin_f300_ps16_th16/00000-00119-FRAME_rgbmax_scale1.00.png,,,0,decode失敗,QR未検出,0.320910,0.523746,0.648041,0.150137,,lockin:lockin::None:14.992863136086896:16:4:binary:0,lockin,,,14.992863,16
nagaoka_fireworks_R_4,frame_00000.png,frame_00119.png,nagaoka_fireworks_R_4/rgb_max_lockin_f300_ps16_th16/00000-00119-FRAME_rgbmax_scale1.00.png,,,0,decode失敗,QR未検出,0.320910,0.523746,0.648041,0.150137,,lockin:lockin::None:14.992863136086896:16:8:binary:0,lockin,,,14.992863,16
nagaoka_fireworks_R_4,frame_00000.png,frame_00119.png,nagaoka_fireworks_R_4/rgb_max_lockin_f300_ps16_th16/00000-00119-FRAME_rgbmax_scale1.00.png,,,0,decode失敗,QR未検出,0.320910,0.523746,0.648041,0.150137,,lockin:lockin::None:14.992863136086896:16:16:binary:0,lockin,,,14.992863,16
nagaoka_fireworks_R_4,frame_00000.png,frame_00119.png,,,,0,decode失敗,QR未検出,0.112643,0.257242,0.560423,0.296370,,lockin:lockin::None:29.996431568043448:2:4:binary:0,lockin,,,29.996432,2
nagaoka_fireworks_R_4,frame_00000.png,frame_00119.png,,,,0,decode失敗,QR未検出,0.112643,0.257242,0.560423,0.296370,,lockin:lockin::None:29.996431568043448:2:8:binary:0,lockin,,,29.996432,2
nagaoka_fireworks_R_4,frame_00000.png,frame_00119.png,,,,0,decode失敗,QR未検出,0.112643,0.257242,0.560423,0.296370,,lockin:lockin::None:29.996431568043448:2:16:binary:0,lockin,,,29.996432,2
nagaoka_fireworks_R_4,frame_00000.png,frame_00119.png,,,,0,decode失敗,QR未検出,0.786332,0.404387,0.502698,0.509862,,lockin:lockin::None:29.996431568043448:4:4:binary:0,lockin,,,29.996432,4
nagaoka_fireworks_R_4,frame_00000.png,frame_00119.png,,,,0,decode失敗,QR未検出,0.786332,0.404387,0.502698,0.509862,,lockin:lockin::None:29.996431568043448:4:8:binary:0,lockin,,,29.996432,4
nagaoka_fireworks_R_4,frame_00000.png,frame_00119.png,,,,0,decode失敗,QR未検出,0.786332,0.404387,0.502698,0.509862,,lockin:lockin::None:29.996431568043448:4:16:binary:0,lockin,,,29.996432,4
nagaoka_fireworks_R_4,frame_00000.png,frame_00119.png,,,,0,decode失敗,QR未検出,0.688019,0.439892,0.569332,0.369668,,lockin:lockin::None:29.996431568043448:6:4:binary:0,lockin,,,29.996432,6
nagaoka_fireworks_R_4,frame_00000.png,frame_00119.png,,,,0,decode失敗,QR未検出,0.688019,0.439892,0.569332,0.369668,,lockin:lockin::None:29.996431568043448:6:8:binary:0,lockin,,,29.996432,6
nagaoka_fireworks_R_4,frame_00000.png,frame_00119.png,,,,0,decode失敗,QR未検出,0.688019,0.439892,0.569332,0.369668,,lockin:lockin::None:29.996431568043448:6:16:binary:0,lockin,,,29.996432,6
nagaoka_fireworks_R_4,frame_00000.png,frame_00119.png,,,,0,decode失敗,QR未検出,0.613063,0.490205,0.628611,0.268138,,lockin:lockin::None:29.996431568043448:8:4:binary:0,lockin,,,29.996432,8
nagaoka_fireworks_R_4,frame_00000.png,frame_00119.png,,,,0,decode失敗,QR未検出,0.613063,0.490205,0.628611,0.268138,,lockin:lockin::None:29.996431568043448:8:8:binary:0,lockin,,,29.996432,8
nagaoka_fireworks_R_4,frame_00000.png,frame_00119.png,,,,0,decode失敗,QR未検出,0.613063,0.490205,0.628611,0.268138,,lockin:lockin::None:29.996431568043448:8:16:binary:0,lockin,,,29.996432,8
nagaoka_fireworks_R_4,frame_00000.png,frame_00119.png,,,,0,decode失敗,QR未検出,0.545003,0.553922,0.675957,0.186380,,lockin:lockin::None:29.996431568043448:10:4:binary:0,lockin,,,29.996432,10
nagaoka_fireworks_R_4,frame_00000.png,frame_00119.png,,,,0,decode失敗,QR未検出,0.545003,0.553922,0.675957,0.186380,,lockin:lockin::None:29.996431568043448:10:8:binary:0,lockin,,,29.996432,10
nagaoka_fireworks_R_4,frame_00000.png,frame_00119.png,,,,0,decode失敗,QR未検出,0.545003,0.553922,0.675957,0.186380,,lockin:lockin::None:29.996431568043448:10:16:binary:0,lockin,,,29.996432,10
nagaoka_fireworks_R_4,frame_00000.png,frame_00119.png,,,,0,decode失敗,QR未検出,0.488189,0.623696,0.707689,0.121843,,lockin:lockin::None:29.996431568043448:12:4:binary:0,lockin,,,29.996432,12
nagaoka_fireworks_R_4,frame_00000.png,frame_00119.png,,,,0,decode失敗,QR未検出,0.488189,0.623696,0.707689,0.121843,,lockin:lockin::None:29.996431568043448:12:8:binary:0,lockin,,,29.996432,12
nagaoka_fireworks_R_4,frame_00000.png,frame_00119.png,,,,0,decode失敗,QR未検出,0.488189,0.623696,0.707689,0.121843,,lockin:lockin::None:29.996431568043448:12:16:binary:0,lockin,,,29.996432,12
nagaoka_fireworks_R_4,frame_00000.png,frame_00119.png,nagaoka_fireworks_R_4/rgb_max_lockin_f300_ps16_th16/00000-00119-FRAME_rgbmax_scale1.00.png,,,0,decode失敗,QR未検出,0.416751,0.728773,0.732342,0.055045,,lockin:lockin::None:29.996431568043448:16:4:binary:0,lockin,,,29.996432,16
nagaoka_fireworks_R_4,frame_00000.png,frame_00119.png,nagaoka_fireworks_R_4/rgb_max_lockin_f300_ps16_th16/00000-00119-FRAME_rgbmax_scale1.00.png,,,0,decode失敗,QR未検出,0.416751,0.728767,0.732341,0.055046,,lockin:lockin::None:29.996431568043448:16:8:binary:0,lockin,,,29.996432,16
nagaoka_fireworks_R_4,frame_00000.png,frame_00119.png,nagaoka_fireworks_R_4/rgb_max_lockin_f300_ps16_th16/00000-00119-FRAME_rgbmax_scale1.00.png,,,0,decode失敗,QR未検出,0.416751,0.728767,0.732341,0.055046,,lockin:lockin::None:29.996431568043448:16:16:binary:0,lockin,,,29.996432,16
nagaoka_fireworks_R_8,frame_00000.png,frame_00119.png,,,,0,decode失敗,QR未検出,0.036890,0.210841,0.600813,0.133958,,lockin:lockin::None:10.003568431956552:2:4:binary:0,lockin,,,10.003568,2
nagaoka_fireworks_R_8,frame_00000.png,frame_00119.png,,,,0,decode失敗,QR未検出,0.036890,0.210841,0.600813,0.133958,,lockin:lockin::None:10.003568431956552:2:8:binary:0,lockin,,,10.003568,2
nagaoka_fireworks_R_8,frame_00000.png,frame_00119.png,,,,0,decode失敗,QR未検出,0.036890,0.210841,0.600813,0.133958,,lockin:lockin::None:10.003568431956552:2:16:binary:0,lockin,,,10.003568,2
nagaoka_fireworks_R_8,frame_00000.png,frame_00119.png,,,,0,decode失敗,QR未検出,0.095499,0.219061,0.548697,0.333143,,lockin:lockin::None:10.003568431956552:4:4:binary:0,lockin,,,10.003568,4
nagaoka_fireworks_R_8,frame_00000.png,frame_00119.png,,,,0,decode失敗,QR未検出,0.095499,0.219061,0.548697,0.333143,,lockin:lockin::None:10.003568431956552:4:8:binary:0,lockin,,,10.003568,4
nagaoka_fireworks_R_8,frame_00000.png,frame_00119.png,,,,0,decode失敗,QR未検出,0.095499,0.219061,0.548697,0.333143,,lockin:lockin::None:10.003568431956552:4:16:binary:0,lockin,,,10.003568,4
nagaoka_fireworks_R_8,frame_00000.png,frame_00119.png,,,,0,decode失敗,QR未検出,0.132707,0.219807,0.514846,0.448876,,lockin:lockin::None:10.003568431956552:6:4:binary:0,lockin,,,10.003568,6
nagaoka_fireworks_R_8,frame_00000.png,frame_00119.png,,,,0,decode失敗,QR未検出,0.132707,0.219807,0.514846,0.448876,,lockin:lockin::None:10.003568431956552:6:8:binary:0,lockin,,,10.003568,6
nagaoka_fireworks_R_8,frame_00000.png,frame_00119.png,,,,0,decode失敗,QR未検出,0.132707,0.219807,0.514846,0.448876,,lockin:lockin::None:10.003568431956552:6:16:binary:0,lockin,,,10.003568,6
nagaoka_fireworks_R_8,frame_00000.png,frame_00119.png,,,,0,decode失敗,QR未検出,0.817584,0.415886,0.517605,0.472070,,lockin:lockin::None:10.003568431956552:8:4:binary:0,lockin,,,10.003568,8
nagaoka_fireworks_R_8,frame_00000.png,frame_00119.png,,,,0,decode失敗,QR未検出,0.817584,0.415886,0.517605,0.472070,,lockin:lockin::None:10.003568431956552:8:8:binary:0,lockin,,,10.003568,8
nagaoka_fireworks_R_8,frame_00000.png,frame_00119.png,,,,0,decode失敗,QR未検出,0.817584,0.415886,0.517605,0.472070,,lockin:lockin::None:10.003568431956552:8:16:binary:0,lockin,,,10.003568,8
nagaoka_fireworks_R_8,frame_00000.png,frame_00119.png,nagaoka_fireworks_R_8/rgb_max_lockin_f300_ps4_th10/00000-00119-FRAME_rgbmax_scale1.00.png,,,0,decode失敗,QR未検出,0.755418,0.436420,0.557702,0.395090,,lockin:lockin::None:10.003568431956552:10:4:binary:0,lockin,,,10.003568,10
nagaoka_fireworks_R_8,frame_00000.png,frame_00119.png,nagaoka_fireworks_R_8/rgb_max_lockin_f300_ps4_th10/00000-00119-FRAME_rgbmax_scale1.00.png,,,0,decode失敗,QR未検出,0.755418,0.436420,0.557702,0.395090,,lockin:lockin::None:10.003568431956552:10:8:binary:0,lockin,,,10.003568,10
nagaoka_fireworks_R_8,frame_00000.png,frame_00119.png,nagaoka_fireworks_R_8/rgb_max_lockin_f300_ps4_th10/00000-00119-FRAME_rgbmax_scale1.00.png,,,0,decode失敗,QR未検出,0.755418,0.436420,0.557702,0.395090,,lockin:lockin::None:10.003568431956552:10:16:binary:0,lockin,,,10.003568,10
nagaoka_fireworks_R_8,frame_00000.png,frame_00119.png,nagaoka_fireworks_R_8/rgb_max_lockin_f300_ps16_th12/00000-00119-FRAME_rgbmax_scale1.00.png,,,0,decode失敗,QR未検出,0.675301,0.467965,0.603976,0.314172,,lockin:lockin::None:10.003568431956552:12:4:binary:0,lockin,,,10.003568,12
nagaoka_fireworks_R_8,frame_00000.png,frame_00119.png,nagaoka_fireworks_R_8/rgb_max_lockin_f300_ps16_th12/00000-00119-FRAME_rgbmax_scale1.00.png,,,0,decode失敗,QR未検出,0.675301,0.467965,0.603976,0.314175,,lockin:lockin::None:10.003568431956552:12:8:binary:0,lockin,,,10.003568,12
nagaoka_fireworks_R_8,frame_00000.png,frame_00119.png,nagaoka_fireworks_R_8/rgb_max_lockin_f300_ps16_th12/00000-00119-FRAME_rgbmax_scale1.00.png,,,0,decode失敗,QR未検出,0.675301,0.467965,0.603976,0.314175,,lockin:lockin::None:10.003568431956552:12:16:binary:0,lockin,,,10.003568,12
nagaoka_fireworks_R_8,frame_00000.png,frame_00119.png,,,,0,decode失敗,QR未検出,0.497592,0.554731,0.673086,0.176863,,lockin:lockin::None:10.003568431956552:16:4:binary:0,lockin,,,10.003568,16
nagaoka_fireworks_R_8,frame_00000.png,frame_00119.png,,,,0,decode失敗,QR未検出,0.497592,0.554731,0.673086,0.176863,,lockin:lockin::None:10.003568431956552:16:8:binary:0,lockin,,,10.003568,16
nagaoka_fireworks_R_8,frame_00000.png,frame_00119.png,,,,0,decode失敗,QR未検出,0.497592,0.554731,0.673086,0.176863,,lockin:lockin::None:10.003568431956552:16:16:binary:0,lockin,,,10.003568,16
nagaoka_fireworks_R_8,frame_00000.png,frame_00119.png,,,,0,decode失敗,QR未検出,0.047962,0.212220,0.590339,0.174130,,lockin:lockin::None:14.992863136086896:2:4:binary:0,lockin,,,14.992863,2
nagaoka_fireworks_R_8,frame_00000.png,frame_00119.png,,,,0,decode失敗,QR未検出,0.047962,0.212220,0.590339,0.174130,,lockin:lockin::None:14.992863136086896:2:8:binary:0,lockin,,,14.992863,2
nagaoka_fireworks_R_8,frame_00000.png,frame_00119.png,,,,0,decode失敗,QR未検出,0.047962,0.212220,0.590339,0.174130,,lockin:lockin::None:14.992863136086896:2:16:binary:0,lockin,,,14.992863,2
nagaoka_fireworks_R_8,frame_00000.png,frame_00119.png,,,,0,decode失敗,QR未検出,0.104346,0.216341,0.538300,0.374534,,lockin:lockin::None:14.992863136086896:4:4:binary:0,lockin,,,14.992863,4
nagaoka_fireworks_R_8,frame_00000.png,frame_00119.png,,,,0,decode失敗,QR未検出,0.104346,0.216341,0.538300,0.374534,,lockin:lockin::None:14.992863136086896:4:8:binary:0,lockin,,,14.992863,4
nagaoka_fireworks_R_8,frame_00000.png,frame_00119.png,,,,0,decode失敗,QR未検出,0.104346,0.216341,0.538300,0.374534,,lockin:lockin::None:14.992863136086896:4:16:binary:0,lockin,,,14.992863,4
nagaoka_fireworks_R_8,frame_00000.png,frame_00119.png,,,,0,decode失敗,QR未検出,0.150913,0.226073,0.504918,0.480118,,lockin:lockin::None:14.992863136086896:6:4:binary:0,lockin,,,14.992863,6
nagaoka_fireworks_R_8,frame_00000.png,frame_00119.png,,,,0,decode失敗,QR未検出,0.150913,0.226073,0.504918,0.480118,,lockin:lockin::None:14.992863136086896:6:8:binary:0,lockin,,,14.992863,6
nagaoka_fireworks_R_8,frame_00000.png,frame_00119.png,,,,0,decode失敗,QR未検出,0.150913,0.226073,0.504918,0.480118,,lockin:lockin::None:14.992863136086896:6:16:binary:0,lockin,,,14.992863,6
nagaoka_fireworks_R_8,frame_00000.png,frame_00119.png,,,,0,decode失敗,QR未検出,0.791984,0.424536,0.535426,0.434952,,lockin:lockin::None:14.992863136086896:8:4:binary:0,lockin,,,14.992863,8
nagaoka_fireworks_R_8,frame_00000.png,frame_00119.png,,,,0,decode失敗,QR未検出,0.791984,0.424536,0.535426,0.434952,,lockin:lockin::None:14.992863136086896:8:8:binary:0,lockin,,,14.992863,8
nagaoka_fireworks_R_8,frame_00000.png,frame_00119.png,,,,0,decode失敗,QR未検出,0.791984,0.424536,0.535426,0.434952,,lockin:lockin::None:14.992863136086896:8:16:binary:0,lockin,,,14.992863,8
nagaoka_fireworks_R_8,frame_00000.png,frame_00119.png,nagaoka_fireworks_R_8/rgb_max_lockin_f300_ps4_th10/00000-00119-FRAME_rgbmax_scale1.00.png,,,0,decode失敗,QR未検出,0.721463,0.452703,0.582843,0.353939,,lockin:lockin::None:14.992863136086896:10:4:binary:0,lockin,,,14.992863,10
nagaoka_fireworks_R_8,frame_00000.png,frame_00119.png,nagaoka_fireworks_R_8/rgb_max_lockin_f300_ps4_th10/00000-00119-FRAME_rgbmax_scale1.00.png,,,0,decode失敗,QR未検出,0.721463,0.452703,0.582843,0.353939,,lockin:lockin::None:14.992863136086896:10:8:binary:0,lockin,,,14.992863,10
nagaoka_fireworks_R_8,frame_00000.png,frame_00119.png,nagaoka_fireworks_R_8/rgb_max_lockin_f300_ps4_th10/00000-00119-FRAME_rgbmax_scale1.00.png,,,0,decode失敗,QR未検出,0.721463,0.452703,0.582843,0.353939,,lockin:lockin::None:14.992863136086896:10:16:binary:0,lockin,,,14.992863,10
nagaoka_fireworks_R_8,frame_00000.png,frame_00119.png,nagaoka_fireworks_R_8/rgb_max_lockin_f300_ps16_th12/00000-00119-FRAME_rgbmax_scale1.00.png,,,0,decode失敗,QR未検出,0.636409,0.491095,0.629126,0.273605,,lockin:lockin::None:14.992863136086896:12:4:binary:0,lockin,,,14.992863,12
nagaoka_fireworks_R_8,frame_00000.png,frame_00119.png,nagaoka_fireworks_R_8/rgb_max_lockin_f300_ps16_th12/00000-00119-FRAME_rgbmax_scale1.00.png,,,0,decode失敗,QR未検出,0.636409,0.491095,0.629126,0.273605,,lockin:lockin::None:14.992863136086896:12:8:binary:0,lockin,,,14.992863,12
nagaoka_fireworks_R_8,frame_00000.png,frame_00119.png,nagaoka_fireworks_R_8/rgb_max_lockin_f300_ps16_th12/00000-00119-FRAME_rgbmax_scale1.00.png,,,0,decode失敗,QR未検出,0.636409,0.491095,0.629126,0.273605,,lockin:lockin::None:14.992863136086896:12:16:binary:0,lockin,,,14.992863,12
nagaoka_fireworks_R_8,frame_00000.png,frame_00119.png,,,,0,decode失敗,QR未検出,0.451247,0.592817,0.688716,0.140271,,lockin:lockin::None:14.992863136086896:16:4:binary:0,lockin,,,14.992863,16
nagaoka_fireworks_R_8,frame_00000.png,frame_00119.png,,,,0,decode失敗,QR未検出,0.451247,0.592817,0.688716,0.140271,,lockin:lockin::None:14.992863136086896:16:8:binary:0,lockin,,,14.992863,16
nagaoka_fireworks_R_8,frame_00000.png,frame_00119.png,,,,0,decode失敗,QR未検出,0.451247,0.592817,0.688716,0.140271,,lockin:lockin::None:14.992863136086896:16:16:binary:0,lockin,,,14.992863,16
nagaoka_fireworks_R_8,frame_00000.png,frame_00119.png,,,,0,decode失敗,QR未検出,0.830611,0.440468,0.556101,0.423309,,lockin:lockin::None:29.996431568043448:2:4:binary:0,lockin,,,29.996432,2
nagaoka_fireworks_R_8,frame_00000.png,frame_00119.png,,,,0,decode失敗,QR未検出,0.830611,0.440468,0.556101,0.423309,,lockin:lockin::None:29.996431568043448:2:8:binary:0,lockin,,,29.996432,2
nagaoka_fireworks_R_8,frame_00000.png,frame_00119.png,,,,0,decode失敗,QR未検出,0.830611,0.440468,0.556101,0.423309,,lockin:lockin::None:29.996431568043448:2:16:binary:0,lockin,,,29.996432,2
nagaoka_fireworks_R_8,frame_00000.png,frame_00119.png,,,,0,decode失敗,QR未検出,0.704338,0.592675,0.717342,0.171158,,lockin:lockin::None:29.996431568043448:4:4:binary:0,lockin,,,29.996432,4
nagaoka_fireworks_R_8,frame_00000.png,frame_00119.png,,,,0,decode失敗,QR未検出,0.704338,0.592665,0.717335,0.171161,,lockin:lockin::None:29.996431568043448:4:8:binary:0,lockin,,,29.996432,4
nagaoka_fireworks_R_8,frame_00000.png,frame_00119.png,,,,0,decode失敗,QR未検出,0.704338,0.592665,0.717335,0.171161,,lockin:lockin::None:29.996431568043448:4:16:binary:0,lockin,,,29.996432,4
nagaoka_fireworks_R_8,frame_00000.png,frame_00119.png,,,,0,decode失敗,QR未検出,0.642447,0.709660,0.775103,0.070673,,lockin:lockin::None:29.996431568043448:6:4:binary:0,lockin,,,29.996432,6
nagaoka_fireworks_R_8,frame_00000.png,frame_00119.png,,,,0,decode失敗,QR未検出,0.642447,0.709660,0.775103,0.070673,,lockin:lockin::None:29.996431568043448:6:8:binary:0,lockin,,,29.996432,6
nagaoka_fireworks_R_8,frame_00000.png,frame_00119.png,,,,0,decode失敗,QR未検出,0.642447,0.709660,0.775103,0.070673,,lockin:lockin::None:29.996431568043448:6:16:binary:0,lockin,,,29.996432,6
nagaoka_fireworks_R_8,frame_00000.png,frame_00119.png,,,,0,decode失敗,QR未検出,0.601175,0.772549,0.791261,0.039978,,lockin:lockin::None:29.996431568043448:8:4:binary:0,lockin,,,29.996432,8
nagaoka_fireworks_R_8,frame_00000.png,frame_00119.png,,,,0,decode失敗,QR未検出,0.601175,0.772549,0.791261,0.039978,,lockin:lockin::None:29.996431568043448:8:8:binary:0,lockin,,,29.996432,8
nagaoka_fireworks_R_8,frame_00000.png,frame_00119.png,,,,0,decode失敗,QR未検出,0.601175,0.772549,0.791261,0.039978,,lockin:lockin::None:29.996431568043448:8:16:binary:0,lockin,,,29.996432,8
nagaoka_fireworks_R_8,frame_00000.png,frame_00119.png,nagaoka_fireworks_R_8/rgb_max_lockin_f300_ps4_th10/00000-00119-FRAME_rgbmax_scale1.00.png,,,0,decode失敗,QR未検出,0.565574,0.812164,0.795100,0.027237,,lockin:lockin::None:29.996431568043448:10:4:binary:0,lockin,,,29.996432,10
nagaoka_fireworks_R_8,frame_00000.png,frame_00119.png,nagaoka_fireworks_R_8/rgb_max_lockin_f300_ps4_th10/00000-00119-FRAME_rgbmax_scale1.00.png,,,0,decode失敗,QR未検出,0.565574,0.812164,0.795100,0.027237,,lockin:lockin::None:29.996431568043448:10:8:binary:0,lockin,,,29.996432,10
nagaoka_fireworks_R_8,frame_00000.png,frame_00119.png,nagaoka_fireworks_R_8/rgb_max_lockin_f300_ps4_th10/00000-00119-FRAME_rgbmax_scale1.00.png,,,0,decode失敗,QR未検出,0.565574,0.812164,0.795100,0.027237,,lockin:lockin::None:29.996431568043448:10:16:binary:0,lockin,,,29.996432,10
nagaoka_fireworks_R_8,frame_00000.png,frame_00119.png,nagaoka_fireworks_R_8/rgb_max_lockin_f300_ps16_th12/00000-00119-FRAME_rgbmax_scale1.00.png,,,0,decode失敗,QR未検出,0.539457,0.838935,0.795505,0.020976,,lockin:lockin::None:29.996431568043448:12:4:binary:0,lockin,,,29.996432,12
nagaoka_fireworks_R_8,frame_00000.png,frame_00119.png,nagaoka_fireworks_R_8/rgb_max_lockin_f300_ps16_th12/00000-00119-FRAME_rgbmax_scale1.00.png,,,0,decode失敗,QR未検出,0.539457,0.838935,0.795505,0.020976,,lockin:lockin::None:29.996431568043448:12:8:binary:0,lockin,,,29.996432,12
nagaoka_fireworks_R_8,frame_00000.png,frame_00119.png,nagaoka_fireworks_R_8/rgb_max_lockin_f300_ps16_th12/00000-00119-FRAME_rgbmax_scale1.00.png,,,0,decode失敗,QR未検出,0.539457,0.838935,0.795505,0.020976,,lockin:lockin::None:29.996431568043448:12:16:binary:0,lockin,,,29.996432,12
nagaoka_fireworks_R_8,frame_00000.png,frame_00119.png,,,,0,decode失敗,QR未検出,0.493672,0.876490,0.791234,0.013846,,lockin:lockin::None:29.996431568043448:16:4:binary:0,lockin,,,29.996432,16
nagaoka_fireworks_R_8,frame_00000.png,frame_00119.png,,,,0,decode失敗,QR未検出,0.493672,0.876490,0.791234,0.013846,,lockin:lockin::None:29.996431568043448:16:8:binary:0,lockin,,,29.996432,16
nagaoka_fireworks_R_8,frame_00000.png,frame_00119.png,,,,0,decode失敗,QR未検出,0.493672,0.876490,0.791234,0.013846,,lockin:lockin::None:29.996431568043448:16:16:binary:0,lockin,,,29.996432,16
nagaoka_fireworks_R_12,frame_00000.png,frame_00119.png,,,,0,decode失敗,QR未検出,0.000376,0.006976,0.618203,0.091007,,lockin:lockin::None:10.003568431956552:2:4:binary:0,lockin,,,10.003568,2
nagaoka_fireworks_R_12,frame_00000.png,frame_00119.png,,,,0,decode失敗,QR未検出,0.000376,0.006976,0.618203,0.091007,,lockin:lockin::None:10.003568431956552:2:8:binary:0,lockin,,,10.003568,2
nagaoka_fireworks_R_12,frame_00000.png,frame_00119.png,,,,0,decode失敗,QR未検出,0.000376,0.006976,0.618203,0.091007,,lockin:lockin::None:10.003568431956552:2:16:binary:0,lockin,,,10.003568,2
nagaoka_fireworks_R_12,frame_00000.png,frame_00119.png,,,,0,decode失敗,QR未検出,0.006434,0.037723,0.580329,0.263148,,lockin:lockin::None:10.003568431956552:4:4:binary:0,lockin,,,10.003568,4
nagaoka_fireworks_R_12,frame_00000.png,frame_00119.png,,,,0,decode失敗,QR未検出,0.006434,0.037723,0.580329,0.263148,,lockin:lockin::None:10.003568431956552:4:8:binary:0,lockin,,,10.003568,4
nagaoka_fireworks_R_12,frame_00000.png,frame_00119.png,,,,0,decode失敗,QR未検出,0.006434,0.037723,0.580329,0.263148,,lockin:lockin::None:10.003568431956552:4:16:binary:0,lockin,,,10.003568,4
nagaoka_fireworks_R_12,frame_00000.png,frame_00119.png,,,,0,decode失敗,QR未検出,0.016507,0.058577,0.547306,0.379402,,lockin:lockin::None:10.003568431956552:6:4:binary:0,lockin,,,10.003568,6
nagaoka_fireworks_R_12,frame_00000.png,frame_00119.png,,,,0,decode失敗,QR未検出,0.016507,0.058577,0.547306,0.379402,,lockin:lockin::None:10.003568431956552:6:8:binary:0,lockin,,,10.003568,6
nagaoka_fireworks_R_12,frame_00000.png,frame_00119.png,,,,0,decode失敗,QR未検出,0.016507,0.058577,0.547306,0.379402,,lockin:lockin::None:10.003568431956552:6:16:binary:0,lockin,,,10.003568,6
nagaoka_fireworks_R_12,frame_00000.png,frame_00119.png,,,,0,decode失敗,QR未検出,0.033043,0.084850,0.520279,0.455757,,lockin:lockin::None:10.003568431956552:8:4:binary:0,lockin,,,10.003568,8
nagaoka_fireworks_R_12,frame_00000.png,frame_00119.png,,,,0,decode失敗,QR未検出,0.033043,0.084850,0.520279,0.455757,,lockin:lockin::None:10.003568431956552:8:8:binary:0,lockin,,,10.003568,8
nagaoka_fireworks_R_12,frame_00000.png,frame_00119.png,,,,0,decode失敗,QR未検出,0.033043,0.084850,0.520279,0.455757,,lockin:lockin::None:10.003568431956552:8:16:binary:0,lockin,,,10.003568,8
nagaoka_fireworks_R_12,frame_00000.png,frame_00119.png,,,,0,decode失敗,QR未検出,0.937969,0.417843,0.503781,0.485800,,lockin:lockin::None:10.003568431956552:10:4:binary:0,lockin,,,10.003568,10
nagaoka_fireworks_R_12,frame_00000.png,frame_00119.png,,,,0,decode失敗,QR未検出,0.937969,0.417843,0.503781,0.485800,,lockin:lockin::None:10.003568431956552:10:8:binary:0,lockin,,,10.003568,10
nagaoka_fireworks_R_12,frame_00000.png,frame_00119.png,,,,0,decode失敗,QR未検出,0.937978,0.417845,0.503785,0.485800,,lockin:lockin::None:10.003568431956552:10:16:binary:0,lockin,,,10.003568,10
nagaoka_fireworks_R_12,frame_00000.png,frame_00119.png,nagaoka_fireworks_R_12/rgb_max_lockin_f300_ps8_th12/00000-00119-FRAME_rgbmax_scale1.00.png,,,0,decode失敗,QR未検出,0.892749,0.431139,0.534113,0.426841,,lockin:lockin::None:10.003568431956552:12:4:binary:0,lockin,,,10.003568,12
nagaoka_fireworks_R_12,frame_00000.png,frame_00119.png,nagaoka_fireworks_R_12/rgb_max_lockin_f300_ps8_th12/00000-00119-FRAME_rgbmax_scale1.00.png,,,0,decode失敗,QR未検出,0.892749,0.431139,0.534113,0.426841,,lockin:lockin::None:10.003568431956552:12:8:binary:0,lockin,,,10.003568,12
nagaoka_fireworks_R_12,frame_00000.png,frame_00119.png,nagaoka_fireworks_R_12/rgb_max_lockin_f300_ps8_th12/00000-00119-FRAME_rgbmax_scale1.00.png,,,0,decode失敗,QR未検出,0.892749,0.431139,0.534113,0.426841,,lockin:lockin::None:10.003568431956552:12:16:binary:0,lockin,,,10.003568,12
nagaoka_fireworks_R_12,frame_00000.png,frame_00119.png,nagaoka_fireworks_R_12/rgb_max_lockin_f300_ps8_th16/00000-00119-FRAME_rgbmax_scale1.00.png,,,0,decode失敗,QR未検出,0.764270,0.467060,0.598414,0.306765,,lockin:lockin::None:10.003568431956552:16:4:binary:0,lockin,,,10.003568,16
nagaoka_fireworks_R_12,frame_00000.png,frame_00119.png,nagaoka_fireworks_R_12/rgb_max_lockin_f300_ps8_th16/00000-00119-FRAME_rgbmax_scale1.00.png,,,0,decode失敗,QR未検出,0.764270,0.467060,0.598414,0.306765,,lockin:lockin::None:10.003568431956552:16:8:binary:0,lockin,,,10.003568,16
nagaoka_fireworks_R_12,frame_00000.png,frame_00119.png,nagaoka_fireworks_R_12/rgb_max_lockin_f300_ps8_th16/00000-00119-FRAME_rgbmax_scale1.00.png,,,0,decode失敗,QR未検出,0.764270,0.467060,0.598414,0.306765,,lockin:lockin::None:10.003568431956552:16:16:binary:0,lockin,,,10.003568,16
nagaoka_fireworks_R_12,frame_00000.png,frame_00119.png,,,,0,decode失敗,QR未検出,0.002182,0.025378,0.607911,0.134138,,lockin:lockin::None:14.992863136086896:2:4:binary:0,lockin,,,14.992863,2
nagaoka_fireworks_R_12,frame_00000.png,frame_00119.png,,,,0,decode失敗,QR未検出,0.002182,0.025378,0.607911,0.134138,,lockin:lockin::None:14.992863136086896:2:8:binary:0,lockin,,,14.992863,2
nagaoka_fireworks_R_12,frame_00000.png,frame_00119.png,,,,0,decode失敗,QR未検出,0.002182,0.025378,0.607911,0.134138,,lockin:lockin::None:14.992863136086896:2:16:binary:0,lockin,,,14.992863,2
nagaoka_fireworks_R_12,frame_00000.png,frame_00119.png,,,,0,decode失敗,QR未検出,0.008664,0.039969,0.565196,0.322427,,lockin:lockin::None:14.992863136086896:4:4:binary:0,lockin,,,14.992863,4
nagaoka_fireworks_R_12,frame_00000.png,frame_00119.png,,,,0,decode失敗,QR未検出,0.008664,0.039969,0.565196,0.322427,,lockin:lockin::None:14.992863136086896:4:8:binary:0,lockin,,,14.992863,4
nagaoka_fireworks_R_12,frame_00000.png,frame_00119.png,,,,0,decode失敗,QR未検出,0.008664,0.039969,0.565196,0.322427,,lockin:lockin::None:14.992863136086896:4:16:binary:0,lockin,,,14.992863,4
nagaoka_fireworks_R_12,frame_00000.png,frame_00119.png,,,,0,decode失敗,QR未検出,0.021087,0.064282,0.533863,0.426703,,lockin:lockin::None:14.992863136086896:6:4:binary:0,lockin,,,14.992863,6
nagaoka_fireworks_R_12,frame_00000.png,frame_00119.png,,,,0,decode失敗,QR未検出,0.021087,0.064282,0.533863,0.426703,,lockin:lockin::None:14.992863136086896:6:8:binary:0,lockin,,,14.992863,6
nagaoka_fireworks_R_12,frame_00000.png,frame_00119.png,,,,0,decode失敗,QR未検出,0.021087,0.064282,0.533863,0.426703,,lockin:lockin::None:14.992863136086896:6:16:binary:0,lockin,,,14.992863,6
nagaoka_fireworks_R_12,frame_00000.png,frame_00119.png,,,,0,decode失敗,QR未検出,0.046808,0.102123,0.505274,0.497241,,lockin:lockin::None:14.992863136086896:8:4:binary:0,lockin,,,14.992863,8
nagaoka_fireworks_R_12,frame_00000.png,frame_00119.png,,,,0,decode失敗,QR未検出,0.046808,0.102123,0.505274,0.497241,,lockin:lockin::None:14.992863136086896:8:8:binary:0,lockin,,,14.992863,8
nagaoka_fireworks_R_12,frame_00000.png,frame_00119.png,,,,0,decode失敗,QR未検出,0.046808,0.102123,0.505274,0.497241,,lockin:lockin::None:14.992863136086896:8:16:binary:0,lockin,,,14.992863,8
nagaoka_fireworks_R_12,frame_00000.png,frame_00119.png,,,,0,decode失敗,QR未検出,0.911968,0.427818,0.525935,0.438928,,lockin:lockin::None:14.992863136086896:10:4:binary:0,lockin,,,14.992863,10
nagaoka_fireworks_R_12,frame_00000.png,frame_00119.png,,,,0,decode失敗,QR未検出,0.911968,0.427818,0.525935,0.438928,,lockin:lockin::None:14.992863136086896:10:8:binary:0,lockin,,,14.992863,10
nagaoka_fireworks_R_12,frame_00000.png,frame_00119.png,,,,0,decode失敗,QR未検出,0.911968,0.427818,0.525935,0.438928,,lockin:lockin::None:14.992863136086896:10:16:binary:0,lockin,,,14.992863,10
nagaoka_fireworks_R_12,frame_00000.png,frame_00119.png,nagaoka_fireworks_R_12/rgb_max_lockin_f300_ps8_th12/00000-00119-FRAME_rgbmax_scale1.00.png,,,0,decode失敗,QR未検出,0.855647,0.446493,0.563151,0.373210,,lockin:lockin::None:14.992863136086896:12:4:binary:0,lockin,,,14.992863,12
nagaoka_fireworks_R_12,frame_00000.png,frame_00119.png,nagaoka_fireworks_R_12/rgb_max_lockin_f300_ps8_th12/00000-00119-FRAME_rgbmax_scale1.00.png,,,0,decode失敗,QR未検出,0.855656,0.446496,0.563154,0.373210,,lockin:lockin::None:14.992863136086896:12:8:binary:0,lockin,,,14.992863,12
nagaoka_fireworks_R_12,frame_00000.png,frame_00119.png,nagaoka_fireworks_R_12/rgb_max_lockin_f300_ps8_th12/00000-00119-FRAME_rgbmax_scale1.00.png,,,0,decode失敗,QR未検出,0.855656,0.446496,0.563154,0.373210,,lockin:lockin::None:14.992863136086896:12:16:binary:0,lockin,,,14.992863,12
nagaoka_fireworks_R_12,frame_00000.png,frame_00119.png,nagaoka_fireworks_R_12/rgb_max_lockin_f300_ps8_th16/00000-00119-FRAME_rgbmax_scale1.00.png,,,0,decode失敗,QR未検出,0.708537,0.494604,0.631888,0.248683,,lockin:lockin::None:14.992863136086896:16:4:binary:0,lockin,,,14.992863,16
nagaoka_fireworks_R_12,frame_00000.png,frame_00119.png,nagaoka_fireworks_R_12/rgb_max_lockin_f300_ps8_th16/00000-00119-FRAME_rgbmax_scale1.00.png,,,0,decode失敗,QR未検出,0.708537,0.494604,0.631888,0.248683,,lockin:lockin::None:14.992863136086896:16:8:binary:0,lockin,,,14.992863,16
nagaoka_fireworks_R_12,frame_00000.png,frame_00119.png,nagaoka_fireworks_R_12/rgb_max_lockin_f300_ps8_th16/00000-00119-FRAME_rgbmax_scale1.00.png,,,0,decode失敗,QR未検出,0.708537,0.494604,0.631888,0.248683,,lockin:lockin::None:14.992863136086896:16:16:binary:0,lockin,,,14.992863,16
nagaoka_fireworks_R_12,frame_00000.png,frame_00119.png,,,,0,decode失敗,QR未検出,0.958916,0.605769,0.758881,0.139855,,lockin:lockin::None:29.996431568043448:2:4:binary:0,lockin,,,29.996432,2
nagaoka_fireworks_R_12,frame_00000.png,frame_00119.png,,,,0,decode失敗,QR未検出,0.958916,0.605769,0.758881,0.139855,,lockin:lockin::None:29.996431568043448:2:8:binary:0,lockin,,,29.996432,2
nagaoka_fireworks_R_12,frame_00000.png,frame_00119.png,,,,0,decode失敗,QR未検出,0.958916,0.605769,0.758881,0.139855,,lockin:lockin::None:29.996431568043448:2:16:binary:0,lockin,,,29.996432,2
nagaoka_fireworks_R_12,frame_00000.png,frame_00119.png,,,,0,decode失敗,QR未検出,0.930628,0.714911,0.840322,0.071910,,lockin:lockin::None:29.996431568043448:4:4:binary:0,lockin,,,29.996432,4
nagaoka_fireworks_R_12,frame_00000.png,frame_00119.png,,,,0,decode失敗,QR未検出,0.930628,0.714911,0.840322,0.071910,,lockin:lockin::None:29.996431568043448:4:8:binary:0,lockin,,,29.996432,4
nagaoka_fireworks_R_12,frame_00000.png,frame_00119.png,,,,0,decode失敗,QR未検出,0.930628,0.714911,0.840322,0.071910,,lockin:lockin::None:29.996431568043448:4:16:binary:0,lockin,,,29.996432,4
nagaoka_fireworks_R_12,frame_00000.png,frame_00119.png,,,,0,decode失敗,QR未検出,0.912407,0.773421,0.871350,0.050853,,lockin:lockin::None:29.996431568043448:6:4:binary:0,lockin,,,29.996432,6
nagaoka_fireworks_R_12,frame_00000.png,frame_00119.png,,,,0,decode失敗,QR未検出,0.912407,0.773421,0.871350,0.050853,,lockin:lockin::None:29.996431568043448:6:8:binary:0,lockin,,,29.996432,6
nagaoka_fireworks_R_12,frame_00000.png,frame_00119.png,,,,0,decode失敗,QR未検出,0.912407,0.773421,0.871350,0.050853,,lockin:lockin::None:29.996431568043448:6:16:binary:0,lockin,,,29.996432,6
nagaoka_fireworks_R_12,frame_00000.png,frame_00119.png,,,,0,decode失敗,QR未検出,0.897599,0.813517,0.888291,0.039016,,lockin:lockin::None:29.996431568043448:8:4:binary:0,lockin,,,29.996432,8
nagaoka_fireworks_R_12,frame_00000.png,frame_00119.png,,,,0,decode失敗,QR未検出,0.897599,0.813517,0.888291,0.039016,,lockin:lockin::None:29.996431568043448:8:8:binary:0,lockin,,,29.996432,8
nagaoka_fireworks_R_12,frame_00000.png,frame_00119.png,,,,0,decode失敗,QR未検出,0.897599,0.813517,0.888291,0.039016,,lockin:lockin::None:29.996431568043448:8:16:binary:0,lockin,,,29.996432,8
nagaoka_fireworks_R_12,frame_00000.png,frame_00119.png,,,,0,decode失敗,QR未検出,0.881160,0.842365,0.897144,0.031260,,lockin:lockin::None:29.996431568043448:10:4:binary:0,lockin,,,29.996432,10
nagaoka_fireworks_R_12,frame_00000.png,frame_00119.png,,,,0,decode失敗,QR未検出,0.881160,0.842365,0.897144,0.031260,,lockin:lockin::None:29.996431568043448:10:8:binary:0,lockin,,,29.996432,10
nagaoka_fireworks_R_12,frame_00000.png,frame_00119.png,,,,0,decode失敗,QR未検出,0.881160,0.842365,0.897144,0.031260,,lockin:lockin::None:29.996431568043448:10:16:binary:0,lockin,,,29.996432,10
nagaoka_fireworks_R_12,frame_00000.png,frame_00119.png,nagaoka_fireworks_R_12/rgb_max_lockin_f300_ps8_th12/00000-00119-FRAME_rgbmax_scale1.00.png,,,0,decode失敗,QR未検出,0.864880,0.862972,0.901235,0.026019,,lockin:lockin::None:29.996431568043448:12:4:binary:0,lockin,,,29.996432,12
nagaoka_fireworks_R_12,frame_00000.png,frame_00119.png,nagaoka_fireworks_R_12/rgb_max_lockin_f300_ps8_th12/00000-00119-FRAME_rgbmax_scale1.00.png,,,0,decode失敗,QR未検出,0.864880,0.862972,0.901235,0.026019,,lockin:lockin::None:29.996431568043448:12:8:binary:0,lockin,,,29.996432,12
nagaoka_fireworks_R_12,frame_00000.png,frame_00119.png,nagaoka_fireworks_R_12/rgb_max_lockin_f300_ps8_th12/00000-00119-FRAME_rgbmax_scale1.00.png,,,0,decode失敗,QR未検出,0.864880,0.862972,0.901235,0.026019,,lockin:lockin::None:29.996431568043448:12:16:binary:0,lockin,,,29.996432,12
nagaoka_fireworks_R_12,frame_00000.png,frame_00119.png,nagaoka_fireworks_R_12/rgb_max_lockin_f300_ps8_th16/00000-00119-FRAME_rgbmax_scale1.00.png,,,0,decode失敗,QR未検出,0.835177,0.888965,0.902435,0.019763,,lockin:lockin::None:29.996431568043448:16:4:binary:0,lockin,,,29.996432,16
nagaoka_fireworks_R_12,frame_00000.png,frame_00119.png,nagaoka_fireworks_R_12/rgb_max_lockin_f300_ps8_th16/00000-00119-FRAME_rgbmax_scale1.00.png,,,0,decode失敗,QR未検出,0.835177,0.888965,0.902435,0.019763,,lockin:lockin::None:29.996431568043448:16:8:binary:0,lockin,,,29.996432,16
nagaoka_fireworks_R_12,frame_00000.png,frame_00119.png,nagaoka_fireworks_R_12/rgb_max_lockin_f300_ps8_th16/00000-00119-FRAME_rgbmax_scale1.00.png,,,0,decode失敗,QR未検出,0.835177,0.888965,0.902435,0.019763,,lockin:lockin::None:29.996431568043448:16:16:binary:0,lockin,,,29.996432,16
hocho_R_4,frame_00000.png,frame_00119.png,,,,0,decode失敗,QR未検出,0.001023,0.103113,0.634637,0.003856,,lockin:lockin::None:10.003568431956552:2:4:binary:0,lockin,,,10.003568,2
hocho_R_4,frame_00000.png,frame_00119.png,,,,0,decode失敗,QR未検出,0.001023,0.103113,0.634637,0.003856,,lockin:lockin::None:10.003568431956552:2:8:binary:0,lockin,,,10.003568,2
hocho_R_4,frame_00000.png,frame_00119.png,,,,0,decode失敗,QR未検出,0.001023,0.103113,0.634637,0.003856,,lockin:lockin::None:10.003568431956552:2:16:binary:0,lockin,,,10.003568,2
hocho_R_4,frame_00000.png,frame_00119.png,,,,0,decode失敗,QR未検出,0.010532,0.243772,0.629467,0.029353,,lockin:lockin::None:10.003568431956552:4:4:binary:0,lockin,,,10.003568,4
hocho_R_4,frame_00000.png,frame_00119.png,,,,0,decode失敗,QR未検出,0.010532,0.243772,0.629467,0.029353,,lockin:lockin::None:10.003568431956552:4:8:binary:0,lockin,,,10.003568,4
hocho_R_4,frame_00000.png,frame_00119.png,,,,0,decode失敗,QR未検出,0.010532,0.243772,0.629467,0.029353,,lockin:lockin::None:10.003568431956552:4:16:binary:0,lockin,,,10.003568,4
hocho_R_4,frame_00000.png,frame_00119.png,,,,0,decode失敗,QR未検出,0.036557,0.294880,0.619056,0.089679,,lockin:lockin::None:10.003568431956552:6:4:binary:0,lockin,,,10.003568,6
hocho_R_4,frame_00000.png,frame_00119.png,,,,0,decode失敗,QR未検出,0.036557,0.294880,0.619056,0.089679,,lockin:lockin::None:10.003568431956552:6:8:binary:0,lockin,,,10.003568,6
hocho_R_4,frame_00000.png,frame_00119.png,,,,0,decode失敗,QR未検出,0.036557,0.294880,0.619056,0.089679,,lockin:lockin::None:10.003568431956552:6:16:binary:0,lockin,,,10.003568,6
hocho_R_4,frame_00000.png,frame_00119.png,,,,0,decode失敗,QR未検出,0.070275,0.295947,0.602363,0.171315,,lockin:lockin::None:10.003568431956552:8:4:binary:0,lockin,,,10.003568,8
hocho_R_4,frame_00000.png,frame_00119.png,,,,0,decode失敗,QR未検出,0.070275,0.295947,0.602363,0.171315,,lockin:lockin::None:10.003568431956552:8:8:binary:0,lockin,,,10.003568,8
hocho_R_4,frame_00000.png,frame_00119.png,,,,0,decode失敗,QR未検出,0.070275,0.295947,0.602363,0.171315,,lockin:lockin::None:10.003568431956552:8:16:binary:0,lockin,,,10.003568,8
hocho_R_4,frame_00000.png,frame_00119.png,,,,0,decode失敗,QR未検出,0.112445,0.290468,0.578684,0.254461,,lockin:lockin::None:10.003568431956552:10:4:binary:0,lockin,,,10.003568,10
hocho_R_4,frame_00000.png,frame_00119.png,,,,0,decode失敗,QR未検出,0.112445,0.290468,0.578684,0.254461,,lockin:lockin::None:10.003568431956552:10:8:binary:0,lockin,,,10.003568,10
hocho_R_4,frame_00000.png,frame_00119.png,,,,0,decode失敗,QR未検出,0.112445,0.290468,0.578684,0.254461,,lockin:lockin::None:10.003568431956552:10:16:binary:0,lockin,,,10.003568,10
hocho_R_4,frame_00000.png,frame_00119.png,,,,0,decode失敗,QR未検出,0.170943,0.297779,0.553328,0.333484,,lockin:lockin::None:10.003568431956552:12:4:binary:0,lockin,,,10.003568,12
hocho_R_4,frame_00000.png,frame_00119.png,,,,0,decode失敗,QR未検出,0.170943,0.297779,0.553328,0.333484,,lockin:lockin::None:10.003568431956552:12:8:binary:0,lockin,,,10.003568,12
hocho_R_4,frame_00000.png,frame_00119.png,,,,0,decode失敗,QR未検出,0.170943,0.297779,0.553328,0.333488,,lockin:lockin::None:10.003568431956552:12:16:binary:0,lockin,,,10.003568,12
hocho_R_4,frame_00000.png,frame_00119.png,hocho_R_4/rgb_max_lockin_f300_ps16_th16/00000-00119-FRAME_rgbmax_scale1.00.png,,,0,decode失敗,QR未検出,0.675596,0.396383,0.509452,0.510898,,lockin:lockin::None:10.003568431956552:16:4:binary:0,lockin,,,10.003568,16
hocho_R_4,frame_00000.png,frame_00119.png,hocho_R_4/rgb_max_lockin_f300_ps16_th16/00000-00119-FRAME_rgbmax_scale1.00.png,,,0,decode失敗,QR未検出,0.675596,0.396383,0.509452,0.510898,,lockin:lockin::None:10.003568431956552:16:8:binary:0,lockin,,,10.003568,16
hocho_R_4,frame_00000.png,frame_00119.png,hocho_R_4/rgb_max_lockin_f300_ps16_th16/00000-00119-FRAME_rgbmax_scale1.00.png,,,0,decode失敗,QR未検出,0.675596,0.396383,0.509452,0.510898,,lockin:lockin::None:10.003568431956552:16:16:binary:0,lockin,,,10.003568,16
hocho_R_4,frame_00000.png,frame_00119.png,,,,0,decode失敗,QR未検出,0.001911,0.147816,0.634191,0.005620,,lockin:lockin::None:14.992863136086896:2:4:binary:0,lockin,,,14.992863,2
hocho_R_4,frame_00000.png,frame_00119.png,,,,0,decode失敗,QR未検出,0.001911,0.147816,0.634191,0.005620,,lockin:lockin::None:14.992863136086896:2:8:binary:0,lockin,,,14.992863,2
hocho_R_4,frame_00000.png,frame_00119.png,,,,0,decode失敗,QR未検出,0.001911,0.147816,0.634191,0.005620,,lockin:lockin::None:14.992863136086896:2:16:binary:0,lockin,,,14.992863,2
hocho_R_4,frame_00000.png,frame_00119.png,,,,0,decode失敗,QR未検出,0.018071,0.284736,0.627588,0.043334,,lockin:lockin::None:14.992863136086896:4:4:binary:0,lockin,,,14.992863,4
hocho_R_4,frame_00000.png,frame_00119.png,,,,0,decode失敗,QR未検出,0.018071,0.284736,0.627588,0.043334,,lockin:lockin::None:14.992863136086896:4:8:binary:0,lockin,,,14.992863,4
hocho_R_4,frame_00000.png,frame_00119.png,,,,0,decode失敗,QR未検出,0.018071,0.284736,0.627588,0.043334,,lockin:lockin::None:14.992863136086896:4:16:binary:0,lockin,,,14.992863,4
hocho_R_4,frame_00000.png,frame_00119.png,,,,0,decode失敗,QR未検出,0.051113,0.310758,0.614925,0.119918,,lockin:lockin::None:14.992863136086896:6:4:binary:0,lockin,,,14.992863,6
hocho_R_4,frame_00000.png,frame_00119.png,,,,0,decode失敗,QR未検出,0.051113,0.310758,0.614925,0.119918,,lockin:lockin::None:14.992863136086896:6:8:binary:0,lockin,,,14.992863,6
hocho_R_4,frame_00000.png,frame_00119.png,,,,0,decode失敗,QR未検出,0.051113,0.310758,0.614925,0.119918,,lockin:lockin::None:14.992863136086896:6:16:binary:0,lockin,,,14.992863,6
hocho_R_4,frame_00000.png,frame_00119.png,,,,0,decode失敗,QR未検出,0.087226,0.294074,0.593208,0.208092,,lockin:lockin::None:14.992863136086896:8:4:binary:0,lockin,,,14.992863,8
hocho_R_4,frame_00000.png,frame_00119.png,,,,0,decode失敗,QR未検出,0.087226,0.294074,0.593208,0.208092,,lockin:lockin::None:14.992863136086896:8:8:binary:0,lockin,,,14.992863,8
hocho_R_4,frame_00000.png,frame_00119.png,,,,0,decode失敗,QR未検出,0.087226,0.294074,0.593208,0.208092,,lockin:lockin::None:14.992863136086896:8:16:binary:0,lockin,,,14.992863,8
hocho_R_4,frame_00000.png,frame_00119.png,,,,0,decode失敗,QR未検出,0.136037,0.293686,0.568206,0.289639,,lockin:lockin::None:14.992863136086896:10:4:binary:0,lockin,,,14.992863,10
hocho_R_4,frame_00000.png,frame_00119.png,,,,0,decode失敗,QR未検出,0.136037,0.293686,0.568206,0.289639,,lockin:lockin::None:14.992863136086896:10:8:binary:0,lockin,,,14.992863,10
hocho_R_4,frame_00000.png,frame_00119.png,,,,0,decode失敗,QR未検出,0.136037,0.293686,0.568206,0.289639,,lockin:lockin::None:14.992863136086896:10:16:binary:0,lockin,,,14.992863,10
hocho_R_4,frame_00000.png,frame_00119.png,,,,0,decode失敗,QR未検出,0.198947,0.296371,0.538390,0.367556,,lockin:lockin::None:14.992863136086896:12:4:binary:0,lockin,,,14.992863,12
hocho_R_4,frame_00000.png,frame_00119.png,,,,0,decode失敗,QR未検出,0.198947,0.296375,0.538393,0.367554,,lockin:lockin::None:14.992863136086896:12:8:binary:0,lockin,,,14.992863,12
hocho_R_4,frame_00000.png,frame_00119.png,,,,0,decode失敗,QR未検出,0.198947,0.296375,0.538393,0.367554,,lockin:lockin::None:14.992863136086896:12:16:binary:0,lockin,,,14.992863,12
hocho_R_4,frame_00000.png,frame_00119.png,hocho_R_4/rgb_max_lockin_f300_ps16_th16/00000-00119-FRAME_rgbmax_scale1.00.png,,,0,decode失敗,QR未検出,0.636447,0.401801,0.524719,0.475895,,lockin:lockin::None:14.992863136086896:16:4:binary:0,lockin,,,14.992863,16
hocho_R_4,frame_00000.png,frame_00119.png,hocho_R_4/rgb_max_lockin_f300_ps16_th16/00000-00119-FRAME_rgbmax_scale1.00.png,,,0,decode失敗,QR未検出,0.636447,0.401801,0.524719,0.475895,,lockin:lockin::None:14.992863136086896:16:8:binary:0,lockin,,,14.992863,16
hocho_R_4,frame_00000.png,frame_00119.png,hocho_R_4/rgb_max_lockin_f300_ps16_th16/00000-00119-FRAME_rgbmax_scale1.00.png,,,0,decode失敗,QR未検出,0.636447,0.401801,0.524719,0.475895,,lockin:lockin::None:14.992863136086896:16:16:binary:0,lockin,,,14.992863,16
hocho_R_4,frame_00000.png,frame_00119.png,,,,0,decode失敗,QR未検出,0.025537,0.253765,0.619527,0.081346,,lockin:lockin::None:29.996431568043448:2:4:binary:0,lockin,,,29.996432,2
hocho_R_4,frame_00000.png,frame_00119.png,,,,0,decode失敗,QR未検出,0.025537,0.253765,0.619527,0.081346,,lockin:lockin::None:29.996431568043448:2:8:binary:0,lockin,,,29.996432,2
hocho_R_4,frame_00000.png,frame_00119.png,,,,0,decode失敗,QR未検出,0.025537,0.253765,0.619527,0.081346,,lockin:lockin::None:29.996431568043448:2:16:binary:0,lockin,,,29.996432,2
hocho_R_4,frame_00000.png,frame_00119.png,,,,0,decode失敗,QR未検出,0.084900,0.216383,0.556814,0.281353,,lockin:lockin::None:29.996431568043448:4:4:binary:0,lockin,,,29.996432,4
hocho_R_4,frame_00000.png,frame_00119.png,,,,0,decode失敗,QR未検出,0.084900,0.216383,0.556814,0.281353,,lockin:lockin::None:29.996431568043448:4:8:binary:0,lockin,,,29.996432,4
hocho_R_4,frame_00000.png,frame_00119.png,,,,0,decode失敗,QR未検出,0.084900,0.216383,0.556814,0.281353,,lockin:lockin::None:29.996431568043448:4:16:binary:0,lockin,,,29.996432,4
hocho_R_4,frame_00000.png,frame_00119.png,,,,0,decode失敗,QR未検出,0.836982,0.426158,0.532346,0.542832,,lockin:lockin::None:29.996431568043448:6:4:binary:0,lockin,,,29.996432,6
hocho_R_4,frame_00000.png,frame_00119.png,,,,0,decode失敗,QR未検出,0.836982,0.426158,0.532346,0.542832,,lockin:lockin::None:29.996431568043448:6:8:binary:0,lockin,,,29.996432,6
hocho_R_4,frame_00000.png,frame_00119.png,,,,0,decode失敗,QR未検出,0.836982,0.426158,0.532346,0.542832,,lockin:lockin::None:29.996431568043448:6:16:binary:0,lockin,,,29.996432,6
hocho_R_4,frame_00000.png,frame_00119.png,,,,0,decode失敗,QR未検出,0.742589,0.476771,0.611262,0.383455,,lockin:lockin::None:29.996431568043448:8:4:binary:0,lockin,,,29.996432,8
hocho_R_4,frame_00000.png,frame_00119.png,,,,0,decode失敗,QR未検出,0.742589,0.476771,0.611262,0.383455,,lockin:lockin::None:29.996431568043448:8:8:binary:0,lockin,,,29.996432,8
hocho_R_4,frame_00000.png,frame_00119.png,,,,0,decode失敗,QR未検出,0.742589,0.476771,0.611262,0.383455,,lockin:lockin::None:29.996431568043448:8:16:binary:0,lockin,,,29.996432,8
hocho_R_4,frame_00000.png,frame_00119.png,,,,0,decode失敗,QR未検出,0.650797,0.528038,0.662546,0.257989,,lockin:lockin::None:29.996431568043448:10:4:binary:0,lockin,,,29.996432,10
hocho_R_4,frame_00000.png,frame_00119.png,,,,0,decode失敗,QR未検出,0.650797,0.528038,0.662546,0.257989,,lockin:lockin::None:29.996431568043448:10:8:binary:0,lockin,,,29.996432,10
hocho_R_4,frame_00000.png,frame_00119.png,,,,0,decode失敗,QR未検出,0.650797,0.528038,0.662546,0.257989,,lockin:lockin::None:29.996431568043448:10:16:binary:0,lockin,,,29.996432,10
hocho_R_4,frame_00000.png,frame_00119.png,,,,0,decode失敗,QR未検出,0.566568,0.576550,0.692032,0.169947,,lockin:lockin::None:29.996431568043448:12:4:binary:0,lockin,,,29.996432,12
hocho_R_4,frame_00000.png,frame_00119.png,,,,0,decode失敗,QR未検出,0.566568,0.576550,0.692032,0.169947,,lockin:lockin::None:29.996431568043448:12:8:binary:0,lockin,,,29.996432,12
hocho_R_4,frame_00000.png,frame_00119.png,,,,0,decode失敗,QR未検出,0.566568,0.576550,0.692032,0.169947,,lockin:lockin::None:29.996431568043448:12:16:binary:0,lockin,,,29.996432,12
hocho_R_4,frame_00000.png,frame_00119.png,hocho_R_4/rgb_max_lockin_f300_ps16_th16/00000-00119-FRAME_rgbmax_scale1.00.png,,,0,decode失敗,QR未検出,0.421901,0.654012,0.709525,0.077776,,lockin:lockin::None:29.996431568043448:16:4:binary:0,lockin,,,29.996432,16
hocho_R_4,frame_00000.png,frame_00119.png,hocho_R_4/rgb_max_lockin_f300_ps16_th16/00000-00119-FRAME_rgbmax_scale1.00.png,,,0,decode失敗,QR未検出,0.421901,0.654012,0.709525,0.077776,,lockin:lockin::None:29.996431568043448:16:8:binary:0,lockin,,,29.996432,16
hocho_R_4,frame_00000.png,frame_00119.png,hocho_R_4/rgb_max_lockin_f300_ps16_th16/00000-00119-FRAME_rgbmax_scale1.00.png,,,0,decode失敗,QR未検出,0.421901,0.654012,0.709525,0.077776,,lockin:lockin::None:29.996431568043448:16:16:binary:0,lockin,,,29.996432,16
hocho_R_8,frame_00000.png,frame_00119.png,,,,0,decode失敗,QR未検出,0.000116,0.036697,0.636432,0.002480,,lockin:lockin::None:10.003568431956552:2:4:binary:0,lockin,,,10.003568,2
hocho_R_8,frame_00000.png,frame_00119.png,,,,0,decode失敗,QR未検出,0.000116,0.036697,0.636432,0.002480,,lockin:lockin::None:10.003568431956552:2:8:binary:0,lockin,,,10.003568,2
hocho_R_8,frame_00000.png,frame_00119.png,,,,0,decode失敗,QR未検出,0.000116,0.036697,0.636432,0.002480,,lockin:lockin::None:10.003568431956552:2:16:binary:0,lockin,,,10.003568,2
hocho_R_8,frame_00000.png,frame_00119.png,,,,0,decode失敗,QR未検出,0.003943,0.155294,0.631147,0.019679,,lockin:lockin::None:10.003568431956552:4:4:binary:0,lockin,,,10.003568,4
hocho_R_8,frame_00000.png,frame_00119.png,,,,0,decode失敗,QR未検出,0.003943,0.155294,0.631147,0.019679,,lockin:lockin::None:10.003568431956552:4:8:binary:0,lockin,,,10.003568,4
hocho_R_8,frame_00000.png,frame_00119.png,,,,0,decode失敗,QR未検出,0.003943,0.155294,0.631147,0.019679,,lockin:lockin::None:10.003568431956552:4:16:binary:0,lockin,,,10.003568,4
hocho_R_8,frame_00000.png,frame_00119.png,,,,0,decode失敗,QR未検出,0.014639,0.199487,0.621504,0.065111,,lockin:lockin::None:10.003568431956552:6:4:binary:0,lockin,,,10.003568,6
hocho_R_8,frame_00000.png,frame_00119.png,,,,0,decode失敗,QR未検出,0.014639,0.199487,0.621504,0.065111,,lockin:lockin::None:10.003568431956552:6:8:binary:0,lockin,,,10.003568,6
hocho_R_8,frame_00000.png,frame_00119.png,,,,0,decode失敗,QR未検出,0.014639,0.199487,0.621504,0.065111,,lockin:lockin::None:10.003568431956552:6:16:binary:0,lockin,,,10.003568,6
hocho_R_8,frame_00000.png,frame_00119.png,,,,0,decode失敗,QR未検出,0.028004,0.195439,0.605853,0.132824,,lockin:lockin::None:10.003568431956552:8:4:binary:0,lockin,,,10.003568,8
hocho_R_8,frame_00000.png,frame_00119.png,,,,0,decode失敗,QR未検出,0.028004,0.195439,0.605853,0.132824,,lockin:lockin::None:10.003568431956552:8:8:binary:0,lockin,,,10.003568,8
hocho_R_8,frame_00000.png,frame_00119.png,,,,0,decode失敗,QR未検出,0.028004,0.195439,0.605853,0.132824,,lockin:lockin::None:10.003568431956552:8:16:binary:0,lockin,,,10.003568,8
hocho_R_8,frame_00000.png,frame_00119.png,hocho_R_8/rgb_max_lockin_f300_ps16_th10/00000-00119-FRAME_rgbmax_scale1.00.png,,,0,decode失敗,QR未検出,0.047421,0.195756,0.584058,0.208861,,lockin:lockin::None:10.003568431956552:10:4:binary:0,lockin,,,10.003568,10
hocho_R_8,frame_00000.png,frame_00119.png,hocho_R_8/rgb_max_lockin_f300_ps16_th10/00000-00119-FRAME_rgbmax_scale1.00.png,,,0,decode失敗,QR未検出,0.047421,0.195756,0.584058,0.208861,,lockin:lockin::None:10.003568431956552:10:8:binary:0,lockin,,,10.003568,10
hocho_R_8,frame_00000.png,frame_00119.png,hocho_R_8/rgb_max_lockin_f300_ps16_th10/00000-00119-FRAME_rgbmax_scale1.00.png,,,0,decode失敗,QR未検出,0.047421,0.195756,0.584058,0.208861,,lockin:lockin::None:10.003568431956552:10:16:binary:0,lockin,,,10.003568,10
hocho_R_8,frame_00000.png,frame_00119.png,hocho_R_8/rgb_max_lockin_f300_ps8_th12/00000-00119-FRAME_rgbmax_scale1.00.png,,,0,decode失敗,QR未検出,0.074682,0.202240,0.557774,0.280450,,lockin:lockin::None:10.003568431956552:12:4:binary:0,lockin,,,10.003568,12
hocho_R_8,frame_00000.png,frame_00119.png,hocho_R_8/rgb_max_lockin_f300_ps8_th12/00000-00119-FRAME_rgbmax_scale1.00.png,,,0,decode失敗,QR未検出,0.074682,0.202240,0.557774,0.280450,,lockin:lockin::None:10.003568431956552:12:8:binary:0,lockin,,,10.003568,12
hocho_R_8,frame_00000.png,frame_00119.png,hocho_R_8/rgb_max_lockin_f300_ps8_th12/00000-00119-FRAME_rgbmax_scale1.00.png,,,0,decode失敗,QR未検出,0.074682,0.202240,0.557774,0.280450,,lockin:lockin::None:10.003568431956552:12:16:binary:0,lockin,,,10.003568,12
hocho_R_8,frame_00000.png,frame_00119.png,,,,0,decode失敗,QR未検出,0.843682,0.411832,0.506540,0.577932,,lockin:lockin::None:10.003568431956552:16:4:binary:0,lockin,,,10.003568,16
hocho_R_8,frame_00000.png,frame_00119.png,,,,0,decode失敗,QR未検出,0.843682,0.411832,0.506540,0.577932,,lockin:lockin::None:10.003568431956552:16:8:binary:0,lockin,,,10.003568,16
hocho_R_8,frame_00000.png,frame_00119.png,,,,0,decode失敗,QR未検出,0.843682,0.411832,0.506540,0.577932,,lockin:lockin::None:10.003568431956552:16:16:binary:0,lockin,,,10.003568,16
hocho_R_8,frame_00000.png,frame_00119.png,,,,0,decode失敗,QR未検出,0.000898,0.088740,0.634476,0.004833,,lockin:lockin::None:14.992863136086896:2:4:binary:0,lockin,,,14.992863,2
hocho_R_8,frame_00000.png,frame_00119.png,,,,0,decode失敗,QR未検出,0.000898,0.088740,0.634476,0.004833,,lockin:lockin::None:14.992863136086896:2:8:binary:0,lockin,,,14.992863,2
hocho_R_8,frame_00000.png,frame_00119.png,,,,0,decode失敗,QR未検出,0.000898,0.088740,0.634476,0.004833,,lockin:lockin::None:14.992863136086896:2:16:binary:0,lockin,,,14.992863,2
hocho_R_8,frame_00000.png,frame_00119.png,,,,0,decode失敗,QR未検出,0.007940,0.181367,0.627380,0.037731,,lockin:lockin::None:14.992863136086896:4:4:binary:0,lockin,,,14.992863,4
hocho_R_8,frame_00000.png,frame_00119.png,,,,0,decode失敗,QR未検出,0.007940,0.181367,0.627380,0.037731,,lockin:lockin::None:14.992863136086896:4:8:binary:0,lockin,,,14.992863,4
hocho_R_8,frame_00000.png,frame_00119.png,,,,0,decode失敗,QR未検出,0.007940,0.181367,0.627380,0.037731,,lockin:lockin::None:14.992863136086896:4:16:binary:0,lockin,,,14.992863,4
hocho_R_8,frame_00000.png,frame_00119.png,,,,0,decode失敗,QR未検出,0.023684,0.202492,0.612264,0.112119,,lockin:lockin::None:14.992863136086896:6:4:binary:0,lockin,,,14.992863,6
hocho_R_8,frame_00000.png,frame_00119.png,,,,0,decode失敗,QR未検出,0.023684,0.202492,0.612264,0.112119,,lockin:lockin::None:14.992863136086896:6:8:binary:0,lockin,,,14.992863,6
hocho_R_8,frame_00000.png,frame_00119.png,,,,0,decode失敗,QR未検出,0.023684,0.202492,0.612264,0.112119,,lockin:lockin::None:14.992863136086896:6:16:binary:0,lockin,,,14.992863,6
hocho_R_8,frame_00000.png,frame_00119.png,,,,0,decode失敗,QR未検出,0.042797,0.195115,0.589008,0.200913,,lockin:lockin::None:14.992863136086896:8:4:binary:0,lockin,,,14.992863,8
hocho_R_8,frame_00000.png,frame_00119.png,,,,0,decode失敗,QR未検出,0.042797,0.195115,0.589008,0.200913,,lockin:lockin::None:14.992863136086896:8:8:binary:0,lockin,,,14.992863,8
hocho_R_8,frame_00000.png,frame_00119.png,,,,0,decode失敗,QR未検出,0.042797,0.195115,0.589008,0.200913,,lockin:lockin::None:14.992863136086896:8:16:binary:0,lockin,,,14.992863,8
hocho_R_8,frame_00000.png,frame_00119.png,hocho_R_8/rgb_max_lockin_f300_ps16_th10/00000-00119-FRAME_rgbmax_scale1.00.png,,,0,decode失敗,QR未検出,0.072553,0.199702,0.558394,0.284024,,lockin:lockin::None:14.992863136086896:10:4:binary:0,lockin,,,14.992863,10
hocho_R_8,frame_00000.png,frame_00119.png,hocho_R_8/rgb_max_lockin_f300_ps16_th10/00000-00119-FRAME_rgbmax_scale1.00.png,,,0,decode失敗,QR未検出,0.072553,0.199702,0.558394,0.284024,,lockin:lockin::None:14.992863136086896:10:8:binary:0,lockin,,,14.992863,10
hocho_R_8,frame_00000.png,frame_00119.png,hocho_R_8/rgb_max_lockin_f300_ps16_th10/00000-00119-FRAME_rgbmax_scale1.00.png,,,0,decode失敗,QR未検出,0.072553,0.199702,0.558394,0.284024,,lockin:lockin::None:14.992863136086896:10:16:binary:0,lockin,,,14.992863,10
hocho_R_8,frame_00000.png,frame_00119.png,hocho_R_8/rgb_max_lockin_f300_ps8_th12/00000-00119-FRAME_rgbmax_scale1.00.png,,,0,decode失敗,QR未検出,0.113574,0.209007,0.522849,0.362941,,lockin:lockin::None:14.992863136086896:12:4:binary:0,lockin,,,14.992863,12
hocho_R_8,frame_00000.png,frame_00119.png,hocho_R_8/rgb_max_lockin_f300_ps8_th12/00000-00119-FRAME_rgbmax_scale1.00.png,,,0,decode失敗,QR未検出,0.113574,0.209007,0.522849,0.362941,,lockin:lockin::None:14.992863136086896:12:8:binary:0,lockin,,,14.992863,12
hocho_R_8,frame_00000.png,frame_00119.png,hocho_R_8/rgb_max_lockin_f300_ps8_th12/00000-00119-FRAME_rgbmax_scale1.00.png,,,0,decode失敗,QR未検出,0.113574,0.209007,0.522849,0.362941,,lockin:lockin::None:14.992863136086896:12:16:binary:0,lockin,,,14.992863,12
hocho_R_8,frame_00000.png,frame_00119.png,,,,0,decode失敗,QR未検出,0.769965,0.437864,0.558275,0.476675,,lockin:lockin::None:14.992863136086896:16:4:binary:0,lockin,,,14.992863,16
hocho_R_8,frame_00000.png,frame_00119.png,,,,0,decode失敗,QR未検出,0.769965,0.437864,0.558275,0.476675,,lockin:lockin::None:14.992863136086896:16:8:binary:0,lockin,,,14.992863,16
hocho_R_8,frame_00000.png,frame_00119.png,,,,0,decode失敗,QR未検出,0.769965,0.437864,0.558275,0.476675,,lockin:lockin::None:14.992863136086896:16:16:binary:0,lockin,,,14.992863,16
hocho_R_8,frame_00000.png,frame_00119.png,,,,0,decode失敗,QR未検出,0.062051,0.131145,0.510962,0.357426,,lockin:lockin::None:29.996431568043448:2:4:binary:0,lockin,,,29.996432,2
hocho_R_8,frame_00000.png,frame_00119.png,,,,0,decode失敗,QR未検出,0.062051,0.131145,0.510962,0.357426,,lockin:lockin::None:29.996431568043448:2:8:binary:0,lockin,,,29.996432,2
hocho_R_8,frame_00000.png,frame_00119.png,,,,0,decode失敗,QR未検出,0.062051,0.131145,0.510962,0.357426,,lockin:lockin::None:29.996431568043448:2:16:binary:0,lockin,,,29.996432,2
hocho_R_8,frame_00000.png,frame_00119.png,,,,0,decode失敗,QR未検出,0.835742,0.532800,0.674794,0.294431,,lockin:lockin::None:29.996431568043448:4:4:binary:0,lockin,,,29.996432,4
hocho_R_8,frame_00000.png,frame_00119.png,,,,0,decode失敗,QR未検出,0.835742,0.532800,0.674794,0.294431,,lockin:lockin::None:29.996431568043448:4:8:binary:0,lockin,,,29.996432,4
hocho_R_8,frame_00000.png,frame_00119.png,,,,0,decode失敗,QR未検出,0.835742,0.532800,0.674794,0.294431,,lockin:lockin::None:29.996431568043448:4:16:binary:0,lockin,,,29.996432,4
hocho_R_8,frame_00000.png,frame_00119.png,,,,0,decode失敗,QR未検出,0.767644,0.650198,0.766058,0.126774,,lockin:lockin::None:29.996431568043448:6:4:binary:0,lockin,,,29.996432,6
hocho_R_8,frame_00000.png,frame_00119.png,,,,0,decode失敗,QR未検出,0.767644,0.650198,0.766058,0.126774,,lockin:lockin::None:29.996431568043448:6:8:binary:0,lockin,,,29.996432,6
hocho_R_8,frame_00000.png,frame_00119.png,,,,0,decode失敗,QR未検出,0.767644,0.650198,0.766058,0.126774,,lockin:lockin::None:29.996431568043448:6:16:binary:0,lockin,,,29.996432,6
hocho_R_8,frame_00000.png,frame_00119.png,,,,0,decode失敗,QR未検出,0.713277,0.729664,0.800263,0.065329,,lockin:lockin::None:29.996431568043448:8:4:binary:0,lockin,,,29.996432,8
hocho_R_8,frame_00000.png,frame_00119.png,,,,0,decode失敗,QR未検出,0.713277,0.729664,0.800263,0.065329,,lockin:lockin::None:29.996431568043448:8:8:binary:0,lockin,,,29.996432,8
hocho_R_8,frame_00000.png,frame_00119.png,,,,0,decode失敗,QR未検出,0.713277,0.729664,0.800263,0.065329,,lockin:lockin::None:29.996431568043448:8:16:binary:0,lockin,,,29.996432,8
hocho_R_8,frame_00000.png,frame_00119.png,hocho_R_8/rgb_max_lockin_f300_ps16_th10/00000-00119-FRAME_rgbmax_scale1.00.png,,,0,decode失敗,QR未検出,0.666300,0.784457,0.812664,0.040505,,lockin:lockin::None:29.996431568043448:10:4:binary:0,lockin,,,29.996432,10
hocho_R_8,frame_00000.png,frame_00119.png,hocho_R_8/rgb_max_lockin_f300_ps16_th10/00000-00119-FRAME_rgbmax_scale1.00.png,,,0,decode失敗,QR未検出,0.666300,0.784457,0.812664,0.040505,,lockin:lockin::None:29.996431568043448:10:8:binary:0,lockin,,,29.996432,10
hocho_R_8,frame_00000.png,frame_00119.png,hocho_R_8/rgb_max_lockin_f300_ps16_th10/00000-00119-FRAME_rgbmax_scale1.00.png,,,0,decode失敗,QR未検出,0.666300,0.784457,0.812664,0.040505,,lockin:lockin::None:29.996431568043448:10:16:binary:0,lockin,,,29.996432,10
hocho_R_8,frame_00000.png,frame_00119.png,hocho_R_8/rgb_max_lockin_f300_ps8_th12/00000-00119-FRAME_rgbmax_scale1.00.png,,,0,decode失敗,QR未検出,0.626191,0.822183,0.815397,0.027861,,lockin:lockin::None:29.996431568043448:12:4:binary:0,lockin,,,29.996432,12
hocho_R_8,frame_00000.png,frame_00119.png,hocho_R_8/rgb_max_lockin_f300_ps8_th12/00000-00119-FRAME_rgbmax_scale1.00.png,,,0,decode失敗,QR未検出,0.626191,0.822183,0.815397,0.027861,,lockin:lockin::None:29.996431568043448:12:8:binary:0,lockin,,,29.996432,12
hocho_R_8,frame_00000.png,frame_00119.png,hocho_R_8/rgb_max_lockin_f300_ps8_th12/00000-00119-FRAME_rgbmax_scale1.00.png,,,0,decode失敗,QR未検出,0.626191,0.822183,0.815397,0.027861,,lockin:lockin::None:29.996431568043448:12:16:binary:0,lockin,,,29.996432,12
hocho_R_8,frame_00000.png,frame_00119.png,,,,0,decode失敗,QR未検出,0.554531,0.874467,0.809657,0.015563,,lockin:lockin::None:29.996431568043448:16:4:binary:0,lockin,,,29.996432,16
hocho_R_8,frame_00000.png,frame_00119.png,,,,0,decode失敗,QR未検出,0.554531,0.874467,0.809657,0.015563,,lockin:lockin::None:29.996431568043448:16:8:binary:0,lockin,,,29.996432,16
hocho_R_8,frame_00000.png,frame_00119.png,,,,0,decode失敗,QR未検出,0.554531,0.874467,0.809657,0.015563,,lockin:lockin::None:29.996431568043448:16:16:binary:0,lockin,,,29.996432,16
hocho_R_12,frame_00000.png,frame_00119.png,,,,0,decode失敗,QR未検出,0.000097,0.006207,0.631925,0.020128,,lockin:lockin::None:10.003568431956552:2:4:binary:0,lockin,,,10.003568,2
hocho_R_12,frame_00000.png,frame_00119.png,,,,0,decode失敗,QR未検出,0.000097,0.006207,0.631925,0.020128,,lockin:lockin::None:10.003568431956552:2:8:binary:0,lockin,,,10.003568,2
hocho_R_12,frame_00000.png,frame_00119.png,,,,0,decode失敗,QR未検出,0.000097,0.006207,0.631925,0.020128,,lockin:lockin::None:10.003568431956552:2:16:binary:0,lockin,,,10.003568,2
hocho_R_12,frame_00000.png,frame_00119.png,,,,0,decode失敗,QR未検出,0.005951,0.064434,0.608326,0.133147,,lockin:lockin::None:10.003568431956552:4:4:binary:0,lockin,,,10.003568,4
hocho_R_12,frame_00000.png,frame_00119.png,,,,0,decode失敗,QR未検出,0.005951,0.064434,0.608326,0.133147,,lockin:lockin::None:10.003568431956552:4:8:binary:0,lockin,,,10.003568,4
hocho_R_12,frame_00000.png,frame_00119.png,,,,0,decode失敗,QR未検出,0.005951,0.064434,0.608326,0.133147,,lockin:lockin::None:10.003568431956552:4:16:binary:0,lockin,,,10.003568,4
hocho_R_12,frame_00000.png,frame_00119.png,,,,0,decode失敗,QR未検出,0.025142,0.092794,0.557503,0.278226,,lockin:lockin::None:10.003568431956552:6:4:binary:0,lockin,,,10.003568,6
hocho_R_12,frame_00000.png,frame_00119.png,,,,0,decode失敗,QR未検出,0.025142,0.092794,0.557503,0.278226,,lockin:lockin::None:10.003568431956552:6:8:binary:0,lockin,,,10.003568,6
hocho_R_12,frame_00000.png,frame_00119.png,,,,0,decode失敗,QR未検出,0.025142,0.092794,0.557503,0.278226,,lockin:lockin::None:10.003568431956552:6:16:binary:0,lockin,,,10.003568,6
hocho_R_12,frame_00000.png,frame_00119.png,hocho_R_12/rgb_max_lockin_f300_ps4_th8/00000-00119-FRAME_rgbmax_scale1.00.png,,,0,decode失敗,QR未検出,0.937752,0.419555,0.507132,0.586154,,lockin:lockin::None:10.003568431956552:8:4:binary:0,lockin,,,10.003568,8
hocho_R_12,frame_00000.png,frame_00119.png,hocho_R_12/rgb_max_lockin_f300_ps4_th8/00000-00119-FRAME_rgbmax_scale1.00.png,,,0,decode失敗,QR未検出,0.937752,0.419550,0.507123,0.586159,,lockin:lockin::None:10.003568431956552:8:8:binary:0,lockin,,,10.003568,8
hocho_R_12,frame_00000.png,frame_00119.png,hocho_R_12/rgb_max_lockin_f300_ps4_th8/00000-00119-FRAME_rgbmax_scale1.00.png,,,0,decode失敗,QR未検出,0.937752,0.419550,0.507123,0.586159,,lockin:lockin::None:10.003568431956552:8:16:binary:0,lockin,,,10.003568,8
hocho_R_12,frame_00000.png,frame_00119.png,hocho_R_12/rgb_max_lockin_f300_ps16_th10/00000-00119-FRAME_rgbmax_scale1.00.png,,,0,decode失敗,QR未検出,0.867839,0.456231,0.577131,0.448326,,lockin:lockin::None:10.003568431956552:10:4:binary:0,lockin,,,10.003568,10
hocho_R_12,frame_00000.png,frame_00119.png,hocho_R_12/rgb_max_lockin_f300_ps16_th10/00000-00119-FRAME_rgbmax_scale1.00.png,,,0,decode失敗,QR未検出,0.867839,0.456231,0.577131,0.448326,,lockin:lockin::None:10.003568431956552:10:8:binary:0,lockin,,,10.003568,10
hocho_R_12,frame_00000.png,frame_00119.png,hocho_R_12/rgb_max_lockin_f300_ps16_th10/00000-00119-FRAME_rgbmax_scale1.00.png,,,0,decode失敗,QR未検出,0.867839,0.456231,0.577131,0.448326,,lockin:lockin::None:10.003568431956552:10:16:binary:0,lockin,,,10.003568,10
hocho_R_12,frame_00000.png,frame_00119.png,,,,0,decode失敗,QR未検出,0.762788,0.495341,0.632291,0.321673,,lockin:lockin::None:10.003568431956552:12:4:binary:0,lockin,,,10.003568,12
hocho_R_12,frame_00000.png,frame_00119.png,,,,0,decode失敗,QR未検出,0.762788,0.495341,0.632291,0.321673,,lockin:lockin::None:10.003568431956552:12:8:binary:0,lockin,,,10.003568,12
hocho_R_12,frame_00000.png,frame_00119.png,,,,0,decode失敗,QR未検出,0.762788,0.495341,0.632291,0.321673,,lockin:lockin::None:10.003568431956552:12:16:binary:0,lockin,,,10.003568,12
hocho_R_12,frame_00000.png,frame_00119.png,,,,0,decode失敗,QR未検出,0.476171,0.556592,0.672595,0.141997,,lockin:lockin::None:10.003568431956552:16:4:binary:0,lockin,,,10.003568,16
hocho_R_12,frame_00000.png,frame_00119.png,,,,0,decode失敗,QR未検出,0.476171,0.556592,0.672595,0.141997,,lockin:lockin::None:10.003568431956552:16:8:binary:0,lockin,,,10.003568,16
hocho_R_12,frame_00000.png,frame_00119.png,,,,0,decode失敗,QR未検出,0.476171,0.556592,0.672595,0.141997,,lockin:lockin::None:10.003568431956552:16:16:binary:0,lockin,,,10.003568,16
hocho_R_12,frame_00000.png,frame_00119.png,,,,0,decode失敗,QR未検出,0.000000,0.000000,0.634837,0.007672,,lockin:lockin::None:14.992863136086896:2:4:binary:0,lockin,,,14.992863,2
hocho_R_12,frame_00000.png,frame_00119.png,,,,0,decode失敗,QR未検出,0.000000,0.000000,0.634837,0.007672,,lockin:lockin::None:14.992863136086896:2:8:binary:0,lockin,,,14.992863,2
hocho_R_12,frame_00000.png,frame_00119.png,,,,0,decode失敗,QR未検出,0.000000,0.000000,0.634837,0.007672,,lockin:lockin::None:14.992863136086896:2:16:binary:0,lockin,,,14.992863,2
hocho_R_12,frame_00000.png,frame_00119.png,,,,0,decode失敗,QR未検出,0.000492,0.013752,0.624872,0.055858,,lockin:lockin::None:14.992863136086896:4:4:binary:0,lockin,,,14.992863,4
hocho_R_12,frame_00000.png,frame_00119.png,,,,0,decode失敗,QR未検出,0.000492,0.013752,0.624872,0.055858,,lockin:lockin::None:14.992863136086896:4:8:binary:0,lockin,,,14.992863,4
hocho_R_12,frame_00000.png,frame_00119.png,,,,0,decode失敗,QR未検出,0.000492,0.013752,0.624872,0.055858,,lockin:lockin::None:14.992863136086896:4:16:binary:0,lockin,,,14.992863,4
hocho_R_12,frame_00000.png,frame_00119.png,,,,0,decode失敗,QR未検出,0.005097,0.049057,0.603525,0.148738,,lockin:lockin::None:14.992863136086896:6:4:binary:0,lockin,,,14.992863,6
hocho_R_12,frame_00000.png,frame_00119.png,,,,0,decode失敗,QR未検出,0.005097,0.049057,0.603525,0.148738,,lockin:lockin::None:14.992863136086896:6:8:binary:0,lockin,,,14.992863,6
hocho_R_12,frame_00000.png,frame_00119.png,,,,0,decode失敗,QR未検出,0.005097,0.049057,0.603525,0.148738,,lockin:lockin::None:14.992863136086896:6:16:binary:0,lockin,,,14.992863,6
hocho_R_12,frame_00000.png,frame_00119.png,hocho_R_12/rgb_max_lockin_f300_ps4_th8/00000-00119-FRAME_rgbmax_scale1.00.png,,,0,decode失敗,QR未検出,0.015884,0.075151,0.572387,0.246134,,lockin:lockin::None:14.992863136086896:8:4:binary:0,lockin,,,14.992863,8
hocho_R_12,frame_00000.png,frame_00119.png,hocho_R_12/rgb_max_lockin_f300_ps4_th8/00000-00119-FRAME_rgbmax_scale1.00.png,,,0,decode失敗,QR未検出,0.015884,0.075151,0.572387,0.246134,,lockin:lockin::None:14.992863136086896:8:8:binary:0,lockin,,,14.992863,8
hocho_R_12,frame_00000.png,frame_00119.png,hocho_R_12/rgb_max_lockin_f300_ps4_th8/00000-00119-FRAME_rgbmax_scale1.00.png,,,0,decode失敗,QR未検出,0.015884,0.075151,0.572387,0.246134,,lockin:lockin::None:14.992863136086896:8:16:binary:0,lockin,,,14.992863,8
hocho_R_12,frame_00000.png,frame_00119.png,hocho_R_12/rgb_max_lockin_f300_ps16_th10/00000-00119-FRAME_rgbmax_scale1.00.png,,,0,decode失敗,QR未検出,0.030774,0.087997,0.533029,0.334095,,lockin:lockin::None:14.992863136086896:10:4:binary:0,lockin,,,14.992863,10
hocho_R_12,frame_00000.png,frame_00119.png,hocho_R_12/rgb_max_lockin_f300_ps16_th10/00000-00119-FRAME_rgbmax_scale1.00.png,,,0,decode失敗,QR未検出,0.030774,0.087997,0.533029,0.334095,,lockin:lockin::None:14.992863136086896:10:8:binary:0,lockin,,,14.992863,10
hocho_R_12,frame_00000.png,frame_00119.png,hocho_R_12/rgb_max_lockin_f300_ps16_th10/00000-00119-FRAME_rgbmax_scale1.00.png,,,0,decode失敗,QR未検出,0.030774,0.087997,0.533029,0.334095,,lockin:lockin::None:14.992863136086896:10:16:binary:0,lockin,,,14.992863,10
hocho_R_12,frame_00000.png,frame_00119.png,,,,0,decode失敗,QR未検出,0.949152,0.423643,0.513462,0.580300,,lockin:lockin::None:14.992863136086896:12:4:binary:0,lockin,,,14.992863,12
hocho_R_12,frame_00000.png,frame_00119.png,,,,0,decode失敗,QR未検出,0.949152,0.423643,0.513462,0.580300,,lockin:lockin::None:14.992863136086896:12:8:binary:0,lockin,,,14.992863,12
hocho_R_12,frame_00000.png,frame_00119.png,,,,0,decode失敗,QR未検出,0.949152,0.423643,0.513462,0.580300,,lockin:lockin::None:14.992863136086896:12:16:binary:0,lockin,,,14.992863,12
hocho_R_12,frame_00000.png,frame_00119.png,,,,0,decode失敗,QR未検出,0.877936,0.476712,0.606397,0.409441,,lockin:lockin::None:14.992863136086896:16:4:binary:0,lockin,,,14.992863,16
hocho_R_12,frame_00000.png,frame_00119.png,,,,0,decode失敗,QR未検出,0.877936,0.476712,0.606397,0.409441,,lockin:lockin::None:14.992863136086896:16:8:binary:0,lockin,,,14.992863,16
hocho_R_12,frame_00000.png,frame_00119.png,,,,0,decode失敗,QR未検出,0.877936,0.476712,0.606397,0.409441,,lockin:lockin::None:14.992863136086896:16:16:binary:0,lockin,,,14.992863,16
hocho_R_12,frame_00000.png,frame_00119.png,,,,0,decode失敗,QR未検出,0.941637,0.672738,0.812789,0.106619,,lockin:lockin::None:29.996431568043448:2:4:binary:0,lockin,,,29.996432,2
hocho_R_12,frame_00000.png,frame_00119.png,,,,0,decode失敗,QR未検出,0.941637,0.672738,0.812789,0.106619,,lockin:lockin::None:29.996431568043448:2:8:binary:0,lockin,,,29.996432,2
hocho_R_12,frame_00000.png,frame_00119.png,,,,0,decode失敗,QR未検出,0.941637,0.672738,0.812789,0.106619,,lockin:lockin::None:29.996431568043448:2:16:binary:0,lockin,,,29.996432,2
hocho_R_12,frame_00000.png,frame_00119.png,,,,0,decode失敗,QR未検出,0.924430,0.800911,0.889304,0.044400,,lockin:lockin::None:29.996431568043448:4:4:binary:0,lockin,,,29.996432,4
hocho_R_12,frame_00000.png,frame_00119.png,,,,0,decode失敗,QR未検出,0.924430,0.800911,0.889304,0.044400,,lockin:lockin::None:29.996431568043448:4:8:binary:0,lockin,,,29.996432,4
hocho_R_12,frame_00000.png,frame_00119.png,,,,0,decode失敗,QR未検出,0.924430,0.800911,0.889304,0.044400,,lockin:lockin::None:29.996431568043448:4:16:binary:0,lockin,,,29.996432,4
hocho_R_12,frame_00000.png,frame_00119.png,,,,0,decode失敗,QR未検出,0.905549,0.850200,0.907922,0.030461,,lockin:lockin::None:29.996431568043448:6:4:binary:0,lockin,,,29.996432,6
hocho_R_12,frame_00000.png,frame_00119.png,,,,0,decode失敗,QR未検出,0.905549,0.850200,0.907922,0.030461,,lockin:lockin::None:29.996431568043448:6:8:binary:0,lockin,,,29.996432,6
hocho_R_12,frame_00000.png,frame_00119.png,,,,0,decode失敗,QR未検出,0.905549,0.850200,0.907922,0.030461,,lockin:lockin::None:29.996431568043448:6:16:binary:0,lockin,,,29.996432,6
hocho_R_12,frame_00000.png,frame_00119.png,hocho_R_12/rgb_max_lockin_f300_ps4_th8/00000-00119-FRAME_rgbmax_scale1.00.png,,,0,decode失敗,QR未検出,0.881980,0.876855,0.912315,0.023576,,lockin:lockin::None:29.996431568043448:8:4:binary:0,lockin,,,29.996432,8
hocho_R_12,frame_00000.png,frame_00119.png,hocho_R_12/rgb_max_lockin_f300_ps4_th8/00000-00119-FRAME_rgbmax_scale1.00.png,,,0,decode失敗,QR未検出,0.881980,0.876855,0.912315,0.023576,,lockin:lockin::None:29.996431568043448:8:8:binary:0,lockin,,,29.996432,8
hocho_R_12,frame_00000.png,frame_00119.png,hocho_R_12/rgb_max_lockin_f300_ps4_th8/00000-00119-FRAME_rgbmax_scale1.00.png,,,0,decode失敗,QR未検出,0.881980,0.876855,0.912315,0.023576,,lockin:lockin::None:29.996431568043448:8:16:binary:0,lockin,,,29.996432,8
hocho_R_12,frame_00000.png,frame_00119.png,hocho_R_12/rgb_max_lockin_f300_ps16_th10/00000-00119-FRAME_rgbmax_scale1.00.png,,,0,decode失敗,QR未検出,0.860618,0.894232,0.912572,0.019367,,lockin:lockin::None:29.996431568043448:10:4:binary:0,lockin,,,29.996432,10
hocho_R_12,frame_00000.png,frame_00119.png,hocho_R_12/rgb_max_lockin_f300_ps16_th10/00000-00119-FRAME_rgbmax_scale1.00.png,,,0,decode失敗,QR未検出,0.860618,0.894232,0.912572,0.019367,,lockin:lockin::None:29.996431568043448:10:8:binary:0,lockin,,,29.996432,10
hocho_R_12,frame_00000.png,frame_00119.png,hocho_R_12/rgb_max_lockin_f300_ps16_th10/00000-00119-FRAME_rgbmax_scale1.00.png,,,0,decode失敗,QR未検出,0.860618,0.894232,0.912572,0.019367,,lockin:lockin::None:29.996431568043448:10:16:binary:0,lockin,,,29.996432,10
hocho_R_12,frame_00000.png,frame_00119.png,,,,0,decode失敗,QR未検出,0.833391,0.906179,0.908324,0.016428,,lockin:lockin::None:29.996431568043448:12:4:binary:0,lockin,,,29.996432,12
hocho_R_12,frame_00000.png,frame_00119.png,,,,0,decode失敗,QR未検出,0.833391,0.906179,0.908324,0.016428,,lockin:lockin::None:29.996431568043448:12:8:binary:0,lockin,,,29.996432,12
hocho_R_12,frame_00000.png,frame_00119.png,,,,0,decode失敗,QR未検出,0.833391,0.906179,0.908324,0.016428,,lockin:lockin::None:29.996431568043448:12:16:binary:0,lockin,,,29.996432,12
hocho_R_12,frame_00000.png,frame_00119.png,,,,0,decode失敗,QR未検出,0.764661,0.920017,0.890590,0.012672,,lockin:lockin::None:29.996431568043448:16:4:binary:0,lockin,,,29.996432,16
hocho_R_12,frame_00000.png,frame_00119.png,,,,0,decode失敗,QR未検出,0.764661,0.920017,0.890590,0.012672,,lockin:lockin::None:29.996431568043448:16:8:binary:0,lockin,,,29.996432,16
hocho_R_12,frame_00000.png,frame_00119.png,,,,0,decode失敗,QR未検出,0.764661,0.920017,0.890590,0.012672,,lockin:lockin::None:29.996431568043448:16:16:binary:0,lockin,,,29.996432,16
ex_R_4,frame_00000.png,frame_00119.png,,,,0,decode失敗,QR未検出,0.006641,0.192152,0.629778,0.006800,,lockin:lockin::None:10.003568431956552:2:4:binary:0,lockin,,,10.003568,2
ex_R_4,frame_00000.png,frame_00119.png,,,,0,decode失敗,QR未検出,0.006641,0.192152,0.629778,0.006800,,lockin:lockin::None:10.003568431956552:2:8:binary:0,lockin,,,10.003568,2
ex_R_4,frame_00000.png,frame_00119.png,,,,0,decode失敗,QR未検出,0.006641,0.192152,0.629778,0.006800,,lockin:lockin::None:10.003568431956552:2:16:binary:0,lockin,,,10.003568,2
ex_R_4,frame_00000.png,frame_00119.png,,,,0,decode失敗,QR未検出,0.016468,0.231071,0.623597,0.018217,,lockin:lockin::None:10.003568431956552:4:4:binary:0,lockin,,,10.003568,4
ex_R_4,frame_00000.png,frame_00119.png,,,,0,decode失敗,QR未検出,0.016468,0.231071,0.623597,0.018217,,lockin:lockin::None:10.003568431956552:4:8:binary:0,lockin,,,10.003568,4
ex_R_4,frame_00000.png,frame_00119.png,,,,0,decode失敗,QR未検出,0.016468,0.231071,0.623597,0.018217,,lockin:lockin::None:10.003568431956552:4:16:binary:0,lockin,,,10.003568,4
ex_R_4,frame_00000.png,frame_00119.png,,,,0,decode失敗,QR未検出,0.027463,0.222884,0.612737,0.042445,,lockin:lockin::None:10.003568431956552:6:4:binary:0,lockin,,,10.003568,6
ex_R_4,frame_00000.png,frame_00119.png,,,,0,decode失敗,QR未検出,0.027463,0.222884,0.612737,0.042445,,lockin:lockin::None:10.003568431956552:6:8:binary:0,lockin,,,10.003568,6
ex_R_4,frame_00000.png,frame_00119.png,,,,0,decode失敗,QR未検出,0.027463,0.222884,0.612737,0.042445,,lockin:lockin::None:10.003568431956552:6:16:binary:0,lockin,,,10.003568,6
ex_R_4,frame_00000.png,frame_00119.png,,,,0,decode失敗,QR未検出,0.059879,0.237504,0.589511,0.092171,,lockin:lockin::None:10.003568431956552:8:4:binary:0,lockin,,,10.003568,8
ex_R_4,frame_00000.png,frame_00119.png,,,,0,decode失敗,QR未検出,0.059879,0.237504,0.589511,0.092171,,lockin:lockin::None:10.003568431956552:8:8:binary:0,lockin,,,10.003568,8
ex_R_4,frame_00000.png,frame_00119.png,,,,0,decode失敗,QR未検出,0.059879,0.237504,0.589511,0.092171,,lockin:lockin::None:10.003568431956552:8:16:binary:0,lockin,,,10.003568,8
ex_R_4,frame_00000.png,frame_00119.png,ex_R_4/rgb_max_lockin_f300_ps16_th10/00000-00119-FRAME_rgbmax_scale1.00.png,,,0,decode失敗,QR未検出,0.139947,0.255013,0.540018,0.186130,,lockin:lockin::None:10.003568431956552:10:4:binary:0,lockin,,,10.003568,10
ex_R_4,frame_00000.png,frame_00119.png,ex_R_4/rgb_max_lockin_f300_ps16_th10/00000-00119-FRAME_rgbmax_scale1.00.png,,,0,decode失敗,QR未検出,0.139947,0.255013,0.540018,0.186130,,lockin:lockin::None:10.003568431956552:10:8:binary:0,lockin,,,10.003568,10
ex_R_4,frame_00000.png,frame_00119.png,ex_R_4/rgb_max_lockin_f300_ps16_th10/00000-00119-FRAME_rgbmax_scale1.00.png,,,0,decode失敗,QR未検出,0.139947,0.255013,0.540018,0.186130,,lockin:lockin::None:10.003568431956552:10:16:binary:0,lockin,,,10.003568,10
ex_R_4,frame_00000.png,frame_00119.png,ex_R_4/rgb_max_lockin_f300_ps16_th12/00000-00119-FRAME_rgbmax_scale1.00.png,,,0,decode失敗,QR未検出,0.716207,0.415359,0.531680,0.667838,,lockin:lockin::None:10.003568431956552:12:4:binary:0,lockin,,,10.003568,12
ex_R_4,frame_00000.png,frame_00119.png,ex_R_4/rgb_max_lockin_f300_ps16_th12/00000-00119-FRAME_rgbmax_scale1.00.png,,,0,decode失敗,QR未検出,0.716207,0.415359,0.531680,0.667838,,lockin:lockin::None:10.003568431956552:12:8:binary:0,lockin,,,10.003568,12
ex_R_4,frame_00000.png,frame_00119.png,ex_R_4/rgb_max_lockin_f300_ps16_th12/00000-00119-FRAME_rgbmax_scale1.00.png,,,0,decode失敗,QR未検出,0.716207,0.415358,0.531678,0.667839,,lockin:lockin::None:10.003568431956552:12:16:binary:0,lockin,,,10.003568,12
ex_R_4,frame_00000.png,frame_00119.png,,,,0,decode失敗,QR未検出,0.374567,0.489544,0.631692,0.337320,,lockin:lockin::None:10.003568431956552:16:4:binary:0,lockin,,,10.003568,16
ex_R_4,frame_00000.png,frame_00119.png,,,,0,decode失敗,QR未検出,0.374567,0.489544,0.631692,0.337320,,lockin:lockin::None:10.003568431956552:16:8:binary:0,lockin,,,10.003568,16
ex_R_4,frame_00000.png,frame_00119.png,,,,0,decode失敗,QR未検出,0.374567,0.489544,0.631692,0.337320,,lockin:lockin::None:10.003568431956552:16:16:binary:0,lockin,,,10.003568,16
ex_R_4,frame_00000.png,frame_00119.png,,,,0,decode失敗,QR未検出,0.008456,0.215843,0.629421,0.007456,,lockin:lockin::None:14.992863136086896:2:4:binary:0,lockin,,,14.992863,2
ex_R_4,frame_00000.png,frame_00119.png,,,,0,decode失敗,QR未検出,0.008456,0.215843,0.629421,0.007456,,lockin:lockin::None:14.992863136086896:2:8:binary:0,lockin,,,14.992863,2
ex_R_4,frame_00000.png,frame_00119.png,,,,0,decode失敗,QR未検出,0.008456,0.215843,0.629421,0.007456,,lockin:lockin::None:14.992863136086896:2:16:binary:0,lockin,,,14.992863,2
ex_R_4,frame_00000.png,frame_00119.png,,,,0,decode失敗,QR未検出,0.016908,0.230264,0.623133,0.018846,,lockin:lockin::None:14.992863136086896:4:4:binary:0,lockin,,,14.992863,4
ex_R_4,frame_00000.png,frame_00119.png,,,,0,decode失敗,QR未検出,0.016908,0.230264,0.623133,0.018846,,lockin:lockin::None:14.992863136086896:4:8:binary:0,lockin,,,14.992863,4
ex_R_4,frame_00000.png,frame_00119.png,,,,0,decode失敗,QR未検出,0.016908,0.230264,0.623133,0.018846,,lockin:lockin::None:14.992863136086896:4:16:binary:0,lockin,,,14.992863,4
ex_R_4,frame_00000.png,frame_00119.png,,,,0,decode失敗,QR未検出,0.027719,0.224590,0.612849,0.040981,,lockin:lockin::None:14.992863136086896:6:4:binary:0,lockin,,,14.992863,6
ex_R_4,frame_00000.png,frame_00119.png,,,,0,decode失敗,QR未検出,0.027719,0.224590,0.612849,0.040981,,lockin:lockin::None:14.992863136086896:6:8:binary:0,lockin,,,14.992863,6
ex_R_4,frame_00000.png,frame_00119.png,,,,0,decode失敗,QR未検出,0.027719,0.224590,0.612849,0.040981,,lockin:lockin::None:14.992863136086896:6:16:binary:0,lockin,,,14.992863,6
ex_R_4,frame_00000.png,frame_00119.png,,,,0,decode失敗,QR未検出,0.056881,0.238867,0.592409,0.085814,,lockin:lockin::None:14.992863136086896:8:4:binary:0,lockin,,,14.992863,8
ex_R_4,frame_00000.png,frame_00119.png,,,,0,decode失敗,QR未検出,0.056881,0.238867,0.592409,0.085814,,lockin:lockin::None:14.992863136086896:8:8:binary:0,lockin,,,14.992863,8
ex_R_4,frame_00000.png,frame_00119.png,,,,0,decode失敗,QR未検出,0.056881,0.238867,0.592409,0.085814,,lockin:lockin::None:14.992863136086896:8:16:binary:0,lockin,,,14.992863,8
ex_R_4,frame_00000.png,frame_00119.png,ex_R_4/rgb_max_lockin_f300_ps16_th10/00000-00119-FRAME_rgbmax_scale1.00.png,,,0,decode失敗,QR未検出,0.125395,0.253704,0.549234,0.166985,,lockin:lockin::None:14.992863136086896:10:4:binary:0,lockin,,,14.992863,10
ex_R_4,frame_00000.png,frame_00119.png,ex_R_4/rgb_max_lockin_f300_ps16_th10/00000-00119-FRAME_rgbmax_scale1.00.png,,,0,decode失敗,QR未検出,0.125395,0.253704,0.549234,0.166985,,lockin:lockin::None:14.992863136086896:10:8:binary:0,lockin,,,14.992863,10
ex_R_4,frame_00000.png,frame_00119.png,ex_R_4/rgb_max_lockin_f300_ps16_th10/00000-00119-FRAME_rgbmax_scale1.00.png,,,0,decode失敗,QR未検出,0.125395,0.253704,0.549234,0.166985,,lockin:lockin::None:14.992863136086896:10:16:binary:0,lockin,,,14.992863,10
ex_R_4,frame_00000.png,frame_00119.png,ex_R_4/rgb_max_lockin_f300_ps16_th12/00000-00119-FRAME_rgbmax_scale1.00.png,,,0,decode失敗,QR未検出,0.752754,0.410049,0.517771,0.707813,,lockin:lockin::None:14.992863136086896:12:4:binary:0,lockin,,,14.992863,12
ex_R_4,frame_00000.png,frame_00119.png,ex_R_4/rgb_max_lockin_f300_ps16_th12/00000-00119-FRAME_rgbmax_scale1.00.png,,,0,decode失敗,QR未検出,0.752754,0.410049,0.517771,0.707813,,lockin:lockin::None:14.992863136086896:12:8:binary:0,lockin,,,14.992863,12
ex_R_4,frame_00000.png,frame_00119.png,ex_R_4/rgb_max_lockin_f300_ps16_th12/00000-00119-FRAME_rgbmax_scale1.00.png,,,0,decode失敗,QR未検出,0.752754,0.410049,0.517771,0.707813,,lockin:lockin::None:14.992863136086896:12:16:binary:0,lockin,,,14.992863,12
ex_R_4,frame_00000.png,frame_00119.png,,,,0,decode失敗,QR未検出,0.441454,0.483174,0.626347,0.401939,,lockin:lockin::None:14.992863136086896:16:4:binary:0,lockin,,,14.992863,16
ex_R_4,frame_00000.png,frame_00119.png,,,,0,decode失敗,QR未検出,0.441454,0.483174,0.626347,0.401941,,lockin:lockin::None:14.992863136086896:16:8:binary:0,lockin,,,14.992863,16
ex_R_4,frame_00000.png,frame_00119.png,,,,0,decode失敗,QR未検出,0.441454,0.483174,0.626347,0.401941,,lockin:lockin::None:14.992863136086896:16:16:binary:0,lockin,,,14.992863,16
ex_R_4,frame_00000.png,frame_00119.png,,,,0,decode失敗,QR未検出,0.027695,0.217910,0.611500,0.048040,,lockin:lockin::None:29.996431568043448:2:4:binary:0,lockin,,,29.996432,2
ex_R_4,frame_00000.png,frame_00119.png,,,,0,decode失敗,QR未検出,0.027695,0.217910,0.611500,0.048040,,lockin:lockin::None:29.996431568043448:2:8:binary:0,lockin,,,29.996432,2
ex_R_4,frame_00000.png,frame_00119.png,,,,0,decode失敗,QR未検出,0.027695,0.217910,0.611500,0.048040,,lockin:lockin::None:29.996431568043448:2:16:binary:0,lockin,,,29.996432,2
ex_R_4,frame_00000.png,frame_00119.png,,,,0,decode失敗,QR未検出,0.885750,0.424026,0.522431,0.733074,,lockin:lockin::None:29.996431568043448:4:4:binary:0,lockin,,,29.996432,4
ex_R_4,frame_00000.png,frame_00119.png,,,,0,decode失敗,QR未検出,0.885750,0.424026,0.522431,0.733074,,lockin:lockin::None:29.996431568043448:4:8:binary:0,lockin,,,29.996432,4
ex_R_4,frame_00000.png,frame_00119.png,,,,0,decode失敗,QR未検出,0.885750,0.424026,0.522431,0.733074,,lockin:lockin::None:29.996431568043448:4:16:binary:0,lockin,,,29.996432,4
ex_R_4,frame_00000.png,frame_00119.png,,,,0,decode失敗,QR未検出,0.740335,0.556232,0.691755,0.395149,,lockin:lockin::None:29.996431568043448:6:4:binary:0,lockin,,,29.996432,6
ex_R_4,frame_00000.png,frame_00119.png,,,,0,decode失敗,QR未検出,0.740335,0.556232,0.691755,0.395149,,lockin:lockin::None:29.996431568043448:6:8:binary:0,lockin,,,29.996432,6
ex_R_4,frame_00000.png,frame_00119.png,,,,0,decode失敗,QR未検出,0.740335,0.556232,0.691755,0.395149,,lockin:lockin::None:29.996431568043448:6:16:binary:0,lockin,,,29.996432,6
ex_R_4,frame_00000.png,frame_00119.png,,,,0,decode失敗,QR未検出,0.635424,0.703587,0.770797,0.165143,,lockin:lockin::None:29.996431568043448:8:4:binary:0,lockin,,,29.996432,8
ex_R_4,frame_00000.png,frame_00119.png,,,,0,decode失敗,QR未検出,0.635424,0.703587,0.770797,0.165140,,lockin:lockin::None:29.996431568043448:8:8:binary:0,lockin,,,29.996432,8
ex_R_4,frame_00000.png,frame_00119.png,,,,0,decode失敗,QR未検出,0.635424,0.703587,0.770797,0.165140,,lockin:lockin::None:29.996431568043448:8:16:binary:0,lockin,,,29.996432,8
ex_R_4,frame_00000.png,frame_00119.png,ex_R_4/rgb_max_lockin_f300_ps16_th10/00000-00119-FRAME_rgbmax_scale1.00.png,,,0,decode失敗,QR未検出,0.573485,0.797206,0.792501,0.070136,,lockin:lockin::None:29.996431568043448:10:4:binary:0,lockin,,,29.996432,10
ex_R_4,frame_00000.png,frame_00119.png,ex_R_4/rgb_max_lockin_f300_ps16_th10/00000-00119-FRAME_rgbmax_scale1.00.png,,,0,decode失敗,QR未検出,0.573485,0.797206,0.792501,0.070136,,lockin:lockin::None:29.996431568043448:10:8:binary:0,lockin,,,29.996432,10
ex_R_4,frame_00000.png,frame_00119.png,ex_R_4/rgb_max_lockin_f300_ps16_th10/00000-00119-FRAME_rgbmax_scale1.00.png,,,0,decode失敗,QR未検出,0.573485,0.797206,0.792501,0.070136,,lockin:lockin::None:29.996431568043448:10:16:binary:0,lockin,,,29.996432,10
ex_R_4,frame_00000.png,frame_00119.png,ex_R_4/rgb_max_lockin_f300_ps16_th12/00000-00119-FRAME_rgbmax_scale1.00.png,,,0,decode失敗,QR未検出,0.528404,0.846239,0.794239,0.034908,,lockin:lockin::None:29.996431568043448:12:4:binary:0,lockin,,,29.996432,12
ex_R_4,frame_00000.png,frame_00119.png,ex_R_4/rgb_max_lockin_f300_ps16_th12/00000-00119-FRAME_rgbmax_scale1.00.png,,,0,decode失敗,QR未検出,0.528404,0.846239,0.794239,0.034908,,lockin:lockin::None:29.996431568043448:12:8:binary:0,lockin,,,29.996432,12
ex_R_4,frame_00000.png,frame_00119.png,ex_R_4/rgb_max_lockin_f300_ps16_th12/00000-00119-FRAME_rgbmax_scale1.00.png,,,0,decode失敗,QR未検出,0.528404,0.846239,0.794239,0.034908,,lockin:lockin::None:29.996431568043448:12:16:binary:0,lockin,,,29.996432,12
ex_R_4,frame_00000.png,frame_00119.png,,,,0,decode失敗,QR未検出,0.447149,0.892859,0.780136,0.013767,,lockin:lockin::None:29.996431568043448:16:4:binary:0,lockin,,,29.996432,16
ex_R_4,frame_00000.png,frame_00119.png,,,,0,decode失敗,QR未検出,0.447149,0.892859,0.780136,0.013767,,lockin:lockin::None:29.996431568043448:16:8:binary:0,lockin,,,29.996432,16
ex_R_4,frame_00000.png,frame_00119.png,,,,0,decode失敗,QR未検出,0.447149,0.892859,0.780136,0.013767,,lockin:lockin::None:29.996431568043448:16:16:binary:0,lockin,,,29.996432,16
ex_R_8,frame_00000.png,frame_00119.png,,,,0,decode失敗,QR未検出,0.006878,0.318365,0.634648,0.004062,,lockin:lockin::None:10.003568431956552:2:4:binary:0,lockin,,,10.003568,2
ex_R_8,frame_00000.png,frame_00119.png,,,,0,decode失敗,QR未検出,0.006878,0.318365,0.634648,0.004062,,lockin:lockin::None:10.003568431956552:2:8:binary:0,lockin,,,10.003568,2
ex_R_8,frame_00000.png,frame_00119.png,,,,0,decode失敗,QR未検出,0.006878,0.318365,0.634648,0.004062,,lockin:lockin::None:10.003568431956552:2:16:binary:0,lockin,,,10.003568,2
ex_R_8,frame_00000.png,frame_00119.png,,,,0,decode失敗,QR未検出,0.013688,0.268078,0.628907,0.011175,,lockin:lockin::None:10.003568431956552:4:4:binary:0,lockin,,,10.003568,4
ex_R_8,frame_00000.png,frame_00119.png,,,,0,decode失敗,QR未検出,0.013688,0.268078,0.628907,0.011175,,lockin:lockin::None:10.003568431956552:4:8:binary:0,lockin,,,10.003568,4
ex_R_8,frame_00000.png,frame_00119.png,,,,0,decode失敗,QR未検出,0.013688,0.268078,0.628907,0.011175,,lockin:lockin::None:10.003568431956552:4:16:binary:0,lockin,,,10.003568,4
ex_R_8,frame_00000.png,frame_00119.png,,,,0,decode失敗,QR未検出,0.019297,0.238388,0.622139,0.022575,,lockin:lockin::None:10.003568431956552:6:4:binary:0,lockin,,,10.003568,6
ex_R_8,frame_00000.png,frame_00119.png,,,,0,decode失敗,QR未検出,0.019297,0.238388,0.622139,0.022575,,lockin:lockin::None:10.003568431956552:6:8:binary:0,lockin,,,10.003568,6
ex_R_8,frame_00000.png,frame_00119.png,,,,0,decode失敗,QR未検出,0.019297,0.238388,0.622139,0.022575,,lockin:lockin::None:10.003568431956552:6:16:binary:0,lockin,,,10.003568,6
ex_R_8,frame_00000.png,frame_00119.png,,,,0,decode失敗,QR未検出,0.026228,0.221579,0.613599,0.041527,,lockin:lockin::None:10.003568431956552:8:4:binary:0,lockin,,,10.003568,8
ex_R_8,frame_00000.png,frame_00119.png,,,,0,decode失敗,QR未検出,0.026228,0.221579,0.613599,0.041527,,lockin:lockin::None:10.003568431956552:8:8:binary:0,lockin,,,10.003568,8
ex_R_8,frame_00000.png,frame_00119.png,,,,0,decode失敗,QR未検出,0.026228,0.221579,0.613599,0.041527,,lockin:lockin::None:10.003568431956552:8:16:binary:0,lockin,,,10.003568,8
ex_R_8,frame_00000.png,frame_00119.png,ex_R_8/rgb_max_lockin_f300_ps8_th10/00000-00119-FRAME_rgbmax_scale1.00.png,,,0,decode失敗,QR未検出,0.039134,0.211069,0.598653,0.073985,,lockin:lockin::None:10.003568431956552:10:4:binary:0,lockin,,,10.003568,10
ex_R_8,frame_00000.png,frame_00119.png,ex_R_8/rgb_max_lockin_f300_ps8_th10/00000-00119-FRAME_rgbmax_scale1.00.png,,,0,decode失敗,QR未検出,0.039134,0.211069,0.598653,0.073985,,lockin:lockin::None:10.003568431956552:10:8:binary:0,lockin,,,10.003568,10
ex_R_8,frame_00000.png,frame_00119.png,ex_R_8/rgb_max_lockin_f300_ps8_th10/00000-00119-FRAME_rgbmax_scale1.00.png,,,0,decode失敗,QR未検出,0.039134,0.211069,0.598653,0.073985,,lockin:lockin::None:10.003568431956552:10:16:binary:0,lockin,,,10.003568,10
ex_R_8,frame_00000.png,frame_00119.png,ex_R_8/rgb_max_lockin_f300_ps8_th12/00000-00119-FRAME_rgbmax_scale1.00.png,,,0,decode失敗,QR未検出,0.065106,0.209391,0.571981,0.127807,,lockin:lockin::None:10.003568431956552:12:4:binary:0,lockin,,,10.003568,12
ex_R_8,frame_00000.png,frame_00119.png,ex_R_8/rgb_max_lockin_f300_ps8_th12/00000-00119-FRAME_rgbmax_scale1.00.png,,,0,decode失敗,QR未検出,0.065106,0.209391,0.571981,0.127807,,lockin:lockin::None:10.003568431956552:12:8:binary:0,lockin,,,10.003568,12
ex_R_8,frame_00000.png,frame_00119.png,ex_R_8/rgb_max_lockin_f300_ps8_th12/00000-00119-FRAME_rgbmax_scale1.00.png,,,0,decode失敗,QR未検出,0.065106,0.209391,0.571981,0.127807,,lockin:lockin::None:10.003568431956552:12:16:binary:0,lockin,,,10.003568,12
ex_R_8,frame_00000.png,frame_00119.png,,,,0,decode失敗,QR未検出,0.842591,0.429733,0.537604,0.679823,,lockin:lockin::None:10.003568431956552:16:4:binary:0,lockin,,,10.003568,16
ex_R_8,frame_00000.png,frame_00119.png,,,,0,decode失敗,QR未検出,0.842591,0.429729,0.537597,0.679827,,lockin:lockin::None:10.003568431956552:16:8:binary:0,lockin,,,10.003568,16
ex_R_8,frame_00000.png,frame_00119.png,,,,0,decode失敗,QR未検出,0.842591,0.429729,0.537597,0.679827,,lockin:lockin::None:10.003568431956552:16:16:binary:0,lockin,,,10.003568,16
ex_R_8,frame_00000.png,frame_00119.png,,,,0,decode失敗,QR未検出,0.005893,0.272362,0.633922,0.004220,,lockin:lockin::None:14.992863136086896:2:4:binary:0,lockin,,,14.992863,2
ex_R_8,frame_00000.png,frame_00119.png,,,,0,decode失敗,QR未検出,0.005893,0.272362,0.633922,0.004220,,lockin:lockin::None:14.992863136086896:2:8:binary:0,lockin,,,14.992863,2
ex_R_8,frame_00000.png,frame_00119.png,,,,0,decode失敗,QR未検出,0.005893,0.272362,0.633922,0.004220,,lockin:lockin::None:14.992863136086896:2:16:binary:0,lockin,,,14.992863,2
ex_R_8,frame_00000.png,frame_00119.png,,,,0,decode失敗,QR未検出,0.011309,0.262963,0.630102,0.009141,,lockin:lockin::None:14.992863136086896:4:4:binary:0,lockin,,,14.992863,4
ex_R_8,frame_00000.png,frame_00119.png,,,,0,decode失敗,QR未検出,0.011309,0.262963,0.630102,0.009141,,lockin:lockin::None:14.992863136086896:4:8:binary:0,lockin,,,14.992863,4
ex_R_8,frame_00000.png,frame_00119.png,,,,0,decode失敗,QR未検出,0.011309,0.262963,0.630102,0.009141,,lockin:lockin::None:14.992863136086896:4:16:binary:0,lockin,,,14.992863,4
ex_R_8,frame_00000.png,frame_00119.png,,,,0,decode失敗,QR未検出,0.015213,0.235347,0.625089,0.017372,,lockin:lockin::None:14.992863136086896:6:4:binary:0,lockin,,,14.992863,6
ex_R_8,frame_00000.png,frame_00119.png,,,,0,decode失敗,QR未検出,0.015213,0.235347,0.625089,0.017372,,lockin:lockin::None:14.992863136086896:6:8:binary:0,lockin,,,14.992863,6
ex_R_8,frame_00000.png,frame_00119.png,,,,0,decode失敗,QR未検出,0.015213,0.235347,0.625089,0.017372,,lockin:lockin::None:14.992863136086896:6:16:binary:0,lockin,,,14.992863,6
ex_R_8,frame_00000.png,frame_00119.png,,,,0,decode失敗,QR未検出,0.019190,0.214317,0.618946,0.029388,,lockin:lockin::None:14.992863136086896:8:4:binary:0,lockin,,,14.992863,8
ex_R_8,frame_00000.png,frame_00119.png,,,,0,decode失敗,QR未検出,0.019190,0.214317,0.618946,0.029388,,lockin:lockin::None:14.992863136086896:8:8:binary:0,lockin,,,14.992863,8
ex_R_8,frame_00000.png,frame_00119.png,,,,0,decode失敗,QR未検出,0.019190,0.214317,0.618946,0.029388,,lockin:lockin::None:14.992863136086896:8:16:binary:0,lockin,,,14.992863,8
ex_R_8,frame_00000.png,frame_00119.png,ex_R_8/rgb_max_lockin_f300_ps8_th10/00000-00119-FRAME_rgbmax_scale1.00.png,,,0,decode失敗,QR未検出,0.026681,0.209632,0.610698,0.047519,,lockin:lockin::None:14.992863136086896:10:4:binary:0,lockin,,,14.992863,10
ex_R_8,frame_00000.png,frame_00119.png,ex_R_8/rgb_max_lockin_f300_ps8_th10/00000-00119-FRAME_rgbmax_scale1.00.png,,,0,decode失敗,QR未検出,0.026681,0.209632,0.610698,0.047519,,lockin:lockin::None:14.992863136086896:10:8:binary:0,lockin,,,14.992863,10
ex_R_8,frame_00000.png,frame_00119.png,ex_R_8/rgb_max_lockin_f300_ps8_th10/00000-00119-FRAME_rgbmax_scale1.00.png,,,0,decode失敗,QR未検出,0.026681,0.209632,0.610698,0.047519,,lockin:lockin::None:14.992863136086896:10:16:binary:0,lockin,,,14.992863,10
ex_R_8,frame_00000.png,frame_00119.png,ex_R_8/rgb_max_lockin_f300_ps8_th12/00000-00119-FRAME_rgbmax_scale1.00.png,,,0,decode失敗,QR未検出,0.039144,0.211600,0.598813,0.074836,,lockin:lockin::None:14.992863136086896:12:4:binary:0,lockin,,,14.992863,12
ex_R_8,frame_00000.png,frame_00119.png,ex_R_8/rgb_max_lockin_f300_ps8_th12/00000-00119-FRAME_rgbmax_scale1.00.png,,,0,decode失敗,QR未検出,0.039144,0.211600,0.598813,0.074836,,lockin:lockin::None:14.992863136086896:12:8:binary:0,lockin,,,14.992863,12
ex_R_8,frame_00000.png,frame_00119.png,ex_R_8/rgb_max_lockin_f300_ps8_th12/00000-00119-FRAME_rgbmax_scale1.00.png,,,0,decode失敗,QR未検出,0.039144,0.211600,0.598813,0.074836,,lockin:lockin::None:14.992863136086896:12:16:binary:0,lockin,,,14.992863,12
ex_R_8,frame_00000.png,frame_00119.png,,,,0,decode失敗,QR未検出,0.087154,0.200237,0.542898,0.176057,,lockin:lockin::None:14.992863136086896:16:4:binary:0,lockin,,,14.992863,16
ex_R_8,frame_00000.png,frame_00119.png,,,,0,decode失敗,QR未検出,0.087154,0.200237,0.542898,0.176057,,lockin:lockin::None:14.992863136086896:16:8:binary:0,lockin,,,14.992863,16
ex_R_8,frame_00000.png,frame_00119.png,,,,0,decode失敗,QR未検出,0.087154,0.200237,0.542898,0.176057,,lockin:lockin::None:14.992863136086896:16:16:binary:0,lockin,,,14.992863,16
ex_R_8,frame_00000.png,frame_00119.png,,,,0,decode失敗,QR未検出,0.912316,0.434375,0.537562,0.694491,,lockin:lockin::None:29.996431568043448:2:4:binary:0,lockin,,,29.996432,2
ex_R_8,frame_00000.png,frame_00119.png,,,,0,decode失敗,QR未検出,0.912316,0.434375,0.537562,0.694491,,lockin:lockin::None:29.996431568043448:2:8:binary:0,lockin,,,29.996432,2
ex_R_8,frame_00000.png,frame_00119.png,,,,0,decode失敗,QR未検出,0.912316,0.434375,0.537562,0.694491,,lockin:lockin::None:29.996431568043448:2:16:binary:0,lockin,,,29.996432,2
ex_R_8,frame_00000.png,frame_00119.png,,,,0,decode失敗,QR未検出,0.833613,0.656304,0.781431,0.164440,,lockin:lockin::None:29.996431568043448:4:4:binary:0,lockin,,,29.996432,4
ex_R_8,frame_00000.png,frame_00119.png,,,,0,decode失敗,QR未検出,0.833613,0.656304,0.781431,0.164440,,lockin:lockin::None:29.996431568043448:4:8:binary:0,lockin,,,29.996432,4
ex_R_8,frame_00000.png,frame_00119.png,,,,0,decode失敗,QR未検出,0.833613,0.656304,0.781431,0.164440,,lockin:lockin::None:29.996431568043448:4:16:binary:0,lockin,,,29.996432,4
ex_R_8,frame_00000.png,frame_00119.png,,,,0,decode失敗,QR未検出,0.790570,0.734158,0.820305,0.065430,,lockin:lockin::None:29.996431568043448:6:4:binary:0,lockin,,,29.996432,6
ex_R_8,frame_00000.png,frame_00119.png,,,,0,decode失敗,QR未検出,0.790570,0.734158,0.820305,0.065430,,lockin:lockin::None:29.996431568043448:6:8:binary:0,lockin,,,29.996432,6
ex_R_8,frame_00000.png,frame_00119.png,,,,0,decode失敗,QR未検出,0.790570,0.734158,0.820305,0.065430,,lockin:lockin::None:29.996431568043448:6:16:binary:0,lockin,,,29.996432,6
ex_R_8,frame_00000.png,frame_00119.png,,,,0,decode失敗,QR未検出,0.761562,0.772850,0.832424,0.044553,,lockin:lockin::None:29.996431568043448:8:4:binary:0,lockin,,,29.996432,8
ex_R_8,frame_00000.png,frame_00119.png,,,,0,decode失敗,QR未検出,0.761562,0.772850,0.832424,0.044553,,lockin:lockin::None:29.996431568043448:8:8:binary:0,lockin,,,29.996432,8
ex_R_8,frame_00000.png,frame_00119.png,,,,0,decode失敗,QR未検出,0.761562,0.772850,0.832424,0.044553,,lockin:lockin::None:29.996431568043448:8:16:binary:0,lockin,,,29.996432,8
ex_R_8,frame_00000.png,frame_00119.png,ex_R_8/rgb_max_lockin_f300_ps8_th10/00000-00119-FRAME_rgbmax_scale1.00.png,,,0,decode失敗,QR未検出,0.733708,0.798976,0.836547,0.035492,,lockin:lockin::None:29.996431568043448:10:4:binary:0,lockin,,,29.996432,10
ex_R_8,frame_00000.png,frame_00119.png,ex_R_8/rgb_max_lockin_f300_ps8_th10/00000-00119-FRAME_rgbmax_scale1.00.png,,,0,decode失敗,QR未検出,0.733708,0.798976,0.836547,0.035492,,lockin:lockin::None:29.996431568043448:10:8:binary:0,lockin,,,29.996432,10
ex_R_8,frame_00000.png,frame_00119.png,ex_R_8/rgb_max_lockin_f300_ps8_th10/00000-00119-FRAME_rgbmax_scale1.00.png,,,0,decode失敗,QR未検出,0.733708,0.798976,0.836547,0.035492,,lockin:lockin::None:29.996431568043448:10:16:binary:0,lockin,,,29.996432,10
ex_R_8,frame_00000.png,frame_00119.png,ex_R_8/rgb_max_lockin_f300_ps8_th12/00000-00119-FRAME_rgbmax_scale1.00.png,,,0,decode失敗,QR未検出,0.710724,0.816909,0.837391,0.030391,,lockin:lockin::None:29.996431568043448:12:4:binary:0,lockin,,,29.996432,12
ex_R_8,frame_00000.png,frame_00119.png,ex_R_8/rgb_max_lockin_f300_ps8_th12/00000-00119-FRAME_rgbmax_scale1.00.png,,,0,decode失敗,QR未検出,0.710724,0.816909,0.837391,0.030391,,lockin:lockin::None:29.996431568043448:12:8:binary:0,lockin,,,29.996432,12
ex_R_8,frame_00000.png,frame_00119.png,ex_R_8/rgb_max_lockin_f300_ps8_th12/00000-00119-FRAME_rgbmax_scale1.00.png,,,0,decode失敗,QR未検出,0.710724,0.816909,0.837391,0.030391,,lockin:lockin::None:29.996431568043448:12:16:binary:0,lockin,,,29.996432,12
ex_R_8,frame_00000.png,frame_00119.png,,,,0,decode失敗,QR未検出,0.661681,0.841256,0.832095,0.023722,,lockin:lockin::None:29.996431568043448:16:4:binary:0,lockin,,,29.996432,16
ex_R_8,frame_00000.png,frame_00119.png,,,,0,decode失敗,QR未検出,0.661681,0.841256,0.832095,0.023722,,lockin:lockin::None:29.996431568043448:16:8:binary:0,lockin,,,29.996432,16
ex_R_8,frame_00000.png,frame_00119.png,,,,0,decode失敗,QR未検出,0.661681,0.841256,0.832095,0.023722,,lockin:lockin::None:29.996431568043448:16:16:binary:0,lockin,,,29.996432,16
ex_R_12,frame_00000.png,frame_00119.png,,,,0,decode失敗,QR未検出,0.000000,0.000000,0.635767,0.003206,,lockin:lockin::None:10.003568431956552:2:4:binary:0,lockin,,,10.003568,2
ex_R_12,frame_00000.png,frame_00119.png,,,,0,decode失敗,QR未検出,0.000000,0.000000,0.635767,0.003206,,lockin:lockin::None:10.003568431956552:2:8:binary:0,lockin,,,10.003568,2
ex_R_12,frame_00000.png,frame_00119.png,,,,0,decode失敗,QR未検出,0.000000,0.000000,0.635767,0.003206,,lockin:lockin::None:10.003568431956552:2:16:binary:0,lockin,,,10.003568,2
ex_R_12,frame_00000.png,frame_00119.png,,,,0,decode失敗,QR未検出,0.000203,0.006926,0.627030,0.019312,,lockin:lockin::None:10.003568431956552:4:4:binary:0,lockin,,,10.003568,4
ex_R_12,frame_00000.png,frame_00119.png,,,,0,decode失敗,QR未検出,0.000203,0.006926,0.627030,0.019312,,lockin:lockin::None:10.003568431956552:4:8:binary:0,lockin,,,10.003568,4
ex_R_12,frame_00000.png,frame_00119.png,,,,0,decode失敗,QR未検出,0.000203,0.006926,0.627030,0.019312,,lockin:lockin::None:10.003568431956552:4:16:binary:0,lockin,,,10.003568,4
ex_R_12,frame_00000.png,frame_00119.png,,,,0,decode失敗,QR未検出,0.001853,0.027484,0.614390,0.059113,,lockin:lockin::None:10.003568431956552:6:4:binary:0,lockin,,,10.003568,6
ex_R_12,frame_00000.png,frame_00119.png,,,,0,decode失敗,QR未検出,0.001853,0.027484,0.614390,0.059113,,lockin:lockin::None:10.003568431956552:6:8:binary:0,lockin,,,10.003568,6
ex_R_12,frame_00000.png,frame_00119.png,,,,0,decode失敗,QR未検出,0.001853,0.027484,0.614390,0.059113,,lockin:lockin::None:10.003568431956552:6:16:binary:0,lockin,,,10.003568,6
ex_R_12,frame_00000.png,frame_00119.png,,,,0,decode失敗,QR未検出,0.006892,0.046158,0.588360,0.132252,,lockin:lockin::None:10.003568431956552:8:4:binary:0,lockin,,,10.003568,8
ex_R_12,frame_00000.png,frame_00119.png,,,,0,decode失敗,QR未検出,0.006892,0.046158,0.588360,0.132252,,lockin:lockin::None:10.003568431956552:8:8:binary:0,lockin,,,10.003568,8
ex_R_12,frame_00000.png,frame_00119.png,,,,0,decode失敗,QR未検出,0.006892,0.046158,0.588360,0.132252,,lockin:lockin::None:10.003568431956552:8:16:binary:0,lockin,,,10.003568,8
ex_R_12,frame_00000.png,frame_00119.png,,,,0,decode失敗,QR未検出,0.018269,0.059401,0.539250,0.238965,,lockin:lockin::None:10.003568431956552:10:4:binary:0,lockin,,,10.003568,10
ex_R_12,frame_00000.png,frame_00119.png,,,,0,decode失敗,QR未検出,0.018269,0.059401,0.539250,0.238965,,lockin:lockin::None:10.003568431956552:10:8:binary:0,lockin,,,10.003568,10
ex_R_12,frame_00000.png,frame_00119.png,,,,0,decode失敗,QR未検出,0.018269,0.059401,0.539250,0.238965,,lockin:lockin::None:10.003568431956552:10:16:binary:0,lockin,,,10.003568,10
ex_R_12,frame_00000.png,frame_00119.png,ex_R_12/rgb_max_lockin_f300_ps8_th12/00000-00119-FRAME_rgbmax_scale1.00.png,,,0,decode失敗,QR未検出,0.955919,0.435460,0.534775,0.626415,,lockin:lockin::None:10.003568431956552:12:4:binary:0,lockin,,,10.003568,12
ex_R_12,frame_00000.png,frame_00119.png,ex_R_12/rgb_max_lockin_f300_ps8_th12/00000-00119-FRAME_rgbmax_scale1.00.png,,,0,decode失敗,QR未検出,0.955919,0.435460,0.534775,0.626415,,lockin:lockin::None:10.003568431956552:12:8:binary:0,lockin,,,10.003568,12
ex_R_12,frame_00000.png,frame_00119.png,ex_R_12/rgb_max_lockin_f300_ps8_th12/00000-00119-FRAME_rgbmax_scale1.00.png,,,0,decode失敗,QR未検出,0.955919,0.435460,0.534775,0.626420,,lockin:lockin::None:10.003568431956552:12:16:binary:0,lockin,,,10.003568,12
ex_R_12,frame_00000.png,frame_00119.png,ex_R_12/rgb_max_lockin_f300_ps16_th16/00000-00119-FRAME_rgbmax_scale1.00.png,,,0,decode失敗,QR未検出,0.856568,0.532444,0.675335,0.363487,,lockin:lockin::None:10.003568431956552:16:4:binary:0,lockin,,,10.003568,16
ex_R_12,frame_00000.png,frame_00119.png,ex_R_12/rgb_max_lockin_f300_ps16_th16/00000-00119-FRAME_rgbmax_scale1.00.png,,,0,decode失敗,QR未検出,0.856568,0.532444,0.675335,0.363487,,lockin:lockin::None:10.003568431956552:16:8:binary:0,lockin,,,10.003568,16
ex_R_12,frame_00000.png,frame_00119.png,ex_R_12/rgb_max_lockin_f300_ps16_th16/00000-00119-FRAME_rgbmax_scale1.00.png,,,0,decode失敗,QR未検出,0.856568,0.532444,0.675335,0.363487,,lockin:lockin::None:10.003568431956552:16:16:binary:0,lockin,,,10.003568,16
ex_R_12,frame_00000.png,frame_00119.png,,,,0,decode失敗,QR未検出,0.000000,0.000000,0.634522,0.004648,,lockin:lockin::None:14.992863136086896:2:4:binary:0,lockin,,,14.992863,2
ex_R_12,frame_00000.png,frame_00119.png,,,,0,decode失敗,QR未検出,0.000000,0.000000,0.634522,0.004648,,lockin:lockin::None:14.992863136086896:2:8:binary:0,lockin,,,14.992863,2
ex_R_12,frame_00000.png,frame_00119.png,,,,0,decode失敗,QR未検出,0.000000,0.000000,0.634522,0.004648,,lockin:lockin::None:14.992863136086896:2:16:binary:0,lockin,,,14.992863,2
ex_R_12,frame_00000.png,frame_00119.png,,,,0,decode失敗,QR未検出,0.000386,0.010743,0.624743,0.025754,,lockin:lockin::None:14.992863136086896:4:4:binary:0,lockin,,,14.992863,4
ex_R_12,frame_00000.png,frame_00119.png,,,,0,decode失敗,QR未検出,0.000386,0.010743,0.624743,0.025754,,lockin:lockin::None:14.992863136086896:4:8:binary:0,lockin,,,14.992863,4
ex_R_12,frame_00000.png,frame_00119.png,,,,0,decode失敗,QR未検出,0.000386,0.010743,0.624743,0.025754,,lockin:lockin::None:14.992863136086896:4:16:binary:0,lockin,,,14.992863,4
ex_R_12,frame_00000.png,frame_00119.png,,,,0,decode失敗,QR未検出,0.002635,0.034435,0.611661,0.074985,,lockin:lockin::None:14.992863136086896:6:4:binary:0,lockin,,,14.992863,6
ex_R_12,frame_00000.png,frame_00119.png,,,,0,decode失敗,QR未検出,0.002635,0.034435,0.611661,0.074985,,lockin:lockin::None:14.992863136086896:6:8:binary:0,lockin,,,14.992863,6
ex_R_12,frame_00000.png,frame_00119.png,,,,0,decode失敗,QR未検出,0.002635,0.034435,0.611661,0.074985,,lockin:lockin::None:14.992863136086896:6:16:binary:0,lockin,,,14.992863,6
ex_R_12,frame_00000.png,frame_00119.png,,,,0,decode失敗,QR未検出,0.010223,0.053172,0.575210,0.162499,,lockin:lockin::None:14.992863136086896:8:4:binary:0,lockin,,,14.992863,8
ex_R_12,frame_00000.png,frame_00119.png,,,,0,decode失敗,QR未検出,0.010223,0.053172,0.575210,0.162499,,lockin:lockin::None:14.992863136086896:8:8:binary:0,lockin,,,14.992863,8
ex_R_12,frame_00000.png,frame_00119.png,,,,0,decode失敗,QR未検出,0.010223,0.053172,0.575210,0.162499,,lockin:lockin::None:14.992863136086896:8:16:binary:0,lockin,,,14.992863,8
ex_R_12,frame_00000.png,frame_00119.png,,,,0,decode失敗,QR未検出,0.027555,0.068521,0.511693,0.288139,,lockin:lockin::None:14.992863136086896:10:4:binary:0,lockin,,,14.992863,10
ex_R_12,frame_00000.png,frame_00119.png,,,,0,decode失敗,QR未検出,0.027555,0.068521,0.511693,0.288139,,lockin:lockin::None:14.992863136086896:10:8:binary:0,lockin,,,14.992863,10
ex_R_12,frame_00000.png,frame_00119.png,,,,0,decode失敗,QR未検出,0.027555,0.068521,0.511693,0.288139,,lockin:lockin::None:14.992863136086896:10:16:binary:0,lockin,,,14.992863,10
ex_R_12,frame_00000.png,frame_00119.png,ex_R_12/rgb_max_lockin_f300_ps8_th12/00000-00119-FRAME_rgbmax_scale1.00.png,,,0,decode失敗,QR未検出,0.936936,0.455668,0.571404,0.569230,,lockin:lockin::None:14.992863136086896:12:4:binary:0,lockin,,,14.992863,12
ex_R_12,frame_00000.png,frame_00119.png,ex_R_12/rgb_max_lockin_f300_ps8_th12/00000-00119-FRAME_rgbmax_scale1.00.png,,,0,decode失敗,QR未検出,0.936936,0.455668,0.571404,0.569227,,lockin:lockin::None:14.992863136086896:12:8:binary:0,lockin,,,14.992863,12
ex_R_12,frame_00000.png,frame_00119.png,ex_R_12/rgb_max_lockin_f300_ps8_th12/00000-00119-FRAME_rgbmax_scale1.00.png,,,0,decode失敗,QR未検出,0.936936,0.455668,0.571404,0.569227,,lockin:lockin::None:14.992863136086896:12:16:binary:0,lockin,,,14.992863,12
ex_R_12,frame_00000.png,frame_00119.png,ex_R_12/rgb_max_lockin_f300_ps16_th16/00000-00119-FRAME_rgbmax_scale1.00.png,,,0,decode失敗,QR未検出,0.826513,0.560842,0.702500,0.313911,,lockin:lockin::None:14.992863136086896:16:4:binary:0,lockin,,,14.992863,16
ex_R_12,frame_00000.png,frame_00119.png,ex_R_12/rgb_max_lockin_f300_ps16_th16/00000-00119-FRAME_rgbmax_scale1.00.png,,,0,decode失敗,QR未検出,0.826513,0.560842,0.702500,0.313911,,lockin:lockin::None:14.992863136086896:16:8:binary:0,lockin,,,14.992863,16
ex_R_12,frame_00000.png,frame_00119.png,ex_R_12/rgb_max_lockin_f300_ps16_th16/00000-00119-FRAME_rgbmax_scale1.00.png,,,0,decode失敗,QR未検出,0.826513,0.560842,0.702500,0.313911,,lockin:lockin::None:14.992863136086896:16:16:binary:0,lockin,,,14.992863,16
ex_R_12,frame_00000.png,frame_00119.png,,,,0,decode失敗,QR未検出,0.959003,0.678368,0.820311,0.086894,,lockin:lockin::None:29.996431568043448:2:4:binary:0,lockin,,,29.996432,2
ex_R_12,frame_00000.png,frame_00119.png,,,,0,decode失敗,QR未検出,0.959003,0.678368,0.820311,0.086894,,lockin:lockin::None:29.996431568043448:2:8:binary:0,lockin,,,29.996432,2
ex_R_12,frame_00000.png,frame_00119.png,,,,0,decode失敗,QR未検出,0.959003,0.678368,0.820311,0.086894,,lockin:lockin::None:29.996431568043448:2:16:binary:0,lockin,,,29.996432,2
ex_R_12,frame_00000.png,frame_00119.png,,,,0,decode失敗,QR未検出,0.934967,0.759989,0.869387,0.055874,,lockin:lockin::None:29.996431568043448:4:4:binary:0,lockin,,,29.996432,4
ex_R_12,frame_00000.png,frame_00119.png,,,,0,decode失敗,QR未検出,0.934967,0.759989,0.869387,0.055874,,lockin:lockin::None:29.996431568043448:4:8:binary:0,lockin,,,29.996432,4
ex_R_12,frame_00000.png,frame_00119.png,,,,0,decode失敗,QR未検出,0.934967,0.759989,0.869387,0.055874,,lockin:lockin::None:29.996431568043448:4:16:binary:0,lockin,,,29.996432,4
ex_R_12,frame_00000.png,frame_00119.png,,,,0,decode失敗,QR未検出,0.915448,0.800909,0.886856,0.043060,,lockin:lockin::None:29.996431568043448:6:4:binary:0,lockin,,,29.996432,6
ex_R_12,frame_00000.png,frame_00119.png,,,,0,decode失敗,QR未検出,0.915448,0.800909,0.886856,0.043060,,lockin:lockin::None:29.996431568043448:6:8:binary:0,lockin,,,29.996432,6
ex_R_12,frame_00000.png,frame_00119.png,,,,0,decode失敗,QR未検出,0.915448,0.800909,0.886856,0.043060,,lockin:lockin::None:29.996431568043448:6:16:binary:0,lockin,,,29.996432,6
ex_R_12,frame_00000.png,frame_00119.png,,,,0,decode失敗,QR未検出,0.900688,0.828969,0.896635,0.035162,,lockin:lockin::None:29.996431568043448:8:4:binary:0,lockin,,,29.996432,8
ex_R_12,frame_00000.png,frame_00119.png,,,,0,decode失敗,QR未検出,0.900688,0.828969,0.896635,0.035162,,lockin:lockin::None:29.996431568043448:8:8:binary:0,lockin,,,29.996432,8
ex_R_12,frame_00000.png,frame_00119.png,,,,0,decode失敗,QR未検出,0.900688,0.828969,0.896635,0.035162,,lockin:lockin::None:29.996431568043448:8:16:binary:0,lockin,,,29.996432,8
ex_R_12,frame_00000.png,frame_00119.png,,,,0,decode失敗,QR未検出,0.887179,0.849592,0.902165,0.029719,,lockin:lockin::None:29.996431568043448:10:4:binary:0,lockin,,,29.996432,10
ex_R_12,frame_00000.png,frame_00119.png,,,,0,decode失敗,QR未検出,0.887179,0.849592,0.902165,0.029719,,lockin:lockin::None:29.996431568043448:10:8:binary:0,lockin,,,29.996432,10
ex_R_12,frame_00000.png,frame_00119.png,,,,0,decode失敗,QR未検出,0.887179,0.849592,0.902165,0.029719,,lockin:lockin::None:29.996431568043448:10:16:binary:0,lockin,,,29.996432,10
ex_R_12,frame_00000.png,frame_00119.png,ex_R_12/rgb_max_lockin_f300_ps8_th12/00000-00119-FRAME_rgbmax_scale1.00.png,,,0,decode失敗,QR未検出,0.873100,0.865497,0.904811,0.025674,,lockin:lockin::None:29.996431568043448:12:4:binary:0,lockin,,,29.996432,12
ex_R_12,frame_00000.png,frame_00119.png,ex_R_12/rgb_max_lockin_f300_ps8_th12/00000-00119-FRAME_rgbmax_scale1.00.png,,,0,decode失敗,QR未検出,0.873100,0.865497,0.904811,0.025674,,lockin:lockin::None:29.996431568043448:12:8:binary:0,lockin,,,29.996432,12
ex_R_12,frame_00000.png,frame_00119.png,ex_R_12/rgb_max_lockin_f300_ps8_th12/00000-00119-FRAME_rgbmax_scale1.00.png,,,0,decode失敗,QR未検出,0.873100,0.865497,0.904811,0.025674,,lockin:lockin::None:29.996431568043448:12:16:binary:0,lockin,,,29.996432,12
ex_R_12,frame_00000.png,frame_00119.png,ex_R_12/rgb_max_lockin_f300_ps16_th16/00000-00119-FRAME_rgbmax_scale1.00.png,,,0,decode失敗,QR未検出,0.849063,0.886721,0.905964,0.020524,,lockin:lockin::None:29.996431568043448:16:4:binary:0,lockin,,,29.996432,16
ex_R_12,frame_00000.png,frame_00119.png,ex_R_12/rgb_max_lockin_f300_ps16_th16/00000-00119-FRAME_rgbmax_scale1.00.png,,,0,decode失敗,QR未検出,0.849063,0.886721,0.905964,0.020524,,lockin:lockin::None:29.996431568043448:16:8:binary:0,lockin,,,29.996432,16
ex_R_12,frame_00000.png,frame_00119.png,ex_R_12/rgb_max_lockin_f300_ps16_th16/00000-00119-FRAME_rgbmax_scale1.00.png,,,0,decode失敗,QR未検出,0.849063,0.886721,0.905964,0.020524,,lockin:lockin::None:29.996431568043448:16:16:binary:0,lockin,,,29.996432,16
rice_G_4,frame_00000.png,frame_00119.png,,,,0,decode失敗,QR未検出,0.004571,0.160400,0.630476,0.020910,,lockin:lockin::None:10.003568431956552:2:4:binary:0,lockin,,,10.003568,2
rice_G_4,frame_00000.png,frame_00119.png,,,,0,decode失敗,QR未検出,0.004571,0.160400,0.630476,0.020910,,lockin:lockin::None:10.003568431956552:2:8:binary:0,lockin,,,10.003568,2
rice_G_4,frame_00000.png,frame_00119.png,,,,0,decode失敗,QR未検出,0.004571,0.160400,0.630476,0.020910,,lockin:lockin::None:10.003568431956552:2:16:binary:0,lockin,,,10.003568,2
rice_G_4,frame_00000.png,frame_00119.png,,,,0,decode失敗,QR未検出,0.040326,0.238476,0.605430,0.109135,,lockin:lockin::None:10.003568431956552:4:4:binary:0,lockin,,,10.003568,4
rice_G_4,frame_00000.png,frame_00119.png,,,,0,decode失敗,QR未検出,0.040326,0.238476,0.605430,0.109135,,lockin:lockin::None:10.003568431956552:4:8:binary:0,lockin,,,10.003568,4
rice_G_4,frame_00000.png,frame_00119.png,,,,0,decode失敗,QR未検出,0.040326,0.238476,0.605430,0.109135,,lockin:lockin::None:10.003568431956552:4:16:binary:0,lockin,,,10.003568,4
rice_G_4,frame_00000.png,frame_00119.png,,,,0,decode失敗,QR未検出,0.081825,0.254385,0.580214,0.207476,,lockin:lockin::None:10.003568431956552:6:4:binary:0,lockin,,,10.003568,6
rice_G_4,frame_00000.png,frame_00119.png,,,,0,decode失敗,QR未検出,0.081825,0.254385,0.580214,0.207476,,lockin:lockin::None:10.003568431956552:6:8:binary:0,lockin,,,10.003568,6
rice_G_4,frame_00000.png,frame_00119.png,,,,0,decode失敗,QR未検出,0.081825,0.254385,0.580214,0.207476,,lockin:lockin::None:10.003568431956552:6:16:binary:0,lockin,,,10.003568,6
rice_G_4,frame_00000.png,frame_00119.png,,,,0,decode失敗,QR未検出,0.150058,0.234406,0.514223,0.317125,,lockin:lockin::None:10.003568431956552:8:4:binary:0,lockin,,,10.003568,8
rice_G_4,frame_00000.png,frame_00119.png,,,,0,decode失敗,QR未検出,0.150058,0.234406,0.514223,0.317125,,lockin:lockin::None:10.003568431956552:8:8:binary:0,lockin,,,10.003568,8
rice_G_4,frame_00000.png,frame_00119.png,,,,0,decode失敗,QR未検出,0.150058,0.234406,0.514223,0.317125,,lockin:lockin::None:10.003568431956552:8:16:binary:0,lockin,,,10.003568,8
rice_G_4,frame_00000.png,frame_00119.png,,,,0,decode失敗,QR未検出,0.729364,0.433904,0.556941,0.560966,,lockin:lockin::None:10.003568431956552:10:4:binary:0,lockin,,,10.003568,10
rice_G_4,frame_00000.png,frame_00119.png,,,,0,decode失敗,QR未検出,0.729364,0.433904,0.556941,0.560966,,lockin:lockin::None:10.003568431956552:10:8:binary:0,lockin,,,10.003568,10
rice_G_4,frame_00000.png,frame_00119.png,,,,0,decode失敗,QR未検出,0.729364,0.433904,0.556941,0.560966,,lockin:lockin::None:10.003568431956552:10:16:binary:0,lockin,,,10.003568,10
rice_G_4,frame_00000.png,frame_00119.png,rice_G_4/rgb_max_lockin_f300_ps16_th12/00000-00119-FRAME_rgbmax_scale1.00.png,,,0,decode失敗,QR未検出,0.567973,0.451136,0.592890,0.442075,,lockin:lockin::None:10.003568431956552:12:4:binary:0,lockin,,,10.003568,12
rice_G_4,frame_00000.png,frame_00119.png,rice_G_4/rgb_max_lockin_f300_ps16_th12/00000-00119-FRAME_rgbmax_scale1.00.png,,,0,decode失敗,QR未検出,0.567973,0.451136,0.592890,0.442075,,lockin:lockin::None:10.003568431956552:12:8:binary:0,lockin,,,10.003568,12
rice_G_4,frame_00000.png,frame_00119.png,rice_G_4/rgb_max_lockin_f300_ps16_th12/00000-00119-FRAME_rgbmax_scale1.00.png,,,0,decode失敗,QR未検出,0.567973,0.451136,0.592890,0.442075,,lockin:lockin::None:10.003568431956552:12:16:binary:0,lockin,,,10.003568,12
rice_G_4,frame_00000.png,frame_00119.png,,,,0,decode失敗,QR未検出,0.299513,0.462510,0.619891,0.250585,,lockin:lockin::None:10.003568431956552:16:4:binary:0,lockin,,,10.003568,16
rice_G_4,frame_00000.png,frame_00119.png,,,,0,decode失敗,QR未検出,0.299513,0.462510,0.619891,0.250585,,lockin:lockin::None:10.003568431956552:16:8:binary:0,lockin,,,10.003568,16
rice_G_4,frame_00000.png,frame_00119.png,,,,0,decode失敗,QR未検出,0.299513,0.462510,0.619891,0.250585,,lockin:lockin::None:10.003568431956552:16:16:binary:0,lockin,,,10.003568,16
rice_G_4,frame_00000.png,frame_00119.png,,,,0,decode失敗,QR未検出,0.004218,0.144654,0.629980,0.021847,,lockin:lockin::None:14.992863136086896:2:4:binary:0,lockin,,,14.992863,2
rice_G_4,frame_00000.png,frame_00119.png,,,,0,decode失敗,QR未検出,0.004218,0.144654,0.629980,0.021847,,lockin:lockin::None:14.992863136086896:2:8:binary:0,lockin,,,14.992863,2
rice_G_4,frame_00000.png,frame_00119.png,,,,0,decode失敗,QR未検出,0.004218,0.144654,0.629980,0.021847,,lockin:lockin::None:14.992863136086896:2:16:binary:0,lockin,,,14.992863,2
rice_G_4,frame_00000.png,frame_00119.png,,,,0,decode失敗,QR未検出,0.039288,0.240821,0.606837,0.108879,,lockin:lockin::None:14.992863136086896:4:4:binary:0,lockin,,,14.992863,4
rice_G_4,frame_00000.png,frame_00119.png,,,,0,decode失敗,QR未検出,0.039288,0.240821,0.606837,0.108879,,lockin:lockin::None:14.992863136086896:4:8:binary:0,lockin,,,14.992863,4
rice_G_4,frame_00000.png,frame_00119.png,,,,0,decode失敗,QR未検出,0.039288,0.240821,0.606837,0.108879,,lockin:lockin::None:14.992863136086896:4:16:binary:0,lockin,,,14.992863,4
rice_G_4,frame_00000.png,frame_00119.png,,,,0,decode失敗,QR未検出,0.075584,0.242287,0.579204,0.209489,,lockin:lockin::None:14.992863136086896:6:4:binary:0,lockin,,,14.992863,6
rice_G_4,frame_00000.png,frame_00119.png,,,,0,decode失敗,QR未検出,0.075584,0.242287,0.579204,0.209489,,lockin:lockin::None:14.992863136086896:6:8:binary:0,lockin,,,14.992863,6
rice_G_4,frame_00000.png,frame_00119.png,,,,0,decode失敗,QR未検出,0.075584,0.242287,0.579204,0.209489,,lockin:lockin::None:14.992863136086896:6:16:binary:0,lockin,,,14.992863,6
rice_G_4,frame_00000.png,frame_00119.png,,,,0,decode失敗,QR未検出,0.139479,0.234311,0.522826,0.311815,,lockin:lockin::None:14.992863136086896:8:4:binary:0,lockin,,,14.992863,8
rice_G_4,frame_00000.png,frame_00119.png,,,,0,decode失敗,QR未検出,0.139479,0.234311,0.522826,0.311814,,lockin:lockin::None:14.992863136086896:8:8:binary:0,lockin,,,14.992863,8
rice_G_4,frame_00000.png,frame_00119.png,,,,0,decode失敗,QR未検出,0.139479,0.234311,0.522826,0.311814,,lockin:lockin::None:14.992863136086896:8:16:binary:0,lockin,,,14.992863,8
rice_G_4,frame_00000.png,frame_00119.png,,,,0,decode失敗,QR未検出,0.753854,0.427993,0.545539,0.575052,,lockin:lockin::None:14.992863136086896:10:4:binary:0,lockin,,,14.992863,10
rice_G_4,frame_00000.png,frame_00119.png,,,,0,decode失敗,QR未検出,0.753854,0.427993,0.545539,0.575052,,lockin:lockin::None:14.992863136086896:10:8:binary:0,lockin,,,14.992863,10
rice_G_4,frame_00000.png,frame_00119.png,,,,0,decode失敗,QR未検出,0.753854,0.427993,0.545539,0.575052,,lockin:lockin::None:14.992863136086896:10:16:binary:0,lockin,,,14.992863,10
rice_G_4,frame_00000.png,frame_00119.png,rice_G_4/rgb_max_lockin_f300_ps16_th12/00000-00119-FRAME_rgbmax_scale1.00.png,,,0,decode失敗,QR未検出,0.616132,0.453024,0.591172,0.460883,,lockin:lockin::None:14.992863136086896:12:4:binary:0,lockin,,,14.992863,12
rice_G_4,frame_00000.png,frame_00119.png,rice_G_4/rgb_max_lockin_f300_ps16_th12/00000-00119-FRAME_rgbmax_scale1.00.png,,,0,decode失敗,QR未検出,0.616132,0.453024,0.591172,0.460883,,lockin:lockin::None:14.992863136086896:12:8:binary:0,lockin,,,14.992863,12
rice_G_4,frame_00000.png,frame_00119.png,rice_G_4/rgb_max_lockin_f300_ps16_th12/00000-00119-FRAME_rgbmax_scale1.00.png,,,0,decode失敗,QR未検出,0.616132,0.453024,0.591172,0.460883,,lockin:lockin::None:14.992863136086896:12:16:binary:0,lockin,,,14.992863,12
rice_G_4,frame_00000.png,frame_00119.png,,,,0,decode失敗,QR未検出,0.339405,0.457702,0.614752,0.275077,,lockin:lockin::None:14.992863136086896:16:4:binary:0,lockin,,,14.992863,16
rice_G_4,frame_00000.png,frame_00119.png,,,,0,decode失敗,QR未検出,0.339405,0.457699,0.614750,0.275078,,lockin:lockin::None:14.992863136086896:16:8:binary:0,lockin,,,14.992863,16
rice_G_4,frame_00000.png,frame_00119.png,,,,0,decode失敗,QR未検出,0.339405,0.457699,0.614750,0.275078,,lockin:lockin::None:14.992863136086896:16:16:binary:0,lockin,,,14.992863,16
rice_G_4,frame_00000.png,frame_00119.png,,,,0,decode失敗,QR未検出,0.031329,0.189225,0.600188,0.128994,,lockin:lockin::None:29.996431568043448:2:4:binary:0,lockin,,,29.996432,2
rice_G_4,frame_00000.png,frame_00119.png,,,,0,decode失敗,QR未検出,0.031329,0.189225,0.600188,0.128994,,lockin:lockin::None:29.996431568043448:2:8:binary:0,lockin,,,29.996432,2
rice_G_4,frame_00000.png,frame_00119.png,,,,0,decode失敗,QR未検出,0.031329,0.189225,0.600188,0.128994,,lockin:lockin::None:29.996431568043448:2:16:binary:0,lockin,,,29.996432,2
rice_G_4,frame_00000.png,frame_00119.png,,,,0,decode失敗,QR未検出,0.121104,0.199328,0.505050,0.338040,,lockin:lockin::None:29.996431568043448:4:4:binary:0,lockin,,,29.996432,4
rice_G_4,frame_00000.png,frame_00119.png,,,,0,decode失敗,QR未検出,0.121104,0.199328,0.505050,0.338040,,lockin:lockin::None:29.996431568043448:4:8:binary:0,lockin,,,29.996432,4
rice_G_4,frame_00000.png,frame_00119.png,,,,0,decode失敗,QR未検出,0.121104,0.199328,0.505050,0.338040,,lockin:lockin::None:29.996431568043448:4:16:binary:0,lockin,,,29.996432,4
rice_G_4,frame_00000.png,frame_00119.png,,,,0,decode失敗,QR未検出,0.749462,0.467770,0.600053,0.466119,,lockin:lockin::None:29.996431568043448:6:4:binary:0,lockin,,,29.996432,6
rice_G_4,frame_00000.png,frame_00119.png,,,,0,decode失敗,QR未検出,0.749462,0.467770,0.600053,0.466119,,lockin:lockin::None:29.996431568043448:6:8:binary:0,lockin,,,29.996432,6
rice_G_4,frame_00000.png,frame_00119.png,,,,0,decode失敗,QR未検出,0.749462,0.467770,0.600053,0.466119,,lockin:lockin::None:29.996431568043448:6:16:binary:0,lockin,,,29.996432,6
rice_G_4,frame_00000.png,frame_00119.png,,,,0,decode失敗,QR未検出,0.581714,0.526455,0.658686,0.293945,,lockin:lockin::None:29.996431568043448:8:4:binary:0,lockin,,,29.996432,8
rice_G_4,frame_00000.png,frame_00119.png,,,,0,decode失敗,QR未検出,0.581714,0.526455,0.658686,0.293945,,lockin:lockin::None:29.996431568043448:8:8:binary:0,lockin,,,29.996432,8
rice_G_4,frame_00000.png,frame_00119.png,,,,0,decode失敗,QR未検出,0.581714,0.526455,0.658686,0.293945,,lockin:lockin::None:29.996431568043448:8:16:binary:0,lockin,,,29.996432,8
rice_G_4,frame_00000.png,frame_00119.png,,,,0,decode失敗,QR未検出,0.441352,0.566425,0.675018,0.193896,,lockin:lockin::None:29.996431568043448:10:4:binary:0,lockin,,,29.996432,10
rice_G_4,frame_00000.png,frame_00119.png,,,,0,decode失敗,QR未検出,0.441352,0.566425,0.675018,0.193896,,lockin:lockin::None:29.996431568043448:10:8:binary:0,lockin,,,29.996432,10
rice_G_4,frame_00000.png,frame_00119.png,,,,0,decode失敗,QR未検出,0.441352,0.566425,0.675018,0.193896,,lockin:lockin::None:29.996431568043448:10:16:binary:0,lockin,,,29.996432,10
rice_G_4,frame_00000.png,frame_00119.png,rice_G_4/rgb_max_lockin_f300_ps16_th12/00000-00119-FRAME_rgbmax_scale1.00.png,,,0,decode失敗,QR未検出,0.320142,0.596505,0.675044,0.130113,,lockin:lockin::None:29.996431568043448:12:4:binary:0,lockin,,,29.996432,12
rice_G_4,frame_00000.png,frame_00119.png,rice_G_4/rgb_max_lockin_f300_ps16_th12/00000-00119-FRAME_rgbmax_scale1.00.png,,,0,decode失敗,QR未検出,0.320142,0.596505,0.675044,0.130113,,lockin:lockin::None:29.996431568043448:12:8:binary:0,lockin,,,29.996432,12
rice_G_4,frame_00000.png,frame_00119.png,rice_G_4/rgb_max_lockin_f300_ps16_th12/00000-00119-FRAME_rgbmax_scale1.00.png,,,0,decode失敗,QR未検出,0.320142,0.596505,0.675044,0.130113,,lockin:lockin::None:29.996431568043448:12:16:binary:0,lockin,,,29.996432,12
rice_G_4,frame_00000.png,frame_00119.png,,,,0,decode失敗,QR未検出,0.183125,0.635964,0.665878,0.070803,,lockin:lockin::None:29.996431568043448:16:4:binary:0,lockin,,,29.996432,16
rice_G_4,frame_00000.png,frame_00119.png,,,,0,decode失敗,QR未検出,0.183125,0.635964,0.665878,0.070803,,lockin:lockin::None:29.996431568043448:16:8:binary:0,lockin,,,29.996432,16
rice_G_4,frame_00000.png,frame_00119.png,,,,0,decode失敗,QR未検出,0.183125,0.635964,0.665878,0.070803,,lockin:lockin::None:29.996431568043448:16:16:binary:0,lockin,,,29.996432,16
rice_G_8,frame_00000.png,frame_00119.png,,,,0,decode失敗,QR未検出,0.003287,0.142678,0.631525,0.020842,,lockin:lockin::None:10.003568431956552:2:4:binary:0,lockin,,,10.003568,2
rice_G_8,frame_00000.png,frame_00119.png,,,,0,decode失敗,QR未検出,0.003287,0.142678,0.631525,0.020842,,lockin:lockin::None:10.003568431956552:2:8:binary:0,lockin,,,10.003568,2
rice_G_8,frame_00000.png,frame_00119.png,,,,0,decode失敗,QR未検出,0.003287,0.142678,0.631525,0.020842,,lockin:lockin::None:10.003568431956552:2:16:binary:0,lockin,,,10.003568,2
rice_G_8,frame_00000.png,frame_00119.png,,,,0,decode失敗,QR未検出,0.027623,0.193993,0.605902,0.099273,,lockin:lockin::None:10.003568431956552:4:4:binary:0,lockin,,,10.003568,4
rice_G_8,frame_00000.png,frame_00119.png,,,,0,decode失敗,QR未検出,0.027623,0.193993,0.605902,0.099273,,lockin:lockin::None:10.003568431956552:4:8:binary:0,lockin,,,10.003568,4
rice_G_8,frame_00000.png,frame_00119.png,,,,0,decode失敗,QR未検出,0.027623,0.193993,0.605902,0.099273,,lockin:lockin::None:10.003568431956552:4:16:binary:0,lockin,,,10.003568,4
rice_G_8,frame_00000.png,frame_00119.png,,,,0,decode失敗,QR未検出,0.064034,0.202389,0.569224,0.210208,,lockin:lockin::None:10.003568431956552:6:4:binary:0,lockin,,,10.003568,6
rice_G_8,frame_00000.png,frame_00119.png,,,,0,decode失敗,QR未検出,0.064034,0.202389,0.569224,0.210208,,lockin:lockin::None:10.003568431956552:6:8:binary:0,lockin,,,10.003568,6
rice_G_8,frame_00000.png,frame_00119.png,,,,0,decode失敗,QR未検出,0.064034,0.202389,0.569224,0.210208,,lockin:lockin::None:10.003568431956552:6:16:binary:0,lockin,,,10.003568,6
rice_G_8,frame_00000.png,frame_00119.png,,,,0,decode失敗,QR未検出,0.124965,0.208154,0.510463,0.320046,,lockin:lockin::None:10.003568431956552:8:4:binary:0,lockin,,,10.003568,8
rice_G_8,frame_00000.png,frame_00119.png,,,,0,decode失敗,QR未検出,0.124965,0.208154,0.510463,0.320046,,lockin:lockin::None:10.003568431956552:8:8:binary:0,lockin,,,10.003568,8
rice_G_8,frame_00000.png,frame_00119.png,,,,0,decode失敗,QR未検出,0.124965,0.208154,0.510463,0.320046,,lockin:lockin::None:10.003568431956552:8:16:binary:0,lockin,,,10.003568,8
rice_G_8,frame_00000.png,frame_00119.png,,,,0,decode失敗,QR未検出,0.807323,0.446124,0.566806,0.559571,,lockin:lockin::None:10.003568431956552:10:4:binary:0,lockin,,,10.003568,10
rice_G_8,frame_00000.png,frame_00119.png,,,,0,decode失敗,QR未検出,0.807323,0.446124,0.566806,0.559571,,lockin:lockin::None:10.003568431956552:10:8:binary:0,lockin,,,10.003568,10
rice_G_8,frame_00000.png,frame_00119.png,,,,0,decode失敗,QR未検出,0.807323,0.446124,0.566806,0.559571,,lockin:lockin::None:10.003568431956552:10:16:binary:0,lockin,,,10.003568,10
rice_G_8,frame_00000.png,frame_00119.png,rice_G_8/rgb_max_lockin_f300_ps16_th12/00000-00119-FRAME_rgbmax_scale1.00.png,,,0,decode失敗,QR未検出,0.738872,0.492069,0.628858,0.442816,,lockin:lockin::None:10.003568431956552:12:4:binary:0,lockin,,,10.003568,12
rice_G_8,frame_00000.png,frame_00119.png,rice_G_8/rgb_max_lockin_f300_ps16_th12/00000-00119-FRAME_rgbmax_scale1.00.png,,,0,decode失敗,QR未検出,0.738872,0.492069,0.628858,0.442816,,lockin:lockin::None:10.003568431956552:12:8:binary:0,lockin,,,10.003568,12
rice_G_8,frame_00000.png,frame_00119.png,rice_G_8/rgb_max_lockin_f300_ps16_th12/00000-00119-FRAME_rgbmax_scale1.00.png,,,0,decode失敗,QR未検出,0.738872,0.492069,0.628858,0.442816,,lockin:lockin::None:10.003568431956552:12:16:binary:0,lockin,,,10.003568,12
rice_G_8,frame_00000.png,frame_00119.png,rice_G_8/rgb_max_lockin_f300_ps16_th16/00000-00119-FRAME_rgbmax_scale1.00.png,,,0,decode失敗,QR未検出,0.601532,0.589513,0.703714,0.255269,,lockin:lockin::None:10.003568431956552:16:4:binary:0,lockin,,,10.003568,16
rice_G_8,frame_00000.png,frame_00119.png,rice_G_8/rgb_max_lockin_f300_ps16_th16/00000-00119-FRAME_rgbmax_scale1.00.png,,,0,decode失敗,QR未検出,0.601532,0.589513,0.703714,0.255269,,lockin:lockin::None:10.003568431956552:16:8:binary:0,lockin,,,10.003568,16
rice_G_8,frame_00000.png,frame_00119.png,rice_G_8/rgb_max_lockin_f300_ps16_th16/00000-00119-FRAME_rgbmax_scale1.00.png,,,0,decode失敗,QR未検出,0.601532,0.589513,0.703714,0.255269,,lockin:lockin::None:10.003568431956552:16:16:binary:0,lockin,,,10.003568,16
rice_G_8,frame_00000.png,frame_00119.png,,,,0,decode失敗,QR未検出,0.001733,0.080874,0.630982,0.021571,,lockin:lockin::None:14.992863136086896:2:4:binary:0,lockin,,,14.992863,2
rice_G_8,frame_00000.png,frame_00119.png,,,,0,decode失敗,QR未検出,0.001733,0.080874,0.630982,0.021571,,lockin:lockin::None:14.992863136086896:2:8:binary:0,lockin,,,14.992863,2
rice_G_8,frame_00000.png,frame_00119.png,,,,0,decode失敗,QR未検出,0.001733,0.080874,0.630982,0.021571,,lockin:lockin::None:14.992863136086896:2:16:binary:0,lockin,,,14.992863,2
rice_G_8,frame_00000.png,frame_00119.png,,,,0,decode失敗,QR未検出,0.028535,0.191457,0.604153,0.106133,,lockin:lockin::None:14.992863136086896:4:4:binary:0,lockin,,,14.992863,4
rice_G_8,frame_00000.png,frame_00119.png,,,,0,decode失敗,QR未検出,0.028535,0.191457,0.604153,0.106133,,lockin:lockin::None:14.992863136086896:4:8:binary:0,lockin,,,14.992863,4
rice_G_8,frame_00000.png,frame_00119.png,,,,0,decode失敗,QR未検出,0.028535,0.191457,0.604153,0.106133,,lockin:lockin::None:14.992863136086896:4:16:binary:0,lockin,,,14.992863,4
rice_G_8,frame_00000.png,frame_00119.png,,,,0,decode失敗,QR未検出,0.063436,0.209637,0.573791,0.213153,,lockin:lockin::None:14.992863136086896:6:4:binary:0,lockin,,,14.992863,6
rice_G_8,frame_00000.png,frame_00119.png,,,,0,decode失敗,QR未検出,0.063436,0.209637,0.573791,0.213153,,lockin:lockin::None:14.992863136086896:6:8:binary:0,lockin,,,14.992863,6
rice_G_8,frame_00000.png,frame_00119.png,,,,0,decode失敗,QR未検出,0.063436,0.209637,0.573791,0.213153,,lockin:lockin::None:14.992863136086896:6:16:binary:0,lockin,,,14.992863,6
rice_G_8,frame_00000.png,frame_00119.png,,,,0,decode失敗,QR未検出,0.118435,0.211984,0.520828,0.313919,,lockin:lockin::None:14.992863136086896:8:4:binary:0,lockin,,,14.992863,8
rice_G_8,frame_00000.png,frame_00119.png,,,,0,decode失敗,QR未検出,0.118435,0.211984,0.520828,0.313919,,lockin:lockin::None:14.992863136086896:8:8:binary:0,lockin,,,14.992863,8
rice_G_8,frame_00000.png,frame_00119.png,,,,0,decode失敗,QR未検出,0.118435,0.211984,0.520828,0.313919,,lockin:lockin::None:14.992863136086896:8:16:binary:0,lockin,,,14.992863,8
rice_G_8,frame_00000.png,frame_00119.png,,,,0,decode失敗,QR未検出,0.813568,0.433664,0.547266,0.580215,,lockin:lockin::None:14.992863136086896:10:4:binary:0,lockin,,,14.992863,10
rice_G_8,frame_00000.png,frame_00119.png,,,,0,decode失敗,QR未検出,0.813568,0.433664,0.547266,0.580215,,lockin:lockin::None:14.992863136086896:10:8:binary:0,lockin,,,14.992863,10
rice_G_8,frame_00000.png,frame_00119.png,,,,0,decode失敗,QR未検出,0.813568,0.433664,0.547266,0.580215,,lockin:lockin::None:14.992863136086896:10:16:binary:0,lockin,,,14.992863,10
rice_G_8,frame_00000.png,frame_00119.png,rice_G_8/rgb_max_lockin_f300_ps16_th12/00000-00119-FRAME_rgbmax_scale1.00.png,,,0,decode失敗,QR未検出,0.747647,0.475469,0.609526,0.470362,,lockin:lockin::None:14.992863136086896:12:4:binary:0,lockin,,,14.992863,12
rice_G_8,frame_00000.png,frame_00119.png,rice_G_8/rgb_max_lockin_f300_ps16_th12/00000-00119-FRAME_rgbmax_scale1.00.png,,,0,decode失敗,QR未検出,0.747647,0.475467,0.609524,0.470363,,lockin:lockin::None:14.992863136086896:12:8:binary:0,lockin,,,14.992863,12
rice_G_8,frame_00000.png,frame_00119.png,rice_G_8/rgb_max_lockin_f300_ps16_th12/00000-00119-FRAME_rgbmax_scale1.00.png,,,0,decode失敗,QR未検出,0.747647,0.475458,0.609514,0.470368,,lockin:lockin::None:14.992863136086896:12:16:binary:0,lockin,,,14.992863,12
rice_G_8,frame_00000.png,frame_00119.png,rice_G_8/rgb_max_lockin_f300_ps16_th16/00000-00119-FRAME_rgbmax_scale1.00.png,,,0,decode失敗,QR未検出,0.631770,0.567818,0.692200,0.288026,,lockin:lockin::None:14.992863136086896:16:4:binary:0,lockin,,,14.992863,16
rice_G_8,frame_00000.png,frame_00119.png,rice_G_8/rgb_max_lockin_f300_ps16_th16/00000-00119-FRAME_rgbmax_scale1.00.png,,,0,decode失敗,QR未検出,0.631770,0.567818,0.692200,0.288026,,lockin:lockin::None:14.992863136086896:16:8:binary:0,lockin,,,14.992863,16
rice_G_8,frame_00000.png,frame_00119.png,rice_G_8/rgb_max_lockin_f300_ps16_th16/00000-00119-FRAME_rgbmax_scale1.00.png,,,0,decode失敗,QR未検出,0.631770,0.567818,0.692200,0.288026,,lockin:lockin::None:14.992863136086896:16:16:binary:0,lockin,,,14.992863,16
rice_G_8,frame_00000.png,frame_00119.png,,,,0,decode失敗,QR未検出,0.074431,0.158473,0.521196,0.297059,,lockin:lockin::None:29.996431568043448:2:4:binary:0,lockin,,,29.996432,2
rice_G_8,frame_00000.png,frame_00119.png,,,,0,decode失敗,QR未検出,0.074431,0.158473,0.521196,0.297059,,lockin:lockin::None:29.996431568043448:2:8:binary:0,lockin,,,29.996432,2
rice_G_8,frame_00000.png,frame_00119.png,,,,0,decode失敗,QR未検出,0.074431,0.158473,0.521196,0.297059,,lockin:lockin::None:29.996431568043448:2:16:binary:0,lockin,,,29.996432,2
rice_G_8,frame_00000.png,frame_00119.png,,,,0,decode失敗,QR未検出,0.787790,0.531686,0.671531,0.349441,,lockin:lockin::None:29.996431568043448:4:4:binary:0,lockin,,,29.996432,4
rice_G_8,frame_00000.png,frame_00119.png,,,,0,decode失敗,QR未検出,0.787790,0.531686,0.671531,0.349441,,lockin:lockin::None:29.996431568043448:4:8:binary:0,lockin,,,29.996432,4
rice_G_8,frame_00000.png,frame_00119.png,,,,0,decode失敗,QR未検出,0.787790,0.531686,0.671531,0.349441,,lockin:lockin::None:29.996431568043448:4:16:binary:0,lockin,,,29.996432,4
rice_G_8,frame_00000.png,frame_00119.png,,,,0,decode失敗,QR未検出,0.700892,0.619846,0.735744,0.182516,,lockin:lockin::None:29.996431568043448:6:4:binary:0,lockin,,,29.996432,6
rice_G_8,frame_00000.png,frame_00119.png,,,,0,decode失敗,QR未検出,0.700892,0.619846,0.735744,0.182516,,lockin:lockin::None:29.996431568043448:6:8:binary:0,lockin,,,29.996432,6
rice_G_8,frame_00000.png,frame_00119.png,,,,0,decode失敗,QR未検出,0.700892,0.619846,0.735744,0.182516,,lockin:lockin::None:29.996431568043448:6:16:binary:0,lockin,,,29.996432,6
rice_G_8,frame_00000.png,frame_00119.png,,,,0,decode失敗,QR未検出,0.642080,0.683484,0.762463,0.116029,,lockin:lockin::None:29.996431568043448:8:4:binary:0,lockin,,,29.996432,8
rice_G_8,frame_00000.png,frame_00119.png,,,,0,decode失敗,QR未検出,0.642080,0.683484,0.762463,0.116029,,lockin:lockin::None:29.996431568043448:8:8:binary:0,lockin,,,29.996432,8
rice_G_8,frame_00000.png,frame_00119.png,,,,0,decode失敗,QR未検出,0.642080,0.683484,0.762463,0.116029,,lockin:lockin::None:29.996431568043448:8:16:binary:0,lockin,,,29.996432,8
rice_G_8,frame_00000.png,frame_00119.png,,,,0,decode失敗,QR未検出,0.593520,0.738699,0.776541,0.079231,,lockin:lockin::None:29.996431568043448:10:4:binary:0,lockin,,,29.996432,10
rice_G_8,frame_00000.png,frame_00119.png,,,,0,decode失敗,QR未検出,0.593520,0.738699,0.776541,0.079231,,lockin:lockin::None:29.996431568043448:10:8:binary:0,lockin,,,29.996432,10
rice_G_8,frame_00000.png,frame_00119.png,,,,0,decode失敗,QR未検出,0.593520,0.738699,0.776541,0.079231,,lockin:lockin::None:29.996431568043448:10:16:binary:0,lockin,,,29.996432,10
rice_G_8,frame_00000.png,frame_00119.png,rice_G_8/rgb_max_lockin_f300_ps16_th12/00000-00119-FRAME_rgbmax_scale1.00.png,,,0,decode失敗,QR未検出,0.552412,0.782551,0.782101,0.055695,,lockin:lockin::None:29.996431568043448:12:4:binary:0,lockin,,,29.996432,12
rice_G_8,frame_00000.png,frame_00119.png,rice_G_8/rgb_max_lockin_f300_ps16_th12/00000-00119-FRAME_rgbmax_scale1.00.png,,,0,decode失敗,QR未検出,0.552412,0.782551,0.782101,0.055695,,lockin:lockin::None:29.996431568043448:12:8:binary:0,lockin,,,29.996432,12
rice_G_8,frame_00000.png,frame_00119.png,rice_G_8/rgb_max_lockin_f300_ps16_th12/00000-00119-FRAME_rgbmax_scale1.00.png,,,0,decode失敗,QR未検出,0.552412,0.782551,0.782101,0.055695,,lockin:lockin::None:29.996431568043448:12:16:binary:0,lockin,,,29.996432,12
rice_G_8,frame_00000.png,frame_00119.png,rice_G_8/rgb_max_lockin_f300_ps16_th16/00000-00119-FRAME_rgbmax_scale1.00.png,,,0,decode失敗,QR未検出,0.495753,0.856234,0.787032,0.028565,,lockin:lockin::None:29.996431568043448:16:4:binary:0,lockin,,,29.996432,16
rice_G_8,frame_00000.png,frame_00119.png,rice_G_8/rgb_max_lockin_f300_ps16_th16/00000-00119-FRAME_rgbmax_scale1.00.png,,,0,decode失敗,QR未検出,0.495753,0.856234,0.787032,0.028565,,lockin:lockin::None:29.996431568043448:16:8:binary:0,lockin,,,29.996432,16
rice_G_8,frame_00000.png,frame_00119.png,rice_G_8/rgb_max_lockin_f300_ps16_th16/00000-00119-FRAME_rgbmax_scale1.00.png,,,0,decode失敗,QR未検出,0.495753,0.856234,0.787032,0.028565,,lockin:lockin::None:29.996431568043448:16:16:binary:0,lockin,,,29.996432,16
rice_G_12,frame_00000.png,frame_00119.png,,,,0,decode失敗,QR未検出,0.000082,0.010849,0.634810,0.033853,,lockin:lockin::None:10.003568431956552:2:4:binary:0,lockin,,,10.003568,2
rice_G_12,frame_00000.png,frame_00119.png,,,,0,decode失敗,QR未検出,0.000082,0.010849,0.634810,0.033853,,lockin:lockin::None:10.003568431956552:2:8:binary:0,lockin,,,10.003568,2
rice_G_12,frame_00000.png,frame_00119.png,,,,0,decode失敗,QR未検出,0.000082,0.010849,0.634810,0.033853,,lockin:lockin::None:10.003568431956552:2:16:binary:0,lockin,,,10.003568,2
rice_G_12,frame_00000.png,frame_00119.png,,,,0,decode失敗,QR未検出,0.000758,0.007650,0.602132,0.156632,,lockin:lockin::None:10.003568431956552:4:4:binary:0,lockin,,,10.003568,4
rice_G_12,frame_00000.png,frame_00119.png,,,,0,decode失敗,QR未検出,0.000758,0.007650,0.602132,0.156632,,lockin:lockin::None:10.003568431956552:4:8:binary:0,lockin,,,10.003568,4
rice_G_12,frame_00000.png,frame_00119.png,,,,0,decode失敗,QR未検出,0.000758,0.007650,0.602132,0.156632,,lockin:lockin::None:10.003568431956552:4:16:binary:0,lockin,,,10.003568,4
rice_G_12,frame_00000.png,frame_00119.png,,,,0,decode失敗,QR未検出,0.014644,0.040497,0.517026,0.307439,,lockin:lockin::None:10.003568431956552:6:4:binary:0,lockin,,,10.003568,6
rice_G_12,frame_00000.png,frame_00119.png,,,,0,decode失敗,QR未検出,0.014644,0.040497,0.517026,0.307439,,lockin:lockin::None:10.003568431956552:6:8:binary:0,lockin,,,10.003568,6
rice_G_12,frame_00000.png,frame_00119.png,,,,0,decode失敗,QR未検出,0.014644,0.040497,0.517026,0.307437,,lockin:lockin::None:10.003568431956552:6:16:binary:0,lockin,,,10.003568,6
rice_G_12,frame_00000.png,frame_00119.png,,,,0,decode失敗,QR未検出,0.953684,0.459005,0.575738,0.550429,,lockin:lockin::None:10.003568431956552:8:4:binary:0,lockin,,,10.003568,8
rice_G_12,frame_00000.png,frame_00119.png,,,,0,decode失敗,QR未検出,0.953684,0.459005,0.575738,0.550429,,lockin:lockin::None:10.003568431956552:8:8:binary:0,lockin,,,10.003568,8
rice_G_12,frame_00000.png,frame_00119.png,,,,0,decode失敗,QR未検出,0.953684,0.459005,0.575738,0.550429,,lockin:lockin::None:10.003568431956552:8:16:binary:0,lockin,,,10.003568,8
rice_G_12,frame_00000.png,frame_00119.png,,,,0,decode失敗,QR未検出,0.915506,0.507669,0.647520,0.419152,,lockin:lockin::None:10.003568431956552:10:4:binary:0,lockin,,,10.003568,10
rice_G_12,frame_00000.png,frame_00119.png,,,,0,decode失敗,QR未検出,0.915506,0.507669,0.647520,0.419152,,lockin:lockin::None:10.003568431956552:10:8:binary:0,lockin,,,10.003568,10
rice_G_12,frame_00000.png,frame_00119.png,,,,0,decode失敗,QR未検出,0.915506,0.507669,0.647520,0.419152,,lockin:lockin::None:10.003568431956552:10:16:binary:0,lockin,,,10.003568,10
rice_G_12,frame_00000.png,frame_00119.png,rice_G_12/rgb_max_lockin_f300_ps4_th12/00000-00119-FRAME_rgbmax_scale1.00.png,,,0,decode失敗,QR未検出,0.864001,0.550083,0.694525,0.312848,,lockin:lockin::None:10.003568431956552:12:4:binary:0,lockin,,,10.003568,12
rice_G_12,frame_00000.png,frame_00119.png,rice_G_12/rgb_max_lockin_f300_ps4_th12/00000-00119-FRAME_rgbmax_scale1.00.png,,,0,decode失敗,QR未検出,0.864001,0.550083,0.694525,0.312848,,lockin:lockin::None:10.003568431956552:12:8:binary:0,lockin,,,10.003568,12
rice_G_12,frame_00000.png,frame_00119.png,rice_G_12/rgb_max_lockin_f300_ps4_th12/00000-00119-FRAME_rgbmax_scale1.00.png,,,0,decode失敗,QR未検出,0.864001,0.550083,0.694525,0.312848,,lockin:lockin::None:10.003568431956552:12:16:binary:0,lockin,,,10.003568,12
rice_G_12,frame_00000.png,frame_00119.png,rice_G_12/rgb_max_lockin_f300_ps8_th16/00000-00119-FRAME_rgbmax_scale1.00.png,,,0,decode失敗,QR未検出,0.700014,0.608232,0.727804,0.180957,,lockin:lockin::None:10.003568431956552:16:4:binary:0,lockin,,,10.003568,16
rice_G_12,frame_00000.png,frame_00119.png,rice_G_12/rgb_max_lockin_f300_ps8_th16/00000-00119-FRAME_rgbmax_scale1.00.png,,,0,decode失敗,QR未検出,0.700014,0.608232,0.727804,0.180957,,lockin:lockin::None:10.003568431956552:16:8:binary:0,lockin,,,10.003568,16
rice_G_12,frame_00000.png,frame_00119.png,rice_G_12/rgb_max_lockin_f300_ps8_th16/00000-00119-FRAME_rgbmax_scale1.00.png,,,0,decode失敗,QR未検出,0.700014,0.608232,0.727804,0.180957,,lockin:lockin::None:10.003568431956552:16:16:binary:0,lockin,,,10.003568,16
rice_G_12,frame_00000.png,frame_00119.png,,,,0,decode失敗,QR未検出,0.000000,0.000000,0.629957,0.064282,,lockin:lockin::None:14.992863136086896:2:4:binary:0,lockin,,,14.992863,2
rice_G_12,frame_00000.png,frame_00119.png,,,,0,decode失敗,QR未検出,0.000000,0.000000,0.629957,0.064282,,lockin:lockin::None:14.992863136086896:2:8:binary:0,lockin,,,14.992863,2
rice_G_12,frame_00000.png,frame_00119.png,,,,0,decode失敗,QR未検出,0.000000,0.000000,0.629957,0.064282,,lockin:lockin::None:14.992863136086896:2:16:binary:0,lockin,,,14.992863,2
rice_G_12,frame_00000.png,frame_00119.png,,,,0,decode失敗,QR未検出,0.005802,0.025996,0.560799,0.243997,,lockin:lockin::None:14.992863136086896:4:4:binary:0,lockin,,,14.992863,4
rice_G_12,frame_00000.png,frame_00119.png,,,,0,decode失敗,QR未検出,0.005802,0.025996,0.560799,0.243997,,lockin:lockin::None:14.992863136086896:4:8:binary:0,lockin,,,14.992863,4
rice_G_12,frame_00000.png,frame_00119.png,,,,0,decode失敗,QR未検出,0.005802,0.025996,0.560799,0.243997,,lockin:lockin::None:14.992863136086896:4:16:binary:0,lockin,,,14.992863,4
rice_G_12,frame_00000.png,frame_00119.png,,,,0,decode失敗,QR未検出,0.961986,0.452270,0.563887,0.577181,,lockin:lockin::None:14.992863136086896:6:4:binary:0,lockin,,,14.992863,6
rice_G_12,frame_00000.png,frame_00119.png,,,,0,decode失敗,QR未検出,0.961986,0.452270,0.563887,0.577181,,lockin:lockin::None:14.992863136086896:6:8:binary:0,lockin,,,14.992863,6
rice_G_12,frame_00000.png,frame_00119.png,,,,0,decode失敗,QR未検出,0.961986,0.452270,0.563887,0.577181,,lockin:lockin::None:14.992863136086896:6:16:binary:0,lockin,,,14.992863,6
rice_G_12,frame_00000.png,frame_00119.png,,,,0,decode失敗,QR未検出,0.920897,0.513026,0.654445,0.415107,,lockin:lockin::None:14.992863136086896:8:4:binary:0,lockin,,,14.992863,8
rice_G_12,frame_00000.png,frame_00119.png,,,,0,decode失敗,QR未検出,0.920897,0.513026,0.654445,0.415107,,lockin:lockin::None:14.992863136086896:8:8:binary:0,lockin,,,14.992863,8
rice_G_12,frame_00000.png,frame_00119.png,,,,0,decode失敗,QR未検出,0.920897,0.513026,0.654445,0.415107,,lockin:lockin::None:14.992863136086896:8:16:binary:0,lockin,,,14.992863,8
rice_G_12,frame_00000.png,frame_00119.png,,,,0,decode失敗,QR未検出,0.856873,0.560995,0.705039,0.295014,,lockin:lockin::None:14.992863136086896:10:4:binary:0,lockin,,,14.992863,10
rice_G_12,frame_00000.png,frame_00119.png,,,,0,decode失敗,QR未検出,0.856873,0.560995,0.705039,0.295014,,lockin:lockin::None:14.992863136086896:10:8:binary:0,lockin,,,14.992863,10
rice_G_12,frame_00000.png,frame_00119.png,,,,0,decode失敗,QR未検出,0.856873,0.560995,0.705039,0.295014,,lockin:lockin::None:14.992863136086896:10:16:binary:0,lockin,,,14.992863,10
rice_G_12,frame_00000.png,frame_00119.png,rice_G_12/rgb_max_lockin_f300_ps4_th12/00000-00119-FRAME_rgbmax_scale1.00.png,,,0,decode失敗,QR未検出,0.764294,0.596907,0.727454,0.214752,,lockin:lockin::None:14.992863136086896:12:4:binary:0,lockin,,,14.992863,12
rice_G_12,frame_00000.png,frame_00119.png,rice_G_12/rgb_max_lockin_f300_ps4_th12/00000-00119-FRAME_rgbmax_scale1.00.png,,,0,decode失敗,QR未検出,0.764328,0.596917,0.727466,0.214752,,lockin:lockin::None:14.992863136086896:12:8:binary:0,lockin,,,14.992863,12
rice_G_12,frame_00000.png,frame_00119.png,rice_G_12/rgb_max_lockin_f300_ps4_th12/00000-00119-FRAME_rgbmax_scale1.00.png,,,0,decode失敗,QR未検出,0.764328,0.596917,0.727466,0.214752,,lockin:lockin::None:14.992863136086896:12:16:binary:0,lockin,,,14.992863,12
rice_G_12,frame_00000.png,frame_00119.png,rice_G_12/rgb_max_lockin_f300_ps8_th16/00000-00119-FRAME_rgbmax_scale1.00.png,,,0,decode失敗,QR未検出,0.524495,0.623196,0.712666,0.126721,,lockin:lockin::None:14.992863136086896:16:4:binary:0,lockin,,,14.992863,16
rice_G_12,frame_00000.png,frame_00119.png,rice_G_12/rgb_max_lockin_f300_ps8_th16/00000-00119-FRAME_rgbmax_scale1.00.png,,,0,decode失敗,QR未検出,0.524495,0.623196,0.712666,0.126721,,lockin:lockin::None:14.992863136086896:16:8:binary:0,lockin,,,14.992863,16
rice_G_12,frame_00000.png,frame_00119.png,rice_G_12/rgb_max_lockin_f300_ps8_th16/00000-00119-FRAME_rgbmax_scale1.00.png,,,0,decode失敗,QR未検出,0.524495,0.623196,0.712666,0.126721,,lockin:lockin::None:14.992863136086896:16:16:binary:0,lockin,,,14.992863,16
rice_G_12,frame_00000.png,frame_00119.png,,,,0,decode失敗,QR未検出,0.921911,0.627402,0.773220,0.140599,,lockin:lockin::None:29.996431568043448:2:4:binary:0,lockin,,,29.996432,2
rice_G_12,frame_00000.png,frame_00119.png,,,,0,decode失敗,QR未検出,0.921911,0.627402,0.773220,0.140599,,lockin:lockin::None:29.996431568043448:2:8:binary:0,lockin,,,29.996432,2
rice_G_12,frame_00000.png,frame_00119.png,,,,0,decode失敗,QR未検出,0.921911,0.627402,0.773220,0.140599,,lockin:lockin::None:29.996431568043448:2:16:binary:0,lockin,,,29.996432,2
rice_G_12,frame_00000.png,frame_00119.png,,,,0,decode失敗,QR未検出,0.897527,0.742911,0.850260,0.063369,,lockin:lockin::None:29.996431568043448:4:4:binary:0,lockin,,,29.996432,4
rice_G_12,frame_00000.png,frame_00119.png,,,,0,decode失敗,QR未検出,0.897527,0.742911,0.850260,0.063369,,lockin:lockin::None:29.996431568043448:4:8:binary:0,lockin,,,29.996432,4
rice_G_12,frame_00000.png,frame_00119.png,,,,0,decode失敗,QR未検出,0.897527,0.742911,0.850260,0.063369,,lockin:lockin::None:29.996431568043448:4:16:binary:0,lockin,,,29.996432,4
rice_G_12,frame_00000.png,frame_00119.png,,,,0,decode失敗,QR未検出,0.881363,0.809273,0.881694,0.039869,,lockin:lockin::None:29.996431568043448:6:4:binary:0,lockin,,,29.996432,6
rice_G_12,frame_00000.png,frame_00119.png,,,,0,decode失敗,QR未検出,0.881363,0.809273,0.881694,0.039869,,lockin:lockin::None:29.996431568043448:6:8:binary:0,lockin,,,29.996432,6
rice_G_12,frame_00000.png,frame_00119.png,,,,0,decode失敗,QR未検出,0.881363,0.809273,0.881694,0.039869,,lockin:lockin::None:29.996431568043448:6:16:binary:0,lockin,,,29.996432,6
rice_G_12,frame_00000.png,frame_00119.png,,,,0,decode失敗,QR未検出,0.867288,0.849920,0.896374,0.029308,,lockin:lockin::None:29.996431568043448:8:4:binary:0,lockin,,,29.996432,8
rice_G_12,frame_00000.png,frame_00119.png,,,,0,decode失敗,QR未検出,0.867288,0.849920,0.896374,0.029308,,lockin:lockin::None:29.996431568043448:8:8:binary:0,lockin,,,29.996432,8
rice_G_12,frame_00000.png,frame_00119.png,,,,0,decode失敗,QR未検出,0.867288,0.849920,0.896374,0.029308,,lockin:lockin::None:29.996431568043448:8:16:binary:0,lockin,,,29.996432,8
rice_G_12,frame_00000.png,frame_00119.png,,,,0,decode失敗,QR未検出,0.854942,0.880115,0.905199,0.022280,,lockin:lockin::None:29.996431568043448:10:4:binary:0,lockin,,,29.996432,10
rice_G_12,frame_00000.png,frame_00119.png,,,,0,decode失敗,QR未検出,0.854942,0.880115,0.905199,0.022280,,lockin:lockin::None:29.996431568043448:10:8:binary:0,lockin,,,29.996432,10
rice_G_12,frame_00000.png,frame_00119.png,,,,0,decode失敗,QR未検出,0.854942,0.880124,0.905203,0.022279,,lockin:lockin::None:29.996431568043448:10:16:binary:0,lockin,,,29.996432,10
rice_G_12,frame_00000.png,frame_00119.png,rice_G_12/rgb_max_lockin_f300_ps4_th12/00000-00119-FRAME_rgbmax_scale1.00.png,,,0,decode失敗,QR未検出,0.843691,0.901896,0.910069,0.017582,,lockin:lockin::None:29.996431568043448:12:4:binary:0,lockin,,,29.996432,12
rice_G_12,frame_00000.png,frame_00119.png,rice_G_12/rgb_max_lockin_f300_ps4_th12/00000-00119-FRAME_rgbmax_scale1.00.png,,,0,decode失敗,QR未検出,0.843691,0.901896,0.910069,0.017582,,lockin:lockin::None:29.996431568043448:12:8:binary:0,lockin,,,29.996432,12
rice_G_12,frame_00000.png,frame_00119.png,rice_G_12/rgb_max_lockin_f300_ps4_th12/00000-00119-FRAME_rgbmax_scale1.00.png,,,0,decode失敗,QR未検出,0.843691,0.901896,0.910069,0.017582,,lockin:lockin::None:29.996431568043448:12:16:binary:0,lockin,,,29.996432,12
rice_G_12,frame_00000.png,frame_00119.png,rice_G_12/rgb_max_lockin_f300_ps8_th16/00000-00119-FRAME_rgbmax_scale1.00.png,,,0,decode失敗,QR未検出,0.825094,0.930805,0.914361,0.011755,,lockin:lockin::None:29.996431568043448:16:4:binary:0,lockin,,,29.996432,16
rice_G_12,frame_00000.png,frame_00119.png,rice_G_12/rgb_max_lockin_f300_ps8_th16/00000-00119-FRAME_rgbmax_scale1.00.png,,,0,decode失敗,QR未検出,0.825094,0.930805,0.914361,0.011755,,lockin:lockin::None:29.996431568043448:16:8:binary:0,lockin,,,29.996432,16
rice_G_12,frame_00000.png,frame_00119.png,rice_G_12/rgb_max_lockin_f300_ps8_th16/00000-00119-FRAME_rgbmax_scale1.00.png,,,0,decode失敗,QR未検出,0.825094,0.930805,0.914361,0.011755,,lockin:lockin::None:29.996431568043448:16:16:binary:0,lockin,,,29.996432,16
nagaoka_fireworks_G_4,frame_00000.png,frame_00119.png,,,,0,decode失敗,QR未検出,0.037449,0.203285,0.597863,0.119216,,lockin:lockin::None:10.003568431956552:2:4:binary:0,lockin,,,10.003568,2
nagaoka_fireworks_G_4,frame_00000.png,frame_00119.png,,,,0,decode失敗,QR未検出,0.037449,0.203285,0.597863,0.119216,,lockin:lockin::None:10.003568431956552:2:8:binary:0,lockin,,,10.003568,2
nagaoka_fireworks_G_4,frame_00000.png,frame_00119.png,,,,0,decode失敗,QR未検出,0.037449,0.203285,0.597863,0.119216,,lockin:lockin::None:10.003568431956552:2:16:binary:0,lockin,,,10.003568,2
nagaoka_fireworks_G_4,frame_00000.png,frame_00119.png,,,,0,decode失敗,QR未検出,0.126466,0.258783,0.552026,0.301889,,lockin:lockin::None:10.003568431956552:4:4:binary:0,lockin,,,10.003568,4
nagaoka_fireworks_G_4,frame_00000.png,frame_00119.png,,,,0,decode失敗,QR未検出,0.126466,0.258783,0.552026,0.301889,,lockin:lockin::None:10.003568431956552:4:8:binary:0,lockin,,,10.003568,4
nagaoka_fireworks_G_4,frame_00000.png,frame_00119.png,,,,0,decode失敗,QR未検出,0.126466,0.258783,0.552026,0.301889,,lockin:lockin::None:10.003568431956552:4:16:binary:0,lockin,,,10.003568,4
nagaoka_fireworks_G_4,frame_00000.png,frame_00119.png,,,,0,decode失敗,QR未検出,0.199087,0.278861,0.523029,0.425190,,lockin:lockin::None:10.003568431956552:6:4:binary:0,lockin,,,10.003568,6
nagaoka_fireworks_G_4,frame_00000.png,frame_00119.png,,,,0,decode失敗,QR未検出,0.199087,0.278861,0.523029,0.425190,,lockin:lockin::None:10.003568431956552:6:8:binary:0,lockin,,,10.003568,6
nagaoka_fireworks_G_4,frame_00000.png,frame_00119.png,,,,0,decode失敗,QR未検出,0.199087,0.278861,0.523029,0.425190,,lockin:lockin::None:10.003568431956552:6:16:binary:0,lockin,,,10.003568,6
nagaoka_fireworks_G_4,frame_00000.png,frame_00119.png,,,,0,decode失敗,QR未検出,0.737333,0.399747,0.503426,0.491789,,lockin:lockin::None:10.003568431956552:8:4:binary:0,lockin,,,10.003568,8
nagaoka_fireworks_G_4,frame_00000.png,frame_00119.png,,,,0,decode失敗,QR未検出,0.737333,0.399747,0.503426,0.491789,,lockin:lockin::None:10.003568431956552:8:8:binary:0,lockin,,,10.003568,8
nagaoka_fireworks_G_4,frame_00000.png,frame_00119.png,,,,0,decode失敗,QR未検出,0.737333,0.399747,0.503426,0.491789,,lockin:lockin::None:10.003568431956552:8:16:binary:0,lockin,,,10.003568,8
nagaoka_fireworks_G_4,frame_00000.png,frame_00119.png,,,,0,decode失敗,QR未検出,0.679216,0.411314,0.531314,0.422790,,lockin:lockin::None:10.003568431956552:10:4:binary:0,lockin,,,10.003568,10
nagaoka_fireworks_G_4,frame_00000.png,frame_00119.png,,,,0,decode失敗,QR未検出,0.679216,0.411314,0.531314,0.422790,,lockin:lockin::None:10.003568431956552:10:8:binary:0,lockin,,,10.003568,10
nagaoka_fireworks_G_4,frame_00000.png,frame_00119.png,,,,0,decode失敗,QR未検出,0.679216,0.411314,0.531314,0.422790,,lockin:lockin::None:10.003568431956552:10:16:binary:0,lockin,,,10.003568,10
nagaoka_fireworks_G_4,frame_00000.png,frame_00119.png,nagaoka_fireworks_G_4/rgb_max_lockin_f300_ps4_th12/00000-00119-FRAME_rgbmax_scale1.00.png,,,0,decode失敗,QR未検出,0.619419,0.429379,0.563630,0.359893,,lockin:lockin::None:10.003568431956552:12:4:binary:0,lockin,,,10.003568,12
nagaoka_fireworks_G_4,frame_00000.png,frame_00119.png,nagaoka_fireworks_G_4/rgb_max_lockin_f300_ps4_th12/00000-00119-FRAME_rgbmax_scale1.00.png,,,0,decode失敗,QR未検出,0.619419,0.429379,0.563630,0.359893,,lockin:lockin::None:10.003568431956552:12:8:binary:0,lockin,,,10.003568,12
nagaoka_fireworks_G_4,frame_00000.png,frame_00119.png,nagaoka_fireworks_G_4/rgb_max_lockin_f300_ps4_th12/00000-00119-FRAME_rgbmax_scale1.00.png,,,0,decode失敗,QR未検出,0.619419,0.429379,0.563630,0.359893,,lockin:lockin::None:10.003568431956552:12:16:binary:0,lockin,,,10.003568,12
nagaoka_fireworks_G_4,frame_00000.png,frame_00119.png,nagaoka_fireworks_G_4/rgb_max_lockin_f300_ps16_th16/00000-00119-FRAME_rgbmax_scale1.00.png,,,0,decode失敗,QR未検出,0.481027,0.486831,0.628058,0.238397,,lockin:lockin::None:10.003568431956552:16:4:binary:0,lockin,,,10.003568,16
nagaoka_fireworks_G_4,frame_00000.png,frame_00119.png,nagaoka_fireworks_G_4/rgb_max_lockin_f300_ps16_th16/00000-00119-FRAME_rgbmax_scale1.00.png,,,0,decode失敗,QR未検出,0.481027,0.486831,0.628058,0.238397,,lockin:lockin::None:10.003568431956552:16:8:binary:0,lockin,,,10.003568,16
nagaoka_fireworks_G_4,frame_00000.png,frame_00119.png,nagaoka_fireworks_G_4/rgb_max_lockin_f300_ps16_th16/00000-00119-FRAME_rgbmax_scale1.00.png,,,0,decode失敗,QR未検出,0.481027,0.486831,0.628058,0.238397,,lockin:lockin::None:10.003568431956552:16:16:binary:0,lockin,,,10.003568,16
nagaoka_fireworks_G_4,frame_00000.png,frame_00119.png,,,,0,decode失敗,QR未検出,0.054473,0.223295,0.588553,0.165710,,lockin:lockin::None:14.992863136086896:2:4:binary:0,lockin,,,14.992863,2
nagaoka_fireworks_G_4,frame_00000.png,frame_00119.png,,,,0,decode失敗,QR未検出,0.054473,0.223295,0.588553,0.165710,,lockin:lockin::None:14.992863136086896:2:8:binary:0,lockin,,,14.992863,2
nagaoka_fireworks_G_4,frame_00000.png,frame_00119.png,,,,0,decode失敗,QR未検出,0.054473,0.223295,0.588553,0.165710,,lockin:lockin::None:14.992863136086896:2:16:binary:0,lockin,,,14.992863,2
nagaoka_fireworks_G_4,frame_00000.png,frame_00119.png,,,,0,decode失敗,QR未検出,0.161932,0.271341,0.538558,0.367649,,lockin:lockin::None:14.992863136086896:4:4:binary:0,lockin,,,14.992863,4
nagaoka_fireworks_G_4,frame_00000.png,frame_00119.png,,,,0,decode失敗,QR未検出,0.161932,0.271341,0.538558,0.367649,,lockin:lockin::None:14.992863136086896:4:8:binary:0,lockin,,,14.992863,4
nagaoka_fireworks_G_4,frame_00000.png,frame_00119.png,,,,0,decode失敗,QR未検出,0.161932,0.271341,0.538558,0.367649,,lockin:lockin::None:14.992863136086896:4:16:binary:0,lockin,,,14.992863,4
nagaoka_fireworks_G_4,frame_00000.png,frame_00119.png,,,,0,decode失敗,QR未検出,0.761466,0.400744,0.500756,0.511547,,lockin:lockin::None:14.992863136086896:6:4:binary:0,lockin,,,14.992863,6
nagaoka_fireworks_G_4,frame_00000.png,frame_00119.png,,,,0,decode失敗,QR未検出,0.761466,0.400744,0.500756,0.511547,,lockin:lockin::None:14.992863136086896:6:8:binary:0,lockin,,,14.992863,6
nagaoka_fireworks_G_4,frame_00000.png,frame_00119.png,,,,0,decode失敗,QR未検出,0.761466,0.400744,0.500756,0.511547,,lockin:lockin::None:14.992863136086896:6:16:binary:0,lockin,,,14.992863,6
nagaoka_fireworks_G_4,frame_00000.png,frame_00119.png,,,,0,decode失敗,QR未検出,0.692634,0.414429,0.533805,0.427902,,lockin:lockin::None:14.992863136086896:8:4:binary:0,lockin,,,14.992863,8
nagaoka_fireworks_G_4,frame_00000.png,frame_00119.png,,,,0,decode失敗,QR未検出,0.692634,0.414429,0.533805,0.427902,,lockin:lockin::None:14.992863136086896:8:8:binary:0,lockin,,,14.992863,8
nagaoka_fireworks_G_4,frame_00000.png,frame_00119.png,,,,0,decode失敗,QR未検出,0.692634,0.414429,0.533805,0.427902,,lockin:lockin::None:14.992863136086896:8:16:binary:0,lockin,,,14.992863,8
nagaoka_fireworks_G_4,frame_00000.png,frame_00119.png,,,,0,decode失敗,QR未検出,0.619463,0.432483,0.567378,0.357226,,lockin:lockin::None:14.992863136086896:10:4:binary:0,lockin,,,14.992863,10
nagaoka_fireworks_G_4,frame_00000.png,frame_00119.png,,,,0,decode失敗,QR未検出,0.619463,0.432481,0.567376,0.357227,,lockin:lockin::None:14.992863136086896:10:8:binary:0,lockin,,,14.992863,10
nagaoka_fireworks_G_4,frame_00000.png,frame_00119.png,,,,0,decode失敗,QR未検出,0.619463,0.432481,0.567376,0.357227,,lockin:lockin::None:14.992863136086896:10:16:binary:0,lockin,,,14.992863,10
nagaoka_fireworks_G_4,frame_00000.png,frame_00119.png,nagaoka_fireworks_G_4/rgb_max_lockin_f300_ps4_th12/00000-00119-FRAME_rgbmax_scale1.00.png,,,0,decode失敗,QR未検出,0.539515,0.459338,0.602867,0.286130,,lockin:lockin::None:14.992863136086896:12:4:binary:0,lockin,,,14.992863,12
nagaoka_fireworks_G_4,frame_00000.png,frame_00119.png,nagaoka_fireworks_G_4/rgb_max_lockin_f300_ps4_th12/00000-00119-FRAME_rgbmax_scale1.00.png,,,0,decode失敗,QR未検出,0.539515,0.459342,0.602870,0.286128,,lockin:lockin::None:14.992863136086896:12:8:binary:0,lockin,,,14.992863,12
nagaoka_fireworks_G_4,frame_00000.png,frame_00119.png,nagaoka_fireworks_G_4/rgb_max_lockin_f300_ps4_th12/00000-00119-FRAME_rgbmax_scale1.00.png,,,0,decode失敗,QR未検出,0.539515,0.459342,0.602870,0.286128,,lockin:lockin::None:14.992863136086896:12:16:binary:0,lockin,,,14.992863,12
nagaoka_fireworks_G_4,frame_00000.png,frame_00119.png,nagaoka_fireworks_G_4/rgb_max_lockin_f300_ps16_th16/00000-00119-FRAME_rgbmax_scale1.00.png,,,0,decode失敗,QR未検出,0.374625,0.551833,0.663005,0.158641,,lockin:lockin::None:14.992863136086896:16:4:binary:0,lockin,,,14.992863,16
nagaoka_fireworks_G_4,frame_00000.png,frame_00119.png,nagaoka_fireworks_G_4/rgb_max_lockin_f300_ps16_th16/00000-00119-FRAME_rgbmax_scale1.00.png,,,0,decode失敗,QR未検出,0.374625,0.551833,0.663005,0.158641,,lockin:lockin::None:14.992863136086896:16:8:binary:0,lockin,,,14.992863,16
nagaoka_fireworks_G_4,frame_00000.png,frame_00119.png,nagaoka_fireworks_G_4/rgb_max_lockin_f300_ps16_th16/00000-00119-FRAME_rgbmax_scale1.00.png,,,0,decode失敗,QR未検出,0.374625,0.551833,0.663005,0.158641,,lockin:lockin::None:14.992863136086896:16:16:binary:0,lockin,,,14.992863,16
nagaoka_fireworks_G_4,frame_00000.png,frame_00119.png,,,,0,decode失敗,QR未検出,0.140560,0.252688,0.537753,0.343706,,lockin:lockin::None:29.996431568043448:2:4:binary:0,lockin,,,29.996432,2
nagaoka_fireworks_G_4,frame_00000.png,frame_00119.png,,,,0,decode失敗,QR未検出,0.140560,0.252688,0.537753,0.343706,,lockin:lockin::None:29.996431568043448:2:8:binary:0,lockin,,,29.996432,2
nagaoka_fireworks_G_4,frame_00000.png,frame_00119.png,,,,0,decode失敗,QR未検出,0.140560,0.252688,0.537753,0.343706,,lockin:lockin::None:29.996431568043448:2:16:binary:0,lockin,,,29.996432,2
nagaoka_fireworks_G_4,frame_00000.png,frame_00119.png,,,,0,decode失敗,QR未検出,0.739553,0.414875,0.527477,0.459957,,lockin:lockin::None:29.996431568043448:4:4:binary:0,lockin,,,29.996432,4
nagaoka_fireworks_G_4,frame_00000.png,frame_00119.png,,,,0,decode失敗,QR未検出,0.739553,0.414875,0.527477,0.459957,,lockin:lockin::None:29.996431568043448:4:8:binary:0,lockin,,,29.996432,4
nagaoka_fireworks_G_4,frame_00000.png,frame_00119.png,,,,0,decode失敗,QR未検出,0.739553,0.414875,0.527477,0.459957,,lockin:lockin::None:29.996431568043448:4:16:binary:0,lockin,,,29.996432,4
nagaoka_fireworks_G_4,frame_00000.png,frame_00119.png,,,,0,decode失敗,QR未検出,0.667989,0.462171,0.597852,0.333646,,lockin:lockin::None:29.996431568043448:6:4:binary:0,lockin,,,29.996432,6
nagaoka_fireworks_G_4,frame_00000.png,frame_00119.png,,,,0,decode失敗,QR未検出,0.667989,0.462171,0.597852,0.333646,,lockin:lockin::None:29.996431568043448:6:8:binary:0,lockin,,,29.996432,6
nagaoka_fireworks_G_4,frame_00000.png,frame_00119.png,,,,0,decode失敗,QR未検出,0.667989,0.462171,0.597852,0.333646,,lockin:lockin::None:29.996431568043448:6:16:binary:0,lockin,,,29.996432,6
nagaoka_fireworks_G_4,frame_00000.png,frame_00119.png,,,,0,decode失敗,QR未検出,0.610924,0.531678,0.663883,0.225610,,lockin:lockin::None:29.996431568043448:8:4:binary:0,lockin,,,29.996432,8
nagaoka_fireworks_G_4,frame_00000.png,frame_00119.png,,,,0,decode失敗,QR未検出,0.610924,0.531678,0.663883,0.225610,,lockin:lockin::None:29.996431568043448:8:8:binary:0,lockin,,,29.996432,8
nagaoka_fireworks_G_4,frame_00000.png,frame_00119.png,,,,0,decode失敗,QR未検出,0.610924,0.531678,0.663883,0.225610,,lockin:lockin::None:29.996431568043448:8:16:binary:0,lockin,,,29.996432,8
nagaoka_fireworks_G_4,frame_00000.png,frame_00119.png,,,,0,decode失敗,QR未検出,0.564184,0.594920,0.702755,0.150606,,lockin:lockin::None:29.996431568043448:10:4:binary:0,lockin,,,29.996432,10
nagaoka_fireworks_G_4,frame_00000.png,frame_00119.png,,,,0,decode失敗,QR未検出,0.564184,0.594920,0.702755,0.150606,,lockin:lockin::None:29.996431568043448:10:8:binary:0,lockin,,,29.996432,10
nagaoka_fireworks_G_4,frame_00000.png,frame_00119.png,,,,0,decode失敗,QR未検出,0.564184,0.594920,0.702755,0.150606,,lockin:lockin::None:29.996431568043448:10:16:binary:0,lockin,,,29.996432,10
nagaoka_fireworks_G_4,frame_00000.png,frame_00119.png,nagaoka_fireworks_G_4/rgb_max_lockin_f300_ps4_th12/00000-00119-FRAME_rgbmax_scale1.00.png,,,0,decode失敗,QR未検出,0.518751,0.648787,0.723744,0.100612,,lockin:lockin::None:29.996431568043448:12:4:binary:0,lockin,,,29.996432,12
nagaoka_fireworks_G_4,frame_00000.png,frame_00119.png,nagaoka_fireworks_G_4/rgb_max_lockin_f300_ps4_th12/00000-00119-FRAME_rgbmax_scale1.00.png,,,0,decode失敗,QR未検出,0.518751,0.648787,0.723744,0.100612,,lockin:lockin::None:29.996431568043448:12:8:binary:0,lockin,,,29.996432,12
nagaoka_fireworks_G_4,frame_00000.png,frame_00119.png,nagaoka_fireworks_G_4/rgb_max_lockin_f300_ps4_th12/00000-00119-FRAME_rgbmax_scale1.00.png,,,0,decode失敗,QR未検出,0.518751,0.648787,0.723744,0.100612,,lockin:lockin::None:29.996431568043448:12:16:binary:0,lockin,,,29.996432,12
nagaoka_fireworks_G_4,frame_00000.png,frame_00119.png,nagaoka_fireworks_G_4/rgb_max_lockin_f300_ps16_th16/00000-00119-FRAME_rgbmax_scale1.00.png,,,0,decode失敗,QR未検出,0.435710,0.726707,0.736041,0.047497,,lockin:lockin::None:29.996431568043448:16:4:binary:0,lockin,,,29.996432,16
nagaoka_fireworks_G_4,frame_00000.png,frame_00119.png,nagaoka_fireworks_G_4/rgb_max_lockin_f300_ps16_th16/00000-00119-FRAME_rgbmax_scale1.00.png,,,0,decode失敗,QR未検出,0.435710,0.726707,0.736041,0.047497,,lockin:lockin::None:29.996431568043448:16:8:binary:0,lockin,,,29.996432,16
nagaoka_fireworks_G_4,frame_00000.png,frame_00119.png,nagaoka_fireworks_G_4/rgb_max_lockin_f300_ps16_th16/00000-00119-FRAME_rgbmax_scale1.00.png,,,0,decode失敗,QR未検出,0.435710,0.726707,0.736041,0.047497,,lockin:lockin::None:29.996431568043448:16:16:binary:0,lockin,,,29.996432,16
nagaoka_fireworks_G_8,frame_00000.png,frame_00119.png,,,,0,decode失敗,QR未検出,0.025108,0.196837,0.609456,0.099652,,lockin:lockin::None:10.003568431956552:2:4:binary:0,lockin,,,10.003568,2
nagaoka_fireworks_G_8,frame_00000.png,frame_00119.png,,,,0,decode失敗,QR未検出,0.025108,0.196837,0.609456,0.099652,,lockin:lockin::None:10.003568431956552:2:8:binary:0,lockin,,,10.003568,2
nagaoka_fireworks_G_8,frame_00000.png,frame_00119.png,,,,0,decode失敗,QR未検出,0.025108,0.196837,0.609456,0.099652,,lockin:lockin::None:10.003568431956552:2:16:binary:0,lockin,,,10.003568,2
nagaoka_fireworks_G_8,frame_00000.png,frame_00119.png,,,,0,decode失敗,QR未検出,0.080469,0.238284,0.573414,0.246513,,lockin:lockin::None:10.003568431956552:4:4:binary:0,lockin,,,10.003568,4
nagaoka_fireworks_G_8,frame_00000.png,frame_00119.png,,,,0,decode失敗,QR未検出,0.080469,0.238284,0.573414,0.246513,,lockin:lockin::None:10.003568431956552:4:8:binary:0,lockin,,,10.003568,4
nagaoka_fireworks_G_8,frame_00000.png,frame_00119.png,,,,0,decode失敗,QR未検出,0.080469,0.238284,0.573414,0.246513,,lockin:lockin::None:10.003568431956552:4:16:binary:0,lockin,,,10.003568,4
nagaoka_fireworks_G_8,frame_00000.png,frame_00119.png,,,,0,decode失敗,QR未検出,0.133050,0.243408,0.535805,0.369042,,lockin:lockin::None:10.003568431956552:6:4:binary:0,lockin,,,10.003568,6
nagaoka_fireworks_G_8,frame_00000.png,frame_00119.png,,,,0,decode失敗,QR未検出,0.133050,0.243408,0.535805,0.369042,,lockin:lockin::None:10.003568431956552:6:8:binary:0,lockin,,,10.003568,6
nagaoka_fireworks_G_8,frame_00000.png,frame_00119.png,,,,0,decode失敗,QR未検出,0.133050,0.243408,0.535805,0.369042,,lockin:lockin::None:10.003568431956552:6:16:binary:0,lockin,,,10.003568,6
nagaoka_fireworks_G_8,frame_00000.png,frame_00119.png,,,,0,decode失敗,QR未検出,0.173072,0.245334,0.507240,0.452620,,lockin:lockin::None:10.003568431956552:8:4:binary:0,lockin,,,10.003568,8
nagaoka_fireworks_G_8,frame_00000.png,frame_00119.png,,,,0,decode失敗,QR未検出,0.173072,0.245334,0.507240,0.452620,,lockin:lockin::None:10.003568431956552:8:8:binary:0,lockin,,,10.003568,8
nagaoka_fireworks_G_8,frame_00000.png,frame_00119.png,,,,0,decode失敗,QR未検出,0.173072,0.245334,0.507240,0.452620,,lockin:lockin::None:10.003568431956552:8:16:binary:0,lockin,,,10.003568,8
nagaoka_fireworks_G_8,frame_00000.png,frame_00119.png,,,,0,decode失敗,QR未検出,0.793340,0.412614,0.515677,0.483314,,lockin:lockin::None:10.003568431956552:10:4:binary:0,lockin,,,10.003568,10
nagaoka_fireworks_G_8,frame_00000.png,frame_00119.png,,,,0,decode失敗,QR未検出,0.793340,0.412614,0.515677,0.483314,,lockin:lockin::None:10.003568431956552:10:8:binary:0,lockin,,,10.003568,10
nagaoka_fireworks_G_8,frame_00000.png,frame_00119.png,,,,0,decode失敗,QR未検出,0.793340,0.412614,0.515677,0.483314,,lockin:lockin::None:10.003568431956552:10:16:binary:0,lockin,,,10.003568,10
nagaoka_fireworks_G_8,frame_00000.png,frame_00119.png,nagaoka_fireworks_G_8/rgb_max_lockin_f300_ps8_th12/00000-00119-FRAME_rgbmax_scale1.00.png,,,0,decode失敗,QR未検出,0.761504,0.425380,0.540643,0.429007,,lockin:lockin::None:10.003568431956552:12:4:binary:0,lockin,,,10.003568,12
nagaoka_fireworks_G_8,frame_00000.png,frame_00119.png,nagaoka_fireworks_G_8/rgb_max_lockin_f300_ps8_th12/00000-00119-FRAME_rgbmax_scale1.00.png,,,0,decode失敗,QR未検出,0.761504,0.425380,0.540643,0.429007,,lockin:lockin::None:10.003568431956552:12:8:binary:0,lockin,,,10.003568,12
nagaoka_fireworks_G_8,frame_00000.png,frame_00119.png,nagaoka_fireworks_G_8/rgb_max_lockin_f300_ps8_th12/00000-00119-FRAME_rgbmax_scale1.00.png,,,0,decode失敗,QR未検出,0.761504,0.425380,0.540643,0.429007,,lockin:lockin::None:10.003568431956552:12:16:binary:0,lockin,,,10.003568,12
nagaoka_fireworks_G_8,frame_00000.png,frame_00119.png,nagaoka_fireworks_G_8/rgb_max_lockin_f300_ps4_th16/00000-00119-FRAME_rgbmax_scale1.00.png,,,0,decode失敗,QR未検出,0.699207,0.462667,0.596587,0.332866,,lockin:lockin::None:10.003568431956552:16:4:binary:0,lockin,,,10.003568,16
nagaoka_fireworks_G_8,frame_00000.png,frame_00119.png,nagaoka_fireworks_G_8/rgb_max_lockin_f300_ps4_th16/00000-00119-FRAME_rgbmax_scale1.00.png,,,0,decode失敗,QR未検出,0.699207,0.462667,0.596587,0.332866,,lockin:lockin::None:10.003568431956552:16:8:binary:0,lockin,,,10.003568,16
nagaoka_fireworks_G_8,frame_00000.png,frame_00119.png,nagaoka_fireworks_G_8/rgb_max_lockin_f300_ps4_th16/00000-00119-FRAME_rgbmax_scale1.00.png,,,0,decode失敗,QR未検出,0.699207,0.462667,0.596587,0.332866,,lockin:lockin::None:10.003568431956552:16:16:binary:0,lockin,,,10.003568,16
nagaoka_fireworks_G_8,frame_00000.png,frame_00119.png,,,,0,decode失敗,QR未検出,0.021498,0.169045,0.606978,0.099869,,lockin:lockin::None:14.992863136086896:2:4:binary:0,lockin,,,14.992863,2
nagaoka_fireworks_G_8,frame_00000.png,frame_00119.png,,,,0,decode失敗,QR未検出,0.021498,0.169045,0.606978,0.099869,,lockin:lockin::None:14.992863136086896:2:8:binary:0,lockin,,,14.992863,2
nagaoka_fireworks_G_8,frame_00000.png,frame_00119.png,,,,0,decode失敗,QR未検出,0.021498,0.169045,0.606978,0.099869,,lockin:lockin::None:14.992863136086896:2:16:binary:0,lockin,,,14.992863,2
nagaoka_fireworks_G_8,frame_00000.png,frame_00119.png,,,,0,decode失敗,QR未検出,0.081757,0.223393,0.564097,0.259219,,lockin:lockin::None:14.992863136086896:4:4:binary:0,lockin,,,14.992863,4
nagaoka_fireworks_G_8,frame_00000.png,frame_00119.png,,,,0,decode失敗,QR未検出,0.081757,0.223393,0.564097,0.259219,,lockin:lockin::None:14.992863136086896:4:8:binary:0,lockin,,,14.992863,4
nagaoka_fireworks_G_8,frame_00000.png,frame_00119.png,,,,0,decode失敗,QR未検出,0.081757,0.223393,0.564097,0.259219,,lockin:lockin::None:14.992863136086896:4:16:binary:0,lockin,,,14.992863,4
nagaoka_fireworks_G_8,frame_00000.png,frame_00119.png,,,,0,decode失敗,QR未検出,0.138726,0.243700,0.531715,0.385246,,lockin:lockin::None:14.992863136086896:6:4:binary:0,lockin,,,14.992863,6
nagaoka_fireworks_G_8,frame_00000.png,frame_00119.png,,,,0,decode失敗,QR未検出,0.138726,0.243700,0.531715,0.385246,,lockin:lockin::None:14.992863136086896:6:8:binary:0,lockin,,,14.992863,6
nagaoka_fireworks_G_8,frame_00000.png,frame_00119.png,,,,0,decode失敗,QR未検出,0.138726,0.243700,0.531715,0.385246,,lockin:lockin::None:14.992863136086896:6:16:binary:0,lockin,,,14.992863,6
nagaoka_fireworks_G_8,frame_00000.png,frame_00119.png,,,,0,decode失敗,QR未検出,0.180553,0.250929,0.507559,0.465006,,lockin:lockin::None:14.992863136086896:8:4:binary:0,lockin,,,14.992863,8
nagaoka_fireworks_G_8,frame_00000.png,frame_00119.png,,,,0,decode失敗,QR未検出,0.180553,0.250929,0.507559,0.465006,,lockin:lockin::None:14.992863136086896:8:8:binary:0,lockin,,,14.992863,8
nagaoka_fireworks_G_8,frame_00000.png,frame_00119.png,,,,0,decode失敗,QR未検出,0.180553,0.250929,0.507559,0.465006,,lockin:lockin::None:14.992863136086896:8:16:binary:0,lockin,,,14.992863,8
nagaoka_fireworks_G_8,frame_00000.png,frame_00119.png,,,,0,decode失敗,QR未検出,0.789489,0.412392,0.515894,0.478522,,lockin:lockin::None:14.992863136086896:10:4:binary:0,lockin,,,14.992863,10
nagaoka_fireworks_G_8,frame_00000.png,frame_00119.png,,,,0,decode失敗,QR未検出,0.789489,0.412392,0.515894,0.478522,,lockin:lockin::None:14.992863136086896:10:8:binary:0,lockin,,,14.992863,10
nagaoka_fireworks_G_8,frame_00000.png,frame_00119.png,,,,0,decode失敗,QR未検出,0.789489,0.412392,0.515894,0.478522,,lockin:lockin::None:14.992863136086896:10:16:binary:0,lockin,,,14.992863,10
nagaoka_fireworks_G_8,frame_00000.png,frame_00119.png,nagaoka_fireworks_G_8/rgb_max_lockin_f300_ps8_th12/00000-00119-FRAME_rgbmax_scale1.00.png,,,0,decode失敗,QR未検出,0.759101,0.425819,0.541616,0.427525,,lockin:lockin::None:14.992863136086896:12:4:binary:0,lockin,,,14.992863,12
nagaoka_fireworks_G_8,frame_00000.png,frame_00119.png,nagaoka_fireworks_G_8/rgb_max_lockin_f300_ps8_th12/00000-00119-FRAME_rgbmax_scale1.00.png,,,0,decode失敗,QR未検出,0.759101,0.425820,0.541618,0.427524,,lockin:lockin::None:14.992863136086896:12:8:binary:0,lockin,,,14.992863,12
nagaoka_fireworks_G_8,frame_00000.png,frame_00119.png,nagaoka_fireworks_G_8/rgb_max_lockin_f300_ps8_th12/00000-00119-FRAME_rgbmax_scale1.00.png,,,0,decode失敗,QR未検出,0.759101,0.425820,0.541618,0.427524,,lockin:lockin::None:14.992863136086896:12:16:binary:0,lockin,,,14.992863,12
nagaoka_fireworks_G_8,frame_00000.png,frame_00119.png,nagaoka_fireworks_G_8/rgb_max_lockin_f300_ps4_th16/00000-00119-FRAME_rgbmax_scale1.00.png,,,0,decode失敗,QR未検出,0.698348,0.462700,0.596676,0.331768,,lockin:lockin::None:14.992863136086896:16:4:binary:0,lockin,,,14.992863,16
nagaoka_fireworks_G_8,frame_00000.png,frame_00119.png,nagaoka_fireworks_G_8/rgb_max_lockin_f300_ps4_th16/00000-00119-FRAME_rgbmax_scale1.00.png,,,0,decode失敗,QR未検出,0.698348,0.462701,0.596678,0.331767,,lockin:lockin::None:14.992863136086896:16:8:binary:0,lockin,,,14.992863,16
nagaoka_fireworks_G_8,frame_00000.png,frame_00119.png,nagaoka_fireworks_G_8/rgb_max_lockin_f300_ps4_th16/00000-00119-FRAME_rgbmax_scale1.00.png,,,0,decode失敗,QR未検出,0.698348,0.462701,0.596678,0.331767,,lockin:lockin::None:14.992863136086896:16:16:binary:0,lockin,,,14.992863,16
nagaoka_fireworks_G_8,frame_00000.png,frame_00119.png,,,,0,decode失敗,QR未検出,0.780439,0.449888,0.574466,0.378435,,lockin:lockin::None:29.996431568043448:2:4:binary:0,lockin,,,29.996432,2
nagaoka_fireworks_G_8,frame_00000.png,frame_00119.png,,,,0,decode失敗,QR未検出,0.780439,0.449888,0.574466,0.378435,,lockin:lockin::None:29.996431568043448:2:8:binary:0,lockin,,,29.996432,2
nagaoka_fireworks_G_8,frame_00000.png,frame_00119.png,,,,0,decode失敗,QR未検出,0.780439,0.449888,0.574466,0.378435,,lockin:lockin::None:29.996431568043448:2:16:binary:0,lockin,,,29.996432,2
nagaoka_fireworks_G_8,frame_00000.png,frame_00119.png,,,,0,decode失敗,QR未検出,0.693821,0.576848,0.704507,0.156259,,lockin:lockin::None:29.996431568043448:4:4:binary:0,lockin,,,29.996432,4
nagaoka_fireworks_G_8,frame_00000.png,frame_00119.png,,,,0,decode失敗,QR未検出,0.693821,0.576848,0.704507,0.156259,,lockin:lockin::None:29.996431568043448:4:8:binary:0,lockin,,,29.996432,4
nagaoka_fireworks_G_8,frame_00000.png,frame_00119.png,,,,0,decode失敗,QR未検出,0.693821,0.576848,0.704507,0.156259,,lockin:lockin::None:29.996431568043448:4:16:binary:0,lockin,,,29.996432,4
nagaoka_fireworks_G_8,frame_00000.png,frame_00119.png,,,,0,decode失敗,QR未検出,0.641766,0.657237,0.748808,0.079309,,lockin:lockin::None:29.996431568043448:6:4:binary:0,lockin,,,29.996432,6
nagaoka_fireworks_G_8,frame_00000.png,frame_00119.png,,,,0,decode失敗,QR未検出,0.641766,0.657237,0.748808,0.079309,,lockin:lockin::None:29.996431568043448:6:8:binary:0,lockin,,,29.996432,6
nagaoka_fireworks_G_8,frame_00000.png,frame_00119.png,,,,0,decode失敗,QR未検出,0.641766,0.657237,0.748808,0.079309,,lockin:lockin::None:29.996431568043448:6:16:binary:0,lockin,,,29.996432,6
nagaoka_fireworks_G_8,frame_00000.png,frame_00119.png,,,,0,decode失敗,QR未検出,0.592873,0.702464,0.761382,0.052954,,lockin:lockin::None:29.996431568043448:8:4:binary:0,lockin,,,29.996432,8
nagaoka_fireworks_G_8,frame_00000.png,frame_00119.png,,,,0,decode失敗,QR未検出,0.592873,0.702464,0.761382,0.052954,,lockin:lockin::None:29.996431568043448:8:8:binary:0,lockin,,,29.996432,8
nagaoka_fireworks_G_8,frame_00000.png,frame_00119.png,,,,0,decode失敗,QR未検出,0.592873,0.702464,0.761382,0.052954,,lockin:lockin::None:29.996431568043448:8:16:binary:0,lockin,,,29.996432,8
nagaoka_fireworks_G_8,frame_00000.png,frame_00119.png,,,,0,decode失敗,QR未検出,0.550061,0.736132,0.765418,0.039846,,lockin:lockin::None:29.996431568043448:10:4:binary:0,lockin,,,29.996432,10
nagaoka_fireworks_G_8,frame_00000.png,frame_00119.png,,,,0,decode失敗,QR未検出,0.550061,0.736132,0.765418,0.039846,,lockin:lockin::None:29.996431568043448:10:8:binary:0,lockin,,,29.996432,10
nagaoka_fireworks_G_8,frame_00000.png,frame_00119.png,,,,0,decode失敗,QR未検出,0.550061,0.736132,0.765418,0.039846,,lockin:lockin::None:29.996431568043448:10:16:binary:0,lockin,,,29.996432,10
nagaoka_fireworks_G_8,frame_00000.png,frame_00119.png,nagaoka_fireworks_G_8/rgb_max_lockin_f300_ps8_th12/00000-00119-FRAME_rgbmax_scale1.00.png,,,0,decode失敗,QR未検出,0.513524,0.764442,0.766286,0.031220,,lockin:lockin::None:29.996431568043448:12:4:binary:0,lockin,,,29.996432,12
nagaoka_fireworks_G_8,frame_00000.png,frame_00119.png,nagaoka_fireworks_G_8/rgb_max_lockin_f300_ps8_th12/00000-00119-FRAME_rgbmax_scale1.00.png,,,0,decode失敗,QR未検出,0.513524,0.764442,0.766286,0.031220,,lockin:lockin::None:29.996431568043448:12:8:binary:0,lockin,,,29.996432,12
nagaoka_fireworks_G_8,frame_00000.png,frame_00119.png,nagaoka_fireworks_G_8/rgb_max_lockin_f300_ps8_th12/00000-00119-FRAME_rgbmax_scale1.00.png,,,0,decode失敗,QR未検出,0.513524,0.764442,0.766286,0.031220,,lockin:lockin::None:29.996431568043448:12:16:binary:0,lockin,,,29.996432,12
nagaoka_fireworks_G_8,frame_00000.png,frame_00119.png,nagaoka_fireworks_G_8/rgb_max_lockin_f300_ps4_th16/00000-00119-FRAME_rgbmax_scale1.00.png,,,0,decode失敗,QR未検出,0.457748,0.816423,0.766118,0.019897,,lockin:lockin::None:29.996431568043448:16:4:binary:0,lockin,,,29.996432,16
nagaoka_fireworks_G_8,frame_00000.png,frame_00119.png,nagaoka_fireworks_G_8/rgb_max_lockin_f300_ps4_th16/00000-00119-FRAME_rgbmax_scale1.00.png,,,0,decode失敗,QR未検出,0.457748,0.816423,0.766118,0.019897,,lockin:lockin::None:29.996431568043448:16:8:binary:0,lockin,,,29.996432,16
nagaoka_fireworks_G_8,frame_00000.png,frame_00119.png,nagaoka_fireworks_G_8/rgb_max_lockin_f300_ps4_th16/00000-00119-FRAME_rgbmax_scale1.00.png,,,0,decode失敗,QR未検出,0.457748,0.816423,0.766118,0.019897,,lockin:lockin::None:29.996431568043448:16:16:binary:0,lockin,,,29.996432,16
nagaoka_fireworks_G_12,frame_00000.png,frame_00119.png,,,,0,decode失敗,QR未検出,0.003890,0.026193,0.586472,0.195623,,lockin:lockin::None:10.003568431956552:2:4:binary:0,lockin,,,10.003568,2
nagaoka_fireworks_G_12,frame_00000.png,frame_00119.png,,,,0,decode失敗,QR未検出,0.003890,0.026193,0.586472,0.195623,,lockin:lockin::None:10.003568431956552:2:8:binary:0,lockin,,,10.003568,2
nagaoka_fireworks_G_12,frame_00000.png,frame_00119.png,,,,0,decode失敗,QR未検出,0.003890,0.026193,0.586472,0.195623,,lockin:lockin::None:10.003568431956552:2:16:binary:0,lockin,,,10.003568,2
nagaoka_fireworks_G_12,frame_00000.png,frame_00119.png,,,,0,decode失敗,QR未検出,0.015585,0.048722,0.532834,0.392715,,lockin:lockin::None:10.003568431956552:4:4:binary:0,lockin,,,10.003568,4
nagaoka_fireworks_G_12,frame_00000.png,frame_00119.png,,,,0,decode失敗,QR未検出,0.015585,0.048722,0.532834,0.392715,,lockin:lockin::None:10.003568431956552:4:8:binary:0,lockin,,,10.003568,4
nagaoka_fireworks_G_12,frame_00000.png,frame_00119.png,,,,0,decode失敗,QR未検出,0.015585,0.048722,0.532834,0.392715,,lockin:lockin::None:10.003568431956552:4:16:binary:0,lockin,,,10.003568,4
nagaoka_fireworks_G_12,frame_00000.png,frame_00119.png,,,,0,decode失敗,QR未検出,0.956908,0.424788,0.514655,0.499942,,lockin:lockin::None:10.003568431956552:6:4:binary:0,lockin,,,10.003568,6
nagaoka_fireworks_G_12,frame_00000.png,frame_00119.png,,,,0,decode失敗,QR未検出,0.956908,0.424788,0.514655,0.499942,,lockin:lockin::None:10.003568431956552:6:8:binary:0,lockin,,,10.003568,6
nagaoka_fireworks_G_12,frame_00000.png,frame_00119.png,,,,0,decode失敗,QR未検出,0.956908,0.424788,0.514655,0.499942,,lockin:lockin::None:10.003568431956552:6:16:binary:0,lockin,,,10.003568,6
nagaoka_fireworks_G_12,frame_00000.png,frame_00119.png,,,,0,decode失敗,QR未検出,0.910814,0.451896,0.567198,0.410061,,lockin:lockin::None:10.003568431956552:8:4:binary:0,lockin,,,10.003568,8
nagaoka_fireworks_G_12,frame_00000.png,frame_00119.png,,,,0,decode失敗,QR未検出,0.910814,0.451886,0.567182,0.410069,,lockin:lockin::None:10.003568431956552:8:8:binary:0,lockin,,,10.003568,8
nagaoka_fireworks_G_12,frame_00000.png,frame_00119.png,,,,0,decode失敗,QR未検出,0.910814,0.451886,0.567182,0.410069,,lockin:lockin::None:10.003568431956552:8:16:binary:0,lockin,,,10.003568,8
nagaoka_fireworks_G_12,frame_00000.png,frame_00119.png,,,,0,decode失敗,QR未検出,0.852094,0.489375,0.624080,0.321354,,lockin:lockin::None:10.003568431956552:10:4:binary:0,lockin,,,10.003568,10
nagaoka_fireworks_G_12,frame_00000.png,frame_00119.png,,,,0,decode失敗,QR未検出,0.852094,0.489375,0.624080,0.321354,,lockin:lockin::None:10.003568431956552:10:8:binary:0,lockin,,,10.003568,10
nagaoka_fireworks_G_12,frame_00000.png,frame_00119.png,,,,0,decode失敗,QR未検出,0.852094,0.489375,0.624080,0.321354,,lockin:lockin::None:10.003568431956552:10:16:binary:0,lockin,,,10.003568,10
nagaoka_fireworks_G_12,frame_00000.png,frame_00119.png,,,,0,decode失敗,QR未検出,0.779811,0.537162,0.676607,0.235268,,lockin:lockin::None:10.003568431956552:12:4:binary:0,lockin,,,10.003568,12
nagaoka_fireworks_G_12,frame_00000.png,frame_00119.png,,,,0,decode失敗,QR未検出,0.779811,0.537162,0.676607,0.235268,,lockin:lockin::None:10.003568431956552:12:8:binary:0,lockin,,,10.003568,12
nagaoka_fireworks_G_12,frame_00000.png,frame_00119.png,,,,0,decode失敗,QR未検出,0.779811,0.537162,0.676607,0.235268,,lockin:lockin::None:10.003568431956552:12:16:binary:0,lockin,,,10.003568,12
nagaoka_fireworks_G_12,frame_00000.png,frame_00119.png,,,,0,decode失敗,QR未検出,0.601667,0.632536,0.728894,0.108600,,lockin:lockin::None:10.003568431956552:16:4:binary:0,lockin,,,10.003568,16
nagaoka_fireworks_G_12,frame_00000.png,frame_00119.png,,,,0,decode失敗,QR未検出,0.601667,0.632536,0.728894,0.108600,,lockin:lockin::None:10.003568431956552:16:8:binary:0,lockin,,,10.003568,16
nagaoka_fireworks_G_12,frame_00000.png,frame_00119.png,,,,0,decode失敗,QR未検出,0.601667,0.632536,0.728894,0.108600,,lockin:lockin::None:10.003568431956552:16:16:binary:0,lockin,,,10.003568,16
nagaoka_fireworks_G_12,frame_00000.png,frame_00119.png,,,,0,decode失敗,QR未検出,0.005435,0.026009,0.565686,0.286941,,lockin:lockin::None:14.992863136086896:2:4:binary:0,lockin,,,14.992863,2
nagaoka_fireworks_G_12,frame_00000.png,frame_00119.png,,,,0,decode失敗,QR未検出,0.005435,0.026009,0.565686,0.286941,,lockin:lockin::None:14.992863136086896:2:8:binary:0,lockin,,,14.992863,2
nagaoka_fireworks_G_12,frame_00000.png,frame_00119.png,,,,0,decode失敗,QR未検出,0.005435,0.026009,0.565686,0.286941,,lockin:lockin::None:14.992863136086896:2:16:binary:0,lockin,,,14.992863,2
nagaoka_fireworks_G_12,frame_00000.png,frame_00119.png,,,,0,decode失敗,QR未検出,0.959862,0.417607,0.500191,0.524339,,lockin:lockin::None:14.992863136086896:4:4:binary:0,lockin,,,14.992863,4
nagaoka_fireworks_G_12,frame_00000.png,frame_00119.png,,,,0,decode失敗,QR未検出,0.959862,0.417607,0.500191,0.524339,,lockin:lockin::None:14.992863136086896:4:8:binary:0,lockin,,,14.992863,4
nagaoka_fireworks_G_12,frame_00000.png,frame_00119.png,,,,0,decode失敗,QR未検出,0.959862,0.417607,0.500191,0.524339,,lockin:lockin::None:14.992863136086896:4:16:binary:0,lockin,,,14.992863,4
nagaoka_fireworks_G_12,frame_00000.png,frame_00119.png,,,,0,decode失敗,QR未検出,0.873490,0.438325,0.548384,0.409786,,lockin:lockin::None:14.992863136086896:6:4:binary:0,lockin,,,14.992863,6
nagaoka_fireworks_G_12,frame_00000.png,frame_00119.png,,,,0,decode失敗,QR未検出,0.873490,0.438325,0.548384,0.409786,,lockin:lockin::None:14.992863136086896:6:8:binary:0,lockin,,,14.992863,6
nagaoka_fireworks_G_12,frame_00000.png,frame_00119.png,,,,0,decode失敗,QR未検出,0.873490,0.438325,0.548384,0.409786,,lockin:lockin::None:14.992863136086896:6:16:binary:0,lockin,,,14.992863,6
nagaoka_fireworks_G_12,frame_00000.png,frame_00119.png,,,,0,decode失敗,QR未検出,0.742478,0.466022,0.598244,0.297569,,lockin:lockin::None:14.992863136086896:8:4:binary:0,lockin,,,14.992863,8
nagaoka_fireworks_G_12,frame_00000.png,frame_00119.png,,,,0,decode失敗,QR未検出,0.742478,0.466022,0.598244,0.297569,,lockin:lockin::None:14.992863136086896:8:8:binary:0,lockin,,,14.992863,8
nagaoka_fireworks_G_12,frame_00000.png,frame_00119.png,,,,0,decode失敗,QR未検出,0.742478,0.466022,0.598244,0.297569,,lockin:lockin::None:14.992863136086896:8:16:binary:0,lockin,,,14.992863,8
nagaoka_fireworks_G_12,frame_00000.png,frame_00119.png,,,,0,decode失敗,QR未検出,0.599891,0.501467,0.638765,0.195626,,lockin:lockin::None:14.992863136086896:10:4:binary:0,lockin,,,14.992863,10
nagaoka_fireworks_G_12,frame_00000.png,frame_00119.png,,,,0,decode失敗,QR未検出,0.599891,0.501471,0.638768,0.195624,,lockin:lockin::None:14.992863136086896:10:8:binary:0,lockin,,,14.992863,10
nagaoka_fireworks_G_12,frame_00000.png,frame_00119.png,,,,0,decode失敗,QR未検出,0.599891,0.501471,0.638768,0.195624,,lockin:lockin::None:14.992863136086896:10:16:binary:0,lockin,,,14.992863,10
nagaoka_fireworks_G_12,frame_00000.png,frame_00119.png,,,,0,decode失敗,QR未検出,0.453322,0.528873,0.655436,0.120268,,lockin:lockin::None:14.992863136086896:12:4:binary:0,lockin,,,14.992863,12
nagaoka_fireworks_G_12,frame_00000.png,frame_00119.png,,,,0,decode失敗,QR未検出,0.453322,0.528873,0.655436,0.120268,,lockin:lockin::None:14.992863136086896:12:8:binary:0,lockin,,,14.992863,12
nagaoka_fireworks_G_12,frame_00000.png,frame_00119.png,,,,0,decode失敗,QR未検出,0.453322,0.528873,0.655436,0.120268,,lockin:lockin::None:14.992863136086896:12:16:binary:0,lockin,,,14.992863,12
nagaoka_fireworks_G_12,frame_00000.png,frame_00119.png,,,,0,decode失敗,QR未検出,0.232487,0.566136,0.657183,0.045725,,lockin:lockin::None:14.992863136086896:16:4:binary:0,lockin,,,14.992863,16
nagaoka_fireworks_G_12,frame_00000.png,frame_00119.png,,,,0,decode失敗,QR未検出,0.232487,0.566136,0.657183,0.045725,,lockin:lockin::None:14.992863136086896:16:8:binary:0,lockin,,,14.992863,16
nagaoka_fireworks_G_12,frame_00000.png,frame_00119.png,,,,0,decode失敗,QR未検出,0.232487,0.566136,0.657183,0.045725,,lockin:lockin::None:14.992863136086896:16:16:binary:0,lockin,,,14.992863,16
nagaoka_fireworks_G_12,frame_00000.png,frame_00119.png,,,,0,decode失敗,QR未検出,0.980727,0.420703,0.503470,0.523647,,lockin:lockin::None:29.996431568043448:2:4:binary:0,lockin,,,29.996432,2
nagaoka_fireworks_G_12,frame_00000.png,frame_00119.png,,,,0,decode失敗,QR未検出,0.980727,0.420703,0.503470,0.523647,,lockin:lockin::None:29.996431568043448:2:8:binary:0,lockin,,,29.996432,2
nagaoka_fireworks_G_12,frame_00000.png,frame_00119.png,,,,0,decode失敗,QR未検出,0.980727,0.420703,0.503470,0.523647,,lockin:lockin::None:29.996431568043448:2:16:binary:0,lockin,,,29.996432,2
nagaoka_fireworks_G_12,frame_00000.png,frame_00119.png,,,,0,decode失敗,QR未検出,0.951184,0.517790,0.661187,0.297739,,lockin:lockin::None:29.996431568043448:4:4:binary:0,lockin,,,29.996432,4
nagaoka_fireworks_G_12,frame_00000.png,frame_00119.png,,,,0,decode失敗,QR未検出,0.951184,0.517790,0.661187,0.297739,,lockin:lockin::None:29.996431568043448:4:8:binary:0,lockin,,,29.996432,4
nagaoka_fireworks_G_12,frame_00000.png,frame_00119.png,,,,0,decode失敗,QR未検出,0.951184,0.517790,0.661187,0.297739,,lockin:lockin::None:29.996431568043448:4:16:binary:0,lockin,,,29.996432,4
nagaoka_fireworks_G_12,frame_00000.png,frame_00119.png,,,,0,decode失敗,QR未検出,0.912002,0.635366,0.778366,0.150041,,lockin:lockin::None:29.996431568043448:6:4:binary:0,lockin,,,29.996432,6
nagaoka_fireworks_G_12,frame_00000.png,frame_00119.png,,,,0,decode失敗,QR未検出,0.912002,0.635362,0.778362,0.150043,,lockin:lockin::None:29.996431568043448:6:8:binary:0,lockin,,,29.996432,6
nagaoka_fireworks_G_12,frame_00000.png,frame_00119.png,,,,0,decode失敗,QR未検出,0.912002,0.635362,0.778362,0.150043,,lockin:lockin::None:29.996431568043448:6:16:binary:0,lockin,,,29.996432,6
nagaoka_fireworks_G_12,frame_00000.png,frame_00119.png,,,,0,decode失敗,QR未検出,0.866082,0.728377,0.834373,0.080254,,lockin:lockin::None:29.996431568043448:8:4:binary:0,lockin,,,29.996432,8
nagaoka_fireworks_G_12,frame_00000.png,frame_00119.png,,,,0,decode失敗,QR未検出,0.866082,0.728377,0.834373,0.080254,,lockin:lockin::None:29.996431568043448:8:8:binary:0,lockin,,,29.996432,8
nagaoka_fireworks_G_12,frame_00000.png,frame_00119.png,,,,0,decode失敗,QR未検出,0.866082,0.728377,0.834373,0.080254,,lockin:lockin::None:29.996431568043448:8:16:binary:0,lockin,,,29.996432,8
nagaoka_fireworks_G_12,frame_00000.png,frame_00119.png,,,,0,decode失敗,QR未検出,0.816300,0.792805,0.856072,0.048721,,lockin:lockin::None:29.996431568043448:10:4:binary:0,lockin,,,29.996432,10
nagaoka_fireworks_G_12,frame_00000.png,frame_00119.png,,,,0,decode失敗,QR未検出,0.816334,0.792812,0.856084,0.048721,,lockin:lockin::None:29.996431568043448:10:8:binary:0,lockin,,,29.996432,10
nagaoka_fireworks_G_12,frame_00000.png,frame_00119.png,,,,0,decode失敗,QR未検出,0.816334,0.792812,0.856084,0.048721,,lockin:lockin::None:29.996431568043448:10:16:binary:0,lockin,,,29.996432,10
nagaoka_fireworks_G_12,frame_00000.png,frame_00119.png,,,,0,decode失敗,QR未検出,0.758695,0.835998,0.858571,0.032345,,lockin:lockin::None:29.996431568043448:12:4:binary:0,lockin,,,29.996432,12
nagaoka_fireworks_G_12,frame_00000.png,frame_00119.png,,,,0,decode失敗,QR未検出,0.758714,0.836001,0.858578,0.032345,,lockin:lockin::None:29.996431568043448:12:8:binary:0,lockin,,,29.996432,12
nagaoka_fireworks_G_12,frame_00000.png,frame_00119.png,,,,0,decode失敗,QR未検出,0.758714,0.836001,0.858578,0.032345,,lockin:lockin::None:29.996431568043448:12:16:binary:0,lockin,,,29.996432,12
nagaoka_fireworks_G_12,frame_00000.png,frame_00119.png,,,,0,decode失敗,QR未検出,0.665798,0.890593,0.849199,0.016839,,lockin:lockin::None:29.996431568043448:16:4:binary:0,lockin,,,29.996432,16
nagaoka_fireworks_G_12,frame_00000.png,frame_00119.png,,,,0,decode失敗,QR未検出,0.665798,0.890593,0.849199,0.016839,,lockin:lockin::None:29.996431568043448:16:8:binary:0,lockin,,,29.996432,16
nagaoka_fireworks_G_12,frame_00000.png,frame_00119.png,,,,0,decode失敗,QR未検出,0.665798,0.890593,0.849199,0.016839,,lockin:lockin::None:29.996431568043448:16:16:binary:0,lockin,,,29.996432,16
hocho_G_4,frame_00000.png,frame_00119.png,,,,0,decode失敗,QR未検出,0.002973,0.215989,0.634658,0.008398,,lockin:lockin::None:10.003568431956552:2:4:binary:0,lockin,,,10.003568,2
hocho_G_4,frame_00000.png,frame_00119.png,,,,0,decode失敗,QR未検出,0.002973,0.215989,0.634658,0.008398,,lockin:lockin::None:10.003568431956552:2:8:binary:0,lockin,,,10.003568,2
hocho_G_4,frame_00000.png,frame_00119.png,,,,0,decode失敗,QR未検出,0.002973,0.215989,0.634658,0.008398,,lockin:lockin::None:10.003568431956552:2:16:binary:0,lockin,,,10.003568,2
hocho_G_4,frame_00000.png,frame_00119.png,,,,0,decode失敗,QR未検出,0.030379,0.328840,0.626029,0.064923,,lockin:lockin::None:10.003568431956552:4:4:binary:0,lockin,,,10.003568,4
hocho_G_4,frame_00000.png,frame_00119.png,,,,0,decode失敗,QR未検出,0.030379,0.328840,0.626029,0.064923,,lockin:lockin::None:10.003568431956552:4:8:binary:0,lockin,,,10.003568,4
hocho_G_4,frame_00000.png,frame_00119.png,,,,0,decode失敗,QR未検出,0.030379,0.328840,0.626029,0.064923,,lockin:lockin::None:10.003568431956552:4:16:binary:0,lockin,,,10.003568,4
hocho_G_4,frame_00000.png,frame_00119.png,,,,0,decode失敗,QR未検出,0.074460,0.308281,0.603920,0.167190,,lockin:lockin::None:10.003568431956552:6:4:binary:0,lockin,,,10.003568,6
hocho_G_4,frame_00000.png,frame_00119.png,,,,0,decode失敗,QR未検出,0.074460,0.308281,0.603920,0.167190,,lockin:lockin::None:10.003568431956552:6:8:binary:0,lockin,,,10.003568,6
hocho_G_4,frame_00000.png,frame_00119.png,,,,0,decode失敗,QR未検出,0.074460,0.308281,0.603920,0.167190,,lockin:lockin::None:10.003568431956552:6:16:binary:0,lockin,,,10.003568,6
hocho_G_4,frame_00000.png,frame_00119.png,,,,0,decode失敗,QR未検出,0.137307,0.303906,0.573259,0.273078,,lockin:lockin::None:10.003568431956552:8:4:binary:0,lockin,,,10.003568,8
hocho_G_4,frame_00000.png,frame_00119.png,,,,0,decode失敗,QR未検出,0.137307,0.303906,0.573259,0.273078,,lockin:lockin::None:10.003568431956552:8:8:binary:0,lockin,,,10.003568,8
hocho_G_4,frame_00000.png,frame_00119.png,,,,0,decode失敗,QR未検出,0.137307,0.303906,0.573259,0.273078,,lockin:lockin::None:10.003568431956552:8:16:binary:0,lockin,,,10.003568,8
hocho_G_4,frame_00000.png,frame_00119.png,hocho_G_4/rgb_max_lockin_f300_ps8_th10/00000-00119-FRAME_rgbmax_scale1.00.png,,,0,decode失敗,QR未検出,0.224267,0.304503,0.533102,0.375491,,lockin:lockin::None:10.003568431956552:10:4:binary:0,lockin,,,10.003568,10
hocho_G_4,frame_00000.png,frame_00119.png,hocho_G_4/rgb_max_lockin_f300_ps8_th10/00000-00119-FRAME_rgbmax_scale1.00.png,,,0,decode失敗,QR未検出,0.224267,0.304503,0.533102,0.375491,,lockin:lockin::None:10.003568431956552:10:8:binary:0,lockin,,,10.003568,10
hocho_G_4,frame_00000.png,frame_00119.png,hocho_G_4/rgb_max_lockin_f300_ps8_th10/00000-00119-FRAME_rgbmax_scale1.00.png,,,0,decode失敗,QR未検出,0.224267,0.304503,0.533102,0.375491,,lockin:lockin::None:10.003568431956552:10:16:binary:0,lockin,,,10.003568,10
hocho_G_4,frame_00000.png,frame_00119.png,hocho_G_4/rgb_max_lockin_f300_ps16_th12/00000-00119-FRAME_rgbmax_scale1.00.png,,,0,decode失敗,QR未検出,0.658872,0.390820,0.504043,0.522475,,lockin:lockin::None:10.003568431956552:12:4:binary:0,lockin,,,10.003568,12
hocho_G_4,frame_00000.png,frame_00119.png,hocho_G_4/rgb_max_lockin_f300_ps16_th12/00000-00119-FRAME_rgbmax_scale1.00.png,,,0,decode失敗,QR未検出,0.658872,0.390820,0.504043,0.522475,,lockin:lockin::None:10.003568431956552:12:8:binary:0,lockin,,,10.003568,12
hocho_G_4,frame_00000.png,frame_00119.png,hocho_G_4/rgb_max_lockin_f300_ps16_th12/00000-00119-FRAME_rgbmax_scale1.00.png,,,0,decode失敗,QR未検出,0.658872,0.390820,0.504043,0.522475,,lockin:lockin::None:10.003568431956552:12:16:binary:0,lockin,,,10.003568,12
hocho_G_4,frame_00000.png,frame_00119.png,,,,0,decode失敗,QR未検出,0.399819,0.399679,0.564733,0.323228,,lockin:lockin::None:10.003568431956552:16:4:binary:0,lockin,,,10.003568,16
hocho_G_4,frame_00000.png,frame_00119.png,,,,0,decode失敗,QR未検出,0.399819,0.399679,0.564733,0.323229,,lockin:lockin::None:10.003568431956552:16:8:binary:0,lockin,,,10.003568,16
hocho_G_4,frame_00000.png,frame_00119.png,,,,0,decode失敗,QR未検出,0.399819,0.399679,0.564733,0.323229,,lockin:lockin::None:10.003568431956552:16:16:binary:0,lockin,,,10.003568,16
hocho_G_4,frame_00000.png,frame_00119.png,,,,0,decode失敗,QR未検出,0.009378,0.264606,0.631444,0.023285,,lockin:lockin::None:14.992863136086896:2:4:binary:0,lockin,,,14.992863,2
hocho_G_4,frame_00000.png,frame_00119.png,,,,0,decode失敗,QR未検出,0.009378,0.264606,0.631444,0.023285,,lockin:lockin::None:14.992863136086896:2:8:binary:0,lockin,,,14.992863,2
hocho_G_4,frame_00000.png,frame_00119.png,,,,0,decode失敗,QR未検出,0.009378,0.264606,0.631444,0.023285,,lockin:lockin::None:14.992863136086896:2:16:binary:0,lockin,,,14.992863,2
hocho_G_4,frame_00000.png,frame_00119.png,,,,0,decode失敗,QR未検出,0.059478,0.311975,0.611503,0.142503,,lockin:lockin::None:14.992863136086896:4:4:binary:0,lockin,,,14.992863,4
hocho_G_4,frame_00000.png,frame_00119.png,,,,0,decode失敗,QR未検出,0.059473,0.311957,0.611501,0.142503,,lockin:lockin::None:14.992863136086896:4:8:binary:0,lockin,,,14.992863,4
hocho_G_4,frame_00000.png,frame_00119.png,,,,0,decode失敗,QR未検出,0.059473,0.311957,0.611501,0.142503,,lockin:lockin::None:14.992863136086896:4:16:binary:0,lockin,,,14.992863,4
hocho_G_4,frame_00000.png,frame_00119.png,,,,0,decode失敗,QR未検出,0.127393,0.286459,0.568641,0.280150,,lockin:lockin::None:14.992863136086896:6:4:binary:0,lockin,,,14.992863,6
hocho_G_4,frame_00000.png,frame_00119.png,,,,0,decode失敗,QR未検出,0.127393,0.286459,0.568641,0.280150,,lockin:lockin::None:14.992863136086896:6:8:binary:0,lockin,,,14.992863,6
hocho_G_4,frame_00000.png,frame_00119.png,,,,0,decode失敗,QR未検出,0.127393,0.286459,0.568641,0.280150,,lockin:lockin::None:14.992863136086896:6:16:binary:0,lockin,,,14.992863,6
hocho_G_4,frame_00000.png,frame_00119.png,,,,0,decode失敗,QR未検出,0.249312,0.304397,0.521341,0.408296,,lockin:lockin::None:14.992863136086896:8:4:binary:0,lockin,,,14.992863,8
hocho_G_4,frame_00000.png,frame_00119.png,,,,0,decode失敗,QR未検出,0.249312,0.304397,0.521341,0.408296,,lockin:lockin::None:14.992863136086896:8:8:binary:0,lockin,,,14.992863,8
hocho_G_4,frame_00000.png,frame_00119.png,,,,0,decode失敗,QR未検出,0.249312,0.304397,0.521341,0.408296,,lockin:lockin::None:14.992863136086896:8:16:binary:0,lockin,,,14.992863,8
hocho_G_4,frame_00000.png,frame_00119.png,hocho_G_4/rgb_max_lockin_f300_ps8_th10/00000-00119-FRAME_rgbmax_scale1.00.png,,,0,decode失敗,QR未検出,0.587969,0.395650,0.525062,0.460825,,lockin:lockin::None:14.992863136086896:10:4:binary:0,lockin,,,14.992863,10
hocho_G_4,frame_00000.png,frame_00119.png,hocho_G_4/rgb_max_lockin_f300_ps8_th10/00000-00119-FRAME_rgbmax_scale1.00.png,,,0,decode失敗,QR未検出,0.587969,0.395650,0.525062,0.460825,,lockin:lockin::None:14.992863136086896:10:8:binary:0,lockin,,,14.992863,10
hocho_G_4,frame_00000.png,frame_00119.png,hocho_G_4/rgb_max_lockin_f300_ps8_th10/00000-00119-FRAME_rgbmax_scale1.00.png,,,0,decode失敗,QR未検出,0.587969,0.395650,0.525062,0.460825,,lockin:lockin::None:14.992863136086896:10:16:binary:0,lockin,,,14.992863,10
hocho_G_4,frame_00000.png,frame_00119.png,hocho_G_4/rgb_max_lockin_f300_ps16_th12/00000-00119-FRAME_rgbmax_scale1.00.png,,,0,decode失敗,QR未検出,0.427432,0.399717,0.559744,0.339278,,lockin:lockin::None:14.992863136086896:12:4:binary:0,lockin,,,14.992863,12
hocho_G_4,frame_00000.png,frame_00119.png,hocho_G_4/rgb_max_lockin_f300_ps16_th12/00000-00119-FRAME_rgbmax_scale1.00.png,,,0,decode失敗,QR未検出,0.427432,0.399717,0.559744,0.339278,,lockin:lockin::None:14.992863136086896:12:8:binary:0,lockin,,,14.992863,12
hocho_G_4,frame_00000.png,frame_00119.png,hocho_G_4/rgb_max_lockin_f300_ps16_th12/00000-00119-FRAME_rgbmax_scale1.00.png,,,0,decode失敗,QR未検出,0.427432,0.399717,0.559744,0.339278,,lockin:lockin::None:14.992863136086896:12:16:binary:0,lockin,,,14.992863,12
hocho_G_4,frame_00000.png,frame_00119.png,,,,0,decode失敗,QR未検出,0.206500,0.396442,0.598384,0.159437,,lockin:lockin::None:14.992863136086896:16:4:binary:0,lockin,,,14.992863,16
hocho_G_4,frame_00000.png,frame_00119.png,,,,0,decode失敗,QR未検出,0.206500,0.396442,0.598384,0.159437,,lockin:lockin::None:14.992863136086896:16:8:binary:0,lockin,,,14.992863,16
hocho_G_4,frame_00000.png,frame_00119.png,,,,0,decode失敗,QR未検出,0.206500,0.396442,0.598384,0.159437,,lockin:lockin::None:14.992863136086896:16:16:binary:0,lockin,,,14.992863,16
hocho_G_4,frame_00000.png,frame_00119.png,,,,0,decode失敗,QR未検出,0.072442,0.256819,0.587760,0.199326,,lockin:lockin::None:29.996431568043448:2:4:binary:0,lockin,,,29.996432,2
hocho_G_4,frame_00000.png,frame_00119.png,,,,0,decode失敗,QR未検出,0.072442,0.256819,0.587760,0.199326,,lockin:lockin::None:29.996431568043448:2:8:binary:0,lockin,,,29.996432,2
hocho_G_4,frame_00000.png,frame_00119.png,,,,0,decode失敗,QR未検出,0.072442,0.256819,0.587760,0.199326,,lockin:lockin::None:29.996431568043448:2:16:binary:0,lockin,,,29.996432,2
hocho_G_4,frame_00000.png,frame_00119.png,,,,0,decode失敗,QR未検出,0.762552,0.421446,0.534444,0.513534,,lockin:lockin::None:29.996431568043448:4:4:binary:0,lockin,,,29.996432,4
hocho_G_4,frame_00000.png,frame_00119.png,,,,0,decode失敗,QR未検出,0.762552,0.421446,0.534444,0.513534,,lockin:lockin::None:29.996431568043448:4:8:binary:0,lockin,,,29.996432,4
hocho_G_4,frame_00000.png,frame_00119.png,,,,0,decode失敗,QR未検出,0.762552,0.421446,0.534444,0.513534,,lockin:lockin::None:29.996431568043448:4:16:binary:0,lockin,,,29.996432,4
hocho_G_4,frame_00000.png,frame_00119.png,,,,0,decode失敗,QR未検出,0.556857,0.496181,0.634385,0.276353,,lockin:lockin::None:29.996431568043448:6:4:binary:0,lockin,,,29.996432,6
hocho_G_4,frame_00000.png,frame_00119.png,,,,0,decode失敗,QR未検出,0.556857,0.496181,0.634385,0.276353,,lockin:lockin::None:29.996431568043448:6:8:binary:0,lockin,,,29.996432,6
hocho_G_4,frame_00000.png,frame_00119.png,,,,0,decode失敗,QR未検出,0.556857,0.496181,0.634385,0.276353,,lockin:lockin::None:29.996431568043448:6:16:binary:0,lockin,,,29.996432,6
hocho_G_4,frame_00000.png,frame_00119.png,,,,0,decode失敗,QR未検出,0.403068,0.569176,0.673009,0.137813,,lockin:lockin::None:29.996431568043448:8:4:binary:0,lockin,,,29.996432,8
hocho_G_4,frame_00000.png,frame_00119.png,,,,0,decode失敗,QR未検出,0.403068,0.569176,0.673009,0.137813,,lockin:lockin::None:29.996431568043448:8:8:binary:0,lockin,,,29.996432,8
hocho_G_4,frame_00000.png,frame_00119.png,,,,0,decode失敗,QR未検出,0.403068,0.569176,0.673009,0.137813,,lockin:lockin::None:29.996431568043448:8:16:binary:0,lockin,,,29.996432,8
hocho_G_4,frame_00000.png,frame_00119.png,hocho_G_4/rgb_max_lockin_f300_ps8_th10/00000-00119-FRAME_rgbmax_scale1.00.png,,,0,decode失敗,QR未検出,0.305774,0.644896,0.687302,0.068747,,lockin:lockin::None:29.996431568043448:10:4:binary:0,lockin,,,29.996432,10
hocho_G_4,frame_00000.png,frame_00119.png,hocho_G_4/rgb_max_lockin_f300_ps8_th10/00000-00119-FRAME_rgbmax_scale1.00.png,,,0,decode失敗,QR未検出,0.305774,0.644896,0.687302,0.068747,,lockin:lockin::None:29.996431568043448:10:8:binary:0,lockin,,,29.996432,10
hocho_G_4,frame_00000.png,frame_00119.png,hocho_G_4/rgb_max_lockin_f300_ps8_th10/00000-00119-FRAME_rgbmax_scale1.00.png,,,0,decode失敗,QR未検出,0.305774,0.644896,0.687302,0.068747,,lockin:lockin::None:29.996431568043448:10:16:binary:0,lockin,,,29.996432,10
hocho_G_4,frame_00000.png,frame_00119.png,hocho_G_4/rgb_max_lockin_f300_ps16_th12/00000-00119-FRAME_rgbmax_scale1.00.png,,,0,decode失敗,QR未検出,0.241295,0.716879,0.690418,0.034838,,lockin:lockin::None:29.996431568043448:12:4:binary:0,lockin,,,29.996432,12
hocho_G_4,frame_00000.png,frame_00119.png,hocho_G_4/rgb_max_lockin_f300_ps16_th12/00000-00119-FRAME_rgbmax_scale1.00.png,,,0,decode失敗,QR未検出,0.241295,0.716879,0.690418,0.034838,,lockin:lockin::None:29.996431568043448:12:8:binary:0,lockin,,,29.996432,12
hocho_G_4,frame_00000.png,frame_00119.png,hocho_G_4/rgb_max_lockin_f300_ps16_th12/00000-00119-FRAME_rgbmax_scale1.00.png,,,0,decode失敗,QR未検出,0.241295,0.716879,0.690418,0.034838,,lockin:lockin::None:29.996431568043448:12:16:binary:0,lockin,,,29.996432,12
hocho_G_4,frame_00000.png,frame_00119.png,,,,0,decode失敗,QR未検出,0.171517,0.812511,0.685322,0.011528,,lockin:lockin::None:29.996431568043448:16:4:binary:0,lockin,,,29.996432,16
hocho_G_4,frame_00000.png,frame_00119.png,,,,0,decode失敗,QR未検出,0.171517,0.812511,0.685322,0.011528,,lockin:lockin::None:29.996431568043448:16:8:binary:0,lockin,,,29.996432,16
hocho_G_4,frame_00000.png,frame_00119.png,,,,0,decode失敗,QR未検出,0.171517,0.812511,0.685322,0.011528,,lockin:lockin::None:29.996431568043448:16:16:binary:0,lockin,,,29.996432,16
hocho_G_8,frame_00000.png,frame_00119.png,,,,0,decode失敗,QR未検出,0.000203,0.027062,0.634924,0.004114,,lockin:lockin::None:10.003568431956552:2:4:binary:0,lockin,,,10.003568,2
hocho_G_8,frame_00000.png,frame_00119.png,,,,0,decode失敗,QR未検出,0.000203,0.027062,0.634924,0.004114,,lockin:lockin::None:10.003568431956552:2:8:binary:0,lockin,,,10.003568,2
hocho_G_8,frame_00000.png,frame_00119.png,,,,0,decode失敗,QR未検出,0.000203,0.027062,0.634924,0.004114,,lockin:lockin::None:10.003568431956552:2:16:binary:0,lockin,,,10.003568,2
hocho_G_8,frame_00000.png,frame_00119.png,,,,0,decode失敗,QR未検出,0.009668,0.241180,0.629971,0.035794,,lockin:lockin::None:10.003568431956552:4:4:binary:0,lockin,,,10.003568,4
hocho_G_8,frame_00000.png,frame_00119.png,,,,0,decode失敗,QR未検出,0.009668,0.241180,0.629971,0.035794,,lockin:lockin::None:10.003568431956552:4:8:binary:0,lockin,,,10.003568,4
hocho_G_8,frame_00000.png,frame_00119.png,,,,0,decode失敗,QR未検出,0.009668,0.241180,0.629971,0.035794,,lockin:lockin::None:10.003568431956552:4:16:binary:0,lockin,,,10.003568,4
hocho_G_8,frame_00000.png,frame_00119.png,,,,0,decode失敗,QR未検出,0.034814,0.304077,0.621229,0.104756,,lockin:lockin::None:10.003568431956552:6:4:binary:0,lockin,,,10.003568,6
hocho_G_8,frame_00000.png,frame_00119.png,,,,0,decode失敗,QR未検出,0.034814,0.304077,0.621229,0.104756,,lockin:lockin::None:10.003568431956552:6:8:binary:0,lockin,,,10.003568,6
hocho_G_8,frame_00000.png,frame_00119.png,,,,0,decode失敗,QR未検出,0.034814,0.304077,0.621229,0.104756,,lockin:lockin::None:10.003568431956552:6:16:binary:0,lockin,,,10.003568,6
hocho_G_8,frame_00000.png,frame_00119.png,hocho_G_8/rgb_max_lockin_f300_ps16_th8/00000-00119-FRAME_rgbmax_scale1.00.png,,,0,decode失敗,QR未検出,0.067138,0.291535,0.602686,0.192801,,lockin:lockin::None:10.003568431956552:8:4:binary:0,lockin,,,10.003568,8
hocho_G_8,frame_00000.png,frame_00119.png,hocho_G_8/rgb_max_lockin_f300_ps16_th8/00000-00119-FRAME_rgbmax_scale1.00.png,,,0,decode失敗,QR未検出,0.067138,0.291535,0.602686,0.192801,,lockin:lockin::None:10.003568431956552:8:8:binary:0,lockin,,,10.003568,8
hocho_G_8,frame_00000.png,frame_00119.png,hocho_G_8/rgb_max_lockin_f300_ps16_th8/00000-00119-FRAME_rgbmax_scale1.00.png,,,0,decode失敗,QR未検出,0.067138,0.291535,0.602686,0.192801,,lockin:lockin::None:10.003568431956552:8:16:binary:0,lockin,,,10.003568,8
hocho_G_8,frame_00000.png,frame_00119.png,hocho_G_8/rgb_max_lockin_f300_ps16_th10/00000-00119-FRAME_rgbmax_scale1.00.png,,,0,decode失敗,QR未検出,0.105470,0.275256,0.575057,0.275224,,lockin:lockin::None:10.003568431956552:10:4:binary:0,lockin,,,10.003568,10
hocho_G_8,frame_00000.png,frame_00119.png,hocho_G_8/rgb_max_lockin_f300_ps16_th10/00000-00119-FRAME_rgbmax_scale1.00.png,,,0,decode失敗,QR未検出,0.105470,0.275256,0.575057,0.275224,,lockin:lockin::None:10.003568431956552:10:8:binary:0,lockin,,,10.003568,10
hocho_G_8,frame_00000.png,frame_00119.png,hocho_G_8/rgb_max_lockin_f300_ps16_th10/00000-00119-FRAME_rgbmax_scale1.00.png,,,0,decode失敗,QR未検出,0.105470,0.275256,0.575057,0.275224,,lockin:lockin::None:10.003568431956552:10:16:binary:0,lockin,,,10.003568,10
hocho_G_8,frame_00000.png,frame_00119.png,,,,0,decode失敗,QR未検出,0.161652,0.272881,0.539947,0.356466,,lockin:lockin::None:10.003568431956552:12:4:binary:0,lockin,,,10.003568,12
hocho_G_8,frame_00000.png,frame_00119.png,,,,0,decode失敗,QR未検出,0.161652,0.272881,0.539947,0.356466,,lockin:lockin::None:10.003568431956552:12:8:binary:0,lockin,,,10.003568,12
hocho_G_8,frame_00000.png,frame_00119.png,,,,0,decode失敗,QR未検出,0.161652,0.272881,0.539947,0.356466,,lockin:lockin::None:10.003568431956552:12:16:binary:0,lockin,,,10.003568,12
hocho_G_8,frame_00000.png,frame_00119.png,,,,0,decode失敗,QR未検出,0.671025,0.415634,0.538741,0.471034,,lockin:lockin::None:10.003568431956552:16:4:binary:0,lockin,,,10.003568,16
hocho_G_8,frame_00000.png,frame_00119.png,,,,0,decode失敗,QR未検出,0.671025,0.415634,0.538741,0.471034,,lockin:lockin::None:10.003568431956552:16:8:binary:0,lockin,,,10.003568,16
hocho_G_8,frame_00000.png,frame_00119.png,,,,0,decode失敗,QR未検出,0.671025,0.415634,0.538741,0.471034,,lockin:lockin::None:10.003568431956552:16:16:binary:0,lockin,,,10.003568,16
hocho_G_8,frame_00000.png,frame_00119.png,,,,0,decode失敗,QR未検出,0.001651,0.120635,0.633729,0.009457,,lockin:lockin::None:14.992863136086896:2:4:binary:0,lockin,,,14.992863,2
hocho_G_8,frame_00000.png,frame_00119.png,,,,0,decode失敗,QR未検出,0.001651,0.120635,0.633729,0.009457,,lockin:lockin::None:14.992863136086896:2:8:binary:0,lockin,,,14.992863,2
hocho_G_8,frame_00000.png,frame_00119.png,,,,0,decode失敗,QR未検出,0.001651,0.120635,0.633729,0.009457,,lockin:lockin::None:14.992863136086896:2:16:binary:0,lockin,,,14.992863,2
hocho_G_8,frame_00000.png,frame_00119.png,,,,0,decode失敗,QR未検出,0.023303,0.307281,0.626897,0.071425,,lockin:lockin::None:14.992863136086896:4:4:binary:0,lockin,,,14.992863,4
hocho_G_8,frame_00000.png,frame_00119.png,,,,0,decode失敗,QR未検出,0.023303,0.307281,0.626897,0.071425,,lockin:lockin::None:14.992863136086896:4:8:binary:0,lockin,,,14.992863,4
hocho_G_8,frame_00000.png,frame_00119.png,,,,0,decode失敗,QR未検出,0.023303,0.307281,0.626897,0.071425,,lockin:lockin::None:14.992863136086896:4:16:binary:0,lockin,,,14.992863,4
hocho_G_8,frame_00000.png,frame_00119.png,,,,0,decode失敗,QR未検出,0.055699,0.295670,0.609585,0.170019,,lockin:lockin::None:14.992863136086896:6:4:binary:0,lockin,,,14.992863,6
hocho_G_8,frame_00000.png,frame_00119.png,,,,0,decode失敗,QR未検出,0.055699,0.295670,0.609585,0.170019,,lockin:lockin::None:14.992863136086896:6:8:binary:0,lockin,,,14.992863,6
hocho_G_8,frame_00000.png,frame_00119.png,,,,0,decode失敗,QR未検出,0.055699,0.295670,0.609585,0.170019,,lockin:lockin::None:14.992863136086896:6:16:binary:0,lockin,,,14.992863,6
hocho_G_8,frame_00000.png,frame_00119.png,hocho_G_8/rgb_max_lockin_f300_ps16_th8/00000-00119-FRAME_rgbmax_scale1.00.png,,,0,decode失敗,QR未検出,0.095499,0.268685,0.577885,0.267239,,lockin:lockin::None:14.992863136086896:8:4:binary:0,lockin,,,14.992863,8
hocho_G_8,frame_00000.png,frame_00119.png,hocho_G_8/rgb_max_lockin_f300_ps16_th8/00000-00119-FRAME_rgbmax_scale1.00.png,,,0,decode失敗,QR未検出,0.095499,0.268685,0.577885,0.267238,,lockin:lockin::None:14.992863136086896:8:8:binary:0,lockin,,,14.992863,8
hocho_G_8,frame_00000.png,frame_00119.png,hocho_G_8/rgb_max_lockin_f300_ps16_th8/00000-00119-FRAME_rgbmax_scale1.00.png,,,0,decode失敗,QR未検出,0.095499,0.268685,0.577885,0.267238,,lockin:lockin::None:14.992863136086896:8:16:binary:0,lockin,,,14.992863,8
hocho_G_8,frame_00000.png,frame_00119.png,hocho_G_8/rgb_max_lockin_f300_ps16_th10/00000-00119-FRAME_rgbmax_scale1.00.png,,,0,decode失敗,QR未検出,0.159625,0.269117,0.538204,0.359331,,lockin:lockin::None:14.992863136086896:10:4:binary:0,lockin,,,14.992863,10
hocho_G_8,frame_00000.png,frame_00119.png,hocho_G_8/rgb_max_lockin_f300_ps16_th10/00000-00119-FRAME_rgbmax_scale1.00.png,,,0,decode失敗,QR未検出,0.159625,0.269117,0.538204,0.359331,,lockin:lockin::None:14.992863136086896:10:8:binary:0,lockin,,,14.992863,10
hocho_G_8,frame_00000.png,frame_00119.png,hocho_G_8/rgb_max_lockin_f300_ps16_th10/00000-00119-FRAME_rgbmax_scale1.00.png,,,0,decode失敗,QR未検出,0.159625,0.269117,0.538204,0.359331,,lockin:lockin::None:14.992863136086896:10:16:binary:0,lockin,,,14.992863,10
hocho_G_8,frame_00000.png,frame_00119.png,,,,0,decode失敗,QR未検出,0.750779,0.403136,0.506705,0.543187,,lockin:lockin::None:14.992863136086896:12:4:binary:0,lockin,,,14.992863,12
hocho_G_8,frame_00000.png,frame_00119.png,,,,0,decode失敗,QR未検出,0.750779,0.403136,0.506705,0.543187,,lockin:lockin::None:14.992863136086896:12:8:binary:0,lockin,,,14.992863,12
hocho_G_8,frame_00000.png,frame_00119.png,,,,0,decode失敗,QR未検出,0.750779,0.403136,0.506705,0.543187,,lockin:lockin::None:14.992863136086896:12:16:binary:0,lockin,,,14.992863,12
hocho_G_8,frame_00000.png,frame_00119.png,,,,0,decode失敗,QR未検出,0.537647,0.439738,0.584073,0.348018,,lockin:lockin::None:14.992863136086896:16:4:binary:0,lockin,,,14.992863,16
hocho_G_8,frame_00000.png,frame_00119.png,,,,0,decode失敗,QR未検出,0.537647,0.439738,0.584073,0.348018,,lockin:lockin::None:14.992863136086896:16:8:binary:0,lockin,,,14.992863,16
hocho_G_8,frame_00000.png,frame_00119.png,,,,0,decode失敗,QR未検出,0.537647,0.439738,0.584073,0.348017,,lockin:lockin::None:14.992863136086896:16:16:binary:0,lockin,,,14.992863,16
hocho_G_8,frame_00000.png,frame_00119.png,,,,0,decode失敗,QR未検出,0.082843,0.178831,0.529624,0.349719,,lockin:lockin::None:29.996431568043448:2:4:binary:0,lockin,,,29.996432,2
hocho_G_8,frame_00000.png,frame_00119.png,,,,0,decode失敗,QR未検出,0.082843,0.178831,0.529624,0.349719,,lockin:lockin::None:29.996431568043448:2:8:binary:0,lockin,,,29.996432,2
hocho_G_8,frame_00000.png,frame_00119.png,,,,0,decode失敗,QR未検出,0.082843,0.178831,0.529624,0.349719,,lockin:lockin::None:29.996431568043448:2:16:binary:0,lockin,,,29.996432,2
hocho_G_8,frame_00000.png,frame_00119.png,,,,0,decode失敗,QR未検出,0.775096,0.545510,0.684375,0.273546,,lockin:lockin::None:29.996431568043448:4:4:binary:0,lockin,,,29.996432,4
hocho_G_8,frame_00000.png,frame_00119.png,,,,0,decode失敗,QR未検出,0.775096,0.545510,0.684375,0.273546,,lockin:lockin::None:29.996431568043448:4:8:binary:0,lockin,,,29.996432,4
hocho_G_8,frame_00000.png,frame_00119.png,,,,0,decode失敗,QR未検出,0.775096,0.545510,0.684375,0.273546,,lockin:lockin::None:29.996431568043448:4:16:binary:0,lockin,,,29.996432,4
hocho_G_8,frame_00000.png,frame_00119.png,,,,0,decode失敗,QR未検出,0.657197,0.686287,0.766828,0.102010,,lockin:lockin::None:29.996431568043448:6:4:binary:0,lockin,,,29.996432,6
hocho_G_8,frame_00000.png,frame_00119.png,,,,0,decode失敗,QR未検出,0.657197,0.686287,0.766828,0.102010,,lockin:lockin::None:29.996431568043448:6:8:binary:0,lockin,,,29.996432,6
hocho_G_8,frame_00000.png,frame_00119.png,,,,0,decode失敗,QR未検出,0.657197,0.686287,0.766828,0.102010,,lockin:lockin::None:29.996431568043448:6:16:binary:0,lockin,,,29.996432,6
hocho_G_8,frame_00000.png,frame_00119.png,hocho_G_8/rgb_max_lockin_f300_ps16_th8/00000-00119-FRAME_rgbmax_scale1.00.png,,,0,decode失敗,QR未検出,0.568605,0.780924,0.785791,0.043314,,lockin:lockin::None:29.996431568043448:8:4:binary:0,lockin,,,29.996432,8
hocho_G_8,frame_00000.png,frame_00119.png,hocho_G_8/rgb_max_lockin_f300_ps16_th8/00000-00119-FRAME_rgbmax_scale1.00.png,,,0,decode失敗,QR未検出,0.568605,0.780924,0.785791,0.043314,,lockin:lockin::None:29.996431568043448:8:8:binary:0,lockin,,,29.996432,8
hocho_G_8,frame_00000.png,frame_00119.png,hocho_G_8/rgb_max_lockin_f300_ps16_th8/00000-00119-FRAME_rgbmax_scale1.00.png,,,0,decode失敗,QR未検出,0.568605,0.780924,0.785791,0.043314,,lockin:lockin::None:29.996431568043448:8:16:binary:0,lockin,,,29.996432,8
hocho_G_8,frame_00000.png,frame_00119.png,hocho_G_8/rgb_max_lockin_f300_ps16_th10/00000-00119-FRAME_rgbmax_scale1.00.png,,,0,decode失敗,QR未検出,0.501738,0.838811,0.784425,0.022499,,lockin:lockin::None:29.996431568043448:10:4:binary:0,lockin,,,29.996432,10
hocho_G_8,frame_00000.png,frame_00119.png,hocho_G_8/rgb_max_lockin_f300_ps16_th10/00000-00119-FRAME_rgbmax_scale1.00.png,,,0,decode失敗,QR未検出,0.501738,0.838811,0.784425,0.022499,,lockin:lockin::None:29.996431568043448:10:8:binary:0,lockin,,,29.996432,10
hocho_G_8,frame_00000.png,frame_00119.png,hocho_G_8/rgb_max_lockin_f300_ps16_th10/00000-00119-FRAME_rgbmax_scale1.00.png,,,0,decode失敗,QR未検出,0.501738,0.838811,0.784425,0.022499,,lockin:lockin::None:29.996431568043448:10:16:binary:0,lockin,,,29.996432,10
hocho_G_8,frame_00000.png,frame_00119.png,,,,0,decode失敗,QR未検出,0.450204,0.879489,0.778332,0.013349,,lockin:lockin::None:29.996431568043448:12:4:binary:0,lockin,,,29.996432,12
hocho_G_8,frame_00000.png,frame_00119.png,,,,0,decode失敗,QR未検出,0.450204,0.879489,0.778332,0.013349,,lockin:lockin::None:29.996431568043448:12:8:binary:0,lockin,,,29.996432,12
hocho_G_8,frame_00000.png,frame_00119.png,,,,0,decode失敗,QR未検出,0.450204,0.879489,0.778332,0.013349,,lockin:lockin::None:29.996431568043448:12:16:binary:0,lockin,,,29.996432,12
hocho_G_8,frame_00000.png,frame_00119.png,,,,0,decode失敗,QR未検出,0.368480,0.928048,0.760713,0.005749,,lockin:lockin::None:29.996431568043448:16:4:binary:0,lockin,,,29.996432,16
hocho_G_8,frame_00000.png,frame_00119.png,,,,0,decode失敗,QR未検出,0.368480,0.928048,0.760713,0.005749,,lockin:lockin::None:29.996431568043448:16:8:binary:0,lockin,,,29.996432,16
hocho_G_8,frame_00000.png,frame_00119.png,,,,0,decode失敗,QR未検出,0.368480,0.928048,0.760713,0.005749,,lockin:lockin::None:29.996431568043448:16:16:binary:0,lockin,,,29.996432,16
hocho_G_12,frame_00000.png,frame_00119.png,,,,0,decode失敗,QR未検出,0.000700,0.090625,0.635201,0.008045,,lockin:lockin::None:10.003568431956552:2:4:binary:0,lockin,,,10.003568,2
hocho_G_12,frame_00000.png,frame_00119.png,,,,0,decode失敗,QR未検出,0.000700,0.090625,0.635201,0.008045,,lockin:lockin::None:10.003568431956552:2:8:binary:0,lockin,,,10.003568,2
hocho_G_12,frame_00000.png,frame_00119.png,,,,0,decode失敗,QR未検出,0.000700,0.090625,0.635201,0.008045,,lockin:lockin::None:10.003568431956552:2:16:binary:0,lockin,,,10.003568,2
hocho_G_12,frame_00000.png,frame_00119.png,,,,0,decode失敗,QR未検出,0.003900,0.120741,0.628611,0.067273,,lockin:lockin::None:10.003568431956552:4:4:binary:0,lockin,,,10.003568,4
hocho_G_12,frame_00000.png,frame_00119.png,,,,0,decode失敗,QR未検出,0.003900,0.120741,0.628611,0.067273,,lockin:lockin::None:10.003568431956552:4:8:binary:0,lockin,,,10.003568,4
hocho_G_12,frame_00000.png,frame_00119.png,,,,0,decode失敗,QR未検出,0.003900,0.120741,0.628611,0.067273,,lockin:lockin::None:10.003568431956552:4:16:binary:0,lockin,,,10.003568,4
hocho_G_12,frame_00000.png,frame_00119.png,,,,0,decode失敗,QR未検出,0.010985,0.107101,0.608275,0.166474,,lockin:lockin::None:10.003568431956552:6:4:binary:0,lockin,,,10.003568,6
hocho_G_12,frame_00000.png,frame_00119.png,,,,0,decode失敗,QR未検出,0.010985,0.107101,0.608275,0.166474,,lockin:lockin::None:10.003568431956552:6:8:binary:0,lockin,,,10.003568,6
hocho_G_12,frame_00000.png,frame_00119.png,,,,0,decode失敗,QR未検出,0.010985,0.107101,0.608275,0.166474,,lockin:lockin::None:10.003568431956552:6:16:binary:0,lockin,,,10.003568,6
hocho_G_12,frame_00000.png,frame_00119.png,hocho_G_12/rgb_max_lockin_f300_ps16_th8/00000-00119-FRAME_rgbmax_scale1.00.png,,,0,decode失敗,QR未検出,0.031812,0.134307,0.574693,0.268407,,lockin:lockin::None:10.003568431956552:8:4:binary:0,lockin,,,10.003568,8
hocho_G_12,frame_00000.png,frame_00119.png,hocho_G_12/rgb_max_lockin_f300_ps16_th8/00000-00119-FRAME_rgbmax_scale1.00.png,,,0,decode失敗,QR未検出,0.031812,0.134307,0.574693,0.268407,,lockin:lockin::None:10.003568431956552:8:8:binary:0,lockin,,,10.003568,8
hocho_G_12,frame_00000.png,frame_00119.png,hocho_G_12/rgb_max_lockin_f300_ps16_th8/00000-00119-FRAME_rgbmax_scale1.00.png,,,0,decode失敗,QR未検出,0.031812,0.134307,0.574693,0.268407,,lockin:lockin::None:10.003568431956552:8:16:binary:0,lockin,,,10.003568,8
hocho_G_12,frame_00000.png,frame_00119.png,hocho_G_12/rgb_max_lockin_f300_ps8_th10/00000-00119-FRAME_rgbmax_scale1.00.png,,,0,decode失敗,QR未検出,0.072833,0.161513,0.526828,0.370548,,lockin:lockin::None:10.003568431956552:10:4:binary:0,lockin,,,10.003568,10
hocho_G_12,frame_00000.png,frame_00119.png,hocho_G_12/rgb_max_lockin_f300_ps8_th10/00000-00119-FRAME_rgbmax_scale1.00.png,,,0,decode失敗,QR未検出,0.072833,0.161513,0.526828,0.370548,,lockin:lockin::None:10.003568431956552:10:8:binary:0,lockin,,,10.003568,10
hocho_G_12,frame_00000.png,frame_00119.png,hocho_G_12/rgb_max_lockin_f300_ps8_th10/00000-00119-FRAME_rgbmax_scale1.00.png,,,0,decode失敗,QR未検出,0.072833,0.161513,0.526828,0.370548,,lockin:lockin::None:10.003568431956552:10:16:binary:0,lockin,,,10.003568,10
hocho_G_12,frame_00000.png,frame_00119.png,,,,0,decode失敗,QR未検出,0.858687,0.423848,0.525638,0.524595,,lockin:lockin::None:10.003568431956552:12:4:binary:0,lockin,,,10.003568,12
hocho_G_12,frame_00000.png,frame_00119.png,,,,0,decode失敗,QR未検出,0.858687,0.423843,0.525629,0.524600,,lockin:lockin::None:10.003568431956552:12:8:binary:0,lockin,,,10.003568,12
hocho_G_12,frame_00000.png,frame_00119.png,,,,0,decode失敗,QR未検出,0.858687,0.423845,0.525633,0.524598,,lockin:lockin::None:10.003568431956552:12:16:binary:0,lockin,,,10.003568,12
hocho_G_12,frame_00000.png,frame_00119.png,,,,0,decode失敗,QR未検出,0.687078,0.475768,0.612121,0.327498,,lockin:lockin::None:10.003568431956552:16:4:binary:0,lockin,,,10.003568,16
hocho_G_12,frame_00000.png,frame_00119.png,,,,0,decode失敗,QR未検出,0.687078,0.475768,0.612121,0.327498,,lockin:lockin::None:10.003568431956552:16:8:binary:0,lockin,,,10.003568,16
hocho_G_12,frame_00000.png,frame_00119.png,,,,0,decode失敗,QR未検出,0.687088,0.475770,0.612122,0.327499,,lockin:lockin::None:10.003568431956552:16:16:binary:0,lockin,,,10.003568,16
hocho_G_12,frame_00000.png,frame_00119.png,,,,0,decode失敗,QR未検出,0.001033,0.082914,0.633726,0.021033,,lockin:lockin::None:14.992863136086896:2:4:binary:0,lockin,,,14.992863,2
hocho_G_12,frame_00000.png,frame_00119.png,,,,0,decode失敗,QR未検出,0.001033,0.082914,0.633726,0.021033,,lockin:lockin::None:14.992863136086896:2:8:binary:0,lockin,,,14.992863,2
hocho_G_12,frame_00000.png,frame_00119.png,,,,0,decode失敗,QR未検出,0.001033,0.082914,0.633726,0.021033,,lockin:lockin::None:14.992863136086896:2:16:binary:0,lockin,,,14.992863,2
hocho_G_12,frame_00000.png,frame_00119.png,,,,0,decode失敗,QR未検出,0.005608,0.088872,0.618682,0.128976,,lockin:lockin::None:14.992863136086896:4:4:binary:0,lockin,,,14.992863,4
hocho_G_12,frame_00000.png,frame_00119.png,,,,0,decode失敗,QR未検出,0.005608,0.088872,0.618682,0.128976,,lockin:lockin::None:14.992863136086896:4:8:binary:0,lockin,,,14.992863,4
hocho_G_12,frame_00000.png,frame_00119.png,,,,0,decode失敗,QR未検出,0.005608,0.088872,0.618682,0.128976,,lockin:lockin::None:14.992863136086896:4:16:binary:0,lockin,,,14.992863,4
hocho_G_12,frame_00000.png,frame_00119.png,,,,0,decode失敗,QR未検出,0.017323,0.092395,0.582088,0.252098,,lockin:lockin::None:14.992863136086896:6:4:binary:0,lockin,,,14.992863,6
hocho_G_12,frame_00000.png,frame_00119.png,,,,0,decode失敗,QR未検出,0.017323,0.092395,0.582088,0.252098,,lockin:lockin::None:14.992863136086896:6:8:binary:0,lockin,,,14.992863,6
hocho_G_12,frame_00000.png,frame_00119.png,,,,0,decode失敗,QR未検出,0.017323,0.092395,0.582088,0.252098,,lockin:lockin::None:14.992863136086896:6:16:binary:0,lockin,,,14.992863,6
hocho_G_12,frame_00000.png,frame_00119.png,hocho_G_12/rgb_max_lockin_f300_ps16_th8/00000-00119-FRAME_rgbmax_scale1.00.png,,,0,decode失敗,QR未検出,0.048232,0.116500,0.522380,0.371418,,lockin:lockin::None:14.992863136086896:8:4:binary:0,lockin,,,14.992863,8
hocho_G_12,frame_00000.png,frame_00119.png,hocho_G_12/rgb_max_lockin_f300_ps16_th8/00000-00119-FRAME_rgbmax_scale1.00.png,,,0,decode失敗,QR未検出,0.048232,0.116500,0.522380,0.371418,,lockin:lockin::None:14.992863136086896:8:8:binary:0,lockin,,,14.992863,8
hocho_G_12,frame_00000.png,frame_00119.png,hocho_G_12/rgb_max_lockin_f300_ps16_th8/00000-00119-FRAME_rgbmax_scale1.00.png,,,0,decode失敗,QR未検出,0.048232,0.116500,0.522380,0.371418,,lockin:lockin::None:14.992863136086896:8:16:binary:0,lockin,,,14.992863,8
hocho_G_12,frame_00000.png,frame_00119.png,hocho_G_12/rgb_max_lockin_f300_ps8_th10/00000-00119-FRAME_rgbmax_scale1.00.png,,,0,decode失敗,QR未検出,0.898632,0.442106,0.552175,0.501155,,lockin:lockin::None:14.992863136086896:10:4:binary:0,lockin,,,14.992863,10
hocho_G_12,frame_00000.png,frame_00119.png,hocho_G_12/rgb_max_lockin_f300_ps8_th10/00000-00119-FRAME_rgbmax_scale1.00.png,,,0,decode失敗,QR未検出,0.898632,0.442106,0.552175,0.501159,,lockin:lockin::None:14.992863136086896:10:8:binary:0,lockin,,,14.992863,10
hocho_G_12,frame_00000.png,frame_00119.png,hocho_G_12/rgb_max_lockin_f300_ps8_th10/00000-00119-FRAME_rgbmax_scale1.00.png,,,0,decode失敗,QR未検出,0.898632,0.442106,0.552175,0.501159,,lockin:lockin::None:14.992863136086896:10:16:binary:0,lockin,,,14.992863,10
hocho_G_12,frame_00000.png,frame_00119.png,,,,0,decode失敗,QR未検出,0.826089,0.484333,0.618119,0.379643,,lockin:lockin::None:14.992863136086896:12:4:binary:0,lockin,,,14.992863,12
hocho_G_12,frame_00000.png,frame_00119.png,,,,0,decode失敗,QR未検出,0.826089,0.484333,0.618119,0.379643,,lockin:lockin::None:14.992863136086896:12:8:binary:0,lockin,,,14.992863,12
hocho_G_12,frame_00000.png,frame_00119.png,,,,0,decode失敗,QR未検出,0.826089,0.484333,0.618119,0.379643,,lockin:lockin::None:14.992863136086896:12:16:binary:0,lockin,,,14.992863,12
hocho_G_12,frame_00000.png,frame_00119.png,,,,0,decode失敗,QR未検出,0.643234,0.556514,0.684851,0.197224,,lockin:lockin::None:14.992863136086896:16:4:binary:0,lockin,,,14.992863,16
hocho_G_12,frame_00000.png,frame_00119.png,,,,0,decode失敗,QR未検出,0.643234,0.556514,0.684851,0.197224,,lockin:lockin::None:14.992863136086896:16:8:binary:0,lockin,,,14.992863,16
hocho_G_12,frame_00000.png,frame_00119.png,,,,0,decode失敗,QR未検出,0.643234,0.556514,0.684851,0.197224,,lockin:lockin::None:14.992863136086896:16:16:binary:0,lockin,,,14.992863,16
hocho_G_12,frame_00000.png,frame_00119.png,,,,0,decode失敗,QR未検出,0.888038,0.690623,0.815203,0.086207,,lockin:lockin::None:29.996431568043448:2:4:binary:0,lockin,,,29.996432,2
hocho_G_12,frame_00000.png,frame_00119.png,,,,0,decode失敗,QR未検出,0.888038,0.690623,0.815203,0.086207,,lockin:lockin::None:29.996431568043448:2:8:binary:0,lockin,,,29.996432,2
hocho_G_12,frame_00000.png,frame_00119.png,,,,0,decode失敗,QR未検出,0.888038,0.690623,0.815203,0.086207,,lockin:lockin::None:29.996431568043448:2:16:binary:0,lockin,,,29.996432,2
hocho_G_12,frame_00000.png,frame_00119.png,,,,0,decode失敗,QR未検出,0.856105,0.823138,0.881155,0.035256,,lockin:lockin::None:29.996431568043448:4:4:binary:0,lockin,,,29.996432,4
hocho_G_12,frame_00000.png,frame_00119.png,,,,0,decode失敗,QR未検出,0.856105,0.823138,0.881155,0.035256,,lockin:lockin::None:29.996431568043448:4:8:binary:0,lockin,,,29.996432,4
hocho_G_12,frame_00000.png,frame_00119.png,,,,0,decode失敗,QR未検出,0.856105,0.823138,0.881155,0.035256,,lockin:lockin::None:29.996431568043448:4:16:binary:0,lockin,,,29.996432,4
hocho_G_12,frame_00000.png,frame_00119.png,,,,0,decode失敗,QR未検出,0.831340,0.876001,0.896201,0.022355,,lockin:lockin::None:29.996431568043448:6:4:binary:0,lockin,,,29.996432,6
hocho_G_12,frame_00000.png,frame_00119.png,,,,0,decode失敗,QR未検出,0.831340,0.876001,0.896201,0.022355,,lockin:lockin::None:29.996431568043448:6:8:binary:0,lockin,,,29.996432,6
hocho_G_12,frame_00000.png,frame_00119.png,,,,0,decode失敗,QR未検出,0.831340,0.876001,0.896201,0.022355,,lockin:lockin::None:29.996431568043448:6:16:binary:0,lockin,,,29.996432,6
hocho_G_12,frame_00000.png,frame_00119.png,hocho_G_12/rgb_max_lockin_f300_ps16_th8/00000-00119-FRAME_rgbmax_scale1.00.png,,,0,decode失敗,QR未検出,0.809398,0.907859,0.901126,0.015554,,lockin:lockin::None:29.996431568043448:8:4:binary:0,lockin,,,29.996432,8
hocho_G_12,frame_00000.png,frame_00119.png,hocho_G_12/rgb_max_lockin_f300_ps16_th8/00000-00119-FRAME_rgbmax_scale1.00.png,,,0,decode失敗,QR未検出,0.809398,0.907859,0.901126,0.015554,,lockin:lockin::None:29.996431568043448:8:8:binary:0,lockin,,,29.996432,8
hocho_G_12,frame_00000.png,frame_00119.png,hocho_G_12/rgb_max_lockin_f300_ps16_th8/00000-00119-FRAME_rgbmax_scale1.00.png,,,0,decode失敗,QR未検出,0.809398,0.907859,0.901126,0.015554,,lockin:lockin::None:29.996431568043448:8:16:binary:0,lockin,,,29.996432,8
hocho_G_12,frame_00000.png,frame_00119.png,hocho_G_12/rgb_max_lockin_f300_ps8_th10/00000-00119-FRAME_rgbmax_scale1.00.png,,,0,decode失敗,QR未検出,0.789069,0.926103,0.900711,0.011914,,lockin:lockin::None:29.996431568043448:10:4:binary:0,lockin,,,29.996432,10
hocho_G_12,frame_00000.png,frame_00119.png,hocho_G_12/rgb_max_lockin_f300_ps8_th10/00000-00119-FRAME_rgbmax_scale1.00.png,,,0,decode失敗,QR未検出,0.789069,0.926103,0.900711,0.011914,,lockin:lockin::None:29.996431568043448:10:8:binary:0,lockin,,,29.996432,10
hocho_G_12,frame_00000.png,frame_00119.png,hocho_G_12/rgb_max_lockin_f300_ps8_th10/00000-00119-FRAME_rgbmax_scale1.00.png,,,0,decode失敗,QR未検出,0.789069,0.926103,0.900711,0.011914,,lockin:lockin::None:29.996431568043448:10:16:binary:0,lockin,,,29.996432,10
hocho_G_12,frame_00000.png,frame_00119.png,,,,0,decode失敗,QR未検出,0.769791,0.938287,0.898194,0.009580,,lockin:lockin::None:29.996431568043448:12:4:binary:0,lockin,,,29.996432,12
hocho_G_12,frame_00000.png,frame_00119.png,,,,0,decode失敗,QR未検出,0.769791,0.938287,0.898194,0.009580,,lockin:lockin::None:29.996431568043448:12:8:binary:0,lockin,,,29.996432,12
hocho_G_12,frame_00000.png,frame_00119.png,,,,0,decode失敗,QR未検出,0.769791,0.938287,0.898194,0.009580,,lockin:lockin::None:29.996431568043448:12:16:binary:0,lockin,,,29.996432,12
hocho_G_12,frame_00000.png,frame_00119.png,,,,0,decode失敗,QR未検出,0.732033,0.953767,0.889996,0.006714,,lockin:lockin::None:29.996431568043448:16:4:binary:0,lockin,,,29.996432,16
hocho_G_12,frame_00000.png,frame_00119.png,,,,0,decode失敗,QR未検出,0.732033,0.953767,0.889996,0.006714,,lockin:lockin::None:29.996431568043448:16:8:binary:0,lockin,,,29.996432,16
hocho_G_12,frame_00000.png,frame_00119.png,,,,0,decode失敗,QR未検出,0.732033,0.953767,0.889996,0.006714,,lockin:lockin::None:29.996431568043448:16:16:binary:0,lockin,,,29.996432,16
ex_G_4,frame_00000.png,frame_00119.png,,,,0,decode失敗,QR未検出,0.001356,0.109084,0.633969,0.002744,,lockin:lockin::None:10.003568431956552:2:4:binary:0,lockin,,,10.003568,2
ex_G_4,frame_00000.png,frame_00119.png,,,,0,decode失敗,QR未検出,0.001356,0.109084,0.633969,0.002744,,lockin:lockin::None:10.003568431956552:2:8:binary:0,lockin,,,10.003568,2
ex_G_4,frame_00000.png,frame_00119.png,,,,0,decode失敗,QR未検出,0.001356,0.109084,0.633969,0.002744,,lockin:lockin::None:10.003568431956552:2:16:binary:0,lockin,,,10.003568,2
ex_G_4,frame_00000.png,frame_00119.png,,,,0,decode失敗,QR未検出,0.005184,0.155225,0.629145,0.008452,,lockin:lockin::None:10.003568431956552:4:4:binary:0,lockin,,,10.003568,4
ex_G_4,frame_00000.png,frame_00119.png,,,,0,decode失敗,QR未検出,0.005184,0.155225,0.629145,0.008452,,lockin:lockin::None:10.003568431956552:4:8:binary:0,lockin,,,10.003568,4
ex_G_4,frame_00000.png,frame_00119.png,,,,0,decode失敗,QR未検出,0.005184,0.155225,0.629145,0.008452,,lockin:lockin::None:10.003568431956552:4:16:binary:0,lockin,,,10.003568,4
ex_G_4,frame_00000.png,frame_00119.png,,,,0,decode失敗,QR未検出,0.009914,0.183622,0.625108,0.014992,,lockin:lockin::None:10.003568431956552:6:4:binary:0,lockin,,,10.003568,6
ex_G_4,frame_00000.png,frame_00119.png,,,,0,decode失敗,QR未検出,0.009914,0.183622,0.625108,0.014992,,lockin:lockin::None:10.003568431956552:6:8:binary:0,lockin,,,10.003568,6
ex_G_4,frame_00000.png,frame_00119.png,,,,0,decode失敗,QR未検出,0.009914,0.183622,0.625108,0.014992,,lockin:lockin::None:10.003568431956552:6:16:binary:0,lockin,,,10.003568,6
ex_G_4,frame_00000.png,frame_00119.png,,,,0,decode失敗,QR未検出,0.013621,0.179425,0.619849,0.024857,,lockin:lockin::None:10.003568431956552:8:4:binary:0,lockin,,,10.003568,8
ex_G_4,frame_00000.png,frame_00119.png,,,,0,decode失敗,QR未検出,0.013621,0.179425,0.619849,0.024857,,lockin:lockin::None:10.003568431956552:8:8:binary:0,lockin,,,10.003568,8
ex_G_4,frame_00000.png,frame_00119.png,,,,0,decode失敗,QR未検出,0.013621,0.179425,0.619849,0.024857,,lockin:lockin::None:10.003568431956552:8:16:binary:0,lockin,,,10.003568,8
ex_G_4,frame_00000.png,frame_00119.png,,,,0,decode失敗,QR未検出,0.020711,0.186687,0.612292,0.040570,,lockin:lockin::None:10.003568431956552:10:4:binary:0,lockin,,,10.003568,10
ex_G_4,frame_00000.png,frame_00119.png,,,,0,decode失敗,QR未検出,0.020711,0.186687,0.612292,0.040570,,lockin:lockin::None:10.003568431956552:10:8:binary:0,lockin,,,10.003568,10
ex_G_4,frame_00000.png,frame_00119.png,,,,0,decode失敗,QR未検出,0.020711,0.186687,0.612292,0.040570,,lockin:lockin::None:10.003568431956552:10:16:binary:0,lockin,,,10.003568,10
ex_G_4,frame_00000.png,frame_00119.png,,,,0,decode失敗,QR未検出,0.032271,0.196208,0.601267,0.065485,,lockin:lockin::None:10.003568431956552:12:4:binary:0,lockin,,,10.003568,12
ex_G_4,frame_00000.png,frame_00119.png,,,,0,decode失敗,QR未検出,0.032271,0.196208,0.601267,0.065485,,lockin:lockin::None:10.003568431956552:12:8:binary:0,lockin,,,10.003568,12
ex_G_4,frame_00000.png,frame_00119.png,,,,0,decode失敗,QR未検出,0.032271,0.196208,0.601267,0.065485,,lockin:lockin::None:10.003568431956552:12:16:binary:0,lockin,,,10.003568,12
ex_G_4,frame_00000.png,frame_00119.png,ex_G_4/rgb_max_lockin_f300_ps16_th16/00000-00119-FRAME_rgbmax_scale1.00.png,,,0,decode失敗,QR未検出,0.100644,0.234469,0.554857,0.162429,,lockin:lockin::None:10.003568431956552:16:4:binary:0,lockin,,,10.003568,16
ex_G_4,frame_00000.png,frame_00119.png,ex_G_4/rgb_max_lockin_f300_ps16_th16/00000-00119-FRAME_rgbmax_scale1.00.png,,,0,decode失敗,QR未検出,0.100644,0.234469,0.554857,0.162429,,lockin:lockin::None:10.003568431956552:16:8:binary:0,lockin,,,10.003568,16
ex_G_4,frame_00000.png,frame_00119.png,ex_G_4/rgb_max_lockin_f300_ps16_th16/00000-00119-FRAME_rgbmax_scale1.00.png,,,0,decode失敗,QR未検出,0.100644,0.234469,0.554857,0.162429,,lockin:lockin::None:10.003568431956552:16:16:binary:0,lockin,,,10.003568,16
ex_G_4,frame_00000.png,frame_00119.png,,,,0,decode失敗,QR未検出,0.002100,0.164586,0.634390,0.002882,,lockin:lockin::None:14.992863136086896:2:4:binary:0,lockin,,,14.992863,2
ex_G_4,frame_00000.png,frame_00119.png,,,,0,decode失敗,QR未検出,0.002100,0.164586,0.634390,0.002882,,lockin:lockin::None:14.992863136086896:2:8:binary:0,lockin,,,14.992863,2
ex_G_4,frame_00000.png,frame_00119.png,,,,0,decode失敗,QR未検出,0.002100,0.164586,0.634390,0.002882,,lockin:lockin::None:14.992863136086896:2:16:binary:0,lockin,,,14.992863,2
ex_G_4,frame_00000.png,frame_00119.png,,,,0,decode失敗,QR未検出,0.006019,0.176180,0.629472,0.009081,,lockin:lockin::None:14.992863136086896:4:4:binary:0,lockin,,,14.992863,4
ex_G_4,frame_00000.png,frame_00119.png,,,,0,decode失敗,QR未検出,0.006019,0.176180,0.629472,0.009081,,lockin:lockin::None:14.992863136086896:4:8:binary:0,lockin,,,14.992863,4
ex_G_4,frame_00000.png,frame_00119.png,,,,0,decode失敗,QR未検出,0.006019,0.176180,0.629472,0.009081,,lockin:lockin::None:14.992863136086896:4:16:binary:0,lockin,,,14.992863,4
ex_G_4,frame_00000.png,frame_00119.png,,,,0,decode失敗,QR未検出,0.008891,0.163414,0.624216,0.016401,,lockin:lockin::None:14.992863136086896:6:4:binary:0,lockin,,,14.992863,6
ex_G_4,frame_00000.png,frame_00119.png,,,,0,decode失敗,QR未検出,0.008891,0.163414,0.624216,0.016401,,lockin:lockin::None:14.992863136086896:6:8:binary:0,lockin,,,14.992863,6
ex_G_4,frame_00000.png,frame_00119.png,,,,0,decode失敗,QR未検出,0.008891,0.163414,0.624216,0.016401,,lockin:lockin::None:14.992863136086896:6:16:binary:0,lockin,,,14.992863,6
ex_G_4,frame_00000.png,frame_00119.png,,,,0,decode失敗,QR未検出,0.015170,0.192692,0.619952,0.026392,,lockin:lockin::None:14.992863136086896:8:4:binary:0,lockin,,,14.992863,8
ex_G_4,frame_00000.png,frame_00119.png,,,,0,decode失敗,QR未検出,0.015170,0.192692,0.619952,0.026392,,lockin:lockin::None:14.992863136086896:8:8:binary:0,lockin,,,14.992863,8
ex_G_4,frame_00000.png,frame_00119.png,,,,0,decode失敗,QR未検出,0.015170,0.192692,0.619952,0.026392,,lockin:lockin::None:14.992863136086896:8:16:binary:0,lockin,,,14.992863,8
ex_G_4,frame_00000.png,frame_00119.png,,,,0,decode失敗,QR未検出,0.022381,0.192710,0.611619,0.043985,,lockin:lockin::None:14.992863136086896:10:4:binary:0,lockin,,,14.992863,10
ex_G_4,frame_00000.png,frame_00119.png,,,,0,decode失敗,QR未検出,0.022381,0.192710,0.611619,0.043985,,lockin:lockin::None:14.992863136086896:10:8:binary:0,lockin,,,14.992863,10
ex_G_4,frame_00000.png,frame_00119.png,,,,0,decode失敗,QR未検出,0.022381,0.192710,0.611619,0.043985,,lockin:lockin::None:14.992863136086896:10:16:binary:0,lockin,,,14.992863,10
ex_G_4,frame_00000.png,frame_00119.png,,,,0,decode失敗,QR未検出,0.035712,0.195369,0.597121,0.073965,,lockin:lockin::None:14.992863136086896:12:4:binary:0,lockin,,,14.992863,12
ex_G_4,frame_00000.png,frame_00119.png,,,,0,decode失敗,QR未検出,0.035712,0.195369,0.597121,0.073965,,lockin:lockin::None:14.992863136086896:12:8:binary:0,lockin,,,14.992863,12
ex_G_4,frame_00000.png,frame_00119.png,,,,0,decode失敗,QR未検出,0.035712,0.195369,0.597121,0.073965,,lockin:lockin::None:14.992863136086896:12:16:binary:0,lockin,,,14.992863,12
ex_G_4,frame_00000.png,frame_00119.png,ex_G_4/rgb_max_lockin_f300_ps16_th16/00000-00119-FRAME_rgbmax_scale1.00.png,,,0,decode失敗,QR未検出,0.120882,0.233642,0.537579,0.189605,,lockin:lockin::None:14.992863136086896:16:4:binary:0,lockin,,,14.992863,16
ex_G_4,frame_00000.png,frame_00119.png,ex_G_4/rgb_max_lockin_f300_ps16_th16/00000-00119-FRAME_rgbmax_scale1.00.png,,,0,decode失敗,QR未検出,0.120887,0.233649,0.537581,0.189605,,lockin:lockin::None:14.992863136086896:16:8:binary:0,lockin,,,14.992863,16
ex_G_4,frame_00000.png,frame_00119.png,ex_G_4/rgb_max_lockin_f300_ps16_th16/00000-00119-FRAME_rgbmax_scale1.00.png,,,0,decode失敗,QR未検出,0.120882,0.233642,0.537579,0.189605,,lockin:lockin::None:14.992863136086896:16:16:binary:0,lockin,,,14.992863,16
ex_G_4,frame_00000.png,frame_00119.png,,,,0,decode失敗,QR未検出,0.005893,0.140701,0.626582,0.014698,,lockin:lockin::None:29.996431568043448:2:4:binary:0,lockin,,,29.996432,2
ex_G_4,frame_00000.png,frame_00119.png,,,,0,decode失敗,QR未検出,0.005893,0.140701,0.626582,0.014698,,lockin:lockin::None:29.996431568043448:2:8:binary:0,lockin,,,29.996432,2
ex_G_4,frame_00000.png,frame_00119.png,,,,0,decode失敗,QR未検出,0.005893,0.140701,0.626582,0.014698,,lockin:lockin::None:29.996431568043448:2:16:binary:0,lockin,,,29.996432,2
ex_G_4,frame_00000.png,frame_00119.png,,,,0,decode失敗,QR未検出,0.018650,0.143750,0.603983,0.058014,,lockin:lockin::None:29.996431568043448:4:4:binary:0,lockin,,,29.996432,4
ex_G_4,frame_00000.png,frame_00119.png,,,,0,decode失敗,QR未検出,0.018650,0.143750,0.603983,0.058014,,lockin:lockin::None:29.996431568043448:4:8:binary:0,lockin,,,29.996432,4
ex_G_4,frame_00000.png,frame_00119.png,,,,0,decode失敗,QR未検出,0.018650,0.143750,0.603983,0.058014,,lockin:lockin::None:29.996431568043448:4:16:binary:0,lockin,,,29.996432,4
ex_G_4,frame_00000.png,frame_00119.png,,,,0,decode失敗,QR未検出,0.069353,0.178586,0.546996,0.163923,,lockin:lockin::None:29.996431568043448:6:4:binary:0,lockin,,,29.996432,6
ex_G_4,frame_00000.png,frame_00119.png,,,,0,decode失敗,QR未検出,0.069353,0.178586,0.546996,0.163923,,lockin:lockin::None:29.996431568043448:6:8:binary:0,lockin,,,29.996432,6
ex_G_4,frame_00000.png,frame_00119.png,,,,0,decode失敗,QR未検出,0.069353,0.178586,0.546996,0.163923,,lockin:lockin::None:29.996431568043448:6:16:binary:0,lockin,,,29.996432,6
ex_G_4,frame_00000.png,frame_00119.png,,,,0,decode失敗,QR未検出,0.820364,0.437820,0.553022,0.640899,,lockin:lockin::None:29.996431568043448:8:4:binary:0,lockin,,,29.996432,8
ex_G_4,frame_00000.png,frame_00119.png,,,,0,decode失敗,QR未検出,0.820364,0.437820,0.553022,0.640902,,lockin:lockin::None:29.996431568043448:8:8:binary:0,lockin,,,29.996432,8
ex_G_4,frame_00000.png,frame_00119.png,,,,0,decode失敗,QR未検出,0.820364,0.437820,0.553022,0.640902,,lockin:lockin::None:29.996431568043448:8:16:binary:0,lockin,,,29.996432,8
ex_G_4,frame_00000.png,frame_00119.png,,,,0,decode失敗,QR未検出,0.709512,0.495777,0.633111,0.452044,,lockin:lockin::None:29.996431568043448:10:4:binary:0,lockin,,,29.996432,10
ex_G_4,frame_00000.png,frame_00119.png,,,,0,decode失敗,QR未検出,0.709512,0.495777,0.633111,0.452044,,lockin:lockin::None:29.996431568043448:10:8:binary:0,lockin,,,29.996432,10
ex_G_4,frame_00000.png,frame_00119.png,,,,0,decode失敗,QR未検出,0.709512,0.495777,0.633111,0.452044,,lockin:lockin::None:29.996431568043448:10:16:binary:0,lockin,,,29.996432,10
ex_G_4,frame_00000.png,frame_00119.png,,,,0,decode失敗,QR未検出,0.603453,0.571197,0.692026,0.281715,,lockin:lockin::None:29.996431568043448:12:4:binary:0,lockin,,,29.996432,12
ex_G_4,frame_00000.png,frame_00119.png,,,,0,decode失敗,QR未検出,0.603453,0.571197,0.692026,0.281715,,lockin:lockin::None:29.996431568043448:12:8:binary:0,lockin,,,29.996432,12
ex_G_4,frame_00000.png,frame_00119.png,,,,0,decode失敗,QR未検出,0.603453,0.571197,0.692026,0.281715,,lockin:lockin::None:29.996431568043448:12:16:binary:0,lockin,,,29.996432,12
ex_G_4,frame_00000.png,frame_00119.png,ex_G_4/rgb_max_lockin_f300_ps16_th16/00000-00119-FRAME_rgbmax_scale1.00.png,,,0,decode失敗,QR未検出,0.454524,0.694348,0.729730,0.109506,,lockin:lockin::None:29.996431568043448:16:4:binary:0,lockin,,,29.996432,16
ex_G_4,frame_00000.png,frame_00119.png,ex_G_4/rgb_max_lockin_f300_ps16_th16/00000-00119-FRAME_rgbmax_scale1.00.png,,,0,decode失敗,QR未検出,0.454524,0.694348,0.729730,0.109506,,lockin:lockin::None:29.996431568043448:16:8:binary:0,lockin,,,29.996432,16
ex_G_4,frame_00000.png,frame_00119.png,ex_G_4/rgb_max_lockin_f300_ps16_th16/00000-00119-FRAME_rgbmax_scale1.00.png,,,0,decode失敗,QR未検出,0.454524,0.694348,0.729730,0.109506,,lockin:lockin::None:29.996431568043448:16:16:binary:0,lockin,,,29.996432,16
ex_G_8,frame_00000.png,frame_00119.png,,,,0,decode失敗,QR未検出,0.000014,0.001118,0.632809,0.007259,,lockin:lockin::None:10.003568431956552:2:4:binary:0,lockin,,,10.003568,2
ex_G_8,frame_00000.png,frame_00119.png,,,,0,decode失敗,QR未検出,0.000014,0.001118,0.632809,0.007259,,lockin:lockin::None:10.003568431956552:2:8:binary:0,lockin,,,10.003568,2
ex_G_8,frame_00000.png,frame_00119.png,,,,0,decode失敗,QR未検出,0.000014,0.001118,0.632809,0.007259,,lockin:lockin::None:10.003568431956552:2:16:binary:0,lockin,,,10.003568,2
ex_G_8,frame_00000.png,frame_00119.png,,,,0,decode失敗,QR未検出,0.001569,0.037646,0.623525,0.030085,,lockin:lockin::None:10.003568431956552:4:4:binary:0,lockin,,,10.003568,4
ex_G_8,frame_00000.png,frame_00119.png,,,,0,decode失敗,QR未検出,0.001569,0.037646,0.623525,0.030085,,lockin:lockin::None:10.003568431956552:4:8:binary:0,lockin,,,10.003568,4
ex_G_8,frame_00000.png,frame_00119.png,,,,0,decode失敗,QR未検出,0.001569,0.037646,0.623525,0.030085,,lockin:lockin::None:10.003568431956552:4:16:binary:0,lockin,,,10.003568,4
ex_G_8,frame_00000.png,frame_00119.png,,,,0,decode失敗,QR未検出,0.004706,0.061736,0.613272,0.070048,,lockin:lockin::None:10.003568431956552:6:4:binary:0,lockin,,,10.003568,6
ex_G_8,frame_00000.png,frame_00119.png,,,,0,decode失敗,QR未検出,0.004706,0.061736,0.613272,0.070048,,lockin:lockin::None:10.003568431956552:6:8:binary:0,lockin,,,10.003568,6
ex_G_8,frame_00000.png,frame_00119.png,,,,0,decode失敗,QR未検出,0.004706,0.061736,0.613272,0.070048,,lockin:lockin::None:10.003568431956552:6:16:binary:0,lockin,,,10.003568,6
ex_G_8,frame_00000.png,frame_00119.png,,,,0,decode失敗,QR未検出,0.010435,0.087445,0.601799,0.113414,,lockin:lockin::None:10.003568431956552:8:4:binary:0,lockin,,,10.003568,8
ex_G_8,frame_00000.png,frame_00119.png,,,,0,decode失敗,QR未検出,0.010435,0.087445,0.601799,0.113414,,lockin:lockin::None:10.003568431956552:8:8:binary:0,lockin,,,10.003568,8
ex_G_8,frame_00000.png,frame_00119.png,,,,0,decode失敗,QR未検出,0.010435,0.087445,0.601799,0.113414,,lockin:lockin::None:10.003568431956552:8:16:binary:0,lockin,,,10.003568,8
ex_G_8,frame_00000.png,frame_00119.png,,,,0,decode失敗,QR未検出,0.018717,0.107436,0.587907,0.157072,,lockin:lockin::None:10.003568431956552:10:4:binary:0,lockin,,,10.003568,10
ex_G_8,frame_00000.png,frame_00119.png,,,,0,decode失敗,QR未検出,0.018717,0.107436,0.587907,0.157072,,lockin:lockin::None:10.003568431956552:10:8:binary:0,lockin,,,10.003568,10
ex_G_8,frame_00000.png,frame_00119.png,,,,0,decode失敗,QR未検出,0.018717,0.107436,0.587907,0.157072,,lockin:lockin::None:10.003568431956552:10:16:binary:0,lockin,,,10.003568,10
ex_G_8,frame_00000.png,frame_00119.png,ex_G_8/rgb_max_lockin_f300_ps4_th12/00000-00119-FRAME_rgbmax_scale1.00.png,,,0,decode失敗,QR未検出,0.034611,0.134558,0.569341,0.204668,,lockin:lockin::None:10.003568431956552:12:4:binary:0,lockin,,,10.003568,12
ex_G_8,frame_00000.png,frame_00119.png,ex_G_8/rgb_max_lockin_f300_ps4_th12/00000-00119-FRAME_rgbmax_scale1.00.png,,,0,decode失敗,QR未検出,0.034611,0.134558,0.569341,0.204668,,lockin:lockin::None:10.003568431956552:12:8:binary:0,lockin,,,10.003568,12
ex_G_8,frame_00000.png,frame_00119.png,ex_G_8/rgb_max_lockin_f300_ps4_th12/00000-00119-FRAME_rgbmax_scale1.00.png,,,0,decode失敗,QR未検出,0.034611,0.134558,0.569341,0.204668,,lockin:lockin::None:10.003568431956552:12:16:binary:0,lockin,,,10.003568,12
ex_G_8,frame_00000.png,frame_00119.png,ex_G_8/rgb_max_lockin_f300_ps16_th16/00000-00119-FRAME_rgbmax_scale1.00.png,,,0,decode失敗,QR未検出,0.903488,0.413632,0.500717,0.661946,,lockin:lockin::None:10.003568431956552:16:4:binary:0,lockin,,,10.003568,16
ex_G_8,frame_00000.png,frame_00119.png,ex_G_8/rgb_max_lockin_f300_ps16_th16/00000-00119-FRAME_rgbmax_scale1.00.png,,,0,decode失敗,QR未検出,0.903488,0.413632,0.500717,0.661946,,lockin:lockin::None:10.003568431956552:16:8:binary:0,lockin,,,10.003568,16
ex_G_8,frame_00000.png,frame_00119.png,ex_G_8/rgb_max_lockin_f300_ps16_th16/00000-00119-FRAME_rgbmax_scale1.00.png,,,0,decode失敗,QR未検出,0.903488,0.413632,0.500717,0.661946,,lockin:lockin::None:10.003568431956552:16:16:binary:0,lockin,,,10.003568,16
ex_G_8,frame_00000.png,frame_00119.png,,,,0,decode失敗,QR未検出,0.000232,0.019048,0.633251,0.007616,,lockin:lockin::None:14.992863136086896:2:4:binary:0,lockin,,,14.992863,2
ex_G_8,frame_00000.png,frame_00119.png,,,,0,decode失敗,QR未検出,0.000232,0.019048,0.633251,0.007616,,lockin:lockin::None:14.992863136086896:2:8:binary:0,lockin,,,14.992863,2
ex_G_8,frame_00000.png,frame_00119.png,,,,0,decode失敗,QR未検出,0.000232,0.019048,0.633251,0.007616,,lockin:lockin::None:14.992863136086896:2:16:binary:0,lockin,,,14.992863,2
ex_G_8,frame_00000.png,frame_00119.png,,,,0,decode失敗,QR未検出,0.001525,0.029972,0.620152,0.041496,,lockin:lockin::None:14.992863136086896:4:4:binary:0,lockin,,,14.992863,4
ex_G_8,frame_00000.png,frame_00119.png,,,,0,decode失敗,QR未検出,0.001525,0.029972,0.620152,0.041496,,lockin:lockin::None:14.992863136086896:4:8:binary:0,lockin,,,14.992863,4
ex_G_8,frame_00000.png,frame_00119.png,,,,0,decode失敗,QR未検出,0.001525,0.029972,0.620152,0.041496,,lockin:lockin::None:14.992863136086896:4:16:binary:0,lockin,,,14.992863,4
ex_G_8,frame_00000.png,frame_00119.png,,,,0,decode失敗,QR未検出,0.006226,0.066273,0.607949,0.093026,,lockin:lockin::None:14.992863136086896:6:4:binary:0,lockin,,,14.992863,6
ex_G_8,frame_00000.png,frame_00119.png,,,,0,decode失敗,QR未検出,0.006226,0.066273,0.607949,0.093026,,lockin:lockin::None:14.992863136086896:6:8:binary:0,lockin,,,14.992863,6
ex_G_8,frame_00000.png,frame_00119.png,,,,0,decode失敗,QR未検出,0.006226,0.066273,0.607949,0.093026,,lockin:lockin::None:14.992863136086896:6:16:binary:0,lockin,,,14.992863,6
ex_G_8,frame_00000.png,frame_00119.png,,,,0,decode失敗,QR未検出,0.013616,0.095523,0.595693,0.141164,,lockin:lockin::None:14.992863136086896:8:4:binary:0,lockin,,,14.992863,8
ex_G_8,frame_00000.png,frame_00119.png,,,,0,decode失敗,QR未検出,0.013616,0.095523,0.595693,0.141164,,lockin:lockin::None:14.992863136086896:8:8:binary:0,lockin,,,14.992863,8
ex_G_8,frame_00000.png,frame_00119.png,,,,0,decode失敗,QR未検出,0.013616,0.095523,0.595693,0.141164,,lockin:lockin::None:14.992863136086896:8:16:binary:0,lockin,,,14.992863,8
ex_G_8,frame_00000.png,frame_00119.png,,,,0,decode失敗,QR未検出,0.024876,0.118173,0.579218,0.187146,,lockin:lockin::None:14.992863136086896:10:4:binary:0,lockin,,,14.992863,10
ex_G_8,frame_00000.png,frame_00119.png,,,,0,decode失敗,QR未検出,0.024876,0.118173,0.579218,0.187146,,lockin:lockin::None:14.992863136086896:10:8:binary:0,lockin,,,14.992863,10
ex_G_8,frame_00000.png,frame_00119.png,,,,0,decode失敗,QR未検出,0.024876,0.118173,0.579218,0.187146,,lockin:lockin::None:14.992863136086896:10:16:binary:0,lockin,,,14.992863,10
ex_G_8,frame_00000.png,frame_00119.png,ex_G_8/rgb_max_lockin_f300_ps4_th12/00000-00119-FRAME_rgbmax_scale1.00.png,,,0,decode失敗,QR未検出,0.044969,0.138871,0.552709,0.245580,,lockin:lockin::None:14.992863136086896:12:4:binary:0,lockin,,,14.992863,12
ex_G_8,frame_00000.png,frame_00119.png,ex_G_8/rgb_max_lockin_f300_ps4_th12/00000-00119-FRAME_rgbmax_scale1.00.png,,,0,decode失敗,QR未検出,0.044969,0.138871,0.552709,0.245580,,lockin:lockin::None:14.992863136086896:12:8:binary:0,lockin,,,14.992863,12
ex_G_8,frame_00000.png,frame_00119.png,ex_G_8/rgb_max_lockin_f300_ps4_th12/00000-00119-FRAME_rgbmax_scale1.00.png,,,0,decode失敗,QR未検出,0.044969,0.138871,0.552709,0.245580,,lockin:lockin::None:14.992863136086896:12:16:binary:0,lockin,,,14.992863,12
ex_G_8,frame_00000.png,frame_00119.png,ex_G_8/rgb_max_lockin_f300_ps16_th16/00000-00119-FRAME_rgbmax_scale1.00.png,,,0,decode失敗,QR未検出,0.880040,0.428654,0.531296,0.593803,,lockin:lockin::None:14.992863136086896:16:4:binary:0,lockin,,,14.992863,16
ex_G_8,frame_00000.png,frame_00119.png,ex_G_8/rgb_max_lockin_f300_ps16_th16/00000-00119-FRAME_rgbmax_scale1.00.png,,,0,decode失敗,QR未検出,0.880040,0.428654,0.531296,0.593803,,lockin:lockin::None:14.992863136086896:16:8:binary:0,lockin,,,14.992863,16
ex_G_8,frame_00000.png,frame_00119.png,ex_G_8/rgb_max_lockin_f300_ps16_th16/00000-00119-FRAME_rgbmax_scale1.00.png,,,0,decode失敗,QR未検出,0.880040,0.428654,0.531296,0.593803,,lockin:lockin::None:14.992863136086896:16:16:binary:0,lockin,,,14.992863,16
ex_G_8,frame_00000.png,frame_00119.png,,,,0,decode失敗,QR未検出,0.017878,0.067960,0.555092,0.226293,,lockin:lockin::None:29.996431568043448:2:4:binary:0,lockin,,,29.996432,2
ex_G_8,frame_00000.png,frame_00119.png,,,,0,decode失敗,QR未検出,0.017878,0.067960,0.555092,0.226293,,lockin:lockin::None:29.996431568043448:2:8:binary:0,lockin,,,29.996432,2
ex_G_8,frame_00000.png,frame_00119.png,,,,0,decode失敗,QR未検出,0.017878,0.067960,0.555092,0.226293,,lockin:lockin::None:29.996431568043448:2:16:binary:0,lockin,,,29.996432,2
ex_G_8,frame_00000.png,frame_00119.png,,,,0,decode失敗,QR未検出,0.898666,0.508284,0.648111,0.388477,,lockin:lockin::None:29.996431568043448:4:4:binary:0,lockin,,,29.996432,4
ex_G_8,frame_00000.png,frame_00119.png,,,,0,decode失敗,QR未検出,0.898666,0.508284,0.648111,0.388477,,lockin:lockin::None:29.996431568043448:4:8:binary:0,lockin,,,29.996432,4
ex_G_8,frame_00000.png,frame_00119.png,,,,0,decode失敗,QR未検出,0.898666,0.508284,0.648111,0.388477,,lockin:lockin::None:29.996431568043448:4:16:binary:0,lockin,,,29.996432,4
ex_G_8,frame_00000.png,frame_00119.png,,,,0,decode失敗,QR未検出,0.818279,0.641776,0.768552,0.156582,,lockin:lockin::None:29.996431568043448:6:4:binary:0,lockin,,,29.996432,6
ex_G_8,frame_00000.png,frame_00119.png,,,,0,decode失敗,QR未検出,0.818279,0.641776,0.768552,0.156582,,lockin:lockin::None:29.996431568043448:6:8:binary:0,lockin,,,29.996432,6
ex_G_8,frame_00000.png,frame_00119.png,,,,0,decode失敗,QR未検出,0.818279,0.641776,0.768552,0.156582,,lockin:lockin::None:29.996431568043448:6:16:binary:0,lockin,,,29.996432,6
ex_G_8,frame_00000.png,frame_00119.png,,,,0,decode失敗,QR未検出,0.758985,0.723492,0.807477,0.074756,,lockin:lockin::None:29.996431568043448:8:4:binary:0,lockin,,,29.996432,8
ex_G_8,frame_00000.png,frame_00119.png,,,,0,decode失敗,QR未検出,0.758985,0.723492,0.807477,0.074756,,lockin:lockin::None:29.996431568043448:8:8:binary:0,lockin,,,29.996432,8
ex_G_8,frame_00000.png,frame_00119.png,,,,0,decode失敗,QR未検出,0.758985,0.723492,0.807477,0.074756,,lockin:lockin::None:29.996431568043448:8:16:binary:0,lockin,,,29.996432,8
ex_G_8,frame_00000.png,frame_00119.png,,,,0,decode失敗,QR未検出,0.718335,0.777147,0.823222,0.045373,,lockin:lockin::None:29.996431568043448:10:4:binary:0,lockin,,,29.996432,10
ex_G_8,frame_00000.png,frame_00119.png,,,,0,decode失敗,QR未検出,0.718335,0.777147,0.823222,0.045373,,lockin:lockin::None:29.996431568043448:10:8:binary:0,lockin,,,29.996432,10
ex_G_8,frame_00000.png,frame_00119.png,,,,0,decode失敗,QR未検出,0.718335,0.777147,0.823222,0.045373,,lockin:lockin::None:29.996431568043448:10:16:binary:0,lockin,,,29.996432,10
ex_G_8,frame_00000.png,frame_00119.png,ex_G_8/rgb_max_lockin_f300_ps4_th12/00000-00119-FRAME_rgbmax_scale1.00.png,,,0,decode失敗,QR未検出,0.687305,0.817695,0.831097,0.031282,,lockin:lockin::None:29.996431568043448:12:4:binary:0,lockin,,,29.996432,12
ex_G_8,frame_00000.png,frame_00119.png,ex_G_8/rgb_max_lockin_f300_ps4_th12/00000-00119-FRAME_rgbmax_scale1.00.png,,,0,decode失敗,QR未検出,0.687305,0.817695,0.831097,0.031282,,lockin:lockin::None:29.996431568043448:12:8:binary:0,lockin,,,29.996432,12
ex_G_8,frame_00000.png,frame_00119.png,ex_G_8/rgb_max_lockin_f300_ps4_th12/00000-00119-FRAME_rgbmax_scale1.00.png,,,0,decode失敗,QR未検出,0.687305,0.817695,0.831097,0.031282,,lockin:lockin::None:29.996431568043448:12:16:binary:0,lockin,,,29.996432,12
ex_G_8,frame_00000.png,frame_00119.png,ex_G_8/rgb_max_lockin_f300_ps16_th16/00000-00119-FRAME_rgbmax_scale1.00.png,,,0,decode失敗,QR未検出,0.639850,0.870446,0.834920,0.018411,,lockin:lockin::None:29.996431568043448:16:4:binary:0,lockin,,,29.996432,16
ex_G_8,frame_00000.png,frame_00119.png,ex_G_8/rgb_max_lockin_f300_ps16_th16/00000-00119-FRAME_rgbmax_scale1.00.png,,,0,decode失敗,QR未検出,0.639850,0.870446,0.834920,0.018411,,lockin:lockin::None:29.996431568043448:16:8:binary:0,lockin,,,29.996432,16
ex_G_8,frame_00000.png,frame_00119.png,ex_G_8/rgb_max_lockin_f300_ps16_th16/00000-00119-FRAME_rgbmax_scale1.00.png,,,0,decode失敗,QR未検出,0.639850,0.870446,0.834920,0.018411,,lockin:lockin::None:29.996431568043448:16:16:binary:0,lockin,,,29.996432,16
ex_G_12,frame_00000.png,frame_00119.png,,,,0,decode失敗,QR未検出,0.000000,0.000000,0.615952,0.078051,,lockin:lockin::None:10.003568431956552:2:4:binary:0,lockin,,,10.003568,2
ex_G_12,frame_00000.png,frame_00119.png,,,,0,decode失敗,QR未検出,0.000000,0.000000,0.615952,0.078051,,lockin:lockin::None:10.003568431956552:2:8:binary:0,lockin,,,10.003568,2
ex_G_12,frame_00000.png,frame_00119.png,,,,0,decode失敗,QR未検出,0.000000,0.000000,0.615952,0.078051,,lockin:lockin::None:10.003568431956552:2:16:binary:0,lockin,,,10.003568,2
ex_G_12,frame_00000.png,frame_00119.png,,,,0,decode失敗,QR未検出,0.004223,0.022302,0.571906,0.209314,,lockin:lockin::None:10.003568431956552:4:4:binary:0,lockin,,,10.003568,4
ex_G_12,frame_00000.png,frame_00119.png,,,,0,decode失敗,QR未検出,0.004223,0.022302,0.571906,0.209314,,lockin:lockin::None:10.003568431956552:4:8:binary:0,lockin,,,10.003568,4
ex_G_12,frame_00000.png,frame_00119.png,,,,0,decode失敗,QR未検出,0.004223,0.022302,0.571906,0.209314,,lockin:lockin::None:10.003568431956552:4:16:binary:0,lockin,,,10.003568,4
ex_G_12,frame_00000.png,frame_00119.png,,,,0,decode失敗,QR未検出,0.967005,0.440491,0.542778,0.581475,,lockin:lockin::None:10.003568431956552:6:4:binary:0,lockin,,,10.003568,6
ex_G_12,frame_00000.png,frame_00119.png,,,,0,decode失敗,QR未検出,0.967005,0.440491,0.542778,0.581475,,lockin:lockin::None:10.003568431956552:6:8:binary:0,lockin,,,10.003568,6
ex_G_12,frame_00000.png,frame_00119.png,,,,0,decode失敗,QR未検出,0.967005,0.440491,0.542778,0.581475,,lockin:lockin::None:10.003568431956552:6:16:binary:0,lockin,,,10.003568,6
ex_G_12,frame_00000.png,frame_00119.png,,,,0,decode失敗,QR未検出,0.896373,0.535827,0.680946,0.333241,,lockin:lockin::None:10.003568431956552:8:4:binary:0,lockin,,,10.003568,8
ex_G_12,frame_00000.png,frame_00119.png,,,,0,decode失敗,QR未検出,0.896373,0.535824,0.680942,0.333246,,lockin:lockin::None:10.003568431956552:8:8:binary:0,lockin,,,10.003568,8
ex_G_12,frame_00000.png,frame_00119.png,,,,0,decode失敗,QR未検出,0.896373,0.535824,0.680942,0.333246,,lockin:lockin::None:10.003568431956552:8:16:binary:0,lockin,,,10.003568,8
ex_G_12,frame_00000.png,frame_00119.png,,,,0,decode失敗,QR未検出,0.786125,0.620645,0.748284,0.175478,,lockin:lockin::None:10.003568431956552:10:4:binary:0,lockin,,,10.003568,10
ex_G_12,frame_00000.png,frame_00119.png,,,,0,decode失敗,QR未検出,0.786125,0.620645,0.748284,0.175478,,lockin:lockin::None:10.003568431956552:10:8:binary:0,lockin,,,10.003568,10
ex_G_12,frame_00000.png,frame_00119.png,,,,0,decode失敗,QR未検出,0.786125,0.620645,0.748284,0.175478,,lockin:lockin::None:10.003568431956552:10:16:binary:0,lockin,,,10.003568,10
ex_G_12,frame_00000.png,frame_00119.png,ex_G_12/rgb_max_lockin_f300_ps8_th12/00000-00119-FRAME_rgbmax_scale1.00.png,,,0,decode失敗,QR未検出,0.650584,0.676707,0.760662,0.093769,,lockin:lockin::None:10.003568431956552:12:4:binary:0,lockin,,,10.003568,12
ex_G_12,frame_00000.png,frame_00119.png,ex_G_12/rgb_max_lockin_f300_ps8_th12/00000-00119-FRAME_rgbmax_scale1.00.png,,,0,decode失敗,QR未検出,0.650584,0.676707,0.760662,0.093769,,lockin:lockin::None:10.003568431956552:12:8:binary:0,lockin,,,10.003568,12
ex_G_12,frame_00000.png,frame_00119.png,ex_G_12/rgb_max_lockin_f300_ps8_th12/00000-00119-FRAME_rgbmax_scale1.00.png,,,0,decode失敗,QR未検出,0.650584,0.676707,0.760662,0.093769,,lockin:lockin::None:10.003568431956552:12:16:binary:0,lockin,,,10.003568,12
ex_G_12,frame_00000.png,frame_00119.png,ex_G_12/rgb_max_lockin_f300_ps16_th16/00000-00119-FRAME_rgbmax_scale1.00.png,,,0,decode失敗,QR未検出,0.362056,0.723561,0.718597,0.030607,,lockin:lockin::None:10.003568431956552:16:4:binary:0,lockin,,,10.003568,16
ex_G_12,frame_00000.png,frame_00119.png,ex_G_12/rgb_max_lockin_f300_ps16_th16/00000-00119-FRAME_rgbmax_scale1.00.png,,,0,decode失敗,QR未検出,0.362056,0.723561,0.718597,0.030607,,lockin:lockin::None:10.003568431956552:16:8:binary:0,lockin,,,10.003568,16
ex_G_12,frame_00000.png,frame_00119.png,ex_G_12/rgb_max_lockin_f300_ps16_th16/00000-00119-FRAME_rgbmax_scale1.00.png,,,0,decode失敗,QR未検出,0.362056,0.723561,0.718597,0.030607,,lockin:lockin::None:10.003568431956552:16:16:binary:0,lockin,,,10.003568,16
ex_G_12,frame_00000.png,frame_00119.png,,,,0,decode失敗,QR未検出,0.000000,0.000000,0.617732,0.072501,,lockin:lockin::None:14.992863136086896:2:4:binary:0,lockin,,,14.992863,2
ex_G_12,frame_00000.png,frame_00119.png,,,,0,decode失敗,QR未検出,0.000000,0.000000,0.617732,0.072501,,lockin:lockin::None:14.992863136086896:2:8:binary:0,lockin,,,14.992863,2
ex_G_12,frame_00000.png,frame_00119.png,,,,0,decode失敗,QR未検出,0.000000,0.000000,0.617732,0.072501,,lockin:lockin::None:14.992863136086896:2:16:binary:0,lockin,,,14.992863,2
ex_G_12,frame_00000.png,frame_00119.png,,,,0,decode失敗,QR未検出,0.002326,0.014965,0.582824,0.186795,,lockin:lockin::None:14.992863136086896:4:4:binary:0,lockin,,,14.992863,4
ex_G_12,frame_00000.png,frame_00119.png,,,,0,decode失敗,QR未検出,0.002326,0.014965,0.582824,0.186797,,lockin:lockin::None:14.992863136086896:4:8:binary:0,lockin,,,14.992863,4
ex_G_12,frame_00000.png,frame_00119.png,,,,0,decode失敗,QR未検出,0.002326,0.014965,0.582824,0.186795,,lockin:lockin::None:14.992863136086896:4:16:binary:0,lockin,,,14.992863,4
ex_G_12,frame_00000.png,frame_00119.png,,,,0,decode失敗,QR未検出,0.979255,0.419278,0.500803,0.648288,,lockin:lockin::None:14.992863136086896:6:4:binary:0,lockin,,,14.992863,6
ex_G_12,frame_00000.png,frame_00119.png,,,,0,decode失敗,QR未検出,0.979255,0.419278,0.500803,0.648290,,lockin:lockin::None:14.992863136086896:6:8:binary:0,lockin,,,14.992863,6
ex_G_12,frame_00000.png,frame_00119.png,,,,0,decode失敗,QR未検出,0.979255,0.419278,0.500803,0.648290,,lockin:lockin::None:14.992863136086896:6:16:binary:0,lockin,,,14.992863,6
ex_G_12,frame_00000.png,frame_00119.png,,,,0,decode失敗,QR未検出,0.929913,0.490789,0.624839,0.430472,,lockin:lockin::None:14.992863136086896:8:4:binary:0,lockin,,,14.992863,8
ex_G_12,frame_00000.png,frame_00119.png,,,,0,decode失敗,QR未検出,0.929913,0.490789,0.624839,0.430471,,lockin:lockin::None:14.992863136086896:8:8:binary:0,lockin,,,14.992863,8
ex_G_12,frame_00000.png,frame_00119.png,,,,0,decode失敗,QR未検出,0.929913,0.490789,0.624839,0.430472,,lockin:lockin::None:14.992863136086896:8:16:binary:0,lockin,,,14.992863,8
ex_G_12,frame_00000.png,frame_00119.png,,,,0,decode失敗,QR未検出,0.843237,0.571955,0.714405,0.252446,,lockin:lockin::None:14.992863136086896:10:4:binary:0,lockin,,,14.992863,10
ex_G_12,frame_00000.png,frame_00119.png,,,,0,decode失敗,QR未検出,0.843237,0.571955,0.714405,0.252446,,lockin:lockin::None:14.992863136086896:10:8:binary:0,lockin,,,14.992863,10
ex_G_12,frame_00000.png,frame_00119.png,,,,0,decode失敗,QR未検出,0.843237,0.571955,0.714405,0.252446,,lockin:lockin::None:14.992863136086896:10:16:binary:0,lockin,,,14.992863,10
ex_G_12,frame_00000.png,frame_00119.png,ex_G_12/rgb_max_lockin_f300_ps8_th12/00000-00119-FRAME_rgbmax_scale1.00.png,,,0,decode失敗,QR未検出,0.733969,0.631103,0.748037,0.146055,,lockin:lockin::None:14.992863136086896:12:4:binary:0,lockin,,,14.992863,12
ex_G_12,frame_00000.png,frame_00119.png,ex_G_12/rgb_max_lockin_f300_ps8_th12/00000-00119-FRAME_rgbmax_scale1.00.png,,,0,decode失敗,QR未検出,0.733969,0.631103,0.748037,0.146055,,lockin:lockin::None:14.992863136086896:12:8:binary:0,lockin,,,14.992863,12
ex_G_12,frame_00000.png,frame_00119.png,ex_G_12/rgb_max_lockin_f300_ps8_th12/00000-00119-FRAME_rgbmax_scale1.00.png,,,0,decode失敗,QR未検出,0.733969,0.631103,0.748037,0.146055,,lockin:lockin::None:14.992863136086896:12:16:binary:0,lockin,,,14.992863,12
ex_G_12,frame_00000.png,frame_00119.png,ex_G_12/rgb_max_lockin_f300_ps16_th16/00000-00119-FRAME_rgbmax_scale1.00.png,,,0,decode失敗,QR未検出,0.488189,0.689113,0.734626,0.055303,,lockin:lockin::None:14.992863136086896:16:4:binary:0,lockin,,,14.992863,16
ex_G_12,frame_00000.png,frame_00119.png,ex_G_12/rgb_max_lockin_f300_ps16_th16/00000-00119-FRAME_rgbmax_scale1.00.png,,,0,decode失敗,QR未検出,0.488189,0.689113,0.734626,0.055303,,lockin:lockin::None:14.992863136086896:16:8:binary:0,lockin,,,14.992863,16
ex_G_12,frame_00000.png,frame_00119.png,ex_G_12/rgb_max_lockin_f300_ps16_th16/00000-00119-FRAME_rgbmax_scale1.00.png,,,0,decode失敗,QR未検出,0.488189,0.689113,0.734626,0.055303,,lockin:lockin::None:14.992863136086896:16:16:binary:0,lockin,,,14.992863,16
ex_G_12,frame_00000.png,frame_00119.png,,,,0,decode失敗,QR未検出,0.956020,0.614551,0.766690,0.119259,,lockin:lockin::None:29.996431568043448:2:4:binary:0,lockin,,,29.996432,2
ex_G_12,frame_00000.png,frame_00119.png,,,,0,decode失敗,QR未検出,0.956020,0.614551,0.766690,0.119259,,lockin:lockin::None:29.996431568043448:2:8:binary:0,lockin,,,29.996432,2
ex_G_12,frame_00000.png,frame_00119.png,,,,0,decode失敗,QR未検出,0.956020,0.614551,0.766690,0.119259,,lockin:lockin::None:29.996431568043448:2:16:binary:0,lockin,,,29.996432,2
ex_G_12,frame_00000.png,frame_00119.png,,,,0,decode失敗,QR未検出,0.945402,0.707972,0.838843,0.073938,,lockin:lockin::None:29.996431568043448:4:4:binary:0,lockin,,,29.996432,4
ex_G_12,frame_00000.png,frame_00119.png,,,,0,decode失敗,QR未検出,0.945402,0.707972,0.838843,0.073938,,lockin:lockin::None:29.996431568043448:4:8:binary:0,lockin,,,29.996432,4
ex_G_12,frame_00000.png,frame_00119.png,,,,0,decode失敗,QR未検出,0.945402,0.707972,0.838843,0.073938,,lockin:lockin::None:29.996431568043448:4:16:binary:0,lockin,,,29.996432,4
ex_G_12,frame_00000.png,frame_00119.png,,,,0,decode失敗,QR未検出,0.936101,0.771683,0.876435,0.052448,,lockin:lockin::None:29.996431568043448:6:4:binary:0,lockin,,,29.996432,6
ex_G_12,frame_00000.png,frame_00119.png,,,,0,decode失敗,QR未検出,0.936101,0.771683,0.876435,0.052448,,lockin:lockin::None:29.996431568043448:6:8:binary:0,lockin,,,29.996432,6
ex_G_12,frame_00000.png,frame_00119.png,,,,0,decode失敗,QR未検出,0.936101,0.771683,0.876435,0.052448,,lockin:lockin::None:29.996431568043448:6:16:binary:0,lockin,,,29.996432,6
ex_G_12,frame_00000.png,frame_00119.png,,,,0,decode失敗,QR未検出,0.929532,0.818982,0.899977,0.038879,,lockin:lockin::None:29.996431568043448:8:4:binary:0,lockin,,,29.996432,8
ex_G_12,frame_00000.png,frame_00119.png,,,,0,decode失敗,QR未検出,0.929532,0.818982,0.899977,0.038879,,lockin:lockin::None:29.996431568043448:8:8:binary:0,lockin,,,29.996432,8
ex_G_12,frame_00000.png,frame_00119.png,,,,0,decode失敗,QR未検出,0.929532,0.818982,0.899977,0.038879,,lockin:lockin::None:29.996431568043448:8:16:binary:0,lockin,,,29.996432,8
ex_G_12,frame_00000.png,frame_00119.png,,,,0,decode失敗,QR未検出,0.922755,0.854006,0.914814,0.029849,,lockin:lockin::None:29.996431568043448:10:4:binary:0,lockin,,,29.996432,10
ex_G_12,frame_00000.png,frame_00119.png,,,,0,decode失敗,QR未検出,0.922755,0.854006,0.914814,0.029849,,lockin:lockin::None:29.996431568043448:10:8:binary:0,lockin,,,29.996432,10
ex_G_12,frame_00000.png,frame_00119.png,,,,0,decode失敗,QR未検出,0.922755,0.854006,0.914814,0.029849,,lockin:lockin::None:29.996431568043448:10:16:binary:0,lockin,,,29.996432,10
ex_G_12,frame_00000.png,frame_00119.png,ex_G_12/rgb_max_lockin_f300_ps8_th12/00000-00119-FRAME_rgbmax_scale1.00.png,,,0,decode失敗,QR未検出,0.915071,0.882528,0.925058,0.023048,,lockin:lockin::None:29.996431568043448:12:4:binary:0,lockin,,,29.996432,12
ex_G_12,frame_00000.png,frame_00119.png,ex_G_12/rgb_max_lockin_f300_ps8_th12/00000-00119-FRAME_rgbmax_scale1.00.png,,,0,decode失敗,QR未検出,0.915071,0.882528,0.925058,0.023048,,lockin:lockin::None:29.996431568043448:12:8:binary:0,lockin,,,29.996432,12
ex_G_12,frame_00000.png,frame_00119.png,ex_G_12/rgb_max_lockin_f300_ps8_th12/00000-00119-FRAME_rgbmax_scale1.00.png,,,0,decode失敗,QR未検出,0.915071,0.882528,0.925058,0.023048,,lockin:lockin::None:29.996431568043448:12:16:binary:0,lockin,,,29.996432,12
ex_G_12,frame_00000.png,frame_00119.png,ex_G_12/rgb_max_lockin_f300_ps16_th16/00000-00119-FRAME_rgbmax_scale1.00.png,,,0,decode失敗,QR未検出,0.898791,0.920859,0.935309,0.014616,,lockin:lockin::None:29.996431568043448:16:4:binary:0,lockin,,,29.996432,16
ex_G_12,frame_00000.png,frame_00119.png,ex_G_12/rgb_max_lockin_f300_ps16_th16/00000-00119-FRAME_rgbmax_scale1.00.png,,,0,decode失敗,QR未検出,0.898791,0.920859,0.935309,0.014616,,lockin:lockin::None:29.996431568043448:16:8:binary:0,lockin,,,29.996432,16
ex_G_12,frame_00000.png,frame_00119.png,ex_G_12/rgb_max_lockin_f300_ps16_th16/00000-00119-FRAME_rgbmax_scale1.00.png,,,0,decode失敗,QR未検出,0.898791,0.920859,0.935309,0.014616,,lockin:lockin::None:29.996431568043448:16:16:binary:0,lockin,,,29.996432,16
rice_B_4,frame_00000.png,frame_00119.png,,,,0,decode失敗,QR未検出,0.005140,0.268871,0.634289,0.010676,,lockin:lockin::None:10.003568431956552:2:4:binary:0,lockin,,,10.003568,2
rice_B_4,frame_00000.png,frame_00119.png,,,,0,decode失敗,QR未検出,0.005140,0.268871,0.634289,0.010676,,lockin:lockin::None:10.003568431956552:2:8:binary:0,lockin,,,10.003568,2
rice_B_4,frame_00000.png,frame_00119.png,,,,0,decode失敗,QR未検出,0.005140,0.268871,0.634289,0.010676,,lockin:lockin::None:10.003568431956552:2:16:binary:0,lockin,,,10.003568,2
rice_B_4,frame_00000.png,frame_00119.png,,,,0,decode失敗,QR未検出,0.032526,0.247876,0.613506,0.073019,,lockin:lockin::None:10.003568431956552:4:4:binary:0,lockin,,,10.003568,4
rice_B_4,frame_00000.png,frame_00119.png,,,,0,decode失敗,QR未検出,0.032526,0.247876,0.613506,0.073019,,lockin:lockin::None:10.003568431956552:4:8:binary:0,lockin,,,10.003568,4
rice_B_4,frame_00000.png,frame_00119.png,,,,0,decode失敗,QR未検出,0.032526,0.247876,0.613506,0.073019,,lockin:lockin::None:10.003568431956552:4:16:binary:0,lockin,,,10.003568,4
rice_B_4,frame_00000.png,frame_00119.png,,,,0,decode失敗,QR未検出,0.070381,0.267182,0.593028,0.162280,,lockin:lockin::None:10.003568431956552:6:4:binary:0,lockin,,,10.003568,6
rice_B_4,frame_00000.png,frame_00119.png,,,,0,decode失敗,QR未検出,0.070381,0.267182,0.593028,0.162280,,lockin:lockin::None:10.003568431956552:6:8:binary:0,lockin,,,10.003568,6
rice_B_4,frame_00000.png,frame_00119.png,,,,0,decode失敗,QR未検出,0.070381,0.267182,0.593028,0.162280,,lockin:lockin::None:10.003568431956552:6:16:binary:0,lockin,,,10.003568,6
rice_B_4,frame_00000.png,frame_00119.png,,,,0,decode失敗,QR未検出,0.126278,0.289603,0.570979,0.252279,,lockin:lockin::None:10.003568431956552:8:4:binary:0,lockin,,,10.003568,8
rice_B_4,frame_00000.png,frame_00119.png,,,,0,decode失敗,QR未検出,0.126278,0.289603,0.570979,0.252279,,lockin:lockin::None:10.003568431956552:8:8:binary:0,lockin,,,10.003568,8
rice_B_4,frame_00000.png,frame_00119.png,,,,0,decode失敗,QR未検出,0.126278,0.289603,0.570979,0.252279,,lockin:lockin::None:10.003568431956552:8:16:binary:0,lockin,,,10.003568,8
rice_B_4,frame_00000.png,frame_00119.png,,,,0,decode失敗,QR未検出,0.212534,0.296417,0.531662,0.351454,,lockin:lockin::None:10.003568431956552:10:4:binary:0,lockin,,,10.003568,10
rice_B_4,frame_00000.png,frame_00119.png,,,,0,decode失敗,QR未検出,0.212534,0.296417,0.531662,0.351453,,lockin:lockin::None:10.003568431956552:10:8:binary:0,lockin,,,10.003568,10
rice_B_4,frame_00000.png,frame_00119.png,,,,0,decode失敗,QR未検出,0.212534,0.296417,0.531662,0.351453,,lockin:lockin::None:10.003568431956552:10:16:binary:0,lockin,,,10.003568,10
rice_B_4,frame_00000.png,frame_00119.png,rice_B_4/rgb_max_lockin_f300_ps4_th12/00000-00119-FRAME_rgbmax_scale1.00.png,,,0,decode失敗,QR未検出,0.677140,0.403697,0.520378,0.536471,,lockin:lockin::None:10.003568431956552:12:4:binary:0,lockin,,,10.003568,12
rice_B_4,frame_00000.png,frame_00119.png,rice_B_4/rgb_max_lockin_f300_ps4_th12/00000-00119-FRAME_rgbmax_scale1.00.png,,,0,decode失敗,QR未検出,0.677140,0.403697,0.520378,0.536471,,lockin:lockin::None:10.003568431956552:12:8:binary:0,lockin,,,10.003568,12
rice_B_4,frame_00000.png,frame_00119.png,rice_B_4/rgb_max_lockin_f300_ps4_th12/00000-00119-FRAME_rgbmax_scale1.00.png,,,0,decode失敗,QR未検出,0.677140,0.403697,0.520378,0.536471,,lockin:lockin::None:10.003568431956552:12:16:binary:0,lockin,,,10.003568,12
rice_B_4,frame_00000.png,frame_00119.png,rice_B_4/rgb_max_lockin_f300_ps16_th16/00000-00119-FRAME_rgbmax_scale1.00.png,,,0,decode失敗,QR未検出,0.448925,0.439303,0.592523,0.339785,,lockin:lockin::None:10.003568431956552:16:4:binary:0,lockin,,,10.003568,16
rice_B_4,frame_00000.png,frame_00119.png,rice_B_4/rgb_max_lockin_f300_ps16_th16/00000-00119-FRAME_rgbmax_scale1.00.png,,,0,decode失敗,QR未検出,0.448925,0.439303,0.592523,0.339785,,lockin:lockin::None:10.003568431956552:16:8:binary:0,lockin,,,10.003568,16
rice_B_4,frame_00000.png,frame_00119.png,rice_B_4/rgb_max_lockin_f300_ps16_th16/00000-00119-FRAME_rgbmax_scale1.00.png,,,0,decode失敗,QR未検出,0.448925,0.439303,0.592523,0.339785,,lockin:lockin::None:10.003568431956552:16:16:binary:0,lockin,,,10.003568,16
rice_B_4,frame_00000.png,frame_00119.png,,,,0,decode失敗,QR未検出,0.014866,0.266344,0.628037,0.030621,,lockin:lockin::None:14.992863136086896:2:4:binary:0,lockin,,,14.992863,2
rice_B_4,frame_00000.png,frame_00119.png,,,,0,decode失敗,QR未検出,0.014866,0.266344,0.628037,0.030621,,lockin:lockin::None:14.992863136086896:2:8:binary:0,lockin,,,14.992863,2
rice_B_4,frame_00000.png,frame_00119.png,,,,0,decode失敗,QR未検出,0.014866,0.266344,0.628037,0.030621,,lockin:lockin::None:14.992863136086896:2:16:binary:0,lockin,,,14.992863,2
rice_B_4,frame_00000.png,frame_00119.png,,,,0,decode失敗,QR未検出,0.059912,0.268581,0.600065,0.143423,,lockin:lockin::None:14.992863136086896:4:4:binary:0,lockin,,,14.992863,4
rice_B_4,frame_00000.png,frame_00119.png,,,,0,decode失敗,QR未検出,0.059912,0.268581,0.600065,0.143423,,lockin:lockin::None:14.992863136086896:4:8:binary:0,lockin,,,14.992863,4
rice_B_4,frame_00000.png,frame_00119.png,,,,0,decode失敗,QR未検出,0.059912,0.268581,0.600065,0.143423,,lockin:lockin::None:14.992863136086896:4:16:binary:0,lockin,,,14.992863,4
rice_B_4,frame_00000.png,frame_00119.png,,,,0,decode失敗,QR未検出,0.127784,0.289101,0.569908,0.264035,,lockin:lockin::None:14.992863136086896:6:4:binary:0,lockin,,,14.992863,6
rice_B_4,frame_00000.png,frame_00119.png,,,,0,decode失敗,QR未検出,0.127784,0.289101,0.569908,0.264035,,lockin:lockin::None:14.992863136086896:6:8:binary:0,lockin,,,14.992863,6
rice_B_4,frame_00000.png,frame_00119.png,,,,0,decode失敗,QR未検出,0.127784,0.289101,0.569908,0.264035,,lockin:lockin::None:14.992863136086896:6:16:binary:0,lockin,,,14.992863,6
rice_B_4,frame_00000.png,frame_00119.png,,,,0,decode失敗,QR未検出,0.238409,0.288912,0.511203,0.396966,,lockin:lockin::None:14.992863136086896:8:4:binary:0,lockin,,,14.992863,8
rice_B_4,frame_00000.png,frame_00119.png,,,,0,decode失敗,QR未検出,0.238409,0.288912,0.511203,0.396966,,lockin:lockin::None:14.992863136086896:8:8:binary:0,lockin,,,14.992863,8
rice_B_4,frame_00000.png,frame_00119.png,,,,0,decode失敗,QR未検出,0.238409,0.288912,0.511203,0.396966,,lockin:lockin::None:14.992863136086896:8:16:binary:0,lockin,,,14.992863,8
rice_B_4,frame_00000.png,frame_00119.png,,,,0,decode失敗,QR未検出,0.616543,0.418833,0.550866,0.465034,,lockin:lockin::None:14.992863136086896:10:4:binary:0,lockin,,,14.992863,10
rice_B_4,frame_00000.png,frame_00119.png,,,,0,decode失敗,QR未検出,0.616543,0.418833,0.550866,0.465034,,lockin:lockin::None:14.992863136086896:10:8:binary:0,lockin,,,14.992863,10
rice_B_4,frame_00000.png,frame_00119.png,,,,0,decode失敗,QR未検出,0.616543,0.418833,0.550866,0.465034,,lockin:lockin::None:14.992863136086896:10:16:binary:0,lockin,,,14.992863,10
rice_B_4,frame_00000.png,frame_00119.png,rice_B_4/rgb_max_lockin_f300_ps4_th12/00000-00119-FRAME_rgbmax_scale1.00.png,,,0,decode失敗,QR未検出,0.466687,0.438488,0.590028,0.346701,,lockin:lockin::None:14.992863136086896:12:4:binary:0,lockin,,,14.992863,12
rice_B_4,frame_00000.png,frame_00119.png,rice_B_4/rgb_max_lockin_f300_ps4_th12/00000-00119-FRAME_rgbmax_scale1.00.png,,,0,decode失敗,QR未検出,0.466687,0.438488,0.590028,0.346701,,lockin:lockin::None:14.992863136086896:12:8:binary:0,lockin,,,14.992863,12
rice_B_4,frame_00000.png,frame_00119.png,rice_B_4/rgb_max_lockin_f300_ps4_th12/00000-00119-FRAME_rgbmax_scale1.00.png,,,0,decode失敗,QR未検出,0.466687,0.438488,0.590028,0.346707,,lockin:lockin::None:14.992863136086896:12:16:binary:0,lockin,,,14.992863,12
rice_B_4,frame_00000.png,frame_00119.png,rice_B_4/rgb_max_lockin_f300_ps16_th16/00000-00119-FRAME_rgbmax_scale1.00.png,,,0,decode失敗,QR未検出,0.272465,0.476054,0.627556,0.191245,,lockin:lockin::None:14.992863136086896:16:4:binary:0,lockin,,,14.992863,16
rice_B_4,frame_00000.png,frame_00119.png,rice_B_4/rgb_max_lockin_f300_ps16_th16/00000-00119-FRAME_rgbmax_scale1.00.png,,,0,decode失敗,QR未検出,0.272465,0.476054,0.627556,0.191245,,lockin:lockin::None:14.992863136086896:16:8:binary:0,lockin,,,14.992863,16
rice_B_4,frame_00000.png,frame_00119.png,rice_B_4/rgb_max_lockin_f300_ps16_th16/00000-00119-FRAME_rgbmax_scale1.00.png,,,0,decode失敗,QR未検出,0.272465,0.476054,0.627556,0.191245,,lockin:lockin::None:14.992863136086896:16:16:binary:0,lockin,,,14.992863,16
rice_B_4,frame_00000.png,frame_00119.png,,,,0,decode失敗,QR未検出,0.055013,0.236444,0.593034,0.167302,,lockin:lockin::None:29.996431568043448:2:4:binary:0,lockin,,,29.996432,2
rice_B_4,frame_00000.png,frame_00119.png,,,,0,decode失敗,QR未検出,0.055013,0.236444,0.593034,0.167302,,lockin:lockin::None:29.996431568043448:2:8:binary:0,lockin,,,29.996432,2
rice_B_4,frame_00000.png,frame_00119.png,,,,0,decode失敗,QR未検出,0.055013,0.236444,0.593034,0.167302,,lockin:lockin::None:29.996431568043448:2:16:binary:0,lockin,,,29.996432,2
rice_B_4,frame_00000.png,frame_00119.png,,,,0,decode失敗,QR未検出,0.818009,0.422998,0.529531,0.564465,,lockin:lockin::None:29.996431568043448:4:4:binary:0,lockin,,,29.996432,4
rice_B_4,frame_00000.png,frame_00119.png,,,,0,decode失敗,QR未検出,0.818009,0.422998,0.529531,0.564466,,lockin:lockin::None:29.996431568043448:4:8:binary:0,lockin,,,29.996432,4
rice_B_4,frame_00000.png,frame_00119.png,,,,0,decode失敗,QR未検出,0.818009,0.422998,0.529531,0.564465,,lockin:lockin::None:29.996431568043448:4:16:binary:0,lockin,,,29.996432,4
rice_B_4,frame_00000.png,frame_00119.png,,,,0,decode失敗,QR未検出,0.703315,0.512314,0.649749,0.342364,,lockin:lockin::None:29.996431568043448:6:4:binary:0,lockin,,,29.996432,6
rice_B_4,frame_00000.png,frame_00119.png,,,,0,decode失敗,QR未検出,0.703315,0.512314,0.649749,0.342364,,lockin:lockin::None:29.996431568043448:6:8:binary:0,lockin,,,29.996432,6
rice_B_4,frame_00000.png,frame_00119.png,,,,0,decode失敗,QR未検出,0.703315,0.512314,0.649749,0.342364,,lockin:lockin::None:29.996431568043448:6:16:binary:0,lockin,,,29.996432,6
rice_B_4,frame_00000.png,frame_00119.png,,,,0,decode失敗,QR未検出,0.624024,0.589255,0.706022,0.210716,,lockin:lockin::None:29.996431568043448:8:4:binary:0,lockin,,,29.996432,8
rice_B_4,frame_00000.png,frame_00119.png,,,,0,decode失敗,QR未検出,0.624024,0.589255,0.706022,0.210716,,lockin:lockin::None:29.996431568043448:8:8:binary:0,lockin,,,29.996432,8
rice_B_4,frame_00000.png,frame_00119.png,,,,0,decode失敗,QR未検出,0.624024,0.589255,0.706022,0.210716,,lockin:lockin::None:29.996431568043448:8:16:binary:0,lockin,,,29.996432,8
rice_B_4,frame_00000.png,frame_00119.png,,,,0,decode失敗,QR未検出,0.569686,0.638226,0.726946,0.144932,,lockin:lockin::None:29.996431568043448:10:4:binary:0,lockin,,,29.996432,10
rice_B_4,frame_00000.png,frame_00119.png,,,,0,decode失敗,QR未検出,0.569686,0.638226,0.726946,0.144932,,lockin:lockin::None:29.996431568043448:10:8:binary:0,lockin,,,29.996432,10
rice_B_4,frame_00000.png,frame_00119.png,,,,0,decode失敗,QR未検出,0.569686,0.638226,0.726946,0.144932,,lockin:lockin::None:29.996431568043448:10:16:binary:0,lockin,,,29.996432,10
rice_B_4,frame_00000.png,frame_00119.png,rice_B_4/rgb_max_lockin_f300_ps4_th12/00000-00119-FRAME_rgbmax_scale1.00.png,,,0,decode失敗,QR未検出,0.527985,0.681951,0.739626,0.105066,,lockin:lockin::None:29.996431568043448:12:4:binary:0,lockin,,,29.996432,12
rice_B_4,frame_00000.png,frame_00119.png,rice_B_4/rgb_max_lockin_f300_ps4_th12/00000-00119-FRAME_rgbmax_scale1.00.png,,,0,decode失敗,QR未検出,0.527985,0.681951,0.739626,0.105066,,lockin:lockin::None:29.996431568043448:12:8:binary:0,lockin,,,29.996432,12
rice_B_4,frame_00000.png,frame_00119.png,rice_B_4/rgb_max_lockin_f300_ps4_th12/00000-00119-FRAME_rgbmax_scale1.00.png,,,0,decode失敗,QR未検出,0.527985,0.681951,0.739626,0.105066,,lockin:lockin::None:29.996431568043448:12:16:binary:0,lockin,,,29.996432,12
rice_B_4,frame_00000.png,frame_00119.png,rice_B_4/rgb_max_lockin_f300_ps16_th16/00000-00119-FRAME_rgbmax_scale1.00.png,,,0,decode失敗,QR未検出,0.467599,0.745105,0.749013,0.063429,,lockin:lockin::None:29.996431568043448:16:4:binary:0,lockin,,,29.996432,16
rice_B_4,frame_00000.png,frame_00119.png,rice_B_4/rgb_max_lockin_f300_ps16_th16/00000-00119-FRAME_rgbmax_scale1.00.png,,,0,decode失敗,QR未検出,0.467599,0.745105,0.749013,0.063429,,lockin:lockin::None:29.996431568043448:16:8:binary:0,lockin,,,29.996432,16
rice_B_4,frame_00000.png,frame_00119.png,rice_B_4/rgb_max_lockin_f300_ps16_th16/00000-00119-FRAME_rgbmax_scale1.00.png,,,0,decode失敗,QR未検出,0.467599,0.745105,0.749013,0.063429,,lockin:lockin::None:29.996431568043448:16:16:binary:0,lockin,,,29.996432,16
rice_B_8,frame_00000.png,frame_00119.png,,,,0,decode失敗,QR未検出,0.000541,0.031576,0.631678,0.014700,,lockin:lockin::None:10.003568431956552:2:4:binary:0,lockin,,,10.003568,2
rice_B_8,frame_00000.png,frame_00119.png,,,,0,decode失敗,QR未検出,0.000541,0.031576,0.631678,0.014700,,lockin:lockin::None:10.003568431956552:2:8:binary:0,lockin,,,10.003568,2
rice_B_8,frame_00000.png,frame_00119.png,,,,0,decode失敗,QR未検出,0.000541,0.031576,0.631678,0.014700,,lockin:lockin::None:10.003568431956552:2:16:binary:0,lockin,,,10.003568,2
rice_B_8,frame_00000.png,frame_00119.png,,,,0,decode失敗,QR未検出,0.022077,0.181992,0.609524,0.078128,,lockin:lockin::None:10.003568431956552:4:4:binary:0,lockin,,,10.003568,4
rice_B_8,frame_00000.png,frame_00119.png,,,,0,decode失敗,QR未検出,0.022077,0.181992,0.609524,0.078128,,lockin:lockin::None:10.003568431956552:4:8:binary:0,lockin,,,10.003568,4
rice_B_8,frame_00000.png,frame_00119.png,,,,0,decode失敗,QR未検出,0.022077,0.181992,0.609524,0.078128,,lockin:lockin::None:10.003568431956552:4:16:binary:0,lockin,,,10.003568,4
rice_B_8,frame_00000.png,frame_00119.png,,,,0,decode失敗,QR未検出,0.049448,0.225770,0.593947,0.166845,,lockin:lockin::None:10.003568431956552:6:4:binary:0,lockin,,,10.003568,6
rice_B_8,frame_00000.png,frame_00119.png,,,,0,decode失敗,QR未検出,0.049448,0.225770,0.593947,0.166845,,lockin:lockin::None:10.003568431956552:6:8:binary:0,lockin,,,10.003568,6
rice_B_8,frame_00000.png,frame_00119.png,,,,0,decode失敗,QR未検出,0.049448,0.225770,0.593947,0.166845,,lockin:lockin::None:10.003568431956552:6:16:binary:0,lockin,,,10.003568,6
rice_B_8,frame_00000.png,frame_00119.png,,,,0,decode失敗,QR未検出,0.077742,0.234618,0.573738,0.248041,,lockin:lockin::None:10.003568431956552:8:4:binary:0,lockin,,,10.003568,8
rice_B_8,frame_00000.png,frame_00119.png,,,,0,decode失敗,QR未検出,0.077742,0.234618,0.573738,0.248039,,lockin:lockin::None:10.003568431956552:8:8:binary:0,lockin,,,10.003568,8
rice_B_8,frame_00000.png,frame_00119.png,,,,0,decode失敗,QR未検出,0.077742,0.234618,0.573738,0.248039,,lockin:lockin::None:10.003568431956552:8:16:binary:0,lockin,,,10.003568,8
rice_B_8,frame_00000.png,frame_00119.png,,,,0,decode失敗,QR未検出,0.110698,0.213631,0.529909,0.333780,,lockin:lockin::None:10.003568431956552:10:4:binary:0,lockin,,,10.003568,10
rice_B_8,frame_00000.png,frame_00119.png,,,,0,decode失敗,QR未検出,0.110698,0.213631,0.529909,0.333780,,lockin:lockin::None:10.003568431956552:10:8:binary:0,lockin,,,10.003568,10
rice_B_8,frame_00000.png,frame_00119.png,,,,0,decode失敗,QR未検出,0.110698,0.213631,0.529909,0.333782,,lockin:lockin::None:10.003568431956552:10:16:binary:0,lockin,,,10.003568,10
rice_B_8,frame_00000.png,frame_00119.png,rice_B_8/rgb_max_lockin_f300_ps4_th12/00000-00119-FRAME_rgbmax_scale1.00.png,,,0,decode失敗,QR未検出,0.841838,0.424874,0.529571,0.564959,,lockin:lockin::None:10.003568431956552:12:4:binary:0,lockin,,,10.003568,12
rice_B_8,frame_00000.png,frame_00119.png,rice_B_8/rgb_max_lockin_f300_ps4_th12/00000-00119-FRAME_rgbmax_scale1.00.png,,,0,decode失敗,QR未検出,0.841838,0.424874,0.529571,0.564959,,lockin:lockin::None:10.003568431956552:12:8:binary:0,lockin,,,10.003568,12
rice_B_8,frame_00000.png,frame_00119.png,rice_B_8/rgb_max_lockin_f300_ps4_th12/00000-00119-FRAME_rgbmax_scale1.00.png,,,0,decode失敗,QR未検出,0.841838,0.424874,0.529571,0.564959,,lockin:lockin::None:10.003568431956552:12:16:binary:0,lockin,,,10.003568,12
rice_B_8,frame_00000.png,frame_00119.png,rice_B_8/rgb_max_lockin_f300_ps16_th16/00000-00119-FRAME_rgbmax_scale1.00.png,,,0,decode失敗,QR未検出,0.701587,0.498286,0.635743,0.369098,,lockin:lockin::None:10.003568431956552:16:4:binary:0,lockin,,,10.003568,16
rice_B_8,frame_00000.png,frame_00119.png,rice_B_8/rgb_max_lockin_f300_ps16_th16/00000-00119-FRAME_rgbmax_scale1.00.png,,,0,decode失敗,QR未検出,0.701587,0.498286,0.635743,0.369098,,lockin:lockin::None:10.003568431956552:16:8:binary:0,lockin,,,10.003568,16
rice_B_8,frame_00000.png,frame_00119.png,rice_B_8/rgb_max_lockin_f300_ps16_th16/00000-00119-FRAME_rgbmax_scale1.00.png,,,0,decode失敗,QR未検出,0.701587,0.498286,0.635743,0.369098,,lockin:lockin::None:10.003568431956552:16:16:binary:0,lockin,,,10.003568,16
rice_B_8,frame_00000.png,frame_00119.png,,,,0,decode失敗,QR未検出,0.007298,0.152251,0.625408,0.030032,,lockin:lockin::None:14.992863136086896:2:4:binary:0,lockin,,,14.992863,2
rice_B_8,frame_00000.png,frame_00119.png,,,,0,decode失敗,QR未検出,0.007298,0.152251,0.625408,0.030032,,lockin:lockin::None:14.992863136086896:2:8:binary:0,lockin,,,14.992863,2
rice_B_8,frame_00000.png,frame_00119.png,,,,0,decode失敗,QR未検出,0.007298,0.152251,0.625408,0.030032,,lockin:lockin::None:14.992863136086896:2:16:binary:0,lockin,,,14.992863,2
rice_B_8,frame_00000.png,frame_00119.png,,,,0,decode失敗,QR未検出,0.042672,0.224340,0.599478,0.137697,,lockin:lockin::None:14.992863136086896:4:4:binary:0,lockin,,,14.992863,4
rice_B_8,frame_00000.png,frame_00119.png,,,,0,decode失敗,QR未検出,0.042672,0.224340,0.599478,0.137697,,lockin:lockin::None:14.992863136086896:4:8:binary:0,lockin,,,14.992863,4
rice_B_8,frame_00000.png,frame_00119.png,,,,0,decode失敗,QR未検出,0.042672,0.224340,0.599478,0.137697,,lockin:lockin::None:14.992863136086896:4:16:binary:0,lockin,,,14.992863,4
rice_B_8,frame_00000.png,frame_00119.png,,,,0,decode失敗,QR未検出,0.080614,0.241327,0.574846,0.246618,,lockin:lockin::None:14.992863136086896:6:4:binary:0,lockin,,,14.992863,6
rice_B_8,frame_00000.png,frame_00119.png,,,,0,decode失敗,QR未検出,0.080614,0.241327,0.574846,0.246618,,lockin:lockin::None:14.992863136086896:6:8:binary:0,lockin,,,14.992863,6
rice_B_8,frame_00000.png,frame_00119.png,,,,0,decode失敗,QR未検出,0.080614,0.241327,0.574846,0.246618,,lockin:lockin::None:14.992863136086896:6:16:binary:0,lockin,,,14.992863,6
rice_B_8,frame_00000.png,frame_00119.png,,,,0,decode失敗,QR未検出,0.121924,0.211370,0.516785,0.357741,,lockin:lockin::None:14.992863136086896:8:4:binary:0,lockin,,,14.992863,8
rice_B_8,frame_00000.png,frame_00119.png,,,,0,decode失敗,QR未検出,0.121924,0.211370,0.516785,0.357741,,lockin:lockin::None:14.992863136086896:8:8:binary:0,lockin,,,14.992863,8
rice_B_8,frame_00000.png,frame_00119.png,,,,0,decode失敗,QR未検出,0.121924,0.211370,0.516785,0.357741,,lockin:lockin::None:14.992863136086896:8:16:binary:0,lockin,,,14.992863,8
rice_B_8,frame_00000.png,frame_00119.png,,,,0,decode失敗,QR未検出,0.814683,0.444505,0.563751,0.513064,,lockin:lockin::None:14.992863136086896:10:4:binary:0,lockin,,,14.992863,10
rice_B_8,frame_00000.png,frame_00119.png,,,,0,decode失敗,QR未検出,0.814683,0.444505,0.563751,0.513064,,lockin:lockin::None:14.992863136086896:10:8:binary:0,lockin,,,14.992863,10
rice_B_8,frame_00000.png,frame_00119.png,,,,0,decode失敗,QR未検出,0.814683,0.444505,0.563751,0.513064,,lockin:lockin::None:14.992863136086896:10:16:binary:0,lockin,,,14.992863,10
rice_B_8,frame_00000.png,frame_00119.png,rice_B_8/rgb_max_lockin_f300_ps4_th12/00000-00119-FRAME_rgbmax_scale1.00.png,,,0,decode失敗,QR未検出,0.726101,0.493078,0.630102,0.394129,,lockin:lockin::None:14.992863136086896:12:4:binary:0,lockin,,,14.992863,12
rice_B_8,frame_00000.png,frame_00119.png,rice_B_8/rgb_max_lockin_f300_ps4_th12/00000-00119-FRAME_rgbmax_scale1.00.png,,,0,decode失敗,QR未検出,0.726101,0.493078,0.630102,0.394129,,lockin:lockin::None:14.992863136086896:12:8:binary:0,lockin,,,14.992863,12
rice_B_8,frame_00000.png,frame_00119.png,rice_B_8/rgb_max_lockin_f300_ps4_th12/00000-00119-FRAME_rgbmax_scale1.00.png,,,0,decode失敗,QR未検出,0.726101,0.493078,0.630102,0.394129,,lockin:lockin::None:14.992863136086896:12:16:binary:0,lockin,,,14.992863,12
rice_B_8,frame_00000.png,frame_00119.png,rice_B_8/rgb_max_lockin_f300_ps16_th16/00000-00119-FRAME_rgbmax_scale1.00.png,,,0,decode失敗,QR未検出,0.520474,0.570399,0.684065,0.225660,,lockin:lockin::None:14.992863136086896:16:4:binary:0,lockin,,,14.992863,16
rice_B_8,frame_00000.png,frame_00119.png,rice_B_8/rgb_max_lockin_f300_ps16_th16/00000-00119-FRAME_rgbmax_scale1.00.png,,,0,decode失敗,QR未検出,0.520474,0.570399,0.684065,0.225660,,lockin:lockin::None:14.992863136086896:16:8:binary:0,lockin,,,14.992863,16
rice_B_8,frame_00000.png,frame_00119.png,rice_B_8/rgb_max_lockin_f300_ps16_th16/00000-00119-FRAME_rgbmax_scale1.00.png,,,0,decode失敗,QR未検出,0.520474,0.570399,0.684065,0.225660,,lockin:lockin::None:14.992863136086896:16:16:binary:0,lockin,,,14.992863,16
rice_B_8,frame_00000.png,frame_00119.png,,,,0,decode失敗,QR未検出,0.921389,0.416672,0.503898,0.602886,,lockin:lockin::None:29.996431568043448:2:4:binary:0,lockin,,,29.996432,2
rice_B_8,frame_00000.png,frame_00119.png,,,,0,decode失敗,QR未検出,0.921389,0.416672,0.503898,0.602886,,lockin:lockin::None:29.996431568043448:2:8:binary:0,lockin,,,29.996432,2
rice_B_8,frame_00000.png,frame_00119.png,,,,0,decode失敗,QR未検出,0.921389,0.416672,0.503898,0.602886,,lockin:lockin::None:29.996431568043448:2:16:binary:0,lockin,,,29.996432,2
rice_B_8,frame_00000.png,frame_00119.png,,,,0,decode失敗,QR未検出,0.847094,0.566518,0.709604,0.253476,,lockin:lockin::None:29.996431568043448:4:4:binary:0,lockin,,,29.996432,4
rice_B_8,frame_00000.png,frame_00119.png,,,,0,decode失敗,QR未検出,0.847094,0.566518,0.709604,0.253476,,lockin:lockin::None:29.996431568043448:4:8:binary:0,lockin,,,29.996432,4
rice_B_8,frame_00000.png,frame_00119.png,,,,0,decode失敗,QR未検出,0.847094,0.566518,0.709604,0.253476,,lockin:lockin::None:29.996431568043448:4:16:binary:0,lockin,,,29.996432,4
rice_B_8,frame_00000.png,frame_00119.png,,,,0,decode失敗,QR未検出,0.770332,0.656706,0.770765,0.131886,,lockin:lockin::None:29.996431568043448:6:4:binary:0,lockin,,,29.996432,6
rice_B_8,frame_00000.png,frame_00119.png,,,,0,decode失敗,QR未検出,0.770332,0.656706,0.770765,0.131886,,lockin:lockin::None:29.996431568043448:6:8:binary:0,lockin,,,29.996432,6
rice_B_8,frame_00000.png,frame_00119.png,,,,0,decode失敗,QR未検出,0.770332,0.656706,0.770765,0.131886,,lockin:lockin::None:29.996431568043448:6:16:binary:0,lockin,,,29.996432,6
rice_B_8,frame_00000.png,frame_00119.png,,,,0,decode失敗,QR未検出,0.720773,0.710586,0.792360,0.085948,,lockin:lockin::None:29.996431568043448:8:4:binary:0,lockin,,,29.996432,8
rice_B_8,frame_00000.png,frame_00119.png,,,,0,decode失敗,QR未検出,0.720773,0.710586,0.792360,0.085948,,lockin:lockin::None:29.996431568043448:8:8:binary:0,lockin,,,29.996432,8
rice_B_8,frame_00000.png,frame_00119.png,,,,0,decode失敗,QR未検出,0.720773,0.710586,0.792360,0.085948,,lockin:lockin::None:29.996431568043448:8:16:binary:0,lockin,,,29.996432,8
rice_B_8,frame_00000.png,frame_00119.png,,,,0,decode失敗,QR未検出,0.684800,0.746974,0.801649,0.061302,,lockin:lockin::None:29.996431568043448:10:4:binary:0,lockin,,,29.996432,10
rice_B_8,frame_00000.png,frame_00119.png,,,,0,decode失敗,QR未検出,0.684800,0.746974,0.801649,0.061302,,lockin:lockin::None:29.996431568043448:10:8:binary:0,lockin,,,29.996432,10
rice_B_8,frame_00000.png,frame_00119.png,,,,0,decode失敗,QR未検出,0.684800,0.746974,0.801649,0.061302,,lockin:lockin::None:29.996431568043448:10:16:binary:0,lockin,,,29.996432,10
rice_B_8,frame_00000.png,frame_00119.png,rice_B_8/rgb_max_lockin_f300_ps4_th12/00000-00119-FRAME_rgbmax_scale1.00.png,,,0,decode失敗,QR未検出,0.654209,0.776875,0.806535,0.045739,,lockin:lockin::None:29.996431568043448:12:4:binary:0,lockin,,,29.996432,12
rice_B_8,frame_00000.png,frame_00119.png,rice_B_8/rgb_max_lockin_f300_ps4_th12/00000-00119-FRAME_rgbmax_scale1.00.png,,,0,decode失敗,QR未検出,0.654209,0.776875,0.806535,0.045739,,lockin:lockin::None:29.996431568043448:12:8:binary:0,lockin,,,29.996432,12
rice_B_8,frame_00000.png,frame_00119.png,rice_B_8/rgb_max_lockin_f300_ps4_th12/00000-00119-FRAME_rgbmax_scale1.00.png,,,0,decode失敗,QR未検出,0.654209,0.776875,0.806535,0.045739,,lockin:lockin::None:29.996431568043448:12:16:binary:0,lockin,,,29.996432,12
rice_B_8,frame_00000.png,frame_00119.png,rice_B_8/rgb_max_lockin_f300_ps16_th16/00000-00119-FRAME_rgbmax_scale1.00.png,,,0,decode失敗,QR未検出,0.599341,0.816909,0.806063,0.029104,,lockin:lockin::None:29.996431568043448:16:4:binary:0,lockin,,,29.996432,16
rice_B_8,frame_00000.png,frame_00119.png,rice_B_8/rgb_max_lockin_f300_ps16_th16/00000-00119-FRAME_rgbmax_scale1.00.png,,,0,decode失敗,QR未検出,0.599341,0.816909,0.806063,0.029104,,lockin:lockin::None:29.996431568043448:16:8:binary:0,lockin,,,29.996432,16
rice_B_8,frame_00000.png,frame_00119.png,rice_B_8/rgb_max_lockin_f300_ps16_th16/00000-00119-FRAME_rgbmax_scale1.00.png,,,0,decode失敗,QR未検出,0.599341,0.816909,0.806063,0.029104,,lockin:lockin::None:29.996431568043448:16:16:binary:0,lockin,,,29.996432,16
rice_B_12,frame_00000.png,frame_00119.png,,,,0,decode失敗,QR未検出,0.000000,0.000000,0.635710,0.017651,,lockin:lockin::None:10.003568431956552:2:4:binary:0,lockin,,,10.003568,2
rice_B_12,frame_00000.png,frame_00119.png,,,,0,decode失敗,QR未検出,0.000000,0.000000,0.635710,0.017651,,lockin:lockin::None:10.003568431956552:2:8:binary:0,lockin,,,10.003568,2
rice_B_12,frame_00000.png,frame_00119.png,,,,0,decode失敗,QR未検出,0.000000,0.000000,0.635710,0.017651,,lockin:lockin::None:10.003568431956552:2:16:binary:0,lockin,,,10.003568,2
rice_B_12,frame_00000.png,frame_00119.png,,,,0,decode失敗,QR未検出,0.004349,0.079404,0.620792,0.095979,,lockin:lockin::None:10.003568431956552:4:4:binary:0,lockin,,,10.003568,4
rice_B_12,frame_00000.png,frame_00119.png,,,,0,decode失敗,QR未検出,0.004349,0.079404,0.620792,0.095979,,lockin:lockin::None:10.003568431956552:4:8:binary:0,lockin,,,10.003568,4
rice_B_12,frame_00000.png,frame_00119.png,,,,0,decode失敗,QR未検出,0.004349,0.079404,0.620792,0.095979,,lockin:lockin::None:10.003568431956552:4:16:binary:0,lockin,,,10.003568,4
rice_B_12,frame_00000.png,frame_00119.png,,,,0,decode失敗,QR未検出,0.024152,0.155466,0.598687,0.206001,,lockin:lockin::None:10.003568431956552:6:4:binary:0,lockin,,,10.003568,6
rice_B_12,frame_00000.png,frame_00119.png,,,,0,decode失敗,QR未検出,0.024152,0.155466,0.598687,0.206001,,lockin:lockin::None:10.003568431956552:6:8:binary:0,lockin,,,10.003568,6
rice_B_12,frame_00000.png,frame_00119.png,,,,0,decode失敗,QR未検出,0.024152,0.155466,0.598687,0.206001,,lockin:lockin::None:10.003568431956552:6:16:binary:0,lockin,,,10.003568,6
rice_B_12,frame_00000.png,frame_00119.png,,,,0,decode失敗,QR未検出,0.042170,0.133993,0.553979,0.310347,,lockin:lockin::None:10.003568431956552:8:4:binary:0,lockin,,,10.003568,8
rice_B_12,frame_00000.png,frame_00119.png,,,,0,decode失敗,QR未検出,0.042170,0.133993,0.553979,0.310347,,lockin:lockin::None:10.003568431956552:8:8:binary:0,lockin,,,10.003568,8
rice_B_12,frame_00000.png,frame_00119.png,,,,0,decode失敗,QR未検出,0.042170,0.133993,0.553979,0.310347,,lockin:lockin::None:10.003568431956552:8:16:binary:0,lockin,,,10.003568,8
rice_B_12,frame_00000.png,frame_00119.png,,,,0,decode失敗,QR未検出,0.937505,0.421226,0.510381,0.573297,,lockin:lockin::None:10.003568431956552:10:4:binary:0,lockin,,,10.003568,10
rice_B_12,frame_00000.png,frame_00119.png,,,,0,decode失敗,QR未検出,0.937505,0.421226,0.510381,0.573297,,lockin:lockin::None:10.003568431956552:10:8:binary:0,lockin,,,10.003568,10
rice_B_12,frame_00000.png,frame_00119.png,,,,0,decode失敗,QR未検出,0.937505,0.421226,0.510381,0.573297,,lockin:lockin::None:10.003568431956552:10:16:binary:0,lockin,,,10.003568,10
rice_B_12,frame_00000.png,frame_00119.png,,,,0,decode失敗,QR未検出,0.911828,0.460108,0.580175,0.459068,,lockin:lockin::None:10.003568431956552:12:4:binary:0,lockin,,,10.003568,12
rice_B_12,frame_00000.png,frame_00119.png,,,,0,decode失敗,QR未検出,0.911828,0.460108,0.580175,0.459068,,lockin:lockin::None:10.003568431956552:12:8:binary:0,lockin,,,10.003568,12
rice_B_12,frame_00000.png,frame_00119.png,,,,0,decode失敗,QR未検出,0.911828,0.460108,0.580175,0.459068,,lockin:lockin::None:10.003568431956552:12:16:binary:0,lockin,,,10.003568,12
rice_B_12,frame_00000.png,frame_00119.png,rice_B_12/rgb_max_lockin_f300_ps8_th16/00000-00119-FRAME_rgbmax_scale1.00.png,,,0,decode失敗,QR未検出,0.843730,0.533318,0.675709,0.291372,,lockin:lockin::None:10.003568431956552:16:4:binary:0,lockin,,,10.003568,16
rice_B_12,frame_00000.png,frame_00119.png,rice_B_12/rgb_max_lockin_f300_ps8_th16/00000-00119-FRAME_rgbmax_scale1.00.png,,,0,decode失敗,QR未検出,0.843730,0.533318,0.675709,0.291372,,lockin:lockin::None:10.003568431956552:16:8:binary:0,lockin,,,10.003568,16
rice_B_12,frame_00000.png,frame_00119.png,rice_B_12/rgb_max_lockin_f300_ps8_th16/00000-00119-FRAME_rgbmax_scale1.00.png,,,0,decode失敗,QR未検出,0.843730,0.533318,0.675709,0.291372,,lockin:lockin::None:10.003568431956552:16:16:binary:0,lockin,,,10.003568,16
rice_B_12,frame_00000.png,frame_00119.png,,,,0,decode失敗,QR未検出,0.000275,0.014001,0.630569,0.042669,,lockin:lockin::None:14.992863136086896:2:4:binary:0,lockin,,,14.992863,2
rice_B_12,frame_00000.png,frame_00119.png,,,,0,decode失敗,QR未検出,0.000275,0.014001,0.630569,0.042669,,lockin:lockin::None:14.992863136086896:2:8:binary:0,lockin,,,14.992863,2
rice_B_12,frame_00000.png,frame_00119.png,,,,0,decode失敗,QR未検出,0.000275,0.014001,0.630569,0.042671,,lockin:lockin::None:14.992863136086896:2:16:binary:0,lockin,,,14.992863,2
rice_B_12,frame_00000.png,frame_00119.png,,,,0,decode失敗,QR未検出,0.019374,0.148386,0.604209,0.185930,,lockin:lockin::None:14.992863136086896:4:4:binary:0,lockin,,,14.992863,4
rice_B_12,frame_00000.png,frame_00119.png,,,,0,decode失敗,QR未検出,0.019374,0.148386,0.604209,0.185930,,lockin:lockin::None:14.992863136086896:4:8:binary:0,lockin,,,14.992863,4
rice_B_12,frame_00000.png,frame_00119.png,,,,0,decode失敗,QR未検出,0.019374,0.148386,0.604209,0.185930,,lockin:lockin::None:14.992863136086896:4:16:binary:0,lockin,,,14.992863,4
rice_B_12,frame_00000.png,frame_00119.png,,,,0,decode失敗,QR未検出,0.047040,0.136684,0.546840,0.325979,,lockin:lockin::None:14.992863136086896:6:4:binary:0,lockin,,,14.992863,6
rice_B_12,frame_00000.png,frame_00119.png,,,,0,decode失敗,QR未検出,0.047040,0.136684,0.546840,0.325978,,lockin:lockin::None:14.992863136086896:6:8:binary:0,lockin,,,14.992863,6
rice_B_12,frame_00000.png,frame_00119.png,,,,0,decode失敗,QR未検出,0.047040,0.136688,0.546844,0.325976,,lockin:lockin::None:14.992863136086896:6:16:binary:0,lockin,,,14.992863,6
rice_B_12,frame_00000.png,frame_00119.png,,,,0,decode失敗,QR未検出,0.926839,0.437759,0.541952,0.521671,,lockin:lockin::None:14.992863136086896:8:4:binary:0,lockin,,,14.992863,8
rice_B_12,frame_00000.png,frame_00119.png,,,,0,decode失敗,QR未検出,0.926839,0.437759,0.541952,0.521671,,lockin:lockin::None:14.992863136086896:8:8:binary:0,lockin,,,14.992863,8
rice_B_12,frame_00000.png,frame_00119.png,,,,0,decode失敗,QR未検出,0.926839,0.437759,0.541952,0.521671,,lockin:lockin::None:14.992863136086896:8:16:binary:0,lockin,,,14.992863,8
rice_B_12,frame_00000.png,frame_00119.png,,,,0,decode失敗,QR未検出,0.887328,0.485295,0.618000,0.390415,,lockin:lockin::None:14.992863136086896:10:4:binary:0,lockin,,,14.992863,10
rice_B_12,frame_00000.png,frame_00119.png,,,,0,decode失敗,QR未検出,0.887328,0.485295,0.618000,0.390415,,lockin:lockin::None:14.992863136086896:10:8:binary:0,lockin,,,14.992863,10
rice_B_12,frame_00000.png,frame_00119.png,,,,0,decode失敗,QR未検出,0.887328,0.485295,0.618000,0.390415,,lockin:lockin::None:14.992863136086896:10:16:binary:0,lockin,,,14.992863,10
rice_B_12,frame_00000.png,frame_00119.png,,,,0,decode失敗,QR未検出,0.837306,0.528075,0.669767,0.292420,,lockin:lockin::None:14.992863136086896:12:4:binary:0,lockin,,,14.992863,12
rice_B_12,frame_00000.png,frame_00119.png,,,,0,decode失敗,QR未検出,0.837306,0.528075,0.669767,0.292420,,lockin:lockin::None:14.992863136086896:12:8:binary:0,lockin,,,14.992863,12
rice_B_12,frame_00000.png,frame_00119.png,,,,0,decode失敗,QR未検出,0.837306,0.528075,0.669767,0.292420,,lockin:lockin::None:14.992863136086896:12:16:binary:0,lockin,,,14.992863,12
rice_B_12,frame_00000.png,frame_00119.png,rice_B_12/rgb_max_lockin_f300_ps8_th16/00000-00119-FRAME_rgbmax_scale1.00.png,,,0,decode失敗,QR未検出,0.698551,0.592663,0.716678,0.172266,,lockin:lockin::None:14.992863136086896:16:4:binary:0,lockin,,,14.992863,16
rice_B_12,frame_00000.png,frame_00119.png,rice_B_12/rgb_max_lockin_f300_ps8_th16/00000-00119-FRAME_rgbmax_scale1.00.png,,,0,decode失敗,QR未検出,0.698551,0.592663,0.716678,0.172266,,lockin:lockin::None:14.992863136086896:16:8:binary:0,lockin,,,14.992863,16
rice_B_12,frame_00000.png,frame_00119.png,rice_B_12/rgb_max_lockin_f300_ps8_th16/00000-00119-FRAME_rgbmax_scale1.00.png,,,0,decode失敗,QR未検出,0.698551,0.592663,0.716678,0.172266,,lockin:lockin::None:14.992863136086896:16:16:binary:0,lockin,,,14.992863,16
rice_B_12,frame_00000.png,frame_00119.png,,,,0,decode失敗,QR未検出,0.917890,0.572377,0.721643,0.156637,,lockin:lockin::None:29.996431568043448:2:4:binary:0,lockin,,,29.996432,2
rice_B_12,frame_00000.png,frame_00119.png,,,,0,decode失敗,QR未検出,0.917890,0.572377,0.721643,0.156637,,lockin:lockin::None:29.996431568043448:2:8:binary:0,lockin,,,29.996432,2
rice_B_12,frame_00000.png,frame_00119.png,,,,0,decode失敗,QR未検出,0.917890,0.572377,0.721643,0.156637,,lockin:lockin::None:29.996431568043448:2:16:binary:0,lockin,,,29.996432,2
rice_B_12,frame_00000.png,frame_00119.png,,,,0,decode失敗,QR未検出,0.891561,0.649379,0.786185,0.093928,,lockin:lockin::None:29.996431568043448:4:4:binary:0,lockin,,,29.996432,4
rice_B_12,frame_00000.png,frame_00119.png,,,,0,decode失敗,QR未検出,0.891561,0.649379,0.786185,0.093928,,lockin:lockin::None:29.996431568043448:4:8:binary:0,lockin,,,29.996432,4
rice_B_12,frame_00000.png,frame_00119.png,,,,0,decode失敗,QR未検出,0.891561,0.649379,0.786185,0.093928,,lockin:lockin::None:29.996431568043448:4:16:binary:0,lockin,,,29.996432,4
rice_B_12,frame_00000.png,frame_00119.png,,,,0,decode失敗,QR未検出,0.874263,0.702411,0.820148,0.070588,,lockin:lockin::None:29.996431568043448:6:4:binary:0,lockin,,,29.996432,6
rice_B_12,frame_00000.png,frame_00119.png,,,,0,decode失敗,QR未検出,0.874263,0.702411,0.820148,0.070588,,lockin:lockin::None:29.996431568043448:6:8:binary:0,lockin,,,29.996432,6
rice_B_12,frame_00000.png,frame_00119.png,,,,0,decode失敗,QR未検出,0.874263,0.702411,0.820148,0.070588,,lockin:lockin::None:29.996431568043448:6:16:binary:0,lockin,,,29.996432,6
rice_B_12,frame_00000.png,frame_00119.png,,,,0,decode失敗,QR未検出,0.859209,0.743515,0.841517,0.056204,,lockin:lockin::None:29.996431568043448:8:4:binary:0,lockin,,,29.996432,8
rice_B_12,frame_00000.png,frame_00119.png,,,,0,decode失敗,QR未検出,0.859209,0.743515,0.841517,0.056204,,lockin:lockin::None:29.996431568043448:8:8:binary:0,lockin,,,29.996432,8
rice_B_12,frame_00000.png,frame_00119.png,,,,0,decode失敗,QR未検出,0.859209,0.743515,0.841517,0.056204,,lockin:lockin::None:29.996431568043448:8:16:binary:0,lockin,,,29.996432,8
rice_B_12,frame_00000.png,frame_00119.png,,,,0,decode失敗,QR未検出,0.847557,0.774085,0.855069,0.046824,,lockin:lockin::None:29.996431568043448:10:4:binary:0,lockin,,,29.996432,10
rice_B_12,frame_00000.png,frame_00119.png,,,,0,decode失敗,QR未検出,0.847557,0.774085,0.855069,0.046824,,lockin:lockin::None:29.996431568043448:10:8:binary:0,lockin,,,29.996432,10
rice_B_12,frame_00000.png,frame_00119.png,,,,0,decode失敗,QR未検出,0.847557,0.774085,0.855069,0.046824,,lockin:lockin::None:29.996431568043448:10:16:binary:0,lockin,,,29.996432,10
rice_B_12,frame_00000.png,frame_00119.png,,,,0,decode失敗,QR未検出,0.838141,0.797146,0.864007,0.040358,,lockin:lockin::None:29.996431568043448:12:4:binary:0,lockin,,,29.996432,12
rice_B_12,frame_00000.png,frame_00119.png,,,,0,decode失敗,QR未検出,0.838141,0.797146,0.864007,0.040358,,lockin:lockin::None:29.996431568043448:12:8:binary:0,lockin,,,29.996432,12
rice_B_12,frame_00000.png,frame_00119.png,,,,0,decode失敗,QR未検出,0.838141,0.797146,0.864007,0.040358,,lockin:lockin::None:29.996431568043448:12:16:binary:0,lockin,,,29.996432,12
rice_B_12,frame_00000.png,frame_00119.png,rice_B_12/rgb_max_lockin_f300_ps8_th16/00000-00119-FRAME_rgbmax_scale1.00.png,,,0,decode失敗,QR未検出,0.816252,0.834008,0.874498,0.030740,,lockin:lockin::None:29.996431568043448:16:4:binary:0,lockin,,,29.996432,16
rice_B_12,frame_00000.png,frame_00119.png,rice_B_12/rgb_max_lockin_f300_ps8_th16/00000-00119-FRAME_rgbmax_scale1.00.png,,,0,decode失敗,QR未検出,0.816252,0.834008,0.874498,0.030740,,lockin:lockin::None:29.996431568043448:16:8:binary:0,lockin,,,29.996432,16
rice_B_12,frame_00000.png,frame_00119.png,rice_B_12/rgb_max_lockin_f300_ps8_th16/00000-00119-FRAME_rgbmax_scale1.00.png,,,0,decode失敗,QR未検出,0.816252,0.834008,0.874498,0.030740,,lockin:lockin::None:29.996431568043448:16:16:binary:0,lockin,,,29.996432,16
nagaoka_fireworks_B_4,frame_00000.png,frame_00119.png,,,,0,decode失敗,QR未検出,0.018355,0.170111,0.611685,0.072005,,lockin:lockin::None:10.003568431956552:2:4:binary:0,lockin,,,10.003568,2
nagaoka_fireworks_B_4,frame_00000.png,frame_00119.png,,,,0,decode失敗,QR未検出,0.018355,0.170111,0.611685,0.072005,,lockin:lockin::None:10.003568431956552:2:8:binary:0,lockin,,,10.003568,2
nagaoka_fireworks_B_4,frame_00000.png,frame_00119.png,,,,0,decode失敗,QR未検出,0.018355,0.170111,0.611685,0.072005,,lockin:lockin::None:10.003568431956552:2:16:binary:0,lockin,,,10.003568,2
nagaoka_fireworks_B_4,frame_00000.png,frame_00119.png,,,,0,decode失敗,QR未検出,0.074991,0.242842,0.579918,0.203677,,lockin:lockin::None:10.003568431956552:4:4:binary:0,lockin,,,10.003568,4
nagaoka_fireworks_B_4,frame_00000.png,frame_00119.png,,,,0,decode失敗,QR未検出,0.074991,0.242842,0.579918,0.203677,,lockin:lockin::None:10.003568431956552:4:8:binary:0,lockin,,,10.003568,4
nagaoka_fireworks_B_4,frame_00000.png,frame_00119.png,,,,0,decode失敗,QR未検出,0.074991,0.242842,0.579918,0.203677,,lockin:lockin::None:10.003568431956552:4:16:binary:0,lockin,,,10.003568,4
nagaoka_fireworks_B_4,frame_00000.png,frame_00119.png,,,,0,decode失敗,QR未検出,0.129111,0.263994,0.553809,0.319337,,lockin:lockin::None:10.003568431956552:6:4:binary:0,lockin,,,10.003568,6
nagaoka_fireworks_B_4,frame_00000.png,frame_00119.png,,,,0,decode失敗,QR未検出,0.129111,0.263994,0.553809,0.319337,,lockin:lockin::None:10.003568431956552:6:8:binary:0,lockin,,,10.003568,6
nagaoka_fireworks_B_4,frame_00000.png,frame_00119.png,,,,0,decode失敗,QR未検出,0.129111,0.263994,0.553809,0.319337,,lockin:lockin::None:10.003568431956552:6:16:binary:0,lockin,,,10.003568,6
nagaoka_fireworks_B_4,frame_00000.png,frame_00119.png,,,,0,decode失敗,QR未検出,0.183772,0.280785,0.533471,0.408981,,lockin:lockin::None:10.003568431956552:8:4:binary:0,lockin,,,10.003568,8
nagaoka_fireworks_B_4,frame_00000.png,frame_00119.png,,,,0,decode失敗,QR未検出,0.183772,0.280785,0.533471,0.408981,,lockin:lockin::None:10.003568431956552:8:8:binary:0,lockin,,,10.003568,8
nagaoka_fireworks_B_4,frame_00000.png,frame_00119.png,,,,0,decode失敗,QR未検出,0.183772,0.280785,0.533471,0.408981,,lockin:lockin::None:10.003568431956552:8:16:binary:0,lockin,,,10.003568,8
nagaoka_fireworks_B_4,frame_00000.png,frame_00119.png,,,,0,decode失敗,QR未検出,0.231353,0.286331,0.512325,0.479653,,lockin:lockin::None:10.003568431956552:10:4:binary:0,lockin,,,10.003568,10
nagaoka_fireworks_B_4,frame_00000.png,frame_00119.png,,,,0,decode失敗,QR未検出,0.231353,0.286331,0.512325,0.479653,,lockin:lockin::None:10.003568431956552:10:8:binary:0,lockin,,,10.003568,10
nagaoka_fireworks_B_4,frame_00000.png,frame_00119.png,,,,0,decode失敗,QR未検出,0.231353,0.286331,0.512325,0.479653,,lockin:lockin::None:10.003568431956552:10:16:binary:0,lockin,,,10.003568,10
nagaoka_fireworks_B_4,frame_00000.png,frame_00119.png,nagaoka_fireworks_B_4/rgb_max_lockin_f300_ps16_th12/00000-00119-FRAME_rgbmax_scale1.00.png,,,0,decode失敗,QR未検出,0.720536,0.400305,0.507391,0.463127,,lockin:lockin::None:10.003568431956552:12:4:binary:0,lockin,,,10.003568,12
nagaoka_fireworks_B_4,frame_00000.png,frame_00119.png,nagaoka_fireworks_B_4/rgb_max_lockin_f300_ps16_th12/00000-00119-FRAME_rgbmax_scale1.00.png,,,0,decode失敗,QR未検出,0.720536,0.400305,0.507391,0.463127,,lockin:lockin::None:10.003568431956552:12:8:binary:0,lockin,,,10.003568,12
nagaoka_fireworks_B_4,frame_00000.png,frame_00119.png,nagaoka_fireworks_B_4/rgb_max_lockin_f300_ps16_th12/00000-00119-FRAME_rgbmax_scale1.00.png,,,0,decode失敗,QR未検出,0.720536,0.400305,0.507391,0.463127,,lockin:lockin::None:10.003568431956552:12:16:binary:0,lockin,,,10.003568,12
nagaoka_fireworks_B_4,frame_00000.png,frame_00119.png,nagaoka_fireworks_B_4/rgb_max_lockin_f300_ps16_th16/00000-00119-FRAME_rgbmax_scale1.00.png,,,0,decode失敗,QR未検出,0.615066,0.418487,0.550634,0.361731,,lockin:lockin::None:10.003568431956552:16:4:binary:0,lockin,,,10.003568,16
nagaoka_fireworks_B_4,frame_00000.png,frame_00119.png,nagaoka_fireworks_B_4/rgb_max_lockin_f300_ps16_th16/00000-00119-FRAME_rgbmax_scale1.00.png,,,0,decode失敗,QR未検出,0.615066,0.418487,0.550634,0.361731,,lockin:lockin::None:10.003568431956552:16:8:binary:0,lockin,,,10.003568,16
nagaoka_fireworks_B_4,frame_00000.png,frame_00119.png,nagaoka_fireworks_B_4/rgb_max_lockin_f300_ps16_th16/00000-00119-FRAME_rgbmax_scale1.00.png,,,0,decode失敗,QR未検出,0.615066,0.418487,0.550634,0.361731,,lockin:lockin::None:10.003568431956552:16:16:binary:0,lockin,,,10.003568,16
nagaoka_fireworks_B_4,frame_00000.png,frame_00119.png,,,,0,decode失敗,QR未検出,0.040543,0.237846,0.605094,0.115323,,lockin:lockin::None:14.992863136086896:2:4:binary:0,lockin,,,14.992863,2
nagaoka_fireworks_B_4,frame_00000.png,frame_00119.png,,,,0,decode失敗,QR未検出,0.040543,0.237846,0.605094,0.115323,,lockin:lockin::None:14.992863136086896:2:8:binary:0,lockin,,,14.992863,2
nagaoka_fireworks_B_4,frame_00000.png,frame_00119.png,,,,0,decode失敗,QR未検出,0.040543,0.237846,0.605094,0.115323,,lockin:lockin::None:14.992863136086896:2:16:binary:0,lockin,,,14.992863,2
nagaoka_fireworks_B_4,frame_00000.png,frame_00119.png,,,,0,decode失敗,QR未検出,0.115114,0.253475,0.556322,0.289279,,lockin:lockin::None:14.992863136086896:4:4:binary:0,lockin,,,14.992863,4
nagaoka_fireworks_B_4,frame_00000.png,frame_00119.png,,,,0,decode失敗,QR未検出,0.115114,0.253475,0.556322,0.289279,,lockin:lockin::None:14.992863136086896:4:8:binary:0,lockin,,,14.992863,4
nagaoka_fireworks_B_4,frame_00000.png,frame_00119.png,,,,0,decode失敗,QR未検出,0.115114,0.253475,0.556322,0.289279,,lockin:lockin::None:14.992863136086896:4:16:binary:0,lockin,,,14.992863,4
nagaoka_fireworks_B_4,frame_00000.png,frame_00119.png,,,,0,decode失敗,QR未検出,0.188898,0.279978,0.529867,0.415523,,lockin:lockin::None:14.992863136086896:6:4:binary:0,lockin,,,14.992863,6
nagaoka_fireworks_B_4,frame_00000.png,frame_00119.png,,,,0,decode失敗,QR未検出,0.188898,0.279978,0.529867,0.415523,,lockin:lockin::None:14.992863136086896:6:8:binary:0,lockin,,,14.992863,6
nagaoka_fireworks_B_4,frame_00000.png,frame_00119.png,,,,0,decode失敗,QR未検出,0.188898,0.279978,0.529867,0.415523,,lockin:lockin::None:14.992863136086896:6:16:binary:0,lockin,,,14.992863,6
nagaoka_fireworks_B_4,frame_00000.png,frame_00119.png,,,,0,decode失敗,QR未検出,0.249809,0.293410,0.509970,0.497830,,lockin:lockin::None:14.992863136086896:8:4:binary:0,lockin,,,14.992863,8
nagaoka_fireworks_B_4,frame_00000.png,frame_00119.png,,,,0,decode失敗,QR未検出,0.249809,0.293410,0.509970,0.497830,,lockin:lockin::None:14.992863136086896:8:8:binary:0,lockin,,,14.992863,8
nagaoka_fireworks_B_4,frame_00000.png,frame_00119.png,,,,0,decode失敗,QR未検出,0.249809,0.293410,0.509970,0.497830,,lockin:lockin::None:14.992863136086896:8:16:binary:0,lockin,,,14.992863,8
nagaoka_fireworks_B_4,frame_00000.png,frame_00119.png,,,,0,decode失敗,QR未検出,0.691326,0.403306,0.517323,0.433543,,lockin:lockin::None:14.992863136086896:10:4:binary:0,lockin,,,14.992863,10
nagaoka_fireworks_B_4,frame_00000.png,frame_00119.png,,,,0,decode失敗,QR未検出,0.691326,0.403306,0.517323,0.433543,,lockin:lockin::None:14.992863136086896:10:8:binary:0,lockin,,,14.992863,10
nagaoka_fireworks_B_4,frame_00000.png,frame_00119.png,,,,0,decode失敗,QR未検出,0.691326,0.403306,0.517323,0.433543,,lockin:lockin::None:14.992863136086896:10:16:binary:0,lockin,,,14.992863,10
nagaoka_fireworks_B_4,frame_00000.png,frame_00119.png,nagaoka_fireworks_B_4/rgb_max_lockin_f300_ps16_th12/00000-00119-FRAME_rgbmax_scale1.00.png,,,0,decode失敗,QR未検出,0.623768,0.416565,0.546912,0.370606,,lockin:lockin::None:14.992863136086896:12:4:binary:0,lockin,,,14.992863,12
nagaoka_fireworks_B_4,frame_00000.png,frame_00119.png,nagaoka_fireworks_B_4/rgb_max_lockin_f300_ps16_th12/00000-00119-FRAME_rgbmax_scale1.00.png,,,0,decode失敗,QR未検出,0.623768,0.416565,0.546912,0.370606,,lockin:lockin::None:14.992863136086896:12:8:binary:0,lockin,,,14.992863,12
nagaoka_fireworks_B_4,frame_00000.png,frame_00119.png,nagaoka_fireworks_B_4/rgb_max_lockin_f300_ps16_th12/00000-00119-FRAME_rgbmax_scale1.00.png,,,0,decode失敗,QR未検出,0.623768,0.416565,0.546912,0.370606,,lockin:lockin::None:14.992863136086896:12:16:binary:0,lockin,,,14.992863,12
nagaoka_fireworks_B_4,frame_00000.png,frame_00119.png,nagaoka_fireworks_B_4/rgb_max_lockin_f300_ps16_th16/00000-00119-FRAME_rgbmax_scale1.00.png,,,0,decode失敗,QR未検出,0.438229,0.440928,0.594927,0.251774,,lockin:lockin::None:14.992863136086896:16:4:binary:0,lockin,,,14.992863,16
nagaoka_fireworks_B_4,frame_00000.png,frame_00119.png,nagaoka_fireworks_B_4/rgb_max_lockin_f300_ps16_th16/00000-00119-FRAME_rgbmax_scale1.00.png,,,0,decode失敗,QR未検出,0.438229,0.440924,0.594923,0.251776,,lockin:lockin::None:14.992863136086896:16:8:binary:0,lockin,,,14.992863,16
nagaoka_fireworks_B_4,frame_00000.png,frame_00119.png,nagaoka_fireworks_B_4/rgb_max_lockin_f300_ps16_th16/00000-00119-FRAME_rgbmax_scale1.00.png,,,0,decode失敗,QR未検出,0.438229,0.440924,0.594923,0.251781,,lockin:lockin::None:14.992863136086896:16:16:binary:0,lockin,,,14.992863,16
nagaoka_fireworks_B_4,frame_00000.png,frame_00119.png,,,,0,decode失敗,QR未検出,0.120114,0.241962,0.544622,0.336849,,lockin:lockin::None:29.996431568043448:2:4:binary:0,lockin,,,29.996432,2
nagaoka_fireworks_B_4,frame_00000.png,frame_00119.png,,,,0,decode失敗,QR未検出,0.120114,0.241962,0.544622,0.336849,,lockin:lockin::None:29.996431568043448:2:8:binary:0,lockin,,,29.996432,2
nagaoka_fireworks_B_4,frame_00000.png,frame_00119.png,,,,0,decode失敗,QR未検出,0.120114,0.241962,0.544622,0.336849,,lockin:lockin::None:29.996431568043448:2:16:binary:0,lockin,,,29.996432,2
nagaoka_fireworks_B_4,frame_00000.png,frame_00119.png,,,,0,decode失敗,QR未検出,0.752358,0.416549,0.528213,0.453533,,lockin:lockin::None:29.996431568043448:4:4:binary:0,lockin,,,29.996432,4
nagaoka_fireworks_B_4,frame_00000.png,frame_00119.png,,,,0,decode失敗,QR未検出,0.752358,0.416549,0.528213,0.453533,,lockin:lockin::None:29.996431568043448:4:8:binary:0,lockin,,,29.996432,4
nagaoka_fireworks_B_4,frame_00000.png,frame_00119.png,,,,0,decode失敗,QR未検出,0.752358,0.416549,0.528213,0.453533,,lockin:lockin::None:29.996431568043448:4:16:binary:0,lockin,,,29.996432,4
nagaoka_fireworks_B_4,frame_00000.png,frame_00119.png,,,,0,decode失敗,QR未検出,0.660788,0.468519,0.605302,0.313178,,lockin:lockin::None:29.996431568043448:6:4:binary:0,lockin,,,29.996432,6
nagaoka_fireworks_B_4,frame_00000.png,frame_00119.png,,,,0,decode失敗,QR未検出,0.660788,0.468519,0.605302,0.313178,,lockin:lockin::None:29.996431568043448:6:8:binary:0,lockin,,,29.996432,6
nagaoka_fireworks_B_4,frame_00000.png,frame_00119.png,,,,0,decode失敗,QR未検出,0.660788,0.468519,0.605302,0.313178,,lockin:lockin::None:29.996431568043448:6:16:binary:0,lockin,,,29.996432,6
nagaoka_fireworks_B_4,frame_00000.png,frame_00119.png,,,,0,decode失敗,QR未検出,0.579938,0.541292,0.669568,0.206491,,lockin:lockin::None:29.996431568043448:8:4:binary:0,lockin,,,29.996432,8
nagaoka_fireworks_B_4,frame_00000.png,frame_00119.png,,,,0,decode失敗,QR未検出,0.579938,0.541292,0.669568,0.206491,,lockin:lockin::None:29.996431568043448:8:8:binary:0,lockin,,,29.996432,8
nagaoka_fireworks_B_4,frame_00000.png,frame_00119.png,,,,0,decode失敗,QR未検出,0.579938,0.541292,0.669568,0.206491,,lockin:lockin::None:29.996431568043448:8:16:binary:0,lockin,,,29.996432,8
nagaoka_fireworks_B_4,frame_00000.png,frame_00119.png,,,,0,decode失敗,QR未検出,0.516101,0.618473,0.709170,0.130407,,lockin:lockin::None:29.996431568043448:10:4:binary:0,lockin,,,29.996432,10
nagaoka_fireworks_B_4,frame_00000.png,frame_00119.png,,,,0,decode失敗,QR未検出,0.516101,0.618473,0.709170,0.130407,,lockin:lockin::None:29.996431568043448:10:8:binary:0,lockin,,,29.996432,10
nagaoka_fireworks_B_4,frame_00000.png,frame_00119.png,,,,0,decode失敗,QR未検出,0.516101,0.618473,0.709170,0.130407,,lockin:lockin::None:29.996431568043448:10:16:binary:0,lockin,,,29.996432,10
nagaoka_fireworks_B_4,frame_00000.png,frame_00119.png,nagaoka_fireworks_B_4/rgb_max_lockin_f300_ps16_th12/00000-00119-FRAME_rgbmax_scale1.00.png,,,0,decode失敗,QR未検出,0.469520,0.686608,0.730010,0.082027,,lockin:lockin::None:29.996431568043448:12:4:binary:0,lockin,,,29.996432,12
nagaoka_fireworks_B_4,frame_00000.png,frame_00119.png,nagaoka_fireworks_B_4/rgb_max_lockin_f300_ps16_th12/00000-00119-FRAME_rgbmax_scale1.00.png,,,0,decode失敗,QR未検出,0.469520,0.686608,0.730010,0.082027,,lockin:lockin::None:29.996431568043448:12:8:binary:0,lockin,,,29.996432,12
nagaoka_fireworks_B_4,frame_00000.png,frame_00119.png,nagaoka_fireworks_B_4/rgb_max_lockin_f300_ps16_th12/00000-00119-FRAME_rgbmax_scale1.00.png,,,0,decode失敗,QR未検出,0.469520,0.686608,0.730010,0.082027,,lockin:lockin::None:29.996431568043448:12:16:binary:0,lockin,,,29.996432,12
nagaoka_fireworks_B_4,frame_00000.png,frame_00119.png,nagaoka_fireworks_B_4/rgb_max_lockin_f300_ps16_th16/00000-00119-FRAME_rgbmax_scale1.00.png,,,0,decode失敗,QR未検出,0.400741,0.780573,0.741927,0.036141,,lockin:lockin::None:29.996431568043448:16:4:binary:0,lockin,,,29.996432,16
nagaoka_fireworks_B_4,frame_00000.png,frame_00119.png,nagaoka_fireworks_B_4/rgb_max_lockin_f300_ps16_th16/00000-00119-FRAME_rgbmax_scale1.00.png,,,0,decode失敗,QR未検出,0.400741,0.780573,0.741927,0.036141,,lockin:lockin::None:29.996431568043448:16:8:binary:0,lockin,,,29.996432,16
nagaoka_fireworks_B_4,frame_00000.png,frame_00119.png,nagaoka_fireworks_B_4/rgb_max_lockin_f300_ps16_th16/00000-00119-FRAME_rgbmax_scale1.00.png,,,0,decode失敗,QR未検出,0.400741,0.780573,0.741927,0.036141,,lockin:lockin::None:29.996431568043448:16:16:binary:0,lockin,,,29.996432,16
nagaoka_fireworks_B_8,frame_00000.png,frame_00119.png,,,,0,decode失敗,QR未検出,0.031566,0.260309,0.616420,0.093881,,lockin:lockin::None:10.003568431956552:2:4:binary:0,lockin,,,10.003568,2
nagaoka_fireworks_B_8,frame_00000.png,frame_00119.png,,,,0,decode失敗,QR未検出,0.031566,0.260309,0.616420,0.093881,,lockin:lockin::None:10.003568431956552:2:8:binary:0,lockin,,,10.003568,2
nagaoka_fireworks_B_8,frame_00000.png,frame_00119.png,,,,0,decode失敗,QR未検出,0.031566,0.260309,0.616420,0.093881,,lockin:lockin::None:10.003568431956552:2:16:binary:0,lockin,,,10.003568,2
nagaoka_fireworks_B_8,frame_00000.png,frame_00119.png,,,,0,decode失敗,QR未検出,0.095262,0.279961,0.583209,0.232025,,lockin:lockin::None:10.003568431956552:4:4:binary:0,lockin,,,10.003568,4
nagaoka_fireworks_B_8,frame_00000.png,frame_00119.png,,,,0,decode失敗,QR未検出,0.095262,0.279961,0.583209,0.232025,,lockin:lockin::None:10.003568431956552:4:8:binary:0,lockin,,,10.003568,4
nagaoka_fireworks_B_8,frame_00000.png,frame_00119.png,,,,0,decode失敗,QR未検出,0.095262,0.279961,0.583209,0.232025,,lockin:lockin::None:10.003568431956552:4:16:binary:0,lockin,,,10.003568,4
nagaoka_fireworks_B_8,frame_00000.png,frame_00119.png,,,,0,decode失敗,QR未検出,0.150879,0.275564,0.548399,0.357523,,lockin:lockin::None:10.003568431956552:6:4:binary:0,lockin,,,10.003568,6
nagaoka_fireworks_B_8,frame_00000.png,frame_00119.png,,,,0,decode失敗,QR未検出,0.150879,0.275564,0.548399,0.357523,,lockin:lockin::None:10.003568431956552:6:8:binary:0,lockin,,,10.003568,6
nagaoka_fireworks_B_8,frame_00000.png,frame_00119.png,,,,0,decode失敗,QR未検出,0.150879,0.275564,0.548399,0.357523,,lockin:lockin::None:10.003568431956552:6:16:binary:0,lockin,,,10.003568,6
nagaoka_fireworks_B_8,frame_00000.png,frame_00119.png,nagaoka_fireworks_B_8/rgb_max_lockin_f300_ps16_th8/00000-00119-FRAME_rgbmax_scale1.00.png,,,0,decode失敗,QR未検出,0.190066,0.269732,0.519854,0.448173,,lockin:lockin::None:10.003568431956552:8:4:binary:0,lockin,,,10.003568,8
nagaoka_fireworks_B_8,frame_00000.png,frame_00119.png,nagaoka_fireworks_B_8/rgb_max_lockin_f300_ps16_th8/00000-00119-FRAME_rgbmax_scale1.00.png,,,0,decode失敗,QR未検出,0.190066,0.269732,0.519854,0.448173,,lockin:lockin::None:10.003568431956552:8:8:binary:0,lockin,,,10.003568,8
nagaoka_fireworks_B_8,frame_00000.png,frame_00119.png,nagaoka_fireworks_B_8/rgb_max_lockin_f300_ps16_th8/00000-00119-FRAME_rgbmax_scale1.00.png,,,0,decode失敗,QR未検出,0.190066,0.269732,0.519854,0.448173,,lockin:lockin::None:10.003568431956552:8:16:binary:0,lockin,,,10.003568,8
nagaoka_fireworks_B_8,frame_00000.png,frame_00119.png,nagaoka_fireworks_B_8/rgb_max_lockin_f300_ps16_th10/00000-00119-FRAME_rgbmax_scale1.00.png,,,0,decode失敗,QR未検出,0.775926,0.405730,0.506783,0.483756,,lockin:lockin::None:10.003568431956552:10:4:binary:0,lockin,,,10.003568,10
nagaoka_fireworks_B_8,frame_00000.png,frame_00119.png,nagaoka_fireworks_B_8/rgb_max_lockin_f300_ps16_th10/00000-00119-FRAME_rgbmax_scale1.00.png,,,0,decode失敗,QR未検出,0.775926,0.405730,0.506783,0.483756,,lockin:lockin::None:10.003568431956552:10:8:binary:0,lockin,,,10.003568,10
nagaoka_fireworks_B_8,frame_00000.png,frame_00119.png,nagaoka_fireworks_B_8/rgb_max_lockin_f300_ps16_th10/00000-00119-FRAME_rgbmax_scale1.00.png,,,0,decode失敗,QR未検出,0.775926,0.405730,0.506783,0.483756,,lockin:lockin::None:10.003568431956552:10:16:binary:0,lockin,,,10.003568,10
nagaoka_fireworks_B_8,frame_00000.png,frame_00119.png,,,,0,decode失敗,QR未検出,0.741237,0.418914,0.533471,0.426339,,lockin:lockin::None:10.003568431956552:12:4:binary:0,lockin,,,10.003568,12
nagaoka_fireworks_B_8,frame_00000.png,frame_00119.png,,,,0,decode失敗,QR未検出,0.741237,0.418914,0.533471,0.426339,,lockin:lockin::None:10.003568431956552:12:8:binary:0,lockin,,,10.003568,12
nagaoka_fireworks_B_8,frame_00000.png,frame_00119.png,,,,0,decode失敗,QR未検出,0.741237,0.418914,0.533471,0.426339,,lockin:lockin::None:10.003568431956552:12:16:binary:0,lockin,,,10.003568,12
nagaoka_fireworks_B_8,frame_00000.png,frame_00119.png,,,,0,decode失敗,QR未検出,0.655638,0.452576,0.587683,0.326643,,lockin:lockin::None:10.003568431956552:16:4:binary:0,lockin,,,10.003568,16
nagaoka_fireworks_B_8,frame_00000.png,frame_00119.png,,,,0,decode失敗,QR未検出,0.655633,0.452575,0.587681,0.326643,,lockin:lockin::None:10.003568431956552:16:8:binary:0,lockin,,,10.003568,16
nagaoka_fireworks_B_8,frame_00000.png,frame_00119.png,,,,0,decode失敗,QR未検出,0.655638,0.452576,0.587683,0.326643,,lockin:lockin::None:10.003568431956552:16:16:binary:0,lockin,,,10.003568,16
nagaoka_fireworks_B_8,frame_00000.png,frame_00119.png,,,,0,decode失敗,QR未検出,0.052388,0.260013,0.602436,0.128636,,lockin:lockin::None:14.992863136086896:2:4:binary:0,lockin,,,14.992863,2
nagaoka_fireworks_B_8,frame_00000.png,frame_00119.png,,,,0,decode失敗,QR未検出,0.052388,0.260013,0.602436,0.128636,,lockin:lockin::None:14.992863136086896:2:8:binary:0,lockin,,,14.992863,2
nagaoka_fireworks_B_8,frame_00000.png,frame_00119.png,,,,0,decode失敗,QR未検出,0.052388,0.260013,0.602436,0.128636,,lockin:lockin::None:14.992863136086896:2:16:binary:0,lockin,,,14.992863,2
nagaoka_fireworks_B_8,frame_00000.png,frame_00119.png,,,,0,decode失敗,QR未検出,0.123831,0.253235,0.550007,0.319159,,lockin:lockin::None:14.992863136086896:4:4:binary:0,lockin,,,14.992863,4
nagaoka_fireworks_B_8,frame_00000.png,frame_00119.png,,,,0,decode失敗,QR未検出,0.123831,0.253235,0.550007,0.319159,,lockin:lockin::None:14.992863136086896:4:8:binary:0,lockin,,,14.992863,4
nagaoka_fireworks_B_8,frame_00000.png,frame_00119.png,,,,0,decode失敗,QR未検出,0.123831,0.253235,0.550007,0.319159,,lockin:lockin::None:14.992863136086896:4:16:binary:0,lockin,,,14.992863,4
nagaoka_fireworks_B_8,frame_00000.png,frame_00119.png,,,,0,decode失敗,QR未検出,0.183733,0.267133,0.521370,0.439321,,lockin:lockin::None:14.992863136086896:6:4:binary:0,lockin,,,14.992863,6
nagaoka_fireworks_B_8,frame_00000.png,frame_00119.png,,,,0,decode失敗,QR未検出,0.183733,0.267133,0.521370,0.439422,,lockin:lockin::None:14.992863136086896:6:8:binary:0,lockin,,,14.992863,6
nagaoka_fireworks_B_8,frame_00000.png,frame_00119.png,,,,0,decode失敗,QR未検出,0.183733,0.267133,0.521370,0.439422,,lockin:lockin::None:14.992863136086896:6:16:binary:0,lockin,,,14.992863,6
nagaoka_fireworks_B_8,frame_00000.png,frame_00119.png,nagaoka_fireworks_B_8/rgb_max_lockin_f300_ps16_th8/00000-00119-FRAME_rgbmax_scale1.00.png,,,0,decode失敗,QR未検出,0.778016,0.406872,0.508383,0.479048,,lockin:lockin::None:14.992863136086896:8:4:binary:0,lockin,,,14.992863,8
nagaoka_fireworks_B_8,frame_00000.png,frame_00119.png,nagaoka_fireworks_B_8/rgb_max_lockin_f300_ps16_th8/00000-00119-FRAME_rgbmax_scale1.00.png,,,0,decode失敗,QR未検出,0.778016,0.406872,0.508383,0.479048,,lockin:lockin::None:14.992863136086896:8:8:binary:0,lockin,,,14.992863,8
nagaoka_fireworks_B_8,frame_00000.png,frame_00119.png,nagaoka_fireworks_B_8/rgb_max_lockin_f300_ps16_th8/00000-00119-FRAME_rgbmax_scale1.00.png,,,0,decode失敗,QR未検出,0.778016,0.406872,0.508383,0.479048,,lockin:lockin::None:14.992863136086896:8:16:binary:0,lockin,,,14.992863,8
nagaoka_fireworks_B_8,frame_00000.png,frame_00119.png,nagaoka_fireworks_B_8/rgb_max_lockin_f300_ps16_th10/00000-00119-FRAME_rgbmax_scale1.00.png,,,0,decode失敗,QR未検出,0.739181,0.421381,0.537504,0.415955,,lockin:lockin::None:14.992863136086896:10:4:binary:0,lockin,,,14.992863,10
nagaoka_fireworks_B_8,frame_00000.png,frame_00119.png,nagaoka_fireworks_B_8/rgb_max_lockin_f300_ps16_th10/00000-00119-FRAME_rgbmax_scale1.00.png,,,0,decode失敗,QR未検出,0.739181,0.421381,0.537504,0.415955,,lockin:lockin::None:14.992863136086896:10:8:binary:0,lockin,,,14.992863,10
nagaoka_fireworks_B_8,frame_00000.png,frame_00119.png,nagaoka_fireworks_B_8/rgb_max_lockin_f300_ps16_th10/00000-00119-FRAME_rgbmax_scale1.00.png,,,0,decode失敗,QR未検出,0.739181,0.421381,0.537504,0.415955,,lockin:lockin::None:14.992863136086896:10:16:binary:0,lockin,,,14.992863,10
nagaoka_fireworks_B_8,frame_00000.png,frame_00119.png,,,,0,decode失敗,QR未検出,0.693010,0.440251,0.569303,0.357465,,lockin:lockin::None:14.992863136086896:12:4:binary:0,lockin,,,14.992863,12
nagaoka_fireworks_B_8,frame_00000.png,frame_00119.png,,,,0,decode失敗,QR未検出,0.693010,0.440251,0.569303,0.357465,,lockin:lockin::None:14.992863136086896:12:8:binary:0,lockin,,,14.992863,12
nagaoka_fireworks_B_8,frame_00000.png,frame_00119.png,,,,0,decode失敗,QR未検出,0.693010,0.440251,0.569303,0.357465,,lockin:lockin::None:14.992863136086896:12:16:binary:0,lockin,,,14.992863,12
nagaoka_fireworks_B_8,frame_00000.png,frame_00119.png,,,,0,decode失敗,QR未検出,0.582761,0.495950,0.634042,0.245536,,lockin:lockin::None:14.992863136086896:16:4:binary:0,lockin,,,14.992863,16
nagaoka_fireworks_B_8,frame_00000.png,frame_00119.png,,,,0,decode失敗,QR未検出,0.582761,0.495950,0.634042,0.245536,,lockin:lockin::None:14.992863136086896:16:8:binary:0,lockin,,,14.992863,16
nagaoka_fireworks_B_8,frame_00000.png,frame_00119.png,,,,0,decode失敗,QR未検出,0.582761,0.495950,0.634042,0.245536,,lockin:lockin::None:14.992863136086896:16:16:binary:0,lockin,,,14.992863,16
nagaoka_fireworks_B_8,frame_00000.png,frame_00119.png,,,,0,decode失敗,QR未検出,0.712234,0.544916,0.680057,0.206366,,lockin:lockin::None:29.996431568043448:2:4:binary:0,lockin,,,29.996432,2
nagaoka_fireworks_B_8,frame_00000.png,frame_00119.png,,,,0,decode失敗,QR未検出,0.712234,0.544916,0.680057,0.206366,,lockin:lockin::None:29.996431568043448:2:8:binary:0,lockin,,,29.996432,2
nagaoka_fireworks_B_8,frame_00000.png,frame_00119.png,,,,0,decode失敗,QR未検出,0.712234,0.544916,0.680057,0.206366,,lockin:lockin::None:29.996431568043448:2:16:binary:0,lockin,,,29.996432,2
nagaoka_fireworks_B_8,frame_00000.png,frame_00119.png,,,,0,decode失敗,QR未検出,0.639083,0.684939,0.762599,0.068629,,lockin:lockin::None:29.996431568043448:4:4:binary:0,lockin,,,29.996432,4
nagaoka_fireworks_B_8,frame_00000.png,frame_00119.png,,,,0,decode失敗,QR未検出,0.639083,0.684939,0.762599,0.068629,,lockin:lockin::None:29.996431568043448:4:8:binary:0,lockin,,,29.996432,4
nagaoka_fireworks_B_8,frame_00000.png,frame_00119.png,,,,0,decode失敗,QR未検出,0.639083,0.684939,0.762599,0.068629,,lockin:lockin::None:29.996431568043448:4:16:binary:0,lockin,,,29.996432,4
nagaoka_fireworks_B_8,frame_00000.png,frame_00119.png,,,,0,decode失敗,QR未検出,0.597231,0.750573,0.782047,0.041349,,lockin:lockin::None:29.996431568043448:6:4:binary:0,lockin,,,29.996432,6
nagaoka_fireworks_B_8,frame_00000.png,frame_00119.png,,,,0,decode失敗,QR未検出,0.597231,0.750573,0.782047,0.041349,,lockin:lockin::None:29.996431568043448:6:8:binary:0,lockin,,,29.996432,6
nagaoka_fireworks_B_8,frame_00000.png,frame_00119.png,,,,0,decode失敗,QR未検出,0.597231,0.750573,0.782047,0.041349,,lockin:lockin::None:29.996431568043448:6:16:binary:0,lockin,,,29.996432,6
nagaoka_fireworks_B_8,frame_00000.png,frame_00119.png,nagaoka_fireworks_B_8/rgb_max_lockin_f300_ps16_th8/00000-00119-FRAME_rgbmax_scale1.00.png,,,0,decode失敗,QR未検出,0.564580,0.788589,0.787289,0.030385,,lockin:lockin::None:29.996431568043448:8:4:binary:0,lockin,,,29.996432,8
nagaoka_fireworks_B_8,frame_00000.png,frame_00119.png,nagaoka_fireworks_B_8/rgb_max_lockin_f300_ps16_th8/00000-00119-FRAME_rgbmax_scale1.00.png,,,0,decode失敗,QR未検出,0.564580,0.788589,0.787289,0.030385,,lockin:lockin::None:29.996431568043448:8:8:binary:0,lockin,,,29.996432,8
nagaoka_fireworks_B_8,frame_00000.png,frame_00119.png,nagaoka_fireworks_B_8/rgb_max_lockin_f300_ps16_th8/00000-00119-FRAME_rgbmax_scale1.00.png,,,0,decode失敗,QR未検出,0.564580,0.788589,0.787289,0.030385,,lockin:lockin::None:29.996431568043448:8:16:binary:0,lockin,,,29.996432,8
nagaoka_fireworks_B_8,frame_00000.png,frame_00119.png,nagaoka_fireworks_B_8/rgb_max_lockin_f300_ps16_th10/00000-00119-FRAME_rgbmax_scale1.00.png,,,0,decode失敗,QR未検出,0.536996,0.815920,0.788239,0.023885,,lockin:lockin::None:29.996431568043448:10:4:binary:0,lockin,,,29.996432,10
nagaoka_fireworks_B_8,frame_00000.png,frame_00119.png,nagaoka_fireworks_B_8/rgb_max_lockin_f300_ps16_th10/00000-00119-FRAME_rgbmax_scale1.00.png,,,0,decode失敗,QR未検出,0.536996,0.815920,0.788239,0.023885,,lockin:lockin::None:29.996431568043448:10:8:binary:0,lockin,,,29.996432,10
nagaoka_fireworks_B_8,frame_00000.png,frame_00119.png,nagaoka_fireworks_B_8/rgb_max_lockin_f300_ps16_th10/00000-00119-FRAME_rgbmax_scale1.00.png,,,0,decode失敗,QR未検出,0.536996,0.815920,0.788239,0.023885,,lockin:lockin::None:29.996431568043448:10:16:binary:0,lockin,,,29.996432,10
nagaoka_fireworks_B_8,frame_00000.png,frame_00119.png,,,,0,decode失敗,QR未検出,0.512897,0.836159,0.786990,0.019623,,lockin:lockin::None:29.996431568043448:12:4:binary:0,lockin,,,29.996432,12
nagaoka_fireworks_B_8,frame_00000.png,frame_00119.png,,,,0,decode失敗,QR未検出,0.512897,0.836159,0.786990,0.019623,,lockin:lockin::None:29.996431568043448:12:8:binary:0,lockin,,,29.996432,12
nagaoka_fireworks_B_8,frame_00000.png,frame_00119.png,,,,0,decode失敗,QR未検出,0.512897,0.836159,0.786990,0.019623,,lockin:lockin::None:29.996431568043448:12:16:binary:0,lockin,,,29.996432,12
nagaoka_fireworks_B_8,frame_00000.png,frame_00119.png,,,,0,decode失敗,QR未検出,0.471214,0.867937,0.782320,0.013829,,lockin:lockin::None:29.996431568043448:16:4:binary:0,lockin,,,29.996432,16
nagaoka_fireworks_B_8,frame_00000.png,frame_00119.png,,,,0,decode失敗,QR未検出,0.471214,0.867937,0.782320,0.013829,,lockin:lockin::None:29.996431568043448:16:8:binary:0,lockin,,,29.996432,16
nagaoka_fireworks_B_8,frame_00000.png,frame_00119.png,,,,0,decode失敗,QR未検出,0.471214,0.867937,0.782320,0.013829,,lockin:lockin::None:29.996431568043448:16:16:binary:0,lockin,,,29.996432,16
nagaoka_fireworks_B_12,frame_00000.png,frame_00119.png,,,,0,decode失敗,QR未検出,0.002766,0.049939,0.619422,0.091397,,lockin:lockin::None:10.003568431956552:2:4:binary:0,lockin,,,10.003568,2
nagaoka_fireworks_B_12,frame_00000.png,frame_00119.png,,,,0,decode失敗,QR未検出,0.002766,0.049939,0.619422,0.091397,,lockin:lockin::None:10.003568431956552:2:8:binary:0,lockin,,,10.003568,2
nagaoka_fireworks_B_12,frame_00000.png,frame_00119.png,,,,0,decode失敗,QR未検出,0.002766,0.049939,0.619422,0.091397,,lockin:lockin::None:10.003568431956552:2:16:binary:0,lockin,,,10.003568,2
nagaoka_fireworks_B_12,frame_00000.png,frame_00119.png,,,,0,decode失敗,QR未検出,0.026961,0.131167,0.582527,0.233024,,lockin:lockin::None:10.003568431956552:4:4:binary:0,lockin,,,10.003568,4
nagaoka_fireworks_B_12,frame_00000.png,frame_00119.png,,,,0,decode失敗,QR未検出,0.026961,0.131167,0.582527,0.233024,,lockin:lockin::None:10.003568431956552:4:8:binary:0,lockin,,,10.003568,4
nagaoka_fireworks_B_12,frame_00000.png,frame_00119.png,,,,0,decode失敗,QR未検出,0.026961,0.131167,0.582527,0.233024,,lockin:lockin::None:10.003568431956552:4:16:binary:0,lockin,,,10.003568,4
nagaoka_fireworks_B_12,frame_00000.png,frame_00119.png,,,,0,decode失敗,QR未検出,0.058600,0.160640,0.547740,0.350841,,lockin:lockin::None:10.003568431956552:6:4:binary:0,lockin,,,10.003568,6
nagaoka_fireworks_B_12,frame_00000.png,frame_00119.png,,,,0,decode失敗,QR未検出,0.058600,0.160640,0.547740,0.350841,,lockin:lockin::None:10.003568431956552:6:8:binary:0,lockin,,,10.003568,6
nagaoka_fireworks_B_12,frame_00000.png,frame_00119.png,,,,0,decode失敗,QR未検出,0.058600,0.160640,0.547740,0.350841,,lockin:lockin::None:10.003568431956552:6:16:binary:0,lockin,,,10.003568,6
nagaoka_fireworks_B_12,frame_00000.png,frame_00119.png,,,,0,decode失敗,QR未検出,0.084533,0.173485,0.522144,0.436250,,lockin:lockin::None:10.003568431956552:8:4:binary:0,lockin,,,10.003568,8
nagaoka_fireworks_B_12,frame_00000.png,frame_00119.png,,,,0,decode失敗,QR未検出,0.084533,0.173485,0.522144,0.436250,,lockin:lockin::None:10.003568431956552:8:8:binary:0,lockin,,,10.003568,8
nagaoka_fireworks_B_12,frame_00000.png,frame_00119.png,,,,0,decode失敗,QR未検出,0.084533,0.173485,0.522144,0.436250,,lockin:lockin::None:10.003568431956552:8:16:binary:0,lockin,,,10.003568,8
nagaoka_fireworks_B_12,frame_00000.png,frame_00119.png,,,,0,decode失敗,QR未検出,0.897821,0.414834,0.503855,0.500775,,lockin:lockin::None:10.003568431956552:10:4:binary:0,lockin,,,10.003568,10
nagaoka_fireworks_B_12,frame_00000.png,frame_00119.png,,,,0,decode失敗,QR未検出,0.897821,0.414834,0.503855,0.500775,,lockin:lockin::None:10.003568431956552:10:8:binary:0,lockin,,,10.003568,10
nagaoka_fireworks_B_12,frame_00000.png,frame_00119.png,,,,0,decode失敗,QR未検出,0.897821,0.414834,0.503855,0.500775,,lockin:lockin::None:10.003568431956552:10:16:binary:0,lockin,,,10.003568,10
nagaoka_fireworks_B_12,frame_00000.png,frame_00119.png,,,,0,decode失敗,QR未検出,0.878085,0.428453,0.531183,0.447687,,lockin:lockin::None:10.003568431956552:12:4:binary:0,lockin,,,10.003568,12
nagaoka_fireworks_B_12,frame_00000.png,frame_00119.png,,,,0,decode失敗,QR未検出,0.878085,0.428453,0.531183,0.447687,,lockin:lockin::None:10.003568431956552:12:8:binary:0,lockin,,,10.003568,12
nagaoka_fireworks_B_12,frame_00000.png,frame_00119.png,,,,0,decode失敗,QR未検出,0.878085,0.428453,0.531183,0.447687,,lockin:lockin::None:10.003568431956552:12:16:binary:0,lockin,,,10.003568,12
nagaoka_fireworks_B_12,frame_00000.png,frame_00119.png,nagaoka_fireworks_B_12/rgb_max_lockin_f300_ps16_th16/00000-00119-FRAME_rgbmax_scale1.00.png,,,0,decode失敗,QR未検出,0.825408,0.463920,0.590951,0.348549,,lockin:lockin::None:10.003568431956552:16:4:binary:0,lockin,,,10.003568,16
nagaoka_fireworks_B_12,frame_00000.png,frame_00119.png,nagaoka_fireworks_B_12/rgb_max_lockin_f300_ps16_th16/00000-00119-FRAME_rgbmax_scale1.00.png,,,0,decode失敗,QR未検出,0.825408,0.463920,0.590951,0.348549,,lockin:lockin::None:10.003568431956552:16:8:binary:0,lockin,,,10.003568,16
nagaoka_fireworks_B_12,frame_00000.png,frame_00119.png,nagaoka_fireworks_B_12/rgb_max_lockin_f300_ps16_th16/00000-00119-FRAME_rgbmax_scale1.00.png,,,0,decode失敗,QR未検出,0.825408,0.463920,0.590951,0.348549,,lockin:lockin::None:10.003568431956552:16:16:binary:0,lockin,,,10.003568,16
nagaoka_fireworks_B_12,frame_00000.png,frame_00119.png,,,,0,decode失敗,QR未検出,0.005280,0.060077,0.609459,0.113332,,lockin:lockin::None:14.992863136086896:2:4:binary:0,lockin,,,14.992863,2
nagaoka_fireworks_B_12,frame_00000.png,frame_00119.png,,,,0,decode失敗,QR未検出,0.005280,0.060077,0.609459,0.113332,,lockin:lockin::None:14.992863136086896:2:8:binary:0,lockin,,,14.992863,2
nagaoka_fireworks_B_12,frame_00000.png,frame_00119.png,,,,0,decode失敗,QR未検出,0.005280,0.060077,0.609459,0.113332,,lockin:lockin::None:14.992863136086896:2:16:binary:0,lockin,,,14.992863,2
nagaoka_fireworks_B_12,frame_00000.png,frame_00119.png,,,,0,decode失敗,QR未検出,0.034621,0.126148,0.563104,0.286920,,lockin:lockin::None:14.992863136086896:4:4:binary:0,lockin,,,14.992863,4
nagaoka_fireworks_B_12,frame_00000.png,frame_00119.png,,,,0,decode失敗,QR未検出,0.034621,0.126148,0.563104,0.286920,,lockin:lockin::None:14.992863136086896:4:8:binary:0,lockin,,,14.992863,4
nagaoka_fireworks_B_12,frame_00000.png,frame_00119.png,,,,0,decode失敗,QR未検出,0.034621,0.126148,0.563104,0.286920,,lockin:lockin::None:14.992863136086896:4:16:binary:0,lockin,,,14.992863,4
nagaoka_fireworks_B_12,frame_00000.png,frame_00119.png,,,,0,decode失敗,QR未検出,0.068788,0.158217,0.529757,0.407511,,lockin:lockin::None:14.992863136086896:6:4:binary:0,lockin,,,14.992863,6
nagaoka_fireworks_B_12,frame_00000.png,frame_00119.png,,,,0,decode失敗,QR未検出,0.068788,0.158217,0.529757,0.407511,,lockin:lockin::None:14.992863136086896:6:8:binary:0,lockin,,,14.992863,6
nagaoka_fireworks_B_12,frame_00000.png,frame_00119.png,,,,0,decode失敗,QR未検出,0.068788,0.158217,0.529757,0.407511,,lockin:lockin::None:14.992863136086896:6:16:binary:0,lockin,,,14.992863,6
nagaoka_fireworks_B_12,frame_00000.png,frame_00119.png,,,,0,decode失敗,QR未検出,0.094403,0.167483,0.501606,0.484759,,lockin:lockin::None:14.992863136086896:8:4:binary:0,lockin,,,14.992863,8
nagaoka_fireworks_B_12,frame_00000.png,frame_00119.png,,,,0,decode失敗,QR未検出,0.094403,0.167483,0.501606,0.484759,,lockin:lockin::None:14.992863136086896:8:8:binary:0,lockin,,,14.992863,8
nagaoka_fireworks_B_12,frame_00000.png,frame_00119.png,,,,0,decode失敗,QR未検出,0.094403,0.167483,0.501606,0.484759,,lockin:lockin::None:14.992863136086896:8:16:binary:0,lockin,,,14.992863,8
nagaoka_fireworks_B_12,frame_00000.png,frame_00119.png,,,,0,decode失敗,QR未検出,0.886537,0.427255,0.528056,0.454281,,lockin:lockin::None:14.992863136086896:10:4:binary:0,lockin,,,14.992863,10
nagaoka_fireworks_B_12,frame_00000.png,frame_00119.png,,,,0,decode失敗,QR未検出,0.886537,0.427255,0.528056,0.454281,,lockin:lockin::None:14.992863136086896:10:8:binary:0,lockin,,,14.992863,10
nagaoka_fireworks_B_12,frame_00000.png,frame_00119.png,,,,0,decode失敗,QR未検出,0.886537,0.427255,0.528056,0.454281,,lockin:lockin::None:14.992863136086896:10:16:binary:0,lockin,,,14.992863,10
nagaoka_fireworks_B_12,frame_00000.png,frame_00119.png,,,,0,decode失敗,QR未検出,0.865353,0.446357,0.562092,0.398016,,lockin:lockin::None:14.992863136086896:12:4:binary:0,lockin,,,14.992863,12
nagaoka_fireworks_B_12,frame_00000.png,frame_00119.png,,,,0,decode失敗,QR未検出,0.865353,0.446357,0.562092,0.398016,,lockin:lockin::None:14.992863136086896:12:8:binary:0,lockin,,,14.992863,12
nagaoka_fireworks_B_12,frame_00000.png,frame_00119.png,,,,0,decode失敗,QR未検出,0.865353,0.446357,0.562092,0.398016,,lockin:lockin::None:14.992863136086896:12:16:binary:0,lockin,,,14.992863,12
nagaoka_fireworks_B_12,frame_00000.png,frame_00119.png,nagaoka_fireworks_B_12/rgb_max_lockin_f300_ps16_th16/00000-00119-FRAME_rgbmax_scale1.00.png,,,0,decode失敗,QR未検出,0.803621,0.491458,0.627366,0.293177,,lockin:lockin::None:14.992863136086896:16:4:binary:0,lockin,,,14.992863,16
nagaoka_fireworks_B_12,frame_00000.png,frame_00119.png,nagaoka_fireworks_B_12/rgb_max_lockin_f300_ps16_th16/00000-00119-FRAME_rgbmax_scale1.00.png,,,0,decode失敗,QR未検出,0.803621,0.491458,0.627366,0.293177,,lockin:lockin::None:14.992863136086896:16:8:binary:0,lockin,,,14.992863,16
nagaoka_fireworks_B_12,frame_00000.png,frame_00119.png,nagaoka_fireworks_B_12/rgb_max_lockin_f300_ps16_th16/00000-00119-FRAME_rgbmax_scale1.00.png,,,0,decode失敗,QR未検出,0.803621,0.491458,0.627366,0.293177,,lockin:lockin::None:14.992863136086896:16:16:binary:0,lockin,,,14.992863,16
nagaoka_fireworks_B_12,frame_00000.png,frame_00119.png,,,,0,decode失敗,QR未検出,0.901605,0.602017,0.748264,0.122099,,lockin:lockin::None:29.996431568043448:2:4:binary:0,lockin,,,29.996432,2
nagaoka_fireworks_B_12,frame_00000.png,frame_00119.png,,,,0,decode失敗,QR未検出,0.901605,0.602017,0.748264,0.122099,,lockin:lockin::None:29.996431568043448:2:8:binary:0,lockin,,,29.996432,2
nagaoka_fireworks_B_12,frame_00000.png,frame_00119.png,,,,0,decode失敗,QR未検出,0.901605,0.602017,0.748264,0.122099,,lockin:lockin::None:29.996431568043448:2:16:binary:0,lockin,,,29.996432,2
nagaoka_fireworks_B_12,frame_00000.png,frame_00119.png,,,,0,decode失敗,QR未検出,0.875431,0.676066,0.802786,0.080546,,lockin:lockin::None:29.996431568043448:4:4:binary:0,lockin,,,29.996432,4
nagaoka_fireworks_B_12,frame_00000.png,frame_00119.png,,,,0,decode失敗,QR未検出,0.875431,0.676066,0.802786,0.080546,,lockin:lockin::None:29.996431568043448:4:8:binary:0,lockin,,,29.996432,4
nagaoka_fireworks_B_12,frame_00000.png,frame_00119.png,,,,0,decode失敗,QR未検出,0.875431,0.676066,0.802786,0.080546,,lockin:lockin::None:29.996431568043448:4:16:binary:0,lockin,,,29.996432,4
nagaoka_fireworks_B_12,frame_00000.png,frame_00119.png,,,,0,decode失敗,QR未検出,0.857925,0.718118,0.826419,0.064062,,lockin:lockin::None:29.996431568043448:6:4:binary:0,lockin,,,29.996432,6
nagaoka_fireworks_B_12,frame_00000.png,frame_00119.png,,,,0,decode失敗,QR未検出,0.857925,0.718118,0.826419,0.064062,,lockin:lockin::None:29.996431568043448:6:8:binary:0,lockin,,,29.996432,6
nagaoka_fireworks_B_12,frame_00000.png,frame_00119.png,,,,0,decode失敗,QR未検出,0.857925,0.718118,0.826419,0.064062,,lockin:lockin::None:29.996431568043448:6:16:binary:0,lockin,,,29.996432,6
nagaoka_fireworks_B_12,frame_00000.png,frame_00119.png,,,,0,decode失敗,QR未検出,0.846582,0.749691,0.841919,0.053659,,lockin:lockin::None:29.996431568043448:8:4:binary:0,lockin,,,29.996432,8
nagaoka_fireworks_B_12,frame_00000.png,frame_00119.png,,,,0,decode失敗,QR未検出,0.846582,0.749691,0.841919,0.053659,,lockin:lockin::None:29.996431568043448:8:8:binary:0,lockin,,,29.996432,8
nagaoka_fireworks_B_12,frame_00000.png,frame_00119.png,,,,0,decode失敗,QR未検出,0.846582,0.749691,0.841919,0.053659,,lockin:lockin::None:29.996431568043448:8:16:binary:0,lockin,,,29.996432,8
nagaoka_fireworks_B_12,frame_00000.png,frame_00119.png,,,,0,decode失敗,QR未検出,0.835443,0.772832,0.851325,0.046585,,lockin:lockin::None:29.996431568043448:10:4:binary:0,lockin,,,29.996432,10
nagaoka_fireworks_B_12,frame_00000.png,frame_00119.png,,,,0,decode失敗,QR未検出,0.835443,0.772832,0.851325,0.046585,,lockin:lockin::None:29.996431568043448:10:8:binary:0,lockin,,,29.996432,10
nagaoka_fireworks_B_12,frame_00000.png,frame_00119.png,,,,0,decode失敗,QR未検出,0.835443,0.772832,0.851325,0.046585,,lockin:lockin::None:29.996431568043448:10:16:binary:0,lockin,,,29.996432,10
nagaoka_fireworks_B_12,frame_00000.png,frame_00119.png,,,,0,decode失敗,QR未検出,0.826026,0.792921,0.858732,0.040908,,lockin:lockin::None:29.996431568043448:12:4:binary:0,lockin,,,29.996432,12
nagaoka_fireworks_B_12,frame_00000.png,frame_00119.png,,,,0,decode失敗,QR未検出,0.826026,0.792921,0.858732,0.040908,,lockin:lockin::None:29.996431568043448:12:8:binary:0,lockin,,,29.996432,12
nagaoka_fireworks_B_12,frame_00000.png,frame_00119.png,,,,0,decode失敗,QR未検出,0.826026,0.792921,0.858732,0.040908,,lockin:lockin::None:29.996431568043448:12:16:binary:0,lockin,,,29.996432,12
nagaoka_fireworks_B_12,frame_00000.png,frame_00119.png,nagaoka_fireworks_B_12/rgb_max_lockin_f300_ps16_th16/00000-00119-FRAME_rgbmax_scale1.00.png,,,0,decode失敗,QR未検出,0.807057,0.826721,0.868736,0.032051,,lockin:lockin::None:29.996431568043448:16:4:binary:0,lockin,,,29.996432,16
nagaoka_fireworks_B_12,frame_00000.png,frame_00119.png,nagaoka_fireworks_B_12/rgb_max_lockin_f300_ps16_th16/00000-00119-FRAME_rgbmax_scale1.00.png,,,0,decode失敗,QR未検出,0.807057,0.826721,0.868736,0.032051,,lockin:lockin::None:29.996431568043448:16:8:binary:0,lockin,,,29.996432,16
nagaoka_fireworks_B_12,frame_00000.png,frame_00119.png,nagaoka_fireworks_B_12/rgb_max_lockin_f300_ps16_th16/00000-00119-FRAME_rgbmax_scale1.00.png,,,0,decode失敗,QR未検出,0.807057,0.826721,0.868736,0.032051,,lockin:lockin::None:29.996431568043448:16:16:binary:0,lockin,,,29.996432,16
hocho_B_4,frame_00000.png,frame_00119.png,,,,0,decode失敗,QR未検出,0.001202,0.169734,0.635797,0.002818,,lockin:lockin::None:10.003568431956552:2:4:binary:0,lockin,,,10.003568,2
hocho_B_4,frame_00000.png,frame_00119.png,,,,0,decode失敗,QR未検出,0.001202,0.169734,0.635797,0.002818,,lockin:lockin::None:10.003568431956552:2:8:binary:0,lockin,,,10.003568,2
hocho_B_4,frame_00000.png,frame_00119.png,,,,0,decode失敗,QR未検出,0.001202,0.169734,0.635797,0.002818,,lockin:lockin::None:10.003568431956552:2:16:binary:0,lockin,,,10.003568,2
hocho_B_4,frame_00000.png,frame_00119.png,,,,0,decode失敗,QR未検出,0.012004,0.281176,0.630720,0.024529,,lockin:lockin::None:10.003568431956552:4:4:binary:0,lockin,,,10.003568,4
hocho_B_4,frame_00000.png,frame_00119.png,,,,0,decode失敗,QR未検出,0.012004,0.281176,0.630720,0.024529,,lockin:lockin::None:10.003568431956552:4:8:binary:0,lockin,,,10.003568,4
hocho_B_4,frame_00000.png,frame_00119.png,,,,0,decode失敗,QR未検出,0.012004,0.281176,0.630720,0.024529,,lockin:lockin::None:10.003568431956552:4:16:binary:0,lockin,,,10.003568,4
hocho_B_4,frame_00000.png,frame_00119.png,,,,0,decode失敗,QR未検出,0.040563,0.326382,0.621849,0.081190,,lockin:lockin::None:10.003568431956552:6:4:binary:0,lockin,,,10.003568,6
hocho_B_4,frame_00000.png,frame_00119.png,,,,0,decode失敗,QR未検出,0.040563,0.326382,0.621849,0.081190,,lockin:lockin::None:10.003568431956552:6:8:binary:0,lockin,,,10.003568,6
hocho_B_4,frame_00000.png,frame_00119.png,,,,0,decode失敗,QR未検出,0.040563,0.326382,0.621849,0.081190,,lockin:lockin::None:10.003568431956552:6:16:binary:0,lockin,,,10.003568,6
hocho_B_4,frame_00000.png,frame_00119.png,,,,0,decode失敗,QR未検出,0.075618,0.306925,0.603005,0.160688,,lockin:lockin::None:10.003568431956552:8:4:binary:0,lockin,,,10.003568,8
hocho_B_4,frame_00000.png,frame_00119.png,,,,0,decode失敗,QR未検出,0.075618,0.306925,0.603005,0.160688,,lockin:lockin::None:10.003568431956552:8:8:binary:0,lockin,,,10.003568,8
hocho_B_4,frame_00000.png,frame_00119.png,,,,0,decode失敗,QR未検出,0.075618,0.306925,0.603005,0.160688,,lockin:lockin::None:10.003568431956552:8:16:binary:0,lockin,,,10.003568,8
hocho_B_4,frame_00000.png,frame_00119.png,,,,0,decode失敗,QR未検出,0.116456,0.299708,0.581068,0.240006,,lockin:lockin::None:10.003568431956552:10:4:binary:0,lockin,,,10.003568,10
hocho_B_4,frame_00000.png,frame_00119.png,,,,0,decode失敗,QR未検出,0.116456,0.299708,0.581068,0.240006,,lockin:lockin::None:10.003568431956552:10:8:binary:0,lockin,,,10.003568,10
hocho_B_4,frame_00000.png,frame_00119.png,,,,0,decode失敗,QR未検出,0.116456,0.299708,0.581068,0.240006,,lockin:lockin::None:10.003568431956552:10:16:binary:0,lockin,,,10.003568,10
hocho_B_4,frame_00000.png,frame_00119.png,hocho_B_4/rgb_max_lockin_f300_ps8_th12/00000-00119-FRAME_rgbmax_scale1.00.png,,,0,decode失敗,QR未検出,0.166314,0.300783,0.557629,0.316238,,lockin:lockin::None:10.003568431956552:12:4:binary:0,lockin,,,10.003568,12
hocho_B_4,frame_00000.png,frame_00119.png,hocho_B_4/rgb_max_lockin_f300_ps8_th12/00000-00119-FRAME_rgbmax_scale1.00.png,,,0,decode失敗,QR未検出,0.166314,0.300783,0.557629,0.316238,,lockin:lockin::None:10.003568431956552:12:8:binary:0,lockin,,,10.003568,12
hocho_B_4,frame_00000.png,frame_00119.png,hocho_B_4/rgb_max_lockin_f300_ps8_th12/00000-00119-FRAME_rgbmax_scale1.00.png,,,0,decode失敗,QR未検出,0.166314,0.300783,0.557629,0.316238,,lockin:lockin::None:10.003568431956552:12:16:binary:0,lockin,,,10.003568,12
hocho_B_4,frame_00000.png,frame_00119.png,hocho_B_4/rgb_max_lockin_f300_ps8_th16/00000-00119-FRAME_rgbmax_scale1.00.png,,,0,decode失敗,QR未検出,0.306295,0.316594,0.508846,0.459708,,lockin:lockin::None:10.003568431956552:16:4:binary:0,lockin,,,10.003568,16
hocho_B_4,frame_00000.png,frame_00119.png,hocho_B_4/rgb_max_lockin_f300_ps8_th16/00000-00119-FRAME_rgbmax_scale1.00.png,,,0,decode失敗,QR未検出,0.306295,0.316594,0.508846,0.459708,,lockin:lockin::None:10.003568431956552:16:8:binary:0,lockin,,,10.003568,16
hocho_B_4,frame_00000.png,frame_00119.png,hocho_B_4/rgb_max_lockin_f300_ps8_th16/00000-00119-FRAME_rgbmax_scale1.00.png,,,0,decode失敗,QR未検出,0.306295,0.316592,0.508845,0.459709,,lockin:lockin::None:10.003568431956552:16:16:binary:0,lockin,,,10.003568,16
hocho_B_4,frame_00000.png,frame_00119.png,,,,0,decode失敗,QR未検出,0.003306,0.245168,0.635001,0.006932,,lockin:lockin::None:14.992863136086896:2:4:binary:0,lockin,,,14.992863,2
hocho_B_4,frame_00000.png,frame_00119.png,,,,0,decode失敗,QR未検出,0.003306,0.245168,0.635001,0.006932,,lockin:lockin::None:14.992863136086896:2:8:binary:0,lockin,,,14.992863,2
hocho_B_4,frame_00000.png,frame_00119.png,,,,0,decode失敗,QR未検出,0.003306,0.245168,0.635001,0.006932,,lockin:lockin::None:14.992863136086896:2:16:binary:0,lockin,,,14.992863,2
hocho_B_4,frame_00000.png,frame_00119.png,,,,0,decode失敗,QR未検出,0.032415,0.316539,0.623871,0.064208,,lockin:lockin::None:14.992863136086896:4:4:binary:0,lockin,,,14.992863,4
hocho_B_4,frame_00000.png,frame_00119.png,,,,0,decode失敗,QR未検出,0.032415,0.316539,0.623871,0.064208,,lockin:lockin::None:14.992863136086896:4:8:binary:0,lockin,,,14.992863,4
hocho_B_4,frame_00000.png,frame_00119.png,,,,0,decode失敗,QR未検出,0.032415,0.316539,0.623871,0.064208,,lockin:lockin::None:14.992863136086896:4:16:binary:0,lockin,,,14.992863,4
hocho_B_4,frame_00000.png,frame_00119.png,,,,0,decode失敗,QR未検出,0.076945,0.305895,0.602093,0.166462,,lockin:lockin::None:14.992863136086896:6:4:binary:0,lockin,,,14.992863,6
hocho_B_4,frame_00000.png,frame_00119.png,,,,0,decode失敗,QR未検出,0.076945,0.305895,0.602093,0.166462,,lockin:lockin::None:14.992863136086896:6:8:binary:0,lockin,,,14.992863,6
hocho_B_4,frame_00000.png,frame_00119.png,,,,0,decode失敗,QR未検出,0.076945,0.305895,0.602093,0.166462,,lockin:lockin::None:14.992863136086896:6:16:binary:0,lockin,,,14.992863,6
hocho_B_4,frame_00000.png,frame_00119.png,,,,0,decode失敗,QR未検出,0.130134,0.304924,0.577132,0.265530,,lockin:lockin::None:14.992863136086896:8:4:binary:0,lockin,,,14.992863,8
hocho_B_4,frame_00000.png,frame_00119.png,,,,0,decode失敗,QR未検出,0.130134,0.304924,0.577132,0.265530,,lockin:lockin::None:14.992863136086896:8:8:binary:0,lockin,,,14.992863,8
hocho_B_4,frame_00000.png,frame_00119.png,,,,0,decode失敗,QR未検出,0.130134,0.304924,0.577132,0.265530,,lockin:lockin::None:14.992863136086896:8:16:binary:0,lockin,,,14.992863,8
hocho_B_4,frame_00000.png,frame_00119.png,,,,0,decode失敗,QR未検出,0.199820,0.304175,0.544225,0.358241,,lockin:lockin::None:14.992863136086896:10:4:binary:0,lockin,,,14.992863,10
hocho_B_4,frame_00000.png,frame_00119.png,,,,0,decode失敗,QR未検出,0.199820,0.304175,0.544225,0.358241,,lockin:lockin::None:14.992863136086896:10:8:binary:0,lockin,,,14.992863,10
hocho_B_4,frame_00000.png,frame_00119.png,,,,0,decode失敗,QR未検出,0.199820,0.304175,0.544225,0.358241,,lockin:lockin::None:14.992863136086896:10:16:binary:0,lockin,,,14.992863,10
hocho_B_4,frame_00000.png,frame_00119.png,hocho_B_4/rgb_max_lockin_f300_ps8_th12/00000-00119-FRAME_rgbmax_scale1.00.png,,,0,decode失敗,QR未検出,0.289175,0.312986,0.512220,0.447846,,lockin:lockin::None:14.992863136086896:12:4:binary:0,lockin,,,14.992863,12
hocho_B_4,frame_00000.png,frame_00119.png,hocho_B_4/rgb_max_lockin_f300_ps8_th12/00000-00119-FRAME_rgbmax_scale1.00.png,,,0,decode失敗,QR未検出,0.289175,0.312986,0.512220,0.447846,,lockin:lockin::None:14.992863136086896:12:8:binary:0,lockin,,,14.992863,12
hocho_B_4,frame_00000.png,frame_00119.png,hocho_B_4/rgb_max_lockin_f300_ps8_th12/00000-00119-FRAME_rgbmax_scale1.00.png,,,0,decode失敗,QR未検出,0.289175,0.312986,0.512220,0.447846,,lockin:lockin::None:14.992863136086896:12:16:binary:0,lockin,,,14.992863,12
hocho_B_4,frame_00000.png,frame_00119.png,hocho_B_4/rgb_max_lockin_f300_ps8_th16/00000-00119-FRAME_rgbmax_scale1.00.png,,,0,decode失敗,QR未検出,0.514200,0.399788,0.544044,0.380282,,lockin:lockin::None:14.992863136086896:16:4:binary:0,lockin,,,14.992863,16
hocho_B_4,frame_00000.png,frame_00119.png,hocho_B_4/rgb_max_lockin_f300_ps8_th16/00000-00119-FRAME_rgbmax_scale1.00.png,,,0,decode失敗,QR未検出,0.514200,0.399788,0.544044,0.380282,,lockin:lockin::None:14.992863136086896:16:8:binary:0,lockin,,,14.992863,16
hocho_B_4,frame_00000.png,frame_00119.png,hocho_B_4/rgb_max_lockin_f300_ps8_th16/00000-00119-FRAME_rgbmax_scale1.00.png,,,0,decode失敗,QR未検出,0.514200,0.399788,0.544044,0.380282,,lockin:lockin::None:14.992863136086896:16:16:binary:0,lockin,,,14.992863,16
hocho_B_4,frame_00000.png,frame_00119.png,,,,0,decode失敗,QR未検出,0.049328,0.293957,0.612425,0.111990,,lockin:lockin::None:29.996431568043448:2:4:binary:0,lockin,,,29.996432,2
hocho_B_4,frame_00000.png,frame_00119.png,,,,0,decode失敗,QR未検出,0.049328,0.293957,0.612425,0.111990,,lockin:lockin::None:29.996431568043448:2:8:binary:0,lockin,,,29.996432,2
hocho_B_4,frame_00000.png,frame_00119.png,,,,0,decode失敗,QR未検出,0.049328,0.293957,0.612425,0.111990,,lockin:lockin::None:29.996431568043448:2:16:binary:0,lockin,,,29.996432,2
hocho_B_4,frame_00000.png,frame_00119.png,,,,0,decode失敗,QR未検出,0.136380,0.249211,0.537989,0.331765,,lockin:lockin::None:29.996431568043448:4:4:binary:0,lockin,,,29.996432,4
hocho_B_4,frame_00000.png,frame_00119.png,,,,0,decode失敗,QR未検出,0.136380,0.249211,0.537989,0.331765,,lockin:lockin::None:29.996431568043448:4:8:binary:0,lockin,,,29.996432,4
hocho_B_4,frame_00000.png,frame_00119.png,,,,0,decode失敗,QR未検出,0.136380,0.249211,0.537989,0.331765,,lockin:lockin::None:29.996431568043448:4:16:binary:0,lockin,,,29.996432,4
hocho_B_4,frame_00000.png,frame_00119.png,,,,0,decode失敗,QR未検出,0.749052,0.432367,0.552543,0.475714,,lockin:lockin::None:29.996431568043448:6:4:binary:0,lockin,,,29.996432,6
hocho_B_4,frame_00000.png,frame_00119.png,,,,0,decode失敗,QR未検出,0.749052,0.432367,0.552543,0.475714,,lockin:lockin::None:29.996431568043448:6:8:binary:0,lockin,,,29.996432,6
hocho_B_4,frame_00000.png,frame_00119.png,,,,0,decode失敗,QR未検出,0.749052,0.432367,0.552543,0.475714,,lockin:lockin::None:29.996431568043448:6:16:binary:0,lockin,,,29.996432,6
hocho_B_4,frame_00000.png,frame_00119.png,,,,0,decode失敗,QR未検出,0.609221,0.480211,0.619291,0.310542,,lockin:lockin::None:29.996431568043448:8:4:binary:0,lockin,,,29.996432,8
hocho_B_4,frame_00000.png,frame_00119.png,,,,0,decode失敗,QR未検出,0.609221,0.480211,0.619291,0.310542,,lockin:lockin::None:29.996431568043448:8:8:binary:0,lockin,,,29.996432,8
hocho_B_4,frame_00000.png,frame_00119.png,,,,0,decode失敗,QR未検出,0.609221,0.480211,0.619291,0.310542,,lockin:lockin::None:29.996431568043448:8:16:binary:0,lockin,,,29.996432,8
hocho_B_4,frame_00000.png,frame_00119.png,,,,0,decode失敗,QR未検出,0.484516,0.517916,0.649644,0.199387,,lockin:lockin::None:29.996431568043448:10:4:binary:0,lockin,,,29.996432,10
hocho_B_4,frame_00000.png,frame_00119.png,,,,0,decode失敗,QR未検出,0.484516,0.517916,0.649644,0.199387,,lockin:lockin::None:29.996431568043448:10:8:binary:0,lockin,,,29.996432,10
hocho_B_4,frame_00000.png,frame_00119.png,,,,0,decode失敗,QR未検出,0.484516,0.517916,0.649644,0.199387,,lockin:lockin::None:29.996431568043448:10:16:binary:0,lockin,,,29.996432,10
hocho_B_4,frame_00000.png,frame_00119.png,hocho_B_4/rgb_max_lockin_f300_ps8_th12/00000-00119-FRAME_rgbmax_scale1.00.png,,,0,decode失敗,QR未検出,0.378332,0.546912,0.661020,0.126493,,lockin:lockin::None:29.996431568043448:12:4:binary:0,lockin,,,29.996432,12
hocho_B_4,frame_00000.png,frame_00119.png,hocho_B_4/rgb_max_lockin_f300_ps8_th12/00000-00119-FRAME_rgbmax_scale1.00.png,,,0,decode失敗,QR未検出,0.378332,0.546912,0.661020,0.126493,,lockin:lockin::None:29.996431568043448:12:8:binary:0,lockin,,,29.996432,12
hocho_B_4,frame_00000.png,frame_00119.png,hocho_B_4/rgb_max_lockin_f300_ps8_th12/00000-00119-FRAME_rgbmax_scale1.00.png,,,0,decode失敗,QR未検出,0.378332,0.546912,0.661020,0.126493,,lockin:lockin::None:29.996431568043448:12:16:binary:0,lockin,,,29.996432,12
hocho_B_4,frame_00000.png,frame_00119.png,hocho_B_4/rgb_max_lockin_f300_ps8_th16/00000-00119-FRAME_rgbmax_scale1.00.png,,,0,decode失敗,QR未検出,0.222515,0.596929,0.663689,0.049843,,lockin:lockin::None:29.996431568043448:16:4:binary:0,lockin,,,29.996432,16
hocho_B_4,frame_00000.png,frame_00119.png,hocho_B_4/rgb_max_lockin_f300_ps8_th16/00000-00119-FRAME_rgbmax_scale1.00.png,,,0,decode失敗,QR未検出,0.222515,0.596929,0.663689,0.049843,,lockin:lockin::None:29.996431568043448:16:8:binary:0,lockin,,,29.996432,16
hocho_B_4,frame_00000.png,frame_00119.png,hocho_B_4/rgb_max_lockin_f300_ps8_th16/00000-00119-FRAME_rgbmax_scale1.00.png,,,0,decode失敗,QR未検出,0.222515,0.596929,0.663689,0.049843,,lockin:lockin::None:29.996431568043448:16:16:binary:0,lockin,,,29.996432,16
hocho_B_8,frame_00000.png,frame_00119.png,,,,0,decode失敗,QR未検出,0.000864,0.164825,0.636219,0.002159,,lockin:lockin::None:10.003568431956552:2:4:binary:0,lockin,,,10.003568,2
hocho_B_8,frame_00000.png,frame_00119.png,,,,0,decode失敗,QR未検出,0.000864,0.164825,0.636219,0.002159,,lockin:lockin::None:10.003568431956552:2:8:binary:0,lockin,,,10.003568,2
hocho_B_8,frame_00000.png,frame_00119.png,,,,0,decode失敗,QR未検出,0.000864,0.164825,0.636219,0.002159,,lockin:lockin::None:10.003568431956552:2:16:binary:0,lockin,,,10.003568,2
hocho_B_8,frame_00000.png,frame_00119.png,,,,0,decode失敗,QR未検出,0.005874,0.171893,0.629364,0.020618,,lockin:lockin::None:10.003568431956552:4:4:binary:0,lockin,,,10.003568,4
hocho_B_8,frame_00000.png,frame_00119.png,,,,0,decode失敗,QR未検出,0.005874,0.171893,0.629364,0.020618,,lockin:lockin::None:10.003568431956552:4:8:binary:0,lockin,,,10.003568,4
hocho_B_8,frame_00000.png,frame_00119.png,,,,0,decode失敗,QR未検出,0.005874,0.171893,0.629364,0.020618,,lockin:lockin::None:10.003568431956552:4:16:binary:0,lockin,,,10.003568,4
hocho_B_8,frame_00000.png,frame_00119.png,,,,0,decode失敗,QR未検出,0.022009,0.231613,0.619002,0.067979,,lockin:lockin::None:10.003568431956552:6:4:binary:0,lockin,,,10.003568,6
hocho_B_8,frame_00000.png,frame_00119.png,,,,0,decode失敗,QR未検出,0.022009,0.231613,0.619002,0.067979,,lockin:lockin::None:10.003568431956552:6:8:binary:0,lockin,,,10.003568,6
hocho_B_8,frame_00000.png,frame_00119.png,,,,0,decode失敗,QR未検出,0.022009,0.231613,0.619002,0.067979,,lockin:lockin::None:10.003568431956552:6:16:binary:0,lockin,,,10.003568,6
hocho_B_8,frame_00000.png,frame_00119.png,,,,0,decode失敗,QR未検出,0.048806,0.256500,0.603901,0.140028,,lockin:lockin::None:10.003568431956552:8:4:binary:0,lockin,,,10.003568,8
hocho_B_8,frame_00000.png,frame_00119.png,,,,0,decode失敗,QR未検出,0.048806,0.256500,0.603901,0.140028,,lockin:lockin::None:10.003568431956552:8:8:binary:0,lockin,,,10.003568,8
hocho_B_8,frame_00000.png,frame_00119.png,,,,0,decode失敗,QR未検出,0.048806,0.256500,0.603901,0.140028,,lockin:lockin::None:10.003568431956552:8:16:binary:0,lockin,,,10.003568,8
hocho_B_8,frame_00000.png,frame_00119.png,,,,0,decode失敗,QR未検出,0.083674,0.267444,0.584742,0.215184,,lockin:lockin::None:10.003568431956552:10:4:binary:0,lockin,,,10.003568,10
hocho_B_8,frame_00000.png,frame_00119.png,,,,0,decode失敗,QR未検出,0.083674,0.267444,0.584742,0.215184,,lockin:lockin::None:10.003568431956552:10:8:binary:0,lockin,,,10.003568,10
hocho_B_8,frame_00000.png,frame_00119.png,,,,0,decode失敗,QR未検出,0.083674,0.267444,0.584742,0.215184,,lockin:lockin::None:10.003568431956552:10:16:binary:0,lockin,,,10.003568,10
hocho_B_8,frame_00000.png,frame_00119.png,hocho_B_8/rgb_max_lockin_f300_ps16_th12/00000-00119-FRAME_rgbmax_scale1.00.png,,,0,decode失敗,QR未検出,0.124391,0.273969,0.563088,0.286469,,lockin:lockin::None:10.003568431956552:12:4:binary:0,lockin,,,10.003568,12
hocho_B_8,frame_00000.png,frame_00119.png,hocho_B_8/rgb_max_lockin_f300_ps16_th12/00000-00119-FRAME_rgbmax_scale1.00.png,,,0,decode失敗,QR未検出,0.124391,0.273969,0.563088,0.286469,,lockin:lockin::None:10.003568431956552:12:8:binary:0,lockin,,,10.003568,12
hocho_B_8,frame_00000.png,frame_00119.png,hocho_B_8/rgb_max_lockin_f300_ps16_th12/00000-00119-FRAME_rgbmax_scale1.00.png,,,0,decode失敗,QR未検出,0.124391,0.273969,0.563088,0.286469,,lockin:lockin::None:10.003568431956552:12:16:binary:0,lockin,,,10.003568,12
hocho_B_8,frame_00000.png,frame_00119.png,hocho_B_8/rgb_max_lockin_f300_ps8_th16/00000-00119-FRAME_rgbmax_scale1.00.png,,,0,decode失敗,QR未検出,0.247000,0.296514,0.514598,0.424949,,lockin:lockin::None:10.003568431956552:16:4:binary:0,lockin,,,10.003568,16
hocho_B_8,frame_00000.png,frame_00119.png,hocho_B_8/rgb_max_lockin_f300_ps8_th16/00000-00119-FRAME_rgbmax_scale1.00.png,,,0,decode失敗,QR未検出,0.247000,0.296514,0.514598,0.424949,,lockin:lockin::None:10.003568431956552:16:8:binary:0,lockin,,,10.003568,16
hocho_B_8,frame_00000.png,frame_00119.png,hocho_B_8/rgb_max_lockin_f300_ps8_th16/00000-00119-FRAME_rgbmax_scale1.00.png,,,0,decode失敗,QR未検出,0.247000,0.296514,0.514598,0.424949,,lockin:lockin::None:10.003568431956552:16:16:binary:0,lockin,,,10.003568,16
hocho_B_8,frame_00000.png,frame_00119.png,,,,0,decode失敗,QR未検出,0.000642,0.060953,0.634140,0.005261,,lockin:lockin::None:14.992863136086896:2:4:binary:0,lockin,,,14.992863,2
hocho_B_8,frame_00000.png,frame_00119.png,,,,0,decode失敗,QR未検出,0.000642,0.060953,0.634140,0.005261,,lockin:lockin::None:14.992863136086896:2:8:binary:0,lockin,,,14.992863,2
hocho_B_8,frame_00000.png,frame_00119.png,,,,0,decode失敗,QR未検出,0.000642,0.060953,0.634140,0.005261,,lockin:lockin::None:14.992863136086896:2:16:binary:0,lockin,,,14.992863,2
hocho_B_8,frame_00000.png,frame_00119.png,,,,0,decode失敗,QR未検出,0.011666,0.192406,0.623971,0.041375,,lockin:lockin::None:14.992863136086896:4:4:binary:0,lockin,,,14.992863,4
hocho_B_8,frame_00000.png,frame_00119.png,,,,0,decode失敗,QR未検出,0.011666,0.192406,0.623971,0.041375,,lockin:lockin::None:14.992863136086896:4:8:binary:0,lockin,,,14.992863,4
hocho_B_8,frame_00000.png,frame_00119.png,,,,0,decode失敗,QR未検出,0.011666,0.192406,0.623971,0.041375,,lockin:lockin::None:14.992863136086896:4:16:binary:0,lockin,,,14.992863,4
hocho_B_8,frame_00000.png,frame_00119.png,,,,0,decode失敗,QR未検出,0.040630,0.258173,0.609900,0.115730,,lockin:lockin::None:14.992863136086896:6:4:binary:0,lockin,,,14.992863,6
hocho_B_8,frame_00000.png,frame_00119.png,,,,0,decode失敗,QR未検出,0.040630,0.258173,0.609900,0.115730,,lockin:lockin::None:14.992863136086896:6:8:binary:0,lockin,,,14.992863,6
hocho_B_8,frame_00000.png,frame_00119.png,,,,0,decode失敗,QR未検出,0.040630,0.258173,0.609900,0.115730,,lockin:lockin::None:14.992863136086896:6:16:binary:0,lockin,,,14.992863,6
hocho_B_8,frame_00000.png,frame_00119.png,,,,0,decode失敗,QR未検出,0.076743,0.282325,0.594594,0.200817,,lockin:lockin::None:14.992863136086896:8:4:binary:0,lockin,,,14.992863,8
hocho_B_8,frame_00000.png,frame_00119.png,,,,0,decode失敗,QR未検出,0.076743,0.282325,0.594594,0.200817,,lockin:lockin::None:14.992863136086896:8:8:binary:0,lockin,,,14.992863,8
hocho_B_8,frame_00000.png,frame_00119.png,,,,0,decode失敗,QR未検出,0.076743,0.282325,0.594594,0.200817,,lockin:lockin::None:14.992863136086896:8:16:binary:0,lockin,,,14.992863,8
hocho_B_8,frame_00000.png,frame_00119.png,,,,0,decode失敗,QR未検出,0.117300,0.278787,0.570011,0.282718,,lockin:lockin::None:14.992863136086896:10:4:binary:0,lockin,,,14.992863,10
hocho_B_8,frame_00000.png,frame_00119.png,,,,0,decode失敗,QR未検出,0.117300,0.278790,0.570013,0.282717,,lockin:lockin::None:14.992863136086896:10:8:binary:0,lockin,,,14.992863,10
hocho_B_8,frame_00000.png,frame_00119.png,,,,0,decode失敗,QR未検出,0.117300,0.278790,0.570013,0.282717,,lockin:lockin::None:14.992863136086896:10:16:binary:0,lockin,,,14.992863,10
hocho_B_8,frame_00000.png,frame_00119.png,hocho_B_8/rgb_max_lockin_f300_ps16_th12/00000-00119-FRAME_rgbmax_scale1.00.png,,,0,decode失敗,QR未検出,0.169191,0.276623,0.538439,0.360114,,lockin:lockin::None:14.992863136086896:12:4:binary:0,lockin,,,14.992863,12
hocho_B_8,frame_00000.png,frame_00119.png,hocho_B_8/rgb_max_lockin_f300_ps16_th12/00000-00119-FRAME_rgbmax_scale1.00.png,,,0,decode失敗,QR未検出,0.169191,0.276623,0.538439,0.360114,,lockin:lockin::None:14.992863136086896:12:8:binary:0,lockin,,,14.992863,12
hocho_B_8,frame_00000.png,frame_00119.png,hocho_B_8/rgb_max_lockin_f300_ps16_th12/00000-00119-FRAME_rgbmax_scale1.00.png,,,0,decode失敗,QR未検出,0.169191,0.276623,0.538439,0.360114,,lockin:lockin::None:14.992863136086896:12:16:binary:0,lockin,,,14.992863,12
hocho_B_8,frame_00000.png,frame_00119.png,hocho_B_8/rgb_max_lockin_f300_ps8_th16/00000-00119-FRAME_rgbmax_scale1.00.png,,,0,decode失敗,QR未検出,0.679568,0.404369,0.520973,0.487962,,lockin:lockin::None:14.992863136086896:16:4:binary:0,lockin,,,14.992863,16
hocho_B_8,frame_00000.png,frame_00119.png,hocho_B_8/rgb_max_lockin_f300_ps8_th16/00000-00119-FRAME_rgbmax_scale1.00.png,,,0,decode失敗,QR未検出,0.679568,0.404366,0.520968,0.487964,,lockin:lockin::None:14.992863136086896:16:8:binary:0,lockin,,,14.992863,16
hocho_B_8,frame_00000.png,frame_00119.png,hocho_B_8/rgb_max_lockin_f300_ps8_th16/00000-00119-FRAME_rgbmax_scale1.00.png,,,0,decode失敗,QR未検出,0.679568,0.404366,0.520968,0.487964,,lockin:lockin::None:14.992863136086896:16:16:binary:0,lockin,,,14.992863,16
hocho_B_8,frame_00000.png,frame_00119.png,,,,0,decode失敗,QR未検出,0.044236,0.203031,0.590582,0.175005,,lockin:lockin::None:29.996431568043448:2:4:binary:0,lockin,,,29.996432,2
hocho_B_8,frame_00000.png,frame_00119.png,,,,0,decode失敗,QR未検出,0.044236,0.203031,0.590582,0.175005,,lockin:lockin::None:29.996431568043448:2:8:binary:0,lockin,,,29.996432,2
hocho_B_8,frame_00000.png,frame_00119.png,,,,0,decode失敗,QR未検出,0.044236,0.203031,0.590582,0.175005,,lockin:lockin::None:29.996431568043448:2:16:binary:0,lockin,,,29.996432,2
hocho_B_8,frame_00000.png,frame_00119.png,,,,0,decode失敗,QR未検出,0.880899,0.420920,0.517504,0.571569,,lockin:lockin::None:29.996431568043448:4:4:binary:0,lockin,,,29.996432,4
hocho_B_8,frame_00000.png,frame_00119.png,,,,0,decode失敗,QR未検出,0.880899,0.420920,0.517504,0.571569,,lockin:lockin::None:29.996431568043448:4:8:binary:0,lockin,,,29.996432,4
hocho_B_8,frame_00000.png,frame_00119.png,,,,0,decode失敗,QR未検出,0.880899,0.420920,0.517504,0.571569,,lockin:lockin::None:29.996431568043448:4:16:binary:0,lockin,,,29.996432,4
hocho_B_8,frame_00000.png,frame_00119.png,,,,0,decode失敗,QR未検出,0.773435,0.493891,0.630557,0.355059,,lockin:lockin::None:29.996431568043448:6:4:binary:0,lockin,,,29.996432,6
hocho_B_8,frame_00000.png,frame_00119.png,,,,0,decode失敗,QR未検出,0.773435,0.493896,0.630562,0.355056,,lockin:lockin::None:29.996431568043448:6:8:binary:0,lockin,,,29.996432,6
hocho_B_8,frame_00000.png,frame_00119.png,,,,0,decode失敗,QR未検出,0.773435,0.493896,0.630562,0.355056,,lockin:lockin::None:29.996431568043448:6:16:binary:0,lockin,,,29.996432,6
hocho_B_8,frame_00000.png,frame_00119.png,,,,0,decode失敗,QR未検出,0.660547,0.568235,0.695001,0.203515,,lockin:lockin::None:29.996431568043448:8:4:binary:0,lockin,,,29.996432,8
hocho_B_8,frame_00000.png,frame_00119.png,,,,0,decode失敗,QR未検出,0.660547,0.568235,0.695001,0.203515,,lockin:lockin::None:29.996431568043448:8:8:binary:0,lockin,,,29.996432,8
hocho_B_8,frame_00000.png,frame_00119.png,,,,0,decode失敗,QR未検出,0.660547,0.568235,0.695001,0.203515,,lockin:lockin::None:29.996431568043448:8:16:binary:0,lockin,,,29.996432,8
hocho_B_8,frame_00000.png,frame_00119.png,,,,0,decode失敗,QR未検出,0.566935,0.639209,0.727009,0.115805,,lockin:lockin::None:29.996431568043448:10:4:binary:0,lockin,,,29.996432,10
hocho_B_8,frame_00000.png,frame_00119.png,,,,0,decode失敗,QR未検出,0.566935,0.639209,0.727009,0.115805,,lockin:lockin::None:29.996431568043448:10:8:binary:0,lockin,,,29.996432,10
hocho_B_8,frame_00000.png,frame_00119.png,,,,0,decode失敗,QR未検出,0.566935,0.639209,0.727009,0.115805,,lockin:lockin::None:29.996431568043448:10:16:binary:0,lockin,,,29.996432,10
hocho_B_8,frame_00000.png,frame_00119.png,hocho_B_8/rgb_max_lockin_f300_ps16_th12/00000-00119-FRAME_rgbmax_scale1.00.png,,,0,decode失敗,QR未検出,0.485458,0.698472,0.737504,0.067659,,lockin:lockin::None:29.996431568043448:12:4:binary:0,lockin,,,29.996432,12
hocho_B_8,frame_00000.png,frame_00119.png,hocho_B_8/rgb_max_lockin_f300_ps16_th12/00000-00119-FRAME_rgbmax_scale1.00.png,,,0,decode失敗,QR未検出,0.485458,0.698472,0.737504,0.067659,,lockin:lockin::None:29.996431568043448:12:8:binary:0,lockin,,,29.996432,12
hocho_B_8,frame_00000.png,frame_00119.png,hocho_B_8/rgb_max_lockin_f300_ps16_th12/00000-00119-FRAME_rgbmax_scale1.00.png,,,0,decode失敗,QR未検出,0.485458,0.698472,0.737504,0.067659,,lockin:lockin::None:29.996431568043448:12:16:binary:0,lockin,,,29.996432,12
hocho_B_8,frame_00000.png,frame_00119.png,hocho_B_8/rgb_max_lockin_f300_ps8_th16/00000-00119-FRAME_rgbmax_scale1.00.png,,,0,decode失敗,QR未検出,0.366695,0.783544,0.733700,0.027077,,lockin:lockin::None:29.996431568043448:16:4:binary:0,lockin,,,29.996432,16
hocho_B_8,frame_00000.png,frame_00119.png,hocho_B_8/rgb_max_lockin_f300_ps8_th16/00000-00119-FRAME_rgbmax_scale1.00.png,,,0,decode失敗,QR未検出,0.366695,0.783544,0.733700,0.027077,,lockin:lockin::None:29.996431568043448:16:8:binary:0,lockin,,,29.996432,16
hocho_B_8,frame_00000.png,frame_00119.png,hocho_B_8/rgb_max_lockin_f300_ps8_th16/00000-00119-FRAME_rgbmax_scale1.00.png,,,0,decode失敗,QR未検出,0.366695,0.783544,0.733700,0.027077,,lockin:lockin::None:29.996431568043448:16:16:binary:0,lockin,,,29.996432,16
hocho_B_12,frame_00000.png,frame_00119.png,,,,0,decode失敗,QR未検出,0.000000,0.000000,0.636287,0.004594,,lockin:lockin::None:10.003568431956552:2:4:binary:0,lockin,,,10.003568,2
hocho_B_12,frame_00000.png,frame_00119.png,,,,0,decode失敗,QR未検出,0.000000,0.000000,0.636287,0.004594,,lockin:lockin::None:10.003568431956552:2:8:binary:0,lockin,,,10.003568,2
hocho_B_12,frame_00000.png,frame_00119.png,,,,0,decode失敗,QR未検出,0.000000,0.000000,0.636287,0.004594,,lockin:lockin::None:10.003568431956552:2:16:binary:0,lockin,,,10.003568,2
hocho_B_12,frame_00000.png,frame_00119.png,,,,0,decode失敗,QR未検出,0.000396,0.022497,0.631402,0.046007,,lockin:lockin::None:10.003568431956552:4:4:binary:0,lockin,,,10.003568,4
hocho_B_12,frame_00000.png,frame_00119.png,,,,0,decode失敗,QR未検出,0.000396,0.022497,0.631402,0.046007,,lockin:lockin::None:10.003568431956552:4:8:binary:0,lockin,,,10.003568,4
hocho_B_12,frame_00000.png,frame_00119.png,,,,0,decode失敗,QR未検出,0.000396,0.022497,0.631402,0.046007,,lockin:lockin::None:10.003568431956552:4:16:binary:0,lockin,,,10.003568,4
hocho_B_12,frame_00000.png,frame_00119.png,,,,0,decode失敗,QR未検出,0.002635,0.049443,0.620082,0.132546,,lockin:lockin::None:10.003568431956552:6:4:binary:0,lockin,,,10.003568,6
hocho_B_12,frame_00000.png,frame_00119.png,,,,0,decode失敗,QR未検出,0.002635,0.049443,0.620082,0.132546,,lockin:lockin::None:10.003568431956552:6:8:binary:0,lockin,,,10.003568,6
hocho_B_12,frame_00000.png,frame_00119.png,,,,0,decode失敗,QR未検出,0.002635,0.049443,0.620082,0.132546,,lockin:lockin::None:10.003568431956552:6:16:binary:0,lockin,,,10.003568,6
hocho_B_12,frame_00000.png,frame_00119.png,,,,0,decode失敗,QR未検出,0.011936,0.086128,0.595908,0.226230,,lockin:lockin::None:10.003568431956552:8:4:binary:0,lockin,,,10.003568,8
hocho_B_12,frame_00000.png,frame_00119.png,,,,0,decode失敗,QR未検出,0.011936,0.086128,0.595908,0.226230,,lockin:lockin::None:10.003568431956552:8:8:binary:0,lockin,,,10.003568,8
hocho_B_12,frame_00000.png,frame_00119.png,,,,0,decode失敗,QR未検出,0.011936,0.086128,0.595908,0.226230,,lockin:lockin::None:10.003568431956552:8:16:binary:0,lockin,,,10.003568,8
hocho_B_12,frame_00000.png,frame_00119.png,hocho_B_12/rgb_max_lockin_f300_ps8_th10/00000-00119-FRAME_rgbmax_scale1.00.png,,,0,decode失敗,QR未検出,0.031378,0.112994,0.559576,0.316906,,lockin:lockin::None:10.003568431956552:10:4:binary:0,lockin,,,10.003568,10
hocho_B_12,frame_00000.png,frame_00119.png,hocho_B_12/rgb_max_lockin_f300_ps8_th10/00000-00119-FRAME_rgbmax_scale1.00.png,,,0,decode失敗,QR未検出,0.031378,0.112994,0.559576,0.316906,,lockin:lockin::None:10.003568431956552:10:8:binary:0,lockin,,,10.003568,10
hocho_B_12,frame_00000.png,frame_00119.png,hocho_B_12/rgb_max_lockin_f300_ps8_th10/00000-00119-FRAME_rgbmax_scale1.00.png,,,0,decode失敗,QR未検出,0.031378,0.112994,0.559576,0.316906,,lockin:lockin::None:10.003568431956552:10:16:binary:0,lockin,,,10.003568,10
hocho_B_12,frame_00000.png,frame_00119.png,hocho_B_12/rgb_max_lockin_f300_ps4_th12/00000-00119-FRAME_rgbmax_scale1.00.png,,,0,decode失敗,QR未検出,0.068122,0.140857,0.511564,0.408528,,lockin:lockin::None:10.003568431956552:12:4:binary:0,lockin,,,10.003568,12
hocho_B_12,frame_00000.png,frame_00119.png,hocho_B_12/rgb_max_lockin_f300_ps4_th12/00000-00119-FRAME_rgbmax_scale1.00.png,,,0,decode失敗,QR未検出,0.068122,0.140857,0.511564,0.408528,,lockin:lockin::None:10.003568431956552:12:8:binary:0,lockin,,,10.003568,12
hocho_B_12,frame_00000.png,frame_00119.png,hocho_B_12/rgb_max_lockin_f300_ps4_th12/00000-00119-FRAME_rgbmax_scale1.00.png,,,0,decode失敗,QR未検出,0.068122,0.140857,0.511564,0.408528,,lockin:lockin::None:10.003568431956552:12:16:binary:0,lockin,,,10.003568,12
hocho_B_12,frame_00000.png,frame_00119.png,,,,0,decode失敗,QR未検出,0.813318,0.462904,0.590238,0.406595,,lockin:lockin::None:10.003568431956552:16:4:binary:0,lockin,,,10.003568,16
hocho_B_12,frame_00000.png,frame_00119.png,,,,0,decode失敗,QR未検出,0.813318,0.462904,0.590238,0.406595,,lockin:lockin::None:10.003568431956552:16:8:binary:0,lockin,,,10.003568,16
hocho_B_12,frame_00000.png,frame_00119.png,,,,0,decode失敗,QR未検出,0.813318,0.462904,0.590238,0.406595,,lockin:lockin::None:10.003568431956552:16:16:binary:0,lockin,,,10.003568,16
hocho_B_12,frame_00000.png,frame_00119.png,,,,0,decode失敗,QR未検出,0.000000,0.000000,0.635101,0.012889,,lockin:lockin::None:14.992863136086896:2:4:binary:0,lockin,,,14.992863,2
hocho_B_12,frame_00000.png,frame_00119.png,,,,0,decode失敗,QR未検出,0.000000,0.000000,0.635101,0.012889,,lockin:lockin::None:14.992863136086896:2:8:binary:0,lockin,,,14.992863,2
hocho_B_12,frame_00000.png,frame_00119.png,,,,0,decode失敗,QR未検出,0.000000,0.000000,0.635101,0.012889,,lockin:lockin::None:14.992863136086896:2:16:binary:0,lockin,,,14.992863,2
hocho_B_12,frame_00000.png,frame_00119.png,,,,0,decode失敗,QR未検出,0.000430,0.012904,0.625737,0.096883,,lockin:lockin::None:14.992863136086896:4:4:binary:0,lockin,,,14.992863,4
hocho_B_12,frame_00000.png,frame_00119.png,,,,0,decode失敗,QR未検出,0.000430,0.012904,0.625737,0.096883,,lockin:lockin::None:14.992863136086896:4:8:binary:0,lockin,,,14.992863,4
hocho_B_12,frame_00000.png,frame_00119.png,,,,0,decode失敗,QR未検出,0.000430,0.012904,0.625737,0.096883,,lockin:lockin::None:14.992863136086896:4:16:binary:0,lockin,,,14.992863,4
hocho_B_12,frame_00000.png,frame_00119.png,,,,0,decode失敗,QR未検出,0.004841,0.046081,0.602919,0.211280,,lockin:lockin::None:14.992863136086896:6:4:binary:0,lockin,,,14.992863,6
hocho_B_12,frame_00000.png,frame_00119.png,,,,0,decode失敗,QR未検出,0.004841,0.046081,0.602919,0.211280,,lockin:lockin::None:14.992863136086896:6:8:binary:0,lockin,,,14.992863,6
hocho_B_12,frame_00000.png,frame_00119.png,,,,0,decode失敗,QR未検出,0.004841,0.046081,0.602919,0.211280,,lockin:lockin::None:14.992863136086896:6:16:binary:0,lockin,,,14.992863,6
hocho_B_12,frame_00000.png,frame_00119.png,,,,0,decode失敗,QR未検出,0.022757,0.088471,0.560745,0.315908,,lockin:lockin::None:14.992863136086896:8:4:binary:0,lockin,,,14.992863,8
hocho_B_12,frame_00000.png,frame_00119.png,,,,0,decode失敗,QR未検出,0.022757,0.088471,0.560745,0.315908,,lockin:lockin::None:14.992863136086896:8:8:binary:0,lockin,,,14.992863,8
hocho_B_12,frame_00000.png,frame_00119.png,,,,0,decode失敗,QR未検出,0.022757,0.088471,0.560745,0.315908,,lockin:lockin::None:14.992863136086896:8:16:binary:0,lockin,,,14.992863,8
hocho_B_12,frame_00000.png,frame_00119.png,hocho_B_12/rgb_max_lockin_f300_ps8_th10/00000-00119-FRAME_rgbmax_scale1.00.png,,,0,decode失敗,QR未検出,0.934436,0.416399,0.501475,0.574283,,lockin:lockin::None:14.992863136086896:10:4:binary:0,lockin,,,14.992863,10
hocho_B_12,frame_00000.png,frame_00119.png,hocho_B_12/rgb_max_lockin_f300_ps8_th10/00000-00119-FRAME_rgbmax_scale1.00.png,,,0,decode失敗,QR未検出,0.934436,0.416399,0.501475,0.574283,,lockin:lockin::None:14.992863136086896:10:8:binary:0,lockin,,,14.992863,10
hocho_B_12,frame_00000.png,frame_00119.png,hocho_B_12/rgb_max_lockin_f300_ps8_th10/00000-00119-FRAME_rgbmax_scale1.00.png,,,0,decode失敗,QR未検出,0.934436,0.416399,0.501475,0.574283,,lockin:lockin::None:14.992863136086896:10:16:binary:0,lockin,,,14.992863,10
hocho_B_12,frame_00000.png,frame_00119.png,hocho_B_12/rgb_max_lockin_f300_ps4_th12/00000-00119-FRAME_rgbmax_scale1.00.png,,,0,decode失敗,QR未検出,0.871434,0.451132,0.569054,0.460010,,lockin:lockin::None:14.992863136086896:12:4:binary:0,lockin,,,14.992863,12
hocho_B_12,frame_00000.png,frame_00119.png,hocho_B_12/rgb_max_lockin_f300_ps4_th12/00000-00119-FRAME_rgbmax_scale1.00.png,,,0,decode失敗,QR未検出,0.871434,0.451132,0.569054,0.460010,,lockin:lockin::None:14.992863136086896:12:8:binary:0,lockin,,,14.992863,12
hocho_B_12,frame_00000.png,frame_00119.png,hocho_B_12/rgb_max_lockin_f300_ps4_th12/00000-00119-FRAME_rgbmax_scale1.00.png,,,0,decode失敗,QR未検出,0.871434,0.451130,0.569051,0.460012,,lockin:lockin::None:14.992863136086896:12:16:binary:0,lockin,,,14.992863,12
hocho_B_12,frame_00000.png,frame_00119.png,,,,0,decode失敗,QR未検出,0.712828,0.518719,0.656142,0.268990,,lockin:lockin::None:14.992863136086896:16:4:binary:0,lockin,,,14.992863,16
hocho_B_12,frame_00000.png,frame_00119.png,,,,0,decode失敗,QR未検出,0.712828,0.518719,0.656142,0.268990,,lockin:lockin::None:14.992863136086896:16:8:binary:0,lockin,,,14.992863,16
hocho_B_12,frame_00000.png,frame_00119.png,,,,0,decode失敗,QR未検出,0.712828,0.518719,0.656142,0.268990,,lockin:lockin::None:14.992863136086896:16:16:binary:0,lockin,,,14.992863,16
hocho_B_12,frame_00000.png,frame_00119.png,,,,0,decode失敗,QR未検出,0.977513,0.610444,0.765716,0.154506,,lockin:lockin::None:29.996431568043448:2:4:binary:0,lockin,,,29.996432,2
hocho_B_12,frame_00000.png,frame_00119.png,,,,0,decode失敗,QR未検出,0.977513,0.610444,0.765716,0.154506,,lockin:lockin::None:29.996431568043448:2:8:binary:0,lockin,,,29.996432,2
hocho_B_12,frame_00000.png,frame_00119.png,,,,0,decode失敗,QR未検出,0.977513,0.610444,0.765716,0.154506,,lockin:lockin::None:29.996431568043448:2:16:binary:0,lockin,,,29.996432,2
hocho_B_12,frame_00000.png,frame_00119.png,,,,0,decode失敗,QR未検出,0.937641,0.748879,0.863415,0.060668,,lockin:lockin::None:29.996431568043448:4:4:binary:0,lockin,,,29.996432,4
hocho_B_12,frame_00000.png,frame_00119.png,,,,0,decode失敗,QR未検出,0.937641,0.748879,0.863415,0.060668,,lockin:lockin::None:29.996431568043448:4:8:binary:0,lockin,,,29.996432,4
hocho_B_12,frame_00000.png,frame_00119.png,,,,0,decode失敗,QR未検出,0.937641,0.748879,0.863415,0.060668,,lockin:lockin::None:29.996431568043448:4:16:binary:0,lockin,,,29.996432,4
hocho_B_12,frame_00000.png,frame_00119.png,,,,0,decode失敗,QR未検出,0.904984,0.802826,0.884984,0.042163,,lockin:lockin::None:29.996431568043448:6:4:binary:0,lockin,,,29.996432,6
hocho_B_12,frame_00000.png,frame_00119.png,,,,0,decode失敗,QR未検出,0.904984,0.802826,0.884984,0.042163,,lockin:lockin::None:29.996431568043448:6:8:binary:0,lockin,,,29.996432,6
hocho_B_12,frame_00000.png,frame_00119.png,,,,0,decode失敗,QR未検出,0.904984,0.802826,0.884984,0.042163,,lockin:lockin::None:29.996431568043448:6:16:binary:0,lockin,,,29.996432,6
hocho_B_12,frame_00000.png,frame_00119.png,,,,0,decode失敗,QR未検出,0.872144,0.834839,0.891104,0.032656,,lockin:lockin::None:29.996431568043448:8:4:binary:0,lockin,,,29.996432,8
hocho_B_12,frame_00000.png,frame_00119.png,,,,0,decode失敗,QR未検出,0.872144,0.834839,0.891104,0.032656,,lockin:lockin::None:29.996431568043448:8:8:binary:0,lockin,,,29.996432,8
hocho_B_12,frame_00000.png,frame_00119.png,,,,0,decode失敗,QR未検出,0.872144,0.834839,0.891104,0.032656,,lockin:lockin::None:29.996431568043448:8:16:binary:0,lockin,,,29.996432,8
hocho_B_12,frame_00000.png,frame_00119.png,hocho_B_12/rgb_max_lockin_f300_ps8_th10/00000-00119-FRAME_rgbmax_scale1.00.png,,,0,decode失敗,QR未検出,0.841843,0.858623,0.892418,0.026229,,lockin:lockin::None:29.996431568043448:10:4:binary:0,lockin,,,29.996432,10
hocho_B_12,frame_00000.png,frame_00119.png,hocho_B_12/rgb_max_lockin_f300_ps8_th10/00000-00119-FRAME_rgbmax_scale1.00.png,,,0,decode失敗,QR未検出,0.841843,0.858623,0.892418,0.026229,,lockin:lockin::None:29.996431568043448:10:8:binary:0,lockin,,,29.996432,10
hocho_B_12,frame_00000.png,frame_00119.png,hocho_B_12/rgb_max_lockin_f300_ps8_th10/00000-00119-FRAME_rgbmax_scale1.00.png,,,0,decode失敗,QR未検出,0.841843,0.858623,0.892418,0.026229,,lockin:lockin::None:29.996431568043448:10:16:binary:0,lockin,,,29.996432,10
hocho_B_12,frame_00000.png,frame_00119.png,hocho_B_12/rgb_max_lockin_f300_ps4_th12/00000-00119-FRAME_rgbmax_scale1.00.png,,,0,decode失敗,QR未検出,0.816976,0.876949,0.892096,0.021691,,lockin:lockin::None:29.996431568043448:12:4:binary:0,lockin,,,29.996432,12
hocho_B_12,frame_00000.png,frame_00119.png,hocho_B_12/rgb_max_lockin_f300_ps4_th12/00000-00119-FRAME_rgbmax_scale1.00.png,,,0,decode失敗,QR未検出,0.816976,0.876949,0.892096,0.021691,,lockin:lockin::None:29.996431568043448:12:8:binary:0,lockin,,,29.996432,12
hocho_B_12,frame_00000.png,frame_00119.png,hocho_B_12/rgb_max_lockin_f300_ps4_th12/00000-00119-FRAME_rgbmax_scale1.00.png,,,0,decode失敗,QR未検出,0.816976,0.876949,0.892096,0.021691,,lockin:lockin::None:29.996431568043448:12:16:binary:0,lockin,,,29.996432,12
hocho_B_12,frame_00000.png,frame_00119.png,,,,0,decode失敗,QR未検出,0.780159,0.907105,0.891344,0.015118,,lockin:lockin::None:29.996431568043448:16:4:binary:0,lockin,,,29.996432,16
hocho_B_12,frame_00000.png,frame_00119.png,,,,0,decode失敗,QR未検出,0.780159,0.907105,0.891344,0.015118,,lockin:lockin::None:29.996431568043448:16:8:binary:0,lockin,,,29.996432,16
hocho_B_12,frame_00000.png,frame_00119.png,,,,0,decode失敗,QR未検出,0.780159,0.907105,0.891344,0.015118,,lockin:lockin::None:29.996431568043448:16:16:binary:0,lockin,,,29.996432,16
ex_B_4,frame_00000.png,frame_00119.png,,,,0,decode失敗,QR未検出,0.002235,0.150667,0.633736,0.003481,,lockin:lockin::None:10.003568431956552:2:4:binary:0,lockin,,,10.003568,2
ex_B_4,frame_00000.png,frame_00119.png,,,,0,decode失敗,QR未検出,0.002235,0.150667,0.633736,0.003481,,lockin:lockin::None:10.003568431956552:2:8:binary:0,lockin,,,10.003568,2
ex_B_4,frame_00000.png,frame_00119.png,,,,0,decode失敗,QR未検出,0.002235,0.150667,0.633736,0.003481,,lockin:lockin::None:10.003568431956552:2:16:binary:0,lockin,,,10.003568,2
ex_B_4,frame_00000.png,frame_00119.png,,,,0,decode失敗,QR未検出,0.006723,0.154315,0.626573,0.011138,,lockin:lockin::None:10.003568431956552:4:4:binary:0,lockin,,,10.003568,4
ex_B_4,frame_00000.png,frame_00119.png,,,,0,decode失敗,QR未検出,0.006723,0.154315,0.626573,0.011138,,lockin:lockin::None:10.003568431956552:4:8:binary:0,lockin,,,10.003568,4
ex_B_4,frame_00000.png,frame_00119.png,,,,0,decode失敗,QR未検出,0.006723,0.154315,0.626573,0.011138,,lockin:lockin::None:10.003568431956552:4:16:binary:0,lockin,,,10.003568,4
ex_B_4,frame_00000.png,frame_00119.png,,,,0,decode失敗,QR未検出,0.013109,0.194570,0.622573,0.019446,,lockin:lockin::None:10.003568431956552:6:4:binary:0,lockin,,,10.003568,6
ex_B_4,frame_00000.png,frame_00119.png,,,,0,decode失敗,QR未検出,0.013109,0.194570,0.622573,0.019446,,lockin:lockin::None:10.003568431956552:6:8:binary:0,lockin,,,10.003568,6
ex_B_4,frame_00000.png,frame_00119.png,,,,0,decode失敗,QR未検出,0.013109,0.194570,0.622573,0.019446,,lockin:lockin::None:10.003568431956552:6:16:binary:0,lockin,,,10.003568,6
ex_B_4,frame_00000.png,frame_00119.png,,,,0,decode失敗,QR未検出,0.021522,0.205730,0.615174,0.034649,,lockin:lockin::None:10.003568431956552:8:4:binary:0,lockin,,,10.003568,8
ex_B_4,frame_00000.png,frame_00119.png,,,,0,decode失敗,QR未検出,0.021522,0.205730,0.615174,0.034649,,lockin:lockin::None:10.003568431956552:8:8:binary:0,lockin,,,10.003568,8
ex_B_4,frame_00000.png,frame_00119.png,,,,0,decode失敗,QR未検出,0.021522,0.205730,0.615174,0.034649,,lockin:lockin::None:10.003568431956552:8:16:binary:0,lockin,,,10.003568,8
ex_B_4,frame_00000.png,frame_00119.png,,,,0,decode失敗,QR未検出,0.038043,0.227527,0.604462,0.061228,,lockin:lockin::None:10.003568431956552:10:4:binary:0,lockin,,,10.003568,10
ex_B_4,frame_00000.png,frame_00119.png,,,,0,decode失敗,QR未検出,0.038043,0.227527,0.604462,0.061228,,lockin:lockin::None:10.003568431956552:10:8:binary:0,lockin,,,10.003568,10
ex_B_4,frame_00000.png,frame_00119.png,,,,0,decode失敗,QR未検出,0.038043,0.227527,0.604462,0.061228,,lockin:lockin::None:10.003568431956552:10:16:binary:0,lockin,,,10.003568,10
ex_B_4,frame_00000.png,frame_00119.png,,,,0,decode失敗,QR未検出,0.082153,0.271706,0.587447,0.104136,,lockin:lockin::None:10.003568431956552:12:4:binary:0,lockin,,,10.003568,12
ex_B_4,frame_00000.png,frame_00119.png,,,,0,decode失敗,QR未検出,0.082153,0.271706,0.587447,0.104136,,lockin:lockin::None:10.003568431956552:12:8:binary:0,lockin,,,10.003568,12
ex_B_4,frame_00000.png,frame_00119.png,,,,0,decode失敗,QR未検出,0.082153,0.271706,0.587447,0.104136,,lockin:lockin::None:10.003568431956552:12:16:binary:0,lockin,,,10.003568,12
ex_B_4,frame_00000.png,frame_00119.png,ex_B_4/rgb_max_lockin_f300_ps4_th16/00000-00119-FRAME_rgbmax_scale1.00.png,,,0,decode失敗,QR未検出,0.298534,0.325480,0.521439,0.272919,,lockin:lockin::None:10.003568431956552:16:4:binary:0,lockin,,,10.003568,16
ex_B_4,frame_00000.png,frame_00119.png,ex_B_4/rgb_max_lockin_f300_ps4_th16/00000-00119-FRAME_rgbmax_scale1.00.png,,,0,decode失敗,QR未検出,0.298534,0.325484,0.521442,0.272917,,lockin:lockin::None:10.003568431956552:16:8:binary:0,lockin,,,10.003568,16
ex_B_4,frame_00000.png,frame_00119.png,ex_B_4/rgb_max_lockin_f300_ps4_th16/00000-00119-FRAME_rgbmax_scale1.00.png,,,0,decode失敗,QR未検出,0.298534,0.325484,0.521442,0.272917,,lockin:lockin::None:10.003568431956552:16:16:binary:0,lockin,,,10.003568,16
ex_B_4,frame_00000.png,frame_00119.png,,,,0,decode失敗,QR未検出,0.000343,0.024559,0.632683,0.003939,,lockin:lockin::None:14.992863136086896:2:4:binary:0,lockin,,,14.992863,2
ex_B_4,frame_00000.png,frame_00119.png,,,,0,decode失敗,QR未検出,0.000343,0.024559,0.632683,0.003939,,lockin:lockin::None:14.992863136086896:2:8:binary:0,lockin,,,14.992863,2
ex_B_4,frame_00000.png,frame_00119.png,,,,0,decode失敗,QR未検出,0.000343,0.024559,0.632683,0.003939,,lockin:lockin::None:14.992863136086896:2:16:binary:0,lockin,,,14.992863,2
ex_B_4,frame_00000.png,frame_00119.png,,,,0,decode失敗,QR未検出,0.005507,0.151608,0.628317,0.009842,,lockin:lockin::None:14.992863136086896:4:4:binary:0,lockin,,,14.992863,4
ex_B_4,frame_00000.png,frame_00119.png,,,,0,decode失敗,QR未検出,0.005507,0.151608,0.628317,0.009842,,lockin:lockin::None:14.992863136086896:4:8:binary:0,lockin,,,14.992863,4
ex_B_4,frame_00000.png,frame_00119.png,,,,0,decode失敗,QR未検出,0.005507,0.151608,0.628317,0.009842,,lockin:lockin::None:14.992863136086896:4:16:binary:0,lockin,,,14.992863,4
ex_B_4,frame_00000.png,frame_00119.png,,,,0,decode失敗,QR未検出,0.011531,0.186364,0.623424,0.017762,,lockin:lockin::None:14.992863136086896:6:4:binary:0,lockin,,,14.992863,6
ex_B_4,frame_00000.png,frame_00119.png,,,,0,decode失敗,QR未検出,0.011531,0.186364,0.623424,0.017762,,lockin:lockin::None:14.992863136086896:6:8:binary:0,lockin,,,14.992863,6
ex_B_4,frame_00000.png,frame_00119.png,,,,0,decode失敗,QR未検出,0.011531,0.186364,0.623424,0.017762,,lockin:lockin::None:14.992863136086896:6:16:binary:0,lockin,,,14.992863,6
ex_B_4,frame_00000.png,frame_00119.png,,,,0,decode失敗,QR未検出,0.018409,0.202851,0.617942,0.029595,,lockin:lockin::None:14.992863136086896:8:4:binary:0,lockin,,,14.992863,8
ex_B_4,frame_00000.png,frame_00119.png,,,,0,decode失敗,QR未検出,0.018409,0.202851,0.617942,0.029595,,lockin:lockin::None:14.992863136086896:8:8:binary:0,lockin,,,14.992863,8
ex_B_4,frame_00000.png,frame_00119.png,,,,0,decode失敗,QR未検出,0.018409,0.202851,0.617942,0.029595,,lockin:lockin::None:14.992863136086896:8:16:binary:0,lockin,,,14.992863,8
ex_B_4,frame_00000.png,frame_00119.png,,,,0,decode失敗,QR未検出,0.029346,0.218862,0.610163,0.047832,,lockin:lockin::None:14.992863136086896:10:4:binary:0,lockin,,,14.992863,10
ex_B_4,frame_00000.png,frame_00119.png,,,,0,decode失敗,QR未検出,0.029346,0.218862,0.610163,0.047832,,lockin:lockin::None:14.992863136086896:10:8:binary:0,lockin,,,14.992863,10
ex_B_4,frame_00000.png,frame_00119.png,,,,0,decode失敗,QR未検出,0.029346,0.218862,0.610163,0.047832,,lockin:lockin::None:14.992863136086896:10:16:binary:0,lockin,,,14.992863,10
ex_B_4,frame_00000.png,frame_00119.png,,,,0,decode失敗,QR未検出,0.053396,0.241603,0.596088,0.078553,,lockin:lockin::None:14.992863136086896:12:4:binary:0,lockin,,,14.992863,12
ex_B_4,frame_00000.png,frame_00119.png,,,,0,decode失敗,QR未検出,0.053396,0.241603,0.596088,0.078553,,lockin:lockin::None:14.992863136086896:12:8:binary:0,lockin,,,14.992863,12
ex_B_4,frame_00000.png,frame_00119.png,,,,0,decode失敗,QR未検出,0.053396,0.241608,0.596090,0.078552,,lockin:lockin::None:14.992863136086896:12:16:binary:0,lockin,,,14.992863,12
ex_B_4,frame_00000.png,frame_00119.png,ex_B_4/rgb_max_lockin_f300_ps4_th16/00000-00119-FRAME_rgbmax_scale1.00.png,,,0,decode失敗,QR未検出,0.183207,0.291469,0.542461,0.193766,,lockin:lockin::None:14.992863136086896:16:4:binary:0,lockin,,,14.992863,16
ex_B_4,frame_00000.png,frame_00119.png,ex_B_4/rgb_max_lockin_f300_ps4_th16/00000-00119-FRAME_rgbmax_scale1.00.png,,,0,decode失敗,QR未検出,0.183207,0.291469,0.542461,0.193766,,lockin:lockin::None:14.992863136086896:16:8:binary:0,lockin,,,14.992863,16
ex_B_4,frame_00000.png,frame_00119.png,ex_B_4/rgb_max_lockin_f300_ps4_th16/00000-00119-FRAME_rgbmax_scale1.00.png,,,0,decode失敗,QR未検出,0.183207,0.291469,0.542461,0.193766,,lockin:lockin::None:14.992863136086896:16:16:binary:0,lockin,,,14.992863,16
ex_B_4,frame_00000.png,frame_00119.png,,,,0,decode失敗,QR未検出,0.003181,0.089929,0.626977,0.010459,,lockin:lockin::None:29.996431568043448:2:4:binary:0,lockin,,,29.996432,2
ex_B_4,frame_00000.png,frame_00119.png,,,,0,decode失敗,QR未検出,0.003181,0.089929,0.626977,0.010459,,lockin:lockin::None:29.996431568043448:2:8:binary:0,lockin,,,29.996432,2
ex_B_4,frame_00000.png,frame_00119.png,,,,0,decode失敗,QR未検出,0.003181,0.089929,0.626977,0.010459,,lockin:lockin::None:29.996431568043448:2:16:binary:0,lockin,,,29.996432,2
ex_B_4,frame_00000.png,frame_00119.png,,,,0,decode失敗,QR未検出,0.011975,0.157554,0.618622,0.027325,,lockin:lockin::None:29.996431568043448:4:4:binary:0,lockin,,,29.996432,4
ex_B_4,frame_00000.png,frame_00119.png,,,,0,decode失敗,QR未検出,0.011975,0.157554,0.618622,0.027325,,lockin:lockin::None:29.996431568043448:4:8:binary:0,lockin,,,29.996432,4
ex_B_4,frame_00000.png,frame_00119.png,,,,0,decode失敗,QR未検出,0.011975,0.157554,0.618622,0.027325,,lockin:lockin::None:29.996431568043448:4:16:binary:0,lockin,,,29.996432,4
ex_B_4,frame_00000.png,frame_00119.png,,,,0,decode失敗,QR未検出,0.026956,0.164207,0.597527,0.069376,,lockin:lockin::None:29.996431568043448:6:4:binary:0,lockin,,,29.996432,6
ex_B_4,frame_00000.png,frame_00119.png,,,,0,decode失敗,QR未検出,0.026956,0.164212,0.597528,0.069375,,lockin:lockin::None:29.996431568043448:6:8:binary:0,lockin,,,29.996432,6
ex_B_4,frame_00000.png,frame_00119.png,,,,0,decode失敗,QR未検出,0.026956,0.164212,0.597528,0.069375,,lockin:lockin::None:29.996431568043448:6:16:binary:0,lockin,,,29.996432,6
ex_B_4,frame_00000.png,frame_00119.png,,,,0,decode失敗,QR未検出,0.067934,0.183168,0.552298,0.146977,,lockin:lockin::None:29.996431568043448:8:4:binary:0,lockin,,,29.996432,8
ex_B_4,frame_00000.png,frame_00119.png,,,,0,decode失敗,QR未検出,0.067934,0.183168,0.552298,0.146977,,lockin:lockin::None:29.996431568043448:8:8:binary:0,lockin,,,29.996432,8
ex_B_4,frame_00000.png,frame_00119.png,,,,0,decode失敗,QR未検出,0.067934,0.183168,0.552298,0.146977,,lockin:lockin::None:29.996431568043448:8:16:binary:0,lockin,,,29.996432,8
ex_B_4,frame_00000.png,frame_00119.png,,,,0,decode失敗,QR未検出,0.875146,0.419411,0.515576,0.737202,,lockin:lockin::None:29.996431568043448:10:4:binary:0,lockin,,,29.996432,10
ex_B_4,frame_00000.png,frame_00119.png,,,,0,decode失敗,QR未検出,0.875146,0.419411,0.515576,0.737202,,lockin:lockin::None:29.996431568043448:10:8:binary:0,lockin,,,29.996432,10
ex_B_4,frame_00000.png,frame_00119.png,,,,0,decode失敗,QR未検出,0.875146,0.419411,0.515576,0.737202,,lockin:lockin::None:29.996431568043448:10:16:binary:0,lockin,,,29.996432,10
ex_B_4,frame_00000.png,frame_00119.png,,,,0,decode失敗,QR未検出,0.808795,0.473929,0.605236,0.573934,,lockin:lockin::None:29.996431568043448:12:4:binary:0,lockin,,,29.996432,12
ex_B_4,frame_00000.png,frame_00119.png,,,,0,decode失敗,QR未検出,0.808795,0.473929,0.605236,0.573934,,lockin:lockin::None:29.996431568043448:12:8:binary:0,lockin,,,29.996432,12
ex_B_4,frame_00000.png,frame_00119.png,,,,0,decode失敗,QR未検出,0.808795,0.473929,0.605236,0.573934,,lockin:lockin::None:29.996431568043448:12:16:binary:0,lockin,,,29.996432,12
ex_B_4,frame_00000.png,frame_00119.png,ex_B_4/rgb_max_lockin_f300_ps4_th16/00000-00119-FRAME_rgbmax_scale1.00.png,,,0,decode失敗,QR未検出,0.712828,0.591140,0.717173,0.320648,,lockin:lockin::None:29.996431568043448:16:4:binary:0,lockin,,,29.996432,16
ex_B_4,frame_00000.png,frame_00119.png,ex_B_4/rgb_max_lockin_f300_ps4_th16/00000-00119-FRAME_rgbmax_scale1.00.png,,,0,decode失敗,QR未検出,0.712828,0.591140,0.717173,0.320648,,lockin:lockin::None:29.996431568043448:16:8:binary:0,lockin,,,29.996432,16
ex_B_4,frame_00000.png,frame_00119.png,ex_B_4/rgb_max_lockin_f300_ps4_th16/00000-00119-FRAME_rgbmax_scale1.00.png,,,0,decode失敗,QR未検出,0.712828,0.591140,0.717173,0.320648,,lockin:lockin::None:29.996431568043448:16:16:binary:0,lockin,,,29.996432,16
ex_B_8,frame_00000.png,frame_00119.png,,,,0,decode失敗,QR未検出,0.000000,0.000000,0.632459,0.003347,,lockin:lockin::None:10.003568431956552:2:4:binary:0,lockin,,,10.003568,2
ex_B_8,frame_00000.png,frame_00119.png,,,,0,decode失敗,QR未検出,0.000000,0.000000,0.632459,0.003347,,lockin:lockin::None:10.003568431956552:2:8:binary:0,lockin,,,10.003568,2
ex_B_8,frame_00000.png,frame_00119.png,,,,0,decode失敗,QR未検出,0.000000,0.000000,0.632459,0.003347,,lockin:lockin::None:10.003568431956552:2:16:binary:0,lockin,,,10.003568,2
ex_B_8,frame_00000.png,frame_00119.png,,,,0,decode失敗,QR未検出,0.000121,0.004085,0.626872,0.008874,,lockin:lockin::None:10.003568431956552:4:4:binary:0,lockin,,,10.003568,4
ex_B_8,frame_00000.png,frame_00119.png,,,,0,decode失敗,QR未検出,0.000121,0.004085,0.626872,0.008874,,lockin:lockin::None:10.003568431956552:4:8:binary:0,lockin,,,10.003568,4
ex_B_8,frame_00000.png,frame_00119.png,,,,0,decode失敗,QR未検出,0.000121,0.004085,0.626872,0.008874,,lockin:lockin::None:10.003568431956552:4:16:binary:0,lockin,,,10.003568,4
ex_B_8,frame_00000.png,frame_00119.png,,,,0,decode失敗,QR未検出,0.001593,0.034282,0.621805,0.017519,,lockin:lockin::None:10.003568431956552:6:4:binary:0,lockin,,,10.003568,6
ex_B_8,frame_00000.png,frame_00119.png,,,,0,decode失敗,QR未検出,0.001593,0.034282,0.621805,0.017519,,lockin:lockin::None:10.003568431956552:6:8:binary:0,lockin,,,10.003568,6
ex_B_8,frame_00000.png,frame_00119.png,,,,0,decode失敗,QR未検出,0.001593,0.034282,0.621805,0.017519,,lockin:lockin::None:10.003568431956552:6:16:binary:0,lockin,,,10.003568,6
ex_B_8,frame_00000.png,frame_00119.png,,,,0,decode失敗,QR未検出,0.003934,0.054997,0.614416,0.030965,,lockin:lockin::None:10.003568431956552:8:4:binary:0,lockin,,,10.003568,8
ex_B_8,frame_00000.png,frame_00119.png,,,,0,decode失敗,QR未検出,0.003934,0.054997,0.614416,0.030965,,lockin:lockin::None:10.003568431956552:8:8:binary:0,lockin,,,10.003568,8
ex_B_8,frame_00000.png,frame_00119.png,,,,0,decode失敗,QR未検出,0.003934,0.054997,0.614416,0.030965,,lockin:lockin::None:10.003568431956552:8:16:binary:0,lockin,,,10.003568,8
ex_B_8,frame_00000.png,frame_00119.png,,,,0,decode失敗,QR未検出,0.010802,0.097815,0.605292,0.052363,,lockin:lockin::None:10.003568431956552:10:4:binary:0,lockin,,,10.003568,10
ex_B_8,frame_00000.png,frame_00119.png,,,,0,decode失敗,QR未検出,0.010802,0.097815,0.605292,0.052363,,lockin:lockin::None:10.003568431956552:10:8:binary:0,lockin,,,10.003568,10
ex_B_8,frame_00000.png,frame_00119.png,,,,0,decode失敗,QR未検出,0.010802,0.097815,0.605292,0.052363,,lockin:lockin::None:10.003568431956552:10:16:binary:0,lockin,,,10.003568,10
ex_B_8,frame_00000.png,frame_00119.png,ex_B_8/rgb_max_lockin_f300_ps8_th12/00000-00119-FRAME_rgbmax_scale1.00.png,,,0,decode失敗,QR未検出,0.021488,0.117390,0.586715,0.087888,,lockin:lockin::None:10.003568431956552:12:4:binary:0,lockin,,,10.003568,12
ex_B_8,frame_00000.png,frame_00119.png,ex_B_8/rgb_max_lockin_f300_ps8_th12/00000-00119-FRAME_rgbmax_scale1.00.png,,,0,decode失敗,QR未検出,0.021488,0.117390,0.586715,0.087888,,lockin:lockin::None:10.003568431956552:12:8:binary:0,lockin,,,10.003568,12
ex_B_8,frame_00000.png,frame_00119.png,ex_B_8/rgb_max_lockin_f300_ps8_th12/00000-00119-FRAME_rgbmax_scale1.00.png,,,0,decode失敗,QR未検出,0.021488,0.117390,0.586715,0.087888,,lockin:lockin::None:10.003568431956552:12:16:binary:0,lockin,,,10.003568,12
ex_B_8,frame_00000.png,frame_00119.png,ex_B_8/rgb_max_lockin_f300_ps16_th16/00000-00119-FRAME_rgbmax_scale1.00.png,,,0,decode失敗,QR未検出,0.093805,0.174548,0.510685,0.222726,,lockin:lockin::None:10.003568431956552:16:4:binary:0,lockin,,,10.003568,16
ex_B_8,frame_00000.png,frame_00119.png,ex_B_8/rgb_max_lockin_f300_ps16_th16/00000-00119-FRAME_rgbmax_scale1.00.png,,,0,decode失敗,QR未検出,0.093805,0.174548,0.510685,0.222723,,lockin:lockin::None:10.003568431956552:16:8:binary:0,lockin,,,10.003568,16
ex_B_8,frame_00000.png,frame_00119.png,ex_B_8/rgb_max_lockin_f300_ps16_th16/00000-00119-FRAME_rgbmax_scale1.00.png,,,0,decode失敗,QR未検出,0.093805,0.174548,0.510685,0.222723,,lockin:lockin::None:10.003568431956552:16:16:binary:0,lockin,,,10.003568,16
ex_B_8,frame_00000.png,frame_00119.png,,,,0,decode失敗,QR未検出,0.000029,0.001554,0.630758,0.004995,,lockin:lockin::None:14.992863136086896:2:4:binary:0,lockin,,,14.992863,2
ex_B_8,frame_00000.png,frame_00119.png,,,,0,decode失敗,QR未検出,0.000029,0.001554,0.630758,0.004995,,lockin:lockin::None:14.992863136086896:2:8:binary:0,lockin,,,14.992863,2
ex_B_8,frame_00000.png,frame_00119.png,,,,0,decode失敗,QR未検出,0.000029,0.001554,0.630758,0.004995,,lockin:lockin::None:14.992863136086896:2:16:binary:0,lockin,,,14.992863,2
ex_B_8,frame_00000.png,frame_00119.png,,,,0,decode失敗,QR未検出,0.000637,0.015722,0.623264,0.013704,,lockin:lockin::None:14.992863136086896:4:4:binary:0,lockin,,,14.992863,4
ex_B_8,frame_00000.png,frame_00119.png,,,,0,decode失敗,QR未検出,0.000637,0.015722,0.623264,0.013704,,lockin:lockin::None:14.992863136086896:4:8:binary:0,lockin,,,14.992863,4
ex_B_8,frame_00000.png,frame_00119.png,,,,0,decode失敗,QR未検出,0.000637,0.015722,0.623264,0.013704,,lockin:lockin::None:14.992863136086896:4:16:binary:0,lockin,,,14.992863,4
ex_B_8,frame_00000.png,frame_00119.png,,,,0,decode失敗,QR未検出,0.002558,0.040307,0.616341,0.026738,,lockin:lockin::None:14.992863136086896:6:4:binary:0,lockin,,,14.992863,6
ex_B_8,frame_00000.png,frame_00119.png,,,,0,decode失敗,QR未検出,0.002558,0.040307,0.616341,0.026738,,lockin:lockin::None:14.992863136086896:6:8:binary:0,lockin,,,14.992863,6
ex_B_8,frame_00000.png,frame_00119.png,,,,0,decode失敗,QR未検出,0.002558,0.040307,0.616341,0.026738,,lockin:lockin::None:14.992863136086896:6:16:binary:0,lockin,,,14.992863,6
ex_B_8,frame_00000.png,frame_00119.png,,,,0,decode失敗,QR未検出,0.006733,0.067561,0.606247,0.048770,,lockin:lockin::None:14.992863136086896:8:4:binary:0,lockin,,,14.992863,8
ex_B_8,frame_00000.png,frame_00119.png,,,,0,decode失敗,QR未検出,0.006733,0.067561,0.606247,0.048770,,lockin:lockin::None:14.992863136086896:8:8:binary:0,lockin,,,14.992863,8
ex_B_8,frame_00000.png,frame_00119.png,,,,0,decode失敗,QR未検出,0.006733,0.067561,0.606247,0.048770,,lockin:lockin::None:14.992863136086896:8:16:binary:0,lockin,,,14.992863,8
ex_B_8,frame_00000.png,frame_00119.png,,,,0,decode失敗,QR未検出,0.019803,0.110340,0.586789,0.088347,,lockin:lockin::None:14.992863136086896:10:4:binary:0,lockin,,,14.992863,10
ex_B_8,frame_00000.png,frame_00119.png,,,,0,decode失敗,QR未検出,0.019803,0.110340,0.586789,0.088347,,lockin:lockin::None:14.992863136086896:10:8:binary:0,lockin,,,14.992863,10
ex_B_8,frame_00000.png,frame_00119.png,,,,0,decode失敗,QR未検出,0.019803,0.110340,0.586789,0.088347,,lockin:lockin::None:14.992863136086896:10:16:binary:0,lockin,,,14.992863,10
ex_B_8,frame_00000.png,frame_00119.png,ex_B_8/rgb_max_lockin_f300_ps8_th12/00000-00119-FRAME_rgbmax_scale1.00.png,,,0,decode失敗,QR未検出,0.053208,0.151800,0.549005,0.154937,,lockin:lockin::None:14.992863136086896:12:4:binary:0,lockin,,,14.992863,12
ex_B_8,frame_00000.png,frame_00119.png,ex_B_8/rgb_max_lockin_f300_ps8_th12/00000-00119-FRAME_rgbmax_scale1.00.png,,,0,decode失敗,QR未検出,0.053189,0.151759,0.549003,0.154934,,lockin:lockin::None:14.992863136086896:12:8:binary:0,lockin,,,14.992863,12
ex_B_8,frame_00000.png,frame_00119.png,ex_B_8/rgb_max_lockin_f300_ps8_th12/00000-00119-FRAME_rgbmax_scale1.00.png,,,0,decode失敗,QR未検出,0.053189,0.151759,0.549003,0.154934,,lockin:lockin::None:14.992863136086896:12:16:binary:0,lockin,,,14.992863,12
ex_B_8,frame_00000.png,frame_00119.png,ex_B_8/rgb_max_lockin_f300_ps16_th16/00000-00119-FRAME_rgbmax_scale1.00.png,,,0,decode失敗,QR未検出,0.810301,0.456096,0.580942,0.619532,,lockin:lockin::None:14.992863136086896:16:4:binary:0,lockin,,,14.992863,16
ex_B_8,frame_00000.png,frame_00119.png,ex_B_8/rgb_max_lockin_f300_ps16_th16/00000-00119-FRAME_rgbmax_scale1.00.png,,,0,decode失敗,QR未検出,0.810301,0.456096,0.580942,0.619534,,lockin:lockin::None:14.992863136086896:16:8:binary:0,lockin,,,14.992863,16
ex_B_8,frame_00000.png,frame_00119.png,ex_B_8/rgb_max_lockin_f300_ps16_th16/00000-00119-FRAME_rgbmax_scale1.00.png,,,0,decode失敗,QR未検出,0.810301,0.456096,0.580942,0.619534,,lockin:lockin::None:14.992863136086896:16:16:binary:0,lockin,,,14.992863,16
ex_B_8,frame_00000.png,frame_00119.png,,,,0,decode失敗,QR未検出,0.007119,0.039292,0.576973,0.104783,,lockin:lockin::None:29.996431568043448:2:4:binary:0,lockin,,,29.996432,2
ex_B_8,frame_00000.png,frame_00119.png,,,,0,decode失敗,QR未検出,0.007119,0.039292,0.576973,0.104783,,lockin:lockin::None:29.996431568043448:2:8:binary:0,lockin,,,29.996432,2
ex_B_8,frame_00000.png,frame_00119.png,,,,0,decode失敗,QR未検出,0.007119,0.039292,0.576973,0.104783,,lockin:lockin::None:29.996431568043448:2:16:binary:0,lockin,,,29.996432,2
ex_B_8,frame_00000.png,frame_00119.png,,,,0,decode失敗,QR未検出,0.923190,0.515487,0.657602,0.449887,,lockin:lockin::None:29.996431568043448:4:4:binary:0,lockin,,,29.996432,4
ex_B_8,frame_00000.png,frame_00119.png,,,,0,decode失敗,QR未検出,0.923190,0.515487,0.657602,0.449887,,lockin:lockin::None:29.996431568043448:4:8:binary:0,lockin,,,29.996432,4
ex_B_8,frame_00000.png,frame_00119.png,,,,0,decode失敗,QR未検出,0.923190,0.515487,0.657602,0.449887,,lockin:lockin::None:29.996431568043448:4:16:binary:0,lockin,,,29.996432,4
ex_B_8,frame_00000.png,frame_00119.png,,,,0,decode失敗,QR未検出,0.871883,0.649261,0.782815,0.165526,,lockin:lockin::None:29.996431568043448:6:4:binary:0,lockin,,,29.996432,6
ex_B_8,frame_00000.png,frame_00119.png,,,,0,decode失敗,QR未検出,0.871883,0.649261,0.782815,0.165526,,lockin:lockin::None:29.996431568043448:6:8:binary:0,lockin,,,29.996432,6
ex_B_8,frame_00000.png,frame_00119.png,,,,0,decode失敗,QR未検出,0.871883,0.649261,0.782815,0.165526,,lockin:lockin::None:29.996431568043448:6:16:binary:0,lockin,,,29.996432,6
ex_B_8,frame_00000.png,frame_00119.png,,,,0,decode失敗,QR未検出,0.837769,0.718296,0.822085,0.081661,,lockin:lockin::None:29.996431568043448:8:4:binary:0,lockin,,,29.996432,8
ex_B_8,frame_00000.png,frame_00119.png,,,,0,decode失敗,QR未検出,0.837769,0.718296,0.822085,0.081661,,lockin:lockin::None:29.996431568043448:8:8:binary:0,lockin,,,29.996432,8
ex_B_8,frame_00000.png,frame_00119.png,,,,0,decode失敗,QR未検出,0.837769,0.718296,0.822085,0.081661,,lockin:lockin::None:29.996431568043448:8:16:binary:0,lockin,,,29.996432,8
ex_B_8,frame_00000.png,frame_00119.png,,,,0,decode失敗,QR未検出,0.808390,0.761516,0.838766,0.053501,,lockin:lockin::None:29.996431568043448:10:4:binary:0,lockin,,,29.996432,10
ex_B_8,frame_00000.png,frame_00119.png,,,,0,decode失敗,QR未検出,0.808390,0.761516,0.838766,0.053501,,lockin:lockin::None:29.996431568043448:10:8:binary:0,lockin,,,29.996432,10
ex_B_8,frame_00000.png,frame_00119.png,,,,0,decode失敗,QR未検出,0.808390,0.761516,0.838766,0.053501,,lockin:lockin::None:29.996431568043448:10:16:binary:0,lockin,,,29.996432,10
ex_B_8,frame_00000.png,frame_00119.png,ex_B_8/rgb_max_lockin_f300_ps8_th12/00000-00119-FRAME_rgbmax_scale1.00.png,,,0,decode失敗,QR未検出,0.784870,0.792396,0.847471,0.040796,,lockin:lockin::None:29.996431568043448:12:4:binary:0,lockin,,,29.996432,12
ex_B_8,frame_00000.png,frame_00119.png,ex_B_8/rgb_max_lockin_f300_ps8_th12/00000-00119-FRAME_rgbmax_scale1.00.png,,,0,decode失敗,QR未検出,0.784870,0.792396,0.847471,0.040796,,lockin:lockin::None:29.996431568043448:12:8:binary:0,lockin,,,29.996432,12
ex_B_8,frame_00000.png,frame_00119.png,ex_B_8/rgb_max_lockin_f300_ps8_th12/00000-00119-FRAME_rgbmax_scale1.00.png,,,0,decode失敗,QR未検出,0.784870,0.792396,0.847471,0.040796,,lockin:lockin::None:29.996431568043448:12:16:binary:0,lockin,,,29.996432,12
ex_B_8,frame_00000.png,frame_00119.png,ex_B_8/rgb_max_lockin_f300_ps16_th16/00000-00119-FRAME_rgbmax_scale1.00.png,,,0,decode失敗,QR未検出,0.741937,0.835066,0.853329,0.028171,,lockin:lockin::None:29.996431568043448:16:4:binary:0,lockin,,,29.996432,16
ex_B_8,frame_00000.png,frame_00119.png,ex_B_8/rgb_max_lockin_f300_ps16_th16/00000-00119-FRAME_rgbmax_scale1.00.png,,,0,decode失敗,QR未検出,0.741937,0.835066,0.853329,0.028171,,lockin:lockin::None:29.996431568043448:16:8:binary:0,lockin,,,29.996432,16
ex_B_8,frame_00000.png,frame_00119.png,ex_B_8/rgb_max_lockin_f300_ps16_th16/00000-00119-FRAME_rgbmax_scale1.00.png,,,0,decode失敗,QR未検出,0.741937,0.835066,0.853329,0.028171,,lockin:lockin::None:29.996431568043448:16:16:binary:0,lockin,,,29.996432,16
ex_B_12,frame_00000.png,frame_00119.png,,,,0,decode失敗,QR未検出,0.000000,0.000000,0.636723,0.001764,,lockin:lockin::None:10.003568431956552:2:4:binary:0,lockin,,,10.003568,2
ex_B_12,frame_00000.png,frame_00119.png,,,,0,decode失敗,QR未検出,0.000000,0.000000,0.636723,0.001764,,lockin:lockin::None:10.003568431956552:2:8:binary:0,lockin,,,10.003568,2
ex_B_12,frame_00000.png,frame_00119.png,,,,0,decode失敗,QR未検出,0.000000,0.000000,0.636723,0.001764,,lockin:lockin::None:10.003568431956552:2:16:binary:0,lockin,,,10.003568,2
ex_B_12,frame_00000.png,frame_00119.png,,,,0,decode失敗,QR未検出,0.000010,0.000621,0.631866,0.013681,,lockin:lockin::None:10.003568431956552:4:4:binary:0,lockin,,,10.003568,4
ex_B_12,frame_00000.png,frame_00119.png,,,,0,decode失敗,QR未検出,0.000010,0.000621,0.631866,0.013681,,lockin:lockin::None:10.003568431956552:4:8:binary:0,lockin,,,10.003568,4
ex_B_12,frame_00000.png,frame_00119.png,,,,0,decode失敗,QR未検出,0.000010,0.000621,0.631866,0.013681,,lockin:lockin::None:10.003568431956552:4:16:binary:0,lockin,,,10.003568,4
ex_B_12,frame_00000.png,frame_00119.png,,,,0,decode失敗,QR未検出,0.000516,0.013090,0.623565,0.043403,,lockin:lockin::None:10.003568431956552:6:4:binary:0,lockin,,,10.003568,6
ex_B_12,frame_00000.png,frame_00119.png,,,,0,decode失敗,QR未検出,0.000516,0.013090,0.623565,0.043403,,lockin:lockin::None:10.003568431956552:6:8:binary:0,lockin,,,10.003568,6
ex_B_12,frame_00000.png,frame_00119.png,,,,0,decode失敗,QR未検出,0.000516,0.013090,0.623565,0.043403,,lockin:lockin::None:10.003568431956552:6:16:binary:0,lockin,,,10.003568,6
ex_B_12,frame_00000.png,frame_00119.png,,,,0,decode失敗,QR未検出,0.002408,0.030940,0.611020,0.092529,,lockin:lockin::None:10.003568431956552:8:4:binary:0,lockin,,,10.003568,8
ex_B_12,frame_00000.png,frame_00119.png,,,,0,decode失敗,QR未検出,0.002408,0.030940,0.611020,0.092529,,lockin:lockin::None:10.003568431956552:8:8:binary:0,lockin,,,10.003568,8
ex_B_12,frame_00000.png,frame_00119.png,,,,0,decode失敗,QR未検出,0.002408,0.030940,0.611020,0.092529,,lockin:lockin::None:10.003568431956552:8:16:binary:0,lockin,,,10.003568,8
ex_B_12,frame_00000.png,frame_00119.png,,,,0,decode失敗,QR未検出,0.008017,0.051001,0.586322,0.162002,,lockin:lockin::None:10.003568431956552:10:4:binary:0,lockin,,,10.003568,10
ex_B_12,frame_00000.png,frame_00119.png,,,,0,decode失敗,QR未検出,0.008017,0.051001,0.586322,0.162002,,lockin:lockin::None:10.003568431956552:10:8:binary:0,lockin,,,10.003568,10
ex_B_12,frame_00000.png,frame_00119.png,,,,0,decode失敗,QR未検出,0.008017,0.051001,0.586322,0.162002,,lockin:lockin::None:10.003568431956552:10:16:binary:0,lockin,,,10.003568,10
ex_B_12,frame_00000.png,frame_00119.png,,,,0,decode失敗,QR未検出,0.021720,0.070748,0.541950,0.255326,,lockin:lockin::None:10.003568431956552:12:4:binary:0,lockin,,,10.003568,12
ex_B_12,frame_00000.png,frame_00119.png,,,,0,decode失敗,QR未検出,0.021720,0.070748,0.541950,0.255326,,lockin:lockin::None:10.003568431956552:12:8:binary:0,lockin,,,10.003568,12
ex_B_12,frame_00000.png,frame_00119.png,,,,0,decode失敗,QR未検出,0.021720,0.070748,0.541950,0.255326,,lockin:lockin::None:10.003568431956552:12:16:binary:0,lockin,,,10.003568,12
ex_B_12,frame_00000.png,frame_00119.png,,,,0,decode失敗,QR未検出,0.908816,0.467060,0.591023,0.501807,,lockin:lockin::None:10.003568431956552:16:4:binary:0,lockin,,,10.003568,16
ex_B_12,frame_00000.png,frame_00119.png,,,,0,decode失敗,QR未検出,0.908816,0.467060,0.591023,0.501807,,lockin:lockin::None:10.003568431956552:16:8:binary:0,lockin,,,10.003568,16
ex_B_12,frame_00000.png,frame_00119.png,,,,0,decode失敗,QR未検出,0.908816,0.467060,0.591023,0.501807,,lockin:lockin::None:10.003568431956552:16:16:binary:0,lockin,,,10.003568,16
ex_B_12,frame_00000.png,frame_00119.png,,,,0,decode失敗,QR未検出,0.000000,0.000000,0.636154,0.002053,,lockin:lockin::None:14.992863136086896:2:4:binary:0,lockin,,,14.992863,2
ex_B_12,frame_00000.png,frame_00119.png,,,,0,decode失敗,QR未検出,0.000000,0.000000,0.636154,0.002053,,lockin:lockin::None:14.992863136086896:2:8:binary:0,lockin,,,14.992863,2
ex_B_12,frame_00000.png,frame_00119.png,,,,0,decode失敗,QR未検出,0.000000,0.000000,0.636154,0.002053,,lockin:lockin::None:14.992863136086896:2:16:binary:0,lockin,,,14.992863,2
ex_B_12,frame_00000.png,frame_00119.png,,,,0,decode失敗,QR未検出,0.000000,0.000000,0.630086,0.017292,,lockin:lockin::None:14.992863136086896:4:4:binary:0,lockin,,,14.992863,4
ex_B_12,frame_00000.png,frame_00119.png,,,,0,decode失敗,QR未検出,0.000000,0.000000,0.630086,0.017292,,lockin:lockin::None:14.992863136086896:4:8:binary:0,lockin,,,14.992863,4
ex_B_12,frame_00000.png,frame_00119.png,,,,0,decode失敗,QR未検出,0.000000,0.000000,0.630086,0.017292,,lockin:lockin::None:14.992863136086896:4:16:binary:0,lockin,,,14.992863,4
ex_B_12,frame_00000.png,frame_00119.png,,,,0,decode失敗,QR未検出,0.000174,0.003761,0.620871,0.054274,,lockin:lockin::None:14.992863136086896:6:4:binary:0,lockin,,,14.992863,6
ex_B_12,frame_00000.png,frame_00119.png,,,,0,decode失敗,QR未検出,0.000174,0.003761,0.620871,0.054274,,lockin:lockin::None:14.992863136086896:6:8:binary:0,lockin,,,14.992863,6
ex_B_12,frame_00000.png,frame_00119.png,,,,0,decode失敗,QR未検出,0.000174,0.003761,0.620871,0.054274,,lockin:lockin::None:14.992863136086896:6:16:binary:0,lockin,,,14.992863,6
ex_B_12,frame_00000.png,frame_00119.png,,,,0,decode失敗,QR未検出,0.000893,0.009415,0.603759,0.113481,,lockin:lockin::None:14.992863136086896:8:4:binary:0,lockin,,,14.992863,8
ex_B_12,frame_00000.png,frame_00119.png,,,,0,decode失敗,QR未検出,0.000893,0.009415,0.603759,0.113481,,lockin:lockin::None:14.992863136086896:8:8:binary:0,lockin,,,14.992863,8
ex_B_12,frame_00000.png,frame_00119.png,,,,0,decode失敗,QR未検出,0.000893,0.009415,0.603759,0.113479,,lockin:lockin::None:14.992863136086896:8:16:binary:0,lockin,,,14.992863,8
ex_B_12,frame_00000.png,frame_00119.png,,,,0,decode失敗,QR未検出,0.005913,0.031018,0.572680,0.193319,,lockin:lockin::None:14.992863136086896:10:4:binary:0,lockin,,,14.992863,10
ex_B_12,frame_00000.png,frame_00119.png,,,,0,decode失敗,QR未検出,0.005913,0.031018,0.572680,0.193319,,lockin:lockin::None:14.992863136086896:10:8:binary:0,lockin,,,14.992863,10
ex_B_12,frame_00000.png,frame_00119.png,,,,0,decode失敗,QR未検出,0.005913,0.031018,0.572680,0.193317,,lockin:lockin::None:14.992863136086896:10:16:binary:0,lockin,,,14.992863,10
ex_B_12,frame_00000.png,frame_00119.png,,,,0,decode失敗,QR未検出,0.019219,0.053187,0.520433,0.297207,,lockin:lockin::None:14.992863136086896:12:4:binary:0,lockin,,,14.992863,12
ex_B_12,frame_00000.png,frame_00119.png,,,,0,decode失敗,QR未検出,0.019219,0.053187,0.520433,0.297207,,lockin:lockin::None:14.992863136086896:12:8:binary:0,lockin,,,14.992863,12
ex_B_12,frame_00000.png,frame_00119.png,,,,0,decode失敗,QR未検出,0.019219,0.053187,0.520433,0.297207,,lockin:lockin::None:14.992863136086896:12:16:binary:0,lockin,,,14.992863,12
ex_B_12,frame_00000.png,frame_00119.png,,,,0,decode失敗,QR未検出,0.915467,0.490006,0.623955,0.449999,,lockin:lockin::None:14.992863136086896:16:4:binary:0,lockin,,,14.992863,16
ex_B_12,frame_00000.png,frame_00119.png,,,,0,decode失敗,QR未検出,0.915467,0.490006,0.623955,0.449999,,lockin:lockin::None:14.992863136086896:16:8:binary:0,lockin,,,14.992863,16
ex_B_12,frame_00000.png,frame_00119.png,,,,0,decode失敗,QR未検出,0.915467,0.490006,0.623955,0.449999,,lockin:lockin::None:14.992863136086896:16:16:binary:0,lockin,,,14.992863,16
ex_B_12,frame_00000.png,frame_00119.png,,,,0,decode失敗,QR未検出,0.934286,0.641726,0.787091,0.117412,,lockin:lockin::None:29.996431568043448:2:4:binary:0,lockin,,,29.996432,2
ex_B_12,frame_00000.png,frame_00119.png,,,,0,decode失敗,QR未検出,0.934286,0.641726,0.787091,0.117412,,lockin:lockin::None:29.996431568043448:2:8:binary:0,lockin,,,29.996432,2
ex_B_12,frame_00000.png,frame_00119.png,,,,0,decode失敗,QR未検出,0.934286,0.641726,0.787091,0.117412,,lockin:lockin::None:29.996431568043448:2:16:binary:0,lockin,,,29.996432,2
ex_B_12,frame_00000.png,frame_00119.png,,,,0,decode失敗,QR未検出,0.891054,0.720321,0.835090,0.066422,,lockin:lockin::None:29.996431568043448:4:4:binary:0,lockin,,,29.996432,4
ex_B_12,frame_00000.png,frame_00119.png,,,,0,decode失敗,QR未検出,0.891054,0.720321,0.835090,0.066422,,lockin:lockin::None:29.996431568043448:4:8:binary:0,lockin,,,29.996432,4
ex_B_12,frame_00000.png,frame_00119.png,,,,0,decode失敗,QR未検出,0.891054,0.720321,0.835090,0.066422,,lockin:lockin::None:29.996431568043448:4:16:binary:0,lockin,,,29.996432,4
ex_B_12,frame_00000.png,frame_00119.png,,,,0,decode失敗,QR未検出,0.862158,0.757555,0.850008,0.052280,,lockin:lockin::None:29.996431568043448:6:4:binary:0,lockin,,,29.996432,6
ex_B_12,frame_00000.png,frame_00119.png,,,,0,decode失敗,QR未検出,0.862158,0.757555,0.850008,0.052280,,lockin:lockin::None:29.996431568043448:6:8:binary:0,lockin,,,29.996432,6
ex_B_12,frame_00000.png,frame_00119.png,,,,0,decode失敗,QR未検出,0.862158,0.757555,0.850008,0.052280,,lockin:lockin::None:29.996431568043448:6:16:binary:0,lockin,,,29.996432,6
ex_B_12,frame_00000.png,frame_00119.png,,,,0,decode失敗,QR未検出,0.842832,0.780131,0.856915,0.044957,,lockin:lockin::None:29.996431568043448:8:4:binary:0,lockin,,,29.996432,8
ex_B_12,frame_00000.png,frame_00119.png,,,,0,decode失敗,QR未検出,0.842832,0.780131,0.856915,0.044957,,lockin:lockin::None:29.996431568043448:8:8:binary:0,lockin,,,29.996432,8
ex_B_12,frame_00000.png,frame_00119.png,,,,0,decode失敗,QR未検出,0.842832,0.780131,0.856915,0.044957,,lockin:lockin::None:29.996431568043448:8:16:binary:0,lockin,,,29.996432,8
ex_B_12,frame_00000.png,frame_00119.png,,,,0,decode失敗,QR未検出,0.825268,0.799970,0.861853,0.039047,,lockin:lockin::None:29.996431568043448:10:4:binary:0,lockin,,,29.996432,10
ex_B_12,frame_00000.png,frame_00119.png,,,,0,decode失敗,QR未検出,0.825268,0.799970,0.861853,0.039047,,lockin:lockin::None:29.996431568043448:10:8:binary:0,lockin,,,29.996432,10
ex_B_12,frame_00000.png,frame_00119.png,,,,0,decode失敗,QR未検出,0.825268,0.799970,0.861853,0.039047,,lockin:lockin::None:29.996431568043448:10:16:binary:0,lockin,,,29.996432,10
ex_B_12,frame_00000.png,frame_00119.png,,,,0,decode失敗,QR未検出,0.808124,0.815755,0.864278,0.034537,,lockin:lockin::None:29.996431568043448:12:4:binary:0,lockin,,,29.996432,12
ex_B_12,frame_00000.png,frame_00119.png,,,,0,decode失敗,QR未検出,0.808124,0.815755,0.864278,0.034537,,lockin:lockin::None:29.996431568043448:12:8:binary:0,lockin,,,29.996432,12
ex_B_12,frame_00000.png,frame_00119.png,,,,0,decode失敗,QR未検出,0.808124,0.815755,0.864278,0.034537,,lockin:lockin::None:29.996431568043448:12:16:binary:0,lockin,,,29.996432,12
ex_B_12,frame_00000.png,frame_00119.png,,,,0,decode失敗,QR未検出,0.773672,0.838941,0.864112,0.028105,,lockin:lockin::None:29.996431568043448:16:4:binary:0,lockin,,,29.996432,16
ex_B_12,frame_00000.png,frame_00119.png,,,,0,decode失敗,QR未検出,0.773672,0.838941,0.864112,0.028105,,lockin:lockin::None:29.996431568043448:16:8:binary:0,lockin,,,29.996432,16
ex_B_12,frame_00000.png,frame_00119.png,,,,0,decode失敗,QR未検出,0.773672,0.838941,0.864112,0.028105,,lockin:lockin::None:29.996431568043448:16:16:binary:0,lockin,,,29.996432,16
rice_I_4,frame_00000.png,frame_00119.png,,,,0,decode失敗,QR未検出,0.007090,0.336772,0.635001,0.015022,,lockin:lockin::None:10.003568431956552:2:4:binary:0,lockin,,,10.003568,2
rice_I_4,frame_00000.png,frame_00119.png,,,,0,decode失敗,QR未検出,0.007090,0.336772,0.635001,0.015022,,lockin:lockin::None:10.003568431956552:2:8:binary:0,lockin,,,10.003568,2
rice_I_4,frame_00000.png,frame_00119.png,,,,0,decode失敗,QR未検出,0.007090,0.336772,0.635001,0.015022,,lockin:lockin::None:10.003568431956552:2:16:binary:0,lockin,,,10.003568,2
rice_I_4,frame_00000.png,frame_00119.png,,,,0,decode失敗,QR未検出,0.041344,0.275346,0.613036,0.081772,,lockin:lockin::None:10.003568431956552:4:4:binary:0,lockin,,,10.003568,4
rice_I_4,frame_00000.png,frame_00119.png,,,,0,decode失敗,QR未検出,0.041344,0.275346,0.613036,0.081772,,lockin:lockin::None:10.003568431956552:4:8:binary:0,lockin,,,10.003568,4
rice_I_4,frame_00000.png,frame_00119.png,,,,0,decode失敗,QR未検出,0.041344,0.275346,0.613036,0.081772,,lockin:lockin::None:10.003568431956552:4:16:binary:0,lockin,,,10.003568,4
rice_I_4,frame_00000.png,frame_00119.png,,,,0,decode失敗,QR未検出,0.092221,0.311432,0.597009,0.172013,,lockin:lockin::None:10.003568431956552:6:4:binary:0,lockin,,,10.003568,6
rice_I_4,frame_00000.png,frame_00119.png,,,,0,decode失敗,QR未検出,0.092221,0.311432,0.597009,0.172013,,lockin:lockin::None:10.003568431956552:6:8:binary:0,lockin,,,10.003568,6
rice_I_4,frame_00000.png,frame_00119.png,,,,0,decode失敗,QR未検出,0.092221,0.311432,0.597009,0.172013,,lockin:lockin::None:10.003568431956552:6:16:binary:0,lockin,,,10.003568,6
rice_I_4,frame_00000.png,frame_00119.png,,,,0,decode失敗,QR未検出,0.193136,0.353271,0.579334,0.268629,,lockin:lockin::None:10.003568431956552:8:4:binary:0,lockin,,,10.003568,8
rice_I_4,frame_00000.png,frame_00119.png,,,,0,decode失敗,QR未検出,0.193136,0.353271,0.579334,0.268629,,lockin:lockin::None:10.003568431956552:8:8:binary:0,lockin,,,10.003568,8
rice_I_4,frame_00000.png,frame_00119.png,,,,0,decode失敗,QR未検出,0.193136,0.353271,0.579334,0.268629,,lockin:lockin::None:10.003568431956552:8:16:binary:0,lockin,,,10.003568,8
rice_I_4,frame_00000.png,frame_00119.png,,,,0,decode失敗,QR未検出,0.330698,0.355702,0.540228,0.378382,,lockin:lockin::None:10.003568431956552:10:4:binary:0,lockin,,,10.003568,10
rice_I_4,frame_00000.png,frame_00119.png,,,,0,decode失敗,QR未検出,0.330698,0.355702,0.540228,0.378382,,lockin:lockin::None:10.003568431956552:10:8:binary:0,lockin,,,10.003568,10
rice_I_4,frame_00000.png,frame_00119.png,,,,0,decode失敗,QR未検出,0.330698,0.355702,0.540228,0.378382,,lockin:lockin::None:10.003568431956552:10:16:binary:0,lockin,,,10.003568,10
rice_I_4,frame_00000.png,frame_00119.png,,,,0,decode失敗,QR未検出,0.528134,0.371852,0.505536,0.505476,,lockin:lockin::None:10.003568431956552:12:4:binary:0,lockin,,,10.003568,12
rice_I_4,frame_00000.png,frame_00119.png,,,,0,decode失敗,QR未検出,0.528134,0.371852,0.505536,0.505479,,lockin:lockin::None:10.003568431956552:12:8:binary:0,lockin,,,10.003568,12
rice_I_4,frame_00000.png,frame_00119.png,,,,0,decode失敗,QR未検出,0.528134,0.371852,0.505536,0.505479,,lockin:lockin::None:10.003568431956552:12:16:binary:0,lockin,,,10.003568,12
rice_I_4,frame_00000.png,frame_00119.png,rice_I_4/rgb_max_lockin_f300_ps16_th16/00000-00119-FRAME_rgbmax_scale1.00.png,,,0,decode失敗,QR未検出,0.317980,0.394216,0.575630,0.309435,,lockin:lockin::None:10.003568431956552:16:4:binary:0,lockin,,,10.003568,16
rice_I_4,frame_00000.png,frame_00119.png,rice_I_4/rgb_max_lockin_f300_ps16_th16/00000-00119-FRAME_rgbmax_scale1.00.png,,,0,decode失敗,QR未検出,0.317980,0.394216,0.575630,0.309435,,lockin:lockin::None:10.003568431956552:16:8:binary:0,lockin,,,10.003568,16
rice_I_4,frame_00000.png,frame_00119.png,rice_I_4/rgb_max_lockin_f300_ps16_th16/00000-00119-FRAME_rgbmax_scale1.00.png,,,0,decode失敗,QR未検出,0.317980,0.394216,0.575630,0.309435,,lockin:lockin::None:10.003568431956552:16:16:binary:0,lockin,,,10.003568,16
rice_I_4,frame_00000.png,frame_00119.png,,,,0,decode失敗,QR未検出,0.014697,0.313982,0.631180,0.026840,,lockin:lockin::None:14.992863136086896:2:4:binary:0,lockin,,,14.992863,2
rice_I_4,frame_00000.png,frame_00119.png,,,,0,decode失敗,QR未検出,0.014697,0.313982,0.631180,0.026840,,lockin:lockin::None:14.992863136086896:2:8:binary:0,lockin,,,14.992863,2
rice_I_4,frame_00000.png,frame_00119.png,,,,0,decode失敗,QR未検出,0.014697,0.313982,0.631180,0.026840,,lockin:lockin::None:14.992863136086896:2:16:binary:0,lockin,,,14.992863,2
rice_I_4,frame_00000.png,frame_00119.png,,,,0,decode失敗,QR未検出,0.062692,0.286942,0.603743,0.129277,,lockin:lockin::None:14.992863136086896:4:4:binary:0,lockin,,,14.992863,4
rice_I_4,frame_00000.png,frame_00119.png,,,,0,decode失敗,QR未検出,0.062692,0.286942,0.603743,0.129277,,lockin:lockin::None:14.992863136086896:4:8:binary:0,lockin,,,14.992863,4
rice_I_4,frame_00000.png,frame_00119.png,,,,0,decode失敗,QR未検出,0.062692,0.286942,0.603743,0.129277,,lockin:lockin::None:14.992863136086896:4:16:binary:0,lockin,,,14.992863,4
rice_I_4,frame_00000.png,frame_00119.png,,,,0,decode失敗,QR未検出,0.153519,0.344840,0.587412,0.242950,,lockin:lockin::None:14.992863136086896:6:4:binary:0,lockin,,,14.992863,6
rice_I_4,frame_00000.png,frame_00119.png,,,,0,decode失敗,QR未検出,0.153519,0.344847,0.587415,0.242948,,lockin:lockin::None:14.992863136086896:6:8:binary:0,lockin,,,14.992863,6
rice_I_4,frame_00000.png,frame_00119.png,,,,0,decode失敗,QR未検出,0.153519,0.344847,0.587415,0.242948,,lockin:lockin::None:14.992863136086896:6:16:binary:0,lockin,,,14.992863,6
rice_I_4,frame_00000.png,frame_00119.png,,,,0,decode失敗,QR未検出,0.313626,0.360620,0.549608,0.362904,,lockin:lockin::None:14.992863136086896:8:4:binary:0,lockin,,,14.992863,8
rice_I_4,frame_00000.png,frame_00119.png,,,,0,decode失敗,QR未検出,0.313626,0.360620,0.549608,0.362904,,lockin:lockin::None:14.992863136086896:8:8:binary:0,lockin,,,14.992863,8
rice_I_4,frame_00000.png,frame_00119.png,,,,0,decode失敗,QR未検出,0.313626,0.360620,0.549608,0.362904,,lockin:lockin::None:14.992863136086896:8:16:binary:0,lockin,,,14.992863,8
rice_I_4,frame_00000.png,frame_00119.png,,,,0,decode失敗,QR未検出,0.518018,0.367850,0.502569,0.503837,,lockin:lockin::None:14.992863136086896:10:4:binary:0,lockin,,,14.992863,10
rice_I_4,frame_00000.png,frame_00119.png,,,,0,decode失敗,QR未検出,0.518037,0.367858,0.502576,0.503837,,lockin:lockin::None:14.992863136086896:10:8:binary:0,lockin,,,14.992863,10
rice_I_4,frame_00000.png,frame_00119.png,,,,0,decode失敗,QR未検出,0.518037,0.367858,0.502576,0.503837,,lockin:lockin::None:14.992863136086896:10:16:binary:0,lockin,,,14.992863,10
rice_I_4,frame_00000.png,frame_00119.png,,,,0,decode失敗,QR未検出,0.378723,0.375328,0.546286,0.382389,,lockin:lockin::None:14.992863136086896:12:4:binary:0,lockin,,,14.992863,12
rice_I_4,frame_00000.png,frame_00119.png,,,,0,decode失敗,QR未検出,0.378723,0.375328,0.546286,0.382389,,lockin:lockin::None:14.992863136086896:12:8:binary:0,lockin,,,14.992863,12
rice_I_4,frame_00000.png,frame_00119.png,,,,0,decode失敗,QR未検出,0.378723,0.375328,0.546286,0.382389,,lockin:lockin::None:14.992863136086896:12:16:binary:0,lockin,,,14.992863,12
rice_I_4,frame_00000.png,frame_00119.png,rice_I_4/rgb_max_lockin_f300_ps16_th16/00000-00119-FRAME_rgbmax_scale1.00.png,,,0,decode失敗,QR未検出,0.227264,0.418063,0.605199,0.213513,,lockin:lockin::None:14.992863136086896:16:4:binary:0,lockin,,,14.992863,16
rice_I_4,frame_00000.png,frame_00119.png,rice_I_4/rgb_max_lockin_f300_ps16_th16/00000-00119-FRAME_rgbmax_scale1.00.png,,,0,decode失敗,QR未検出,0.227264,0.418063,0.605199,0.213513,,lockin:lockin::None:14.992863136086896:16:8:binary:0,lockin,,,14.992863,16
rice_I_4,frame_00000.png,frame_00119.png,rice_I_4/rgb_max_lockin_f300_ps16_th16/00000-00119-FRAME_rgbmax_scale1.00.png,,,0,decode失敗,QR未検出,0.227264,0.418063,0.605199,0.213513,,lockin:lockin::None:14.992863136086896:16:16:binary:0,lockin,,,14.992863,16
rice_I_4,frame_00000.png,frame_00119.png,,,,0,decode失敗,QR未検出,0.069865,0.296400,0.602699,0.144209,,lockin:lockin::None:29.996431568043448:2:4:binary:0,lockin,,,29.996432,2
rice_I_4,frame_00000.png,frame_00119.png,,,,0,decode失敗,QR未検出,0.069865,0.296400,0.602699,0.144209,,lockin:lockin::None:29.996431568043448:2:8:binary:0,lockin,,,29.996432,2
rice_I_4,frame_00000.png,frame_00119.png,,,,0,decode失敗,QR未検出,0.069865,0.296400,0.602699,0.144209,,lockin:lockin::None:29.996431568043448:2:16:binary:0,lockin,,,29.996432,2
rice_I_4,frame_00000.png,frame_00119.png,,,,0,decode失敗,QR未検出,0.232216,0.292265,0.517826,0.370479,,lockin:lockin::None:29.996431568043448:4:4:binary:0,lockin,,,29.996432,4
rice_I_4,frame_00000.png,frame_00119.png,,,,0,decode失敗,QR未検出,0.232216,0.292265,0.517826,0.370479,,lockin:lockin::None:29.996431568043448:4:8:binary:0,lockin,,,29.996432,4
rice_I_4,frame_00000.png,frame_00119.png,,,,0,decode失敗,QR未検出,0.232216,0.292265,0.517826,0.370479,,lockin:lockin::None:29.996431568043448:4:16:binary:0,lockin,,,29.996432,4
rice_I_4,frame_00000.png,frame_00119.png,,,,0,decode失敗,QR未検出,0.564179,0.442799,0.584653,0.400984,,lockin:lockin::None:29.996431568043448:6:4:binary:0,lockin,,,29.996432,6
rice_I_4,frame_00000.png,frame_00119.png,,,,0,decode失敗,QR未検出,0.564179,0.442799,0.584653,0.400984,,lockin:lockin::None:29.996431568043448:6:8:binary:0,lockin,,,29.996432,6
rice_I_4,frame_00000.png,frame_00119.png,,,,0,decode失敗,QR未検出,0.564179,0.442799,0.584653,0.400984,,lockin:lockin::None:29.996431568043448:6:16:binary:0,lockin,,,29.996432,6
rice_I_4,frame_00000.png,frame_00119.png,,,,0,decode失敗,QR未検出,0.415250,0.502550,0.639020,0.240735,,lockin:lockin::None:29.996431568043448:8:4:binary:0,lockin,,,29.996432,8
rice_I_4,frame_00000.png,frame_00119.png,,,,0,decode失敗,QR未検出,0.415250,0.502550,0.639020,0.240735,,lockin:lockin::None:29.996431568043448:8:8:binary:0,lockin,,,29.996432,8
rice_I_4,frame_00000.png,frame_00119.png,,,,0,decode失敗,QR未検出,0.415250,0.502550,0.639020,0.240735,,lockin:lockin::None:29.996431568043448:8:16:binary:0,lockin,,,29.996432,8
rice_I_4,frame_00000.png,frame_00119.png,,,,0,decode失敗,QR未検出,0.323043,0.546033,0.657238,0.158700,,lockin:lockin::None:29.996431568043448:10:4:binary:0,lockin,,,29.996432,10
rice_I_4,frame_00000.png,frame_00119.png,,,,0,decode失敗,QR未検出,0.323043,0.546033,0.657238,0.158700,,lockin:lockin::None:29.996431568043448:10:8:binary:0,lockin,,,29.996432,10
rice_I_4,frame_00000.png,frame_00119.png,,,,0,decode失敗,QR未検出,0.323043,0.546033,0.657238,0.158700,,lockin:lockin::None:29.996431568043448:10:16:binary:0,lockin,,,29.996432,10
rice_I_4,frame_00000.png,frame_00119.png,,,,0,decode失敗,QR未検出,0.261639,0.577892,0.663061,0.112807,,lockin:lockin::None:29.996431568043448:12:4:binary:0,lockin,,,29.996432,12
rice_I_4,frame_00000.png,frame_00119.png,,,,0,decode失敗,QR未検出,0.261639,0.577892,0.663061,0.112807,,lockin:lockin::None:29.996431568043448:12:8:binary:0,lockin,,,29.996432,12
rice_I_4,frame_00000.png,frame_00119.png,,,,0,decode失敗,QR未検出,0.261639,0.577892,0.663061,0.112807,,lockin:lockin::None:29.996431568043448:12:16:binary:0,lockin,,,29.996432,12
rice_I_4,frame_00000.png,frame_00119.png,rice_I_4/rgb_max_lockin_f300_ps16_th16/00000-00119-FRAME_rgbmax_scale1.00.png,,,0,decode失敗,QR未検出,0.185476,0.626251,0.664602,0.065789,,lockin:lockin::None:29.996431568043448:16:4:binary:0,lockin,,,29.996432,16
rice_I_4,frame_00000.png,frame_00119.png,rice_I_4/rgb_max_lockin_f300_ps16_th16/00000-00119-FRAME_rgbmax_scale1.00.png,,,0,decode失敗,QR未検出,0.185476,0.626251,0.664602,0.065789,,lockin:lockin::None:29.996431568043448:16:8:binary:0,lockin,,,29.996432,16
rice_I_4,frame_00000.png,frame_00119.png,rice_I_4/rgb_max_lockin_f300_ps16_th16/00000-00119-FRAME_rgbmax_scale1.00.png,,,0,decode失敗,QR未検出,0.185476,0.626251,0.664602,0.065789,,lockin:lockin::None:29.996431568043448:16:16:binary:0,lockin,,,29.996432,16
rice_I_8,frame_00000.png,frame_00119.png,,,,0,decode失敗,QR未検出,0.008596,0.255560,0.631532,0.022723,,lockin:lockin::None:10.003568431956552:2:4:binary:0,lockin,,,10.003568,2
rice_I_8,frame_00000.png,frame_00119.png,,,,0,decode失敗,QR未検出,0.008596,0.255560,0.631532,0.022723,,lockin:lockin::None:10.003568431956552:2:8:binary:0,lockin,,,10.003568,2
rice_I_8,frame_00000.png,frame_00119.png,,,,0,decode失敗,QR未検出,0.008596,0.255560,0.631532,0.022723,,lockin:lockin::None:10.003568431956552:2:16:binary:0,lockin,,,10.003568,2
rice_I_8,frame_00000.png,frame_00119.png,,,,0,decode失敗,QR未検出,0.041562,0.248006,0.606875,0.107336,,lockin:lockin::None:10.003568431956552:4:4:binary:0,lockin,,,10.003568,4
rice_I_8,frame_00000.png,frame_00119.png,,,,0,decode失敗,QR未検出,0.041562,0.248006,0.606875,0.107336,,lockin:lockin::None:10.003568431956552:4:8:binary:0,lockin,,,10.003568,4
rice_I_8,frame_00000.png,frame_00119.png,,,,0,decode失敗,QR未検出,0.041562,0.248006,0.606875,0.107336,,lockin:lockin::None:10.003568431956552:4:16:binary:0,lockin,,,10.003568,4
rice_I_8,frame_00000.png,frame_00119.png,,,,0,decode失敗,QR未検出,0.095716,0.276815,0.581542,0.217502,,lockin:lockin::None:10.003568431956552:6:4:binary:0,lockin,,,10.003568,6
rice_I_8,frame_00000.png,frame_00119.png,,,,0,decode失敗,QR未検出,0.095716,0.276815,0.581542,0.217502,,lockin:lockin::None:10.003568431956552:6:8:binary:0,lockin,,,10.003568,6
rice_I_8,frame_00000.png,frame_00119.png,,,,0,decode失敗,QR未検出,0.095716,0.276815,0.581542,0.217502,,lockin:lockin::None:10.003568431956552:6:16:binary:0,lockin,,,10.003568,6
rice_I_8,frame_00000.png,frame_00119.png,,,,0,decode失敗,QR未検出,0.183555,0.287875,0.539431,0.320914,,lockin:lockin::None:10.003568431956552:8:4:binary:0,lockin,,,10.003568,8
rice_I_8,frame_00000.png,frame_00119.png,,,,0,decode失敗,QR未検出,0.183555,0.287879,0.539434,0.320912,,lockin:lockin::None:10.003568431956552:8:8:binary:0,lockin,,,10.003568,8
rice_I_8,frame_00000.png,frame_00119.png,,,,0,decode失敗,QR未検出,0.183555,0.287879,0.539434,0.320912,,lockin:lockin::None:10.003568431956552:8:16:binary:0,lockin,,,10.003568,8
rice_I_8,frame_00000.png,frame_00119.png,rice_I_8/rgb_max_lockin_f300_ps16_th10/00000-00119-FRAME_rgbmax_scale1.00.png,,,0,decode失敗,QR未検出,0.695544,0.407534,0.523076,0.556636,,lockin:lockin::None:10.003568431956552:10:4:binary:0,lockin,,,10.003568,10
rice_I_8,frame_00000.png,frame_00119.png,rice_I_8/rgb_max_lockin_f300_ps16_th10/00000-00119-FRAME_rgbmax_scale1.00.png,,,0,decode失敗,QR未検出,0.695544,0.407534,0.523076,0.556636,,lockin:lockin::None:10.003568431956552:10:8:binary:0,lockin,,,10.003568,10
rice_I_8,frame_00000.png,frame_00119.png,rice_I_8/rgb_max_lockin_f300_ps16_th10/00000-00119-FRAME_rgbmax_scale1.00.png,,,0,decode失敗,QR未検出,0.695544,0.407534,0.523076,0.556636,,lockin:lockin::None:10.003568431956552:10:16:binary:0,lockin,,,10.003568,10
rice_I_8,frame_00000.png,frame_00119.png,rice_I_8/rgb_max_lockin_f300_ps16_th12/00000-00119-FRAME_rgbmax_scale1.00.png,,,0,decode失敗,QR未検出,0.579774,0.440612,0.580837,0.433770,,lockin:lockin::None:10.003568431956552:12:4:binary:0,lockin,,,10.003568,12
rice_I_8,frame_00000.png,frame_00119.png,rice_I_8/rgb_max_lockin_f300_ps16_th12/00000-00119-FRAME_rgbmax_scale1.00.png,,,0,decode失敗,QR未検出,0.579774,0.440612,0.580837,0.433770,,lockin:lockin::None:10.003568431956552:12:8:binary:0,lockin,,,10.003568,12
rice_I_8,frame_00000.png,frame_00119.png,rice_I_8/rgb_max_lockin_f300_ps16_th12/00000-00119-FRAME_rgbmax_scale1.00.png,,,0,decode失敗,QR未検出,0.579774,0.440612,0.580837,0.433770,,lockin:lockin::None:10.003568431956552:12:16:binary:0,lockin,,,10.003568,12
rice_I_8,frame_00000.png,frame_00119.png,,,,0,decode失敗,QR未検出,0.387420,0.490276,0.631922,0.256195,,lockin:lockin::None:10.003568431956552:16:4:binary:0,lockin,,,10.003568,16
rice_I_8,frame_00000.png,frame_00119.png,,,,0,decode失敗,QR未検出,0.387420,0.490276,0.631922,0.256195,,lockin:lockin::None:10.003568431956552:16:8:binary:0,lockin,,,10.003568,16
rice_I_8,frame_00000.png,frame_00119.png,,,,0,decode失敗,QR未検出,0.387420,0.490276,0.631922,0.256195,,lockin:lockin::None:10.003568431956552:16:16:binary:0,lockin,,,10.003568,16
rice_I_8,frame_00000.png,frame_00119.png,,,,0,decode失敗,QR未検出,0.020286,0.244645,0.622141,0.050801,,lockin:lockin::None:14.992863136086896:2:4:binary:0,lockin,,,14.992863,2
rice_I_8,frame_00000.png,frame_00119.png,,,,0,decode失敗,QR未検出,0.020286,0.244645,0.622141,0.050801,,lockin:lockin::None:14.992863136086896:2:8:binary:0,lockin,,,14.992863,2
rice_I_8,frame_00000.png,frame_00119.png,,,,0,decode失敗,QR未検出,0.020286,0.244645,0.622141,0.050801,,lockin:lockin::None:14.992863136086896:2:16:binary:0,lockin,,,14.992863,2
rice_I_8,frame_00000.png,frame_00119.png,,,,0,decode失敗,QR未検出,0.084615,0.290749,0.593341,0.189564,,lockin:lockin::None:14.992863136086896:4:4:binary:0,lockin,,,14.992863,4
rice_I_8,frame_00000.png,frame_00119.png,,,,0,decode失敗,QR未検出,0.084615,0.290749,0.593341,0.189564,,lockin:lockin::None:14.992863136086896:4:8:binary:0,lockin,,,14.992863,4
rice_I_8,frame_00000.png,frame_00119.png,,,,0,decode失敗,QR未検出,0.084615,0.290749,0.593341,0.189564,,lockin:lockin::None:14.992863136086896:4:16:binary:0,lockin,,,14.992863,4
rice_I_8,frame_00000.png,frame_00119.png,,,,0,decode失敗,QR未検出,0.181774,0.288347,0.540757,0.323149,,lockin:lockin::None:14.992863136086896:6:4:binary:0,lockin,,,14.992863,6
rice_I_8,frame_00000.png,frame_00119.png,,,,0,decode失敗,QR未検出,0.181774,0.288347,0.540757,0.323149,,lockin:lockin::None:14.992863136086896:6:8:binary:0,lockin,,,14.992863,6
rice_I_8,frame_00000.png,frame_00119.png,,,,0,decode失敗,QR未検出,0.181774,0.288347,0.540757,0.323149,,lockin:lockin::None:14.992863136086896:6:16:binary:0,lockin,,,14.992863,6
rice_I_8,frame_00000.png,frame_00119.png,,,,0,decode失敗,QR未検出,0.683647,0.418049,0.540328,0.525144,,lockin:lockin::None:14.992863136086896:8:4:binary:0,lockin,,,14.992863,8
rice_I_8,frame_00000.png,frame_00119.png,,,,0,decode失敗,QR未検出,0.683647,0.418049,0.540328,0.525144,,lockin:lockin::None:14.992863136086896:8:8:binary:0,lockin,,,14.992863,8
rice_I_8,frame_00000.png,frame_00119.png,,,,0,decode失敗,QR未検出,0.683647,0.418049,0.540328,0.525144,,lockin:lockin::None:14.992863136086896:8:16:binary:0,lockin,,,14.992863,8
rice_I_8,frame_00000.png,frame_00119.png,rice_I_8/rgb_max_lockin_f300_ps16_th10/00000-00119-FRAME_rgbmax_scale1.00.png,,,0,decode失敗,QR未検出,0.546166,0.455725,0.599023,0.381294,,lockin:lockin::None:14.992863136086896:10:4:binary:0,lockin,,,14.992863,10
rice_I_8,frame_00000.png,frame_00119.png,rice_I_8/rgb_max_lockin_f300_ps16_th10/00000-00119-FRAME_rgbmax_scale1.00.png,,,0,decode失敗,QR未検出,0.546166,0.455725,0.599023,0.381294,,lockin:lockin::None:14.992863136086896:10:8:binary:0,lockin,,,14.992863,10
rice_I_8,frame_00000.png,frame_00119.png,rice_I_8/rgb_max_lockin_f300_ps16_th10/00000-00119-FRAME_rgbmax_scale1.00.png,,,0,decode失敗,QR未検出,0.546166,0.455725,0.599023,0.381294,,lockin:lockin::None:14.992863136086896:10:16:binary:0,lockin,,,14.992863,10
rice_I_8,frame_00000.png,frame_00119.png,rice_I_8/rgb_max_lockin_f300_ps16_th12/00000-00119-FRAME_rgbmax_scale1.00.png,,,0,decode失敗,QR未検出,0.429040,0.486030,0.628552,0.273813,,lockin:lockin::None:14.992863136086896:12:4:binary:0,lockin,,,14.992863,12
rice_I_8,frame_00000.png,frame_00119.png,rice_I_8/rgb_max_lockin_f300_ps16_th12/00000-00119-FRAME_rgbmax_scale1.00.png,,,0,decode失敗,QR未検出,0.429040,0.486030,0.628552,0.273813,,lockin:lockin::None:14.992863136086896:12:8:binary:0,lockin,,,14.992863,12
rice_I_8,frame_00000.png,frame_00119.png,rice_I_8/rgb_max_lockin_f300_ps16_th12/00000-00119-FRAME_rgbmax_scale1.00.png,,,0,decode失敗,QR未検出,0.429040,0.486030,0.628552,0.273813,,lockin:lockin::None:14.992863136086896:12:16:binary:0,lockin,,,14.992863,12
rice_I_8,frame_00000.png,frame_00119.png,,,,0,decode失敗,QR未検出,0.270718,0.529766,0.648521,0.148590,,lockin:lockin::None:14.992863136086896:16:4:binary:0,lockin,,,14.992863,16
rice_I_8,frame_00000.png,frame_00119.png,,,,0,decode失敗,QR未検出,0.270718,0.529766,0.648521,0.148590,,lockin:lockin::None:14.992863136086896:16:8:binary:0,lockin,,,14.992863,16
rice_I_8,frame_00000.png,frame_00119.png,,,,0,decode失敗,QR未検出,0.270718,0.529766,0.648521,0.148590,,lockin:lockin::None:14.992863136086896:16:16:binary:0,lockin,,,14.992863,16
rice_I_8,frame_00000.png,frame_00119.png,,,,0,decode失敗,QR未検出,0.104790,0.234331,0.551358,0.273575,,lockin:lockin::None:29.996431568043448:2:4:binary:0,lockin,,,29.996432,2
rice_I_8,frame_00000.png,frame_00119.png,,,,0,decode失敗,QR未検出,0.104790,0.234331,0.551358,0.273575,,lockin:lockin::None:29.996431568043448:2:8:binary:0,lockin,,,29.996432,2
rice_I_8,frame_00000.png,frame_00119.png,,,,0,decode失敗,QR未検出,0.104790,0.234331,0.551358,0.273575,,lockin:lockin::None:29.996431568043448:2:16:binary:0,lockin,,,29.996432,2
rice_I_8,frame_00000.png,frame_00119.png,,,,0,decode失敗,QR未検出,0.764704,0.523951,0.662837,0.369257,,lockin:lockin::None:29.996431568043448:4:4:binary:0,lockin,,,29.996432,4
rice_I_8,frame_00000.png,frame_00119.png,,,,0,decode失敗,QR未検出,0.764704,0.523951,0.662837,0.369257,,lockin:lockin::None:29.996431568043448:4:8:binary:0,lockin,,,29.996432,4
rice_I_8,frame_00000.png,frame_00119.png,,,,0,decode失敗,QR未検出,0.764704,0.523951,0.662837,0.369257,,lockin:lockin::None:29.996431568043448:4:16:binary:0,lockin,,,29.996432,4
rice_I_8,frame_00000.png,frame_00119.png,,,,0,decode失敗,QR未検出,0.699386,0.616797,0.733511,0.203304,,lockin:lockin::None:29.996431568043448:6:4:binary:0,lockin,,,29.996432,6
rice_I_8,frame_00000.png,frame_00119.png,,,,0,decode失敗,QR未検出,0.699386,0.616797,0.733511,0.203304,,lockin:lockin::None:29.996431568043448:6:8:binary:0,lockin,,,29.996432,6
rice_I_8,frame_00000.png,frame_00119.png,,,,0,decode失敗,QR未検出,0.699386,0.616797,0.733511,0.203304,,lockin:lockin::None:29.996431568043448:6:16:binary:0,lockin,,,29.996432,6
rice_I_8,frame_00000.png,frame_00119.png,,,,0,decode失敗,QR未検出,0.647742,0.670422,0.756871,0.129171,,lockin:lockin::None:29.996431568043448:8:4:binary:0,lockin,,,29.996432,8
rice_I_8,frame_00000.png,frame_00119.png,,,,0,decode失敗,QR未検出,0.647742,0.670422,0.756871,0.129171,,lockin:lockin::None:29.996431568043448:8:8:binary:0,lockin,,,29.996432,8
rice_I_8,frame_00000.png,frame_00119.png,,,,0,decode失敗,QR未検出,0.647742,0.670422,0.756871,0.129171,,lockin:lockin::None:29.996431568043448:8:16:binary:0,lockin,,,29.996432,8
rice_I_8,frame_00000.png,frame_00119.png,rice_I_8/rgb_max_lockin_f300_ps16_th10/00000-00119-FRAME_rgbmax_scale1.00.png,,,0,decode失敗,QR未検出,0.605379,0.705155,0.765187,0.093920,,lockin:lockin::None:29.996431568043448:10:4:binary:0,lockin,,,29.996432,10
rice_I_8,frame_00000.png,frame_00119.png,rice_I_8/rgb_max_lockin_f300_ps16_th10/00000-00119-FRAME_rgbmax_scale1.00.png,,,0,decode失敗,QR未検出,0.605379,0.705155,0.765187,0.093920,,lockin:lockin::None:29.996431568043448:10:8:binary:0,lockin,,,29.996432,10
rice_I_8,frame_00000.png,frame_00119.png,rice_I_8/rgb_max_lockin_f300_ps16_th10/00000-00119-FRAME_rgbmax_scale1.00.png,,,0,decode失敗,QR未検出,0.605379,0.705155,0.765187,0.093920,,lockin:lockin::None:29.996431568043448:10:16:binary:0,lockin,,,29.996432,10
rice_I_8,frame_00000.png,frame_00119.png,rice_I_8/rgb_max_lockin_f300_ps16_th12/00000-00119-FRAME_rgbmax_scale1.00.png,,,0,decode失敗,QR未検出,0.568074,0.729546,0.767082,0.073156,,lockin:lockin::None:29.996431568043448:12:4:binary:0,lockin,,,29.996432,12
rice_I_8,frame_00000.png,frame_00119.png,rice_I_8/rgb_max_lockin_f300_ps16_th12/00000-00119-FRAME_rgbmax_scale1.00.png,,,0,decode失敗,QR未検出,0.568074,0.729546,0.767082,0.073156,,lockin:lockin::None:29.996431568043448:12:8:binary:0,lockin,,,29.996432,12
rice_I_8,frame_00000.png,frame_00119.png,rice_I_8/rgb_max_lockin_f300_ps16_th12/00000-00119-FRAME_rgbmax_scale1.00.png,,,0,decode失敗,QR未検出,0.568074,0.729546,0.767082,0.073156,,lockin:lockin::None:29.996431568043448:12:16:binary:0,lockin,,,29.996432,12
rice_I_8,frame_00000.png,frame_00119.png,,,,0,decode失敗,QR未検出,0.502529,0.769328,0.765042,0.045549,,lockin:lockin::None:29.996431568043448:16:4:binary:0,lockin,,,29.996432,16
rice_I_8,frame_00000.png,frame_00119.png,,,,0,decode失敗,QR未検出,0.502529,0.769328,0.765042,0.045549,,lockin:lockin::None:29.996431568043448:16:8:binary:0,lockin,,,29.996432,16
rice_I_8,frame_00000.png,frame_00119.png,,,,0,decode失敗,QR未検出,0.502529,0.769328,0.765042,0.045549,,lockin:lockin::None:29.996431568043448:16:16:binary:0,lockin,,,29.996432,16
rice_I_12,frame_00000.png,frame_00119.png,,,,0,decode失敗,QR未検出,0.000000,0.000000,0.635309,0.016751,,lockin:lockin::None:10.003568431956552:2:4:binary:0,lockin,,,10.003568,2
rice_I_12,frame_00000.png,frame_00119.png,,,,0,decode失敗,QR未検出,0.000000,0.000000,0.635309,0.016751,,lockin:lockin::None:10.003568431956552:2:8:binary:0,lockin,,,10.003568,2
rice_I_12,frame_00000.png,frame_00119.png,,,,0,decode失敗,QR未検出,0.000000,0.000000,0.635309,0.016751,,lockin:lockin::None:10.003568431956552:2:16:binary:0,lockin,,,10.003568,2
rice_I_12,frame_00000.png,frame_00119.png,,,,0,decode失敗,QR未検出,0.000053,0.001215,0.621697,0.078125,,lockin:lockin::None:10.003568431956552:4:4:binary:0,lockin,,,10.003568,4
rice_I_12,frame_00000.png,frame_00119.png,,,,0,decode失敗,QR未検出,0.000053,0.001215,0.621697,0.078125,,lockin:lockin::None:10.003568431956552:4:8:binary:0,lockin,,,10.003568,4
rice_I_12,frame_00000.png,frame_00119.png,,,,0,decode失敗,QR未検出,0.000053,0.001215,0.621697,0.078125,,lockin:lockin::None:10.003568431956552:4:16:binary:0,lockin,,,10.003568,4
rice_I_12,frame_00000.png,frame_00119.png,,,,0,decode失敗,QR未検出,0.001849,0.016628,0.598531,0.174876,,lockin:lockin::None:10.003568431956552:6:4:binary:0,lockin,,,10.003568,6
rice_I_12,frame_00000.png,frame_00119.png,,,,0,decode失敗,QR未検出,0.001849,0.016628,0.598531,0.174876,,lockin:lockin::None:10.003568431956552:6:8:binary:0,lockin,,,10.003568,6
rice_I_12,frame_00000.png,frame_00119.png,,,,0,decode失敗,QR未検出,0.001849,0.016628,0.598531,0.174876,,lockin:lockin::None:10.003568431956552:6:16:binary:0,lockin,,,10.003568,6
rice_I_12,frame_00000.png,frame_00119.png,,,,0,decode失敗,QR未検出,0.011067,0.049524,0.564505,0.261378,,lockin:lockin::None:10.003568431956552:8:4:binary:0,lockin,,,10.003568,8
rice_I_12,frame_00000.png,frame_00119.png,,,,0,decode失敗,QR未検出,0.011067,0.049524,0.564505,0.261378,,lockin:lockin::None:10.003568431956552:8:8:binary:0,lockin,,,10.003568,8
rice_I_12,frame_00000.png,frame_00119.png,,,,0,decode失敗,QR未検出,0.011067,0.049524,0.564505,0.261378,,lockin:lockin::None:10.003568431956552:8:16:binary:0,lockin,,,10.003568,8
rice_I_12,frame_00000.png,frame_00119.png,,,,0,decode失敗,QR未検出,0.034351,0.083971,0.514104,0.351061,,lockin:lockin::None:10.003568431956552:10:4:binary:0,lockin,,,10.003568,10
rice_I_12,frame_00000.png,frame_00119.png,,,,0,decode失敗,QR未検出,0.034351,0.083971,0.514104,0.351061,,lockin:lockin::None:10.003568431956552:10:8:binary:0,lockin,,,10.003568,10
rice_I_12,frame_00000.png,frame_00119.png,,,,0,decode失敗,QR未検出,0.034351,0.083971,0.514104,0.351061,,lockin:lockin::None:10.003568431956552:10:16:binary:0,lockin,,,10.003568,10
rice_I_12,frame_00000.png,frame_00119.png,,,,0,decode失敗,QR未検出,0.931149,0.438959,0.543614,0.546685,,lockin:lockin::None:10.003568431956552:12:4:binary:0,lockin,,,10.003568,12
rice_I_12,frame_00000.png,frame_00119.png,,,,0,decode失敗,QR未検出,0.931149,0.438959,0.543614,0.546685,,lockin:lockin::None:10.003568431956552:12:8:binary:0,lockin,,,10.003568,12
rice_I_12,frame_00000.png,frame_00119.png,,,,0,decode失敗,QR未検出,0.931149,0.438959,0.543614,0.546685,,lockin:lockin::None:10.003568431956552:12:16:binary:0,lockin,,,10.003568,12
rice_I_12,frame_00000.png,frame_00119.png,rice_I_12/rgb_max_lockin_f300_ps16_th16/00000-00119-FRAME_rgbmax_scale1.00.png,,,0,decode失敗,QR未検出,0.835940,0.509099,0.648325,0.353349,,lockin:lockin::None:10.003568431956552:16:4:binary:0,lockin,,,10.003568,16
rice_I_12,frame_00000.png,frame_00119.png,rice_I_12/rgb_max_lockin_f300_ps16_th16/00000-00119-FRAME_rgbmax_scale1.00.png,,,0,decode失敗,QR未検出,0.835940,0.509099,0.648325,0.353349,,lockin:lockin::None:10.003568431956552:16:8:binary:0,lockin,,,10.003568,16
rice_I_12,frame_00000.png,frame_00119.png,rice_I_12/rgb_max_lockin_f300_ps16_th16/00000-00119-FRAME_rgbmax_scale1.00.png,,,0,decode失敗,QR未検出,0.835940,0.509102,0.648328,0.353347,,lockin:lockin::None:10.003568431956552:16:16:binary:0,lockin,,,10.003568,16
rice_I_12,frame_00000.png,frame_00119.png,,,,0,decode失敗,QR未検出,0.000010,0.000439,0.629519,0.043565,,lockin:lockin::None:14.992863136086896:2:4:binary:0,lockin,,,14.992863,2
rice_I_12,frame_00000.png,frame_00119.png,,,,0,decode失敗,QR未検出,0.000010,0.000439,0.629519,0.043565,,lockin:lockin::None:14.992863136086896:2:8:binary:0,lockin,,,14.992863,2
rice_I_12,frame_00000.png,frame_00119.png,,,,0,decode失敗,QR未検出,0.000010,0.000439,0.629519,0.043565,,lockin:lockin::None:14.992863136086896:2:16:binary:0,lockin,,,14.992863,2
rice_I_12,frame_00000.png,frame_00119.png,,,,0,decode失敗,QR未検出,0.002003,0.017951,0.598494,0.180788,,lockin:lockin::None:14.992863136086896:4:4:binary:0,lockin,,,14.992863,4
rice_I_12,frame_00000.png,frame_00119.png,,,,0,decode失敗,QR未検出,0.002003,0.017951,0.598494,0.180788,,lockin:lockin::None:14.992863136086896:4:8:binary:0,lockin,,,14.992863,4
rice_I_12,frame_00000.png,frame_00119.png,,,,0,decode失敗,QR未検出,0.002003,0.017951,0.598494,0.180788,,lockin:lockin::None:14.992863136086896:4:16:binary:0,lockin,,,14.992863,4
rice_I_12,frame_00000.png,frame_00119.png,,,,0,decode失敗,QR未検出,0.019253,0.064519,0.543275,0.301787,,lockin:lockin::None:14.992863136086896:6:4:binary:0,lockin,,,14.992863,6
rice_I_12,frame_00000.png,frame_00119.png,,,,0,decode失敗,QR未検出,0.019253,0.064519,0.543275,0.301787,,lockin:lockin::None:14.992863136086896:6:8:binary:0,lockin,,,14.992863,6
rice_I_12,frame_00000.png,frame_00119.png,,,,0,decode失敗,QR未検出,0.019239,0.064473,0.543269,0.301787,,lockin:lockin::None:14.992863136086896:6:16:binary:0,lockin,,,14.992863,6
rice_I_12,frame_00000.png,frame_00119.png,,,,0,decode失敗,QR未検出,0.935971,0.438187,0.541766,0.555700,,lockin:lockin::None:14.992863136086896:8:4:binary:0,lockin,,,14.992863,8
rice_I_12,frame_00000.png,frame_00119.png,,,,0,decode失敗,QR未検出,0.935971,0.438187,0.541766,0.555700,,lockin:lockin::None:14.992863136086896:8:8:binary:0,lockin,,,14.992863,8
rice_I_12,frame_00000.png,frame_00119.png,,,,0,decode失敗,QR未検出,0.935971,0.438187,0.541766,0.555700,,lockin:lockin::None:14.992863136086896:8:16:binary:0,lockin,,,14.992863,8
rice_I_12,frame_00000.png,frame_00119.png,,,,0,decode失敗,QR未検出,0.876961,0.486131,0.619354,0.416329,,lockin:lockin::None:14.992863136086896:10:4:binary:0,lockin,,,14.992863,10
rice_I_12,frame_00000.png,frame_00119.png,,,,0,decode失敗,QR未検出,0.876961,0.486122,0.619342,0.416335,,lockin:lockin::None:14.992863136086896:10:8:binary:0,lockin,,,14.992863,10
rice_I_12,frame_00000.png,frame_00119.png,,,,0,decode失敗,QR未検出,0.876980,0.486128,0.619349,0.416335,,lockin:lockin::None:14.992863136086896:10:16:binary:0,lockin,,,14.992863,10
rice_I_12,frame_00000.png,frame_00119.png,,,,0,decode失敗,QR未検出,0.803071,0.530432,0.670897,0.305248,,lockin:lockin::None:14.992863136086896:12:4:binary:0,lockin,,,14.992863,12
rice_I_12,frame_00000.png,frame_00119.png,,,,0,decode失敗,QR未検出,0.803071,0.530432,0.670897,0.305248,,lockin:lockin::None:14.992863136086896:12:8:binary:0,lockin,,,14.992863,12
rice_I_12,frame_00000.png,frame_00119.png,,,,0,decode失敗,QR未検出,0.803071,0.530432,0.670897,0.305250,,lockin:lockin::None:14.992863136086896:12:16:binary:0,lockin,,,14.992863,12
rice_I_12,frame_00000.png,frame_00119.png,rice_I_12/rgb_max_lockin_f300_ps16_th16/00000-00119-FRAME_rgbmax_scale1.00.png,,,0,decode失敗,QR未検出,0.619912,0.581384,0.700407,0.176218,,lockin:lockin::None:14.992863136086896:16:4:binary:0,lockin,,,14.992863,16
rice_I_12,frame_00000.png,frame_00119.png,rice_I_12/rgb_max_lockin_f300_ps16_th16/00000-00119-FRAME_rgbmax_scale1.00.png,,,0,decode失敗,QR未検出,0.619912,0.581384,0.700407,0.176218,,lockin:lockin::None:14.992863136086896:16:8:binary:0,lockin,,,14.992863,16
rice_I_12,frame_00000.png,frame_00119.png,rice_I_12/rgb_max_lockin_f300_ps16_th16/00000-00119-FRAME_rgbmax_scale1.00.png,,,0,decode失敗,QR未検出,0.619912,0.581384,0.700407,0.176218,,lockin:lockin::None:14.992863136086896:16:16:binary:0,lockin,,,14.992863,16
rice_I_12,frame_00000.png,frame_00119.png,,,,0,decode失敗,QR未検出,0.908546,0.595483,0.743113,0.149040,,lockin:lockin::None:29.996431568043448:2:4:binary:0,lockin,,,29.996432,2
rice_I_12,frame_00000.png,frame_00119.png,,,,0,decode失敗,QR未検出,0.908546,0.595483,0.743113,0.149040,,lockin:lockin::None:29.996431568043448:2:8:binary:0,lockin,,,29.996432,2
rice_I_12,frame_00000.png,frame_00119.png,,,,0,decode失敗,QR未検出,0.908546,0.595483,0.743113,0.149040,,lockin:lockin::None:29.996431568043448:2:16:binary:0,lockin,,,29.996432,2
rice_I_12,frame_00000.png,frame_00119.png,,,,0,decode失敗,QR未検出,0.874567,0.660610,0.791651,0.089289,,lockin:lockin::None:29.996431568043448:4:4:binary:0,lockin,,,29.996432,4
rice_I_12,frame_00000.png,frame_00119.png,,,,0,decode失敗,QR未検出,0.874567,0.660610,0.791651,0.089289,,lockin:lockin::None:29.996431568043448:4:8:binary:0,lockin,,,29.996432,4
rice_I_12,frame_00000.png,frame_00119.png,,,,0,decode失敗,QR未検出,0.874567,0.660610,0.791651,0.089289,,lockin:lockin::None:29.996431568043448:4:16:binary:0,lockin,,,29.996432,4
rice_I_12,frame_00000.png,frame_00119.png,,,,0,decode失敗,QR未検出,0.846423,0.704545,0.815655,0.067697,,lockin:lockin::None:29.996431568043448:6:4:binary:0,lockin,,,29.996432,6
rice_I_12,frame_00000.png,frame_00119.png,,,,0,decode失敗,QR未検出,0.846423,0.704545,0.815655,0.067697,,lockin:lockin::None:29.996431568043448:6:8:binary:0,lockin,,,29.996432,6
rice_I_12,frame_00000.png,frame_00119.png,,,,0,decode失敗,QR未検出,0.846423,0.704545,0.815655,0.067697,,lockin:lockin::None:29.996431568043448:6:16:binary:0,lockin,,,29.996432,6
rice_I_12,frame_00000.png,frame_00119.png,,,,0,decode失敗,QR未検出,0.825616,0.738023,0.830544,0.055540,,lockin:lockin::None:29.996431568043448:8:4:binary:0,lockin,,,29.996432,8
rice_I_12,frame_00000.png,frame_00119.png,,,,0,decode失敗,QR未検出,0.825616,0.738023,0.830544,0.055540,,lockin:lockin::None:29.996431568043448:8:8:binary:0,lockin,,,29.996432,8
rice_I_12,frame_00000.png,frame_00119.png,,,,0,decode失敗,QR未検出,0.825616,0.738023,0.830544,0.055540,,lockin:lockin::None:29.996431568043448:8:16:binary:0,lockin,,,29.996432,8
rice_I_12,frame_00000.png,frame_00119.png,,,,0,decode失敗,QR未検出,0.810586,0.765223,0.841182,0.047072,,lockin:lockin::None:29.996431568043448:10:4:binary:0,lockin,,,29.996432,10
rice_I_12,frame_00000.png,frame_00119.png,,,,0,decode失敗,QR未検出,0.810586,0.765223,0.841182,0.047072,,lockin:lockin::None:29.996431568043448:10:8:binary:0,lockin,,,29.996432,10
rice_I_12,frame_00000.png,frame_00119.png,,,,0,decode失敗,QR未検出,0.810586,0.765223,0.841182,0.047072,,lockin:lockin::None:29.996431568043448:10:16:binary:0,lockin,,,29.996432,10
rice_I_12,frame_00000.png,frame_00119.png,,,,0,decode失敗,QR未検出,0.795141,0.786647,0.847560,0.040806,,lockin:lockin::None:29.996431568043448:12:4:binary:0,lockin,,,29.996432,12
rice_I_12,frame_00000.png,frame_00119.png,,,,0,decode失敗,QR未検出,0.795141,0.786647,0.847560,0.040806,,lockin:lockin::None:29.996431568043448:12:8:binary:0,lockin,,,29.996432,12
rice_I_12,frame_00000.png,frame_00119.png,,,,0,decode失敗,QR未検出,0.795141,0.786647,0.847560,0.040806,,lockin:lockin::None:29.996431568043448:12:16:binary:0,lockin,,,29.996432,12
rice_I_12,frame_00000.png,frame_00119.png,rice_I_12/rgb_max_lockin_f300_ps16_th16/00000-00119-FRAME_rgbmax_scale1.00.png,,,0,decode失敗,QR未検出,0.762330,0.816742,0.851836,0.032366,,lockin:lockin::None:29.996431568043448:16:4:binary:0,lockin,,,29.996432,16
rice_I_12,frame_00000.png,frame_00119.png,rice_I_12/rgb_max_lockin_f300_ps16_th16/00000-00119-FRAME_rgbmax_scale1.00.png,,,0,decode失敗,QR未検出,0.762330,0.816742,0.851836,0.032366,,lockin:lockin::None:29.996431568043448:16:8:binary:0,lockin,,,29.996432,16
rice_I_12,frame_00000.png,frame_00119.png,rice_I_12/rgb_max_lockin_f300_ps16_th16/00000-00119-FRAME_rgbmax_scale1.00.png,,,0,decode失敗,QR未検出,0.762330,0.816742,0.851836,0.032366,,lockin:lockin::None:29.996431568043448:16:16:binary:0,lockin,,,29.996432,16
nagaoka_fireworks_I_4,frame_00000.png,frame_00119.png,,,,0,decode失敗,QR未検出,0.033468,0.241401,0.611500,0.093340,,lockin:lockin::None:10.003568431956552:2:4:binary:0,lockin,,,10.003568,2
nagaoka_fireworks_I_4,frame_00000.png,frame_00119.png,,,,0,decode失敗,QR未検出,0.033468,0.241401,0.611500,0.093340,,lockin:lockin::None:10.003568431956552:2:8:binary:0,lockin,,,10.003568,2
nagaoka_fireworks_I_4,frame_00000.png,frame_00119.png,,,,0,decode失敗,QR未検出,0.033468,0.241401,0.611500,0.093340,,lockin:lockin::None:10.003568431956552:2:16:binary:0,lockin,,,10.003568,2
nagaoka_fireworks_I_4,frame_00000.png,frame_00119.png,,,,0,decode失敗,QR未検出,0.095909,0.255803,0.571112,0.246743,,lockin:lockin::None:10.003568431956552:4:4:binary:0,lockin,,,10.003568,4
nagaoka_fireworks_I_4,frame_00000.png,frame_00119.png,,,,0,decode失敗,QR未検出,0.095909,0.255803,0.571112,0.246743,,lockin:lockin::None:10.003568431956552:4:8:binary:0,lockin,,,10.003568,4
nagaoka_fireworks_I_4,frame_00000.png,frame_00119.png,,,,0,decode失敗,QR未検出,0.095909,0.255803,0.571112,0.246743,,lockin:lockin::None:10.003568431956552:4:16:binary:0,lockin,,,10.003568,4
nagaoka_fireworks_I_4,frame_00000.png,frame_00119.png,,,,0,decode失敗,QR未検出,0.161237,0.272584,0.539964,0.373250,,lockin:lockin::None:10.003568431956552:6:4:binary:0,lockin,,,10.003568,6
nagaoka_fireworks_I_4,frame_00000.png,frame_00119.png,,,,0,decode失敗,QR未検出,0.161237,0.272584,0.539964,0.373250,,lockin:lockin::None:10.003568431956552:6:8:binary:0,lockin,,,10.003568,6
nagaoka_fireworks_I_4,frame_00000.png,frame_00119.png,,,,0,decode失敗,QR未検出,0.161237,0.272584,0.539964,0.373250,,lockin:lockin::None:10.003568431956552:6:16:binary:0,lockin,,,10.003568,6
nagaoka_fireworks_I_4,frame_00000.png,frame_00119.png,,,,0,decode失敗,QR未検出,0.225850,0.287192,0.516158,0.467437,,lockin:lockin::None:10.003568431956552:8:4:binary:0,lockin,,,10.003568,8
nagaoka_fireworks_I_4,frame_00000.png,frame_00119.png,,,,0,decode失敗,QR未検出,0.225850,0.287192,0.516158,0.467437,,lockin:lockin::None:10.003568431956552:8:8:binary:0,lockin,,,10.003568,8
nagaoka_fireworks_I_4,frame_00000.png,frame_00119.png,,,,0,decode失敗,QR未検出,0.225850,0.287192,0.516158,0.467437,,lockin:lockin::None:10.003568431956552:8:16:binary:0,lockin,,,10.003568,8
nagaoka_fireworks_I_4,frame_00000.png,frame_00119.png,,,,0,decode失敗,QR未検出,0.719667,0.400421,0.507735,0.465908,,lockin:lockin::None:10.003568431956552:10:4:binary:0,lockin,,,10.003568,10
nagaoka_fireworks_I_4,frame_00000.png,frame_00119.png,,,,0,decode失敗,QR未検出,0.719667,0.400421,0.507735,0.465908,,lockin:lockin::None:10.003568431956552:10:8:binary:0,lockin,,,10.003568,10
nagaoka_fireworks_I_4,frame_00000.png,frame_00119.png,,,,0,decode失敗,QR未検出,0.719667,0.400421,0.507735,0.465908,,lockin:lockin::None:10.003568431956552:10:16:binary:0,lockin,,,10.003568,10
nagaoka_fireworks_I_4,frame_00000.png,frame_00119.png,nagaoka_fireworks_I_4/rgb_max_lockin_f300_ps4_th12/00000-00119-FRAME_rgbmax_scale1.00.png,,,0,decode失敗,QR未検出,0.668206,0.411654,0.533522,0.408682,,lockin:lockin::None:10.003568431956552:12:4:binary:0,lockin,,,10.003568,12
nagaoka_fireworks_I_4,frame_00000.png,frame_00119.png,nagaoka_fireworks_I_4/rgb_max_lockin_f300_ps4_th12/00000-00119-FRAME_rgbmax_scale1.00.png,,,0,decode失敗,QR未検出,0.668206,0.411653,0.533520,0.408683,,lockin:lockin::None:10.003568431956552:12:8:binary:0,lockin,,,10.003568,12
nagaoka_fireworks_I_4,frame_00000.png,frame_00119.png,nagaoka_fireworks_I_4/rgb_max_lockin_f300_ps4_th12/00000-00119-FRAME_rgbmax_scale1.00.png,,,0,decode失敗,QR未検出,0.668206,0.411653,0.533520,0.408683,,lockin:lockin::None:10.003568431956552:12:16:binary:0,lockin,,,10.003568,12
nagaoka_fireworks_I_4,frame_00000.png,frame_00119.png,nagaoka_fireworks_I_4/rgb_max_lockin_f300_ps8_th16/00000-00119-FRAME_rgbmax_scale1.00.png,,,0,decode失敗,QR未検出,0.544332,0.442551,0.586262,0.300239,,lockin:lockin::None:10.003568431956552:16:4:binary:0,lockin,,,10.003568,16
nagaoka_fireworks_I_4,frame_00000.png,frame_00119.png,nagaoka_fireworks_I_4/rgb_max_lockin_f300_ps8_th16/00000-00119-FRAME_rgbmax_scale1.00.png,,,0,decode失敗,QR未検出,0.544332,0.442551,0.586262,0.300239,,lockin:lockin::None:10.003568431956552:16:8:binary:0,lockin,,,10.003568,16
nagaoka_fireworks_I_4,frame_00000.png,frame_00119.png,nagaoka_fireworks_I_4/rgb_max_lockin_f300_ps8_th16/00000-00119-FRAME_rgbmax_scale1.00.png,,,0,decode失敗,QR未検出,0.544332,0.442551,0.586262,0.300239,,lockin:lockin::None:10.003568431956552:16:16:binary:0,lockin,,,10.003568,16
nagaoka_fireworks_I_4,frame_00000.png,frame_00119.png,,,,0,decode失敗,QR未検出,0.038965,0.235111,0.605664,0.101033,,lockin:lockin::None:14.992863136086896:2:4:binary:0,lockin,,,14.992863,2
nagaoka_fireworks_I_4,frame_00000.png,frame_00119.png,,,,0,decode失敗,QR未検出,0.038965,0.235111,0.605664,0.101033,,lockin:lockin::None:14.992863136086896:2:8:binary:0,lockin,,,14.992863,2
nagaoka_fireworks_I_4,frame_00000.png,frame_00119.png,,,,0,decode失敗,QR未検出,0.038965,0.235111,0.605664,0.101033,,lockin:lockin::None:14.992863136086896:2:16:binary:0,lockin,,,14.992863,2
nagaoka_fireworks_I_4,frame_00000.png,frame_00119.png,,,,0,decode失敗,QR未検出,0.107473,0.255957,0.563200,0.269811,,lockin:lockin::None:14.992863136086896:4:4:binary:0,lockin,,,14.992863,4
nagaoka_fireworks_I_4,frame_00000.png,frame_00119.png,,,,0,decode失敗,QR未検出,0.107473,0.255957,0.563200,0.269811,,lockin:lockin::None:14.992863136086896:4:8:binary:0,lockin,,,14.992863,4
nagaoka_fireworks_I_4,frame_00000.png,frame_00119.png,,,,0,decode失敗,QR未検出,0.107473,0.255957,0.563200,0.269811,,lockin:lockin::None:14.992863136086896:4:16:binary:0,lockin,,,14.992863,4
nagaoka_fireworks_I_4,frame_00000.png,frame_00119.png,,,,0,decode失敗,QR未検出,0.178685,0.280845,0.536400,0.396154,,lockin:lockin::None:14.992863136086896:6:4:binary:0,lockin,,,14.992863,6
nagaoka_fireworks_I_4,frame_00000.png,frame_00119.png,,,,0,decode失敗,QR未検出,0.178685,0.280845,0.536400,0.396154,,lockin:lockin::None:14.992863136086896:6:8:binary:0,lockin,,,14.992863,6
nagaoka_fireworks_I_4,frame_00000.png,frame_00119.png,,,,0,decode失敗,QR未検出,0.178685,0.280845,0.536400,0.396154,,lockin:lockin::None:14.992863136086896:6:16:binary:0,lockin,,,14.992863,6
nagaoka_fireworks_I_4,frame_00000.png,frame_00119.png,,,,0,decode失敗,QR未検出,0.240562,0.293832,0.515117,0.479188,,lockin:lockin::None:14.992863136086896:8:4:binary:0,lockin,,,14.992863,8
nagaoka_fireworks_I_4,frame_00000.png,frame_00119.png,,,,0,decode失敗,QR未検出,0.240562,0.293832,0.515117,0.479186,,lockin:lockin::None:14.992863136086896:8:8:binary:0,lockin,,,14.992863,8
nagaoka_fireworks_I_4,frame_00000.png,frame_00119.png,,,,0,decode失敗,QR未検出,0.240562,0.293832,0.515117,0.479186,,lockin:lockin::None:14.992863136086896:8:16:binary:0,lockin,,,14.992863,8
nagaoka_fireworks_I_4,frame_00000.png,frame_00119.png,,,,0,decode失敗,QR未検出,0.707268,0.399580,0.508624,0.456362,,lockin:lockin::None:14.992863136086896:10:4:binary:0,lockin,,,14.992863,10
nagaoka_fireworks_I_4,frame_00000.png,frame_00119.png,,,,0,decode失敗,QR未検出,0.707268,0.399580,0.508624,0.456362,,lockin:lockin::None:14.992863136086896:10:8:binary:0,lockin,,,14.992863,10
nagaoka_fireworks_I_4,frame_00000.png,frame_00119.png,,,,0,decode失敗,QR未検出,0.707268,0.399580,0.508624,0.456362,,lockin:lockin::None:14.992863136086896:10:16:binary:0,lockin,,,14.992863,10
nagaoka_fireworks_I_4,frame_00000.png,frame_00119.png,nagaoka_fireworks_I_4/rgb_max_lockin_f300_ps4_th12/00000-00119-FRAME_rgbmax_scale1.00.png,,,0,decode失敗,QR未検出,0.653664,0.408422,0.531230,0.401789,,lockin:lockin::None:14.992863136086896:12:4:binary:0,lockin,,,14.992863,12
nagaoka_fireworks_I_4,frame_00000.png,frame_00119.png,nagaoka_fireworks_I_4/rgb_max_lockin_f300_ps4_th12/00000-00119-FRAME_rgbmax_scale1.00.png,,,0,decode失敗,QR未検出,0.653664,0.408422,0.531230,0.401789,,lockin:lockin::None:14.992863136086896:12:8:binary:0,lockin,,,14.992863,12
nagaoka_fireworks_I_4,frame_00000.png,frame_00119.png,nagaoka_fireworks_I_4/rgb_max_lockin_f300_ps4_th12/00000-00119-FRAME_rgbmax_scale1.00.png,,,0,decode失敗,QR未検出,0.653664,0.408422,0.531230,0.401789,,lockin:lockin::None:14.992863136086896:12:16:binary:0,lockin,,,14.992863,12
nagaoka_fireworks_I_4,frame_00000.png,frame_00119.png,nagaoka_fireworks_I_4/rgb_max_lockin_f300_ps8_th16/00000-00119-FRAME_rgbmax_scale1.00.png,,,0,decode失敗,QR未検出,0.530934,0.442833,0.587800,0.293097,,lockin:lockin::None:14.992863136086896:16:4:binary:0,lockin,,,14.992863,16
nagaoka_fireworks_I_4,frame_00000.png,frame_00119.png,nagaoka_fireworks_I_4/rgb_max_lockin_f300_ps8_th16/00000-00119-FRAME_rgbmax_scale1.00.png,,,0,decode失敗,QR未検出,0.530934,0.442833,0.587800,0.293097,,lockin:lockin::None:14.992863136086896:16:8:binary:0,lockin,,,14.992863,16
nagaoka_fireworks_I_4,frame_00000.png,frame_00119.png,nagaoka_fireworks_I_4/rgb_max_lockin_f300_ps8_th16/00000-00119-FRAME_rgbmax_scale1.00.png,,,0,decode失敗,QR未検出,0.530934,0.442833,0.587800,0.293097,,lockin:lockin::None:14.992863136086896:16:16:binary:0,lockin,,,14.992863,16
nagaoka_fireworks_I_4,frame_00000.png,frame_00119.png,,,,0,decode失敗,QR未検出,0.149296,0.250214,0.529436,0.382115,,lockin:lockin::None:29.996431568043448:2:4:binary:0,lockin,,,29.996432,2
nagaoka_fireworks_I_4,frame_00000.png,frame_00119.png,,,,0,decode失敗,QR未検出,0.149296,0.250214,0.529436,0.382115,,lockin:lockin::None:29.996431568043448:2:8:binary:0,lockin,,,29.996432,2
nagaoka_fireworks_I_4,frame_00000.png,frame_00119.png,,,,0,decode失敗,QR未検出,0.149296,0.250214,0.529436,0.382115,,lockin:lockin::None:29.996431568043448:2:16:binary:0,lockin,,,29.996432,2
nagaoka_fireworks_I_4,frame_00000.png,frame_00119.png,,,,0,decode失敗,QR未検出,0.697566,0.431837,0.557664,0.391684,,lockin:lockin::None:29.996431568043448:4:4:binary:0,lockin,,,29.996432,4
nagaoka_fireworks_I_4,frame_00000.png,frame_00119.png,,,,0,decode失敗,QR未検出,0.697566,0.431837,0.557664,0.391684,,lockin:lockin::None:29.996431568043448:4:8:binary:0,lockin,,,29.996432,4
nagaoka_fireworks_I_4,frame_00000.png,frame_00119.png,,,,0,decode失敗,QR未検出,0.697566,0.431837,0.557664,0.391684,,lockin:lockin::None:29.996431568043448:4:16:binary:0,lockin,,,29.996432,4
nagaoka_fireworks_I_4,frame_00000.png,frame_00119.png,,,,0,decode失敗,QR未検出,0.591440,0.500122,0.637598,0.250361,,lockin:lockin::None:29.996431568043448:6:4:binary:0,lockin,,,29.996432,6
nagaoka_fireworks_I_4,frame_00000.png,frame_00119.png,,,,0,decode失敗,QR未検出,0.591440,0.500122,0.637598,0.250361,,lockin:lockin::None:29.996431568043448:6:8:binary:0,lockin,,,29.996432,6
nagaoka_fireworks_I_4,frame_00000.png,frame_00119.png,,,,0,decode失敗,QR未検出,0.591440,0.500122,0.637598,0.250361,,lockin:lockin::None:29.996431568043448:6:16:binary:0,lockin,,,29.996432,6
nagaoka_fireworks_I_4,frame_00000.png,frame_00119.png,,,,0,decode失敗,QR未検出,0.511111,0.592181,0.695176,0.144620,,lockin:lockin::None:29.996431568043448:8:4:binary:0,lockin,,,29.996432,8
nagaoka_fireworks_I_4,frame_00000.png,frame_00119.png,,,,0,decode失敗,QR未検出,0.511111,0.592181,0.695176,0.144620,,lockin:lockin::None:29.996431568043448:8:8:binary:0,lockin,,,29.996432,8
nagaoka_fireworks_I_4,frame_00000.png,frame_00119.png,,,,0,decode失敗,QR未検出,0.511111,0.592181,0.695176,0.144620,,lockin:lockin::None:29.996431568043448:8:16:binary:0,lockin,,,29.996432,8
nagaoka_fireworks_I_4,frame_00000.png,frame_00119.png,,,,0,decode失敗,QR未検出,0.455986,0.673760,0.722752,0.082174,,lockin:lockin::None:29.996431568043448:10:4:binary:0,lockin,,,29.996432,10
nagaoka_fireworks_I_4,frame_00000.png,frame_00119.png,,,,0,decode失敗,QR未検出,0.455986,0.673760,0.722752,0.082174,,lockin:lockin::None:29.996431568043448:10:8:binary:0,lockin,,,29.996432,10
nagaoka_fireworks_I_4,frame_00000.png,frame_00119.png,,,,0,decode失敗,QR未検出,0.455986,0.673760,0.722752,0.082174,,lockin:lockin::None:29.996431568043448:10:16:binary:0,lockin,,,29.996432,10
nagaoka_fireworks_I_4,frame_00000.png,frame_00119.png,nagaoka_fireworks_I_4/rgb_max_lockin_f300_ps4_th12/00000-00119-FRAME_rgbmax_scale1.00.png,,,0,decode失敗,QR未検出,0.417195,0.733107,0.733670,0.048997,,lockin:lockin::None:29.996431568043448:12:4:binary:0,lockin,,,29.996432,12
nagaoka_fireworks_I_4,frame_00000.png,frame_00119.png,nagaoka_fireworks_I_4/rgb_max_lockin_f300_ps4_th12/00000-00119-FRAME_rgbmax_scale1.00.png,,,0,decode失敗,QR未検出,0.417195,0.733107,0.733670,0.048997,,lockin:lockin::None:29.996431568043448:12:8:binary:0,lockin,,,29.996432,12
nagaoka_fireworks_I_4,frame_00000.png,frame_00119.png,nagaoka_fireworks_I_4/rgb_max_lockin_f300_ps4_th12/00000-00119-FRAME_rgbmax_scale1.00.png,,,0,decode失敗,QR未検出,0.417195,0.733107,0.733670,0.048997,,lockin:lockin::None:29.996431568043448:12:16:binary:0,lockin,,,29.996432,12
nagaoka_fireworks_I_4,frame_00000.png,frame_00119.png,nagaoka_fireworks_I_4/rgb_max_lockin_f300_ps8_th16/00000-00119-FRAME_rgbmax_scale1.00.png,,,0,decode失敗,QR未検出,0.357867,0.811410,0.737070,0.021838,,lockin:lockin::None:29.996431568043448:16:4:binary:0,lockin,,,29.996432,16
nagaoka_fireworks_I_4,frame_00000.png,frame_00119.png,nagaoka_fireworks_I_4/rgb_max_lockin_f300_ps8_th16/00000-00119-FRAME_rgbmax_scale1.00.png,,,0,decode失敗,QR未検出,0.357867,0.811410,0.737070,0.021838,,lockin:lockin::None:29.996431568043448:16:8:binary:0,lockin,,,29.996432,16
nagaoka_fireworks_I_4,frame_00000.png,frame_00119.png,nagaoka_fireworks_I_4/rgb_max_lockin_f300_ps8_th16/00000-00119-FRAME_rgbmax_scale1.00.png,,,0,decode失敗,QR未検出,0.357867,0.811410,0.737070,0.021838,,lockin:lockin::None:29.996431568043448:16:16:binary:0,lockin,,,29.996432,16
nagaoka_fireworks_I_8,frame_00000.png,frame_00119.png,,,,0,decode失敗,QR未検出,0.032000,0.222955,0.608663,0.094617,,lockin:lockin::None:10.003568431956552:2:4:binary:0,lockin,,,10.003568,2
nagaoka_fireworks_I_8,frame_00000.png,frame_00119.png,,,,0,decode失敗,QR未検出,0.032000,0.222955,0.608663,0.094617,,lockin:lockin::None:10.003568431956552:2:8:binary:0,lockin,,,10.003568,2
nagaoka_fireworks_I_8,frame_00000.png,frame_00119.png,,,,0,decode失敗,QR未検出,0.032000,0.222955,0.608663,0.094617,,lockin:lockin::None:10.003568431956552:2:16:binary:0,lockin,,,10.003568,2
nagaoka_fireworks_I_8,frame_00000.png,frame_00119.png,,,,0,decode失敗,QR未検出,0.103139,0.253843,0.564979,0.277709,,lockin:lockin::None:10.003568431956552:4:4:binary:0,lockin,,,10.003568,4
nagaoka_fireworks_I_8,frame_00000.png,frame_00119.png,,,,0,decode失敗,QR未検出,0.103139,0.253843,0.564979,0.277709,,lockin:lockin::None:10.003568431956552:4:8:binary:0,lockin,,,10.003568,4
nagaoka_fireworks_I_8,frame_00000.png,frame_00119.png,,,,0,decode失敗,QR未検出,0.103139,0.253843,0.564979,0.277709,,lockin:lockin::None:10.003568431956552:4:16:binary:0,lockin,,,10.003568,4
nagaoka_fireworks_I_8,frame_00000.png,frame_00119.png,,,,0,decode失敗,QR未検出,0.177966,0.270569,0.528082,0.411879,,lockin:lockin::None:10.003568431956552:6:4:binary:0,lockin,,,10.003568,6
nagaoka_fireworks_I_8,frame_00000.png,frame_00119.png,,,,0,decode失敗,QR未検出,0.177966,0.270569,0.528082,0.411879,,lockin:lockin::None:10.003568431956552:6:8:binary:0,lockin,,,10.003568,6
nagaoka_fireworks_I_8,frame_00000.png,frame_00119.png,,,,0,decode失敗,QR未検出,0.177966,0.270569,0.528082,0.411879,,lockin:lockin::None:10.003568431956552:6:16:binary:0,lockin,,,10.003568,6
nagaoka_fireworks_I_8,frame_00000.png,frame_00119.png,,,,0,decode失敗,QR未検出,0.245253,0.282280,0.500348,0.503919,,lockin:lockin::None:10.003568431956552:8:4:binary:0,lockin,,,10.003568,8
nagaoka_fireworks_I_8,frame_00000.png,frame_00119.png,,,,0,decode失敗,QR未検出,0.245253,0.282277,0.500345,0.503921,,lockin:lockin::None:10.003568431956552:8:8:binary:0,lockin,,,10.003568,8
nagaoka_fireworks_I_8,frame_00000.png,frame_00119.png,,,,0,decode失敗,QR未検出,0.245253,0.282277,0.500345,0.503921,,lockin:lockin::None:10.003568431956552:8:16:binary:0,lockin,,,10.003568,8
nagaoka_fireworks_I_8,frame_00000.png,frame_00119.png,nagaoka_fireworks_I_8/rgb_max_lockin_f300_ps8_th10/00000-00119-FRAME_rgbmax_scale1.00.png,,,0,decode失敗,QR未検出,0.701852,0.409723,0.525374,0.431348,,lockin:lockin::None:10.003568431956552:10:4:binary:0,lockin,,,10.003568,10
nagaoka_fireworks_I_8,frame_00000.png,frame_00119.png,nagaoka_fireworks_I_8/rgb_max_lockin_f300_ps8_th10/00000-00119-FRAME_rgbmax_scale1.00.png,,,0,decode失敗,QR未検出,0.701852,0.409723,0.525374,0.431348,,lockin:lockin::None:10.003568431956552:10:8:binary:0,lockin,,,10.003568,10
nagaoka_fireworks_I_8,frame_00000.png,frame_00119.png,nagaoka_fireworks_I_8/rgb_max_lockin_f300_ps8_th10/00000-00119-FRAME_rgbmax_scale1.00.png,,,0,decode失敗,QR未検出,0.701852,0.409723,0.525374,0.431348,,lockin:lockin::None:10.003568431956552:10:16:binary:0,lockin,,,10.003568,10
nagaoka_fireworks_I_8,frame_00000.png,frame_00119.png,nagaoka_fireworks_I_8/rgb_max_lockin_f300_ps16_th12/00000-00119-FRAME_rgbmax_scale1.00.png,,,0,decode失敗,QR未検出,0.650546,0.425236,0.554567,0.373050,,lockin:lockin::None:10.003568431956552:12:4:binary:0,lockin,,,10.003568,12
nagaoka_fireworks_I_8,frame_00000.png,frame_00119.png,nagaoka_fireworks_I_8/rgb_max_lockin_f300_ps16_th12/00000-00119-FRAME_rgbmax_scale1.00.png,,,0,decode失敗,QR未検出,0.650546,0.425236,0.554567,0.373050,,lockin:lockin::None:10.003568431956552:12:8:binary:0,lockin,,,10.003568,12
nagaoka_fireworks_I_8,frame_00000.png,frame_00119.png,nagaoka_fireworks_I_8/rgb_max_lockin_f300_ps16_th12/00000-00119-FRAME_rgbmax_scale1.00.png,,,0,decode失敗,QR未検出,0.650546,0.425236,0.554567,0.373050,,lockin:lockin::None:10.003568431956552:12:16:binary:0,lockin,,,10.003568,12
nagaoka_fireworks_I_8,frame_00000.png,frame_00119.png,,,,0,decode失敗,QR未検出,0.537546,0.484458,0.624990,0.253415,,lockin:lockin::None:10.003568431956552:16:4:binary:0,lockin,,,10.003568,16
nagaoka_fireworks_I_8,frame_00000.png,frame_00119.png,,,,0,decode失敗,QR未検出,0.537546,0.484458,0.624990,0.253415,,lockin:lockin::None:10.003568431956552:16:8:binary:0,lockin,,,10.003568,16
nagaoka_fireworks_I_8,frame_00000.png,frame_00119.png,,,,0,decode失敗,QR未検出,0.537546,0.484458,0.624990,0.253415,,lockin:lockin::None:10.003568431956552:16:16:binary:0,lockin,,,10.003568,16
nagaoka_fireworks_I_8,frame_00000.png,frame_00119.png,,,,0,decode失敗,QR未検出,0.036474,0.243955,0.609738,0.099230,,lockin:lockin::None:14.992863136086896:2:4:binary:0,lockin,,,14.992863,2
nagaoka_fireworks_I_8,frame_00000.png,frame_00119.png,,,,0,decode失敗,QR未検出,0.036474,0.243955,0.609738,0.099230,,lockin:lockin::None:14.992863136086896:2:8:binary:0,lockin,,,14.992863,2
nagaoka_fireworks_I_8,frame_00000.png,frame_00119.png,,,,0,decode失敗,QR未検出,0.036474,0.243955,0.609738,0.099230,,lockin:lockin::None:14.992863136086896:2:16:binary:0,lockin,,,14.992863,2
nagaoka_fireworks_I_8,frame_00000.png,frame_00119.png,,,,0,decode失敗,QR未検出,0.100644,0.263532,0.572018,0.266105,,lockin:lockin::None:14.992863136086896:4:4:binary:0,lockin,,,14.992863,4
nagaoka_fireworks_I_8,frame_00000.png,frame_00119.png,,,,0,decode失敗,QR未検出,0.100644,0.263532,0.572018,0.266105,,lockin:lockin::None:14.992863136086896:4:8:binary:0,lockin,,,14.992863,4
nagaoka_fireworks_I_8,frame_00000.png,frame_00119.png,,,,0,decode失敗,QR未検出,0.100644,0.263532,0.572018,0.266105,,lockin:lockin::None:14.992863136086896:4:16:binary:0,lockin,,,14.992863,4
nagaoka_fireworks_I_8,frame_00000.png,frame_00119.png,,,,0,decode失敗,QR未検出,0.167352,0.273196,0.536764,0.397231,,lockin:lockin::None:14.992863136086896:6:4:binary:0,lockin,,,14.992863,6
nagaoka_fireworks_I_8,frame_00000.png,frame_00119.png,,,,0,decode失敗,QR未検出,0.167352,0.273196,0.536764,0.397231,,lockin:lockin::None:14.992863136086896:6:8:binary:0,lockin,,,14.992863,6
nagaoka_fireworks_I_8,frame_00000.png,frame_00119.png,,,,0,decode失敗,QR未検出,0.167352,0.273196,0.536764,0.397231,,lockin:lockin::None:14.992863136086896:6:16:binary:0,lockin,,,14.992863,6
nagaoka_fireworks_I_8,frame_00000.png,frame_00119.png,,,,0,decode失敗,QR未検出,0.231324,0.284376,0.510327,0.484244,,lockin:lockin::None:14.992863136086896:8:4:binary:0,lockin,,,14.992863,8
nagaoka_fireworks_I_8,frame_00000.png,frame_00119.png,,,,0,decode失敗,QR未検出,0.231324,0.284376,0.510327,0.484244,,lockin:lockin::None:14.992863136086896:8:8:binary:0,lockin,,,14.992863,8
nagaoka_fireworks_I_8,frame_00000.png,frame_00119.png,,,,0,decode失敗,QR未検出,0.231324,0.284376,0.510327,0.484244,,lockin:lockin::None:14.992863136086896:8:16:binary:0,lockin,,,14.992863,8
nagaoka_fireworks_I_8,frame_00000.png,frame_00119.png,nagaoka_fireworks_I_8/rgb_max_lockin_f300_ps8_th10/00000-00119-FRAME_rgbmax_scale1.00.png,,,0,decode失敗,QR未検出,0.714363,0.402915,0.512696,0.452656,,lockin:lockin::None:14.992863136086896:10:4:binary:0,lockin,,,14.992863,10
nagaoka_fireworks_I_8,frame_00000.png,frame_00119.png,nagaoka_fireworks_I_8/rgb_max_lockin_f300_ps8_th10/00000-00119-FRAME_rgbmax_scale1.00.png,,,0,decode失敗,QR未検出,0.714363,0.402915,0.512696,0.452656,,lockin:lockin::None:14.992863136086896:10:8:binary:0,lockin,,,14.992863,10
nagaoka_fireworks_I_8,frame_00000.png,frame_00119.png,nagaoka_fireworks_I_8/rgb_max_lockin_f300_ps8_th10/00000-00119-FRAME_rgbmax_scale1.00.png,,,0,decode失敗,QR未検出,0.714363,0.402915,0.512696,0.452656,,lockin:lockin::None:14.992863136086896:10:16:binary:0,lockin,,,14.992863,10
nagaoka_fireworks_I_8,frame_00000.png,frame_00119.png,nagaoka_fireworks_I_8/rgb_max_lockin_f300_ps16_th12/00000-00119-FRAME_rgbmax_scale1.00.png,,,0,decode失敗,QR未検出,0.667767,0.415033,0.538377,0.399558,,lockin:lockin::None:14.992863136086896:12:4:binary:0,lockin,,,14.992863,12
nagaoka_fireworks_I_8,frame_00000.png,frame_00119.png,nagaoka_fireworks_I_8/rgb_max_lockin_f300_ps16_th12/00000-00119-FRAME_rgbmax_scale1.00.png,,,0,decode失敗,QR未検出,0.667767,0.415033,0.538377,0.399558,,lockin:lockin::None:14.992863136086896:12:8:binary:0,lockin,,,14.992863,12
nagaoka_fireworks_I_8,frame_00000.png,frame_00119.png,nagaoka_fireworks_I_8/rgb_max_lockin_f300_ps16_th12/00000-00119-FRAME_rgbmax_scale1.00.png,,,0,decode失敗,QR未検出,0.667767,0.415033,0.538377,0.399558,,lockin:lockin::None:14.992863136086896:12:16:binary:0,lockin,,,14.992863,12
nagaoka_fireworks_I_8,frame_00000.png,frame_00119.png,,,,0,decode失敗,QR未検出,0.577027,0.459139,0.600261,0.295585,,lockin:lockin::None:14.992863136086896:16:4:binary:0,lockin,,,14.992863,16
nagaoka_fireworks_I_8,frame_00000.png,frame_00119.png,,,,0,decode失敗,QR未検出,0.577027,0.459139,0.600261,0.295589,,lockin:lockin::None:14.992863136086896:16:8:binary:0,lockin,,,14.992863,16
nagaoka_fireworks_I_8,frame_00000.png,frame_00119.png,,,,0,decode失敗,QR未検出,0.577027,0.459139,0.600261,0.295589,,lockin:lockin::None:14.992863136086896:16:16:binary:0,lockin,,,14.992863,16
nagaoka_fireworks_I_8,frame_00000.png,frame_00119.png,,,,0,decode失敗,QR未検出,0.163520,0.233939,0.502660,0.457769,,lockin:lockin::None:29.996431568043448:2:4:binary:0,lockin,,,29.996432,2
nagaoka_fireworks_I_8,frame_00000.png,frame_00119.png,,,,0,decode失敗,QR未検出,0.163520,0.233939,0.502660,0.457769,,lockin:lockin::None:29.996431568043448:2:8:binary:0,lockin,,,29.996432,2
nagaoka_fireworks_I_8,frame_00000.png,frame_00119.png,,,,0,decode失敗,QR未検出,0.163520,0.233939,0.502660,0.457769,,lockin:lockin::None:29.996431568043448:2:16:binary:0,lockin,,,29.996432,2
nagaoka_fireworks_I_8,frame_00000.png,frame_00119.png,,,,0,decode失敗,QR未検出,0.693782,0.473123,0.608919,0.316842,,lockin:lockin::None:29.996431568043448:4:4:binary:0,lockin,,,29.996432,4
nagaoka_fireworks_I_8,frame_00000.png,frame_00119.png,,,,0,decode失敗,QR未検出,0.693782,0.473123,0.608919,0.316842,,lockin:lockin::None:29.996431568043448:4:8:binary:0,lockin,,,29.996432,4
nagaoka_fireworks_I_8,frame_00000.png,frame_00119.png,,,,0,decode失敗,QR未検出,0.693782,0.473123,0.608919,0.316842,,lockin:lockin::None:29.996431568043448:4:16:binary:0,lockin,,,29.996432,4
nagaoka_fireworks_I_8,frame_00000.png,frame_00119.png,,,,0,decode失敗,QR未検出,0.589813,0.582370,0.697975,0.168406,,lockin:lockin::None:29.996431568043448:6:4:binary:0,lockin,,,29.996432,6
nagaoka_fireworks_I_8,frame_00000.png,frame_00119.png,,,,0,decode失敗,QR未検出,0.589813,0.582370,0.697975,0.168406,,lockin:lockin::None:29.996431568043448:6:8:binary:0,lockin,,,29.996432,6
nagaoka_fireworks_I_8,frame_00000.png,frame_00119.png,,,,0,decode失敗,QR未検出,0.589813,0.582370,0.697975,0.168406,,lockin:lockin::None:29.996431568043448:6:16:binary:0,lockin,,,29.996432,6
nagaoka_fireworks_I_8,frame_00000.png,frame_00119.png,,,,0,decode失敗,QR未検出,0.513437,0.674643,0.733856,0.086712,,lockin:lockin::None:29.996431568043448:8:4:binary:0,lockin,,,29.996432,8
nagaoka_fireworks_I_8,frame_00000.png,frame_00119.png,,,,0,decode失敗,QR未検出,0.513437,0.674643,0.733856,0.086712,,lockin:lockin::None:29.996431568043448:8:8:binary:0,lockin,,,29.996432,8
nagaoka_fireworks_I_8,frame_00000.png,frame_00119.png,,,,0,decode失敗,QR未検出,0.513437,0.674643,0.733856,0.086712,,lockin:lockin::None:29.996431568043448:8:16:binary:0,lockin,,,29.996432,8
nagaoka_fireworks_I_8,frame_00000.png,frame_00119.png,nagaoka_fireworks_I_8/rgb_max_lockin_f300_ps8_th10/00000-00119-FRAME_rgbmax_scale1.00.png,,,0,decode失敗,QR未検出,0.441565,0.737880,0.740700,0.046444,,lockin:lockin::None:29.996431568043448:10:4:binary:0,lockin,,,29.996432,10
nagaoka_fireworks_I_8,frame_00000.png,frame_00119.png,nagaoka_fireworks_I_8/rgb_max_lockin_f300_ps8_th10/00000-00119-FRAME_rgbmax_scale1.00.png,,,0,decode失敗,QR未検出,0.441565,0.737880,0.740700,0.046444,,lockin:lockin::None:29.996431568043448:10:8:binary:0,lockin,,,29.996432,10
nagaoka_fireworks_I_8,frame_00000.png,frame_00119.png,nagaoka_fireworks_I_8/rgb_max_lockin_f300_ps8_th10/00000-00119-FRAME_rgbmax_scale1.00.png,,,0,decode失敗,QR未検出,0.441565,0.737880,0.740700,0.046444,,lockin:lockin::None:29.996431568043448:10:16:binary:0,lockin,,,29.996432,10
nagaoka_fireworks_I_8,frame_00000.png,frame_00119.png,nagaoka_fireworks_I_8/rgb_max_lockin_f300_ps16_th12/00000-00119-FRAME_rgbmax_scale1.00.png,,,0,decode失敗,QR未検出,0.380783,0.778852,0.736335,0.028233,,lockin:lockin::None:29.996431568043448:12:4:binary:0,lockin,,,29.996432,12
nagaoka_fireworks_I_8,frame_00000.png,frame_00119.png,nagaoka_fireworks_I_8/rgb_max_lockin_f300_ps16_th12/00000-00119-FRAME_rgbmax_scale1.00.png,,,0,decode失敗,QR未検出,0.380783,0.778852,0.736335,0.028233,,lockin:lockin::None:29.996431568043448:12:8:binary:0,lockin,,,29.996432,12
nagaoka_fireworks_I_8,frame_00000.png,frame_00119.png,nagaoka_fireworks_I_8/rgb_max_lockin_f300_ps16_th12/00000-00119-FRAME_rgbmax_scale1.00.png,,,0,decode失敗,QR未検出,0.380783,0.778852,0.736335,0.028233,,lockin:lockin::None:29.996431568043448:12:16:binary:0,lockin,,,29.996432,12
nagaoka_fireworks_I_8,frame_00000.png,frame_00119.png,,,,0,decode失敗,QR未検出,0.289590,0.832741,0.721386,0.013801,,lockin:lockin::None:29.996431568043448:16:4:binary:0,lockin,,,29.996432,16
nagaoka_fireworks_I_8,frame_00000.png,frame_00119.png,,,,0,decode失敗,QR未検出,0.289590,0.832741,0.721386,0.013801,,lockin:lockin::None:29.996431568043448:16:8:binary:0,lockin,,,29.996432,16
nagaoka_fireworks_I_8,frame_00000.png,frame_00119.png,,,,0,decode失敗,QR未検出,0.289590,0.832741,0.721386,0.013801,,lockin:lockin::None:29.996431568043448:16:16:binary:0,lockin,,,29.996432,16
nagaoka_fireworks_I_12,frame_00000.png,frame_00119.png,,,,0,decode失敗,QR未検出,0.007631,0.042695,0.578235,0.219624,,lockin:lockin::None:10.003568431956552:2:4:binary:0,lockin,,,10.003568,2
nagaoka_fireworks_I_12,frame_00000.png,frame_00119.png,,,,0,decode失敗,QR未検出,0.007631,0.042695,0.578235,0.219624,,lockin:lockin::None:10.003568431956552:2:8:binary:0,lockin,,,10.003568,2
nagaoka_fireworks_I_12,frame_00000.png,frame_00119.png,,,,0,decode失敗,QR未検出,0.007631,0.042695,0.578235,0.219624,,lockin:lockin::None:10.003568431956552:2:16:binary:0,lockin,,,10.003568,2
nagaoka_fireworks_I_12,frame_00000.png,frame_00119.png,,,,0,decode失敗,QR未検出,0.030760,0.077027,0.515031,0.429070,,lockin:lockin::None:10.003568431956552:4:4:binary:0,lockin,,,10.003568,4
nagaoka_fireworks_I_12,frame_00000.png,frame_00119.png,,,,0,decode失敗,QR未検出,0.030760,0.077027,0.515031,0.429070,,lockin:lockin::None:10.003568431956552:4:8:binary:0,lockin,,,10.003568,4
nagaoka_fireworks_I_12,frame_00000.png,frame_00119.png,,,,0,decode失敗,QR未検出,0.030760,0.077027,0.515031,0.429070,,lockin:lockin::None:10.003568431956552:4:16:binary:0,lockin,,,10.003568,4
nagaoka_fireworks_I_12,frame_00000.png,frame_00119.png,,,,0,decode失敗,QR未検出,0.933007,0.443110,0.550646,0.445979,,lockin:lockin::None:10.003568431956552:6:4:binary:0,lockin,,,10.003568,6
nagaoka_fireworks_I_12,frame_00000.png,frame_00119.png,,,,0,decode失敗,QR未検出,0.933007,0.443110,0.550646,0.445979,,lockin:lockin::None:10.003568431956552:6:8:binary:0,lockin,,,10.003568,6
nagaoka_fireworks_I_12,frame_00000.png,frame_00119.png,,,,0,decode失敗,QR未検出,0.933007,0.443110,0.550646,0.445979,,lockin:lockin::None:10.003568431956552:6:16:binary:0,lockin,,,10.003568,6
nagaoka_fireworks_I_12,frame_00000.png,frame_00119.png,,,,0,decode失敗,QR未検出,0.873775,0.484568,0.617317,0.339356,,lockin:lockin::None:10.003568431956552:8:4:binary:0,lockin,,,10.003568,8
nagaoka_fireworks_I_12,frame_00000.png,frame_00119.png,,,,0,decode失敗,QR未検出,0.873775,0.484568,0.617317,0.339356,,lockin:lockin::None:10.003568431956552:8:8:binary:0,lockin,,,10.003568,8
nagaoka_fireworks_I_12,frame_00000.png,frame_00119.png,,,,0,decode失敗,QR未検出,0.873775,0.484568,0.617317,0.339356,,lockin:lockin::None:10.003568431956552:8:16:binary:0,lockin,,,10.003568,8
nagaoka_fireworks_I_12,frame_00000.png,frame_00119.png,nagaoka_fireworks_I_12/rgb_max_lockin_f300_ps16_th10/00000-00119-FRAME_rgbmax_scale1.00.png,,,0,decode失敗,QR未検出,0.798355,0.539488,0.679859,0.241044,,lockin:lockin::None:10.003568431956552:10:4:binary:0,lockin,,,10.003568,10
nagaoka_fireworks_I_12,frame_00000.png,frame_00119.png,nagaoka_fireworks_I_12/rgb_max_lockin_f300_ps16_th10/00000-00119-FRAME_rgbmax_scale1.00.png,,,0,decode失敗,QR未検出,0.798355,0.539488,0.679859,0.241044,,lockin:lockin::None:10.003568431956552:10:8:binary:0,lockin,,,10.003568,10
nagaoka_fireworks_I_12,frame_00000.png,frame_00119.png,nagaoka_fireworks_I_12/rgb_max_lockin_f300_ps16_th10/00000-00119-FRAME_rgbmax_scale1.00.png,,,0,decode失敗,QR未検出,0.798355,0.539488,0.679859,0.241044,,lockin:lockin::None:10.003568431956552:10:16:binary:0,lockin,,,10.003568,10
nagaoka_fireworks_I_12,frame_00000.png,frame_00119.png,nagaoka_fireworks_I_12/rgb_max_lockin_f300_ps8_th12/00000-00119-FRAME_rgbmax_scale1.00.png,,,0,decode失敗,QR未検出,0.707731,0.601530,0.724100,0.159122,,lockin:lockin::None:10.003568431956552:12:4:binary:0,lockin,,,10.003568,12
nagaoka_fireworks_I_12,frame_00000.png,frame_00119.png,nagaoka_fireworks_I_12/rgb_max_lockin_f300_ps8_th12/00000-00119-FRAME_rgbmax_scale1.00.png,,,0,decode失敗,QR未検出,0.707731,0.601530,0.724100,0.159122,,lockin:lockin::None:10.003568431956552:12:8:binary:0,lockin,,,10.003568,12
nagaoka_fireworks_I_12,frame_00000.png,frame_00119.png,nagaoka_fireworks_I_12/rgb_max_lockin_f300_ps8_th12/00000-00119-FRAME_rgbmax_scale1.00.png,,,0,decode失敗,QR未検出,0.707731,0.601530,0.724100,0.159122,,lockin:lockin::None:10.003568431956552:12:16:binary:0,lockin,,,10.003568,12
nagaoka_fireworks_I_12,frame_00000.png,frame_00119.png,,,,0,decode失敗,QR未検出,0.500932,0.706162,0.743523,0.062627,,lockin:lockin::None:10.003568431956552:16:4:binary:0,lockin,,,10.003568,16
nagaoka_fireworks_I_12,frame_00000.png,frame_00119.png,,,,0,decode失敗,QR未検出,0.500932,0.706162,0.743523,0.062627,,lockin:lockin::None:10.003568431956552:16:8:binary:0,lockin,,,10.003568,16
nagaoka_fireworks_I_12,frame_00000.png,frame_00119.png,,,,0,decode失敗,QR未検出,0.500932,0.706162,0.743523,0.062627,,lockin:lockin::None:10.003568431956552:16:16:binary:0,lockin,,,10.003568,16
nagaoka_fireworks_I_12,frame_00000.png,frame_00119.png,,,,0,decode失敗,QR未検出,0.008113,0.042235,0.573736,0.252404,,lockin:lockin::None:14.992863136086896:2:4:binary:0,lockin,,,14.992863,2
nagaoka_fireworks_I_12,frame_00000.png,frame_00119.png,,,,0,decode失敗,QR未検出,0.008113,0.042235,0.573736,0.252404,,lockin:lockin::None:14.992863136086896:2:8:binary:0,lockin,,,14.992863,2
nagaoka_fireworks_I_12,frame_00000.png,frame_00119.png,,,,0,decode失敗,QR未検出,0.008113,0.042235,0.573736,0.252404,,lockin:lockin::None:14.992863136086896:2:16:binary:0,lockin,,,14.992863,2
nagaoka_fireworks_I_12,frame_00000.png,frame_00119.png,,,,0,decode失敗,QR未検出,0.035847,0.083779,0.508374,0.454172,,lockin:lockin::None:14.992863136086896:4:4:binary:0,lockin,,,14.992863,4
nagaoka_fireworks_I_12,frame_00000.png,frame_00119.png,,,,0,decode失敗,QR未検出,0.035847,0.083779,0.508374,0.454172,,lockin:lockin::None:14.992863136086896:4:8:binary:0,lockin,,,14.992863,4
nagaoka_fireworks_I_12,frame_00000.png,frame_00119.png,,,,0,decode失敗,QR未検出,0.035847,0.083779,0.508374,0.454172,,lockin:lockin::None:14.992863136086896:4:16:binary:0,lockin,,,14.992863,4
nagaoka_fireworks_I_12,frame_00000.png,frame_00119.png,,,,0,decode失敗,QR未検出,0.927635,0.448394,0.560089,0.426364,,lockin:lockin::None:14.992863136086896:6:4:binary:0,lockin,,,14.992863,6
nagaoka_fireworks_I_12,frame_00000.png,frame_00119.png,,,,0,decode失敗,QR未検出,0.927635,0.448394,0.560089,0.426364,,lockin:lockin::None:14.992863136086896:6:8:binary:0,lockin,,,14.992863,6
nagaoka_fireworks_I_12,frame_00000.png,frame_00119.png,,,,0,decode失敗,QR未検出,0.927635,0.448394,0.560089,0.426364,,lockin:lockin::None:14.992863136086896:6:16:binary:0,lockin,,,14.992863,6
nagaoka_fireworks_I_12,frame_00000.png,frame_00119.png,,,,0,decode失敗,QR未検出,0.866323,0.493568,0.629308,0.321816,,lockin:lockin::None:14.992863136086896:8:4:binary:0,lockin,,,14.992863,8
nagaoka_fireworks_I_12,frame_00000.png,frame_00119.png,,,,0,decode失敗,QR未検出,0.866323,0.493568,0.629308,0.321816,,lockin:lockin::None:14.992863136086896:8:8:binary:0,lockin,,,14.992863,8
nagaoka_fireworks_I_12,frame_00000.png,frame_00119.png,,,,0,decode失敗,QR未検出,0.866323,0.493568,0.629308,0.321816,,lockin:lockin::None:14.992863136086896:8:16:binary:0,lockin,,,14.992863,8
nagaoka_fireworks_I_12,frame_00000.png,frame_00119.png,nagaoka_fireworks_I_12/rgb_max_lockin_f300_ps16_th10/00000-00119-FRAME_rgbmax_scale1.00.png,,,0,decode失敗,QR未検出,0.781684,0.549043,0.688116,0.226314,,lockin:lockin::None:14.992863136086896:10:4:binary:0,lockin,,,14.992863,10
nagaoka_fireworks_I_12,frame_00000.png,frame_00119.png,nagaoka_fireworks_I_12/rgb_max_lockin_f300_ps16_th10/00000-00119-FRAME_rgbmax_scale1.00.png,,,0,decode失敗,QR未検出,0.781684,0.549043,0.688116,0.226314,,lockin:lockin::None:14.992863136086896:10:8:binary:0,lockin,,,14.992863,10
nagaoka_fireworks_I_12,frame_00000.png,frame_00119.png,nagaoka_fireworks_I_12/rgb_max_lockin_f300_ps16_th10/00000-00119-FRAME_rgbmax_scale1.00.png,,,0,decode失敗,QR未検出,0.781684,0.549043,0.688116,0.226314,,lockin:lockin::None:14.992863136086896:10:16:binary:0,lockin,,,14.992863,10
nagaoka_fireworks_I_12,frame_00000.png,frame_00119.png,nagaoka_fireworks_I_12/rgb_max_lockin_f300_ps8_th12/00000-00119-FRAME_rgbmax_scale1.00.png,,,0,decode失敗,QR未検出,0.676687,0.602689,0.721085,0.147880,,lockin:lockin::None:14.992863136086896:12:4:binary:0,lockin,,,14.992863,12
nagaoka_fireworks_I_12,frame_00000.png,frame_00119.png,nagaoka_fireworks_I_12/rgb_max_lockin_f300_ps8_th12/00000-00119-FRAME_rgbmax_scale1.00.png,,,0,decode失敗,QR未検出,0.676687,0.602689,0.721085,0.147880,,lockin:lockin::None:14.992863136086896:12:8:binary:0,lockin,,,14.992863,12
nagaoka_fireworks_I_12,frame_00000.png,frame_00119.png,nagaoka_fireworks_I_12/rgb_max_lockin_f300_ps8_th12/00000-00119-FRAME_rgbmax_scale1.00.png,,,0,decode失敗,QR未検出,0.676687,0.602689,0.721085,0.147880,,lockin:lockin::None:14.992863136086896:12:16:binary:0,lockin,,,14.992863,12
nagaoka_fireworks_I_12,frame_00000.png,frame_00119.png,,,,0,decode失敗,QR未検出,0.471219,0.691489,0.732101,0.060623,,lockin:lockin::None:14.992863136086896:16:4:binary:0,lockin,,,14.992863,16
nagaoka_fireworks_I_12,frame_00000.png,frame_00119.png,,,,0,decode失敗,QR未検出,0.471219,0.691489,0.732101,0.060623,,lockin:lockin::None:14.992863136086896:16:8:binary:0,lockin,,,14.992863,16
nagaoka_fireworks_I_12,frame_00000.png,frame_00119.png,,,,0,decode失敗,QR未検出,0.471219,0.691489,0.732101,0.060623,,lockin:lockin::None:14.992863136086896:16:16:binary:0,lockin,,,14.992863,16
nagaoka_fireworks_I_12,frame_00000.png,frame_00119.png,,,,0,decode失敗,QR未検出,0.897261,0.622097,0.765170,0.117163,,lockin:lockin::None:29.996431568043448:2:4:binary:0,lockin,,,29.996432,2
nagaoka_fireworks_I_12,frame_00000.png,frame_00119.png,,,,0,decode失敗,QR未検出,0.897261,0.622097,0.765170,0.117163,,lockin:lockin::None:29.996431568043448:2:8:binary:0,lockin,,,29.996432,2
nagaoka_fireworks_I_12,frame_00000.png,frame_00119.png,,,,0,decode失敗,QR未検出,0.897261,0.622097,0.765170,0.117163,,lockin:lockin::None:29.996431568043448:2:16:binary:0,lockin,,,29.996432,2
nagaoka_fireworks_I_12,frame_00000.png,frame_00119.png,,,,0,decode失敗,QR未検出,0.838942,0.730250,0.829274,0.059845,,lockin:lockin::None:29.996431568043448:4:4:binary:0,lockin,,,29.996432,4
nagaoka_fireworks_I_12,frame_00000.png,frame_00119.png,,,,0,decode失敗,QR未検出,0.838942,0.730250,0.829274,0.059845,,lockin:lockin::None:29.996431568043448:4:8:binary:0,lockin,,,29.996432,4
nagaoka_fireworks_I_12,frame_00000.png,frame_00119.png,,,,0,decode失敗,QR未検出,0.838942,0.730250,0.829274,0.059845,,lockin:lockin::None:29.996431568043448:4:16:binary:0,lockin,,,29.996432,4
nagaoka_fireworks_I_12,frame_00000.png,frame_00119.png,,,,0,decode失敗,QR未検出,0.802723,0.798840,0.855209,0.038624,,lockin:lockin::None:29.996431568043448:6:4:binary:0,lockin,,,29.996432,6
nagaoka_fireworks_I_12,frame_00000.png,frame_00119.png,,,,0,decode失敗,QR未検出,0.802723,0.798840,0.855209,0.038624,,lockin:lockin::None:29.996431568043448:6:8:binary:0,lockin,,,29.996432,6
nagaoka_fireworks_I_12,frame_00000.png,frame_00119.png,,,,0,decode失敗,QR未検出,0.802723,0.798840,0.855209,0.038624,,lockin:lockin::None:29.996431568043448:6:16:binary:0,lockin,,,29.996432,6
nagaoka_fireworks_I_12,frame_00000.png,frame_00119.png,,,,0,decode失敗,QR未検出,0.773986,0.850052,0.868575,0.026013,,lockin:lockin::None:29.996431568043448:8:4:binary:0,lockin,,,29.996432,8
nagaoka_fireworks_I_12,frame_00000.png,frame_00119.png,,,,0,decode失敗,QR未検出,0.773986,0.850052,0.868575,0.026013,,lockin:lockin::None:29.996431568043448:8:8:binary:0,lockin,,,29.996432,8
nagaoka_fireworks_I_12,frame_00000.png,frame_00119.png,,,,0,decode失敗,QR未検出,0.773986,0.850052,0.868575,0.026013,,lockin:lockin::None:29.996431568043448:8:16:binary:0,lockin,,,29.996432,8
nagaoka_fireworks_I_12,frame_00000.png,frame_00119.png,nagaoka_fireworks_I_12/rgb_max_lockin_f300_ps16_th10/00000-00119-FRAME_rgbmax_scale1.00.png,,,0,decode失敗,QR未検出,0.745789,0.884861,0.872668,0.018479,,lockin:lockin::None:29.996431568043448:10:4:binary:0,lockin,,,29.996432,10
nagaoka_fireworks_I_12,frame_00000.png,frame_00119.png,nagaoka_fireworks_I_12/rgb_max_lockin_f300_ps16_th10/00000-00119-FRAME_rgbmax_scale1.00.png,,,0,decode失敗,QR未検出,0.745789,0.884861,0.872668,0.018479,,lockin:lockin::None:29.996431568043448:10:8:binary:0,lockin,,,29.996432,10
nagaoka_fireworks_I_12,frame_00000.png,frame_00119.png,nagaoka_fireworks_I_12/rgb_max_lockin_f300_ps16_th10/00000-00119-FRAME_rgbmax_scale1.00.png,,,0,decode失敗,QR未検出,0.745789,0.884861,0.872668,0.018479,,lockin:lockin::None:29.996431568043448:10:16:binary:0,lockin,,,29.996432,10
nagaoka_fireworks_I_12,frame_00000.png,frame_00119.png,nagaoka_fireworks_I_12/rgb_max_lockin_f300_ps8_th12/00000-00119-FRAME_rgbmax_scale1.00.png,,,0,decode失敗,QR未検出,0.719571,0.910276,0.872631,0.013484,,lockin:lockin::None:29.996431568043448:12:4:binary:0,lockin,,,29.996432,12
nagaoka_fireworks_I_12,frame_00000.png,frame_00119.png,nagaoka_fireworks_I_12/rgb_max_lockin_f300_ps8_th12/00000-00119-FRAME_rgbmax_scale1.00.png,,,0,decode失敗,QR未検出,0.719571,0.910276,0.872631,0.013484,,lockin:lockin::None:29.996431568043448:12:8:binary:0,lockin,,,29.996432,12
nagaoka_fireworks_I_12,frame_00000.png,frame_00119.png,nagaoka_fireworks_I_12/rgb_max_lockin_f300_ps8_th12/00000-00119-FRAME_rgbmax_scale1.00.png,,,0,decode失敗,QR未検出,0.719571,0.910276,0.872631,0.013484,,lockin:lockin::None:29.996431568043448:12:16:binary:0,lockin,,,29.996432,12
nagaoka_fireworks_I_12,frame_00000.png,frame_00119.png,,,,0,decode失敗,QR未検出,0.672463,0.941818,0.866206,0.007893,,lockin:lockin::None:29.996431568043448:16:4:binary:0,lockin,,,29.996432,16
nagaoka_fireworks_I_12,frame_00000.png,frame_00119.png,,,,0,decode失敗,QR未検出,0.672463,0.941818,0.866206,0.007893,,lockin:lockin::None:29.996431568043448:16:8:binary:0,lockin,,,29.996432,16
nagaoka_fireworks_I_12,frame_00000.png,frame_00119.png,,,,0,decode失敗,QR未検出,0.672463,0.941818,0.866206,0.007893,,lockin:lockin::None:29.996431568043448:16:16:binary:0,lockin,,,29.996432,16
hocho_I_4,frame_00000.png,frame_00119.png,,,,0,decode失敗,QR未検出,0.001086,0.173077,0.636005,0.003387,,lockin:lockin::None:10.003568431956552:2:4:binary:0,lockin,,,10.003568,2
hocho_I_4,frame_00000.png,frame_00119.png,,,,0,decode失敗,QR未検出,0.001086,0.173077,0.636005,0.003387,,lockin:lockin::None:10.003568431956552:2:8:binary:0,lockin,,,10.003568,2
hocho_I_4,frame_00000.png,frame_00119.png,,,,0,decode失敗,QR未検出,0.001086,0.173077,0.636005,0.003387,,lockin:lockin::None:10.003568431956552:2:16:binary:0,lockin,,,10.003568,2
hocho_I_4,frame_00000.png,frame_00119.png,,,,0,decode失敗,QR未検出,0.014523,0.348385,0.632910,0.024191,,lockin:lockin::None:10.003568431956552:4:4:binary:0,lockin,,,10.003568,4
hocho_I_4,frame_00000.png,frame_00119.png,,,,0,decode失敗,QR未検出,0.014523,0.348385,0.632910,0.024191,,lockin:lockin::None:10.003568431956552:4:8:binary:0,lockin,,,10.003568,4
hocho_I_4,frame_00000.png,frame_00119.png,,,,0,decode失敗,QR未検出,0.014523,0.348385,0.632910,0.024191,,lockin:lockin::None:10.003568431956552:4:16:binary:0,lockin,,,10.003568,4
hocho_I_4,frame_00000.png,frame_00119.png,,,,0,decode失敗,QR未検出,0.043599,0.347076,0.623565,0.078107,,lockin:lockin::None:10.003568431956552:6:4:binary:0,lockin,,,10.003568,6
hocho_I_4,frame_00000.png,frame_00119.png,,,,0,decode失敗,QR未検出,0.043599,0.347076,0.623565,0.078107,,lockin:lockin::None:10.003568431956552:6:8:binary:0,lockin,,,10.003568,6
hocho_I_4,frame_00000.png,frame_00119.png,,,,0,decode失敗,QR未検出,0.043599,0.347076,0.623565,0.078107,,lockin:lockin::None:10.003568431956552:6:16:binary:0,lockin,,,10.003568,6
hocho_I_4,frame_00000.png,frame_00119.png,,,,0,decode失敗,QR未検出,0.077100,0.337381,0.610549,0.153024,,lockin:lockin::None:10.003568431956552:8:4:binary:0,lockin,,,10.003568,8
hocho_I_4,frame_00000.png,frame_00119.png,,,,0,decode失敗,QR未検出,0.077100,0.337381,0.610549,0.153023,,lockin:lockin::None:10.003568431956552:8:8:binary:0,lockin,,,10.003568,8
hocho_I_4,frame_00000.png,frame_00119.png,,,,0,decode失敗,QR未検出,0.077100,0.337381,0.610549,0.153023,,lockin:lockin::None:10.003568431956552:8:16:binary:0,lockin,,,10.003568,8
hocho_I_4,frame_00000.png,frame_00119.png,,,,0,decode失敗,QR未検出,0.117421,0.326915,0.592419,0.231436,,lockin:lockin::None:10.003568431956552:10:4:binary:0,lockin,,,10.003568,10
hocho_I_4,frame_00000.png,frame_00119.png,,,,0,decode失敗,QR未検出,0.117421,0.326915,0.592419,0.231435,,lockin:lockin::None:10.003568431956552:10:8:binary:0,lockin,,,10.003568,10
hocho_I_4,frame_00000.png,frame_00119.png,,,,0,decode失敗,QR未検出,0.117421,0.326915,0.592419,0.231435,,lockin:lockin::None:10.003568431956552:10:16:binary:0,lockin,,,10.003568,10
hocho_I_4,frame_00000.png,frame_00119.png,,,,0,decode失敗,QR未検出,0.171155,0.321117,0.568367,0.308403,,lockin:lockin::None:10.003568431956552:12:4:binary:0,lockin,,,10.003568,12
hocho_I_4,frame_00000.png,frame_00119.png,,,,0,decode失敗,QR未検出,0.171155,0.321117,0.568367,0.308403,,lockin:lockin::None:10.003568431956552:12:8:binary:0,lockin,,,10.003568,12
hocho_I_4,frame_00000.png,frame_00119.png,,,,0,decode失敗,QR未検出,0.171155,0.321117,0.568367,0.308403,,lockin:lockin::None:10.003568431956552:12:16:binary:0,lockin,,,10.003568,12
hocho_I_4,frame_00000.png,frame_00119.png,hocho_I_4/rgb_max_lockin_f300_ps8_th16/00000-00119-FRAME_rgbmax_scale1.00.png,,,0,decode失敗,QR未検出,0.316223,0.322158,0.510930,0.458529,,lockin:lockin::None:10.003568431956552:16:4:binary:0,lockin,,,10.003568,16
hocho_I_4,frame_00000.png,frame_00119.png,hocho_I_4/rgb_max_lockin_f300_ps8_th16/00000-00119-FRAME_rgbmax_scale1.00.png,,,0,decode失敗,QR未検出,0.316223,0.322158,0.510930,0.458529,,lockin:lockin::None:10.003568431956552:16:8:binary:0,lockin,,,10.003568,16
hocho_I_4,frame_00000.png,frame_00119.png,hocho_I_4/rgb_max_lockin_f300_ps8_th16/00000-00119-FRAME_rgbmax_scale1.00.png,,,0,decode失敗,QR未検出,0.316223,0.322158,0.510930,0.458529,,lockin:lockin::None:10.003568431956552:16:16:binary:0,lockin,,,10.003568,16
hocho_I_4,frame_00000.png,frame_00119.png,,,,0,decode失敗,QR未検出,0.002293,0.189621,0.634772,0.005668,,lockin:lockin::None:14.992863136086896:2:4:binary:0,lockin,,,14.992863,2
hocho_I_4,frame_00000.png,frame_00119.png,,,,0,decode失敗,QR未検出,0.002293,0.189621,0.634772,0.005668,,lockin:lockin::None:14.992863136086896:2:8:binary:0,lockin,,,14.992863,2
hocho_I_4,frame_00000.png,frame_00119.png,,,,0,decode失敗,QR未検出,0.002293,0.189621,0.634772,0.005668,,lockin:lockin::None:14.992863136086896:2:16:binary:0,lockin,,,14.992863,2
hocho_I_4,frame_00000.png,frame_00119.png,,,,0,decode失敗,QR未検出,0.022613,0.316042,0.627950,0.048754,,lockin:lockin::None:14.992863136086896:4:4:binary:0,lockin,,,14.992863,4
hocho_I_4,frame_00000.png,frame_00119.png,,,,0,decode失敗,QR未検出,0.022613,0.316042,0.627950,0.048754,,lockin:lockin::None:14.992863136086896:4:8:binary:0,lockin,,,14.992863,4
hocho_I_4,frame_00000.png,frame_00119.png,,,,0,decode失敗,QR未検出,0.022613,0.316042,0.627950,0.048754,,lockin:lockin::None:14.992863136086896:4:16:binary:0,lockin,,,14.992863,4
hocho_I_4,frame_00000.png,frame_00119.png,,,,0,decode失敗,QR未検出,0.063141,0.328083,0.613505,0.132272,,lockin:lockin::None:14.992863136086896:6:4:binary:0,lockin,,,14.992863,6
hocho_I_4,frame_00000.png,frame_00119.png,,,,0,decode失敗,QR未検出,0.063141,0.328083,0.613505,0.132272,,lockin:lockin::None:14.992863136086896:6:8:binary:0,lockin,,,14.992863,6
hocho_I_4,frame_00000.png,frame_00119.png,,,,0,decode失敗,QR未検出,0.063141,0.328083,0.613505,0.132272,,lockin:lockin::None:14.992863136086896:6:16:binary:0,lockin,,,14.992863,6
hocho_I_4,frame_00000.png,frame_00119.png,,,,0,decode失敗,QR未検出,0.109969,0.315668,0.590936,0.224743,,lockin:lockin::None:14.992863136086896:8:4:binary:0,lockin,,,14.992863,8
hocho_I_4,frame_00000.png,frame_00119.png,,,,0,decode失敗,QR未検出,0.109969,0.315668,0.590936,0.224741,,lockin:lockin::None:14.992863136086896:8:8:binary:0,lockin,,,14.992863,8
hocho_I_4,frame_00000.png,frame_00119.png,,,,0,decode失敗,QR未検出,0.109969,0.315668,0.590936,0.224741,,lockin:lockin::None:14.992863136086896:8:16:binary:0,lockin,,,14.992863,8
hocho_I_4,frame_00000.png,frame_00119.png,,,,0,decode失敗,QR未検出,0.173742,0.318239,0.565548,0.313468,,lockin:lockin::None:14.992863136086896:10:4:binary:0,lockin,,,14.992863,10
hocho_I_4,frame_00000.png,frame_00119.png,,,,0,decode失敗,QR未検出,0.173742,0.318239,0.565548,0.313468,,lockin:lockin::None:14.992863136086896:10:8:binary:0,lockin,,,14.992863,10
hocho_I_4,frame_00000.png,frame_00119.png,,,,0,decode失敗,QR未検出,0.173742,0.318239,0.565548,0.313467,,lockin:lockin::None:14.992863136086896:10:16:binary:0,lockin,,,14.992863,10
hocho_I_4,frame_00000.png,frame_00119.png,,,,0,decode失敗,QR未検出,0.261552,0.327049,0.537212,0.399822,,lockin:lockin::None:14.992863136086896:12:4:binary:0,lockin,,,14.992863,12
hocho_I_4,frame_00000.png,frame_00119.png,,,,0,decode失敗,QR未検出,0.261552,0.327049,0.537212,0.399822,,lockin:lockin::None:14.992863136086896:12:8:binary:0,lockin,,,14.992863,12
hocho_I_4,frame_00000.png,frame_00119.png,,,,0,decode失敗,QR未検出,0.261552,0.327049,0.537212,0.399822,,lockin:lockin::None:14.992863136086896:12:16:binary:0,lockin,,,14.992863,12
hocho_I_4,frame_00000.png,frame_00119.png,hocho_I_4/rgb_max_lockin_f300_ps8_th16/00000-00119-FRAME_rgbmax_scale1.00.png,,,0,decode失敗,QR未検出,0.536421,0.389744,0.527472,0.427451,,lockin:lockin::None:14.992863136086896:16:4:binary:0,lockin,,,14.992863,16
hocho_I_4,frame_00000.png,frame_00119.png,hocho_I_4/rgb_max_lockin_f300_ps8_th16/00000-00119-FRAME_rgbmax_scale1.00.png,,,0,decode失敗,QR未検出,0.536421,0.389744,0.527472,0.427451,,lockin:lockin::None:14.992863136086896:16:8:binary:0,lockin,,,14.992863,16
hocho_I_4,frame_00000.png,frame_00119.png,hocho_I_4/rgb_max_lockin_f300_ps8_th16/00000-00119-FRAME_rgbmax_scale1.00.png,,,0,decode失敗,QR未検出,0.536421,0.389744,0.527472,0.427451,,lockin:lockin::None:14.992863136086896:16:16:binary:0,lockin,,,14.992863,16
hocho_I_4,frame_00000.png,frame_00119.png,,,,0,decode失敗,QR未検出,0.029674,0.341461,0.627504,0.060692,,lockin:lockin::None:29.996431568043448:2:4:binary:0,lockin,,,29.996432,2
hocho_I_4,frame_00000.png,frame_00119.png,,,,0,decode失敗,QR未検出,0.029674,0.341461,0.627504,0.060692,,lockin:lockin::None:29.996431568043448:2:8:binary:0,lockin,,,29.996432,2
hocho_I_4,frame_00000.png,frame_00119.png,,,,0,decode失敗,QR未検出,0.029674,0.341461,0.627504,0.060692,,lockin:lockin::None:29.996431568043448:2:16:binary:0,lockin,,,29.996432,2
hocho_I_4,frame_00000.png,frame_00119.png,,,,0,decode失敗,QR未検出,0.104187,0.309690,0.591074,0.220320,,lockin:lockin::None:29.996431568043448:4:4:binary:0,lockin,,,29.996432,4
hocho_I_4,frame_00000.png,frame_00119.png,,,,0,decode失敗,QR未検出,0.104182,0.309680,0.591072,0.220320,,lockin:lockin::None:29.996431568043448:4:8:binary:0,lockin,,,29.996432,4
hocho_I_4,frame_00000.png,frame_00119.png,,,,0,decode失敗,QR未検出,0.104182,0.309680,0.591072,0.220320,,lockin:lockin::None:29.996431568043448:4:16:binary:0,lockin,,,29.996432,4
hocho_I_4,frame_00000.png,frame_00119.png,,,,0,decode失敗,QR未検出,0.203725,0.290982,0.531394,0.376671,,lockin:lockin::None:29.996431568043448:6:4:binary:0,lockin,,,29.996432,6
hocho_I_4,frame_00000.png,frame_00119.png,,,,0,decode失敗,QR未検出,0.203725,0.290982,0.531394,0.376671,,lockin:lockin::None:29.996431568043448:6:8:binary:0,lockin,,,29.996432,6
hocho_I_4,frame_00000.png,frame_00119.png,,,,0,decode失敗,QR未検出,0.203725,0.290982,0.531394,0.376671,,lockin:lockin::None:29.996431568043448:6:16:binary:0,lockin,,,29.996432,6
hocho_I_4,frame_00000.png,frame_00119.png,,,,0,decode失敗,QR未検出,0.672101,0.413548,0.535627,0.473110,,lockin:lockin::None:29.996431568043448:8:4:binary:0,lockin,,,29.996432,8
hocho_I_4,frame_00000.png,frame_00119.png,,,,0,decode失敗,QR未検出,0.672101,0.413548,0.535627,0.473110,,lockin:lockin::None:29.996431568043448:8:8:binary:0,lockin,,,29.996432,8
hocho_I_4,frame_00000.png,frame_00119.png,,,,0,decode失敗,QR未検出,0.672101,0.413548,0.535627,0.473110,,lockin:lockin::None:29.996431568043448:8:16:binary:0,lockin,,,29.996432,8
hocho_I_4,frame_00000.png,frame_00119.png,,,,0,decode失敗,QR未検出,0.539906,0.440037,0.584152,0.341839,,lockin:lockin::None:29.996431568043448:10:4:binary:0,lockin,,,29.996432,10
hocho_I_4,frame_00000.png,frame_00119.png,,,,0,decode失敗,QR未検出,0.539906,0.440037,0.584152,0.341839,,lockin:lockin::None:29.996431568043448:10:8:binary:0,lockin,,,29.996432,10
hocho_I_4,frame_00000.png,frame_00119.png,,,,0,decode失敗,QR未検出,0.539906,0.440037,0.584152,0.341839,,lockin:lockin::None:29.996431568043448:10:16:binary:0,lockin,,,29.996432,10
hocho_I_4,frame_00000.png,frame_00119.png,,,,0,decode失敗,QR未検出,0.426062,0.467343,0.615907,0.238181,,lockin:lockin::None:29.996431568043448:12:4:binary:0,lockin,,,29.996432,12
hocho_I_4,frame_00000.png,frame_00119.png,,,,0,decode失敗,QR未検出,0.426062,0.467343,0.615907,0.238181,,lockin:lockin::None:29.996431568043448:12:8:binary:0,lockin,,,29.996432,12
hocho_I_4,frame_00000.png,frame_00119.png,,,,0,decode失敗,QR未検出,0.426062,0.467343,0.615907,0.238181,,lockin:lockin::None:29.996431568043448:12:16:binary:0,lockin,,,29.996432,12
hocho_I_4,frame_00000.png,frame_00119.png,hocho_I_4/rgb_max_lockin_f300_ps8_th16/00000-00119-FRAME_rgbmax_scale1.00.png,,,0,decode失敗,QR未検出,0.248926,0.504086,0.638955,0.109049,,lockin:lockin::None:29.996431568043448:16:4:binary:0,lockin,,,29.996432,16
hocho_I_4,frame_00000.png,frame_00119.png,hocho_I_4/rgb_max_lockin_f300_ps8_th16/00000-00119-FRAME_rgbmax_scale1.00.png,,,0,decode失敗,QR未検出,0.248926,0.504086,0.638955,0.109049,,lockin:lockin::None:29.996431568043448:16:8:binary:0,lockin,,,29.996432,16
hocho_I_4,frame_00000.png,frame_00119.png,hocho_I_4/rgb_max_lockin_f300_ps8_th16/00000-00119-FRAME_rgbmax_scale1.00.png,,,0,decode失敗,QR未検出,0.248926,0.504086,0.638955,0.109049,,lockin:lockin::None:29.996431568043448:16:16:binary:0,lockin,,,29.996432,16
hocho_I_8,frame_00000.png,frame_00119.png,,,,0,decode失敗,QR未検出,0.002331,0.206234,0.635085,0.005621,,lockin:lockin::None:10.003568431956552:2:4:binary:0,lockin,,,10.003568,2
hocho_I_8,frame_00000.png,frame_00119.png,,,,0,decode失敗,QR未検出,0.002331,0.206234,0.635085,0.005621,,lockin:lockin::None:10.003568431956552:2:8:binary:0,lockin,,,10.003568,2
hocho_I_8,frame_00000.png,frame_00119.png,,,,0,decode失敗,QR未検出,0.002331,0.206234,0.635085,0.005621,,lockin:lockin::None:10.003568431956552:2:16:binary:0,lockin,,,10.003568,2
hocho_I_8,frame_00000.png,frame_00119.png,,,,0,decode失敗,QR未検出,0.025648,0.330864,0.627987,0.051759,,lockin:lockin::None:10.003568431956552:4:4:binary:0,lockin,,,10.003568,4
hocho_I_8,frame_00000.png,frame_00119.png,,,,0,decode失敗,QR未検出,0.025648,0.330864,0.627987,0.051759,,lockin:lockin::None:10.003568431956552:4:8:binary:0,lockin,,,10.003568,4
hocho_I_8,frame_00000.png,frame_00119.png,,,,0,decode失敗,QR未検出,0.025648,0.330864,0.627987,0.051759,,lockin:lockin::None:10.003568431956552:4:16:binary:0,lockin,,,10.003568,4
hocho_I_8,frame_00000.png,frame_00119.png,,,,0,decode失敗,QR未検出,0.067085,0.336954,0.613958,0.143012,,lockin:lockin::None:10.003568431956552:6:4:binary:0,lockin,,,10.003568,6
hocho_I_8,frame_00000.png,frame_00119.png,,,,0,decode失敗,QR未検出,0.067085,0.336954,0.613958,0.143012,,lockin:lockin::None:10.003568431956552:6:8:binary:0,lockin,,,10.003568,6
hocho_I_8,frame_00000.png,frame_00119.png,,,,0,decode失敗,QR未検出,0.067085,0.336954,0.613958,0.143012,,lockin:lockin::None:10.003568431956552:6:16:binary:0,lockin,,,10.003568,6
hocho_I_8,frame_00000.png,frame_00119.png,,,,0,decode失敗,QR未検出,0.119086,0.322810,0.590101,0.240925,,lockin:lockin::None:10.003568431956552:8:4:binary:0,lockin,,,10.003568,8
hocho_I_8,frame_00000.png,frame_00119.png,,,,0,decode失敗,QR未検出,0.119086,0.322810,0.590101,0.240925,,lockin:lockin::None:10.003568431956552:8:8:binary:0,lockin,,,10.003568,8
hocho_I_8,frame_00000.png,frame_00119.png,,,,0,decode失敗,QR未検出,0.119086,0.322810,0.590101,0.240925,,lockin:lockin::None:10.003568431956552:8:16:binary:0,lockin,,,10.003568,8
hocho_I_8,frame_00000.png,frame_00119.png,hocho_I_8/rgb_max_lockin_f300_ps16_th10/00000-00119-FRAME_rgbmax_scale1.00.png,,,0,decode失敗,QR未検出,0.190003,0.310448,0.553382,0.337713,,lockin:lockin::None:10.003568431956552:10:4:binary:0,lockin,,,10.003568,10
hocho_I_8,frame_00000.png,frame_00119.png,hocho_I_8/rgb_max_lockin_f300_ps16_th10/00000-00119-FRAME_rgbmax_scale1.00.png,,,0,decode失敗,QR未検出,0.190003,0.310448,0.553382,0.337713,,lockin:lockin::None:10.003568431956552:10:8:binary:0,lockin,,,10.003568,10
hocho_I_8,frame_00000.png,frame_00119.png,hocho_I_8/rgb_max_lockin_f300_ps16_th10/00000-00119-FRAME_rgbmax_scale1.00.png,,,0,decode失敗,QR未検出,0.190003,0.310448,0.553382,0.337713,,lockin:lockin::None:10.003568431956552:10:16:binary:0,lockin,,,10.003568,10
hocho_I_8,frame_00000.png,frame_00119.png,hocho_I_8/rgb_max_lockin_f300_ps16_th12/00000-00119-FRAME_rgbmax_scale1.00.png,,,0,decode失敗,QR未検出,0.284648,0.313608,0.514835,0.432994,,lockin:lockin::None:10.003568431956552:12:4:binary:0,lockin,,,10.003568,12
hocho_I_8,frame_00000.png,frame_00119.png,hocho_I_8/rgb_max_lockin_f300_ps16_th12/00000-00119-FRAME_rgbmax_scale1.00.png,,,0,decode失敗,QR未検出,0.284648,0.313608,0.514835,0.432994,,lockin:lockin::None:10.003568431956552:12:8:binary:0,lockin,,,10.003568,12
hocho_I_8,frame_00000.png,frame_00119.png,hocho_I_8/rgb_max_lockin_f300_ps16_th12/00000-00119-FRAME_rgbmax_scale1.00.png,,,0,decode失敗,QR未検出,0.284648,0.313608,0.514835,0.432994,,lockin:lockin::None:10.003568431956552:12:16:binary:0,lockin,,,10.003568,12
hocho_I_8,frame_00000.png,frame_00119.png,,,,0,decode失敗,QR未検出,0.506458,0.406949,0.553533,0.379183,,lockin:lockin::None:10.003568431956552:16:4:binary:0,lockin,,,10.003568,16
hocho_I_8,frame_00000.png,frame_00119.png,,,,0,decode失敗,QR未検出,0.506458,0.406949,0.553533,0.379183,,lockin:lockin::None:10.003568431956552:16:8:binary:0,lockin,,,10.003568,16
hocho_I_8,frame_00000.png,frame_00119.png,,,,0,decode失敗,QR未検出,0.506458,0.406949,0.553533,0.379183,,lockin:lockin::None:10.003568431956552:16:16:binary:0,lockin,,,10.003568,16
hocho_I_8,frame_00000.png,frame_00119.png,,,,0,decode失敗,QR未検出,0.003113,0.189427,0.633792,0.008273,,lockin:lockin::None:14.992863136086896:2:4:binary:0,lockin,,,14.992863,2
hocho_I_8,frame_00000.png,frame_00119.png,,,,0,decode失敗,QR未検出,0.003113,0.189427,0.633792,0.008273,,lockin:lockin::None:14.992863136086896:2:8:binary:0,lockin,,,14.992863,2
hocho_I_8,frame_00000.png,frame_00119.png,,,,0,decode失敗,QR未検出,0.003113,0.189427,0.633792,0.008273,,lockin:lockin::None:14.992863136086896:2:16:binary:0,lockin,,,14.992863,2
hocho_I_8,frame_00000.png,frame_00119.png,,,,0,decode失敗,QR未検出,0.026184,0.296141,0.624424,0.058938,,lockin:lockin::None:14.992863136086896:4:4:binary:0,lockin,,,14.992863,4
hocho_I_8,frame_00000.png,frame_00119.png,,,,0,decode失敗,QR未検出,0.026184,0.296141,0.624424,0.058938,,lockin:lockin::None:14.992863136086896:4:8:binary:0,lockin,,,14.992863,4
hocho_I_8,frame_00000.png,frame_00119.png,,,,0,decode失敗,QR未検出,0.026184,0.296141,0.624424,0.058938,,lockin:lockin::None:14.992863136086896:4:16:binary:0,lockin,,,14.992863,4
hocho_I_8,frame_00000.png,frame_00119.png,,,,0,decode失敗,QR未検出,0.069170,0.318693,0.608963,0.152759,,lockin:lockin::None:14.992863136086896:6:4:binary:0,lockin,,,14.992863,6
hocho_I_8,frame_00000.png,frame_00119.png,,,,0,decode失敗,QR未検出,0.069170,0.318693,0.608963,0.152759,,lockin:lockin::None:14.992863136086896:6:8:binary:0,lockin,,,14.992863,6
hocho_I_8,frame_00000.png,frame_00119.png,,,,0,decode失敗,QR未検出,0.069170,0.318693,0.608963,0.152759,,lockin:lockin::None:14.992863136086896:6:16:binary:0,lockin,,,14.992863,6
hocho_I_8,frame_00000.png,frame_00119.png,,,,0,decode失敗,QR未検出,0.119849,0.315551,0.586701,0.248595,,lockin:lockin::None:14.992863136086896:8:4:binary:0,lockin,,,14.992863,8
hocho_I_8,frame_00000.png,frame_00119.png,,,,0,decode失敗,QR未検出,0.119849,0.315551,0.586701,0.248595,,lockin:lockin::None:14.992863136086896:8:8:binary:0,lockin,,,14.992863,8
hocho_I_8,frame_00000.png,frame_00119.png,,,,0,decode失敗,QR未検出,0.119849,0.315551,0.586701,0.248595,,lockin:lockin::None:14.992863136086896:8:16:binary:0,lockin,,,14.992863,8
hocho_I_8,frame_00000.png,frame_00119.png,hocho_I_8/rgb_max_lockin_f300_ps16_th10/00000-00119-FRAME_rgbmax_scale1.00.png,,,0,decode失敗,QR未検出,0.184940,0.311911,0.556637,0.337340,,lockin:lockin::None:14.992863136086896:10:4:binary:0,lockin,,,14.992863,10
hocho_I_8,frame_00000.png,frame_00119.png,hocho_I_8/rgb_max_lockin_f300_ps16_th10/00000-00119-FRAME_rgbmax_scale1.00.png,,,0,decode失敗,QR未検出,0.184940,0.311911,0.556637,0.337340,,lockin:lockin::None:14.992863136086896:10:8:binary:0,lockin,,,14.992863,10
hocho_I_8,frame_00000.png,frame_00119.png,hocho_I_8/rgb_max_lockin_f300_ps16_th10/00000-00119-FRAME_rgbmax_scale1.00.png,,,0,decode失敗,QR未検出,0.184940,0.311911,0.556637,0.337340,,lockin:lockin::None:14.992863136086896:10:16:binary:0,lockin,,,14.992863,10
hocho_I_8,frame_00000.png,frame_00119.png,hocho_I_8/rgb_max_lockin_f300_ps16_th12/00000-00119-FRAME_rgbmax_scale1.00.png,,,0,decode失敗,QR未検出,0.268787,0.311948,0.520016,0.428488,,lockin:lockin::None:14.992863136086896:12:4:binary:0,lockin,,,14.992863,12
hocho_I_8,frame_00000.png,frame_00119.png,hocho_I_8/rgb_max_lockin_f300_ps16_th12/00000-00119-FRAME_rgbmax_scale1.00.png,,,0,decode失敗,QR未検出,0.268787,0.311948,0.520016,0.428488,,lockin:lockin::None:14.992863136086896:12:8:binary:0,lockin,,,14.992863,12
hocho_I_8,frame_00000.png,frame_00119.png,hocho_I_8/rgb_max_lockin_f300_ps16_th12/00000-00119-FRAME_rgbmax_scale1.00.png,,,0,decode失敗,QR未検出,0.268787,0.311948,0.520016,0.428488,,lockin:lockin::None:14.992863136086896:12:16:binary:0,lockin,,,14.992863,12
hocho_I_8,frame_00000.png,frame_00119.png,,,,0,decode失敗,QR未検出,0.528559,0.406215,0.549019,0.390652,,lockin:lockin::None:14.992863136086896:16:4:binary:0,lockin,,,14.992863,16
hocho_I_8,frame_00000.png,frame_00119.png,,,,0,decode失敗,QR未検出,0.528559,0.406215,0.549019,0.390652,,lockin:lockin::None:14.992863136086896:16:8:binary:0,lockin,,,14.992863,16
hocho_I_8,frame_00000.png,frame_00119.png,,,,0,decode失敗,QR未検出,0.528559,0.406215,0.549019,0.390652,,lockin:lockin::None:14.992863136086896:16:16:binary:0,lockin,,,14.992863,16
hocho_I_8,frame_00000.png,frame_00119.png,,,,0,decode失敗,QR未検出,0.071477,0.277011,0.595777,0.187090,,lockin:lockin::None:29.996431568043448:2:4:binary:0,lockin,,,29.996432,2
hocho_I_8,frame_00000.png,frame_00119.png,,,,0,decode失敗,QR未検出,0.071477,0.277011,0.595777,0.187090,,lockin:lockin::None:29.996431568043448:2:8:binary:0,lockin,,,29.996432,2
hocho_I_8,frame_00000.png,frame_00119.png,,,,0,decode失敗,QR未検出,0.071477,0.277011,0.595777,0.187090,,lockin:lockin::None:29.996431568043448:2:16:binary:0,lockin,,,29.996432,2
hocho_I_8,frame_00000.png,frame_00119.png,,,,0,decode失敗,QR未検出,0.812671,0.428276,0.538818,0.524365,,lockin:lockin::None:29.996431568043448:4:4:binary:0,lockin,,,29.996432,4
hocho_I_8,frame_00000.png,frame_00119.png,,,,0,decode失敗,QR未検出,0.812671,0.428276,0.538818,0.524365,,lockin:lockin::None:29.996431568043448:4:8:binary:0,lockin,,,29.996432,4
hocho_I_8,frame_00000.png,frame_00119.png,,,,0,decode失敗,QR未検出,0.812671,0.428276,0.538818,0.524365,,lockin:lockin::None:29.996431568043448:4:16:binary:0,lockin,,,29.996432,4
hocho_I_8,frame_00000.png,frame_00119.png,,,,0,decode失敗,QR未検出,0.684921,0.519936,0.656533,0.295385,,lockin:lockin::None:29.996431568043448:6:4:binary:0,lockin,,,29.996432,6
hocho_I_8,frame_00000.png,frame_00119.png,,,,0,decode失敗,QR未検出,0.684921,0.519936,0.656533,0.295385,,lockin:lockin::None:29.996431568043448:6:8:binary:0,lockin,,,29.996432,6
hocho_I_8,frame_00000.png,frame_00119.png,,,,0,decode失敗,QR未検出,0.684921,0.519936,0.656533,0.295385,,lockin:lockin::None:29.996431568043448:6:16:binary:0,lockin,,,29.996432,6
hocho_I_8,frame_00000.png,frame_00119.png,,,,0,decode失敗,QR未検出,0.553454,0.603214,0.706151,0.153082,,lockin:lockin::None:29.996431568043448:8:4:binary:0,lockin,,,29.996432,8
hocho_I_8,frame_00000.png,frame_00119.png,,,,0,decode失敗,QR未検出,0.553454,0.603214,0.706151,0.153082,,lockin:lockin::None:29.996431568043448:8:8:binary:0,lockin,,,29.996432,8
hocho_I_8,frame_00000.png,frame_00119.png,,,,0,decode失敗,QR未検出,0.553454,0.603214,0.706151,0.153082,,lockin:lockin::None:29.996431568043448:8:16:binary:0,lockin,,,29.996432,8
hocho_I_8,frame_00000.png,frame_00119.png,hocho_I_8/rgb_max_lockin_f300_ps16_th10/00000-00119-FRAME_rgbmax_scale1.00.png,,,0,decode失敗,QR未検出,0.429628,0.670491,0.716697,0.078521,,lockin:lockin::None:29.996431568043448:10:4:binary:0,lockin,,,29.996432,10
hocho_I_8,frame_00000.png,frame_00119.png,hocho_I_8/rgb_max_lockin_f300_ps16_th10/00000-00119-FRAME_rgbmax_scale1.00.png,,,0,decode失敗,QR未検出,0.429628,0.670491,0.716697,0.078521,,lockin:lockin::None:29.996431568043448:10:8:binary:0,lockin,,,29.996432,10
hocho_I_8,frame_00000.png,frame_00119.png,hocho_I_8/rgb_max_lockin_f300_ps16_th10/00000-00119-FRAME_rgbmax_scale1.00.png,,,0,decode失敗,QR未検出,0.429628,0.670491,0.716697,0.078521,,lockin:lockin::None:29.996431568043448:10:16:binary:0,lockin,,,29.996432,10
hocho_I_8,frame_00000.png,frame_00119.png,hocho_I_8/rgb_max_lockin_f300_ps16_th12/00000-00119-FRAME_rgbmax_scale1.00.png,,,0,decode失敗,QR未検出,0.333753,0.716295,0.710561,0.042797,,lockin:lockin::None:29.996431568043448:12:4:binary:0,lockin,,,29.996432,12
hocho_I_8,frame_00000.png,frame_00119.png,hocho_I_8/rgb_max_lockin_f300_ps16_th12/00000-00119-FRAME_rgbmax_scale1.00.png,,,0,decode失敗,QR未検出,0.333753,0.716295,0.710561,0.042797,,lockin:lockin::None:29.996431568043448:12:8:binary:0,lockin,,,29.996432,12
hocho_I_8,frame_00000.png,frame_00119.png,hocho_I_8/rgb_max_lockin_f300_ps16_th12/00000-00119-FRAME_rgbmax_scale1.00.png,,,0,decode失敗,QR未検出,0.333753,0.716295,0.710561,0.042797,,lockin:lockin::None:29.996431568043448:12:16:binary:0,lockin,,,29.996432,12
hocho_I_8,frame_00000.png,frame_00119.png,,,,0,decode失敗,QR未検出,0.219885,0.773463,0.693857,0.016185,,lockin:lockin::None:29.996431568043448:16:4:binary:0,lockin,,,29.996432,16
hocho_I_8,frame_00000.png,frame_00119.png,,,,0,decode失敗,QR未検出,0.219885,0.773463,0.693857,0.016185,,lockin:lockin::None:29.996431568043448:16:8:binary:0,lockin,,,29.996432,16
hocho_I_8,frame_00000.png,frame_00119.png,,,,0,decode失敗,QR未検出,0.219885,0.773463,0.693857,0.016185,,lockin:lockin::None:29.996431568043448:16:16:binary:0,lockin,,,29.996432,16
hocho_I_12,frame_00000.png,frame_00119.png,,,,0,decode失敗,QR未検出,0.000000,0.000000,0.635738,0.004068,,lockin:lockin::None:10.003568431956552:2:4:binary:0,lockin,,,10.003568,2
hocho_I_12,frame_00000.png,frame_00119.png,,,,0,decode失敗,QR未検出,0.000000,0.000000,0.635738,0.004068,,lockin:lockin::None:10.003568431956552:2:8:binary:0,lockin,,,10.003568,2
hocho_I_12,frame_00000.png,frame_00119.png,,,,0,decode失敗,QR未検出,0.000000,0.000000,0.635738,0.004068,,lockin:lockin::None:10.003568431956552:2:16:binary:0,lockin,,,10.003568,2
hocho_I_12,frame_00000.png,frame_00119.png,,,,0,decode失敗,QR未検出,0.002408,0.088948,0.629423,0.035217,,lockin:lockin::None:10.003568431956552:4:4:binary:0,lockin,,,10.003568,4
hocho_I_12,frame_00000.png,frame_00119.png,,,,0,decode失敗,QR未検出,0.002408,0.088948,0.629423,0.035217,,lockin:lockin::None:10.003568431956552:4:8:binary:0,lockin,,,10.003568,4
hocho_I_12,frame_00000.png,frame_00119.png,,,,0,decode失敗,QR未検出,0.002408,0.088948,0.629423,0.035217,,lockin:lockin::None:10.003568431956552:4:16:binary:0,lockin,,,10.003568,4
hocho_I_12,frame_00000.png,frame_00119.png,,,,0,decode失敗,QR未検出,0.012139,0.138278,0.614470,0.108649,,lockin:lockin::None:10.003568431956552:6:4:binary:0,lockin,,,10.003568,6
hocho_I_12,frame_00000.png,frame_00119.png,,,,0,decode失敗,QR未検出,0.012139,0.138278,0.614470,0.108649,,lockin:lockin::None:10.003568431956552:6:8:binary:0,lockin,,,10.003568,6
hocho_I_12,frame_00000.png,frame_00119.png,,,,0,decode失敗,QR未検出,0.012139,0.138278,0.614470,0.108649,,lockin:lockin::None:10.003568431956552:6:16:binary:0,lockin,,,10.003568,6
hocho_I_12,frame_00000.png,frame_00119.png,,,,0,decode失敗,QR未検出,0.025422,0.141803,0.590936,0.196728,,lockin:lockin::None:10.003568431956552:8:4:binary:0,lockin,,,10.003568,8
hocho_I_12,frame_00000.png,frame_00119.png,,,,0,decode失敗,QR未検出,0.025422,0.141803,0.590936,0.196728,,lockin:lockin::None:10.003568431956552:8:8:binary:0,lockin,,,10.003568,8
hocho_I_12,frame_00000.png,frame_00119.png,,,,0,decode失敗,QR未検出,0.025422,0.141803,0.590936,0.196728,,lockin:lockin::None:10.003568431956552:8:16:binary:0,lockin,,,10.003568,8
hocho_I_12,frame_00000.png,frame_00119.png,,,,0,decode失敗,QR未検出,0.045611,0.147735,0.558642,0.283538,,lockin:lockin::None:10.003568431956552:10:4:binary:0,lockin,,,10.003568,10
hocho_I_12,frame_00000.png,frame_00119.png,,,,0,decode失敗,QR未検出,0.045611,0.147735,0.558642,0.283538,,lockin:lockin::None:10.003568431956552:10:8:binary:0,lockin,,,10.003568,10
hocho_I_12,frame_00000.png,frame_00119.png,,,,0,decode失敗,QR未検出,0.045611,0.147735,0.558642,0.283538,,lockin:lockin::None:10.003568431956552:10:16:binary:0,lockin,,,10.003568,10
hocho_I_12,frame_00000.png,frame_00119.png,hocho_I_12/rgb_max_lockin_f300_ps8_th12/00000-00119-FRAME_rgbmax_scale1.00.png,,,0,decode失敗,QR未検出,0.079306,0.161808,0.517318,0.371310,,lockin:lockin::None:10.003568431956552:12:4:binary:0,lockin,,,10.003568,12
hocho_I_12,frame_00000.png,frame_00119.png,hocho_I_12/rgb_max_lockin_f300_ps8_th12/00000-00119-FRAME_rgbmax_scale1.00.png,,,0,decode失敗,QR未検出,0.079306,0.161808,0.517318,0.371310,,lockin:lockin::None:10.003568431956552:12:8:binary:0,lockin,,,10.003568,12
hocho_I_12,frame_00000.png,frame_00119.png,hocho_I_12/rgb_max_lockin_f300_ps8_th12/00000-00119-FRAME_rgbmax_scale1.00.png,,,0,decode失敗,QR未検出,0.079306,0.161808,0.517318,0.371310,,lockin:lockin::None:10.003568431956552:12:16:binary:0,lockin,,,10.003568,12
hocho_I_12,frame_00000.png,frame_00119.png,hocho_I_12/rgb_max_lockin_f300_ps16_th16/00000-00119-FRAME_rgbmax_scale1.00.png,,,0,decode失敗,QR未検出,0.821653,0.455112,0.578737,0.449505,,lockin:lockin::None:10.003568431956552:16:4:binary:0,lockin,,,10.003568,16
hocho_I_12,frame_00000.png,frame_00119.png,hocho_I_12/rgb_max_lockin_f300_ps16_th16/00000-00119-FRAME_rgbmax_scale1.00.png,,,0,decode失敗,QR未検出,0.821653,0.455112,0.578737,0.449505,,lockin:lockin::None:10.003568431956552:16:8:binary:0,lockin,,,10.003568,16
hocho_I_12,frame_00000.png,frame_00119.png,hocho_I_12/rgb_max_lockin_f300_ps16_th16/00000-00119-FRAME_rgbmax_scale1.00.png,,,0,decode失敗,QR未検出,0.821653,0.455112,0.578737,0.449505,,lockin:lockin::None:10.003568431956552:16:16:binary:0,lockin,,,10.003568,16
hocho_I_12,frame_00000.png,frame_00119.png,,,,0,decode失敗,QR未検出,0.000946,0.088889,0.634320,0.009072,,lockin:lockin::None:14.992863136086896:2:4:binary:0,lockin,,,14.992863,2
hocho_I_12,frame_00000.png,frame_00119.png,,,,0,decode失敗,QR未検出,0.000946,0.088889,0.634320,0.009072,,lockin:lockin::None:14.992863136086896:2:8:binary:0,lockin,,,14.992863,2
hocho_I_12,frame_00000.png,frame_00119.png,,,,0,decode失敗,QR未検出,0.000946,0.088889,0.634320,0.009072,,lockin:lockin::None:14.992863136086896:2:16:binary:0,lockin,,,14.992863,2
hocho_I_12,frame_00000.png,frame_00119.png,,,,0,decode失敗,QR未検出,0.006545,0.141442,0.625464,0.065159,,lockin:lockin::None:14.992863136086896:4:4:binary:0,lockin,,,14.992863,4
hocho_I_12,frame_00000.png,frame_00119.png,,,,0,decode失敗,QR未検出,0.006545,0.141442,0.625464,0.065159,,lockin:lockin::None:14.992863136086896:4:8:binary:0,lockin,,,14.992863,4
hocho_I_12,frame_00000.png,frame_00119.png,,,,0,decode失敗,QR未検出,0.006545,0.141442,0.625464,0.065159,,lockin:lockin::None:14.992863136086896:4:16:binary:0,lockin,,,14.992863,4
hocho_I_12,frame_00000.png,frame_00119.png,,,,0,decode失敗,QR未検出,0.015875,0.129077,0.604419,0.161517,,lockin:lockin::None:14.992863136086896:6:4:binary:0,lockin,,,14.992863,6
hocho_I_12,frame_00000.png,frame_00119.png,,,,0,decode失敗,QR未検出,0.015875,0.129077,0.604419,0.161517,,lockin:lockin::None:14.992863136086896:6:8:binary:0,lockin,,,14.992863,6
hocho_I_12,frame_00000.png,frame_00119.png,,,,0,decode失敗,QR未検出,0.015875,0.129077,0.604419,0.161517,,lockin:lockin::None:14.992863136086896:6:16:binary:0,lockin,,,14.992863,6
hocho_I_12,frame_00000.png,frame_00119.png,,,,0,decode失敗,QR未検出,0.030036,0.117942,0.566951,0.258146,,lockin:lockin::None:14.992863136086896:8:4:binary:0,lockin,,,14.992863,8
hocho_I_12,frame_00000.png,frame_00119.png,,,,0,decode失敗,QR未検出,0.030036,0.117942,0.566951,0.258146,,lockin:lockin::None:14.992863136086896:8:8:binary:0,lockin,,,14.992863,8
hocho_I_12,frame_00000.png,frame_00119.png,,,,0,decode失敗,QR未検出,0.030036,0.117942,0.566951,0.258146,,lockin:lockin::None:14.992863136086896:8:16:binary:0,lockin,,,14.992863,8
hocho_I_12,frame_00000.png,frame_00119.png,,,,0,decode失敗,QR未検出,0.051070,0.122461,0.523342,0.351251,,lockin:lockin::None:14.992863136086896:10:4:binary:0,lockin,,,14.992863,10
hocho_I_12,frame_00000.png,frame_00119.png,,,,0,decode失敗,QR未検出,0.051070,0.122461,0.523342,0.351251,,lockin:lockin::None:14.992863136086896:10:8:binary:0,lockin,,,14.992863,10
hocho_I_12,frame_00000.png,frame_00119.png,,,,0,decode失敗,QR未検出,0.051070,0.122461,0.523342,0.351251,,lockin:lockin::None:14.992863136086896:10:16:binary:0,lockin,,,14.992863,10
hocho_I_12,frame_00000.png,frame_00119.png,hocho_I_12/rgb_max_lockin_f300_ps8_th12/00000-00119-FRAME_rgbmax_scale1.00.png,,,0,decode失敗,QR未検出,0.915554,0.430553,0.530425,0.552884,,lockin:lockin::None:14.992863136086896:12:4:binary:0,lockin,,,14.992863,12
hocho_I_12,frame_00000.png,frame_00119.png,hocho_I_12/rgb_max_lockin_f300_ps8_th12/00000-00119-FRAME_rgbmax_scale1.00.png,,,0,decode失敗,QR未検出,0.915554,0.430553,0.530425,0.552884,,lockin:lockin::None:14.992863136086896:12:8:binary:0,lockin,,,14.992863,12
hocho_I_12,frame_00000.png,frame_00119.png,hocho_I_12/rgb_max_lockin_f300_ps8_th12/00000-00119-FRAME_rgbmax_scale1.00.png,,,0,decode失敗,QR未検出,0.915554,0.430553,0.530425,0.552884,,lockin:lockin::None:14.992863136086896:12:16:binary:0,lockin,,,14.992863,12
hocho_I_12,frame_00000.png,frame_00119.png,hocho_I_12/rgb_max_lockin_f300_ps16_th16/00000-00119-FRAME_rgbmax_scale1.00.png,,,0,decode失敗,QR未検出,0.811845,0.493475,0.629710,0.367805,,lockin:lockin::None:14.992863136086896:16:4:binary:0,lockin,,,14.992863,16
hocho_I_12,frame_00000.png,frame_00119.png,hocho_I_12/rgb_max_lockin_f300_ps16_th16/00000-00119-FRAME_rgbmax_scale1.00.png,,,0,decode失敗,QR未検出,0.811845,0.493475,0.629710,0.367805,,lockin:lockin::None:14.992863136086896:16:8:binary:0,lockin,,,14.992863,16
hocho_I_12,frame_00000.png,frame_00119.png,hocho_I_12/rgb_max_lockin_f300_ps16_th16/00000-00119-FRAME_rgbmax_scale1.00.png,,,0,decode失敗,QR未検出,0.811845,0.493475,0.629710,0.367805,,lockin:lockin::None:14.992863136086896:16:16:binary:0,lockin,,,14.992863,16
hocho_I_12,frame_00000.png,frame_00119.png,,,,0,decode失敗,QR未検出,0.951184,0.626630,0.776852,0.139322,,lockin:lockin::None:29.996431568043448:2:4:binary:0,lockin,,,29.996432,2
hocho_I_12,frame_00000.png,frame_00119.png,,,,0,decode失敗,QR未検出,0.951184,0.626630,0.776852,0.139322,,lockin:lockin::None:29.996431568043448:2:8:binary:0,lockin,,,29.996432,2
hocho_I_12,frame_00000.png,frame_00119.png,,,,0,decode失敗,QR未検出,0.951184,0.626630,0.776852,0.139322,,lockin:lockin::None:29.996431568043448:2:16:binary:0,lockin,,,29.996432,2
hocho_I_12,frame_00000.png,frame_00119.png,,,,0,decode失敗,QR未検出,0.930492,0.745576,0.859697,0.061458,,lockin:lockin::None:29.996431568043448:4:4:binary:0,lockin,,,29.996432,4
hocho_I_12,frame_00000.png,frame_00119.png,,,,0,decode失敗,QR未検出,0.930492,0.745576,0.859697,0.061458,,lockin:lockin::None:29.996431568043448:4:8:binary:0,lockin,,,29.996432,4
hocho_I_12,frame_00000.png,frame_00119.png,,,,0,decode失敗,QR未検出,0.930492,0.745576,0.859697,0.061458,,lockin:lockin::None:29.996431568043448:4:16:binary:0,lockin,,,29.996432,4
hocho_I_12,frame_00000.png,frame_00119.png,,,,0,decode失敗,QR未検出,0.914874,0.796963,0.884649,0.044356,,lockin:lockin::None:29.996431568043448:6:4:binary:0,lockin,,,29.996432,6
hocho_I_12,frame_00000.png,frame_00119.png,,,,0,decode失敗,QR未検出,0.914874,0.796963,0.884649,0.044356,,lockin:lockin::None:29.996431568043448:6:8:binary:0,lockin,,,29.996432,6
hocho_I_12,frame_00000.png,frame_00119.png,,,,0,decode失敗,QR未検出,0.914874,0.796963,0.884649,0.044356,,lockin:lockin::None:29.996431568043448:6:16:binary:0,lockin,,,29.996432,6
hocho_I_12,frame_00000.png,frame_00119.png,,,,0,decode失敗,QR未検出,0.900302,0.829583,0.896815,0.035035,,lockin:lockin::None:29.996431568043448:8:4:binary:0,lockin,,,29.996432,8
hocho_I_12,frame_00000.png,frame_00119.png,,,,0,decode失敗,QR未検出,0.900302,0.829583,0.896815,0.035035,,lockin:lockin::None:29.996431568043448:8:8:binary:0,lockin,,,29.996432,8
hocho_I_12,frame_00000.png,frame_00119.png,,,,0,decode失敗,QR未検出,0.900302,0.829583,0.896815,0.035035,,lockin:lockin::None:29.996431568043448:8:16:binary:0,lockin,,,29.996432,8
hocho_I_12,frame_00000.png,frame_00119.png,,,,0,decode失敗,QR未検出,0.882671,0.854342,0.902914,0.028477,,lockin:lockin::None:29.996431568043448:10:4:binary:0,lockin,,,29.996432,10
hocho_I_12,frame_00000.png,frame_00119.png,,,,0,decode失敗,QR未検出,0.882671,0.854342,0.902914,0.028477,,lockin:lockin::None:29.996431568043448:10:8:binary:0,lockin,,,29.996432,10
hocho_I_12,frame_00000.png,frame_00119.png,,,,0,decode失敗,QR未検出,0.882671,0.854342,0.902914,0.028477,,lockin:lockin::None:29.996431568043448:10:16:binary:0,lockin,,,29.996432,10
hocho_I_12,frame_00000.png,frame_00119.png,hocho_I_12/rgb_max_lockin_f300_ps8_th12/00000-00119-FRAME_rgbmax_scale1.00.png,,,0,decode失敗,QR未検出,0.866164,0.876071,0.907066,0.023185,,lockin:lockin::None:29.996431568043448:12:4:binary:0,lockin,,,29.996432,12
hocho_I_12,frame_00000.png,frame_00119.png,hocho_I_12/rgb_max_lockin_f300_ps8_th12/00000-00119-FRAME_rgbmax_scale1.00.png,,,0,decode失敗,QR未検出,0.866164,0.876071,0.907066,0.023185,,lockin:lockin::None:29.996431568043448:12:8:binary:0,lockin,,,29.996432,12
hocho_I_12,frame_00000.png,frame_00119.png,hocho_I_12/rgb_max_lockin_f300_ps8_th12/00000-00119-FRAME_rgbmax_scale1.00.png,,,0,decode失敗,QR未検出,0.866164,0.876071,0.907066,0.023185,,lockin:lockin::None:29.996431568043448:12:16:binary:0,lockin,,,29.996432,12
hocho_I_12,frame_00000.png,frame_00119.png,hocho_I_12/rgb_max_lockin_f300_ps16_th16/00000-00119-FRAME_rgbmax_scale1.00.png,,,0,decode失敗,QR未検出,0.832209,0.907828,0.908545,0.015988,,lockin:lockin::None:29.996431568043448:16:4:binary:0,lockin,,,29.996432,16
hocho_I_12,frame_00000.png,frame_00119.png,hocho_I_12/rgb_max_lockin_f300_ps16_th16/00000-00119-FRAME_rgbmax_scale1.00.png,,,0,decode失敗,QR未検出,0.832209,0.907828,0.908545,0.015988,,lockin:lockin::None:29.996431568043448:16:8:binary:0,lockin,,,29.996432,16
hocho_I_12,frame_00000.png,frame_00119.png,hocho_I_12/rgb_max_lockin_f300_ps16_th16/00000-00119-FRAME_rgbmax_scale1.00.png,,,0,decode失敗,QR未検出,0.832209,0.907828,0.908545,0.015988,,lockin:lockin::None:29.996431568043448:16:16:binary:0,lockin,,,29.996432,16
ex_I_4,frame_00000.png,frame_00119.png,,,,0,decode失敗,QR未検出,0.004050,0.227310,0.633971,0.003782,,lockin:lockin::None:10.003568431956552:2:4:binary:0,lockin,,,10.003568,2
ex_I_4,frame_00000.png,frame_00119.png,,,,0,decode失敗,QR未検出,0.004050,0.227310,0.633971,0.003782,,lockin:lockin::None:10.003568431956552:2:8:binary:0,lockin,,,10.003568,2
ex_I_4,frame_00000.png,frame_00119.png,,,,0,decode失敗,QR未検出,0.004050,0.227310,0.633971,0.003782,,lockin:lockin::None:10.003568431956552:2:16:binary:0,lockin,,,10.003568,2
ex_I_4,frame_00000.png,frame_00119.png,,,,0,decode失敗,QR未検出,0.012448,0.252521,0.628648,0.011472,,lockin:lockin::None:10.003568431956552:4:4:binary:0,lockin,,,10.003568,4
ex_I_4,frame_00000.png,frame_00119.png,,,,0,decode失敗,QR未検出,0.012448,0.252521,0.628648,0.011472,,lockin:lockin::None:10.003568431956552:4:8:binary:0,lockin,,,10.003568,4
ex_I_4,frame_00000.png,frame_00119.png,,,,0,decode失敗,QR未検出,0.012448,0.252521,0.628648,0.011472,,lockin:lockin::None:10.003568431956552:4:16:binary:0,lockin,,,10.003568,4
ex_I_4,frame_00000.png,frame_00119.png,,,,0,decode失敗,QR未検出,0.018911,0.243945,0.623102,0.021493,,lockin:lockin::None:10.003568431956552:6:4:binary:0,lockin,,,10.003568,6
ex_I_4,frame_00000.png,frame_00119.png,,,,0,decode失敗,QR未検出,0.018911,0.243945,0.623102,0.021493,,lockin:lockin::None:10.003568431956552:6:8:binary:0,lockin,,,10.003568,6
ex_I_4,frame_00000.png,frame_00119.png,,,,0,decode失敗,QR未検出,0.018911,0.243945,0.623102,0.021493,,lockin:lockin::None:10.003568431956552:6:16:binary:0,lockin,,,10.003568,6
ex_I_4,frame_00000.png,frame_00119.png,ex_I_4/rgb_max_lockin_f300_ps16_th8/00000-00119-FRAME_rgbmax_scale1.00.png,,,0,decode失敗,QR未検出,0.025079,0.216889,0.613758,0.038736,,lockin:lockin::None:10.003568431956552:8:4:binary:0,lockin,,,10.003568,8
ex_I_4,frame_00000.png,frame_00119.png,ex_I_4/rgb_max_lockin_f300_ps16_th8/00000-00119-FRAME_rgbmax_scale1.00.png,,,0,decode失敗,QR未検出,0.025079,0.216889,0.613758,0.038736,,lockin:lockin::None:10.003568431956552:8:8:binary:0,lockin,,,10.003568,8
ex_I_4,frame_00000.png,frame_00119.png,ex_I_4/rgb_max_lockin_f300_ps16_th8/00000-00119-FRAME_rgbmax_scale1.00.png,,,0,decode失敗,QR未検出,0.025079,0.216889,0.613758,0.038736,,lockin:lockin::None:10.003568431956552:8:16:binary:0,lockin,,,10.003568,8
ex_I_4,frame_00000.png,frame_00119.png,ex_I_4/rgb_max_lockin_f300_ps8_th10/00000-00119-FRAME_rgbmax_scale1.00.png,,,0,decode失敗,QR未検出,0.036870,0.204678,0.598923,0.069756,,lockin:lockin::None:10.003568431956552:10:4:binary:0,lockin,,,10.003568,10
ex_I_4,frame_00000.png,frame_00119.png,ex_I_4/rgb_max_lockin_f300_ps8_th10/00000-00119-FRAME_rgbmax_scale1.00.png,,,0,decode失敗,QR未検出,0.036870,0.204678,0.598923,0.069756,,lockin:lockin::None:10.003568431956552:10:8:binary:0,lockin,,,10.003568,10
ex_I_4,frame_00000.png,frame_00119.png,ex_I_4/rgb_max_lockin_f300_ps8_th10/00000-00119-FRAME_rgbmax_scale1.00.png,,,0,decode失敗,QR未検出,0.036870,0.204678,0.598923,0.069756,,lockin:lockin::None:10.003568431956552:10:16:binary:0,lockin,,,10.003568,10
ex_I_4,frame_00000.png,frame_00119.png,,,,0,decode失敗,QR未検出,0.061568,0.204129,0.572793,0.122415,,lockin:lockin::None:10.003568431956552:12:4:binary:0,lockin,,,10.003568,12
ex_I_4,frame_00000.png,frame_00119.png,,,,0,decode失敗,QR未検出,0.061568,0.204129,0.572793,0.122415,,lockin:lockin::None:10.003568431956552:12:8:binary:0,lockin,,,10.003568,12
ex_I_4,frame_00000.png,frame_00119.png,,,,0,decode失敗,QR未検出,0.061568,0.204129,0.572793,0.122415,,lockin:lockin::None:10.003568431956552:12:16:binary:0,lockin,,,10.003568,12
ex_I_4,frame_00000.png,frame_00119.png,,,,0,decode失敗,QR未検出,0.844941,0.427390,0.533419,0.691575,,lockin:lockin::None:10.003568431956552:16:4:binary:0,lockin,,,10.003568,16
ex_I_4,frame_00000.png,frame_00119.png,,,,0,decode失敗,QR未検出,0.844941,0.427390,0.533419,0.691576,,lockin:lockin::None:10.003568431956552:16:8:binary:0,lockin,,,10.003568,16
ex_I_4,frame_00000.png,frame_00119.png,,,,0,decode失敗,QR未検出,0.844941,0.427390,0.533419,0.691576,,lockin:lockin::None:10.003568431956552:16:16:binary:0,lockin,,,10.003568,16
ex_I_4,frame_00000.png,frame_00119.png,,,,0,decode失敗,QR未検出,0.004807,0.188173,0.631717,0.006113,,lockin:lockin::None:14.992863136086896:2:4:binary:0,lockin,,,14.992863,2
ex_I_4,frame_00000.png,frame_00119.png,,,,0,decode失敗,QR未検出,0.004807,0.188173,0.631717,0.006113,,lockin:lockin::None:14.992863136086896:2:8:binary:0,lockin,,,14.992863,2
ex_I_4,frame_00000.png,frame_00119.png,,,,0,decode失敗,QR未検出,0.004807,0.188173,0.631717,0.006113,,lockin:lockin::None:14.992863136086896:2:16:binary:0,lockin,,,14.992863,2
ex_I_4,frame_00000.png,frame_00119.png,,,,0,decode失敗,QR未検出,0.013983,0.217313,0.624305,0.017747,,lockin:lockin::None:14.992863136086896:4:4:binary:0,lockin,,,14.992863,4
ex_I_4,frame_00000.png,frame_00119.png,,,,0,decode失敗,QR未検出,0.013983,0.217313,0.624305,0.017747,,lockin:lockin::None:14.992863136086896:4:8:binary:0,lockin,,,14.992863,4
ex_I_4,frame_00000.png,frame_00119.png,,,,0,decode失敗,QR未検出,0.013983,0.217313,0.624305,0.017747,,lockin:lockin::None:14.992863136086896:4:16:binary:0,lockin,,,14.992863,4
ex_I_4,frame_00000.png,frame_00119.png,,,,0,decode失敗,QR未検出,0.021778,0.197341,0.613277,0.037615,,lockin:lockin::None:14.992863136086896:6:4:binary:0,lockin,,,14.992863,6
ex_I_4,frame_00000.png,frame_00119.png,,,,0,decode失敗,QR未検出,0.021778,0.197341,0.613277,0.037615,,lockin:lockin::None:14.992863136086896:6:8:binary:0,lockin,,,14.992863,6
ex_I_4,frame_00000.png,frame_00119.png,,,,0,decode失敗,QR未検出,0.021778,0.197341,0.613277,0.037615,,lockin:lockin::None:14.992863136086896:6:16:binary:0,lockin,,,14.992863,6
ex_I_4,frame_00000.png,frame_00119.png,ex_I_4/rgb_max_lockin_f300_ps16_th8/00000-00119-FRAME_rgbmax_scale1.00.png,,,0,decode失敗,QR未検出,0.039925,0.202012,0.594794,0.075439,,lockin:lockin::None:14.992863136086896:8:4:binary:0,lockin,,,14.992863,8
ex_I_4,frame_00000.png,frame_00119.png,ex_I_4/rgb_max_lockin_f300_ps16_th8/00000-00119-FRAME_rgbmax_scale1.00.png,,,0,decode失敗,QR未検出,0.039925,0.202012,0.594794,0.075439,,lockin:lockin::None:14.992863136086896:8:8:binary:0,lockin,,,14.992863,8
ex_I_4,frame_00000.png,frame_00119.png,ex_I_4/rgb_max_lockin_f300_ps16_th8/00000-00119-FRAME_rgbmax_scale1.00.png,,,0,decode失敗,QR未検出,0.039925,0.202012,0.594794,0.075439,,lockin:lockin::None:14.992863136086896:8:16:binary:0,lockin,,,14.992863,8
ex_I_4,frame_00000.png,frame_00119.png,ex_I_4/rgb_max_lockin_f300_ps8_th10/00000-00119-FRAME_rgbmax_scale1.00.png,,,0,decode失敗,QR未検出,0.075550,0.205382,0.558918,0.142869,,lockin:lockin::None:14.992863136086896:10:4:binary:0,lockin,,,14.992863,10
ex_I_4,frame_00000.png,frame_00119.png,ex_I_4/rgb_max_lockin_f300_ps8_th10/00000-00119-FRAME_rgbmax_scale1.00.png,,,0,decode失敗,QR未検出,0.075550,0.205382,0.558918,0.142867,,lockin:lockin::None:14.992863136086896:10:8:binary:0,lockin,,,14.992863,10
ex_I_4,frame_00000.png,frame_00119.png,ex_I_4/rgb_max_lockin_f300_ps8_th10/00000-00119-FRAME_rgbmax_scale1.00.png,,,0,decode失敗,QR未検出,0.075550,0.205382,0.558918,0.142867,,lockin:lockin::None:14.992863136086896:10:16:binary:0,lockin,,,14.992863,10
ex_I_4,frame_00000.png,frame_00119.png,,,,0,decode失敗,QR未検出,0.872173,0.414948,0.507882,0.747211,,lockin:lockin::None:14.992863136086896:12:4:binary:0,lockin,,,14.992863,12
ex_I_4,frame_00000.png,frame_00119.png,,,,0,decode失敗,QR未検出,0.872173,0.414948,0.507882,0.747211,,lockin:lockin::None:14.992863136086896:12:8:binary:0,lockin,,,14.992863,12
ex_I_4,frame_00000.png,frame_00119.png,,,,0,decode失敗,QR未検出,0.872173,0.414948,0.507882,0.747211,,lockin:lockin::None:14.992863136086896:12:16:binary:0,lockin,,,14.992863,12
ex_I_4,frame_00000.png,frame_00119.png,,,,0,decode失敗,QR未検出,0.737984,0.524462,0.662448,0.453035,,lockin:lockin::None:14.992863136086896:16:4:binary:0,lockin,,,14.992863,16
ex_I_4,frame_00000.png,frame_00119.png,,,,0,decode失敗,QR未検出,0.737984,0.524462,0.662448,0.453038,,lockin:lockin::None:14.992863136086896:16:8:binary:0,lockin,,,14.992863,16
ex_I_4,frame_00000.png,frame_00119.png,,,,0,decode失敗,QR未検出,0.737984,0.524462,0.662448,0.453038,,lockin:lockin::None:14.992863136086896:16:16:binary:0,lockin,,,14.992863,16
ex_I_4,frame_00000.png,frame_00119.png,,,,0,decode失敗,QR未検出,0.911838,0.438868,0.545406,0.687445,,lockin:lockin::None:29.996431568043448:2:4:binary:0,lockin,,,29.996432,2
ex_I_4,frame_00000.png,frame_00119.png,,,,0,decode失敗,QR未検出,0.911838,0.438868,0.545406,0.687445,,lockin:lockin::None:29.996431568043448:2:8:binary:0,lockin,,,29.996432,2
ex_I_4,frame_00000.png,frame_00119.png,,,,0,decode失敗,QR未検出,0.911838,0.438868,0.545406,0.687445,,lockin:lockin::None:29.996431568043448:2:16:binary:0,lockin,,,29.996432,2
ex_I_4,frame_00000.png,frame_00119.png,,,,0,decode失敗,QR未検出,0.798186,0.668117,0.783109,0.154381,,lockin:lockin::None:29.996431568043448:4:4:binary:0,lockin,,,29.996432,4
ex_I_4,frame_00000.png,frame_00119.png,,,,0,decode失敗,QR未検出,0.798186,0.668117,0.783109,0.154381,,lockin:lockin::None:29.996431568043448:4:8:binary:0,lockin,,,29.996432,4
ex_I_4,frame_00000.png,frame_00119.png,,,,0,decode失敗,QR未検出,0.798186,0.668117,0.783109,0.154381,,lockin:lockin::None:29.996431568043448:4:16:binary:0,lockin,,,29.996432,4
ex_I_4,frame_00000.png,frame_00119.png,,,,0,decode失敗,QR未検出,0.733708,0.755342,0.817317,0.056398,,lockin:lockin::None:29.996431568043448:6:4:binary:0,lockin,,,29.996432,6
ex_I_4,frame_00000.png,frame_00119.png,,,,0,decode失敗,QR未検出,0.733708,0.755342,0.817317,0.056398,,lockin:lockin::None:29.996431568043448:6:8:binary:0,lockin,,,29.996432,6
ex_I_4,frame_00000.png,frame_00119.png,,,,0,decode失敗,QR未検出,0.733708,0.755342,0.817317,0.056398,,lockin:lockin::None:29.996431568043448:6:16:binary:0,lockin,,,29.996432,6
ex_I_4,frame_00000.png,frame_00119.png,ex_I_4/rgb_max_lockin_f300_ps16_th8/00000-00119-FRAME_rgbmax_scale1.00.png,,,0,decode失敗,QR未検出,0.680297,0.796298,0.821019,0.035144,,lockin:lockin::None:29.996431568043448:8:4:binary:0,lockin,,,29.996432,8
ex_I_4,frame_00000.png,frame_00119.png,ex_I_4/rgb_max_lockin_f300_ps16_th8/00000-00119-FRAME_rgbmax_scale1.00.png,,,0,decode失敗,QR未検出,0.680297,0.796298,0.821019,0.035144,,lockin:lockin::None:29.996431568043448:8:8:binary:0,lockin,,,29.996432,8
ex_I_4,frame_00000.png,frame_00119.png,ex_I_4/rgb_max_lockin_f300_ps16_th8/00000-00119-FRAME_rgbmax_scale1.00.png,,,0,decode失敗,QR未検出,0.680297,0.796298,0.821019,0.035144,,lockin:lockin::None:29.996431568043448:8:16:binary:0,lockin,,,29.996432,8
ex_I_4,frame_00000.png,frame_00119.png,ex_I_4/rgb_max_lockin_f300_ps8_th10/00000-00119-FRAME_rgbmax_scale1.00.png,,,0,decode失敗,QR未検出,0.641762,0.825802,0.821061,0.026171,,lockin:lockin::None:29.996431568043448:10:4:binary:0,lockin,,,29.996432,10
ex_I_4,frame_00000.png,frame_00119.png,ex_I_4/rgb_max_lockin_f300_ps8_th10/00000-00119-FRAME_rgbmax_scale1.00.png,,,0,decode失敗,QR未検出,0.641762,0.825802,0.821061,0.026171,,lockin:lockin::None:29.996431568043448:10:8:binary:0,lockin,,,29.996432,10
ex_I_4,frame_00000.png,frame_00119.png,ex_I_4/rgb_max_lockin_f300_ps8_th10/00000-00119-FRAME_rgbmax_scale1.00.png,,,0,decode失敗,QR未検出,0.641762,0.825802,0.821061,0.026171,,lockin:lockin::None:29.996431568043448:10:16:binary:0,lockin,,,29.996432,10
ex_I_4,frame_00000.png,frame_00119.png,,,,0,decode失敗,QR未検出,0.608043,0.850450,0.819152,0.020423,,lockin:lockin::None:29.996431568043448:12:4:binary:0,lockin,,,29.996432,12
ex_I_4,frame_00000.png,frame_00119.png,,,,0,decode失敗,QR未検出,0.608043,0.850450,0.819152,0.020423,,lockin:lockin::None:29.996431568043448:12:8:binary:0,lockin,,,29.996432,12
ex_I_4,frame_00000.png,frame_00119.png,,,,0,decode失敗,QR未検出,0.608043,0.850450,0.819152,0.020423,,lockin:lockin::None:29.996431568043448:12:16:binary:0,lockin,,,29.996432,12
ex_I_4,frame_00000.png,frame_00119.png,,,,0,decode失敗,QR未検出,0.547469,0.886579,0.810565,0.013286,,lockin:lockin::None:29.996431568043448:16:4:binary:0,lockin,,,29.996432,16
ex_I_4,frame_00000.png,frame_00119.png,,,,0,decode失敗,QR未検出,0.547469,0.886579,0.810565,0.013286,,lockin:lockin::None:29.996431568043448:16:8:binary:0,lockin,,,29.996432,16
ex_I_4,frame_00000.png,frame_00119.png,,,,0,decode失敗,QR未検出,0.547469,0.886579,0.810565,0.013286,,lockin:lockin::None:29.996431568043448:16:16:binary:0,lockin,,,29.996432,16
ex_I_8,frame_00000.png,frame_00119.png,,,,0,decode失敗,QR未検出,0.006168,0.153828,0.627429,0.020888,,lockin:lockin::None:10.003568431956552:2:4:binary:0,lockin,,,10.003568,2
ex_I_8,frame_00000.png,frame_00119.png,,,,0,decode失敗,QR未検出,0.006168,0.153828,0.627429,0.020888,,lockin:lockin::None:10.003568431956552:2:8:binary:0,lockin,,,10.003568,2
ex_I_8,frame_00000.png,frame_00119.png,,,,0,decode失敗,QR未検出,0.006168,0.153828,0.627429,0.020888,,lockin:lockin::None:10.003568431956552:2:16:binary:0,lockin,,,10.003568,2
ex_I_8,frame_00000.png,frame_00119.png,,,,0,decode失敗,QR未検出,0.020083,0.160818,0.606782,0.093798,,lockin:lockin::None:10.003568431956552:4:4:binary:0,lockin,,,10.003568,4
ex_I_8,frame_00000.png,frame_00119.png,,,,0,decode失敗,QR未検出,0.020083,0.160818,0.606782,0.093798,,lockin:lockin::None:10.003568431956552:4:8:binary:0,lockin,,,10.003568,4
ex_I_8,frame_00000.png,frame_00119.png,,,,0,decode失敗,QR未検出,0.020083,0.160818,0.606782,0.093798,,lockin:lockin::None:10.003568431956552:4:16:binary:0,lockin,,,10.003568,4
ex_I_8,frame_00000.png,frame_00119.png,,,,0,decode失敗,QR未検出,0.035750,0.167288,0.585942,0.164846,,lockin:lockin::None:10.003568431956552:6:4:binary:0,lockin,,,10.003568,6
ex_I_8,frame_00000.png,frame_00119.png,,,,0,decode失敗,QR未検出,0.035750,0.167288,0.585942,0.164845,,lockin:lockin::None:10.003568431956552:6:8:binary:0,lockin,,,10.003568,6
ex_I_8,frame_00000.png,frame_00119.png,,,,0,decode失敗,QR未検出,0.035750,0.167288,0.585942,0.164845,,lockin:lockin::None:10.003568431956552:6:16:binary:0,lockin,,,10.003568,6
ex_I_8,frame_00000.png,frame_00119.png,,,,0,decode失敗,QR未検出,0.057171,0.153488,0.543917,0.245537,,lockin:lockin::None:10.003568431956552:8:4:binary:0,lockin,,,10.003568,8
ex_I_8,frame_00000.png,frame_00119.png,,,,0,decode失敗,QR未検出,0.057171,0.153488,0.543917,0.245537,,lockin:lockin::None:10.003568431956552:8:8:binary:0,lockin,,,10.003568,8
ex_I_8,frame_00000.png,frame_00119.png,,,,0,decode失敗,QR未検出,0.057171,0.153488,0.543917,0.245537,,lockin:lockin::None:10.003568431956552:8:16:binary:0,lockin,,,10.003568,8
ex_I_8,frame_00000.png,frame_00119.png,,,,0,decode失敗,QR未検出,0.904149,0.430942,0.532446,0.637083,,lockin:lockin::None:10.003568431956552:10:4:binary:0,lockin,,,10.003568,10
ex_I_8,frame_00000.png,frame_00119.png,,,,0,decode失敗,QR未検出,0.904149,0.430942,0.532446,0.637083,,lockin:lockin::None:10.003568431956552:10:8:binary:0,lockin,,,10.003568,10
ex_I_8,frame_00000.png,frame_00119.png,,,,0,decode失敗,QR未検出,0.904149,0.430942,0.532446,0.637083,,lockin:lockin::None:10.003568431956552:10:16:binary:0,lockin,,,10.003568,10
ex_I_8,frame_00000.png,frame_00119.png,ex_I_8/rgb_max_lockin_f300_ps4_th12/00000-00119-FRAME_rgbmax_scale1.00.png,,,0,decode失敗,QR未検出,0.848257,0.485929,0.619684,0.493797,,lockin:lockin::None:10.003568431956552:12:4:binary:0,lockin,,,10.003568,12
ex_I_8,frame_00000.png,frame_00119.png,ex_I_8/rgb_max_lockin_f300_ps4_th12/00000-00119-FRAME_rgbmax_scale1.00.png,,,0,decode失敗,QR未検出,0.848257,0.485929,0.619684,0.493797,,lockin:lockin::None:10.003568431956552:12:8:binary:0,lockin,,,10.003568,12
ex_I_8,frame_00000.png,frame_00119.png,ex_I_8/rgb_max_lockin_f300_ps4_th12/00000-00119-FRAME_rgbmax_scale1.00.png,,,0,decode失敗,QR未検出,0.848257,0.485929,0.619684,0.493797,,lockin:lockin::None:10.003568431956552:12:16:binary:0,lockin,,,10.003568,12
ex_I_8,frame_00000.png,frame_00119.png,ex_I_8/rgb_max_lockin_f300_ps16_th16/00000-00119-FRAME_rgbmax_scale1.00.png,,,0,decode失敗,QR未検出,0.717587,0.630410,0.745117,0.233274,,lockin:lockin::None:10.003568431956552:16:4:binary:0,lockin,,,10.003568,16
ex_I_8,frame_00000.png,frame_00119.png,ex_I_8/rgb_max_lockin_f300_ps16_th16/00000-00119-FRAME_rgbmax_scale1.00.png,,,0,decode失敗,QR未検出,0.717587,0.630410,0.745117,0.233274,,lockin:lockin::None:10.003568431956552:16:8:binary:0,lockin,,,10.003568,16
ex_I_8,frame_00000.png,frame_00119.png,ex_I_8/rgb_max_lockin_f300_ps16_th16/00000-00119-FRAME_rgbmax_scale1.00.png,,,0,decode失敗,QR未検出,0.717587,0.630410,0.745117,0.233274,,lockin:lockin::None:10.003568431956552:16:16:binary:0,lockin,,,10.003568,16
ex_I_8,frame_00000.png,frame_00119.png,,,,0,decode失敗,QR未検出,0.003432,0.118126,0.629449,0.014250,,lockin:lockin::None:14.992863136086896:2:4:binary:0,lockin,,,14.992863,2
ex_I_8,frame_00000.png,frame_00119.png,,,,0,decode失敗,QR未検出,0.003432,0.118126,0.629449,0.014250,,lockin:lockin::None:14.992863136086896:2:8:binary:0,lockin,,,14.992863,2
ex_I_8,frame_00000.png,frame_00119.png,,,,0,decode失敗,QR未検出,0.003432,0.118126,0.629449,0.014250,,lockin:lockin::None:14.992863136086896:2:16:binary:0,lockin,,,14.992863,2
ex_I_8,frame_00000.png,frame_00119.png,,,,0,decode失敗,QR未検出,0.013949,0.150325,0.613968,0.062434,,lockin:lockin::None:14.992863136086896:4:4:binary:0,lockin,,,14.992863,4
ex_I_8,frame_00000.png,frame_00119.png,,,,0,decode失敗,QR未検出,0.013949,0.150325,0.613968,0.062434,,lockin:lockin::None:14.992863136086896:4:8:binary:0,lockin,,,14.992863,4
ex_I_8,frame_00000.png,frame_00119.png,,,,0,decode失敗,QR未検出,0.013949,0.150325,0.613968,0.062434,,lockin:lockin::None:14.992863136086896:4:16:binary:0,lockin,,,14.992863,4
ex_I_8,frame_00000.png,frame_00119.png,,,,0,decode失敗,QR未検出,0.021811,0.143725,0.598293,0.124510,,lockin:lockin::None:14.992863136086896:6:4:binary:0,lockin,,,14.992863,6
ex_I_8,frame_00000.png,frame_00119.png,,,,0,decode失敗,QR未検出,0.021811,0.143725,0.598293,0.124510,,lockin:lockin::None:14.992863136086896:6:8:binary:0,lockin,,,14.992863,6
ex_I_8,frame_00000.png,frame_00119.png,,,,0,decode失敗,QR未検出,0.021811,0.143725,0.598293,0.124510,,lockin:lockin::None:14.992863136086896:6:16:binary:0,lockin,,,14.992863,6
ex_I_8,frame_00000.png,frame_00119.png,,,,0,decode失敗,QR未検出,0.035051,0.151848,0.579229,0.178013,,lockin:lockin::None:14.992863136086896:8:4:binary:0,lockin,,,14.992863,8
ex_I_8,frame_00000.png,frame_00119.png,,,,0,decode失敗,QR未検出,0.035051,0.151848,0.579229,0.178013,,lockin:lockin::None:14.992863136086896:8:8:binary:0,lockin,,,14.992863,8
ex_I_8,frame_00000.png,frame_00119.png,,,,0,decode失敗,QR未検出,0.035051,0.151848,0.579229,0.178013,,lockin:lockin::None:14.992863136086896:8:16:binary:0,lockin,,,14.992863,8
ex_I_8,frame_00000.png,frame_00119.png,,,,0,decode失敗,QR未検出,0.051031,0.145834,0.547640,0.239478,,lockin:lockin::None:14.992863136086896:10:4:binary:0,lockin,,,14.992863,10
ex_I_8,frame_00000.png,frame_00119.png,,,,0,decode失敗,QR未検出,0.051031,0.145834,0.547640,0.239478,,lockin:lockin::None:14.992863136086896:10:8:binary:0,lockin,,,14.992863,10
ex_I_8,frame_00000.png,frame_00119.png,,,,0,decode失敗,QR未検出,0.051031,0.145834,0.547640,0.239478,,lockin:lockin::None:14.992863136086896:10:16:binary:0,lockin,,,14.992863,10
ex_I_8,frame_00000.png,frame_00119.png,ex_I_8/rgb_max_lockin_f300_ps4_th12/00000-00119-FRAME_rgbmax_scale1.00.png,,,0,decode失敗,QR未検出,0.924599,0.418642,0.507219,0.677590,,lockin:lockin::None:14.992863136086896:12:4:binary:0,lockin,,,14.992863,12
ex_I_8,frame_00000.png,frame_00119.png,ex_I_8/rgb_max_lockin_f300_ps4_th12/00000-00119-FRAME_rgbmax_scale1.00.png,,,0,decode失敗,QR未検出,0.924599,0.418642,0.507219,0.677590,,lockin:lockin::None:14.992863136086896:12:8:binary:0,lockin,,,14.992863,12
ex_I_8,frame_00000.png,frame_00119.png,ex_I_8/rgb_max_lockin_f300_ps4_th12/00000-00119-FRAME_rgbmax_scale1.00.png,,,0,decode失敗,QR未検出,0.924599,0.418642,0.507219,0.677590,,lockin:lockin::None:14.992863136086896:12:16:binary:0,lockin,,,14.992863,12
ex_I_8,frame_00000.png,frame_00119.png,ex_I_8/rgb_max_lockin_f300_ps16_th16/00000-00119-FRAME_rgbmax_scale1.00.png,,,0,decode失敗,QR未検出,0.847644,0.501750,0.639636,0.464974,,lockin:lockin::None:14.992863136086896:16:4:binary:0,lockin,,,14.992863,16
ex_I_8,frame_00000.png,frame_00119.png,ex_I_8/rgb_max_lockin_f300_ps16_th16/00000-00119-FRAME_rgbmax_scale1.00.png,,,0,decode失敗,QR未検出,0.847644,0.501750,0.639636,0.464974,,lockin:lockin::None:14.992863136086896:16:8:binary:0,lockin,,,14.992863,16
ex_I_8,frame_00000.png,frame_00119.png,ex_I_8/rgb_max_lockin_f300_ps16_th16/00000-00119-FRAME_rgbmax_scale1.00.png,,,0,decode失敗,QR未検出,0.847644,0.501750,0.639636,0.464974,,lockin:lockin::None:14.992863136086896:16:16:binary:0,lockin,,,14.992863,16
ex_I_8,frame_00000.png,frame_00119.png,,,,0,decode失敗,QR未検出,0.937385,0.531669,0.677975,0.362565,,lockin:lockin::None:29.996431568043448:2:4:binary:0,lockin,,,29.996432,2
ex_I_8,frame_00000.png,frame_00119.png,,,,0,decode失敗,QR未検出,0.937385,0.531669,0.677975,0.362565,,lockin:lockin::None:29.996431568043448:2:8:binary:0,lockin,,,29.996432,2
ex_I_8,frame_00000.png,frame_00119.png,,,,0,decode失敗,QR未検出,0.937385,0.531669,0.677975,0.362565,,lockin:lockin::None:29.996431568043448:2:16:binary:0,lockin,,,29.996432,2
ex_I_8,frame_00000.png,frame_00119.png,,,,0,decode失敗,QR未検出,0.884428,0.690491,0.814391,0.090593,,lockin:lockin::None:29.996431568043448:4:4:binary:0,lockin,,,29.996432,4
ex_I_8,frame_00000.png,frame_00119.png,,,,0,decode失敗,QR未検出,0.884428,0.690491,0.814391,0.090593,,lockin:lockin::None:29.996431568043448:4:8:binary:0,lockin,,,29.996432,4
ex_I_8,frame_00000.png,frame_00119.png,,,,0,decode失敗,QR未検出,0.884428,0.690491,0.814391,0.090593,,lockin:lockin::None:29.996431568043448:4:16:binary:0,lockin,,,29.996432,4
ex_I_8,frame_00000.png,frame_00119.png,,,,0,decode失敗,QR未検出,0.846886,0.746286,0.840124,0.055597,,lockin:lockin::None:29.996431568043448:6:4:binary:0,lockin,,,29.996432,6
ex_I_8,frame_00000.png,frame_00119.png,,,,0,decode失敗,QR未検出,0.846886,0.746286,0.840124,0.055597,,lockin:lockin::None:29.996431568043448:6:8:binary:0,lockin,,,29.996432,6
ex_I_8,frame_00000.png,frame_00119.png,,,,0,decode失敗,QR未検出,0.846886,0.746286,0.840124,0.055597,,lockin:lockin::None:29.996431568043448:6:16:binary:0,lockin,,,29.996432,6
ex_I_8,frame_00000.png,frame_00119.png,,,,0,decode失敗,QR未検出,0.820818,0.781668,0.851934,0.043527,,lockin:lockin::None:29.996431568043448:8:4:binary:0,lockin,,,29.996432,8
ex_I_8,frame_00000.png,frame_00119.png,,,,0,decode失敗,QR未検出,0.820818,0.781668,0.851934,0.043527,,lockin:lockin::None:29.996431568043448:8:8:binary:0,lockin,,,29.996432,8
ex_I_8,frame_00000.png,frame_00119.png,,,,0,decode失敗,QR未検出,0.820818,0.781668,0.851934,0.043527,,lockin:lockin::None:29.996431568043448:8:16:binary:0,lockin,,,29.996432,8
ex_I_8,frame_00000.png,frame_00119.png,,,,0,decode失敗,QR未検出,0.796396,0.808354,0.857746,0.035738,,lockin:lockin::None:29.996431568043448:10:4:binary:0,lockin,,,29.996432,10
ex_I_8,frame_00000.png,frame_00119.png,,,,0,decode失敗,QR未検出,0.796396,0.808354,0.857746,0.035738,,lockin:lockin::None:29.996431568043448:10:8:binary:0,lockin,,,29.996432,10
ex_I_8,frame_00000.png,frame_00119.png,,,,0,decode失敗,QR未検出,0.796396,0.808354,0.857746,0.035738,,lockin:lockin::None:29.996431568043448:10:16:binary:0,lockin,,,29.996432,10
ex_I_8,frame_00000.png,frame_00119.png,ex_I_8/rgb_max_lockin_f300_ps4_th12/00000-00119-FRAME_rgbmax_scale1.00.png,,,0,decode失敗,QR未検出,0.775588,0.830530,0.861279,0.029946,,lockin:lockin::None:29.996431568043448:12:4:binary:0,lockin,,,29.996432,12
ex_I_8,frame_00000.png,frame_00119.png,ex_I_8/rgb_max_lockin_f300_ps4_th12/00000-00119-FRAME_rgbmax_scale1.00.png,,,0,decode失敗,QR未検出,0.775588,0.830530,0.861279,0.029946,,lockin:lockin::None:29.996431568043448:12:8:binary:0,lockin,,,29.996432,12
ex_I_8,frame_00000.png,frame_00119.png,ex_I_8/rgb_max_lockin_f300_ps4_th12/00000-00119-FRAME_rgbmax_scale1.00.png,,,0,decode失敗,QR未検出,0.775588,0.830530,0.861279,0.029946,,lockin:lockin::None:29.996431568043448:12:16:binary:0,lockin,,,29.996432,12
ex_I_8,frame_00000.png,frame_00119.png,ex_I_8/rgb_max_lockin_f300_ps16_th16/00000-00119-FRAME_rgbmax_scale1.00.png,,,0,decode失敗,QR未検出,0.737844,0.864709,0.863118,0.021844,,lockin:lockin::None:29.996431568043448:16:4:binary:0,lockin,,,29.996432,16
ex_I_8,frame_00000.png,frame_00119.png,ex_I_8/rgb_max_lockin_f300_ps16_th16/00000-00119-FRAME_rgbmax_scale1.00.png,,,0,decode失敗,QR未検出,0.737844,0.864709,0.863118,0.021844,,lockin:lockin::None:29.996431568043448:16:8:binary:0,lockin,,,29.996432,16
ex_I_8,frame_00000.png,frame_00119.png,ex_I_8/rgb_max_lockin_f300_ps16_th16/00000-00119-FRAME_rgbmax_scale1.00.png,,,0,decode失敗,QR未検出,0.737844,0.864709,0.863118,0.021844,,lockin:lockin::None:29.996431568043448:16:16:binary:0,lockin,,,29.996432,16
ex_I_12,frame_00000.png,frame_00119.png,,,,0,decode失敗,QR未検出,0.000386,0.007940,0.620143,0.052308,,lockin:lockin::None:10.003568431956552:2:4:binary:0,lockin,,,10.003568,2
ex_I_12,frame_00000.png,frame_00119.png,,,,0,decode失敗,QR未検出,0.000386,0.007940,0.620143,0.052308,,lockin:lockin::None:10.003568431956552:2:8:binary:0,lockin,,,10.003568,2
ex_I_12,frame_00000.png,frame_00119.png,,,,0,decode失敗,QR未検出,0.000386,0.007940,0.620143,0.052308,,lockin:lockin::None:10.003568431956552:2:16:binary:0,lockin,,,10.003568,2
ex_I_12,frame_00000.png,frame_00119.png,,,,0,decode失敗,QR未検出,0.006197,0.041462,0.587802,0.165346,,lockin:lockin::None:10.003568431956552:4:4:binary:0,lockin,,,10.003568,4
ex_I_12,frame_00000.png,frame_00119.png,,,,0,decode失敗,QR未検出,0.006197,0.041462,0.587802,0.165346,,lockin:lockin::None:10.003568431956552:4:8:binary:0,lockin,,,10.003568,4
ex_I_12,frame_00000.png,frame_00119.png,,,,0,decode失敗,QR未検出,0.006197,0.041462,0.587802,0.165346,,lockin:lockin::None:10.003568431956552:4:16:binary:0,lockin,,,10.003568,4
ex_I_12,frame_00000.png,frame_00119.png,,,,0,decode失敗,QR未検出,0.027318,0.068255,0.512209,0.308595,,lockin:lockin::None:10.003568431956552:6:4:binary:0,lockin,,,10.003568,6
ex_I_12,frame_00000.png,frame_00119.png,,,,0,decode失敗,QR未検出,0.027318,0.068255,0.512209,0.308595,,lockin:lockin::None:10.003568431956552:6:8:binary:0,lockin,,,10.003568,6
ex_I_12,frame_00000.png,frame_00119.png,,,,0,decode失敗,QR未検出,0.027318,0.068255,0.512209,0.308595,,lockin:lockin::None:10.003568431956552:6:16:binary:0,lockin,,,10.003568,6
ex_I_12,frame_00000.png,frame_00119.png,,,,0,decode失敗,QR未検出,0.921978,0.482381,0.613078,0.482535,,lockin:lockin::None:10.003568431956552:8:4:binary:0,lockin,,,10.003568,8
ex_I_12,frame_00000.png,frame_00119.png,,,,0,decode失敗,QR未検出,0.921978,0.482381,0.613078,0.482535,,lockin:lockin::None:10.003568431956552:8:8:binary:0,lockin,,,10.003568,8
ex_I_12,frame_00000.png,frame_00119.png,,,,0,decode失敗,QR未検出,0.921978,0.482381,0.613078,0.482535,,lockin:lockin::None:10.003568431956552:8:16:binary:0,lockin,,,10.003568,8
ex_I_12,frame_00000.png,frame_00119.png,ex_I_12/rgb_max_lockin_f300_ps8_th10/00000-00119-FRAME_rgbmax_scale1.00.png,,,0,decode失敗,QR未検出,0.851404,0.570902,0.714154,0.288576,,lockin:lockin::None:10.003568431956552:10:4:binary:0,lockin,,,10.003568,10
ex_I_12,frame_00000.png,frame_00119.png,ex_I_12/rgb_max_lockin_f300_ps8_th10/00000-00119-FRAME_rgbmax_scale1.00.png,,,0,decode失敗,QR未検出,0.851404,0.570902,0.714154,0.288576,,lockin:lockin::None:10.003568431956552:10:8:binary:0,lockin,,,10.003568,10
ex_I_12,frame_00000.png,frame_00119.png,ex_I_12/rgb_max_lockin_f300_ps8_th10/00000-00119-FRAME_rgbmax_scale1.00.png,,,0,decode失敗,QR未検出,0.851404,0.570902,0.714154,0.288576,,lockin:lockin::None:10.003568431956552:10:16:binary:0,lockin,,,10.003568,10
ex_I_12,frame_00000.png,frame_00119.png,ex_I_12/rgb_max_lockin_f300_ps16_th12/00000-00119-FRAME_rgbmax_scale1.00.png,,,0,decode失敗,QR未検出,0.767006,0.648418,0.764778,0.161641,,lockin:lockin::None:10.003568431956552:12:4:binary:0,lockin,,,10.003568,12
ex_I_12,frame_00000.png,frame_00119.png,ex_I_12/rgb_max_lockin_f300_ps16_th12/00000-00119-FRAME_rgbmax_scale1.00.png,,,0,decode失敗,QR未検出,0.767006,0.648418,0.764778,0.161641,,lockin:lockin::None:10.003568431956552:12:8:binary:0,lockin,,,10.003568,12
ex_I_12,frame_00000.png,frame_00119.png,ex_I_12/rgb_max_lockin_f300_ps16_th12/00000-00119-FRAME_rgbmax_scale1.00.png,,,0,decode失敗,QR未検出,0.767006,0.648418,0.764778,0.161641,,lockin:lockin::None:10.003568431956552:12:16:binary:0,lockin,,,10.003568,12
ex_I_12,frame_00000.png,frame_00119.png,,,,0,decode失敗,QR未検出,0.585517,0.759418,0.782505,0.051092,,lockin:lockin::None:10.003568431956552:16:4:binary:0,lockin,,,10.003568,16
ex_I_12,frame_00000.png,frame_00119.png,,,,0,decode失敗,QR未検出,0.585517,0.759418,0.782505,0.051092,,lockin:lockin::None:10.003568431956552:16:8:binary:0,lockin,,,10.003568,16
ex_I_12,frame_00000.png,frame_00119.png,,,,0,decode失敗,QR未検出,0.585517,0.759418,0.782505,0.051092,,lockin:lockin::None:10.003568431956552:16:16:binary:0,lockin,,,10.003568,16
ex_I_12,frame_00000.png,frame_00119.png,,,,0,decode失敗,QR未検出,0.000323,0.006683,0.620185,0.054628,,lockin:lockin::None:14.992863136086896:2:4:binary:0,lockin,,,14.992863,2
ex_I_12,frame_00000.png,frame_00119.png,,,,0,decode失敗,QR未検出,0.000323,0.006683,0.620185,0.054628,,lockin:lockin::None:14.992863136086896:2:8:binary:0,lockin,,,14.992863,2
ex_I_12,frame_00000.png,frame_00119.png,,,,0,decode失敗,QR未検出,0.000323,0.006683,0.620185,0.054628,,lockin:lockin::None:14.992863136086896:2:16:binary:0,lockin,,,14.992863,2
ex_I_12,frame_00000.png,frame_00119.png,,,,0,decode失敗,QR未検出,0.004445,0.032194,0.590661,0.164319,,lockin:lockin::None:14.992863136086896:4:4:binary:0,lockin,,,14.992863,4
ex_I_12,frame_00000.png,frame_00119.png,,,,0,decode失敗,QR未検出,0.004445,0.032194,0.590661,0.164319,,lockin:lockin::None:14.992863136086896:4:8:binary:0,lockin,,,14.992863,4
ex_I_12,frame_00000.png,frame_00119.png,,,,0,decode失敗,QR未検出,0.004445,0.032194,0.590661,0.164319,,lockin:lockin::None:14.992863136086896:4:16:binary:0,lockin,,,14.992863,4
ex_I_12,frame_00000.png,frame_00119.png,,,,0,decode失敗,QR未検出,0.020918,0.058031,0.521986,0.294464,,lockin:lockin::None:14.992863136086896:6:4:binary:0,lockin,,,14.992863,6
ex_I_12,frame_00000.png,frame_00119.png,,,,0,decode失敗,QR未検出,0.020918,0.058031,0.521986,0.294464,,lockin:lockin::None:14.992863136086896:6:8:binary:0,lockin,,,14.992863,6
ex_I_12,frame_00000.png,frame_00119.png,,,,0,decode失敗,QR未検出,0.020918,0.058031,0.521986,0.294464,,lockin:lockin::None:14.992863136086896:6:16:binary:0,lockin,,,14.992863,6
ex_I_12,frame_00000.png,frame_00119.png,,,,0,decode失敗,QR未検出,0.939504,0.471551,0.596398,0.509524,,lockin:lockin::None:14.992863136086896:8:4:binary:0,lockin,,,14.992863,8
ex_I_12,frame_00000.png,frame_00119.png,,,,0,decode失敗,QR未検出,0.939504,0.471551,0.596398,0.509524,,lockin:lockin::None:14.992863136086896:8:8:binary:0,lockin,,,14.992863,8
ex_I_12,frame_00000.png,frame_00119.png,,,,0,decode失敗,QR未検出,0.939504,0.471551,0.596398,0.509524,,lockin:lockin::None:14.992863136086896:8:16:binary:0,lockin,,,14.992863,8
ex_I_12,frame_00000.png,frame_00119.png,ex_I_12/rgb_max_lockin_f300_ps8_th10/00000-00119-FRAME_rgbmax_scale1.00.png,,,0,decode失敗,QR未検出,0.874258,0.555578,0.700901,0.318597,,lockin:lockin::None:14.992863136086896:10:4:binary:0,lockin,,,14.992863,10
ex_I_12,frame_00000.png,frame_00119.png,ex_I_12/rgb_max_lockin_f300_ps8_th10/00000-00119-FRAME_rgbmax_scale1.00.png,,,0,decode失敗,QR未検出,0.874258,0.555578,0.700901,0.318597,,lockin:lockin::None:14.992863136086896:10:8:binary:0,lockin,,,14.992863,10
ex_I_12,frame_00000.png,frame_00119.png,ex_I_12/rgb_max_lockin_f300_ps8_th10/00000-00119-FRAME_rgbmax_scale1.00.png,,,0,decode失敗,QR未検出,0.874258,0.555578,0.700901,0.318597,,lockin:lockin::None:14.992863136086896:10:16:binary:0,lockin,,,14.992863,10
ex_I_12,frame_00000.png,frame_00119.png,ex_I_12/rgb_max_lockin_f300_ps16_th12/00000-00119-FRAME_rgbmax_scale1.00.png,,,0,decode失敗,QR未検出,0.798625,0.628290,0.755721,0.190109,,lockin:lockin::None:14.992863136086896:12:4:binary:0,lockin,,,14.992863,12
ex_I_12,frame_00000.png,frame_00119.png,ex_I_12/rgb_max_lockin_f300_ps16_th12/00000-00119-FRAME_rgbmax_scale1.00.png,,,0,decode失敗,QR未検出,0.798625,0.628290,0.755721,0.190109,,lockin:lockin::None:14.992863136086896:12:8:binary:0,lockin,,,14.992863,12
ex_I_12,frame_00000.png,frame_00119.png,ex_I_12/rgb_max_lockin_f300_ps16_th12/00000-00119-FRAME_rgbmax_scale1.00.png,,,0,decode失敗,QR未検出,0.798625,0.628290,0.755721,0.190109,,lockin:lockin::None:14.992863136086896:12:16:binary:0,lockin,,,14.992863,12
ex_I_12,frame_00000.png,frame_00119.png,,,,0,decode失敗,QR未検出,0.619646,0.722123,0.775682,0.069865,,lockin:lockin::None:14.992863136086896:16:4:binary:0,lockin,,,14.992863,16
ex_I_12,frame_00000.png,frame_00119.png,,,,0,decode失敗,QR未検出,0.619646,0.722123,0.775682,0.069865,,lockin:lockin::None:14.992863136086896:16:8:binary:0,lockin,,,14.992863,16
ex_I_12,frame_00000.png,frame_00119.png,,,,0,decode失敗,QR未検出,0.619646,0.722123,0.775682,0.069865,,lockin:lockin::None:14.992863136086896:16:16:binary:0,lockin,,,14.992863,16
ex_I_12,frame_00000.png,frame_00119.png,,,,0,decode失敗,QR未検出,0.935049,0.699880,0.831103,0.076511,,lockin:lockin::None:29.996431568043448:2:4:binary:0,lockin,,,29.996432,2
ex_I_12,frame_00000.png,frame_00119.png,,,,0,decode失敗,QR未検出,0.935049,0.699880,0.831103,0.076511,,lockin:lockin::None:29.996431568043448:2:8:binary:0,lockin,,,29.996432,2
ex_I_12,frame_00000.png,frame_00119.png,,,,0,decode失敗,QR未検出,0.935049,0.699880,0.831103,0.076511,,lockin:lockin::None:29.996431568043448:2:16:binary:0,lockin,,,29.996432,2
ex_I_12,frame_00000.png,frame_00119.png,,,,0,decode失敗,QR未検出,0.901644,0.779078,0.871660,0.048495,,lockin:lockin::None:29.996431568043448:4:4:binary:0,lockin,,,29.996432,4
ex_I_12,frame_00000.png,frame_00119.png,,,,0,decode失敗,QR未検出,0.901644,0.779078,0.871660,0.048495,,lockin:lockin::None:29.996431568043448:4:8:binary:0,lockin,,,29.996432,4
ex_I_12,frame_00000.png,frame_00119.png,,,,0,decode失敗,QR未検出,0.901644,0.779078,0.871660,0.048495,,lockin:lockin::None:29.996431568043448:4:16:binary:0,lockin,,,29.996432,4
ex_I_12,frame_00000.png,frame_00119.png,,,,0,decode失敗,QR未検出,0.874673,0.821673,0.885753,0.035926,,lockin:lockin::None:29.996431568043448:6:4:binary:0,lockin,,,29.996432,6
ex_I_12,frame_00000.png,frame_00119.png,,,,0,decode失敗,QR未検出,0.874673,0.821673,0.885753,0.035926,,lockin:lockin::None:29.996431568043448:6:8:binary:0,lockin,,,29.996432,6
ex_I_12,frame_00000.png,frame_00119.png,,,,0,decode失敗,QR未検出,0.874673,0.821673,0.885753,0.035926,,lockin:lockin::None:29.996431568043448:6:16:binary:0,lockin,,,29.996432,6
ex_I_12,frame_00000.png,frame_00119.png,,,,0,decode失敗,QR未検出,0.854411,0.849993,0.892561,0.028532,,lockin:lockin::None:29.996431568043448:8:4:binary:0,lockin,,,29.996432,8
ex_I_12,frame_00000.png,frame_00119.png,,,,0,decode失敗,QR未検出,0.854411,0.849993,0.892561,0.028532,,lockin:lockin::None:29.996431568043448:8:8:binary:0,lockin,,,29.996432,8
ex_I_12,frame_00000.png,frame_00119.png,,,,0,decode失敗,QR未検出,0.854411,0.849993,0.892561,0.028532,,lockin:lockin::None:29.996431568043448:8:16:binary:0,lockin,,,29.996432,8
ex_I_12,frame_00000.png,frame_00119.png,ex_I_12/rgb_max_lockin_f300_ps8_th10/00000-00119-FRAME_rgbmax_scale1.00.png,,,0,decode失敗,QR未検出,0.835877,0.868015,0.894430,0.024050,,lockin:lockin::None:29.996431568043448:10:4:binary:0,lockin,,,29.996432,10
ex_I_12,frame_00000.png,frame_00119.png,ex_I_12/rgb_max_lockin_f300_ps8_th10/00000-00119-FRAME_rgbmax_scale1.00.png,,,0,decode失敗,QR未検出,0.835877,0.868015,0.894430,0.024050,,lockin:lockin::None:29.996431568043448:10:8:binary:0,lockin,,,29.996432,10
ex_I_12,frame_00000.png,frame_00119.png,ex_I_12/rgb_max_lockin_f300_ps8_th10/00000-00119-FRAME_rgbmax_scale1.00.png,,,0,decode失敗,QR未検出,0.835877,0.868015,0.894430,0.024050,,lockin:lockin::None:29.996431568043448:10:16:binary:0,lockin,,,29.996432,10
ex_I_12,frame_00000.png,frame_00119.png,ex_I_12/rgb_max_lockin_f300_ps16_th12/00000-00119-FRAME_rgbmax_scale1.00.png,,,0,decode失敗,QR未検出,0.820446,0.883507,0.895695,0.020469,,lockin:lockin::None:29.996431568043448:12:4:binary:0,lockin,,,29.996432,12
ex_I_12,frame_00000.png,frame_00119.png,ex_I_12/rgb_max_lockin_f300_ps16_th12/00000-00119-FRAME_rgbmax_scale1.00.png,,,0,decode失敗,QR未検出,0.820446,0.883507,0.895695,0.020469,,lockin:lockin::None:29.996431568043448:12:8:binary:0,lockin,,,29.996432,12
ex_I_12,frame_00000.png,frame_00119.png,ex_I_12/rgb_max_lockin_f300_ps16_th12/00000-00119-FRAME_rgbmax_scale1.00.png,,,0,decode失敗,QR未検出,0.820446,0.883507,0.895695,0.020469,,lockin:lockin::None:29.996431568043448:12:16:binary:0,lockin,,,29.996432,12
ex_I_12,frame_00000.png,frame_00119.png,,,,0,decode失敗,QR未検出,0.794523,0.902524,0.894406,0.016237,,lockin:lockin::None:29.996431568043448:16:4:binary:0,lockin,,,29.996432,16
ex_I_12,frame_00000.png,frame_00119.png,,,,0,decode失敗,QR未検出,0.794523,0.902524,0.894406,0.016237,,lockin:lockin::None:29.996431568043448:16:8:binary:0,lockin,,,29.996432,16
ex_I_12,frame_00000.png,frame_00119.png,,,,0,decode失敗,QR未検出,0.794523,0.902524,0.894406,0.016237,,lockin:lockin::None:29.996431568043448:16:16:binary:0,lockin,,,29.996432,16
rice_X_4,frame_00000.png,frame_00119.png,,,,0,decode失敗,QR未検出,0.003996,0.113987,0.627680,0.028745,,lockin:lockin::None:10.003568431956552:2:4:binary:0,lockin,,,10.003568,2
rice_X_4,frame_00000.png,frame_00119.png,,,,0,decode失敗,QR未検出,0.003996,0.113987,0.627680,0.028745,,lockin:lockin::None:10.003568431956552:2:8:binary:0,lockin,,,10.003568,2
rice_X_4,frame_00000.png,frame_00119.png,,,,0,decode失敗,QR未検出,0.003996,0.113987,0.627680,0.028745,,lockin:lockin::None:10.003568431956552:2:16:binary:0,lockin,,,10.003568,2
rice_X_4,frame_00000.png,frame_00119.png,,,,0,decode失敗,QR未検出,0.039119,0.212323,0.599065,0.121346,,lockin:lockin::None:10.003568431956552:4:4:binary:0,lockin,,,10.003568,4
rice_X_4,frame_00000.png,frame_00119.png,,,,0,decode失敗,QR未検出,0.039119,0.212323,0.599065,0.121346,,lockin:lockin::None:10.003568431956552:4:8:binary:0,lockin,,,10.003568,4
rice_X_4,frame_00000.png,frame_00119.png,,,,0,decode失敗,QR未検出,0.039119,0.212323,0.599065,0.121346,,lockin:lockin::None:10.003568431956552:4:16:binary:0,lockin,,,10.003568,4
rice_X_4,frame_00000.png,frame_00119.png,rice_X_4/rgb_max_lockin_f300_ps16_th6/00000-00119-FRAME_rgbmax_scale1.00.png,,,0,decode失敗,QR未検出,0.088973,0.241672,0.568540,0.232953,,lockin:lockin::None:10.003568431956552:6:4:binary:0,lockin,,,10.003568,6
rice_X_4,frame_00000.png,frame_00119.png,rice_X_4/rgb_max_lockin_f300_ps16_th6/00000-00119-FRAME_rgbmax_scale1.00.png,,,0,decode失敗,QR未検出,0.088973,0.241672,0.568540,0.232953,,lockin:lockin::None:10.003568431956552:6:8:binary:0,lockin,,,10.003568,6
rice_X_4,frame_00000.png,frame_00119.png,rice_X_4/rgb_max_lockin_f300_ps16_th6/00000-00119-FRAME_rgbmax_scale1.00.png,,,0,decode失敗,QR未検出,0.088973,0.241672,0.568540,0.232953,,lockin:lockin::None:10.003568431956552:6:16:binary:0,lockin,,,10.003568,6
rice_X_4,frame_00000.png,frame_00119.png,rice_X_4/rgb_max_lockin_f300_ps8_th8/00000-00119-FRAME_rgbmax_scale1.00.png,,,0,decode失敗,QR未検出,0.161734,0.234945,0.505205,0.349847,,lockin:lockin::None:10.003568431956552:8:4:binary:0,lockin,,,10.003568,8
rice_X_4,frame_00000.png,frame_00119.png,rice_X_4/rgb_max_lockin_f300_ps8_th8/00000-00119-FRAME_rgbmax_scale1.00.png,,,0,decode失敗,QR未検出,0.161734,0.234945,0.505205,0.349847,,lockin:lockin::None:10.003568431956552:8:8:binary:0,lockin,,,10.003568,8
rice_X_4,frame_00000.png,frame_00119.png,rice_X_4/rgb_max_lockin_f300_ps8_th8/00000-00119-FRAME_rgbmax_scale1.00.png,,,0,decode失敗,QR未検出,0.161734,0.234945,0.505205,0.349847,,lockin:lockin::None:10.003568431956552:8:16:binary:0,lockin,,,10.003568,8
rice_X_4,frame_00000.png,frame_00119.png,,,,0,decode失敗,QR未検出,0.762069,0.449636,0.575605,0.514929,,lockin:lockin::None:10.003568431956552:10:4:binary:0,lockin,,,10.003568,10
rice_X_4,frame_00000.png,frame_00119.png,,,,0,decode失敗,QR未検出,0.762069,0.449636,0.575605,0.514929,,lockin:lockin::None:10.003568431956552:10:8:binary:0,lockin,,,10.003568,10
rice_X_4,frame_00000.png,frame_00119.png,,,,0,decode失敗,QR未検出,0.762069,0.449636,0.575605,0.514929,,lockin:lockin::None:10.003568431956552:10:16:binary:0,lockin,,,10.003568,10
rice_X_4,frame_00000.png,frame_00119.png,,,,0,decode失敗,QR未検出,0.694251,0.503714,0.641204,0.389362,,lockin:lockin::None:10.003568431956552:12:4:binary:0,lockin,,,10.003568,12
rice_X_4,frame_00000.png,frame_00119.png,,,,0,decode失敗,QR未検出,0.694251,0.503714,0.641204,0.389362,,lockin:lockin::None:10.003568431956552:12:8:binary:0,lockin,,,10.003568,12
rice_X_4,frame_00000.png,frame_00119.png,,,,0,decode失敗,QR未検出,0.694251,0.503714,0.641204,0.389362,,lockin:lockin::None:10.003568431956552:12:16:binary:0,lockin,,,10.003568,12
rice_X_4,frame_00000.png,frame_00119.png,,,,0,decode失敗,QR未検出,0.579315,0.605877,0.710890,0.219978,,lockin:lockin::None:10.003568431956552:16:4:binary:0,lockin,,,10.003568,16
rice_X_4,frame_00000.png,frame_00119.png,,,,0,decode失敗,QR未検出,0.579315,0.605877,0.710890,0.219978,,lockin:lockin::None:10.003568431956552:16:8:binary:0,lockin,,,10.003568,16
rice_X_4,frame_00000.png,frame_00119.png,,,,0,decode失敗,QR未検出,0.579315,0.605877,0.710890,0.219978,,lockin:lockin::None:10.003568431956552:16:16:binary:0,lockin,,,10.003568,16
rice_X_4,frame_00000.png,frame_00119.png,,,,0,decode失敗,QR未検出,0.005917,0.152773,0.627742,0.030784,,lockin:lockin::None:14.992863136086896:2:4:binary:0,lockin,,,14.992863,2
rice_X_4,frame_00000.png,frame_00119.png,,,,0,decode失敗,QR未検出,0.005917,0.152773,0.627742,0.030784,,lockin:lockin::None:14.992863136086896:2:8:binary:0,lockin,,,14.992863,2
rice_X_4,frame_00000.png,frame_00119.png,,,,0,decode失敗,QR未検出,0.005917,0.152773,0.627742,0.030784,,lockin:lockin::None:14.992863136086896:2:16:binary:0,lockin,,,14.992863,2
rice_X_4,frame_00000.png,frame_00119.png,,,,0,decode失敗,QR未検出,0.041137,0.209503,0.596137,0.133885,,lockin:lockin::None:14.992863136086896:4:4:binary:0,lockin,,,14.992863,4
rice_X_4,frame_00000.png,frame_00119.png,,,,0,decode失敗,QR未検出,0.041137,0.209503,0.596137,0.133885,,lockin:lockin::None:14.992863136086896:4:8:binary:0,lockin,,,14.992863,4
rice_X_4,frame_00000.png,frame_00119.png,,,,0,decode失敗,QR未検出,0.041137,0.209503,0.596137,0.133885,,lockin:lockin::None:14.992863136086896:4:16:binary:0,lockin,,,14.992863,4
rice_X_4,frame_00000.png,frame_00119.png,rice_X_4/rgb_max_lockin_f300_ps16_th6/00000-00119-FRAME_rgbmax_scale1.00.png,,,0,decode失敗,QR未検出,0.095856,0.247588,0.566641,0.244109,,lockin:lockin::None:14.992863136086896:6:4:binary:0,lockin,,,14.992863,6
rice_X_4,frame_00000.png,frame_00119.png,rice_X_4/rgb_max_lockin_f300_ps16_th6/00000-00119-FRAME_rgbmax_scale1.00.png,,,0,decode失敗,QR未検出,0.095856,0.247588,0.566641,0.244109,,lockin:lockin::None:14.992863136086896:6:8:binary:0,lockin,,,14.992863,6
rice_X_4,frame_00000.png,frame_00119.png,rice_X_4/rgb_max_lockin_f300_ps16_th6/00000-00119-FRAME_rgbmax_scale1.00.png,,,0,decode失敗,QR未検出,0.095856,0.247588,0.566641,0.244109,,lockin:lockin::None:14.992863136086896:6:16:binary:0,lockin,,,14.992863,6
rice_X_4,frame_00000.png,frame_00119.png,rice_X_4/rgb_max_lockin_f300_ps8_th8/00000-00119-FRAME_rgbmax_scale1.00.png,,,0,decode失敗,QR未検出,0.832083,0.409183,0.503597,0.635698,,lockin:lockin::None:14.992863136086896:8:4:binary:0,lockin,,,14.992863,8
rice_X_4,frame_00000.png,frame_00119.png,rice_X_4/rgb_max_lockin_f300_ps8_th8/00000-00119-FRAME_rgbmax_scale1.00.png,,,0,decode失敗,QR未検出,0.832083,0.409183,0.503597,0.635698,,lockin:lockin::None:14.992863136086896:8:8:binary:0,lockin,,,14.992863,8
rice_X_4,frame_00000.png,frame_00119.png,rice_X_4/rgb_max_lockin_f300_ps8_th8/00000-00119-FRAME_rgbmax_scale1.00.png,,,0,decode失敗,QR未検出,0.832083,0.409183,0.503597,0.635698,,lockin:lockin::None:14.992863136086896:8:16:binary:0,lockin,,,14.992863,8
rice_X_4,frame_00000.png,frame_00119.png,,,,0,decode失敗,QR未検出,0.758314,0.457041,0.585816,0.501468,,lockin:lockin::None:14.992863136086896:10:4:binary:0,lockin,,,14.992863,10
rice_X_4,frame_00000.png,frame_00119.png,,,,0,decode失敗,QR未検出,0.758314,0.457041,0.585816,0.501468,,lockin:lockin::None:14.992863136086896:10:8:binary:0,lockin,,,14.992863,10
rice_X_4,frame_00000.png,frame_00119.png,,,,0,decode失敗,QR未検出,0.758314,0.457041,0.585816,0.501468,,lockin:lockin::None:14.992863136086896:10:16:binary:0,lockin,,,14.992863,10
rice_X_4,frame_00000.png,frame_00119.png,,,,0,decode失敗,QR未検出,0.693589,0.510635,0.647966,0.380755,,lockin:lockin::None:14.992863136086896:12:4:binary:0,lockin,,,14.992863,12
rice_X_4,frame_00000.png,frame_00119.png,,,,0,decode失敗,QR未検出,0.693589,0.510635,0.647966,0.380755,,lockin:lockin::None:14.992863136086896:12:8:binary:0,lockin,,,14.992863,12
rice_X_4,frame_00000.png,frame_00119.png,,,,0,decode失敗,QR未検出,0.693589,0.510635,0.647966,0.380755,,lockin:lockin::None:14.992863136086896:12:16:binary:0,lockin,,,14.992863,12
rice_X_4,frame_00000.png,frame_00119.png,,,,0,decode失敗,QR未検出,0.589089,0.610747,0.714938,0.220084,,lockin:lockin::None:14.992863136086896:16:4:binary:0,lockin,,,14.992863,16
rice_X_4,frame_00000.png,frame_00119.png,,,,0,decode失敗,QR未検出,0.589089,0.610747,0.714938,0.220088,,lockin:lockin::None:14.992863136086896:16:8:binary:0,lockin,,,14.992863,16
rice_X_4,frame_00000.png,frame_00119.png,,,,0,decode失敗,QR未検出,0.589089,0.610747,0.714938,0.220088,,lockin:lockin::None:14.992863136086896:16:16:binary:0,lockin,,,14.992863,16
rice_X_4,frame_00000.png,frame_00119.png,,,,0,decode失敗,QR未検出,0.819573,0.460361,0.586329,0.512733,,lockin:lockin::None:29.996431568043448:2:4:binary:0,lockin,,,29.996432,2
rice_X_4,frame_00000.png,frame_00119.png,,,,0,decode失敗,QR未検出,0.819573,0.460361,0.586329,0.512733,,lockin:lockin::None:29.996431568043448:2:8:binary:0,lockin,,,29.996432,2
rice_X_4,frame_00000.png,frame_00119.png,,,,0,decode失敗,QR未検出,0.819573,0.460361,0.586329,0.512733,,lockin:lockin::None:29.996431568043448:2:16:binary:0,lockin,,,29.996432,2
rice_X_4,frame_00000.png,frame_00119.png,,,,0,decode失敗,QR未検出,0.662400,0.647536,0.746914,0.175759,,lockin:lockin::None:29.996431568043448:4:4:binary:0,lockin,,,29.996432,4
rice_X_4,frame_00000.png,frame_00119.png,,,,0,decode失敗,QR未検出,0.662400,0.647536,0.746914,0.175759,,lockin:lockin::None:29.996431568043448:4:8:binary:0,lockin,,,29.996432,4
rice_X_4,frame_00000.png,frame_00119.png,,,,0,decode失敗,QR未検出,0.662400,0.647536,0.746914,0.175759,,lockin:lockin::None:29.996431568043448:4:16:binary:0,lockin,,,29.996432,4
rice_X_4,frame_00000.png,frame_00119.png,rice_X_4/rgb_max_lockin_f300_ps16_th6/00000-00119-FRAME_rgbmax_scale1.00.png,,,0,decode失敗,QR未検出,0.549265,0.746851,0.769115,0.084260,,lockin:lockin::None:29.996431568043448:6:4:binary:0,lockin,,,29.996432,6
rice_X_4,frame_00000.png,frame_00119.png,rice_X_4/rgb_max_lockin_f300_ps16_th6/00000-00119-FRAME_rgbmax_scale1.00.png,,,0,decode失敗,QR未検出,0.549265,0.746851,0.769115,0.084260,,lockin:lockin::None:29.996431568043448:6:8:binary:0,lockin,,,29.996432,6
rice_X_4,frame_00000.png,frame_00119.png,rice_X_4/rgb_max_lockin_f300_ps16_th6/00000-00119-FRAME_rgbmax_scale1.00.png,,,0,decode失敗,QR未検出,0.549265,0.746851,0.769115,0.084260,,lockin:lockin::None:29.996431568043448:6:16:binary:0,lockin,,,29.996432,6
rice_X_4,frame_00000.png,frame_00119.png,rice_X_4/rgb_max_lockin_f300_ps8_th8/00000-00119-FRAME_rgbmax_scale1.00.png,,,0,decode失敗,QR未検出,0.449195,0.812415,0.762731,0.046493,,lockin:lockin::None:29.996431568043448:8:4:binary:0,lockin,,,29.996432,8
rice_X_4,frame_00000.png,frame_00119.png,rice_X_4/rgb_max_lockin_f300_ps8_th8/00000-00119-FRAME_rgbmax_scale1.00.png,,,0,decode失敗,QR未検出,0.449195,0.812415,0.762731,0.046493,,lockin:lockin::None:29.996431568043448:8:8:binary:0,lockin,,,29.996432,8
rice_X_4,frame_00000.png,frame_00119.png,rice_X_4/rgb_max_lockin_f300_ps8_th8/00000-00119-FRAME_rgbmax_scale1.00.png,,,0,decode失敗,QR未検出,0.449195,0.812415,0.762731,0.046493,,lockin:lockin::None:29.996431568043448:8:16:binary:0,lockin,,,29.996432,8
rice_X_4,frame_00000.png,frame_00119.png,,,,0,decode失敗,QR未検出,0.372718,0.856680,0.750002,0.026712,,lockin:lockin::None:29.996431568043448:10:4:binary:0,lockin,,,29.996432,10
rice_X_4,frame_00000.png,frame_00119.png,,,,0,decode失敗,QR未検出,0.372718,0.856680,0.750002,0.026712,,lockin:lockin::None:29.996431568043448:10:8:binary:0,lockin,,,29.996432,10
rice_X_4,frame_00000.png,frame_00119.png,,,,0,decode失敗,QR未検出,0.372718,0.856680,0.750002,0.026712,,lockin:lockin::None:29.996431568043448:10:16:binary:0,lockin,,,29.996432,10
rice_X_4,frame_00000.png,frame_00119.png,,,,0,decode失敗,QR未検出,0.312203,0.885645,0.736055,0.016282,,lockin:lockin::None:29.996431568043448:12:4:binary:0,lockin,,,29.996432,12
rice_X_4,frame_00000.png,frame_00119.png,,,,0,decode失敗,QR未検出,0.312203,0.885645,0.736055,0.016282,,lockin:lockin::None:29.996431568043448:12:8:binary:0,lockin,,,29.996432,12
rice_X_4,frame_00000.png,frame_00119.png,,,,0,decode失敗,QR未検出,0.312203,0.885645,0.736055,0.016282,,lockin:lockin::None:29.996431568043448:12:16:binary:0,lockin,,,29.996432,12
rice_X_4,frame_00000.png,frame_00119.png,,,,0,decode失敗,QR未検出,0.223268,0.924310,0.711801,0.006427,,lockin:lockin::None:29.996431568043448:16:4:binary:0,lockin,,,29.996432,16
rice_X_4,frame_00000.png,frame_00119.png,,,,0,decode失敗,QR未検出,0.223268,0.924310,0.711801,0.006427,,lockin:lockin::None:29.996431568043448:16:8:binary:0,lockin,,,29.996432,16
rice_X_4,frame_00000.png,frame_00119.png,,,,0,decode失敗,QR未検出,0.223268,0.924310,0.711801,0.006427,,lockin:lockin::None:29.996431568043448:16:16:binary:0,lockin,,,29.996432,16
rice_X_8,frame_00000.png,frame_00119.png,,,,0,decode失敗,QR未検出,0.005396,0.174633,0.630204,0.023441,,lockin:lockin::None:10.003568431956552:2:4:binary:0,lockin,,,10.003568,2
rice_X_8,frame_00000.png,frame_00119.png,,,,0,decode失敗,QR未検出,0.005396,0.174633,0.630204,0.023441,,lockin:lockin::None:10.003568431956552:2:8:binary:0,lockin,,,10.003568,2
rice_X_8,frame_00000.png,frame_00119.png,,,,0,decode失敗,QR未検出,0.005396,0.174633,0.630204,0.023441,,lockin:lockin::None:10.003568431956552:2:16:binary:0,lockin,,,10.003568,2
rice_X_8,frame_00000.png,frame_00119.png,,,,0,decode失敗,QR未検出,0.033357,0.209933,0.604077,0.113527,,lockin:lockin::None:10.003568431956552:4:4:binary:0,lockin,,,10.003568,4
rice_X_8,frame_00000.png,frame_00119.png,,,,0,decode失敗,QR未検出,0.033357,0.209933,0.604077,0.113527,,lockin:lockin::None:10.003568431956552:4:8:binary:0,lockin,,,10.003568,4
rice_X_8,frame_00000.png,frame_00119.png,,,,0,decode失敗,QR未検出,0.033357,0.209933,0.604077,0.113527,,lockin:lockin::None:10.003568431956552:4:16:binary:0,lockin,,,10.003568,4
rice_X_8,frame_00000.png,frame_00119.png,,,,0,decode失敗,QR未検出,0.064208,0.210058,0.573238,0.218239,,lockin:lockin::None:10.003568431956552:6:4:binary:0,lockin,,,10.003568,6
rice_X_8,frame_00000.png,frame_00119.png,,,,0,decode失敗,QR未検出,0.064208,0.210058,0.573238,0.218239,,lockin:lockin::None:10.003568431956552:6:8:binary:0,lockin,,,10.003568,6
rice_X_8,frame_00000.png,frame_00119.png,,,,0,decode失敗,QR未検出,0.064208,0.210058,0.573238,0.218239,,lockin:lockin::None:10.003568431956552:6:16:binary:0,lockin,,,10.003568,6
rice_X_8,frame_00000.png,frame_00119.png,rice_X_8/rgb_max_lockin_f300_ps16_th8/00000-00119-FRAME_rgbmax_scale1.00.png,,,0,decode失敗,QR未検出,0.107092,0.194139,0.515168,0.322575,,lockin:lockin::None:10.003568431956552:8:4:binary:0,lockin,,,10.003568,8
rice_X_8,frame_00000.png,frame_00119.png,rice_X_8/rgb_max_lockin_f300_ps16_th8/00000-00119-FRAME_rgbmax_scale1.00.png,,,0,decode失敗,QR未検出,0.107092,0.194139,0.515168,0.322575,,lockin:lockin::None:10.003568431956552:8:8:binary:0,lockin,,,10.003568,8
rice_X_8,frame_00000.png,frame_00119.png,rice_X_8/rgb_max_lockin_f300_ps16_th8/00000-00119-FRAME_rgbmax_scale1.00.png,,,0,decode失敗,QR未検出,0.107092,0.194139,0.515168,0.322575,,lockin:lockin::None:10.003568431956552:8:16:binary:0,lockin,,,10.003568,8
rice_X_8,frame_00000.png,frame_00119.png,rice_X_8/rgb_max_lockin_f300_ps8_th10/00000-00119-FRAME_rgbmax_scale1.00.png,,,0,decode失敗,QR未検出,0.834144,0.443453,0.560376,0.557390,,lockin:lockin::None:10.003568431956552:10:4:binary:0,lockin,,,10.003568,10
rice_X_8,frame_00000.png,frame_00119.png,rice_X_8/rgb_max_lockin_f300_ps8_th10/00000-00119-FRAME_rgbmax_scale1.00.png,,,0,decode失敗,QR未検出,0.834144,0.443453,0.560376,0.557390,,lockin:lockin::None:10.003568431956552:10:8:binary:0,lockin,,,10.003568,10
rice_X_8,frame_00000.png,frame_00119.png,rice_X_8/rgb_max_lockin_f300_ps8_th10/00000-00119-FRAME_rgbmax_scale1.00.png,,,0,decode失敗,QR未検出,0.834144,0.443453,0.560376,0.557390,,lockin:lockin::None:10.003568431956552:10:16:binary:0,lockin,,,10.003568,10
rice_X_8,frame_00000.png,frame_00119.png,,,,0,decode失敗,QR未検出,0.774198,0.490673,0.626823,0.435628,,lockin:lockin::None:10.003568431956552:12:4:binary:0,lockin,,,10.003568,12
rice_X_8,frame_00000.png,frame_00119.png,,,,0,decode失敗,QR未検出,0.774198,0.490673,0.626823,0.435628,,lockin:lockin::None:10.003568431956552:12:8:binary:0,lockin,,,10.003568,12
rice_X_8,frame_00000.png,frame_00119.png,,,,0,decode失敗,QR未検出,0.774198,0.490673,0.626823,0.435628,,lockin:lockin::None:10.003568431956552:12:16:binary:0,lockin,,,10.003568,12
rice_X_8,frame_00000.png,frame_00119.png,,,,0,decode失敗,QR未検出,0.660305,0.581448,0.704552,0.255961,,lockin:lockin::None:10.003568431956552:16:4:binary:0,lockin,,,10.003568,16
rice_X_8,frame_00000.png,frame_00119.png,,,,0,decode失敗,QR未検出,0.660305,0.581448,0.704552,0.255961,,lockin:lockin::None:10.003568431956552:16:8:binary:0,lockin,,,10.003568,16
rice_X_8,frame_00000.png,frame_00119.png,,,,0,decode失敗,QR未検出,0.660305,0.581448,0.704552,0.255961,,lockin:lockin::None:10.003568431956552:16:16:binary:0,lockin,,,10.003568,16
rice_X_8,frame_00000.png,frame_00119.png,,,,0,decode失敗,QR未検出,0.011077,0.224692,0.627653,0.031284,,lockin:lockin::None:14.992863136086896:2:4:binary:0,lockin,,,14.992863,2
rice_X_8,frame_00000.png,frame_00119.png,,,,0,decode失敗,QR未検出,0.011077,0.224692,0.627653,0.031284,,lockin:lockin::None:14.992863136086896:2:8:binary:0,lockin,,,14.992863,2
rice_X_8,frame_00000.png,frame_00119.png,,,,0,decode失敗,QR未検出,0.011077,0.224692,0.627653,0.031284,,lockin:lockin::None:14.992863136086896:2:16:binary:0,lockin,,,14.992863,2
rice_X_8,frame_00000.png,frame_00119.png,,,,0,decode失敗,QR未検出,0.047913,0.235801,0.598571,0.145815,,lockin:lockin::None:14.992863136086896:4:4:binary:0,lockin,,,14.992863,4
rice_X_8,frame_00000.png,frame_00119.png,,,,0,decode失敗,QR未検出,0.047913,0.235801,0.598571,0.145815,,lockin:lockin::None:14.992863136086896:4:8:binary:0,lockin,,,14.992863,4
rice_X_8,frame_00000.png,frame_00119.png,,,,0,decode失敗,QR未検出,0.047913,0.235801,0.598571,0.145815,,lockin:lockin::None:14.992863136086896:4:16:binary:0,lockin,,,14.992863,4
rice_X_8,frame_00000.png,frame_00119.png,,,,0,decode失敗,QR未検出,0.077713,0.209240,0.559198,0.259083,,lockin:lockin::None:14.992863136086896:6:4:binary:0,lockin,,,14.992863,6
rice_X_8,frame_00000.png,frame_00119.png,,,,0,decode失敗,QR未検出,0.077713,0.209240,0.559198,0.259083,,lockin:lockin::None:14.992863136086896:6:8:binary:0,lockin,,,14.992863,6
rice_X_8,frame_00000.png,frame_00119.png,,,,0,decode失敗,QR未検出,0.077713,0.209240,0.559198,0.259083,,lockin:lockin::None:14.992863136086896:6:16:binary:0,lockin,,,14.992863,6
rice_X_8,frame_00000.png,frame_00119.png,rice_X_8/rgb_max_lockin_f300_ps16_th8/00000-00119-FRAME_rgbmax_scale1.00.png,,,0,decode失敗,QR未検出,0.873302,0.420634,0.518027,0.622370,,lockin:lockin::None:14.992863136086896:8:4:binary:0,lockin,,,14.992863,8
rice_X_8,frame_00000.png,frame_00119.png,rice_X_8/rgb_max_lockin_f300_ps16_th8/00000-00119-FRAME_rgbmax_scale1.00.png,,,0,decode失敗,QR未検出,0.873302,0.420634,0.518027,0.622375,,lockin:lockin::None:14.992863136086896:8:8:binary:0,lockin,,,14.992863,8
rice_X_8,frame_00000.png,frame_00119.png,rice_X_8/rgb_max_lockin_f300_ps16_th8/00000-00119-FRAME_rgbmax_scale1.00.png,,,0,decode失敗,QR未検出,0.873302,0.420634,0.518027,0.622370,,lockin:lockin::None:14.992863136086896:8:16:binary:0,lockin,,,14.992863,8
rice_X_8,frame_00000.png,frame_00119.png,rice_X_8/rgb_max_lockin_f300_ps8_th10/00000-00119-FRAME_rgbmax_scale1.00.png,,,0,decode失敗,QR未検出,0.808964,0.467265,0.596403,0.490226,,lockin:lockin::None:14.992863136086896:10:4:binary:0,lockin,,,14.992863,10
rice_X_8,frame_00000.png,frame_00119.png,rice_X_8/rgb_max_lockin_f300_ps8_th10/00000-00119-FRAME_rgbmax_scale1.00.png,,,0,decode失敗,QR未検出,0.808969,0.467266,0.596405,0.490228,,lockin:lockin::None:14.992863136086896:10:8:binary:0,lockin,,,14.992863,10
rice_X_8,frame_00000.png,frame_00119.png,rice_X_8/rgb_max_lockin_f300_ps8_th10/00000-00119-FRAME_rgbmax_scale1.00.png,,,0,decode失敗,QR未検出,0.808969,0.467266,0.596405,0.490228,,lockin:lockin::None:14.992863136086896:10:16:binary:0,lockin,,,14.992863,10
rice_X_8,frame_00000.png,frame_00119.png,,,,0,decode失敗,QR未検出,0.741435,0.518016,0.656188,0.369037,,lockin:lockin::None:14.992863136086896:12:4:binary:0,lockin,,,14.992863,12
rice_X_8,frame_00000.png,frame_00119.png,,,,0,decode失敗,QR未検出,0.741435,0.518016,0.656188,0.369037,,lockin:lockin::None:14.992863136086896:12:8:binary:0,lockin,,,14.992863,12
rice_X_8,frame_00000.png,frame_00119.png,,,,0,decode失敗,QR未検出,0.741435,0.518016,0.656188,0.369037,,lockin:lockin::None:14.992863136086896:12:16:binary:0,lockin,,,14.992863,12
rice_X_8,frame_00000.png,frame_00119.png,,,,0,decode失敗,QR未検出,0.627407,0.610070,0.719563,0.209662,,lockin:lockin::None:14.992863136086896:16:4:binary:0,lockin,,,14.992863,16
rice_X_8,frame_00000.png,frame_00119.png,,,,0,decode失敗,QR未検出,0.627407,0.610070,0.719563,0.209662,,lockin:lockin::None:14.992863136086896:16:8:binary:0,lockin,,,14.992863,16
rice_X_8,frame_00000.png,frame_00119.png,,,,0,decode失敗,QR未検出,0.627407,0.610070,0.719563,0.209662,,lockin:lockin::None:14.992863136086896:16:16:binary:0,lockin,,,14.992863,16
rice_X_8,frame_00000.png,frame_00119.png,,,,0,decode失敗,QR未検出,0.847219,0.494261,0.630361,0.431787,,lockin:lockin::None:29.996431568043448:2:4:binary:0,lockin,,,29.996432,2
rice_X_8,frame_00000.png,frame_00119.png,,,,0,decode失敗,QR未検出,0.847219,0.494261,0.630361,0.431787,,lockin:lockin::None:29.996431568043448:2:8:binary:0,lockin,,,29.996432,2
rice_X_8,frame_00000.png,frame_00119.png,,,,0,decode失敗,QR未検出,0.847219,0.494261,0.630361,0.431787,,lockin:lockin::None:29.996431568043448:2:16:binary:0,lockin,,,29.996432,2
rice_X_8,frame_00000.png,frame_00119.png,,,,0,decode失敗,QR未検出,0.743501,0.672794,0.775937,0.142390,,lockin:lockin::None:29.996431568043448:4:4:binary:0,lockin,,,29.996432,4
rice_X_8,frame_00000.png,frame_00119.png,,,,0,decode失敗,QR未検出,0.743501,0.672794,0.775937,0.142390,,lockin:lockin::None:29.996431568043448:4:8:binary:0,lockin,,,29.996432,4
rice_X_8,frame_00000.png,frame_00119.png,,,,0,decode失敗,QR未検出,0.743501,0.672794,0.775937,0.142390,,lockin:lockin::None:29.996431568043448:4:16:binary:0,lockin,,,29.996432,4
rice_X_8,frame_00000.png,frame_00119.png,,,,0,decode失敗,QR未検出,0.685534,0.760523,0.807751,0.075848,,lockin:lockin::None:29.996431568043448:6:4:binary:0,lockin,,,29.996432,6
rice_X_8,frame_00000.png,frame_00119.png,,,,0,decode失敗,QR未検出,0.685534,0.760523,0.807751,0.075848,,lockin:lockin::None:29.996431568043448:6:8:binary:0,lockin,,,29.996432,6
rice_X_8,frame_00000.png,frame_00119.png,,,,0,decode失敗,QR未検出,0.685534,0.760523,0.807751,0.075848,,lockin:lockin::None:29.996431568043448:6:16:binary:0,lockin,,,29.996432,6
rice_X_8,frame_00000.png,frame_00119.png,rice_X_8/rgb_max_lockin_f300_ps16_th8/00000-00119-FRAME_rgbmax_scale1.00.png,,,0,decode失敗,QR未検出,0.635926,0.818293,0.816830,0.044554,,lockin:lockin::None:29.996431568043448:8:4:binary:0,lockin,,,29.996432,8
rice_X_8,frame_00000.png,frame_00119.png,rice_X_8/rgb_max_lockin_f300_ps16_th8/00000-00119-FRAME_rgbmax_scale1.00.png,,,0,decode失敗,QR未検出,0.635926,0.818293,0.816830,0.044554,,lockin:lockin::None:29.996431568043448:8:8:binary:0,lockin,,,29.996432,8
rice_X_8,frame_00000.png,frame_00119.png,rice_X_8/rgb_max_lockin_f300_ps16_th8/00000-00119-FRAME_rgbmax_scale1.00.png,,,0,decode失敗,QR未検出,0.635926,0.818293,0.816830,0.044554,,lockin:lockin::None:29.996431568043448:8:16:binary:0,lockin,,,29.996432,8
rice_X_8,frame_00000.png,frame_00119.png,rice_X_8/rgb_max_lockin_f300_ps8_th10/00000-00119-FRAME_rgbmax_scale1.00.png,,,0,decode失敗,QR未検出,0.592670,0.854652,0.815802,0.028070,,lockin:lockin::None:29.996431568043448:10:4:binary:0,lockin,,,29.996432,10
rice_X_8,frame_00000.png,frame_00119.png,rice_X_8/rgb_max_lockin_f300_ps8_th10/00000-00119-FRAME_rgbmax_scale1.00.png,,,0,decode失敗,QR未検出,0.592670,0.854652,0.815802,0.028070,,lockin:lockin::None:29.996431568043448:10:8:binary:0,lockin,,,29.996432,10
rice_X_8,frame_00000.png,frame_00119.png,rice_X_8/rgb_max_lockin_f300_ps8_th10/00000-00119-FRAME_rgbmax_scale1.00.png,,,0,decode失敗,QR未検出,0.592670,0.854652,0.815802,0.028070,,lockin:lockin::None:29.996431568043448:10:16:binary:0,lockin,,,29.996432,10
rice_X_8,frame_00000.png,frame_00119.png,,,,0,decode失敗,QR未検出,0.558122,0.879441,0.812080,0.018926,,lockin:lockin::None:29.996431568043448:12:4:binary:0,lockin,,,29.996432,12
rice_X_8,frame_00000.png,frame_00119.png,,,,0,decode失敗,QR未検出,0.558122,0.879441,0.812080,0.018926,,lockin:lockin::None:29.996431568043448:12:8:binary:0,lockin,,,29.996432,12
rice_X_8,frame_00000.png,frame_00119.png,,,,0,decode失敗,QR未検出,0.558122,0.879441,0.812080,0.018926,,lockin:lockin::None:29.996431568043448:12:16:binary:0,lockin,,,29.996432,12
rice_X_8,frame_00000.png,frame_00119.png,,,,0,decode失敗,QR未検出,0.507182,0.909210,0.802991,0.010636,,lockin:lockin::None:29.996431568043448:16:4:binary:0,lockin,,,29.996432,16
rice_X_8,frame_00000.png,frame_00119.png,,,,0,decode失敗,QR未検出,0.507182,0.909210,0.802991,0.010636,,lockin:lockin::None:29.996431568043448:16:8:binary:0,lockin,,,29.996432,16
rice_X_8,frame_00000.png,frame_00119.png,,,,0,decode失敗,QR未検出,0.507182,0.909210,0.802991,0.010636,,lockin:lockin::None:29.996431568043448:16:16:binary:0,lockin,,,29.996432,16
rice_X_12,frame_00000.png,frame_00119.png,,,,0,decode失敗,QR未検出,0.002056,0.115510,0.632531,0.023786,,lockin:lockin::None:10.003568431956552:2:4:binary:0,lockin,,,10.003568,2
rice_X_12,frame_00000.png,frame_00119.png,,,,0,decode失敗,QR未検出,0.002056,0.115510,0.632531,0.023786,,lockin:lockin::None:10.003568431956552:2:8:binary:0,lockin,,,10.003568,2
rice_X_12,frame_00000.png,frame_00119.png,,,,0,decode失敗,QR未検出,0.002056,0.115510,0.632531,0.023786,,lockin:lockin::None:10.003568431956552:2:16:binary:0,lockin,,,10.003568,2
rice_X_12,frame_00000.png,frame_00119.png,,,,0,decode失敗,QR未検出,0.015701,0.144066,0.609368,0.109412,,lockin:lockin::None:10.003568431956552:4:4:binary:0,lockin,,,10.003568,4
rice_X_12,frame_00000.png,frame_00119.png,,,,0,decode失敗,QR未検出,0.015701,0.144066,0.609368,0.109412,,lockin:lockin::None:10.003568431956552:4:8:binary:0,lockin,,,10.003568,4
rice_X_12,frame_00000.png,frame_00119.png,,,,0,decode失敗,QR未検出,0.015701,0.144066,0.609368,0.109412,,lockin:lockin::None:10.003568431956552:4:16:binary:0,lockin,,,10.003568,4
rice_X_12,frame_00000.png,frame_00119.png,,,,0,decode失敗,QR未検出,0.027902,0.121506,0.574476,0.213782,,lockin:lockin::None:10.003568431956552:6:4:binary:0,lockin,,,10.003568,6
rice_X_12,frame_00000.png,frame_00119.png,,,,0,decode失敗,QR未検出,0.027902,0.121506,0.574476,0.213782,,lockin:lockin::None:10.003568431956552:6:8:binary:0,lockin,,,10.003568,6
rice_X_12,frame_00000.png,frame_00119.png,,,,0,decode失敗,QR未検出,0.027902,0.121506,0.574476,0.213782,,lockin:lockin::None:10.003568431956552:6:16:binary:0,lockin,,,10.003568,6
rice_X_12,frame_00000.png,frame_00119.png,,,,0,decode失敗,QR未検出,0.039925,0.097707,0.518310,0.313929,,lockin:lockin::None:10.003568431956552:8:4:binary:0,lockin,,,10.003568,8
rice_X_12,frame_00000.png,frame_00119.png,,,,0,decode失敗,QR未検出,0.039925,0.097707,0.518310,0.313929,,lockin:lockin::None:10.003568431956552:8:8:binary:0,lockin,,,10.003568,8
rice_X_12,frame_00000.png,frame_00119.png,,,,0,decode失敗,QR未検出,0.039925,0.097707,0.518310,0.313929,,lockin:lockin::None:10.003568431956552:8:16:binary:0,lockin,,,10.003568,8
rice_X_12,frame_00000.png,frame_00119.png,,,,0,decode失敗,QR未検出,0.946227,0.444602,0.552012,0.580158,,lockin:lockin::None:10.003568431956552:10:4:binary:0,lockin,,,10.003568,10
rice_X_12,frame_00000.png,frame_00119.png,,,,0,decode失敗,QR未検出,0.946227,0.444602,0.552012,0.580158,,lockin:lockin::None:10.003568431956552:10:8:binary:0,lockin,,,10.003568,10
rice_X_12,frame_00000.png,frame_00119.png,,,,0,decode失敗,QR未検出,0.946227,0.444602,0.552012,0.580158,,lockin:lockin::None:10.003568431956552:10:16:binary:0,lockin,,,10.003568,10
rice_X_12,frame_00000.png,frame_00119.png,rice_X_12/rgb_max_lockin_f300_ps8_th12/00000-00119-FRAME_rgbmax_scale1.00.png,,,0,decode失敗,QR未検出,0.926593,0.485180,0.616973,0.470443,,lockin:lockin::None:10.003568431956552:12:4:binary:0,lockin,,,10.003568,12
rice_X_12,frame_00000.png,frame_00119.png,rice_X_12/rgb_max_lockin_f300_ps8_th12/00000-00119-FRAME_rgbmax_scale1.00.png,,,0,decode失敗,QR未検出,0.926593,0.485180,0.616973,0.470443,,lockin:lockin::None:10.003568431956552:12:8:binary:0,lockin,,,10.003568,12
rice_X_12,frame_00000.png,frame_00119.png,rice_X_12/rgb_max_lockin_f300_ps8_th12/00000-00119-FRAME_rgbmax_scale1.00.png,,,0,decode失敗,QR未検出,0.926593,0.485180,0.616973,0.470443,,lockin:lockin::None:10.003568431956552:12:16:binary:0,lockin,,,10.003568,12
rice_X_12,frame_00000.png,frame_00119.png,rice_X_12/rgb_max_lockin_f300_ps16_th16/00000-00119-FRAME_rgbmax_scale1.00.png,,,0,decode失敗,QR未検出,0.866926,0.559894,0.704729,0.298602,,lockin:lockin::None:10.003568431956552:16:4:binary:0,lockin,,,10.003568,16
rice_X_12,frame_00000.png,frame_00119.png,rice_X_12/rgb_max_lockin_f300_ps16_th16/00000-00119-FRAME_rgbmax_scale1.00.png,,,0,decode失敗,QR未検出,0.866926,0.559887,0.704722,0.298606,,lockin:lockin::None:10.003568431956552:16:8:binary:0,lockin,,,10.003568,16
rice_X_12,frame_00000.png,frame_00119.png,rice_X_12/rgb_max_lockin_f300_ps16_th16/00000-00119-FRAME_rgbmax_scale1.00.png,,,0,decode失敗,QR未検出,0.866926,0.559894,0.704729,0.298602,,lockin:lockin::None:10.003568431956552:16:16:binary:0,lockin,,,10.003568,16
rice_X_12,frame_00000.png,frame_00119.png,,,,0,decode失敗,QR未検出,0.009301,0.116894,0.615393,0.083068,,lockin:lockin::None:14.992863136086896:2:4:binary:0,lockin,,,14.992863,2
rice_X_12,frame_00000.png,frame_00119.png,,,,0,decode失敗,QR未検出,0.009301,0.116894,0.615393,0.083068,,lockin:lockin::None:14.992863136086896:2:8:binary:0,lockin,,,14.992863,2
rice_X_12,frame_00000.png,frame_00119.png,,,,0,decode失敗,QR未検出,0.009301,0.116894,0.615393,0.083068,,lockin:lockin::None:14.992863136086896:2:16:binary:0,lockin,,,14.992863,2
rice_X_12,frame_00000.png,frame_00119.png,,,,0,decode失敗,QR未検出,0.031455,0.110572,0.557174,0.253573,,lockin:lockin::None:14.992863136086896:4:4:binary:0,lockin,,,14.992863,4
rice_X_12,frame_00000.png,frame_00119.png,,,,0,decode失敗,QR未検出,0.031455,0.110572,0.557174,0.253573,,lockin:lockin::None:14.992863136086896:4:8:binary:0,lockin,,,14.992863,4
rice_X_12,frame_00000.png,frame_00119.png,,,,0,decode失敗,QR未検出,0.031455,0.110572,0.557174,0.253573,,lockin:lockin::None:14.992863136086896:4:16:binary:0,lockin,,,14.992863,4
rice_X_12,frame_00000.png,frame_00119.png,,,,0,decode失敗,QR未検出,0.947091,0.446564,0.555328,0.575460,,lockin:lockin::None:14.992863136086896:6:4:binary:0,lockin,,,14.992863,6
rice_X_12,frame_00000.png,frame_00119.png,,,,0,decode失敗,QR未検出,0.947091,0.446564,0.555328,0.575460,,lockin:lockin::None:14.992863136086896:6:8:binary:0,lockin,,,14.992863,6
rice_X_12,frame_00000.png,frame_00119.png,,,,0,decode失敗,QR未検出,0.947091,0.446564,0.555328,0.575460,,lockin:lockin::None:14.992863136086896:6:16:binary:0,lockin,,,14.992863,6
rice_X_12,frame_00000.png,frame_00119.png,,,,0,decode失敗,QR未検出,0.911703,0.509144,0.649364,0.407359,,lockin:lockin::None:14.992863136086896:8:4:binary:0,lockin,,,14.992863,8
rice_X_12,frame_00000.png,frame_00119.png,,,,0,decode失敗,QR未検出,0.911703,0.509144,0.649364,0.407359,,lockin:lockin::None:14.992863136086896:8:8:binary:0,lockin,,,14.992863,8
rice_X_12,frame_00000.png,frame_00119.png,,,,0,decode失敗,QR未検出,0.911703,0.509144,0.649364,0.407359,,lockin:lockin::None:14.992863136086896:8:16:binary:0,lockin,,,14.992863,8
rice_X_12,frame_00000.png,frame_00119.png,,,,0,decode失敗,QR未検出,0.856713,0.565429,0.709367,0.283046,,lockin:lockin::None:14.992863136086896:10:4:binary:0,lockin,,,14.992863,10
rice_X_12,frame_00000.png,frame_00119.png,,,,0,decode失敗,QR未検出,0.856713,0.565429,0.709367,0.283046,,lockin:lockin::None:14.992863136086896:10:8:binary:0,lockin,,,14.992863,10
rice_X_12,frame_00000.png,frame_00119.png,,,,0,decode失敗,QR未検出,0.856713,0.565424,0.709362,0.283049,,lockin:lockin::None:14.992863136086896:10:16:binary:0,lockin,,,14.992863,10
rice_X_12,frame_00000.png,frame_00119.png,rice_X_12/rgb_max_lockin_f300_ps8_th12/00000-00119-FRAME_rgbmax_scale1.00.png,,,0,decode失敗,QR未検出,0.773831,0.604123,0.734190,0.203441,,lockin:lockin::None:14.992863136086896:12:4:binary:0,lockin,,,14.992863,12
rice_X_12,frame_00000.png,frame_00119.png,rice_X_12/rgb_max_lockin_f300_ps8_th12/00000-00119-FRAME_rgbmax_scale1.00.png,,,0,decode失敗,QR未検出,0.773831,0.604123,0.734190,0.203441,,lockin:lockin::None:14.992863136086896:12:8:binary:0,lockin,,,14.992863,12
rice_X_12,frame_00000.png,frame_00119.png,rice_X_12/rgb_max_lockin_f300_ps8_th12/00000-00119-FRAME_rgbmax_scale1.00.png,,,0,decode失敗,QR未検出,0.773831,0.604123,0.734190,0.203441,,lockin:lockin::None:14.992863136086896:12:16:binary:0,lockin,,,14.992863,12
rice_X_12,frame_00000.png,frame_00119.png,rice_X_12/rgb_max_lockin_f300_ps16_th16/00000-00119-FRAME_rgbmax_scale1.00.png,,,0,decode失敗,QR未検出,0.549279,0.632369,0.720852,0.119631,,lockin:lockin::None:14.992863136086896:16:4:binary:0,lockin,,,14.992863,16
rice_X_12,frame_00000.png,frame_00119.png,rice_X_12/rgb_max_lockin_f300_ps16_th16/00000-00119-FRAME_rgbmax_scale1.00.png,,,0,decode失敗,QR未検出,0.549279,0.632369,0.720852,0.119631,,lockin:lockin::None:14.992863136086896:16:8:binary:0,lockin,,,14.992863,16
rice_X_12,frame_00000.png,frame_00119.png,rice_X_12/rgb_max_lockin_f300_ps16_th16/00000-00119-FRAME_rgbmax_scale1.00.png,,,0,decode失敗,QR未検出,0.549279,0.632369,0.720852,0.119631,,lockin:lockin::None:14.992863136086896:16:16:binary:0,lockin,,,14.992863,16
rice_X_12,frame_00000.png,frame_00119.png,,,,0,decode失敗,QR未検出,0.923808,0.699492,0.828509,0.098033,,lockin:lockin::None:29.996431568043448:2:4:binary:0,lockin,,,29.996432,2
rice_X_12,frame_00000.png,frame_00119.png,,,,0,decode失敗,QR未検出,0.923808,0.699492,0.828509,0.098033,,lockin:lockin::None:29.996431568043448:2:8:binary:0,lockin,,,29.996432,2
rice_X_12,frame_00000.png,frame_00119.png,,,,0,decode失敗,QR未検出,0.923808,0.699492,0.828509,0.098033,,lockin:lockin::None:29.996431568043448:2:16:binary:0,lockin,,,29.996432,2
rice_X_12,frame_00000.png,frame_00119.png,,,,0,decode失敗,QR未検出,0.906147,0.781005,0.873870,0.049879,,lockin:lockin::None:29.996431568043448:4:4:binary:0,lockin,,,29.996432,4
rice_X_12,frame_00000.png,frame_00119.png,,,,0,decode失敗,QR未検出,0.906147,0.781005,0.873870,0.049879,,lockin:lockin::None:29.996431568043448:4:8:binary:0,lockin,,,29.996432,4
rice_X_12,frame_00000.png,frame_00119.png,,,,0,decode失敗,QR未検出,0.906147,0.781005,0.873870,0.049879,,lockin:lockin::None:29.996431568043448:4:16:binary:0,lockin,,,29.996432,4
rice_X_12,frame_00000.png,frame_00119.png,,,,0,decode失敗,QR未検出,0.891127,0.820314,0.889772,0.037013,,lockin:lockin::None:29.996431568043448:6:4:binary:0,lockin,,,29.996432,6
rice_X_12,frame_00000.png,frame_00119.png,,,,0,decode失敗,QR未検出,0.891127,0.820314,0.889772,0.037013,,lockin:lockin::None:29.996431568043448:6:8:binary:0,lockin,,,29.996432,6
rice_X_12,frame_00000.png,frame_00119.png,,,,0,decode失敗,QR未検出,0.891127,0.820314,0.889772,0.037013,,lockin:lockin::None:29.996431568043448:6:16:binary:0,lockin,,,29.996432,6
rice_X_12,frame_00000.png,frame_00119.png,,,,0,decode失敗,QR未検出,0.880624,0.845669,0.898467,0.030410,,lockin:lockin::None:29.996431568043448:8:4:binary:0,lockin,,,29.996432,8
rice_X_12,frame_00000.png,frame_00119.png,,,,0,decode失敗,QR未検出,0.880624,0.845669,0.898467,0.030410,,lockin:lockin::None:29.996431568043448:8:8:binary:0,lockin,,,29.996432,8
rice_X_12,frame_00000.png,frame_00119.png,,,,0,decode失敗,QR未検出,0.880624,0.845669,0.898467,0.030410,,lockin:lockin::None:29.996431568043448:8:16:binary:0,lockin,,,29.996432,8
rice_X_12,frame_00000.png,frame_00119.png,,,,0,decode失敗,QR未検出,0.870985,0.863484,0.903313,0.026056,,lockin:lockin::None:29.996431568043448:10:4:binary:0,lockin,,,29.996432,10
rice_X_12,frame_00000.png,frame_00119.png,,,,0,decode失敗,QR未検出,0.870985,0.863484,0.903313,0.026056,,lockin:lockin::None:29.996431568043448:10:8:binary:0,lockin,,,29.996432,10
rice_X_12,frame_00000.png,frame_00119.png,,,,0,decode失敗,QR未検出,0.870985,0.863484,0.903313,0.026056,,lockin:lockin::None:29.996431568043448:10:16:binary:0,lockin,,,29.996432,10
rice_X_12,frame_00000.png,frame_00119.png,rice_X_12/rgb_max_lockin_f300_ps8_th12/00000-00119-FRAME_rgbmax_scale1.00.png,,,0,decode失敗,QR未検出,0.864006,0.876834,0.906706,0.022965,,lockin:lockin::None:29.996431568043448:12:4:binary:0,lockin,,,29.996432,12
rice_X_12,frame_00000.png,frame_00119.png,rice_X_12/rgb_max_lockin_f300_ps8_th12/00000-00119-FRAME_rgbmax_scale1.00.png,,,0,decode失敗,QR未検出,0.864006,0.876834,0.906706,0.022965,,lockin:lockin::None:29.996431568043448:12:8:binary:0,lockin,,,29.996432,12
rice_X_12,frame_00000.png,frame_00119.png,rice_X_12/rgb_max_lockin_f300_ps8_th12/00000-00119-FRAME_rgbmax_scale1.00.png,,,0,decode失敗,QR未検出,0.864006,0.876834,0.906706,0.022965,,lockin:lockin::None:29.996431568043448:12:16:binary:0,lockin,,,29.996432,12
rice_X_12,frame_00000.png,frame_00119.png,rice_X_12/rgb_max_lockin_f300_ps16_th16/00000-00119-FRAME_rgbmax_scale1.00.png,,,0,decode失敗,QR未検出,0.845496,0.897312,0.908916,0.018309,,lockin:lockin::None:29.996431568043448:16:4:binary:0,lockin,,,29.996432,16
rice_X_12,frame_00000.png,frame_00119.png,rice_X_12/rgb_max_lockin_f300_ps16_th16/00000-00119-FRAME_rgbmax_scale1.00.png,,,0,decode失敗,QR未検出,0.845496,0.897312,0.908916,0.018309,,lockin:lockin::None:29.996431568043448:16:8:binary:0,lockin,,,29.996432,16
rice_X_12,frame_00000.png,frame_00119.png,rice_X_12/rgb_max_lockin_f300_ps16_th16/00000-00119-FRAME_rgbmax_scale1.00.png,,,0,decode失敗,QR未検出,0.845496,0.897312,0.908916,0.018309,,lockin:lockin::None:29.996431568043448:16:16:binary:0,lockin,,,29.996432,16
nagaoka_fireworks_X_4,frame_00000.png,frame_00119.png,,,,0,decode失敗,QR未検出,0.042430,0.268978,0.611071,0.106811,,lockin:lockin::None:10.003568431956552:2:4:binary:0,lockin,,,10.003568,2
nagaoka_fireworks_X_4,frame_00000.png,frame_00119.png,,,,0,decode失敗,QR未検出,0.042430,0.268978,0.611071,0.106811,,lockin:lockin::None:10.003568431956552:2:8:binary:0,lockin,,,10.003568,2
nagaoka_fireworks_X_4,frame_00000.png,frame_00119.png,,,,0,decode失敗,QR未検出,0.042430,0.268978,0.611071,0.106811,,lockin:lockin::None:10.003568431956552:2:16:binary:0,lockin,,,10.003568,2
nagaoka_fireworks_X_4,frame_00000.png,frame_00119.png,,,,0,decode失敗,QR未検出,0.131114,0.276973,0.560948,0.288350,,lockin:lockin::None:10.003568431956552:4:4:binary:0,lockin,,,10.003568,4
nagaoka_fireworks_X_4,frame_00000.png,frame_00119.png,,,,0,decode失敗,QR未検出,0.131114,0.276973,0.560948,0.288350,,lockin:lockin::None:10.003568431956552:4:8:binary:0,lockin,,,10.003568,4
nagaoka_fireworks_X_4,frame_00000.png,frame_00119.png,,,,0,decode失敗,QR未検出,0.131114,0.276973,0.560948,0.288350,,lockin:lockin::None:10.003568431956552:4:16:binary:0,lockin,,,10.003568,4
nagaoka_fireworks_X_4,frame_00000.png,frame_00119.png,,,,0,decode失敗,QR未検出,0.202099,0.285012,0.526968,0.420508,,lockin:lockin::None:10.003568431956552:6:4:binary:0,lockin,,,10.003568,6
nagaoka_fireworks_X_4,frame_00000.png,frame_00119.png,,,,0,decode失敗,QR未検出,0.202099,0.285012,0.526968,0.420508,,lockin:lockin::None:10.003568431956552:6:8:binary:0,lockin,,,10.003568,6
nagaoka_fireworks_X_4,frame_00000.png,frame_00119.png,,,,0,decode失敗,QR未検出,0.202099,0.285012,0.526968,0.420508,,lockin:lockin::None:10.003568431956552:6:16:binary:0,lockin,,,10.003568,6
nagaoka_fireworks_X_4,frame_00000.png,frame_00119.png,,,,0,decode失敗,QR未検出,0.264569,0.291732,0.500555,0.506989,,lockin:lockin::None:10.003568431956552:8:4:binary:0,lockin,,,10.003568,8
nagaoka_fireworks_X_4,frame_00000.png,frame_00119.png,,,,0,decode失敗,QR未検出,0.264569,0.291732,0.500555,0.506989,,lockin:lockin::None:10.003568431956552:8:8:binary:0,lockin,,,10.003568,8
nagaoka_fireworks_X_4,frame_00000.png,frame_00119.png,,,,0,decode失敗,QR未検出,0.264569,0.291732,0.500555,0.506989,,lockin:lockin::None:10.003568431956552:8:16:binary:0,lockin,,,10.003568,8
nagaoka_fireworks_X_4,frame_00000.png,frame_00119.png,nagaoka_fireworks_X_4/rgb_max_lockin_f300_ps8_th10/00000-00119-FRAME_rgbmax_scale1.00.png,,,0,decode失敗,QR未検出,0.680142,0.409343,0.528283,0.421916,,lockin:lockin::None:10.003568431956552:10:4:binary:0,lockin,,,10.003568,10
nagaoka_fireworks_X_4,frame_00000.png,frame_00119.png,nagaoka_fireworks_X_4/rgb_max_lockin_f300_ps8_th10/00000-00119-FRAME_rgbmax_scale1.00.png,,,0,decode失敗,QR未検出,0.680142,0.409343,0.528283,0.421916,,lockin:lockin::None:10.003568431956552:10:8:binary:0,lockin,,,10.003568,10
nagaoka_fireworks_X_4,frame_00000.png,frame_00119.png,nagaoka_fireworks_X_4/rgb_max_lockin_f300_ps8_th10/00000-00119-FRAME_rgbmax_scale1.00.png,,,0,decode失敗,QR未検出,0.680142,0.409343,0.528283,0.421916,,lockin:lockin::None:10.003568431956552:10:16:binary:0,lockin,,,10.003568,10
nagaoka_fireworks_X_4,frame_00000.png,frame_00119.png,nagaoka_fireworks_X_4/rgb_max_lockin_f300_ps16_th12/00000-00119-FRAME_rgbmax_scale1.00.png,,,0,decode失敗,QR未検出,0.627914,0.428708,0.561788,0.358669,,lockin:lockin::None:10.003568431956552:12:4:binary:0,lockin,,,10.003568,12
nagaoka_fireworks_X_4,frame_00000.png,frame_00119.png,nagaoka_fireworks_X_4/rgb_max_lockin_f300_ps16_th12/00000-00119-FRAME_rgbmax_scale1.00.png,,,0,decode失敗,QR未検出,0.627914,0.428706,0.561784,0.358671,,lockin:lockin::None:10.003568431956552:12:8:binary:0,lockin,,,10.003568,12
nagaoka_fireworks_X_4,frame_00000.png,frame_00119.png,nagaoka_fireworks_X_4/rgb_max_lockin_f300_ps16_th12/00000-00119-FRAME_rgbmax_scale1.00.png,,,0,decode失敗,QR未検出,0.627914,0.428708,0.561788,0.358669,,lockin:lockin::None:10.003568431956552:12:16:binary:0,lockin,,,10.003568,12
nagaoka_fireworks_X_4,frame_00000.png,frame_00119.png,,,,0,decode失敗,QR未検出,0.513268,0.498280,0.636208,0.230255,,lockin:lockin::None:10.003568431956552:16:4:binary:0,lockin,,,10.003568,16
nagaoka_fireworks_X_4,frame_00000.png,frame_00119.png,,,,0,decode失敗,QR未検出,0.513268,0.498280,0.636208,0.230255,,lockin:lockin::None:10.003568431956552:16:8:binary:0,lockin,,,10.003568,16
nagaoka_fireworks_X_4,frame_00000.png,frame_00119.png,,,,0,decode失敗,QR未検出,0.513268,0.498280,0.636208,0.230255,,lockin:lockin::None:10.003568431956552:16:16:binary:0,lockin,,,10.003568,16
nagaoka_fireworks_X_4,frame_00000.png,frame_00119.png,,,,0,decode失敗,QR未検出,0.092603,0.262912,0.576949,0.239379,,lockin:lockin::None:14.992863136086896:2:4:binary:0,lockin,,,14.992863,2
nagaoka_fireworks_X_4,frame_00000.png,frame_00119.png,,,,0,decode失敗,QR未検出,0.092603,0.262912,0.576949,0.239379,,lockin:lockin::None:14.992863136086896:2:8:binary:0,lockin,,,14.992863,2
nagaoka_fireworks_X_4,frame_00000.png,frame_00119.png,,,,0,decode失敗,QR未検出,0.092603,0.262912,0.576949,0.239379,,lockin:lockin::None:14.992863136086896:2:16:binary:0,lockin,,,14.992863,2
nagaoka_fireworks_X_4,frame_00000.png,frame_00119.png,,,,0,decode失敗,QR未検出,0.218654,0.285648,0.518533,0.450769,,lockin:lockin::None:14.992863136086896:4:4:binary:0,lockin,,,14.992863,4
nagaoka_fireworks_X_4,frame_00000.png,frame_00119.png,,,,0,decode失敗,QR未検出,0.218654,0.285648,0.518533,0.450769,,lockin:lockin::None:14.992863136086896:4:8:binary:0,lockin,,,14.992863,4
nagaoka_fireworks_X_4,frame_00000.png,frame_00119.png,,,,0,decode失敗,QR未検出,0.218654,0.285648,0.518533,0.450769,,lockin:lockin::None:14.992863136086896:4:16:binary:0,lockin,,,14.992863,4
nagaoka_fireworks_X_4,frame_00000.png,frame_00119.png,,,,0,decode失敗,QR未検出,0.691282,0.407865,0.524277,0.431054,,lockin:lockin::None:14.992863136086896:6:4:binary:0,lockin,,,14.992863,6
nagaoka_fireworks_X_4,frame_00000.png,frame_00119.png,,,,0,decode失敗,QR未検出,0.691282,0.407865,0.524277,0.431054,,lockin:lockin::None:14.992863136086896:6:8:binary:0,lockin,,,14.992863,6
nagaoka_fireworks_X_4,frame_00000.png,frame_00119.png,,,,0,decode失敗,QR未検出,0.691282,0.407865,0.524277,0.431054,,lockin:lockin::None:14.992863136086896:6:16:binary:0,lockin,,,14.992863,6
nagaoka_fireworks_X_4,frame_00000.png,frame_00119.png,,,,0,decode失敗,QR未検出,0.612020,0.440660,0.577740,0.332529,,lockin:lockin::None:14.992863136086896:8:4:binary:0,lockin,,,14.992863,8
nagaoka_fireworks_X_4,frame_00000.png,frame_00119.png,,,,0,decode失敗,QR未検出,0.612020,0.440660,0.577740,0.332529,,lockin:lockin::None:14.992863136086896:8:8:binary:0,lockin,,,14.992863,8
nagaoka_fireworks_X_4,frame_00000.png,frame_00119.png,,,,0,decode失敗,QR未検出,0.612020,0.440660,0.577740,0.332529,,lockin:lockin::None:14.992863136086896:8:16:binary:0,lockin,,,14.992863,8
nagaoka_fireworks_X_4,frame_00000.png,frame_00119.png,nagaoka_fireworks_X_4/rgb_max_lockin_f300_ps8_th10/00000-00119-FRAME_rgbmax_scale1.00.png,,,0,decode失敗,QR未検出,0.525808,0.497273,0.635402,0.238167,,lockin:lockin::None:14.992863136086896:10:4:binary:0,lockin,,,14.992863,10
nagaoka_fireworks_X_4,frame_00000.png,frame_00119.png,nagaoka_fireworks_X_4/rgb_max_lockin_f300_ps8_th10/00000-00119-FRAME_rgbmax_scale1.00.png,,,0,decode失敗,QR未検出,0.525808,0.497273,0.635402,0.238167,,lockin:lockin::None:14.992863136086896:10:8:binary:0,lockin,,,14.992863,10
nagaoka_fireworks_X_4,frame_00000.png,frame_00119.png,nagaoka_fireworks_X_4/rgb_max_lockin_f300_ps8_th10/00000-00119-FRAME_rgbmax_scale1.00.png,,,0,decode失敗,QR未検出,0.525808,0.497273,0.635402,0.238167,,lockin:lockin::None:14.992863136086896:10:16:binary:0,lockin,,,14.992863,10
nagaoka_fireworks_X_4,frame_00000.png,frame_00119.png,nagaoka_fireworks_X_4/rgb_max_lockin_f300_ps16_th12/00000-00119-FRAME_rgbmax_scale1.00.png,,,0,decode失敗,QR未検出,0.428851,0.566099,0.673797,0.157804,,lockin:lockin::None:14.992863136086896:12:4:binary:0,lockin,,,14.992863,12
nagaoka_fireworks_X_4,frame_00000.png,frame_00119.png,nagaoka_fireworks_X_4/rgb_max_lockin_f300_ps16_th12/00000-00119-FRAME_rgbmax_scale1.00.png,,,0,decode失敗,QR未検出,0.428851,0.566099,0.673797,0.157804,,lockin:lockin::None:14.992863136086896:12:8:binary:0,lockin,,,14.992863,12
nagaoka_fireworks_X_4,frame_00000.png,frame_00119.png,nagaoka_fireworks_X_4/rgb_max_lockin_f300_ps16_th12/00000-00119-FRAME_rgbmax_scale1.00.png,,,0,decode失敗,QR未検出,0.428851,0.566099,0.673797,0.157804,,lockin:lockin::None:14.992863136086896:12:16:binary:0,lockin,,,14.992863,12
nagaoka_fireworks_X_4,frame_00000.png,frame_00119.png,,,,0,decode失敗,QR未検出,0.249722,0.699081,0.689052,0.057870,,lockin:lockin::None:14.992863136086896:16:4:binary:0,lockin,,,14.992863,16
nagaoka_fireworks_X_4,frame_00000.png,frame_00119.png,,,,0,decode失敗,QR未検出,0.249722,0.699081,0.689052,0.057870,,lockin:lockin::None:14.992863136086896:16:8:binary:0,lockin,,,14.992863,16
nagaoka_fireworks_X_4,frame_00000.png,frame_00119.png,,,,0,decode失敗,QR未検出,0.249722,0.699081,0.689052,0.057870,,lockin:lockin::None:14.992863136086896:16:16:binary:0,lockin,,,14.992863,16
nagaoka_fireworks_X_4,frame_00000.png,frame_00119.png,,,,0,decode失敗,QR未検出,0.184728,0.270085,0.523482,0.415034,,lockin:lockin::None:29.996431568043448:2:4:binary:0,lockin,,,29.996432,2
nagaoka_fireworks_X_4,frame_00000.png,frame_00119.png,,,,0,decode失敗,QR未検出,0.184728,0.270085,0.523482,0.415034,,lockin:lockin::None:29.996431568043448:2:8:binary:0,lockin,,,29.996432,2
nagaoka_fireworks_X_4,frame_00000.png,frame_00119.png,,,,0,decode失敗,QR未検出,0.184728,0.270085,0.523482,0.415034,,lockin:lockin::None:29.996431568043448:2:16:binary:0,lockin,,,29.996432,2
nagaoka_fireworks_X_4,frame_00000.png,frame_00119.png,,,,0,decode失敗,QR未検出,0.668086,0.439764,0.571147,0.358884,,lockin:lockin::None:29.996431568043448:4:4:binary:0,lockin,,,29.996432,4
nagaoka_fireworks_X_4,frame_00000.png,frame_00119.png,,,,0,decode失敗,QR未検出,0.668086,0.439764,0.571147,0.358884,,lockin:lockin::None:29.996431568043448:4:8:binary:0,lockin,,,29.996432,4
nagaoka_fireworks_X_4,frame_00000.png,frame_00119.png,,,,0,decode失敗,QR未検出,0.668086,0.439764,0.571147,0.358884,,lockin:lockin::None:29.996431568043448:4:16:binary:0,lockin,,,29.996432,4
nagaoka_fireworks_X_4,frame_00000.png,frame_00119.png,,,,0,decode失敗,QR未検出,0.558561,0.520110,0.653150,0.214762,,lockin:lockin::None:29.996431568043448:6:4:binary:0,lockin,,,29.996432,6
nagaoka_fireworks_X_4,frame_00000.png,frame_00119.png,,,,0,decode失敗,QR未検出,0.558561,0.520110,0.653150,0.214762,,lockin:lockin::None:29.996431568043448:6:8:binary:0,lockin,,,29.996432,6
nagaoka_fireworks_X_4,frame_00000.png,frame_00119.png,,,,0,decode失敗,QR未検出,0.558561,0.520110,0.653150,0.214762,,lockin:lockin::None:29.996431568043448:6:16:binary:0,lockin,,,29.996432,6
nagaoka_fireworks_X_4,frame_00000.png,frame_00119.png,,,,0,decode失敗,QR未検出,0.460750,0.611052,0.698203,0.115148,,lockin:lockin::None:29.996431568043448:8:4:binary:0,lockin,,,29.996432,8
nagaoka_fireworks_X_4,frame_00000.png,frame_00119.png,,,,0,decode失敗,QR未検出,0.460750,0.611052,0.698203,0.115148,,lockin:lockin::None:29.996431568043448:8:8:binary:0,lockin,,,29.996432,8
nagaoka_fireworks_X_4,frame_00000.png,frame_00119.png,,,,0,decode失敗,QR未検出,0.460750,0.611052,0.698203,0.115148,,lockin:lockin::None:29.996431568043448:8:16:binary:0,lockin,,,29.996432,8
nagaoka_fireworks_X_4,frame_00000.png,frame_00119.png,nagaoka_fireworks_X_4/rgb_max_lockin_f300_ps8_th10/00000-00119-FRAME_rgbmax_scale1.00.png,,,0,decode失敗,QR未検出,0.386730,0.683037,0.712629,0.062559,,lockin:lockin::None:29.996431568043448:10:4:binary:0,lockin,,,29.996432,10
nagaoka_fireworks_X_4,frame_00000.png,frame_00119.png,nagaoka_fireworks_X_4/rgb_max_lockin_f300_ps8_th10/00000-00119-FRAME_rgbmax_scale1.00.png,,,0,decode失敗,QR未検出,0.386730,0.683037,0.712629,0.062559,,lockin:lockin::None:29.996431568043448:10:8:binary:0,lockin,,,29.996432,10
nagaoka_fireworks_X_4,frame_00000.png,frame_00119.png,nagaoka_fireworks_X_4/rgb_max_lockin_f300_ps8_th10/00000-00119-FRAME_rgbmax_scale1.00.png,,,0,decode失敗,QR未検出,0.386730,0.683037,0.712629,0.062559,,lockin:lockin::None:29.996431568043448:10:16:binary:0,lockin,,,29.996432,10
nagaoka_fireworks_X_4,frame_00000.png,frame_00119.png,nagaoka_fireworks_X_4/rgb_max_lockin_f300_ps16_th12/00000-00119-FRAME_rgbmax_scale1.00.png,,,0,decode失敗,QR未検出,0.333739,0.731657,0.714104,0.037727,,lockin:lockin::None:29.996431568043448:12:4:binary:0,lockin,,,29.996432,12
nagaoka_fireworks_X_4,frame_00000.png,frame_00119.png,nagaoka_fireworks_X_4/rgb_max_lockin_f300_ps16_th12/00000-00119-FRAME_rgbmax_scale1.00.png,,,0,decode失敗,QR未検出,0.333739,0.731657,0.714104,0.037727,,lockin:lockin::None:29.996431568043448:12:8:binary:0,lockin,,,29.996432,12
nagaoka_fireworks_X_4,frame_00000.png,frame_00119.png,nagaoka_fireworks_X_4/rgb_max_lockin_f300_ps16_th12/00000-00119-FRAME_rgbmax_scale1.00.png,,,0,decode失敗,QR未検出,0.333739,0.731657,0.714104,0.037727,,lockin:lockin::None:29.996431568043448:12:16:binary:0,lockin,,,29.996432,12
nagaoka_fireworks_X_4,frame_00000.png,frame_00119.png,,,,0,decode失敗,QR未検出,0.254100,0.805231,0.707326,0.016281,,lockin:lockin::None:29.996431568043448:16:4:binary:0,lockin,,,29.996432,16
nagaoka_fireworks_X_4,frame_00000.png,frame_00119.png,,,,0,decode失敗,QR未検出,0.254100,0.805231,0.707326,0.016281,,lockin:lockin::None:29.996431568043448:16:8:binary:0,lockin,,,29.996432,16
nagaoka_fireworks_X_4,frame_00000.png,frame_00119.png,,,,0,decode失敗,QR未検出,0.254100,0.805231,0.707326,0.016281,,lockin:lockin::None:29.996431568043448:16:16:binary:0,lockin,,,29.996432,16
nagaoka_fireworks_X_8,frame_00000.png,frame_00119.png,,,,0,decode失敗,QR未検出,0.026561,0.207762,0.610406,0.098152,,lockin:lockin::None:10.003568431956552:2:4:binary:0,lockin,,,10.003568,2
nagaoka_fireworks_X_8,frame_00000.png,frame_00119.png,,,,0,decode失敗,QR未検出,0.026561,0.207762,0.610406,0.098152,,lockin:lockin::None:10.003568431956552:2:8:binary:0,lockin,,,10.003568,2
nagaoka_fireworks_X_8,frame_00000.png,frame_00119.png,,,,0,decode失敗,QR未検出,0.026561,0.207762,0.610406,0.098152,,lockin:lockin::None:10.003568431956552:2:16:binary:0,lockin,,,10.003568,2
nagaoka_fireworks_X_8,frame_00000.png,frame_00119.png,,,,0,decode失敗,QR未検出,0.094562,0.241903,0.564344,0.278312,,lockin:lockin::None:10.003568431956552:4:4:binary:0,lockin,,,10.003568,4
nagaoka_fireworks_X_8,frame_00000.png,frame_00119.png,,,,0,decode失敗,QR未検出,0.094562,0.241903,0.564344,0.278312,,lockin:lockin::None:10.003568431956552:4:8:binary:0,lockin,,,10.003568,4
nagaoka_fireworks_X_8,frame_00000.png,frame_00119.png,,,,0,decode失敗,QR未検出,0.094562,0.241903,0.564344,0.278312,,lockin:lockin::None:10.003568431956552:4:16:binary:0,lockin,,,10.003568,4
nagaoka_fireworks_X_8,frame_00000.png,frame_00119.png,,,,0,decode失敗,QR未検出,0.166198,0.267411,0.532687,0.405265,,lockin:lockin::None:10.003568431956552:6:4:binary:0,lockin,,,10.003568,6
nagaoka_fireworks_X_8,frame_00000.png,frame_00119.png,,,,0,decode失敗,QR未検出,0.166198,0.267411,0.532687,0.405265,,lockin:lockin::None:10.003568431956552:6:8:binary:0,lockin,,,10.003568,6
nagaoka_fireworks_X_8,frame_00000.png,frame_00119.png,,,,0,decode失敗,QR未検出,0.166198,0.267411,0.532687,0.405265,,lockin:lockin::None:10.003568431956552:6:16:binary:0,lockin,,,10.003568,6
nagaoka_fireworks_X_8,frame_00000.png,frame_00119.png,nagaoka_fireworks_X_8/rgb_max_lockin_f300_ps8_th8/00000-00119-FRAME_rgbmax_scale1.00.png,,,0,decode失敗,QR未検出,0.225512,0.275767,0.504547,0.493840,,lockin:lockin::None:10.003568431956552:8:4:binary:0,lockin,,,10.003568,8
nagaoka_fireworks_X_8,frame_00000.png,frame_00119.png,nagaoka_fireworks_X_8/rgb_max_lockin_f300_ps8_th8/00000-00119-FRAME_rgbmax_scale1.00.png,,,0,decode失敗,QR未検出,0.225512,0.275767,0.504547,0.493840,,lockin:lockin::None:10.003568431956552:8:8:binary:0,lockin,,,10.003568,8
nagaoka_fireworks_X_8,frame_00000.png,frame_00119.png,nagaoka_fireworks_X_8/rgb_max_lockin_f300_ps8_th8/00000-00119-FRAME_rgbmax_scale1.00.png,,,0,decode失敗,QR未検出,0.225512,0.275767,0.504547,0.493840,,lockin:lockin::None:10.003568431956552:8:16:binary:0,lockin,,,10.003568,8
nagaoka_fireworks_X_8,frame_00000.png,frame_00119.png,nagaoka_fireworks_X_8/rgb_max_lockin_f300_ps4_th10/00000-00119-FRAME_rgbmax_scale1.00.png,,,0,decode失敗,QR未検出,0.724465,0.409903,0.522042,0.439825,,lockin:lockin::None:10.003568431956552:10:4:binary:0,lockin,,,10.003568,10
nagaoka_fireworks_X_8,frame_00000.png,frame_00119.png,nagaoka_fireworks_X_8/rgb_max_lockin_f300_ps4_th10/00000-00119-FRAME_rgbmax_scale1.00.png,,,0,decode失敗,QR未検出,0.724465,0.409903,0.522042,0.439825,,lockin:lockin::None:10.003568431956552:10:8:binary:0,lockin,,,10.003568,10
nagaoka_fireworks_X_8,frame_00000.png,frame_00119.png,nagaoka_fireworks_X_8/rgb_max_lockin_f300_ps4_th10/00000-00119-FRAME_rgbmax_scale1.00.png,,,0,decode失敗,QR未検出,0.724465,0.409903,0.522042,0.439825,,lockin:lockin::None:10.003568431956552:10:16:binary:0,lockin,,,10.003568,10
nagaoka_fireworks_X_8,frame_00000.png,frame_00119.png,,,,0,decode失敗,QR未検出,0.680944,0.426159,0.551949,0.380883,,lockin:lockin::None:10.003568431956552:12:4:binary:0,lockin,,,10.003568,12
nagaoka_fireworks_X_8,frame_00000.png,frame_00119.png,,,,0,decode失敗,QR未検出,0.680944,0.426159,0.551949,0.380883,,lockin:lockin::None:10.003568431956552:12:8:binary:0,lockin,,,10.003568,12
nagaoka_fireworks_X_8,frame_00000.png,frame_00119.png,,,,0,decode失敗,QR未検出,0.680944,0.426159,0.551949,0.380883,,lockin:lockin::None:10.003568431956552:12:16:binary:0,lockin,,,10.003568,12
nagaoka_fireworks_X_8,frame_00000.png,frame_00119.png,,,,0,decode失敗,QR未検出,0.596319,0.480739,0.620171,0.268647,,lockin:lockin::None:10.003568431956552:16:4:binary:0,lockin,,,10.003568,16
nagaoka_fireworks_X_8,frame_00000.png,frame_00119.png,,,,0,decode失敗,QR未検出,0.596319,0.480739,0.620171,0.268647,,lockin:lockin::None:10.003568431956552:16:8:binary:0,lockin,,,10.003568,16
nagaoka_fireworks_X_8,frame_00000.png,frame_00119.png,,,,0,decode失敗,QR未検出,0.596319,0.480739,0.620171,0.268647,,lockin:lockin::None:10.003568431956552:16:16:binary:0,lockin,,,10.003568,16
nagaoka_fireworks_X_8,frame_00000.png,frame_00119.png,,,,0,decode失敗,QR未検出,0.057292,0.247777,0.595210,0.169156,,lockin:lockin::None:14.992863136086896:2:4:binary:0,lockin,,,14.992863,2
nagaoka_fireworks_X_8,frame_00000.png,frame_00119.png,,,,0,decode失敗,QR未検出,0.057292,0.247777,0.595210,0.169156,,lockin:lockin::None:14.992863136086896:2:8:binary:0,lockin,,,14.992863,2
nagaoka_fireworks_X_8,frame_00000.png,frame_00119.png,,,,0,decode失敗,QR未検出,0.057292,0.247777,0.595210,0.169156,,lockin:lockin::None:14.992863136086896:2:16:binary:0,lockin,,,14.992863,2
nagaoka_fireworks_X_8,frame_00000.png,frame_00119.png,,,,0,decode失敗,QR未検出,0.143610,0.259206,0.540769,0.376091,,lockin:lockin::None:14.992863136086896:4:4:binary:0,lockin,,,14.992863,4
nagaoka_fireworks_X_8,frame_00000.png,frame_00119.png,,,,0,decode失敗,QR未検出,0.143610,0.259206,0.540769,0.376091,,lockin:lockin::None:14.992863136086896:4:8:binary:0,lockin,,,14.992863,4
nagaoka_fireworks_X_8,frame_00000.png,frame_00119.png,,,,0,decode失敗,QR未検出,0.143610,0.259206,0.540769,0.376091,,lockin:lockin::None:14.992863136086896:4:16:binary:0,lockin,,,14.992863,4
nagaoka_fireworks_X_8,frame_00000.png,frame_00119.png,,,,0,decode失敗,QR未検出,0.226941,0.278848,0.507000,0.495258,,lockin:lockin::None:14.992863136086896:6:4:binary:0,lockin,,,14.992863,6
nagaoka_fireworks_X_8,frame_00000.png,frame_00119.png,,,,0,decode失敗,QR未検出,0.226941,0.278848,0.507000,0.495258,,lockin:lockin::None:14.992863136086896:6:8:binary:0,lockin,,,14.992863,6
nagaoka_fireworks_X_8,frame_00000.png,frame_00119.png,,,,0,decode失敗,QR未検出,0.226941,0.278848,0.507000,0.495258,,lockin:lockin::None:14.992863136086896:6:16:binary:0,lockin,,,14.992863,6
nagaoka_fireworks_X_8,frame_00000.png,frame_00119.png,nagaoka_fireworks_X_8/rgb_max_lockin_f300_ps8_th8/00000-00119-FRAME_rgbmax_scale1.00.png,,,0,decode失敗,QR未検出,0.710941,0.413211,0.529232,0.423930,,lockin:lockin::None:14.992863136086896:8:4:binary:0,lockin,,,14.992863,8
nagaoka_fireworks_X_8,frame_00000.png,frame_00119.png,nagaoka_fireworks_X_8/rgb_max_lockin_f300_ps8_th8/00000-00119-FRAME_rgbmax_scale1.00.png,,,0,decode失敗,QR未検出,0.710941,0.413211,0.529232,0.423930,,lockin:lockin::None:14.992863136086896:8:8:binary:0,lockin,,,14.992863,8
nagaoka_fireworks_X_8,frame_00000.png,frame_00119.png,nagaoka_fireworks_X_8/rgb_max_lockin_f300_ps8_th8/00000-00119-FRAME_rgbmax_scale1.00.png,,,0,decode失敗,QR未検出,0.710941,0.413211,0.529232,0.423930,,lockin:lockin::None:14.992863136086896:8:16:binary:0,lockin,,,14.992863,8
nagaoka_fireworks_X_8,frame_00000.png,frame_00119.png,nagaoka_fireworks_X_8/rgb_max_lockin_f300_ps4_th10/00000-00119-FRAME_rgbmax_scale1.00.png,,,0,decode失敗,QR未検出,0.656637,0.438144,0.570283,0.351083,,lockin:lockin::None:14.992863136086896:10:4:binary:0,lockin,,,14.992863,10
nagaoka_fireworks_X_8,frame_00000.png,frame_00119.png,nagaoka_fireworks_X_8/rgb_max_lockin_f300_ps4_th10/00000-00119-FRAME_rgbmax_scale1.00.png,,,0,decode失敗,QR未検出,0.656637,0.438144,0.570283,0.351083,,lockin:lockin::None:14.992863136086896:10:8:binary:0,lockin,,,14.992863,10
nagaoka_fireworks_X_8,frame_00000.png,frame_00119.png,nagaoka_fireworks_X_8/rgb_max_lockin_f300_ps4_th10/00000-00119-FRAME_rgbmax_scale1.00.png,,,0,decode失敗,QR未検出,0.656637,0.438144,0.570283,0.351083,,lockin:lockin::None:14.992863136086896:10:16:binary:0,lockin,,,14.992863,10
nagaoka_fireworks_X_8,frame_00000.png,frame_00119.png,,,,0,decode失敗,QR未検出,0.604298,0.477118,0.616481,0.279875,,lockin:lockin::None:14.992863136086896:12:4:binary:0,lockin,,,14.992863,12
nagaoka_fireworks_X_8,frame_00000.png,frame_00119.png,,,,0,decode失敗,QR未検出,0.604298,0.477118,0.616481,0.279875,,lockin:lockin::None:14.992863136086896:12:8:binary:0,lockin,,,14.992863,12
nagaoka_fireworks_X_8,frame_00000.png,frame_00119.png,,,,0,decode失敗,QR未検出,0.604298,0.477118,0.616481,0.279875,,lockin:lockin::None:14.992863136086896:12:16:binary:0,lockin,,,14.992863,12
nagaoka_fireworks_X_8,frame_00000.png,frame_00119.png,,,,0,decode失敗,QR未検出,0.493532,0.588490,0.691297,0.156369,,lockin:lockin::None:14.992863136086896:16:4:binary:0,lockin,,,14.992863,16
nagaoka_fireworks_X_8,frame_00000.png,frame_00119.png,,,,0,decode失敗,QR未検出,0.493532,0.588490,0.691297,0.156369,,lockin:lockin::None:14.992863136086896:16:8:binary:0,lockin,,,14.992863,16
nagaoka_fireworks_X_8,frame_00000.png,frame_00119.png,,,,0,decode失敗,QR未検出,0.493532,0.588490,0.691297,0.156369,,lockin:lockin::None:14.992863136086896:16:16:binary:0,lockin,,,14.992863,16
nagaoka_fireworks_X_8,frame_00000.png,frame_00119.png,,,,0,decode失敗,QR未検出,0.714493,0.444198,0.572417,0.369568,,lockin:lockin::None:29.996431568043448:2:4:binary:0,lockin,,,29.996432,2
nagaoka_fireworks_X_8,frame_00000.png,frame_00119.png,,,,0,decode失敗,QR未検出,0.714493,0.444198,0.572417,0.369568,,lockin:lockin::None:29.996431568043448:2:8:binary:0,lockin,,,29.996432,2
nagaoka_fireworks_X_8,frame_00000.png,frame_00119.png,,,,0,decode失敗,QR未検出,0.714493,0.444198,0.572417,0.369568,,lockin:lockin::None:29.996431568043448:2:16:binary:0,lockin,,,29.996432,2
nagaoka_fireworks_X_8,frame_00000.png,frame_00119.png,,,,0,decode失敗,QR未検出,0.592999,0.610911,0.715547,0.133140,,lockin:lockin::None:29.996431568043448:4:4:binary:0,lockin,,,29.996432,4
nagaoka_fireworks_X_8,frame_00000.png,frame_00119.png,,,,0,decode失敗,QR未検出,0.592999,0.610911,0.715547,0.133140,,lockin:lockin::None:29.996431568043448:4:8:binary:0,lockin,,,29.996432,4
nagaoka_fireworks_X_8,frame_00000.png,frame_00119.png,,,,0,decode失敗,QR未検出,0.592999,0.610911,0.715547,0.133140,,lockin:lockin::None:29.996431568043448:4:16:binary:0,lockin,,,29.996432,4
nagaoka_fireworks_X_8,frame_00000.png,frame_00119.png,,,,0,decode失敗,QR未検出,0.521792,0.734639,0.758321,0.049729,,lockin:lockin::None:29.996431568043448:6:4:binary:0,lockin,,,29.996432,6
nagaoka_fireworks_X_8,frame_00000.png,frame_00119.png,,,,0,decode失敗,QR未検出,0.521792,0.734639,0.758321,0.049729,,lockin:lockin::None:29.996431568043448:6:8:binary:0,lockin,,,29.996432,6
nagaoka_fireworks_X_8,frame_00000.png,frame_00119.png,,,,0,decode失敗,QR未検出,0.521792,0.734639,0.758321,0.049729,,lockin:lockin::None:29.996431568043448:6:16:binary:0,lockin,,,29.996432,6
nagaoka_fireworks_X_8,frame_00000.png,frame_00119.png,nagaoka_fireworks_X_8/rgb_max_lockin_f300_ps8_th8/00000-00119-FRAME_rgbmax_scale1.00.png,,,0,decode失敗,QR未検出,0.478049,0.805362,0.768907,0.026466,,lockin:lockin::None:29.996431568043448:8:4:binary:0,lockin,,,29.996432,8
nagaoka_fireworks_X_8,frame_00000.png,frame_00119.png,nagaoka_fireworks_X_8/rgb_max_lockin_f300_ps8_th8/00000-00119-FRAME_rgbmax_scale1.00.png,,,0,decode失敗,QR未検出,0.478049,0.805362,0.768907,0.026466,,lockin:lockin::None:29.996431568043448:8:8:binary:0,lockin,,,29.996432,8
nagaoka_fireworks_X_8,frame_00000.png,frame_00119.png,nagaoka_fireworks_X_8/rgb_max_lockin_f300_ps8_th8/00000-00119-FRAME_rgbmax_scale1.00.png,,,0,decode失敗,QR未検出,0.478049,0.805362,0.768907,0.026466,,lockin:lockin::None:29.996431568043448:8:16:binary:0,lockin,,,29.996432,8
nagaoka_fireworks_X_8,frame_00000.png,frame_00119.png,nagaoka_fireworks_X_8/rgb_max_lockin_f300_ps4_th10/00000-00119-FRAME_rgbmax_scale1.00.png,,,0,decode失敗,QR未検出,0.444610,0.851461,0.770550,0.016635,,lockin:lockin::None:29.996431568043448:10:4:binary:0,lockin,,,29.996432,10
nagaoka_fireworks_X_8,frame_00000.png,frame_00119.png,nagaoka_fireworks_X_8/rgb_max_lockin_f300_ps4_th10/00000-00119-FRAME_rgbmax_scale1.00.png,,,0,decode失敗,QR未検出,0.444610,0.851461,0.770550,0.016635,,lockin:lockin::None:29.996431568043448:10:8:binary:0,lockin,,,29.996432,10
nagaoka_fireworks_X_8,frame_00000.png,frame_00119.png,nagaoka_fireworks_X_8/rgb_max_lockin_f300_ps4_th10/00000-00119-FRAME_rgbmax_scale1.00.png,,,0,decode失敗,QR未検出,0.444610,0.851461,0.770550,0.016635,,lockin:lockin::None:29.996431568043448:10:16:binary:0,lockin,,,29.996432,10
nagaoka_fireworks_X_8,frame_00000.png,frame_00119.png,,,,0,decode失敗,QR未検出,0.416317,0.881610,0.768144,0.011746,,lockin:lockin::None:29.996431568043448:12:4:binary:0,lockin,,,29.996432,12
nagaoka_fireworks_X_8,frame_00000.png,frame_00119.png,,,,0,decode失敗,QR未検出,0.416317,0.881610,0.768144,0.011746,,lockin:lockin::None:29.996431568043448:12:8:binary:0,lockin,,,29.996432,12
nagaoka_fireworks_X_8,frame_00000.png,frame_00119.png,,,,0,decode失敗,QR未検出,0.416317,0.881610,0.768144,0.011746,,lockin:lockin::None:29.996431568043448:12:16:binary:0,lockin,,,29.996432,12
nagaoka_fireworks_X_8,frame_00000.png,frame_00119.png,,,,0,decode失敗,QR未検出,0.370088,0.921211,0.760178,0.006590,,lockin:lockin::None:29.996431568043448:16:4:binary:0,lockin,,,29.996432,16
nagaoka_fireworks_X_8,frame_00000.png,frame_00119.png,,,,0,decode失敗,QR未検出,0.370088,0.921211,0.760178,0.006590,,lockin:lockin::None:29.996431568043448:16:8:binary:0,lockin,,,29.996432,16
nagaoka_fireworks_X_8,frame_00000.png,frame_00119.png,,,,0,decode失敗,QR未検出,0.370088,0.921211,0.760178,0.006590,,lockin:lockin::None:29.996431568043448:16:16:binary:0,lockin,,,29.996432,16
nagaoka_fireworks_X_12,frame_00000.png,frame_00119.png,,,,0,decode失敗,QR未検出,0.001294,0.017627,0.611828,0.112483,,lockin:lockin::None:10.003568431956552:2:4:binary:0,lockin,,,10.003568,2
nagaoka_fireworks_X_12,frame_00000.png,frame_00119.png,,,,0,decode失敗,QR未検出,0.001294,0.017627,0.611828,0.112483,,lockin:lockin::None:10.003568431956552:2:8:binary:0,lockin,,,10.003568,2
nagaoka_fireworks_X_12,frame_00000.png,frame_00119.png,,,,0,decode失敗,QR未検出,0.001294,0.017627,0.611828,0.112483,,lockin:lockin::None:10.003568431956552:2:16:binary:0,lockin,,,10.003568,2
nagaoka_fireworks_X_12,frame_00000.png,frame_00119.png,,,,0,decode失敗,QR未検出,0.004532,0.020518,0.560707,0.301432,,lockin:lockin::None:10.003568431956552:4:4:binary:0,lockin,,,10.003568,4
nagaoka_fireworks_X_12,frame_00000.png,frame_00119.png,,,,0,decode失敗,QR未検出,0.004532,0.020518,0.560707,0.301432,,lockin:lockin::None:10.003568431956552:4:8:binary:0,lockin,,,10.003568,4
nagaoka_fireworks_X_12,frame_00000.png,frame_00119.png,,,,0,decode失敗,QR未検出,0.004532,0.020518,0.560707,0.301432,,lockin:lockin::None:10.003568431956552:4:16:binary:0,lockin,,,10.003568,4
nagaoka_fireworks_X_12,frame_00000.png,frame_00119.png,,,,0,decode失敗,QR未検出,0.019470,0.053008,0.518456,0.424513,,lockin:lockin::None:10.003568431956552:6:4:binary:0,lockin,,,10.003568,6
nagaoka_fireworks_X_12,frame_00000.png,frame_00119.png,,,,0,decode失敗,QR未検出,0.019470,0.053008,0.518456,0.424513,,lockin:lockin::None:10.003568431956552:6:8:binary:0,lockin,,,10.003568,6
nagaoka_fireworks_X_12,frame_00000.png,frame_00119.png,,,,0,decode失敗,QR未検出,0.019470,0.053008,0.518456,0.424513,,lockin:lockin::None:10.003568431956552:6:16:binary:0,lockin,,,10.003568,6
nagaoka_fireworks_X_12,frame_00000.png,frame_00119.png,,,,0,decode失敗,QR未検出,0.946024,0.424532,0.515565,0.497021,,lockin:lockin::None:10.003568431956552:8:4:binary:0,lockin,,,10.003568,8
nagaoka_fireworks_X_12,frame_00000.png,frame_00119.png,,,,0,decode失敗,QR未検出,0.946024,0.424532,0.515565,0.497021,,lockin:lockin::None:10.003568431956552:8:8:binary:0,lockin,,,10.003568,8
nagaoka_fireworks_X_12,frame_00000.png,frame_00119.png,,,,0,decode失敗,QR未検出,0.946024,0.424532,0.515565,0.497021,,lockin:lockin::None:10.003568431956552:8:16:binary:0,lockin,,,10.003568,8
nagaoka_fireworks_X_12,frame_00000.png,frame_00119.png,nagaoka_fireworks_X_12/rgb_max_lockin_f300_ps16_th10/00000-00119-FRAME_rgbmax_scale1.00.png,,,0,decode失敗,QR未検出,0.899713,0.443285,0.554035,0.428106,,lockin:lockin::None:10.003568431956552:10:4:binary:0,lockin,,,10.003568,10
nagaoka_fireworks_X_12,frame_00000.png,frame_00119.png,nagaoka_fireworks_X_12/rgb_max_lockin_f300_ps16_th10/00000-00119-FRAME_rgbmax_scale1.00.png,,,0,decode失敗,QR未検出,0.899713,0.443285,0.554035,0.428106,,lockin:lockin::None:10.003568431956552:10:8:binary:0,lockin,,,10.003568,10
nagaoka_fireworks_X_12,frame_00000.png,frame_00119.png,nagaoka_fireworks_X_12/rgb_max_lockin_f300_ps16_th10/00000-00119-FRAME_rgbmax_scale1.00.png,,,0,decode失敗,QR未検出,0.899713,0.443285,0.554035,0.428106,,lockin:lockin::None:10.003568431956552:10:16:binary:0,lockin,,,10.003568,10
nagaoka_fireworks_X_12,frame_00000.png,frame_00119.png,nagaoka_fireworks_X_12/rgb_max_lockin_f300_ps8_th12/00000-00119-FRAME_rgbmax_scale1.00.png,,,0,decode失敗,QR未検出,0.844415,0.467085,0.594351,0.360563,,lockin:lockin::None:10.003568431956552:12:4:binary:0,lockin,,,10.003568,12
nagaoka_fireworks_X_12,frame_00000.png,frame_00119.png,nagaoka_fireworks_X_12/rgb_max_lockin_f300_ps8_th12/00000-00119-FRAME_rgbmax_scale1.00.png,,,0,decode失敗,QR未検出,0.844415,0.467085,0.594351,0.360563,,lockin:lockin::None:10.003568431956552:12:8:binary:0,lockin,,,10.003568,12
nagaoka_fireworks_X_12,frame_00000.png,frame_00119.png,nagaoka_fireworks_X_12/rgb_max_lockin_f300_ps8_th12/00000-00119-FRAME_rgbmax_scale1.00.png,,,0,decode失敗,QR未検出,0.844415,0.467085,0.594351,0.360563,,lockin:lockin::None:10.003568431956552:12:16:binary:0,lockin,,,10.003568,12
nagaoka_fireworks_X_12,frame_00000.png,frame_00119.png,,,,0,decode失敗,QR未検出,0.709937,0.530783,0.667344,0.232067,,lockin:lockin::None:10.003568431956552:16:4:binary:0,lockin,,,10.003568,16
nagaoka_fireworks_X_12,frame_00000.png,frame_00119.png,,,,0,decode失敗,QR未検出,0.709937,0.530783,0.667344,0.232067,,lockin:lockin::None:10.003568431956552:16:8:binary:0,lockin,,,10.003568,16
nagaoka_fireworks_X_12,frame_00000.png,frame_00119.png,,,,0,decode失敗,QR未検出,0.709937,0.530783,0.667344,0.232067,,lockin:lockin::None:10.003568431956552:16:16:binary:0,lockin,,,10.003568,16
nagaoka_fireworks_X_12,frame_00000.png,frame_00119.png,,,,0,decode失敗,QR未検出,0.001409,0.017099,0.608635,0.126226,,lockin:lockin::None:14.992863136086896:2:4:binary:0,lockin,,,14.992863,2
nagaoka_fireworks_X_12,frame_00000.png,frame_00119.png,,,,0,decode失敗,QR未検出,0.001409,0.017099,0.608635,0.126226,,lockin:lockin::None:14.992863136086896:2:8:binary:0,lockin,,,14.992863,2
nagaoka_fireworks_X_12,frame_00000.png,frame_00119.png,,,,0,decode失敗,QR未検出,0.001409,0.017099,0.608635,0.126226,,lockin:lockin::None:14.992863136086896:2:16:binary:0,lockin,,,14.992863,2
nagaoka_fireworks_X_12,frame_00000.png,frame_00119.png,,,,0,decode失敗,QR未検出,0.005121,0.021307,0.554077,0.321715,,lockin:lockin::None:14.992863136086896:4:4:binary:0,lockin,,,14.992863,4
nagaoka_fireworks_X_12,frame_00000.png,frame_00119.png,,,,0,decode失敗,QR未検出,0.005121,0.021307,0.554077,0.321715,,lockin:lockin::None:14.992863136086896:4:8:binary:0,lockin,,,14.992863,4
nagaoka_fireworks_X_12,frame_00000.png,frame_00119.png,,,,0,decode失敗,QR未検出,0.005121,0.021307,0.554077,0.321715,,lockin:lockin::None:14.992863136086896:4:16:binary:0,lockin,,,14.992863,4
nagaoka_fireworks_X_12,frame_00000.png,frame_00119.png,,,,0,decode失敗,QR未検出,0.022458,0.056992,0.510927,0.439199,,lockin:lockin::None:14.992863136086896:6:4:binary:0,lockin,,,14.992863,6
nagaoka_fireworks_X_12,frame_00000.png,frame_00119.png,,,,0,decode失敗,QR未検出,0.022458,0.056992,0.510927,0.439198,,lockin:lockin::None:14.992863136086896:6:8:binary:0,lockin,,,14.992863,6
nagaoka_fireworks_X_12,frame_00000.png,frame_00119.png,,,,0,decode失敗,QR未検出,0.022458,0.056992,0.510927,0.439199,,lockin:lockin::None:14.992863136086896:6:16:binary:0,lockin,,,14.992863,6
nagaoka_fireworks_X_12,frame_00000.png,frame_00119.png,,,,0,decode失敗,QR未検出,0.944070,0.429813,0.525722,0.481666,,lockin:lockin::None:14.992863136086896:8:4:binary:0,lockin,,,14.992863,8
nagaoka_fireworks_X_12,frame_00000.png,frame_00119.png,,,,0,decode失敗,QR未検出,0.944070,0.429813,0.525722,0.481666,,lockin:lockin::None:14.992863136086896:8:8:binary:0,lockin,,,14.992863,8
nagaoka_fireworks_X_12,frame_00000.png,frame_00119.png,,,,0,decode失敗,QR未検出,0.944070,0.429813,0.525722,0.481666,,lockin:lockin::None:14.992863136086896:8:16:binary:0,lockin,,,14.992863,8
nagaoka_fireworks_X_12,frame_00000.png,frame_00119.png,nagaoka_fireworks_X_12/rgb_max_lockin_f300_ps16_th10/00000-00119-FRAME_rgbmax_scale1.00.png,,,0,decode失敗,QR未検出,0.898188,0.449093,0.563676,0.414143,,lockin:lockin::None:14.992863136086896:10:4:binary:0,lockin,,,14.992863,10
nagaoka_fireworks_X_12,frame_00000.png,frame_00119.png,nagaoka_fireworks_X_12/rgb_max_lockin_f300_ps16_th10/00000-00119-FRAME_rgbmax_scale1.00.png,,,0,decode失敗,QR未検出,0.898188,0.449093,0.563676,0.414143,,lockin:lockin::None:14.992863136086896:10:8:binary:0,lockin,,,14.992863,10
nagaoka_fireworks_X_12,frame_00000.png,frame_00119.png,nagaoka_fireworks_X_12/rgb_max_lockin_f300_ps16_th10/00000-00119-FRAME_rgbmax_scale1.00.png,,,0,decode失敗,QR未検出,0.898188,0.449093,0.563676,0.414143,,lockin:lockin::None:14.992863136086896:10:16:binary:0,lockin,,,14.992863,10
nagaoka_fireworks_X_12,frame_00000.png,frame_00119.png,nagaoka_fireworks_X_12/rgb_max_lockin_f300_ps8_th12/00000-00119-FRAME_rgbmax_scale1.00.png,,,0,decode失敗,QR未検出,0.842678,0.474451,0.604594,0.346565,,lockin:lockin::None:14.992863136086896:12:4:binary:0,lockin,,,14.992863,12
nagaoka_fireworks_X_12,frame_00000.png,frame_00119.png,nagaoka_fireworks_X_12/rgb_max_lockin_f300_ps8_th12/00000-00119-FRAME_rgbmax_scale1.00.png,,,0,decode失敗,QR未検出,0.842678,0.474451,0.604594,0.346565,,lockin:lockin::None:14.992863136086896:12:8:binary:0,lockin,,,14.992863,12
nagaoka_fireworks_X_12,frame_00000.png,frame_00119.png,nagaoka_fireworks_X_12/rgb_max_lockin_f300_ps8_th12/00000-00119-FRAME_rgbmax_scale1.00.png,,,0,decode失敗,QR未検出,0.842678,0.474451,0.604594,0.346565,,lockin:lockin::None:14.992863136086896:12:16:binary:0,lockin,,,14.992863,12
nagaoka_fireworks_X_12,frame_00000.png,frame_00119.png,,,,0,decode失敗,QR未検出,0.708267,0.537634,0.673438,0.223224,,lockin:lockin::None:14.992863136086896:16:4:binary:0,lockin,,,14.992863,16
nagaoka_fireworks_X_12,frame_00000.png,frame_00119.png,,,,0,decode失敗,QR未検出,0.708267,0.537634,0.673438,0.223224,,lockin:lockin::None:14.992863136086896:16:8:binary:0,lockin,,,14.992863,16
nagaoka_fireworks_X_12,frame_00000.png,frame_00119.png,,,,0,decode失敗,QR未検出,0.708267,0.537634,0.673438,0.223224,,lockin:lockin::None:14.992863136086896:16:16:binary:0,lockin,,,14.992863,16
nagaoka_fireworks_X_12,frame_00000.png,frame_00119.png,,,,0,decode失敗,QR未検出,0.907875,0.653560,0.792148,0.102186,,lockin:lockin::None:29.996431568043448:2:4:binary:0,lockin,,,29.996432,2
nagaoka_fireworks_X_12,frame_00000.png,frame_00119.png,,,,0,decode失敗,QR未検出,0.907875,0.653560,0.792148,0.102186,,lockin:lockin::None:29.996431568043448:2:8:binary:0,lockin,,,29.996432,2
nagaoka_fireworks_X_12,frame_00000.png,frame_00119.png,,,,0,decode失敗,QR未検出,0.907875,0.653560,0.792148,0.102186,,lockin:lockin::None:29.996431568043448:2:16:binary:0,lockin,,,29.996432,2
nagaoka_fireworks_X_12,frame_00000.png,frame_00119.png,,,,0,decode失敗,QR未検出,0.855791,0.752536,0.845707,0.054498,,lockin:lockin::None:29.996431568043448:4:4:binary:0,lockin,,,29.996432,4
nagaoka_fireworks_X_12,frame_00000.png,frame_00119.png,,,,0,decode失敗,QR未検出,0.855791,0.752536,0.845707,0.054498,,lockin:lockin::None:29.996431568043448:4:8:binary:0,lockin,,,29.996432,4
nagaoka_fireworks_X_12,frame_00000.png,frame_00119.png,,,,0,decode失敗,QR未検出,0.855791,0.752536,0.845707,0.054498,,lockin:lockin::None:29.996431568043448:4:16:binary:0,lockin,,,29.996432,4
nagaoka_fireworks_X_12,frame_00000.png,frame_00119.png,,,,0,decode失敗,QR未検出,0.823685,0.803719,0.863163,0.038487,,lockin:lockin::None:29.996431568043448:6:4:binary:0,lockin,,,29.996432,6
nagaoka_fireworks_X_12,frame_00000.png,frame_00119.png,,,,0,decode失敗,QR未検出,0.823685,0.803719,0.863163,0.038487,,lockin:lockin::None:29.996431568043448:6:8:binary:0,lockin,,,29.996432,6
nagaoka_fireworks_X_12,frame_00000.png,frame_00119.png,,,,0,decode失敗,QR未検出,0.823685,0.803719,0.863163,0.038487,,lockin:lockin::None:29.996431568043448:6:16:binary:0,lockin,,,29.996432,6
nagaoka_fireworks_X_12,frame_00000.png,frame_00119.png,,,,0,decode失敗,QR未検出,0.800305,0.842446,0.873352,0.028403,,lockin:lockin::None:29.996431568043448:8:4:binary:0,lockin,,,29.996432,8
nagaoka_fireworks_X_12,frame_00000.png,frame_00119.png,,,,0,decode失敗,QR未検出,0.800305,0.842446,0.873352,0.028403,,lockin:lockin::None:29.996431568043448:8:8:binary:0,lockin,,,29.996432,8
nagaoka_fireworks_X_12,frame_00000.png,frame_00119.png,,,,0,decode失敗,QR未検出,0.800305,0.842446,0.873352,0.028403,,lockin:lockin::None:29.996431568043448:8:16:binary:0,lockin,,,29.996432,8
nagaoka_fireworks_X_12,frame_00000.png,frame_00119.png,nagaoka_fireworks_X_12/rgb_max_lockin_f300_ps16_th10/00000-00119-FRAME_rgbmax_scale1.00.png,,,0,decode失敗,QR未検出,0.776317,0.869271,0.876590,0.022091,,lockin:lockin::None:29.996431568043448:10:4:binary:0,lockin,,,29.996432,10
nagaoka_fireworks_X_12,frame_00000.png,frame_00119.png,nagaoka_fireworks_X_12/rgb_max_lockin_f300_ps16_th10/00000-00119-FRAME_rgbmax_scale1.00.png,,,0,decode失敗,QR未検出,0.776317,0.869271,0.876590,0.022091,,lockin:lockin::None:29.996431568043448:10:8:binary:0,lockin,,,29.996432,10
nagaoka_fireworks_X_12,frame_00000.png,frame_00119.png,nagaoka_fireworks_X_12/rgb_max_lockin_f300_ps16_th10/00000-00119-FRAME_rgbmax_scale1.00.png,,,0,decode失敗,QR未検出,0.776317,0.869271,0.876590,0.022091,,lockin:lockin::None:29.996431568043448:10:16:binary:0,lockin,,,29.996432,10
nagaoka_fireworks_X_12,frame_00000.png,frame_00119.png,nagaoka_fireworks_X_12/rgb_max_lockin_f300_ps8_th12/00000-00119-FRAME_rgbmax_scale1.00.png,,,0,decode失敗,QR未検出,0.756166,0.885439,0.876143,0.018512,,lockin:lockin::None:29.996431568043448:12:4:binary:0,lockin,,,29.996432,12
nagaoka_fireworks_X_12,frame_00000.png,frame_00119.png,nagaoka_fireworks_X_12/rgb_max_lockin_f300_ps8_th12/00000-00119-FRAME_rgbmax_scale1.00.png,,,0,decode失敗,QR未検出,0.756166,0.885439,0.876143,0.018512,,lockin:lockin::None:29.996431568043448:12:8:binary:0,lockin,,,29.996432,12
nagaoka_fireworks_X_12,frame_00000.png,frame_00119.png,nagaoka_fireworks_X_12/rgb_max_lockin_f300_ps8_th12/00000-00119-FRAME_rgbmax_scale1.00.png,,,0,decode失敗,QR未検出,0.756166,0.885439,0.876143,0.018512,,lockin:lockin::None:29.996431568043448:12:16:binary:0,lockin,,,29.996432,12
nagaoka_fireworks_X_12,frame_00000.png,frame_00119.png,,,,0,decode失敗,QR未検出,0.720966,0.906621,0.871929,0.014051,,lockin:lockin::None:29.996431568043448:16:4:binary:0,lockin,,,29.996432,16
nagaoka_fireworks_X_12,frame_00000.png,frame_00119.png,,,,0,decode失敗,QR未検出,0.720966,0.906621,0.871929,0.014051,,lockin:lockin::None:29.996431568043448:16:8:binary:0,lockin,,,29.996432,16
nagaoka_fireworks_X_12,frame_00000.png,frame_00119.png,,,,0,decode失敗,QR未検出,0.720966,0.906621,0.871929,0.014051,,lockin:lockin::None:29.996431568043448:16:16:binary:0,lockin,,,29.996432,16
hocho_X_4,frame_00000.png,frame_00119.png,,,,0,decode失敗,QR未検出,0.000222,0.029948,0.634966,0.004606,,lockin:lockin::None:10.003568431956552:2:4:binary:0,lockin,,,10.003568,2
hocho_X_4,frame_00000.png,frame_00119.png,,,,0,decode失敗,QR未検出,0.000222,0.029948,0.634966,0.004606,,lockin:lockin::None:10.003568431956552:2:8:binary:0,lockin,,,10.003568,2
hocho_X_4,frame_00000.png,frame_00119.png,,,,0,decode失敗,QR未検出,0.000222,0.029948,0.634966,0.004606,,lockin:lockin::None:10.003568431956552:2:16:binary:0,lockin,,,10.003568,2
hocho_X_4,frame_00000.png,frame_00119.png,,,,0,decode失敗,QR未検出,0.010150,0.232350,0.629015,0.033832,,lockin:lockin::None:10.003568431956552:4:4:binary:0,lockin,,,10.003568,4
hocho_X_4,frame_00000.png,frame_00119.png,,,,0,decode失敗,QR未検出,0.010150,0.232350,0.629015,0.033832,,lockin:lockin::None:10.003568431956552:4:8:binary:0,lockin,,,10.003568,4
hocho_X_4,frame_00000.png,frame_00119.png,,,,0,decode失敗,QR未検出,0.010150,0.232350,0.629015,0.033832,,lockin:lockin::None:10.003568431956552:4:16:binary:0,lockin,,,10.003568,4
hocho_X_4,frame_00000.png,frame_00119.png,,,,0,decode失敗,QR未検出,0.032975,0.273674,0.617721,0.100901,,lockin:lockin::None:10.003568431956552:6:4:binary:0,lockin,,,10.003568,6
hocho_X_4,frame_00000.png,frame_00119.png,,,,0,decode失敗,QR未検出,0.032975,0.273674,0.617721,0.100901,,lockin:lockin::None:10.003568431956552:6:8:binary:0,lockin,,,10.003568,6
hocho_X_4,frame_00000.png,frame_00119.png,,,,0,decode失敗,QR未検出,0.032975,0.273674,0.617721,0.100901,,lockin:lockin::None:10.003568431956552:6:16:binary:0,lockin,,,10.003568,6
hocho_X_4,frame_00000.png,frame_00119.png,,,,0,decode失敗,QR未検出,0.060414,0.255163,0.595464,0.188437,,lockin:lockin::None:10.003568431956552:8:4:binary:0,lockin,,,10.003568,8
hocho_X_4,frame_00000.png,frame_00119.png,,,,0,decode失敗,QR未検出,0.060414,0.255163,0.595464,0.188437,,lockin:lockin::None:10.003568431956552:8:8:binary:0,lockin,,,10.003568,8
hocho_X_4,frame_00000.png,frame_00119.png,,,,0,decode失敗,QR未検出,0.060414,0.255163,0.595464,0.188437,,lockin:lockin::None:10.003568431956552:8:16:binary:0,lockin,,,10.003568,8
hocho_X_4,frame_00000.png,frame_00119.png,,,,0,decode失敗,QR未検出,0.098477,0.248172,0.565044,0.274142,,lockin:lockin::None:10.003568431956552:10:4:binary:0,lockin,,,10.003568,10
hocho_X_4,frame_00000.png,frame_00119.png,,,,0,decode失敗,QR未検出,0.098477,0.248172,0.565044,0.274142,,lockin:lockin::None:10.003568431956552:10:8:binary:0,lockin,,,10.003568,10
hocho_X_4,frame_00000.png,frame_00119.png,,,,0,decode失敗,QR未検出,0.098477,0.248172,0.565044,0.274142,,lockin:lockin::None:10.003568431956552:10:16:binary:0,lockin,,,10.003568,10
hocho_X_4,frame_00000.png,frame_00119.png,,,,0,decode失敗,QR未検出,0.151164,0.252842,0.530360,0.357114,,lockin:lockin::None:10.003568431956552:12:4:binary:0,lockin,,,10.003568,12
hocho_X_4,frame_00000.png,frame_00119.png,,,,0,decode失敗,QR未検出,0.151164,0.252842,0.530360,0.357114,,lockin:lockin::None:10.003568431956552:12:8:binary:0,lockin,,,10.003568,12
hocho_X_4,frame_00000.png,frame_00119.png,,,,0,decode失敗,QR未検出,0.151164,0.252842,0.530360,0.357114,,lockin:lockin::None:10.003568431956552:12:16:binary:0,lockin,,,10.003568,12
hocho_X_4,frame_00000.png,frame_00119.png,hocho_X_4/rgb_max_lockin_f300_ps16_th16/00000-00119-FRAME_rgbmax_scale1.00.png,,,0,decode失敗,QR未検出,0.689858,0.420476,0.542898,0.470941,,lockin:lockin::None:10.003568431956552:16:4:binary:0,lockin,,,10.003568,16
hocho_X_4,frame_00000.png,frame_00119.png,hocho_X_4/rgb_max_lockin_f300_ps16_th16/00000-00119-FRAME_rgbmax_scale1.00.png,,,0,decode失敗,QR未検出,0.689858,0.420476,0.542898,0.470941,,lockin:lockin::None:10.003568431956552:16:8:binary:0,lockin,,,10.003568,16
hocho_X_4,frame_00000.png,frame_00119.png,hocho_X_4/rgb_max_lockin_f300_ps16_th16/00000-00119-FRAME_rgbmax_scale1.00.png,,,0,decode失敗,QR未検出,0.689858,0.420476,0.542898,0.470941,,lockin:lockin::None:10.003568431956552:16:16:binary:0,lockin,,,10.003568,16
hocho_X_4,frame_00000.png,frame_00119.png,,,,0,decode失敗,QR未検出,0.000738,0.075110,0.634464,0.005649,,lockin:lockin::None:14.992863136086896:2:4:binary:0,lockin,,,14.992863,2
hocho_X_4,frame_00000.png,frame_00119.png,,,,0,decode失敗,QR未検出,0.000738,0.075110,0.634464,0.005649,,lockin:lockin::None:14.992863136086896:2:8:binary:0,lockin,,,14.992863,2
hocho_X_4,frame_00000.png,frame_00119.png,,,,0,decode失敗,QR未検出,0.000738,0.075110,0.634464,0.005649,,lockin:lockin::None:14.992863136086896:2:16:binary:0,lockin,,,14.992863,2
hocho_X_4,frame_00000.png,frame_00119.png,,,,0,decode失敗,QR未検出,0.016198,0.279062,0.628195,0.045293,,lockin:lockin::None:14.992863136086896:4:4:binary:0,lockin,,,14.992863,4
hocho_X_4,frame_00000.png,frame_00119.png,,,,0,decode失敗,QR未検出,0.016198,0.279062,0.628195,0.045293,,lockin:lockin::None:14.992863136086896:4:8:binary:0,lockin,,,14.992863,4
hocho_X_4,frame_00000.png,frame_00119.png,,,,0,decode失敗,QR未検出,0.016198,0.279062,0.628195,0.045293,,lockin:lockin::None:14.992863136086896:4:16:binary:0,lockin,,,14.992863,4
hocho_X_4,frame_00000.png,frame_00119.png,,,,0,decode失敗,QR未検出,0.042764,0.294665,0.615888,0.120939,,lockin:lockin::None:14.992863136086896:6:4:binary:0,lockin,,,14.992863,6
hocho_X_4,frame_00000.png,frame_00119.png,,,,0,decode失敗,QR未検出,0.042764,0.294665,0.615888,0.120939,,lockin:lockin::None:14.992863136086896:6:8:binary:0,lockin,,,14.992863,6
hocho_X_4,frame_00000.png,frame_00119.png,,,,0,decode失敗,QR未検出,0.042764,0.294665,0.615888,0.120939,,lockin:lockin::None:14.992863136086896:6:16:binary:0,lockin,,,14.992863,6
hocho_X_4,frame_00000.png,frame_00119.png,,,,0,decode失敗,QR未検出,0.074798,0.272993,0.592398,0.209723,,lockin:lockin::None:14.992863136086896:8:4:binary:0,lockin,,,14.992863,8
hocho_X_4,frame_00000.png,frame_00119.png,,,,0,decode失敗,QR未検出,0.074798,0.272993,0.592398,0.209723,,lockin:lockin::None:14.992863136086896:8:8:binary:0,lockin,,,14.992863,8
hocho_X_4,frame_00000.png,frame_00119.png,,,,0,decode失敗,QR未検出,0.074798,0.272993,0.592398,0.209723,,lockin:lockin::None:14.992863136086896:8:16:binary:0,lockin,,,14.992863,8
hocho_X_4,frame_00000.png,frame_00119.png,,,,0,decode失敗,QR未検出,0.113217,0.259317,0.561307,0.293212,,lockin:lockin::None:14.992863136086896:10:4:binary:0,lockin,,,14.992863,10
hocho_X_4,frame_00000.png,frame_00119.png,,,,0,decode失敗,QR未検出,0.113217,0.259317,0.561307,0.293212,,lockin:lockin::None:14.992863136086896:10:8:binary:0,lockin,,,14.992863,10
hocho_X_4,frame_00000.png,frame_00119.png,,,,0,decode失敗,QR未検出,0.113217,0.259317,0.561307,0.293212,,lockin:lockin::None:14.992863136086896:10:16:binary:0,lockin,,,14.992863,10
hocho_X_4,frame_00000.png,frame_00119.png,,,,0,decode失敗,QR未検出,0.166223,0.260023,0.526270,0.374165,,lockin:lockin::None:14.992863136086896:12:4:binary:0,lockin,,,14.992863,12
hocho_X_4,frame_00000.png,frame_00119.png,,,,0,decode失敗,QR未検出,0.166223,0.260023,0.526270,0.374165,,lockin:lockin::None:14.992863136086896:12:8:binary:0,lockin,,,14.992863,12
hocho_X_4,frame_00000.png,frame_00119.png,,,,0,decode失敗,QR未検出,0.166223,0.260023,0.526270,0.374164,,lockin:lockin::None:14.992863136086896:12:16:binary:0,lockin,,,14.992863,12
hocho_X_4,frame_00000.png,frame_00119.png,hocho_X_4/rgb_max_lockin_f300_ps16_th16/00000-00119-FRAME_rgbmax_scale1.00.png,,,0,decode失敗,QR未検出,0.680982,0.422666,0.547157,0.459600,,lockin:lockin::None:14.992863136086896:16:4:binary:0,lockin,,,14.992863,16
hocho_X_4,frame_00000.png,frame_00119.png,hocho_X_4/rgb_max_lockin_f300_ps16_th16/00000-00119-FRAME_rgbmax_scale1.00.png,,,0,decode失敗,QR未検出,0.680982,0.422666,0.547157,0.459600,,lockin:lockin::None:14.992863136086896:16:8:binary:0,lockin,,,14.992863,16
hocho_X_4,frame_00000.png,frame_00119.png,hocho_X_4/rgb_max_lockin_f300_ps16_th16/00000-00119-FRAME_rgbmax_scale1.00.png,,,0,decode失敗,QR未検出,0.680982,0.422666,0.547157,0.459600,,lockin:lockin::None:14.992863136086896:16:16:binary:0,lockin,,,14.992863,16
hocho_X_4,frame_00000.png,frame_00119.png,,,,0,decode失敗,QR未検出,0.016367,0.214770,0.621733,0.077018,,lockin:lockin::None:29.996431568043448:2:4:binary:0,lockin,,,29.996432,2
hocho_X_4,frame_00000.png,frame_00119.png,,,,0,decode失敗,QR未検出,0.016367,0.214770,0.621733,0.077018,,lockin:lockin::None:29.996431568043448:2:8:binary:0,lockin,,,29.996432,2
hocho_X_4,frame_00000.png,frame_00119.png,,,,0,decode失敗,QR未検出,0.016367,0.214770,0.621733,0.077018,,lockin:lockin::None:29.996431568043448:2:16:binary:0,lockin,,,29.996432,2
hocho_X_4,frame_00000.png,frame_00119.png,,,,0,decode失敗,QR未検出,0.055742,0.171965,0.560400,0.261531,,lockin:lockin::None:29.996431568043448:4:4:binary:0,lockin,,,29.996432,4
hocho_X_4,frame_00000.png,frame_00119.png,,,,0,decode失敗,QR未検出,0.055742,0.171965,0.560400,0.261531,,lockin:lockin::None:29.996431568043448:4:8:binary:0,lockin,,,29.996432,4
hocho_X_4,frame_00000.png,frame_00119.png,,,,0,decode失敗,QR未検出,0.055742,0.171965,0.560400,0.261531,,lockin:lockin::None:29.996431568043448:4:16:binary:0,lockin,,,29.996432,4
hocho_X_4,frame_00000.png,frame_00119.png,,,,0,decode失敗,QR未検出,0.896132,0.426313,0.525192,0.573691,,lockin:lockin::None:29.996431568043448:6:4:binary:0,lockin,,,29.996432,6
hocho_X_4,frame_00000.png,frame_00119.png,,,,0,decode失敗,QR未検出,0.896132,0.426313,0.525192,0.573691,,lockin:lockin::None:29.996431568043448:6:8:binary:0,lockin,,,29.996432,6
hocho_X_4,frame_00000.png,frame_00119.png,,,,0,decode失敗,QR未検出,0.896132,0.426313,0.525192,0.573691,,lockin:lockin::None:29.996431568043448:6:16:binary:0,lockin,,,29.996432,6
hocho_X_4,frame_00000.png,frame_00119.png,,,,0,decode失敗,QR未検出,0.811232,0.480712,0.613893,0.408083,,lockin:lockin::None:29.996431568043448:8:4:binary:0,lockin,,,29.996432,8
hocho_X_4,frame_00000.png,frame_00119.png,,,,0,decode失敗,QR未検出,0.811232,0.480712,0.613893,0.408083,,lockin:lockin::None:29.996431568043448:8:8:binary:0,lockin,,,29.996432,8
hocho_X_4,frame_00000.png,frame_00119.png,,,,0,decode失敗,QR未検出,0.811232,0.480712,0.613893,0.408083,,lockin:lockin::None:29.996431568043448:8:16:binary:0,lockin,,,29.996432,8
hocho_X_4,frame_00000.png,frame_00119.png,,,,0,decode失敗,QR未検出,0.713745,0.532949,0.669485,0.281471,,lockin:lockin::None:29.996431568043448:10:4:binary:0,lockin,,,29.996432,10
hocho_X_4,frame_00000.png,frame_00119.png,,,,0,decode失敗,QR未検出,0.713745,0.532949,0.669485,0.281471,,lockin:lockin::None:29.996431568043448:10:8:binary:0,lockin,,,29.996432,10
hocho_X_4,frame_00000.png,frame_00119.png,,,,0,decode失敗,QR未検出,0.713745,0.532949,0.669485,0.281471,,lockin:lockin::None:29.996431568043448:10:16:binary:0,lockin,,,29.996432,10
hocho_X_4,frame_00000.png,frame_00119.png,,,,0,decode失敗,QR未検出,0.607198,0.576837,0.696133,0.188801,,lockin:lockin::None:29.996431568043448:12:4:binary:0,lockin,,,29.996432,12
hocho_X_4,frame_00000.png,frame_00119.png,,,,0,decode失敗,QR未検出,0.607198,0.576837,0.696133,0.188801,,lockin:lockin::None:29.996431568043448:12:8:binary:0,lockin,,,29.996432,12
hocho_X_4,frame_00000.png,frame_00119.png,,,,0,decode失敗,QR未検出,0.607198,0.576837,0.696133,0.188801,,lockin:lockin::None:29.996431568043448:12:16:binary:0,lockin,,,29.996432,12
hocho_X_4,frame_00000.png,frame_00119.png,hocho_X_4/rgb_max_lockin_f300_ps16_th16/00000-00119-FRAME_rgbmax_scale1.00.png,,,0,decode失敗,QR未検出,0.425695,0.653594,0.710022,0.082776,,lockin:lockin::None:29.996431568043448:16:4:binary:0,lockin,,,29.996432,16
hocho_X_4,frame_00000.png,frame_00119.png,hocho_X_4/rgb_max_lockin_f300_ps16_th16/00000-00119-FRAME_rgbmax_scale1.00.png,,,0,decode失敗,QR未検出,0.425695,0.653594,0.710022,0.082776,,lockin:lockin::None:29.996431568043448:16:8:binary:0,lockin,,,29.996432,16
hocho_X_4,frame_00000.png,frame_00119.png,hocho_X_4/rgb_max_lockin_f300_ps16_th16/00000-00119-FRAME_rgbmax_scale1.00.png,,,0,decode失敗,QR未検出,0.425695,0.653594,0.710022,0.082776,,lockin:lockin::None:29.996431568043448:16:16:binary:0,lockin,,,29.996432,16
hocho_X_8,frame_00000.png,frame_00119.png,,,,0,decode失敗,QR未検出,0.001149,0.169275,0.635865,0.005074,,lockin:lockin::None:10.003568431956552:2:4:binary:0,lockin,,,10.003568,2
hocho_X_8,frame_00000.png,frame_00119.png,,,,0,decode失敗,QR未検出,0.001149,0.169275,0.635865,0.005074,,lockin:lockin::None:10.003568431956552:2:8:binary:0,lockin,,,10.003568,2
hocho_X_8,frame_00000.png,frame_00119.png,,,,0,decode失敗,QR未検出,0.001149,0.169275,0.635865,0.005074,,lockin:lockin::None:10.003568431956552:2:16:binary:0,lockin,,,10.003568,2
hocho_X_8,frame_00000.png,frame_00119.png,,,,0,decode失敗,QR未検出,0.008697,0.228593,0.630006,0.038465,,lockin:lockin::None:10.003568431956552:4:4:binary:0,lockin,,,10.003568,4
hocho_X_8,frame_00000.png,frame_00119.png,,,,0,decode失敗,QR未検出,0.008697,0.228593,0.630006,0.038465,,lockin:lockin::None:10.003568431956552:4:8:binary:0,lockin,,,10.003568,4
hocho_X_8,frame_00000.png,frame_00119.png,,,,0,decode失敗,QR未検出,0.008697,0.228593,0.630006,0.038465,,lockin:lockin::None:10.003568431956552:4:16:binary:0,lockin,,,10.003568,4
hocho_X_8,frame_00000.png,frame_00119.png,,,,0,decode失敗,QR未検出,0.022709,0.209493,0.614661,0.113222,,lockin:lockin::None:10.003568431956552:6:4:binary:0,lockin,,,10.003568,6
hocho_X_8,frame_00000.png,frame_00119.png,,,,0,decode失敗,QR未検出,0.022709,0.209493,0.614661,0.113222,,lockin:lockin::None:10.003568431956552:6:8:binary:0,lockin,,,10.003568,6
hocho_X_8,frame_00000.png,frame_00119.png,,,,0,decode失敗,QR未検出,0.022709,0.209493,0.614661,0.113222,,lockin:lockin::None:10.003568431956552:6:16:binary:0,lockin,,,10.003568,6
hocho_X_8,frame_00000.png,frame_00119.png,hocho_X_8/rgb_max_lockin_f300_ps16_th8/00000-00119-FRAME_rgbmax_scale1.00.png,,,0,decode失敗,QR未検出,0.039974,0.187524,0.589200,0.200639,,lockin:lockin::None:10.003568431956552:8:4:binary:0,lockin,,,10.003568,8
hocho_X_8,frame_00000.png,frame_00119.png,hocho_X_8/rgb_max_lockin_f300_ps16_th8/00000-00119-FRAME_rgbmax_scale1.00.png,,,0,decode失敗,QR未検出,0.039974,0.187524,0.589200,0.200639,,lockin:lockin::None:10.003568431956552:8:8:binary:0,lockin,,,10.003568,8
hocho_X_8,frame_00000.png,frame_00119.png,hocho_X_8/rgb_max_lockin_f300_ps16_th8/00000-00119-FRAME_rgbmax_scale1.00.png,,,0,decode失敗,QR未検出,0.039974,0.187524,0.589200,0.200639,,lockin:lockin::None:10.003568431956552:8:16:binary:0,lockin,,,10.003568,8
hocho_X_8,frame_00000.png,frame_00119.png,hocho_X_8/rgb_max_lockin_f300_ps8_th10/00000-00119-FRAME_rgbmax_scale1.00.png,,,0,decode失敗,QR未検出,0.064174,0.180383,0.555052,0.288333,,lockin:lockin::None:10.003568431956552:10:4:binary:0,lockin,,,10.003568,10
hocho_X_8,frame_00000.png,frame_00119.png,hocho_X_8/rgb_max_lockin_f300_ps8_th10/00000-00119-FRAME_rgbmax_scale1.00.png,,,0,decode失敗,QR未検出,0.064174,0.180383,0.555052,0.288333,,lockin:lockin::None:10.003568431956552:10:8:binary:0,lockin,,,10.003568,10
hocho_X_8,frame_00000.png,frame_00119.png,hocho_X_8/rgb_max_lockin_f300_ps8_th10/00000-00119-FRAME_rgbmax_scale1.00.png,,,0,decode失敗,QR未検出,0.064174,0.180383,0.555052,0.288333,,lockin:lockin::None:10.003568431956552:10:16:binary:0,lockin,,,10.003568,10
hocho_X_8,frame_00000.png,frame_00119.png,,,,0,decode失敗,QR未検出,0.102135,0.186519,0.513039,0.374377,,lockin:lockin::None:10.003568431956552:12:4:binary:0,lockin,,,10.003568,12
hocho_X_8,frame_00000.png,frame_00119.png,,,,0,decode失敗,QR未検出,0.102135,0.186519,0.513039,0.374377,,lockin:lockin::None:10.003568431956552:12:8:binary:0,lockin,,,10.003568,12
hocho_X_8,frame_00000.png,frame_00119.png,,,,0,decode失敗,QR未検出,0.102135,0.186519,0.513039,0.374377,,lockin:lockin::None:10.003568431956552:12:16:binary:0,lockin,,,10.003568,12
hocho_X_8,frame_00000.png,frame_00119.png,,,,0,decode失敗,QR未検出,0.775714,0.453690,0.580086,0.444676,,lockin:lockin::None:10.003568431956552:16:4:binary:0,lockin,,,10.003568,16
hocho_X_8,frame_00000.png,frame_00119.png,,,,0,decode失敗,QR未検出,0.775714,0.453690,0.580086,0.444676,,lockin:lockin::None:10.003568431956552:16:8:binary:0,lockin,,,10.003568,16
hocho_X_8,frame_00000.png,frame_00119.png,,,,0,decode失敗,QR未検出,0.775714,0.453690,0.580086,0.444676,,lockin:lockin::None:10.003568431956552:16:16:binary:0,lockin,,,10.003568,16
hocho_X_8,frame_00000.png,frame_00119.png,,,,0,decode失敗,QR未検出,0.000637,0.121884,0.636060,0.004321,,lockin:lockin::None:14.992863136086896:2:4:binary:0,lockin,,,14.992863,2
hocho_X_8,frame_00000.png,frame_00119.png,,,,0,decode失敗,QR未検出,0.000637,0.121884,0.636060,0.004321,,lockin:lockin::None:14.992863136086896:2:8:binary:0,lockin,,,14.992863,2
hocho_X_8,frame_00000.png,frame_00119.png,,,,0,decode失敗,QR未検出,0.000637,0.121884,0.636060,0.004321,,lockin:lockin::None:14.992863136086896:2:16:binary:0,lockin,,,14.992863,2
hocho_X_8,frame_00000.png,frame_00119.png,,,,0,decode失敗,QR未検出,0.008664,0.223314,0.629710,0.037855,,lockin:lockin::None:14.992863136086896:4:4:binary:0,lockin,,,14.992863,4
hocho_X_8,frame_00000.png,frame_00119.png,,,,0,decode失敗,QR未検出,0.008664,0.223314,0.629710,0.037855,,lockin:lockin::None:14.992863136086896:4:8:binary:0,lockin,,,14.992863,4
hocho_X_8,frame_00000.png,frame_00119.png,,,,0,decode失敗,QR未検出,0.008664,0.223314,0.629710,0.037855,,lockin:lockin::None:14.992863136086896:4:16:binary:0,lockin,,,14.992863,4
hocho_X_8,frame_00000.png,frame_00119.png,,,,0,decode失敗,QR未検出,0.021136,0.207270,0.615851,0.108440,,lockin:lockin::None:14.992863136086896:6:4:binary:0,lockin,,,14.992863,6
hocho_X_8,frame_00000.png,frame_00119.png,,,,0,decode失敗,QR未検出,0.021136,0.207270,0.615851,0.108440,,lockin:lockin::None:14.992863136086896:6:8:binary:0,lockin,,,14.992863,6
hocho_X_8,frame_00000.png,frame_00119.png,,,,0,decode失敗,QR未検出,0.021136,0.207270,0.615851,0.108440,,lockin:lockin::None:14.992863136086896:6:16:binary:0,lockin,,,14.992863,6
hocho_X_8,frame_00000.png,frame_00119.png,hocho_X_8/rgb_max_lockin_f300_ps16_th8/00000-00119-FRAME_rgbmax_scale1.00.png,,,0,decode失敗,QR未検出,0.036696,0.188951,0.593695,0.192977,,lockin:lockin::None:14.992863136086896:8:4:binary:0,lockin,,,14.992863,8
hocho_X_8,frame_00000.png,frame_00119.png,hocho_X_8/rgb_max_lockin_f300_ps16_th8/00000-00119-FRAME_rgbmax_scale1.00.png,,,0,decode失敗,QR未検出,0.036696,0.188951,0.593695,0.192977,,lockin:lockin::None:14.992863136086896:8:8:binary:0,lockin,,,14.992863,8
hocho_X_8,frame_00000.png,frame_00119.png,hocho_X_8/rgb_max_lockin_f300_ps16_th8/00000-00119-FRAME_rgbmax_scale1.00.png,,,0,decode失敗,QR未検出,0.036696,0.188951,0.593695,0.192977,,lockin:lockin::None:14.992863136086896:8:16:binary:0,lockin,,,14.992863,8
hocho_X_8,frame_00000.png,frame_00119.png,hocho_X_8/rgb_max_lockin_f300_ps8_th10/00000-00119-FRAME_rgbmax_scale1.00.png,,,0,decode失敗,QR未検出,0.055998,0.177610,0.563798,0.273916,,lockin:lockin::None:14.992863136086896:10:4:binary:0,lockin,,,14.992863,10
hocho_X_8,frame_00000.png,frame_00119.png,hocho_X_8/rgb_max_lockin_f300_ps8_th10/00000-00119-FRAME_rgbmax_scale1.00.png,,,0,decode失敗,QR未検出,0.055998,0.177610,0.563798,0.273916,,lockin:lockin::None:14.992863136086896:10:8:binary:0,lockin,,,14.992863,10
hocho_X_8,frame_00000.png,frame_00119.png,hocho_X_8/rgb_max_lockin_f300_ps8_th10/00000-00119-FRAME_rgbmax_scale1.00.png,,,0,decode失敗,QR未検出,0.055998,0.177610,0.563798,0.273916,,lockin:lockin::None:14.992863136086896:10:16:binary:0,lockin,,,14.992863,10
hocho_X_8,frame_00000.png,frame_00119.png,,,,0,decode失敗,QR未検出,0.083094,0.174580,0.525195,0.351520,,lockin:lockin::None:14.992863136086896:12:4:binary:0,lockin,,,14.992863,12
hocho_X_8,frame_00000.png,frame_00119.png,,,,0,decode失敗,QR未検出,0.083094,0.174580,0.525195,0.351517,,lockin:lockin::None:14.992863136086896:12:8:binary:0,lockin,,,14.992863,12
hocho_X_8,frame_00000.png,frame_00119.png,,,,0,decode失敗,QR未検出,0.083094,0.174580,0.525195,0.351517,,lockin:lockin::None:14.992863136086896:12:16:binary:0,lockin,,,14.992863,12
hocho_X_8,frame_00000.png,frame_00119.png,,,,0,decode失敗,QR未検出,0.818960,0.442908,0.560955,0.490350,,lockin:lockin::None:14.992863136086896:16:4:binary:0,lockin,,,14.992863,16
hocho_X_8,frame_00000.png,frame_00119.png,,,,0,decode失敗,QR未検出,0.818960,0.442908,0.560955,0.490350,,lockin:lockin::None:14.992863136086896:16:8:binary:0,lockin,,,14.992863,16
hocho_X_8,frame_00000.png,frame_00119.png,,,,0,decode失敗,QR未検出,0.818960,0.442908,0.560955,0.490350,,lockin:lockin::None:14.992863136086896:16:16:binary:0,lockin,,,14.992863,16
hocho_X_8,frame_00000.png,frame_00119.png,,,,0,decode失敗,QR未検出,0.945281,0.423297,0.513306,0.589661,,lockin:lockin::None:29.996431568043448:2:4:binary:0,lockin,,,29.996432,2
hocho_X_8,frame_00000.png,frame_00119.png,,,,0,decode失敗,QR未検出,0.945281,0.423297,0.513306,0.589661,,lockin:lockin::None:29.996431568043448:2:8:binary:0,lockin,,,29.996432,2
hocho_X_8,frame_00000.png,frame_00119.png,,,,0,decode失敗,QR未検出,0.945281,0.423297,0.513306,0.589661,,lockin:lockin::None:29.996431568043448:2:16:binary:0,lockin,,,29.996432,2
hocho_X_8,frame_00000.png,frame_00119.png,,,,0,decode失敗,QR未検出,0.831712,0.576725,0.717713,0.224538,,lockin:lockin::None:29.996431568043448:4:4:binary:0,lockin,,,29.996432,4
hocho_X_8,frame_00000.png,frame_00119.png,,,,0,decode失敗,QR未検出,0.831712,0.576725,0.717713,0.224538,,lockin:lockin::None:29.996431568043448:4:8:binary:0,lockin,,,29.996432,4
hocho_X_8,frame_00000.png,frame_00119.png,,,,0,decode失敗,QR未検出,0.831712,0.576725,0.717713,0.224538,,lockin:lockin::None:29.996431568043448:4:16:binary:0,lockin,,,29.996432,4
hocho_X_8,frame_00000.png,frame_00119.png,,,,0,decode失敗,QR未検出,0.701814,0.692017,0.778679,0.086650,,lockin:lockin::None:29.996431568043448:6:4:binary:0,lockin,,,29.996432,6
hocho_X_8,frame_00000.png,frame_00119.png,,,,0,decode失敗,QR未検出,0.701814,0.692017,0.778679,0.086650,,lockin:lockin::None:29.996431568043448:6:8:binary:0,lockin,,,29.996432,6
hocho_X_8,frame_00000.png,frame_00119.png,,,,0,decode失敗,QR未検出,0.701814,0.692017,0.778679,0.086650,,lockin:lockin::None:29.996431568043448:6:16:binary:0,lockin,,,29.996432,6
hocho_X_8,frame_00000.png,frame_00119.png,hocho_X_8/rgb_max_lockin_f300_ps16_th8/00000-00119-FRAME_rgbmax_scale1.00.png,,,0,decode失敗,QR未検出,0.602570,0.771247,0.791140,0.041209,,lockin:lockin::None:29.996431568043448:8:4:binary:0,lockin,,,29.996432,8
hocho_X_8,frame_00000.png,frame_00119.png,hocho_X_8/rgb_max_lockin_f300_ps16_th8/00000-00119-FRAME_rgbmax_scale1.00.png,,,0,decode失敗,QR未検出,0.602570,0.771247,0.791140,0.041209,,lockin:lockin::None:29.996431568043448:8:8:binary:0,lockin,,,29.996432,8
hocho_X_8,frame_00000.png,frame_00119.png,hocho_X_8/rgb_max_lockin_f300_ps16_th8/00000-00119-FRAME_rgbmax_scale1.00.png,,,0,decode失敗,QR未検出,0.602570,0.771247,0.791140,0.041209,,lockin:lockin::None:29.996431568043448:8:16:binary:0,lockin,,,29.996432,8
hocho_X_8,frame_00000.png,frame_00119.png,hocho_X_8/rgb_max_lockin_f300_ps8_th10/00000-00119-FRAME_rgbmax_scale1.00.png,,,0,decode失敗,QR未検出,0.532584,0.822413,0.788869,0.024239,,lockin:lockin::None:29.996431568043448:10:4:binary:0,lockin,,,29.996432,10
hocho_X_8,frame_00000.png,frame_00119.png,hocho_X_8/rgb_max_lockin_f300_ps8_th10/00000-00119-FRAME_rgbmax_scale1.00.png,,,0,decode失敗,QR未検出,0.532584,0.822413,0.788869,0.024239,,lockin:lockin::None:29.996431568043448:10:8:binary:0,lockin,,,29.996432,10
hocho_X_8,frame_00000.png,frame_00119.png,hocho_X_8/rgb_max_lockin_f300_ps8_th10/00000-00119-FRAME_rgbmax_scale1.00.png,,,0,decode失敗,QR未検出,0.532584,0.822413,0.788869,0.024239,,lockin:lockin::None:29.996431568043448:10:16:binary:0,lockin,,,29.996432,10
hocho_X_8,frame_00000.png,frame_00119.png,,,,0,decode失敗,QR未検出,0.482808,0.857428,0.783412,0.016003,,lockin:lockin::None:29.996431568043448:12:4:binary:0,lockin,,,29.996432,12
hocho_X_8,frame_00000.png,frame_00119.png,,,,0,decode失敗,QR未検出,0.482808,0.857428,0.783412,0.016003,,lockin:lockin::None:29.996431568043448:12:8:binary:0,lockin,,,29.996432,12
hocho_X_8,frame_00000.png,frame_00119.png,,,,0,decode失敗,QR未検出,0.482808,0.857428,0.783412,0.016003,,lockin:lockin::None:29.996431568043448:12:16:binary:0,lockin,,,29.996432,12
hocho_X_8,frame_00000.png,frame_00119.png,,,,0,decode失敗,QR未検出,0.415211,0.899148,0.771127,0.008994,,lockin:lockin::None:29.996431568043448:16:4:binary:0,lockin,,,29.996432,16
hocho_X_8,frame_00000.png,frame_00119.png,,,,0,decode失敗,QR未検出,0.415211,0.899148,0.771127,0.008994,,lockin:lockin::None:29.996431568043448:16:8:binary:0,lockin,,,29.996432,16
hocho_X_8,frame_00000.png,frame_00119.png,,,,0,decode失敗,QR未検出,0.415211,0.899148,0.771127,0.008994,,lockin:lockin::None:29.996431568043448:16:16:binary:0,lockin,,,29.996432,16
hocho_X_12,frame_00000.png,frame_00119.png,,,,0,decode失敗,QR未検出,0.000000,0.000000,0.636159,0.003971,,lockin:lockin::None:10.003568431956552:2:4:binary:0,lockin,,,10.003568,2
hocho_X_12,frame_00000.png,frame_00119.png,,,,0,decode失敗,QR未検出,0.000000,0.000000,0.636159,0.003971,,lockin:lockin::None:10.003568431956552:2:8:binary:0,lockin,,,10.003568,2
hocho_X_12,frame_00000.png,frame_00119.png,,,,0,decode失敗,QR未検出,0.000000,0.000000,0.636159,0.003971,,lockin:lockin::None:10.003568431956552:2:16:binary:0,lockin,,,10.003568,2
hocho_X_12,frame_00000.png,frame_00119.png,,,,0,decode失敗,QR未検出,0.000169,0.007935,0.629897,0.035000,,lockin:lockin::None:10.003568431956552:4:4:binary:0,lockin,,,10.003568,4
hocho_X_12,frame_00000.png,frame_00119.png,,,,0,decode失敗,QR未検出,0.000169,0.007935,0.629897,0.035000,,lockin:lockin::None:10.003568431956552:4:8:binary:0,lockin,,,10.003568,4
hocho_X_12,frame_00000.png,frame_00119.png,,,,0,decode失敗,QR未検出,0.000169,0.007935,0.629897,0.035000,,lockin:lockin::None:10.003568431956552:4:16:binary:0,lockin,,,10.003568,4
hocho_X_12,frame_00000.png,frame_00119.png,hocho_X_12/rgb_max_lockin_f300_ps16_th6/00000-00119-FRAME_rgbmax_scale1.00.png,,,0,decode失敗,QR未検出,0.002939,0.050272,0.618428,0.104227,,lockin:lockin::None:10.003568431956552:6:4:binary:0,lockin,,,10.003568,6
hocho_X_12,frame_00000.png,frame_00119.png,hocho_X_12/rgb_max_lockin_f300_ps16_th6/00000-00119-FRAME_rgbmax_scale1.00.png,,,0,decode失敗,QR未検出,0.002939,0.050272,0.618428,0.104227,,lockin:lockin::None:10.003568431956552:6:8:binary:0,lockin,,,10.003568,6
hocho_X_12,frame_00000.png,frame_00119.png,hocho_X_12/rgb_max_lockin_f300_ps16_th6/00000-00119-FRAME_rgbmax_scale1.00.png,,,0,decode失敗,QR未検出,0.002939,0.050272,0.618428,0.104227,,lockin:lockin::None:10.003568431956552:6:16:binary:0,lockin,,,10.003568,6
hocho_X_12,frame_00000.png,frame_00119.png,hocho_X_12/rgb_max_lockin_f300_ps8_th8/00000-00119-FRAME_rgbmax_scale1.00.png,,,0,decode失敗,QR未検出,0.007283,0.058457,0.597607,0.187694,,lockin:lockin::None:10.003568431956552:8:4:binary:0,lockin,,,10.003568,8
hocho_X_12,frame_00000.png,frame_00119.png,hocho_X_12/rgb_max_lockin_f300_ps8_th8/00000-00119-FRAME_rgbmax_scale1.00.png,,,0,decode失敗,QR未検出,0.007283,0.058457,0.597607,0.187694,,lockin:lockin::None:10.003568431956552:8:8:binary:0,lockin,,,10.003568,8
hocho_X_12,frame_00000.png,frame_00119.png,hocho_X_12/rgb_max_lockin_f300_ps8_th8/00000-00119-FRAME_rgbmax_scale1.00.png,,,0,decode失敗,QR未検出,0.007283,0.058457,0.597607,0.187694,,lockin:lockin::None:10.003568431956552:8:16:binary:0,lockin,,,10.003568,8
hocho_X_12,frame_00000.png,frame_00119.png,,,,0,decode失敗,QR未検出,0.017265,0.074979,0.566538,0.269398,,lockin:lockin::None:10.003568431956552:10:4:binary:0,lockin,,,10.003568,10
hocho_X_12,frame_00000.png,frame_00119.png,,,,0,decode失敗,QR未検出,0.017265,0.074979,0.566538,0.269398,,lockin:lockin::None:10.003568431956552:10:8:binary:0,lockin,,,10.003568,10
hocho_X_12,frame_00000.png,frame_00119.png,,,,0,decode失敗,QR未検出,0.017265,0.074979,0.566538,0.269398,,lockin:lockin::None:10.003568431956552:10:16:binary:0,lockin,,,10.003568,10
hocho_X_12,frame_00000.png,frame_00119.png,,,,0,decode失敗,QR未検出,0.032497,0.088806,0.528399,0.347025,,lockin:lockin::None:10.003568431956552:12:4:binary:0,lockin,,,10.003568,12
hocho_X_12,frame_00000.png,frame_00119.png,,,,0,decode失敗,QR未検出,0.032497,0.088806,0.528399,0.347025,,lockin:lockin::None:10.003568431956552:12:8:binary:0,lockin,,,10.003568,12
hocho_X_12,frame_00000.png,frame_00119.png,,,,0,decode失敗,QR未検出,0.032497,0.088806,0.528399,0.347025,,lockin:lockin::None:10.003568431956552:12:16:binary:0,lockin,,,10.003568,12
hocho_X_12,frame_00000.png,frame_00119.png,,,,0,decode失敗,QR未検出,0.904241,0.446922,0.559632,0.491481,,lockin:lockin::None:10.003568431956552:16:4:binary:0,lockin,,,10.003568,16
hocho_X_12,frame_00000.png,frame_00119.png,,,,0,decode失敗,QR未検出,0.904241,0.446922,0.559632,0.491481,,lockin:lockin::None:10.003568431956552:16:8:binary:0,lockin,,,10.003568,16
hocho_X_12,frame_00000.png,frame_00119.png,,,,0,decode失敗,QR未検出,0.904241,0.446922,0.559632,0.491481,,lockin:lockin::None:10.003568431956552:16:16:binary:0,lockin,,,10.003568,16
hocho_X_12,frame_00000.png,frame_00119.png,,,,0,decode失敗,QR未検出,0.000048,0.007241,0.635111,0.008608,,lockin:lockin::None:14.992863136086896:2:4:binary:0,lockin,,,14.992863,2
hocho_X_12,frame_00000.png,frame_00119.png,,,,0,decode失敗,QR未検出,0.000048,0.007241,0.635111,0.008608,,lockin:lockin::None:14.992863136086896:2:8:binary:0,lockin,,,14.992863,2
hocho_X_12,frame_00000.png,frame_00119.png,,,,0,decode失敗,QR未検出,0.000048,0.007241,0.635111,0.008608,,lockin:lockin::None:14.992863136086896:2:16:binary:0,lockin,,,14.992863,2
hocho_X_12,frame_00000.png,frame_00119.png,,,,0,decode失敗,QR未検出,0.001216,0.036708,0.626363,0.063916,,lockin:lockin::None:14.992863136086896:4:4:binary:0,lockin,,,14.992863,4
hocho_X_12,frame_00000.png,frame_00119.png,,,,0,decode失敗,QR未検出,0.001216,0.036708,0.626363,0.063916,,lockin:lockin::None:14.992863136086896:4:8:binary:0,lockin,,,14.992863,4
hocho_X_12,frame_00000.png,frame_00119.png,,,,0,decode失敗,QR未検出,0.001216,0.036708,0.626363,0.063916,,lockin:lockin::None:14.992863136086896:4:16:binary:0,lockin,,,14.992863,4
hocho_X_12,frame_00000.png,frame_00119.png,hocho_X_12/rgb_max_lockin_f300_ps16_th6/00000-00119-FRAME_rgbmax_scale1.00.png,,,0,decode失敗,QR未検出,0.004769,0.051866,0.607621,0.157997,,lockin:lockin::None:14.992863136086896:6:4:binary:0,lockin,,,14.992863,6
hocho_X_12,frame_00000.png,frame_00119.png,hocho_X_12/rgb_max_lockin_f300_ps16_th6/00000-00119-FRAME_rgbmax_scale1.00.png,,,0,decode失敗,QR未検出,0.004769,0.051866,0.607621,0.157997,,lockin:lockin::None:14.992863136086896:6:8:binary:0,lockin,,,14.992863,6
hocho_X_12,frame_00000.png,frame_00119.png,hocho_X_12/rgb_max_lockin_f300_ps16_th6/00000-00119-FRAME_rgbmax_scale1.00.png,,,0,decode失敗,QR未検出,0.004769,0.051866,0.607621,0.157997,,lockin:lockin::None:14.992863136086896:6:16:binary:0,lockin,,,14.992863,6
hocho_X_12,frame_00000.png,frame_00119.png,hocho_X_12/rgb_max_lockin_f300_ps8_th8/00000-00119-FRAME_rgbmax_scale1.00.png,,,0,decode失敗,QR未検出,0.011922,0.062174,0.576627,0.250818,,lockin:lockin::None:14.992863136086896:8:4:binary:0,lockin,,,14.992863,8
hocho_X_12,frame_00000.png,frame_00119.png,hocho_X_12/rgb_max_lockin_f300_ps8_th8/00000-00119-FRAME_rgbmax_scale1.00.png,,,0,decode失敗,QR未検出,0.011922,0.062174,0.576627,0.250818,,lockin:lockin::None:14.992863136086896:8:8:binary:0,lockin,,,14.992863,8
hocho_X_12,frame_00000.png,frame_00119.png,hocho_X_12/rgb_max_lockin_f300_ps8_th8/00000-00119-FRAME_rgbmax_scale1.00.png,,,0,decode失敗,QR未検出,0.011922,0.062174,0.576627,0.250818,,lockin:lockin::None:14.992863136086896:8:16:binary:0,lockin,,,14.992863,8
hocho_X_12,frame_00000.png,frame_00119.png,,,,0,decode失敗,QR未検出,0.028636,0.084645,0.535615,0.339451,,lockin:lockin::None:14.992863136086896:10:4:binary:0,lockin,,,14.992863,10
hocho_X_12,frame_00000.png,frame_00119.png,,,,0,decode失敗,QR未検出,0.028636,0.084645,0.535615,0.339451,,lockin:lockin::None:14.992863136086896:10:8:binary:0,lockin,,,14.992863,10
hocho_X_12,frame_00000.png,frame_00119.png,,,,0,decode失敗,QR未検出,0.028636,0.084645,0.535615,0.339451,,lockin:lockin::None:14.992863136086896:10:16:binary:0,lockin,,,14.992863,10
hocho_X_12,frame_00000.png,frame_00119.png,,,,0,decode失敗,QR未検出,0.942829,0.423414,0.513852,0.570279,,lockin:lockin::None:14.992863136086896:12:4:binary:0,lockin,,,14.992863,12
hocho_X_12,frame_00000.png,frame_00119.png,,,,0,decode失敗,QR未検出,0.942829,0.423414,0.513852,0.570279,,lockin:lockin::None:14.992863136086896:12:8:binary:0,lockin,,,14.992863,12
hocho_X_12,frame_00000.png,frame_00119.png,,,,0,decode失敗,QR未検出,0.942829,0.423414,0.513852,0.570279,,lockin:lockin::None:14.992863136086896:12:16:binary:0,lockin,,,14.992863,12
hocho_X_12,frame_00000.png,frame_00119.png,,,,0,decode失敗,QR未検出,0.846978,0.476912,0.607764,0.389801,,lockin:lockin::None:14.992863136086896:16:4:binary:0,lockin,,,14.992863,16
hocho_X_12,frame_00000.png,frame_00119.png,,,,0,decode失敗,QR未検出,0.846978,0.476912,0.607764,0.389801,,lockin:lockin::None:14.992863136086896:16:8:binary:0,lockin,,,14.992863,16
hocho_X_12,frame_00000.png,frame_00119.png,,,,0,decode失敗,QR未検出,0.846978,0.476912,0.607764,0.389801,,lockin:lockin::None:14.992863136086896:16:16:binary:0,lockin,,,14.992863,16
hocho_X_12,frame_00000.png,frame_00119.png,,,,0,decode失敗,QR未検出,0.938152,0.670820,0.810694,0.108267,,lockin:lockin::None:29.996431568043448:2:4:binary:0,lockin,,,29.996432,2
hocho_X_12,frame_00000.png,frame_00119.png,,,,0,decode失敗,QR未検出,0.938152,0.670820,0.810694,0.108267,,lockin:lockin::None:29.996431568043448:2:8:binary:0,lockin,,,29.996432,2
hocho_X_12,frame_00000.png,frame_00119.png,,,,0,decode失敗,QR未検出,0.938152,0.670820,0.810694,0.108267,,lockin:lockin::None:29.996431568043448:2:16:binary:0,lockin,,,29.996432,2
hocho_X_12,frame_00000.png,frame_00119.png,,,,0,decode失敗,QR未検出,0.879606,0.789586,0.871383,0.045062,,lockin:lockin::None:29.996431568043448:4:4:binary:0,lockin,,,29.996432,4
hocho_X_12,frame_00000.png,frame_00119.png,,,,0,decode失敗,QR未検出,0.879606,0.789586,0.871383,0.045062,,lockin:lockin::None:29.996431568043448:4:8:binary:0,lockin,,,29.996432,4
hocho_X_12,frame_00000.png,frame_00119.png,,,,0,decode失敗,QR未検出,0.879606,0.789586,0.871383,0.045062,,lockin:lockin::None:29.996431568043448:4:16:binary:0,lockin,,,29.996432,4
hocho_X_12,frame_00000.png,frame_00119.png,hocho_X_12/rgb_max_lockin_f300_ps16_th6/00000-00119-FRAME_rgbmax_scale1.00.png,,,0,decode失敗,QR未検出,0.835119,0.835438,0.880597,0.031254,,lockin:lockin::None:29.996431568043448:6:4:binary:0,lockin,,,29.996432,6
hocho_X_12,frame_00000.png,frame_00119.png,hocho_X_12/rgb_max_lockin_f300_ps16_th6/00000-00119-FRAME_rgbmax_scale1.00.png,,,0,decode失敗,QR未検出,0.835119,0.835438,0.880597,0.031254,,lockin:lockin::None:29.996431568043448:6:8:binary:0,lockin,,,29.996432,6
hocho_X_12,frame_00000.png,frame_00119.png,hocho_X_12/rgb_max_lockin_f300_ps16_th6/00000-00119-FRAME_rgbmax_scale1.00.png,,,0,decode失敗,QR未検出,0.835119,0.835438,0.880597,0.031254,,lockin:lockin::None:29.996431568043448:6:16:binary:0,lockin,,,29.996432,6
hocho_X_12,frame_00000.png,frame_00119.png,hocho_X_12/rgb_max_lockin_f300_ps8_th8/00000-00119-FRAME_rgbmax_scale1.00.png,,,0,decode失敗,QR未検出,0.791453,0.864507,0.879434,0.023544,,lockin:lockin::None:29.996431568043448:8:4:binary:0,lockin,,,29.996432,8
hocho_X_12,frame_00000.png,frame_00119.png,hocho_X_12/rgb_max_lockin_f300_ps8_th8/00000-00119-FRAME_rgbmax_scale1.00.png,,,0,decode失敗,QR未検出,0.791453,0.864507,0.879434,0.023544,,lockin:lockin::None:29.996431568043448:8:8:binary:0,lockin,,,29.996432,8
hocho_X_12,frame_00000.png,frame_00119.png,hocho_X_12/rgb_max_lockin_f300_ps8_th8/00000-00119-FRAME_rgbmax_scale1.00.png,,,0,decode失敗,QR未検出,0.791453,0.864507,0.879434,0.023544,,lockin:lockin::None:29.996431568043448:8:16:binary:0,lockin,,,29.996432,8
hocho_X_12,frame_00000.png,frame_00119.png,,,,0,decode失敗,QR未検出,0.749351,0.882647,0.873021,0.018865,,lockin:lockin::None:29.996431568043448:10:4:binary:0,lockin,,,29.996432,10
hocho_X_12,frame_00000.png,frame_00119.png,,,,0,decode失敗,QR未検出,0.749351,0.882647,0.873021,0.018865,,lockin:lockin::None:29.996431568043448:10:8:binary:0,lockin,,,29.996432,10
hocho_X_12,frame_00000.png,frame_00119.png,,,,0,decode失敗,QR未検出,0.749351,0.882647,0.873021,0.018865,,lockin:lockin::None:29.996431568043448:10:16:binary:0,lockin,,,29.996432,10
hocho_X_12,frame_00000.png,frame_00119.png,,,,0,decode失敗,QR未検出,0.713948,0.895302,0.866038,0.015798,,lockin:lockin::None:29.996431568043448:12:4:binary:0,lockin,,,29.996432,12
hocho_X_12,frame_00000.png,frame_00119.png,,,,0,decode失敗,QR未検出,0.713948,0.895302,0.866038,0.015798,,lockin:lockin::None:29.996431568043448:12:8:binary:0,lockin,,,29.996432,12
hocho_X_12,frame_00000.png,frame_00119.png,,,,0,decode失敗,QR未検出,0.713948,0.895302,0.866038,0.015798,,lockin:lockin::None:29.996431568043448:12:16:binary:0,lockin,,,29.996432,12
hocho_X_12,frame_00000.png,frame_00119.png,,,,0,decode失敗,QR未検出,0.659552,0.911492,0.853369,0.012118,,lockin:lockin::None:29.996431568043448:16:4:binary:0,lockin,,,29.996432,16
hocho_X_12,frame_00000.png,frame_00119.png,,,,0,decode失敗,QR未検出,0.659552,0.911492,0.853369,0.012118,,lockin:lockin::None:29.996431568043448:16:8:binary:0,lockin,,,29.996432,16
hocho_X_12,frame_00000.png,frame_00119.png,,,,0,decode失敗,QR未検出,0.659552,0.911492,0.853369,0.012118,,lockin:lockin::None:29.996431568043448:16:16:binary:0,lockin,,,29.996432,16
ex_X_4,frame_00000.png,frame_00119.png,,,,0,decode失敗,QR未検出,0.002018,0.170195,0.634658,0.006054,,lockin:lockin::None:10.003568431956552:2:4:binary:0,lockin,,,10.003568,2
ex_X_4,frame_00000.png,frame_00119.png,,,,0,decode失敗,QR未検出,0.002018,0.170195,0.634658,0.006054,,lockin:lockin::None:10.003568431956552:2:8:binary:0,lockin,,,10.003568,2
ex_X_4,frame_00000.png,frame_00119.png,,,,0,decode失敗,QR未検出,0.002018,0.170195,0.634658,0.006054,,lockin:lockin::None:10.003568431956552:2:16:binary:0,lockin,,,10.003568,2
ex_X_4,frame_00000.png,frame_00119.png,,,,0,decode失敗,QR未検出,0.013172,0.204757,0.623723,0.031766,,lockin:lockin::None:10.003568431956552:4:4:binary:0,lockin,,,10.003568,4
ex_X_4,frame_00000.png,frame_00119.png,,,,0,decode失敗,QR未検出,0.013172,0.204757,0.623723,0.031766,,lockin:lockin::None:10.003568431956552:4:8:binary:0,lockin,,,10.003568,4
ex_X_4,frame_00000.png,frame_00119.png,,,,0,decode失敗,QR未検出,0.013172,0.204757,0.623723,0.031766,,lockin:lockin::None:10.003568431956552:4:16:binary:0,lockin,,,10.003568,4
ex_X_4,frame_00000.png,frame_00119.png,,,,0,decode失敗,QR未検出,0.026001,0.200925,0.609433,0.083197,,lockin:lockin::None:10.003568431956552:6:4:binary:0,lockin,,,10.003568,6
ex_X_4,frame_00000.png,frame_00119.png,,,,0,decode失敗,QR未検出,0.026001,0.200925,0.609433,0.083197,,lockin:lockin::None:10.003568431956552:6:8:binary:0,lockin,,,10.003568,6
ex_X_4,frame_00000.png,frame_00119.png,,,,0,decode失敗,QR未検出,0.026001,0.200925,0.609433,0.083197,,lockin:lockin::None:10.003568431956552:6:16:binary:0,lockin,,,10.003568,6
ex_X_4,frame_00000.png,frame_00119.png,ex_X_4/rgb_max_lockin_f300_ps16_th8/00000-00119-FRAME_rgbmax_scale1.00.png,,,0,decode失敗,QR未検出,0.043111,0.220576,0.597898,0.133971,,lockin:lockin::None:10.003568431956552:8:4:binary:0,lockin,,,10.003568,8
ex_X_4,frame_00000.png,frame_00119.png,ex_X_4/rgb_max_lockin_f300_ps16_th8/00000-00119-FRAME_rgbmax_scale1.00.png,,,0,decode失敗,QR未検出,0.043111,0.220576,0.597898,0.133971,,lockin:lockin::None:10.003568431956552:8:8:binary:0,lockin,,,10.003568,8
ex_X_4,frame_00000.png,frame_00119.png,ex_X_4/rgb_max_lockin_f300_ps16_th8/00000-00119-FRAME_rgbmax_scale1.00.png,,,0,decode失敗,QR未検出,0.043111,0.220576,0.597898,0.133971,,lockin:lockin::None:10.003568431956552:8:16:binary:0,lockin,,,10.003568,8
ex_X_4,frame_00000.png,frame_00119.png,ex_X_4/rgb_max_lockin_f300_ps4_th10/00000-00119-FRAME_rgbmax_scale1.00.png,,,0,decode失敗,QR未検出,0.075449,0.252642,0.583935,0.184341,,lockin:lockin::None:10.003568431956552:10:4:binary:0,lockin,,,10.003568,10
ex_X_4,frame_00000.png,frame_00119.png,ex_X_4/rgb_max_lockin_f300_ps4_th10/00000-00119-FRAME_rgbmax_scale1.00.png,,,0,decode失敗,QR未検出,0.075449,0.252642,0.583935,0.184341,,lockin:lockin::None:10.003568431956552:10:8:binary:0,lockin,,,10.003568,10
ex_X_4,frame_00000.png,frame_00119.png,ex_X_4/rgb_max_lockin_f300_ps4_th10/00000-00119-FRAME_rgbmax_scale1.00.png,,,0,decode失敗,QR未検出,0.075449,0.252642,0.583935,0.184341,,lockin:lockin::None:10.003568431956552:10:16:binary:0,lockin,,,10.003568,10
ex_X_4,frame_00000.png,frame_00119.png,,,,0,decode失敗,QR未検出,0.143267,0.288383,0.561272,0.245995,,lockin:lockin::None:10.003568431956552:12:4:binary:0,lockin,,,10.003568,12
ex_X_4,frame_00000.png,frame_00119.png,,,,0,decode失敗,QR未検出,0.143267,0.288383,0.561272,0.245995,,lockin:lockin::None:10.003568431956552:12:8:binary:0,lockin,,,10.003568,12
ex_X_4,frame_00000.png,frame_00119.png,,,,0,decode失敗,QR未検出,0.143263,0.288376,0.561270,0.245995,,lockin:lockin::None:10.003568431956552:12:16:binary:0,lockin,,,10.003568,12
ex_X_4,frame_00000.png,frame_00119.png,,,,0,decode失敗,QR未検出,0.597772,0.382002,0.503620,0.576272,,lockin:lockin::None:10.003568431956552:16:4:binary:0,lockin,,,10.003568,16
ex_X_4,frame_00000.png,frame_00119.png,,,,0,decode失敗,QR未検出,0.597772,0.382002,0.503620,0.576273,,lockin:lockin::None:10.003568431956552:16:8:binary:0,lockin,,,10.003568,16
ex_X_4,frame_00000.png,frame_00119.png,,,,0,decode失敗,QR未検出,0.597772,0.382002,0.503620,0.576273,,lockin:lockin::None:10.003568431956552:16:16:binary:0,lockin,,,10.003568,16
ex_X_4,frame_00000.png,frame_00119.png,,,,0,decode失敗,QR未検出,0.000845,0.083096,0.634420,0.004713,,lockin:lockin::None:14.992863136086896:2:4:binary:0,lockin,,,14.992863,2
ex_X_4,frame_00000.png,frame_00119.png,,,,0,decode失敗,QR未検出,0.000845,0.083096,0.634420,0.004713,,lockin:lockin::None:14.992863136086896:2:8:binary:0,lockin,,,14.992863,2
ex_X_4,frame_00000.png,frame_00119.png,,,,0,decode失敗,QR未検出,0.000845,0.083096,0.634420,0.004713,,lockin:lockin::None:14.992863136086896:2:16:binary:0,lockin,,,14.992863,2
ex_X_4,frame_00000.png,frame_00119.png,,,,0,decode失敗,QR未検出,0.008833,0.180065,0.626115,0.024190,,lockin:lockin::None:14.992863136086896:4:4:binary:0,lockin,,,14.992863,4
ex_X_4,frame_00000.png,frame_00119.png,,,,0,decode失敗,QR未検出,0.008833,0.180065,0.626115,0.024190,,lockin:lockin::None:14.992863136086896:4:8:binary:0,lockin,,,14.992863,4
ex_X_4,frame_00000.png,frame_00119.png,,,,0,decode失敗,QR未検出,0.008833,0.180065,0.626115,0.024190,,lockin:lockin::None:14.992863136086896:4:16:binary:0,lockin,,,14.992863,4
ex_X_4,frame_00000.png,frame_00119.png,,,,0,decode失敗,QR未検出,0.019369,0.193809,0.615307,0.065347,,lockin:lockin::None:14.992863136086896:6:4:binary:0,lockin,,,14.992863,6
ex_X_4,frame_00000.png,frame_00119.png,,,,0,decode失敗,QR未検出,0.019369,0.193809,0.615307,0.065347,,lockin:lockin::None:14.992863136086896:6:8:binary:0,lockin,,,14.992863,6
ex_X_4,frame_00000.png,frame_00119.png,,,,0,decode失敗,QR未検出,0.019369,0.193809,0.615307,0.065347,,lockin:lockin::None:14.992863136086896:6:16:binary:0,lockin,,,14.992863,6
ex_X_4,frame_00000.png,frame_00119.png,ex_X_4/rgb_max_lockin_f300_ps16_th8/00000-00119-FRAME_rgbmax_scale1.00.png,,,0,decode失敗,QR未検出,0.032319,0.208989,0.604865,0.110735,,lockin:lockin::None:14.992863136086896:8:4:binary:0,lockin,,,14.992863,8
ex_X_4,frame_00000.png,frame_00119.png,ex_X_4/rgb_max_lockin_f300_ps16_th8/00000-00119-FRAME_rgbmax_scale1.00.png,,,0,decode失敗,QR未検出,0.032319,0.208989,0.604865,0.110735,,lockin:lockin::None:14.992863136086896:8:8:binary:0,lockin,,,14.992863,8
ex_X_4,frame_00000.png,frame_00119.png,ex_X_4/rgb_max_lockin_f300_ps16_th8/00000-00119-FRAME_rgbmax_scale1.00.png,,,0,decode失敗,QR未検出,0.032319,0.208989,0.604865,0.110735,,lockin:lockin::None:14.992863136086896:8:16:binary:0,lockin,,,14.992863,8
ex_X_4,frame_00000.png,frame_00119.png,ex_X_4/rgb_max_lockin_f300_ps4_th10/00000-00119-FRAME_rgbmax_scale1.00.png,,,0,decode失敗,QR未検出,0.049482,0.226834,0.594290,0.151024,,lockin:lockin::None:14.992863136086896:10:4:binary:0,lockin,,,14.992863,10
ex_X_4,frame_00000.png,frame_00119.png,ex_X_4/rgb_max_lockin_f300_ps4_th10/00000-00119-FRAME_rgbmax_scale1.00.png,,,0,decode失敗,QR未検出,0.049482,0.226834,0.594290,0.151024,,lockin:lockin::None:14.992863136086896:10:8:binary:0,lockin,,,14.992863,10
ex_X_4,frame_00000.png,frame_00119.png,ex_X_4/rgb_max_lockin_f300_ps4_th10/00000-00119-FRAME_rgbmax_scale1.00.png,,,0,decode失敗,QR未検出,0.049482,0.226834,0.594290,0.151024,,lockin:lockin::None:14.992863136086896:10:16:binary:0,lockin,,,14.992863,10
ex_X_4,frame_00000.png,frame_00119.png,,,,0,decode失敗,QR未検出,0.080821,0.251396,0.579547,0.192064,,lockin:lockin::None:14.992863136086896:12:4:binary:0,lockin,,,14.992863,12
ex_X_4,frame_00000.png,frame_00119.png,,,,0,decode失敗,QR未検出,0.080821,0.251396,0.579547,0.192064,,lockin:lockin::None:14.992863136086896:12:8:binary:0,lockin,,,14.992863,12
ex_X_4,frame_00000.png,frame_00119.png,,,,0,decode失敗,QR未検出,0.080821,0.251396,0.579547,0.192064,,lockin:lockin::None:14.992863136086896:12:16:binary:0,lockin,,,14.992863,12
ex_X_4,frame_00000.png,frame_00119.png,,,,0,decode失敗,QR未検出,0.233143,0.308156,0.532260,0.309836,,lockin:lockin::None:14.992863136086896:16:4:binary:0,lockin,,,14.992863,16
ex_X_4,frame_00000.png,frame_00119.png,,,,0,decode失敗,QR未検出,0.233143,0.308156,0.532260,0.309835,,lockin:lockin::None:14.992863136086896:16:8:binary:0,lockin,,,14.992863,16
ex_X_4,frame_00000.png,frame_00119.png,,,,0,decode失敗,QR未検出,0.233143,0.308156,0.532260,0.309835,,lockin:lockin::None:14.992863136086896:16:16:binary:0,lockin,,,14.992863,16
ex_X_4,frame_00000.png,frame_00119.png,,,,0,decode失敗,QR未検出,0.036716,0.187120,0.592983,0.139194,,lockin:lockin::None:29.996431568043448:2:4:binary:0,lockin,,,29.996432,2
ex_X_4,frame_00000.png,frame_00119.png,,,,0,decode失敗,QR未検出,0.036716,0.187120,0.592983,0.139194,,lockin:lockin::None:29.996431568043448:2:8:binary:0,lockin,,,29.996432,2
ex_X_4,frame_00000.png,frame_00119.png,,,,0,decode失敗,QR未検出,0.036716,0.187120,0.592983,0.139194,,lockin:lockin::None:29.996431568043448:2:16:binary:0,lockin,,,29.996432,2
ex_X_4,frame_00000.png,frame_00119.png,,,,0,decode失敗,QR未検出,0.756446,0.430383,0.548781,0.585544,,lockin:lockin::None:29.996431568043448:4:4:binary:0,lockin,,,29.996432,4
ex_X_4,frame_00000.png,frame_00119.png,,,,0,decode失敗,QR未検出,0.756446,0.430383,0.548781,0.585544,,lockin:lockin::None:29.996431568043448:4:8:binary:0,lockin,,,29.996432,4
ex_X_4,frame_00000.png,frame_00119.png,,,,0,decode失敗,QR未検出,0.756446,0.430383,0.548781,0.585544,,lockin:lockin::None:29.996431568043448:4:16:binary:0,lockin,,,29.996432,4
ex_X_4,frame_00000.png,frame_00119.png,,,,0,decode失敗,QR未検出,0.465977,0.532812,0.658298,0.295683,,lockin:lockin::None:29.996431568043448:6:4:binary:0,lockin,,,29.996432,6
ex_X_4,frame_00000.png,frame_00119.png,,,,0,decode失敗,QR未検出,0.465977,0.532812,0.658298,0.295683,,lockin:lockin::None:29.996431568043448:6:8:binary:0,lockin,,,29.996432,6
ex_X_4,frame_00000.png,frame_00119.png,,,,0,decode失敗,QR未検出,0.465977,0.532812,0.658298,0.295683,,lockin:lockin::None:29.996431568043448:6:16:binary:0,lockin,,,29.996432,6
ex_X_4,frame_00000.png,frame_00119.png,ex_X_4/rgb_max_lockin_f300_ps16_th8/00000-00119-FRAME_rgbmax_scale1.00.png,,,0,decode失敗,QR未検出,0.283904,0.641136,0.682804,0.124337,,lockin:lockin::None:29.996431568043448:8:4:binary:0,lockin,,,29.996432,8
ex_X_4,frame_00000.png,frame_00119.png,ex_X_4/rgb_max_lockin_f300_ps16_th8/00000-00119-FRAME_rgbmax_scale1.00.png,,,0,decode失敗,QR未検出,0.283904,0.641136,0.682804,0.124337,,lockin:lockin::None:29.996431568043448:8:8:binary:0,lockin,,,29.996432,8
ex_X_4,frame_00000.png,frame_00119.png,ex_X_4/rgb_max_lockin_f300_ps16_th8/00000-00119-FRAME_rgbmax_scale1.00.png,,,0,decode失敗,QR未検出,0.283904,0.641136,0.682804,0.124337,,lockin:lockin::None:29.996431568043448:8:16:binary:0,lockin,,,29.996432,8
ex_X_4,frame_00000.png,frame_00119.png,ex_X_4/rgb_max_lockin_f300_ps4_th10/00000-00119-FRAME_rgbmax_scale1.00.png,,,0,decode失敗,QR未検出,0.197011,0.719108,0.681014,0.054849,,lockin:lockin::None:29.996431568043448:10:4:binary:0,lockin,,,29.996432,10
ex_X_4,frame_00000.png,frame_00119.png,ex_X_4/rgb_max_lockin_f300_ps4_th10/00000-00119-FRAME_rgbmax_scale1.00.png,,,0,decode失敗,QR未検出,0.197011,0.719108,0.681014,0.054849,,lockin:lockin::None:29.996431568043448:10:8:binary:0,lockin,,,29.996432,10
ex_X_4,frame_00000.png,frame_00119.png,ex_X_4/rgb_max_lockin_f300_ps4_th10/00000-00119-FRAME_rgbmax_scale1.00.png,,,0,decode失敗,QR未検出,0.197011,0.719108,0.681014,0.054849,,lockin:lockin::None:29.996431568043448:10:16:binary:0,lockin,,,29.996432,10
ex_X_4,frame_00000.png,frame_00119.png,,,,0,decode失敗,QR未検出,0.144406,0.778067,0.674909,0.023341,,lockin:lockin::None:29.996431568043448:12:4:binary:0,lockin,,,29.996432,12
ex_X_4,frame_00000.png,frame_00119.png,,,,0,decode失敗,QR未検出,0.144406,0.778067,0.674909,0.023341,,lockin:lockin::None:29.996431568043448:12:8:binary:0,lockin,,,29.996432,12
ex_X_4,frame_00000.png,frame_00119.png,,,,0,decode失敗,QR未検出,0.144406,0.778067,0.674909,0.023341,,lockin:lockin::None:29.996431568043448:12:16:binary:0,lockin,,,29.996432,12
ex_X_4,frame_00000.png,frame_00119.png,,,,0,decode失敗,QR未検出,0.088056,0.830103,0.662880,0.005851,,lockin:lockin::None:29.996431568043448:16:4:binary:0,lockin,,,29.996432,16
ex_X_4,frame_00000.png,frame_00119.png,,,,0,decode失敗,QR未検出,0.088056,0.830103,0.662880,0.005851,,lockin:lockin::None:29.996431568043448:16:8:binary:0,lockin,,,29.996432,16
ex_X_4,frame_00000.png,frame_00119.png,,,,0,decode失敗,QR未検出,0.088056,0.830103,0.662880,0.005851,,lockin:lockin::None:29.996431568043448:16:16:binary:0,lockin,,,29.996432,16
ex_X_8,frame_00000.png,frame_00119.png,,,,0,decode失敗,QR未検出,0.005454,0.173180,0.630030,0.015887,,lockin:lockin::None:10.003568431956552:2:4:binary:0,lockin,,,10.003568,2
ex_X_8,frame_00000.png,frame_00119.png,,,,0,decode失敗,QR未検出,0.005454,0.173180,0.630030,0.015887,,lockin:lockin::None:10.003568431956552:2:8:binary:0,lockin,,,10.003568,2
ex_X_8,frame_00000.png,frame_00119.png,,,,0,decode失敗,QR未検出,0.005454,0.173180,0.630030,0.015887,,lockin:lockin::None:10.003568431956552:2:16:binary:0,lockin,,,10.003568,2
ex_X_8,frame_00000.png,frame_00119.png,,,,0,decode失敗,QR未検出,0.020021,0.168625,0.608968,0.082553,,lockin:lockin::None:10.003568431956552:4:4:binary:0,lockin,,,10.003568,4
ex_X_8,frame_00000.png,frame_00119.png,,,,0,decode失敗,QR未検出,0.020021,0.168625,0.608968,0.082542,,lockin:lockin::None:10.003568431956552:4:8:binary:0,lockin,,,10.003568,4
ex_X_8,frame_00000.png,frame_00119.png,,,,0,decode失敗,QR未検出,0.020021,0.168625,0.608968,0.082542,,lockin:lockin::None:10.003568431956552:4:16:binary:0,lockin,,,10.003568,4
ex_X_8,frame_00000.png,frame_00119.png,ex_X_8/rgb_max_lockin_f300_ps8_th6/00000-00119-FRAME_rgbmax_scale1.00.png,,,0,decode失敗,QR未検出,0.042136,0.199529,0.591489,0.153719,,lockin:lockin::None:10.003568431956552:6:4:binary:0,lockin,,,10.003568,6
ex_X_8,frame_00000.png,frame_00119.png,ex_X_8/rgb_max_lockin_f300_ps8_th6/00000-00119-FRAME_rgbmax_scale1.00.png,,,0,decode失敗,QR未検出,0.042136,0.199529,0.591489,0.153719,,lockin:lockin::None:10.003568431956552:6:8:binary:0,lockin,,,10.003568,6
ex_X_8,frame_00000.png,frame_00119.png,ex_X_8/rgb_max_lockin_f300_ps8_th6/00000-00119-FRAME_rgbmax_scale1.00.png,,,0,decode失敗,QR未検出,0.042136,0.199529,0.591489,0.153719,,lockin:lockin::None:10.003568431956552:6:16:binary:0,lockin,,,10.003568,6
ex_X_8,frame_00000.png,frame_00119.png,ex_X_8/rgb_max_lockin_f300_ps16_th8/00000-00119-FRAME_rgbmax_scale1.00.png,,,0,decode失敗,QR未検出,0.084610,0.208370,0.551638,0.238145,,lockin:lockin::None:10.003568431956552:8:4:binary:0,lockin,,,10.003568,8
ex_X_8,frame_00000.png,frame_00119.png,ex_X_8/rgb_max_lockin_f300_ps16_th8/00000-00119-FRAME_rgbmax_scale1.00.png,,,0,decode失敗,QR未検出,0.084610,0.208370,0.551638,0.238146,,lockin:lockin::None:10.003568431956552:8:8:binary:0,lockin,,,10.003568,8
ex_X_8,frame_00000.png,frame_00119.png,ex_X_8/rgb_max_lockin_f300_ps16_th8/00000-00119-FRAME_rgbmax_scale1.00.png,,,0,decode失敗,QR未検出,0.084610,0.208370,0.551638,0.238146,,lockin:lockin::None:10.003568431956552:8:16:binary:0,lockin,,,10.003568,8
ex_X_8,frame_00000.png,frame_00119.png,,,,0,decode失敗,QR未検出,0.835206,0.417004,0.516974,0.642524,,lockin:lockin::None:10.003568431956552:10:4:binary:0,lockin,,,10.003568,10
ex_X_8,frame_00000.png,frame_00119.png,,,,0,decode失敗,QR未検出,0.835206,0.417004,0.516974,0.642524,,lockin:lockin::None:10.003568431956552:10:8:binary:0,lockin,,,10.003568,10
ex_X_8,frame_00000.png,frame_00119.png,,,,0,decode失敗,QR未検出,0.835206,0.417004,0.516974,0.642524,,lockin:lockin::None:10.003568431956552:10:16:binary:0,lockin,,,10.003568,10
ex_X_8,frame_00000.png,frame_00119.png,,,,0,decode失敗,QR未検出,0.715299,0.461885,0.594697,0.498017,,lockin:lockin::None:10.003568431956552:12:4:binary:0,lockin,,,10.003568,12
ex_X_8,frame_00000.png,frame_00119.png,,,,0,decode失敗,QR未検出,0.715299,0.461885,0.594697,0.498017,,lockin:lockin::None:10.003568431956552:12:8:binary:0,lockin,,,10.003568,12
ex_X_8,frame_00000.png,frame_00119.png,,,,0,decode失敗,QR未検出,0.715299,0.461885,0.594697,0.498017,,lockin:lockin::None:10.003568431956552:12:16:binary:0,lockin,,,10.003568,12
ex_X_8,frame_00000.png,frame_00119.png,,,,0,decode失敗,QR未検出,0.462628,0.597230,0.692098,0.230135,,lockin:lockin::None:10.003568431956552:16:4:binary:0,lockin,,,10.003568,16
ex_X_8,frame_00000.png,frame_00119.png,,,,0,decode失敗,QR未検出,0.462628,0.597230,0.692098,0.230135,,lockin:lockin::None:10.003568431956552:16:8:binary:0,lockin,,,10.003568,16
ex_X_8,frame_00000.png,frame_00119.png,,,,0,decode失敗,QR未検出,0.462628,0.597230,0.692098,0.230135,,lockin:lockin::None:10.003568431956552:16:16:binary:0,lockin,,,10.003568,16
ex_X_8,frame_00000.png,frame_00119.png,,,,0,decode失敗,QR未検出,0.006786,0.153561,0.626393,0.022294,,lockin:lockin::None:14.992863136086896:2:4:binary:0,lockin,,,14.992863,2
ex_X_8,frame_00000.png,frame_00119.png,,,,0,decode失敗,QR未検出,0.006786,0.153561,0.626393,0.022294,,lockin:lockin::None:14.992863136086896:2:8:binary:0,lockin,,,14.992863,2
ex_X_8,frame_00000.png,frame_00119.png,,,,0,decode失敗,QR未検出,0.006786,0.153561,0.626393,0.022294,,lockin:lockin::None:14.992863136086896:2:16:binary:0,lockin,,,14.992863,2
ex_X_8,frame_00000.png,frame_00119.png,,,,0,decode失敗,QR未検出,0.025007,0.179833,0.605215,0.101834,,lockin:lockin::None:14.992863136086896:4:4:binary:0,lockin,,,14.992863,4
ex_X_8,frame_00000.png,frame_00119.png,,,,0,decode失敗,QR未検出,0.025007,0.179833,0.605215,0.101834,,lockin:lockin::None:14.992863136086896:4:8:binary:0,lockin,,,14.992863,4
ex_X_8,frame_00000.png,frame_00119.png,,,,0,decode失敗,QR未検出,0.025007,0.179833,0.605215,0.101834,,lockin:lockin::None:14.992863136086896:4:16:binary:0,lockin,,,14.992863,4
ex_X_8,frame_00000.png,frame_00119.png,ex_X_8/rgb_max_lockin_f300_ps8_th6/00000-00119-FRAME_rgbmax_scale1.00.png,,,0,decode失敗,QR未検出,0.049545,0.198139,0.582768,0.176583,,lockin:lockin::None:14.992863136086896:6:4:binary:0,lockin,,,14.992863,6
ex_X_8,frame_00000.png,frame_00119.png,ex_X_8/rgb_max_lockin_f300_ps8_th6/00000-00119-FRAME_rgbmax_scale1.00.png,,,0,decode失敗,QR未検出,0.049545,0.198139,0.582768,0.176583,,lockin:lockin::None:14.992863136086896:6:8:binary:0,lockin,,,14.992863,6
ex_X_8,frame_00000.png,frame_00119.png,ex_X_8/rgb_max_lockin_f300_ps8_th6/00000-00119-FRAME_rgbmax_scale1.00.png,,,0,decode失敗,QR未検出,0.049545,0.198139,0.582768,0.176583,,lockin:lockin::None:14.992863136086896:6:16:binary:0,lockin,,,14.992863,6
ex_X_8,frame_00000.png,frame_00119.png,ex_X_8/rgb_max_lockin_f300_ps16_th8/00000-00119-FRAME_rgbmax_scale1.00.png,,,0,decode失敗,QR未検出,0.097309,0.199828,0.531515,0.270656,,lockin:lockin::None:14.992863136086896:8:4:binary:0,lockin,,,14.992863,8
ex_X_8,frame_00000.png,frame_00119.png,ex_X_8/rgb_max_lockin_f300_ps16_th8/00000-00119-FRAME_rgbmax_scale1.00.png,,,0,decode失敗,QR未検出,0.097309,0.199828,0.531515,0.270656,,lockin:lockin::None:14.992863136086896:8:8:binary:0,lockin,,,14.992863,8
ex_X_8,frame_00000.png,frame_00119.png,ex_X_8/rgb_max_lockin_f300_ps16_th8/00000-00119-FRAME_rgbmax_scale1.00.png,,,0,decode失敗,QR未検出,0.097309,0.199828,0.531515,0.270656,,lockin:lockin::None:14.992863136086896:8:16:binary:0,lockin,,,14.992863,8
ex_X_8,frame_00000.png,frame_00119.png,,,,0,decode失敗,QR未検出,0.810779,0.436499,0.551977,0.593990,,lockin:lockin::None:14.992863136086896:10:4:binary:0,lockin,,,14.992863,10
ex_X_8,frame_00000.png,frame_00119.png,,,,0,decode失敗,QR未検出,0.810779,0.436491,0.551965,0.593998,,lockin:lockin::None:14.992863136086896:10:8:binary:0,lockin,,,14.992863,10
ex_X_8,frame_00000.png,frame_00119.png,,,,0,decode失敗,QR未検出,0.810779,0.436495,0.551970,0.593995,,lockin:lockin::None:14.992863136086896:10:16:binary:0,lockin,,,14.992863,10
ex_X_8,frame_00000.png,frame_00119.png,,,,0,decode失敗,QR未検出,0.680263,0.494594,0.632102,0.437674,,lockin:lockin::None:14.992863136086896:12:4:binary:0,lockin,,,14.992863,12
ex_X_8,frame_00000.png,frame_00119.png,,,,0,decode失敗,QR未検出,0.680263,0.494591,0.632098,0.437676,,lockin:lockin::None:14.992863136086896:12:8:binary:0,lockin,,,14.992863,12
ex_X_8,frame_00000.png,frame_00119.png,,,,0,decode失敗,QR未検出,0.680263,0.494591,0.632098,0.437674,,lockin:lockin::None:14.992863136086896:12:16:binary:0,lockin,,,14.992863,12
ex_X_8,frame_00000.png,frame_00119.png,,,,0,decode失敗,QR未検出,0.423103,0.640310,0.704712,0.187339,,lockin:lockin::None:14.992863136086896:16:4:binary:0,lockin,,,14.992863,16
ex_X_8,frame_00000.png,frame_00119.png,,,,0,decode失敗,QR未検出,0.423103,0.640310,0.704712,0.187339,,lockin:lockin::None:14.992863136086896:16:8:binary:0,lockin,,,14.992863,16
ex_X_8,frame_00000.png,frame_00119.png,,,,0,decode失敗,QR未検出,0.423103,0.640310,0.704712,0.187339,,lockin:lockin::None:14.992863136086896:16:16:binary:0,lockin,,,14.992863,16
ex_X_8,frame_00000.png,frame_00119.png,,,,0,decode失敗,QR未検出,0.916355,0.428630,0.526870,0.643209,,lockin:lockin::None:29.996431568043448:2:4:binary:0,lockin,,,29.996432,2
ex_X_8,frame_00000.png,frame_00119.png,,,,0,decode失敗,QR未検出,0.916355,0.428630,0.526870,0.643209,,lockin:lockin::None:29.996431568043448:2:8:binary:0,lockin,,,29.996432,2
ex_X_8,frame_00000.png,frame_00119.png,,,,0,decode失敗,QR未検出,0.916355,0.428630,0.526870,0.643209,,lockin:lockin::None:29.996431568043448:2:16:binary:0,lockin,,,29.996432,2
ex_X_8,frame_00000.png,frame_00119.png,,,,0,decode失敗,QR未検出,0.735682,0.659746,0.766641,0.176132,,lockin:lockin::None:29.996431568043448:4:4:binary:0,lockin,,,29.996432,4
ex_X_8,frame_00000.png,frame_00119.png,,,,0,decode失敗,QR未検出,0.735682,0.659746,0.766641,0.176132,,lockin:lockin::None:29.996431568043448:4:8:binary:0,lockin,,,29.996432,4
ex_X_8,frame_00000.png,frame_00119.png,,,,0,decode失敗,QR未検出,0.735682,0.659746,0.766641,0.176132,,lockin:lockin::None:29.996431568043448:4:16:binary:0,lockin,,,29.996432,4
ex_X_8,frame_00000.png,frame_00119.png,ex_X_8/rgb_max_lockin_f300_ps8_th6/00000-00119-FRAME_rgbmax_scale1.00.png,,,0,decode失敗,QR未検出,0.657839,0.777971,0.807905,0.055084,,lockin:lockin::None:29.996431568043448:6:4:binary:0,lockin,,,29.996432,6
ex_X_8,frame_00000.png,frame_00119.png,ex_X_8/rgb_max_lockin_f300_ps8_th6/00000-00119-FRAME_rgbmax_scale1.00.png,,,0,decode失敗,QR未検出,0.657839,0.777971,0.807905,0.055084,,lockin:lockin::None:29.996431568043448:6:8:binary:0,lockin,,,29.996432,6
ex_X_8,frame_00000.png,frame_00119.png,ex_X_8/rgb_max_lockin_f300_ps8_th6/00000-00119-FRAME_rgbmax_scale1.00.png,,,0,decode失敗,QR未検出,0.657839,0.777971,0.807905,0.055084,,lockin:lockin::None:29.996431568043448:6:16:binary:0,lockin,,,29.996432,6
ex_X_8,frame_00000.png,frame_00119.png,ex_X_8/rgb_max_lockin_f300_ps16_th8/00000-00119-FRAME_rgbmax_scale1.00.png,,,0,decode失敗,QR未検出,0.598274,0.824842,0.808317,0.027227,,lockin:lockin::None:29.996431568043448:8:4:binary:0,lockin,,,29.996432,8
ex_X_8,frame_00000.png,frame_00119.png,ex_X_8/rgb_max_lockin_f300_ps16_th8/00000-00119-FRAME_rgbmax_scale1.00.png,,,0,decode失敗,QR未検出,0.598274,0.824842,0.808317,0.027227,,lockin:lockin::None:29.996431568043448:8:8:binary:0,lockin,,,29.996432,8
ex_X_8,frame_00000.png,frame_00119.png,ex_X_8/rgb_max_lockin_f300_ps16_th8/00000-00119-FRAME_rgbmax_scale1.00.png,,,0,decode失敗,QR未検出,0.598274,0.824842,0.808317,0.027227,,lockin:lockin::None:29.996431568043448:8:16:binary:0,lockin,,,29.996432,8
ex_X_8,frame_00000.png,frame_00119.png,,,,0,decode失敗,QR未検出,0.547252,0.851652,0.801320,0.018703,,lockin:lockin::None:29.996431568043448:10:4:binary:0,lockin,,,29.996432,10
ex_X_8,frame_00000.png,frame_00119.png,,,,0,decode失敗,QR未検出,0.547252,0.851652,0.801320,0.018703,,lockin:lockin::None:29.996431568043448:10:8:binary:0,lockin,,,29.996432,10
ex_X_8,frame_00000.png,frame_00119.png,,,,0,decode失敗,QR未検出,0.547252,0.851652,0.801320,0.018703,,lockin:lockin::None:29.996431568043448:10:16:binary:0,lockin,,,29.996432,10
ex_X_8,frame_00000.png,frame_00119.png,,,,0,decode失敗,QR未検出,0.499527,0.871676,0.791917,0.014139,,lockin:lockin::None:29.996431568043448:12:4:binary:0,lockin,,,29.996432,12
ex_X_8,frame_00000.png,frame_00119.png,,,,0,decode失敗,QR未検出,0.499527,0.871676,0.791917,0.014139,,lockin:lockin::None:29.996431568043448:12:8:binary:0,lockin,,,29.996432,12
ex_X_8,frame_00000.png,frame_00119.png,,,,0,decode失敗,QR未検出,0.499527,0.871676,0.791917,0.014139,,lockin:lockin::None:29.996431568043448:12:16:binary:0,lockin,,,29.996432,12
ex_X_8,frame_00000.png,frame_00119.png,,,,0,decode失敗,QR未検出,0.414835,0.900328,0.771225,0.008770,,lockin:lockin::None:29.996431568043448:16:4:binary:0,lockin,,,29.996432,16
ex_X_8,frame_00000.png,frame_00119.png,,,,0,decode失敗,QR未検出,0.414835,0.900328,0.771225,0.008770,,lockin:lockin::None:29.996431568043448:16:8:binary:0,lockin,,,29.996432,16
ex_X_8,frame_00000.png,frame_00119.png,,,,0,decode失敗,QR未検出,0.414835,0.900328,0.771225,0.008770,,lockin:lockin::None:29.996431568043448:16:16:binary:0,lockin,,,29.996432,16
ex_X_12,frame_00000.png,frame_00119.png,,,,0,decode失敗,QR未検出,0.000299,0.011871,0.628571,0.014560,,lockin:lockin::None:10.003568431956552:2:4:binary:0,lockin,,,10.003568,2
ex_X_12,frame_00000.png,frame_00119.png,,,,0,decode失敗,QR未検出,0.000299,0.011871,0.628571,0.014560,,lockin:lockin::None:10.003568431956552:2:8:binary:0,lockin,,,10.003568,2
ex_X_12,frame_00000.png,frame_00119.png,,,,0,decode失敗,QR未検出,0.000299,0.011871,0.628571,0.014560,,lockin:lockin::None:10.003568431956552:2:16:binary:0,lockin,,,10.003568,2
ex_X_12,frame_00000.png,frame_00119.png,,,,0,decode失敗,QR未検出,0.003576,0.043230,0.610095,0.071014,,lockin:lockin::None:10.003568431956552:4:4:binary:0,lockin,,,10.003568,4
ex_X_12,frame_00000.png,frame_00119.png,,,,0,decode失敗,QR未検出,0.003576,0.043230,0.610095,0.071014,,lockin:lockin::None:10.003568431956552:4:8:binary:0,lockin,,,10.003568,4
ex_X_12,frame_00000.png,frame_00119.png,,,,0,decode失敗,QR未検出,0.003576,0.043230,0.610095,0.071014,,lockin:lockin::None:10.003568431956552:4:16:binary:0,lockin,,,10.003568,4
ex_X_12,frame_00000.png,frame_00119.png,,,,0,decode失敗,QR未検出,0.008630,0.065353,0.595880,0.135888,,lockin:lockin::None:10.003568431956552:6:4:binary:0,lockin,,,10.003568,6
ex_X_12,frame_00000.png,frame_00119.png,,,,0,decode失敗,QR未検出,0.008630,0.065353,0.595880,0.135888,,lockin:lockin::None:10.003568431956552:6:8:binary:0,lockin,,,10.003568,6
ex_X_12,frame_00000.png,frame_00119.png,,,,0,decode失敗,QR未検出,0.008630,0.065353,0.595880,0.135888,,lockin:lockin::None:10.003568431956552:6:16:binary:0,lockin,,,10.003568,6
ex_X_12,frame_00000.png,frame_00119.png,ex_X_12/rgb_max_lockin_f300_ps16_th8/00000-00119-FRAME_rgbmax_scale1.00.png,,,0,decode失敗,QR未検出,0.018573,0.081484,0.568332,0.199902,,lockin:lockin::None:10.003568431956552:8:4:binary:0,lockin,,,10.003568,8
ex_X_12,frame_00000.png,frame_00119.png,ex_X_12/rgb_max_lockin_f300_ps16_th8/00000-00119-FRAME_rgbmax_scale1.00.png,,,0,decode失敗,QR未検出,0.018573,0.081484,0.568332,0.199902,,lockin:lockin::None:10.003568431956552:8:8:binary:0,lockin,,,10.003568,8
ex_X_12,frame_00000.png,frame_00119.png,ex_X_12/rgb_max_lockin_f300_ps16_th8/00000-00119-FRAME_rgbmax_scale1.00.png,,,0,decode失敗,QR未検出,0.018573,0.081484,0.568332,0.199902,,lockin:lockin::None:10.003568431956552:8:16:binary:0,lockin,,,10.003568,8
ex_X_12,frame_00000.png,frame_00119.png,ex_X_12/rgb_max_lockin_f300_ps4_th10/00000-00119-FRAME_rgbmax_scale1.00.png,,,0,decode失敗,QR未検出,0.035022,0.087990,0.518599,0.285674,,lockin:lockin::None:10.003568431956552:10:4:binary:0,lockin,,,10.003568,10
ex_X_12,frame_00000.png,frame_00119.png,ex_X_12/rgb_max_lockin_f300_ps4_th10/00000-00119-FRAME_rgbmax_scale1.00.png,,,0,decode失敗,QR未検出,0.035022,0.087990,0.518599,0.285674,,lockin:lockin::None:10.003568431956552:10:8:binary:0,lockin,,,10.003568,10
ex_X_12,frame_00000.png,frame_00119.png,ex_X_12/rgb_max_lockin_f300_ps4_th10/00000-00119-FRAME_rgbmax_scale1.00.png,,,0,decode失敗,QR未検出,0.035022,0.087990,0.518599,0.285674,,lockin:lockin::None:10.003568431956552:10:16:binary:0,lockin,,,10.003568,10
ex_X_12,frame_00000.png,frame_00119.png,,,,0,decode失敗,QR未検出,0.934238,0.445848,0.555225,0.600169,,lockin:lockin::None:10.003568431956552:12:4:binary:0,lockin,,,10.003568,12
ex_X_12,frame_00000.png,frame_00119.png,,,,0,decode失敗,QR未検出,0.934238,0.445848,0.555225,0.600169,,lockin:lockin::None:10.003568431956552:12:8:binary:0,lockin,,,10.003568,12
ex_X_12,frame_00000.png,frame_00119.png,,,,0,decode失敗,QR未検出,0.934238,0.445848,0.555225,0.600169,,lockin:lockin::None:10.003568431956552:12:16:binary:0,lockin,,,10.003568,12
ex_X_12,frame_00000.png,frame_00119.png,,,,0,decode失敗,QR未検出,0.824148,0.550765,0.692567,0.348006,,lockin:lockin::None:10.003568431956552:16:4:binary:0,lockin,,,10.003568,16
ex_X_12,frame_00000.png,frame_00119.png,,,,0,decode失敗,QR未検出,0.824148,0.550765,0.692567,0.348006,,lockin:lockin::None:10.003568431956552:16:8:binary:0,lockin,,,10.003568,16
ex_X_12,frame_00000.png,frame_00119.png,,,,0,decode失敗,QR未検出,0.824148,0.550765,0.692567,0.348006,,lockin:lockin::None:10.003568431956552:16:16:binary:0,lockin,,,10.003568,16
ex_X_12,frame_00000.png,frame_00119.png,,,,0,decode失敗,QR未検出,0.003205,0.042004,0.612157,0.066956,,lockin:lockin::None:14.992863136086896:2:4:binary:0,lockin,,,14.992863,2
ex_X_12,frame_00000.png,frame_00119.png,,,,0,decode失敗,QR未検出,0.003205,0.042004,0.612157,0.066956,,lockin:lockin::None:14.992863136086896:2:8:binary:0,lockin,,,14.992863,2
ex_X_12,frame_00000.png,frame_00119.png,,,,0,decode失敗,QR未検出,0.003205,0.042004,0.612157,0.066956,,lockin:lockin::None:14.992863136086896:2:16:binary:0,lockin,,,14.992863,2
ex_X_12,frame_00000.png,frame_00119.png,,,,0,decode失敗,QR未検出,0.014147,0.073286,0.577773,0.183746,,lockin:lockin::None:14.992863136086896:4:4:binary:0,lockin,,,14.992863,4
ex_X_12,frame_00000.png,frame_00119.png,,,,0,decode失敗,QR未検出,0.014147,0.073286,0.577773,0.183746,,lockin:lockin::None:14.992863136086896:4:8:binary:0,lockin,,,14.992863,4
ex_X_12,frame_00000.png,frame_00119.png,,,,0,decode失敗,QR未検出,0.014147,0.073286,0.577773,0.183746,,lockin:lockin::None:14.992863136086896:4:16:binary:0,lockin,,,14.992863,4
ex_X_12,frame_00000.png,frame_00119.png,,,,0,decode失敗,QR未検出,0.952280,0.427539,0.520478,0.656494,,lockin:lockin::None:14.992863136086896:6:4:binary:0,lockin,,,14.992863,6
ex_X_12,frame_00000.png,frame_00119.png,,,,0,decode失敗,QR未検出,0.952280,0.427539,0.520478,0.656495,,lockin:lockin::None:14.992863136086896:6:8:binary:0,lockin,,,14.992863,6
ex_X_12,frame_00000.png,frame_00119.png,,,,0,decode失敗,QR未検出,0.952280,0.427539,0.520478,0.656495,,lockin:lockin::None:14.992863136086896:6:16:binary:0,lockin,,,14.992863,6
ex_X_12,frame_00000.png,frame_00119.png,ex_X_12/rgb_max_lockin_f300_ps16_th8/00000-00119-FRAME_rgbmax_scale1.00.png,,,0,decode失敗,QR未検出,0.869195,0.515184,0.656065,0.428013,,lockin:lockin::None:14.992863136086896:8:4:binary:0,lockin,,,14.992863,8
ex_X_12,frame_00000.png,frame_00119.png,ex_X_12/rgb_max_lockin_f300_ps16_th8/00000-00119-FRAME_rgbmax_scale1.00.png,,,0,decode失敗,QR未検出,0.869195,0.515184,0.656065,0.428014,,lockin:lockin::None:14.992863136086896:8:8:binary:0,lockin,,,14.992863,8
ex_X_12,frame_00000.png,frame_00119.png,ex_X_12/rgb_max_lockin_f300_ps16_th8/00000-00119-FRAME_rgbmax_scale1.00.png,,,0,decode失敗,QR未検出,0.869195,0.515184,0.656065,0.428013,,lockin:lockin::None:14.992863136086896:8:16:binary:0,lockin,,,14.992863,8
ex_X_12,frame_00000.png,frame_00119.png,ex_X_12/rgb_max_lockin_f300_ps4_th10/00000-00119-FRAME_rgbmax_scale1.00.png,,,0,decode失敗,QR未検出,0.748135,0.604171,0.731014,0.238987,,lockin:lockin::None:14.992863136086896:10:4:binary:0,lockin,,,14.992863,10
ex_X_12,frame_00000.png,frame_00119.png,ex_X_12/rgb_max_lockin_f300_ps4_th10/00000-00119-FRAME_rgbmax_scale1.00.png,,,0,decode失敗,QR未検出,0.748135,0.604171,0.731014,0.238987,,lockin:lockin::None:14.992863136086896:10:8:binary:0,lockin,,,14.992863,10
ex_X_12,frame_00000.png,frame_00119.png,ex_X_12/rgb_max_lockin_f300_ps4_th10/00000-00119-FRAME_rgbmax_scale1.00.png,,,0,decode失敗,QR未検出,0.748135,0.604171,0.731014,0.238987,,lockin:lockin::None:14.992863136086896:10:16:binary:0,lockin,,,14.992863,10
ex_X_12,frame_00000.png,frame_00119.png,,,,0,decode失敗,QR未検出,0.608941,0.666959,0.748011,0.128394,,lockin:lockin::None:14.992863136086896:12:4:binary:0,lockin,,,14.992863,12
ex_X_12,frame_00000.png,frame_00119.png,,,,0,decode失敗,QR未検出,0.608955,0.666964,0.748016,0.128394,,lockin:lockin::None:14.992863136086896:12:8:binary:0,lockin,,,14.992863,12
ex_X_12,frame_00000.png,frame_00119.png,,,,0,decode失敗,QR未検出,0.608955,0.666964,0.748016,0.128394,,lockin:lockin::None:14.992863136086896:12:16:binary:0,lockin,,,14.992863,12
ex_X_12,frame_00000.png,frame_00119.png,,,,0,decode失敗,QR未検出,0.328516,0.725513,0.711526,0.037354,,lockin:lockin::None:14.992863136086896:16:4:binary:0,lockin,,,14.992863,16
ex_X_12,frame_00000.png,frame_00119.png,,,,0,decode失敗,QR未検出,0.328516,0.725513,0.711526,0.037354,,lockin:lockin::None:14.992863136086896:16:8:binary:0,lockin,,,14.992863,16
ex_X_12,frame_00000.png,frame_00119.png,,,,0,decode失敗,QR未検出,0.328516,0.725513,0.711526,0.037354,,lockin:lockin::None:14.992863136086896:16:16:binary:0,lockin,,,14.992863,16
ex_X_12,frame_00000.png,frame_00119.png,,,,0,decode失敗,QR未検出,0.927119,0.684989,0.819021,0.088265,,lockin:lockin::None:29.996431568043448:2:4:binary:0,lockin,,,29.996432,2
ex_X_12,frame_00000.png,frame_00119.png,,,,0,decode失敗,QR未検出,0.927119,0.684989,0.819021,0.088265,,lockin:lockin::None:29.996431568043448:2:8:binary:0,lockin,,,29.996432,2
ex_X_12,frame_00000.png,frame_00119.png,,,,0,decode失敗,QR未検出,0.927119,0.684989,0.819021,0.088265,,lockin:lockin::None:29.996431568043448:2:16:binary:0,lockin,,,29.996432,2
ex_X_12,frame_00000.png,frame_00119.png,,,,0,decode失敗,QR未検出,0.873519,0.763962,0.856314,0.051170,,lockin:lockin::None:29.996431568043448:4:4:binary:0,lockin,,,29.996432,4
ex_X_12,frame_00000.png,frame_00119.png,,,,0,decode失敗,QR未検出,0.873519,0.763962,0.856314,0.051170,,lockin:lockin::None:29.996431568043448:4:8:binary:0,lockin,,,29.996432,4
ex_X_12,frame_00000.png,frame_00119.png,,,,0,decode失敗,QR未検出,0.873519,0.763962,0.856314,0.051170,,lockin:lockin::None:29.996431568043448:4:16:binary:0,lockin,,,29.996432,4
ex_X_12,frame_00000.png,frame_00119.png,,,,0,decode失敗,QR未検出,0.827160,0.801823,0.863233,0.038684,,lockin:lockin::None:29.996431568043448:6:4:binary:0,lockin,,,29.996432,6
ex_X_12,frame_00000.png,frame_00119.png,,,,0,decode失敗,QR未検出,0.827160,0.801823,0.863233,0.038684,,lockin:lockin::None:29.996431568043448:6:8:binary:0,lockin,,,29.996432,6
ex_X_12,frame_00000.png,frame_00119.png,,,,0,decode失敗,QR未検出,0.827160,0.801823,0.863233,0.038684,,lockin:lockin::None:29.996431568043448:6:16:binary:0,lockin,,,29.996432,6
ex_X_12,frame_00000.png,frame_00119.png,ex_X_12/rgb_max_lockin_f300_ps16_th8/00000-00119-FRAME_rgbmax_scale1.00.png,,,0,decode失敗,QR未検出,0.790777,0.829534,0.865247,0.030748,,lockin:lockin::None:29.996431568043448:8:4:binary:0,lockin,,,29.996432,8
ex_X_12,frame_00000.png,frame_00119.png,ex_X_12/rgb_max_lockin_f300_ps16_th8/00000-00119-FRAME_rgbmax_scale1.00.png,,,0,decode失敗,QR未検出,0.790777,0.829534,0.865247,0.030748,,lockin:lockin::None:29.996431568043448:8:8:binary:0,lockin,,,29.996432,8
ex_X_12,frame_00000.png,frame_00119.png,ex_X_12/rgb_max_lockin_f300_ps16_th8/00000-00119-FRAME_rgbmax_scale1.00.png,,,0,decode失敗,QR未検出,0.790777,0.829534,0.865247,0.030748,,lockin:lockin::None:29.996431568043448:8:16:binary:0,lockin,,,29.996432,8
ex_X_12,frame_00000.png,frame_00119.png,ex_X_12/rgb_max_lockin_f300_ps4_th10/00000-00119-FRAME_rgbmax_scale1.00.png,,,0,decode失敗,QR未検出,0.758763,0.849279,0.863736,0.025480,,lockin:lockin::None:29.996431568043448:10:4:binary:0,lockin,,,29.996432,10
ex_X_12,frame_00000.png,frame_00119.png,ex_X_12/rgb_max_lockin_f300_ps4_th10/00000-00119-FRAME_rgbmax_scale1.00.png,,,0,decode失敗,QR未検出,0.758763,0.849279,0.863736,0.025480,,lockin:lockin::None:29.996431568043448:10:8:binary:0,lockin,,,29.996432,10
ex_X_12,frame_00000.png,frame_00119.png,ex_X_12/rgb_max_lockin_f300_ps4_th10/00000-00119-FRAME_rgbmax_scale1.00.png,,,0,decode失敗,QR未検出,0.758763,0.849279,0.863736,0.025480,,lockin:lockin::None:29.996431568043448:10:16:binary:0,lockin,,,29.996432,10
ex_X_12,frame_00000.png,frame_00119.png,,,,0,decode失敗,QR未検出,0.731956,0.861756,0.860266,0.022218,,lockin:lockin::None:29.996431568043448:12:4:binary:0,lockin,,,29.996432,12
ex_X_12,frame_00000.png,frame_00119.png,,,,0,decode失敗,QR未検出,0.731956,0.861756,0.860266,0.022218,,lockin:lockin::None:29.996431568043448:12:8:binary:0,lockin,,,29.996432,12
ex_X_12,frame_00000.png,frame_00119.png,,,,0,decode失敗,QR未検出,0.731956,0.861756,0.860266,0.022218,,lockin:lockin::None:29.996431568043448:12:16:binary:0,lockin,,,29.996432,12
ex_X_12,frame_00000.png,frame_00119.png,,,,0,decode失敗,QR未検出,0.689245,0.880033,0.853288,0.017779,,lockin:lockin::None:29.996431568043448:16:4:binary:0,lockin,,,29.996432,16
ex_X_12,frame_00000.png,frame_00119.png,,,,0,decode失敗,QR未検出,0.689245,0.880033,0.853288,0.017779,,lockin:lockin::None:29.996431568043448:16:8:binary:0,lockin,,,29.996432,16
ex_X_12,frame_00000.png,frame_00119.png,,,,0,decode失敗,QR未検出,0.689245,0.880033,0.853288,0.017779,,lockin:lockin::None:29.996431568043448:16:16:binary:0,lockin,,,29.996432,16
