folder,frame_1,frame_2,diff_image,analysis_image,decoded_text,success,method,note,recall,precision,accuracy,noise,gt_note,task_key,diff_mode,window_n,stat_kind,fft_target_hz,diff_threshold
rice_R_4,frame_00035.png,frame_00039.png,,,,0,decode失敗,QR未検出,0.202433,0.386847,0.606128,0.283225,,accum_num:accum::5:None:0:None:gray:7,accum,5,,,0
rice_R_4,frame_00070.png,frame_00074.png,,,,0,decode失敗,QR未検出,0.197912,0.383397,0.605439,0.287161,,accum_num:accum::5:None:0:None:gray:14,accum,5,,,0
rice_R_4,frame_00020.png,frame_00024.png,,,,0,decode失敗,QR未検出,0.203283,0.380055,0.602646,0.284897,,accum_num:accum::5:None:0:None:gray:4,accum,5,,,0
rice_R_4,frame_00030.png,frame_00034.png,,,,0,decode失敗,QR未検出,0.206607,0.404815,0.613617,0.278691,,accum_num:accum::5:None:0:None:gray:6,accum,5,,,0
rice_R_4,frame_00000.png,frame_00004.png,rice_R_4/rgb_max_accum_n5_gray/00000-00004-FRAME_rgbmax_scale1.00.png,,,0,decode失敗,QR未検出,0.189730,0.398132,0.613641,0.256827,,accum_num:accum::5:None:0:None:gray:0,accum,5,,,0
rice_R_4,frame_00055.png,frame_00059.png,,,,0,decode失敗,QR未検出,0.228626,0.393752,0.604382,0.272966,,accum_num:accum::5:None:0:None:gray:11,accum,5,,,0
rice_R_4,frame_00060.png,frame_00064.png,,,,0,decode失敗,QR未検出,0.182193,0.381417,0.607937,0.259195,,accum_num:accum::5:None:0:None:gray:12,accum,5,,,0
rice_R_4,frame_00065.png,frame_00069.png,,,,0,decode失敗,QR未検出,0.209548,0.394203,0.608222,0.284906,,accum_num:accum::5:None:0:None:gray:13,accum,5,,,0
rice_R_4,frame_00005.png,frame_00009.png,,,,0,decode失敗,QR未検出,0.162841,0.370866,0.607897,0.248411,,accum_num:accum::5:None:0:None:gray:1,accum,5,,,0
rice_R_4,frame_00010.png,frame_00014.png,,,,0,decode失敗,QR未検出,0.229988,0.396117,0.605351,0.294840,,accum_num:accum::5:None:0:None:gray:2,accum,5,,,0
rice_R_4,frame_00050.png,frame_00054.png,,,,0,decode失敗,QR未検出,0.206746,0.399794,0.611335,0.272191,,accum_num:accum::5:None:0:None:gray:10,accum,5,,,0
rice_R_4,frame_00045.png,frame_00049.png,,,,0,decode失敗,QR未検出,0.200213,0.402240,0.613561,0.272803,,accum_num:accum::5:None:0:None:gray:9,accum,5,,,0
rice_R_4,frame_00015.png,frame_00019.png,,,,0,decode失敗,QR未検出,0.214993,0.394855,0.607510,0.285382,,accum_num:accum::5:None:0:None:gray:3,accum,5,,,0
rice_R_4,frame_00075.png,frame_00079.png,,,,0,decode失敗,QR未検出,0.222918,0.380844,0.598709,0.298039,,accum_num:accum::5:None:0:None:gray:15,accum,5,,,0
rice_R_4,frame_00025.png,frame_00029.png,,,,0,decode失敗,QR未検出,0.235979,0.392771,0.602457,0.309002,,accum_num:accum::5:None:0:None:gray:5,accum,5,,,0
rice_R_4,frame_00040.png,frame_00044.png,,,,0,decode失敗,QR未検出,0.241201,0.399414,0.605050,0.310966,,accum_num:accum::5:None:0:None:gray:8,accum,5,,,0
rice_R_4,frame_00080.png,frame_00084.png,,,,0,decode失敗,QR未検出,0.173473,0.374246,0.606777,0.253049,,accum_num:accum::5:None:0:None:gray:16,accum,5,,,0
rice_R_4,frame_00090.png,frame_00094.png,,,,0,decode失敗,QR未検出,0.193635,0.382233,0.605813,0.271845,,accum_num:accum::5:None:0:None:gray:18,accum,5,,,0
rice_R_4,frame_00095.png,frame_00099.png,,,,0,decode失敗,QR未検出,0.257338,0.397972,0.601365,0.318550,,accum_num:accum::5:None:0:None:gray:19,accum,5,,,0
rice_R_4,frame_00100.png,frame_00104.png,,,,0,decode失敗,QR未検出,0.242036,0.400998,0.605745,0.311605,,accum_num:accum::5:None:0:None:gray:20,accum,5,,,0
rice_R_4,frame_00105.png,frame_00109.png,,,,0,decode失敗,QR未検出,0.248619,0.404964,0.606739,0.309428,,accum_num:accum::5:None:0:None:gray:21,accum,5,,,0
rice_R_4,frame_00115.png,frame_00119.png,,,,0,decode失敗,QR未検出,0.238180,0.405858,0.608921,0.271862,,accum_num:accum::5:None:0:None:gray:23,accum,5,,,0
rice_R_4,frame_00085.png,frame_00089.png,,,,0,decode失敗,QR未検出,0.220031,0.396063,0.607164,0.290684,,accum_num:accum::5:None:0:None:gray:17,accum,5,,,0
rice_R_4,frame_00110.png,frame_00114.png,,,,0,decode失敗,QR未検出,0.199030,0.389102,0.607879,0.274840,,accum_num:accum::5:None:0:None:gray:22,accum,5,,,0
rice_R_8,frame_00065.png,frame_00069.png,,,,0,decode失敗,QR未検出,0.247233,0.390848,0.599203,0.321921,,accum_num:accum::5:None:0:None:gray:13,accum,5,,,0
rice_R_8,frame_00030.png,frame_00034.png,,,,0,decode失敗,QR未検出,0.221243,0.388866,0.603299,0.282838,,accum_num:accum::5:None:0:None:gray:6,accum,5,,,0
rice_R_8,frame_00060.png,frame_00064.png,,,,0,decode失敗,QR未検出,0.231399,0.384555,0.598905,0.295403,,accum_num:accum::5:None:0:None:gray:12,accum,5,,,0
rice_R_8,frame_00005.png,frame_00009.png,,,,0,decode失敗,QR未検出,0.185919,0.387578,0.609850,0.254164,,accum_num:accum::5:None:0:None:gray:1,accum,5,,,0
rice_R_8,frame_00050.png,frame_00054.png,,,,0,decode失敗,QR未検出,0.204848,0.389321,0.606816,0.281042,,accum_num:accum::5:None:0:None:gray:10,accum,5,,,0
rice_R_8,frame_00010.png,frame_00014.png,,,,0,decode失敗,QR未検出,0.206135,0.387315,0.605593,0.281477,,accum_num:accum::5:None:0:None:gray:2,accum,5,,,0
rice_R_8,frame_00075.png,frame_00079.png,,,,0,decode失敗,QR未検出,0.185695,0.379136,0.606139,0.257494,,accum_num:accum::5:None:0:None:gray:15,accum,5,,,0
rice_R_8,frame_00055.png,frame_00059.png,,,,0,decode失敗,QR未検出,0.275343,0.398075,0.598178,0.310417,,accum_num:accum::5:None:0:None:gray:11,accum,5,,,0
rice_R_8,frame_00045.png,frame_00049.png,,,,0,decode失敗,QR未検出,0.250234,0.388477,0.597236,0.312930,,accum_num:accum::5:None:0:None:gray:9,accum,5,,,0
rice_R_8,frame_00015.png,frame_00019.png,,,,0,decode失敗,QR未検出,0.255599,0.393568,0.599149,0.316756,,accum_num:accum::5:None:0:None:gray:3,accum,5,,,0
rice_R_8,frame_00040.png,frame_00044.png,,,,0,decode失敗,QR未検出,0.273237,0.401478,0.600606,0.320490,,accum_num:accum::5:None:0:None:gray:8,accum,5,,,0
rice_R_8,frame_00020.png,frame_00024.png,,,,0,decode失敗,QR未検出,0.216588,0.386143,0.602853,0.283796,,accum_num:accum::5:None:0:None:gray:4,accum,5,,,0
rice_R_8,frame_00070.png,frame_00074.png,,,,0,decode失敗,QR未検出,0.269227,0.396336,0.598235,0.320844,,accum_num:accum::5:None:0:None:gray:14,accum,5,,,0
rice_R_8,frame_00025.png,frame_00029.png,,,,0,decode失敗,QR未検出,0.235860,0.368588,0.588605,0.315816,,accum_num:accum::5:None:0:None:gray:5,accum,5,,,0
rice_R_8,frame_00035.png,frame_00039.png,,,,0,decode失敗,QR未検出,0.212564,0.390854,0.606025,0.261178,,accum_num:accum::5:None:0:None:gray:7,accum,5,,,0
rice_R_8,frame_00000.png,frame_00004.png,,,,0,decode失敗,QR未検出,0.214362,0.383486,0.601960,0.291647,,accum_num:accum::5:None:0:None:gray:0,accum,5,,,0
rice_R_8,frame_00080.png,frame_00084.png,,,,0,decode失敗,QR未検出,0.217641,0.407339,0.612962,0.280727,,accum_num:accum::5:None:0:None:gray:16,accum,5,,,0
rice_R_8,frame_00090.png,frame_00094.png,,,,0,decode失敗,QR未検出,0.241872,0.378989,0.593438,0.313100,,accum_num:accum::5:None:0:None:gray:18,accum,5,,,0
rice_R_8,frame_00100.png,frame_00104.png,,,,0,decode失敗,QR未検出,0.240545,0.391817,0.601054,0.308949,,accum_num:accum::5:None:0:None:gray:20,accum,5,,,0
rice_R_8,frame_00085.png,frame_00089.png,,,,0,decode失敗,QR未検出,0.191424,0.392672,0.610982,0.258806,,accum_num:accum::5:None:0:None:gray:17,accum,5,,,0
rice_R_8,frame_00115.png,frame_00119.png,,,,0,decode失敗,QR未検出,0.282001,0.371153,0.578880,0.348421,,accum_num:accum::5:None:0:None:gray:23,accum,5,,,0
rice_R_8,frame_00095.png,frame_00099.png,rice_R_8/rgb_max_accum_n5_gray/00095-00099-FRAME_rgbmax_scale1.00.png,,,0,decode失敗,QR未検出,0.183261,0.406498,0.618143,0.246949,,accum_num:accum::5:None:0:None:gray:19,accum,5,,,0
rice_R_8,frame_00105.png,frame_00109.png,,,,0,decode失敗,QR未検出,0.208341,0.385930,0.604461,0.276110,,accum_num:accum::5:None:0:None:gray:21,accum,5,,,0
rice_R_8,frame_00110.png,frame_00114.png,,,,0,decode失敗,QR未検出,0.229421,0.375829,0.594445,0.311167,,accum_num:accum::5:None:0:None:gray:22,accum,5,,,0
rice_R_12,frame_00000.png,frame_00004.png,,,,0,decode失敗,QR未検出,0.287377,0.407272,0.601749,0.301514,,accum_num:accum::5:None:0:None:gray:0,accum,5,,,0
rice_R_12,frame_00030.png,frame_00034.png,,,,0,decode失敗,QR未検出,0.312824,0.410703,0.599927,0.325249,,accum_num:accum::5:None:0:None:gray:6,accum,5,,,0
rice_R_12,frame_00045.png,frame_00049.png,,,,0,decode失敗,QR未検出,0.271761,0.413741,0.607927,0.287779,,accum_num:accum::5:None:0:None:gray:9,accum,5,,,0
rice_R_12,frame_00050.png,frame_00054.png,,,,0,decode失敗,QR未検出,0.273257,0.414281,0.608011,0.289698,,accum_num:accum::5:None:0:None:gray:10,accum,5,,,0
rice_R_12,frame_00075.png,frame_00079.png,rice_R_12/rgb_max_accum_n5_gray/00075-00079-FRAME_rgbmax_scale1.00.png,,,0,decode失敗,QR未検出,0.249662,0.421275,0.614973,0.256826,,accum_num:accum::5:None:0:None:gray:15,accum,5,,,0
rice_R_12,frame_00065.png,frame_00069.png,,,,0,decode失敗,QR未検出,0.246150,0.418725,0.614182,0.256638,,accum_num:accum::5:None:0:None:gray:13,accum,5,,,0
rice_R_12,frame_00035.png,frame_00039.png,,,,0,decode失敗,QR未検出,0.303345,0.413900,0.603388,0.322025,,accum_num:accum::5:None:0:None:gray:7,accum,5,,,0
rice_R_12,frame_00070.png,frame_00074.png,,,,0,decode失敗,QR未検出,0.338167,0.427112,0.607187,0.340338,,accum_num:accum::5:None:0:None:gray:14,accum,5,,,0
rice_R_12,frame_00005.png,frame_00009.png,,,,0,decode失敗,QR未検出,0.270191,0.402891,0.601964,0.296653,,accum_num:accum::5:None:0:None:gray:1,accum,5,,,0
rice_R_12,frame_00010.png,frame_00014.png,,,,0,decode失敗,QR未検出,0.274712,0.414053,0.607670,0.290942,,accum_num:accum::5:None:0:None:gray:2,accum,5,,,0
rice_R_12,frame_00040.png,frame_00044.png,,,,0,decode失敗,QR未検出,0.320515,0.418961,0.604167,0.326249,,accum_num:accum::5:None:0:None:gray:8,accum,5,,,0
rice_R_12,frame_00020.png,frame_00024.png,,,,0,decode失敗,QR未検出,0.278752,0.424659,0.613001,0.282693,,accum_num:accum::5:None:0:None:gray:4,accum,5,,,0
rice_R_12,frame_00025.png,frame_00029.png,,,,0,decode失敗,QR未検出,0.312312,0.413785,0.602001,0.316401,,accum_num:accum::5:None:0:None:gray:5,accum,5,,,0
rice_R_12,frame_00015.png,frame_00019.png,,,,0,decode失敗,QR未検出,0.270261,0.416564,0.609706,0.287296,,accum_num:accum::5:None:0:None:gray:3,accum,5,,,0
rice_R_12,frame_00060.png,frame_00064.png,,,,0,decode失敗,QR未検出,0.285513,0.415077,0.606690,0.302062,,accum_num:accum::5:None:0:None:gray:12,accum,5,,,0
rice_R_12,frame_00055.png,frame_00059.png,,,,0,decode失敗,QR未検出,0.285474,0.410512,0.604002,0.281337,,accum_num:accum::5:None:0:None:gray:11,accum,5,,,0
rice_R_12,frame_00080.png,frame_00084.png,,,,0,decode失敗,QR未検出,0.327560,0.423796,0.606349,0.319510,,accum_num:accum::5:None:0:None:gray:16,accum,5,,,0
rice_R_12,frame_00085.png,frame_00089.png,,,,0,decode失敗,QR未検出,0.269481,0.405039,0.603334,0.298077,,accum_num:accum::5:None:0:None:gray:17,accum,5,,,0
rice_R_12,frame_00095.png,frame_00099.png,,,,0,decode失敗,QR未検出,0.280585,0.412476,0.605899,0.289315,,accum_num:accum::5:None:0:None:gray:19,accum,5,,,0
rice_R_12,frame_00100.png,frame_00104.png,,,,0,decode失敗,QR未検出,0.241633,0.417192,0.614052,0.257655,,accum_num:accum::5:None:0:None:gray:20,accum,5,,,0
rice_R_12,frame_00115.png,frame_00119.png,,,,0,decode失敗,QR未検出,0.348586,0.397595,0.584597,0.331597,,accum_num:accum::5:None:0:None:gray:23,accum,5,,,0
rice_R_12,frame_00105.png,frame_00109.png,,,,0,decode失敗,QR未検出,0.311885,0.411273,0.600442,0.320826,,accum_num:accum::5:None:0:None:gray:21,accum,5,,,0
rice_R_12,frame_00090.png,frame_00094.png,,,,0,decode失敗,QR未検出,0.306827,0.411258,0.601201,0.322628,,accum_num:accum::5:None:0:None:gray:18,accum,5,,,0
rice_R_12,frame_00110.png,frame_00114.png,,,,0,decode失敗,QR未検出,0.305044,0.409211,0.600165,0.319256,,accum_num:accum::5:None:0:None:gray:22,accum,5,,,0
nagaoka_fireworks_R_4,frame_00015.png,frame_00019.png,,,,0,decode失敗,QR未検出,0.248087,0.342621,0.567571,0.237509,,accum_num:accum::5:None:0:None:gray:3,accum,5,,,0
nagaoka_fireworks_R_4,frame_00030.png,frame_00034.png,,,,0,decode失敗,QR未検出,0.250994,0.370983,0.586353,0.219520,,accum_num:accum::5:None:0:None:gray:6,accum,5,,,0
nagaoka_fireworks_R_4,frame_00000.png,frame_00004.png,,,,0,decode失敗,QR未検出,0.400490,0.377740,0.556535,0.301663,,accum_num:accum::5:None:0:None:gray:0,accum,5,,,0
nagaoka_fireworks_R_4,frame_00075.png,frame_00079.png,,,,0,decode失敗,QR未検出,0.234335,0.364819,0.586675,0.208547,,accum_num:accum::5:None:0:None:gray:15,accum,5,,,0
nagaoka_fireworks_R_4,frame_00025.png,frame_00029.png,,,,0,decode失敗,QR未検出,0.252524,0.365894,0.582644,0.223175,,accum_num:accum::5:None:0:None:gray:5,accum,5,,,0
nagaoka_fireworks_R_4,frame_00005.png,frame_00009.png,,,,0,decode失敗,QR未検出,0.310032,0.381720,0.580170,0.252851,,accum_num:accum::5:None:0:None:gray:1,accum,5,,,0
nagaoka_fireworks_R_4,frame_00050.png,frame_00054.png,,,,0,decode失敗,QR未検出,0.230326,0.355394,0.581825,0.217371,,accum_num:accum::5:None:0:None:gray:10,accum,5,,,0
nagaoka_fireworks_R_4,frame_00070.png,frame_00074.png,,,,0,decode失敗,QR未検出,0.239880,0.370258,0.588630,0.216209,,accum_num:accum::5:None:0:None:gray:14,accum,5,,,0
nagaoka_fireworks_R_4,frame_00010.png,frame_00014.png,,,,0,decode失敗,QR未検出,0.259643,0.368558,0.582612,0.222349,,accum_num:accum::5:None:0:None:gray:2,accum,5,,,0
nagaoka_fireworks_R_4,frame_00035.png,frame_00039.png,,,,0,decode失敗,QR未検出,0.239328,0.365658,0.585902,0.216130,,accum_num:accum::5:None:0:None:gray:7,accum,5,,,0
nagaoka_fireworks_R_4,frame_00045.png,frame_00049.png,,,,0,decode失敗,QR未検出,0.232452,0.362822,0.585932,0.216130,,accum_num:accum::5:None:0:None:gray:9,accum,5,,,0
nagaoka_fireworks_R_4,frame_00040.png,frame_00044.png,,,,0,decode失敗,QR未検出,0.254471,0.386022,0.594913,0.217330,,accum_num:accum::5:None:0:None:gray:8,accum,5,,,0
nagaoka_fireworks_R_4,frame_00060.png,frame_00064.png,,,,0,decode失敗,QR未検出,0.368062,0.391763,0.576210,0.273330,,accum_num:accum::5:None:0:None:gray:12,accum,5,,,0
nagaoka_fireworks_R_4,frame_00020.png,frame_00024.png,,,,0,decode失敗,QR未検出,0.250750,0.361906,0.580443,0.225676,,accum_num:accum::5:None:0:None:gray:4,accum,5,,,0
nagaoka_fireworks_R_4,frame_00065.png,frame_00069.png,,,,0,decode失敗,QR未検出,0.239701,0.345285,0.572184,0.220834,,accum_num:accum::5:None:0:None:gray:13,accum,5,,,0
nagaoka_fireworks_R_4,frame_00055.png,frame_00059.png,,,,0,decode失敗,QR未検出,0.412970,0.373177,0.548982,0.311326,,accum_num:accum::5:None:0:None:gray:11,accum,5,,,0
nagaoka_fireworks_R_4,frame_00095.png,frame_00099.png,,,,0,decode失敗,QR未検出,0.267061,0.367786,0.580214,0.220425,,accum_num:accum::5:None:0:None:gray:19,accum,5,,,0
nagaoka_fireworks_R_4,frame_00085.png,frame_00089.png,nagaoka_fireworks_R_4/rgb_max_accum_n5_gray/00085-00089-FRAME_rgbmax_scale1.00.png,,,0,decode失敗,QR未検出,0.260001,0.399332,0.601668,0.205389,,accum_num:accum::5:None:0:None:gray:17,accum,5,,,0
nagaoka_fireworks_R_4,frame_00090.png,frame_00094.png,,,,0,decode失敗,QR未検出,0.254809,0.379634,0.590930,0.213115,,accum_num:accum::5:None:0:None:gray:18,accum,5,,,0
nagaoka_fireworks_R_4,frame_00105.png,frame_00109.png,,,,0,decode失敗,QR未検出,0.238613,0.359529,0.582170,0.213081,,accum_num:accum::5:None:0:None:gray:21,accum,5,,,0
nagaoka_fireworks_R_4,frame_00110.png,frame_00114.png,,,,0,decode失敗,QR未検出,0.269053,0.371106,0.582014,0.230922,,accum_num:accum::5:None:0:None:gray:22,accum,5,,,0
nagaoka_fireworks_R_4,frame_00080.png,frame_00084.png,,,,0,decode失敗,QR未検出,0.219803,0.364928,0.590531,0.201144,,accum_num:accum::5:None:0:None:gray:16,accum,5,,,0
nagaoka_fireworks_R_4,frame_00100.png,frame_00104.png,,,,0,decode失敗,QR未検出,0.225034,0.373131,0.593942,0.201096,,accum_num:accum::5:None:0:None:gray:20,accum,5,,,0
nagaoka_fireworks_R_4,frame_00115.png,frame_00119.png,,,,0,decode失敗,QR未検出,0.479824,0.382548,0.544072,0.332341,,accum_num:accum::5:None:0:None:gray:23,accum,5,,,0
nagaoka_fireworks_R_8,frame_00010.png,frame_00014.png,,,,0,decode失敗,QR未検出,0.283804,0.388085,0.590189,0.238394,,accum_num:accum::5:None:0:None:gray:2,accum,5,,,0
nagaoka_fireworks_R_8,frame_00025.png,frame_00029.png,,,,0,decode失敗,QR未検出,0.277435,0.376482,0.583724,0.240661,,accum_num:accum::5:None:0:None:gray:5,accum,5,,,0
nagaoka_fireworks_R_8,frame_00070.png,frame_00074.png,,,,0,decode失敗,QR未検出,0.266559,0.356198,0.572037,0.232861,,accum_num:accum::5:None:0:None:gray:14,accum,5,,,0
nagaoka_fireworks_R_8,frame_00035.png,frame_00039.png,,,,0,decode失敗,QR未検出,0.248018,0.355908,0.577110,0.224086,,accum_num:accum::5:None:0:None:gray:7,accum,5,,,0
nagaoka_fireworks_R_8,frame_00060.png,frame_00064.png,,,,0,decode失敗,QR未検出,0.332379,0.369873,0.565471,0.276398,,accum_num:accum::5:None:0:None:gray:12,accum,5,,,0
nagaoka_fireworks_R_8,frame_00015.png,frame_00019.png,,,,0,decode失敗,QR未検出,0.255490,0.373955,0.587179,0.229232,,accum_num:accum::5:None:0:None:gray:3,accum,5,,,0
nagaoka_fireworks_R_8,frame_00020.png,frame_00024.png,,,,0,decode失敗,QR未検出,0.274275,0.378220,0.585632,0.238409,,accum_num:accum::5:None:0:None:gray:4,accum,5,,,0
nagaoka_fireworks_R_8,frame_00000.png,frame_00004.png,,,,0,decode失敗,QR未検出,0.323839,0.364437,0.562988,0.264362,,accum_num:accum::5:None:0:None:gray:0,accum,5,,,0
nagaoka_fireworks_R_8,frame_00075.png,frame_00079.png,,,,0,decode失敗,QR未検出,0.257597,0.355235,0.573896,0.233989,,accum_num:accum::5:None:0:None:gray:15,accum,5,,,0
nagaoka_fireworks_R_8,frame_00040.png,frame_00044.png,,,,0,decode失敗,QR未検出,0.228224,0.361835,0.586453,0.201866,,accum_num:accum::5:None:0:None:gray:8,accum,5,,,0
nagaoka_fireworks_R_8,frame_00050.png,frame_00054.png,,,,0,decode失敗,QR未検出,0.246905,0.376687,0.590904,0.221203,,accum_num:accum::5:None:0:None:gray:10,accum,5,,,0
nagaoka_fireworks_R_8,frame_00005.png,frame_00009.png,,,,0,decode失敗,QR未検出,0.263062,0.376876,0.587302,0.226814,,accum_num:accum::5:None:0:None:gray:1,accum,5,,,0
nagaoka_fireworks_R_8,frame_00045.png,frame_00049.png,nagaoka_fireworks_R_8/rgb_max_accum_n5_gray/00045-00049-FRAME_rgbmax_scale1.00.png,,,0,decode失敗,QR未検出,0.240858,0.383649,0.596384,0.208893,,accum_num:accum::5:None:0:None:gray:9,accum,5,,,0
nagaoka_fireworks_R_8,frame_00065.png,frame_00069.png,,,,0,decode失敗,QR未検出,0.277534,0.383445,0.588414,0.224431,,accum_num:accum::5:None:0:None:gray:13,accum,5,,,0
nagaoka_fireworks_R_8,frame_00055.png,frame_00059.png,,,,0,decode失敗,QR未検出,0.422544,0.379369,0.553199,0.313133,,accum_num:accum::5:None:0:None:gray:11,accum,5,,,0
nagaoka_fireworks_R_8,frame_00030.png,frame_00034.png,,,,0,decode失敗,QR未検出,0.245007,0.362691,0.582502,0.222022,,accum_num:accum::5:None:0:None:gray:6,accum,5,,,0
nagaoka_fireworks_R_8,frame_00080.png,frame_00084.png,,,,0,decode失敗,QR未検出,0.227618,0.356896,0.583550,0.204403,,accum_num:accum::5:None:0:None:gray:16,accum,5,,,0
nagaoka_fireworks_R_8,frame_00095.png,frame_00099.png,,,,0,decode失敗,QR未検出,0.241132,0.341962,0.569343,0.244146,,accum_num:accum::5:None:0:None:gray:19,accum,5,,,0
nagaoka_fireworks_R_8,frame_00110.png,frame_00114.png,,,,0,decode失敗,QR未検出,0.255162,0.387000,0.595357,0.212849,,accum_num:accum::5:None:0:None:gray:22,accum,5,,,0
nagaoka_fireworks_R_8,frame_00100.png,frame_00104.png,,,,0,decode失敗,QR未検出,0.259793,0.383299,0.592122,0.216836,,accum_num:accum::5:None:0:None:gray:20,accum,5,,,0
nagaoka_fireworks_R_8,frame_00115.png,frame_00119.png,,,,0,decode失敗,QR未検出,0.447341,0.375823,0.543728,0.326940,,accum_num:accum::5:None:0:None:gray:23,accum,5,,,0
nagaoka_fireworks_R_8,frame_00105.png,frame_00109.png,,,,0,decode失敗,QR未検出,0.254919,0.380975,0.591739,0.218126,,accum_num:accum::5:None:0:None:gray:21,accum,5,,,0
nagaoka_fireworks_R_8,frame_00090.png,frame_00094.png,,,,0,decode失敗,QR未検出,0.224393,0.362617,0.587954,0.210398,,accum_num:accum::5:None:0:None:gray:18,accum,5,,,0
nagaoka_fireworks_R_8,frame_00085.png,frame_00089.png,,,,0,decode失敗,QR未検出,0.245240,0.359345,0.580222,0.217792,,accum_num:accum::5:None:0:None:gray:17,accum,5,,,0
nagaoka_fireworks_R_12,frame_00070.png,frame_00074.png,,,,0,decode失敗,QR未検出,0.345769,0.400884,0.587620,0.241881,,accum_num:accum::5:None:0:None:gray:14,accum,5,,,0
nagaoka_fireworks_R_12,frame_00015.png,frame_00019.png,,,,0,decode失敗,QR未検出,0.289637,0.409772,0.602914,0.208534,,accum_num:accum::5:None:0:None:gray:3,accum,5,,,0
nagaoka_fireworks_R_12,frame_00075.png,frame_00079.png,,,,0,decode失敗,QR未検出,0.313396,0.409237,0.598877,0.226880,,accum_num:accum::5:None:0:None:gray:15,accum,5,,,0
nagaoka_fireworks_R_12,frame_00030.png,frame_00034.png,,,,0,decode失敗,QR未検出,0.339703,0.408625,0.594330,0.233653,,accum_num:accum::5:None:0:None:gray:6,accum,5,,,0
nagaoka_fireworks_R_12,frame_00035.png,frame_00039.png,,,,0,decode失敗,QR未検出,0.292459,0.401239,0.597131,0.207733,,accum_num:accum::5:None:0:None:gray:7,accum,5,,,0
nagaoka_fireworks_R_12,frame_00065.png,frame_00069.png,,,,0,decode失敗,QR未検出,0.349242,0.408432,0.592685,0.250066,,accum_num:accum::5:None:0:None:gray:13,accum,5,,,0
nagaoka_fireworks_R_12,frame_00060.png,frame_00064.png,,,,0,decode失敗,QR未検出,0.414053,0.393032,0.568463,0.289510,,accum_num:accum::5:None:0:None:gray:12,accum,5,,,0
nagaoka_fireworks_R_12,frame_00045.png,frame_00049.png,,,,0,decode失敗,QR未検出,0.297557,0.388466,0.587660,0.218265,,accum_num:accum::5:None:0:None:gray:9,accum,5,,,0
nagaoka_fireworks_R_12,frame_00025.png,frame_00029.png,,,,0,decode失敗,QR未検出,0.307806,0.391836,0.587987,0.224736,,accum_num:accum::5:None:0:None:gray:5,accum,5,,,0
nagaoka_fireworks_R_12,frame_00050.png,frame_00054.png,,,,0,decode失敗,QR未検出,0.286288,0.374226,0.580063,0.227694,,accum_num:accum::5:None:0:None:gray:10,accum,5,,,0
nagaoka_fireworks_R_12,frame_00010.png,frame_00014.png,,,,0,decode失敗,QR未検出,0.293512,0.404219,0.598848,0.203596,,accum_num:accum::5:None:0:None:gray:2,accum,5,,,0
nagaoka_fireworks_R_12,frame_00005.png,frame_00009.png,,,,0,decode失敗,QR未検出,0.371773,0.418462,0.596811,0.253484,,accum_num:accum::5:None:0:None:gray:1,accum,5,,,0
nagaoka_fireworks_R_12,frame_00040.png,frame_00044.png,,,,0,decode失敗,QR未検出,0.313922,0.395294,0.589266,0.237112,,accum_num:accum::5:None:0:None:gray:8,accum,5,,,0
nagaoka_fireworks_R_12,frame_00000.png,frame_00004.png,,,,0,decode失敗,QR未検出,0.394414,0.402942,0.580919,0.272259,,accum_num:accum::5:None:0:None:gray:0,accum,5,,,0
nagaoka_fireworks_R_12,frame_00020.png,frame_00024.png,,,,0,decode失敗,QR未検出,0.359665,0.398966,0.583682,0.245393,,accum_num:accum::5:None:0:None:gray:4,accum,5,,,0
nagaoka_fireworks_R_12,frame_00055.png,frame_00059.png,,,,0,decode失敗,QR未検出,0.486521,0.413538,0.576188,0.300754,,accum_num:accum::5:None:0:None:gray:11,accum,5,,,0
nagaoka_fireworks_R_12,frame_00085.png,frame_00089.png,,,,0,decode失敗,QR未検出,0.279691,0.387808,0.590843,0.215027,,accum_num:accum::5:None:0:None:gray:17,accum,5,,,0
nagaoka_fireworks_R_12,frame_00100.png,frame_00104.png,,,,0,decode失敗,QR未検出,0.304338,0.400463,0.594554,0.226373,,accum_num:accum::5:None:0:None:gray:20,accum,5,,,0
nagaoka_fireworks_R_12,frame_00080.png,frame_00084.png,,,,0,decode失敗,QR未検出,0.315919,0.400904,0.592832,0.230068,,accum_num:accum::5:None:0:None:gray:16,accum,5,,,0
nagaoka_fireworks_R_12,frame_00115.png,frame_00119.png,,,,0,decode失敗,QR未検出,0.518308,0.398020,0.554298,0.342424,,accum_num:accum::5:None:0:None:gray:23,accum,5,,,0
nagaoka_fireworks_R_12,frame_00110.png,frame_00114.png,,,,0,decode失敗,QR未検出,0.277564,0.383265,0.588288,0.223015,,accum_num:accum::5:None:0:None:gray:22,accum,5,,,0
nagaoka_fireworks_R_12,frame_00105.png,frame_00109.png,nagaoka_fireworks_R_12/rgb_max_accum_n5_gray/00105-00109-FRAME_rgbmax_scale1.00.png,,,0,decode失敗,QR未検出,0.293607,0.412307,0.603850,0.208944,,accum_num:accum::5:None:0:None:gray:21,accum,5,,,0
nagaoka_fireworks_R_12,frame_00095.png,frame_00099.png,,,,0,decode失敗,QR未検出,0.280803,0.393337,0.594201,0.210052,,accum_num:accum::5:None:0:None:gray:19,accum,5,,,0
nagaoka_fireworks_R_12,frame_00090.png,frame_00094.png,,,,0,decode失敗,QR未検出,0.303265,0.387233,0.585631,0.230167,,accum_num:accum::5:None:0:None:gray:18,accum,5,,,0
hocho_R_4,frame_00030.png,frame_00034.png,,,,0,decode失敗,QR未検出,0.207705,0.370092,0.596482,0.248375,,accum_num:accum::5:None:0:None:gray:6,accum,5,,,0
hocho_R_4,frame_00025.png,frame_00029.png,,,,0,decode失敗,QR未検出,0.170974,0.367174,0.604270,0.230323,,accum_num:accum::5:None:0:None:gray:5,accum,5,,,0
hocho_R_4,frame_00005.png,frame_00009.png,,,,0,decode失敗,QR未検出,0.230231,0.370143,0.590943,0.277477,,accum_num:accum::5:None:0:None:gray:1,accum,5,,,0
hocho_R_4,frame_00050.png,frame_00054.png,,,,0,decode失敗,QR未検出,0.204436,0.382452,0.603577,0.245227,,accum_num:accum::5:None:0:None:gray:10,accum,5,,,0
hocho_R_4,frame_00035.png,frame_00039.png,,,,0,decode失敗,QR未検出,0.203820,0.379402,0.602202,0.242766,,accum_num:accum::5:None:0:None:gray:7,accum,5,,,0
hocho_R_4,frame_00010.png,frame_00014.png,hocho_R_4/rgb_max_accum_n5_gray/00010-00014-FRAME_rgbmax_scale1.00.png,,,0,decode失敗,QR未検出,0.196824,0.400838,0.613538,0.230800,,accum_num:accum::5:None:0:None:gray:2,accum,5,,,0
hocho_R_4,frame_00040.png,frame_00044.png,,,,0,decode失敗,QR未検出,0.178566,0.373417,0.605199,0.239511,,accum_num:accum::5:None:0:None:gray:8,accum,5,,,0
hocho_R_4,frame_00055.png,frame_00059.png,,,,0,decode失敗,QR未検出,0.347404,0.361851,0.554415,0.356473,,accum_num:accum::5:None:0:None:gray:11,accum,5,,,0
hocho_R_4,frame_00020.png,frame_00024.png,,,,0,decode失敗,QR未検出,0.153570,0.357139,0.604566,0.202350,,accum_num:accum::5:None:0:None:gray:4,accum,5,,,0
hocho_R_4,frame_00070.png,frame_00074.png,,,,0,decode失敗,QR未検出,0.278906,0.385212,0.589296,0.308155,,accum_num:accum::5:None:0:None:gray:14,accum,5,,,0
hocho_R_4,frame_00015.png,frame_00019.png,,,,0,decode失敗,QR未検出,0.186863,0.382198,0.607267,0.214092,,accum_num:accum::5:None:0:None:gray:3,accum,5,,,0
hocho_R_4,frame_00060.png,frame_00064.png,,,,0,decode失敗,QR未検出,0.290661,0.372483,0.577748,0.323338,,accum_num:accum::5:None:0:None:gray:12,accum,5,,,0
hocho_R_4,frame_00045.png,frame_00049.png,,,,0,decode失敗,QR未検出,0.217055,0.400297,0.609755,0.253251,,accum_num:accum::5:None:0:None:gray:9,accum,5,,,0
hocho_R_4,frame_00065.png,frame_00069.png,,,,0,decode失敗,QR未検出,0.276471,0.394103,0.595509,0.268910,,accum_num:accum::5:None:0:None:gray:13,accum,5,,,0
hocho_R_4,frame_00000.png,frame_00004.png,,,,0,decode失敗,QR未検出,0.312551,0.368115,0.568963,0.362735,,accum_num:accum::5:None:0:None:gray:0,accum,5,,,0
hocho_R_4,frame_00075.png,frame_00079.png,,,,0,decode失敗,QR未検出,0.258739,0.386964,0.594599,0.269860,,accum_num:accum::5:None:0:None:gray:15,accum,5,,,0
hocho_R_4,frame_00100.png,frame_00104.png,,,,0,decode失敗,QR未検出,0.184935,0.390481,0.611300,0.218091,,accum_num:accum::5:None:0:None:gray:20,accum,5,,,0
hocho_R_4,frame_00090.png,frame_00094.png,,,,0,decode失敗,QR未検出,0.202627,0.381569,0.603537,0.245606,,accum_num:accum::5:None:0:None:gray:18,accum,5,,,0
hocho_R_4,frame_00095.png,frame_00099.png,,,,0,decode失敗,QR未検出,0.191662,0.367400,0.599112,0.244905,,accum_num:accum::5:None:0:None:gray:19,accum,5,,,0
hocho_R_4,frame_00105.png,frame_00109.png,,,,0,decode失敗,QR未検出,0.210671,0.380620,0.601294,0.253965,,accum_num:accum::5:None:0:None:gray:21,accum,5,,,0
hocho_R_4,frame_00085.png,frame_00089.png,,,,0,decode失敗,QR未検出,0.206582,0.392301,0.607888,0.245339,,accum_num:accum::5:None:0:None:gray:17,accum,5,,,0
hocho_R_4,frame_00080.png,frame_00084.png,,,,0,decode失敗,QR未検出,0.208634,0.380089,0.601474,0.245266,,accum_num:accum::5:None:0:None:gray:16,accum,5,,,0
hocho_R_4,frame_00110.png,frame_00114.png,,,,0,decode失敗,QR未検出,0.214477,0.372558,0.596158,0.241453,,accum_num:accum::5:None:0:None:gray:22,accum,5,,,0
hocho_R_4,frame_00115.png,frame_00119.png,,,,0,decode失敗,QR未検出,0.345227,0.363973,0.556959,0.352001,,accum_num:accum::5:None:0:None:gray:23,accum,5,,,0
hocho_R_8,frame_00010.png,frame_00014.png,,,,0,decode失敗,QR未検出,0.286860,0.406806,0.601547,0.288479,,accum_num:accum::5:None:0:None:gray:2,accum,5,,,0
hocho_R_8,frame_00035.png,frame_00039.png,,,,0,decode失敗,QR未検出,0.183206,0.380115,0.607136,0.223292,,accum_num:accum::5:None:0:None:gray:7,accum,5,,,0
hocho_R_8,frame_00000.png,frame_00004.png,,,,0,decode失敗,QR未検出,0.296280,0.374299,0.577752,0.309679,,accum_num:accum::5:None:0:None:gray:0,accum,5,,,0
hocho_R_8,frame_00025.png,frame_00029.png,,,,0,decode失敗,QR未検出,0.174531,0.357434,0.598802,0.233014,,accum_num:accum::5:None:0:None:gray:5,accum,5,,,0
hocho_R_8,frame_00055.png,frame_00059.png,,,,0,decode失敗,QR未検出,0.287978,0.342092,0.554207,0.336694,,accum_num:accum::5:None:0:None:gray:11,accum,5,,,0
hocho_R_8,frame_00020.png,frame_00024.png,,,,0,decode失敗,QR未検出,0.223320,0.394103,0.605568,0.255114,,accum_num:accum::5:None:0:None:gray:4,accum,5,,,0
hocho_R_8,frame_00075.png,frame_00079.png,,,,0,decode失敗,QR未検出,0.264294,0.385361,0.592456,0.282090,,accum_num:accum::5:None:0:None:gray:15,accum,5,,,0
hocho_R_8,frame_00050.png,frame_00054.png,,,,0,decode失敗,QR未検出,0.183226,0.374630,0.604646,0.235555,,accum_num:accum::5:None:0:None:gray:10,accum,5,,,0
hocho_R_8,frame_00030.png,frame_00034.png,,,,0,decode失敗,QR未検出,0.202394,0.378066,0.601857,0.247962,,accum_num:accum::5:None:0:None:gray:6,accum,5,,,0
hocho_R_8,frame_00065.png,frame_00069.png,,,,0,decode失敗,QR未検出,0.176355,0.353127,0.596171,0.248507,,accum_num:accum::5:None:0:None:gray:13,accum,5,,,0
hocho_R_8,frame_00045.png,frame_00049.png,,,,0,decode失敗,QR未検出,0.201788,0.374975,0.600445,0.250447,,accum_num:accum::5:None:0:None:gray:9,accum,5,,,0
hocho_R_8,frame_00015.png,frame_00019.png,,,,0,decode失敗,QR未検出,0.184379,0.349919,0.592134,0.239689,,accum_num:accum::5:None:0:None:gray:3,accum,5,,,0
hocho_R_8,frame_00070.png,frame_00074.png,,,,0,decode失敗,QR未検出,0.171709,0.378311,0.608931,0.214554,,accum_num:accum::5:None:0:None:gray:14,accum,5,,,0
hocho_R_8,frame_00060.png,frame_00064.png,,,,0,decode失敗,QR未検出,0.236670,0.347014,0.574344,0.293434,,accum_num:accum::5:None:0:None:gray:12,accum,5,,,0
hocho_R_8,frame_00005.png,frame_00009.png,,,,0,decode失敗,QR未検出,0.201147,0.367160,0.596575,0.247753,,accum_num:accum::5:None:0:None:gray:1,accum,5,,,0
hocho_R_8,frame_00040.png,frame_00044.png,,,,0,decode失敗,QR未検出,0.203417,0.393512,0.609062,0.247719,,accum_num:accum::5:None:0:None:gray:8,accum,5,,,0
hocho_R_8,frame_00105.png,frame_00109.png,,,,0,decode失敗,QR未検出,0.178496,0.380120,0.608184,0.228611,,accum_num:accum::5:None:0:None:gray:21,accum,5,,,0
hocho_R_8,frame_00115.png,frame_00119.png,,,,0,decode失敗,QR未検出,0.368320,0.369013,0.555748,0.373409,,accum_num:accum::5:None:0:None:gray:23,accum,5,,,0
hocho_R_8,frame_00090.png,frame_00094.png,,,,0,decode失敗,QR未検出,0.212102,0.379833,0.600571,0.259563,,accum_num:accum::5:None:0:None:gray:18,accum,5,,,0
hocho_R_8,frame_00085.png,frame_00089.png,,,,0,decode失敗,QR未検出,0.243949,0.387743,0.598088,0.247850,,accum_num:accum::5:None:0:None:gray:17,accum,5,,,0
hocho_R_8,frame_00080.png,frame_00084.png,,,,0,decode失敗,QR未検出,0.210964,0.371171,0.596260,0.256150,,accum_num:accum::5:None:0:None:gray:16,accum,5,,,0
hocho_R_8,frame_00110.png,frame_00114.png,,,,0,decode失敗,QR未検出,0.181149,0.390354,0.611995,0.219182,,accum_num:accum::5:None:0:None:gray:22,accum,5,,,0
hocho_R_8,frame_00100.png,frame_00104.png,,,,0,decode失敗,QR未検出,0.199219,0.397888,0.611823,0.223868,,accum_num:accum::5:None:0:None:gray:20,accum,5,,,0
hocho_R_8,frame_00095.png,frame_00099.png,hocho_R_8/rgb_max_accum_n5_gray/00095-00099-FRAME_rgbmax_scale1.00.png,,,0,decode失敗,QR未検出,0.181363,0.391674,0.612504,0.223219,,accum_num:accum::5:None:0:None:gray:19,accum,5,,,0
hocho_R_12,frame_00065.png,frame_00069.png,,,,0,decode失敗,QR未検出,0.226058,0.372139,0.593128,0.270071,,accum_num:accum::5:None:0:None:gray:13,accum,5,,,0
hocho_R_12,frame_00050.png,frame_00054.png,,,,0,decode失敗,QR未検出,0.198757,0.394978,0.610611,0.238185,,accum_num:accum::5:None:0:None:gray:10,accum,5,,,0
hocho_R_12,frame_00005.png,frame_00009.png,,,,0,decode失敗,QR未検出,0.209871,0.353448,0.586542,0.271574,,accum_num:accum::5:None:0:None:gray:1,accum,5,,,0
hocho_R_12,frame_00045.png,frame_00049.png,,,,0,decode失敗,QR未検出,0.218243,0.358597,0.587219,0.277411,,accum_num:accum::5:None:0:None:gray:9,accum,5,,,0
hocho_R_12,frame_00000.png,frame_00004.png,,,,0,decode失敗,QR未検出,0.339231,0.363175,0.557816,0.377455,,accum_num:accum::5:None:0:None:gray:0,accum,5,,,0
hocho_R_12,frame_00060.png,frame_00064.png,,,,0,decode失敗,QR未検出,0.266281,0.350223,0.567625,0.336015,,accum_num:accum::5:None:0:None:gray:12,accum,5,,,0
hocho_R_12,frame_00030.png,frame_00034.png,,,,0,decode失敗,QR未検出,0.214323,0.372464,0.596144,0.274846,,accum_num:accum::5:None:0:None:gray:6,accum,5,,,0
hocho_R_12,frame_00015.png,frame_00019.png,,,,0,decode失敗,QR未検出,0.208410,0.368605,0.595508,0.265894,,accum_num:accum::5:None:0:None:gray:3,accum,5,,,0
hocho_R_12,frame_00035.png,frame_00039.png,,,,0,decode失敗,QR未検出,0.171804,0.384637,0.611540,0.218361,,accum_num:accum::5:None:0:None:gray:7,accum,5,,,0
hocho_R_12,frame_00070.png,frame_00074.png,,,,0,decode失敗,QR未検出,0.198394,0.373113,0.600312,0.261065,,accum_num:accum::5:None:0:None:gray:14,accum,5,,,0
hocho_R_12,frame_00010.png,frame_00014.png,,,,0,decode失敗,QR未検出,0.189675,0.368725,0.600270,0.234598,,accum_num:accum::5:None:0:None:gray:2,accum,5,,,0
hocho_R_12,frame_00055.png,frame_00059.png,,,,0,decode失敗,QR未検出,0.311850,0.356527,0.559443,0.338867,,accum_num:accum::5:None:0:None:gray:11,accum,5,,,0
hocho_R_12,frame_00025.png,frame_00029.png,,,,0,decode失敗,QR未検出,0.202021,0.375242,0.600526,0.255748,,accum_num:accum::5:None:0:None:gray:5,accum,5,,,0
hocho_R_12,frame_00075.png,frame_00079.png,,,,0,decode失敗,QR未検出,0.222789,0.389409,0.603269,0.262426,,accum_num:accum::5:None:0:None:gray:15,accum,5,,,0
hocho_R_12,frame_00040.png,frame_00044.png,,,,0,decode失敗,QR未検出,0.172564,0.364896,0.602832,0.223610,,accum_num:accum::5:None:0:None:gray:8,accum,5,,,0
hocho_R_12,frame_00020.png,frame_00024.png,,,,0,decode失敗,QR未検出,0.181090,0.370613,0.603304,0.232191,,accum_num:accum::5:None:0:None:gray:4,accum,5,,,0
hocho_R_12,frame_00080.png,frame_00084.png,,,,0,decode失敗,QR未検出,0.273013,0.401064,0.600398,0.292307,,accum_num:accum::5:None:0:None:gray:16,accum,5,,,0
hocho_R_12,frame_00090.png,frame_00094.png,,,,0,decode失敗,QR未検出,0.206627,0.378667,0.601201,0.248179,,accum_num:accum::5:None:0:None:gray:18,accum,5,,,0
hocho_R_12,frame_00105.png,frame_00109.png,hocho_R_12/rgb_max_accum_n5_gray/00105-00109-FRAME_rgbmax_scale1.00.png,,,0,decode失敗,QR未検出,0.189267,0.395332,0.612539,0.224373,,accum_num:accum::5:None:0:None:gray:21,accum,5,,,0
hocho_R_12,frame_00085.png,frame_00089.png,,,,0,decode失敗,QR未検出,0.208197,0.368205,0.595345,0.252922,,accum_num:accum::5:None:0:None:gray:17,accum,5,,,0
hocho_R_12,frame_00100.png,frame_00104.png,,,,0,decode失敗,QR未検出,0.209215,0.384433,0.603535,0.241255,,accum_num:accum::5:None:0:None:gray:20,accum,5,,,0
hocho_R_12,frame_00095.png,frame_00099.png,,,,0,decode失敗,QR未検出,0.194544,0.375971,0.602630,0.248554,,accum_num:accum::5:None:0:None:gray:19,accum,5,,,0
hocho_R_12,frame_00110.png,frame_00114.png,,,,0,decode失敗,QR未検出,0.197714,0.381185,0.604427,0.246655,,accum_num:accum::5:None:0:None:gray:22,accum,5,,,0
hocho_R_12,frame_00115.png,frame_00119.png,,,,0,decode失敗,QR未検出,0.301561,0.356310,0.562178,0.334993,,accum_num:accum::5:None:0:None:gray:23,accum,5,,,0
ex_R_4,frame_00070.png,frame_00074.png,,,,0,decode失敗,QR未検出,0.249876,0.332129,0.558878,0.358485,,accum_num:accum::5:None:0:None:gray:14,accum,5,,,0
ex_R_4,frame_00005.png,frame_00009.png,,,,0,decode失敗,QR未検出,0.323963,0.349386,0.549470,0.435759,,accum_num:accum::5:None:0:None:gray:1,accum,5,,,0
ex_R_4,frame_00015.png,frame_00019.png,,,,0,decode失敗,QR未検出,0.234812,0.336960,0.567810,0.351014,,accum_num:accum::5:None:0:None:gray:3,accum,5,,,0
ex_R_4,frame_00025.png,frame_00029.png,,,,0,decode失敗,QR未検出,0.218506,0.338105,0.574141,0.352280,,accum_num:accum::5:None:0:None:gray:5,accum,5,,,0
ex_R_4,frame_00020.png,frame_00024.png,,,,0,decode失敗,QR未検出,0.282036,0.358235,0.569222,0.401380,,accum_num:accum::5:None:0:None:gray:4,accum,5,,,0
ex_R_4,frame_00030.png,frame_00034.png,,,,0,decode失敗,QR未検出,0.199994,0.320348,0.568837,0.326882,,accum_num:accum::5:None:0:None:gray:6,accum,5,,,0
ex_R_4,frame_00040.png,frame_00044.png,ex_R_4/rgb_max_accum_n5_gray/00040-00044-FRAME_rgbmax_scale1.00.png,,,0,decode失敗,QR未検出,0.207183,0.335822,0.576492,0.332232,,accum_num:accum::5:None:0:None:gray:8,accum,5,,,0
ex_R_4,frame_00035.png,frame_00039.png,,,,0,decode失敗,QR未検出,0.299271,0.332045,0.541214,0.439208,,accum_num:accum::5:None:0:None:gray:7,accum,5,,,0
ex_R_4,frame_00060.png,frame_00064.png,,,,0,decode失敗,QR未検出,0.358036,0.327877,0.515450,0.474615,,accum_num:accum::5:None:0:None:gray:12,accum,5,,,0
ex_R_4,frame_00065.png,frame_00069.png,,,,0,decode失敗,QR未検出,0.252936,0.315801,0.543922,0.382578,,accum_num:accum::5:None:0:None:gray:13,accum,5,,,0
ex_R_4,frame_00010.png,frame_00014.png,,,,0,decode失敗,QR未検出,0.283546,0.334347,0.548886,0.405882,,accum_num:accum::5:None:0:None:gray:2,accum,5,,,0
ex_R_4,frame_00000.png,frame_00004.png,,,,0,decode失敗,QR未検出,0.314081,0.335040,0.538914,0.422298,,accum_num:accum::5:None:0:None:gray:0,accum,5,,,0
ex_R_4,frame_00050.png,frame_00054.png,,,,0,decode失敗,QR未検出,0.265809,0.327023,0.548805,0.402723,,accum_num:accum::5:None:0:None:gray:10,accum,5,,,0
ex_R_4,frame_00075.png,frame_00079.png,,,,0,decode失敗,QR未検出,0.323064,0.327191,0.527654,0.465008,,accum_num:accum::5:None:0:None:gray:15,accum,5,,,0
ex_R_4,frame_00045.png,frame_00049.png,,,,0,decode失敗,QR未検出,0.282229,0.327350,0.542991,0.412704,,accum_num:accum::5:None:0:None:gray:9,accum,5,,,0
ex_R_4,frame_00055.png,frame_00059.png,,,,0,decode失敗,QR未検出,0.383329,0.349119,0.531149,0.423927,,accum_num:accum::5:None:0:None:gray:11,accum,5,,,0
ex_R_4,frame_00085.png,frame_00089.png,,,,0,decode失敗,QR未検出,0.264239,0.336746,0.557606,0.395569,,accum_num:accum::5:None:0:None:gray:17,accum,5,,,0
ex_R_4,frame_00080.png,frame_00084.png,,,,0,decode失敗,QR未検出,0.236352,0.340371,0.569761,0.346207,,accum_num:accum::5:None:0:None:gray:16,accum,5,,,0
ex_R_4,frame_00100.png,frame_00104.png,,,,0,decode失敗,QR未検出,0.306023,0.310919,0.516755,0.458747,,accum_num:accum::5:None:0:None:gray:20,accum,5,,,0
ex_R_4,frame_00095.png,frame_00099.png,,,,0,decode失敗,QR未検出,0.247029,0.331962,0.559760,0.369357,,accum_num:accum::5:None:0:None:gray:19,accum,5,,,0
ex_R_4,frame_00105.png,frame_00109.png,,,,0,decode失敗,QR未検出,0.224324,0.335274,0.570206,0.336268,,accum_num:accum::5:None:0:None:gray:21,accum,5,,,0
ex_R_4,frame_00090.png,frame_00094.png,,,,0,decode失敗,QR未検出,0.271369,0.308889,0.529578,0.407418,,accum_num:accum::5:None:0:None:gray:18,accum,5,,,0
ex_R_4,frame_00110.png,frame_00114.png,,,,0,decode失敗,QR未検出,0.215346,0.328535,0.568673,0.351874,,accum_num:accum::5:None:0:None:gray:22,accum,5,,,0
ex_R_4,frame_00115.png,frame_00119.png,,,,0,decode失敗,QR未検出,0.406869,0.350992,0.526173,0.429660,,accum_num:accum::5:None:0:None:gray:23,accum,5,,,0
ex_R_8,frame_00075.png,frame_00079.png,,,,0,decode失敗,QR未検出,0.169111,0.325088,0.583746,0.331840,,accum_num:accum::5:None:0:None:gray:15,accum,5,,,0
ex_R_8,frame_00050.png,frame_00054.png,,,,0,decode失敗,QR未検出,0.177185,0.307973,0.570020,0.365847,,accum_num:accum::5:None:0:None:gray:10,accum,5,,,0
ex_R_8,frame_00030.png,frame_00034.png,,,,0,decode失敗,QR未検出,0.247272,0.333646,0.560997,0.426936,,accum_num:accum::5:None:0:None:gray:6,accum,5,,,0
ex_R_8,frame_00005.png,frame_00009.png,,,,0,decode失敗,QR未検出,0.174517,0.305054,0.569282,0.349786,,accum_num:accum::5:None:0:None:gray:1,accum,5,,,0
ex_R_8,frame_00035.png,frame_00039.png,,,,0,decode失敗,QR未検出,0.167213,0.297659,0.567774,0.364191,,accum_num:accum::5:None:0:None:gray:7,accum,5,,,0
ex_R_8,frame_00045.png,frame_00049.png,,,,0,decode失敗,QR未検出,0.187211,0.313512,0.569399,0.366177,,accum_num:accum::5:None:0:None:gray:9,accum,5,,,0
ex_R_8,frame_00065.png,frame_00069.png,ex_R_8/rgb_max_accum_n5_gray/00065-00069-FRAME_rgbmax_scale1.00.png,,,0,decode失敗,QR未検出,0.194067,0.345410,0.586658,0.340443,,accum_num:accum::5:None:0:None:gray:13,accum,5,,,0
ex_R_8,frame_00070.png,frame_00074.png,,,,0,decode失敗,QR未検出,0.199865,0.313583,0.564148,0.384409,,accum_num:accum::5:None:0:None:gray:14,accum,5,,,0
ex_R_8,frame_00000.png,frame_00004.png,,,,0,decode失敗,QR未検出,0.200163,0.328490,0.574225,0.358157,,accum_num:accum::5:None:0:None:gray:0,accum,5,,,0
ex_R_8,frame_00015.png,frame_00019.png,,,,0,decode失敗,QR未検出,0.210388,0.332585,0.573241,0.375269,,accum_num:accum::5:None:0:None:gray:3,accum,5,,,0
ex_R_8,frame_00010.png,frame_00014.png,,,,0,decode失敗,QR未検出,0.209002,0.321879,0.566372,0.388047,,accum_num:accum::5:None:0:None:gray:2,accum,5,,,0
ex_R_8,frame_00060.png,frame_00064.png,,,,0,decode失敗,QR未検出,0.262749,0.330121,0.552600,0.420244,,accum_num:accum::5:None:0:None:gray:12,accum,5,,,0
ex_R_8,frame_00020.png,frame_00024.png,,,,0,decode失敗,QR未検出,0.206348,0.336665,0.577321,0.377274,,accum_num:accum::5:None:0:None:gray:4,accum,5,,,0
ex_R_8,frame_00025.png,frame_00029.png,,,,0,decode失敗,QR未検出,0.179376,0.319819,0.576655,0.366263,,accum_num:accum::5:None:0:None:gray:5,accum,5,,,0
ex_R_8,frame_00040.png,frame_00044.png,,,,0,decode失敗,QR未検出,0.244262,0.321626,0.552418,0.431280,,accum_num:accum::5:None:0:None:gray:8,accum,5,,,0
ex_R_8,frame_00055.png,frame_00059.png,,,,0,decode失敗,QR未検出,0.450247,0.356814,0.520574,0.491984,,accum_num:accum::5:None:0:None:gray:11,accum,5,,,0
ex_R_8,frame_00080.png,frame_00084.png,,,,0,decode失敗,QR未検出,0.225337,0.333133,0.568333,0.380735,,accum_num:accum::5:None:0:None:gray:16,accum,5,,,0
ex_R_8,frame_00095.png,frame_00099.png,,,,0,decode失敗,QR未検出,0.190072,0.310808,0.566342,0.376596,,accum_num:accum::5:None:0:None:gray:19,accum,5,,,0
ex_R_8,frame_00100.png,frame_00104.png,,,,0,decode失敗,QR未検出,0.243655,0.328491,0.558231,0.418145,,accum_num:accum::5:None:0:None:gray:20,accum,5,,,0
ex_R_8,frame_00105.png,frame_00109.png,,,,0,decode失敗,QR未検出,0.199939,0.323185,0.570788,0.373358,,accum_num:accum::5:None:0:None:gray:21,accum,5,,,0
ex_R_8,frame_00110.png,frame_00114.png,,,,0,decode失敗,QR未検出,0.198856,0.330234,0.575831,0.371929,,accum_num:accum::5:None:0:None:gray:22,accum,5,,,0
ex_R_8,frame_00085.png,frame_00089.png,,,,0,decode失敗,QR未検出,0.165837,0.316278,0.579983,0.328167,,accum_num:accum::5:None:0:None:gray:17,accum,5,,,0
ex_R_8,frame_00090.png,frame_00094.png,,,,0,decode失敗,QR未検出,0.194072,0.300782,0.557298,0.384492,,accum_num:accum::5:None:0:None:gray:18,accum,5,,,0
ex_R_8,frame_00115.png,frame_00119.png,,,,0,decode失敗,QR未検出,0.366671,0.350297,0.537464,0.437932,,accum_num:accum::5:None:0:None:gray:23,accum,5,,,0
ex_R_12,frame_00010.png,frame_00014.png,,,,0,decode失敗,QR未検出,0.263827,0.349848,0.568080,0.385196,,accum_num:accum::5:None:0:None:gray:2,accum,5,,,0
ex_R_12,frame_00035.png,frame_00039.png,,,,0,decode失敗,QR未検出,0.278533,0.344715,0.559459,0.382782,,accum_num:accum::5:None:0:None:gray:7,accum,5,,,0
ex_R_12,frame_00025.png,frame_00029.png,,,,0,decode失敗,QR未検出,0.259256,0.350445,0.569906,0.375771,,accum_num:accum::5:None:0:None:gray:5,accum,5,,,0
ex_R_12,frame_00070.png,frame_00074.png,,,,0,decode失敗,QR未検出,0.261964,0.347117,0.566568,0.373423,,accum_num:accum::5:None:0:None:gray:14,accum,5,,,0
ex_R_12,frame_00030.png,frame_00034.png,,,,0,decode失敗,QR未検出,0.277236,0.340370,0.556255,0.397971,,accum_num:accum::5:None:0:None:gray:6,accum,5,,,0
ex_R_12,frame_00040.png,frame_00044.png,,,,0,decode失敗,QR未検出,0.274971,0.371553,0.580880,0.374726,,accum_num:accum::5:None:0:None:gray:8,accum,5,,,0
ex_R_12,frame_00065.png,frame_00069.png,,,,0,decode失敗,QR未検出,0.355651,0.340922,0.530948,0.470057,,accum_num:accum::5:None:0:None:gray:13,accum,5,,,0
ex_R_12,frame_00075.png,frame_00079.png,,,,0,decode失敗,QR未検出,0.340075,0.346906,0.542127,0.466519,,accum_num:accum::5:None:0:None:gray:15,accum,5,,,0
ex_R_12,frame_00055.png,frame_00059.png,,,,0,decode失敗,QR未検出,0.503960,0.357418,0.506234,0.493733,,accum_num:accum::5:None:0:None:gray:11,accum,5,,,0
ex_R_12,frame_00000.png,frame_00004.png,,,,0,decode失敗,QR未検出,0.240058,0.360270,0.582256,0.326534,,accum_num:accum::5:None:0:None:gray:0,accum,5,,,0
ex_R_12,frame_00020.png,frame_00024.png,,,,0,decode失敗,QR未検出,0.246150,0.346539,0.571058,0.378178,,accum_num:accum::5:None:0:None:gray:4,accum,5,,,0
ex_R_12,frame_00050.png,frame_00054.png,,,,0,decode失敗,QR未検出,0.254213,0.344133,0.566736,0.366314,,accum_num:accum::5:None:0:None:gray:10,accum,5,,,0
ex_R_12,frame_00005.png,frame_00009.png,,,,0,decode失敗,QR未検出,0.338336,0.348775,0.544508,0.461054,,accum_num:accum::5:None:0:None:gray:1,accum,5,,,0
ex_R_12,frame_00045.png,frame_00049.png,,,,0,decode失敗,QR未検出,0.260573,0.364669,0.579724,0.370715,,accum_num:accum::5:None:0:None:gray:9,accum,5,,,0
ex_R_12,frame_00060.png,frame_00064.png,,,,0,decode失敗,QR未検出,0.256797,0.344208,0.565970,0.369352,,accum_num:accum::5:None:0:None:gray:12,accum,5,,,0
ex_R_12,frame_00015.png,frame_00019.png,ex_R_12/rgb_max_accum_n5_gray/00015-00019-FRAME_rgbmax_scale1.00.png,,,0,decode失敗,QR未検出,0.228502,0.378803,0.596340,0.323033,,accum_num:accum::5:None:0:None:gray:3,accum,5,,,0
ex_R_12,frame_00080.png,frame_00084.png,,,,0,decode失敗,QR未検出,0.244421,0.341551,0.567969,0.364235,,accum_num:accum::5:None:0:None:gray:16,accum,5,,,0
ex_R_12,frame_00085.png,frame_00089.png,,,,0,decode失敗,QR未検出,0.363898,0.352033,0.540102,0.478067,,accum_num:accum::5:None:0:None:gray:17,accum,5,,,0
ex_R_12,frame_00090.png,frame_00094.png,,,,0,decode失敗,QR未検出,0.294948,0.352815,0.561169,0.409661,,accum_num:accum::5:None:0:None:gray:18,accum,5,,,0
ex_R_12,frame_00100.png,frame_00104.png,,,,0,decode失敗,QR未検出,0.310906,0.360201,0.562843,0.407927,,accum_num:accum::5:None:0:None:gray:20,accum,5,,,0
ex_R_12,frame_00105.png,frame_00109.png,,,,0,decode失敗,QR未検出,0.364634,0.338621,0.525437,0.474757,,accum_num:accum::5:None:0:None:gray:21,accum,5,,,0
ex_R_12,frame_00110.png,frame_00114.png,,,,0,decode失敗,QR未検出,0.358369,0.340835,0.529961,0.485211,,accum_num:accum::5:None:0:None:gray:22,accum,5,,,0
ex_R_12,frame_00115.png,frame_00119.png,,,,0,decode失敗,QR未検出,0.537247,0.364834,0.507641,0.513513,,accum_num:accum::5:None:0:None:gray:23,accum,5,,,0
ex_R_12,frame_00095.png,frame_00099.png,,,,0,decode失敗,QR未検出,0.310971,0.337073,0.541964,0.431451,,accum_num:accum::5:None:0:None:gray:19,accum,5,,,0
rice_G_4,frame_00030.png,frame_00034.png,,,,0,decode失敗,QR未検出,0.253672,0.392875,0.599115,0.317950,,accum_num:accum::5:None:0:None:gray:6,accum,5,,,0
rice_G_4,frame_00050.png,frame_00054.png,,,,0,decode失敗,QR未検出,0.251972,0.385032,0.594841,0.317217,,accum_num:accum::5:None:0:None:gray:10,accum,5,,,0
rice_G_4,frame_00010.png,frame_00014.png,,,,0,decode失敗,QR未検出,0.247605,0.373291,0.588637,0.324292,,accum_num:accum::5:None:0:None:gray:2,accum,5,,,0
rice_G_4,frame_00005.png,frame_00009.png,,,,0,decode失敗,QR未検出,0.290397,0.391014,0.590824,0.353249,,accum_num:accum::5:None:0:None:gray:1,accum,5,,,0
rice_G_4,frame_00065.png,frame_00069.png,,,,0,decode失敗,QR未検出,0.301705,0.394607,0.591077,0.356079,,accum_num:accum::5:None:0:None:gray:13,accum,5,,,0
rice_G_4,frame_00025.png,frame_00029.png,,,,0,decode失敗,QR未検出,0.255306,0.382597,0.592654,0.323447,,accum_num:accum::5:None:0:None:gray:5,accum,5,,,0
rice_G_4,frame_00040.png,frame_00044.png,,,,0,decode失敗,QR未検出,0.263181,0.399313,0.601092,0.325844,,accum_num:accum::5:None:0:None:gray:8,accum,5,,,0
rice_G_4,frame_00060.png,frame_00064.png,,,,0,decode失敗,QR未検出,0.273013,0.392541,0.595193,0.320532,,accum_num:accum::5:None:0:None:gray:12,accum,5,,,0
rice_G_4,frame_00075.png,frame_00079.png,,,,0,decode失敗,QR未検出,0.228005,0.397736,0.606543,0.285032,,accum_num:accum::5:None:0:None:gray:15,accum,5,,,0
rice_G_4,frame_00015.png,frame_00019.png,,,,0,decode失敗,QR未検出,0.256086,0.390828,0.597450,0.322425,,accum_num:accum::5:None:0:None:gray:3,accum,5,,,0
rice_G_4,frame_00055.png,frame_00059.png,,,,0,decode失敗,QR未検出,0.349689,0.399387,0.585786,0.351579,,accum_num:accum::5:None:0:None:gray:11,accum,5,,,0
rice_G_4,frame_00000.png,frame_00004.png,,,,0,decode失敗,QR未検出,0.305680,0.398147,0.592755,0.363410,,accum_num:accum::5:None:0:None:gray:0,accum,5,,,0
rice_G_4,frame_00035.png,frame_00039.png,,,,0,decode失敗,QR未検出,0.288947,0.397108,0.595102,0.349472,,accum_num:accum::5:None:0:None:gray:7,accum,5,,,0
rice_G_4,frame_00045.png,frame_00049.png,,,,0,decode失敗,QR未検出,0.301417,0.399113,0.594169,0.349192,,accum_num:accum::5:None:0:None:gray:9,accum,5,,,0
rice_G_4,frame_00020.png,frame_00024.png,,,,0,decode失敗,QR未検出,0.275135,0.381218,0.587452,0.353835,,accum_num:accum::5:None:0:None:gray:4,accum,5,,,0
rice_G_4,frame_00070.png,frame_00074.png,rice_G_4/rgb_max_accum_n5_gray/00070-00074-FRAME_rgbmax_scale1.00.png,,,0,decode失敗,QR未検出,0.292742,0.419795,0.608439,0.320721,,accum_num:accum::5:None:0:None:gray:14,accum,5,,,0
rice_G_4,frame_00080.png,frame_00084.png,,,,0,decode失敗,QR未検出,0.273475,0.381424,0.587952,0.323505,,accum_num:accum::5:None:0:None:gray:16,accum,5,,,0
rice_G_4,frame_00110.png,frame_00114.png,,,,0,decode失敗,QR未検出,0.270718,0.402840,0.601845,0.323200,,accum_num:accum::5:None:0:None:gray:22,accum,5,,,0
rice_G_4,frame_00085.png,frame_00089.png,,,,0,decode失敗,QR未検出,0.232825,0.402397,0.608058,0.285232,,accum_num:accum::5:None:0:None:gray:17,accum,5,,,0
rice_G_4,frame_00115.png,frame_00119.png,,,,0,decode失敗,QR未検出,0.314290,0.388240,0.584110,0.352146,,accum_num:accum::5:None:0:None:gray:23,accum,5,,,0
rice_G_4,frame_00095.png,frame_00099.png,,,,0,decode失敗,QR未検出,0.262928,0.402864,0.603182,0.324391,,accum_num:accum::5:None:0:None:gray:19,accum,5,,,0
rice_G_4,frame_00100.png,frame_00104.png,,,,0,decode失敗,QR未検出,0.299132,0.395390,0.592090,0.351849,,accum_num:accum::5:None:0:None:gray:20,accum,5,,,0
rice_G_4,frame_00105.png,frame_00109.png,,,,0,decode失敗,QR未検出,0.275905,0.401895,0.600396,0.317290,,accum_num:accum::5:None:0:None:gray:21,accum,5,,,0
rice_G_4,frame_00090.png,frame_00094.png,,,,0,decode失敗,QR未検出,0.273679,0.395595,0.596960,0.323675,,accum_num:accum::5:None:0:None:gray:18,accum,5,,,0
rice_G_8,frame_00015.png,frame_00019.png,,,,0,decode失敗,QR未検出,0.229560,0.389870,0.602160,0.288463,,accum_num:accum::5:None:0:None:gray:3,accum,5,,,0
rice_G_8,frame_00020.png,frame_00024.png,,,,0,decode失敗,QR未検出,0.282731,0.397509,0.596489,0.326445,,accum_num:accum::5:None:0:None:gray:4,accum,5,,,0
rice_G_8,frame_00005.png,frame_00009.png,,,,0,decode失敗,QR未検出,0.234499,0.390924,0.601749,0.287598,,accum_num:accum::5:None:0:None:gray:1,accum,5,,,0
rice_G_8,frame_00045.png,frame_00049.png,,,,0,decode失敗,QR未検出,0.278945,0.378647,0.584866,0.355281,,accum_num:accum::5:None:0:None:gray:9,accum,5,,,0
rice_G_8,frame_00065.png,frame_00069.png,,,,0,decode失敗,QR未検出,0.283581,0.403786,0.600240,0.322445,,accum_num:accum::5:None:0:None:gray:13,accum,5,,,0
rice_G_8,frame_00000.png,frame_00004.png,,,,0,decode失敗,QR未検出,0.243417,0.393504,0.601434,0.294127,,accum_num:accum::5:None:0:None:gray:0,accum,5,,,0
rice_G_8,frame_00040.png,frame_00044.png,,,,0,decode失敗,QR未検出,0.256186,0.383632,0.593100,0.321361,,accum_num:accum::5:None:0:None:gray:8,accum,5,,,0
rice_G_8,frame_00070.png,frame_00074.png,,,,0,decode失敗,QR未検出,0.253503,0.385250,0.594650,0.322608,,accum_num:accum::5:None:0:None:gray:14,accum,5,,,0
rice_G_8,frame_00010.png,frame_00014.png,,,,0,decode失敗,QR未検出,0.265745,0.400177,0.601143,0.318613,,accum_num:accum::5:None:0:None:gray:2,accum,5,,,0
rice_G_8,frame_00025.png,frame_00029.png,,,,0,decode失敗,QR未検出,0.262257,0.380673,0.589931,0.325358,,accum_num:accum::5:None:0:None:gray:5,accum,5,,,0
rice_G_8,frame_00035.png,frame_00039.png,,,,0,decode失敗,QR未検出,0.288465,0.379107,0.583043,0.360868,,accum_num:accum::5:None:0:None:gray:7,accum,5,,,0
rice_G_8,frame_00030.png,frame_00034.png,,,,0,decode失敗,QR未検出,0.266942,0.394530,0.597570,0.319227,,accum_num:accum::5:None:0:None:gray:6,accum,5,,,0
rice_G_8,frame_00050.png,frame_00054.png,,,,0,decode失敗,QR未検出,0.343573,0.388795,0.578618,0.395480,,accum_num:accum::5:None:0:None:gray:10,accum,5,,,0
rice_G_8,frame_00075.png,frame_00079.png,,,,0,decode失敗,QR未検出,0.296374,0.380401,0.582203,0.363195,,accum_num:accum::5:None:0:None:gray:15,accum,5,,,0
rice_G_8,frame_00055.png,frame_00059.png,,,,0,decode失敗,QR未検出,0.325826,0.393471,0.585701,0.343861,,accum_num:accum::5:None:0:None:gray:11,accum,5,,,0
rice_G_8,frame_00060.png,frame_00064.png,rice_G_8/rgb_max_accum_n5_gray/00060-00064-FRAME_rgbmax_scale1.00.png,,,0,decode失敗,QR未検出,0.249662,0.403056,0.605538,0.293290,,accum_num:accum::5:None:0:None:gray:12,accum,5,,,0
rice_G_8,frame_00090.png,frame_00094.png,,,,0,decode失敗,QR未検出,0.278518,0.392900,0.594360,0.325659,,accum_num:accum::5:None:0:None:gray:18,accum,5,,,0
rice_G_8,frame_00080.png,frame_00084.png,,,,0,decode失敗,QR未検出,0.301983,0.389981,0.587828,0.359037,,accum_num:accum::5:None:0:None:gray:16,accum,5,,,0
rice_G_8,frame_00105.png,frame_00109.png,,,,0,decode失敗,QR未検出,0.299216,0.394579,0.591527,0.343159,,accum_num:accum::5:None:0:None:gray:21,accum,5,,,0
rice_G_8,frame_00110.png,frame_00114.png,,,,0,decode失敗,QR未検出,0.267936,0.394535,0.597387,0.317670,,accum_num:accum::5:None:0:None:gray:22,accum,5,,,0
rice_G_8,frame_00095.png,frame_00099.png,,,,0,decode失敗,QR未検出,0.284813,0.381456,0.585492,0.356658,,accum_num:accum::5:None:0:None:gray:19,accum,5,,,0
rice_G_8,frame_00085.png,frame_00089.png,,,,0,decode失敗,QR未検出,0.286994,0.384434,0.587067,0.358857,,accum_num:accum::5:None:0:None:gray:17,accum,5,,,0
rice_G_8,frame_00100.png,frame_00104.png,,,,0,decode失敗,QR未検出,0.301467,0.381781,0.582084,0.353413,,accum_num:accum::5:None:0:None:gray:20,accum,5,,,0
rice_G_8,frame_00115.png,frame_00119.png,,,,0,decode失敗,QR未検出,0.305327,0.380911,0.580599,0.343253,,accum_num:accum::5:None:0:None:gray:23,accum,5,,,0
rice_G_12,frame_00000.png,frame_00004.png,rice_G_12/rgb_max_accum_n5_gray/00000-00004-FRAME_rgbmax_scale1.00.png,,,0,decode失敗,QR未検出,0.330452,0.430797,0.610444,0.310157,,accum_num:accum::5:None:0:None:gray:0,accum,5,,,0
rice_G_12,frame_00015.png,frame_00019.png,,,,0,decode失敗,QR未検出,0.356689,0.419234,0.599434,0.331808,,accum_num:accum::5:None:0:None:gray:3,accum,5,,,0
rice_G_12,frame_00040.png,frame_00044.png,,,,0,decode失敗,QR未検出,0.363208,0.425153,0.602797,0.342600,,accum_num:accum::5:None:0:None:gray:8,accum,5,,,0
rice_G_12,frame_00070.png,frame_00074.png,,,,0,decode失敗,QR未検出,0.370769,0.425657,0.602223,0.337077,,accum_num:accum::5:None:0:None:gray:14,accum,5,,,0
rice_G_12,frame_00005.png,frame_00009.png,,,,0,decode失敗,QR未検出,0.333716,0.429258,0.609097,0.305911,,accum_num:accum::5:None:0:None:gray:1,accum,5,,,0
rice_G_12,frame_00075.png,frame_00079.png,,,,0,decode失敗,QR未検出,0.366313,0.425202,0.602447,0.337885,,accum_num:accum::5:None:0:None:gray:15,accum,5,,,0
rice_G_12,frame_00065.png,frame_00069.png,,,,0,decode失敗,QR未検出,0.364509,0.428563,0.605038,0.336598,,accum_num:accum::5:None:0:None:gray:13,accum,5,,,0
rice_G_12,frame_00045.png,frame_00049.png,,,,0,decode失敗,QR未検出,0.346713,0.412582,0.596092,0.330917,,accum_num:accum::5:None:0:None:gray:9,accum,5,,,0
rice_G_12,frame_00060.png,frame_00064.png,,,,0,decode失敗,QR未検出,0.367590,0.413946,0.594010,0.350370,,accum_num:accum::5:None:0:None:gray:12,accum,5,,,0
rice_G_12,frame_00050.png,frame_00054.png,,,,0,decode失敗,QR未検出,0.365021,0.424422,0.602051,0.336326,,accum_num:accum::5:None:0:None:gray:10,accum,5,,,0
rice_G_12,frame_00030.png,frame_00034.png,,,,0,decode失敗,QR未検出,0.372965,0.415336,0.594285,0.343586,,accum_num:accum::5:None:0:None:gray:6,accum,5,,,0
rice_G_12,frame_00020.png,frame_00024.png,,,,0,decode失敗,QR未検出,0.359178,0.424614,0.602919,0.334006,,accum_num:accum::5:None:0:None:gray:4,accum,5,,,0
rice_G_12,frame_00035.png,frame_00039.png,,,,0,decode失敗,QR未検出,0.362239,0.411842,0.593219,0.344802,,accum_num:accum::5:None:0:None:gray:7,accum,5,,,0
rice_G_12,frame_00055.png,frame_00059.png,,,,0,decode失敗,QR未検出,0.442899,0.422488,0.590601,0.362829,,accum_num:accum::5:None:0:None:gray:11,accum,5,,,0
rice_G_12,frame_00010.png,frame_00014.png,,,,0,decode失敗,QR未検出,0.313048,0.409383,0.599028,0.307183,,accum_num:accum::5:None:0:None:gray:2,accum,5,,,0
rice_G_12,frame_00025.png,frame_00029.png,,,,0,decode失敗,QR未検出,0.395060,0.410698,0.587330,0.374571,,accum_num:accum::5:None:0:None:gray:5,accum,5,,,0
rice_G_12,frame_00110.png,frame_00114.png,,,,0,decode失敗,QR未検出,0.401767,0.421394,0.595047,0.374802,,accum_num:accum::5:None:0:None:gray:22,accum,5,,,0
rice_G_12,frame_00115.png,frame_00119.png,,,,0,decode失敗,QR未検出,0.381238,0.422632,0.598678,0.321942,,accum_num:accum::5:None:0:None:gray:23,accum,5,,,0
rice_G_12,frame_00095.png,frame_00099.png,,,,0,decode失敗,QR未検出,0.416056,0.427665,0.598269,0.368830,,accum_num:accum::5:None:0:None:gray:19,accum,5,,,0
rice_G_12,frame_00085.png,frame_00089.png,,,,0,decode失敗,QR未検出,0.421357,0.428571,0.598370,0.377615,,accum_num:accum::5:None:0:None:gray:17,accum,5,,,0
rice_G_12,frame_00100.png,frame_00104.png,,,,0,decode失敗,QR未検出,0.358026,0.412582,0.594404,0.339342,,accum_num:accum::5:None:0:None:gray:20,accum,5,,,0
rice_G_12,frame_00105.png,frame_00109.png,,,,0,decode失敗,QR未検出,0.369433,0.426817,0.603218,0.337513,,accum_num:accum::5:None:0:None:gray:21,accum,5,,,0
rice_G_12,frame_00080.png,frame_00084.png,,,,0,decode失敗,QR未検出,0.365602,0.414736,0.594893,0.336339,,accum_num:accum::5:None:0:None:gray:16,accum,5,,,0
rice_G_12,frame_00090.png,frame_00094.png,,,,0,decode失敗,QR未検出,0.374660,0.428902,0.604090,0.336729,,accum_num:accum::5:None:0:None:gray:18,accum,5,,,0
nagaoka_fireworks_G_4,frame_00040.png,frame_00044.png,,,,0,decode失敗,QR未検出,0.249434,0.370536,0.586449,0.218964,,accum_num:accum::5:None:0:None:gray:8,accum,5,,,0
nagaoka_fireworks_G_4,frame_00035.png,frame_00039.png,,,,0,decode失敗,QR未検出,0.242672,0.367138,0.585979,0.220022,,accum_num:accum::5:None:0:None:gray:7,accum,5,,,0
nagaoka_fireworks_G_4,frame_00025.png,frame_00029.png,,,,0,decode失敗,QR未検出,0.240431,0.362052,0.583311,0.203533,,accum_num:accum::5:None:0:None:gray:5,accum,5,,,0
nagaoka_fireworks_G_4,frame_00050.png,frame_00054.png,,,,0,decode失敗,QR未検出,0.249404,0.367040,0.584199,0.217918,,accum_num:accum::5:None:0:None:gray:10,accum,5,,,0
nagaoka_fireworks_G_4,frame_00065.png,frame_00069.png,,,,0,decode失敗,QR未検出,0.262118,0.360081,0.576095,0.238145,,accum_num:accum::5:None:0:None:gray:13,accum,5,,,0
nagaoka_fireworks_G_4,frame_00045.png,frame_00049.png,,,,0,decode失敗,QR未検出,0.261521,0.375696,0.586889,0.223268,,accum_num:accum::5:None:0:None:gray:9,accum,5,,,0
nagaoka_fireworks_G_4,frame_00075.png,frame_00079.png,,,,0,decode失敗,QR未検出,0.270320,0.379575,0.587428,0.237101,,accum_num:accum::5:None:0:None:gray:15,accum,5,,,0
nagaoka_fireworks_G_4,frame_00030.png,frame_00034.png,,,,0,decode失敗,QR未検出,0.255694,0.369340,0.584122,0.224677,,accum_num:accum::5:None:0:None:gray:6,accum,5,,,0
nagaoka_fireworks_G_4,frame_00070.png,frame_00074.png,,,,0,decode失敗,QR未検出,0.262764,0.377251,0.587615,0.226702,,accum_num:accum::5:None:0:None:gray:14,accum,5,,,0
nagaoka_fireworks_G_4,frame_00015.png,frame_00019.png,,,,0,decode失敗,QR未検出,0.261646,0.364604,0.579398,0.230925,,accum_num:accum::5:None:0:None:gray:3,accum,5,,,0
nagaoka_fireworks_G_4,frame_00020.png,frame_00024.png,,,,0,decode失敗,QR未検出,0.270922,0.369082,0.580147,0.234927,,accum_num:accum::5:None:0:None:gray:4,accum,5,,,0
nagaoka_fireworks_G_4,frame_00060.png,frame_00064.png,,,,0,decode失敗,QR未検出,0.317768,0.377794,0.575435,0.248937,,accum_num:accum::5:None:0:None:gray:12,accum,5,,,0
nagaoka_fireworks_G_4,frame_00010.png,frame_00014.png,,,,0,decode失敗,QR未検出,0.241927,0.374092,0.590482,0.207598,,accum_num:accum::5:None:0:None:gray:2,accum,5,,,0
nagaoka_fireworks_G_4,frame_00000.png,frame_00004.png,,,,0,decode失敗,QR未検出,0.294456,0.366613,0.572375,0.241875,,accum_num:accum::5:None:0:None:gray:0,accum,5,,,0
nagaoka_fireworks_G_4,frame_00055.png,frame_00059.png,,,,0,decode失敗,QR未検出,0.432217,0.377843,0.549412,0.316570,,accum_num:accum::5:None:0:None:gray:11,accum,5,,,0
nagaoka_fireworks_G_4,frame_00005.png,frame_00009.png,,,,0,decode失敗,QR未検出,0.263573,0.377037,0.587289,0.214250,,accum_num:accum::5:None:0:None:gray:1,accum,5,,,0
nagaoka_fireworks_G_4,frame_00085.png,frame_00089.png,nagaoka_fireworks_G_4/rgb_max_accum_n5_gray/00085-00089-FRAME_rgbmax_scale1.00.png,,,0,decode失敗,QR未検出,0.237733,0.385334,0.598006,0.200095,,accum_num:accum::5:None:0:None:gray:17,accum,5,,,0
nagaoka_fireworks_G_4,frame_00080.png,frame_00084.png,,,,0,decode失敗,QR未検出,0.236625,0.367609,0.587811,0.205121,,accum_num:accum::5:None:0:None:gray:16,accum,5,,,0
nagaoka_fireworks_G_4,frame_00090.png,frame_00094.png,,,,0,decode失敗,QR未検出,0.241673,0.364367,0.584471,0.219952,,accum_num:accum::5:None:0:None:gray:18,accum,5,,,0
nagaoka_fireworks_G_4,frame_00105.png,frame_00109.png,,,,0,decode失敗,QR未検出,0.245688,0.366649,0.584896,0.214257,,accum_num:accum::5:None:0:None:gray:21,accum,5,,,0
nagaoka_fireworks_G_4,frame_00100.png,frame_00104.png,,,,0,decode失敗,QR未検出,0.201167,0.354191,0.589504,0.198312,,accum_num:accum::5:None:0:None:gray:20,accum,5,,,0
nagaoka_fireworks_G_4,frame_00110.png,frame_00114.png,,,,0,decode失敗,QR未検出,0.237405,0.357526,0.581199,0.218402,,accum_num:accum::5:None:0:None:gray:22,accum,5,,,0
nagaoka_fireworks_G_4,frame_00115.png,frame_00119.png,,,,0,decode失敗,QR未検出,0.433236,0.378297,0.549664,0.318014,,accum_num:accum::5:None:0:None:gray:23,accum,5,,,0
nagaoka_fireworks_G_4,frame_00095.png,frame_00099.png,,,,0,decode失敗,QR未検出,0.233679,0.362134,0.585174,0.210351,,accum_num:accum::5:None:0:None:gray:19,accum,5,,,0
nagaoka_fireworks_G_8,frame_00030.png,frame_00034.png,,,,0,decode失敗,QR未検出,0.269943,0.373898,0.583710,0.226881,,accum_num:accum::5:None:0:None:gray:6,accum,5,,,0
nagaoka_fireworks_G_8,frame_00075.png,frame_00079.png,,,,0,decode失敗,QR未検出,0.292444,0.384581,0.586016,0.234062,,accum_num:accum::5:None:0:None:gray:15,accum,5,,,0
nagaoka_fireworks_G_8,frame_00020.png,frame_00024.png,,,,0,decode失敗,QR未検出,0.276948,0.382992,0.588239,0.236051,,accum_num:accum::5:None:0:None:gray:4,accum,5,,,0
nagaoka_fireworks_G_8,frame_00045.png,frame_00049.png,,,,0,decode失敗,QR未検出,0.254144,0.382352,0.592755,0.209168,,accum_num:accum::5:None:0:None:gray:9,accum,5,,,0
nagaoka_fireworks_G_8,frame_00070.png,frame_00074.png,,,,0,decode失敗,QR未検出,0.280764,0.377944,0.583970,0.224644,,accum_num:accum::5:None:0:None:gray:14,accum,5,,,0
nagaoka_fireworks_G_8,frame_00065.png,frame_00069.png,,,,0,decode失敗,QR未検出,0.301819,0.378392,0.579514,0.240990,,accum_num:accum::5:None:0:None:gray:13,accum,5,,,0
nagaoka_fireworks_G_8,frame_00025.png,frame_00029.png,,,,0,decode失敗,QR未検出,0.276655,0.372957,0.581458,0.236396,,accum_num:accum::5:None:0:None:gray:5,accum,5,,,0
nagaoka_fireworks_G_8,frame_00040.png,frame_00044.png,,,,0,decode失敗,QR未検出,0.236223,0.363646,0.585447,0.203336,,accum_num:accum::5:None:0:None:gray:8,accum,5,,,0
nagaoka_fireworks_G_8,frame_00000.png,frame_00004.png,,,,0,decode失敗,QR未検出,0.337969,0.368689,0.563053,0.265543,,accum_num:accum::5:None:0:None:gray:0,accum,5,,,0
nagaoka_fireworks_G_8,frame_00015.png,frame_00019.png,,,,0,decode失敗,QR未検出,0.270663,0.370334,0.581085,0.225359,,accum_num:accum::5:None:0:None:gray:3,accum,5,,,0
nagaoka_fireworks_G_8,frame_00060.png,frame_00064.png,,,,0,decode失敗,QR未検出,0.338679,0.382992,0.574956,0.265992,,accum_num:accum::5:None:0:None:gray:12,accum,5,,,0
nagaoka_fireworks_G_8,frame_00050.png,frame_00054.png,nagaoka_fireworks_G_8/rgb_max_accum_n5_gray/00050-00054-FRAME_rgbmax_scale1.00.png,,,0,decode失敗,QR未検出,0.264175,0.395222,0.598505,0.208086,,accum_num:accum::5:None:0:None:gray:10,accum,5,,,0
nagaoka_fireworks_G_8,frame_00035.png,frame_00039.png,,,,0,decode失敗,QR未検出,0.237564,0.369781,0.588910,0.213895,,accum_num:accum::5:None:0:None:gray:7,accum,5,,,0
nagaoka_fireworks_G_8,frame_00010.png,frame_00014.png,,,,0,decode失敗,QR未検出,0.272650,0.367946,0.578912,0.229869,,accum_num:accum::5:None:0:None:gray:2,accum,5,,,0
nagaoka_fireworks_G_8,frame_00005.png,frame_00009.png,,,,0,decode失敗,QR未検出,0.278667,0.363452,0.574093,0.243140,,accum_num:accum::5:None:0:None:gray:1,accum,5,,,0
nagaoka_fireworks_G_8,frame_00055.png,frame_00059.png,,,,0,decode失敗,QR未検出,0.461675,0.394525,0.560899,0.315764,,accum_num:accum::5:None:0:None:gray:11,accum,5,,,0
nagaoka_fireworks_G_8,frame_00085.png,frame_00089.png,,,,0,decode失敗,QR未検出,0.250368,0.367063,0.583968,0.204459,,accum_num:accum::5:None:0:None:gray:17,accum,5,,,0
nagaoka_fireworks_G_8,frame_00080.png,frame_00084.png,,,,0,decode失敗,QR未検出,0.274191,0.377868,0.585414,0.223224,,accum_num:accum::5:None:0:None:gray:16,accum,5,,,0
nagaoka_fireworks_G_8,frame_00110.png,frame_00114.png,,,,0,decode失敗,QR未検出,0.252588,0.383649,0.593879,0.205687,,accum_num:accum::5:None:0:None:gray:22,accum,5,,,0
nagaoka_fireworks_G_8,frame_00095.png,frame_00099.png,,,,0,decode失敗,QR未検出,0.236685,0.363097,0.584978,0.207940,,accum_num:accum::5:None:0:None:gray:19,accum,5,,,0
nagaoka_fireworks_G_8,frame_00100.png,frame_00104.png,,,,0,decode失敗,QR未検出,0.264905,0.371434,0.583251,0.227390,,accum_num:accum::5:None:0:None:gray:20,accum,5,,,0
nagaoka_fireworks_G_8,frame_00105.png,frame_00109.png,,,,0,decode失敗,QR未検出,0.271180,0.361121,0.574379,0.236448,,accum_num:accum::5:None:0:None:gray:21,accum,5,,,0
nagaoka_fireworks_G_8,frame_00090.png,frame_00094.png,,,,0,decode失敗,QR未検出,0.261815,0.366897,0.580935,0.218852,,accum_num:accum::5:None:0:None:gray:18,accum,5,,,0
nagaoka_fireworks_G_8,frame_00115.png,frame_00119.png,,,,0,decode失敗,QR未検出,0.460095,0.387239,0.553470,0.314753,,accum_num:accum::5:None:0:None:gray:23,accum,5,,,0
nagaoka_fireworks_G_12,frame_00075.png,frame_00079.png,,,,0,decode失敗,QR未検出,0.312039,0.387311,0.583888,0.234069,,accum_num:accum::5:None:0:None:gray:15,accum,5,,,0
nagaoka_fireworks_G_12,frame_00000.png,frame_00004.png,,,,0,decode失敗,QR未検出,0.367436,0.398425,0.581855,0.253147,,accum_num:accum::5:None:0:None:gray:0,accum,5,,,0
nagaoka_fireworks_G_12,frame_00025.png,frame_00029.png,,,,0,decode失敗,QR未検出,0.284371,0.388817,0.590559,0.217310,,accum_num:accum::5:None:0:None:gray:5,accum,5,,,0
nagaoka_fireworks_G_12,frame_00005.png,frame_00009.png,,,,0,decode失敗,QR未検出,0.319164,0.385453,0.581029,0.228640,,accum_num:accum::5:None:0:None:gray:1,accum,5,,,0
nagaoka_fireworks_G_12,frame_00015.png,frame_00019.png,,,,0,decode失敗,QR未検出,0.308348,0.384904,0.582891,0.237795,,accum_num:accum::5:None:0:None:gray:3,accum,5,,,0
nagaoka_fireworks_G_12,frame_00030.png,frame_00034.png,,,,0,decode失敗,QR未検出,0.272377,0.382850,0.589130,0.209954,,accum_num:accum::5:None:0:None:gray:6,accum,5,,,0
nagaoka_fireworks_G_12,frame_00070.png,frame_00074.png,,,,0,decode失敗,QR未検出,0.320739,0.398623,0.590381,0.230569,,accum_num:accum::5:None:0:None:gray:14,accum,5,,,0
nagaoka_fireworks_G_12,frame_00045.png,frame_00049.png,,,,0,decode失敗,QR未検出,0.322065,0.385330,0.580327,0.237642,,accum_num:accum::5:None:0:None:gray:9,accum,5,,,0
nagaoka_fireworks_G_12,frame_00055.png,frame_00059.png,,,,0,decode失敗,QR未検出,0.503130,0.390446,0.548401,0.328802,,accum_num:accum::5:None:0:None:gray:11,accum,5,,,0
nagaoka_fireworks_G_12,frame_00040.png,frame_00044.png,,,,0,decode失敗,QR未検出,0.308795,0.389383,0.586047,0.222979,,accum_num:accum::5:None:0:None:gray:8,accum,5,,,0
nagaoka_fireworks_G_12,frame_00010.png,frame_00014.png,,,,0,decode失敗,QR未検出,0.315423,0.388654,0.584185,0.233908,,accum_num:accum::5:None:0:None:gray:2,accum,5,,,0
nagaoka_fireworks_G_12,frame_00060.png,frame_00064.png,,,,0,decode失敗,QR未検出,0.343061,0.374643,0.566983,0.256255,,accum_num:accum::5:None:0:None:gray:12,accum,5,,,0
nagaoka_fireworks_G_12,frame_00050.png,frame_00054.png,,,,0,decode失敗,QR未検出,0.320311,0.398264,0.590203,0.231624,,accum_num:accum::5:None:0:None:gray:10,accum,5,,,0
nagaoka_fireworks_G_12,frame_00020.png,frame_00024.png,,,,0,decode失敗,QR未検出,0.309078,0.377021,0.576825,0.232746,,accum_num:accum::5:None:0:None:gray:4,accum,5,,,0
nagaoka_fireworks_G_12,frame_00035.png,frame_00039.png,,,,0,decode失敗,QR未検出,0.291798,0.377358,0.581038,0.232457,,accum_num:accum::5:None:0:None:gray:7,accum,5,,,0
nagaoka_fireworks_G_12,frame_00065.png,frame_00069.png,,,,0,decode失敗,QR未検出,0.321360,0.377879,0.574685,0.246904,,accum_num:accum::5:None:0:None:gray:13,accum,5,,,0
nagaoka_fireworks_G_12,frame_00085.png,frame_00089.png,,,,0,decode失敗,QR未検出,0.280893,0.364090,0.573981,0.226321,,accum_num:accum::5:None:0:None:gray:17,accum,5,,,0
nagaoka_fireworks_G_12,frame_00090.png,frame_00094.png,,,,0,decode失敗,QR未検出,0.277062,0.362343,0.573696,0.234510,,accum_num:accum::5:None:0:None:gray:18,accum,5,,,0
nagaoka_fireworks_G_12,frame_00095.png,frame_00099.png,nagaoka_fireworks_G_12/rgb_max_accum_n5_gray/00095-00099-FRAME_rgbmax_scale1.00.png,,,0,decode失敗,QR未検出,0.305600,0.400753,0.594528,0.223137,,accum_num:accum::5:None:0:None:gray:19,accum,5,,,0
nagaoka_fireworks_G_12,frame_00105.png,frame_00109.png,,,,0,decode失敗,QR未検出,0.287322,0.387867,0.589328,0.214651,,accum_num:accum::5:None:0:None:gray:21,accum,5,,,0
nagaoka_fireworks_G_12,frame_00080.png,frame_00084.png,,,,0,decode失敗,QR未検出,0.279467,0.377489,0.583951,0.209976,,accum_num:accum::5:None:0:None:gray:16,accum,5,,,0
nagaoka_fireworks_G_12,frame_00100.png,frame_00104.png,,,,0,decode失敗,QR未検出,0.264294,0.375124,0.585865,0.214198,,accum_num:accum::5:None:0:None:gray:20,accum,5,,,0
nagaoka_fireworks_G_12,frame_00115.png,frame_00119.png,,,,0,decode失敗,QR未検出,0.454013,0.387258,0.554737,0.309046,,accum_num:accum::5:None:0:None:gray:23,accum,5,,,0
nagaoka_fireworks_G_12,frame_00110.png,frame_00114.png,,,,0,decode失敗,QR未検出,0.284773,0.374816,0.580844,0.232567,,accum_num:accum::5:None:0:None:gray:22,accum,5,,,0
hocho_G_4,frame_00025.png,frame_00029.png,,,,0,decode失敗,QR未検出,0.246050,0.363327,0.582642,0.296803,,accum_num:accum::5:None:0:None:gray:5,accum,5,,,0
hocho_G_4,frame_00075.png,frame_00079.png,,,,0,decode失敗,QR未検出,0.207268,0.388385,0.605880,0.256835,,accum_num:accum::5:None:0:None:gray:15,accum,5,,,0
hocho_G_4,frame_00035.png,frame_00039.png,,,,0,decode失敗,QR未検出,0.179465,0.379800,0.607829,0.231257,,accum_num:accum::5:None:0:None:gray:7,accum,5,,,0
hocho_G_4,frame_00050.png,frame_00054.png,,,,0,decode失敗,QR未検出,0.205290,0.383562,0.603939,0.246495,,accum_num:accum::5:None:0:None:gray:10,accum,5,,,0
hocho_G_4,frame_00020.png,frame_00024.png,,,,0,decode失敗,QR未検出,0.217711,0.386433,0.602769,0.262861,,accum_num:accum::5:None:0:None:gray:4,accum,5,,,0
hocho_G_4,frame_00015.png,frame_00019.png,,,,0,decode失敗,QR未検出,0.199552,0.360018,0.593184,0.260974,,accum_num:accum::5:None:0:None:gray:3,accum,5,,,0
hocho_G_4,frame_00010.png,frame_00014.png,,,,0,decode失敗,QR未検出,0.225670,0.381544,0.598485,0.268527,,accum_num:accum::5:None:0:None:gray:2,accum,5,,,0
hocho_G_4,frame_00055.png,frame_00059.png,,,,0,decode失敗,QR未検出,0.412324,0.358086,0.532738,0.425686,,accum_num:accum::5:None:0:None:gray:11,accum,5,,,0
hocho_G_4,frame_00040.png,frame_00044.png,,,,0,decode失敗,QR未検出,0.224826,0.369930,0.592155,0.267140,,accum_num:accum::5:None:0:None:gray:8,accum,5,,,0
hocho_G_4,frame_00000.png,frame_00004.png,,,,0,decode失敗,QR未検出,0.241375,0.364092,0.584373,0.286287,,accum_num:accum::5:None:0:None:gray:0,accum,5,,,0
hocho_G_4,frame_00065.png,frame_00069.png,,,,0,decode失敗,QR未検出,0.213508,0.370462,0.595250,0.275861,,accum_num:accum::5:None:0:None:gray:13,accum,5,,,0
hocho_G_4,frame_00030.png,frame_00034.png,,,,0,decode失敗,QR未検出,0.212733,0.389885,0.605516,0.254606,,accum_num:accum::5:None:0:None:gray:6,accum,5,,,0
hocho_G_4,frame_00005.png,frame_00009.png,,,,0,decode失敗,QR未検出,0.229093,0.364306,0.587732,0.281101,,accum_num:accum::5:None:0:None:gray:1,accum,5,,,0
hocho_G_4,frame_00045.png,frame_00049.png,hocho_G_4/rgb_max_accum_n5_gray/00045-00049-FRAME_rgbmax_scale1.00.png,,,0,decode失敗,QR未検出,0.200247,0.393634,0.609722,0.239824,,accum_num:accum::5:None:0:None:gray:9,accum,5,,,0
hocho_G_4,frame_00060.png,frame_00064.png,,,,0,decode失敗,QR未検出,0.217910,0.366110,0.591704,0.273827,,accum_num:accum::5:None:0:None:gray:12,accum,5,,,0
hocho_G_4,frame_00070.png,frame_00074.png,,,,0,decode失敗,QR未検出,0.204689,0.361534,0.592617,0.269870,,accum_num:accum::5:None:0:None:gray:14,accum,5,,,0
hocho_G_4,frame_00085.png,frame_00089.png,,,,0,decode失敗,QR未検出,0.218158,0.387956,0.603456,0.252527,,accum_num:accum::5:None:0:None:gray:17,accum,5,,,0
hocho_G_4,frame_00100.png,frame_00104.png,,,,0,decode失敗,QR未検出,0.223916,0.392625,0.604702,0.249425,,accum_num:accum::5:None:0:None:gray:20,accum,5,,,0
hocho_G_4,frame_00080.png,frame_00084.png,,,,0,decode失敗,QR未検出,0.203611,0.383045,0.604046,0.249203,,accum_num:accum::5:None:0:None:gray:16,accum,5,,,0
hocho_G_4,frame_00115.png,frame_00119.png,,,,0,decode失敗,QR未検出,0.305262,0.364901,0.568230,0.319317,,accum_num:accum::5:None:0:None:gray:23,accum,5,,,0
hocho_G_4,frame_00095.png,frame_00099.png,,,,0,decode失敗,QR未検出,0.171247,0.365716,0.603546,0.227671,,accum_num:accum::5:None:0:None:gray:19,accum,5,,,0
hocho_G_4,frame_00105.png,frame_00109.png,,,,0,decode失敗,QR未検出,0.203323,0.392361,0.608546,0.251997,,accum_num:accum::5:None:0:None:gray:21,accum,5,,,0
hocho_G_4,frame_00110.png,frame_00114.png,,,,0,decode失敗,QR未検出,0.169578,0.369430,0.605619,0.227047,,accum_num:accum::5:None:0:None:gray:22,accum,5,,,0
hocho_G_4,frame_00090.png,frame_00094.png,,,,0,decode失敗,QR未検出,0.184806,0.386149,0.609456,0.228114,,accum_num:accum::5:None:0:None:gray:18,accum,5,,,0
hocho_G_8,frame_00010.png,frame_00014.png,,,,0,decode失敗,QR未検出,0.249563,0.374255,0.588775,0.295616,,accum_num:accum::5:None:0:None:gray:2,accum,5,,,0
hocho_G_8,frame_00075.png,frame_00079.png,,,,0,decode失敗,QR未検出,0.292539,0.376135,0.579981,0.343980,,accum_num:accum::5:None:0:None:gray:15,accum,5,,,0
hocho_G_8,frame_00070.png,frame_00074.png,,,,0,decode失敗,QR未検出,0.298292,0.349564,0.557417,0.372319,,accum_num:accum::5:None:0:None:gray:14,accum,5,,,0
hocho_G_8,frame_00030.png,frame_00034.png,,,,0,decode失敗,QR未検出,0.228383,0.375749,0.594641,0.285693,,accum_num:accum::5:None:0:None:gray:6,accum,5,,,0
hocho_G_8,frame_00045.png,frame_00049.png,,,,0,decode失敗,QR未検出,0.336230,0.364085,0.559428,0.391576,,accum_num:accum::5:None:0:None:gray:9,accum,5,,,0
hocho_G_8,frame_00005.png,frame_00009.png,,,,0,decode失敗,QR未検出,0.233461,0.363062,0.585813,0.302464,,accum_num:accum::5:None:0:None:gray:1,accum,5,,,0
hocho_G_8,frame_00015.png,frame_00019.png,,,,0,decode失敗,QR未検出,0.218034,0.368002,0.592750,0.276710,,accum_num:accum::5:None:0:None:gray:3,accum,5,,,0
hocho_G_8,frame_00055.png,frame_00059.png,,,,0,decode失敗,QR未検出,0.326949,0.359928,0.558215,0.371162,,accum_num:accum::5:None:0:None:gray:11,accum,5,,,0
hocho_G_8,frame_00060.png,frame_00064.png,,,,0,decode失敗,QR未検出,0.292404,0.365653,0.572163,0.343530,,accum_num:accum::5:None:0:None:gray:12,accum,5,,,0
hocho_G_8,frame_00050.png,frame_00054.png,,,,0,decode失敗,QR未検出,0.292141,0.353709,0.562731,0.362683,,accum_num:accum::5:None:0:None:gray:10,accum,5,,,0
hocho_G_8,frame_00025.png,frame_00029.png,,,,0,decode失敗,QR未検出,0.294695,0.375433,0.578964,0.346677,,accum_num:accum::5:None:0:None:gray:5,accum,5,,,0
hocho_G_8,frame_00020.png,frame_00024.png,,,,0,decode失敗,QR未検出,0.240297,0.359393,0.581617,0.312533,,accum_num:accum::5:None:0:None:gray:4,accum,5,,,0
hocho_G_8,frame_00000.png,frame_00004.png,,,,0,decode失敗,QR未検出,0.315303,0.367337,0.567630,0.369128,,accum_num:accum::5:None:0:None:gray:0,accum,5,,,0
hocho_G_8,frame_00035.png,frame_00039.png,,,,0,decode失敗,QR未検出,0.284639,0.381259,0.585394,0.329066,,accum_num:accum::5:None:0:None:gray:7,accum,5,,,0
hocho_G_8,frame_00040.png,frame_00044.png,,,,0,decode失敗,QR未検出,0.285702,0.379684,0.584066,0.327597,,accum_num:accum::5:None:0:None:gray:8,accum,5,,,0
hocho_G_8,frame_00065.png,frame_00069.png,,,,0,decode失敗,QR未検出,0.268199,0.374815,0.584742,0.300308,,accum_num:accum::5:None:0:None:gray:13,accum,5,,,0
hocho_G_8,frame_00085.png,frame_00089.png,,,,0,decode失敗,QR未検出,0.287734,0.362468,0.570937,0.350040,,accum_num:accum::5:None:0:None:gray:17,accum,5,,,0
hocho_G_8,frame_00095.png,frame_00099.png,,,,0,decode失敗,QR未検出,0.271051,0.368714,0.579857,0.319165,,accum_num:accum::5:None:0:None:gray:19,accum,5,,,0
hocho_G_8,frame_00090.png,frame_00094.png,,,,0,decode失敗,QR未検出,0.263772,0.379373,0.588761,0.317362,,accum_num:accum::5:None:0:None:gray:18,accum,5,,,0
hocho_G_8,frame_00080.png,frame_00084.png,,,,0,decode失敗,QR未検出,0.286939,0.363475,0.571922,0.339885,,accum_num:accum::5:None:0:None:gray:16,accum,5,,,0
hocho_G_8,frame_00105.png,frame_00109.png,,,,0,decode失敗,QR未検出,0.253289,0.368174,0.583956,0.322681,,accum_num:accum::5:None:0:None:gray:21,accum,5,,,0
hocho_G_8,frame_00100.png,frame_00104.png,,,,0,decode失敗,QR未検出,0.245563,0.378708,0.592439,0.297055,,accum_num:accum::5:None:0:None:gray:20,accum,5,,,0
hocho_G_8,frame_00110.png,frame_00114.png,hocho_G_8/rgb_max_accum_n5_gray/00110-00114-FRAME_rgbmax_scale1.00.png,,,0,decode失敗,QR未検出,0.237395,0.379611,0.594806,0.287962,,accum_num:accum::5:None:0:None:gray:22,accum,5,,,0
hocho_G_8,frame_00115.png,frame_00119.png,,,,0,decode失敗,QR未検出,0.304065,0.347295,0.553666,0.344192,,accum_num:accum::5:None:0:None:gray:23,accum,5,,,0
hocho_G_12,frame_00010.png,frame_00014.png,,,,0,decode失敗,QR未検出,0.288306,0.380221,0.583863,0.331843,,accum_num:accum::5:None:0:None:gray:2,accum,5,,,0
hocho_G_12,frame_00005.png,frame_00009.png,,,,0,decode失敗,QR未検出,0.314956,0.375213,0.574057,0.351492,,accum_num:accum::5:None:0:None:gray:1,accum,5,,,0
hocho_G_12,frame_00045.png,frame_00049.png,,,,0,decode失敗,QR未検出,0.297333,0.369547,0.573906,0.358039,,accum_num:accum::5:None:0:None:gray:9,accum,5,,,0
hocho_G_12,frame_00065.png,frame_00069.png,,,,0,decode失敗,QR未検出,0.239194,0.358121,0.581089,0.301374,,accum_num:accum::5:None:0:None:gray:13,accum,5,,,0
hocho_G_12,frame_00050.png,frame_00054.png,,,,0,decode失敗,QR未検出,0.310996,0.364131,0.566101,0.364864,,accum_num:accum::5:None:0:None:gray:10,accum,5,,,0
hocho_G_12,frame_00030.png,frame_00034.png,,,,0,decode失敗,QR未検出,0.271264,0.373851,0.583363,0.316590,,accum_num:accum::5:None:0:None:gray:6,accum,5,,,0
hocho_G_12,frame_00040.png,frame_00044.png,,,,0,decode失敗,QR未検出,0.269600,0.374049,0.583893,0.320847,,accum_num:accum::5:None:0:None:gray:8,accum,5,,,0
hocho_G_12,frame_00035.png,frame_00039.png,,,,0,decode失敗,QR未検出,0.253155,0.370087,0.585242,0.306760,,accum_num:accum::5:None:0:None:gray:7,accum,5,,,0
hocho_G_12,frame_00000.png,frame_00004.png,,,,0,decode失敗,QR未検出,0.296026,0.368290,0.573267,0.335765,,accum_num:accum::5:None:0:None:gray:0,accum,5,,,0
hocho_G_12,frame_00025.png,frame_00029.png,hocho_G_12/rgb_max_accum_n5_gray/00025-00029-FRAME_rgbmax_scale1.00.png,,,0,decode失敗,QR未検出,0.269987,0.387007,0.592313,0.296974,,accum_num:accum::5:None:0:None:gray:5,accum,5,,,0
hocho_G_12,frame_00060.png,frame_00064.png,,,,0,decode失敗,QR未検出,0.367321,0.379576,0.565753,0.401447,,accum_num:accum::5:None:0:None:gray:12,accum,5,,,0
hocho_G_12,frame_00015.png,frame_00019.png,,,,0,decode失敗,QR未検出,0.332081,0.372297,0.567604,0.390984,,accum_num:accum::5:None:0:None:gray:3,accum,5,,,0
hocho_G_12,frame_00020.png,frame_00024.png,,,,0,decode失敗,QR未検出,0.270892,0.380011,0.587589,0.324387,,accum_num:accum::5:None:0:None:gray:4,accum,5,,,0
hocho_G_12,frame_00070.png,frame_00074.png,,,,0,decode失敗,QR未検出,0.316054,0.379131,0.576865,0.352245,,accum_num:accum::5:None:0:None:gray:14,accum,5,,,0
hocho_G_12,frame_00075.png,frame_00079.png,,,,0,decode失敗,QR未検出,0.255192,0.368312,0.583568,0.305724,,accum_num:accum::5:None:0:None:gray:15,accum,5,,,0
hocho_G_12,frame_00055.png,frame_00059.png,,,,0,decode失敗,QR未検出,0.426693,0.359766,0.530687,0.433808,,accum_num:accum::5:None:0:None:gray:11,accum,5,,,0
hocho_G_12,frame_00080.png,frame_00084.png,,,,0,decode失敗,QR未検出,0.307106,0.379209,0.578933,0.338441,,accum_num:accum::5:None:0:None:gray:16,accum,5,,,0
hocho_G_12,frame_00090.png,frame_00094.png,,,,0,decode失敗,QR未検出,0.255485,0.378517,0.590080,0.295707,,accum_num:accum::5:None:0:None:gray:18,accum,5,,,0
hocho_G_12,frame_00085.png,frame_00089.png,,,,0,decode失敗,QR未検出,0.306211,0.382476,0.581563,0.342371,,accum_num:accum::5:None:0:None:gray:17,accum,5,,,0
hocho_G_12,frame_00110.png,frame_00114.png,,,,0,decode失敗,QR未検出,0.281842,0.388972,0.591170,0.327417,,accum_num:accum::5:None:0:None:gray:22,accum,5,,,0
hocho_G_12,frame_00100.png,frame_00104.png,,,,0,decode失敗,QR未検出,0.254312,0.378255,0.590182,0.292194,,accum_num:accum::5:None:0:None:gray:20,accum,5,,,0
hocho_G_12,frame_00115.png,frame_00119.png,,,,0,decode失敗,QR未検出,0.423304,0.357328,0.528791,0.430655,,accum_num:accum::5:None:0:None:gray:23,accum,5,,,0
hocho_G_12,frame_00095.png,frame_00099.png,,,,0,decode失敗,QR未検出,0.275448,0.373403,0.582058,0.326920,,accum_num:accum::5:None:0:None:gray:19,accum,5,,,0
hocho_G_12,frame_00105.png,frame_00109.png,,,,0,decode失敗,QR未検出,0.275607,0.375709,0.583615,0.326295,,accum_num:accum::5:None:0:None:gray:21,accum,5,,,0
ex_G_4,frame_00025.png,frame_00029.png,,,,0,decode失敗,QR未検出,0.224970,0.301325,0.543359,0.388309,,accum_num:accum::5:None:0:None:gray:5,accum,5,,,0
ex_G_4,frame_00040.png,frame_00044.png,ex_G_4/rgb_max_accum_n5_gray/00040-00044-FRAME_rgbmax_scale1.00.png,,,0,decode失敗,QR未検出,0.224249,0.339131,0.572911,0.303473,,accum_num:accum::5:None:0:None:gray:8,accum,5,,,0
ex_G_4,frame_00070.png,frame_00074.png,,,,0,decode失敗,QR未検出,0.309659,0.326403,0.531835,0.455634,,accum_num:accum::5:None:0:None:gray:14,accum,5,,,0
ex_G_4,frame_00065.png,frame_00069.png,,,,0,decode失敗,QR未検出,0.267548,0.339144,0.558455,0.374868,,accum_num:accum::5:None:0:None:gray:13,accum,5,,,0
ex_G_4,frame_00060.png,frame_00064.png,,,,0,decode失敗,QR未検出,0.223946,0.333533,0.569109,0.331783,,accum_num:accum::5:None:0:None:gray:12,accum,5,,,0
ex_G_4,frame_00000.png,frame_00004.png,,,,0,decode失敗,QR未検出,0.277331,0.346999,0.561706,0.372494,,accum_num:accum::5:None:0:None:gray:0,accum,5,,,0
ex_G_4,frame_00020.png,frame_00024.png,,,,0,decode失敗,QR未検出,0.242175,0.322539,0.553984,0.393756,,accum_num:accum::5:None:0:None:gray:4,accum,5,,,0
ex_G_4,frame_00035.png,frame_00039.png,,,,0,decode失敗,QR未検出,0.318563,0.342046,0.544219,0.407843,,accum_num:accum::5:None:0:None:gray:7,accum,5,,,0
ex_G_4,frame_00045.png,frame_00049.png,,,,0,decode失敗,QR未検出,0.287774,0.330669,0.544039,0.417268,,accum_num:accum::5:None:0:None:gray:9,accum,5,,,0
ex_G_4,frame_00055.png,frame_00059.png,,,,0,decode失敗,QR未検出,0.496771,0.355350,0.505405,0.480136,,accum_num:accum::5:None:0:None:gray:11,accum,5,,,0
ex_G_4,frame_00030.png,frame_00034.png,,,,0,decode失敗,QR未検出,0.302659,0.338392,0.546027,0.412891,,accum_num:accum::5:None:0:None:gray:6,accum,5,,,0
ex_G_4,frame_00015.png,frame_00019.png,,,,0,decode失敗,QR未検出,0.271150,0.330137,0.549570,0.409768,,accum_num:accum::5:None:0:None:gray:3,accum,5,,,0
ex_G_4,frame_00050.png,frame_00054.png,,,,0,decode失敗,QR未検出,0.236407,0.332755,0.564145,0.346744,,accum_num:accum::5:None:0:None:gray:10,accum,5,,,0
ex_G_4,frame_00005.png,frame_00009.png,,,,0,decode失敗,QR未検出,0.286686,0.327757,0.541719,0.408939,,accum_num:accum::5:None:0:None:gray:1,accum,5,,,0
ex_G_4,frame_00010.png,frame_00014.png,,,,0,decode失敗,QR未検出,0.250268,0.322722,0.551003,0.395288,,accum_num:accum::5:None:0:None:gray:2,accum,5,,,0
ex_G_4,frame_00075.png,frame_00079.png,,,,0,decode失敗,QR未検出,0.308328,0.321176,0.526920,0.468744,,accum_num:accum::5:None:0:None:gray:15,accum,5,,,0
ex_G_4,frame_00080.png,frame_00084.png,,,,0,decode失敗,QR未検出,0.226182,0.321847,0.559652,0.342211,,accum_num:accum::5:None:0:None:gray:16,accum,5,,,0
ex_G_4,frame_00085.png,frame_00089.png,,,,0,decode失敗,QR未検出,0.216668,0.316687,0.559498,0.356001,,accum_num:accum::5:None:0:None:gray:17,accum,5,,,0
ex_G_4,frame_00100.png,frame_00104.png,,,,0,decode失敗,QR未検出,0.206537,0.318108,0.564654,0.325711,,accum_num:accum::5:None:0:None:gray:20,accum,5,,,0
ex_G_4,frame_00105.png,frame_00109.png,,,,0,decode失敗,QR未検出,0.200511,0.314587,0.564596,0.326833,,accum_num:accum::5:None:0:None:gray:21,accum,5,,,0
ex_G_4,frame_00090.png,frame_00094.png,,,,0,decode失敗,QR未検出,0.231558,0.332041,0.565334,0.333110,,accum_num:accum::5:None:0:None:gray:18,accum,5,,,0
ex_G_4,frame_00110.png,frame_00114.png,,,,0,decode失敗,QR未検出,0.280272,0.328885,0.545126,0.400280,,accum_num:accum::5:None:0:None:gray:22,accum,5,,,0
ex_G_4,frame_00095.png,frame_00099.png,,,,0,decode失敗,QR未検出,0.278906,0.335521,0.551533,0.399737,,accum_num:accum::5:None:0:None:gray:19,accum,5,,,0
ex_G_4,frame_00115.png,frame_00119.png,,,,0,decode失敗,QR未検出,0.441439,0.352214,0.517374,0.455134,,accum_num:accum::5:None:0:None:gray:23,accum,5,,,0
ex_G_8,frame_00005.png,frame_00009.png,,,,0,decode失敗,QR未検出,0.235185,0.345601,0.573829,0.349891,,accum_num:accum::5:None:0:None:gray:1,accum,5,,,0
ex_G_8,frame_00065.png,frame_00069.png,,,,0,decode失敗,QR未検出,0.304989,0.337351,0.544263,0.422654,,accum_num:accum::5:None:0:None:gray:13,accum,5,,,0
ex_G_8,frame_00075.png,frame_00079.png,,,,0,decode失敗,QR未検出,0.319755,0.343644,0.545362,0.428318,,accum_num:accum::5:None:0:None:gray:15,accum,5,,,0
ex_G_8,frame_00030.png,frame_00034.png,,,,0,decode失敗,QR未検出,0.260582,0.315373,0.540386,0.398743,,accum_num:accum::5:None:0:None:gray:6,accum,5,,,0
ex_G_8,frame_00050.png,frame_00054.png,,,,0,decode失敗,QR未検出,0.250273,0.323012,0.551246,0.394132,,accum_num:accum::5:None:0:None:gray:10,accum,5,,,0
ex_G_8,frame_00020.png,frame_00024.png,,,,0,decode失敗,QR未検出,0.269550,0.334078,0.553542,0.396520,,accum_num:accum::5:None:0:None:gray:4,accum,5,,,0
ex_G_8,frame_00035.png,frame_00039.png,,,,0,decode失敗,QR未検出,0.293766,0.322793,0.534245,0.440553,,accum_num:accum::5:None:0:None:gray:7,accum,5,,,0
ex_G_8,frame_00015.png,frame_00019.png,,,,0,decode失敗,QR未検出,0.224195,0.323990,0.562049,0.342880,,accum_num:accum::5:None:0:None:gray:3,accum,5,,,0
ex_G_8,frame_00045.png,frame_00049.png,ex_G_8/rgb_max_accum_n5_gray/00045-00049-FRAME_rgbmax_scale1.00.png,,,0,decode失敗,QR未検出,0.196203,0.331398,0.577526,0.321231,,accum_num:accum::5:None:0:None:gray:9,accum,5,,,0
ex_G_8,frame_00025.png,frame_00029.png,,,,0,decode失敗,QR未検出,0.261109,0.336677,0.558619,0.386201,,accum_num:accum::5:None:0:None:gray:5,accum,5,,,0
ex_G_8,frame_00000.png,frame_00004.png,,,,0,decode失敗,QR未検出,0.277246,0.338120,0.554343,0.383501,,accum_num:accum::5:None:0:None:gray:0,accum,5,,,0
ex_G_8,frame_00060.png,frame_00064.png,,,,0,decode失敗,QR未検出,0.268244,0.331720,0.551988,0.375527,,accum_num:accum::5:None:0:None:gray:12,accum,5,,,0
ex_G_8,frame_00040.png,frame_00044.png,,,,0,decode失敗,QR未検出,0.337283,0.347839,0.543913,0.449580,,accum_num:accum::5:None:0:None:gray:8,accum,5,,,0
ex_G_8,frame_00010.png,frame_00014.png,,,,0,decode失敗,QR未検出,0.239313,0.349276,0.575096,0.334932,,accum_num:accum::5:None:0:None:gray:2,accum,5,,,0
ex_G_8,frame_00070.png,frame_00074.png,,,,0,decode失敗,QR未検出,0.166289,0.304877,0.572874,0.301548,,accum_num:accum::5:None:0:None:gray:14,accum,5,,,0
ex_G_8,frame_00055.png,frame_00059.png,,,,0,decode失敗,QR未検出,0.371803,0.346972,0.532337,0.400952,,accum_num:accum::5:None:0:None:gray:11,accum,5,,,0
ex_G_8,frame_00090.png,frame_00094.png,,,,0,decode失敗,QR未検出,0.281966,0.323031,0.539033,0.413071,,accum_num:accum::5:None:0:None:gray:18,accum,5,,,0
ex_G_8,frame_00085.png,frame_00089.png,,,,0,decode失敗,QR未検出,0.267230,0.338056,0.557667,0.397737,,accum_num:accum::5:None:0:None:gray:17,accum,5,,,0
ex_G_8,frame_00095.png,frame_00099.png,,,,0,decode失敗,QR未検出,0.277599,0.339455,0.555361,0.392234,,accum_num:accum::5:None:0:None:gray:19,accum,5,,,0
ex_G_8,frame_00080.png,frame_00084.png,,,,0,decode失敗,QR未検出,0.310981,0.343216,0.547777,0.418846,,accum_num:accum::5:None:0:None:gray:16,accum,5,,,0
ex_G_8,frame_00110.png,frame_00114.png,,,,0,decode失敗,QR未検出,0.325846,0.323787,0.522931,0.464563,,accum_num:accum::5:None:0:None:gray:22,accum,5,,,0
ex_G_8,frame_00105.png,frame_00109.png,,,,0,decode失敗,QR未検出,0.286129,0.336306,0.549740,0.396223,,accum_num:accum::5:None:0:None:gray:21,accum,5,,,0
ex_G_8,frame_00115.png,frame_00119.png,,,,0,decode失敗,QR未検出,0.441513,0.356661,0.522856,0.452136,,accum_num:accum::5:None:0:None:gray:23,accum,5,,,0
ex_G_8,frame_00100.png,frame_00104.png,,,,0,decode失敗,QR未検出,0.223310,0.343222,0.575988,0.338494,,accum_num:accum::5:None:0:None:gray:20,accum,5,,,0
ex_G_12,frame_00050.png,frame_00054.png,,,,0,decode失敗,QR未検出,0.285990,0.363045,0.571845,0.334261,,accum_num:accum::5:None:0:None:gray:10,accum,5,,,0
ex_G_12,frame_00065.png,frame_00069.png,,,,0,decode失敗,QR未検出,0.306241,0.371642,0.573336,0.349252,,accum_num:accum::5:None:0:None:gray:13,accum,5,,,0
ex_G_12,frame_00035.png,frame_00039.png,,,,0,decode失敗,QR未検出,0.338267,0.353957,0.549530,0.378899,,accum_num:accum::5:None:0:None:gray:7,accum,5,,,0
ex_G_12,frame_00070.png,frame_00074.png,,,,0,decode失敗,QR未検出,0.461113,0.362059,0.524096,0.501923,,accum_num:accum::5:None:0:None:gray:14,accum,5,,,0
ex_G_12,frame_00005.png,frame_00009.png,,,,0,decode失敗,QR未検出,0.349644,0.343992,0.536146,0.397180,,accum_num:accum::5:None:0:None:gray:1,accum,5,,,0
ex_G_12,frame_00020.png,frame_00024.png,,,,0,decode失敗,QR未検出,0.324579,0.365980,0.564117,0.361591,,accum_num:accum::5:None:0:None:gray:4,accum,5,,,0
ex_G_12,frame_00010.png,frame_00014.png,,,,0,decode失敗,QR未検出,0.311264,0.358303,0.561134,0.359067,,accum_num:accum::5:None:0:None:gray:2,accum,5,,,0
ex_G_12,frame_00055.png,frame_00059.png,,,,0,decode失敗,QR未検出,0.481026,0.382483,0.543737,0.417939,,accum_num:accum::5:None:0:None:gray:11,accum,5,,,0
ex_G_12,frame_00030.png,frame_00034.png,,,,0,decode失敗,QR未検出,0.294904,0.363674,0.569971,0.333102,,accum_num:accum::5:None:0:None:gray:6,accum,5,,,0
ex_G_12,frame_00000.png,frame_00004.png,,,,0,decode失敗,QR未検出,0.421953,0.365764,0.538762,0.443969,,accum_num:accum::5:None:0:None:gray:0,accum,5,,,0
ex_G_12,frame_00060.png,frame_00064.png,,,,0,decode失敗,QR未検出,0.398557,0.376945,0.556192,0.404443,,accum_num:accum::5:None:0:None:gray:12,accum,5,,,0
ex_G_12,frame_00040.png,frame_00044.png,,,,0,decode失敗,QR未検出,0.361360,0.363718,0.552467,0.409741,,accum_num:accum::5:None:0:None:gray:8,accum,5,,,0
ex_G_12,frame_00075.png,frame_00079.png,,,,0,decode失敗,QR未検出,0.320942,0.364542,0.563837,0.362847,,accum_num:accum::5:None:0:None:gray:15,accum,5,,,0
ex_G_12,frame_00015.png,frame_00019.png,,,,0,decode失敗,QR未検出,0.295723,0.349463,0.558110,0.365074,,accum_num:accum::5:None:0:None:gray:3,accum,5,,,0
ex_G_12,frame_00025.png,frame_00029.png,ex_G_12/rgb_max_accum_n5_gray/00025-00029-FRAME_rgbmax_scale1.00.png,,,0,decode失敗,QR未検出,0.302495,0.371019,0.573766,0.344631,,accum_num:accum::5:None:0:None:gray:5,accum,5,,,0
ex_G_12,frame_00045.png,frame_00049.png,,,,0,decode失敗,QR未検出,0.392705,0.349553,0.528787,0.446054,,accum_num:accum::5:None:0:None:gray:9,accum,5,,,0
ex_G_12,frame_00080.png,frame_00084.png,,,,0,decode失敗,QR未検出,0.410541,0.356996,0.532003,0.446611,,accum_num:accum::5:None:0:None:gray:16,accum,5,,,0
ex_G_12,frame_00085.png,frame_00089.png,,,,0,decode失敗,QR未検出,0.433599,0.372626,0.543439,0.467828,,accum_num:accum::5:None:0:None:gray:17,accum,5,,,0
ex_G_12,frame_00095.png,frame_00099.png,,,,0,decode失敗,QR未検出,0.283367,0.353359,0.565007,0.343631,,accum_num:accum::5:None:0:None:gray:19,accum,5,,,0
ex_G_12,frame_00090.png,frame_00094.png,,,,0,decode失敗,QR未検出,0.339116,0.354706,0.549995,0.410387,,accum_num:accum::5:None:0:None:gray:18,accum,5,,,0
ex_G_12,frame_00110.png,frame_00114.png,,,,0,decode失敗,QR未検出,0.376632,0.360275,0.544953,0.444382,,accum_num:accum::5:None:0:None:gray:22,accum,5,,,0
ex_G_12,frame_00105.png,frame_00109.png,,,,0,decode失敗,QR未検出,0.385247,0.361868,0.544256,0.450295,,accum_num:accum::5:None:0:None:gray:21,accum,5,,,0
ex_G_12,frame_00100.png,frame_00104.png,,,,0,decode失敗,QR未検出,0.379454,0.369343,0.553288,0.422156,,accum_num:accum::5:None:0:None:gray:20,accum,5,,,0
ex_G_12,frame_00115.png,frame_00119.png,,,,0,decode失敗,QR未検出,0.592097,0.375163,0.509063,0.512124,,accum_num:accum::5:None:0:None:gray:23,accum,5,,,0
rice_B_4,frame_00035.png,frame_00039.png,,,,0,decode失敗,QR未検出,0.241723,0.394991,0.602571,0.309896,,accum_num:accum::5:None:0:None:gray:7,accum,5,,,0
rice_B_4,frame_00065.png,frame_00069.png,,,,0,decode失敗,QR未検出,0.273763,0.399510,0.599332,0.319301,,accum_num:accum::5:None:0:None:gray:13,accum,5,,,0
rice_B_4,frame_00070.png,frame_00074.png,,,,0,decode失敗,QR未検出,0.284217,0.386128,0.588798,0.355992,,accum_num:accum::5:None:0:None:gray:14,accum,5,,,0
rice_B_4,frame_00075.png,frame_00079.png,,,,0,decode失敗,QR未検出,0.274747,0.400223,0.599590,0.317839,,accum_num:accum::5:None:0:None:gray:15,accum,5,,,0
rice_B_4,frame_00040.png,frame_00044.png,,,,0,decode失敗,QR未検出,0.288807,0.379382,0.583160,0.353521,,accum_num:accum::5:None:0:None:gray:8,accum,5,,,0
rice_B_4,frame_00030.png,frame_00034.png,,,,0,decode失敗,QR未検出,0.262694,0.403865,0.603790,0.318352,,accum_num:accum::5:None:0:None:gray:6,accum,5,,,0
rice_B_4,frame_00015.png,frame_00019.png,,,,0,decode失敗,QR未検出,0.285454,0.380461,0.584663,0.357434,,accum_num:accum::5:None:0:None:gray:3,accum,5,,,0
rice_B_4,frame_00000.png,frame_00004.png,,,,0,decode失敗,QR未検出,0.284033,0.399549,0.597537,0.332654,,accum_num:accum::5:None:0:None:gray:0,accum,5,,,0
rice_B_4,frame_00060.png,frame_00064.png,,,,0,decode失敗,QR未検出,0.232641,0.387515,0.600270,0.290330,,accum_num:accum::5:None:0:None:gray:12,accum,5,,,0
rice_B_4,frame_00050.png,frame_00054.png,,,,0,decode失敗,QR未検出,0.247779,0.386299,0.596466,0.319416,,accum_num:accum::5:None:0:None:gray:10,accum,5,,,0
rice_B_4,frame_00025.png,frame_00029.png,rice_B_4/rgb_max_accum_n5_gray/00025-00029-FRAME_rgbmax_scale1.00.png,,,0,decode失敗,QR未検出,0.221119,0.404097,0.610871,0.283415,,accum_num:accum::5:None:0:None:gray:5,accum,5,,,0
rice_B_4,frame_00045.png,frame_00049.png,,,,0,decode失敗,QR未検出,0.246622,0.372173,0.588173,0.325988,,accum_num:accum::5:None:0:None:gray:9,accum,5,,,0
rice_B_4,frame_00005.png,frame_00009.png,,,,0,decode失敗,QR未検出,0.270579,0.394162,0.596661,0.322674,,accum_num:accum::5:None:0:None:gray:1,accum,5,,,0
rice_B_4,frame_00020.png,frame_00024.png,,,,0,decode失敗,QR未検出,0.299981,0.387355,0.586390,0.356658,,accum_num:accum::5:None:0:None:gray:4,accum,5,,,0
rice_B_4,frame_00055.png,frame_00059.png,,,,0,decode失敗,QR未検出,0.309739,0.383784,0.581771,0.344017,,accum_num:accum::5:None:0:None:gray:11,accum,5,,,0
rice_B_4,frame_00010.png,frame_00014.png,,,,0,decode失敗,QR未検出,0.283601,0.397584,0.596379,0.321661,,accum_num:accum::5:None:0:None:gray:2,accum,5,,,0
rice_B_4,frame_00085.png,frame_00089.png,,,,0,decode失敗,QR未検出,0.245191,0.388007,0.597987,0.316206,,accum_num:accum::5:None:0:None:gray:17,accum,5,,,0
rice_B_4,frame_00080.png,frame_00084.png,,,,0,decode失敗,QR未検出,0.226495,0.402433,0.609157,0.282146,,accum_num:accum::5:None:0:None:gray:16,accum,5,,,0
rice_B_4,frame_00095.png,frame_00099.png,,,,0,decode失敗,QR未検出,0.259499,0.410986,0.608247,0.316750,,accum_num:accum::5:None:0:None:gray:19,accum,5,,,0
rice_B_4,frame_00090.png,frame_00094.png,,,,0,decode失敗,QR未検出,0.297621,0.394895,0.592040,0.354559,,accum_num:accum::5:None:0:None:gray:18,accum,5,,,0
rice_B_4,frame_00105.png,frame_00109.png,,,,0,decode失敗,QR未検出,0.284803,0.383818,0.587113,0.353580,,accum_num:accum::5:None:0:None:gray:21,accum,5,,,0
rice_B_4,frame_00100.png,frame_00104.png,,,,0,decode失敗,QR未検出,0.291197,0.396559,0.594334,0.357689,,accum_num:accum::5:None:0:None:gray:20,accum,5,,,0
rice_B_4,frame_00110.png,frame_00114.png,,,,0,decode失敗,QR未検出,0.255714,0.381625,0.591966,0.321646,,accum_num:accum::5:None:0:None:gray:22,accum,5,,,0
rice_B_4,frame_00115.png,frame_00119.png,,,,0,decode失敗,QR未検出,0.238523,0.388800,0.599784,0.269626,,accum_num:accum::5:None:0:None:gray:23,accum,5,,,0
rice_B_8,frame_00060.png,frame_00064.png,,,,0,decode失敗,QR未検出,0.314315,0.391492,0.586474,0.373276,,accum_num:accum::5:None:0:None:gray:12,accum,5,,,0
rice_B_8,frame_00015.png,frame_00019.png,rice_B_8/rgb_max_accum_n5_gray/00015-00019-FRAME_rgbmax_scale1.00.png,,,0,decode失敗,QR未検出,0.235652,0.410843,0.611814,0.281739,,accum_num:accum::5:None:0:None:gray:3,accum,5,,,0
rice_B_8,frame_00070.png,frame_00074.png,,,,0,decode失敗,QR未検出,0.275229,0.400510,0.599679,0.324216,,accum_num:accum::5:None:0:None:gray:14,accum,5,,,0
rice_B_8,frame_00010.png,frame_00014.png,,,,0,decode失敗,QR未検出,0.268184,0.382748,0.589968,0.323369,,accum_num:accum::5:None:0:None:gray:2,accum,5,,,0
rice_B_8,frame_00020.png,frame_00024.png,,,,0,decode失敗,QR未検出,0.298809,0.379669,0.581130,0.360040,,accum_num:accum::5:None:0:None:gray:4,accum,5,,,0
rice_B_8,frame_00050.png,frame_00054.png,,,,0,decode失敗,QR未検出,0.289110,0.382785,0.585478,0.350317,,accum_num:accum::5:None:0:None:gray:10,accum,5,,,0
rice_B_8,frame_00005.png,frame_00009.png,,,,0,decode失敗,QR未検出,0.238662,0.395291,0.603306,0.282773,,accum_num:accum::5:None:0:None:gray:1,accum,5,,,0
rice_B_8,frame_00045.png,frame_00049.png,,,,0,decode失敗,QR未検出,0.250268,0.379152,0.591650,0.318062,,accum_num:accum::5:None:0:None:gray:9,accum,5,,,0
rice_B_8,frame_00075.png,frame_00079.png,,,,0,decode失敗,QR未検出,0.275100,0.403873,0.601715,0.318100,,accum_num:accum::5:None:0:None:gray:15,accum,5,,,0
rice_B_8,frame_00055.png,frame_00059.png,,,,0,decode失敗,QR未検出,0.309446,0.384571,0.582415,0.346285,,accum_num:accum::5:None:0:None:gray:11,accum,5,,,0
rice_B_8,frame_00065.png,frame_00069.png,,,,0,decode失敗,QR未検出,0.282105,0.386826,0.589700,0.338801,,accum_num:accum::5:None:0:None:gray:13,accum,5,,,0
rice_B_8,frame_00030.png,frame_00034.png,,,,0,decode失敗,QR未検出,0.227245,0.388313,0.601798,0.288509,,accum_num:accum::5:None:0:None:gray:6,accum,5,,,0
rice_B_8,frame_00000.png,frame_00004.png,,,,0,decode失敗,QR未検出,0.313033,0.388844,0.584807,0.362941,,accum_num:accum::5:None:0:None:gray:0,accum,5,,,0
rice_B_8,frame_00035.png,frame_00039.png,,,,0,decode失敗,QR未検出,0.289563,0.376852,0.581186,0.363317,,accum_num:accum::5:None:0:None:gray:7,accum,5,,,0
rice_B_8,frame_00025.png,frame_00029.png,,,,0,decode失敗,QR未検出,0.297244,0.385611,0.585729,0.356461,,accum_num:accum::5:None:0:None:gray:5,accum,5,,,0
rice_B_8,frame_00040.png,frame_00044.png,,,,0,decode失敗,QR未検出,0.304199,0.396264,0.591744,0.358953,,accum_num:accum::5:None:0:None:gray:8,accum,5,,,0
rice_B_8,frame_00080.png,frame_00084.png,,,,0,decode失敗,QR未検出,0.234385,0.403379,0.608291,0.289595,,accum_num:accum::5:None:0:None:gray:16,accum,5,,,0
rice_B_8,frame_00090.png,frame_00094.png,,,,0,decode失敗,QR未検出,0.290149,0.390915,0.590806,0.360631,,accum_num:accum::5:None:0:None:gray:18,accum,5,,,0
rice_B_8,frame_00085.png,frame_00089.png,,,,0,decode失敗,QR未検出,0.249349,0.403658,0.605916,0.288107,,accum_num:accum::5:None:0:None:gray:17,accum,5,,,0
rice_B_8,frame_00100.png,frame_00104.png,,,,0,decode失敗,QR未検出,0.275005,0.395832,0.596860,0.326768,,accum_num:accum::5:None:0:None:gray:20,accum,5,,,0
rice_B_8,frame_00115.png,frame_00119.png,,,,0,decode失敗,QR未検出,0.317584,0.392542,0.586600,0.344334,,accum_num:accum::5:None:0:None:gray:23,accum,5,,,0
rice_B_8,frame_00105.png,frame_00109.png,,,,0,decode失敗,QR未検出,0.299261,0.396587,0.592871,0.349058,,accum_num:accum::5:None:0:None:gray:21,accum,5,,,0
rice_B_8,frame_00095.png,frame_00099.png,,,,0,decode失敗,QR未検出,0.277435,0.391825,0.593886,0.329479,,accum_num:accum::5:None:0:None:gray:19,accum,5,,,0
rice_B_8,frame_00110.png,frame_00114.png,,,,0,decode失敗,QR未検出,0.303563,0.395902,0.591615,0.356490,,accum_num:accum::5:None:0:None:gray:22,accum,5,,,0
rice_B_12,frame_00050.png,frame_00054.png,,,,0,decode失敗,QR未検出,0.381496,0.444482,0.614271,0.328324,,accum_num:accum::5:None:0:None:gray:10,accum,5,,,0
rice_B_12,frame_00025.png,frame_00029.png,,,,0,decode失敗,QR未検出,0.394732,0.450307,0.617153,0.331661,,accum_num:accum::5:None:0:None:gray:5,accum,5,,,0
rice_B_12,frame_00030.png,frame_00034.png,,,,0,decode失敗,QR未検出,0.387120,0.432203,0.605062,0.334260,,accum_num:accum::5:None:0:None:gray:6,accum,5,,,0
rice_B_12,frame_00045.png,frame_00049.png,,,,0,decode失敗,QR未検出,0.339728,0.451934,0.622384,0.294864,,accum_num:accum::5:None:0:None:gray:9,accum,5,,,0
rice_B_12,frame_00060.png,frame_00064.png,rice_B_12/rgb_max_accum_n5_gray/00060-00064-FRAME_rgbmax_scale1.00.png,,,0,decode失敗,QR未検出,0.316292,0.452389,0.624388,0.274551,,accum_num:accum::5:None:0:None:gray:12,accum,5,,,0
rice_B_12,frame_00070.png,frame_00074.png,,,,0,decode失敗,QR未検出,0.382003,0.432877,0.606112,0.338386,,accum_num:accum::5:None:0:None:gray:14,accum,5,,,0
rice_B_12,frame_00020.png,frame_00024.png,,,,0,decode失敗,QR未検出,0.343657,0.439236,0.614348,0.300144,,accum_num:accum::5:None:0:None:gray:4,accum,5,,,0
rice_B_12,frame_00065.png,frame_00069.png,,,,0,decode失敗,QR未検出,0.383940,0.440258,0.611137,0.346750,,accum_num:accum::5:None:0:None:gray:13,accum,5,,,0
rice_B_12,frame_00075.png,frame_00079.png,,,,0,decode失敗,QR未検出,0.406884,0.428154,0.599743,0.371273,,accum_num:accum::5:None:0:None:gray:15,accum,5,,,0
rice_B_12,frame_00040.png,frame_00044.png,,,,0,decode失敗,QR未検出,0.342122,0.445284,0.618224,0.299556,,accum_num:accum::5:None:0:None:gray:8,accum,5,,,0
rice_B_12,frame_00000.png,frame_00004.png,,,,0,decode失敗,QR未検出,0.408558,0.431452,0.602114,0.350115,,accum_num:accum::5:None:0:None:gray:0,accum,5,,,0
rice_B_12,frame_00005.png,frame_00009.png,,,,0,decode失敗,QR未検出,0.346857,0.443991,0.617015,0.302250,,accum_num:accum::5:None:0:None:gray:1,accum,5,,,0
rice_B_12,frame_00055.png,frame_00059.png,,,,0,decode失敗,QR未検出,0.358547,0.438361,0.612324,0.292856,,accum_num:accum::5:None:0:None:gray:11,accum,5,,,0
rice_B_12,frame_00010.png,frame_00014.png,,,,0,decode失敗,QR未検出,0.387846,0.439958,0.610553,0.341508,,accum_num:accum::5:None:0:None:gray:2,accum,5,,,0
rice_B_12,frame_00015.png,frame_00019.png,,,,0,decode失敗,QR未検出,0.353028,0.444008,0.616477,0.305972,,accum_num:accum::5:None:0:None:gray:3,accum,5,,,0
rice_B_12,frame_00035.png,frame_00039.png,,,,0,decode失敗,QR未検出,0.387970,0.436586,0.608142,0.336960,,accum_num:accum::5:None:0:None:gray:7,accum,5,,,0
rice_B_12,frame_00085.png,frame_00089.png,,,,0,decode失敗,QR未検出,0.381193,0.437721,0.609633,0.334716,,accum_num:accum::5:None:0:None:gray:17,accum,5,,,0
rice_B_12,frame_00080.png,frame_00084.png,,,,0,decode失敗,QR未検出,0.351915,0.449003,0.619681,0.301267,,accum_num:accum::5:None:0:None:gray:16,accum,5,,,0
rice_B_12,frame_00095.png,frame_00099.png,,,,0,decode失敗,QR未検出,0.338023,0.442326,0.616791,0.300632,,accum_num:accum::5:None:0:None:gray:19,accum,5,,,0
rice_B_12,frame_00100.png,frame_00104.png,,,,0,decode失敗,QR未検出,0.379827,0.429898,0.604209,0.333911,,accum_num:accum::5:None:0:None:gray:20,accum,5,,,0
rice_B_12,frame_00105.png,frame_00109.png,,,,0,decode失敗,QR未検出,0.392610,0.447821,0.615613,0.338391,,accum_num:accum::5:None:0:None:gray:21,accum,5,,,0
rice_B_12,frame_00110.png,frame_00114.png,,,,0,decode失敗,QR未検出,0.323794,0.431826,0.611828,0.300264,,accum_num:accum::5:None:0:None:gray:22,accum,5,,,0
rice_B_12,frame_00115.png,frame_00119.png,,,,0,decode失敗,QR未検出,0.363362,0.449147,0.618857,0.287242,,accum_num:accum::5:None:0:None:gray:23,accum,5,,,0
rice_B_12,frame_00090.png,frame_00094.png,,,,0,decode失敗,QR未検出,0.369463,0.436483,0.609965,0.336141,,accum_num:accum::5:None:0:None:gray:18,accum,5,,,0
nagaoka_fireworks_B_4,frame_00045.png,frame_00049.png,,,,0,decode失敗,QR未検出,0.238300,0.380881,0.595341,0.202261,,accum_num:accum::5:None:0:None:gray:9,accum,5,,,0
nagaoka_fireworks_B_4,frame_00020.png,frame_00024.png,,,,0,decode失敗,QR未検出,0.254775,0.372155,0.586189,0.219471,,accum_num:accum::5:None:0:None:gray:4,accum,5,,,0
nagaoka_fireworks_B_4,frame_00075.png,frame_00079.png,,,,0,decode失敗,QR未検出,0.248584,0.359755,0.579579,0.231226,,accum_num:accum::5:None:0:None:gray:15,accum,5,,,0
nagaoka_fireworks_B_4,frame_00000.png,frame_00004.png,,,,0,decode失敗,QR未検出,0.340950,0.373801,0.566759,0.278899,,accum_num:accum::5:None:0:None:gray:0,accum,5,,,0
nagaoka_fireworks_B_4,frame_00010.png,frame_00014.png,,,,0,decode失敗,QR未検出,0.284550,0.387679,0.589767,0.229063,,accum_num:accum::5:None:0:None:gray:2,accum,5,,,0
nagaoka_fireworks_B_4,frame_00015.png,frame_00019.png,,,,0,decode失敗,QR未検出,0.249786,0.351694,0.573644,0.234324,,accum_num:accum::5:None:0:None:gray:3,accum,5,,,0
nagaoka_fireworks_B_4,frame_00050.png,frame_00054.png,,,,0,decode失敗,QR未検出,0.259897,0.374691,0.586614,0.219905,,accum_num:accum::5:None:0:None:gray:10,accum,5,,,0
nagaoka_fireworks_B_4,frame_00005.png,frame_00009.png,,,,0,decode失敗,QR未検出,0.251818,0.361153,0.579645,0.226587,,accum_num:accum::5:None:0:None:gray:1,accum,5,,,0
nagaoka_fireworks_B_4,frame_00065.png,frame_00069.png,,,,0,decode失敗,QR未検出,0.280729,0.383913,0.588045,0.227945,,accum_num:accum::5:None:0:None:gray:13,accum,5,,,0
nagaoka_fireworks_B_4,frame_00035.png,frame_00039.png,,,,0,decode失敗,QR未検出,0.260667,0.359213,0.575876,0.235649,,accum_num:accum::5:None:0:None:gray:7,accum,5,,,0
nagaoka_fireworks_B_4,frame_00040.png,frame_00044.png,,,,0,decode失敗,QR未検出,0.264358,0.378464,0.588040,0.223168,,accum_num:accum::5:None:0:None:gray:8,accum,5,,,0
nagaoka_fireworks_B_4,frame_00025.png,frame_00029.png,nagaoka_fireworks_B_4/rgb_max_accum_n5_gray/00025-00029-FRAME_rgbmax_scale1.00.png,,,0,decode失敗,QR未検出,0.253751,0.387176,0.595752,0.216780,,accum_num:accum::5:None:0:None:gray:5,accum,5,,,0
nagaoka_fireworks_B_4,frame_00030.png,frame_00034.png,,,,0,decode失敗,QR未検出,0.276377,0.377351,0.584563,0.238387,,accum_num:accum::5:None:0:None:gray:6,accum,5,,,0
nagaoka_fireworks_B_4,frame_00060.png,frame_00064.png,,,,0,decode失敗,QR未検出,0.277683,0.365103,0.575570,0.243813,,accum_num:accum::5:None:0:None:gray:12,accum,5,,,0
nagaoka_fireworks_B_4,frame_00055.png,frame_00059.png,,,,0,decode失敗,QR未検出,0.482050,0.377413,0.537553,0.345338,,accum_num:accum::5:None:0:None:gray:11,accum,5,,,0
nagaoka_fireworks_B_4,frame_00070.png,frame_00074.png,,,,0,decode失敗,QR未検出,0.279537,0.367849,0.577101,0.231127,,accum_num:accum::5:None:0:None:gray:14,accum,5,,,0
nagaoka_fireworks_B_4,frame_00080.png,frame_00084.png,,,,0,decode失敗,QR未検出,0.249921,0.360474,0.579699,0.227821,,accum_num:accum::5:None:0:None:gray:16,accum,5,,,0
nagaoka_fireworks_B_4,frame_00085.png,frame_00089.png,,,,0,decode失敗,QR未検出,0.234489,0.356333,0.581244,0.211381,,accum_num:accum::5:None:0:None:gray:17,accum,5,,,0
nagaoka_fireworks_B_4,frame_00100.png,frame_00104.png,,,,0,decode失敗,QR未検出,0.250119,0.374749,0.588953,0.217321,,accum_num:accum::5:None:0:None:gray:20,accum,5,,,0
nagaoka_fireworks_B_4,frame_00090.png,frame_00094.png,,,,0,decode失敗,QR未検出,0.242900,0.374515,0.590510,0.213407,,accum_num:accum::5:None:0:None:gray:18,accum,5,,,0
nagaoka_fireworks_B_4,frame_00095.png,frame_00099.png,,,,0,decode失敗,QR未検出,0.236099,0.353934,0.579206,0.219909,,accum_num:accum::5:None:0:None:gray:19,accum,5,,,0
nagaoka_fireworks_B_4,frame_00105.png,frame_00109.png,,,,0,decode失敗,QR未検出,0.262634,0.378695,0.588579,0.234181,,accum_num:accum::5:None:0:None:gray:21,accum,5,,,0
nagaoka_fireworks_B_4,frame_00110.png,frame_00114.png,,,,0,decode失敗,QR未検出,0.243740,0.358317,0.579951,0.218717,,accum_num:accum::5:None:0:None:gray:22,accum,5,,,0
nagaoka_fireworks_B_4,frame_00115.png,frame_00119.png,,,,0,decode失敗,QR未検出,0.437658,0.384793,0.555542,0.301149,,accum_num:accum::5:None:0:None:gray:23,accum,5,,,0
nagaoka_fireworks_B_8,frame_00015.png,frame_00019.png,,,,0,decode失敗,QR未検出,0.261104,0.378817,0.589002,0.221401,,accum_num:accum::5:None:0:None:gray:3,accum,5,,,0
nagaoka_fireworks_B_8,frame_00050.png,frame_00054.png,,,,0,decode失敗,QR未検出,0.235979,0.351757,0.577787,0.219320,,accum_num:accum::5:None:0:None:gray:10,accum,5,,,0
nagaoka_fireworks_B_8,frame_00020.png,frame_00024.png,,,,0,decode失敗,QR未検出,0.231846,0.374470,0.593093,0.206138,,accum_num:accum::5:None:0:None:gray:4,accum,5,,,0
nagaoka_fireworks_B_8,frame_00060.png,frame_00064.png,,,,0,decode失敗,QR未検出,0.293920,0.379753,0.582282,0.236270,,accum_num:accum::5:None:0:None:gray:12,accum,5,,,0
nagaoka_fireworks_B_8,frame_00075.png,frame_00079.png,,,,0,decode失敗,QR未検出,0.243541,0.362004,0.582445,0.213431,,accum_num:accum::5:None:0:None:gray:15,accum,5,,,0
nagaoka_fireworks_B_8,frame_00045.png,frame_00049.png,,,,0,decode失敗,QR未検出,0.241847,0.371840,0.589123,0.219373,,accum_num:accum::5:None:0:None:gray:9,accum,5,,,0
nagaoka_fireworks_B_8,frame_00000.png,frame_00004.png,,,,0,decode失敗,QR未検出,0.312432,0.361360,0.563406,0.259247,,accum_num:accum::5:None:0:None:gray:0,accum,5,,,0
nagaoka_fireworks_B_8,frame_00065.png,frame_00069.png,,,,0,decode失敗,QR未検出,0.271776,0.367251,0.578641,0.225638,,accum_num:accum::5:None:0:None:gray:13,accum,5,,,0
nagaoka_fireworks_B_8,frame_00030.png,frame_00034.png,,,,0,decode失敗,QR未検出,0.248639,0.367502,0.584695,0.219389,,accum_num:accum::5:None:0:None:gray:6,accum,5,,,0
nagaoka_fireworks_B_8,frame_00055.png,frame_00059.png,,,,0,decode失敗,QR未検出,0.429803,0.386247,0.558679,0.300935,,accum_num:accum::5:None:0:None:gray:11,accum,5,,,0
nagaoka_fireworks_B_8,frame_00070.png,frame_00074.png,,,,0,decode失敗,QR未検出,0.266927,0.369192,0.581221,0.232004,,accum_num:accum::5:None:0:None:gray:14,accum,5,,,0
nagaoka_fireworks_B_8,frame_00035.png,frame_00039.png,,,,0,decode失敗,QR未検出,0.236084,0.369669,0.589209,0.200202,,accum_num:accum::5:None:0:None:gray:7,accum,5,,,0
nagaoka_fireworks_B_8,frame_00040.png,frame_00044.png,,,,0,decode失敗,QR未検出,0.251759,0.358237,0.577663,0.223478,,accum_num:accum::5:None:0:None:gray:8,accum,5,,,0
nagaoka_fireworks_B_8,frame_00025.png,frame_00029.png,,,,0,decode失敗,QR未検出,0.247049,0.365961,0.584101,0.224754,,accum_num:accum::5:None:0:None:gray:5,accum,5,,,0
nagaoka_fireworks_B_8,frame_00005.png,frame_00009.png,,,,0,decode失敗,QR未検出,0.310708,0.393608,0.588680,0.237109,,accum_num:accum::5:None:0:None:gray:1,accum,5,,,0
nagaoka_fireworks_B_8,frame_00010.png,frame_00014.png,,,,0,decode失敗,QR未検出,0.278056,0.370557,0.579421,0.229963,,accum_num:accum::5:None:0:None:gray:2,accum,5,,,0
nagaoka_fireworks_B_8,frame_00085.png,frame_00089.png,,,,0,decode失敗,QR未検出,0.245727,0.371038,0.587678,0.211105,,accum_num:accum::5:None:0:None:gray:17,accum,5,,,0
nagaoka_fireworks_B_8,frame_00080.png,frame_00084.png,,,,0,decode失敗,QR未検出,0.249841,0.379316,0.591845,0.209165,,accum_num:accum::5:None:0:None:gray:16,accum,5,,,0
nagaoka_fireworks_B_8,frame_00100.png,frame_00104.png,,,,0,decode失敗,QR未検出,0.243203,0.351707,0.575609,0.222832,,accum_num:accum::5:None:0:None:gray:20,accum,5,,,0
nagaoka_fireworks_B_8,frame_00105.png,frame_00109.png,,,,0,decode失敗,QR未検出,0.259961,0.375753,0.587289,0.225595,,accum_num:accum::5:None:0:None:gray:21,accum,5,,,0
nagaoka_fireworks_B_8,frame_00095.png,frame_00099.png,nagaoka_fireworks_B_8/rgb_max_accum_n5_gray/00095-00099-FRAME_rgbmax_scale1.00.png,,,0,decode失敗,QR未検出,0.244013,0.380726,0.593991,0.211187,,accum_num:accum::5:None:0:None:gray:19,accum,5,,,0
nagaoka_fireworks_B_8,frame_00110.png,frame_00114.png,,,,0,decode失敗,QR未検出,0.255460,0.370135,0.584703,0.221720,,accum_num:accum::5:None:0:None:gray:22,accum,5,,,0
nagaoka_fireworks_B_8,frame_00115.png,frame_00119.png,,,,0,decode失敗,QR未検出,0.445468,0.380933,0.549762,0.320286,,accum_num:accum::5:None:0:None:gray:23,accum,5,,,0
nagaoka_fireworks_B_8,frame_00090.png,frame_00094.png,,,,0,decode失敗,QR未検出,0.252529,0.363889,0.581304,0.221152,,accum_num:accum::5:None:0:None:gray:18,accum,5,,,0
nagaoka_fireworks_B_12,frame_00035.png,frame_00039.png,,,,0,decode失敗,QR未検出,0.247337,0.375970,0.590364,0.205950,,accum_num:accum::5:None:0:None:gray:7,accum,5,,,0
nagaoka_fireworks_B_12,frame_00020.png,frame_00024.png,,,,0,decode失敗,QR未検出,0.285290,0.371502,0.578331,0.233736,,accum_num:accum::5:None:0:None:gray:4,accum,5,,,0
nagaoka_fireworks_B_12,frame_00045.png,frame_00049.png,,,,0,decode失敗,QR未検出,0.262913,0.372287,0.584308,0.216598,,accum_num:accum::5:None:0:None:gray:9,accum,5,,,0
nagaoka_fireworks_B_12,frame_00075.png,frame_00079.png,,,,0,decode失敗,QR未検出,0.277122,0.366584,0.576797,0.234290,,accum_num:accum::5:None:0:None:gray:15,accum,5,,,0
nagaoka_fireworks_B_12,frame_00030.png,frame_00034.png,,,,0,decode失敗,QR未検出,0.246552,0.362121,0.581713,0.216897,,accum_num:accum::5:None:0:None:gray:6,accum,5,,,0
nagaoka_fireworks_B_12,frame_00005.png,frame_00009.png,,,,0,decode失敗,QR未検出,0.293150,0.379016,0.581925,0.239329,,accum_num:accum::5:None:0:None:gray:1,accum,5,,,0
nagaoka_fireworks_B_12,frame_00050.png,frame_00054.png,,,,0,decode失敗,QR未検出,0.260230,0.374091,0.586143,0.219655,,accum_num:accum::5:None:0:None:gray:10,accum,5,,,0
nagaoka_fireworks_B_12,frame_00065.png,frame_00069.png,,,,0,decode失敗,QR未検出,0.273773,0.367196,0.578093,0.223672,,accum_num:accum::5:None:0:None:gray:13,accum,5,,,0
nagaoka_fireworks_B_12,frame_00025.png,frame_00029.png,,,,0,decode失敗,QR未検出,0.270817,0.369813,0.580684,0.229007,,accum_num:accum::5:None:0:None:gray:5,accum,5,,,0
nagaoka_fireworks_B_12,frame_00000.png,frame_00004.png,,,,0,decode失敗,QR未検出,0.332812,0.378909,0.572921,0.249621,,accum_num:accum::5:None:0:None:gray:0,accum,5,,,0
nagaoka_fireworks_B_12,frame_00070.png,frame_00074.png,,,,0,decode失敗,QR未検出,0.289498,0.375805,0.580448,0.227556,,accum_num:accum::5:None:0:None:gray:14,accum,5,,,0
nagaoka_fireworks_B_12,frame_00060.png,frame_00064.png,,,,0,decode失敗,QR未検出,0.317549,0.372691,0.571432,0.252882,,accum_num:accum::5:None:0:None:gray:12,accum,5,,,0
nagaoka_fireworks_B_12,frame_00040.png,frame_00044.png,,,,0,decode失敗,QR未検出,0.272487,0.389563,0.593425,0.219004,,accum_num:accum::5:None:0:None:gray:8,accum,5,,,0
nagaoka_fireworks_B_12,frame_00010.png,frame_00014.png,,,,0,decode失敗,QR未検出,0.286358,0.370897,0.577628,0.234119,,accum_num:accum::5:None:0:None:gray:2,accum,5,,,0
nagaoka_fireworks_B_12,frame_00015.png,frame_00019.png,,,,0,decode失敗,QR未検出,0.253855,0.353078,0.573432,0.229325,,accum_num:accum::5:None:0:None:gray:3,accum,5,,,0
nagaoka_fireworks_B_12,frame_00055.png,frame_00059.png,,,,0,decode失敗,QR未検出,0.509981,0.391029,0.547733,0.346215,,accum_num:accum::5:None:0:None:gray:11,accum,5,,,0
nagaoka_fireworks_B_12,frame_00100.png,frame_00104.png,,,,0,decode失敗,QR未検出,0.288758,0.381257,0.584490,0.225611,,accum_num:accum::5:None:0:None:gray:20,accum,5,,,0
nagaoka_fireworks_B_12,frame_00105.png,frame_00109.png,,,,0,decode失敗,QR未検出,0.254476,0.376087,0.588778,0.219219,,accum_num:accum::5:None:0:None:gray:21,accum,5,,,0
nagaoka_fireworks_B_12,frame_00090.png,frame_00094.png,,,,0,decode失敗,QR未検出,0.276397,0.390482,0.593233,0.219464,,accum_num:accum::5:None:0:None:gray:18,accum,5,,,0
nagaoka_fireworks_B_12,frame_00115.png,frame_00119.png,,,,0,decode失敗,QR未検出,0.533168,0.389778,0.541640,0.348496,,accum_num:accum::5:None:0:None:gray:23,accum,5,,,0
nagaoka_fireworks_B_12,frame_00080.png,frame_00084.png,,,,0,decode失敗,QR未検出,0.256866,0.372150,0.585680,0.216420,,accum_num:accum::5:None:0:None:gray:16,accum,5,,,0
nagaoka_fireworks_B_12,frame_00085.png,frame_00089.png,,,,0,decode失敗,QR未検出,0.229133,0.363342,0.587134,0.200956,,accum_num:accum::5:None:0:None:gray:17,accum,5,,,0
nagaoka_fireworks_B_12,frame_00095.png,frame_00099.png,,,,0,decode失敗,QR未検出,0.268422,0.375709,0.585289,0.218007,,accum_num:accum::5:None:0:None:gray:19,accum,5,,,0
nagaoka_fireworks_B_12,frame_00110.png,frame_00114.png,nagaoka_fireworks_B_12/rgb_max_accum_n5_gray/00110-00114-FRAME_rgbmax_scale1.00.png,,,0,decode失敗,QR未検出,0.249687,0.386799,0.596365,0.203574,,accum_num:accum::5:None:0:None:gray:22,accum,5,,,0
hocho_B_4,frame_00045.png,frame_00049.png,,,,0,decode失敗,QR未検出,0.269202,0.373235,0.583435,0.325277,,accum_num:accum::5:None:0:None:gray:9,accum,5,,,0
hocho_B_4,frame_00030.png,frame_00034.png,,,,0,decode失敗,QR未検出,0.275776,0.371058,0.580336,0.334419,,accum_num:accum::5:None:0:None:gray:6,accum,5,,,0
hocho_B_4,frame_00060.png,frame_00064.png,,,,0,decode失敗,QR未検出,0.284107,0.358604,0.568932,0.352681,,accum_num:accum::5:None:0:None:gray:12,accum,5,,,0
hocho_B_4,frame_00050.png,frame_00054.png,,,,0,decode失敗,QR未検出,0.249707,0.377486,0.590752,0.289685,,accum_num:accum::5:None:0:None:gray:10,accum,5,,,0
hocho_B_4,frame_00040.png,frame_00044.png,,,,0,decode失敗,QR未検出,0.252449,0.360517,0.579040,0.320370,,accum_num:accum::5:None:0:None:gray:8,accum,5,,,0
hocho_B_4,frame_00025.png,frame_00029.png,,,,0,decode失敗,QR未検出,0.257621,0.374376,0.586946,0.313206,,accum_num:accum::5:None:0:None:gray:5,accum,5,,,0
hocho_B_4,frame_00035.png,frame_00039.png,,,,0,decode失敗,QR未検出,0.237862,0.376490,0.592873,0.290050,,accum_num:accum::5:None:0:None:gray:7,accum,5,,,0
hocho_B_4,frame_00010.png,frame_00014.png,,,,0,decode失敗,QR未検出,0.308472,0.363328,0.566104,0.375069,,accum_num:accum::5:None:0:None:gray:2,accum,5,,,0
hocho_B_4,frame_00015.png,frame_00019.png,,,,0,decode失敗,QR未検出,0.339454,0.369643,0.563517,0.396270,,accum_num:accum::5:None:0:None:gray:3,accum,5,,,0
hocho_B_4,frame_00000.png,frame_00004.png,,,,0,decode失敗,QR未検出,0.313386,0.361398,0.563181,0.373445,,accum_num:accum::5:None:0:None:gray:0,accum,5,,,0
hocho_B_4,frame_00070.png,frame_00074.png,,,,0,decode失敗,QR未検出,0.251843,0.375960,0.589310,0.304534,,accum_num:accum::5:None:0:None:gray:14,accum,5,,,0
hocho_B_4,frame_00075.png,frame_00079.png,,,,0,decode失敗,QR未検出,0.228110,0.368622,0.590572,0.291766,,accum_num:accum::5:None:0:None:gray:15,accum,5,,,0
hocho_B_4,frame_00065.png,frame_00069.png,,,,0,decode失敗,QR未検出,0.243029,0.353989,0.577229,0.306937,,accum_num:accum::5:None:0:None:gray:13,accum,5,,,0
hocho_B_4,frame_00020.png,frame_00024.png,,,,0,decode失敗,QR未検出,0.313261,0.370885,0.571023,0.371380,,accum_num:accum::5:None:0:None:gray:4,accum,5,,,0
hocho_B_4,frame_00005.png,frame_00009.png,,,,0,decode失敗,QR未検出,0.357544,0.366329,0.555942,0.404950,,accum_num:accum::5:None:0:None:gray:1,accum,5,,,0
hocho_B_4,frame_00055.png,frame_00059.png,,,,0,decode失敗,QR未検出,0.394125,0.363094,0.543164,0.406132,,accum_num:accum::5:None:0:None:gray:11,accum,5,,,0
hocho_B_4,frame_00090.png,frame_00094.png,hocho_B_4/rgb_max_accum_n5_gray/00090-00094-FRAME_rgbmax_scale1.00.png,,,0,decode失敗,QR未検出,0.241614,0.386758,0.598006,0.283617,,accum_num:accum::5:None:0:None:gray:18,accum,5,,,0
hocho_B_4,frame_00085.png,frame_00089.png,,,,0,decode失敗,QR未検出,0.248986,0.376680,0.590420,0.292663,,accum_num:accum::5:None:0:None:gray:17,accum,5,,,0
hocho_B_4,frame_00100.png,frame_00104.png,,,,0,decode失敗,QR未検出,0.267652,0.367393,0.579790,0.329396,,accum_num:accum::5:None:0:None:gray:20,accum,5,,,0
hocho_B_4,frame_00080.png,frame_00084.png,,,,0,decode失敗,QR未検出,0.243362,0.376040,0.591329,0.294283,,accum_num:accum::5:None:0:None:gray:16,accum,5,,,0
hocho_B_4,frame_00095.png,frame_00099.png,,,,0,decode失敗,QR未検出,0.262232,0.359615,0.575731,0.328418,,accum_num:accum::5:None:0:None:gray:19,accum,5,,,0
hocho_B_4,frame_00105.png,frame_00109.png,,,,0,decode失敗,QR未検出,0.293259,0.383936,0.585393,0.334627,,accum_num:accum::5:None:0:None:gray:21,accum,5,,,0
hocho_B_4,frame_00110.png,frame_00114.png,,,,0,decode失敗,QR未検出,0.281936,0.388827,0.591056,0.318471,,accum_num:accum::5:None:0:None:gray:22,accum,5,,,0
hocho_B_4,frame_00115.png,frame_00119.png,,,,0,decode失敗,QR未検出,0.351627,0.350615,0.542312,0.369865,,accum_num:accum::5:None:0:None:gray:23,accum,5,,,0
hocho_B_8,frame_00025.png,frame_00029.png,,,,0,decode失敗,QR未検出,0.234479,0.378017,0.594540,0.291432,,accum_num:accum::5:None:0:None:gray:5,accum,5,,,0
hocho_B_8,frame_00060.png,frame_00064.png,,,,0,decode失敗,QR未検出,0.318324,0.364421,0.564419,0.366814,,accum_num:accum::5:None:0:None:gray:12,accum,5,,,0
hocho_B_8,frame_00040.png,frame_00044.png,,,,0,decode失敗,QR未検出,0.230768,0.369019,0.590141,0.295065,,accum_num:accum::5:None:0:None:gray:8,accum,5,,,0
hocho_B_8,frame_00030.png,frame_00034.png,,,,0,decode失敗,QR未検出,0.222520,0.354237,0.583342,0.296779,,accum_num:accum::5:None:0:None:gray:6,accum,5,,,0
hocho_B_8,frame_00010.png,frame_00014.png,,,,0,decode失敗,QR未検出,0.233570,0.345133,0.574015,0.301349,,accum_num:accum::5:None:0:None:gray:2,accum,5,,,0
hocho_B_8,frame_00020.png,frame_00024.png,,,,0,decode失敗,QR未検出,0.240212,0.375380,0.591665,0.290741,,accum_num:accum::5:None:0:None:gray:4,accum,5,,,0
hocho_B_8,frame_00045.png,frame_00049.png,,,,0,decode失敗,QR未検出,0.269987,0.365794,0.578065,0.322758,,accum_num:accum::5:None:0:None:gray:9,accum,5,,,0
hocho_B_8,frame_00070.png,frame_00074.png,,,,0,decode失敗,QR未検出,0.307935,0.367736,0.569824,0.369774,,accum_num:accum::5:None:0:None:gray:14,accum,5,,,0
hocho_B_8,frame_00000.png,frame_00004.png,,,,0,decode失敗,QR未検出,0.307558,0.364233,0.567088,0.363485,,accum_num:accum::5:None:0:None:gray:0,accum,5,,,0
hocho_B_8,frame_00065.png,frame_00069.png,,,,0,decode失敗,QR未検出,0.307205,0.353584,0.558234,0.374988,,accum_num:accum::5:None:0:None:gray:13,accum,5,,,0
hocho_B_8,frame_00015.png,frame_00019.png,,,,0,decode失敗,QR未検出,0.265233,0.370606,0.582609,0.326260,,accum_num:accum::5:None:0:None:gray:3,accum,5,,,0
hocho_B_8,frame_00075.png,frame_00079.png,,,,0,decode失敗,QR未検出,0.295733,0.352760,0.560892,0.367206,,accum_num:accum::5:None:0:None:gray:15,accum,5,,,0
hocho_B_8,frame_00035.png,frame_00039.png,,,,0,decode失敗,QR未検出,0.261124,0.371797,0.584415,0.330109,,accum_num:accum::5:None:0:None:gray:7,accum,5,,,0
hocho_B_8,frame_00005.png,frame_00009.png,,,,0,decode失敗,QR未検出,0.260195,0.366413,0.581019,0.324357,,accum_num:accum::5:None:0:None:gray:1,accum,5,,,0
hocho_B_8,frame_00055.png,frame_00059.png,,,,0,decode失敗,QR未検出,0.358607,0.363084,0.552588,0.363783,,accum_num:accum::5:None:0:None:gray:11,accum,5,,,0
hocho_B_8,frame_00050.png,frame_00054.png,,,,0,decode失敗,QR未検出,0.270082,0.378566,0.586813,0.322608,,accum_num:accum::5:None:0:None:gray:10,accum,5,,,0
hocho_B_8,frame_00090.png,frame_00094.png,hocho_B_8/rgb_max_accum_n5_gray/00090-00094-FRAME_rgbmax_scale1.00.png,,,0,decode失敗,QR未検出,0.257045,0.391108,0.597427,0.291981,,accum_num:accum::5:None:0:None:gray:18,accum,5,,,0
hocho_B_8,frame_00085.png,frame_00089.png,,,,0,decode失敗,QR未検出,0.263832,0.368886,0.581785,0.318658,,accum_num:accum::5:None:0:None:gray:17,accum,5,,,0
hocho_B_8,frame_00080.png,frame_00084.png,,,,0,decode失敗,QR未検出,0.339852,0.365482,0.559732,0.405805,,accum_num:accum::5:None:0:None:gray:16,accum,5,,,0
hocho_B_8,frame_00110.png,frame_00114.png,,,,0,decode失敗,QR未検出,0.268651,0.375656,0.585200,0.326043,,accum_num:accum::5:None:0:None:gray:22,accum,5,,,0
hocho_B_8,frame_00100.png,frame_00104.png,,,,0,decode失敗,QR未検出,0.299226,0.391552,0.589461,0.322249,,accum_num:accum::5:None:0:None:gray:20,accum,5,,,0
hocho_B_8,frame_00115.png,frame_00119.png,,,,0,decode失敗,QR未検出,0.401146,0.361146,0.539201,0.400544,,accum_num:accum::5:None:0:None:gray:23,accum,5,,,0
hocho_B_8,frame_00105.png,frame_00109.png,,,,0,decode失敗,QR未検出,0.287873,0.391270,0.591489,0.324998,,accum_num:accum::5:None:0:None:gray:21,accum,5,,,0
hocho_B_8,frame_00095.png,frame_00099.png,,,,0,decode失敗,QR未検出,0.299504,0.371381,0.574776,0.347978,,accum_num:accum::5:None:0:None:gray:19,accum,5,,,0
hocho_B_12,frame_00030.png,frame_00034.png,,,,0,decode失敗,QR未検出,0.395720,0.460471,0.623906,0.302331,,accum_num:accum::5:None:0:None:gray:6,accum,5,,,0
hocho_B_12,frame_00045.png,frame_00049.png,hocho_B_12/rgb_max_accum_n5_gray/00045-00049-FRAME_rgbmax_scale1.00.png,,,0,decode失敗,QR未検出,0.414386,0.483782,0.638049,0.297900,,accum_num:accum::5:None:0:None:gray:9,accum,5,,,0
hocho_B_12,frame_00000.png,frame_00004.png,,,,0,decode失敗,QR未検出,0.456607,0.431296,0.596603,0.365529,,accum_num:accum::5:None:0:None:gray:0,accum,5,,,0
hocho_B_12,frame_00020.png,frame_00024.png,,,,0,decode失敗,QR未検出,0.404405,0.465432,0.626678,0.307216,,accum_num:accum::5:None:0:None:gray:4,accum,5,,,0
hocho_B_12,frame_00010.png,frame_00014.png,,,,0,decode失敗,QR未検出,0.395661,0.461428,0.624538,0.298394,,accum_num:accum::5:None:0:None:gray:2,accum,5,,,0
hocho_B_12,frame_00050.png,frame_00054.png,,,,0,decode失敗,QR未検出,0.398170,0.469559,0.629652,0.302192,,accum_num:accum::5:None:0:None:gray:10,accum,5,,,0
hocho_B_12,frame_00065.png,frame_00069.png,,,,0,decode失敗,QR未検出,0.390051,0.451265,0.618164,0.311816,,accum_num:accum::5:None:0:None:gray:13,accum,5,,,0
hocho_B_12,frame_00025.png,frame_00029.png,,,,0,decode失敗,QR未検出,0.413442,0.442598,0.610067,0.328636,,accum_num:accum::5:None:0:None:gray:5,accum,5,,,0
hocho_B_12,frame_00060.png,frame_00064.png,,,,0,decode失敗,QR未検出,0.409135,0.441765,0.609846,0.330954,,accum_num:accum::5:None:0:None:gray:12,accum,5,,,0
hocho_B_12,frame_00035.png,frame_00039.png,,,,0,decode失敗,QR未検出,0.440087,0.456400,0.618222,0.338108,,accum_num:accum::5:None:0:None:gray:7,accum,5,,,0
hocho_B_12,frame_00070.png,frame_00074.png,,,,0,decode失敗,QR未検出,0.399089,0.449661,0.616365,0.305907,,accum_num:accum::5:None:0:None:gray:14,accum,5,,,0
hocho_B_12,frame_00075.png,frame_00079.png,,,,0,decode失敗,QR未検出,0.483113,0.443617,0.604585,0.379294,,accum_num:accum::5:None:0:None:gray:15,accum,5,,,0
hocho_B_12,frame_00015.png,frame_00019.png,,,,0,decode失敗,QR未検出,0.494460,0.429627,0.590787,0.412413,,accum_num:accum::5:None:0:None:gray:3,accum,5,,,0
hocho_B_12,frame_00040.png,frame_00044.png,,,,0,decode失敗,QR未検出,0.396535,0.475389,0.633374,0.301628,,accum_num:accum::5:None:0:None:gray:8,accum,5,,,0
hocho_B_12,frame_00005.png,frame_00009.png,,,,0,decode失敗,QR未検出,0.389848,0.454433,0.620300,0.308857,,accum_num:accum::5:None:0:None:gray:1,accum,5,,,0
hocho_B_12,frame_00055.png,frame_00059.png,,,,0,decode失敗,QR未検出,0.575036,0.411405,0.560614,0.437409,,accum_num:accum::5:None:0:None:gray:11,accum,5,,,0
hocho_B_12,frame_00090.png,frame_00094.png,,,,0,decode失敗,QR未検出,0.374004,0.463452,0.627059,0.288836,,accum_num:accum::5:None:0:None:gray:18,accum,5,,,0
hocho_B_12,frame_00080.png,frame_00084.png,,,,0,decode失敗,QR未検出,0.442124,0.459747,0.620568,0.335035,,accum_num:accum::5:None:0:None:gray:16,accum,5,,,0
hocho_B_12,frame_00085.png,frame_00089.png,,,,0,decode失敗,QR未検出,0.386633,0.476290,0.634277,0.282641,,accum_num:accum::5:None:0:None:gray:17,accum,5,,,0
hocho_B_12,frame_00095.png,frame_00099.png,,,,0,decode失敗,QR未検出,0.470086,0.460468,0.619408,0.352969,,accum_num:accum::5:None:0:None:gray:19,accum,5,,,0
hocho_B_12,frame_00105.png,frame_00109.png,,,,0,decode失敗,QR未検出,0.412180,0.471804,0.630483,0.303720,,accum_num:accum::5:None:0:None:gray:21,accum,5,,,0
hocho_B_12,frame_00100.png,frame_00104.png,,,,0,decode失敗,QR未検出,0.390042,0.451649,0.618423,0.302353,,accum_num:accum::5:None:0:None:gray:20,accum,5,,,0
hocho_B_12,frame_00110.png,frame_00114.png,,,,0,decode失敗,QR未検出,0.405821,0.475811,0.633302,0.304221,,accum_num:accum::5:None:0:None:gray:22,accum,5,,,0
hocho_B_12,frame_00115.png,frame_00119.png,,,,0,decode失敗,QR未検出,0.549221,0.413890,0.567352,0.416946,,accum_num:accum::5:None:0:None:gray:23,accum,5,,,0
ex_B_4,frame_00060.png,frame_00064.png,,,,0,decode失敗,QR未検出,0.269585,0.350231,0.566636,0.371014,,accum_num:accum::5:None:0:None:gray:12,accum,5,,,0
ex_B_4,frame_00015.png,frame_00019.png,,,,0,decode失敗,QR未検出,0.256081,0.324382,0.550184,0.395679,,accum_num:accum::5:None:0:None:gray:3,accum,5,,,0
ex_B_4,frame_00075.png,frame_00079.png,,,,0,decode失敗,QR未検出,0.221835,0.343861,0.576886,0.337276,,accum_num:accum::5:None:0:None:gray:15,accum,5,,,0
ex_B_4,frame_00035.png,frame_00039.png,,,,0,decode失敗,QR未検出,0.255247,0.322175,0.548604,0.395519,,accum_num:accum::5:None:0:None:gray:7,accum,5,,,0
ex_B_4,frame_00030.png,frame_00034.png,,,,0,decode失敗,QR未検出,0.257477,0.325395,0.550522,0.389383,,accum_num:accum::5:None:0:None:gray:6,accum,5,,,0
ex_B_4,frame_00040.png,frame_00044.png,,,,0,decode失敗,QR未検出,0.218600,0.333485,0.570954,0.327927,,accum_num:accum::5:None:0:None:gray:8,accum,5,,,0
ex_B_4,frame_00005.png,frame_00009.png,,,,0,decode失敗,QR未検出,0.283799,0.326963,0.542046,0.414841,,accum_num:accum::5:None:0:None:gray:1,accum,5,,,0
ex_B_4,frame_00010.png,frame_00014.png,,,,0,decode失敗,QR未検出,0.260419,0.329432,0.552865,0.401948,,accum_num:accum::5:None:0:None:gray:2,accum,5,,,0
ex_B_4,frame_00045.png,frame_00049.png,,,,0,decode失敗,QR未検出,0.320033,0.339224,0.541000,0.435974,,accum_num:accum::5:None:0:None:gray:9,accum,5,,,0
ex_B_4,frame_00050.png,frame_00054.png,,,,0,decode失敗,QR未検出,0.259937,0.326673,0.550693,0.401437,,accum_num:accum::5:None:0:None:gray:10,accum,5,,,0
ex_B_4,frame_00070.png,frame_00074.png,,,,0,decode失敗,QR未検出,0.320898,0.355340,0.555820,0.410389,,accum_num:accum::5:None:0:None:gray:14,accum,5,,,0
ex_B_4,frame_00055.png,frame_00059.png,,,,0,decode失敗,QR未検出,0.390260,0.350983,0.531130,0.404178,,accum_num:accum::5:None:0:None:gray:11,accum,5,,,0
ex_B_4,frame_00025.png,frame_00029.png,,,,0,decode失敗,QR未検出,0.200511,0.330494,0.575400,0.316438,,accum_num:accum::5:None:0:None:gray:5,accum,5,,,0
ex_B_4,frame_00065.png,frame_00069.png,,,,0,decode失敗,QR未検出,0.261502,0.316141,0.540717,0.425919,,accum_num:accum::5:None:0:None:gray:13,accum,5,,,0
ex_B_4,frame_00000.png,frame_00004.png,,,,0,decode失敗,QR未検出,0.329562,0.344304,0.542867,0.442455,,accum_num:accum::5:None:0:None:gray:0,accum,5,,,0
ex_B_4,frame_00020.png,frame_00024.png,,,,0,decode失敗,QR未検出,0.274991,0.359781,0.572347,0.387869,,accum_num:accum::5:None:0:None:gray:4,accum,5,,,0
ex_B_4,frame_00105.png,frame_00109.png,,,,0,decode失敗,QR未検出,0.276764,0.352451,0.566227,0.387466,,accum_num:accum::5:None:0:None:gray:21,accum,5,,,0
ex_B_4,frame_00085.png,frame_00089.png,,,,0,decode失敗,QR未検出,0.304284,0.331996,0.539380,0.448794,,accum_num:accum::5:None:0:None:gray:17,accum,5,,,0
ex_B_4,frame_00100.png,frame_00104.png,ex_B_4/rgb_max_accum_n5_gray/00100-00104-FRAME_rgbmax_scale1.00.png,,,0,decode失敗,QR未検出,0.218556,0.343136,0.577461,0.326383,,accum_num:accum::5:None:0:None:gray:20,accum,5,,,0
ex_B_4,frame_00110.png,frame_00114.png,,,,0,decode失敗,QR未検出,0.279134,0.342684,0.557578,0.393062,,accum_num:accum::5:None:0:None:gray:22,accum,5,,,0
ex_B_4,frame_00090.png,frame_00094.png,,,,0,decode失敗,QR未検出,0.253562,0.325012,0.551678,0.398352,,accum_num:accum::5:None:0:None:gray:18,accum,5,,,0
ex_B_4,frame_00080.png,frame_00084.png,,,,0,decode失敗,QR未検出,0.313748,0.341429,0.545201,0.420169,,accum_num:accum::5:None:0:None:gray:16,accum,5,,,0
ex_B_4,frame_00095.png,frame_00099.png,,,,0,decode失敗,QR未検出,0.250755,0.334999,0.560843,0.383401,,accum_num:accum::5:None:0:None:gray:19,accum,5,,,0
ex_B_4,frame_00115.png,frame_00119.png,,,,0,decode失敗,QR未検出,0.466548,0.348456,0.504922,0.463342,,accum_num:accum::5:None:0:None:gray:23,accum,5,,,0
ex_B_8,frame_00010.png,frame_00014.png,,,,0,decode失敗,QR未検出,0.231329,0.338815,0.570321,0.375177,,accum_num:accum::5:None:0:None:gray:2,accum,5,,,0
ex_B_8,frame_00015.png,frame_00019.png,,,,0,decode失敗,QR未検出,0.183425,0.305043,0.565264,0.369654,,accum_num:accum::5:None:0:None:gray:3,accum,5,,,0
ex_B_8,frame_00030.png,frame_00034.png,,,,0,decode失敗,QR未検出,0.216101,0.333438,0.571801,0.387532,,accum_num:accum::5:None:0:None:gray:6,accum,5,,,0
ex_B_8,frame_00060.png,frame_00064.png,,,,0,decode失敗,QR未検出,0.327053,0.326876,0.525830,0.467088,,accum_num:accum::5:None:0:None:gray:12,accum,5,,,0
ex_B_8,frame_00065.png,frame_00069.png,,,,0,decode失敗,QR未検出,0.249195,0.336446,0.562510,0.387680,,accum_num:accum::5:None:0:None:gray:13,accum,5,,,0
ex_B_8,frame_00055.png,frame_00059.png,,,,0,decode失敗,QR未検出,0.445374,0.347950,0.510753,0.492052,,accum_num:accum::5:None:0:None:gray:11,accum,5,,,0
ex_B_8,frame_00005.png,frame_00009.png,ex_B_8/rgb_max_accum_n5_gray/00005-00009-FRAME_rgbmax_scale1.00.png,,,0,decode失敗,QR未検出,0.012664,0.299636,0.641869,0.028027,,accum_num:accum::5:None:0:None:gray:1,accum,5,,,0
ex_B_8,frame_00025.png,frame_00029.png,,,,0,decode失敗,QR未検出,0.293726,0.319109,0.530560,0.449580,,accum_num:accum::5:None:0:None:gray:5,accum,5,,,0
ex_B_8,frame_00045.png,frame_00049.png,,,,0,decode失敗,QR未検出,0.270842,0.341856,0.559585,0.414436,,accum_num:accum::5:None:0:None:gray:9,accum,5,,,0
ex_B_8,frame_00070.png,frame_00074.png,,,,0,decode失敗,QR未検出,0.278434,0.318754,0.536323,0.454930,,accum_num:accum::5:None:0:None:gray:14,accum,5,,,0
ex_B_8,frame_00075.png,frame_00079.png,,,,0,decode失敗,QR未検出,0.215118,0.307724,0.553162,0.404658,,accum_num:accum::5:None:0:None:gray:15,accum,5,,,0
ex_B_8,frame_00040.png,frame_00044.png,,,,0,decode失敗,QR未検出,0.250392,0.345782,0.569177,0.408620,,accum_num:accum::5:None:0:None:gray:8,accum,5,,,0
ex_B_8,frame_00035.png,frame_00039.png,,,,0,decode失敗,QR未検出,0.310310,0.319612,0.524478,0.494637,,accum_num:accum::5:None:0:None:gray:7,accum,5,,,0
ex_B_8,frame_00000.png,frame_00004.png,,,,0,decode失敗,QR未検出,0.155707,0.335352,0.593989,0.170903,,accum_num:accum::5:None:0:None:gray:0,accum,5,,,0
ex_B_8,frame_00050.png,frame_00054.png,,,,0,decode失敗,QR未検出,0.240262,0.334574,0.564162,0.392546,,accum_num:accum::5:None:0:None:gray:10,accum,5,,,0
ex_B_8,frame_00020.png,frame_00024.png,,,,0,decode失敗,QR未検出,0.228383,0.320647,0.557858,0.398754,,accum_num:accum::5:None:0:None:gray:4,accum,5,,,0
ex_B_8,frame_00080.png,frame_00084.png,,,,0,decode失敗,QR未検出,0.211675,0.319021,0.563256,0.414497,,accum_num:accum::5:None:0:None:gray:16,accum,5,,,0
ex_B_8,frame_00100.png,frame_00104.png,,,,0,decode失敗,QR未検出,0.152308,0.296368,0.574125,0.340897,,accum_num:accum::5:None:0:None:gray:20,accum,5,,,0
ex_B_8,frame_00090.png,frame_00094.png,,,,0,decode失敗,QR未検出,0.211371,0.312451,0.558471,0.395302,,accum_num:accum::5:None:0:None:gray:18,accum,5,,,0
ex_B_8,frame_00110.png,frame_00114.png,,,,0,decode失敗,QR未検出,0.212936,0.300110,0.547939,0.429351,,accum_num:accum::5:None:0:None:gray:22,accum,5,,,0
ex_B_8,frame_00095.png,frame_00099.png,,,,0,decode失敗,QR未検出,0.167889,0.338590,0.591462,0.331940,,accum_num:accum::5:None:0:None:gray:19,accum,5,,,0
ex_B_8,frame_00085.png,frame_00089.png,,,,0,decode失敗,QR未検出,0.209951,0.310367,0.557482,0.408020,,accum_num:accum::5:None:0:None:gray:17,accum,5,,,0
ex_B_8,frame_00115.png,frame_00119.png,,,,0,decode失敗,QR未検出,0.365145,0.345841,0.533193,0.423153,,accum_num:accum::5:None:0:None:gray:23,accum,5,,,0
ex_B_8,frame_00105.png,frame_00109.png,,,,0,decode失敗,QR未検出,0.197813,0.313937,0.565257,0.387546,,accum_num:accum::5:None:0:None:gray:21,accum,5,,,0
ex_B_12,frame_00000.png,frame_00004.png,,,,0,decode失敗,QR未検出,0.257915,0.359958,0.577159,0.374132,,accum_num:accum::5:None:0:None:gray:0,accum,5,,,0
ex_B_12,frame_00030.png,frame_00034.png,,,,0,decode失敗,QR未検出,0.269913,0.366179,0.578357,0.393855,,accum_num:accum::5:None:0:None:gray:6,accum,5,,,0
ex_B_12,frame_00035.png,frame_00039.png,,,,0,decode失敗,QR未検出,0.252405,0.345721,0.568500,0.382847,,accum_num:accum::5:None:0:None:gray:7,accum,5,,,0
ex_B_12,frame_00050.png,frame_00054.png,ex_B_12/rgb_max_accum_n5_gray/00050-00054-FRAME_rgbmax_scale1.00.png,,,0,decode失敗,QR未検出,0.235786,0.367911,0.588210,0.338321,,accum_num:accum::5:None:0:None:gray:10,accum,5,,,0
ex_B_12,frame_00060.png,frame_00064.png,,,,0,decode失敗,QR未検出,0.258292,0.347776,0.568204,0.371772,,accum_num:accum::5:None:0:None:gray:12,accum,5,,,0
ex_B_12,frame_00070.png,frame_00074.png,,,,0,decode失敗,QR未検出,0.264329,0.348886,0.567194,0.398275,,accum_num:accum::5:None:0:None:gray:14,accum,5,,,0
ex_B_12,frame_00015.png,frame_00019.png,,,,0,decode失敗,QR未検出,0.267255,0.338864,0.558324,0.403904,,accum_num:accum::5:None:0:None:gray:3,accum,5,,,0
ex_B_12,frame_00055.png,frame_00059.png,,,,0,decode失敗,QR未検出,0.558686,0.376199,0.518338,0.495444,,accum_num:accum::5:None:0:None:gray:11,accum,5,,,0
ex_B_12,frame_00040.png,frame_00044.png,,,,0,decode失敗,QR未検出,0.230514,0.344862,0.574795,0.346108,,accum_num:accum::5:None:0:None:gray:8,accum,5,,,0
ex_B_12,frame_00010.png,frame_00014.png,,,,0,decode失敗,QR未検出,0.377760,0.379216,0.563088,0.423644,,accum_num:accum::5:None:0:None:gray:2,accum,5,,,0
ex_B_12,frame_00075.png,frame_00079.png,,,,0,decode失敗,QR未検出,0.351304,0.365221,0.556521,0.454741,,accum_num:accum::5:None:0:None:gray:15,accum,5,,,0
ex_B_12,frame_00005.png,frame_00009.png,,,,0,decode失敗,QR未検出,0.230584,0.354180,0.580968,0.354563,,accum_num:accum::5:None:0:None:gray:1,accum,5,,,0
ex_B_12,frame_00020.png,frame_00024.png,,,,0,decode失敗,QR未検出,0.210780,0.352516,0.585722,0.338330,,accum_num:accum::5:None:0:None:gray:4,accum,5,,,0
ex_B_12,frame_00045.png,frame_00049.png,,,,0,decode失敗,QR未検出,0.316744,0.370612,0.569947,0.400826,,accum_num:accum::5:None:0:None:gray:9,accum,5,,,0
ex_B_12,frame_00025.png,frame_00029.png,,,,0,decode失敗,QR未検出,0.274683,0.354964,0.568783,0.401758,,accum_num:accum::5:None:0:None:gray:5,accum,5,,,0
ex_B_12,frame_00065.png,frame_00069.png,,,,0,decode失敗,QR未検出,0.241852,0.347705,0.573222,0.362748,,accum_num:accum::5:None:0:None:gray:13,accum,5,,,0
ex_B_12,frame_00085.png,frame_00089.png,,,,0,decode失敗,QR未検出,0.230778,0.339850,0.571236,0.384593,,accum_num:accum::5:None:0:None:gray:17,accum,5,,,0
ex_B_12,frame_00100.png,frame_00104.png,,,,0,decode失敗,QR未検出,0.205459,0.334593,0.576294,0.346827,,accum_num:accum::5:None:0:None:gray:20,accum,5,,,0
ex_B_12,frame_00105.png,frame_00109.png,,,,0,decode失敗,QR未検出,0.255112,0.344312,0.566585,0.390858,,accum_num:accum::5:None:0:None:gray:21,accum,5,,,0
ex_B_12,frame_00080.png,frame_00084.png,,,,0,decode失敗,QR未検出,0.199865,0.344486,0.584283,0.341648,,accum_num:accum::5:None:0:None:gray:16,accum,5,,,0
ex_B_12,frame_00110.png,frame_00114.png,,,,0,decode失敗,QR未検出,0.220781,0.343029,0.576674,0.358693,,accum_num:accum::5:None:0:None:gray:22,accum,5,,,0
ex_B_12,frame_00095.png,frame_00099.png,,,,0,decode失敗,QR未検出,0.262063,0.360722,0.576566,0.379899,,accum_num:accum::5:None:0:None:gray:19,accum,5,,,0
ex_B_12,frame_00090.png,frame_00094.png,,,,0,decode失敗,QR未検出,0.267697,0.357657,0.572793,0.397115,,accum_num:accum::5:None:0:None:gray:18,accum,5,,,0
ex_B_12,frame_00115.png,frame_00119.png,,,,0,decode失敗,QR未検出,0.441066,0.370144,0.538846,0.422682,,accum_num:accum::5:None:0:None:gray:23,accum,5,,,0
rice_I_4,frame_00065.png,frame_00069.png,,,,0,decode失敗,QR未検出,0.299698,0.383479,0.583694,0.354278,,accum_num:accum::5:None:0:None:gray:13,accum,5,,,0
rice_I_4,frame_00015.png,frame_00019.png,,,,0,decode失敗,QR未検出,0.277316,0.404967,0.601997,0.318988,,accum_num:accum::5:None:0:None:gray:3,accum,5,,,0
rice_I_4,frame_00055.png,frame_00059.png,,,,0,decode失敗,QR未検出,0.253751,0.399684,0.602975,0.278603,,accum_num:accum::5:None:0:None:gray:11,accum,5,,,0
rice_I_4,frame_00060.png,frame_00064.png,,,,0,decode失敗,QR未検出,0.237048,0.403778,0.608046,0.293800,,accum_num:accum::5:None:0:None:gray:12,accum,5,,,0
rice_I_4,frame_00000.png,frame_00004.png,,,,0,decode失敗,QR未検出,0.229933,0.383354,0.598555,0.292076,,accum_num:accum::5:None:0:None:gray:0,accum,5,,,0
rice_I_4,frame_00075.png,frame_00079.png,,,,0,decode失敗,QR未検出,0.294834,0.390425,0.589552,0.361643,,accum_num:accum::5:None:0:None:gray:15,accum,5,,,0
rice_I_4,frame_00070.png,frame_00074.png,,,,0,decode失敗,QR未検出,0.259306,0.391952,0.597486,0.323704,,accum_num:accum::5:None:0:None:gray:14,accum,5,,,0
rice_I_4,frame_00035.png,frame_00039.png,rice_I_4/rgb_max_accum_n5_gray/00035-00039-FRAME_rgbmax_scale1.00.png,,,0,decode失敗,QR未検出,0.229168,0.402714,0.608840,0.282973,,accum_num:accum::5:None:0:None:gray:7,accum,5,,,0
rice_I_4,frame_00040.png,frame_00044.png,,,,0,decode失敗,QR未検出,0.301258,0.394183,0.590873,0.357567,,accum_num:accum::5:None:0:None:gray:8,accum,5,,,0
rice_I_4,frame_00020.png,frame_00024.png,,,,0,decode失敗,QR未検出,0.220329,0.388447,0.603267,0.283165,,accum_num:accum::5:None:0:None:gray:4,accum,5,,,0
rice_I_4,frame_00045.png,frame_00049.png,,,,0,decode失敗,QR未検出,0.232944,0.394580,0.603999,0.291015,,accum_num:accum::5:None:0:None:gray:9,accum,5,,,0
rice_I_4,frame_00005.png,frame_00009.png,,,,0,decode失敗,QR未検出,0.299882,0.393747,0.590836,0.354259,,accum_num:accum::5:None:0:None:gray:1,accum,5,,,0
rice_I_4,frame_00050.png,frame_00054.png,,,,0,decode失敗,QR未検出,0.295862,0.413229,0.604076,0.346196,,accum_num:accum::5:None:0:None:gray:10,accum,5,,,0
rice_I_4,frame_00025.png,frame_00029.png,,,,0,decode失敗,QR未検出,0.257661,0.378813,0.589776,0.326337,,accum_num:accum::5:None:0:None:gray:5,accum,5,,,0
rice_I_4,frame_00010.png,frame_00014.png,,,,0,decode失敗,QR未検出,0.257691,0.383649,0.592789,0.325773,,accum_num:accum::5:None:0:None:gray:2,accum,5,,,0
rice_I_4,frame_00030.png,frame_00034.png,,,,0,decode失敗,QR未検出,0.260185,0.390083,0.596195,0.317346,,accum_num:accum::5:None:0:None:gray:6,accum,5,,,0
rice_I_4,frame_00090.png,frame_00094.png,,,,0,decode失敗,QR未検出,0.225452,0.380867,0.598164,0.289090,,accum_num:accum::5:None:0:None:gray:18,accum,5,,,0
rice_I_4,frame_00080.png,frame_00084.png,,,,0,decode失敗,QR未検出,0.297631,0.378023,0.580191,0.361000,,accum_num:accum::5:None:0:None:gray:16,accum,5,,,0
rice_I_4,frame_00085.png,frame_00089.png,,,,0,decode失敗,QR未検出,0.253160,0.385719,0.595004,0.322783,,accum_num:accum::5:None:0:None:gray:17,accum,5,,,0
rice_I_4,frame_00115.png,frame_00119.png,,,,0,decode失敗,QR未検出,0.320182,0.394458,0.587494,0.349320,,accum_num:accum::5:None:0:None:gray:23,accum,5,,,0
rice_I_4,frame_00095.png,frame_00099.png,,,,0,decode失敗,QR未検出,0.261462,0.382562,0.591301,0.321262,,accum_num:accum::5:None:0:None:gray:19,accum,5,,,0
rice_I_4,frame_00100.png,frame_00104.png,,,,0,decode失敗,QR未検出,0.261422,0.380130,0.589770,0.326687,,accum_num:accum::5:None:0:None:gray:20,accum,5,,,0
rice_I_4,frame_00105.png,frame_00109.png,,,,0,decode失敗,QR未検出,0.208207,0.384531,0.603797,0.282611,,accum_num:accum::5:None:0:None:gray:21,accum,5,,,0
rice_I_4,frame_00110.png,frame_00114.png,,,,0,decode失敗,QR未検出,0.255013,0.398989,0.602361,0.315804,,accum_num:accum::5:None:0:None:gray:22,accum,5,,,0
rice_I_8,frame_00020.png,frame_00024.png,,,,0,decode失敗,QR未検出,0.297591,0.390655,0.589165,0.363776,,accum_num:accum::5:None:0:None:gray:4,accum,5,,,0
rice_I_8,frame_00040.png,frame_00044.png,,,,0,decode失敗,QR未検出,0.250884,0.391626,0.598933,0.316002,,accum_num:accum::5:None:0:None:gray:8,accum,5,,,0
rice_I_8,frame_00065.png,frame_00069.png,,,,0,decode失敗,QR未検出,0.222053,0.371404,0.593681,0.295531,,accum_num:accum::5:None:0:None:gray:13,accum,5,,,0
rice_I_8,frame_00075.png,frame_00079.png,,,,0,decode失敗,QR未検出,0.294203,0.384709,0.585734,0.354448,,accum_num:accum::5:None:0:None:gray:15,accum,5,,,0
rice_I_8,frame_00060.png,frame_00064.png,,,,0,decode失敗,QR未検出,0.257328,0.385395,0.593936,0.327318,,accum_num:accum::5:None:0:None:gray:12,accum,5,,,0
rice_I_8,frame_00035.png,frame_00039.png,,,,0,decode失敗,QR未検出,0.279025,0.383923,0.588414,0.355972,,accum_num:accum::5:None:0:None:gray:7,accum,5,,,0
rice_I_8,frame_00015.png,frame_00019.png,,,,0,decode失敗,QR未検出,0.293324,0.397826,0.594773,0.355535,,accum_num:accum::5:None:0:None:gray:3,accum,5,,,0
rice_I_8,frame_00055.png,frame_00059.png,,,,0,decode失敗,QR未検出,0.284162,0.386377,0.588976,0.319368,,accum_num:accum::5:None:0:None:gray:11,accum,5,,,0
rice_I_8,frame_00010.png,frame_00014.png,,,,0,decode失敗,QR未検出,0.266833,0.387019,0.592969,0.326276,,accum_num:accum::5:None:0:None:gray:2,accum,5,,,0
rice_I_8,frame_00025.png,frame_00029.png,,,,0,decode失敗,QR未検出,0.244922,0.371601,0.588227,0.322703,,accum_num:accum::5:None:0:None:gray:5,accum,5,,,0
rice_I_8,frame_00030.png,frame_00034.png,,,,0,decode失敗,QR未検出,0.289165,0.390287,0.590580,0.353248,,accum_num:accum::5:None:0:None:gray:6,accum,5,,,0
rice_I_8,frame_00005.png,frame_00009.png,,,,0,decode失敗,QR未検出,0.221393,0.373542,0.595044,0.289559,,accum_num:accum::5:None:0:None:gray:1,accum,5,,,0
rice_I_8,frame_00070.png,frame_00074.png,,,,0,decode失敗,QR未検出,0.290467,0.375984,0.580352,0.357576,,accum_num:accum::5:None:0:None:gray:14,accum,5,,,0
rice_I_8,frame_00000.png,frame_00004.png,,,,0,decode失敗,QR未検出,0.308452,0.399941,0.593480,0.359120,,accum_num:accum::5:None:0:None:gray:0,accum,5,,,0
rice_I_8,frame_00045.png,frame_00049.png,,,,0,decode失敗,QR未検出,0.255480,0.389758,0.596937,0.321718,,accum_num:accum::5:None:0:None:gray:9,accum,5,,,0
rice_I_8,frame_00050.png,frame_00054.png,,,,0,decode失敗,QR未検出,0.272695,0.368949,0.579610,0.353169,,accum_num:accum::5:None:0:None:gray:10,accum,5,,,0
rice_I_8,frame_00095.png,frame_00099.png,,,,0,decode失敗,QR未検出,0.309923,0.386134,0.583463,0.360770,,accum_num:accum::5:None:0:None:gray:19,accum,5,,,0
rice_I_8,frame_00090.png,frame_00094.png,rice_I_8/rgb_max_accum_n5_gray/00090-00094-FRAME_rgbmax_scale1.00.png,,,0,decode失敗,QR未検出,0.217964,0.390232,0.604650,0.278513,,accum_num:accum::5:None:0:None:gray:18,accum,5,,,0
rice_I_8,frame_00115.png,frame_00119.png,,,,0,decode失敗,QR未検出,0.274136,0.383096,0.588913,0.316439,,accum_num:accum::5:None:0:None:gray:23,accum,5,,,0
rice_I_8,frame_00110.png,frame_00114.png,,,,0,decode失敗,QR未検出,0.283710,0.365700,0.574449,0.365606,,accum_num:accum::5:None:0:None:gray:22,accum,5,,,0
rice_I_8,frame_00105.png,frame_00109.png,,,,0,decode失敗,QR未検出,0.248783,0.388005,0.597255,0.327338,,accum_num:accum::5:None:0:None:gray:21,accum,5,,,0
rice_I_8,frame_00100.png,frame_00104.png,,,,0,decode失敗,QR未検出,0.256876,0.387355,0.595219,0.321853,,accum_num:accum::5:None:0:None:gray:20,accum,5,,,0
rice_I_8,frame_00085.png,frame_00089.png,,,,0,decode失敗,QR未検出,0.289150,0.386563,0.588070,0.355968,,accum_num:accum::5:None:0:None:gray:17,accum,5,,,0
rice_I_8,frame_00080.png,frame_00084.png,,,,0,decode失敗,QR未検出,0.289458,0.395368,0.593879,0.353438,,accum_num:accum::5:None:0:None:gray:16,accum,5,,,0
rice_I_12,frame_00025.png,frame_00029.png,,,,0,decode失敗,QR未検出,0.291277,0.380836,0.583640,0.333155,,accum_num:accum::5:None:0:None:gray:5,accum,5,,,0
rice_I_12,frame_00000.png,frame_00004.png,,,,0,decode失敗,QR未検出,0.346534,0.387084,0.576634,0.376781,,accum_num:accum::5:None:0:None:gray:0,accum,5,,,0
rice_I_12,frame_00040.png,frame_00044.png,,,,0,decode失敗,QR未検出,0.353927,0.401003,0.586292,0.360289,,accum_num:accum::5:None:0:None:gray:8,accum,5,,,0
rice_I_12,frame_00035.png,frame_00039.png,,,,0,decode失敗,QR未検出,0.336637,0.392301,0.582740,0.366128,,accum_num:accum::5:None:0:None:gray:7,accum,5,,,0
rice_I_12,frame_00060.png,frame_00064.png,,,,0,decode失敗,QR未検出,0.311021,0.389433,0.585638,0.337815,,accum_num:accum::5:None:0:None:gray:12,accum,5,,,0
rice_I_12,frame_00045.png,frame_00049.png,,,,0,decode失敗,QR未検出,0.314046,0.405296,0.596148,0.324539,,accum_num:accum::5:None:0:None:gray:9,accum,5,,,0
rice_I_12,frame_00010.png,frame_00014.png,,,,0,decode失敗,QR未検出,0.346311,0.396622,0.584257,0.368254,,accum_num:accum::5:None:0:None:gray:2,accum,5,,,0
rice_I_12,frame_00070.png,frame_00074.png,rice_I_12/rgb_max_accum_n5_gray/00070-00074-FRAME_rgbmax_scale1.00.png,,,0,decode失敗,QR未検出,0.276133,0.408880,0.604490,0.293437,,accum_num:accum::5:None:0:None:gray:14,accum,5,,,0
rice_I_12,frame_00020.png,frame_00024.png,,,,0,decode失敗,QR未検出,0.350717,0.409401,0.593168,0.363244,,accum_num:accum::5:None:0:None:gray:4,accum,5,,,0
rice_I_12,frame_00015.png,frame_00019.png,,,,0,decode失敗,QR未検出,0.261735,0.396390,0.599647,0.292949,,accum_num:accum::5:None:0:None:gray:3,accum,5,,,0
rice_I_12,frame_00005.png,frame_00009.png,,,,0,decode失敗,QR未検出,0.350052,0.399754,0.586005,0.362234,,accum_num:accum::5:None:0:None:gray:1,accum,5,,,0
rice_I_12,frame_00055.png,frame_00059.png,,,,0,decode失敗,QR未検出,0.303514,0.402607,0.596120,0.289268,,accum_num:accum::5:None:0:None:gray:11,accum,5,,,0
rice_I_12,frame_00030.png,frame_00034.png,,,,0,decode失敗,QR未検出,0.299335,0.375491,0.577923,0.332113,,accum_num:accum::5:None:0:None:gray:6,accum,5,,,0
rice_I_12,frame_00050.png,frame_00054.png,,,,0,decode失敗,QR未検出,0.340935,0.401839,0.589174,0.362197,,accum_num:accum::5:None:0:None:gray:10,accum,5,,,0
rice_I_12,frame_00065.png,frame_00069.png,,,,0,decode失敗,QR未検出,0.330978,0.402667,0.591483,0.332937,,accum_num:accum::5:None:0:None:gray:13,accum,5,,,0
rice_I_12,frame_00075.png,frame_00079.png,,,,0,decode失敗,QR未検出,0.345317,0.395086,0.583248,0.365336,,accum_num:accum::5:None:0:None:gray:15,accum,5,,,0
rice_I_12,frame_00090.png,frame_00094.png,,,,0,decode失敗,QR未検出,0.284018,0.408469,0.603007,0.291646,,accum_num:accum::5:None:0:None:gray:18,accum,5,,,0
rice_I_12,frame_00085.png,frame_00089.png,,,,0,decode失敗,QR未検出,0.305094,0.397319,0.592299,0.331722,,accum_num:accum::5:None:0:None:gray:17,accum,5,,,0
rice_I_12,frame_00080.png,frame_00084.png,,,,0,decode失敗,QR未検出,0.295470,0.395366,0.592757,0.326379,,accum_num:accum::5:None:0:None:gray:16,accum,5,,,0
rice_I_12,frame_00105.png,frame_00109.png,,,,0,decode失敗,QR未検出,0.296672,0.389800,0.588759,0.326388,,accum_num:accum::5:None:0:None:gray:21,accum,5,,,0
rice_I_12,frame_00100.png,frame_00104.png,,,,0,decode失敗,QR未検出,0.313937,0.398065,0.591210,0.336395,,accum_num:accum::5:None:0:None:gray:20,accum,5,,,0
rice_I_12,frame_00095.png,frame_00099.png,,,,0,decode失敗,QR未検出,0.314439,0.401229,0.593313,0.334724,,accum_num:accum::5:None:0:None:gray:19,accum,5,,,0
rice_I_12,frame_00110.png,frame_00114.png,,,,0,decode失敗,QR未検出,0.302222,0.404484,0.597567,0.321733,,accum_num:accum::5:None:0:None:gray:22,accum,5,,,0
rice_I_12,frame_00115.png,frame_00119.png,,,,0,decode失敗,QR未検出,0.384929,0.395737,0.576403,0.366293,,accum_num:accum::5:None:0:None:gray:23,accum,5,,,0
nagaoka_fireworks_I_4,frame_00010.png,frame_00014.png,,,,0,decode失敗,QR未検出,0.239577,0.370603,0.588917,0.210324,,accum_num:accum::5:None:0:None:gray:2,accum,5,,,0
nagaoka_fireworks_I_4,frame_00020.png,frame_00024.png,,,,0,decode失敗,QR未検出,0.274812,0.373348,0.582172,0.234004,,accum_num:accum::5:None:0:None:gray:4,accum,5,,,0
nagaoka_fireworks_I_4,frame_00050.png,frame_00054.png,,,,0,decode失敗,QR未検出,0.257348,0.378286,0.589513,0.227619,,accum_num:accum::5:None:0:None:gray:10,accum,5,,,0
nagaoka_fireworks_I_4,frame_00045.png,frame_00049.png,,,,0,decode失敗,QR未検出,0.231349,0.383750,0.598471,0.188750,,accum_num:accum::5:None:0:None:gray:9,accum,5,,,0
nagaoka_fireworks_I_4,frame_00070.png,frame_00074.png,,,,0,decode失敗,QR未検出,0.259221,0.387526,0.594843,0.206539,,accum_num:accum::5:None:0:None:gray:14,accum,5,,,0
nagaoka_fireworks_I_4,frame_00060.png,frame_00064.png,,,,0,decode失敗,QR未検出,0.310534,0.368493,0.569777,0.255097,,accum_num:accum::5:None:0:None:gray:12,accum,5,,,0
nagaoka_fireworks_I_4,frame_00030.png,frame_00034.png,,,,0,decode失敗,QR未検出,0.237008,0.350085,0.576349,0.218783,,accum_num:accum::5:None:0:None:gray:6,accum,5,,,0
nagaoka_fireworks_I_4,frame_00025.png,frame_00029.png,,,,0,decode失敗,QR未検出,0.255723,0.377658,0.589485,0.215916,,accum_num:accum::5:None:0:None:gray:5,accum,5,,,0
nagaoka_fireworks_I_4,frame_00005.png,frame_00009.png,,,,0,decode失敗,QR未検出,0.282051,0.381491,0.586121,0.234880,,accum_num:accum::5:None:0:None:gray:1,accum,5,,,0
nagaoka_fireworks_I_4,frame_00075.png,frame_00079.png,,,,0,decode失敗,QR未検出,0.261725,0.370955,0.583706,0.230370,,accum_num:accum::5:None:0:None:gray:15,accum,5,,,0
nagaoka_fireworks_I_4,frame_00035.png,frame_00039.png,,,,0,decode失敗,QR未検出,0.233217,0.366790,0.588176,0.209580,,accum_num:accum::5:None:0:None:gray:7,accum,5,,,0
nagaoka_fireworks_I_4,frame_00065.png,frame_00069.png,,,,0,decode失敗,QR未検出,0.288102,0.373168,0.578865,0.235872,,accum_num:accum::5:None:0:None:gray:13,accum,5,,,0
nagaoka_fireworks_I_4,frame_00000.png,frame_00004.png,,,,0,decode失敗,QR未検出,0.291391,0.375247,0.579601,0.239082,,accum_num:accum::5:None:0:None:gray:0,accum,5,,,0
nagaoka_fireworks_I_4,frame_00040.png,frame_00044.png,,,,0,decode失敗,QR未検出,0.237862,0.377625,0.593541,0.205951,,accum_num:accum::5:None:0:None:gray:8,accum,5,,,0
nagaoka_fireworks_I_4,frame_00015.png,frame_00019.png,,,,0,decode失敗,QR未検出,0.267821,0.363165,0.576758,0.227302,,accum_num:accum::5:None:0:None:gray:3,accum,5,,,0
nagaoka_fireworks_I_4,frame_00055.png,frame_00059.png,,,,0,decode失敗,QR未検出,0.499945,0.389163,0.547544,0.336193,,accum_num:accum::5:None:0:None:gray:11,accum,5,,,0
nagaoka_fireworks_I_4,frame_00080.png,frame_00084.png,,,,0,decode失敗,QR未検出,0.236824,0.365057,0.586175,0.214277,,accum_num:accum::5:None:0:None:gray:16,accum,5,,,0
nagaoka_fireworks_I_4,frame_00085.png,frame_00089.png,,,,0,decode失敗,QR未検出,0.267841,0.378048,0.586978,0.231287,,accum_num:accum::5:None:0:None:gray:17,accum,5,,,0
nagaoka_fireworks_I_4,frame_00095.png,frame_00099.png,,,,0,decode失敗,QR未検出,0.232979,0.355282,0.580992,0.220020,,accum_num:accum::5:None:0:None:gray:19,accum,5,,,0
nagaoka_fireworks_I_4,frame_00100.png,frame_00104.png,,,,0,decode失敗,QR未検出,0.253875,0.378758,0.590594,0.214565,,accum_num:accum::5:None:0:None:gray:20,accum,5,,,0
nagaoka_fireworks_I_4,frame_00090.png,frame_00094.png,,,,0,decode失敗,QR未検出,0.239641,0.373965,0.590948,0.215067,,accum_num:accum::5:None:0:None:gray:18,accum,5,,,0
nagaoka_fireworks_I_4,frame_00115.png,frame_00119.png,,,,0,decode失敗,QR未検出,0.515243,0.387786,0.542820,0.354093,,accum_num:accum::5:None:0:None:gray:23,accum,5,,,0
nagaoka_fireworks_I_4,frame_00110.png,frame_00114.png,nagaoka_fireworks_I_4/rgb_max_accum_n5_gray/00110-00114-FRAME_rgbmax_scale1.00.png,,,0,decode失敗,QR未検出,0.243377,0.390675,0.599864,0.206723,,accum_num:accum::5:None:0:None:gray:22,accum,5,,,0
nagaoka_fireworks_I_4,frame_00105.png,frame_00109.png,,,,0,decode失敗,QR未検出,0.258337,0.394976,0.599451,0.210338,,accum_num:accum::5:None:0:None:gray:21,accum,5,,,0
nagaoka_fireworks_I_8,frame_00040.png,frame_00044.png,,,,0,decode失敗,QR未検出,0.246353,0.369502,0.586553,0.218990,,accum_num:accum::5:None:0:None:gray:8,accum,5,,,0
nagaoka_fireworks_I_8,frame_00020.png,frame_00024.png,,,,0,decode失敗,QR未検出,0.261566,0.367375,0.581325,0.222029,,accum_num:accum::5:None:0:None:gray:4,accum,5,,,0
nagaoka_fireworks_I_8,frame_00065.png,frame_00069.png,,,,0,decode失敗,QR未検出,0.254317,0.372762,0.586691,0.219870,,accum_num:accum::5:None:0:None:gray:13,accum,5,,,0
nagaoka_fireworks_I_8,frame_00070.png,frame_00074.png,,,,0,decode失敗,QR未検出,0.268229,0.377240,0.586355,0.222931,,accum_num:accum::5:None:0:None:gray:14,accum,5,,,0
nagaoka_fireworks_I_8,frame_00005.png,frame_00009.png,,,,0,decode失敗,QR未検出,0.257785,0.354565,0.573358,0.229900,,accum_num:accum::5:None:0:None:gray:1,accum,5,,,0
nagaoka_fireworks_I_8,frame_00025.png,frame_00029.png,,,,0,decode失敗,QR未検出,0.242274,0.346638,0.572337,0.225933,,accum_num:accum::5:None:0:None:gray:5,accum,5,,,0
nagaoka_fireworks_I_8,frame_00045.png,frame_00049.png,,,,0,decode失敗,QR未検出,0.247829,0.360052,0.579986,0.230923,,accum_num:accum::5:None:0:None:gray:9,accum,5,,,0
nagaoka_fireworks_I_8,frame_00035.png,frame_00039.png,,,,0,decode失敗,QR未検出,0.228527,0.350795,0.579372,0.218448,,accum_num:accum::5:None:0:None:gray:7,accum,5,,,0
nagaoka_fireworks_I_8,frame_00060.png,frame_00064.png,,,,0,decode失敗,QR未検出,0.313669,0.369973,0.570188,0.261415,,accum_num:accum::5:None:0:None:gray:12,accum,5,,,0
nagaoka_fireworks_I_8,frame_00075.png,frame_00079.png,,,,0,decode失敗,QR未検出,0.265531,0.367004,0.580060,0.237530,,accum_num:accum::5:None:0:None:gray:15,accum,5,,,0
nagaoka_fireworks_I_8,frame_00010.png,frame_00014.png,,,,0,decode失敗,QR未検出,0.268651,0.374446,0.584387,0.227311,,accum_num:accum::5:None:0:None:gray:2,accum,5,,,0
nagaoka_fireworks_I_8,frame_00055.png,frame_00059.png,,,,0,decode失敗,QR未検出,0.446019,0.383472,0.552371,0.314888,,accum_num:accum::5:None:0:None:gray:11,accum,5,,,0
nagaoka_fireworks_I_8,frame_00050.png,frame_00054.png,,,,0,decode失敗,QR未検出,0.213180,0.372317,0.596340,0.195540,,accum_num:accum::5:None:0:None:gray:10,accum,5,,,0
nagaoka_fireworks_I_8,frame_00030.png,frame_00034.png,nagaoka_fireworks_I_8/rgb_max_accum_n5_gray/00030-00034-FRAME_rgbmax_scale1.00.png,,,0,decode失敗,QR未検出,0.231751,0.386328,0.599805,0.198603,,accum_num:accum::5:None:0:None:gray:6,accum,5,,,0
nagaoka_fireworks_I_8,frame_00000.png,frame_00004.png,,,,0,decode失敗,QR未検出,0.280277,0.382280,0.587043,0.231856,,accum_num:accum::5:None:0:None:gray:0,accum,5,,,0
nagaoka_fireworks_I_8,frame_00015.png,frame_00019.png,,,,0,decode失敗,QR未検出,0.256310,0.366259,0.581913,0.229596,,accum_num:accum::5:None:0:None:gray:3,accum,5,,,0
nagaoka_fireworks_I_8,frame_00100.png,frame_00104.png,,,,0,decode失敗,QR未検出,0.245350,0.370710,0.587564,0.219643,,accum_num:accum::5:None:0:None:gray:20,accum,5,,,0
nagaoka_fireworks_I_8,frame_00095.png,frame_00099.png,,,,0,decode失敗,QR未検出,0.253463,0.366513,0.582814,0.221742,,accum_num:accum::5:None:0:None:gray:19,accum,5,,,0
nagaoka_fireworks_I_8,frame_00090.png,frame_00094.png,,,,0,decode失敗,QR未検出,0.262073,0.388289,0.594727,0.222659,,accum_num:accum::5:None:0:None:gray:18,accum,5,,,0
nagaoka_fireworks_I_8,frame_00085.png,frame_00089.png,,,,0,decode失敗,QR未検出,0.260756,0.386531,0.593919,0.221439,,accum_num:accum::5:None:0:None:gray:17,accum,5,,,0
nagaoka_fireworks_I_8,frame_00080.png,frame_00084.png,,,,0,decode失敗,QR未検出,0.260746,0.377805,0.588434,0.222121,,accum_num:accum::5:None:0:None:gray:16,accum,5,,,0
nagaoka_fireworks_I_8,frame_00110.png,frame_00114.png,,,,0,decode失敗,QR未検出,0.241440,0.360085,0.581757,0.214112,,accum_num:accum::5:None:0:None:gray:22,accum,5,,,0
nagaoka_fireworks_I_8,frame_00115.png,frame_00119.png,,,,0,decode失敗,QR未検出,0.512580,0.384231,0.539056,0.362050,,accum_num:accum::5:None:0:None:gray:23,accum,5,,,0
nagaoka_fireworks_I_8,frame_00105.png,frame_00109.png,,,,0,decode失敗,QR未検出,0.239040,0.360389,0.582611,0.216446,,accum_num:accum::5:None:0:None:gray:21,accum,5,,,0
nagaoka_fireworks_I_12,frame_00030.png,frame_00034.png,,,,0,decode失敗,QR未検出,0.253547,0.378547,0.590537,0.215116,,accum_num:accum::5:None:0:None:gray:6,accum,5,,,0
nagaoka_fireworks_I_12,frame_00010.png,frame_00014.png,,,,0,decode失敗,QR未検出,0.272079,0.373822,0.583150,0.224717,,accum_num:accum::5:None:0:None:gray:2,accum,5,,,0
nagaoka_fireworks_I_12,frame_00045.png,frame_00049.png,,,,0,decode失敗,QR未検出,0.253051,0.364889,0.581837,0.217766,,accum_num:accum::5:None:0:None:gray:9,accum,5,,,0
nagaoka_fireworks_I_12,frame_00050.png,frame_00054.png,,,,0,decode失敗,QR未検出,0.260672,0.371224,0.584143,0.226424,,accum_num:accum::5:None:0:None:gray:10,accum,5,,,0
nagaoka_fireworks_I_12,frame_00065.png,frame_00069.png,,,,0,decode失敗,QR未検出,0.261844,0.363705,0.578721,0.233805,,accum_num:accum::5:None:0:None:gray:13,accum,5,,,0
nagaoka_fireworks_I_12,frame_00035.png,frame_00039.png,,,,0,decode失敗,QR未検出,0.265884,0.383757,0.591107,0.219847,,accum_num:accum::5:None:0:None:gray:7,accum,5,,,0
nagaoka_fireworks_I_12,frame_00055.png,frame_00059.png,,,,0,decode失敗,QR未検出,0.500373,0.392009,0.550746,0.340768,,accum_num:accum::5:None:0:None:gray:11,accum,5,,,0
nagaoka_fireworks_I_12,frame_00000.png,frame_00004.png,,,,0,decode失敗,QR未検出,0.321156,0.380723,0.576966,0.247111,,accum_num:accum::5:None:0:None:gray:0,accum,5,,,0
nagaoka_fireworks_I_12,frame_00075.png,frame_00079.png,,,,0,decode失敗,QR未検出,0.294292,0.381120,0.583178,0.247143,,accum_num:accum::5:None:0:None:gray:15,accum,5,,,0
nagaoka_fireworks_I_12,frame_00070.png,frame_00074.png,,,,0,decode失敗,QR未検出,0.282955,0.383950,0.587596,0.226525,,accum_num:accum::5:None:0:None:gray:14,accum,5,,,0
nagaoka_fireworks_I_12,frame_00020.png,frame_00024.png,,,,0,decode失敗,QR未検出,0.266137,0.386897,0.593035,0.221085,,accum_num:accum::5:None:0:None:gray:4,accum,5,,,0
nagaoka_fireworks_I_12,frame_00005.png,frame_00009.png,,,,0,decode失敗,QR未検出,0.253622,0.371493,0.586040,0.215608,,accum_num:accum::5:None:0:None:gray:1,accum,5,,,0
nagaoka_fireworks_I_12,frame_00060.png,frame_00064.png,,,,0,decode失敗,QR未検出,0.308820,0.375995,0.576097,0.254294,,accum_num:accum::5:None:0:None:gray:12,accum,5,,,0
nagaoka_fireworks_I_12,frame_00040.png,frame_00044.png,,,,0,decode失敗,QR未検出,0.256980,0.384114,0.593226,0.206508,,accum_num:accum::5:None:0:None:gray:8,accum,5,,,0
nagaoka_fireworks_I_12,frame_00015.png,frame_00019.png,,,,0,decode失敗,QR未検出,0.244515,0.365892,0.584710,0.221412,,accum_num:accum::5:None:0:None:gray:3,accum,5,,,0
nagaoka_fireworks_I_12,frame_00025.png,frame_00029.png,,,,0,decode失敗,QR未検出,0.283059,0.398193,0.596860,0.217621,,accum_num:accum::5:None:0:None:gray:5,accum,5,,,0
nagaoka_fireworks_I_12,frame_00100.png,frame_00104.png,nagaoka_fireworks_I_12/rgb_max_accum_n5_gray/00100-00104-FRAME_rgbmax_scale1.00.png,,,0,decode失敗,QR未検出,0.259952,0.391667,0.597191,0.213842,,accum_num:accum::5:None:0:None:gray:20,accum,5,,,0
nagaoka_fireworks_I_12,frame_00085.png,frame_00089.png,,,,0,decode失敗,QR未検出,0.278384,0.390796,0.593042,0.221593,,accum_num:accum::5:None:0:None:gray:17,accum,5,,,0
nagaoka_fireworks_I_12,frame_00095.png,frame_00099.png,,,,0,decode失敗,QR未検出,0.281360,0.396420,0.596053,0.221711,,accum_num:accum::5:None:0:None:gray:19,accum,5,,,0
nagaoka_fireworks_I_12,frame_00105.png,frame_00109.png,,,,0,decode失敗,QR未検出,0.260359,0.385137,0.593142,0.215518,,accum_num:accum::5:None:0:None:gray:21,accum,5,,,0
nagaoka_fireworks_I_12,frame_00110.png,frame_00114.png,,,,0,decode失敗,QR未検出,0.255892,0.370473,0.584819,0.217441,,accum_num:accum::5:None:0:None:gray:22,accum,5,,,0
nagaoka_fireworks_I_12,frame_00115.png,frame_00119.png,,,,0,decode失敗,QR未検出,0.551034,0.393914,0.543310,0.363917,,accum_num:accum::5:None:0:None:gray:23,accum,5,,,0
nagaoka_fireworks_I_12,frame_00090.png,frame_00094.png,,,,0,decode失敗,QR未検出,0.270052,0.388464,0.593221,0.216369,,accum_num:accum::5:None:0:None:gray:18,accum,5,,,0
nagaoka_fireworks_I_12,frame_00080.png,frame_00084.png,,,,0,decode失敗,QR未検出,0.271503,0.374893,0.584017,0.227878,,accum_num:accum::5:None:0:None:gray:16,accum,5,,,0
hocho_I_4,frame_00040.png,frame_00044.png,,,,0,decode失敗,QR未検出,0.213041,0.386004,0.603519,0.254897,,accum_num:accum::5:None:0:None:gray:8,accum,5,,,0
hocho_I_4,frame_00000.png,frame_00004.png,,,,0,decode失敗,QR未検出,0.185089,0.362700,0.598484,0.236566,,accum_num:accum::5:None:0:None:gray:0,accum,5,,,0
hocho_I_4,frame_00035.png,frame_00039.png,,,,0,decode失敗,QR未検出,0.195870,0.377954,0.603285,0.237763,,accum_num:accum::5:None:0:None:gray:7,accum,5,,,0
hocho_I_4,frame_00025.png,frame_00029.png,,,,0,decode失敗,QR未検出,0.175530,0.363964,0.601624,0.235198,,accum_num:accum::5:None:0:None:gray:5,accum,5,,,0
hocho_I_4,frame_00075.png,frame_00079.png,,,,0,decode失敗,QR未検出,0.221591,0.386651,0.602079,0.260318,,accum_num:accum::5:None:0:None:gray:15,accum,5,,,0
hocho_I_4,frame_00065.png,frame_00069.png,,,,0,decode失敗,QR未検出,0.193520,0.380073,0.604825,0.240199,,accum_num:accum::5:None:0:None:gray:13,accum,5,,,0
hocho_I_4,frame_00005.png,frame_00009.png,,,,0,decode失敗,QR未検出,0.187876,0.362279,0.597528,0.244150,,accum_num:accum::5:None:0:None:gray:1,accum,5,,,0
hocho_I_4,frame_00060.png,frame_00064.png,,,,0,decode失敗,QR未検出,0.209955,0.373897,0.597959,0.259890,,accum_num:accum::5:None:0:None:gray:12,accum,5,,,0
hocho_I_4,frame_00055.png,frame_00059.png,,,,0,decode失敗,QR未検出,0.405771,0.360290,0.537009,0.420012,,accum_num:accum::5:None:0:None:gray:11,accum,5,,,0
hocho_I_4,frame_00070.png,frame_00074.png,,,,0,decode失敗,QR未検出,0.187529,0.372455,0.602602,0.236480,,accum_num:accum::5:None:0:None:gray:14,accum,5,,,0
hocho_I_4,frame_00010.png,frame_00014.png,,,,0,decode失敗,QR未検出,0.191304,0.383070,0.606704,0.244289,,accum_num:accum::5:None:0:None:gray:2,accum,5,,,0
hocho_I_4,frame_00045.png,frame_00049.png,,,,0,decode失敗,QR未検出,0.183554,0.377587,0.605920,0.228183,,accum_num:accum::5:None:0:None:gray:9,accum,5,,,0
hocho_I_4,frame_00030.png,frame_00034.png,,,,0,decode失敗,QR未検出,0.177180,0.362773,0.600627,0.228644,,accum_num:accum::5:None:0:None:gray:6,accum,5,,,0
hocho_I_4,frame_00015.png,frame_00019.png,,,,0,decode失敗,QR未検出,0.187891,0.364093,0.598435,0.240963,,accum_num:accum::5:None:0:None:gray:3,accum,5,,,0
hocho_I_4,frame_00050.png,frame_00054.png,hocho_I_4/rgb_max_accum_n5_gray/00050-00054-FRAME_rgbmax_scale1.00.png,,,0,decode失敗,QR未検出,0.205544,0.410435,0.616241,0.230362,,accum_num:accum::5:None:0:None:gray:10,accum,5,,,0
hocho_I_4,frame_00020.png,frame_00024.png,,,,0,decode失敗,QR未検出,0.179410,0.357450,0.597439,0.235064,,accum_num:accum::5:None:0:None:gray:4,accum,5,,,0
hocho_I_4,frame_00085.png,frame_00089.png,,,,0,decode失敗,QR未検出,0.209320,0.385547,0.604067,0.252497,,accum_num:accum::5:None:0:None:gray:17,accum,5,,,0
hocho_I_4,frame_00095.png,frame_00099.png,,,,0,decode失敗,QR未検出,0.183802,0.348136,0.591361,0.246416,,accum_num:accum::5:None:0:None:gray:19,accum,5,,,0
hocho_I_4,frame_00090.png,frame_00094.png,,,,0,decode失敗,QR未検出,0.185964,0.369778,0.601707,0.226614,,accum_num:accum::5:None:0:None:gray:18,accum,5,,,0
hocho_I_4,frame_00100.png,frame_00104.png,,,,0,decode失敗,QR未検出,0.211694,0.396120,0.608732,0.249718,,accum_num:accum::5:None:0:None:gray:20,accum,5,,,0
hocho_I_4,frame_00080.png,frame_00084.png,,,,0,decode失敗,QR未検出,0.226589,0.365957,0.589377,0.287753,,accum_num:accum::5:None:0:None:gray:16,accum,5,,,0
hocho_I_4,frame_00110.png,frame_00114.png,,,,0,decode失敗,QR未検出,0.197952,0.383095,0.605286,0.245277,,accum_num:accum::5:None:0:None:gray:22,accum,5,,,0
hocho_I_4,frame_00115.png,frame_00119.png,,,,0,decode失敗,QR未検出,0.451912,0.359042,0.522872,0.449492,,accum_num:accum::5:None:0:None:gray:23,accum,5,,,0
hocho_I_4,frame_00105.png,frame_00109.png,,,,0,decode失敗,QR未検出,0.198454,0.388912,0.607907,0.245651,,accum_num:accum::5:None:0:None:gray:21,accum,5,,,0
hocho_I_8,frame_00040.png,frame_00044.png,,,,0,decode失敗,QR未検出,0.262406,0.376381,0.587130,0.324619,,accum_num:accum::5:None:0:None:gray:8,accum,5,,,0
hocho_I_8,frame_00050.png,frame_00054.png,,,,0,decode失敗,QR未検出,0.261482,0.372383,0.584717,0.315598,,accum_num:accum::5:None:0:None:gray:10,accum,5,,,0
hocho_I_8,frame_00070.png,frame_00074.png,,,,0,decode失敗,QR未検出,0.316302,0.366302,0.566519,0.374158,,accum_num:accum::5:None:0:None:gray:14,accum,5,,,0
hocho_I_8,frame_00000.png,frame_00004.png,,,,0,decode失敗,QR未検出,0.320505,0.361611,0.561441,0.388952,,accum_num:accum::5:None:0:None:gray:0,accum,5,,,0
hocho_I_8,frame_00015.png,frame_00019.png,,,,0,decode失敗,QR未検出,0.236168,0.382884,0.596953,0.293644,,accum_num:accum::5:None:0:None:gray:3,accum,5,,,0
hocho_I_8,frame_00065.png,frame_00069.png,,,,0,decode失敗,QR未検出,0.327630,0.376015,0.571744,0.375820,,accum_num:accum::5:None:0:None:gray:13,accum,5,,,0
hocho_I_8,frame_00055.png,frame_00059.png,,,,0,decode失敗,QR未検出,0.475953,0.358119,0.515021,0.474346,,accum_num:accum::5:None:0:None:gray:11,accum,5,,,0
hocho_I_8,frame_00035.png,frame_00039.png,,,,0,decode失敗,QR未検出,0.249091,0.380851,0.592946,0.294942,,accum_num:accum::5:None:0:None:gray:7,accum,5,,,0
hocho_I_8,frame_00005.png,frame_00009.png,,,,0,decode失敗,QR未検出,0.312382,0.357060,0.559753,0.380399,,accum_num:accum::5:None:0:None:gray:1,accum,5,,,0
hocho_I_8,frame_00025.png,frame_00029.png,,,,0,decode失敗,QR未検出,0.266356,0.371118,0.582682,0.322832,,accum_num:accum::5:None:0:None:gray:5,accum,5,,,0
hocho_I_8,frame_00045.png,frame_00049.png,,,,0,decode失敗,QR未検出,0.220071,0.372277,0.594654,0.289320,,accum_num:accum::5:None:0:None:gray:9,accum,5,,,0
hocho_I_8,frame_00075.png,frame_00079.png,,,,0,decode失敗,QR未検出,0.219713,0.365368,0.590810,0.296697,,accum_num:accum::5:None:0:None:gray:15,accum,5,,,0
hocho_I_8,frame_00030.png,frame_00034.png,,,,0,decode失敗,QR未検出,0.264960,0.371454,0.583251,0.322080,,accum_num:accum::5:None:0:None:gray:6,accum,5,,,0
hocho_I_8,frame_00060.png,frame_00064.png,,,,0,decode失敗,QR未検出,0.290864,0.354580,0.563814,0.358757,,accum_num:accum::5:None:0:None:gray:12,accum,5,,,0
hocho_I_8,frame_00020.png,frame_00024.png,hocho_I_8/rgb_max_accum_n5_gray/00020-00024-FRAME_rgbmax_scale1.00.png,,,0,decode失敗,QR未検出,0.252425,0.389624,0.597467,0.294021,,accum_num:accum::5:None:0:None:gray:4,accum,5,,,0
hocho_I_8,frame_00010.png,frame_00014.png,,,,0,decode失敗,QR未検出,0.301069,0.380003,0.580872,0.347613,,accum_num:accum::5:None:0:None:gray:2,accum,5,,,0
hocho_I_8,frame_00105.png,frame_00109.png,,,,0,decode失敗,QR未検出,0.243318,0.373899,0.590035,0.296370,,accum_num:accum::5:None:0:None:gray:21,accum,5,,,0
hocho_I_8,frame_00085.png,frame_00089.png,,,,0,decode失敗,QR未検出,0.267508,0.380540,0.588686,0.317633,,accum_num:accum::5:None:0:None:gray:17,accum,5,,,0
hocho_I_8,frame_00115.png,frame_00119.png,,,,0,decode失敗,QR未検出,0.329523,0.356404,0.554322,0.352847,,accum_num:accum::5:None:0:None:gray:23,accum,5,,,0
hocho_I_8,frame_00080.png,frame_00084.png,,,,0,decode失敗,QR未検出,0.298620,0.378143,0.580054,0.349988,,accum_num:accum::5:None:0:None:gray:16,accum,5,,,0
hocho_I_8,frame_00090.png,frame_00094.png,,,,0,decode失敗,QR未検出,0.255778,0.370390,0.584793,0.324916,,accum_num:accum::5:None:0:None:gray:18,accum,5,,,0
hocho_I_8,frame_00100.png,frame_00104.png,,,,0,decode失敗,QR未検出,0.230132,0.359647,0.584577,0.296624,,accum_num:accum::5:None:0:None:gray:20,accum,5,,,0
hocho_I_8,frame_00110.png,frame_00114.png,,,,0,decode失敗,QR未検出,0.264731,0.372449,0.583977,0.315084,,accum_num:accum::5:None:0:None:gray:22,accum,5,,,0
hocho_I_8,frame_00095.png,frame_00099.png,,,,0,decode失敗,QR未検出,0.250467,0.359630,0.578977,0.324604,,accum_num:accum::5:None:0:None:gray:19,accum,5,,,0
hocho_I_12,frame_00010.png,frame_00014.png,,,,0,decode失敗,QR未検出,0.299037,0.358234,0.564482,0.370827,,accum_num:accum::5:None:0:None:gray:2,accum,5,,,0
hocho_I_12,frame_00050.png,frame_00054.png,,,,0,decode失敗,QR未検出,0.279651,0.380649,0.586075,0.328202,,accum_num:accum::5:None:0:None:gray:10,accum,5,,,0
hocho_I_12,frame_00015.png,frame_00019.png,,,,0,decode失敗,QR未検出,0.273321,0.366302,0.577568,0.318764,,accum_num:accum::5:None:0:None:gray:3,accum,5,,,0
hocho_I_12,frame_00060.png,frame_00064.png,,,,0,decode失敗,QR未検出,0.277400,0.376128,0.583487,0.316611,,accum_num:accum::5:None:0:None:gray:12,accum,5,,,0
hocho_I_12,frame_00020.png,frame_00024.png,,,,0,decode失敗,QR未検出,0.357022,0.379615,0.568088,0.399322,,accum_num:accum::5:None:0:None:gray:4,accum,5,,,0
hocho_I_12,frame_00075.png,frame_00079.png,,,,0,decode失敗,QR未検出,0.303588,0.378088,0.578886,0.355191,,accum_num:accum::5:None:0:None:gray:15,accum,5,,,0
hocho_I_12,frame_00030.png,frame_00034.png,,,,0,decode失敗,QR未検出,0.277450,0.388134,0.591511,0.328819,,accum_num:accum::5:None:0:None:gray:6,accum,5,,,0
hocho_I_12,frame_00035.png,frame_00039.png,,,,0,decode失敗,QR未検出,0.298784,0.387028,0.586406,0.327905,,accum_num:accum::5:None:0:None:gray:7,accum,5,,,0
hocho_I_12,frame_00040.png,frame_00044.png,,,,0,decode失敗,QR未検出,0.250164,0.376523,0.590050,0.302784,,accum_num:accum::5:None:0:None:gray:8,accum,5,,,0
hocho_I_12,frame_00000.png,frame_00004.png,,,,0,decode失敗,QR未検出,0.304115,0.372160,0.574254,0.357436,,accum_num:accum::5:None:0:None:gray:0,accum,5,,,0
hocho_I_12,frame_00070.png,frame_00074.png,,,,0,decode失敗,QR未検出,0.315666,0.368303,0.568332,0.370745,,accum_num:accum::5:None:0:None:gray:14,accum,5,,,0
hocho_I_12,frame_00005.png,frame_00009.png,,,,0,decode失敗,QR未検出,0.263236,0.357812,0.574156,0.333877,,accum_num:accum::5:None:0:None:gray:1,accum,5,,,0
hocho_I_12,frame_00025.png,frame_00029.png,,,,0,decode失敗,QR未検出,0.275388,0.377371,0.584803,0.336233,,accum_num:accum::5:None:0:None:gray:5,accum,5,,,0
hocho_I_12,frame_00045.png,frame_00049.png,,,,0,decode失敗,QR未検出,0.233754,0.392150,0.602553,0.268477,,accum_num:accum::5:None:0:None:gray:9,accum,5,,,0
hocho_I_12,frame_00065.png,frame_00069.png,,,,0,decode失敗,QR未検出,0.267006,0.364766,0.578111,0.335703,,accum_num:accum::5:None:0:None:gray:13,accum,5,,,0
hocho_I_12,frame_00055.png,frame_00059.png,,,,0,decode失敗,QR未検出,0.347081,0.349126,0.542190,0.367735,,accum_num:accum::5:None:0:None:gray:11,accum,5,,,0
hocho_I_12,frame_00085.png,frame_00089.png,hocho_I_12/rgb_max_accum_n5_gray/00085-00089-FRAME_rgbmax_scale1.00.png,,,0,decode失敗,QR未検出,0.224532,0.392403,0.604469,0.269146,,accum_num:accum::5:None:0:None:gray:17,accum,5,,,0
hocho_I_12,frame_00095.png,frame_00099.png,,,,0,decode失敗,QR未検出,0.293125,0.376310,0.579972,0.339586,,accum_num:accum::5:None:0:None:gray:19,accum,5,,,0
hocho_I_12,frame_00080.png,frame_00084.png,,,,0,decode失敗,QR未検出,0.261144,0.357210,0.574309,0.330527,,accum_num:accum::5:None:0:None:gray:16,accum,5,,,0
hocho_I_12,frame_00090.png,frame_00094.png,,,,0,decode失敗,QR未検出,0.277241,0.377824,0.584689,0.322646,,accum_num:accum::5:None:0:None:gray:18,accum,5,,,0
hocho_I_12,frame_00115.png,frame_00119.png,,,,0,decode失敗,QR未検出,0.310991,0.359512,0.562238,0.335666,,accum_num:accum::5:None:0:None:gray:23,accum,5,,,0
hocho_I_12,frame_00105.png,frame_00109.png,,,,0,decode失敗,QR未検出,0.252588,0.363143,0.580786,0.321617,,accum_num:accum::5:None:0:None:gray:21,accum,5,,,0
hocho_I_12,frame_00100.png,frame_00104.png,,,,0,decode失敗,QR未検出,0.328499,0.382184,0.576508,0.379940,,accum_num:accum::5:None:0:None:gray:20,accum,5,,,0
hocho_I_12,frame_00110.png,frame_00114.png,,,,0,decode失敗,QR未検出,0.311095,0.384953,0.582348,0.353559,,accum_num:accum::5:None:0:None:gray:22,accum,5,,,0
ex_I_4,frame_00065.png,frame_00069.png,,,,0,decode失敗,QR未検出,0.321082,0.336443,0.537894,0.431199,,accum_num:accum::5:None:0:None:gray:13,accum,5,,,0
ex_I_4,frame_00075.png,frame_00079.png,,,,0,decode失敗,QR未検出,0.330829,0.338321,0.536479,0.422051,,accum_num:accum::5:None:0:None:gray:15,accum,5,,,0
ex_I_4,frame_00020.png,frame_00024.png,,,,0,decode失敗,QR未検出,0.281986,0.343584,0.557415,0.395028,,accum_num:accum::5:None:0:None:gray:4,accum,5,,,0
ex_I_4,frame_00070.png,frame_00074.png,,,,0,decode失敗,QR未検出,0.306569,0.345694,0.551451,0.411735,,accum_num:accum::5:None:0:None:gray:14,accum,5,,,0
ex_I_4,frame_00060.png,frame_00064.png,,,,0,decode失敗,QR未検出,0.354707,0.335191,0.524994,0.458505,,accum_num:accum::5:None:0:None:gray:12,accum,5,,,0
ex_I_4,frame_00035.png,frame_00039.png,,,,0,decode失敗,QR未検出,0.232348,0.320212,0.555949,0.344272,,accum_num:accum::5:None:0:None:gray:7,accum,5,,,0
ex_I_4,frame_00005.png,frame_00009.png,,,,0,decode失敗,QR未検出,0.226555,0.327751,0.563971,0.338051,,accum_num:accum::5:None:0:None:gray:1,accum,5,,,0
ex_I_4,frame_00050.png,frame_00054.png,,,,0,decode失敗,QR未検出,0.234325,0.335145,0.566650,0.339738,,accum_num:accum::5:None:0:None:gray:10,accum,5,,,0
ex_I_4,frame_00030.png,frame_00034.png,,,,0,decode失敗,QR未検出,0.278901,0.327459,0.544328,0.403562,,accum_num:accum::5:None:0:None:gray:6,accum,5,,,0
ex_I_4,frame_00025.png,frame_00029.png,,,,0,decode失敗,QR未検出,0.290556,0.332833,0.545047,0.428330,,accum_num:accum::5:None:0:None:gray:5,accum,5,,,0
ex_I_4,frame_00015.png,frame_00019.png,,,,0,decode失敗,QR未検出,0.297080,0.345215,0.554014,0.407244,,accum_num:accum::5:None:0:None:gray:3,accum,5,,,0
ex_I_4,frame_00040.png,frame_00044.png,,,,0,decode失敗,QR未検出,0.308089,0.340622,0.546300,0.395761,,accum_num:accum::5:None:0:None:gray:8,accum,5,,,0
ex_I_4,frame_00000.png,frame_00004.png,,,,0,decode失敗,QR未検出,0.356525,0.345968,0.536033,0.450428,,accum_num:accum::5:None:0:None:gray:0,accum,5,,,0
ex_I_4,frame_00045.png,frame_00049.png,,,,0,decode失敗,QR未検出,0.353162,0.347814,0.538995,0.438485,,accum_num:accum::5:None:0:None:gray:9,accum,5,,,0
ex_I_4,frame_00010.png,frame_00014.png,,,,0,decode失敗,QR未検出,0.298043,0.330762,0.540424,0.425279,,accum_num:accum::5:None:0:None:gray:2,accum,5,,,0
ex_I_4,frame_00055.png,frame_00059.png,,,,0,decode失敗,QR未検出,0.423001,0.354856,0.525972,0.417722,,accum_num:accum::5:None:0:None:gray:11,accum,5,,,0
ex_I_4,frame_00100.png,frame_00104.png,,,,0,decode失敗,QR未検出,0.312024,0.335302,0.539884,0.433761,,accum_num:accum::5:None:0:None:gray:20,accum,5,,,0
ex_I_4,frame_00085.png,frame_00089.png,ex_I_4/rgb_max_accum_n5_gray/00085-00089-FRAME_rgbmax_scale1.00.png,,,0,decode失敗,QR未検出,0.211287,0.337205,0.575988,0.321231,,accum_num:accum::5:None:0:None:gray:17,accum,5,,,0
ex_I_4,frame_00105.png,frame_00109.png,,,,0,decode失敗,QR未検出,0.250701,0.328668,0.555785,0.373977,,accum_num:accum::5:None:0:None:gray:21,accum,5,,,0
ex_I_4,frame_00095.png,frame_00099.png,,,,0,decode失敗,QR未検出,0.309361,0.333473,0.539023,0.436267,,accum_num:accum::5:None:0:None:gray:19,accum,5,,,0
ex_I_4,frame_00115.png,frame_00119.png,,,,0,decode失敗,QR未検出,0.481190,0.359884,0.515880,0.469570,,accum_num:accum::5:None:0:None:gray:23,accum,5,,,0
ex_I_4,frame_00090.png,frame_00094.png,,,,0,decode失敗,QR未検出,0.207541,0.326584,0.570213,0.317873,,accum_num:accum::5:None:0:None:gray:18,accum,5,,,0
ex_I_4,frame_00110.png,frame_00114.png,,,,0,decode失敗,QR未検出,0.253990,0.323854,0.550532,0.382025,,accum_num:accum::5:None:0:None:gray:22,accum,5,,,0
ex_I_4,frame_00080.png,frame_00084.png,,,,0,decode失敗,QR未検出,0.272248,0.321486,0.541357,0.390615,,accum_num:accum::5:None:0:None:gray:16,accum,5,,,0
ex_I_8,frame_00000.png,frame_00004.png,,,,0,decode失敗,QR未検出,0.370089,0.346604,0.532470,0.440191,,accum_num:accum::5:None:0:None:gray:0,accum,5,,,0
ex_I_8,frame_00070.png,frame_00074.png,,,,0,decode失敗,QR未検出,0.242731,0.338350,0.566153,0.336086,,accum_num:accum::5:None:0:None:gray:14,accum,5,,,0
ex_I_8,frame_00035.png,frame_00039.png,ex_I_8/rgb_max_accum_n5_gray/00035-00039-FRAME_rgbmax_scale1.00.png,,,0,decode失敗,QR未検出,0.246294,0.362463,0.582009,0.319125,,accum_num:accum::5:None:0:None:gray:7,accum,5,,,0
ex_I_8,frame_00025.png,frame_00029.png,,,,0,decode失敗,QR未検出,0.352128,0.350393,0.541938,0.443770,,accum_num:accum::5:None:0:None:gray:5,accum,5,,,0
ex_I_8,frame_00045.png,frame_00049.png,,,,0,decode失敗,QR未検出,0.327600,0.347714,0.546777,0.424179,,accum_num:accum::5:None:0:None:gray:9,accum,5,,,0
ex_I_8,frame_00030.png,frame_00034.png,,,,0,decode失敗,QR未検出,0.384075,0.368903,0.551699,0.425148,,accum_num:accum::5:None:0:None:gray:6,accum,5,,,0
ex_I_8,frame_00010.png,frame_00014.png,,,,0,decode失敗,QR未検出,0.255326,0.351195,0.571635,0.323964,,accum_num:accum::5:None:0:None:gray:2,accum,5,,,0
ex_I_8,frame_00050.png,frame_00054.png,,,,0,decode失敗,QR未検出,0.243998,0.343474,0.569516,0.333748,,accum_num:accum::5:None:0:None:gray:10,accum,5,,,0
ex_I_8,frame_00060.png,frame_00064.png,,,,0,decode失敗,QR未検出,0.267205,0.362010,0.576095,0.315117,,accum_num:accum::5:None:0:None:gray:12,accum,5,,,0
ex_I_8,frame_00040.png,frame_00044.png,,,,0,decode失敗,QR未検出,0.231846,0.318031,0.554399,0.342198,,accum_num:accum::5:None:0:None:gray:8,accum,5,,,0
ex_I_8,frame_00020.png,frame_00024.png,,,,0,decode失敗,QR未検出,0.297333,0.340941,0.550132,0.398181,,accum_num:accum::5:None:0:None:gray:4,accum,5,,,0
ex_I_8,frame_00065.png,frame_00069.png,,,,0,decode失敗,QR未検出,0.217582,0.329670,0.568654,0.307196,,accum_num:accum::5:None:0:None:gray:13,accum,5,,,0
ex_I_8,frame_00005.png,frame_00009.png,,,,0,decode失敗,QR未検出,0.352993,0.355201,0.546480,0.428167,,accum_num:accum::5:None:0:None:gray:1,accum,5,,,0
ex_I_8,frame_00015.png,frame_00019.png,,,,0,decode失敗,QR未検出,0.271264,0.348148,0.564498,0.342943,,accum_num:accum::5:None:0:None:gray:3,accum,5,,,0
ex_I_8,frame_00075.png,frame_00079.png,,,,0,decode失敗,QR未検出,0.361593,0.348120,0.536719,0.457266,,accum_num:accum::5:None:0:None:gray:15,accum,5,,,0
ex_I_8,frame_00055.png,frame_00059.png,,,,0,decode失敗,QR未検出,0.540020,0.377112,0.523888,0.479503,,accum_num:accum::5:None:0:None:gray:11,accum,5,,,0
ex_I_8,frame_00080.png,frame_00084.png,,,,0,decode失敗,QR未検出,0.333865,0.347996,0.545119,0.421156,,accum_num:accum::5:None:0:None:gray:16,accum,5,,,0
ex_I_8,frame_00090.png,frame_00094.png,,,,0,decode失敗,QR未検出,0.276208,0.341970,0.557932,0.355117,,accum_num:accum::5:None:0:None:gray:18,accum,5,,,0
ex_I_8,frame_00105.png,frame_00109.png,,,,0,decode失敗,QR未検出,0.287054,0.343839,0.556009,0.381386,,accum_num:accum::5:None:0:None:gray:21,accum,5,,,0
ex_I_8,frame_00100.png,frame_00104.png,,,,0,decode失敗,QR未検出,0.357772,0.358490,0.548363,0.437581,,accum_num:accum::5:None:0:None:gray:20,accum,5,,,0
ex_I_8,frame_00110.png,frame_00114.png,,,,0,decode失敗,QR未検出,0.291073,0.358219,0.566690,0.374996,,accum_num:accum::5:None:0:None:gray:22,accum,5,,,0
ex_I_8,frame_00115.png,frame_00119.png,,,,0,decode失敗,QR未検出,0.466414,0.367868,0.529837,0.435439,,accum_num:accum::5:None:0:None:gray:23,accum,5,,,0
ex_I_8,frame_00095.png,frame_00099.png,,,,0,decode失敗,QR未検出,0.310867,0.349066,0.553159,0.392696,,accum_num:accum::5:None:0:None:gray:19,accum,5,,,0
ex_I_8,frame_00085.png,frame_00089.png,,,,0,decode失敗,QR未検出,0.334486,0.341885,0.538878,0.445111,,accum_num:accum::5:None:0:None:gray:17,accum,5,,,0
ex_I_12,frame_00005.png,frame_00009.png,,,,0,decode失敗,QR未検出,0.457089,0.409072,0.576272,0.418198,,accum_num:accum::5:None:0:None:gray:1,accum,5,,,0
ex_I_12,frame_00035.png,frame_00039.png,,,,0,decode失敗,QR未検出,0.416975,0.406273,0.580079,0.397709,,accum_num:accum::5:None:0:None:gray:7,accum,5,,,0
ex_I_12,frame_00045.png,frame_00049.png,,,,0,decode失敗,QR未検出,0.405413,0.404040,0.580016,0.391716,,accum_num:accum::5:None:0:None:gray:9,accum,5,,,0
ex_I_12,frame_00065.png,frame_00069.png,,,,0,decode失敗,QR未検出,0.410272,0.415167,0.588787,0.361643,,accum_num:accum::5:None:0:None:gray:13,accum,5,,,0
ex_I_12,frame_00025.png,frame_00029.png,,,,0,decode失敗,QR未検出,0.374893,0.414403,0.593292,0.336742,,accum_num:accum::5:None:0:None:gray:5,accum,5,,,0
ex_I_12,frame_00010.png,frame_00014.png,,,,0,decode失敗,QR未検出,0.442149,0.411723,0.581062,0.390331,,accum_num:accum::5:None:0:None:gray:2,accum,5,,,0
ex_I_12,frame_00040.png,frame_00044.png,ex_I_12/rgb_max_accum_n5_gray/00040-00044-FRAME_rgbmax_scale1.00.png,,,0,decode失敗,QR未検出,0.322542,0.430370,0.611078,0.288630,,accum_num:accum::5:None:0:None:gray:8,accum,5,,,0
ex_I_12,frame_00020.png,frame_00024.png,,,,0,decode失敗,QR未検出,0.420169,0.402389,0.576044,0.405125,,accum_num:accum::5:None:0:None:gray:4,accum,5,,,0
ex_I_12,frame_00030.png,frame_00034.png,,,,0,decode失敗,QR未検出,0.405299,0.394444,0.571441,0.392720,,accum_num:accum::5:None:0:None:gray:6,accum,5,,,0
ex_I_12,frame_00000.png,frame_00004.png,,,,0,decode失敗,QR未検出,0.435293,0.409295,0.579888,0.369528,,accum_num:accum::5:None:0:None:gray:0,accum,5,,,0
ex_I_12,frame_00050.png,frame_00054.png,,,,0,decode失敗,QR未検出,0.418500,0.400089,0.574225,0.402893,,accum_num:accum::5:None:0:None:gray:10,accum,5,,,0
ex_I_12,frame_00070.png,frame_00074.png,,,,0,decode失敗,QR未検出,0.396739,0.417186,0.592363,0.355827,,accum_num:accum::5:None:0:None:gray:14,accum,5,,,0
ex_I_12,frame_00060.png,frame_00064.png,,,,0,decode失敗,QR未検出,0.439193,0.403394,0.573752,0.389032,,accum_num:accum::5:None:0:None:gray:12,accum,5,,,0
ex_I_12,frame_00055.png,frame_00059.png,,,,0,decode失敗,QR未検出,0.553494,0.433612,0.588147,0.371005,,accum_num:accum::5:None:0:None:gray:11,accum,5,,,0
ex_I_12,frame_00075.png,frame_00079.png,,,,0,decode失敗,QR未検出,0.450168,0.420969,0.588308,0.405458,,accum_num:accum::5:None:0:None:gray:15,accum,5,,,0
ex_I_12,frame_00015.png,frame_00019.png,,,,0,decode失敗,QR未検出,0.379335,0.415559,0.593543,0.344425,,accum_num:accum::5:None:0:None:gray:3,accum,5,,,0
ex_I_12,frame_00085.png,frame_00089.png,,,,0,decode失敗,QR未検出,0.358657,0.425460,0.603575,0.327681,,accum_num:accum::5:None:0:None:gray:17,accum,5,,,0
ex_I_12,frame_00100.png,frame_00104.png,,,,0,decode失敗,QR未検出,0.371823,0.434789,0.608555,0.326726,,accum_num:accum::5:None:0:None:gray:20,accum,5,,,0
ex_I_12,frame_00090.png,frame_00094.png,,,,0,decode失敗,QR未検出,0.433350,0.407944,0.578957,0.403780,,accum_num:accum::5:None:0:None:gray:18,accum,5,,,0
ex_I_12,frame_00080.png,frame_00084.png,,,,0,decode失敗,QR未検出,0.425366,0.419230,0.590112,0.348695,,accum_num:accum::5:None:0:None:gray:16,accum,5,,,0
ex_I_12,frame_00110.png,frame_00114.png,,,,0,decode失敗,QR未検出,0.407103,0.418674,0.592136,0.358931,,accum_num:accum::5:None:0:None:gray:22,accum,5,,,0
ex_I_12,frame_00105.png,frame_00109.png,,,,0,decode失敗,QR未検出,0.395064,0.389585,0.568970,0.396877,,accum_num:accum::5:None:0:None:gray:21,accum,5,,,0
ex_I_12,frame_00095.png,frame_00099.png,,,,0,decode失敗,QR未検出,0.378455,0.425033,0.600818,0.342354,,accum_num:accum::5:None:0:None:gray:19,accum,5,,,0
ex_I_12,frame_00115.png,frame_00119.png,,,,0,decode失敗,QR未検出,0.636469,0.423344,0.566661,0.440181,,accum_num:accum::5:None:0:None:gray:23,accum,5,,,0
rice_X_4,frame_00070.png,frame_00074.png,,,,0,decode失敗,QR未検出,0.294928,0.378611,0.581232,0.375028,,accum_num:accum::5:None:0:None:gray:14,accum,5,,,0
rice_X_4,frame_00000.png,frame_00004.png,,,,0,decode失敗,QR未検出,0.225188,0.369463,0.591795,0.301446,,accum_num:accum::5:None:0:None:gray:0,accum,5,,,0
rice_X_4,frame_00050.png,frame_00054.png,,,,0,decode失敗,QR未検出,0.297949,0.389719,0.588449,0.360868,,accum_num:accum::5:None:0:None:gray:10,accum,5,,,0
rice_X_4,frame_00060.png,frame_00064.png,,,,0,decode失敗,QR未検出,0.329890,0.398331,0.588528,0.378032,,accum_num:accum::5:None:0:None:gray:12,accum,5,,,0
rice_X_4,frame_00030.png,frame_00034.png,,,,0,decode失敗,QR未検出,0.211277,0.368459,0.594708,0.291025,,accum_num:accum::5:None:0:None:gray:6,accum,5,,,0
rice_X_4,frame_00055.png,frame_00059.png,,,,0,decode失敗,QR未検出,0.240103,0.377284,0.592827,0.291322,,accum_num:accum::5:None:0:None:gray:11,accum,5,,,0
rice_X_4,frame_00020.png,frame_00024.png,,,,0,decode失敗,QR未検出,0.257452,0.376537,0.588376,0.326792,,accum_num:accum::5:None:0:None:gray:4,accum,5,,,0
rice_X_4,frame_00065.png,frame_00069.png,,,,0,decode失敗,QR未検出,0.305769,0.387935,0.585620,0.366915,,accum_num:accum::5:None:0:None:gray:13,accum,5,,,0
rice_X_4,frame_00010.png,frame_00014.png,,,,0,decode失敗,QR未検出,0.259629,0.380865,0.590633,0.328102,,accum_num:accum::5:None:0:None:gray:2,accum,5,,,0
rice_X_4,frame_00005.png,frame_00009.png,,,,0,decode失敗,QR未検出,0.259062,0.381989,0.591462,0.332553,,accum_num:accum::5:None:0:None:gray:1,accum,5,,,0
rice_X_4,frame_00025.png,frame_00029.png,,,,0,decode失敗,QR未検出,0.282180,0.378121,0.583771,0.364952,,accum_num:accum::5:None:0:None:gray:5,accum,5,,,0
rice_X_4,frame_00040.png,frame_00044.png,,,,0,decode失敗,QR未検出,0.227846,0.390584,0.602877,0.292621,,accum_num:accum::5:None:0:None:gray:8,accum,5,,,0
rice_X_4,frame_00075.png,frame_00079.png,,,,0,decode失敗,QR未検出,0.283476,0.359471,0.569779,0.372139,,accum_num:accum::5:None:0:None:gray:15,accum,5,,,0
rice_X_4,frame_00015.png,frame_00019.png,,,,0,decode失敗,QR未検出,0.251014,0.368453,0.584712,0.331183,,accum_num:accum::5:None:0:None:gray:3,accum,5,,,0
rice_X_4,frame_00035.png,frame_00039.png,rice_X_4/rgb_max_accum_n5_gray/00035-00039-FRAME_rgbmax_scale1.00.png,,,0,decode失敗,QR未検出,0.218541,0.404289,0.611393,0.287746,,accum_num:accum::5:None:0:None:gray:7,accum,5,,,0
rice_X_4,frame_00045.png,frame_00049.png,,,,0,decode失敗,QR未検出,0.251769,0.383443,0.593929,0.326472,,accum_num:accum::5:None:0:None:gray:9,accum,5,,,0
rice_X_4,frame_00080.png,frame_00084.png,,,,0,decode失敗,QR未検出,0.257507,0.385164,0.593758,0.332245,,accum_num:accum::5:None:0:None:gray:16,accum,5,,,0
rice_X_4,frame_00085.png,frame_00089.png,,,,0,decode失敗,QR未検出,0.251068,0.374795,0.588759,0.335361,,accum_num:accum::5:None:0:None:gray:17,accum,5,,,0
rice_X_4,frame_00110.png,frame_00114.png,,,,0,decode失敗,QR未検出,0.269744,0.377911,0.586455,0.331690,,accum_num:accum::5:None:0:None:gray:22,accum,5,,,0
rice_X_4,frame_00090.png,frame_00094.png,,,,0,decode失敗,QR未検出,0.271254,0.394738,0.596886,0.329384,,accum_num:accum::5:None:0:None:gray:18,accum,5,,,0
rice_X_4,frame_00115.png,frame_00119.png,,,,0,decode失敗,QR未検出,0.334267,0.388489,0.580254,0.360955,,accum_num:accum::5:None:0:None:gray:23,accum,5,,,0
rice_X_4,frame_00100.png,frame_00104.png,,,,0,decode失敗,QR未検出,0.293935,0.375324,0.579062,0.369784,,accum_num:accum::5:None:0:None:gray:20,accum,5,,,0
rice_X_4,frame_00105.png,frame_00109.png,,,,0,decode失敗,QR未検出,0.229098,0.397648,0.606300,0.293606,,accum_num:accum::5:None:0:None:gray:21,accum,5,,,0
rice_X_4,frame_00095.png,frame_00099.png,,,,0,decode失敗,QR未検出,0.299743,0.385423,0.585073,0.367093,,accum_num:accum::5:None:0:None:gray:19,accum,5,,,0
rice_X_8,frame_00040.png,frame_00044.png,,,,0,decode失敗,QR未検出,0.299733,0.387569,0.586591,0.366485,,accum_num:accum::5:None:0:None:gray:8,accum,5,,,0
rice_X_8,frame_00050.png,frame_00054.png,,,,0,decode失敗,QR未検出,0.266465,0.376316,0.586149,0.330205,,accum_num:accum::5:None:0:None:gray:10,accum,5,,,0
rice_X_8,frame_00060.png,frame_00064.png,,,,0,decode失敗,QR未検出,0.266654,0.385318,0.591935,0.333639,,accum_num:accum::5:None:0:None:gray:12,accum,5,,,0
rice_X_8,frame_00035.png,frame_00039.png,,,,0,decode失敗,QR未検出,0.261551,0.379767,0.589510,0.329645,,accum_num:accum::5:None:0:None:gray:7,accum,5,,,0
rice_X_8,frame_00025.png,frame_00029.png,,,,0,decode失敗,QR未検出,0.270748,0.382346,0.589153,0.334068,,accum_num:accum::5:None:0:None:gray:5,accum,5,,,0
rice_X_8,frame_00045.png,frame_00049.png,,,,0,decode失敗,QR未検出,0.306624,0.396006,0.591119,0.363284,,accum_num:accum::5:None:0:None:gray:9,accum,5,,,0
rice_X_8,frame_00030.png,frame_00034.png,,,,0,decode失敗,QR未検出,0.301347,0.379438,0.580394,0.366661,,accum_num:accum::5:None:0:None:gray:6,accum,5,,,0
rice_X_8,frame_00075.png,frame_00079.png,,,,0,decode失敗,QR未検出,0.269754,0.388518,0.593315,0.332732,,accum_num:accum::5:None:0:None:gray:15,accum,5,,,0
rice_X_8,frame_00015.png,frame_00019.png,,,,0,decode失敗,QR未検出,0.268249,0.386729,0.592495,0.330665,,accum_num:accum::5:None:0:None:gray:3,accum,5,,,0
rice_X_8,frame_00070.png,frame_00074.png,,,,0,decode失敗,QR未検出,0.261213,0.386551,0.593837,0.330086,,accum_num:accum::5:None:0:None:gray:14,accum,5,,,0
rice_X_8,frame_00065.png,frame_00069.png,,,,0,decode失敗,QR未検出,0.269491,0.381526,0.588892,0.334496,,accum_num:accum::5:None:0:None:gray:13,accum,5,,,0
rice_X_8,frame_00010.png,frame_00014.png,,,,0,decode失敗,QR未検出,0.305839,0.386933,0.584887,0.369784,,accum_num:accum::5:None:0:None:gray:2,accum,5,,,0
rice_X_8,frame_00005.png,frame_00009.png,,,,0,decode失敗,QR未検出,0.273291,0.391871,0.594720,0.330138,,accum_num:accum::5:None:0:None:gray:1,accum,5,,,0
rice_X_8,frame_00000.png,frame_00004.png,,,,0,decode失敗,QR未検出,0.274424,0.394987,0.596445,0.336817,,accum_num:accum::5:None:0:None:gray:0,accum,5,,,0
rice_X_8,frame_00020.png,frame_00024.png,,,,0,decode失敗,QR未検出,0.260776,0.376096,0.587323,0.340106,,accum_num:accum::5:None:0:None:gray:4,accum,5,,,0
rice_X_8,frame_00055.png,frame_00059.png,,,,0,decode失敗,QR未検出,0.287600,0.397213,0.595415,0.318208,,accum_num:accum::5:None:0:None:gray:11,accum,5,,,0
rice_X_8,frame_00085.png,frame_00089.png,,,,0,decode失敗,QR未検出,0.267369,0.380697,0.588819,0.338048,,accum_num:accum::5:None:0:None:gray:17,accum,5,,,0
rice_X_8,frame_00110.png,frame_00114.png,,,,0,decode失敗,QR未検出,0.259435,0.370695,0.584094,0.332687,,accum_num:accum::5:None:0:None:gray:22,accum,5,,,0
rice_X_8,frame_00080.png,frame_00084.png,rice_X_8/rgb_max_accum_n5_gray/00080-00084-FRAME_rgbmax_scale1.00.png,,,0,decode失敗,QR未検出,0.229098,0.387102,0.600772,0.289001,,accum_num:accum::5:None:0:None:gray:16,accum,5,,,0
rice_X_8,frame_00090.png,frame_00094.png,,,,0,decode失敗,QR未検出,0.304269,0.386307,0.584761,0.363759,,accum_num:accum::5:None:0:None:gray:18,accum,5,,,0
rice_X_8,frame_00095.png,frame_00099.png,,,,0,decode失敗,QR未検出,0.267002,0.382071,0.589788,0.327488,,accum_num:accum::5:None:0:None:gray:19,accum,5,,,0
rice_X_8,frame_00105.png,frame_00109.png,,,,0,decode失敗,QR未検出,0.311140,0.378605,0.577566,0.365531,,accum_num:accum::5:None:0:None:gray:21,accum,5,,,0
rice_X_8,frame_00115.png,frame_00119.png,,,,0,decode失敗,QR未検出,0.280351,0.380258,0.585653,0.321927,,accum_num:accum::5:None:0:None:gray:23,accum,5,,,0
rice_X_8,frame_00100.png,frame_00104.png,,,,0,decode失敗,QR未検出,0.262133,0.378321,0.588451,0.330232,,accum_num:accum::5:None:0:None:gray:20,accum,5,,,0
rice_X_12,frame_00020.png,frame_00024.png,,,,0,decode失敗,QR未検出,0.311234,0.402516,0.594743,0.334875,,accum_num:accum::5:None:0:None:gray:4,accum,5,,,0
rice_X_12,frame_00000.png,frame_00004.png,,,,0,decode失敗,QR未検出,0.308561,0.395617,0.590491,0.340669,,accum_num:accum::5:None:0:None:gray:0,accum,5,,,0
rice_X_12,frame_00045.png,frame_00049.png,,,,0,decode失敗,QR未検出,0.315269,0.409362,0.598667,0.332782,,accum_num:accum::5:None:0:None:gray:9,accum,5,,,0
rice_X_12,frame_00060.png,frame_00064.png,,,,0,decode失敗,QR未検出,0.367272,0.408220,0.589674,0.379986,,accum_num:accum::5:None:0:None:gray:12,accum,5,,,0
rice_X_12,frame_00070.png,frame_00074.png,,,,0,decode失敗,QR未検出,0.329309,0.408946,0.596190,0.340873,,accum_num:accum::5:None:0:None:gray:14,accum,5,,,0
rice_X_12,frame_00005.png,frame_00009.png,,,,0,decode失敗,QR未検出,0.268651,0.412092,0.607468,0.300173,,accum_num:accum::5:None:0:None:gray:1,accum,5,,,0
rice_X_12,frame_00050.png,frame_00054.png,,,,0,decode失敗,QR未検出,0.341129,0.401043,0.588547,0.364552,,accum_num:accum::5:None:0:None:gray:10,accum,5,,,0
rice_X_12,frame_00015.png,frame_00019.png,,,,0,decode失敗,QR未検出,0.264587,0.391673,0.596291,0.298395,,accum_num:accum::5:None:0:None:gray:3,accum,5,,,0
rice_X_12,frame_00040.png,frame_00044.png,,,,0,decode失敗,QR未検出,0.290343,0.384439,0.586362,0.330324,,accum_num:accum::5:None:0:None:gray:8,accum,5,,,0
rice_X_12,frame_00025.png,frame_00029.png,,,,0,decode失敗,QR未検出,0.283183,0.392181,0.592999,0.331222,,accum_num:accum::5:None:0:None:gray:5,accum,5,,,0
rice_X_12,frame_00035.png,frame_00039.png,,,,0,decode失敗,QR未検出,0.314553,0.399148,0.591854,0.337710,,accum_num:accum::5:None:0:None:gray:7,accum,5,,,0
rice_X_12,frame_00010.png,frame_00014.png,,,,0,decode失敗,QR未検出,0.305849,0.386407,0.584506,0.337854,,accum_num:accum::5:None:0:None:gray:2,accum,5,,,0
rice_X_12,frame_00030.png,frame_00034.png,,,,0,decode失敗,QR未検出,0.270320,0.398981,0.599626,0.301697,,accum_num:accum::5:None:0:None:gray:6,accum,5,,,0
rice_X_12,frame_00065.png,frame_00069.png,,,,0,decode失敗,QR未検出,0.333328,0.406282,0.593677,0.339737,,accum_num:accum::5:None:0:None:gray:13,accum,5,,,0
rice_X_12,frame_00075.png,frame_00079.png,,,,0,decode失敗,QR未検出,0.358443,0.402711,0.586841,0.374489,,accum_num:accum::5:None:0:None:gray:15,accum,5,,,0
rice_X_12,frame_00055.png,frame_00059.png,,,,0,decode失敗,QR未検出,0.364698,0.396503,0.580784,0.367481,,accum_num:accum::5:None:0:None:gray:11,accum,5,,,0
rice_X_12,frame_00110.png,frame_00114.png,,,,0,decode失敗,QR未検出,0.276720,0.415907,0.608425,0.296022,,accum_num:accum::5:None:0:None:gray:22,accum,5,,,0
rice_X_12,frame_00080.png,frame_00084.png,rice_X_12/rgb_max_accum_n5_gray/00080-00084-FRAME_rgbmax_scale1.00.png,,,0,decode失敗,QR未検出,0.333989,0.435682,0.613106,0.333774,,accum_num:accum::5:None:0:None:gray:16,accum,5,,,0
rice_X_12,frame_00100.png,frame_00104.png,,,,0,decode失敗,QR未検出,0.352680,0.402819,0.587905,0.371634,,accum_num:accum::5:None:0:None:gray:20,accum,5,,,0
rice_X_12,frame_00090.png,frame_00094.png,,,,0,decode失敗,QR未検出,0.338833,0.423010,0.604398,0.342979,,accum_num:accum::5:None:0:None:gray:18,accum,5,,,0
rice_X_12,frame_00085.png,frame_00089.png,,,,0,decode失敗,QR未検出,0.370571,0.418567,0.597054,0.364862,,accum_num:accum::5:None:0:None:gray:17,accum,5,,,0
rice_X_12,frame_00095.png,frame_00099.png,,,,0,decode失敗,QR未検出,0.279422,0.414237,0.607087,0.297376,,accum_num:accum::5:None:0:None:gray:19,accum,5,,,0
rice_X_12,frame_00115.png,frame_00119.png,,,,0,decode失敗,QR未検出,0.374814,0.398490,0.580585,0.361946,,accum_num:accum::5:None:0:None:gray:23,accum,5,,,0
rice_X_12,frame_00105.png,frame_00109.png,,,,0,decode失敗,QR未検出,0.346604,0.403885,0.589737,0.368286,,accum_num:accum::5:None:0:None:gray:21,accum,5,,,0
nagaoka_fireworks_X_4,frame_00015.png,frame_00019.png,,,,0,decode失敗,QR未検出,0.267439,0.380848,0.588901,0.225206,,accum_num:accum::5:None:0:None:gray:3,accum,5,,,0
nagaoka_fireworks_X_4,frame_00065.png,frame_00069.png,,,,0,decode失敗,QR未検出,0.271046,0.366387,0.578214,0.235528,,accum_num:accum::5:None:0:None:gray:13,accum,5,,,0
nagaoka_fireworks_X_4,frame_00000.png,frame_00004.png,,,,0,decode失敗,QR未検出,0.295639,0.368450,0.573488,0.255998,,accum_num:accum::5:None:0:None:gray:0,accum,5,,,0
nagaoka_fireworks_X_4,frame_00075.png,frame_00079.png,,,,0,decode失敗,QR未検出,0.224190,0.353559,0.582431,0.206842,,accum_num:accum::5:None:0:None:gray:15,accum,5,,,0
nagaoka_fireworks_X_4,frame_00030.png,frame_00034.png,,,,0,decode失敗,QR未検出,0.254680,0.372182,0.586229,0.220063,,accum_num:accum::5:None:0:None:gray:6,accum,5,,,0
nagaoka_fireworks_X_4,frame_00025.png,frame_00029.png,,,,0,decode失敗,QR未検出,0.254144,0.363812,0.580826,0.234285,,accum_num:accum::5:None:0:None:gray:5,accum,5,,,0
nagaoka_fireworks_X_4,frame_00020.png,frame_00024.png,,,,0,decode失敗,QR未検出,0.256027,0.367928,0.583102,0.232260,,accum_num:accum::5:None:0:None:gray:4,accum,5,,,0
nagaoka_fireworks_X_4,frame_00050.png,frame_00054.png,,,,0,decode失敗,QR未検出,0.254715,0.370353,0.585031,0.223602,,accum_num:accum::5:None:0:None:gray:10,accum,5,,,0
nagaoka_fireworks_X_4,frame_00060.png,frame_00064.png,,,,0,decode失敗,QR未検出,0.317271,0.378900,0.576412,0.254820,,accum_num:accum::5:None:0:None:gray:12,accum,5,,,0
nagaoka_fireworks_X_4,frame_00035.png,frame_00039.png,,,,0,decode失敗,QR未検出,0.231995,0.353370,0.580030,0.223416,,accum_num:accum::5:None:0:None:gray:7,accum,5,,,0
nagaoka_fireworks_X_4,frame_00045.png,frame_00049.png,,,,0,decode失敗,QR未検出,0.228611,0.361078,0.585883,0.213857,,accum_num:accum::5:None:0:None:gray:9,accum,5,,,0
nagaoka_fireworks_X_4,frame_00010.png,frame_00014.png,,,,0,decode失敗,QR未検出,0.275602,0.378811,0.585732,0.228992,,accum_num:accum::5:None:0:None:gray:2,accum,5,,,0
nagaoka_fireworks_X_4,frame_00005.png,frame_00009.png,,,,0,decode失敗,QR未検出,0.279542,0.365103,0.575087,0.235384,,accum_num:accum::5:None:0:None:gray:1,accum,5,,,0
nagaoka_fireworks_X_4,frame_00070.png,frame_00074.png,,,,0,decode失敗,QR未検出,0.271314,0.380609,0.587889,0.228282,,accum_num:accum::5:None:0:None:gray:14,accum,5,,,0
nagaoka_fireworks_X_4,frame_00040.png,frame_00044.png,,,,0,decode失敗,QR未検出,0.253686,0.369197,0.584528,0.224640,,accum_num:accum::5:None:0:None:gray:8,accum,5,,,0
nagaoka_fireworks_X_4,frame_00055.png,frame_00059.png,,,,0,decode失敗,QR未検出,0.488141,0.391050,0.552044,0.337424,,accum_num:accum::5:None:0:None:gray:11,accum,5,,,0
nagaoka_fireworks_X_4,frame_00100.png,frame_00104.png,,,,0,decode失敗,QR未検出,0.247501,0.379741,0.592628,0.217176,,accum_num:accum::5:None:0:None:gray:20,accum,5,,,0
nagaoka_fireworks_X_4,frame_00090.png,frame_00094.png,,,,0,decode失敗,QR未検出,0.225154,0.357663,0.584723,0.219626,,accum_num:accum::5:None:0:None:gray:18,accum,5,,,0
nagaoka_fireworks_X_4,frame_00080.png,frame_00084.png,,,,0,decode失敗,QR未検出,0.235587,0.372101,0.590799,0.203654,,accum_num:accum::5:None:0:None:gray:16,accum,5,,,0
nagaoka_fireworks_X_4,frame_00105.png,frame_00109.png,,,,0,decode失敗,QR未検出,0.258496,0.372532,0.585536,0.230431,,accum_num:accum::5:None:0:None:gray:21,accum,5,,,0
nagaoka_fireworks_X_4,frame_00095.png,frame_00099.png,,,,0,decode失敗,QR未検出,0.271021,0.368970,0.580044,0.237118,,accum_num:accum::5:None:0:None:gray:19,accum,5,,,0
nagaoka_fireworks_X_4,frame_00085.png,frame_00089.png,nagaoka_fireworks_X_4/rgb_max_accum_n5_gray/00085-00089-FRAME_rgbmax_scale1.00.png,,,0,decode失敗,QR未検出,0.282075,0.395237,0.595172,0.231962,,accum_num:accum::5:None:0:None:gray:17,accum,5,,,0
nagaoka_fireworks_X_4,frame_00110.png,frame_00114.png,,,,0,decode失敗,QR未検出,0.276486,0.379682,0.586122,0.240002,,accum_num:accum::5:None:0:None:gray:22,accum,5,,,0
nagaoka_fireworks_X_4,frame_00115.png,frame_00119.png,,,,0,decode失敗,QR未検出,0.513042,0.383293,0.537807,0.356440,,accum_num:accum::5:None:0:None:gray:23,accum,5,,,0
nagaoka_fireworks_X_8,frame_00040.png,frame_00044.png,,,,0,decode失敗,QR未検出,0.256578,0.373418,0.586574,0.215964,,accum_num:accum::5:None:0:None:gray:8,accum,5,,,0
nagaoka_fireworks_X_8,frame_00025.png,frame_00029.png,,,,0,decode失敗,QR未検出,0.254402,0.373770,0.587319,0.221918,,accum_num:accum::5:None:0:None:gray:5,accum,5,,,0
nagaoka_fireworks_X_8,frame_00075.png,frame_00079.png,,,,0,decode失敗,QR未検出,0.255758,0.366368,0.582128,0.224811,,accum_num:accum::5:None:0:None:gray:15,accum,5,,,0
nagaoka_fireworks_X_8,frame_00020.png,frame_00024.png,,,,0,decode失敗,QR未検出,0.229148,0.376795,0.595060,0.203550,,accum_num:accum::5:None:0:None:gray:4,accum,5,,,0
nagaoka_fireworks_X_8,frame_00030.png,frame_00034.png,,,,0,decode失敗,QR未検出,0.249429,0.366372,0.583757,0.218279,,accum_num:accum::5:None:0:None:gray:6,accum,5,,,0
nagaoka_fireworks_X_8,frame_00050.png,frame_00054.png,,,,0,decode失敗,QR未検出,0.252285,0.390409,0.597954,0.212431,,accum_num:accum::5:None:0:None:gray:10,accum,5,,,0
nagaoka_fireworks_X_8,frame_00005.png,frame_00009.png,,,,0,decode失敗,QR未検出,0.244296,0.347422,0.572267,0.219163,,accum_num:accum::5:None:0:None:gray:1,accum,5,,,0
nagaoka_fireworks_X_8,frame_00065.png,frame_00069.png,,,,0,decode失敗,QR未検出,0.267434,0.380517,0.588687,0.212331,,accum_num:accum::5:None:0:None:gray:13,accum,5,,,0
nagaoka_fireworks_X_8,frame_00000.png,frame_00004.png,,,,0,decode失敗,QR未検出,0.321121,0.382384,0.578265,0.257355,,accum_num:accum::5:None:0:None:gray:0,accum,5,,,0
nagaoka_fireworks_X_8,frame_00015.png,frame_00019.png,,,,0,decode失敗,QR未検出,0.232536,0.349471,0.577286,0.211750,,accum_num:accum::5:None:0:None:gray:3,accum,5,,,0
nagaoka_fireworks_X_8,frame_00045.png,frame_00049.png,,,,0,decode失敗,QR未検出,0.247625,0.353222,0.575358,0.228108,,accum_num:accum::5:None:0:None:gray:9,accum,5,,,0
nagaoka_fireworks_X_8,frame_00060.png,frame_00064.png,,,,0,decode失敗,QR未検出,0.257343,0.362455,0.579050,0.217467,,accum_num:accum::5:None:0:None:gray:12,accum,5,,,0
nagaoka_fireworks_X_8,frame_00010.png,frame_00014.png,,,,0,decode失敗,QR未検出,0.258103,0.368202,0.582761,0.233472,,accum_num:accum::5:None:0:None:gray:2,accum,5,,,0
nagaoka_fireworks_X_8,frame_00070.png,frame_00074.png,,,,0,decode失敗,QR未検出,0.226326,0.361583,0.586810,0.210947,,accum_num:accum::5:None:0:None:gray:14,accum,5,,,0
nagaoka_fireworks_X_8,frame_00055.png,frame_00059.png,,,,0,decode失敗,QR未検出,0.487599,0.385757,0.546125,0.339234,,accum_num:accum::5:None:0:None:gray:11,accum,5,,,0
nagaoka_fireworks_X_8,frame_00035.png,frame_00039.png,,,,0,decode失敗,QR未検出,0.244704,0.375341,0.590591,0.212693,,accum_num:accum::5:None:0:None:gray:7,accum,5,,,0
nagaoka_fireworks_X_8,frame_00090.png,frame_00094.png,,,,0,decode失敗,QR未検出,0.259937,0.374630,0.586565,0.230238,,accum_num:accum::5:None:0:None:gray:18,accum,5,,,0
nagaoka_fireworks_X_8,frame_00085.png,frame_00089.png,,,,0,decode失敗,QR未検出,0.256961,0.362236,0.579001,0.222587,,accum_num:accum::5:None:0:None:gray:17,accum,5,,,0
nagaoka_fireworks_X_8,frame_00080.png,frame_00084.png,,,,0,decode失敗,QR未検出,0.243581,0.356381,0.578695,0.219931,,accum_num:accum::5:None:0:None:gray:16,accum,5,,,0
nagaoka_fireworks_X_8,frame_00100.png,frame_00104.png,,,,0,decode失敗,QR未検出,0.234116,0.364473,0.586518,0.212681,,accum_num:accum::5:None:0:None:gray:20,accum,5,,,0
nagaoka_fireworks_X_8,frame_00105.png,frame_00109.png,,,,0,decode失敗,QR未検出,0.253970,0.381017,0.591973,0.216859,,accum_num:accum::5:None:0:None:gray:21,accum,5,,,0
nagaoka_fireworks_X_8,frame_00115.png,frame_00119.png,,,,0,decode失敗,QR未検出,0.504074,0.392548,0.550649,0.338239,,accum_num:accum::5:None:0:None:gray:23,accum,5,,,0
nagaoka_fireworks_X_8,frame_00095.png,frame_00099.png,nagaoka_fireworks_X_8/rgb_max_accum_n5_gray/00095-00099-FRAME_rgbmax_scale1.00.png,,,0,decode失敗,QR未検出,0.255987,0.399674,0.602574,0.209037,,accum_num:accum::5:None:0:None:gray:19,accum,5,,,0
nagaoka_fireworks_X_8,frame_00110.png,frame_00114.png,,,,0,decode失敗,QR未検出,0.245692,0.359889,0.580462,0.223429,,accum_num:accum::5:None:0:None:gray:22,accum,5,,,0
nagaoka_fireworks_X_12,frame_00060.png,frame_00064.png,,,,0,decode失敗,QR未検出,0.323938,0.398123,0.589448,0.236315,,accum_num:accum::5:None:0:None:gray:12,accum,5,,,0
nagaoka_fireworks_X_12,frame_00045.png,frame_00049.png,,,,0,decode失敗,QR未検出,0.277147,0.400803,0.599521,0.208891,,accum_num:accum::5:None:0:None:gray:9,accum,5,,,0
nagaoka_fireworks_X_12,frame_00040.png,frame_00044.png,,,,0,decode失敗,QR未検出,0.279238,0.404948,0.601668,0.197854,,accum_num:accum::5:None:0:None:gray:8,accum,5,,,0
nagaoka_fireworks_X_12,frame_00035.png,frame_00039.png,nagaoka_fireworks_X_12/rgb_max_accum_n5_gray/00035-00039-FRAME_rgbmax_scale1.00.png,,,0,decode失敗,QR未検出,0.302108,0.433475,0.615177,0.200590,,accum_num:accum::5:None:0:None:gray:7,accum,5,,,0
nagaoka_fireworks_X_12,frame_00010.png,frame_00014.png,,,,0,decode失敗,QR未検出,0.322001,0.413183,0.600179,0.228178,,accum_num:accum::5:None:0:None:gray:2,accum,5,,,0
nagaoka_fireworks_X_12,frame_00075.png,frame_00079.png,,,,0,decode失敗,QR未検出,0.305501,0.401502,0.595046,0.225415,,accum_num:accum::5:None:0:None:gray:15,accum,5,,,0
nagaoka_fireworks_X_12,frame_00015.png,frame_00019.png,,,,0,decode失敗,QR未検出,0.283481,0.394663,0.594542,0.212231,,accum_num:accum::5:None:0:None:gray:3,accum,5,,,0
nagaoka_fireworks_X_12,frame_00020.png,frame_00024.png,,,,0,decode失敗,QR未検出,0.288574,0.389309,0.590043,0.219389,,accum_num:accum::5:None:0:None:gray:4,accum,5,,,0
nagaoka_fireworks_X_12,frame_00050.png,frame_00054.png,,,,0,decode失敗,QR未検出,0.290576,0.407889,0.601616,0.219022,,accum_num:accum::5:None:0:None:gray:10,accum,5,,,0
nagaoka_fireworks_X_12,frame_00000.png,frame_00004.png,,,,0,decode失敗,QR未検出,0.316232,0.398875,0.591364,0.234775,,accum_num:accum::5:None:0:None:gray:0,accum,5,,,0
nagaoka_fireworks_X_12,frame_00070.png,frame_00074.png,,,,0,decode失敗,QR未検出,0.320510,0.411553,0.599318,0.223518,,accum_num:accum::5:None:0:None:gray:14,accum,5,,,0
nagaoka_fireworks_X_12,frame_00030.png,frame_00034.png,,,,0,decode失敗,QR未検出,0.266058,0.385215,0.591994,0.210516,,accum_num:accum::5:None:0:None:gray:6,accum,5,,,0
nagaoka_fireworks_X_12,frame_00055.png,frame_00059.png,,,,0,decode失敗,QR未検出,0.459195,0.401741,0.568729,0.310285,,accum_num:accum::5:None:0:None:gray:11,accum,5,,,0
nagaoka_fireworks_X_12,frame_00025.png,frame_00029.png,,,,0,decode失敗,QR未検出,0.301750,0.402618,0.596428,0.217729,,accum_num:accum::5:None:0:None:gray:5,accum,5,,,0
nagaoka_fireworks_X_12,frame_00005.png,frame_00009.png,,,,0,decode失敗,QR未検出,0.284137,0.401128,0.598505,0.213480,,accum_num:accum::5:None:0:None:gray:1,accum,5,,,0
nagaoka_fireworks_X_12,frame_00065.png,frame_00069.png,,,,0,decode失敗,QR未検出,0.302132,0.410703,0.601565,0.218195,,accum_num:accum::5:None:0:None:gray:13,accum,5,,,0
nagaoka_fireworks_X_12,frame_00080.png,frame_00084.png,,,,0,decode失敗,QR未検出,0.280972,0.406123,0.602088,0.202743,,accum_num:accum::5:None:0:None:gray:16,accum,5,,,0
nagaoka_fireworks_X_12,frame_00110.png,frame_00114.png,,,,0,decode失敗,QR未検出,0.285275,0.418168,0.608513,0.199944,,accum_num:accum::5:None:0:None:gray:22,accum,5,,,0
nagaoka_fireworks_X_12,frame_00105.png,frame_00109.png,,,,0,decode失敗,QR未検出,0.289180,0.424891,0.611828,0.198336,,accum_num:accum::5:None:0:None:gray:21,accum,5,,,0
nagaoka_fireworks_X_12,frame_00090.png,frame_00094.png,,,,0,decode失敗,QR未検出,0.288822,0.407413,0.601603,0.218021,,accum_num:accum::5:None:0:None:gray:18,accum,5,,,0
nagaoka_fireworks_X_12,frame_00115.png,frame_00119.png,,,,0,decode失敗,QR未検出,0.441662,0.409685,0.579257,0.290133,,accum_num:accum::5:None:0:None:gray:23,accum,5,,,0
nagaoka_fireworks_X_12,frame_00095.png,frame_00099.png,,,,0,decode失敗,QR未検出,0.306132,0.406102,0.597978,0.220431,,accum_num:accum::5:None:0:None:gray:19,accum,5,,,0
nagaoka_fireworks_X_12,frame_00100.png,frame_00104.png,,,,0,decode失敗,QR未検出,0.281688,0.397745,0.596827,0.216282,,accum_num:accum::5:None:0:None:gray:20,accum,5,,,0
nagaoka_fireworks_X_12,frame_00085.png,frame_00089.png,,,,0,decode失敗,QR未検出,0.297090,0.409903,0.601840,0.221442,,accum_num:accum::5:None:0:None:gray:17,accum,5,,,0
hocho_X_4,frame_00035.png,frame_00039.png,,,,0,decode失敗,QR未検出,0.167745,0.372755,0.607502,0.217413,,accum_num:accum::5:None:0:None:gray:7,accum,5,,,0
hocho_X_4,frame_00045.png,frame_00049.png,,,,0,decode失敗,QR未検出,0.195821,0.373624,0.601182,0.234498,,accum_num:accum::5:None:0:None:gray:9,accum,5,,,0
hocho_X_4,frame_00010.png,frame_00014.png,,,,0,decode失敗,QR未検出,0.183281,0.355882,0.595557,0.259478,,accum_num:accum::5:None:0:None:gray:2,accum,5,,,0
hocho_X_4,frame_00065.png,frame_00069.png,,,,0,decode失敗,QR未検出,0.252892,0.381461,0.592482,0.293339,,accum_num:accum::5:None:0:None:gray:13,accum,5,,,0
hocho_X_4,frame_00030.png,frame_00034.png,,,,0,decode失敗,QR未検出,0.173240,0.370022,0.604972,0.228841,,accum_num:accum::5:None:0:None:gray:6,accum,5,,,0
hocho_X_4,frame_00025.png,frame_00029.png,,,,0,decode失敗,QR未検出,0.193535,0.373412,0.601623,0.251520,,accum_num:accum::5:None:0:None:gray:5,accum,5,,,0
hocho_X_4,frame_00055.png,frame_00059.png,,,,0,decode失敗,QR未検出,0.322637,0.344416,0.545180,0.385343,,accum_num:accum::5:None:0:None:gray:11,accum,5,,,0
hocho_X_4,frame_00020.png,frame_00024.png,,,,0,decode失敗,QR未検出,0.168768,0.357994,0.600681,0.228878,,accum_num:accum::5:None:0:None:gray:4,accum,5,,,0
hocho_X_4,frame_00050.png,frame_00054.png,,,,0,decode失敗,QR未検出,0.191399,0.381301,0.605867,0.234146,,accum_num:accum::5:None:0:None:gray:10,accum,5,,,0
hocho_X_4,frame_00070.png,frame_00074.png,,,,0,decode失敗,QR未検出,0.191190,0.379863,0.605244,0.239185,,accum_num:accum::5:None:0:None:gray:14,accum,5,,,0
hocho_X_4,frame_00060.png,frame_00064.png,,,,0,decode失敗,QR未検出,0.243869,0.379375,0.593219,0.286354,,accum_num:accum::5:None:0:None:gray:12,accum,5,,,0
hocho_X_4,frame_00005.png,frame_00009.png,,,,0,decode失敗,QR未検出,0.184200,0.380530,0.607101,0.233779,,accum_num:accum::5:None:0:None:gray:1,accum,5,,,0
hocho_X_4,frame_00015.png,frame_00019.png,,,,0,decode失敗,QR未検出,0.190420,0.344120,0.587079,0.257104,,accum_num:accum::5:None:0:None:gray:3,accum,5,,,0
hocho_X_4,frame_00000.png,frame_00004.png,,,,0,decode失敗,QR未検出,0.179748,0.334263,0.585060,0.261594,,accum_num:accum::5:None:0:None:gray:0,accum,5,,,0
hocho_X_4,frame_00075.png,frame_00079.png,,,,0,decode失敗,QR未検出,0.187807,0.363237,0.598029,0.246125,,accum_num:accum::5:None:0:None:gray:15,accum,5,,,0
hocho_X_4,frame_00040.png,frame_00044.png,hocho_X_4/rgb_max_accum_n5_gray/00040-00044-FRAME_rgbmax_scale1.00.png,,,0,decode失敗,QR未検出,0.198747,0.394674,0.610476,0.238616,,accum_num:accum::5:None:0:None:gray:8,accum,5,,,0
hocho_X_4,frame_00085.png,frame_00089.png,,,,0,decode失敗,QR未検出,0.189218,0.377098,0.604398,0.246319,,accum_num:accum::5:None:0:None:gray:17,accum,5,,,0
hocho_X_4,frame_00100.png,frame_00104.png,,,,0,decode失敗,QR未検出,0.217184,0.363475,0.590376,0.275297,,accum_num:accum::5:None:0:None:gray:20,accum,5,,,0
hocho_X_4,frame_00105.png,frame_00109.png,,,,0,decode失敗,QR未検出,0.232213,0.385232,0.599107,0.275668,,accum_num:accum::5:None:0:None:gray:21,accum,5,,,0
hocho_X_4,frame_00115.png,frame_00119.png,,,,0,decode失敗,QR未検出,0.412230,0.359317,0.534154,0.433988,,accum_num:accum::5:None:0:None:gray:23,accum,5,,,0
hocho_X_4,frame_00110.png,frame_00114.png,,,,0,decode失敗,QR未検出,0.194092,0.383086,0.606112,0.242002,,accum_num:accum::5:None:0:None:gray:22,accum,5,,,0
hocho_X_4,frame_00095.png,frame_00099.png,,,,0,decode失敗,QR未検出,0.173513,0.361629,0.601071,0.234043,,accum_num:accum::5:None:0:None:gray:19,accum,5,,,0
hocho_X_4,frame_00090.png,frame_00094.png,,,,0,decode失敗,QR未検出,0.172132,0.361099,0.601197,0.243717,,accum_num:accum::5:None:0:None:gray:18,accum,5,,,0
hocho_X_4,frame_00080.png,frame_00084.png,,,,0,decode失敗,QR未検出,0.169578,0.357366,0.600162,0.227241,,accum_num:accum::5:None:0:None:gray:16,accum,5,,,0
hocho_X_8,frame_00050.png,frame_00054.png,,,,0,decode失敗,QR未検出,0.294074,0.373462,0.577654,0.346150,,accum_num:accum::5:None:0:None:gray:10,accum,5,,,0
hocho_X_8,frame_00010.png,frame_00014.png,,,,0,decode失敗,QR未検出,0.314653,0.376412,0.575068,0.365512,,accum_num:accum::5:None:0:None:gray:2,accum,5,,,0
hocho_X_8,frame_00060.png,frame_00064.png,,,,0,decode失敗,QR未検出,0.291366,0.370460,0.576074,0.356917,,accum_num:accum::5:None:0:None:gray:12,accum,5,,,0
hocho_X_8,frame_00075.png,frame_00079.png,hocho_X_8/rgb_max_accum_n5_gray/00075-00079-FRAME_rgbmax_scale1.00.png,,,0,decode失敗,QR未検出,0.232830,0.387282,0.600104,0.283439,,accum_num:accum::5:None:0:None:gray:15,accum,5,,,0
hocho_X_8,frame_00020.png,frame_00024.png,,,,0,decode失敗,QR未検出,0.264960,0.375730,0.586110,0.312128,,accum_num:accum::5:None:0:None:gray:4,accum,5,,,0
hocho_X_8,frame_00005.png,frame_00009.png,,,,0,decode失敗,QR未検出,0.344924,0.372788,0.564930,0.392855,,accum_num:accum::5:None:0:None:gray:1,accum,5,,,0
hocho_X_8,frame_00000.png,frame_00004.png,,,,0,decode失敗,QR未検出,0.380160,0.372725,0.556401,0.414467,,accum_num:accum::5:None:0:None:gray:0,accum,5,,,0
hocho_X_8,frame_00040.png,frame_00044.png,,,,0,decode失敗,QR未検出,0.262987,0.379900,0.589275,0.313387,,accum_num:accum::5:None:0:None:gray:8,accum,5,,,0
hocho_X_8,frame_00065.png,frame_00069.png,,,,0,decode失敗,QR未検出,0.248157,0.366540,0.584192,0.303000,,accum_num:accum::5:None:0:None:gray:13,accum,5,,,0
hocho_X_8,frame_00045.png,frame_00049.png,,,,0,decode失敗,QR未検出,0.298674,0.380062,0.581447,0.344050,,accum_num:accum::5:None:0:None:gray:9,accum,5,,,0
hocho_X_8,frame_00025.png,frame_00029.png,,,,0,decode失敗,QR未検出,0.234757,0.376721,0.593725,0.288337,,accum_num:accum::5:None:0:None:gray:5,accum,5,,,0
hocho_X_8,frame_00015.png,frame_00019.png,,,,0,decode失敗,QR未検出,0.255197,0.365119,0.581433,0.319883,,accum_num:accum::5:None:0:None:gray:3,accum,5,,,0
hocho_X_8,frame_00030.png,frame_00034.png,,,,0,decode失敗,QR未検出,0.247099,0.384758,0.595705,0.284915,,accum_num:accum::5:None:0:None:gray:6,accum,5,,,0
hocho_X_8,frame_00070.png,frame_00074.png,,,,0,decode失敗,QR未検出,0.309436,0.366630,0.568550,0.366800,,accum_num:accum::5:None:0:None:gray:14,accum,5,,,0
hocho_X_8,frame_00035.png,frame_00039.png,,,,0,decode失敗,QR未検出,0.273038,0.372495,0.582005,0.323482,,accum_num:accum::5:None:0:None:gray:7,accum,5,,,0
hocho_X_8,frame_00055.png,frame_00059.png,,,,0,decode失敗,QR未検出,0.323282,0.358916,0.558329,0.387339,,accum_num:accum::5:None:0:None:gray:11,accum,5,,,0
hocho_X_8,frame_00090.png,frame_00094.png,,,,0,decode失敗,QR未検出,0.255371,0.387755,0.595766,0.315267,,accum_num:accum::5:None:0:None:gray:18,accum,5,,,0
hocho_X_8,frame_00105.png,frame_00109.png,,,,0,decode失敗,QR未検出,0.253741,0.368456,0.584028,0.316270,,accum_num:accum::5:None:0:None:gray:21,accum,5,,,0
hocho_X_8,frame_00085.png,frame_00089.png,,,,0,decode失敗,QR未検出,0.262709,0.380432,0.589678,0.320014,,accum_num:accum::5:None:0:None:gray:17,accum,5,,,0
hocho_X_8,frame_00095.png,frame_00099.png,,,,0,decode失敗,QR未検出,0.236715,0.384240,0.597604,0.283744,,accum_num:accum::5:None:0:None:gray:19,accum,5,,,0
hocho_X_8,frame_00100.png,frame_00104.png,,,,0,decode失敗,QR未検出,0.236432,0.375569,0.592661,0.289757,,accum_num:accum::5:None:0:None:gray:20,accum,5,,,0
hocho_X_8,frame_00080.png,frame_00084.png,,,,0,decode失敗,QR未検出,0.274678,0.380315,0.586950,0.328111,,accum_num:accum::5:None:0:None:gray:16,accum,5,,,0
hocho_X_8,frame_00115.png,frame_00119.png,,,,0,decode失敗,QR未検出,0.282180,0.374355,0.581127,0.325839,,accum_num:accum::5:None:0:None:gray:23,accum,5,,,0
hocho_X_8,frame_00110.png,frame_00114.png,,,,0,decode失敗,QR未検出,0.234469,0.375197,0.592901,0.284090,,accum_num:accum::5:None:0:None:gray:22,accum,5,,,0
hocho_X_12,frame_00020.png,frame_00024.png,,,,0,decode失敗,QR未検出,0.264219,0.393522,0.597479,0.287386,,accum_num:accum::5:None:0:None:gray:4,accum,5,,,0
hocho_X_12,frame_00070.png,frame_00074.png,hocho_X_12/rgb_max_accum_n5_gray/00070-00074-FRAME_rgbmax_scale1.00.png,,,0,decode失敗,QR未検出,0.294680,0.432111,0.615225,0.282294,,accum_num:accum::5:None:0:None:gray:14,accum,5,,,0
hocho_X_12,frame_00035.png,frame_00039.png,,,,0,decode失敗,QR未検出,0.249304,0.405375,0.606845,0.275282,,accum_num:accum::5:None:0:None:gray:7,accum,5,,,0
hocho_X_12,frame_00045.png,frame_00049.png,,,,0,decode失敗,QR未検出,0.311736,0.407660,0.598099,0.319390,,accum_num:accum::5:None:0:None:gray:9,accum,5,,,0
hocho_X_12,frame_00000.png,frame_00004.png,,,,0,decode失敗,QR未検出,0.362274,0.388536,0.574632,0.384174,,accum_num:accum::5:None:0:None:gray:0,accum,5,,,0
hocho_X_12,frame_00065.png,frame_00069.png,,,,0,decode失敗,QR未検出,0.327963,0.403836,0.592827,0.336449,,accum_num:accum::5:None:0:None:gray:13,accum,5,,,0
hocho_X_12,frame_00005.png,frame_00009.png,,,,0,decode失敗,QR未検出,0.298222,0.394087,0.591382,0.322655,,accum_num:accum::5:None:0:None:gray:1,accum,5,,,0
hocho_X_12,frame_00075.png,frame_00079.png,,,,0,decode失敗,QR未検出,0.292618,0.415881,0.606146,0.299070,,accum_num:accum::5:None:0:None:gray:15,accum,5,,,0
hocho_X_12,frame_00060.png,frame_00064.png,,,,0,decode失敗,QR未検出,0.372051,0.376763,0.562119,0.399126,,accum_num:accum::5:None:0:None:gray:12,accum,5,,,0
hocho_X_12,frame_00015.png,frame_00019.png,,,,0,decode失敗,QR未検出,0.274116,0.410297,0.605622,0.289339,,accum_num:accum::5:None:0:None:gray:3,accum,5,,,0
hocho_X_12,frame_00010.png,frame_00014.png,,,,0,decode失敗,QR未検出,0.341094,0.376541,0.569063,0.357864,,accum_num:accum::5:None:0:None:gray:2,accum,5,,,0
hocho_X_12,frame_00030.png,frame_00034.png,,,,0,decode失敗,QR未検出,0.274350,0.406442,0.603353,0.282677,,accum_num:accum::5:None:0:None:gray:6,accum,5,,,0
hocho_X_12,frame_00055.png,frame_00059.png,,,,0,decode失敗,QR未検出,0.417372,0.373580,0.548354,0.419454,,accum_num:accum::5:None:0:None:gray:11,accum,5,,,0
hocho_X_12,frame_00050.png,frame_00054.png,,,,0,decode失敗,QR未検出,0.280118,0.424125,0.612537,0.292756,,accum_num:accum::5:None:0:None:gray:10,accum,5,,,0
hocho_X_12,frame_00025.png,frame_00029.png,,,,0,decode失敗,QR未検出,0.319412,0.409269,0.597959,0.317440,,accum_num:accum::5:None:0:None:gray:5,accum,5,,,0
hocho_X_12,frame_00040.png,frame_00044.png,,,,0,decode失敗,QR未検出,0.271051,0.407016,0.604219,0.283752,,accum_num:accum::5:None:0:None:gray:8,accum,5,,,0
hocho_X_12,frame_00090.png,frame_00094.png,,,,0,decode失敗,QR未検出,0.284008,0.395648,0.595074,0.314628,,accum_num:accum::5:None:0:None:gray:18,accum,5,,,0
hocho_X_12,frame_00105.png,frame_00109.png,,,,0,decode失敗,QR未検出,0.307160,0.407829,0.598939,0.317998,,accum_num:accum::5:None:0:None:gray:21,accum,5,,,0
hocho_X_12,frame_00115.png,frame_00119.png,,,,0,decode失敗,QR未検出,0.413114,0.375092,0.550938,0.417242,,accum_num:accum::5:None:0:None:gray:23,accum,5,,,0
hocho_X_12,frame_00085.png,frame_00089.png,,,,0,decode失敗,QR未検出,0.294178,0.423832,0.610597,0.288105,,accum_num:accum::5:None:0:None:gray:17,accum,5,,,0
hocho_X_12,frame_00095.png,frame_00099.png,,,,0,decode失敗,QR未検出,0.324713,0.424104,0.606905,0.325415,,accum_num:accum::5:None:0:None:gray:19,accum,5,,,0
hocho_X_12,frame_00080.png,frame_00084.png,,,,0,decode失敗,QR未検出,0.275850,0.399816,0.599149,0.297998,,accum_num:accum::5:None:0:None:gray:16,accum,5,,,0
hocho_X_12,frame_00100.png,frame_00104.png,,,,0,decode失敗,QR未検出,0.285215,0.427734,0.613893,0.286527,,accum_num:accum::5:None:0:None:gray:20,accum,5,,,0
hocho_X_12,frame_00110.png,frame_00114.png,,,,0,decode失敗,QR未検出,0.312869,0.407255,0.597649,0.313886,,accum_num:accum::5:None:0:None:gray:22,accum,5,,,0
ex_X_4,frame_00025.png,frame_00029.png,,,,0,decode失敗,QR未検出,0.211312,0.324813,0.567560,0.404965,,accum_num:accum::5:None:0:None:gray:5,accum,5,,,0
ex_X_4,frame_00065.png,frame_00069.png,,,,0,decode失敗,QR未検出,0.171183,0.333718,0.587757,0.332972,,accum_num:accum::5:None:0:None:gray:13,accum,5,,,0
ex_X_4,frame_00010.png,frame_00014.png,,,,0,decode失敗,QR未検出,0.164570,0.329530,0.587870,0.345171,,accum_num:accum::5:None:0:None:gray:2,accum,5,,,0
ex_X_4,frame_00030.png,frame_00034.png,ex_X_4/rgb_max_accum_n5_gray/00030-00034-FRAME_rgbmax_scale1.00.png,,,0,decode失敗,QR未検出,0.154604,0.328294,0.590880,0.336934,,accum_num:accum::5:None:0:None:gray:6,accum,5,,,0
ex_X_4,frame_00005.png,frame_00009.png,,,,0,decode失敗,QR未検出,0.184945,0.337709,0.585233,0.348809,,accum_num:accum::5:None:0:None:gray:1,accum,5,,,0
ex_X_4,frame_00070.png,frame_00074.png,,,,0,decode失敗,QR未検出,0.177781,0.309673,0.570874,0.375390,,accum_num:accum::5:None:0:None:gray:14,accum,5,,,0
ex_X_4,frame_00075.png,frame_00079.png,,,,0,decode失敗,QR未検出,0.155587,0.307014,0.578949,0.351767,,accum_num:accum::5:None:0:None:gray:15,accum,5,,,0
ex_X_4,frame_00035.png,frame_00039.png,,,,0,decode失敗,QR未検出,0.170696,0.320976,0.580777,0.345814,,accum_num:accum::5:None:0:None:gray:7,accum,5,,,0
ex_X_4,frame_00060.png,frame_00064.png,,,,0,decode失敗,QR未検出,0.197336,0.329007,0.575596,0.366688,,accum_num:accum::5:None:0:None:gray:12,accum,5,,,0
ex_X_4,frame_00020.png,frame_00024.png,,,,0,decode失敗,QR未検出,0.185506,0.322627,0.576000,0.389724,,accum_num:accum::5:None:0:None:gray:4,accum,5,,,0
ex_X_4,frame_00040.png,frame_00044.png,,,,0,decode失敗,QR未検出,0.205658,0.314683,0.562530,0.390762,,accum_num:accum::5:None:0:None:gray:8,accum,5,,,0
ex_X_4,frame_00000.png,frame_00004.png,,,,0,decode失敗,QR未検出,0.208212,0.336465,0.576555,0.360784,,accum_num:accum::5:None:0:None:gray:0,accum,5,,,0
ex_X_4,frame_00045.png,frame_00049.png,,,,0,decode失敗,QR未検出,0.213254,0.329356,0.570011,0.399823,,accum_num:accum::5:None:0:None:gray:9,accum,5,,,0
ex_X_4,frame_00050.png,frame_00054.png,,,,0,decode失敗,QR未検出,0.157813,0.307740,0.578391,0.346167,,accum_num:accum::5:None:0:None:gray:10,accum,5,,,0
ex_X_4,frame_00015.png,frame_00019.png,,,,0,decode失敗,QR未検出,0.160943,0.314911,0.581207,0.343459,,accum_num:accum::5:None:0:None:gray:3,accum,5,,,0
ex_X_4,frame_00055.png,frame_00059.png,,,,0,decode失敗,QR未検出,0.311657,0.332501,0.537254,0.467002,,accum_num:accum::5:None:0:None:gray:11,accum,5,,,0
ex_X_4,frame_00095.png,frame_00099.png,,,,0,decode失敗,QR未検出,0.196402,0.310989,0.563758,0.387185,,accum_num:accum::5:None:0:None:gray:19,accum,5,,,0
ex_X_4,frame_00085.png,frame_00089.png,,,,0,decode失敗,QR未検出,0.194350,0.305707,0.560834,0.392322,,accum_num:accum::5:None:0:None:gray:17,accum,5,,,0
ex_X_4,frame_00100.png,frame_00104.png,,,,0,decode失敗,QR未検出,0.155259,0.309296,0.580408,0.338833,,accum_num:accum::5:None:0:None:gray:20,accum,5,,,0
ex_X_4,frame_00090.png,frame_00094.png,,,,0,decode失敗,QR未検出,0.176285,0.318053,0.576804,0.354944,,accum_num:accum::5:None:0:None:gray:18,accum,5,,,0
ex_X_4,frame_00105.png,frame_00109.png,,,,0,decode失敗,QR未検出,0.192467,0.312401,0.566428,0.393969,,accum_num:accum::5:None:0:None:gray:21,accum,5,,,0
ex_X_4,frame_00110.png,frame_00114.png,,,,0,decode失敗,QR未検出,0.181149,0.316208,0.573673,0.359258,,accum_num:accum::5:None:0:None:gray:22,accum,5,,,0
ex_X_4,frame_00080.png,frame_00084.png,,,,0,decode失敗,QR未検出,0.159423,0.318078,0.583612,0.343600,,accum_num:accum::5:None:0:None:gray:16,accum,5,,,0
ex_X_4,frame_00115.png,frame_00119.png,,,,0,decode失敗,QR未検出,0.213095,0.318336,0.562182,0.373326,,accum_num:accum::5:None:0:None:gray:23,accum,5,,,0
ex_X_8,frame_00065.png,frame_00069.png,,,,0,decode失敗,QR未検出,0.182108,0.334069,0.584124,0.359830,,accum_num:accum::5:None:0:None:gray:13,accum,5,,,0
ex_X_8,frame_00050.png,frame_00054.png,,,,0,decode失敗,QR未検出,0.177006,0.337422,0.587764,0.341666,,accum_num:accum::5:None:0:None:gray:10,accum,5,,,0
ex_X_8,frame_00000.png,frame_00004.png,,,,0,decode失敗,QR未検出,0.190435,0.331336,0.579556,0.366190,,accum_num:accum::5:None:0:None:gray:0,accum,5,,,0
ex_X_8,frame_00020.png,frame_00024.png,,,,0,decode失敗,QR未検出,0.187439,0.336263,0.583549,0.353798,,accum_num:accum::5:None:0:None:gray:4,accum,5,,,0
ex_X_8,frame_00060.png,frame_00064.png,,,,0,decode失敗,QR未検出,0.269034,0.341343,0.559758,0.430035,,accum_num:accum::5:None:0:None:gray:12,accum,5,,,0
ex_X_8,frame_00025.png,frame_00029.png,,,,0,decode失敗,QR未検出,0.153337,0.310109,0.581701,0.337161,,accum_num:accum::5:None:0:None:gray:5,accum,5,,,0
ex_X_8,frame_00045.png,frame_00049.png,,,,0,decode失敗,QR未検出,0.182789,0.330973,0.582084,0.347876,,accum_num:accum::5:None:0:None:gray:9,accum,5,,,0
ex_X_8,frame_00030.png,frame_00034.png,ex_X_8/rgb_max_accum_n5_gray/00030-00034-FRAME_rgbmax_scale1.00.png,,,0,decode失敗,QR未検出,0.153088,0.332033,0.593287,0.314210,,accum_num:accum::5:None:0:None:gray:6,accum,5,,,0
ex_X_8,frame_00015.png,frame_00019.png,,,,0,decode失敗,QR未検出,0.198255,0.325073,0.572692,0.359171,,accum_num:accum::5:None:0:None:gray:3,accum,5,,,0
ex_X_8,frame_00055.png,frame_00059.png,,,,0,decode失敗,QR未検出,0.295097,0.357448,0.564943,0.413436,,accum_num:accum::5:None:0:None:gray:11,accum,5,,,0
ex_X_8,frame_00035.png,frame_00039.png,,,,0,decode失敗,QR未検出,0.214998,0.320995,0.563387,0.401749,,accum_num:accum::5:None:0:None:gray:7,accum,5,,,0
ex_X_8,frame_00075.png,frame_00079.png,,,,0,decode失敗,QR未検出,0.216404,0.334758,0.572596,0.391302,,accum_num:accum::5:None:0:None:gray:15,accum,5,,,0
ex_X_8,frame_00005.png,frame_00009.png,,,,0,decode失敗,QR未検出,0.233942,0.329130,0.562290,0.407900,,accum_num:accum::5:None:0:None:gray:1,accum,5,,,0
ex_X_8,frame_00010.png,frame_00014.png,,,,0,decode失敗,QR未検出,0.256985,0.355875,0.574529,0.346304,,accum_num:accum::5:None:0:None:gray:2,accum,5,,,0
ex_X_8,frame_00040.png,frame_00044.png,,,,0,decode失敗,QR未検出,0.193332,0.317631,0.569651,0.390278,,accum_num:accum::5:None:0:None:gray:8,accum,5,,,0
ex_X_8,frame_00070.png,frame_00074.png,,,,0,decode失敗,QR未検出,0.171690,0.331603,0.586423,0.343656,,accum_num:accum::5:None:0:None:gray:14,accum,5,,,0
ex_X_8,frame_00085.png,frame_00089.png,,,,0,decode失敗,QR未検出,0.189849,0.322726,0.574382,0.382724,,accum_num:accum::5:None:0:None:gray:17,accum,5,,,0
ex_X_8,frame_00080.png,frame_00084.png,,,,0,decode失敗,QR未検出,0.166279,0.319641,0.581750,0.342602,,accum_num:accum::5:None:0:None:gray:16,accum,5,,,0
ex_X_8,frame_00095.png,frame_00099.png,,,,0,decode失敗,QR未検出,0.159751,0.301087,0.573498,0.351760,,accum_num:accum::5:None:0:None:gray:19,accum,5,,,0
ex_X_8,frame_00090.png,frame_00094.png,,,,0,decode失敗,QR未検出,0.208291,0.326374,0.569787,0.390104,,accum_num:accum::5:None:0:None:gray:18,accum,5,,,0
ex_X_8,frame_00105.png,frame_00109.png,,,,0,decode失敗,QR未検出,0.187116,0.309601,0.566783,0.385231,,accum_num:accum::5:None:0:None:gray:21,accum,5,,,0
ex_X_8,frame_00110.png,frame_00114.png,,,,0,decode失敗,QR未検出,0.207839,0.335617,0.576133,0.389823,,accum_num:accum::5:None:0:None:gray:22,accum,5,,,0
ex_X_8,frame_00100.png,frame_00104.png,,,,0,decode失敗,QR未検出,0.153367,0.311673,0.582562,0.339611,,accum_num:accum::5:None:0:None:gray:20,accum,5,,,0
ex_X_8,frame_00115.png,frame_00119.png,,,,0,decode失敗,QR未検出,0.284505,0.350700,0.562524,0.413363,,accum_num:accum::5:None:0:None:gray:23,accum,5,,,0
ex_X_12,frame_00070.png,frame_00074.png,,,,0,decode失敗,QR未検出,0.250532,0.372717,0.587573,0.361320,,accum_num:accum::5:None:0:None:gray:14,accum,5,,,0
ex_X_12,frame_00075.png,frame_00079.png,,,,0,decode失敗,QR未検出,0.237659,0.346224,0.573486,0.369675,,accum_num:accum::5:None:0:None:gray:15,accum,5,,,0
ex_X_12,frame_00060.png,frame_00064.png,,,,0,decode失敗,QR未検出,0.270042,0.372533,0.582754,0.371372,,accum_num:accum::5:None:0:None:gray:12,accum,5,,,0
ex_X_12,frame_00045.png,frame_00049.png,,,,0,decode失敗,QR未検出,0.257502,0.358624,0.576335,0.391350,,accum_num:accum::5:None:0:None:gray:9,accum,5,,,0
ex_X_12,frame_00030.png,frame_00034.png,,,,0,decode失敗,QR未検出,0.209638,0.365682,0.593599,0.347497,,accum_num:accum::5:None:0:None:gray:6,accum,5,,,0
ex_X_12,frame_00010.png,frame_00014.png,,,,0,decode失敗,QR未検出,0.236958,0.361233,0.583720,0.354481,,accum_num:accum::5:None:0:None:gray:2,accum,5,,,0
ex_X_12,frame_00055.png,frame_00059.png,,,,0,decode失敗,QR未検出,0.346484,0.363525,0.556215,0.425402,,accum_num:accum::5:None:0:None:gray:11,accum,5,,,0
ex_X_12,frame_00000.png,frame_00004.png,,,,0,decode失敗,QR未検出,0.237281,0.358201,0.581675,0.364387,,accum_num:accum::5:None:0:None:gray:0,accum,5,,,0
ex_X_12,frame_00025.png,frame_00029.png,,,,0,decode失敗,QR未検出,0.242031,0.369557,0.587662,0.364557,,accum_num:accum::5:None:0:None:gray:5,accum,5,,,0
ex_X_12,frame_00050.png,frame_00054.png,,,,0,decode失敗,QR未検出,0.271100,0.355574,0.570276,0.395798,,accum_num:accum::5:None:0:None:gray:10,accum,5,,,0
ex_X_12,frame_00065.png,frame_00069.png,,,,0,decode失敗,QR未検出,0.229963,0.369617,0.590698,0.354802,,accum_num:accum::5:None:0:None:gray:13,accum,5,,,0
ex_X_12,frame_00035.png,frame_00039.png,,,,0,decode失敗,QR未検出,0.302689,0.349905,0.556381,0.426192,,accum_num:accum::5:None:0:None:gray:7,accum,5,,,0
ex_X_12,frame_00040.png,frame_00044.png,,,,0,decode失敗,QR未検出,0.267652,0.345240,0.563328,0.409713,,accum_num:accum::5:None:0:None:gray:8,accum,5,,,0
ex_X_12,frame_00005.png,frame_00009.png,ex_X_12/rgb_max_accum_n5_gray/00005-00009-FRAME_rgbmax_scale1.00.png,,,0,decode失敗,QR未検出,0.212206,0.373546,0.597236,0.317010,,accum_num:accum::5:None:0:None:gray:1,accum,5,,,0
ex_X_12,frame_00015.png,frame_00019.png,,,,0,decode失敗,QR未検出,0.219182,0.368900,0.592971,0.313638,,accum_num:accum::5:None:0:None:gray:3,accum,5,,,0
ex_X_12,frame_00020.png,frame_00024.png,,,,0,decode失敗,QR未検出,0.258863,0.352052,0.571212,0.393907,,accum_num:accum::5:None:0:None:gray:4,accum,5,,,0
ex_X_12,frame_00090.png,frame_00094.png,,,,0,decode失敗,QR未検出,0.270618,0.370532,0.581234,0.389133,,accum_num:accum::5:None:0:None:gray:18,accum,5,,,0
ex_X_12,frame_00100.png,frame_00104.png,,,,0,decode失敗,QR未検出,0.259817,0.349183,0.568794,0.402871,,accum_num:accum::5:None:0:None:gray:20,accum,5,,,0
ex_X_12,frame_00110.png,frame_00114.png,,,,0,decode失敗,QR未検出,0.272924,0.366743,0.577986,0.401348,,accum_num:accum::5:None:0:None:gray:22,accum,5,,,0
ex_X_12,frame_00080.png,frame_00084.png,,,,0,decode失敗,QR未検出,0.238310,0.377935,0.593621,0.343327,,accum_num:accum::5:None:0:None:gray:16,accum,5,,,0
ex_X_12,frame_00115.png,frame_00119.png,,,,0,decode失敗,QR未検出,0.332966,0.365899,0.561882,0.426867,,accum_num:accum::5:None:0:None:gray:23,accum,5,,,0
ex_X_12,frame_00085.png,frame_00089.png,,,,0,decode失敗,QR未検出,0.296777,0.367210,0.572244,0.401935,,accum_num:accum::5:None:0:None:gray:17,accum,5,,,0
ex_X_12,frame_00095.png,frame_00099.png,,,,0,decode失敗,QR未検出,0.238394,0.368363,0.587830,0.353142,,accum_num:accum::5:None:0:None:gray:19,accum,5,,,0
ex_X_12,frame_00105.png,frame_00109.png,,,,0,decode失敗,QR未検出,0.307925,0.382238,0.581015,0.402581,,accum_num:accum::5:None:0:None:gray:21,accum,5,,,0
