folder,frame_1,frame_2,diff_image,analysis_image,decoded_text,success,method,note,recall,precision,accuracy,noise,gt_note,diff_mode,window_n,stat_kind,fft_target_hz,diff_threshold,task_key
rice_R_4,frame_00000.png,frame_00119.png,,,,0,decode失敗,QR未検出,0.000000,0.000000,0.647833,0.000332,,fourier,,,10.007726,4,fourier:fourier::None:10.007726383422941:4:None:binary:0
rice_R_4,frame_00000.png,frame_00119.png,rice_R_4/rgb_max_fourier_f300_th8/00000-00119-FRAME_rgbmax_scale1.00.png,,,0,decode失敗,QR未検出,0.000000,0.000000,0.647833,0.000359,,fourier,,,10.007726,8,fourier:fourier::None:10.007726383422941:8:None:binary:0
rice_R_4,frame_00000.png,frame_00119.png,,,,0,decode失敗,QR未検出,0.000000,0.000000,0.647833,0.000359,,fourier,,,10.007726,12,fourier:fourier::None:10.007726383422941:12:None:binary:0
rice_R_4,frame_00000.png,frame_00119.png,,,,0,decode失敗,QR未検出,0.000000,0.000000,0.647833,0.000332,,fourier,,,15.000000,4,fourier:fourier::None:15.0:4:None:binary:0
rice_R_4,frame_00000.png,frame_00119.png,rice_R_4/rgb_max_fourier_f300_th8/00000-00119-FRAME_rgbmax_scale1.00.png,,,0,decode失敗,QR未検出,0.000000,0.000000,0.647833,0.000359,,fourier,,,15.000000,8,fourier:fourier::None:15.0:8:None:binary:0
rice_R_4,frame_00000.png,frame_00119.png,,,,0,decode失敗,QR未検出,0.000000,0.000000,0.647833,0.000359,,fourier,,,15.000000,12,fourier:fourier::None:15.0:12:None:binary:0
rice_R_4,frame_00000.png,frame_00119.png,,,,0,decode失敗,QR未検出,0.000000,0.000000,0.647833,0.000332,,fourier,,,29.992274,4,fourier:fourier::None:29.99227361657706:4:None:binary:0
rice_R_4,frame_00000.png,frame_00119.png,rice_R_4/rgb_max_fourier_f300_th8/00000-00119-FRAME_rgbmax_scale1.00.png,,,0,decode失敗,QR未検出,0.000000,0.000000,0.647833,0.000362,,fourier,,,29.992274,8,fourier:fourier::None:29.99227361657706:8:None:binary:0
rice_R_4,frame_00000.png,frame_00119.png,,,,0,decode失敗,QR未検出,0.000000,0.000000,0.647823,0.000649,,fourier,,,29.992274,12,fourier:fourier::None:29.99227361657706:12:None:binary:0
rice_R_8,frame_00000.png,frame_00119.png,rice_R_8/rgb_max_fourier_f300_th4/00000-00119-FRAME_rgbmax_scale1.00.png,,,0,decode失敗,QR未検出,0.000000,0.000000,0.647777,0.000530,,fourier,,,10.007726,4,fourier:fourier::None:10.007726383422941:4:None:binary:0
rice_R_8,frame_00000.png,frame_00119.png,,,,0,decode失敗,QR未検出,0.000000,0.000000,0.647777,0.000530,,fourier,,,10.007726,8,fourier:fourier::None:10.007726383422941:8:None:binary:0
rice_R_8,frame_00000.png,frame_00119.png,,,,0,decode失敗,QR未検出,0.000000,0.000000,0.647777,0.000580,,fourier,,,10.007726,12,fourier:fourier::None:10.007726383422941:12:None:binary:0
rice_R_8,frame_00000.png,frame_00119.png,rice_R_8/rgb_max_fourier_f300_th4/00000-00119-FRAME_rgbmax_scale1.00.png,,,0,decode失敗,QR未検出,0.000000,0.000000,0.647777,0.000530,,fourier,,,15.000000,4,fourier:fourier::None:15.0:4:None:binary:0
rice_R_8,frame_00000.png,frame_00119.png,,,,0,decode失敗,QR未検出,0.000000,0.000000,0.647777,0.000580,,fourier,,,15.000000,8,fourier:fourier::None:15.0:8:None:binary:0
rice_R_8,frame_00000.png,frame_00119.png,,,,0,decode失敗,QR未検出,0.000000,0.000000,0.647777,0.000580,,fourier,,,15.000000,12,fourier:fourier::None:15.0:12:None:binary:0
rice_R_8,frame_00000.png,frame_00119.png,rice_R_8/rgb_max_fourier_f300_th4/00000-00119-FRAME_rgbmax_scale1.00.png,,,0,decode失敗,QR未検出,0.000000,0.000000,0.647777,0.000530,,fourier,,,29.992274,4,fourier:fourier::None:29.99227361657706:4:None:binary:0
rice_R_8,frame_00000.png,frame_00119.png,,,,0,decode失敗,QR未検出,0.000000,0.000000,0.647777,0.000580,,fourier,,,29.992274,8,fourier:fourier::None:29.99227361657706:8:None:binary:0
rice_R_8,frame_00000.png,frame_00119.png,,,,0,decode失敗,QR未検出,0.000000,0.000000,0.647777,0.001101,,fourier,,,29.992274,12,fourier:fourier::None:29.99227361657706:12:None:binary:0
rice_R_12,frame_00000.png,frame_00119.png,rice_R_12/rgb_max_fourier_f300_th4/00000-00119-FRAME_rgbmax_scale1.00.png,,,0,decode失敗,QR未検出,0.000000,0.000000,0.647833,0.000373,,fourier,,,10.007726,4,fourier:fourier::None:10.007726383422941:4:None:binary:0
rice_R_12,frame_00000.png,frame_00119.png,,,,0,decode失敗,QR未検出,0.000000,0.000000,0.647833,0.000373,,fourier,,,10.007726,8,fourier:fourier::None:10.007726383422941:8:None:binary:0
rice_R_12,frame_00000.png,frame_00119.png,,,,0,decode失敗,QR未検出,0.000000,0.000000,0.647833,0.000374,,fourier,,,10.007726,12,fourier:fourier::None:10.007726383422941:12:None:binary:0
rice_R_12,frame_00000.png,frame_00119.png,rice_R_12/rgb_max_fourier_f300_th4/00000-00119-FRAME_rgbmax_scale1.00.png,,,0,decode失敗,QR未検出,0.000000,0.000000,0.647833,0.000373,,fourier,,,15.000000,4,fourier:fourier::None:15.0:4:None:binary:0
rice_R_12,frame_00000.png,frame_00119.png,,,,0,decode失敗,QR未検出,0.000000,0.000000,0.647833,0.000374,,fourier,,,15.000000,8,fourier:fourier::None:15.0:8:None:binary:0
rice_R_12,frame_00000.png,frame_00119.png,,,,0,decode失敗,QR未検出,0.000000,0.000000,0.647833,0.000374,,fourier,,,15.000000,12,fourier:fourier::None:15.0:12:None:binary:0
rice_R_12,frame_00000.png,frame_00119.png,rice_R_12/rgb_max_fourier_f300_th4/00000-00119-FRAME_rgbmax_scale1.00.png,,,0,decode失敗,QR未検出,0.000000,0.000000,0.647833,0.000373,,fourier,,,29.992274,4,fourier:fourier::None:29.99227361657706:4:None:binary:0
rice_R_12,frame_00000.png,frame_00119.png,,,,0,decode失敗,QR未検出,0.000000,0.000000,0.647833,0.000418,,fourier,,,29.992274,8,fourier:fourier::None:29.99227361657706:8:None:binary:0
rice_R_12,frame_00000.png,frame_00119.png,,,,0,decode失敗,QR未検出,0.000000,0.000000,0.647833,0.000970,,fourier,,,29.992274,12,fourier:fourier::None:29.99227361657706:12:None:binary:0
nagaoka_fireworks_R_4,frame_00000.png,frame_00119.png,,,,0,decode失敗,QR未検出,0.000442,0.052047,0.645153,0.012592,,fourier,,,10.007726,4,fourier:fourier::None:10.007726383422941:4:None:binary:0
nagaoka_fireworks_R_4,frame_00000.png,frame_00119.png,,,,0,decode失敗,QR未検出,0.000442,0.051744,0.645135,0.012693,,fourier,,,10.007726,8,fourier:fourier::None:10.007726383422941:8:None:binary:0
nagaoka_fireworks_R_4,frame_00000.png,frame_00119.png,nagaoka_fireworks_R_4/rgb_max_fourier_f150_th12/00000-00119-FRAME_rgbmax_scale1.00.png,,,0,decode失敗,QR未検出,0.000442,0.051744,0.645135,0.012699,,fourier,,,10.007726,12,fourier:fourier::None:10.007726383422941:12:None:binary:0
nagaoka_fireworks_R_4,frame_00000.png,frame_00119.png,,,,0,decode失敗,QR未検出,0.000442,0.052047,0.645153,0.012592,,fourier,,,15.000000,4,fourier:fourier::None:15.0:4:None:binary:0
nagaoka_fireworks_R_4,frame_00000.png,frame_00119.png,,,,0,decode失敗,QR未検出,0.000442,0.051744,0.645135,0.012693,,fourier,,,15.000000,8,fourier:fourier::None:15.0:8:None:binary:0
nagaoka_fireworks_R_4,frame_00000.png,frame_00119.png,nagaoka_fireworks_R_4/rgb_max_fourier_f150_th12/00000-00119-FRAME_rgbmax_scale1.00.png,,,0,decode失敗,QR未検出,0.000621,0.071185,0.645198,0.012693,,fourier,,,15.000000,12,fourier:fourier::None:15.0:12:None:binary:0
nagaoka_fireworks_R_4,frame_00000.png,frame_00119.png,,,,0,decode失敗,QR未検出,0.000442,0.052047,0.645153,0.012592,,fourier,,,29.992274,4,fourier:fourier::None:29.99227361657706:4:None:binary:0
nagaoka_fireworks_R_4,frame_00000.png,frame_00119.png,,,,0,decode失敗,QR未検出,0.000442,0.050626,0.645069,0.012803,,fourier,,,29.992274,8,fourier:fourier::None:29.99227361657706:8:None:binary:0
nagaoka_fireworks_R_4,frame_00000.png,frame_00119.png,nagaoka_fireworks_R_4/rgb_max_fourier_f150_th12/00000-00119-FRAME_rgbmax_scale1.00.png,,,0,decode失敗,QR未検出,0.000442,0.031673,0.643228,0.015931,,fourier,,,29.992274,12,fourier:fourier::None:29.99227361657706:12:None:binary:0
nagaoka_fireworks_R_8,frame_00000.png,frame_00119.png,nagaoka_fireworks_R_8/rgb_max_fourier_f300_th4/00000-00119-FRAME_rgbmax_scale1.00.png,,,0,decode失敗,QR未検出,0.000805,0.043397,0.641869,0.015473,,fourier,,,10.007726,4,fourier:fourier::None:10.007726383422941:4:None:binary:0
nagaoka_fireworks_R_8,frame_00000.png,frame_00119.png,,,,0,decode失敗,QR未検出,0.000805,0.043397,0.641869,0.015473,,fourier,,,10.007726,8,fourier:fourier::None:10.007726383422941:8:None:binary:0
nagaoka_fireworks_R_8,frame_00000.png,frame_00119.png,,,,0,decode失敗,QR未検出,0.000805,0.042891,0.641792,0.015610,,fourier,,,10.007726,12,fourier:fourier::None:10.007726383422941:12:None:binary:0
nagaoka_fireworks_R_8,frame_00000.png,frame_00119.png,nagaoka_fireworks_R_8/rgb_max_fourier_f300_th4/00000-00119-FRAME_rgbmax_scale1.00.png,,,0,decode失敗,QR未検出,0.000805,0.043397,0.641869,0.015473,,fourier,,,15.000000,4,fourier:fourier::None:15.0:4:None:binary:0
nagaoka_fireworks_R_8,frame_00000.png,frame_00119.png,,,,0,decode失敗,QR未検出,0.000805,0.043397,0.641869,0.015571,,fourier,,,15.000000,8,fourier:fourier::None:15.0:8:None:binary:0
nagaoka_fireworks_R_8,frame_00000.png,frame_00119.png,,,,0,decode失敗,QR未検出,0.000805,0.043397,0.641869,0.015571,,fourier,,,15.000000,12,fourier:fourier::None:15.0:12:None:binary:0
nagaoka_fireworks_R_8,frame_00000.png,frame_00119.png,nagaoka_fireworks_R_8/rgb_max_fourier_f300_th4/00000-00119-FRAME_rgbmax_scale1.00.png,,,0,decode失敗,QR未検出,0.000805,0.043397,0.641869,0.015473,,fourier,,,29.992274,4,fourier:fourier::None:29.99227361657706:4:None:binary:0
nagaoka_fireworks_R_8,frame_00000.png,frame_00119.png,,,,0,decode失敗,QR未検出,0.000805,0.043397,0.641869,0.015812,,fourier,,,29.992274,8,fourier:fourier::None:29.99227361657706:8:None:binary:0
nagaoka_fireworks_R_8,frame_00000.png,frame_00119.png,,,,0,decode失敗,QR未検出,0.001307,0.058588,0.640899,0.018046,,fourier,,,29.992274,12,fourier:fourier::None:29.99227361657706:12:None:binary:0
nagaoka_fireworks_R_12,frame_00000.png,frame_00119.png,,,,0,decode失敗,QR未検出,0.003021,0.289800,0.646290,0.014390,,fourier,,,10.007726,4,fourier:fourier::None:10.007726383422941:4:None:binary:0
nagaoka_fireworks_R_12,frame_00000.png,frame_00119.png,,,,0,decode失敗,QR未検出,0.003021,0.289800,0.646290,0.014390,,fourier,,,10.007726,8,fourier:fourier::None:10.007726383422941:8:None:binary:0
nagaoka_fireworks_R_12,frame_00000.png,frame_00119.png,nagaoka_fireworks_R_12/rgb_max_fourier_f150_th12/00000-00119-FRAME_rgbmax_scale1.00.png,,,0,decode失敗,QR未検出,0.003021,0.289800,0.646290,0.014441,,fourier,,,10.007726,12,fourier:fourier::None:10.007726383422941:12:None:binary:0
nagaoka_fireworks_R_12,frame_00000.png,frame_00119.png,,,,0,decode失敗,QR未検出,0.003021,0.289800,0.646290,0.014390,,fourier,,,15.000000,4,fourier:fourier::None:15.0:4:None:binary:0
nagaoka_fireworks_R_12,frame_00000.png,frame_00119.png,,,,0,decode失敗,QR未検出,0.003021,0.289800,0.646290,0.014441,,fourier,,,15.000000,8,fourier:fourier::None:15.0:8:None:binary:0
nagaoka_fireworks_R_12,frame_00000.png,frame_00119.png,nagaoka_fireworks_R_12/rgb_max_fourier_f150_th12/00000-00119-FRAME_rgbmax_scale1.00.png,,,0,decode失敗,QR未検出,0.003021,0.289800,0.646290,0.014494,,fourier,,,15.000000,12,fourier:fourier::None:15.0:12:None:binary:0
nagaoka_fireworks_R_12,frame_00000.png,frame_00119.png,,,,0,decode失敗,QR未検出,0.003021,0.289800,0.646290,0.014420,,fourier,,,29.992274,4,fourier:fourier::None:29.99227361657706:4:None:binary:0
nagaoka_fireworks_R_12,frame_00000.png,frame_00119.png,,,,0,decode失敗,QR未検出,0.003180,0.250489,0.645602,0.015633,,fourier,,,29.992274,8,fourier:fourier::None:29.99227361657706:8:None:binary:0
nagaoka_fireworks_R_12,frame_00000.png,frame_00119.png,nagaoka_fireworks_R_12/rgb_max_fourier_f150_th12/00000-00119-FRAME_rgbmax_scale1.00.png,,,0,decode失敗,QR未検出,0.003329,0.232962,0.645146,0.017225,,fourier,,,29.992274,12,fourier:fourier::None:29.99227361657706:12:None:binary:0
hocho_R_4,frame_00000.png,frame_00119.png,,,,0,decode失敗,QR未検出,0.000000,0.000000,0.647833,0.001032,,fourier,,,10.007726,4,fourier:fourier::None:10.007726383422941:4:None:binary:0
hocho_R_4,frame_00000.png,frame_00119.png,,,,0,decode失敗,QR未検出,0.000000,0.000000,0.647833,0.001080,,fourier,,,10.007726,8,fourier:fourier::None:10.007726383422941:8:None:binary:0
hocho_R_4,frame_00000.png,frame_00119.png,hocho_R_4/rgb_max_fourier_f150_th12/00000-00119-FRAME_rgbmax_scale1.00.png,,,0,decode失敗,QR未検出,0.000000,0.000000,0.647830,0.001085,,fourier,,,10.007726,12,fourier:fourier::None:10.007726383422941:12:None:binary:0
hocho_R_4,frame_00000.png,frame_00119.png,,,,0,decode失敗,QR未検出,0.000000,0.000000,0.647833,0.001032,,fourier,,,15.000000,4,fourier:fourier::None:15.0:4:None:binary:0
hocho_R_4,frame_00000.png,frame_00119.png,,,,0,decode失敗,QR未検出,0.000000,0.000000,0.647833,0.001080,,fourier,,,15.000000,8,fourier:fourier::None:15.0:8:None:binary:0
hocho_R_4,frame_00000.png,frame_00119.png,hocho_R_4/rgb_max_fourier_f150_th12/00000-00119-FRAME_rgbmax_scale1.00.png,,,0,decode失敗,QR未検出,0.000000,0.000000,0.647833,0.001083,,fourier,,,15.000000,12,fourier:fourier::None:15.0:12:None:binary:0
hocho_R_4,frame_00000.png,frame_00119.png,,,,0,decode失敗,QR未検出,0.000010,0.086957,0.647800,0.001050,,fourier,,,29.992274,4,fourier:fourier::None:29.99227361657706:4:None:binary:0
hocho_R_4,frame_00000.png,frame_00119.png,,,,0,decode失敗,QR未検出,0.000010,0.086957,0.647800,0.001124,,fourier,,,29.992274,8,fourier:fourier::None:29.99227361657706:8:None:binary:0
hocho_R_4,frame_00000.png,frame_00119.png,hocho_R_4/rgb_max_fourier_f150_th12/00000-00119-FRAME_rgbmax_scale1.00.png,,,0,decode失敗,QR未検出,0.000010,0.035088,0.647740,0.001298,,fourier,,,29.992274,12,fourier:fourier::None:29.99227361657706:12:None:binary:0
hocho_R_8,frame_00000.png,frame_00119.png,,,,0,decode失敗,QR未検出,0.000000,0.000000,0.647833,0.000854,,fourier,,,10.007726,4,fourier:fourier::None:10.007726383422941:4:None:binary:0
hocho_R_8,frame_00000.png,frame_00119.png,,,,0,decode失敗,QR未検出,0.000000,0.000000,0.647833,0.000970,,fourier,,,10.007726,8,fourier:fourier::None:10.007726383422941:8:None:binary:0
hocho_R_8,frame_00000.png,frame_00119.png,hocho_R_8/rgb_max_fourier_f300_th12/00000-00119-FRAME_rgbmax_scale1.00.png,,,0,decode失敗,QR未検出,0.000000,0.000000,0.647833,0.000975,,fourier,,,10.007726,12,fourier:fourier::None:10.007726383422941:12:None:binary:0
hocho_R_8,frame_00000.png,frame_00119.png,,,,0,decode失敗,QR未検出,0.000000,0.000000,0.647833,0.000854,,fourier,,,15.000000,4,fourier:fourier::None:15.0:4:None:binary:0
hocho_R_8,frame_00000.png,frame_00119.png,,,,0,decode失敗,QR未検出,0.000000,0.000000,0.647833,0.000870,,fourier,,,15.000000,8,fourier:fourier::None:15.0:8:None:binary:0
hocho_R_8,frame_00000.png,frame_00119.png,hocho_R_8/rgb_max_fourier_f300_th12/00000-00119-FRAME_rgbmax_scale1.00.png,,,0,decode失敗,QR未検出,0.000000,0.000000,0.647833,0.001053,,fourier,,,15.000000,12,fourier:fourier::None:15.0:12:None:binary:0
hocho_R_8,frame_00000.png,frame_00119.png,,,,0,decode失敗,QR未検出,0.000000,0.000000,0.647833,0.000861,,fourier,,,29.992274,4,fourier:fourier::None:29.99227361657706:4:None:binary:0
hocho_R_8,frame_00000.png,frame_00119.png,,,,0,decode失敗,QR未検出,0.000000,0.000000,0.647833,0.000987,,fourier,,,29.992274,8,fourier:fourier::None:29.99227361657706:8:None:binary:0
hocho_R_8,frame_00000.png,frame_00119.png,hocho_R_8/rgb_max_fourier_f300_th12/00000-00119-FRAME_rgbmax_scale1.00.png,,,0,decode失敗,QR未検出,0.000035,1.000000,0.647845,0.001023,,fourier,,,29.992274,12,fourier:fourier::None:29.99227361657706:12:None:binary:0
hocho_R_12,frame_00000.png,frame_00119.png,hocho_R_12/rgb_max_fourier_f100_th4/00000-00119-FRAME_rgbmax_scale1.00.png,,,0,decode失敗,QR未検出,0.000000,0.000000,0.647833,0.000554,,fourier,,,10.007726,4,fourier:fourier::None:10.007726383422941:4:None:binary:0
hocho_R_12,frame_00000.png,frame_00119.png,,,,0,decode失敗,QR未検出,0.000000,0.000000,0.647810,0.000567,,fourier,,,10.007726,8,fourier:fourier::None:10.007726383422941:8:None:binary:0
hocho_R_12,frame_00000.png,frame_00119.png,,,,0,decode失敗,QR未検出,0.000000,0.000000,0.647810,0.000567,,fourier,,,10.007726,12,fourier:fourier::None:10.007726383422941:12:None:binary:0
hocho_R_12,frame_00000.png,frame_00119.png,hocho_R_12/rgb_max_fourier_f100_th4/00000-00119-FRAME_rgbmax_scale1.00.png,,,0,decode失敗,QR未検出,0.000000,0.000000,0.647833,0.000554,,fourier,,,15.000000,4,fourier:fourier::None:15.0:4:None:binary:0
hocho_R_12,frame_00000.png,frame_00119.png,,,,0,decode失敗,QR未検出,0.000000,0.000000,0.647833,0.000566,,fourier,,,15.000000,8,fourier:fourier::None:15.0:8:None:binary:0
hocho_R_12,frame_00000.png,frame_00119.png,,,,0,decode失敗,QR未検出,0.000000,0.000000,0.647810,0.000625,,fourier,,,15.000000,12,fourier:fourier::None:15.0:12:None:binary:0
hocho_R_12,frame_00000.png,frame_00119.png,hocho_R_12/rgb_max_fourier_f100_th4/00000-00119-FRAME_rgbmax_scale1.00.png,,,0,decode失敗,QR未検出,0.000000,0.000000,0.647833,0.000555,,fourier,,,29.992274,4,fourier:fourier::None:29.99227361657706:4:None:binary:0
hocho_R_12,frame_00000.png,frame_00119.png,,,,0,decode失敗,QR未検出,0.000000,0.000000,0.647810,0.000576,,fourier,,,29.992274,8,fourier:fourier::None:29.99227361657706:8:None:binary:0
hocho_R_12,frame_00000.png,frame_00119.png,,,,0,decode失敗,QR未検出,0.000000,0.000000,0.647768,0.000618,,fourier,,,29.992274,12,fourier:fourier::None:29.99227361657706:12:None:binary:0
ex_R_4,frame_00000.png,frame_00119.png,ex_R_4/rgb_max_fourier_f300_th4/00000-00119-FRAME_rgbmax_scale1.00.png,,,0,decode失敗,QR未検出,0.000338,0.157407,0.647315,0.000371,,fourier,,,10.007726,4,fourier:fourier::None:10.007726383422941:4:None:binary:0
ex_R_4,frame_00000.png,frame_00119.png,,,,0,decode失敗,QR未検出,0.000338,0.154897,0.647303,0.000377,,fourier,,,10.007726,8,fourier:fourier::None:10.007726383422941:8:None:binary:0
ex_R_4,frame_00000.png,frame_00119.png,,,,0,decode失敗,QR未検出,0.000338,0.154897,0.647303,0.000377,,fourier,,,10.007726,12,fourier:fourier::None:10.007726383422941:12:None:binary:0
ex_R_4,frame_00000.png,frame_00119.png,ex_R_4/rgb_max_fourier_f300_th4/00000-00119-FRAME_rgbmax_scale1.00.png,,,0,decode失敗,QR未検出,0.000338,0.157407,0.647315,0.000371,,fourier,,,15.000000,4,fourier:fourier::None:15.0:4:None:binary:0
ex_R_4,frame_00000.png,frame_00119.png,,,,0,decode失敗,QR未検出,0.000338,0.155963,0.647308,0.000374,,fourier,,,15.000000,8,fourier:fourier::None:15.0:8:None:binary:0
ex_R_4,frame_00000.png,frame_00119.png,,,,0,decode失敗,QR未検出,0.000338,0.154897,0.647303,0.000377,,fourier,,,15.000000,12,fourier:fourier::None:15.0:12:None:binary:0
ex_R_4,frame_00000.png,frame_00119.png,ex_R_4/rgb_max_fourier_f300_th4/00000-00119-FRAME_rgbmax_scale1.00.png,,,0,decode失敗,QR未検出,0.000338,0.157407,0.647315,0.000371,,fourier,,,29.992274,4,fourier:fourier::None:29.99227361657706:4:None:binary:0
ex_R_4,frame_00000.png,frame_00119.png,,,,0,decode失敗,QR未検出,0.000338,0.154897,0.647303,0.000377,,fourier,,,29.992274,8,fourier:fourier::None:29.99227361657706:8:None:binary:0
ex_R_4,frame_00000.png,frame_00119.png,,,,0,decode失敗,QR未検出,0.000338,0.148472,0.647270,0.000499,,fourier,,,29.992274,12,fourier:fourier::None:29.99227361657706:12:None:binary:0
ex_R_8,frame_00000.png,frame_00119.png,,,,0,decode失敗,QR未検出,0.000000,0.000000,0.647576,0.000516,,fourier,,,10.007726,4,fourier:fourier::None:10.007726383422941:4:None:binary:0
ex_R_8,frame_00000.png,frame_00119.png,ex_R_8/rgb_max_fourier_f300_th8/00000-00119-FRAME_rgbmax_scale1.00.png,,,0,decode失敗,QR未検出,0.000000,0.000000,0.647576,0.000516,,fourier,,,10.007726,8,fourier:fourier::None:10.007726383422941:8:None:binary:0
ex_R_8,frame_00000.png,frame_00119.png,,,,0,decode失敗,QR未検出,0.000000,0.000000,0.647576,0.000516,,fourier,,,10.007726,12,fourier:fourier::None:10.007726383422941:12:None:binary:0
ex_R_8,frame_00000.png,frame_00119.png,,,,0,decode失敗,QR未検出,0.000000,0.000000,0.647576,0.000516,,fourier,,,15.000000,4,fourier:fourier::None:15.0:4:None:binary:0
ex_R_8,frame_00000.png,frame_00119.png,ex_R_8/rgb_max_fourier_f300_th8/00000-00119-FRAME_rgbmax_scale1.00.png,,,0,decode失敗,QR未検出,0.000000,0.000000,0.647576,0.000516,,fourier,,,15.000000,8,fourier:fourier::None:15.0:8:None:binary:0
ex_R_8,frame_00000.png,frame_00119.png,,,,0,decode失敗,QR未検出,0.000000,0.000000,0.647576,0.000518,,fourier,,,15.000000,12,fourier:fourier::None:15.0:12:None:binary:0
ex_R_8,frame_00000.png,frame_00119.png,,,,0,decode失敗,QR未検出,0.000000,0.000000,0.647576,0.000516,,fourier,,,29.992274,4,fourier:fourier::None:29.99227361657706:4:None:binary:0
ex_R_8,frame_00000.png,frame_00119.png,ex_R_8/rgb_max_fourier_f300_th8/00000-00119-FRAME_rgbmax_scale1.00.png,,,0,decode失敗,QR未検出,0.000000,0.000000,0.647576,0.000516,,fourier,,,29.992274,8,fourier:fourier::None:29.99227361657706:8:None:binary:0
ex_R_8,frame_00000.png,frame_00119.png,,,,0,decode失敗,QR未検出,0.000000,0.000000,0.647538,0.000551,,fourier,,,29.992274,12,fourier:fourier::None:29.99227361657706:12:None:binary:0
ex_R_12,frame_00000.png,frame_00119.png,ex_R_12/rgb_max_fourier_f150_th4/00000-00119-FRAME_rgbmax_scale1.00.png,,,0,decode失敗,QR未検出,0.000000,0.000000,0.647739,0.000048,,fourier,,,10.007726,4,fourier:fourier::None:10.007726383422941:4:None:binary:0
ex_R_12,frame_00000.png,frame_00119.png,,,,0,decode失敗,QR未検出,0.000000,0.000000,0.647739,0.000048,,fourier,,,10.007726,8,fourier:fourier::None:10.007726383422941:8:None:binary:0
ex_R_12,frame_00000.png,frame_00119.png,,,,0,decode失敗,QR未検出,0.000000,0.000000,0.647735,0.000049,,fourier,,,10.007726,12,fourier:fourier::None:10.007726383422941:12:None:binary:0
ex_R_12,frame_00000.png,frame_00119.png,ex_R_12/rgb_max_fourier_f150_th4/00000-00119-FRAME_rgbmax_scale1.00.png,,,0,decode失敗,QR未検出,0.000000,0.000000,0.647739,0.000048,,fourier,,,15.000000,4,fourier:fourier::None:15.0:4:None:binary:0
ex_R_12,frame_00000.png,frame_00119.png,,,,0,decode失敗,QR未検出,0.000000,0.000000,0.647735,0.000049,,fourier,,,15.000000,8,fourier:fourier::None:15.0:8:None:binary:0
ex_R_12,frame_00000.png,frame_00119.png,,,,0,decode失敗,QR未検出,0.000000,0.000000,0.647686,0.000074,,fourier,,,15.000000,12,fourier:fourier::None:15.0:12:None:binary:0
ex_R_12,frame_00000.png,frame_00119.png,ex_R_12/rgb_max_fourier_f150_th4/00000-00119-FRAME_rgbmax_scale1.00.png,,,0,decode失敗,QR未検出,0.000000,0.000000,0.647739,0.000048,,fourier,,,29.992274,4,fourier:fourier::None:29.99227361657706:4:None:binary:0
ex_R_12,frame_00000.png,frame_00119.png,,,,0,decode失敗,QR未検出,0.000000,0.000000,0.647735,0.000049,,fourier,,,29.992274,8,fourier:fourier::None:29.99227361657706:8:None:binary:0
ex_R_12,frame_00000.png,frame_00119.png,,,,0,decode失敗,QR未検出,0.000000,0.000000,0.647681,0.000077,,fourier,,,29.992274,12,fourier:fourier::None:29.99227361657706:12:None:binary:0
rice_G_4,frame_00000.png,frame_00119.png,,,,0,decode失敗,QR未検出,0.000000,0.000000,0.647833,0.000351,,fourier,,,10.007726,4,fourier:fourier::None:10.007726383422941:4:None:binary:0
rice_G_4,frame_00000.png,frame_00119.png,rice_G_4/rgb_max_fourier_f150_th8/00000-00119-FRAME_rgbmax_scale1.00.png,,,0,decode失敗,QR未検出,0.000000,0.000000,0.647833,0.000369,,fourier,,,10.007726,8,fourier:fourier::None:10.007726383422941:8:None:binary:0
rice_G_4,frame_00000.png,frame_00119.png,,,,0,decode失敗,QR未検出,0.000000,0.000000,0.647833,0.000442,,fourier,,,10.007726,12,fourier:fourier::None:10.007726383422941:12:None:binary:0
rice_G_4,frame_00000.png,frame_00119.png,,,,0,decode失敗,QR未検出,0.000000,0.000000,0.647833,0.000328,,fourier,,,15.000000,4,fourier:fourier::None:15.0:4:None:binary:0
rice_G_4,frame_00000.png,frame_00119.png,rice_G_4/rgb_max_fourier_f150_th8/00000-00119-FRAME_rgbmax_scale1.00.png,,,0,decode失敗,QR未検出,0.000000,0.000000,0.647833,0.000352,,fourier,,,15.000000,8,fourier:fourier::None:15.0:8:None:binary:0
rice_G_4,frame_00000.png,frame_00119.png,,,,0,decode失敗,QR未検出,0.000000,0.000000,0.647833,0.000352,,fourier,,,15.000000,12,fourier:fourier::None:15.0:12:None:binary:0
rice_G_4,frame_00000.png,frame_00119.png,,,,0,decode失敗,QR未検出,0.000000,0.000000,0.647833,0.000326,,fourier,,,29.992274,4,fourier:fourier::None:29.99227361657706:4:None:binary:0
rice_G_4,frame_00000.png,frame_00119.png,rice_G_4/rgb_max_fourier_f150_th8/00000-00119-FRAME_rgbmax_scale1.00.png,,,0,decode失敗,QR未検出,0.000000,0.000000,0.647833,0.000415,,fourier,,,29.992274,8,fourier:fourier::None:29.99227361657706:8:None:binary:0
rice_G_4,frame_00000.png,frame_00119.png,,,,0,decode失敗,QR未検出,0.000000,0.000000,0.647833,0.000642,,fourier,,,29.992274,12,fourier:fourier::None:29.99227361657706:12:None:binary:0
rice_G_8,frame_00000.png,frame_00119.png,rice_G_8/rgb_max_fourier_f300_th4/00000-00119-FRAME_rgbmax_scale1.00.png,,,0,decode失敗,QR未検出,0.000000,0.000000,0.647833,0.000317,,fourier,,,10.007726,4,fourier:fourier::None:10.007726383422941:4:None:binary:0
rice_G_8,frame_00000.png,frame_00119.png,,,,0,decode失敗,QR未検出,0.000000,0.000000,0.647833,0.000317,,fourier,,,10.007726,8,fourier:fourier::None:10.007726383422941:8:None:binary:0
rice_G_8,frame_00000.png,frame_00119.png,,,,0,decode失敗,QR未検出,0.000000,0.000000,0.647833,0.000322,,fourier,,,10.007726,12,fourier:fourier::None:10.007726383422941:12:None:binary:0
rice_G_8,frame_00000.png,frame_00119.png,rice_G_8/rgb_max_fourier_f300_th4/00000-00119-FRAME_rgbmax_scale1.00.png,,,0,decode失敗,QR未検出,0.000000,0.000000,0.647833,0.000317,,fourier,,,15.000000,4,fourier:fourier::None:15.0:4:None:binary:0
rice_G_8,frame_00000.png,frame_00119.png,,,,0,decode失敗,QR未検出,0.000000,0.000000,0.647833,0.000317,,fourier,,,15.000000,8,fourier:fourier::None:15.0:8:None:binary:0
rice_G_8,frame_00000.png,frame_00119.png,,,,0,decode失敗,QR未検出,0.000000,0.000000,0.647833,0.000317,,fourier,,,15.000000,12,fourier:fourier::None:15.0:12:None:binary:0
rice_G_8,frame_00000.png,frame_00119.png,rice_G_8/rgb_max_fourier_f300_th4/00000-00119-FRAME_rgbmax_scale1.00.png,,,0,decode失敗,QR未検出,0.000000,0.000000,0.647833,0.000325,,fourier,,,29.992274,4,fourier:fourier::None:29.99227361657706:4:None:binary:0
rice_G_8,frame_00000.png,frame_00119.png,,,,0,decode失敗,QR未検出,0.000000,0.000000,0.647833,0.000325,,fourier,,,29.992274,8,fourier:fourier::None:29.99227361657706:8:None:binary:0
rice_G_8,frame_00000.png,frame_00119.png,,,,0,decode失敗,QR未検出,0.000000,0.000000,0.647833,0.001011,,fourier,,,29.992274,12,fourier:fourier::None:29.99227361657706:12:None:binary:0
rice_G_12,frame_00000.png,frame_00119.png,,,,0,decode失敗,QR未検出,0.000000,0.000000,0.647833,0.000701,,fourier,,,10.007726,4,fourier:fourier::None:10.007726383422941:4:None:binary:0
rice_G_12,frame_00000.png,frame_00119.png,rice_G_12/rgb_max_fourier_f150_th8/00000-00119-FRAME_rgbmax_scale1.00.png,,,0,decode失敗,QR未検出,0.000000,0.000000,0.647833,0.000703,,fourier,,,10.007726,8,fourier:fourier::None:10.007726383422941:8:None:binary:0
rice_G_12,frame_00000.png,frame_00119.png,,,,0,decode失敗,QR未検出,0.000000,0.000000,0.647833,0.000706,,fourier,,,10.007726,12,fourier:fourier::None:10.007726383422941:12:None:binary:0
rice_G_12,frame_00000.png,frame_00119.png,,,,0,decode失敗,QR未検出,0.000000,0.000000,0.647833,0.000701,,fourier,,,15.000000,4,fourier:fourier::None:15.0:4:None:binary:0
rice_G_12,frame_00000.png,frame_00119.png,rice_G_12/rgb_max_fourier_f150_th8/00000-00119-FRAME_rgbmax_scale1.00.png,,,0,decode失敗,QR未検出,0.000000,0.000000,0.647833,0.000703,,fourier,,,15.000000,8,fourier:fourier::None:15.0:8:None:binary:0
rice_G_12,frame_00000.png,frame_00119.png,,,,0,decode失敗,QR未検出,0.000000,0.000000,0.647833,0.000704,,fourier,,,15.000000,12,fourier:fourier::None:15.0:12:None:binary:0
rice_G_12,frame_00000.png,frame_00119.png,,,,0,decode失敗,QR未検出,0.000000,0.000000,0.647833,0.000703,,fourier,,,29.992274,4,fourier:fourier::None:29.99227361657706:4:None:binary:0
rice_G_12,frame_00000.png,frame_00119.png,rice_G_12/rgb_max_fourier_f150_th8/00000-00119-FRAME_rgbmax_scale1.00.png,,,0,decode失敗,QR未検出,0.000000,0.000000,0.647833,0.000761,,fourier,,,29.992274,8,fourier:fourier::None:29.99227361657706:8:None:binary:0
rice_G_12,frame_00000.png,frame_00119.png,,,,0,decode失敗,QR未検出,0.000000,0.000000,0.647833,0.000938,,fourier,,,29.992274,12,fourier:fourier::None:29.99227361657706:12:None:binary:0
nagaoka_fireworks_G_4,frame_00000.png,frame_00119.png,nagaoka_fireworks_G_4/rgb_max_fourier_f150_th4/00000-00119-FRAME_rgbmax_scale1.00.png,,,0,decode失敗,QR未検出,0.001073,0.134328,0.645776,0.008832,,fourier,,,10.007726,4,fourier:fourier::None:10.007726383422941:4:None:binary:0
nagaoka_fireworks_G_4,frame_00000.png,frame_00119.png,,,,0,decode失敗,QR未検出,0.001073,0.134328,0.645776,0.008832,,fourier,,,10.007726,8,fourier:fourier::None:10.007726383422941:8:None:binary:0
nagaoka_fireworks_G_4,frame_00000.png,frame_00119.png,,,,0,decode失敗,QR未検出,0.001073,0.134328,0.645776,0.008994,,fourier,,,10.007726,12,fourier:fourier::None:10.007726383422941:12:None:binary:0
nagaoka_fireworks_G_4,frame_00000.png,frame_00119.png,nagaoka_fireworks_G_4/rgb_max_fourier_f150_th4/00000-00119-FRAME_rgbmax_scale1.00.png,,,0,decode失敗,QR未検出,0.001073,0.134328,0.645776,0.008832,,fourier,,,15.000000,4,fourier:fourier::None:15.0:4:None:binary:0
nagaoka_fireworks_G_4,frame_00000.png,frame_00119.png,,,,0,decode失敗,QR未検出,0.001073,0.134328,0.645776,0.008955,,fourier,,,15.000000,8,fourier:fourier::None:15.0:8:None:binary:0
nagaoka_fireworks_G_4,frame_00000.png,frame_00119.png,,,,0,decode失敗,QR未検出,0.001073,0.134328,0.645776,0.008955,,fourier,,,15.000000,12,fourier:fourier::None:15.0:12:None:binary:0
nagaoka_fireworks_G_4,frame_00000.png,frame_00119.png,nagaoka_fireworks_G_4/rgb_max_fourier_f150_th4/00000-00119-FRAME_rgbmax_scale1.00.png,,,0,decode失敗,QR未検出,0.001073,0.134328,0.645776,0.008832,,fourier,,,29.992274,4,fourier:fourier::None:29.99227361657706:4:None:binary:0
nagaoka_fireworks_G_4,frame_00000.png,frame_00119.png,,,,0,decode失敗,QR未検出,0.001073,0.134328,0.645776,0.009246,,fourier,,,29.992274,8,fourier:fourier::None:29.99227361657706:8:None:binary:0
nagaoka_fireworks_G_4,frame_00000.png,frame_00119.png,,,,0,decode失敗,QR未検出,0.001928,0.186449,0.645550,0.011077,,fourier,,,29.992274,12,fourier:fourier::None:29.99227361657706:12:None:binary:0
nagaoka_fireworks_G_8,frame_00000.png,frame_00119.png,,,,0,decode失敗,QR未検出,0.002241,0.237995,0.646096,0.010472,,fourier,,,10.007726,4,fourier:fourier::None:10.007726383422941:4:None:binary:0
nagaoka_fireworks_G_8,frame_00000.png,frame_00119.png,nagaoka_fireworks_G_8/rgb_max_fourier_f300_th8/00000-00119-FRAME_rgbmax_scale1.00.png,,,0,decode失敗,QR未検出,0.002241,0.237995,0.646096,0.010940,,fourier,,,10.007726,8,fourier:fourier::None:10.007726383422941:8:None:binary:0
nagaoka_fireworks_G_8,frame_00000.png,frame_00119.png,,,,0,decode失敗,QR未検出,0.002241,0.230219,0.645984,0.011120,,fourier,,,10.007726,12,fourier:fourier::None:10.007726383422941:12:None:binary:0
nagaoka_fireworks_G_8,frame_00000.png,frame_00119.png,,,,0,decode失敗,QR未検出,0.002241,0.237995,0.646096,0.010465,,fourier,,,15.000000,4,fourier:fourier::None:15.0:4:None:binary:0
nagaoka_fireworks_G_8,frame_00000.png,frame_00119.png,nagaoka_fireworks_G_8/rgb_max_fourier_f300_th8/00000-00119-FRAME_rgbmax_scale1.00.png,,,0,decode失敗,QR未検出,0.002241,0.237995,0.646096,0.010940,,fourier,,,15.000000,8,fourier:fourier::None:15.0:8:None:binary:0
nagaoka_fireworks_G_8,frame_00000.png,frame_00119.png,,,,0,decode失敗,QR未検出,0.002241,0.237995,0.646096,0.010940,,fourier,,,15.000000,12,fourier:fourier::None:15.0:12:None:binary:0
nagaoka_fireworks_G_8,frame_00000.png,frame_00119.png,,,,0,decode失敗,QR未検出,0.002241,0.237995,0.646096,0.010465,,fourier,,,29.992274,4,fourier:fourier::None:29.99227361657706:4:None:binary:0
nagaoka_fireworks_G_8,frame_00000.png,frame_00119.png,nagaoka_fireworks_G_8/rgb_max_fourier_f300_th8/00000-00119-FRAME_rgbmax_scale1.00.png,,,0,decode失敗,QR未検出,0.002241,0.237995,0.646096,0.011632,,fourier,,,29.992274,8,fourier:fourier::None:29.99227361657706:8:None:binary:0
nagaoka_fireworks_G_8,frame_00000.png,frame_00119.png,,,,0,decode失敗,QR未検出,0.003224,0.256319,0.645674,0.013575,,fourier,,,29.992274,12,fourier:fourier::None:29.99227361657706:12:None:binary:0
nagaoka_fireworks_G_12,frame_00000.png,frame_00119.png,nagaoka_fireworks_G_12/rgb_max_fourier_f150_th4/00000-00119-FRAME_rgbmax_scale1.00.png,,,0,decode失敗,QR未検出,0.000000,0.000000,0.645489,0.009304,,fourier,,,10.007726,4,fourier:fourier::None:10.007726383422941:4:None:binary:0
nagaoka_fireworks_G_12,frame_00000.png,frame_00119.png,,,,0,decode失敗,QR未検出,0.000000,0.000000,0.645489,0.009304,,fourier,,,10.007726,8,fourier:fourier::None:10.007726383422941:8:None:binary:0
nagaoka_fireworks_G_12,frame_00000.png,frame_00119.png,,,,0,decode失敗,QR未検出,0.000000,0.000000,0.645343,0.009499,,fourier,,,10.007726,12,fourier:fourier::None:10.007726383422941:12:None:binary:0
nagaoka_fireworks_G_12,frame_00000.png,frame_00119.png,nagaoka_fireworks_G_12/rgb_max_fourier_f150_th4/00000-00119-FRAME_rgbmax_scale1.00.png,,,0,decode失敗,QR未検出,0.000000,0.000000,0.645489,0.009304,,fourier,,,15.000000,4,fourier:fourier::None:15.0:4:None:binary:0
nagaoka_fireworks_G_12,frame_00000.png,frame_00119.png,,,,0,decode失敗,QR未検出,0.000000,0.000000,0.645489,0.009304,,fourier,,,15.000000,8,fourier:fourier::None:15.0:8:None:binary:0
nagaoka_fireworks_G_12,frame_00000.png,frame_00119.png,,,,0,decode失敗,QR未検出,0.000000,0.000000,0.645091,0.009634,,fourier,,,15.000000,12,fourier:fourier::None:15.0:12:None:binary:0
nagaoka_fireworks_G_12,frame_00000.png,frame_00119.png,nagaoka_fireworks_G_12/rgb_max_fourier_f150_th4/00000-00119-FRAME_rgbmax_scale1.00.png,,,0,decode失敗,QR未検出,0.000000,0.000000,0.645489,0.009304,,fourier,,,29.992274,4,fourier:fourier::None:29.99227361657706:4:None:binary:0
nagaoka_fireworks_G_12,frame_00000.png,frame_00119.png,,,,0,decode失敗,QR未検出,0.000000,0.000000,0.645284,0.009586,,fourier,,,29.992274,8,fourier:fourier::None:29.99227361657706:8:None:binary:0
nagaoka_fireworks_G_12,frame_00000.png,frame_00119.png,,,,0,decode失敗,QR未検出,0.000000,0.000000,0.644763,0.010922,,fourier,,,29.992274,12,fourier:fourier::None:29.99227361657706:12:None:binary:0
hocho_G_4,frame_00000.png,frame_00119.png,,,,0,decode失敗,QR未検出,0.000000,0.000000,0.647833,0.000719,,fourier,,,10.007726,4,fourier:fourier::None:10.007726383422941:4:None:binary:0
hocho_G_4,frame_00000.png,frame_00119.png,,,,0,decode失敗,QR未検出,0.000000,0.000000,0.647833,0.000719,,fourier,,,10.007726,8,fourier:fourier::None:10.007726383422941:8:None:binary:0
hocho_G_4,frame_00000.png,frame_00119.png,hocho_G_4/rgb_max_fourier_f100_th12/00000-00119-FRAME_rgbmax_scale1.00.png,,,0,decode失敗,QR未検出,0.000000,0.000000,0.647833,0.000736,,fourier,,,10.007726,12,fourier:fourier::None:10.007726383422941:12:None:binary:0
hocho_G_4,frame_00000.png,frame_00119.png,,,,0,decode失敗,QR未検出,0.000000,0.000000,0.647833,0.000664,,fourier,,,15.000000,4,fourier:fourier::None:15.0:4:None:binary:0
hocho_G_4,frame_00000.png,frame_00119.png,,,,0,decode失敗,QR未検出,0.000000,0.000000,0.647833,0.000664,,fourier,,,15.000000,8,fourier:fourier::None:15.0:8:None:binary:0
hocho_G_4,frame_00000.png,frame_00119.png,hocho_G_4/rgb_max_fourier_f100_th12/00000-00119-FRAME_rgbmax_scale1.00.png,,,0,decode失敗,QR未検出,0.000000,0.000000,0.647833,0.000719,,fourier,,,15.000000,12,fourier:fourier::None:15.0:12:None:binary:0
hocho_G_4,frame_00000.png,frame_00119.png,,,,0,decode失敗,QR未検出,0.000000,0.000000,0.647833,0.000671,,fourier,,,29.992274,4,fourier:fourier::None:29.99227361657706:4:None:binary:0
hocho_G_4,frame_00000.png,frame_00119.png,,,,0,decode失敗,QR未検出,0.000000,0.000000,0.647833,0.000726,,fourier,,,29.992274,8,fourier:fourier::None:29.99227361657706:8:None:binary:0
hocho_G_4,frame_00000.png,frame_00119.png,hocho_G_4/rgb_max_fourier_f100_th12/00000-00119-FRAME_rgbmax_scale1.00.png,,,0,decode失敗,QR未検出,0.000214,0.205742,0.647618,0.001046,,fourier,,,29.992274,12,fourier:fourier::None:29.99227361657706:12:None:binary:0
hocho_G_8,frame_00000.png,frame_00119.png,,,,0,decode失敗,QR未検出,0.000000,0.000000,0.647833,0.000551,,fourier,,,10.007726,4,fourier:fourier::None:10.007726383422941:4:None:binary:0
hocho_G_8,frame_00000.png,frame_00119.png,hocho_G_8/rgb_max_fourier_f300_th8/00000-00119-FRAME_rgbmax_scale1.00.png,,,0,decode失敗,QR未検出,0.000000,0.000000,0.647833,0.000551,,fourier,,,10.007726,8,fourier:fourier::None:10.007726383422941:8:None:binary:0
hocho_G_8,frame_00000.png,frame_00119.png,,,,0,decode失敗,QR未検出,0.000000,0.000000,0.647833,0.000567,,fourier,,,10.007726,12,fourier:fourier::None:10.007726383422941:12:None:binary:0
hocho_G_8,frame_00000.png,frame_00119.png,,,,0,decode失敗,QR未検出,0.000000,0.000000,0.647833,0.000551,,fourier,,,15.000000,4,fourier:fourier::None:15.0:4:None:binary:0
hocho_G_8,frame_00000.png,frame_00119.png,hocho_G_8/rgb_max_fourier_f300_th8/00000-00119-FRAME_rgbmax_scale1.00.png,,,0,decode失敗,QR未検出,0.000000,0.000000,0.647833,0.000551,,fourier,,,15.000000,8,fourier:fourier::None:15.0:8:None:binary:0
hocho_G_8,frame_00000.png,frame_00119.png,,,,0,decode失敗,QR未検出,0.000000,0.000000,0.647833,0.000551,,fourier,,,15.000000,12,fourier:fourier::None:15.0:12:None:binary:0
hocho_G_8,frame_00000.png,frame_00119.png,,,,0,decode失敗,QR未検出,0.000000,0.000000,0.647833,0.000551,,fourier,,,29.992274,4,fourier:fourier::None:29.99227361657706:4:None:binary:0
hocho_G_8,frame_00000.png,frame_00119.png,hocho_G_8/rgb_max_fourier_f300_th8/00000-00119-FRAME_rgbmax_scale1.00.png,,,0,decode失敗,QR未検出,0.000000,0.000000,0.647833,0.000551,,fourier,,,29.992274,8,fourier:fourier::None:29.99227361657706:8:None:binary:0
hocho_G_8,frame_00000.png,frame_00119.png,,,,0,decode失敗,QR未検出,0.000000,0.000000,0.647730,0.000722,,fourier,,,29.992274,12,fourier:fourier::None:29.99227361657706:12:None:binary:0
hocho_G_12,frame_00000.png,frame_00119.png,hocho_G_12/rgb_max_fourier_f150_th4/00000-00119-FRAME_rgbmax_scale1.00.png,,,0,decode失敗,QR未検出,0.000000,0.000000,0.647700,0.000509,,fourier,,,10.007726,4,fourier:fourier::None:10.007726383422941:4:None:binary:0
hocho_G_12,frame_00000.png,frame_00119.png,,,,0,decode失敗,QR未検出,0.000000,0.000000,0.647700,0.000509,,fourier,,,10.007726,8,fourier:fourier::None:10.007726383422941:8:None:binary:0
hocho_G_12,frame_00000.png,frame_00119.png,,,,0,decode失敗,QR未検出,0.000000,0.000000,0.647700,0.000509,,fourier,,,10.007726,12,fourier:fourier::None:10.007726383422941:12:None:binary:0
hocho_G_12,frame_00000.png,frame_00119.png,hocho_G_12/rgb_max_fourier_f150_th4/00000-00119-FRAME_rgbmax_scale1.00.png,,,0,decode失敗,QR未検出,0.000000,0.000000,0.647700,0.000509,,fourier,,,15.000000,4,fourier:fourier::None:15.0:4:None:binary:0
hocho_G_12,frame_00000.png,frame_00119.png,,,,0,decode失敗,QR未検出,0.000000,0.000000,0.647700,0.000509,,fourier,,,15.000000,8,fourier:fourier::None:15.0:8:None:binary:0
hocho_G_12,frame_00000.png,frame_00119.png,,,,0,decode失敗,QR未検出,0.000000,0.000000,0.647700,0.000509,,fourier,,,15.000000,12,fourier:fourier::None:15.0:12:None:binary:0
hocho_G_12,frame_00000.png,frame_00119.png,hocho_G_12/rgb_max_fourier_f150_th4/00000-00119-FRAME_rgbmax_scale1.00.png,,,0,decode失敗,QR未検出,0.000000,0.000000,0.647700,0.000509,,fourier,,,29.992274,4,fourier:fourier::None:29.99227361657706:4:None:binary:0
hocho_G_12,frame_00000.png,frame_00119.png,,,,0,decode失敗,QR未検出,0.000000,0.000000,0.647700,0.000529,,fourier,,,29.992274,8,fourier:fourier::None:29.99227361657706:8:None:binary:0
hocho_G_12,frame_00000.png,frame_00119.png,,,,0,decode失敗,QR未検出,0.000000,0.000000,0.647695,0.000632,,fourier,,,29.992274,12,fourier:fourier::None:29.99227361657706:12:None:binary:0
ex_G_4,frame_00000.png,frame_00119.png,,,,0,decode失敗,QR未検出,0.000030,0.011516,0.646943,0.000558,,fourier,,,10.007726,4,fourier:fourier::None:10.007726383422941:4:None:binary:0
ex_G_4,frame_00000.png,frame_00119.png,,,,0,decode失敗,QR未検出,0.000030,0.011516,0.646943,0.000558,,fourier,,,10.007726,8,fourier:fourier::None:10.007726383422941:8:None:binary:0
ex_G_4,frame_00000.png,frame_00119.png,ex_G_4/rgb_max_fourier_f100_th12/00000-00119-FRAME_rgbmax_scale1.00.png,,,0,decode失敗,QR未検出,0.000030,0.011516,0.646943,0.000558,,fourier,,,10.007726,12,fourier:fourier::None:10.007726383422941:12:None:binary:0
ex_G_4,frame_00000.png,frame_00119.png,,,,0,decode失敗,QR未検出,0.000030,0.011516,0.646943,0.000558,,fourier,,,15.000000,4,fourier:fourier::None:15.0:4:None:binary:0
ex_G_4,frame_00000.png,frame_00119.png,,,,0,decode失敗,QR未検出,0.000030,0.011516,0.646943,0.000558,,fourier,,,15.000000,8,fourier:fourier::None:15.0:8:None:binary:0
ex_G_4,frame_00000.png,frame_00119.png,ex_G_4/rgb_max_fourier_f100_th12/00000-00119-FRAME_rgbmax_scale1.00.png,,,0,decode失敗,QR未検出,0.000030,0.011516,0.646943,0.000558,,fourier,,,15.000000,12,fourier:fourier::None:15.0:12:None:binary:0
ex_G_4,frame_00000.png,frame_00119.png,,,,0,decode失敗,QR未検出,0.000030,0.011516,0.646943,0.000558,,fourier,,,29.992274,4,fourier:fourier::None:29.99227361657706:4:None:binary:0
ex_G_4,frame_00000.png,frame_00119.png,,,,0,decode失敗,QR未検出,0.000030,0.011516,0.646943,0.000558,,fourier,,,29.992274,8,fourier:fourier::None:29.99227361657706:8:None:binary:0
ex_G_4,frame_00000.png,frame_00119.png,ex_G_4/rgb_max_fourier_f100_th12/00000-00119-FRAME_rgbmax_scale1.00.png,,,0,decode失敗,QR未検出,0.000030,0.011516,0.646943,0.000562,,fourier,,,29.992274,12,fourier:fourier::None:29.99227361657706:12:None:binary:0
ex_G_8,frame_00000.png,frame_00119.png,,,,0,decode失敗,QR未検出,0.000253,0.217021,0.647601,0.000314,,fourier,,,10.007726,4,fourier:fourier::None:10.007726383422941:4:None:binary:0
ex_G_8,frame_00000.png,frame_00119.png,ex_G_8/rgb_max_fourier_f100_th8/00000-00119-FRAME_rgbmax_scale1.00.png,,,0,decode失敗,QR未検出,0.000268,0.226891,0.647606,0.000314,,fourier,,,10.007726,8,fourier:fourier::None:10.007726383422941:8:None:binary:0
ex_G_8,frame_00000.png,frame_00119.png,,,,0,decode失敗,QR未検出,0.000268,0.222222,0.647597,0.000319,,fourier,,,10.007726,12,fourier:fourier::None:10.007726383422941:12:None:binary:0
ex_G_8,frame_00000.png,frame_00119.png,,,,0,decode失敗,QR未検出,0.000253,0.217021,0.647601,0.000314,,fourier,,,15.000000,4,fourier:fourier::None:15.0:4:None:binary:0
ex_G_8,frame_00000.png,frame_00119.png,ex_G_8/rgb_max_fourier_f100_th8/00000-00119-FRAME_rgbmax_scale1.00.png,,,0,decode失敗,QR未検出,0.000268,0.222222,0.647597,0.000319,,fourier,,,15.000000,8,fourier:fourier::None:15.0:8:None:binary:0
ex_G_8,frame_00000.png,frame_00119.png,,,,0,decode失敗,QR未検出,0.000268,0.222222,0.647597,0.000319,,fourier,,,15.000000,12,fourier:fourier::None:15.0:12:None:binary:0
ex_G_8,frame_00000.png,frame_00119.png,,,,0,decode失敗,QR未検出,0.000253,0.217021,0.647601,0.000314,,fourier,,,29.992274,4,fourier:fourier::None:29.99227361657706:4:None:binary:0
ex_G_8,frame_00000.png,frame_00119.png,ex_G_8/rgb_max_fourier_f100_th8/00000-00119-FRAME_rgbmax_scale1.00.png,,,0,decode失敗,QR未検出,0.000268,0.222222,0.647597,0.000319,,fourier,,,29.992274,8,fourier:fourier::None:29.99227361657706:8:None:binary:0
ex_G_8,frame_00000.png,frame_00119.png,,,,0,decode失敗,QR未検出,0.000268,0.222222,0.647597,0.000522,,fourier,,,29.992274,12,fourier:fourier::None:29.99227361657706:12:None:binary:0
ex_G_12,frame_00000.png,frame_00119.png,,,,0,decode失敗,QR未検出,0.000129,0.130000,0.647574,0.000224,,fourier,,,10.007726,4,fourier:fourier::None:10.007726383422941:4:None:binary:0
ex_G_12,frame_00000.png,frame_00119.png,ex_G_12/rgb_max_fourier_f100_th8/00000-00119-FRAME_rgbmax_scale1.00.png,,,0,decode失敗,QR未検出,0.000129,0.130000,0.647574,0.000224,,fourier,,,10.007726,8,fourier:fourier::None:10.007726383422941:8:None:binary:0
ex_G_12,frame_00000.png,frame_00119.png,,,,0,decode失敗,QR未検出,0.000129,0.130000,0.647574,0.000263,,fourier,,,10.007726,12,fourier:fourier::None:10.007726383422941:12:None:binary:0
ex_G_12,frame_00000.png,frame_00119.png,,,,0,decode失敗,QR未検出,0.000129,0.130000,0.647574,0.000224,,fourier,,,15.000000,4,fourier:fourier::None:15.0:4:None:binary:0
ex_G_12,frame_00000.png,frame_00119.png,ex_G_12/rgb_max_fourier_f100_th8/00000-00119-FRAME_rgbmax_scale1.00.png,,,0,decode失敗,QR未検出,0.000129,0.130000,0.647574,0.000224,,fourier,,,15.000000,8,fourier:fourier::None:15.0:8:None:binary:0
ex_G_12,frame_00000.png,frame_00119.png,,,,0,decode失敗,QR未検出,0.000129,0.130000,0.647574,0.000263,,fourier,,,15.000000,12,fourier:fourier::None:15.0:12:None:binary:0
ex_G_12,frame_00000.png,frame_00119.png,,,,0,decode失敗,QR未検出,0.000129,0.130000,0.647574,0.000224,,fourier,,,29.992274,4,fourier:fourier::None:29.99227361657706:4:None:binary:0
ex_G_12,frame_00000.png,frame_00119.png,ex_G_12/rgb_max_fourier_f100_th8/00000-00119-FRAME_rgbmax_scale1.00.png,,,0,decode失敗,QR未検出,0.000129,0.130000,0.647574,0.000270,,fourier,,,29.992274,8,fourier:fourier::None:29.99227361657706:8:None:binary:0
ex_G_12,frame_00000.png,frame_00119.png,,,,0,decode失敗,QR未検出,0.000129,0.125000,0.647560,0.000654,,fourier,,,29.992274,12,fourier:fourier::None:29.99227361657706:12:None:binary:0
rice_B_4,frame_00000.png,frame_00119.png,,,,0,decode失敗,QR未検出,0.000000,0.000000,0.647833,0.000630,,fourier,,,10.007726,4,fourier:fourier::None:10.007726383422941:4:None:binary:0
rice_B_4,frame_00000.png,frame_00119.png,rice_B_4/rgb_max_fourier_f300_th8/00000-00119-FRAME_rgbmax_scale1.00.png,,,0,decode失敗,QR未検出,0.000000,0.000000,0.647833,0.000630,,fourier,,,10.007726,8,fourier:fourier::None:10.007726383422941:8:None:binary:0
rice_B_4,frame_00000.png,frame_00119.png,,,,0,decode失敗,QR未検出,0.000000,0.000000,0.647833,0.000630,,fourier,,,10.007726,12,fourier:fourier::None:10.007726383422941:12:None:binary:0
rice_B_4,frame_00000.png,frame_00119.png,,,,0,decode失敗,QR未検出,0.000000,0.000000,0.647833,0.000630,,fourier,,,15.000000,4,fourier:fourier::None:15.0:4:None:binary:0
rice_B_4,frame_00000.png,frame_00119.png,rice_B_4/rgb_max_fourier_f300_th8/00000-00119-FRAME_rgbmax_scale1.00.png,,,0,decode失敗,QR未検出,0.000000,0.000000,0.647833,0.000630,,fourier,,,15.000000,8,fourier:fourier::None:15.0:8:None:binary:0
rice_B_4,frame_00000.png,frame_00119.png,,,,0,decode失敗,QR未検出,0.000000,0.000000,0.647833,0.000630,,fourier,,,15.000000,12,fourier:fourier::None:15.0:12:None:binary:0
rice_B_4,frame_00000.png,frame_00119.png,,,,0,decode失敗,QR未検出,0.000000,0.000000,0.647833,0.000630,,fourier,,,29.992274,4,fourier:fourier::None:29.99227361657706:4:None:binary:0
rice_B_4,frame_00000.png,frame_00119.png,rice_B_4/rgb_max_fourier_f300_th8/00000-00119-FRAME_rgbmax_scale1.00.png,,,0,decode失敗,QR未検出,0.000000,0.000000,0.647833,0.000667,,fourier,,,29.992274,8,fourier:fourier::None:29.99227361657706:8:None:binary:0
rice_B_4,frame_00000.png,frame_00119.png,,,,0,decode失敗,QR未検出,0.000000,0.000000,0.647833,0.000717,,fourier,,,29.992274,12,fourier:fourier::None:29.99227361657706:12:None:binary:0
rice_B_8,frame_00000.png,frame_00119.png,,,,0,decode失敗,QR未検出,0.000000,0.000000,0.647833,0.000827,,fourier,,,10.007726,4,fourier:fourier::None:10.007726383422941:4:None:binary:0
rice_B_8,frame_00000.png,frame_00119.png,,,,0,decode失敗,QR未検出,0.000000,0.000000,0.647833,0.000827,,fourier,,,10.007726,8,fourier:fourier::None:10.007726383422941:8:None:binary:0
rice_B_8,frame_00000.png,frame_00119.png,rice_B_8/rgb_max_fourier_f100_th12/00000-00119-FRAME_rgbmax_scale1.00.png,,,0,decode失敗,QR未検出,0.000000,0.000000,0.647833,0.000866,,fourier,,,10.007726,12,fourier:fourier::None:10.007726383422941:12:None:binary:0
rice_B_8,frame_00000.png,frame_00119.png,,,,0,decode失敗,QR未検出,0.000000,0.000000,0.647833,0.000827,,fourier,,,15.000000,4,fourier:fourier::None:15.0:4:None:binary:0
rice_B_8,frame_00000.png,frame_00119.png,,,,0,decode失敗,QR未検出,0.000000,0.000000,0.647833,0.000866,,fourier,,,15.000000,8,fourier:fourier::None:15.0:8:None:binary:0
rice_B_8,frame_00000.png,frame_00119.png,rice_B_8/rgb_max_fourier_f100_th12/00000-00119-FRAME_rgbmax_scale1.00.png,,,0,decode失敗,QR未検出,0.000000,0.000000,0.647833,0.000866,,fourier,,,15.000000,12,fourier:fourier::None:15.0:12:None:binary:0
rice_B_8,frame_00000.png,frame_00119.png,,,,0,decode失敗,QR未検出,0.000000,0.000000,0.647833,0.000827,,fourier,,,29.992274,4,fourier:fourier::None:29.99227361657706:4:None:binary:0
rice_B_8,frame_00000.png,frame_00119.png,,,,0,decode失敗,QR未検出,0.000000,0.000000,0.647833,0.000866,,fourier,,,29.992274,8,fourier:fourier::None:29.99227361657706:8:None:binary:0
rice_B_8,frame_00000.png,frame_00119.png,rice_B_8/rgb_max_fourier_f100_th12/00000-00119-FRAME_rgbmax_scale1.00.png,,,0,decode失敗,QR未検出,0.000000,0.000000,0.647833,0.001125,,fourier,,,29.992274,12,fourier:fourier::None:29.99227361657706:12:None:binary:0
rice_B_12,frame_00000.png,frame_00119.png,,,,0,decode失敗,QR未検出,0.000000,0.000000,0.647833,0.000471,,fourier,,,10.007726,4,fourier:fourier::None:10.007726383422941:4:None:binary:0
rice_B_12,frame_00000.png,frame_00119.png,,,,0,decode失敗,QR未検出,0.000000,0.000000,0.647833,0.000492,,fourier,,,10.007726,8,fourier:fourier::None:10.007726383422941:8:None:binary:0
rice_B_12,frame_00000.png,frame_00119.png,rice_B_12/rgb_max_fourier_f150_th12/00000-00119-FRAME_rgbmax_scale1.00.png,,,0,decode失敗,QR未検出,0.000000,0.000000,0.647833,0.000551,,fourier,,,10.007726,12,fourier:fourier::None:10.007726383422941:12:None:binary:0
rice_B_12,frame_00000.png,frame_00119.png,,,,0,decode失敗,QR未検出,0.000000,0.000000,0.647833,0.000473,,fourier,,,15.000000,4,fourier:fourier::None:15.0:4:None:binary:0
rice_B_12,frame_00000.png,frame_00119.png,,,,0,decode失敗,QR未検出,0.000000,0.000000,0.647833,0.000489,,fourier,,,15.000000,8,fourier:fourier::None:15.0:8:None:binary:0
rice_B_12,frame_00000.png,frame_00119.png,rice_B_12/rgb_max_fourier_f150_th12/00000-00119-FRAME_rgbmax_scale1.00.png,,,0,decode失敗,QR未検出,0.000000,0.000000,0.647833,0.000490,,fourier,,,15.000000,12,fourier:fourier::None:15.0:12:None:binary:0
rice_B_12,frame_00000.png,frame_00119.png,,,,0,decode失敗,QR未検出,0.000000,0.000000,0.647833,0.000471,,fourier,,,29.992274,4,fourier:fourier::None:29.99227361657706:4:None:binary:0
rice_B_12,frame_00000.png,frame_00119.png,,,,0,decode失敗,QR未検出,0.000000,0.000000,0.647833,0.000570,,fourier,,,29.992274,8,fourier:fourier::None:29.99227361657706:8:None:binary:0
rice_B_12,frame_00000.png,frame_00119.png,rice_B_12/rgb_max_fourier_f150_th12/00000-00119-FRAME_rgbmax_scale1.00.png,,,0,decode失敗,QR未検出,0.000000,0.000000,0.647833,0.000817,,fourier,,,29.992274,12,fourier:fourier::None:29.99227361657706:12:None:binary:0
nagaoka_fireworks_B_4,frame_00000.png,frame_00119.png,nagaoka_fireworks_B_4/rgb_max_fourier_f150_th4/00000-00119-FRAME_rgbmax_scale1.00.png,,,0,decode失敗,QR未検出,0.001222,0.178909,0.646288,0.010522,,fourier,,,10.007726,4,fourier:fourier::None:10.007726383422941:4:None:binary:0
nagaoka_fireworks_B_4,frame_00000.png,frame_00119.png,,,,0,decode失敗,QR未検出,0.001222,0.178909,0.646288,0.010522,,fourier,,,10.007726,8,fourier:fourier::None:10.007726383422941:8:None:binary:0
nagaoka_fireworks_B_4,frame_00000.png,frame_00119.png,,,,0,decode失敗,QR未検出,0.001222,0.170952,0.646176,0.010685,,fourier,,,10.007726,12,fourier:fourier::None:10.007726383422941:12:None:binary:0
nagaoka_fireworks_B_4,frame_00000.png,frame_00119.png,nagaoka_fireworks_B_4/rgb_max_fourier_f150_th4/00000-00119-FRAME_rgbmax_scale1.00.png,,,0,decode失敗,QR未検出,0.001222,0.178909,0.646288,0.010522,,fourier,,,15.000000,4,fourier:fourier::None:15.0:4:None:binary:0
nagaoka_fireworks_B_4,frame_00000.png,frame_00119.png,,,,0,decode失敗,QR未検出,0.001222,0.178909,0.646288,0.010629,,fourier,,,15.000000,8,fourier:fourier::None:15.0:8:None:binary:0
nagaoka_fireworks_B_4,frame_00000.png,frame_00119.png,,,,0,decode失敗,QR未検出,0.001222,0.170952,0.646176,0.010685,,fourier,,,15.000000,12,fourier:fourier::None:15.0:12:None:binary:0
nagaoka_fireworks_B_4,frame_00000.png,frame_00119.png,nagaoka_fireworks_B_4/rgb_max_fourier_f150_th4/00000-00119-FRAME_rgbmax_scale1.00.png,,,0,decode失敗,QR未検出,0.001222,0.178909,0.646288,0.010522,,fourier,,,29.992274,4,fourier:fourier::None:29.99227361657706:4:None:binary:0
nagaoka_fireworks_B_4,frame_00000.png,frame_00119.png,,,,0,decode失敗,QR未検出,0.001222,0.170952,0.646176,0.010791,,fourier,,,29.992274,8,fourier:fourier::None:29.99227361657706:8:None:binary:0
nagaoka_fireworks_B_4,frame_00000.png,frame_00119.png,,,,0,decode失敗,QR未検出,0.001307,0.144347,0.645566,0.012741,,fourier,,,29.992274,12,fourier:fourier::None:29.99227361657706:12:None:binary:0
nagaoka_fireworks_B_8,frame_00000.png,frame_00119.png,nagaoka_fireworks_B_8/rgb_max_fourier_f100_th4/00000-00119-FRAME_rgbmax_scale1.00.png,,,0,decode失敗,QR未検出,0.003870,0.127705,0.639886,0.020109,,fourier,,,10.007726,4,fourier:fourier::None:10.007726383422941:4:None:binary:0
nagaoka_fireworks_B_8,frame_00000.png,frame_00119.png,,,,0,decode失敗,QR未検出,0.003870,0.127705,0.639886,0.020109,,fourier,,,10.007726,8,fourier:fourier::None:10.007726383422941:8:None:binary:0
nagaoka_fireworks_B_8,frame_00000.png,frame_00119.png,,,,0,decode失敗,QR未検出,0.004268,0.129837,0.639263,0.020683,,fourier,,,10.007726,12,fourier:fourier::None:10.007726383422941:12:None:binary:0
nagaoka_fireworks_B_8,frame_00000.png,frame_00119.png,nagaoka_fireworks_B_8/rgb_max_fourier_f100_th4/00000-00119-FRAME_rgbmax_scale1.00.png,,,0,decode失敗,QR未検出,0.003870,0.127705,0.639886,0.020109,,fourier,,,15.000000,4,fourier:fourier::None:15.0:4:None:binary:0
nagaoka_fireworks_B_8,frame_00000.png,frame_00119.png,,,,0,decode失敗,QR未検出,0.004268,0.129837,0.639263,0.020598,,fourier,,,15.000000,8,fourier:fourier::None:15.0:8:None:binary:0
nagaoka_fireworks_B_8,frame_00000.png,frame_00119.png,,,,0,decode失敗,QR未検出,0.004268,0.129837,0.639263,0.020598,,fourier,,,15.000000,12,fourier:fourier::None:15.0:12:None:binary:0
nagaoka_fireworks_B_8,frame_00000.png,frame_00119.png,nagaoka_fireworks_B_8/rgb_max_fourier_f100_th4/00000-00119-FRAME_rgbmax_scale1.00.png,,,0,decode失敗,QR未検出,0.003870,0.127705,0.639886,0.020111,,fourier,,,29.992274,4,fourier:fourier::None:29.99227361657706:4:None:binary:0
nagaoka_fireworks_B_8,frame_00000.png,frame_00119.png,,,,0,decode失敗,QR未検出,0.004268,0.129837,0.639263,0.020727,,fourier,,,29.992274,8,fourier:fourier::None:29.99227361657706:8:None:binary:0
nagaoka_fireworks_B_8,frame_00000.png,frame_00119.png,,,,0,decode失敗,QR未検出,0.004596,0.122582,0.637867,0.023999,,fourier,,,29.992274,12,fourier:fourier::None:29.99227361657706:12:None:binary:0
nagaoka_fireworks_B_12,frame_00000.png,frame_00119.png,,,,0,decode失敗,QR未検出,0.002290,0.181425,0.645000,0.015075,,fourier,,,10.007726,4,fourier:fourier::None:10.007726383422941:4:None:binary:0
nagaoka_fireworks_B_12,frame_00000.png,frame_00119.png,,,,0,decode失敗,QR未検出,0.002290,0.181425,0.645000,0.015075,,fourier,,,10.007726,8,fourier:fourier::None:10.007726383422941:8:None:binary:0
nagaoka_fireworks_B_12,frame_00000.png,frame_00119.png,nagaoka_fireworks_B_12/rgb_max_fourier_f100_th12/00000-00119-FRAME_rgbmax_scale1.00.png,,,0,decode失敗,QR未検出,0.002688,0.206410,0.645140,0.015191,,fourier,,,10.007726,12,fourier:fourier::None:10.007726383422941:12:None:binary:0
nagaoka_fireworks_B_12,frame_00000.png,frame_00119.png,,,,0,decode失敗,QR未検出,0.002290,0.181425,0.645000,0.015085,,fourier,,,15.000000,4,fourier:fourier::None:15.0:4:None:binary:0
nagaoka_fireworks_B_12,frame_00000.png,frame_00119.png,,,,0,decode失敗,QR未検出,0.002290,0.181425,0.645000,0.015085,,fourier,,,15.000000,8,fourier:fourier::None:15.0:8:None:binary:0
nagaoka_fireworks_B_12,frame_00000.png,frame_00119.png,nagaoka_fireworks_B_12/rgb_max_fourier_f100_th12/00000-00119-FRAME_rgbmax_scale1.00.png,,,0,decode失敗,QR未検出,0.002688,0.206252,0.645137,0.015202,,fourier,,,15.000000,12,fourier:fourier::None:15.0:12:None:binary:0
nagaoka_fireworks_B_12,frame_00000.png,frame_00119.png,,,,0,decode失敗,QR未検出,0.002290,0.181425,0.645000,0.015087,,fourier,,,29.992274,4,fourier:fourier::None:29.99227361657706:4:None:binary:0
nagaoka_fireworks_B_12,frame_00000.png,frame_00119.png,,,,0,decode失敗,QR未検出,0.002728,0.204317,0.645053,0.015297,,fourier,,,29.992274,8,fourier:fourier::None:29.99227361657706:8:None:binary:0
nagaoka_fireworks_B_12,frame_00000.png,frame_00119.png,nagaoka_fireworks_B_12/rgb_max_fourier_f100_th12/00000-00119-FRAME_rgbmax_scale1.00.png,,,0,decode失敗,QR未検出,0.003090,0.209498,0.644815,0.017377,,fourier,,,29.992274,12,fourier:fourier::None:29.99227361657706:12:None:binary:0
hocho_B_4,frame_00000.png,frame_00119.png,,,,0,decode失敗,QR未検出,0.000159,1.000000,0.647889,0.000314,,fourier,,,10.007726,4,fourier:fourier::None:10.007726383422941:4:None:binary:0
hocho_B_4,frame_00000.png,frame_00119.png,hocho_B_4/rgb_max_fourier_f100_th8/00000-00119-FRAME_rgbmax_scale1.00.png,,,0,decode失敗,QR未検出,0.000159,1.000000,0.647889,0.000314,,fourier,,,10.007726,8,fourier:fourier::None:10.007726383422941:8:None:binary:0
hocho_B_4,frame_00000.png,frame_00119.png,,,,0,decode失敗,QR未検出,0.000174,0.522388,0.647838,0.000362,,fourier,,,10.007726,12,fourier:fourier::None:10.007726383422941:12:None:binary:0
hocho_B_4,frame_00000.png,frame_00119.png,,,,0,decode失敗,QR未検出,0.000000,0.000000,0.647833,0.000319,,fourier,,,15.000000,4,fourier:fourier::None:15.0:4:None:binary:0
hocho_B_4,frame_00000.png,frame_00119.png,hocho_B_4/rgb_max_fourier_f100_th8/00000-00119-FRAME_rgbmax_scale1.00.png,,,0,decode失敗,QR未検出,0.000159,1.000000,0.647889,0.000321,,fourier,,,15.000000,8,fourier:fourier::None:15.0:8:None:binary:0
hocho_B_4,frame_00000.png,frame_00119.png,,,,0,decode失敗,QR未検出,0.000159,1.000000,0.647889,0.000321,,fourier,,,15.000000,12,fourier:fourier::None:15.0:12:None:binary:0
hocho_B_4,frame_00000.png,frame_00119.png,,,,0,decode失敗,QR未検出,0.000000,0.000000,0.647833,0.000307,,fourier,,,29.992274,4,fourier:fourier::None:29.99227361657706:4:None:binary:0
hocho_B_4,frame_00000.png,frame_00119.png,hocho_B_4/rgb_max_fourier_f100_th8/00000-00119-FRAME_rgbmax_scale1.00.png,,,0,decode失敗,QR未検出,0.000159,1.000000,0.647889,0.000362,,fourier,,,29.992274,8,fourier:fourier::None:29.99227361657706:8:None:binary:0
hocho_B_4,frame_00000.png,frame_00119.png,,,,0,decode失敗,QR未検出,0.000159,0.507937,0.647835,0.000578,,fourier,,,29.992274,12,fourier:fourier::None:29.99227361657706:12:None:binary:0
hocho_B_8,frame_00000.png,frame_00119.png,,,,0,decode失敗,QR未検出,0.000000,0.000000,0.647833,0.000560,,fourier,,,10.007726,4,fourier:fourier::None:10.007726383422941:4:None:binary:0
hocho_B_8,frame_00000.png,frame_00119.png,,,,0,decode失敗,QR未検出,0.000000,0.000000,0.647833,0.000563,,fourier,,,10.007726,8,fourier:fourier::None:10.007726383422941:8:None:binary:0
hocho_B_8,frame_00000.png,frame_00119.png,hocho_B_8/rgb_max_fourier_f150_th12/00000-00119-FRAME_rgbmax_scale1.00.png,,,0,decode失敗,QR未検出,0.000000,0.000000,0.647833,0.000563,,fourier,,,10.007726,12,fourier:fourier::None:10.007726383422941:12:None:binary:0
hocho_B_8,frame_00000.png,frame_00119.png,,,,0,decode失敗,QR未検出,0.000000,0.000000,0.647833,0.000560,,fourier,,,15.000000,4,fourier:fourier::None:15.0:4:None:binary:0
hocho_B_8,frame_00000.png,frame_00119.png,,,,0,decode失敗,QR未検出,0.000000,0.000000,0.647833,0.000560,,fourier,,,15.000000,8,fourier:fourier::None:15.0:8:None:binary:0
hocho_B_8,frame_00000.png,frame_00119.png,hocho_B_8/rgb_max_fourier_f150_th12/00000-00119-FRAME_rgbmax_scale1.00.png,,,0,decode失敗,QR未検出,0.000000,0.000000,0.647833,0.000563,,fourier,,,15.000000,12,fourier:fourier::None:15.0:12:None:binary:0
hocho_B_8,frame_00000.png,frame_00119.png,,,,0,decode失敗,QR未検出,0.000000,0.000000,0.647833,0.000562,,fourier,,,29.992274,4,fourier:fourier::None:29.99227361657706:4:None:binary:0
hocho_B_8,frame_00000.png,frame_00119.png,,,,0,decode失敗,QR未検出,0.000000,0.000000,0.647833,0.000588,,fourier,,,29.992274,8,fourier:fourier::None:29.99227361657706:8:None:binary:0
hocho_B_8,frame_00000.png,frame_00119.png,hocho_B_8/rgb_max_fourier_f150_th12/00000-00119-FRAME_rgbmax_scale1.00.png,,,0,decode失敗,QR未検出,0.000000,0.000000,0.647833,0.000654,,fourier,,,29.992274,12,fourier:fourier::None:29.99227361657706:12:None:binary:0
hocho_B_12,frame_00000.png,frame_00119.png,,,,0,decode失敗,QR未検出,0.000000,0.000000,0.647833,0.000617,,fourier,,,10.007726,4,fourier:fourier::None:10.007726383422941:4:None:binary:0
hocho_B_12,frame_00000.png,frame_00119.png,hocho_B_12/rgb_max_fourier_f300_th8/00000-00119-FRAME_rgbmax_scale1.00.png,,,0,decode失敗,QR未検出,0.000000,0.000000,0.647833,0.000617,,fourier,,,10.007726,8,fourier:fourier::None:10.007726383422941:8:None:binary:0
hocho_B_12,frame_00000.png,frame_00119.png,,,,0,decode失敗,QR未検出,0.000000,0.000000,0.647833,0.000642,,fourier,,,10.007726,12,fourier:fourier::None:10.007726383422941:12:None:binary:0
hocho_B_12,frame_00000.png,frame_00119.png,,,,0,decode失敗,QR未検出,0.000000,0.000000,0.647833,0.000617,,fourier,,,15.000000,4,fourier:fourier::None:15.0:4:None:binary:0
hocho_B_12,frame_00000.png,frame_00119.png,hocho_B_12/rgb_max_fourier_f300_th8/00000-00119-FRAME_rgbmax_scale1.00.png,,,0,decode失敗,QR未検出,0.000000,0.000000,0.647833,0.000642,,fourier,,,15.000000,8,fourier:fourier::None:15.0:8:None:binary:0
hocho_B_12,frame_00000.png,frame_00119.png,,,,0,decode失敗,QR未検出,0.000000,0.000000,0.647833,0.000644,,fourier,,,15.000000,12,fourier:fourier::None:15.0:12:None:binary:0
hocho_B_12,frame_00000.png,frame_00119.png,,,,0,decode失敗,QR未検出,0.000000,0.000000,0.647833,0.000617,,fourier,,,29.992274,4,fourier:fourier::None:29.99227361657706:4:None:binary:0
hocho_B_12,frame_00000.png,frame_00119.png,hocho_B_12/rgb_max_fourier_f300_th8/00000-00119-FRAME_rgbmax_scale1.00.png,,,0,decode失敗,QR未検出,0.000000,0.000000,0.647833,0.000653,,fourier,,,29.992274,8,fourier:fourier::None:29.99227361657706:8:None:binary:0
hocho_B_12,frame_00000.png,frame_00119.png,,,,0,decode失敗,QR未検出,0.000000,0.000000,0.647817,0.000724,,fourier,,,29.992274,12,fourier:fourier::None:29.99227361657706:12:None:binary:0
ex_B_4,frame_00000.png,frame_00119.png,ex_B_4/rgb_max_fourier_f150_th4/00000-00119-FRAME_rgbmax_scale1.00.png,,,0,decode失敗,QR未検出,0.000119,0.029630,0.646500,0.000765,,fourier,,,10.007726,4,fourier:fourier::None:10.007726383422941:4:None:binary:0
ex_B_4,frame_00000.png,frame_00119.png,,,,0,decode失敗,QR未検出,0.000119,0.029557,0.646496,0.000766,,fourier,,,10.007726,8,fourier:fourier::None:10.007726383422941:8:None:binary:0
ex_B_4,frame_00000.png,frame_00119.png,,,,0,decode失敗,QR未検出,0.000119,0.029557,0.646496,0.000766,,fourier,,,10.007726,12,fourier:fourier::None:10.007726383422941:12:None:binary:0
ex_B_4,frame_00000.png,frame_00119.png,ex_B_4/rgb_max_fourier_f150_th4/00000-00119-FRAME_rgbmax_scale1.00.png,,,0,decode失敗,QR未検出,0.000119,0.029630,0.646500,0.000765,,fourier,,,15.000000,4,fourier:fourier::None:15.0:4:None:binary:0
ex_B_4,frame_00000.png,frame_00119.png,,,,0,decode失敗,QR未検出,0.000119,0.029557,0.646496,0.000766,,fourier,,,15.000000,8,fourier:fourier::None:15.0:8:None:binary:0
ex_B_4,frame_00000.png,frame_00119.png,,,,0,decode失敗,QR未検出,0.000119,0.029557,0.646496,0.000788,,fourier,,,15.000000,12,fourier:fourier::None:15.0:12:None:binary:0
ex_B_4,frame_00000.png,frame_00119.png,ex_B_4/rgb_max_fourier_f150_th4/00000-00119-FRAME_rgbmax_scale1.00.png,,,0,decode失敗,QR未検出,0.000119,0.029630,0.646500,0.000765,,fourier,,,29.992274,4,fourier:fourier::None:29.99227361657706:4:None:binary:0
ex_B_4,frame_00000.png,frame_00119.png,,,,0,decode失敗,QR未検出,0.000119,0.029557,0.646496,0.000766,,fourier,,,29.992274,8,fourier:fourier::None:29.99227361657706:8:None:binary:0
ex_B_4,frame_00000.png,frame_00119.png,,,,0,decode失敗,QR未検出,0.000119,0.029557,0.646496,0.000860,,fourier,,,29.992274,12,fourier:fourier::None:29.99227361657706:12:None:binary:0
ex_B_8,frame_00000.png,frame_00119.png,,,,0,decode失敗,QR未検出,0.000000,0.000000,0.647833,0.000000,,fourier,,,10.007726,4,fourier:fourier::None:10.007726383422941:4:None:binary:0
ex_B_8,frame_00000.png,frame_00119.png,,,,0,decode失敗,QR未検出,0.000000,0.000000,0.647833,0.000000,,fourier,,,10.007726,8,fourier:fourier::None:10.007726383422941:8:None:binary:0
ex_B_8,frame_00000.png,frame_00119.png,ex_B_8/rgb_max_fourier_f100_th12/00000-00119-FRAME_rgbmax_scale1.00.png,,,0,decode失敗,QR未検出,0.000000,0.000000,0.647833,0.000000,,fourier,,,10.007726,12,fourier:fourier::None:10.007726383422941:12:None:binary:0
ex_B_8,frame_00000.png,frame_00119.png,,,,0,decode失敗,QR未検出,0.000000,0.000000,0.647833,0.000000,,fourier,,,15.000000,4,fourier:fourier::None:15.0:4:None:binary:0
ex_B_8,frame_00000.png,frame_00119.png,,,,0,decode失敗,QR未検出,0.000000,0.000000,0.647833,0.000000,,fourier,,,15.000000,8,fourier:fourier::None:15.0:8:None:binary:0
ex_B_8,frame_00000.png,frame_00119.png,ex_B_8/rgb_max_fourier_f100_th12/00000-00119-FRAME_rgbmax_scale1.00.png,,,0,decode失敗,QR未検出,0.000000,0.000000,0.647833,0.000000,,fourier,,,15.000000,12,fourier:fourier::None:15.0:12:None:binary:0
ex_B_8,frame_00000.png,frame_00119.png,,,,0,decode失敗,QR未検出,0.000000,0.000000,0.647833,0.000000,,fourier,,,29.992274,4,fourier:fourier::None:29.99227361657706:4:None:binary:0
ex_B_8,frame_00000.png,frame_00119.png,,,,0,decode失敗,QR未検出,0.000000,0.000000,0.647833,0.000000,,fourier,,,29.992274,8,fourier:fourier::None:29.99227361657706:8:None:binary:0
ex_B_8,frame_00000.png,frame_00119.png,ex_B_8/rgb_max_fourier_f100_th12/00000-00119-FRAME_rgbmax_scale1.00.png,,,0,decode失敗,QR未検出,0.000000,0.000000,0.647833,0.000000,,fourier,,,29.992274,12,fourier:fourier::None:29.99227361657706:12:None:binary:0
ex_B_12,frame_00000.png,frame_00119.png,,,,0,decode失敗,QR未検出,0.000000,0.000000,0.647756,0.000113,,fourier,,,10.007726,4,fourier:fourier::None:10.007726383422941:4:None:binary:0
ex_B_12,frame_00000.png,frame_00119.png,ex_B_12/rgb_max_fourier_f300_th8/00000-00119-FRAME_rgbmax_scale1.00.png,,,0,decode失敗,QR未検出,0.000000,0.000000,0.647756,0.000113,,fourier,,,10.007726,8,fourier:fourier::None:10.007726383422941:8:None:binary:0
ex_B_12,frame_00000.png,frame_00119.png,,,,0,decode失敗,QR未検出,0.000000,0.000000,0.647756,0.000113,,fourier,,,10.007726,12,fourier:fourier::None:10.007726383422941:12:None:binary:0
ex_B_12,frame_00000.png,frame_00119.png,,,,0,decode失敗,QR未検出,0.000000,0.000000,0.647756,0.000113,,fourier,,,15.000000,4,fourier:fourier::None:15.0:4:None:binary:0
ex_B_12,frame_00000.png,frame_00119.png,ex_B_12/rgb_max_fourier_f300_th8/00000-00119-FRAME_rgbmax_scale1.00.png,,,0,decode失敗,QR未検出,0.000000,0.000000,0.647756,0.000113,,fourier,,,15.000000,8,fourier:fourier::None:15.0:8:None:binary:0
ex_B_12,frame_00000.png,frame_00119.png,,,,0,decode失敗,QR未検出,0.000000,0.000000,0.647756,0.000113,,fourier,,,15.000000,12,fourier:fourier::None:15.0:12:None:binary:0
ex_B_12,frame_00000.png,frame_00119.png,,,,0,decode失敗,QR未検出,0.000000,0.000000,0.647756,0.000113,,fourier,,,29.992274,4,fourier:fourier::None:29.99227361657706:4:None:binary:0
ex_B_12,frame_00000.png,frame_00119.png,ex_B_12/rgb_max_fourier_f300_th8/00000-00119-FRAME_rgbmax_scale1.00.png,,,0,decode失敗,QR未検出,0.000000,0.000000,0.647756,0.000113,,fourier,,,29.992274,8,fourier:fourier::None:29.99227361657706:8:None:binary:0
ex_B_12,frame_00000.png,frame_00119.png,,,,0,decode失敗,QR未検出,0.000000,0.000000,0.647747,0.000171,,fourier,,,29.992274,12,fourier:fourier::None:29.99227361657706:12:None:binary:0
rice_I_4,frame_00000.png,frame_00119.png,,,,0,decode失敗,QR未検出,0.000000,0.000000,0.647833,0.000672,,fourier,,,10.007726,4,fourier:fourier::None:10.007726383422941:4:None:binary:0
rice_I_4,frame_00000.png,frame_00119.png,,,,0,decode失敗,QR未検出,0.000000,0.000000,0.647833,0.000736,,fourier,,,10.007726,8,fourier:fourier::None:10.007726383422941:8:None:binary:0
rice_I_4,frame_00000.png,frame_00119.png,rice_I_4/rgb_max_fourier_f300_th12/00000-00119-FRAME_rgbmax_scale1.00.png,,,0,decode失敗,QR未検出,0.000000,0.000000,0.647833,0.000736,,fourier,,,10.007726,12,fourier:fourier::None:10.007726383422941:12:None:binary:0
rice_I_4,frame_00000.png,frame_00119.png,,,,0,decode失敗,QR未検出,0.000000,0.000000,0.647833,0.000672,,fourier,,,15.000000,4,fourier:fourier::None:15.0:4:None:binary:0
rice_I_4,frame_00000.png,frame_00119.png,,,,0,decode失敗,QR未検出,0.000000,0.000000,0.647833,0.000736,,fourier,,,15.000000,8,fourier:fourier::None:15.0:8:None:binary:0
rice_I_4,frame_00000.png,frame_00119.png,rice_I_4/rgb_max_fourier_f300_th12/00000-00119-FRAME_rgbmax_scale1.00.png,,,0,decode失敗,QR未検出,0.000000,0.000000,0.647833,0.000736,,fourier,,,15.000000,12,fourier:fourier::None:15.0:12:None:binary:0
rice_I_4,frame_00000.png,frame_00119.png,,,,0,decode失敗,QR未検出,0.000000,0.000000,0.647833,0.000672,,fourier,,,29.992274,4,fourier:fourier::None:29.99227361657706:4:None:binary:0
rice_I_4,frame_00000.png,frame_00119.png,,,,0,decode失敗,QR未検出,0.000000,0.000000,0.647833,0.000736,,fourier,,,29.992274,8,fourier:fourier::None:29.99227361657706:8:None:binary:0
rice_I_4,frame_00000.png,frame_00119.png,rice_I_4/rgb_max_fourier_f300_th12/00000-00119-FRAME_rgbmax_scale1.00.png,,,0,decode失敗,QR未検出,0.000030,0.600000,0.647837,0.000914,,fourier,,,29.992274,12,fourier:fourier::None:29.99227361657706:12:None:binary:0
rice_I_8,frame_00000.png,frame_00119.png,,,,0,decode失敗,QR未検出,0.000000,0.000000,0.647833,0.000408,,fourier,,,10.007726,4,fourier:fourier::None:10.007726383422941:4:None:binary:0
rice_I_8,frame_00000.png,frame_00119.png,,,,0,decode失敗,QR未検出,0.000000,0.000000,0.647833,0.000408,,fourier,,,10.007726,8,fourier:fourier::None:10.007726383422941:8:None:binary:0
rice_I_8,frame_00000.png,frame_00119.png,rice_I_8/rgb_max_fourier_f300_th12/00000-00119-FRAME_rgbmax_scale1.00.png,,,0,decode失敗,QR未検出,0.000000,0.000000,0.647833,0.000408,,fourier,,,10.007726,12,fourier:fourier::None:10.007726383422941:12:None:binary:0
rice_I_8,frame_00000.png,frame_00119.png,,,,0,decode失敗,QR未検出,0.000000,0.000000,0.647833,0.000408,,fourier,,,15.000000,4,fourier:fourier::None:15.0:4:None:binary:0
rice_I_8,frame_00000.png,frame_00119.png,,,,0,decode失敗,QR未検出,0.000000,0.000000,0.647833,0.000408,,fourier,,,15.000000,8,fourier:fourier::None:15.0:8:None:binary:0
rice_I_8,frame_00000.png,frame_00119.png,rice_I_8/rgb_max_fourier_f300_th12/00000-00119-FRAME_rgbmax_scale1.00.png,,,0,decode失敗,QR未検出,0.000000,0.000000,0.647833,0.000408,,fourier,,,15.000000,12,fourier:fourier::None:15.0:12:None:binary:0
rice_I_8,frame_00000.png,frame_00119.png,,,,0,decode失敗,QR未検出,0.000000,0.000000,0.647833,0.000408,,fourier,,,29.992274,4,fourier:fourier::None:29.99227361657706:4:None:binary:0
rice_I_8,frame_00000.png,frame_00119.png,,,,0,decode失敗,QR未検出,0.000000,0.000000,0.647833,0.000418,,fourier,,,29.992274,8,fourier:fourier::None:29.99227361657706:8:None:binary:0
rice_I_8,frame_00000.png,frame_00119.png,rice_I_8/rgb_max_fourier_f300_th12/00000-00119-FRAME_rgbmax_scale1.00.png,,,0,decode失敗,QR未検出,0.000000,0.000000,0.647833,0.000702,,fourier,,,29.992274,12,fourier:fourier::None:29.99227361657706:12:None:binary:0
rice_I_12,frame_00000.png,frame_00119.png,,,,0,decode失敗,QR未検出,0.000000,0.000000,0.647826,0.000440,,fourier,,,10.007726,4,fourier:fourier::None:10.007726383422941:4:None:binary:0
rice_I_12,frame_00000.png,frame_00119.png,rice_I_12/rgb_max_fourier_f300_th8/00000-00119-FRAME_rgbmax_scale1.00.png,,,0,decode失敗,QR未検出,0.000000,0.000000,0.647826,0.000440,,fourier,,,10.007726,8,fourier:fourier::None:10.007726383422941:8:None:binary:0
rice_I_12,frame_00000.png,frame_00119.png,,,,0,decode失敗,QR未検出,0.000000,0.000000,0.647826,0.000440,,fourier,,,10.007726,12,fourier:fourier::None:10.007726383422941:12:None:binary:0
rice_I_12,frame_00000.png,frame_00119.png,,,,0,decode失敗,QR未検出,0.000000,0.000000,0.647826,0.000440,,fourier,,,15.000000,4,fourier:fourier::None:15.0:4:None:binary:0
rice_I_12,frame_00000.png,frame_00119.png,rice_I_12/rgb_max_fourier_f300_th8/00000-00119-FRAME_rgbmax_scale1.00.png,,,0,decode失敗,QR未検出,0.000000,0.000000,0.647826,0.000440,,fourier,,,15.000000,8,fourier:fourier::None:15.0:8:None:binary:0
rice_I_12,frame_00000.png,frame_00119.png,,,,0,decode失敗,QR未検出,0.000000,0.000000,0.647826,0.000440,,fourier,,,15.000000,12,fourier:fourier::None:15.0:12:None:binary:0
rice_I_12,frame_00000.png,frame_00119.png,,,,0,decode失敗,QR未検出,0.000000,0.000000,0.647826,0.000440,,fourier,,,29.992274,4,fourier:fourier::None:29.99227361657706:4:None:binary:0
rice_I_12,frame_00000.png,frame_00119.png,rice_I_12/rgb_max_fourier_f300_th8/00000-00119-FRAME_rgbmax_scale1.00.png,,,0,decode失敗,QR未検出,0.000000,0.000000,0.647826,0.000440,,fourier,,,29.992274,8,fourier:fourier::None:29.99227361657706:8:None:binary:0
rice_I_12,frame_00000.png,frame_00119.png,,,,0,decode失敗,QR未検出,0.000000,0.000000,0.647816,0.000577,,fourier,,,29.992274,12,fourier:fourier::None:29.99227361657706:12:None:binary:0
nagaoka_fireworks_I_4,frame_00000.png,frame_00119.png,,,,0,decode失敗,QR未検出,0.000596,0.026218,0.640245,0.016636,,fourier,,,10.007726,4,fourier:fourier::None:10.007726383422941:4:None:binary:0
nagaoka_fireworks_I_4,frame_00000.png,frame_00119.png,nagaoka_fireworks_I_4/rgb_max_fourier_f150_th8/00000-00119-FRAME_rgbmax_scale1.00.png,,,0,decode失敗,QR未検出,0.000596,0.026218,0.640245,0.016636,,fourier,,,10.007726,8,fourier:fourier::None:10.007726383422941:8:None:binary:0
nagaoka_fireworks_I_4,frame_00000.png,frame_00119.png,,,,0,decode失敗,QR未検出,0.000596,0.026218,0.640245,0.017038,,fourier,,,10.007726,12,fourier:fourier::None:10.007726383422941:12:None:binary:0
nagaoka_fireworks_I_4,frame_00000.png,frame_00119.png,,,,0,decode失敗,QR未検出,0.000596,0.026218,0.640245,0.016636,,fourier,,,15.000000,4,fourier:fourier::None:15.0:4:None:binary:0
nagaoka_fireworks_I_4,frame_00000.png,frame_00119.png,nagaoka_fireworks_I_4/rgb_max_fourier_f150_th8/00000-00119-FRAME_rgbmax_scale1.00.png,,,0,decode失敗,QR未検出,0.000596,0.026218,0.640245,0.017038,,fourier,,,15.000000,8,fourier:fourier::None:15.0:8:None:binary:0
nagaoka_fireworks_I_4,frame_00000.png,frame_00119.png,,,,0,decode失敗,QR未検出,0.000596,0.026218,0.640245,0.017038,,fourier,,,15.000000,12,fourier:fourier::None:15.0:12:None:binary:0
nagaoka_fireworks_I_4,frame_00000.png,frame_00119.png,,,,0,decode失敗,QR未検出,0.000596,0.026218,0.640245,0.016844,,fourier,,,29.992274,4,fourier:fourier::None:29.99227361657706:4:None:binary:0
nagaoka_fireworks_I_4,frame_00000.png,frame_00119.png,nagaoka_fireworks_I_4/rgb_max_fourier_f150_th8/00000-00119-FRAME_rgbmax_scale1.00.png,,,0,decode失敗,QR未検出,0.000596,0.026013,0.640182,0.017586,,fourier,,,29.992274,8,fourier:fourier::None:29.99227361657706:8:None:binary:0
nagaoka_fireworks_I_4,frame_00000.png,frame_00119.png,,,,0,decode失敗,QR未検出,0.001133,0.039965,0.638649,0.020616,,fourier,,,29.992274,12,fourier:fourier::None:29.99227361657706:12:None:binary:0
nagaoka_fireworks_I_8,frame_00000.png,frame_00119.png,nagaoka_fireworks_I_8/rgb_max_fourier_f300_th4/00000-00119-FRAME_rgbmax_scale1.00.png,,,0,decode失敗,QR未検出,0.001431,0.058908,0.640287,0.015158,,fourier,,,10.007726,4,fourier:fourier::None:10.007726383422941:4:None:binary:0
nagaoka_fireworks_I_8,frame_00000.png,frame_00119.png,,,,0,decode失敗,QR未検出,0.001431,0.058382,0.640210,0.015599,,fourier,,,10.007726,8,fourier:fourier::None:10.007726383422941:8:None:binary:0
nagaoka_fireworks_I_8,frame_00000.png,frame_00119.png,,,,0,decode失敗,QR未検出,0.001570,0.063671,0.640255,0.015721,,fourier,,,10.007726,12,fourier:fourier::None:10.007726383422941:12:None:binary:0
nagaoka_fireworks_I_8,frame_00000.png,frame_00119.png,nagaoka_fireworks_I_8/rgb_max_fourier_f300_th4/00000-00119-FRAME_rgbmax_scale1.00.png,,,0,decode失敗,QR未検出,0.001431,0.058908,0.640287,0.015158,,fourier,,,15.000000,4,fourier:fourier::None:15.0:4:None:binary:0
nagaoka_fireworks_I_8,frame_00000.png,frame_00119.png,,,,0,decode失敗,QR未検出,0.001431,0.058382,0.640210,0.015606,,fourier,,,15.000000,8,fourier:fourier::None:15.0:8:None:binary:0
nagaoka_fireworks_I_8,frame_00000.png,frame_00119.png,,,,0,decode失敗,QR未検出,0.001431,0.058382,0.640210,0.015621,,fourier,,,15.000000,12,fourier:fourier::None:15.0:12:None:binary:0
nagaoka_fireworks_I_8,frame_00000.png,frame_00119.png,nagaoka_fireworks_I_8/rgb_max_fourier_f300_th4/00000-00119-FRAME_rgbmax_scale1.00.png,,,0,decode失敗,QR未検出,0.001431,0.058908,0.640287,0.015111,,fourier,,,29.992274,4,fourier:fourier::None:29.99227361657706:4:None:binary:0
nagaoka_fireworks_I_8,frame_00000.png,frame_00119.png,,,,0,decode失敗,QR未検出,0.001490,0.060618,0.640224,0.015652,,fourier,,,29.992274,8,fourier:fourier::None:29.99227361657706:8:None:binary:0
nagaoka_fireworks_I_8,frame_00000.png,frame_00119.png,,,,0,decode失敗,QR未検出,0.001505,0.055131,0.639277,0.017662,,fourier,,,29.992274,12,fourier:fourier::None:29.99227361657706:12:None:binary:0
nagaoka_fireworks_I_12,frame_00000.png,frame_00119.png,nagaoka_fireworks_I_12/rgb_max_fourier_f100_th4/00000-00119-FRAME_rgbmax_scale1.00.png,,,0,decode失敗,QR未検出,0.000000,0.000000,0.643314,0.014276,,fourier,,,10.007726,4,fourier:fourier::None:10.007726383422941:4:None:binary:0
nagaoka_fireworks_I_12,frame_00000.png,frame_00119.png,,,,0,decode失敗,QR未検出,0.000000,0.000000,0.643314,0.014276,,fourier,,,10.007726,8,fourier:fourier::None:10.007726383422941:8:None:binary:0
nagaoka_fireworks_I_12,frame_00000.png,frame_00119.png,,,,0,decode失敗,QR未検出,0.000000,0.000000,0.643314,0.014394,,fourier,,,10.007726,12,fourier:fourier::None:10.007726383422941:12:None:binary:0
nagaoka_fireworks_I_12,frame_00000.png,frame_00119.png,nagaoka_fireworks_I_12/rgb_max_fourier_f100_th4/00000-00119-FRAME_rgbmax_scale1.00.png,,,0,decode失敗,QR未検出,0.000000,0.000000,0.643314,0.014276,,fourier,,,15.000000,4,fourier:fourier::None:15.0:4:None:binary:0
nagaoka_fireworks_I_12,frame_00000.png,frame_00119.png,,,,0,decode失敗,QR未検出,0.000000,0.000000,0.643314,0.014394,,fourier,,,15.000000,8,fourier:fourier::None:15.0:8:None:binary:0
nagaoka_fireworks_I_12,frame_00000.png,frame_00119.png,,,,0,decode失敗,QR未検出,0.000000,0.000000,0.643314,0.014394,,fourier,,,15.000000,12,fourier:fourier::None:15.0:12:None:binary:0
nagaoka_fireworks_I_12,frame_00000.png,frame_00119.png,nagaoka_fireworks_I_12/rgb_max_fourier_f100_th4/00000-00119-FRAME_rgbmax_scale1.00.png,,,0,decode失敗,QR未検出,0.000000,0.000000,0.643314,0.014276,,fourier,,,29.992274,4,fourier:fourier::None:29.99227361657706:4:None:binary:0
nagaoka_fireworks_I_12,frame_00000.png,frame_00119.png,,,,0,decode失敗,QR未検出,0.000000,0.000000,0.643314,0.014726,,fourier,,,29.992274,8,fourier:fourier::None:29.99227361657706:8:None:binary:0
nagaoka_fireworks_I_12,frame_00000.png,frame_00119.png,,,,0,decode失敗,QR未検出,0.000020,0.001347,0.642651,0.017632,,fourier,,,29.992274,12,fourier:fourier::None:29.99227361657706:12:None:binary:0
hocho_I_4,frame_00000.png,frame_00119.png,,,,0,decode失敗,QR未検出,0.000000,0.000000,0.647833,0.000715,,fourier,,,10.007726,4,fourier:fourier::None:10.007726383422941:4:None:binary:0
hocho_I_4,frame_00000.png,frame_00119.png,,,,0,decode失敗,QR未検出,0.000000,0.000000,0.647833,0.000715,,fourier,,,10.007726,8,fourier:fourier::None:10.007726383422941:8:None:binary:0
hocho_I_4,frame_00000.png,frame_00119.png,hocho_I_4/rgb_max_fourier_f300_th12/00000-00119-FRAME_rgbmax_scale1.00.png,,,0,decode失敗,QR未検出,0.000000,0.000000,0.647833,0.000715,,fourier,,,10.007726,12,fourier:fourier::None:10.007726383422941:12:None:binary:0
hocho_I_4,frame_00000.png,frame_00119.png,,,,0,decode失敗,QR未検出,0.000000,0.000000,0.647833,0.000715,,fourier,,,15.000000,4,fourier:fourier::None:15.0:4:None:binary:0
hocho_I_4,frame_00000.png,frame_00119.png,,,,0,decode失敗,QR未検出,0.000000,0.000000,0.647833,0.000715,,fourier,,,15.000000,8,fourier:fourier::None:15.0:8:None:binary:0
hocho_I_4,frame_00000.png,frame_00119.png,hocho_I_4/rgb_max_fourier_f300_th12/00000-00119-FRAME_rgbmax_scale1.00.png,,,0,decode失敗,QR未検出,0.000000,0.000000,0.647833,0.000717,,fourier,,,15.000000,12,fourier:fourier::None:15.0:12:None:binary:0
hocho_I_4,frame_00000.png,frame_00119.png,,,,0,decode失敗,QR未検出,0.000000,0.000000,0.647833,0.000715,,fourier,,,29.992274,4,fourier:fourier::None:29.99227361657706:4:None:binary:0
hocho_I_4,frame_00000.png,frame_00119.png,,,,0,decode失敗,QR未検出,0.000000,0.000000,0.647833,0.000718,,fourier,,,29.992274,8,fourier:fourier::None:29.99227361657706:8:None:binary:0
hocho_I_4,frame_00000.png,frame_00119.png,hocho_I_4/rgb_max_fourier_f300_th12/00000-00119-FRAME_rgbmax_scale1.00.png,,,0,decode失敗,QR未検出,0.000015,1.000000,0.647838,0.000923,,fourier,,,29.992274,12,fourier:fourier::None:29.99227361657706:12:None:binary:0
hocho_I_8,frame_00000.png,frame_00119.png,hocho_I_8/rgb_max_fourier_f100_th4/00000-00119-FRAME_rgbmax_scale1.00.png,,,0,decode失敗,QR未検出,0.000000,0.000000,0.647833,0.000456,,fourier,,,10.007726,4,fourier:fourier::None:10.007726383422941:4:None:binary:0
hocho_I_8,frame_00000.png,frame_00119.png,,,,0,decode失敗,QR未検出,0.000000,0.000000,0.647833,0.000456,,fourier,,,10.007726,8,fourier:fourier::None:10.007726383422941:8:None:binary:0
hocho_I_8,frame_00000.png,frame_00119.png,,,,0,decode失敗,QR未検出,0.000000,0.000000,0.647833,0.000462,,fourier,,,10.007726,12,fourier:fourier::None:10.007726383422941:12:None:binary:0
hocho_I_8,frame_00000.png,frame_00119.png,hocho_I_8/rgb_max_fourier_f100_th4/00000-00119-FRAME_rgbmax_scale1.00.png,,,0,decode失敗,QR未検出,0.000000,0.000000,0.647833,0.000456,,fourier,,,15.000000,4,fourier:fourier::None:15.0:4:None:binary:0
hocho_I_8,frame_00000.png,frame_00119.png,,,,0,decode失敗,QR未検出,0.000000,0.000000,0.647833,0.000462,,fourier,,,15.000000,8,fourier:fourier::None:15.0:8:None:binary:0
hocho_I_8,frame_00000.png,frame_00119.png,,,,0,decode失敗,QR未検出,0.000000,0.000000,0.647833,0.000462,,fourier,,,15.000000,12,fourier:fourier::None:15.0:12:None:binary:0
hocho_I_8,frame_00000.png,frame_00119.png,hocho_I_8/rgb_max_fourier_f100_th4/00000-00119-FRAME_rgbmax_scale1.00.png,,,0,decode失敗,QR未検出,0.000000,0.000000,0.647833,0.000457,,fourier,,,29.992274,4,fourier:fourier::None:29.99227361657706:4:None:binary:0
hocho_I_8,frame_00000.png,frame_00119.png,,,,0,decode失敗,QR未検出,0.000000,0.000000,0.647833,0.000464,,fourier,,,29.992274,8,fourier:fourier::None:29.99227361657706:8:None:binary:0
hocho_I_8,frame_00000.png,frame_00119.png,,,,0,decode失敗,QR未検出,0.000000,0.000000,0.647798,0.000605,,fourier,,,29.992274,12,fourier:fourier::None:29.99227361657706:12:None:binary:0
hocho_I_12,frame_00000.png,frame_00119.png,,,,0,decode失敗,QR未検出,0.000000,0.000000,0.647833,0.000786,,fourier,,,10.007726,4,fourier:fourier::None:10.007726383422941:4:None:binary:0
hocho_I_12,frame_00000.png,frame_00119.png,hocho_I_12/rgb_max_fourier_f300_th8/00000-00119-FRAME_rgbmax_scale1.00.png,,,0,decode失敗,QR未検出,0.000000,0.000000,0.647833,0.000786,,fourier,,,10.007726,8,fourier:fourier::None:10.007726383422941:8:None:binary:0
hocho_I_12,frame_00000.png,frame_00119.png,,,,0,decode失敗,QR未検出,0.000000,0.000000,0.647833,0.000786,,fourier,,,10.007726,12,fourier:fourier::None:10.007726383422941:12:None:binary:0
hocho_I_12,frame_00000.png,frame_00119.png,,,,0,decode失敗,QR未検出,0.000000,0.000000,0.647833,0.000786,,fourier,,,15.000000,4,fourier:fourier::None:15.0:4:None:binary:0
hocho_I_12,frame_00000.png,frame_00119.png,hocho_I_12/rgb_max_fourier_f300_th8/00000-00119-FRAME_rgbmax_scale1.00.png,,,0,decode失敗,QR未検出,0.000000,0.000000,0.647833,0.000794,,fourier,,,15.000000,8,fourier:fourier::None:15.0:8:None:binary:0
hocho_I_12,frame_00000.png,frame_00119.png,,,,0,decode失敗,QR未検出,0.000000,0.000000,0.647833,0.000794,,fourier,,,15.000000,12,fourier:fourier::None:15.0:12:None:binary:0
hocho_I_12,frame_00000.png,frame_00119.png,,,,0,decode失敗,QR未検出,0.000000,0.000000,0.647833,0.000786,,fourier,,,29.992274,4,fourier:fourier::None:29.99227361657706:4:None:binary:0
hocho_I_12,frame_00000.png,frame_00119.png,hocho_I_12/rgb_max_fourier_f300_th8/00000-00119-FRAME_rgbmax_scale1.00.png,,,0,decode失敗,QR未検出,0.000000,0.000000,0.647833,0.000788,,fourier,,,29.992274,8,fourier:fourier::None:29.99227361657706:8:None:binary:0
hocho_I_12,frame_00000.png,frame_00119.png,,,,0,decode失敗,QR未検出,0.000000,0.000000,0.647812,0.000816,,fourier,,,29.992274,12,fourier:fourier::None:29.99227361657706:12:None:binary:0
ex_I_4,frame_00000.png,frame_00119.png,ex_I_4/rgb_max_fourier_f100_th4/00000-00119-FRAME_rgbmax_scale1.00.png,,,0,decode失敗,QR未検出,0.000219,0.135802,0.647420,0.000363,,fourier,,,10.007726,4,fourier:fourier::None:10.007726383422941:4:None:binary:0
ex_I_4,frame_00000.png,frame_00119.png,,,,0,decode失敗,QR未検出,0.000219,0.135802,0.647420,0.000363,,fourier,,,10.007726,8,fourier:fourier::None:10.007726383422941:8:None:binary:0
ex_I_4,frame_00000.png,frame_00119.png,,,,0,decode失敗,QR未検出,0.000219,0.104762,0.647252,0.000447,,fourier,,,10.007726,12,fourier:fourier::None:10.007726383422941:12:None:binary:0
ex_I_4,frame_00000.png,frame_00119.png,ex_I_4/rgb_max_fourier_f100_th4/00000-00119-FRAME_rgbmax_scale1.00.png,,,0,decode失敗,QR未検出,0.000219,0.135802,0.647420,0.000363,,fourier,,,15.000000,4,fourier:fourier::None:15.0:4:None:binary:0
ex_I_4,frame_00000.png,frame_00119.png,,,,0,decode失敗,QR未検出,0.000219,0.135802,0.647420,0.000363,,fourier,,,15.000000,8,fourier:fourier::None:15.0:8:None:binary:0
ex_I_4,frame_00000.png,frame_00119.png,,,,0,decode失敗,QR未検出,0.000219,0.104762,0.647252,0.000447,,fourier,,,15.000000,12,fourier:fourier::None:15.0:12:None:binary:0
ex_I_4,frame_00000.png,frame_00119.png,ex_I_4/rgb_max_fourier_f100_th4/00000-00119-FRAME_rgbmax_scale1.00.png,,,0,decode失敗,QR未検出,0.000219,0.135802,0.647420,0.000363,,fourier,,,29.992274,4,fourier:fourier::None:29.99227361657706:4:None:binary:0
ex_I_4,frame_00000.png,frame_00119.png,,,,0,decode失敗,QR未検出,0.000219,0.104762,0.647252,0.000447,,fourier,,,29.992274,8,fourier:fourier::None:29.99227361657706:8:None:binary:0
ex_I_4,frame_00000.png,frame_00119.png,,,,0,decode失敗,QR未検出,0.000219,0.095032,0.647177,0.000485,,fourier,,,29.992274,12,fourier:fourier::None:29.99227361657706:12:None:binary:0
ex_I_8,frame_00000.png,frame_00119.png,,,,0,decode失敗,QR未検出,0.000050,0.041152,0.647443,0.000205,,fourier,,,10.007726,4,fourier:fourier::None:10.007726383422941:4:None:binary:0
ex_I_8,frame_00000.png,frame_00119.png,,,,0,decode失敗,QR未検出,0.000050,0.041152,0.647443,0.000205,,fourier,,,10.007726,8,fourier:fourier::None:10.007726383422941:8:None:binary:0
ex_I_8,frame_00000.png,frame_00119.png,ex_I_8/rgb_max_fourier_f100_th12/00000-00119-FRAME_rgbmax_scale1.00.png,,,0,decode失敗,QR未検出,0.000050,0.041152,0.647443,0.000205,,fourier,,,10.007726,12,fourier:fourier::None:10.007726383422941:12:None:binary:0
ex_I_8,frame_00000.png,frame_00119.png,,,,0,decode失敗,QR未検出,0.000050,0.041152,0.647443,0.000205,,fourier,,,15.000000,4,fourier:fourier::None:15.0:4:None:binary:0
ex_I_8,frame_00000.png,frame_00119.png,,,,0,decode失敗,QR未検出,0.000050,0.041152,0.647443,0.000205,,fourier,,,15.000000,8,fourier:fourier::None:15.0:8:None:binary:0
ex_I_8,frame_00000.png,frame_00119.png,ex_I_8/rgb_max_fourier_f100_th12/00000-00119-FRAME_rgbmax_scale1.00.png,,,0,decode失敗,QR未検出,0.000050,0.041152,0.647443,0.000205,,fourier,,,15.000000,12,fourier:fourier::None:15.0:12:None:binary:0
ex_I_8,frame_00000.png,frame_00119.png,,,,0,decode失敗,QR未検出,0.000050,0.041152,0.647443,0.000205,,fourier,,,29.992274,4,fourier:fourier::None:29.99227361657706:4:None:binary:0
ex_I_8,frame_00000.png,frame_00119.png,,,,0,decode失敗,QR未検出,0.000050,0.041152,0.647443,0.000205,,fourier,,,29.992274,8,fourier:fourier::None:29.99227361657706:8:None:binary:0
ex_I_8,frame_00000.png,frame_00119.png,ex_I_8/rgb_max_fourier_f100_th12/00000-00119-FRAME_rgbmax_scale1.00.png,,,0,decode失敗,QR未検出,0.000050,0.036900,0.647394,0.000230,,fourier,,,29.992274,12,fourier:fourier::None:29.99227361657706:12:None:binary:0
ex_I_12,frame_00000.png,frame_00119.png,ex_I_12/rgb_max_fourier_f150_th4/00000-00119-FRAME_rgbmax_scale1.00.png,,,0,decode失敗,QR未検出,0.000000,0.000000,0.646848,0.000523,,fourier,,,10.007726,4,fourier:fourier::None:10.007726383422941:4:None:binary:0
ex_I_12,frame_00000.png,frame_00119.png,,,,0,decode失敗,QR未検出,0.000000,0.000000,0.646848,0.000525,,fourier,,,10.007726,8,fourier:fourier::None:10.007726383422941:8:None:binary:0
ex_I_12,frame_00000.png,frame_00119.png,,,,0,decode失敗,QR未検出,0.000000,0.000000,0.646848,0.000525,,fourier,,,10.007726,12,fourier:fourier::None:10.007726383422941:12:None:binary:0
ex_I_12,frame_00000.png,frame_00119.png,ex_I_12/rgb_max_fourier_f150_th4/00000-00119-FRAME_rgbmax_scale1.00.png,,,0,decode失敗,QR未検出,0.000000,0.000000,0.646848,0.000523,,fourier,,,15.000000,4,fourier:fourier::None:15.0:4:None:binary:0
ex_I_12,frame_00000.png,frame_00119.png,,,,0,decode失敗,QR未検出,0.000000,0.000000,0.646848,0.000525,,fourier,,,15.000000,8,fourier:fourier::None:15.0:8:None:binary:0
ex_I_12,frame_00000.png,frame_00119.png,,,,0,decode失敗,QR未検出,0.000000,0.000000,0.646848,0.000525,,fourier,,,15.000000,12,fourier:fourier::None:15.0:12:None:binary:0
ex_I_12,frame_00000.png,frame_00119.png,ex_I_12/rgb_max_fourier_f150_th4/00000-00119-FRAME_rgbmax_scale1.00.png,,,0,decode失敗,QR未検出,0.000000,0.000000,0.646848,0.000523,,fourier,,,29.992274,4,fourier:fourier::None:29.99227361657706:4:None:binary:0
ex_I_12,frame_00000.png,frame_00119.png,,,,0,decode失敗,QR未検出,0.000000,0.000000,0.646848,0.000632,,fourier,,,29.992274,8,fourier:fourier::None:29.99227361657706:8:None:binary:0
ex_I_12,frame_00000.png,frame_00119.png,,,,0,decode失敗,QR未検出,0.000000,0.000000,0.646738,0.000810,,fourier,,,29.992274,12,fourier:fourier::None:29.99227361657706:12:None:binary:0
rice_X_4,frame_00000.png,frame_00119.png,,,,0,decode失敗,QR未検出,0.000000,0.000000,0.647833,0.000067,,fourier,,,10.007726,4,fourier:fourier::None:10.007726383422941:4:None:binary:0
rice_X_4,frame_00000.png,frame_00119.png,,,,0,decode失敗,QR未検出,0.000000,0.000000,0.647833,0.000067,,fourier,,,10.007726,8,fourier:fourier::None:10.007726383422941:8:None:binary:0
rice_X_4,frame_00000.png,frame_00119.png,rice_X_4/rgb_max_fourier_f150_th12/00000-00119-FRAME_rgbmax_scale1.00.png,,,0,decode失敗,QR未検出,0.000000,0.000000,0.647833,0.000067,,fourier,,,10.007726,12,fourier:fourier::None:10.007726383422941:12:None:binary:0
rice_X_4,frame_00000.png,frame_00119.png,,,,0,decode失敗,QR未検出,0.000000,0.000000,0.647833,0.000067,,fourier,,,15.000000,4,fourier:fourier::None:15.0:4:None:binary:0
rice_X_4,frame_00000.png,frame_00119.png,,,,0,decode失敗,QR未検出,0.000000,0.000000,0.647833,0.000067,,fourier,,,15.000000,8,fourier:fourier::None:15.0:8:None:binary:0
rice_X_4,frame_00000.png,frame_00119.png,rice_X_4/rgb_max_fourier_f150_th12/00000-00119-FRAME_rgbmax_scale1.00.png,,,0,decode失敗,QR未検出,0.000000,0.000000,0.647833,0.000067,,fourier,,,15.000000,12,fourier:fourier::None:15.0:12:None:binary:0
rice_X_4,frame_00000.png,frame_00119.png,,,,0,decode失敗,QR未検出,0.000000,0.000000,0.647833,0.000067,,fourier,,,29.992274,4,fourier:fourier::None:29.99227361657706:4:None:binary:0
rice_X_4,frame_00000.png,frame_00119.png,,,,0,decode失敗,QR未検出,0.000000,0.000000,0.647833,0.000067,,fourier,,,29.992274,8,fourier:fourier::None:29.99227361657706:8:None:binary:0
rice_X_4,frame_00000.png,frame_00119.png,rice_X_4/rgb_max_fourier_f150_th12/00000-00119-FRAME_rgbmax_scale1.00.png,,,0,decode失敗,QR未検出,0.000000,0.000000,0.647833,0.000208,,fourier,,,29.992274,12,fourier:fourier::None:29.99227361657706:12:None:binary:0
rice_X_8,frame_00000.png,frame_00119.png,,,,0,decode失敗,QR未検出,0.000000,0.000000,0.647833,0.000128,,fourier,,,10.007726,4,fourier:fourier::None:10.007726383422941:4:None:binary:0
rice_X_8,frame_00000.png,frame_00119.png,rice_X_8/rgb_max_fourier_f100_th8/00000-00119-FRAME_rgbmax_scale1.00.png,,,0,decode失敗,QR未検出,0.000000,0.000000,0.647833,0.000128,,fourier,,,10.007726,8,fourier:fourier::None:10.007726383422941:8:None:binary:0
rice_X_8,frame_00000.png,frame_00119.png,,,,0,decode失敗,QR未検出,0.000000,0.000000,0.647833,0.000159,,fourier,,,10.007726,12,fourier:fourier::None:10.007726383422941:12:None:binary:0
rice_X_8,frame_00000.png,frame_00119.png,,,,0,decode失敗,QR未検出,0.000000,0.000000,0.647833,0.000108,,fourier,,,15.000000,4,fourier:fourier::None:15.0:4:None:binary:0
rice_X_8,frame_00000.png,frame_00119.png,rice_X_8/rgb_max_fourier_f100_th8/00000-00119-FRAME_rgbmax_scale1.00.png,,,0,decode失敗,QR未検出,0.000000,0.000000,0.647833,0.000108,,fourier,,,15.000000,8,fourier:fourier::None:15.0:8:None:binary:0
rice_X_8,frame_00000.png,frame_00119.png,,,,0,decode失敗,QR未検出,0.000000,0.000000,0.647833,0.000108,,fourier,,,15.000000,12,fourier:fourier::None:15.0:12:None:binary:0
rice_X_8,frame_00000.png,frame_00119.png,,,,0,decode失敗,QR未検出,0.000000,0.000000,0.647833,0.000108,,fourier,,,29.992274,4,fourier:fourier::None:29.99227361657706:4:None:binary:0
rice_X_8,frame_00000.png,frame_00119.png,rice_X_8/rgb_max_fourier_f100_th8/00000-00119-FRAME_rgbmax_scale1.00.png,,,0,decode失敗,QR未検出,0.000000,0.000000,0.647833,0.000108,,fourier,,,29.992274,8,fourier:fourier::None:29.99227361657706:8:None:binary:0
rice_X_8,frame_00000.png,frame_00119.png,,,,0,decode失敗,QR未検出,0.000000,0.000000,0.647833,0.000569,,fourier,,,29.992274,12,fourier:fourier::None:29.99227361657706:12:None:binary:0
rice_X_12,frame_00000.png,frame_00119.png,rice_X_12/rgb_max_fourier_f300_th4/00000-00119-FRAME_rgbmax_scale1.00.png,,,0,decode失敗,QR未検出,0.000000,0.000000,0.647833,0.000178,,fourier,,,10.007726,4,fourier:fourier::None:10.007726383422941:4:None:binary:0
rice_X_12,frame_00000.png,frame_00119.png,,,,0,decode失敗,QR未検出,0.000000,0.000000,0.647833,0.000178,,fourier,,,10.007726,8,fourier:fourier::None:10.007726383422941:8:None:binary:0
rice_X_12,frame_00000.png,frame_00119.png,,,,0,decode失敗,QR未検出,0.000000,0.000000,0.647833,0.000255,,fourier,,,10.007726,12,fourier:fourier::None:10.007726383422941:12:None:binary:0
rice_X_12,frame_00000.png,frame_00119.png,rice_X_12/rgb_max_fourier_f300_th4/00000-00119-FRAME_rgbmax_scale1.00.png,,,0,decode失敗,QR未検出,0.000000,0.000000,0.647833,0.000178,,fourier,,,15.000000,4,fourier:fourier::None:15.0:4:None:binary:0
rice_X_12,frame_00000.png,frame_00119.png,,,,0,decode失敗,QR未検出,0.000000,0.000000,0.647833,0.000255,,fourier,,,15.000000,8,fourier:fourier::None:15.0:8:None:binary:0
rice_X_12,frame_00000.png,frame_00119.png,,,,0,decode失敗,QR未検出,0.000000,0.000000,0.647833,0.000255,,fourier,,,15.000000,12,fourier:fourier::None:15.0:12:None:binary:0
rice_X_12,frame_00000.png,frame_00119.png,rice_X_12/rgb_max_fourier_f300_th4/00000-00119-FRAME_rgbmax_scale1.00.png,,,0,decode失敗,QR未検出,0.000000,0.000000,0.647833,0.000178,,fourier,,,29.992274,4,fourier:fourier::None:29.99227361657706:4:None:binary:0
rice_X_12,frame_00000.png,frame_00119.png,,,,0,decode失敗,QR未検出,0.000000,0.000000,0.647833,0.000258,,fourier,,,29.992274,8,fourier:fourier::None:29.99227361657706:8:None:binary:0
rice_X_12,frame_00000.png,frame_00119.png,,,,0,decode失敗,QR未検出,0.000000,0.000000,0.647833,0.000370,,fourier,,,29.992274,12,fourier:fourier::None:29.99227361657706:12:None:binary:0
nagaoka_fireworks_X_4,frame_00000.png,frame_00119.png,,,,0,decode失敗,QR未検出,0.000864,0.037251,0.640269,0.018253,,fourier,,,10.007726,4,fourier:fourier::None:10.007726383422941:4:None:binary:0
nagaoka_fireworks_X_4,frame_00000.png,frame_00119.png,nagaoka_fireworks_X_4/rgb_max_fourier_f100_th8/00000-00119-FRAME_rgbmax_scale1.00.png,,,0,decode失敗,QR未検出,0.000864,0.037251,0.640269,0.018253,,fourier,,,10.007726,8,fourier:fourier::None:10.007726383422941:8:None:binary:0
nagaoka_fireworks_X_4,frame_00000.png,frame_00119.png,,,,0,decode失敗,QR未検出,0.000864,0.034954,0.639732,0.018748,,fourier,,,10.007726,12,fourier:fourier::None:10.007726383422941:12:None:binary:0
nagaoka_fireworks_X_4,frame_00000.png,frame_00119.png,,,,0,decode失敗,QR未検出,0.000864,0.037251,0.640269,0.018253,,fourier,,,15.000000,4,fourier:fourier::None:15.0:4:None:binary:0
nagaoka_fireworks_X_4,frame_00000.png,frame_00119.png,nagaoka_fireworks_X_4/rgb_max_fourier_f100_th8/00000-00119-FRAME_rgbmax_scale1.00.png,,,0,decode失敗,QR未検出,0.000864,0.037251,0.640269,0.018253,,fourier,,,15.000000,8,fourier:fourier::None:15.0:8:None:binary:0
nagaoka_fireworks_X_4,frame_00000.png,frame_00119.png,,,,0,decode失敗,QR未検出,0.000864,0.034510,0.639620,0.018804,,fourier,,,15.000000,12,fourier:fourier::None:15.0:12:None:binary:0
nagaoka_fireworks_X_4,frame_00000.png,frame_00119.png,,,,0,decode失敗,QR未検出,0.000864,0.037251,0.640269,0.018310,,fourier,,,29.992274,4,fourier:fourier::None:29.99227361657706:4:None:binary:0
nagaoka_fireworks_X_4,frame_00000.png,frame_00119.png,nagaoka_fireworks_X_4/rgb_max_fourier_f100_th8/00000-00119-FRAME_rgbmax_scale1.00.png,,,0,decode失敗,QR未検出,0.000864,0.034675,0.639662,0.019482,,fourier,,,29.992274,8,fourier:fourier::None:29.99227361657706:8:None:binary:0
nagaoka_fireworks_X_4,frame_00000.png,frame_00119.png,,,,0,decode失敗,QR未検出,0.001630,0.050384,0.637591,0.023980,,fourier,,,29.992274,12,fourier:fourier::None:29.99227361657706:12:None:binary:0
nagaoka_fireworks_X_8,frame_00000.png,frame_00119.png,nagaoka_fireworks_X_8/rgb_max_fourier_f150_th4/00000-00119-FRAME_rgbmax_scale1.00.png,,,0,decode失敗,QR未検出,0.003011,0.379699,0.647161,0.015638,,fourier,,,10.007726,4,fourier:fourier::None:10.007726383422941:4:None:binary:0
nagaoka_fireworks_X_8,frame_00000.png,frame_00119.png,,,,0,decode失敗,QR未検出,0.003011,0.379699,0.647161,0.015638,,fourier,,,10.007726,8,fourier:fourier::None:10.007726383422941:8:None:binary:0
nagaoka_fireworks_X_8,frame_00000.png,frame_00119.png,,,,0,decode失敗,QR未検出,0.003011,0.379699,0.647161,0.015801,,fourier,,,10.007726,12,fourier:fourier::None:10.007726383422941:12:None:binary:0
nagaoka_fireworks_X_8,frame_00000.png,frame_00119.png,nagaoka_fireworks_X_8/rgb_max_fourier_f150_th4/00000-00119-FRAME_rgbmax_scale1.00.png,,,0,decode失敗,QR未検出,0.003011,0.379699,0.647161,0.015638,,fourier,,,15.000000,4,fourier:fourier::None:15.0:4:None:binary:0
nagaoka_fireworks_X_8,frame_00000.png,frame_00119.png,,,,0,decode失敗,QR未検出,0.003011,0.379699,0.647161,0.015801,,fourier,,,15.000000,8,fourier:fourier::None:15.0:8:None:binary:0
nagaoka_fireworks_X_8,frame_00000.png,frame_00119.png,,,,0,decode失敗,QR未検出,0.003011,0.379699,0.647161,0.015801,,fourier,,,15.000000,12,fourier:fourier::None:15.0:12:None:binary:0
nagaoka_fireworks_X_8,frame_00000.png,frame_00119.png,nagaoka_fireworks_X_8/rgb_max_fourier_f150_th4/00000-00119-FRAME_rgbmax_scale1.00.png,,,0,decode失敗,QR未検出,0.003011,0.379699,0.647161,0.015638,,fourier,,,29.992274,4,fourier:fourier::None:29.99227361657706:4:None:binary:0
nagaoka_fireworks_X_8,frame_00000.png,frame_00119.png,,,,0,decode失敗,QR未検出,0.003011,0.362874,0.647032,0.015953,,fourier,,,29.992274,8,fourier:fourier::None:29.99227361657706:8:None:binary:0
nagaoka_fireworks_X_8,frame_00000.png,frame_00119.png,,,,0,decode失敗,QR未検出,0.003011,0.290230,0.646300,0.018305,,fourier,,,29.992274,12,fourier:fourier::None:29.99227361657706:12:None:binary:0
nagaoka_fireworks_X_12,frame_00000.png,frame_00119.png,nagaoka_fireworks_X_12/rgb_max_fourier_f150_th4/00000-00119-FRAME_rgbmax_scale1.00.png,,,0,decode失敗,QR未検出,0.000000,0.000000,0.645424,0.018116,,fourier,,,10.007726,4,fourier:fourier::None:10.007726383422941:4:None:binary:0
nagaoka_fireworks_X_12,frame_00000.png,frame_00119.png,,,,0,decode失敗,QR未検出,0.000000,0.000000,0.645340,0.018786,,fourier,,,10.007726,8,fourier:fourier::None:10.007726383422941:8:None:binary:0
nagaoka_fireworks_X_12,frame_00000.png,frame_00119.png,,,,0,decode失敗,QR未検出,0.000000,0.000000,0.645340,0.018786,,fourier,,,10.007726,12,fourier:fourier::None:10.007726383422941:12:None:binary:0
nagaoka_fireworks_X_12,frame_00000.png,frame_00119.png,nagaoka_fireworks_X_12/rgb_max_fourier_f150_th4/00000-00119-FRAME_rgbmax_scale1.00.png,,,0,decode失敗,QR未検出,0.000000,0.000000,0.645424,0.018116,,fourier,,,15.000000,4,fourier:fourier::None:15.0:4:None:binary:0
nagaoka_fireworks_X_12,frame_00000.png,frame_00119.png,,,,0,decode失敗,QR未検出,0.000000,0.000000,0.645424,0.018172,,fourier,,,15.000000,8,fourier:fourier::None:15.0:8:None:binary:0
nagaoka_fireworks_X_12,frame_00000.png,frame_00119.png,,,,0,decode失敗,QR未検出,0.000000,0.000000,0.645340,0.018786,,fourier,,,15.000000,12,fourier:fourier::None:15.0:12:None:binary:0
nagaoka_fireworks_X_12,frame_00000.png,frame_00119.png,nagaoka_fireworks_X_12/rgb_max_fourier_f150_th4/00000-00119-FRAME_rgbmax_scale1.00.png,,,0,decode失敗,QR未検出,0.000000,0.000000,0.645424,0.018158,,fourier,,,29.992274,4,fourier:fourier::None:29.99227361657706:4:None:binary:0
nagaoka_fireworks_X_12,frame_00000.png,frame_00119.png,,,,0,decode失敗,QR未検出,0.000000,0.000000,0.645340,0.019076,,fourier,,,29.992274,8,fourier:fourier::None:29.99227361657706:8:None:binary:0
nagaoka_fireworks_X_12,frame_00000.png,frame_00119.png,,,,0,decode失敗,QR未検出,0.000000,0.000000,0.644656,0.021921,,fourier,,,29.992274,12,fourier:fourier::None:29.99227361657706:12:None:binary:0
hocho_X_4,frame_00000.png,frame_00119.png,,,,0,decode失敗,QR未検出,0.000000,0.000000,0.647767,0.001089,,fourier,,,10.007726,4,fourier:fourier::None:10.007726383422941:4:None:binary:0
hocho_X_4,frame_00000.png,frame_00119.png,hocho_X_4/rgb_max_fourier_f150_th8/00000-00119-FRAME_rgbmax_scale1.00.png,,,0,decode失敗,QR未検出,0.000000,0.000000,0.647767,0.001097,,fourier,,,10.007726,8,fourier:fourier::None:10.007726383422941:8:None:binary:0
hocho_X_4,frame_00000.png,frame_00119.png,,,,0,decode失敗,QR未検出,0.000000,0.000000,0.647767,0.001097,,fourier,,,10.007726,12,fourier:fourier::None:10.007726383422941:12:None:binary:0
hocho_X_4,frame_00000.png,frame_00119.png,,,,0,decode失敗,QR未検出,0.000000,0.000000,0.647767,0.001089,,fourier,,,15.000000,4,fourier:fourier::None:15.0:4:None:binary:0
hocho_X_4,frame_00000.png,frame_00119.png,hocho_X_4/rgb_max_fourier_f150_th8/00000-00119-FRAME_rgbmax_scale1.00.png,,,0,decode失敗,QR未検出,0.000000,0.000000,0.647767,0.001089,,fourier,,,15.000000,8,fourier:fourier::None:15.0:8:None:binary:0
hocho_X_4,frame_00000.png,frame_00119.png,,,,0,decode失敗,QR未検出,0.000000,0.000000,0.647767,0.001097,,fourier,,,15.000000,12,fourier:fourier::None:15.0:12:None:binary:0
hocho_X_4,frame_00000.png,frame_00119.png,,,,0,decode失敗,QR未検出,0.000000,0.000000,0.647767,0.001089,,fourier,,,29.992274,4,fourier:fourier::None:29.99227361657706:4:None:binary:0
hocho_X_4,frame_00000.png,frame_00119.png,hocho_X_4/rgb_max_fourier_f150_th8/00000-00119-FRAME_rgbmax_scale1.00.png,,,0,decode失敗,QR未検出,0.000000,0.000000,0.647723,0.001127,,fourier,,,29.992274,8,fourier:fourier::None:29.99227361657706:8:None:binary:0
hocho_X_4,frame_00000.png,frame_00119.png,,,,0,decode失敗,QR未検出,0.000000,0.000000,0.647562,0.001364,,fourier,,,29.992274,12,fourier:fourier::None:29.99227361657706:12:None:binary:0
hocho_X_8,frame_00000.png,frame_00119.png,,,,0,decode失敗,QR未検出,0.000000,0.000000,0.647833,0.000148,,fourier,,,10.007726,4,fourier:fourier::None:10.007726383422941:4:None:binary:0
hocho_X_8,frame_00000.png,frame_00119.png,hocho_X_8/rgb_max_fourier_f100_th8/00000-00119-FRAME_rgbmax_scale1.00.png,,,0,decode失敗,QR未検出,0.000000,0.000000,0.647833,0.000148,,fourier,,,10.007726,8,fourier:fourier::None:10.007726383422941:8:None:binary:0
hocho_X_8,frame_00000.png,frame_00119.png,,,,0,decode失敗,QR未検出,0.000000,0.000000,0.647833,0.000148,,fourier,,,10.007726,12,fourier:fourier::None:10.007726383422941:12:None:binary:0
hocho_X_8,frame_00000.png,frame_00119.png,,,,0,decode失敗,QR未検出,0.000000,0.000000,0.647833,0.000148,,fourier,,,15.000000,4,fourier:fourier::None:15.0:4:None:binary:0
hocho_X_8,frame_00000.png,frame_00119.png,hocho_X_8/rgb_max_fourier_f100_th8/00000-00119-FRAME_rgbmax_scale1.00.png,,,0,decode失敗,QR未検出,0.000000,0.000000,0.647833,0.000148,,fourier,,,15.000000,8,fourier:fourier::None:15.0:8:None:binary:0
hocho_X_8,frame_00000.png,frame_00119.png,,,,0,decode失敗,QR未検出,0.000000,0.000000,0.647833,0.000148,,fourier,,,15.000000,12,fourier:fourier::None:15.0:12:None:binary:0
hocho_X_8,frame_00000.png,frame_00119.png,,,,0,decode失敗,QR未検出,0.000000,0.000000,0.647833,0.000148,,fourier,,,29.992274,4,fourier:fourier::None:29.99227361657706:4:None:binary:0
hocho_X_8,frame_00000.png,frame_00119.png,hocho_X_8/rgb_max_fourier_f100_th8/00000-00119-FRAME_rgbmax_scale1.00.png,,,0,decode失敗,QR未検出,0.000000,0.000000,0.647833,0.000148,,fourier,,,29.992274,8,fourier:fourier::None:29.99227361657706:8:None:binary:0
hocho_X_8,frame_00000.png,frame_00119.png,,,,0,decode失敗,QR未検出,0.000000,0.000000,0.647833,0.000181,,fourier,,,29.992274,12,fourier:fourier::None:29.99227361657706:12:None:binary:0
hocho_X_12,frame_00000.png,frame_00119.png,hocho_X_12/rgb_max_fourier_f300_th4/00000-00119-FRAME_rgbmax_scale1.00.png,,,0,decode失敗,QR未検出,0.000000,0.000000,0.647833,0.000375,,fourier,,,10.007726,4,fourier:fourier::None:10.007726383422941:4:None:binary:0
hocho_X_12,frame_00000.png,frame_00119.png,,,,0,decode失敗,QR未検出,0.000000,0.000000,0.647833,0.000375,,fourier,,,10.007726,8,fourier:fourier::None:10.007726383422941:8:None:binary:0
hocho_X_12,frame_00000.png,frame_00119.png,,,,0,decode失敗,QR未検出,0.000000,0.000000,0.647833,0.000375,,fourier,,,10.007726,12,fourier:fourier::None:10.007726383422941:12:None:binary:0
hocho_X_12,frame_00000.png,frame_00119.png,hocho_X_12/rgb_max_fourier_f300_th4/00000-00119-FRAME_rgbmax_scale1.00.png,,,0,decode失敗,QR未検出,0.000000,0.000000,0.647833,0.000375,,fourier,,,15.000000,4,fourier:fourier::None:15.0:4:None:binary:0
hocho_X_12,frame_00000.png,frame_00119.png,,,,0,decode失敗,QR未検出,0.000000,0.000000,0.647833,0.000375,,fourier,,,15.000000,8,fourier:fourier::None:15.0:8:None:binary:0
hocho_X_12,frame_00000.png,frame_00119.png,,,,0,decode失敗,QR未検出,0.000000,0.000000,0.647833,0.000375,,fourier,,,15.000000,12,fourier:fourier::None:15.0:12:None:binary:0
hocho_X_12,frame_00000.png,frame_00119.png,hocho_X_12/rgb_max_fourier_f300_th4/00000-00119-FRAME_rgbmax_scale1.00.png,,,0,decode失敗,QR未検出,0.000000,0.000000,0.647833,0.000375,,fourier,,,29.992274,4,fourier:fourier::None:29.99227361657706:4:None:binary:0
hocho_X_12,frame_00000.png,frame_00119.png,,,,0,decode失敗,QR未検出,0.000000,0.000000,0.647833,0.000470,,fourier,,,29.992274,8,fourier:fourier::None:29.99227361657706:8:None:binary:0
hocho_X_12,frame_00000.png,frame_00119.png,,,,0,decode失敗,QR未検出,0.000000,0.000000,0.647795,0.000499,,fourier,,,29.992274,12,fourier:fourier::None:29.99227361657706:12:None:binary:0
ex_X_4,frame_00000.png,frame_00119.png,,,,0,decode失敗,QR未検出,0.000000,0.000000,0.647258,0.000915,,fourier,,,10.007726,4,fourier:fourier::None:10.007726383422941:4:None:binary:0
ex_X_4,frame_00000.png,frame_00119.png,ex_X_4/rgb_max_fourier_f300_th8/00000-00119-FRAME_rgbmax_scale1.00.png,,,0,decode失敗,QR未検出,0.000000,0.000000,0.647258,0.000928,,fourier,,,10.007726,8,fourier:fourier::None:10.007726383422941:8:None:binary:0
ex_X_4,frame_00000.png,frame_00119.png,,,,0,decode失敗,QR未検出,0.000000,0.000000,0.647258,0.000928,,fourier,,,10.007726,12,fourier:fourier::None:10.007726383422941:12:None:binary:0
ex_X_4,frame_00000.png,frame_00119.png,,,,0,decode失敗,QR未検出,0.000000,0.000000,0.647258,0.000915,,fourier,,,15.000000,4,fourier:fourier::None:15.0:4:None:binary:0
ex_X_4,frame_00000.png,frame_00119.png,ex_X_4/rgb_max_fourier_f300_th8/00000-00119-FRAME_rgbmax_scale1.00.png,,,0,decode失敗,QR未検出,0.000000,0.000000,0.647258,0.000928,,fourier,,,15.000000,8,fourier:fourier::None:15.0:8:None:binary:0
ex_X_4,frame_00000.png,frame_00119.png,,,,0,decode失敗,QR未検出,0.000000,0.000000,0.647258,0.000928,,fourier,,,15.000000,12,fourier:fourier::None:15.0:12:None:binary:0
ex_X_4,frame_00000.png,frame_00119.png,,,,0,decode失敗,QR未検出,0.000000,0.000000,0.647258,0.000915,,fourier,,,29.992274,4,fourier:fourier::None:29.99227361657706:4:None:binary:0
ex_X_4,frame_00000.png,frame_00119.png,ex_X_4/rgb_max_fourier_f300_th8/00000-00119-FRAME_rgbmax_scale1.00.png,,,0,decode失敗,QR未検出,0.000000,0.000000,0.647258,0.000928,,fourier,,,29.992274,8,fourier:fourier::None:29.99227361657706:8:None:binary:0
ex_X_4,frame_00000.png,frame_00119.png,,,,0,decode失敗,QR未検出,0.000035,0.018135,0.647182,0.001055,,fourier,,,29.992274,12,fourier:fourier::None:29.99227361657706:12:None:binary:0
ex_X_8,frame_00000.png,frame_00119.png,,,,0,decode失敗,QR未検出,0.000000,0.000000,0.647146,0.001215,,fourier,,,10.007726,4,fourier:fourier::None:10.007726383422941:4:None:binary:0
ex_X_8,frame_00000.png,frame_00119.png,,,,0,decode失敗,QR未検出,0.000000,0.000000,0.647146,0.001215,,fourier,,,10.007726,8,fourier:fourier::None:10.007726383422941:8:None:binary:0
ex_X_8,frame_00000.png,frame_00119.png,ex_X_8/rgb_max_fourier_f300_th12/00000-00119-FRAME_rgbmax_scale1.00.png,,,0,decode失敗,QR未検出,0.000000,0.000000,0.647146,0.001217,,fourier,,,10.007726,12,fourier:fourier::None:10.007726383422941:12:None:binary:0
ex_X_8,frame_00000.png,frame_00119.png,,,,0,decode失敗,QR未検出,0.000000,0.000000,0.647146,0.001215,,fourier,,,15.000000,4,fourier:fourier::None:15.0:4:None:binary:0
ex_X_8,frame_00000.png,frame_00119.png,,,,0,decode失敗,QR未検出,0.000000,0.000000,0.647146,0.001215,,fourier,,,15.000000,8,fourier:fourier::None:15.0:8:None:binary:0
ex_X_8,frame_00000.png,frame_00119.png,ex_X_8/rgb_max_fourier_f300_th12/00000-00119-FRAME_rgbmax_scale1.00.png,,,0,decode失敗,QR未検出,0.000000,0.000000,0.647146,0.001217,,fourier,,,15.000000,12,fourier:fourier::None:15.0:12:None:binary:0
ex_X_8,frame_00000.png,frame_00119.png,,,,0,decode失敗,QR未検出,0.000000,0.000000,0.647146,0.001215,,fourier,,,29.992274,4,fourier:fourier::None:29.99227361657706:4:None:binary:0
ex_X_8,frame_00000.png,frame_00119.png,,,,0,decode失敗,QR未検出,0.000000,0.000000,0.647146,0.001217,,fourier,,,29.992274,8,fourier:fourier::None:29.99227361657706:8:None:binary:0
ex_X_8,frame_00000.png,frame_00119.png,ex_X_8/rgb_max_fourier_f300_th12/00000-00119-FRAME_rgbmax_scale1.00.png,,,0,decode失敗,QR未検出,0.000040,0.019950,0.647160,0.001223,,fourier,,,29.992274,12,fourier:fourier::None:29.99227361657706:12:None:binary:0
ex_X_12,frame_00000.png,frame_00119.png,,,,0,decode失敗,QR未検出,0.000000,0.000000,0.647833,0.000063,,fourier,,,10.007726,4,fourier:fourier::None:10.007726383422941:4:None:binary:0
ex_X_12,frame_00000.png,frame_00119.png,,,,0,decode失敗,QR未検出,0.000000,0.000000,0.647833,0.000063,,fourier,,,10.007726,8,fourier:fourier::None:10.007726383422941:8:None:binary:0
ex_X_12,frame_00000.png,frame_00119.png,ex_X_12/rgb_max_fourier_f100_th12/00000-00119-FRAME_rgbmax_scale1.00.png,,,0,decode失敗,QR未検出,0.000000,0.000000,0.647833,0.000063,,fourier,,,10.007726,12,fourier:fourier::None:10.007726383422941:12:None:binary:0
ex_X_12,frame_00000.png,frame_00119.png,,,,0,decode失敗,QR未検出,0.000000,0.000000,0.647833,0.000063,,fourier,,,15.000000,4,fourier:fourier::None:15.0:4:None:binary:0
ex_X_12,frame_00000.png,frame_00119.png,,,,0,decode失敗,QR未検出,0.000000,0.000000,0.647833,0.000063,,fourier,,,15.000000,8,fourier:fourier::None:15.0:8:None:binary:0
ex_X_12,frame_00000.png,frame_00119.png,ex_X_12/rgb_max_fourier_f100_th12/00000-00119-FRAME_rgbmax_scale1.00.png,,,0,decode失敗,QR未検出,0.000000,0.000000,0.647833,0.000063,,fourier,,,15.000000,12,fourier:fourier::None:15.0:12:None:binary:0
ex_X_12,frame_00000.png,frame_00119.png,,,,0,decode失敗,QR未検出,0.000000,0.000000,0.647833,0.000063,,fourier,,,29.992274,4,fourier:fourier::None:29.99227361657706:4:None:binary:0
ex_X_12,frame_00000.png,frame_00119.png,,,,0,decode失敗,QR未検出,0.000000,0.000000,0.647726,0.000116,,fourier,,,29.992274,8,fourier:fourier::None:29.99227361657706:8:None:binary:0
ex_X_12,frame_00000.png,frame_00119.png,ex_X_12/rgb_max_fourier_f100_th12/00000-00119-FRAME_rgbmax_scale1.00.png,,,0,decode失敗,QR未検出,0.000000,0.000000,0.647665,0.000147,,fourier,,,29.992274,12,fourier:fourier::None:29.99227361657706:12:None:binary:0
ex_B_12,frame_00000.png,frame_00119.png,,,,0,decode失敗,QR未検出,0.068786,0.313974,0.619128,0.087174,,fourier,,,10.007726,30,fourier:fourier::None:10.007726383422941:30:None:binary:0
ex_B_12,frame_00000.png,frame_00119.png,,,,0,decode失敗,QR未検出,0.001649,0.446837,0.647695,0.002600,,fourier,,,10.007726,50,fourier:fourier::None:10.007726383422941:50:None:binary:0
ex_B_12,frame_00000.png,frame_00119.png,,,,0,decode失敗,QR未検出,0.000000,0.000000,0.647833,0.000000,,fourier,,,10.007726,70,fourier:fourier::None:10.007726383422941:70:None:binary:0
ex_B_12,frame_00000.png,frame_00119.png,,,,0,decode失敗,QR未検出,0.325454,0.354940,0.554151,0.338682,,fourier,,,10.007726,901,fourier:fourier::None:10.007726383422941:901:None:binary:0
ex_B_12,frame_00000.png,frame_00119.png,,,,0,decode失敗,QR未検出,0.498087,0.353184,0.502000,0.486645,,fourier,,,10.007726,902,fourier:fourier::None:10.007726383422941:902:None:binary:0
ex_B_12,frame_00000.png,frame_00119.png,,,,0,decode失敗,QR未検出,0.287218,0.336786,0.549796,0.271798,,fourier,,,15.000000,30,fourier:fourier::None:15.0:30:None:binary:0
ex_B_12,frame_00000.png,frame_00119.png,,,,0,decode失敗,QR未検出,0.000378,0.211111,0.647469,0.001359,,fourier,,,15.000000,50,fourier:fourier::None:15.0:50:None:binary:0
ex_B_12,frame_00000.png,frame_00119.png,,,,0,decode失敗,QR未検出,0.000000,0.000000,0.647833,0.000000,,fourier,,,15.000000,70,fourier:fourier::None:15.0:70:None:binary:0
ex_B_12,frame_00000.png,frame_00119.png,,,,0,decode失敗,QR未検出,0.269883,0.350137,0.566474,0.313506,,fourier,,,15.000000,901,fourier:fourier::None:15.0:901:None:binary:0
ex_B_12,frame_00000.png,frame_00119.png,,,,0,decode失敗,QR未検出,0.514408,0.356183,0.501540,0.501031,,fourier,,,15.000000,902,fourier:fourier::None:15.0:902:None:binary:0
ex_B_12,frame_00000.png,frame_00119.png,,,,0,decode失敗,QR未検出,0.064101,0.343760,0.627313,0.088079,,fourier,,,29.992274,30,fourier:fourier::None:29.99227361657706:30:None:binary:0
ex_B_12,frame_00000.png,frame_00119.png,,,,0,decode失敗,QR未検出,0.000099,0.116959,0.647604,0.000456,,fourier,,,29.992274,50,fourier:fourier::None:29.99227361657706:50:None:binary:0
ex_B_12,frame_00000.png,frame_00119.png,,,,0,decode失敗,QR未検出,0.000000,0.000000,0.647833,0.000002,,fourier,,,29.992274,70,fourier:fourier::None:29.99227361657706:70:None:binary:0
ex_B_12,frame_00000.png,frame_00119.png,,,,0,decode失敗,QR未検出,0.167884,0.343873,0.594146,0.215902,,fourier,,,29.992274,901,fourier:fourier::None:29.99227361657706:901:None:binary:0
ex_B_12,frame_00000.png,frame_00119.png,,,,0,decode失敗,QR未検出,0.462132,0.349679,0.507909,0.462458,,fourier,,,29.992274,902,fourier:fourier::None:29.99227361657706:902:None:binary:0
ex_B_4,frame_00000.png,frame_00119.png,,,,0,decode失敗,QR未検出,0.146237,0.317965,0.588866,0.177417,,fourier,,,10.007726,30,fourier:fourier::None:10.007726383422941:30:None:binary:0
ex_B_4,frame_00000.png,frame_00119.png,,,,0,decode失敗,QR未検出,0.001610,0.391778,0.647520,0.002721,,fourier,,,10.007726,50,fourier:fourier::None:10.007726383422941:50:None:binary:0
ex_B_4,frame_00000.png,frame_00119.png,,,,0,decode失敗,QR未検出,0.000000,0.000000,0.647833,0.000005,,fourier,,,10.007726,70,fourier:fourier::None:10.007726383422941:70:None:binary:0
ex_B_4,frame_00000.png,frame_00119.png,,,,0,decode失敗,QR未検出,0.432655,0.357533,0.526406,0.433897,,fourier,,,10.007726,901,fourier:fourier::None:10.007726383422941:901:None:binary:0
ex_B_4,frame_00000.png,frame_00119.png,,,,0,decode失敗,QR未検出,0.482606,0.350855,0.503338,0.492794,,fourier,,,10.007726,902,fourier:fourier::None:10.007726383422941:902:None:binary:0
ex_B_4,frame_00000.png,frame_00119.png,,,,0,decode失敗,QR未検出,0.068528,0.309691,0.618173,0.073758,,fourier,,,15.000000,30,fourier:fourier::None:15.0:30:None:binary:0
ex_B_4,frame_00000.png,frame_00119.png,,,,0,decode失敗,QR未検出,0.005371,0.271267,0.644644,0.012066,,fourier,,,15.000000,50,fourier:fourier::None:15.0:50:None:binary:0
ex_B_4,frame_00000.png,frame_00119.png,,,,0,decode失敗,QR未検出,0.000000,0.000000,0.647788,0.000041,,fourier,,,15.000000,70,fourier:fourier::None:15.0:70:None:binary:0
ex_B_4,frame_00000.png,frame_00119.png,,,,0,decode失敗,QR未検出,0.319119,0.349562,0.551103,0.372795,,fourier,,,15.000000,901,fourier:fourier::None:15.0:901:None:binary:0
ex_B_4,frame_00000.png,frame_00119.png,,,,0,decode失敗,QR未検出,0.491519,0.350905,0.500740,0.499050,,fourier,,,15.000000,902,fourier:fourier::None:15.0:902:None:binary:0
ex_B_4,frame_00000.png,frame_00119.png,,,,0,decode失敗,QR未検出,0.051546,0.301599,0.623950,0.082777,,fourier,,,29.992274,30,fourier:fourier::None:29.99227361657706:30:None:binary:0
ex_B_4,frame_00000.png,frame_00119.png,,,,0,decode失敗,QR未検出,0.000000,0.000000,0.647730,0.000455,,fourier,,,29.992274,50,fourier:fourier::None:29.99227361657706:50:None:binary:0
ex_B_4,frame_00000.png,frame_00119.png,,,,0,decode失敗,QR未検出,0.000000,0.000000,0.647833,0.000000,,fourier,,,29.992274,70,fourier:fourier::None:29.99227361657706:70:None:binary:0
ex_B_4,frame_00000.png,frame_00119.png,,,,0,decode失敗,QR未検出,0.226823,0.333626,0.568164,0.287629,,fourier,,,29.992274,901,fourier:fourier::None:29.99227361657706:901:None:binary:0
ex_B_4,frame_00000.png,frame_00119.png,,,,0,decode失敗,QR未検出,0.488419,0.355140,0.507513,0.476032,,fourier,,,29.992274,902,fourier:fourier::None:29.99227361657706:902:None:binary:0
ex_B_8,frame_00000.png,frame_00119.png,,,,0,decode失敗,QR未検出,0.209116,0.345317,0.581857,0.250820,,fourier,,,10.007726,30,fourier:fourier::None:10.007726383422941:30:None:binary:0
ex_B_8,frame_00000.png,frame_00119.png,,,,0,decode失敗,QR未検出,0.002146,0.355848,0.647221,0.002033,,fourier,,,10.007726,50,fourier:fourier::None:10.007726383422941:50:None:binary:0
ex_B_8,frame_00000.png,frame_00119.png,,,,0,decode失敗,QR未検出,0.000000,0.000000,0.647833,0.000000,,fourier,,,10.007726,70,fourier:fourier::None:10.007726383422941:70:None:binary:0
ex_B_8,frame_00000.png,frame_00119.png,,,,0,decode失敗,QR未検出,0.435964,0.351173,0.517700,0.383098,,fourier,,,10.007726,901,fourier:fourier::None:10.007726383422941:901:None:binary:0
ex_B_8,frame_00000.png,frame_00119.png,,,,0,decode失敗,QR未検出,0.488151,0.351793,0.502985,0.500510,,fourier,,,10.007726,902,fourier:fourier::None:10.007726383422941:902:None:binary:0
ex_B_8,frame_00000.png,frame_00119.png,,,,0,decode失敗,QR未検出,0.326889,0.333090,0.532462,0.431185,,fourier,,,15.000000,30,fourier:fourier::None:15.0:30:None:binary:0
ex_B_8,frame_00000.png,frame_00119.png,,,,0,decode失敗,QR未検出,0.000204,0.650794,0.647866,0.000515,,fourier,,,15.000000,50,fourier:fourier::None:15.0:50:None:binary:0
ex_B_8,frame_00000.png,frame_00119.png,,,,0,decode失敗,QR未検出,0.000000,0.000000,0.647833,0.000000,,fourier,,,15.000000,70,fourier:fourier::None:15.0:70:None:binary:0
ex_B_8,frame_00000.png,frame_00119.png,,,,0,decode失敗,QR未検出,0.190211,0.328872,0.578121,0.272035,,fourier,,,15.000000,901,fourier:fourier::None:15.0:901:None:binary:0
ex_B_8,frame_00000.png,frame_00119.png,,,,0,decode失敗,QR未検出,0.489025,0.352774,0.504087,0.484854,,fourier,,,15.000000,902,fourier:fourier::None:15.0:902:None:binary:0
ex_B_8,frame_00000.png,frame_00119.png,,,,0,decode失敗,QR未検出,0.269247,0.348739,0.565579,0.239718,,fourier,,,29.992274,30,fourier:fourier::None:29.99227361657706:30:None:binary:0
ex_B_8,frame_00000.png,frame_00119.png,,,,0,decode失敗,QR未検出,0.001351,0.242424,0.646822,0.001167,,fourier,,,29.992274,50,fourier:fourier::None:29.99227361657706:50:None:binary:0
ex_B_8,frame_00000.png,frame_00119.png,,,,0,decode失敗,QR未検出,0.000000,0.000000,0.647833,0.000000,,fourier,,,29.992274,70,fourier:fourier::None:29.99227361657706:70:None:binary:0
ex_B_8,frame_00000.png,frame_00119.png,,,,0,decode失敗,QR未検出,0.316292,0.350527,0.552837,0.286604,,fourier,,,29.992274,901,fourier:fourier::None:29.99227361657706:901:None:binary:0
ex_B_8,frame_00000.png,frame_00119.png,,,,0,decode失敗,QR未検出,0.499011,0.356215,0.505963,0.480826,,fourier,,,29.992274,902,fourier:fourier::None:29.99227361657706:902:None:binary:0
ex_G_12,frame_00000.png,frame_00119.png,,,,0,decode失敗,QR未検出,0.123790,0.340522,0.606999,0.126505,,fourier,,,10.007726,30,fourier:fourier::None:10.007726383422941:30:None:binary:0
ex_G_12,frame_00000.png,frame_00119.png,,,,0,decode失敗,QR未検出,0.002434,0.274818,0.646428,0.005416,,fourier,,,10.007726,50,fourier:fourier::None:10.007726383422941:50:None:binary:0
ex_G_12,frame_00000.png,frame_00119.png,,,,0,decode失敗,QR未検出,0.000000,0.000000,0.647833,0.000017,,fourier,,,10.007726,70,fourier:fourier::None:10.007726383422941:70:None:binary:0
ex_G_12,frame_00000.png,frame_00119.png,,,,0,decode失敗,QR未検出,0.389704,0.345131,0.524667,0.413734,,fourier,,,10.007726,901,fourier:fourier::None:10.007726383422941:901:None:binary:0
ex_G_12,frame_00000.png,frame_00119.png,,,,0,decode失敗,QR未検出,0.502345,0.354075,0.502014,0.498336,,fourier,,,10.007726,902,fourier:fourier::None:10.007726383422941:902:None:binary:0
ex_G_12,frame_00000.png,frame_00119.png,,,,0,decode失敗,QR未検出,0.085519,0.315632,0.612649,0.087927,,fourier,,,15.000000,30,fourier:fourier::None:15.0:30:None:binary:0
ex_G_12,frame_00000.png,frame_00119.png,,,,0,decode失敗,QR未検出,0.005579,0.286480,0.644904,0.010120,,fourier,,,15.000000,50,fourier:fourier::None:15.0:50:None:binary:0
ex_G_12,frame_00000.png,frame_00119.png,,,,0,decode失敗,QR未検出,0.000000,0.000000,0.647833,0.000052,,fourier,,,15.000000,70,fourier:fourier::None:15.0:70:None:binary:0
ex_G_12,frame_00000.png,frame_00119.png,,,,0,decode失敗,QR未検出,0.327774,0.342948,0.542111,0.369800,,fourier,,,15.000000,901,fourier:fourier::None:15.0:901:None:binary:0
ex_G_12,frame_00000.png,frame_00119.png,,,,0,decode失敗,QR未検出,0.505545,0.357012,0.505221,0.495004,,fourier,,,15.000000,902,fourier:fourier::None:15.0:902:None:binary:0
ex_G_12,frame_00000.png,frame_00119.png,,,,0,decode失敗,QR未検出,0.061383,0.347705,0.628897,0.074413,,fourier,,,29.992274,30,fourier:fourier::None:29.99227361657706:30:None:binary:0
ex_G_12,frame_00000.png,frame_00119.png,,,,0,decode失敗,QR未検出,0.000258,0.426230,0.647802,0.000187,,fourier,,,29.992274,50,fourier:fourier::None:29.99227361657706:50:None:binary:0
ex_G_12,frame_00000.png,frame_00119.png,,,,0,decode失敗,QR未検出,0.000000,0.000000,0.647833,0.000004,,fourier,,,29.992274,70,fourier:fourier::None:29.99227361657706:70:None:binary:0
ex_G_12,frame_00000.png,frame_00119.png,,,,0,decode失敗,QR未検出,0.261159,0.351685,0.570260,0.290435,,fourier,,,29.992274,901,fourier:fourier::None:29.99227361657706:901:None:binary:0
ex_G_12,frame_00000.png,frame_00119.png,,,,0,decode失敗,QR未検出,0.484499,0.353352,0.506208,0.480514,,fourier,,,29.992274,902,fourier:fourier::None:29.99227361657706:902:None:binary:0
ex_G_4,frame_00000.png,frame_00119.png,,,,0,decode失敗,QR未検出,0.161132,0.319688,0.583821,0.194665,,fourier,,,10.007726,30,fourier:fourier::None:10.007726383422941:30:None:binary:0
ex_G_4,frame_00000.png,frame_00119.png,,,,0,decode失敗,QR未検出,0.000556,0.162084,0.647016,0.003485,,fourier,,,10.007726,50,fourier:fourier::None:10.007726383422941:50:None:binary:0
ex_G_4,frame_00000.png,frame_00119.png,,,,0,decode失敗,QR未検出,0.000000,0.000000,0.647833,0.000000,,fourier,,,10.007726,70,fourier:fourier::None:10.007726383422941:70:None:binary:0
ex_G_4,frame_00000.png,frame_00119.png,,,,0,decode失敗,QR未検出,0.374496,0.352033,0.536965,0.385135,,fourier,,,10.007726,901,fourier:fourier::None:10.007726383422941:901:None:binary:0
ex_G_4,frame_00000.png,frame_00119.png,,,,0,decode失敗,QR未検出,0.498957,0.357159,0.507282,0.495989,,fourier,,,10.007726,902,fourier:fourier::None:10.007726383422941:902:None:binary:0
ex_G_4,frame_00000.png,frame_00119.png,,,,0,decode失敗,QR未検出,0.147400,0.325610,0.592230,0.146965,,fourier,,,15.000000,30,fourier:fourier::None:15.0:30:None:binary:0
ex_G_4,frame_00000.png,frame_00119.png,,,,0,decode失敗,QR未検出,0.002797,0.315760,0.646684,0.005357,,fourier,,,15.000000,50,fourier:fourier::None:15.0:50:None:binary:0
ex_G_4,frame_00000.png,frame_00119.png,,,,0,decode失敗,QR未検出,0.000000,0.000000,0.647833,0.000018,,fourier,,,15.000000,70,fourier:fourier::None:15.0:70:None:binary:0
ex_G_4,frame_00000.png,frame_00119.png,,,,0,decode失敗,QR未検出,0.294287,0.350222,0.559188,0.350011,,fourier,,,15.000000,901,fourier:fourier::None:15.0:901:None:binary:0
ex_G_4,frame_00000.png,frame_00119.png,,,,0,decode失敗,QR未検出,0.490789,0.353165,0.504110,0.492753,,fourier,,,15.000000,902,fourier:fourier::None:15.0:902:None:binary:0
ex_G_4,frame_00000.png,frame_00119.png,,,,0,decode失敗,QR未検出,0.083060,0.351913,0.623215,0.113005,,fourier,,,29.992274,30,fourier:fourier::None:29.99227361657706:30:None:binary:0
ex_G_4,frame_00000.png,frame_00119.png,,,,0,decode失敗,QR未検出,0.000333,0.322115,0.647704,0.000506,,fourier,,,29.992274,50,fourier:fourier::None:29.99227361657706:50:None:binary:0
ex_G_4,frame_00000.png,frame_00119.png,,,,0,decode失敗,QR未検出,0.000000,0.000000,0.647833,0.000000,,fourier,,,29.992274,70,fourier:fourier::None:29.99227361657706:70:None:binary:0
ex_G_4,frame_00000.png,frame_00119.png,,,,0,decode失敗,QR未検出,0.202756,0.337359,0.578985,0.264680,,fourier,,,29.992274,901,fourier:fourier::None:29.99227361657706:901:None:binary:0
ex_G_4,frame_00000.png,frame_00119.png,,,,0,decode失敗,QR未検出,0.472471,0.349747,0.504871,0.475922,,fourier,,,29.992274,902,fourier:fourier::None:29.99227361657706:902:None:binary:0
ex_G_8,frame_00000.png,frame_00119.png,,,,0,decode失敗,QR未検出,0.072438,0.340439,0.623920,0.080011,,fourier,,,10.007726,30,fourier:fourier::None:10.007726383422941:30:None:binary:0
ex_G_8,frame_00000.png,frame_00119.png,,,,0,decode失敗,QR未検出,0.007005,0.409408,0.646741,0.008650,,fourier,,,10.007726,50,fourier:fourier::None:10.007726383422941:50:None:binary:0
ex_G_8,frame_00000.png,frame_00119.png,,,,0,decode失敗,QR未検出,0.000079,0.326531,0.647803,0.000092,,fourier,,,10.007726,70,fourier:fourier::None:10.007726383422941:70:None:binary:0
ex_G_8,frame_00000.png,frame_00119.png,,,,0,decode失敗,QR未検出,0.386733,0.352854,0.534243,0.389793,,fourier,,,10.007726,901,fourier:fourier::None:10.007726383422941:901:None:binary:0
ex_G_8,frame_00000.png,frame_00119.png,,,,0,decode失敗,QR未検出,0.498346,0.354327,0.503527,0.503179,,fourier,,,10.007726,902,fourier:fourier::None:10.007726383422941:902:None:binary:0
ex_G_8,frame_00000.png,frame_00119.png,,,,0,decode失敗,QR未検出,0.337079,0.354953,0.550816,0.296632,,fourier,,,15.000000,30,fourier:fourier::None:15.0:30:None:binary:0
ex_G_8,frame_00000.png,frame_00119.png,,,,0,decode失敗,QR未検出,0.000542,0.125866,0.646699,0.002950,,fourier,,,15.000000,50,fourier:fourier::None:15.0:50:None:binary:0
ex_G_8,frame_00000.png,frame_00119.png,,,,0,decode失敗,QR未検出,0.000000,0.000000,0.647833,0.000006,,fourier,,,15.000000,70,fourier:fourier::None:15.0:70:None:binary:0
ex_G_8,frame_00000.png,frame_00119.png,,,,0,decode失敗,QR未検出,0.311761,0.338461,0.543031,0.378111,,fourier,,,15.000000,901,fourier:fourier::None:15.0:901:None:binary:0
ex_G_8,frame_00000.png,frame_00119.png,,,,0,decode失敗,QR未検出,0.480410,0.352105,0.505707,0.486870,,fourier,,,15.000000,902,fourier:fourier::None:15.0:902:None:binary:0
ex_G_8,frame_00000.png,frame_00119.png,,,,0,decode失敗,QR未検出,0.076119,0.354259,0.625777,0.101990,,fourier,,,29.992274,30,fourier:fourier::None:29.99227361657706:30:None:binary:0
ex_G_8,frame_00000.png,frame_00119.png,,,,0,decode失敗,QR未検出,0.001168,0.671429,0.648043,0.000433,,fourier,,,29.992274,50,fourier:fourier::None:29.99227361657706:50:None:binary:0
ex_G_8,frame_00000.png,frame_00119.png,,,,0,decode失敗,QR未検出,0.000000,0.000000,0.647833,0.000000,,fourier,,,29.992274,70,fourier:fourier::None:29.99227361657706:70:None:binary:0
ex_G_8,frame_00000.png,frame_00119.png,,,,0,decode失敗,QR未検出,0.229138,0.344405,0.574921,0.282456,,fourier,,,29.992274,901,fourier:fourier::None:29.99227361657706:901:None:binary:0
ex_G_8,frame_00000.png,frame_00119.png,,,,0,decode失敗,QR未検出,0.481920,0.352392,0.505653,0.478397,,fourier,,,29.992274,902,fourier:fourier::None:29.99227361657706:902:None:binary:0
ex_I_12,frame_00000.png,frame_00119.png,,,,0,decode失敗,QR未検出,0.114654,0.334420,0.607850,0.121937,,fourier,,,10.007726,30,fourier:fourier::None:10.007726383422941:30:None:binary:0
ex_I_12,frame_00000.png,frame_00119.png,,,,0,decode失敗,QR未検出,0.003249,0.277825,0.646003,0.006138,,fourier,,,10.007726,50,fourier:fourier::None:10.007726383422941:50:None:binary:0
ex_I_12,frame_00000.png,frame_00119.png,,,,0,decode失敗,QR未検出,0.000000,0.000000,0.647821,0.000024,,fourier,,,10.007726,70,fourier:fourier::None:10.007726383422941:70:None:binary:0
ex_I_12,frame_00000.png,frame_00119.png,,,,0,decode失敗,QR未検出,0.388919,0.352676,0.533405,0.395722,,fourier,,,10.007726,901,fourier:fourier::None:10.007726383422941:901:None:binary:0
ex_I_12,frame_00000.png,frame_00119.png,,,,0,decode失敗,QR未検出,0.498892,0.353126,0.501683,0.500131,,fourier,,,10.007726,902,fourier:fourier::None:10.007726383422941:902:None:binary:0
ex_I_12,frame_00000.png,frame_00119.png,,,,0,decode失敗,QR未検出,0.128063,0.293249,0.584240,0.141245,,fourier,,,15.000000,30,fourier:fourier::None:15.0:30:None:binary:0
ex_I_12,frame_00000.png,frame_00119.png,,,,0,decode失敗,QR未検出,0.003155,0.268272,0.645914,0.005961,,fourier,,,15.000000,50,fourier:fourier::None:15.0:50:None:binary:0
ex_I_12,frame_00000.png,frame_00119.png,,,,0,decode失敗,QR未検出,0.000000,0.000000,0.647823,0.000005,,fourier,,,15.000000,70,fourier:fourier::None:15.0:70:None:binary:0
ex_I_12,frame_00000.png,frame_00119.png,,,,0,decode失敗,QR未検出,0.358115,0.371169,0.560285,0.365969,,fourier,,,15.000000,901,fourier:fourier::None:15.0:901:None:binary:0
ex_I_12,frame_00000.png,frame_00119.png,,,,0,decode失敗,QR未検出,0.511010,0.357137,0.503856,0.502916,,fourier,,,15.000000,902,fourier:fourier::None:15.0:902:None:binary:0
ex_I_12,frame_00000.png,frame_00119.png,,,,0,decode失敗,QR未検出,0.062119,0.372701,0.632889,0.069599,,fourier,,,29.992274,30,fourier:fourier::None:29.99227361657706:30:None:binary:0
ex_I_12,frame_00000.png,frame_00119.png,,,,0,decode失敗,QR未検出,0.000273,0.279188,0.647681,0.000318,,fourier,,,29.992274,50,fourier:fourier::None:29.99227361657706:50:None:binary:0
ex_I_12,frame_00000.png,frame_00119.png,,,,0,decode失敗,QR未検出,0.000000,0.000000,0.647833,0.000000,,fourier,,,29.992274,70,fourier:fourier::None:29.99227361657706:70:None:binary:0
ex_I_12,frame_00000.png,frame_00119.png,,,,0,decode失敗,QR未検出,0.295525,0.372295,0.576434,0.302177,,fourier,,,29.992274,901,fourier:fourier::None:29.99227361657706:901:None:binary:0
ex_I_12,frame_00000.png,frame_00119.png,,,,0,decode失敗,QR未検出,0.476684,0.347541,0.500549,0.484714,,fourier,,,29.992274,902,fourier:fourier::None:29.99227361657706:902:None:binary:0
ex_I_4,frame_00000.png,frame_00119.png,,,,0,decode失敗,QR未検出,0.058035,0.300460,0.620687,0.066741,,fourier,,,10.007726,30,fourier:fourier::None:10.007726383422941:30:None:binary:0
ex_I_4,frame_00000.png,frame_00119.png,,,,0,decode失敗,QR未検出,0.008521,0.328796,0.644708,0.013188,,fourier,,,10.007726,50,fourier:fourier::None:10.007726383422941:50:None:binary:0
ex_I_4,frame_00000.png,frame_00119.png,,,,0,decode失敗,QR未検出,0.000045,1.000000,0.647849,0.000022,,fourier,,,10.007726,70,fourier:fourier::None:10.007726383422941:70:None:binary:0
ex_I_4,frame_00000.png,frame_00119.png,,,,0,decode失敗,QR未検出,0.373134,0.356662,0.542213,0.383498,,fourier,,,10.007726,901,fourier:fourier::None:10.007726383422941:901:None:binary:0
ex_I_4,frame_00000.png,frame_00119.png,,,,0,decode失敗,QR未検出,0.497918,0.351859,0.500180,0.504906,,fourier,,,10.007726,902,fourier:fourier::None:10.007726383422941:902:None:binary:0
ex_I_4,frame_00000.png,frame_00119.png,,,,0,decode失敗,QR未検出,0.089136,0.319570,0.612387,0.088434,,fourier,,,15.000000,30,fourier:fourier::None:15.0:30:None:binary:0
ex_I_4,frame_00000.png,frame_00119.png,,,,0,decode失敗,QR未検出,0.007139,0.340038,0.645468,0.010974,,fourier,,,15.000000,50,fourier:fourier::None:15.0:50:None:binary:0
ex_I_4,frame_00000.png,frame_00119.png,,,,0,decode失敗,QR未検出,0.000000,0.000000,0.647833,0.000046,,fourier,,,15.000000,70,fourier:fourier::None:15.0:70:None:binary:0
ex_I_4,frame_00000.png,frame_00119.png,,,,0,decode失敗,QR未検出,0.347404,0.354984,0.547874,0.384394,,fourier,,,15.000000,901,fourier:fourier::None:15.0:901:None:binary:0
ex_I_4,frame_00000.png,frame_00119.png,,,,0,decode失敗,QR未検出,0.493442,0.352784,0.502803,0.497069,,fourier,,,15.000000,902,fourier:fourier::None:15.0:902:None:binary:0
ex_I_4,frame_00000.png,frame_00119.png,,,,0,decode失敗,QR未検出,0.082379,0.330154,0.617984,0.107969,,fourier,,,29.992274,30,fourier:fourier::None:29.99227361657706:30:None:binary:0
ex_I_4,frame_00000.png,frame_00119.png,,,,0,decode失敗,QR未検出,0.000621,0.308642,0.647562,0.000645,,fourier,,,29.992274,50,fourier:fourier::None:29.99227361657706:50:None:binary:0
ex_I_4,frame_00000.png,frame_00119.png,,,,0,decode失敗,QR未検出,0.000000,0.000000,0.647833,0.000000,,fourier,,,29.992274,70,fourier:fourier::None:29.99227361657706:70:None:binary:0
ex_I_4,frame_00000.png,frame_00119.png,,,,0,decode失敗,QR未検出,0.244286,0.341321,0.567843,0.286566,,fourier,,,29.992274,901,fourier:fourier::None:29.99227361657706:901:None:binary:0
ex_I_4,frame_00000.png,frame_00119.png,,,,0,decode失敗,QR未検出,0.481771,0.350835,0.503561,0.478348,,fourier,,,29.992274,902,fourier:fourier::None:29.99227361657706:902:None:binary:0
ex_I_8,frame_00000.png,frame_00119.png,,,,0,decode失敗,QR未検出,0.085798,0.312216,0.611487,0.096707,,fourier,,,10.007726,30,fourier:fourier::None:10.007726383422941:30:None:binary:0
ex_I_8,frame_00000.png,frame_00119.png,,,,0,decode失敗,QR未検出,0.003160,0.213782,0.644854,0.008419,,fourier,,,10.007726,50,fourier:fourier::None:10.007726383422941:50:None:binary:0
ex_I_8,frame_00000.png,frame_00119.png,,,,0,decode失敗,QR未検出,0.000000,0.000000,0.647833,0.000000,,fourier,,,10.007726,70,fourier:fourier::None:10.007726383422941:70:None:binary:0
ex_I_8,frame_00000.png,frame_00119.png,,,,0,decode失敗,QR未検出,0.366487,0.352411,0.539730,0.387623,,fourier,,,10.007726,901,fourier:fourier::None:10.007726383422941:901:None:binary:0
ex_I_8,frame_00000.png,frame_00119.png,,,,0,decode失敗,QR未検出,0.505768,0.353646,0.500409,0.501399,,fourier,,,10.007726,902,fourier:fourier::None:10.007726383422941:902:None:binary:0
ex_I_8,frame_00000.png,frame_00119.png,,,,0,decode失敗,QR未検出,0.243437,0.347459,0.572559,0.217979,,fourier,,,15.000000,30,fourier:fourier::None:15.0:30:None:binary:0
ex_I_8,frame_00000.png,frame_00119.png,,,,0,decode失敗,QR未検出,0.001436,0.234198,0.646685,0.003941,,fourier,,,15.000000,50,fourier:fourier::None:15.0:50:None:binary:0
ex_I_8,frame_00000.png,frame_00119.png,,,,0,decode失敗,QR未検出,0.000035,1.000000,0.647845,0.000000,,fourier,,,15.000000,70,fourier:fourier::None:15.0:70:None:binary:0
ex_I_8,frame_00000.png,frame_00119.png,,,,0,decode失敗,QR未検出,0.317281,0.348341,0.550539,0.365259,,fourier,,,15.000000,901,fourier:fourier::None:15.0:901:None:binary:0
ex_I_8,frame_00000.png,frame_00119.png,,,,0,decode失敗,QR未検出,0.485736,0.351651,0.503505,0.491615,,fourier,,,15.000000,902,fourier:fourier::None:15.0:902:None:binary:0
ex_I_8,frame_00000.png,frame_00119.png,,,,0,decode失敗,QR未検出,0.038852,0.326459,0.633286,0.054227,,fourier,,,29.992274,30,fourier:fourier::None:29.99227361657706:30:None:binary:0
ex_I_8,frame_00000.png,frame_00119.png,,,,0,decode失敗,QR未検出,0.000229,0.285714,0.647712,0.000157,,fourier,,,29.992274,50,fourier:fourier::None:29.99227361657706:50:None:binary:0
ex_I_8,frame_00000.png,frame_00119.png,,,,0,decode失敗,QR未検出,0.000000,0.000000,0.647833,0.000000,,fourier,,,29.992274,70,fourier:fourier::None:29.99227361657706:70:None:binary:0
ex_I_8,frame_00000.png,frame_00119.png,,,,0,decode失敗,QR未検出,0.233043,0.332976,0.565499,0.287499,,fourier,,,29.992274,901,fourier:fourier::None:29.99227361657706:901:None:binary:0
ex_I_8,frame_00000.png,frame_00119.png,,,,0,decode失敗,QR未検出,0.518050,0.355981,0.500213,0.516272,,fourier,,,29.992274,902,fourier:fourier::None:29.99227361657706:902:None:binary:0
ex_R_12,frame_00000.png,frame_00119.png,,,,0,decode失敗,QR未検出,0.059038,0.315643,0.623546,0.071933,,fourier,,,10.007726,30,fourier:fourier::None:10.007726383422941:30:None:binary:0
ex_R_12,frame_00000.png,frame_00119.png,,,,0,decode失敗,QR未検出,0.000989,0.242683,0.647095,0.002928,,fourier,,,10.007726,50,fourier:fourier::None:10.007726383422941:50:None:binary:0
ex_R_12,frame_00000.png,frame_00119.png,,,,0,decode失敗,QR未検出,0.000000,0.000000,0.647833,0.000000,,fourier,,,10.007726,70,fourier:fourier::None:10.007726383422941:70:None:binary:0
ex_R_12,frame_00000.png,frame_00119.png,,,,0,decode失敗,QR未検出,0.326954,0.343215,0.542636,0.341406,,fourier,,,10.007726,901,fourier:fourier::None:10.007726383422941:901:None:binary:0
ex_R_12,frame_00000.png,frame_00119.png,,,,0,decode失敗,QR未検出,0.487902,0.350582,0.501372,0.481712,,fourier,,,10.007726,902,fourier:fourier::None:10.007726383422941:902:None:binary:0
ex_R_12,frame_00000.png,frame_00119.png,,,,0,decode失敗,QR未検出,0.135635,0.341912,0.603663,0.129145,,fourier,,,15.000000,30,fourier:fourier::None:15.0:30:None:binary:0
ex_R_12,frame_00000.png,frame_00119.png,,,,0,decode失敗,QR未検出,0.001391,0.395480,0.647574,0.002324,,fourier,,,15.000000,50,fourier:fourier::None:15.0:50:None:binary:0
ex_R_12,frame_00000.png,frame_00119.png,,,,0,decode失敗,QR未検出,0.000000,0.000000,0.647833,0.000000,,fourier,,,15.000000,70,fourier:fourier::None:15.0:70:None:binary:0
ex_R_12,frame_00000.png,frame_00119.png,,,,0,decode失敗,QR未検出,0.278444,0.349032,0.563006,0.309071,,fourier,,,15.000000,901,fourier:fourier::None:15.0:901:None:binary:0
ex_R_12,frame_00000.png,frame_00119.png,,,,0,decode失敗,QR未検出,0.505977,0.353908,0.500723,0.510271,,fourier,,,15.000000,902,fourier:fourier::None:15.0:902:None:binary:0
ex_R_12,frame_00000.png,frame_00119.png,,,,0,decode失敗,QR未検出,0.016614,0.355820,0.643092,0.022326,,fourier,,,29.992274,30,fourier:fourier::None:29.99227361657706:30:None:binary:0
ex_R_12,frame_00000.png,frame_00119.png,,,,0,decode失敗,QR未検出,0.000000,0.000000,0.647833,0.000098,,fourier,,,29.992274,50,fourier:fourier::None:29.99227361657706:50:None:binary:0
ex_R_12,frame_00000.png,frame_00119.png,,,,0,decode失敗,QR未検出,0.000000,0.000000,0.647833,0.000000,,fourier,,,29.992274,70,fourier:fourier::None:29.99227361657706:70:None:binary:0
ex_R_12,frame_00000.png,frame_00119.png,,,,0,decode失敗,QR未検出,0.174169,0.355877,0.598153,0.215542,,fourier,,,29.992274,901,fourier:fourier::None:29.99227361657706:901:None:binary:0
ex_R_12,frame_00000.png,frame_00119.png,,,,0,decode失敗,QR未検出,0.472019,0.354113,0.510867,0.467354,,fourier,,,29.992274,902,fourier:fourier::None:29.99227361657706:902:None:binary:0
ex_R_4,frame_00000.png,frame_00119.png,,,,0,decode失敗,QR未検出,0.141825,0.353721,0.606523,0.139982,,fourier,,,10.007726,30,fourier:fourier::None:10.007726383422941:30:None:binary:0
ex_R_4,frame_00000.png,frame_00119.png,,,,0,decode失敗,QR未検出,0.002434,0.243660,0.646029,0.005654,,fourier,,,10.007726,50,fourier:fourier::None:10.007726383422941:50:None:binary:0
ex_R_4,frame_00000.png,frame_00119.png,,,,0,decode失敗,QR未検出,0.000000,0.000000,0.647833,0.000012,,fourier,,,10.007726,70,fourier:fourier::None:10.007726383422941:70:None:binary:0
ex_R_4,frame_00000.png,frame_00119.png,,,,0,decode失敗,QR未検出,0.406099,0.355545,0.531622,0.417216,,fourier,,,10.007726,901,fourier:fourier::None:10.007726383422941:901:None:binary:0
ex_R_4,frame_00000.png,frame_00119.png,,,,0,decode失敗,QR未検出,0.498445,0.354114,0.503200,0.501689,,fourier,,,10.007726,902,fourier:fourier::None:10.007726383422941:902:None:binary:0
ex_R_4,frame_00000.png,frame_00119.png,,,,0,decode失敗,QR未検出,0.294427,0.344477,0.554208,0.260124,,fourier,,,15.000000,30,fourier:fourier::None:15.0:30:None:binary:0
ex_R_4,frame_00000.png,frame_00119.png,,,,0,decode失敗,QR未検出,0.000825,0.145486,0.646418,0.002982,,fourier,,,15.000000,50,fourier:fourier::None:15.0:50:None:binary:0
ex_R_4,frame_00000.png,frame_00119.png,,,,0,decode失敗,QR未検出,0.000000,0.000000,0.647833,0.000000,,fourier,,,15.000000,70,fourier:fourier::None:15.0:70:None:binary:0
ex_R_4,frame_00000.png,frame_00119.png,,,,0,decode失敗,QR未検出,0.339812,0.358560,0.553421,0.385069,,fourier,,,15.000000,901,fourier:fourier::None:15.0:901:None:binary:0
ex_R_4,frame_00000.png,frame_00119.png,,,,0,decode失敗,QR未検出,0.486745,0.351136,0.502490,0.491954,,fourier,,,15.000000,902,fourier:fourier::None:15.0:902:None:binary:0
ex_R_4,frame_00000.png,frame_00119.png,,,,0,decode失敗,QR未検出,0.064364,0.380951,0.633666,0.079601,,fourier,,,29.992274,30,fourier:fourier::None:29.99227361657706:30:None:binary:0
ex_R_4,frame_00000.png,frame_00119.png,,,,0,decode失敗,QR未検出,0.000243,0.273743,0.647691,0.000368,,fourier,,,29.992274,50,fourier:fourier::None:29.99227361657706:50:None:binary:0
ex_R_4,frame_00000.png,frame_00119.png,,,,0,decode失敗,QR未検出,0.000000,0.000000,0.647833,0.000000,,fourier,,,29.992274,70,fourier:fourier::None:29.99227361657706:70:None:binary:0
ex_R_4,frame_00000.png,frame_00119.png,,,,0,decode失敗,QR未検出,0.233863,0.356517,0.581542,0.278487,,fourier,,,29.992274,901,fourier:fourier::None:29.99227361657706:901:None:binary:0
ex_R_4,frame_00000.png,frame_00119.png,,,,0,decode失敗,QR未検出,0.489259,0.354854,0.506881,0.480254,,fourier,,,29.992274,902,fourier:fourier::None:29.99227361657706:902:None:binary:0
ex_R_8,frame_00000.png,frame_00119.png,,,,0,decode失敗,QR未検出,0.176097,0.334535,0.586486,0.192132,,fourier,,,10.007726,30,fourier:fourier::None:10.007726383422941:30:None:binary:0
ex_R_8,frame_00000.png,frame_00119.png,,,,0,decode失敗,QR未検出,0.001302,0.468694,0.647772,0.001619,,fourier,,,10.007726,50,fourier:fourier::None:10.007726383422941:50:None:binary:0
ex_R_8,frame_00000.png,frame_00119.png,,,,0,decode失敗,QR未検出,0.000000,0.000000,0.647833,0.000000,,fourier,,,10.007726,70,fourier:fourier::None:10.007726383422941:70:None:binary:0
ex_R_8,frame_00000.png,frame_00119.png,,,,0,decode失敗,QR未検出,0.340552,0.364537,0.558700,0.333231,,fourier,,,10.007726,901,fourier:fourier::None:10.007726383422941:901:None:binary:0
ex_R_8,frame_00000.png,frame_00119.png,,,,0,decode失敗,QR未検出,0.490371,0.350554,0.500591,0.503274,,fourier,,,10.007726,902,fourier:fourier::None:10.007726383422941:902:None:binary:0
ex_R_8,frame_00000.png,frame_00119.png,,,,0,decode失敗,QR未検出,0.114236,0.343533,0.611186,0.102459,,fourier,,,15.000000,30,fourier:fourier::None:15.0:30:None:binary:0
ex_R_8,frame_00000.png,frame_00119.png,,,,0,decode失敗,QR未検出,0.002757,0.391396,0.647294,0.004518,,fourier,,,15.000000,50,fourier:fourier::None:15.0:50:None:binary:0
ex_R_8,frame_00000.png,frame_00119.png,,,,0,decode失敗,QR未検出,0.000169,1.000000,0.647893,0.000041,,fourier,,,15.000000,70,fourier:fourier::None:15.0:70:None:binary:0
ex_R_8,frame_00000.png,frame_00119.png,,,,0,decode失敗,QR未検出,0.256722,0.338336,0.561434,0.312070,,fourier,,,15.000000,901,fourier:fourier::None:15.0:901:None:binary:0
ex_R_8,frame_00000.png,frame_00119.png,,,,0,decode失敗,QR未検出,0.506722,0.353566,0.500017,0.495871,,fourier,,,15.000000,902,fourier:fourier::None:15.0:902:None:binary:0
ex_R_8,frame_00000.png,frame_00119.png,,,,0,decode失敗,QR未検出,0.034629,0.351240,0.637503,0.057257,,fourier,,,29.992274,30,fourier:fourier::None:29.99227361657706:30:None:binary:0
ex_R_8,frame_00000.png,frame_00119.png,,,,0,decode失敗,QR未検出,0.000000,0.000000,0.647714,0.000261,,fourier,,,29.992274,50,fourier:fourier::None:29.99227361657706:50:None:binary:0
ex_R_8,frame_00000.png,frame_00119.png,,,,0,decode失敗,QR未検出,0.000000,0.000000,0.647833,0.000000,,fourier,,,29.992274,70,fourier:fourier::None:29.99227361657706:70:None:binary:0
ex_R_8,frame_00000.png,frame_00119.png,,,,0,decode失敗,QR未検出,0.171401,0.349584,0.595889,0.237313,,fourier,,,29.992274,901,fourier:fourier::None:29.99227361657706:901:None:binary:0
ex_R_8,frame_00000.png,frame_00119.png,,,,0,decode失敗,QR未検出,0.481021,0.356086,0.510906,0.468810,,fourier,,,29.992274,902,fourier:fourier::None:29.99227361657706:902:None:binary:0
ex_X_12,frame_00000.png,frame_00119.png,,,,0,decode失敗,QR未検出,0.043194,0.323558,0.631243,0.060816,,fourier,,,10.007726,30,fourier:fourier::None:10.007726383422941:30:None:binary:0
ex_X_12,frame_00000.png,frame_00119.png,,,,0,decode失敗,QR未検出,0.001257,0.214771,0.646657,0.004084,,fourier,,,10.007726,50,fourier:fourier::None:10.007726383422941:50:None:binary:0
ex_X_12,frame_00000.png,frame_00119.png,,,,0,decode失敗,QR未検出,0.000000,0.000000,0.647833,0.000026,,fourier,,,10.007726,70,fourier:fourier::None:10.007726383422941:70:None:binary:0
ex_X_12,frame_00000.png,frame_00119.png,,,,0,decode失敗,QR未検出,0.346067,0.354727,0.548011,0.325218,,fourier,,,10.007726,901,fourier:fourier::None:10.007726383422941:901:None:binary:0
ex_X_12,frame_00000.png,frame_00119.png,,,,0,decode失敗,QR未検出,0.512321,0.354865,0.500252,0.512823,,fourier,,,10.007726,902,fourier:fourier::None:10.007726383422941:902:None:binary:0
ex_X_12,frame_00000.png,frame_00119.png,,,,0,decode失敗,QR未検出,0.216365,0.347350,0.580861,0.198255,,fourier,,,15.000000,30,fourier:fourier::None:15.0:30:None:binary:0
ex_X_12,frame_00000.png,frame_00119.png,,,,0,decode失敗,QR未検出,0.000303,0.137079,0.647268,0.001725,,fourier,,,15.000000,50,fourier:fourier::None:15.0:50:None:binary:0
ex_X_12,frame_00000.png,frame_00119.png,,,,0,decode失敗,QR未検出,0.000000,0.000000,0.647833,0.000000,,fourier,,,15.000000,70,fourier:fourier::None:15.0:70:None:binary:0
ex_X_12,frame_00000.png,frame_00119.png,,,,0,decode失敗,QR未検出,0.257204,0.343034,0.564939,0.312204,,fourier,,,15.000000,901,fourier:fourier::None:15.0:901:None:binary:0
ex_X_12,frame_00000.png,frame_00119.png,,,,0,decode失敗,QR未検出,0.504352,0.354822,0.502488,0.496141,,fourier,,,15.000000,902,fourier:fourier::None:15.0:902:None:binary:0
ex_X_12,frame_00000.png,frame_00119.png,,,,0,decode失敗,QR未検出,0.016187,0.271251,0.638219,0.035373,,fourier,,,29.992274,30,fourier:fourier::None:29.99227361657706:30:None:binary:0
ex_X_12,frame_00000.png,frame_00119.png,,,,0,decode失敗,QR未検出,0.000000,0.000000,0.647793,0.000075,,fourier,,,29.992274,50,fourier:fourier::None:29.99227361657706:50:None:binary:0
ex_X_12,frame_00000.png,frame_00119.png,,,,0,decode失敗,QR未検出,0.000000,0.000000,0.647833,0.000000,,fourier,,,29.992274,70,fourier:fourier::None:29.99227361657706:70:None:binary:0
ex_X_12,frame_00000.png,frame_00119.png,,,,0,decode失敗,QR未検出,0.143196,0.322016,0.592087,0.216242,,fourier,,,29.992274,901,fourier:fourier::None:29.99227361657706:901:None:binary:0
ex_X_12,frame_00000.png,frame_00119.png,,,,0,decode失敗,QR未検出,0.472083,0.350161,0.505550,0.472315,,fourier,,,29.992274,902,fourier:fourier::None:29.99227361657706:902:None:binary:0
ex_X_4,frame_00000.png,frame_00119.png,,,,0,decode失敗,QR未検出,0.089728,0.353404,0.621618,0.101110,,fourier,,,10.007726,30,fourier:fourier::None:10.007726383422941:30:None:binary:0
ex_X_4,frame_00000.png,frame_00119.png,,,,0,decode失敗,QR未検出,0.001590,0.420499,0.647621,0.001974,,fourier,,,10.007726,50,fourier:fourier::None:10.007726383422941:50:None:binary:0
ex_X_4,frame_00000.png,frame_00119.png,,,,0,decode失敗,QR未検出,0.000000,0.000000,0.647833,0.000000,,fourier,,,10.007726,70,fourier:fourier::None:10.007726383422941:70:None:binary:0
ex_X_4,frame_00000.png,frame_00119.png,,,,0,decode失敗,QR未検出,0.332538,0.349363,0.546844,0.333528,,fourier,,,10.007726,901,fourier:fourier::None:10.007726383422941:901:None:binary:0
ex_X_4,frame_00000.png,frame_00119.png,,,,0,decode失敗,QR未検出,0.501853,0.353611,0.501501,0.509394,,fourier,,,10.007726,902,fourier:fourier::None:10.007726383422941:902:None:binary:0
ex_X_4,frame_00000.png,frame_00119.png,,,,0,decode失敗,QR未検出,0.132634,0.343914,0.605435,0.122256,,fourier,,,15.000000,30,fourier:fourier::None:15.0:30:None:binary:0
ex_X_4,frame_00000.png,frame_00119.png,,,,0,decode失敗,QR未検出,0.000845,0.248175,0.647230,0.002448,,fourier,,,15.000000,50,fourier:fourier::None:15.0:50:None:binary:0
ex_X_4,frame_00000.png,frame_00119.png,,,,0,decode失敗,QR未検出,0.000000,0.000000,0.647833,0.000007,,fourier,,,15.000000,70,fourier:fourier::None:15.0:70:None:binary:0
ex_X_4,frame_00000.png,frame_00119.png,,,,0,decode失敗,QR未検出,0.232054,0.327785,0.561961,0.294813,,fourier,,,15.000000,901,fourier:fourier::None:15.0:901:None:binary:0
ex_X_4,frame_00000.png,frame_00119.png,,,,0,decode失敗,QR未検出,0.506071,0.353709,0.500411,0.495199,,fourier,,,15.000000,902,fourier:fourier::None:15.0:902:None:binary:0
ex_X_4,frame_00000.png,frame_00119.png,,,,0,decode失敗,QR未検出,0.048694,0.311717,0.627117,0.078081,,fourier,,,29.992274,30,fourier:fourier::None:29.99227361657706:30:None:binary:0
ex_X_4,frame_00000.png,frame_00119.png,,,,0,decode失敗,QR未検出,0.000060,0.126316,0.647709,0.000391,,fourier,,,29.992274,50,fourier:fourier::None:29.99227361657706:50:None:binary:0
ex_X_4,frame_00000.png,frame_00119.png,,,,0,decode失敗,QR未検出,0.000015,0.272727,0.647824,0.000007,,fourier,,,29.992274,70,fourier:fourier::None:29.99227361657706:70:None:binary:0
ex_X_4,frame_00000.png,frame_00119.png,,,,0,decode失敗,QR未検出,0.153068,0.326083,0.590332,0.214169,,fourier,,,29.992274,901,fourier:fourier::None:29.99227361657706:901:None:binary:0
ex_X_4,frame_00000.png,frame_00119.png,,,,0,decode失敗,QR未検出,0.476261,0.355381,0.511326,0.464293,,fourier,,,29.992274,902,fourier:fourier::None:29.99227361657706:902:None:binary:0
ex_X_8,frame_00000.png,frame_00119.png,,,,0,decode失敗,QR未検出,0.123770,0.348595,0.609970,0.139012,,fourier,,,10.007726,30,fourier:fourier::None:10.007726383422941:30:None:binary:0
ex_X_8,frame_00000.png,frame_00119.png,,,,0,decode失敗,QR未検出,0.000671,0.208012,0.647170,0.001602,,fourier,,,10.007726,50,fourier:fourier::None:10.007726383422941:50:None:binary:0
ex_X_8,frame_00000.png,frame_00119.png,,,,0,decode失敗,QR未検出,0.000000,0.000000,0.647833,0.000000,,fourier,,,10.007726,70,fourier:fourier::None:10.007726383422941:70:None:binary:0
ex_X_8,frame_00000.png,frame_00119.png,,,,0,decode失敗,QR未検出,0.331167,0.344928,0.542968,0.330789,,fourier,,,10.007726,901,fourier:fourier::None:10.007726383422941:901:None:binary:0
ex_X_8,frame_00000.png,frame_00119.png,,,,0,decode失敗,QR未検出,0.508282,0.356519,0.503757,0.491076,,fourier,,,10.007726,902,fourier:fourier::None:10.007726383422941:902:None:binary:0
ex_X_8,frame_00000.png,frame_00119.png,,,,0,decode失敗,QR未検出,0.086930,0.365404,0.625280,0.076233,,fourier,,,15.000000,30,fourier:fourier::None:15.0:30:None:binary:0
ex_X_8,frame_00000.png,frame_00119.png,,,,0,decode失敗,QR未検出,0.002107,0.263354,0.646500,0.004340,,fourier,,,15.000000,50,fourier:fourier::None:15.0:50:None:binary:0
ex_X_8,frame_00000.png,frame_00119.png,,,,0,decode失敗,QR未検出,0.000184,1.000000,0.647898,0.000000,,fourier,,,15.000000,70,fourier:fourier::None:15.0:70:None:binary:0
ex_X_8,frame_00000.png,frame_00119.png,,,,0,decode失敗,QR未検出,0.228701,0.322089,0.558857,0.306297,,fourier,,,15.000000,901,fourier:fourier::None:15.0:901:None:binary:0
ex_X_8,frame_00000.png,frame_00119.png,,,,0,decode失敗,QR未検出,0.496075,0.352006,0.500934,0.507945,,fourier,,,15.000000,902,fourier:fourier::None:15.0:902:None:binary:0
ex_X_8,frame_00000.png,frame_00119.png,,,,0,decode失敗,QR未検出,0.066208,0.327436,0.623257,0.101736,,fourier,,,29.992274,30,fourier:fourier::None:29.99227361657706:30:None:binary:0
ex_X_8,frame_00000.png,frame_00119.png,,,,0,decode失敗,QR未検出,0.000000,0.000000,0.647497,0.000331,,fourier,,,29.992274,50,fourier:fourier::None:29.99227361657706:50:None:binary:0
ex_X_8,frame_00000.png,frame_00119.png,,,,0,decode失敗,QR未検出,0.000000,0.000000,0.647833,0.000000,,fourier,,,29.992274,70,fourier:fourier::None:29.99227361657706:70:None:binary:0
ex_X_8,frame_00000.png,frame_00119.png,,,,0,decode失敗,QR未検出,0.185824,0.340160,0.586332,0.244226,,fourier,,,29.992274,901,fourier:fourier::None:29.99227361657706:901:None:binary:0
ex_X_8,frame_00000.png,frame_00119.png,,,,0,decode失敗,QR未検出,0.471343,0.354323,0.511341,0.462784,,fourier,,,29.992274,902,fourier:fourier::None:29.99227361657706:902:None:binary:0
hocho_B_12,frame_00000.png,frame_00119.png,,,,0,decode失敗,QR未検出,0.148582,0.333635,0.595649,0.177247,,fourier,,,10.007726,30,fourier:fourier::None:10.007726383422941:30:None:binary:0
hocho_B_12,frame_00000.png,frame_00119.png,,,,0,decode失敗,QR未検出,0.001386,0.211684,0.646503,0.003355,,fourier,,,10.007726,50,fourier:fourier::None:10.007726383422941:50:None:binary:0
hocho_B_12,frame_00000.png,frame_00119.png,,,,0,decode失敗,QR未検出,0.000000,0.000000,0.647833,0.000000,,fourier,,,10.007726,70,fourier:fourier::None:10.007726383422941:70:None:binary:0
hocho_B_12,frame_00000.png,frame_00119.png,,,,0,decode失敗,QR未検出,0.351488,0.360203,0.551752,0.345714,,fourier,,,10.007726,901,fourier:fourier::None:10.007726383422941:901:None:binary:0
hocho_B_12,frame_00000.png,frame_00119.png,,,,0,decode失敗,QR未検出,0.512351,0.357508,0.504003,0.499793,,fourier,,,10.007726,902,fourier:fourier::None:10.007726383422941:902:None:binary:0
hocho_B_12,frame_00000.png,frame_00119.png,,,,0,decode失敗,QR未検出,0.266172,0.376759,0.586509,0.260724,,fourier,,,15.000000,30,fourier:fourier::None:15.0:30:None:binary:0
hocho_B_12,frame_00000.png,frame_00119.png,,,,0,decode失敗,QR未検出,0.000079,0.207792,0.647754,0.000117,,fourier,,,15.000000,50,fourier:fourier::None:15.0:50:None:binary:0
hocho_B_12,frame_00000.png,frame_00119.png,,,,0,decode失敗,QR未検出,0.000000,0.000000,0.647833,0.000000,,fourier,,,15.000000,70,fourier:fourier::None:15.0:70:None:binary:0
hocho_B_12,frame_00000.png,frame_00119.png,,,,0,decode失敗,QR未検出,0.353718,0.375562,0.565285,0.338121,,fourier,,,15.000000,901,fourier:fourier::None:15.0:901:None:binary:0
hocho_B_12,frame_00000.png,frame_00119.png,,,,0,decode失敗,QR未検出,0.483113,0.355646,0.509719,0.477635,,fourier,,,15.000000,902,fourier:fourier::None:15.0:902:None:binary:0
hocho_B_12,frame_00000.png,frame_00119.png,,,,0,decode失敗,QR未検出,0.159850,0.388148,0.615389,0.149763,,fourier,,,29.992274,30,fourier:fourier::None:29.99227361657706:30:None:binary:0
hocho_B_12,frame_00000.png,frame_00119.png,,,,0,decode失敗,QR未検出,0.000293,0.242798,0.647614,0.000753,,fourier,,,29.992274,50,fourier:fourier::None:29.99227361657706:50:None:binary:0
hocho_B_12,frame_00000.png,frame_00119.png,,,,0,decode失敗,QR未検出,0.000000,0.000000,0.647833,0.000000,,fourier,,,29.992274,70,fourier:fourier::None:29.99227361657706:70:None:binary:0
hocho_B_12,frame_00000.png,frame_00119.png,,,,0,decode失敗,QR未検出,0.285036,0.387810,0.589755,0.257355,,fourier,,,29.992274,901,fourier:fourier::None:29.99227361657706:901:None:binary:0
hocho_B_12,frame_00000.png,frame_00119.png,,,,0,decode失敗,QR未検出,0.461232,0.350710,0.509546,0.465455,,fourier,,,29.992274,902,fourier:fourier::None:29.99227361657706:902:None:binary:0
hocho_B_4,frame_00000.png,frame_00119.png,,,,0,decode失敗,QR未検出,0.000000,0.000000,0.647831,0.000021,,fourier,,,10.007726,30,fourier:fourier::None:10.007726383422941:30:None:binary:0
hocho_B_4,frame_00000.png,frame_00119.png,,,,0,decode失敗,QR未検出,0.000000,0.000000,0.647833,0.000000,,fourier,,,10.007726,50,fourier:fourier::None:10.007726383422941:50:None:binary:0
hocho_B_4,frame_00000.png,frame_00119.png,,,,0,decode失敗,QR未検出,0.000000,0.000000,0.647833,0.000000,,fourier,,,10.007726,70,fourier:fourier::None:10.007726383422941:70:None:binary:0
hocho_B_4,frame_00000.png,frame_00119.png,,,,0,decode失敗,QR未検出,0.352218,0.344810,0.536180,0.372118,,fourier,,,10.007726,901,fourier:fourier::None:10.007726383422941:901:None:binary:0
hocho_B_4,frame_00000.png,frame_00119.png,,,,0,decode失敗,QR未検出,0.390717,0.348971,0.528733,0.399536,,fourier,,,10.007726,902,fourier:fourier::None:10.007726383422941:902:None:binary:0
hocho_B_4,frame_00000.png,frame_00119.png,,,,0,decode失敗,QR未検出,0.422256,0.346512,0.516095,0.420498,,fourier,,,15.000000,30,fourier:fourier::None:15.0:30:None:binary:0
hocho_B_4,frame_00000.png,frame_00119.png,,,,0,decode失敗,QR未検出,0.000542,0.516588,0.647845,0.000836,,fourier,,,15.000000,50,fourier:fourier::None:15.0:50:None:binary:0
hocho_B_4,frame_00000.png,frame_00119.png,,,,0,decode失敗,QR未検出,0.000000,0.000000,0.647833,0.000000,,fourier,,,15.000000,70,fourier:fourier::None:15.0:70:None:binary:0
hocho_B_4,frame_00000.png,frame_00119.png,,,,0,decode失敗,QR未検出,0.296901,0.342431,0.551608,0.333363,,fourier,,,15.000000,901,fourier:fourier::None:15.0:901:None:binary:0
hocho_B_4,frame_00000.png,frame_00119.png,,,,0,decode失敗,QR未検出,0.491261,0.356067,0.507965,0.489057,,fourier,,,15.000000,902,fourier:fourier::None:15.0:902:None:binary:0
hocho_B_4,frame_00000.png,frame_00119.png,,,,0,decode失敗,QR未検出,0.063589,0.300312,0.618052,0.092745,,fourier,,,29.992274,30,fourier:fourier::None:29.99227361657706:30:None:binary:0
hocho_B_4,frame_00000.png,frame_00119.png,,,,0,decode失敗,QR未検出,0.000045,0.051429,0.647559,0.000350,,fourier,,,29.992274,50,fourier:fourier::None:29.99227361657706:50:None:binary:0
hocho_B_4,frame_00000.png,frame_00119.png,,,,0,decode失敗,QR未検出,0.000000,0.000000,0.647833,0.000000,,fourier,,,29.992274,70,fourier:fourier::None:29.99227361657706:70:None:binary:0
hocho_B_4,frame_00000.png,frame_00119.png,,,,0,decode失敗,QR未検出,0.202637,0.327872,0.572905,0.249344,,fourier,,,29.992274,901,fourier:fourier::None:29.99227361657706:901:None:binary:0
hocho_B_4,frame_00000.png,frame_00119.png,,,,0,decode失敗,QR未検出,0.460825,0.349425,0.507966,0.469730,,fourier,,,29.992274,902,fourier:fourier::None:29.99227361657706:902:None:binary:0
hocho_B_8,frame_00000.png,frame_00119.png,,,,0,decode失敗,QR未検出,0.301551,0.350079,0.556877,0.313637,,fourier,,,10.007726,30,fourier:fourier::None:10.007726383422941:30:None:binary:0
hocho_B_8,frame_00000.png,frame_00119.png,,,,0,decode失敗,QR未検出,0.000392,0.172113,0.647307,0.001084,,fourier,,,10.007726,50,fourier:fourier::None:10.007726383422941:50:None:binary:0
hocho_B_8,frame_00000.png,frame_00119.png,,,,0,decode失敗,QR未検出,0.000000,0.000000,0.647833,0.000000,,fourier,,,10.007726,70,fourier:fourier::None:10.007726383422941:70:None:binary:0
hocho_B_8,frame_00000.png,frame_00119.png,,,,0,decode失敗,QR未検出,0.311349,0.335498,0.540309,0.349931,,fourier,,,10.007726,901,fourier:fourier::None:10.007726383422941:901:None:binary:0
hocho_B_8,frame_00000.png,frame_00119.png,,,,0,decode失敗,QR未検出,0.503746,0.355538,0.503669,0.498362,,fourier,,,10.007726,902,fourier:fourier::None:10.007726383422941:902:None:binary:0
hocho_B_8,frame_00000.png,frame_00119.png,,,,0,decode失敗,QR未検出,0.122151,0.303344,0.592057,0.152931,,fourier,,,15.000000,30,fourier:fourier::None:15.0:30:None:binary:0
hocho_B_8,frame_00000.png,frame_00119.png,,,,0,decode失敗,QR未検出,0.002375,0.274555,0.646460,0.005347,,fourier,,,15.000000,50,fourier:fourier::None:15.0:50:None:binary:0
hocho_B_8,frame_00000.png,frame_00119.png,,,,0,decode失敗,QR未検出,0.000000,0.000000,0.647833,0.000016,,fourier,,,15.000000,70,fourier:fourier::None:15.0:70:None:binary:0
hocho_B_8,frame_00000.png,frame_00119.png,,,,0,decode失敗,QR未検出,0.271105,0.357826,0.571964,0.301569,,fourier,,,15.000000,901,fourier:fourier::None:15.0:901:None:binary:0
hocho_B_8,frame_00000.png,frame_00119.png,,,,0,decode失敗,QR未検出,0.500502,0.352987,0.501015,0.497382,,fourier,,,15.000000,902,fourier:fourier::None:15.0:902:None:binary:0
hocho_B_8,frame_00000.png,frame_00119.png,,,,0,decode失敗,QR未検出,0.082936,0.301655,0.609424,0.124675,,fourier,,,29.992274,30,fourier:fourier::None:29.99227361657706:30:None:binary:0
hocho_B_8,frame_00000.png,frame_00119.png,,,,0,decode失敗,QR未検出,0.000507,0.208163,0.647333,0.000859,,fourier,,,29.992274,50,fourier:fourier::None:29.99227361657706:50:None:binary:0
hocho_B_8,frame_00000.png,frame_00119.png,,,,0,decode失敗,QR未検出,0.000000,0.000000,0.647833,0.000000,,fourier,,,29.992274,70,fourier:fourier::None:29.99227361657706:70:None:binary:0
hocho_B_8,frame_00000.png,frame_00119.png,,,,0,decode失敗,QR未検出,0.190410,0.332578,0.580320,0.238560,,fourier,,,29.992274,901,fourier:fourier::None:29.99227361657706:901:None:binary:0
hocho_B_8,frame_00000.png,frame_00119.png,,,,0,decode失敗,QR未検出,0.457794,0.350322,0.510068,0.465958,,fourier,,,29.992274,902,fourier:fourier::None:29.99227361657706:902:None:binary:0
hocho_G_12,frame_00000.png,frame_00119.png,,,,0,decode失敗,QR未検出,0.067693,0.289297,0.613107,0.110657,,fourier,,,10.007726,30,fourier:fourier::None:10.007726383422941:30:None:binary:0
hocho_G_12,frame_00000.png,frame_00119.png,,,,0,decode失敗,QR未検出,0.002201,0.248040,0.646259,0.005372,,fourier,,,10.007726,50,fourier:fourier::None:10.007726383422941:50:None:binary:0
hocho_G_12,frame_00000.png,frame_00119.png,,,,0,decode失敗,QR未検出,0.000000,0.000000,0.647833,0.000085,,fourier,,,10.007726,70,fourier:fourier::None:10.007726383422941:70:None:binary:0
hocho_G_12,frame_00000.png,frame_00119.png,,,,0,decode失敗,QR未検出,0.336925,0.355212,0.551104,0.337804,,fourier,,,10.007726,901,fourier:fourier::None:10.007726383422941:901:None:binary:0
hocho_G_12,frame_00000.png,frame_00119.png,,,,0,decode失敗,QR未検出,0.512535,0.355623,0.501276,0.506943,,fourier,,,10.007726,902,fourier:fourier::None:10.007726383422941:902:None:binary:0
hocho_G_12,frame_00000.png,frame_00119.png,,,,0,decode失敗,QR未検出,0.177751,0.332370,0.584691,0.212316,,fourier,,,15.000000,30,fourier:fourier::None:15.0:30:None:binary:0
hocho_G_12,frame_00000.png,frame_00119.png,,,,0,decode失敗,QR未検出,0.000000,0.000000,0.647693,0.000307,,fourier,,,15.000000,50,fourier:fourier::None:15.0:50:None:binary:0
hocho_G_12,frame_00000.png,frame_00119.png,,,,0,decode失敗,QR未検出,0.000000,0.000000,0.647833,0.000000,,fourier,,,15.000000,70,fourier:fourier::None:15.0:70:None:binary:0
hocho_G_12,frame_00000.png,frame_00119.png,,,,0,decode失敗,QR未検出,0.300443,0.346517,0.554103,0.321448,,fourier,,,15.000000,901,fourier:fourier::None:15.0:901:None:binary:0
hocho_G_12,frame_00000.png,frame_00119.png,,,,0,decode失敗,QR未検出,0.485050,0.353937,0.506846,0.482138,,fourier,,,15.000000,902,fourier:fourier::None:15.0:902:None:binary:0
hocho_G_12,frame_00000.png,frame_00119.png,,,,0,decode失敗,QR未検出,0.059426,0.355527,0.630825,0.076273,,fourier,,,29.992274,30,fourier:fourier::None:29.99227361657706:30:None:binary:0
hocho_G_12,frame_00000.png,frame_00119.png,,,,0,decode失敗,QR未検出,0.000079,0.307692,0.647798,0.000510,,fourier,,,29.992274,50,fourier:fourier::None:29.99227361657706:50:None:binary:0
hocho_G_12,frame_00000.png,frame_00119.png,,,,0,decode失敗,QR未検出,0.000000,0.000000,0.647833,0.000000,,fourier,,,29.992274,70,fourier:fourier::None:29.99227361657706:70:None:binary:0
hocho_G_12,frame_00000.png,frame_00119.png,,,,0,decode失敗,QR未検出,0.239661,0.371691,0.589562,0.246181,,fourier,,,29.992274,901,fourier:fourier::None:29.99227361657706:901:None:binary:0
hocho_G_12,frame_00000.png,frame_00119.png,,,,0,decode失敗,QR未検出,0.454893,0.347556,0.507301,0.467824,,fourier,,,29.992274,902,fourier:fourier::None:29.99227361657706:902:None:binary:0
hocho_G_4,frame_00000.png,frame_00119.png,,,,0,decode失敗,QR未検出,0.000000,0.000000,0.647833,0.000004,,fourier,,,10.007726,30,fourier:fourier::None:10.007726383422941:30:None:binary:0
hocho_G_4,frame_00000.png,frame_00119.png,,,,0,decode失敗,QR未検出,0.000000,0.000000,0.647833,0.000000,,fourier,,,10.007726,50,fourier:fourier::None:10.007726383422941:50:None:binary:0
hocho_G_4,frame_00000.png,frame_00119.png,,,,0,decode失敗,QR未検出,0.000000,0.000000,0.647833,0.000000,,fourier,,,10.007726,70,fourier:fourier::None:10.007726383422941:70:None:binary:0
hocho_G_4,frame_00000.png,frame_00119.png,,,,0,decode失敗,QR未検出,0.346773,0.345526,0.538640,0.377659,,fourier,,,10.007726,901,fourier:fourier::None:10.007726383422941:901:None:binary:0
hocho_G_4,frame_00000.png,frame_00119.png,,,,0,decode失敗,QR未検出,0.381446,0.350019,0.532712,0.392968,,fourier,,,10.007726,902,fourier:fourier::None:10.007726383422941:902:None:binary:0
hocho_G_4,frame_00000.png,frame_00119.png,,,,0,decode失敗,QR未検出,0.111444,0.330865,0.607708,0.133201,,fourier,,,15.000000,30,fourier:fourier::None:15.0:30:None:binary:0
hocho_G_4,frame_00000.png,frame_00119.png,,,,0,decode失敗,QR未検出,0.005430,0.380704,0.646635,0.007213,,fourier,,,15.000000,50,fourier:fourier::None:15.0:50:None:binary:0
hocho_G_4,frame_00000.png,frame_00119.png,,,,0,decode失敗,QR未検出,0.000060,0.444444,0.647828,0.000013,,fourier,,,15.000000,70,fourier:fourier::None:15.0:70:None:binary:0
hocho_G_4,frame_00000.png,frame_00119.png,,,,0,decode失敗,QR未検出,0.327481,0.364532,0.562117,0.335896,,fourier,,,15.000000,901,fourier:fourier::None:15.0:901:None:binary:0
hocho_G_4,frame_00000.png,frame_00119.png,,,,0,decode失敗,QR未検出,0.488166,0.352980,0.504624,0.490827,,fourier,,,15.000000,902,fourier:fourier::None:15.0:902:None:binary:0
hocho_G_4,frame_00000.png,frame_00119.png,,,,0,decode失敗,QR未検出,0.078767,0.350659,0.624206,0.101767,,fourier,,,29.992274,30,fourier:fourier::None:29.99227361657706:30:None:binary:0
hocho_G_4,frame_00000.png,frame_00119.png,,,,0,decode失敗,QR未検出,0.000373,0.405405,0.647772,0.000498,,fourier,,,29.992274,50,fourier:fourier::None:29.99227361657706:50:None:binary:0
hocho_G_4,frame_00000.png,frame_00119.png,,,,0,decode失敗,QR未検出,0.000000,0.000000,0.647833,0.000000,,fourier,,,29.992274,70,fourier:fourier::None:29.99227361657706:70:None:binary:0
hocho_G_4,frame_00000.png,frame_00119.png,,,,0,decode失敗,QR未検出,0.241718,0.350976,0.575546,0.278059,,fourier,,,29.992274,901,fourier:fourier::None:29.99227361657706:901:None:binary:0
hocho_G_4,frame_00000.png,frame_00119.png,,,,0,decode失敗,QR未検出,0.472729,0.348465,0.503041,0.482489,,fourier,,,29.992274,902,fourier:fourier::None:29.99227361657706:902:None:binary:0
hocho_G_8,frame_00000.png,frame_00119.png,,,,0,decode失敗,QR未検出,0.000144,0.358025,0.647793,0.000267,,fourier,,,10.007726,30,fourier:fourier::None:10.007726383422941:30:None:binary:0
hocho_G_8,frame_00000.png,frame_00119.png,,,,0,decode失敗,QR未検出,0.000000,0.000000,0.647833,0.000000,,fourier,,,10.007726,50,fourier:fourier::None:10.007726383422941:50:None:binary:0
hocho_G_8,frame_00000.png,frame_00119.png,,,,0,decode失敗,QR未検出,0.000000,0.000000,0.647833,0.000000,,fourier,,,10.007726,70,fourier:fourier::None:10.007726383422941:70:None:binary:0
hocho_G_8,frame_00000.png,frame_00119.png,,,,0,decode失敗,QR未検出,0.312814,0.345985,0.549755,0.339314,,fourier,,,10.007726,901,fourier:fourier::None:10.007726383422941:901:None:binary:0
hocho_G_8,frame_00000.png,frame_00119.png,,,,0,decode失敗,QR未検出,0.412180,0.351719,0.525440,0.415005,,fourier,,,10.007726,902,fourier:fourier::None:10.007726383422941:902:None:binary:0
hocho_G_8,frame_00000.png,frame_00119.png,,,,0,decode失敗,QR未検出,0.083482,0.310775,0.612031,0.109672,,fourier,,,15.000000,30,fourier:fourier::None:15.0:30:None:binary:0
hocho_G_8,frame_00000.png,frame_00119.png,,,,0,decode失敗,QR未検出,0.002931,0.211470,0.645016,0.007635,,fourier,,,15.000000,50,fourier:fourier::None:15.0:50:None:binary:0
hocho_G_8,frame_00000.png,frame_00119.png,,,,0,decode失敗,QR未検出,0.000000,0.000000,0.647833,0.000079,,fourier,,,15.000000,70,fourier:fourier::None:15.0:70:None:binary:0
hocho_G_8,frame_00000.png,frame_00119.png,,,,0,decode失敗,QR未検出,0.280868,0.334501,0.549957,0.324266,,fourier,,,15.000000,901,fourier:fourier::None:15.0:901:None:binary:0
hocho_G_8,frame_00000.png,frame_00119.png,,,,0,decode失敗,QR未検出,0.505286,0.355598,0.503312,0.502460,,fourier,,,15.000000,902,fourier:fourier::None:15.0:902:None:binary:0
hocho_G_8,frame_00000.png,frame_00119.png,,,,0,decode失敗,QR未検出,0.057215,0.313378,0.623835,0.086327,,fourier,,,29.992274,30,fourier:fourier::None:29.99227361657706:30:None:binary:0
hocho_G_8,frame_00000.png,frame_00119.png,,,,0,decode失敗,QR未検出,0.000248,0.769231,0.647894,0.000238,,fourier,,,29.992274,50,fourier:fourier::None:29.99227361657706:50:None:binary:0
hocho_G_8,frame_00000.png,frame_00119.png,,,,0,decode失敗,QR未検出,0.000000,0.000000,0.647833,0.000000,,fourier,,,29.992274,70,fourier:fourier::None:29.99227361657706:70:None:binary:0
hocho_G_8,frame_00000.png,frame_00119.png,,,,0,decode失敗,QR未検出,0.223350,0.341085,0.574539,0.266285,,fourier,,,29.992274,901,fourier:fourier::None:29.99227361657706:901:None:binary:0
hocho_G_8,frame_00000.png,frame_00119.png,,,,0,decode失敗,QR未検出,0.462768,0.346923,0.504014,0.473136,,fourier,,,29.992274,902,fourier:fourier::None:29.99227361657706:902:None:binary:0
hocho_I_12,frame_00000.png,frame_00119.png,,,,0,decode失敗,QR未検出,0.096057,0.318549,0.609295,0.133857,,fourier,,,10.007726,30,fourier:fourier::None:10.007726383422941:30:None:binary:0
hocho_I_12,frame_00000.png,frame_00119.png,,,,0,decode失敗,QR未検出,0.001774,0.203883,0.646019,0.005328,,fourier,,,10.007726,50,fourier:fourier::None:10.007726383422941:50:None:binary:0
hocho_I_12,frame_00000.png,frame_00119.png,,,,0,decode失敗,QR未検出,0.000000,0.000000,0.647793,0.000052,,fourier,,,10.007726,70,fourier:fourier::None:10.007726383422941:70:None:binary:0
hocho_I_12,frame_00000.png,frame_00119.png,,,,0,decode失敗,QR未検出,0.360252,0.346657,0.535594,0.362115,,fourier,,,10.007726,901,fourier:fourier::None:10.007726383422941:901:None:binary:0
hocho_I_12,frame_00000.png,frame_00119.png,,,,0,decode失敗,QR未検出,0.512187,0.356946,0.503254,0.504709,,fourier,,,10.007726,902,fourier:fourier::None:10.007726383422941:902:None:binary:0
hocho_I_12,frame_00000.png,frame_00119.png,,,,0,decode失敗,QR未検出,0.258849,0.346721,0.567235,0.296783,,fourier,,,15.000000,30,fourier:fourier::None:15.0:30:None:binary:0
hocho_I_12,frame_00000.png,frame_00119.png,,,,0,decode失敗,QR未検出,0.000109,0.255814,0.647760,0.000296,,fourier,,,15.000000,50,fourier:fourier::None:15.0:50:None:binary:0
hocho_I_12,frame_00000.png,frame_00119.png,,,,0,decode失敗,QR未検出,0.000000,0.000000,0.647833,0.000000,,fourier,,,15.000000,70,fourier:fourier::None:15.0:70:None:binary:0
hocho_I_12,frame_00000.png,frame_00119.png,,,,0,decode失敗,QR未検出,0.300716,0.348122,0.555428,0.336164,,fourier,,,15.000000,901,fourier:fourier::None:15.0:901:None:binary:0
hocho_I_12,frame_00000.png,frame_00119.png,,,,0,decode失敗,QR未検出,0.482944,0.354509,0.508234,0.482387,,fourier,,,15.000000,902,fourier:fourier::None:15.0:902:None:binary:0
hocho_I_12,frame_00000.png,frame_00119.png,,,,0,decode失敗,QR未検出,0.108085,0.308188,0.600452,0.155196,,fourier,,,29.992274,30,fourier:fourier::None:29.99227361657706:30:None:binary:0
hocho_I_12,frame_00000.png,frame_00119.png,,,,0,decode失敗,QR未検出,0.000760,0.488818,0.647821,0.000939,,fourier,,,29.992274,50,fourier:fourier::None:29.99227361657706:50:None:binary:0
hocho_I_12,frame_00000.png,frame_00119.png,,,,0,decode失敗,QR未検出,0.000000,0.000000,0.647833,0.000000,,fourier,,,29.992274,70,fourier:fourier::None:29.99227361657706:70:None:binary:0
hocho_I_12,frame_00000.png,frame_00119.png,,,,0,decode失敗,QR未検出,0.185273,0.328098,0.579463,0.233678,,fourier,,,29.992274,901,fourier:fourier::None:29.99227361657706:901:None:binary:0
hocho_I_12,frame_00000.png,frame_00119.png,,,,0,decode失敗,QR未検出,0.447574,0.344878,0.506042,0.465043,,fourier,,,29.992274,902,fourier:fourier::None:29.99227361657706:902:None:binary:0
hocho_I_4,frame_00000.png,frame_00119.png,,,,0,decode失敗,QR未検出,0.516584,0.356846,0.501870,0.512952,,fourier,,,10.007726,30,fourier:fourier::None:10.007726383422941:30:None:binary:0
hocho_I_4,frame_00000.png,frame_00119.png,,,,0,decode失敗,QR未検出,0.000338,0.190476,0.647447,0.000676,,fourier,,,10.007726,50,fourier:fourier::None:10.007726383422941:50:None:binary:0
hocho_I_4,frame_00000.png,frame_00119.png,,,,0,decode失敗,QR未検出,0.000000,0.000000,0.647833,0.000000,,fourier,,,10.007726,70,fourier:fourier::None:10.007726383422941:70:None:binary:0
hocho_I_4,frame_00000.png,frame_00119.png,,,,0,decode失敗,QR未検出,0.331192,0.352510,0.550233,0.349216,,fourier,,,10.007726,901,fourier:fourier::None:10.007726383422941:901:None:binary:0
hocho_I_4,frame_00000.png,frame_00119.png,,,,0,decode失敗,QR未検出,0.472888,0.353992,0.510454,0.478142,,fourier,,,10.007726,902,fourier:fourier::None:10.007726383422941:902:None:binary:0
hocho_I_4,frame_00000.png,frame_00119.png,,,,0,decode失敗,QR未検出,0.232353,0.323410,0.558474,0.263107,,fourier,,,15.000000,30,fourier:fourier::None:15.0:30:None:binary:0
hocho_I_4,frame_00000.png,frame_00119.png,,,,0,decode失敗,QR未検出,0.001779,0.356219,0.647328,0.002594,,fourier,,,15.000000,50,fourier:fourier::None:15.0:50:None:binary:0
hocho_I_4,frame_00000.png,frame_00119.png,,,,0,decode失敗,QR未検出,0.000000,0.000000,0.647833,0.000000,,fourier,,,15.000000,70,fourier:fourier::None:15.0:70:None:binary:0
hocho_I_4,frame_00000.png,frame_00119.png,,,,0,decode失敗,QR未検出,0.311672,0.366603,0.567955,0.318786,,fourier,,,15.000000,901,fourier:fourier::None:15.0:901:None:binary:0
hocho_I_4,frame_00000.png,frame_00119.png,,,,0,decode失敗,QR未検出,0.485686,0.354002,0.506750,0.486857,,fourier,,,15.000000,902,fourier:fourier::None:15.0:902:None:binary:0
hocho_I_4,frame_00000.png,frame_00119.png,,,,0,decode失敗,QR未検出,0.031380,0.302882,0.633449,0.045409,,fourier,,,29.992274,30,fourier:fourier::None:29.99227361657706:30:None:binary:0
hocho_I_4,frame_00000.png,frame_00119.png,,,,0,decode失敗,QR未検出,0.000020,0.108108,0.647782,0.000146,,fourier,,,29.992274,50,fourier:fourier::None:29.99227361657706:50:None:binary:0
hocho_I_4,frame_00000.png,frame_00119.png,,,,0,decode失敗,QR未検出,0.000000,0.000000,0.647833,0.000000,,fourier,,,29.992274,70,fourier:fourier::None:29.99227361657706:70:None:binary:0
hocho_I_4,frame_00000.png,frame_00119.png,,,,0,decode失敗,QR未検出,0.251247,0.350055,0.572032,0.278700,,fourier,,,29.992274,901,fourier:fourier::None:29.99227361657706:901:None:binary:0
hocho_I_4,frame_00000.png,frame_00119.png,,,,0,decode失敗,QR未検出,0.492160,0.354013,0.504885,0.490613,,fourier,,,29.992274,902,fourier:fourier::None:29.99227361657706:902:None:binary:0
hocho_I_8,frame_00000.png,frame_00119.png,,,,0,decode失敗,QR未検出,0.156193,0.332252,0.592290,0.181885,,fourier,,,10.007726,30,fourier:fourier::None:10.007726383422941:30:None:binary:0
hocho_I_8,frame_00000.png,frame_00119.png,,,,0,decode失敗,QR未検出,0.001182,0.155759,0.645993,0.003986,,fourier,,,10.007726,50,fourier:fourier::None:10.007726383422941:50:None:binary:0
hocho_I_8,frame_00000.png,frame_00119.png,,,,0,decode失敗,QR未検出,0.000000,0.000000,0.647833,0.000012,,fourier,,,10.007726,70,fourier:fourier::None:10.007726383422941:70:None:binary:0
hocho_I_8,frame_00000.png,frame_00119.png,,,,0,decode失敗,QR未検出,0.332096,0.337891,0.535613,0.359353,,fourier,,,10.007726,901,fourier:fourier::None:10.007726383422941:901:None:binary:0
hocho_I_8,frame_00000.png,frame_00119.png,,,,0,decode失敗,QR未検出,0.504780,0.355396,0.503174,0.499543,,fourier,,,10.007726,902,fourier:fourier::None:10.007726383422941:902:None:binary:0
hocho_I_8,frame_00000.png,frame_00119.png,,,,0,decode失敗,QR未検出,0.182580,0.333004,0.583344,0.197391,,fourier,,,15.000000,30,fourier:fourier::None:15.0:30:None:binary:0
hocho_I_8,frame_00000.png,frame_00119.png,,,,0,decode失敗,QR未検出,0.002817,0.359316,0.647056,0.003960,,fourier,,,15.000000,50,fourier:fourier::None:15.0:50:None:binary:0
hocho_I_8,frame_00000.png,frame_00119.png,,,,0,decode失敗,QR未検出,0.000000,0.000000,0.647833,0.000000,,fourier,,,15.000000,70,fourier:fourier::None:15.0:70:None:binary:0
hocho_I_8,frame_00000.png,frame_00119.png,,,,0,decode失敗,QR未検出,0.280689,0.349881,0.563009,0.311904,,fourier,,,15.000000,901,fourier:fourier::None:15.0:901:None:binary:0
hocho_I_8,frame_00000.png,frame_00119.png,,,,0,decode失敗,QR未検出,0.503056,0.355504,0.503820,0.499328,,fourier,,,15.000000,902,fourier:fourier::None:15.0:902:None:binary:0
hocho_I_8,frame_00000.png,frame_00119.png,,,,0,decode失敗,QR未検出,0.045142,0.314058,0.629008,0.064391,,fourier,,,29.992274,30,fourier:fourier::None:29.99227361657706:30:None:binary:0
hocho_I_8,frame_00000.png,frame_00119.png,,,,0,decode失敗,QR未検出,0.000209,0.221053,0.647648,0.000339,,fourier,,,29.992274,50,fourier:fourier::None:29.99227361657706:50:None:binary:0
hocho_I_8,frame_00000.png,frame_00119.png,,,,0,decode失敗,QR未検出,0.000000,0.000000,0.647830,0.000002,,fourier,,,29.992274,70,fourier:fourier::None:29.99227361657706:70:None:binary:0
hocho_I_8,frame_00000.png,frame_00119.png,,,,0,decode失敗,QR未検出,0.204798,0.331777,0.574695,0.253233,,fourier,,,29.992274,901,fourier:fourier::None:29.99227361657706:901:None:binary:0
hocho_I_8,frame_00000.png,frame_00119.png,,,,0,decode失敗,QR未検出,0.467582,0.349438,0.505933,0.475670,,fourier,,,29.992274,902,fourier:fourier::None:29.99227361657706:902:None:binary:0
hocho_R_12,frame_00000.png,frame_00119.png,,,,0,decode失敗,QR未検出,0.019814,0.301299,0.638630,0.029824,,fourier,,,10.007726,30,fourier:fourier::None:10.007726383422941:30:None:binary:0
hocho_R_12,frame_00000.png,frame_00119.png,,,,0,decode失敗,QR未検出,0.000000,0.000000,0.647833,0.000000,,fourier,,,10.007726,50,fourier:fourier::None:10.007726383422941:50:None:binary:0
hocho_R_12,frame_00000.png,frame_00119.png,,,,0,decode失敗,QR未検出,0.000000,0.000000,0.647833,0.000000,,fourier,,,10.007726,70,fourier:fourier::None:10.007726383422941:70:None:binary:0
hocho_R_12,frame_00000.png,frame_00119.png,,,,0,decode失敗,QR未検出,0.371251,0.340452,0.525291,0.390739,,fourier,,,10.007726,901,fourier:fourier::None:10.007726383422941:901:None:binary:0
hocho_R_12,frame_00000.png,frame_00119.png,,,,0,decode失敗,QR未検出,0.443317,0.355576,0.521010,0.450724,,fourier,,,10.007726,902,fourier:fourier::None:10.007726383422941:902:None:binary:0
hocho_R_12,frame_00000.png,frame_00119.png,,,,0,decode失敗,QR未検出,0.135958,0.306982,0.587624,0.182964,,fourier,,,15.000000,30,fourier:fourier::None:15.0:30:None:binary:0
hocho_R_12,frame_00000.png,frame_00119.png,,,,0,decode失敗,QR未検出,0.004437,0.377750,0.646822,0.005384,,fourier,,,15.000000,50,fourier:fourier::None:15.0:50:None:binary:0
hocho_R_12,frame_00000.png,frame_00119.png,,,,0,decode失敗,QR未検出,0.000000,0.000000,0.647833,0.000040,,fourier,,,15.000000,70,fourier:fourier::None:15.0:70:None:binary:0
hocho_R_12,frame_00000.png,frame_00119.png,,,,0,decode失敗,QR未検出,0.348621,0.369789,0.561371,0.347778,,fourier,,,15.000000,901,fourier:fourier::None:15.0:901:None:binary:0
hocho_R_12,frame_00000.png,frame_00119.png,,,,0,decode失敗,QR未検出,0.473698,0.348794,0.503197,0.485543,,fourier,,,15.000000,902,fourier:fourier::None:15.0:902:None:binary:0
hocho_R_12,frame_00000.png,frame_00119.png,,,,0,decode失敗,QR未検出,0.111414,0.328779,0.606966,0.141187,,fourier,,,29.992274,30,fourier:fourier::None:29.99227361657706:30:None:binary:0
hocho_R_12,frame_00000.png,frame_00119.png,,,,0,decode失敗,QR未検出,0.000909,0.498638,0.647831,0.000630,,fourier,,,29.992274,50,fourier:fourier::None:29.99227361657706:50:None:binary:0
hocho_R_12,frame_00000.png,frame_00119.png,,,,0,decode失敗,QR未検出,0.000000,0.000000,0.647833,0.000000,,fourier,,,29.992274,70,fourier:fourier::None:29.99227361657706:70:None:binary:0
hocho_R_12,frame_00000.png,frame_00119.png,,,,0,decode失敗,QR未検出,0.232740,0.346146,0.574972,0.263795,,fourier,,,29.992274,901,fourier:fourier::None:29.99227361657706:901:None:binary:0
hocho_R_12,frame_00000.png,frame_00119.png,,,,0,decode失敗,QR未検出,0.532160,0.360036,0.502122,0.516877,,fourier,,,29.992274,902,fourier:fourier::None:29.99227361657706:902:None:binary:0
hocho_R_4,frame_00000.png,frame_00119.png,,,,0,decode失敗,QR未検出,0.001908,0.240000,0.646377,0.004308,,fourier,,,10.007726,30,fourier:fourier::None:10.007726383422941:30:None:binary:0
hocho_R_4,frame_00000.png,frame_00119.png,,,,0,decode失敗,QR未検出,0.000000,0.000000,0.647833,0.000000,,fourier,,,10.007726,50,fourier:fourier::None:10.007726383422941:50:None:binary:0
hocho_R_4,frame_00000.png,frame_00119.png,,,,0,decode失敗,QR未検出,0.000000,0.000000,0.647833,0.000000,,fourier,,,10.007726,70,fourier:fourier::None:10.007726383422941:70:None:binary:0
hocho_R_4,frame_00000.png,frame_00119.png,,,,0,decode失敗,QR未検出,0.317698,0.347786,0.549899,0.338489,,fourier,,,10.007726,901,fourier:fourier::None:10.007726383422941:901:None:binary:0
hocho_R_4,frame_00000.png,frame_00119.png,,,,0,decode失敗,QR未検出,0.435049,0.355470,0.523246,0.434437,,fourier,,,10.007726,902,fourier:fourier::None:10.007726383422941:902:None:binary:0
hocho_R_4,frame_00000.png,frame_00119.png,,,,0,decode失敗,QR未検出,0.200411,0.320864,0.569026,0.236874,,fourier,,,15.000000,30,fourier:fourier::None:15.0:30:None:binary:0
hocho_R_4,frame_00000.png,frame_00119.png,,,,0,decode失敗,QR未検出,0.002121,0.334116,0.647091,0.003859,,fourier,,,15.000000,50,fourier:fourier::None:15.0:50:None:binary:0
hocho_R_4,frame_00000.png,frame_00119.png,,,,0,decode失敗,QR未検出,0.000000,0.000000,0.647833,0.000018,,fourier,,,15.000000,70,fourier:fourier::None:15.0:70:None:binary:0
hocho_R_4,frame_00000.png,frame_00119.png,,,,0,decode失敗,QR未検出,0.312894,0.358896,0.561188,0.330461,,fourier,,,15.000000,901,fourier:fourier::None:15.0:901:None:binary:0
hocho_R_4,frame_00000.png,frame_00119.png,,,,0,decode失敗,QR未検出,0.489586,0.354626,0.506474,0.486542,,fourier,,,15.000000,902,fourier:fourier::None:15.0:902:None:binary:0
hocho_R_4,frame_00000.png,frame_00119.png,,,,0,decode失敗,QR未検出,0.010110,0.314869,0.643646,0.013106,,fourier,,,29.992274,30,fourier:fourier::None:29.99227361657706:30:None:binary:0
hocho_R_4,frame_00000.png,frame_00119.png,,,,0,decode失敗,QR未検出,0.000164,0.846154,0.647880,0.000026,,fourier,,,29.992274,50,fourier:fourier::None:29.99227361657706:50:None:binary:0
hocho_R_4,frame_00000.png,frame_00119.png,,,,0,decode失敗,QR未検出,0.000000,0.000000,0.647833,0.000000,,fourier,,,29.992274,70,fourier:fourier::None:29.99227361657706:70:None:binary:0
hocho_R_4,frame_00000.png,frame_00119.png,,,,0,decode失敗,QR未検出,0.240868,0.348428,0.574032,0.268397,,fourier,,,29.992274,901,fourier:fourier::None:29.99227361657706:901:None:binary:0
hocho_R_4,frame_00000.png,frame_00119.png,,,,0,decode失敗,QR未検出,0.502504,0.355196,0.503545,0.497174,,fourier,,,29.992274,902,fourier:fourier::None:29.99227361657706:902:None:binary:0
hocho_R_8,frame_00000.png,frame_00119.png,,,,0,decode失敗,QR未検出,0.074639,0.346952,0.624643,0.091036,,fourier,,,10.007726,30,fourier:fourier::None:10.007726383422941:30:None:binary:0
hocho_R_8,frame_00000.png,frame_00119.png,,,,0,decode失敗,QR未検出,0.000020,0.307692,0.647824,0.000030,,fourier,,,10.007726,50,fourier:fourier::None:10.007726383422941:50:None:binary:0
hocho_R_8,frame_00000.png,frame_00119.png,,,,0,decode失敗,QR未検出,0.000000,0.000000,0.647833,0.000000,,fourier,,,10.007726,70,fourier:fourier::None:10.007726383422941:70:None:binary:0
hocho_R_8,frame_00000.png,frame_00119.png,,,,0,decode失敗,QR未検出,0.355875,0.363015,0.553248,0.352354,,fourier,,,10.007726,901,fourier:fourier::None:10.007726383422941:901:None:binary:0
hocho_R_8,frame_00000.png,frame_00119.png,,,,0,decode失敗,QR未検出,0.459200,0.354589,0.515199,0.461978,,fourier,,,10.007726,902,fourier:fourier::None:10.007726383422941:902:None:binary:0
hocho_R_8,frame_00000.png,frame_00119.png,,,,0,decode失敗,QR未検出,0.109760,0.295589,0.594372,0.137522,,fourier,,,15.000000,30,fourier:fourier::None:15.0:30:None:binary:0
hocho_R_8,frame_00000.png,frame_00119.png,,,,0,decode失敗,QR未検出,0.003865,0.197713,0.643671,0.009476,,fourier,,,15.000000,50,fourier:fourier::None:15.0:50:None:binary:0
hocho_R_8,frame_00000.png,frame_00119.png,,,,0,decode失敗,QR未検出,0.000000,0.000000,0.647833,0.000022,,fourier,,,15.000000,70,fourier:fourier::None:15.0:70:None:binary:0
hocho_R_8,frame_00000.png,frame_00119.png,,,,0,decode失敗,QR未検出,0.291162,0.345441,0.556077,0.327184,,fourier,,,15.000000,901,fourier:fourier::None:15.0:901:None:binary:0
hocho_R_8,frame_00000.png,frame_00119.png,,,,0,decode失敗,QR未検出,0.480027,0.349561,0.502327,0.490220,,fourier,,,15.000000,902,fourier:fourier::None:15.0:902:None:binary:0
hocho_R_8,frame_00000.png,frame_00119.png,,,,0,decode失敗,QR未検出,0.064523,0.327269,0.623847,0.084840,,fourier,,,29.992274,30,fourier:fourier::None:29.99227361657706:30:None:binary:0
hocho_R_8,frame_00000.png,frame_00119.png,,,,0,decode失敗,QR未検出,0.000154,0.167568,0.647618,0.000475,,fourier,,,29.992274,50,fourier:fourier::None:29.99227361657706:50:None:binary:0
hocho_R_8,frame_00000.png,frame_00119.png,,,,0,decode失敗,QR未検出,0.000030,0.146341,0.647782,0.000031,,fourier,,,29.992274,70,fourier:fourier::None:29.99227361657706:70:None:binary:0
hocho_R_8,frame_00000.png,frame_00119.png,,,,0,decode失敗,QR未検出,0.228994,0.345520,0.575722,0.261534,,fourier,,,29.992274,901,fourier:fourier::None:29.99227361657706:901:None:binary:0
hocho_R_8,frame_00000.png,frame_00119.png,,,,0,decode失敗,QR未検出,0.481533,0.351149,0.504064,0.486656,,fourier,,,29.992274,902,fourier:fourier::None:29.99227361657706:902:None:binary:0
hocho_X_12,frame_00000.png,frame_00119.png,,,,0,decode失敗,QR未検出,0.085932,0.295103,0.605810,0.125472,,fourier,,,10.007726,30,fourier:fourier::None:10.007726383422941:30:None:binary:0
hocho_X_12,frame_00000.png,frame_00119.png,,,,0,decode失敗,QR未検出,0.001073,0.140625,0.645902,0.005518,,fourier,,,10.007726,50,fourier:fourier::None:10.007726383422941:50:None:binary:0
hocho_X_12,frame_00000.png,frame_00119.png,,,,0,decode失敗,QR未検出,0.000000,0.000000,0.647833,0.000018,,fourier,,,10.007726,70,fourier:fourier::None:10.007726383422941:70:None:binary:0
hocho_X_12,frame_00000.png,frame_00119.png,,,,0,decode失敗,QR未検出,0.315438,0.332360,0.535770,0.355244,,fourier,,,10.007726,901,fourier:fourier::None:10.007726383422941:901:None:binary:0
hocho_X_12,frame_00000.png,frame_00119.png,,,,0,decode失敗,QR未検出,0.512277,0.358004,0.504722,0.502183,,fourier,,,10.007726,902,fourier:fourier::None:10.007726383422941:902:None:binary:0
hocho_X_12,frame_00000.png,frame_00119.png,,,,0,decode失敗,QR未検出,0.117853,0.322397,0.602106,0.144480,,fourier,,,15.000000,30,fourier:fourier::None:15.0:30:None:binary:0
hocho_X_12,frame_00000.png,frame_00119.png,,,,0,decode失敗,QR未検出,0.001441,0.152391,0.645518,0.005742,,fourier,,,15.000000,50,fourier:fourier::None:15.0:50:None:binary:0
hocho_X_12,frame_00000.png,frame_00119.png,,,,0,decode失敗,QR未検出,0.000000,0.000000,0.647781,0.000048,,fourier,,,15.000000,70,fourier:fourier::None:15.0:70:None:binary:0
hocho_X_12,frame_00000.png,frame_00119.png,,,,0,decode失敗,QR未検出,0.282945,0.340977,0.554891,0.330794,,fourier,,,15.000000,901,fourier:fourier::None:15.0:901:None:binary:0
hocho_X_12,frame_00000.png,frame_00119.png,,,,0,decode失敗,QR未検出,0.504894,0.354935,0.502492,0.499974,,fourier,,,15.000000,902,fourier:fourier::None:15.0:902:None:binary:0
hocho_X_12,frame_00000.png,frame_00119.png,,,,0,decode失敗,QR未検出,0.035190,0.306173,0.632142,0.061015,,fourier,,,29.992274,30,fourier:fourier::None:29.99227361657706:30:None:binary:0
hocho_X_12,frame_00000.png,frame_00119.png,,,,0,decode失敗,QR未検出,0.000020,0.072727,0.647751,0.000240,,fourier,,,29.992274,50,fourier:fourier::None:29.99227361657706:50:None:binary:0
hocho_X_12,frame_00000.png,frame_00119.png,,,,0,decode失敗,QR未検出,0.000000,0.000000,0.647833,0.000000,,fourier,,,29.992274,70,fourier:fourier::None:29.99227361657706:70:None:binary:0
hocho_X_12,frame_00000.png,frame_00119.png,,,,0,decode失敗,QR未検出,0.223449,0.355138,0.583636,0.254917,,fourier,,,29.992274,901,fourier:fourier::None:29.99227361657706:901:None:binary:0
hocho_X_12,frame_00000.png,frame_00119.png,,,,0,decode失敗,QR未検出,0.470240,0.351521,0.507935,0.473248,,fourier,,,29.992274,902,fourier:fourier::None:29.99227361657706:902:None:binary:0
hocho_X_4,frame_00000.png,frame_00119.png,,,,0,decode失敗,QR未検出,0.289801,0.338063,0.550058,0.310177,,fourier,,,10.007726,30,fourier:fourier::None:10.007726383422941:30:None:binary:0
hocho_X_4,frame_00000.png,frame_00119.png,,,,0,decode失敗,QR未検出,0.000750,0.204054,0.647067,0.001427,,fourier,,,10.007726,50,fourier:fourier::None:10.007726383422941:50:None:binary:0
hocho_X_4,frame_00000.png,frame_00119.png,,,,0,decode失敗,QR未検出,0.000000,0.000000,0.647833,0.000000,,fourier,,,10.007726,70,fourier:fourier::None:10.007726383422941:70:None:binary:0
hocho_X_4,frame_00000.png,frame_00119.png,,,,0,decode失敗,QR未検出,0.349301,0.344057,0.536323,0.379925,,fourier,,,10.007726,901,fourier:fourier::None:10.007726383422941:901:None:binary:0
hocho_X_4,frame_00000.png,frame_00119.png,,,,0,decode失敗,QR未検出,0.481026,0.354316,0.508528,0.484577,,fourier,,,10.007726,902,fourier:fourier::None:10.007726383422941:902:None:binary:0
hocho_X_4,frame_00000.png,frame_00119.png,,,,0,decode失敗,QR未検出,0.132758,0.334506,0.601572,0.151512,,fourier,,,15.000000,30,fourier:fourier::None:15.0:30:None:binary:0
hocho_X_4,frame_00000.png,frame_00119.png,,,,0,decode失敗,QR未検出,0.003716,0.243252,0.645070,0.008238,,fourier,,,15.000000,50,fourier:fourier::None:15.0:50:None:binary:0
hocho_X_4,frame_00000.png,frame_00119.png,,,,0,decode失敗,QR未検出,0.000000,0.000000,0.647826,0.000050,,fourier,,,15.000000,70,fourier:fourier::None:15.0:70:None:binary:0
hocho_X_4,frame_00000.png,frame_00119.png,,,,0,decode失敗,QR未検出,0.291629,0.338678,0.549993,0.333049,,fourier,,,15.000000,901,fourier:fourier::None:15.0:901:None:binary:0
hocho_X_4,frame_00000.png,frame_00119.png,,,,0,decode失敗,QR未検出,0.491638,0.360305,0.513577,0.488117,,fourier,,,15.000000,902,fourier:fourier::None:15.0:902:None:binary:0
hocho_X_4,frame_00000.png,frame_00119.png,,,,0,decode失敗,QR未検出,0.031747,0.318306,0.635069,0.047682,,fourier,,,29.992274,30,fourier:fourier::None:29.99227361657706:30:None:binary:0
hocho_X_4,frame_00000.png,frame_00119.png,,,,0,decode失敗,QR未検出,0.000189,0.730769,0.647875,0.000098,,fourier,,,29.992274,50,fourier:fourier::None:29.99227361657706:50:None:binary:0
hocho_X_4,frame_00000.png,frame_00119.png,,,,0,decode失敗,QR未検出,0.000000,0.000000,0.647833,0.000000,,fourier,,,29.992274,70,fourier:fourier::None:29.99227361657706:70:None:binary:0
hocho_X_4,frame_00000.png,frame_00119.png,,,,0,decode失敗,QR未検出,0.244053,0.344247,0.570060,0.285166,,fourier,,,29.992274,901,fourier:fourier::None:29.99227361657706:901:None:binary:0
hocho_X_4,frame_00000.png,frame_00119.png,,,,0,decode失敗,QR未検出,0.517866,0.357657,0.502666,0.509951,,fourier,,,29.992274,902,fourier:fourier::None:29.99227361657706:902:None:binary:0
hocho_X_8,frame_00000.png,frame_00119.png,,,,0,decode失敗,QR未検出,0.130935,0.327802,0.599388,0.169168,,fourier,,,10.007726,30,fourier:fourier::None:10.007726383422941:30:None:binary:0
hocho_X_8,frame_00000.png,frame_00119.png,,,,0,decode失敗,QR未検出,0.001938,0.280374,0.646764,0.003315,,fourier,,,10.007726,50,fourier:fourier::None:10.007726383422941:50:None:binary:0
hocho_X_8,frame_00000.png,frame_00119.png,,,,0,decode失敗,QR未検出,0.000000,0.000000,0.647833,0.000000,,fourier,,,10.007726,70,fourier:fourier::None:10.007726383422941:70:None:binary:0
hocho_X_8,frame_00000.png,frame_00119.png,,,,0,decode失敗,QR未検出,0.299857,0.335608,0.544380,0.330006,,fourier,,,10.007726,901,fourier:fourier::None:10.007726383422941:901:None:binary:0
hocho_X_8,frame_00000.png,frame_00119.png,,,,0,decode失敗,QR未検出,0.513881,0.360353,0.507569,0.501694,,fourier,,,10.007726,902,fourier:fourier::None:10.007726383422941:902:None:binary:0
hocho_X_8,frame_00000.png,frame_00119.png,,,,0,decode失敗,QR未検出,0.100827,0.307271,0.603290,0.130256,,fourier,,,15.000000,30,fourier:fourier::None:15.0:30:None:binary:0
hocho_X_8,frame_00000.png,frame_00119.png,,,,0,decode失敗,QR未検出,0.001505,0.183192,0.646000,0.006056,,fourier,,,15.000000,50,fourier:fourier::None:15.0:50:None:binary:0
hocho_X_8,frame_00000.png,frame_00119.png,,,,0,decode失敗,QR未検出,0.000000,0.000000,0.647833,0.000021,,fourier,,,15.000000,70,fourier:fourier::None:15.0:70:None:binary:0
hocho_X_8,frame_00000.png,frame_00119.png,,,,0,decode失敗,QR未検出,0.286477,0.354266,0.564829,0.322244,,fourier,,,15.000000,901,fourier:fourier::None:15.0:901:None:binary:0
hocho_X_8,frame_00000.png,frame_00119.png,,,,0,decode失敗,QR未検出,0.498534,0.352162,0.500427,0.494629,,fourier,,,15.000000,902,fourier:fourier::None:15.0:902:None:binary:0
hocho_X_8,frame_00000.png,frame_00119.png,,,,0,decode失敗,QR未検出,0.132813,0.328673,0.599072,0.176737,,fourier,,,29.992274,30,fourier:fourier::None:29.99227361657706:30:None:binary:0
hocho_X_8,frame_00000.png,frame_00119.png,,,,0,decode失敗,QR未検出,0.000785,0.339785,0.647573,0.000839,,fourier,,,29.992274,50,fourier:fourier::None:29.99227361657706:50:None:binary:0
hocho_X_8,frame_00000.png,frame_00119.png,,,,0,decode失敗,QR未検出,0.000000,0.000000,0.647833,0.000016,,fourier,,,29.992274,70,fourier:fourier::None:29.99227361657706:70:None:binary:0
hocho_X_8,frame_00000.png,frame_00119.png,,,,0,decode失敗,QR未検出,0.189521,0.333841,0.581395,0.239040,,fourier,,,29.992274,901,fourier:fourier::None:29.99227361657706:901:None:binary:0
hocho_X_8,frame_00000.png,frame_00119.png,,,,0,decode失敗,QR未検出,0.446775,0.346177,0.508006,0.461301,,fourier,,,29.992274,902,fourier:fourier::None:29.99227361657706:902:None:binary:0
nagaoka_fireworks_B_12,frame_00000.png,frame_00119.png,,,,0,decode失敗,QR未検出,0.229342,0.339222,0.571273,0.244647,,fourier,,,10.007726,30,fourier:fourier::None:10.007726383422941:30:None:binary:0
nagaoka_fireworks_B_12,frame_00000.png,frame_00119.png,,,,0,decode失敗,QR未検出,0.005753,0.298300,0.645093,0.014242,,fourier,,,10.007726,50,fourier:fourier::None:10.007726383422941:50:None:binary:0
nagaoka_fireworks_B_12,frame_00000.png,frame_00119.png,,,,0,decode失敗,QR未検出,0.000000,0.000000,0.647833,0.000004,,fourier,,,10.007726,70,fourier:fourier::None:10.007726383422941:70:None:binary:0
nagaoka_fireworks_B_12,frame_00000.png,frame_00119.png,,,,0,decode失敗,QR未検出,0.431775,0.351022,0.518763,0.463372,,fourier,,,10.007726,901,fourier:fourier::None:10.007726383422941:901:None:binary:0
nagaoka_fireworks_B_12,frame_00000.png,frame_00119.png,,,,0,decode失敗,QR未検出,0.481662,0.352889,0.506407,0.473285,,fourier,,,10.007726,902,fourier:fourier::None:10.007726383422941:902:None:binary:0
nagaoka_fireworks_B_12,frame_00000.png,frame_00119.png,,,,0,decode失敗,QR未検出,0.194792,0.357366,0.593074,0.212556,,fourier,,,15.000000,30,fourier:fourier::None:15.0:30:None:binary:0
nagaoka_fireworks_B_12,frame_00000.png,frame_00119.png,,,,0,decode失敗,QR未検出,0.010215,0.349363,0.644731,0.013382,,fourier,,,15.000000,50,fourier:fourier::None:15.0:50:None:binary:0
nagaoka_fireworks_B_12,frame_00000.png,frame_00119.png,,,,0,decode失敗,QR未検出,0.000020,1.000000,0.647840,0.000025,,fourier,,,15.000000,70,fourier:fourier::None:15.0:70:None:binary:0
nagaoka_fireworks_B_12,frame_00000.png,frame_00119.png,,,,0,decode失敗,QR未検出,0.345108,0.335471,0.528621,0.382733,,fourier,,,15.000000,901,fourier:fourier::None:15.0:901:None:binary:0
nagaoka_fireworks_B_12,frame_00000.png,frame_00119.png,,,,0,decode失敗,QR未検出,0.493844,0.361981,0.515210,0.473666,,fourier,,,15.000000,902,fourier:fourier::None:15.0:902:None:binary:0
nagaoka_fireworks_B_12,frame_00000.png,frame_00119.png,,,,0,decode失敗,QR未検出,0.098283,0.333682,0.613330,0.106876,,fourier,,,29.992274,30,fourier:fourier::None:29.99227361657706:30:None:binary:0
nagaoka_fireworks_B_12,frame_00000.png,frame_00119.png,,,,0,decode失敗,QR未検出,0.000388,0.331915,0.647695,0.000505,,fourier,,,29.992274,50,fourier:fourier::None:29.99227361657706:50:None:binary:0
nagaoka_fireworks_B_12,frame_00000.png,frame_00119.png,,,,0,decode失敗,QR未検出,0.000000,0.000000,0.647833,0.000009,,fourier,,,29.992274,70,fourier:fourier::None:29.99227361657706:70:None:binary:0
nagaoka_fireworks_B_12,frame_00000.png,frame_00119.png,,,,0,decode失敗,QR未検出,0.308174,0.341117,0.546734,0.326952,,fourier,,,29.992274,901,fourier:fourier::None:29.99227361657706:901:None:binary:0
nagaoka_fireworks_B_12,frame_00000.png,frame_00119.png,,,,0,decode失敗,QR未検出,0.513270,0.358819,0.505592,0.495898,,fourier,,,29.992274,902,fourier:fourier::None:29.99227361657706:902:None:binary:0
nagaoka_fireworks_B_4,frame_00000.png,frame_00119.png,,,,0,decode失敗,QR未検出,0.140518,0.317915,0.591147,0.168623,,fourier,,,10.007726,30,fourier:fourier::None:10.007726383422941:30:None:binary:0
nagaoka_fireworks_B_4,frame_00000.png,frame_00119.png,,,,0,decode失敗,QR未検出,0.007194,0.247733,0.642673,0.023337,,fourier,,,10.007726,50,fourier:fourier::None:10.007726383422941:50:None:binary:0
nagaoka_fireworks_B_4,frame_00000.png,frame_00119.png,,,,0,decode失敗,QR未検出,0.000000,0.000000,0.647705,0.000135,,fourier,,,10.007726,70,fourier:fourier::None:10.007726383422941:70:None:binary:0
nagaoka_fireworks_B_4,frame_00000.png,frame_00119.png,,,,0,decode失敗,QR未検出,0.393812,0.346027,0.524408,0.443878,,fourier,,,10.007726,901,fourier:fourier::None:10.007726383422941:901:None:binary:0
nagaoka_fireworks_B_4,frame_00000.png,frame_00119.png,,,,0,decode失敗,QR未検出,0.496418,0.357500,0.508465,0.478814,,fourier,,,10.007726,902,fourier:fourier::None:10.007726383422941:902:None:binary:0
nagaoka_fireworks_B_4,frame_00000.png,frame_00119.png,,,,0,decode失敗,QR未検出,0.188681,0.331018,0.579991,0.217415,,fourier,,,15.000000,30,fourier:fourier::None:15.0:30:None:binary:0
nagaoka_fireworks_B_4,frame_00000.png,frame_00119.png,,,,0,decode失敗,QR未検出,0.005768,0.219720,0.642651,0.012649,,fourier,,,15.000000,50,fourier:fourier::None:15.0:50:None:binary:0
nagaoka_fireworks_B_4,frame_00000.png,frame_00119.png,,,,0,decode失敗,QR未検出,0.000000,0.000000,0.647833,0.000023,,fourier,,,15.000000,70,fourier:fourier::None:15.0:70:None:binary:0
nagaoka_fireworks_B_4,frame_00000.png,frame_00119.png,,,,0,decode失敗,QR未検出,0.345709,0.346303,0.539765,0.376491,,fourier,,,15.000000,901,fourier:fourier::None:15.0:901:None:binary:0
nagaoka_fireworks_B_4,frame_00000.png,frame_00119.png,,,,0,decode失敗,QR未検出,0.490337,0.357962,0.510795,0.474593,,fourier,,,15.000000,902,fourier:fourier::None:15.0:902:None:binary:0
nagaoka_fireworks_B_4,frame_00000.png,frame_00119.png,,,,0,decode失敗,QR未検出,0.104637,0.320383,0.606515,0.132739,,fourier,,,29.992274,30,fourier:fourier::None:29.99227361657706:30:None:binary:0
nagaoka_fireworks_B_4,frame_00000.png,frame_00119.png,,,,0,decode失敗,QR未検出,0.000760,0.309717,0.647504,0.001145,,fourier,,,29.992274,50,fourier:fourier::None:29.99227361657706:50:None:binary:0
nagaoka_fireworks_B_4,frame_00000.png,frame_00119.png,,,,0,decode失敗,QR未検出,0.000000,0.000000,0.647833,0.000000,,fourier,,,29.992274,70,fourier:fourier::None:29.99227361657706:70:None:binary:0
nagaoka_fireworks_B_4,frame_00000.png,frame_00119.png,,,,0,decode失敗,QR未検出,0.278891,0.328478,0.545262,0.321411,,fourier,,,29.992274,901,fourier:fourier::None:29.99227361657706:901:None:binary:0
nagaoka_fireworks_B_4,frame_00000.png,frame_00119.png,,,,0,decode失敗,QR未検出,0.514890,0.358362,0.504498,0.498191,,fourier,,,29.992274,902,fourier:fourier::None:29.99227361657706:902:None:binary:0
nagaoka_fireworks_B_8,frame_00000.png,frame_00119.png,,,,0,decode失敗,QR未検出,0.121276,0.324485,0.601630,0.152662,,fourier,,,10.007726,30,fourier:fourier::None:10.007726383422941:30:None:binary:0
nagaoka_fireworks_B_8,frame_00000.png,frame_00119.png,,,,0,decode失敗,QR未検出,0.013976,0.311552,0.641879,0.027814,,fourier,,,10.007726,50,fourier:fourier::None:10.007726383422941:50:None:binary:0
nagaoka_fireworks_B_8,frame_00000.png,frame_00119.png,,,,0,decode失敗,QR未検出,0.000000,0.000000,0.647725,0.000407,,fourier,,,10.007726,70,fourier:fourier::None:10.007726383422941:70:None:binary:0
nagaoka_fireworks_B_8,frame_00000.png,frame_00119.png,,,,0,decode失敗,QR未検出,0.440033,0.346839,0.510970,0.475437,,fourier,,,10.007726,901,fourier:fourier::None:10.007726383422941:901:None:binary:0
nagaoka_fireworks_B_8,frame_00000.png,frame_00119.png,,,,0,decode失敗,QR未検出,0.493407,0.356491,0.507935,0.482305,,fourier,,,10.007726,902,fourier:fourier::None:10.007726383422941:902:None:binary:0
nagaoka_fireworks_B_8,frame_00000.png,frame_00119.png,,,,0,decode失敗,QR未検出,0.248033,0.340488,0.565991,0.269806,,fourier,,,15.000000,30,fourier:fourier::None:15.0:30:None:binary:0
nagaoka_fireworks_B_8,frame_00000.png,frame_00119.png,,,,0,decode失敗,QR未検出,0.004760,0.223571,0.643688,0.009114,,fourier,,,15.000000,50,fourier:fourier::None:15.0:50:None:binary:0
nagaoka_fireworks_B_8,frame_00000.png,frame_00119.png,,,,0,decode失敗,QR未検出,0.000000,0.000000,0.647817,0.000008,,fourier,,,15.000000,70,fourier:fourier::None:15.0:70:None:binary:0
nagaoka_fireworks_B_8,frame_00000.png,frame_00119.png,,,,0,decode失敗,QR未検出,0.403521,0.343189,0.517969,0.437776,,fourier,,,15.000000,901,fourier:fourier::None:15.0:901:None:binary:0
nagaoka_fireworks_B_8,frame_00000.png,frame_00119.png,,,,0,decode失敗,QR未検出,0.480311,0.357332,0.512764,0.470025,,fourier,,,15.000000,902,fourier:fourier::None:15.0:902:None:binary:0
nagaoka_fireworks_B_8,frame_00000.png,frame_00119.png,,,,0,decode失敗,QR未検出,0.072140,0.352693,0.626611,0.081423,,fourier,,,29.992274,30,fourier:fourier::None:29.99227361657706:30:None:binary:0
nagaoka_fireworks_B_8,frame_00000.png,frame_00119.png,,,,0,decode失敗,QR未検出,0.000899,0.563863,0.647905,0.000430,,fourier,,,29.992274,50,fourier:fourier::None:29.99227361657706:50:None:binary:0
nagaoka_fireworks_B_8,frame_00000.png,frame_00119.png,,,,0,decode失敗,QR未検出,0.000000,0.000000,0.647833,0.000000,,fourier,,,29.992274,70,fourier:fourier::None:29.99227361657706:70:None:binary:0
nagaoka_fireworks_B_8,frame_00000.png,frame_00119.png,,,,0,decode失敗,QR未検出,0.325215,0.351645,0.551195,0.342497,,fourier,,,29.992274,901,fourier:fourier::None:29.99227361657706:901:None:binary:0
nagaoka_fireworks_B_8,frame_00000.png,frame_00119.png,,,,0,decode失敗,QR未検出,0.509201,0.355374,0.501876,0.493958,,fourier,,,29.992274,902,fourier:fourier::None:29.99227361657706:902:None:binary:0
nagaoka_fireworks_G_12,frame_00000.png,frame_00119.png,,,,0,decode失敗,QR未検出,0.118479,0.316437,0.599425,0.153581,,fourier,,,10.007726,30,fourier:fourier::None:10.007726383422941:30:None:binary:0
nagaoka_fireworks_G_12,frame_00000.png,frame_00119.png,,,,0,decode失敗,QR未検出,0.010518,0.270163,0.641531,0.025025,,fourier,,,10.007726,50,fourier:fourier::None:10.007726383422941:50:None:binary:0
nagaoka_fireworks_G_12,frame_00000.png,frame_00119.png,,,,0,decode失敗,QR未検出,0.000060,0.109091,0.647683,0.000390,,fourier,,,10.007726,70,fourier:fourier::None:10.007726383422941:70:None:binary:0
nagaoka_fireworks_G_12,frame_00000.png,frame_00119.png,,,,0,decode失敗,QR未検出,0.388963,0.347494,0.527599,0.421660,,fourier,,,10.007726,901,fourier:fourier::None:10.007726383422941:901:None:binary:0
nagaoka_fireworks_G_12,frame_00000.png,frame_00119.png,,,,0,decode失敗,QR未検出,0.496622,0.356725,0.507345,0.483917,,fourier,,,10.007726,902,fourier:fourier::None:10.007726383422941:902:None:binary:0
nagaoka_fireworks_G_12,frame_00000.png,frame_00119.png,,,,0,decode失敗,QR未検出,0.123105,0.322068,0.599931,0.174908,,fourier,,,15.000000,30,fourier:fourier::None:15.0:30:None:binary:0
nagaoka_fireworks_G_12,frame_00000.png,frame_00119.png,,,,0,decode失敗,QR未検出,0.011591,0.263259,0.640492,0.020870,,fourier,,,15.000000,50,fourier:fourier::None:15.0:50:None:binary:0
nagaoka_fireworks_G_12,frame_00000.png,frame_00119.png,,,,0,decode失敗,QR未検出,0.000000,0.000000,0.647728,0.000350,,fourier,,,15.000000,70,fourier:fourier::None:15.0:70:None:binary:0
nagaoka_fireworks_G_12,frame_00000.png,frame_00119.png,,,,0,decode失敗,QR未検出,0.373885,0.349713,0.534664,0.384728,,fourier,,,15.000000,901,fourier:fourier::None:15.0:901:None:binary:0
nagaoka_fireworks_G_12,frame_00000.png,frame_00119.png,,,,0,decode失敗,QR未検出,0.495101,0.359878,0.512057,0.479299,,fourier,,,15.000000,902,fourier:fourier::None:15.0:902:None:binary:0
nagaoka_fireworks_G_12,frame_00000.png,frame_00119.png,,,,0,decode失敗,QR未検出,0.192517,0.337411,0.582493,0.207267,,fourier,,,29.992274,30,fourier:fourier::None:29.99227361657706:30:None:binary:0
nagaoka_fireworks_G_12,frame_00000.png,frame_00119.png,,,,0,decode失敗,QR未検出,0.003229,0.399018,0.647258,0.002591,,fourier,,,29.992274,50,fourier:fourier::None:29.99227361657706:50:None:binary:0
nagaoka_fireworks_G_12,frame_00000.png,frame_00119.png,,,,0,decode失敗,QR未検出,0.000000,0.000000,0.647833,0.000035,,fourier,,,29.992274,70,fourier:fourier::None:29.99227361657706:70:None:binary:0
nagaoka_fireworks_G_12,frame_00000.png,frame_00119.png,,,,0,decode失敗,QR未検出,0.279378,0.347953,0.561847,0.290519,,fourier,,,29.992274,901,fourier:fourier::None:29.99227361657706:901:None:binary:0
nagaoka_fireworks_G_12,frame_00000.png,frame_00119.png,,,,0,decode失敗,QR未検出,0.471879,0.349829,0.505162,0.495218,,fourier,,,29.992274,902,fourier:fourier::None:29.99227361657706:902:None:binary:0
nagaoka_fireworks_G_4,frame_00000.png,frame_00119.png,,,,0,decode失敗,QR未検出,0.134447,0.340142,0.603329,0.159216,,fourier,,,10.007726,30,fourier:fourier::None:10.007726383422941:30:None:binary:0
nagaoka_fireworks_G_4,frame_00000.png,frame_00119.png,,,,0,decode失敗,QR未検出,0.015332,0.335034,0.642516,0.026189,,fourier,,,10.007726,50,fourier:fourier::None:10.007726383422941:50:None:binary:0
nagaoka_fireworks_G_4,frame_00000.png,frame_00119.png,,,,0,decode失敗,QR未検出,0.000373,0.961538,0.647959,0.000273,,fourier,,,10.007726,70,fourier:fourier::None:10.007726383422941:70:None:binary:0
nagaoka_fireworks_G_4,frame_00000.png,frame_00119.png,,,,0,decode失敗,QR未検出,0.366750,0.344300,0.531018,0.405147,,fourier,,,10.007726,901,fourier:fourier::None:10.007726383422941:901:None:binary:0
nagaoka_fireworks_G_4,frame_00000.png,frame_00119.png,,,,0,decode失敗,QR未検出,0.502256,0.360442,0.510864,0.482712,,fourier,,,10.007726,902,fourier:fourier::None:10.007726383422941:902:None:binary:0
nagaoka_fireworks_G_4,frame_00000.png,frame_00119.png,,,,0,decode失敗,QR未検出,0.215321,0.332780,0.571626,0.246380,,fourier,,,15.000000,30,fourier:fourier::None:15.0:30:None:binary:0
nagaoka_fireworks_G_4,frame_00000.png,frame_00119.png,,,,0,decode失敗,QR未検出,0.006593,0.285009,0.644330,0.012681,,fourier,,,15.000000,50,fourier:fourier::None:15.0:50:None:binary:0
nagaoka_fireworks_G_4,frame_00000.png,frame_00119.png,,,,0,decode失敗,QR未検出,0.000000,0.000000,0.647833,0.000007,,fourier,,,15.000000,70,fourier:fourier::None:15.0:70:None:binary:0
nagaoka_fireworks_G_4,frame_00000.png,frame_00119.png,,,,0,decode失敗,QR未検出,0.359084,0.350965,0.540435,0.380852,,fourier,,,15.000000,901,fourier:fourier::None:15.0:901:None:binary:0
nagaoka_fireworks_G_4,frame_00000.png,frame_00119.png,,,,0,decode失敗,QR未検出,0.486133,0.357157,0.510892,0.474028,,fourier,,,15.000000,902,fourier:fourier::None:15.0:902:None:binary:0
nagaoka_fireworks_G_4,frame_00000.png,frame_00119.png,,,,0,decode失敗,QR未検出,0.179694,0.362408,0.599782,0.188115,,fourier,,,29.992274,30,fourier:fourier::None:29.99227361657706:30:None:binary:0
nagaoka_fireworks_G_4,frame_00000.png,frame_00119.png,,,,0,decode失敗,QR未検出,0.002161,0.313175,0.646925,0.002156,,fourier,,,29.992274,50,fourier:fourier::None:29.99227361657706:50:None:binary:0
nagaoka_fireworks_G_4,frame_00000.png,frame_00119.png,,,,0,decode失敗,QR未検出,0.000114,0.638889,0.647851,0.000011,,fourier,,,29.992274,70,fourier:fourier::None:29.99227361657706:70:None:binary:0
nagaoka_fireworks_G_4,frame_00000.png,frame_00119.png,,,,0,decode失敗,QR未検出,0.298908,0.356230,0.562866,0.311753,,fourier,,,29.992274,901,fourier:fourier::None:29.99227361657706:901:None:binary:0
nagaoka_fireworks_G_4,frame_00000.png,frame_00119.png,,,,0,decode失敗,QR未検出,0.490888,0.350483,0.500336,0.503344,,fourier,,,29.992274,902,fourier:fourier::None:29.99227361657706:902:None:binary:0
nagaoka_fireworks_G_8,frame_00000.png,frame_00119.png,,,,0,decode失敗,QR未検出,0.000214,0.154676,0.647497,0.001657,,fourier,,,10.007726,30,fourier:fourier::None:10.007726383422941:30:None:binary:0
nagaoka_fireworks_G_8,frame_00000.png,frame_00119.png,,,,0,decode失敗,QR未検出,0.000000,0.000000,0.647833,0.000000,,fourier,,,10.007726,50,fourier:fourier::None:10.007726383422941:50:None:binary:0
nagaoka_fireworks_G_8,frame_00000.png,frame_00119.png,,,,0,decode失敗,QR未検出,0.000000,0.000000,0.647833,0.000000,,fourier,,,10.007726,70,fourier:fourier::None:10.007726383422941:70:None:binary:0
nagaoka_fireworks_G_8,frame_00000.png,frame_00119.png,,,,0,decode失敗,QR未検出,0.408131,0.343513,0.516881,0.453139,,fourier,,,10.007726,901,fourier:fourier::None:10.007726383422941:901:None:binary:0
nagaoka_fireworks_G_8,frame_00000.png,frame_00119.png,,,,0,decode失敗,QR未検出,0.405140,0.354085,0.530241,0.403612,,fourier,,,10.007726,902,fourier:fourier::None:10.007726383422941:902:None:binary:0
nagaoka_fireworks_G_8,frame_00000.png,frame_00119.png,,,,0,decode失敗,QR未検出,0.252951,0.339316,0.563464,0.270526,,fourier,,,15.000000,30,fourier:fourier::None:15.0:30:None:binary:0
nagaoka_fireworks_G_8,frame_00000.png,frame_00119.png,,,,0,decode失敗,QR未検出,0.004685,0.340679,0.646290,0.008868,,fourier,,,15.000000,50,fourier:fourier::None:15.0:50:None:binary:0
nagaoka_fireworks_G_8,frame_00000.png,frame_00119.png,,,,0,decode失敗,QR未検出,0.000000,0.000000,0.647833,0.000029,,fourier,,,15.000000,70,fourier:fourier::None:15.0:70:None:binary:0
nagaoka_fireworks_G_8,frame_00000.png,frame_00119.png,,,,0,decode失敗,QR未検出,0.369041,0.345278,0.531358,0.398420,,fourier,,,15.000000,901,fourier:fourier::None:15.0:901:None:binary:0
nagaoka_fireworks_G_8,frame_00000.png,frame_00119.png,,,,0,decode失敗,QR未検出,0.475432,0.354000,0.509726,0.471361,,fourier,,,15.000000,902,fourier:fourier::None:15.0:902:None:binary:0
nagaoka_fireworks_G_8,frame_00000.png,frame_00119.png,,,,0,decode失敗,QR未検出,0.116705,0.358194,0.615291,0.115695,,fourier,,,29.992274,30,fourier:fourier::None:29.99227361657706:30:None:binary:0
nagaoka_fireworks_G_8,frame_00000.png,frame_00119.png,,,,0,decode失敗,QR未検出,0.000437,0.437811,0.647789,0.000508,,fourier,,,29.992274,50,fourier:fourier::None:29.99227361657706:50:None:binary:0
nagaoka_fireworks_G_8,frame_00000.png,frame_00119.png,,,,0,decode失敗,QR未検出,0.000000,0.000000,0.647833,0.000000,,fourier,,,29.992274,70,fourier:fourier::None:29.99227361657706:70:None:binary:0
nagaoka_fireworks_G_8,frame_00000.png,frame_00119.png,,,,0,decode失敗,QR未検出,0.311085,0.354490,0.557895,0.309149,,fourier,,,29.992274,901,fourier:fourier::None:29.99227361657706:901:None:binary:0
nagaoka_fireworks_G_8,frame_00000.png,frame_00119.png,,,,0,decode失敗,QR未検出,0.510314,0.358163,0.505494,0.488062,,fourier,,,29.992274,902,fourier:fourier::None:29.99227361657706:902:None:binary:0
nagaoka_fireworks_I_12,frame_00000.png,frame_00119.png,,,,0,decode失敗,QR未検出,0.088446,0.278374,0.598237,0.141726,,fourier,,,10.007726,30,fourier:fourier::None:10.007726383422941:30:None:binary:0
nagaoka_fireworks_I_12,frame_00000.png,frame_00119.png,,,,0,decode失敗,QR未検出,0.010990,0.245887,0.639834,0.028394,,fourier,,,10.007726,50,fourier:fourier::None:10.007726383422941:50:None:binary:0
nagaoka_fireworks_I_12,frame_00000.png,frame_00119.png,,,,0,decode失敗,QR未検出,0.000000,0.000000,0.647772,0.000152,,fourier,,,10.007726,70,fourier:fourier::None:10.007726383422941:70:None:binary:0
nagaoka_fireworks_I_12,frame_00000.png,frame_00119.png,,,,0,decode失敗,QR未検出,0.427761,0.355018,0.524795,0.447049,,fourier,,,10.007726,901,fourier:fourier::None:10.007726383422941:901:None:binary:0
nagaoka_fireworks_I_12,frame_00000.png,frame_00119.png,,,,0,decode失敗,QR未検出,0.488488,0.353542,0.505303,0.482365,,fourier,,,10.007726,902,fourier:fourier::None:10.007726383422941:902:None:binary:0
nagaoka_fireworks_I_12,frame_00000.png,frame_00119.png,,,,0,decode失敗,QR未検出,0.274007,0.323989,0.542988,0.310084,,fourier,,,15.000000,30,fourier:fourier::None:15.0:30:None:binary:0
nagaoka_fireworks_I_12,frame_00000.png,frame_00119.png,,,,0,decode失敗,QR未検出,0.003811,0.293645,0.645947,0.007641,,fourier,,,15.000000,50,fourier:fourier::None:15.0:50:None:binary:0
nagaoka_fireworks_I_12,frame_00000.png,frame_00119.png,,,,0,decode失敗,QR未検出,0.000000,0.000000,0.647774,0.000030,,fourier,,,15.000000,70,fourier:fourier::None:15.0:70:None:binary:0
nagaoka_fireworks_I_12,frame_00000.png,frame_00119.png,,,,0,decode失敗,QR未検出,0.350161,0.355744,0.547824,0.367120,,fourier,,,15.000000,901,fourier:fourier::None:15.0:901:None:binary:0
nagaoka_fireworks_I_12,frame_00000.png,frame_00119.png,,,,0,decode失敗,QR未検出,0.482223,0.350539,0.503016,0.475433,,fourier,,,15.000000,902,fourier:fourier::None:15.0:902:None:binary:0
nagaoka_fireworks_I_12,frame_00000.png,frame_00119.png,,,,0,decode失敗,QR未検出,0.154792,0.344516,0.598629,0.175588,,fourier,,,29.992274,30,fourier:fourier::None:29.99227361657706:30:None:binary:0
nagaoka_fireworks_I_12,frame_00000.png,frame_00119.png,,,,0,decode失敗,QR未検出,0.001525,0.360329,0.647417,0.001655,,fourier,,,29.992274,50,fourier:fourier::None:29.99227361657706:50:None:binary:0
nagaoka_fireworks_I_12,frame_00000.png,frame_00119.png,,,,0,decode失敗,QR未検出,0.000020,1.000000,0.647840,0.000000,,fourier,,,29.992274,70,fourier:fourier::None:29.99227361657706:70:None:binary:0
nagaoka_fireworks_I_12,frame_00000.png,frame_00119.png,,,,0,decode失敗,QR未検出,0.297408,0.352865,0.560488,0.314104,,fourier,,,29.992274,901,fourier:fourier::None:29.99227361657706:901:None:binary:0
nagaoka_fireworks_I_12,frame_00000.png,frame_00119.png,,,,0,decode失敗,QR未検出,0.481056,0.351434,0.504598,0.497479,,fourier,,,29.992274,902,fourier:fourier::None:29.99227361657706:902:None:binary:0
nagaoka_fireworks_I_4,frame_00000.png,frame_00119.png,,,,0,decode失敗,QR未検出,0.134030,0.306850,0.588411,0.165246,,fourier,,,10.007726,30,fourier:fourier::None:10.007726383422941:30:None:binary:0
nagaoka_fireworks_I_4,frame_00000.png,frame_00119.png,,,,0,decode失敗,QR未検出,0.009947,0.296505,0.643025,0.024039,,fourier,,,10.007726,50,fourier:fourier::None:10.007726383422941:50:None:binary:0
nagaoka_fireworks_I_4,frame_00000.png,frame_00119.png,,,,0,decode失敗,QR未検出,0.000000,0.000000,0.647761,0.000609,,fourier,,,10.007726,70,fourier:fourier::None:10.007726383422941:70:None:binary:0
nagaoka_fireworks_I_4,frame_00000.png,frame_00119.png,,,,0,decode失敗,QR未検出,0.419002,0.347499,0.518321,0.463309,,fourier,,,10.007726,901,fourier:fourier::None:10.007726383422941:901:None:binary:0
nagaoka_fireworks_I_4,frame_00000.png,frame_00119.png,,,,0,decode失敗,QR未検出,0.486680,0.353496,0.505769,0.475372,,fourier,,,10.007726,902,fourier:fourier::None:10.007726383422941:902:None:binary:0
nagaoka_fireworks_I_4,frame_00000.png,frame_00119.png,,,,0,decode失敗,QR未検出,0.376195,0.353596,0.538125,0.376824,,fourier,,,15.000000,30,fourier:fourier::None:15.0:30:None:binary:0
nagaoka_fireworks_I_4,frame_00000.png,frame_00119.png,,,,0,decode失敗,QR未検出,0.002285,0.224719,0.645861,0.005643,,fourier,,,15.000000,50,fourier:fourier::None:15.0:50:None:binary:0
nagaoka_fireworks_I_4,frame_00000.png,frame_00119.png,,,,0,decode失敗,QR未検出,0.000010,0.333333,0.647830,0.000004,,fourier,,,15.000000,70,fourier:fourier::None:15.0:70:None:binary:0
nagaoka_fireworks_I_4,frame_00000.png,frame_00119.png,,,,0,decode失敗,QR未検出,0.361240,0.338831,0.526808,0.389151,,fourier,,,15.000000,901,fourier:fourier::None:15.0:901:None:binary:0
nagaoka_fireworks_I_4,frame_00000.png,frame_00119.png,,,,0,decode失敗,QR未検出,0.482268,0.359382,0.514925,0.466636,,fourier,,,15.000000,902,fourier:fourier::None:15.0:902:None:binary:0
nagaoka_fireworks_I_4,frame_00000.png,frame_00119.png,,,,0,decode失敗,QR未検出,0.087586,0.342823,0.619550,0.100206,,fourier,,,29.992274,30,fourier:fourier::None:29.99227361657706:30:None:binary:0
nagaoka_fireworks_I_4,frame_00000.png,frame_00119.png,,,,0,decode失敗,QR未検出,0.000661,0.580786,0.647898,0.000554,,fourier,,,29.992274,50,fourier:fourier::None:29.99227361657706:50:None:binary:0
nagaoka_fireworks_I_4,frame_00000.png,frame_00119.png,,,,0,decode失敗,QR未検出,0.000000,0.000000,0.647833,0.000000,,fourier,,,29.992274,70,fourier:fourier::None:29.99227361657706:70:None:binary:0
nagaoka_fireworks_I_4,frame_00000.png,frame_00119.png,,,,0,decode失敗,QR未検出,0.284828,0.339808,0.553260,0.316388,,fourier,,,29.992274,901,fourier:fourier::None:29.99227361657706:901:None:binary:0
nagaoka_fireworks_I_4,frame_00000.png,frame_00119.png,,,,0,decode失敗,QR未検出,0.513370,0.358937,0.505730,0.491309,,fourier,,,29.992274,902,fourier:fourier::None:29.99227361657706:902:None:binary:0
nagaoka_fireworks_I_8,frame_00000.png,frame_00119.png,,,,0,decode失敗,QR未検出,0.084029,0.292173,0.605734,0.132697,,fourier,,,10.007726,30,fourier:fourier::None:10.007726383422941:30:None:binary:0
nagaoka_fireworks_I_8,frame_00000.png,frame_00119.png,,,,0,decode失敗,QR未検出,0.000099,0.250000,0.647763,0.000111,,fourier,,,10.007726,50,fourier:fourier::None:10.007726383422941:50:None:binary:0
nagaoka_fireworks_I_8,frame_00000.png,frame_00119.png,,,,0,decode失敗,QR未検出,0.000000,0.000000,0.647833,0.000000,,fourier,,,10.007726,70,fourier:fourier::None:10.007726383422941:70:None:binary:0
nagaoka_fireworks_I_8,frame_00000.png,frame_00119.png,,,,0,decode失敗,QR未検出,0.428581,0.347131,0.514898,0.452802,,fourier,,,10.007726,901,fourier:fourier::None:10.007726383422941:901:None:binary:0
nagaoka_fireworks_I_8,frame_00000.png,frame_00119.png,,,,0,decode失敗,QR未検出,0.457307,0.355138,0.516449,0.450452,,fourier,,,10.007726,902,fourier:fourier::None:10.007726383422941:902:None:binary:0
nagaoka_fireworks_I_8,frame_00000.png,frame_00119.png,,,,0,decode失敗,QR未検出,0.252275,0.334218,0.559695,0.285128,,fourier,,,15.000000,30,fourier:fourier::None:15.0:30:None:binary:0
nagaoka_fireworks_I_8,frame_00000.png,frame_00119.png,,,,0,decode失敗,QR未検出,0.003602,0.237549,0.645030,0.008783,,fourier,,,15.000000,50,fourier:fourier::None:15.0:50:None:binary:0
nagaoka_fireworks_I_8,frame_00000.png,frame_00119.png,,,,0,decode失敗,QR未検出,0.000035,0.411765,0.647828,0.000057,,fourier,,,15.000000,70,fourier:fourier::None:15.0:70:None:binary:0
nagaoka_fireworks_I_8,frame_00000.png,frame_00119.png,,,,0,decode失敗,QR未検出,0.353549,0.347215,0.538258,0.375293,,fourier,,,15.000000,901,fourier:fourier::None:15.0:901:None:binary:0
nagaoka_fireworks_I_8,frame_00000.png,frame_00119.png,,,,0,decode失敗,QR未検出,0.480897,0.353900,0.508003,0.472609,,fourier,,,15.000000,902,fourier:fourier::None:15.0:902:None:binary:0
nagaoka_fireworks_I_8,frame_00000.png,frame_00119.png,,,,0,decode失敗,QR未検出,0.165390,0.359458,0.602288,0.164116,,fourier,,,29.992274,30,fourier:fourier::None:29.99227361657706:30:None:binary:0
nagaoka_fireworks_I_8,frame_00000.png,frame_00119.png,,,,0,decode失敗,QR未検出,0.003254,0.574561,0.648131,0.001061,,fourier,,,29.992274,50,fourier:fourier::None:29.99227361657706:50:None:binary:0
nagaoka_fireworks_I_8,frame_00000.png,frame_00119.png,,,,0,decode失敗,QR未検出,0.000000,0.000000,0.647833,0.000030,,fourier,,,29.992274,70,fourier:fourier::None:29.99227361657706:70:None:binary:0
nagaoka_fireworks_I_8,frame_00000.png,frame_00119.png,,,,0,decode失敗,QR未検出,0.303489,0.357716,0.562810,0.298833,,fourier,,,29.992274,901,fourier:fourier::None:29.99227361657706:901:None:binary:0
nagaoka_fireworks_I_8,frame_00000.png,frame_00119.png,,,,0,decode失敗,QR未検出,0.489229,0.351252,0.501911,0.502980,,fourier,,,29.992274,902,fourier:fourier::None:29.99227361657706:902:None:binary:0
nagaoka_fireworks_R_12,frame_00000.png,frame_00119.png,,,,0,decode失敗,QR未検出,0.153292,0.345792,0.599684,0.179532,,fourier,,,10.007726,30,fourier:fourier::None:10.007726383422941:30:None:binary:0
nagaoka_fireworks_R_12,frame_00000.png,frame_00119.png,,,,0,decode失敗,QR未検出,0.005147,0.242453,0.643982,0.019433,,fourier,,,10.007726,50,fourier:fourier::None:10.007726383422941:50:None:binary:0
nagaoka_fireworks_R_12,frame_00000.png,frame_00119.png,,,,0,decode失敗,QR未検出,0.000293,0.648352,0.647880,0.000085,,fourier,,,10.007726,70,fourier:fourier::None:10.007726383422941:70:None:binary:0
nagaoka_fireworks_R_12,frame_00000.png,frame_00119.png,,,,0,decode失敗,QR未検出,0.389495,0.331049,0.507826,0.442714,,fourier,,,10.007726,901,fourier:fourier::None:10.007726383422941:901:None:binary:0
nagaoka_fireworks_R_12,frame_00000.png,frame_00119.png,,,,0,decode失敗,QR未検出,0.491092,0.359579,0.512757,0.474623,,fourier,,,10.007726,902,fourier:fourier::None:10.007726383422941:902:None:binary:0
nagaoka_fireworks_R_12,frame_00000.png,frame_00119.png,,,,0,decode失敗,QR未検出,0.190947,0.332883,0.580315,0.232302,,fourier,,,15.000000,30,fourier:fourier::None:15.0:30:None:binary:0
nagaoka_fireworks_R_12,frame_00000.png,frame_00119.png,,,,0,decode失敗,QR未検出,0.006583,0.330095,0.645447,0.011023,,fourier,,,15.000000,50,fourier:fourier::None:15.0:50:None:binary:0
nagaoka_fireworks_R_12,frame_00000.png,frame_00119.png,,,,0,decode失敗,QR未検出,0.000000,0.000000,0.647772,0.000094,,fourier,,,15.000000,70,fourier:fourier::None:15.0:70:None:binary:0
nagaoka_fireworks_R_12,frame_00000.png,frame_00119.png,,,,0,decode失敗,QR未検出,0.368464,0.348209,0.534703,0.392365,,fourier,,,15.000000,901,fourier:fourier::None:15.0:901:None:binary:0
nagaoka_fireworks_R_12,frame_00000.png,frame_00119.png,,,,0,decode失敗,QR未検出,0.483197,0.355299,0.509228,0.473365,,fourier,,,15.000000,902,fourier:fourier::None:15.0:902:None:binary:0
nagaoka_fireworks_R_12,frame_00000.png,frame_00119.png,,,,0,decode失敗,QR未検出,0.053429,0.380821,0.636056,0.049132,,fourier,,,29.992274,30,fourier:fourier::None:29.99227361657706:30:None:binary:0
nagaoka_fireworks_R_12,frame_00000.png,frame_00119.png,,,,0,decode失敗,QR未検出,0.000701,0.698020,0.647973,0.000249,,fourier,,,29.992274,50,fourier:fourier::None:29.99227361657706:50:None:binary:0
nagaoka_fireworks_R_12,frame_00000.png,frame_00119.png,,,,0,decode失敗,QR未検出,0.000224,1.000000,0.647912,0.000000,,fourier,,,29.992274,70,fourier:fourier::None:29.99227361657706:70:None:binary:0
nagaoka_fireworks_R_12,frame_00000.png,frame_00119.png,,,,0,decode失敗,QR未検出,0.329900,0.360985,0.558352,0.322525,,fourier,,,29.992274,901,fourier:fourier::None:29.99227361657706:901:None:binary:0
nagaoka_fireworks_R_12,frame_00000.png,frame_00119.png,,,,0,decode失敗,QR未検出,0.507457,0.356918,0.504551,0.486271,,fourier,,,29.992274,902,fourier:fourier::None:29.99227361657706:902:None:binary:0
nagaoka_fireworks_R_4,frame_00000.png,frame_00119.png,,,,0,decode失敗,QR未検出,0.507934,0.354879,0.501536,0.488134,,fourier,,,10.007726,30,fourier:fourier::None:10.007726383422941:30:None:binary:0
nagaoka_fireworks_R_4,frame_00000.png,frame_00119.png,,,,0,decode失敗,QR未検出,0.000969,0.235792,0.647069,0.003966,,fourier,,,10.007726,50,fourier:fourier::None:10.007726383422941:50:None:binary:0
nagaoka_fireworks_R_4,frame_00000.png,frame_00119.png,,,,0,decode失敗,QR未検出,0.000000,0.000000,0.647833,0.000000,,fourier,,,10.007726,70,fourier:fourier::None:10.007726383422941:70:None:binary:0
nagaoka_fireworks_R_4,frame_00000.png,frame_00119.png,,,,0,decode失敗,QR未検出,0.404465,0.346352,0.521456,0.439521,,fourier,,,10.007726,901,fourier:fourier::None:10.007726383422941:901:None:binary:0
nagaoka_fireworks_R_4,frame_00000.png,frame_00119.png,,,,0,decode失敗,QR未検出,0.472684,0.355082,0.511957,0.468204,,fourier,,,10.007726,902,fourier:fourier::None:10.007726383422941:902:None:binary:0
nagaoka_fireworks_R_4,frame_00000.png,frame_00119.png,,,,0,decode失敗,QR未検出,0.418763,0.352839,0.524817,0.408929,,fourier,,,15.000000,30,fourier:fourier::None:15.0:30:None:binary:0
nagaoka_fireworks_R_4,frame_00000.png,frame_00119.png,,,,0,decode失敗,QR未検出,0.002762,0.405248,0.647378,0.003758,,fourier,,,15.000000,50,fourier:fourier::None:15.0:50:None:binary:0
nagaoka_fireworks_R_4,frame_00000.png,frame_00119.png,,,,0,decode失敗,QR未検出,0.000000,0.000000,0.647833,0.000000,,fourier,,,15.000000,70,fourier:fourier::None:15.0:70:None:binary:0
nagaoka_fireworks_R_4,frame_00000.png,frame_00119.png,,,,0,decode失敗,QR未検出,0.342639,0.347662,0.542087,0.381094,,fourier,,,15.000000,901,fourier:fourier::None:15.0:901:None:binary:0
nagaoka_fireworks_R_4,frame_00000.png,frame_00119.png,,,,0,decode失敗,QR未検出,0.477037,0.357310,0.513656,0.467168,,fourier,,,15.000000,902,fourier:fourier::None:15.0:902:None:binary:0
nagaoka_fireworks_R_4,frame_00000.png,frame_00119.png,,,,0,decode失敗,QR未検出,0.065924,0.315350,0.620645,0.084980,,fourier,,,29.992274,30,fourier:fourier::None:29.99227361657706:30:None:binary:0
nagaoka_fireworks_R_4,frame_00000.png,frame_00119.png,,,,0,decode失敗,QR未検出,0.000164,0.063098,0.647034,0.000698,,fourier,,,29.992274,50,fourier:fourier::None:29.99227361657706:50:None:binary:0
nagaoka_fireworks_R_4,frame_00000.png,frame_00119.png,,,,0,decode失敗,QR未検出,0.000104,0.583333,0.647844,0.000013,,fourier,,,29.992274,70,fourier:fourier::None:29.99227361657706:70:None:binary:0
nagaoka_fireworks_R_4,frame_00000.png,frame_00119.png,,,,0,decode失敗,QR未検出,0.291321,0.350918,0.560663,0.306549,,fourier,,,29.992274,901,fourier:fourier::None:29.99227361657706:901:None:binary:0
nagaoka_fireworks_R_4,frame_00000.png,frame_00119.png,,,,0,decode失敗,QR未検出,0.505922,0.354350,0.501366,0.493298,,fourier,,,29.992274,902,fourier:fourier::None:29.99227361657706:902:None:binary:0
nagaoka_fireworks_R_8,frame_00000.png,frame_00119.png,,,,0,decode失敗,QR未検出,0.143897,0.316014,0.588826,0.186003,,fourier,,,10.007726,30,fourier:fourier::None:10.007726383422941:30:None:binary:0
nagaoka_fireworks_R_8,frame_00000.png,frame_00119.png,,,,0,decode失敗,QR未検出,0.007929,0.239820,0.641774,0.021019,,fourier,,,10.007726,50,fourier:fourier::None:10.007726383422941:50:None:binary:0
nagaoka_fireworks_R_8,frame_00000.png,frame_00119.png,,,,0,decode失敗,QR未検出,0.000000,0.000000,0.647833,0.000161,,fourier,,,10.007726,70,fourier:fourier::None:10.007726383422941:70:None:binary:0
nagaoka_fireworks_R_8,frame_00000.png,frame_00119.png,,,,0,decode失敗,QR未検出,0.417248,0.354543,0.527263,0.439479,,fourier,,,10.007726,901,fourier:fourier::None:10.007726383422941:901:None:binary:0
nagaoka_fireworks_R_8,frame_00000.png,frame_00119.png,,,,0,decode失敗,QR未検出,0.486456,0.354696,0.507473,0.479287,,fourier,,,10.007726,902,fourier:fourier::None:10.007726383422941:902:None:binary:0
nagaoka_fireworks_R_8,frame_00000.png,frame_00119.png,,,,0,decode失敗,QR未検出,0.223718,0.350175,0.580415,0.244019,,fourier,,,15.000000,30,fourier:fourier::None:15.0:30:None:binary:0
nagaoka_fireworks_R_8,frame_00000.png,frame_00119.png,,,,0,decode失敗,QR未検出,0.005699,0.308002,0.645331,0.009877,,fourier,,,15.000000,50,fourier:fourier::None:15.0:50:None:binary:0
nagaoka_fireworks_R_8,frame_00000.png,frame_00119.png,,,,0,decode失敗,QR未検出,0.000000,0.000000,0.647833,0.000049,,fourier,,,15.000000,70,fourier:fourier::None:15.0:70:None:binary:0
nagaoka_fireworks_R_8,frame_00000.png,frame_00119.png,,,,0,decode失敗,QR未検出,0.369950,0.340528,0.525808,0.406857,,fourier,,,15.000000,901,fourier:fourier::None:15.0:901:None:binary:0
nagaoka_fireworks_R_8,frame_00000.png,frame_00119.png,,,,0,decode失敗,QR未検出,0.498122,0.365458,0.518671,0.472958,,fourier,,,15.000000,902,fourier:fourier::None:15.0:902:None:binary:0
nagaoka_fireworks_R_8,frame_00000.png,frame_00119.png,,,,0,decode失敗,QR未検出,0.088436,0.322096,0.613429,0.108231,,fourier,,,29.992274,30,fourier:fourier::None:29.99227361657706:30:None:binary:0
nagaoka_fireworks_R_8,frame_00000.png,frame_00119.png,,,,0,decode失敗,QR未検出,0.000169,0.108974,0.647406,0.000801,,fourier,,,29.992274,50,fourier:fourier::None:29.99227361657706:50:None:binary:0
nagaoka_fireworks_R_8,frame_00000.png,frame_00119.png,,,,0,decode失敗,QR未検出,0.000000,0.000000,0.647833,0.000000,,fourier,,,29.992274,70,fourier:fourier::None:29.99227361657706:70:None:binary:0
nagaoka_fireworks_R_8,frame_00000.png,frame_00119.png,,,,0,decode失敗,QR未検出,0.311970,0.341396,0.545752,0.333829,,fourier,,,29.992274,901,fourier:fourier::None:29.99227361657706:901:None:binary:0
nagaoka_fireworks_R_8,frame_00000.png,frame_00119.png,,,,0,decode失敗,QR未検出,0.513121,0.360305,0.507711,0.495930,,fourier,,,29.992274,902,fourier:fourier::None:29.99227361657706:902:None:binary:0
nagaoka_fireworks_X_12,frame_00000.png,frame_00119.png,,,,0,decode失敗,QR未検出,0.369130,0.356390,0.543068,0.381929,,fourier,,,10.007726,30,fourier:fourier::None:10.007726383422941:30:None:binary:0
nagaoka_fireworks_X_12,frame_00000.png,frame_00119.png,,,,0,decode失敗,QR未検出,0.000358,0.378947,0.647753,0.001549,,fourier,,,10.007726,50,fourier:fourier::None:10.007726383422941:50:None:binary:0
nagaoka_fireworks_X_12,frame_00000.png,frame_00119.png,,,,0,decode失敗,QR未検出,0.000000,0.000000,0.647833,0.000000,,fourier,,,10.007726,70,fourier:fourier::None:10.007726383422941:70:None:binary:0
nagaoka_fireworks_X_12,frame_00000.png,frame_00119.png,,,,0,decode失敗,QR未検出,0.453397,0.359340,0.522830,0.454320,,fourier,,,10.007726,901,fourier:fourier::None:10.007726383422941:901:None:binary:0
nagaoka_fireworks_X_12,frame_00000.png,frame_00119.png,,,,0,decode失敗,QR未検出,0.468456,0.354387,0.512262,0.462992,,fourier,,,10.007726,902,fourier:fourier::None:10.007726383422941:902:None:binary:0
nagaoka_fireworks_X_12,frame_00000.png,frame_00119.png,,,,0,decode失敗,QR未検出,0.101065,0.290895,0.596664,0.167351,,fourier,,,15.000000,30,fourier:fourier::None:15.0:30:None:binary:0
nagaoka_fireworks_X_12,frame_00000.png,frame_00119.png,,,,0,decode失敗,QR未検出,0.017200,0.351116,0.642696,0.021411,,fourier,,,15.000000,50,fourier:fourier::None:15.0:50:None:binary:0
nagaoka_fireworks_X_12,frame_00000.png,frame_00119.png,,,,0,decode失敗,QR未検出,0.000154,0.543860,0.647842,0.000101,,fourier,,,15.000000,70,fourier:fourier::None:15.0:70:None:binary:0
nagaoka_fireworks_X_12,frame_00000.png,frame_00119.png,,,,0,decode失敗,QR未検出,0.409184,0.361217,0.537104,0.401790,,fourier,,,15.000000,901,fourier:fourier::None:15.0:901:None:binary:0
nagaoka_fireworks_X_12,frame_00000.png,frame_00119.png,,,,0,decode失敗,QR未検出,0.494560,0.358049,0.509733,0.475032,,fourier,,,15.000000,902,fourier:fourier::None:15.0:902:None:binary:0
nagaoka_fireworks_X_12,frame_00000.png,frame_00119.png,,,,0,decode失敗,QR未検出,0.121152,0.325242,0.601983,0.138971,,fourier,,,29.992274,30,fourier:fourier::None:29.99227361657706:30:None:binary:0
nagaoka_fireworks_X_12,frame_00000.png,frame_00119.png,,,,0,decode失敗,QR未検出,0.001014,0.238876,0.647053,0.001430,,fourier,,,29.992274,50,fourier:fourier::None:29.99227361657706:50:None:binary:0
nagaoka_fireworks_X_12,frame_00000.png,frame_00119.png,,,,0,decode失敗,QR未検出,0.000000,0.000000,0.647833,0.000005,,fourier,,,29.992274,70,fourier:fourier::None:29.99227361657706:70:None:binary:0
nagaoka_fireworks_X_12,frame_00000.png,frame_00119.png,,,,0,decode失敗,QR未検出,0.296891,0.342873,0.552005,0.312417,,fourier,,,29.992274,901,fourier:fourier::None:29.99227361657706:901:None:binary:0
nagaoka_fireworks_X_12,frame_00000.png,frame_00119.png,,,,0,decode失敗,QR未検出,0.523212,0.361625,0.506822,0.500782,,fourier,,,29.992274,902,fourier:fourier::None:29.99227361657706:902:None:binary:0
nagaoka_fireworks_X_4,frame_00000.png,frame_00119.png,,,,0,decode失敗,QR未検出,0.181134,0.326453,0.580011,0.201033,,fourier,,,10.007726,30,fourier:fourier::None:10.007726383422941:30:None:binary:0
nagaoka_fireworks_X_4,frame_00000.png,frame_00119.png,,,,0,decode失敗,QR未検出,0.005614,0.248352,0.643826,0.017864,,fourier,,,10.007726,50,fourier:fourier::None:10.007726383422941:50:None:binary:0
nagaoka_fireworks_X_4,frame_00000.png,frame_00119.png,,,,0,decode失敗,QR未検出,0.000000,0.000000,0.647705,0.000130,,fourier,,,10.007726,70,fourier:fourier::None:10.007726383422941:70:None:binary:0
nagaoka_fireworks_X_4,frame_00000.png,frame_00119.png,,,,0,decode失敗,QR未検出,0.406253,0.351253,0.526661,0.449805,,fourier,,,10.007726,901,fourier:fourier::None:10.007726383422941:901:None:binary:0
nagaoka_fireworks_X_4,frame_00000.png,frame_00119.png,,,,0,decode失敗,QR未検出,0.484474,0.352789,0.505445,0.477468,,fourier,,,10.007726,902,fourier:fourier::None:10.007726383422941:902:None:binary:0
nagaoka_fireworks_X_4,frame_00000.png,frame_00119.png,,,,0,decode失敗,QR未検出,0.142203,0.305373,0.583998,0.188111,,fourier,,,15.000000,30,fourier:fourier::None:15.0:30:None:binary:0
nagaoka_fireworks_X_4,frame_00000.png,frame_00119.png,,,,0,decode失敗,QR未検出,0.013206,0.330186,0.643050,0.019922,,fourier,,,15.000000,50,fourier:fourier::None:15.0:50:None:binary:0
nagaoka_fireworks_X_4,frame_00000.png,frame_00119.png,,,,0,decode失敗,QR未検出,0.000070,0.538462,0.647837,0.000225,,fourier,,,15.000000,70,fourier:fourier::None:15.0:70:None:binary:0
nagaoka_fireworks_X_4,frame_00000.png,frame_00119.png,,,,0,decode失敗,QR未検出,0.387940,0.355474,0.536741,0.404378,,fourier,,,15.000000,901,fourier:fourier::None:15.0:901:None:binary:0
nagaoka_fireworks_X_4,frame_00000.png,frame_00119.png,,,,0,decode失敗,QR未検出,0.490535,0.357924,0.510689,0.477194,,fourier,,,15.000000,902,fourier:fourier::None:15.0:902:None:binary:0
nagaoka_fireworks_X_4,frame_00000.png,frame_00119.png,,,,0,decode失敗,QR未検出,0.092853,0.341664,0.617525,0.108187,,fourier,,,29.992274,30,fourier:fourier::None:29.99227361657706:30:None:binary:0
nagaoka_fireworks_X_4,frame_00000.png,frame_00119.png,,,,0,decode失敗,QR未検出,0.000184,0.141221,0.647504,0.000769,,fourier,,,29.992274,50,fourier:fourier::None:29.99227361657706:50:None:binary:0
nagaoka_fireworks_X_4,frame_00000.png,frame_00119.png,,,,0,decode失敗,QR未検出,0.000000,0.000000,0.647833,0.000000,,fourier,,,29.992274,70,fourier:fourier::None:29.99227361657706:70:None:binary:0
nagaoka_fireworks_X_4,frame_00000.png,frame_00119.png,,,,0,decode失敗,QR未検出,0.300374,0.341112,0.549288,0.325854,,fourier,,,29.992274,901,fourier:fourier::None:29.99227361657706:901:None:binary:0
nagaoka_fireworks_X_4,frame_00000.png,frame_00119.png,,,,0,decode失敗,QR未検出,0.507288,0.354746,0.501533,0.497390,,fourier,,,29.992274,902,fourier:fourier::None:29.99227361657706:902:None:binary:0
nagaoka_fireworks_X_8,frame_00000.png,frame_00119.png,,,,0,decode失敗,QR未検出,0.139376,0.314750,0.590056,0.178851,,fourier,,,10.007726,30,fourier:fourier::None:10.007726383422941:30:None:binary:0
nagaoka_fireworks_X_8,frame_00000.png,frame_00119.png,,,,0,decode失敗,QR未検出,0.010498,0.292012,0.642567,0.023082,,fourier,,,10.007726,50,fourier:fourier::None:10.007726383422941:50:None:binary:0
nagaoka_fireworks_X_8,frame_00000.png,frame_00119.png,,,,0,decode失敗,QR未検出,0.000144,0.198630,0.647679,0.000292,,fourier,,,10.007726,70,fourier:fourier::None:10.007726383422941:70:None:binary:0
nagaoka_fireworks_X_8,frame_00000.png,frame_00119.png,,,,0,decode失敗,QR未検出,0.409075,0.347359,0.521222,0.440059,,fourier,,,10.007726,901,fourier:fourier::None:10.007726383422941:901:None:binary:0
nagaoka_fireworks_X_8,frame_00000.png,frame_00119.png,,,,0,decode失敗,QR未検出,0.485577,0.349873,0.501081,0.483721,,fourier,,,10.007726,902,fourier:fourier::None:10.007726383422941:902:None:binary:0
nagaoka_fireworks_X_8,frame_00000.png,frame_00119.png,,,,0,decode失敗,QR未検出,0.303434,0.347598,0.554130,0.315506,,fourier,,,15.000000,30,fourier:fourier::None:15.0:30:None:binary:0
nagaoka_fireworks_X_8,frame_00000.png,frame_00119.png,,,,0,decode失敗,QR未検出,0.004069,0.335931,0.646433,0.005977,,fourier,,,15.000000,50,fourier:fourier::None:15.0:50:None:binary:0
nagaoka_fireworks_X_8,frame_00000.png,frame_00119.png,,,,0,decode失敗,QR未検出,0.000000,0.000000,0.647833,0.000000,,fourier,,,15.000000,70,fourier:fourier::None:15.0:70:None:binary:0
nagaoka_fireworks_X_8,frame_00000.png,frame_00119.png,,,,0,decode失敗,QR未検出,0.376577,0.345813,0.529573,0.407868,,fourier,,,15.000000,901,fourier:fourier::None:15.0:901:None:binary:0
nagaoka_fireworks_X_8,frame_00000.png,frame_00119.png,,,,0,decode失敗,QR未検出,0.486278,0.359323,0.513742,0.473286,,fourier,,,15.000000,902,fourier:fourier::None:15.0:902:None:binary:0
nagaoka_fireworks_X_8,frame_00000.png,frame_00119.png,,,,0,decode失敗,QR未検出,0.173051,0.336242,0.588472,0.195383,,fourier,,,29.992274,30,fourier:fourier::None:29.99227361657706:30:None:binary:0
nagaoka_fireworks_X_8,frame_00000.png,frame_00119.png,,,,0,decode失敗,QR未検出,0.001411,0.220326,0.646572,0.001971,,fourier,,,29.992274,50,fourier:fourier::None:29.99227361657706:50:None:binary:0
nagaoka_fireworks_X_8,frame_00000.png,frame_00119.png,,,,0,decode失敗,QR未検出,0.000000,0.000000,0.647833,0.000011,,fourier,,,29.992274,70,fourier:fourier::None:29.99227361657706:70:None:binary:0
nagaoka_fireworks_X_8,frame_00000.png,frame_00119.png,,,,0,decode失敗,QR未検出,0.296811,0.342485,0.551685,0.319243,,fourier,,,29.992274,901,fourier:fourier::None:29.99227361657706:901:None:binary:0
nagaoka_fireworks_X_8,frame_00000.png,frame_00119.png,,,,0,decode失敗,QR未検出,0.482228,0.350391,0.502810,0.497604,,fourier,,,29.992274,902,fourier:fourier::None:29.99227361657706:902:None:binary:0
rice_B_12,frame_00000.png,frame_00119.png,,,,0,decode失敗,QR未検出,0.000000,0.000000,0.647833,0.000129,,fourier,,,10.007726,30,fourier:fourier::None:10.007726383422941:30:None:binary:0
rice_B_12,frame_00000.png,frame_00119.png,,,,0,decode失敗,QR未検出,0.000000,0.000000,0.647833,0.000000,,fourier,,,10.007726,50,fourier:fourier::None:10.007726383422941:50:None:binary:0
rice_B_12,frame_00000.png,frame_00119.png,,,,0,decode失敗,QR未検出,0.000000,0.000000,0.647833,0.000000,,fourier,,,10.007726,70,fourier:fourier::None:10.007726383422941:70:None:binary:0
rice_B_12,frame_00000.png,frame_00119.png,,,,0,decode失敗,QR未検出,0.330904,0.347256,0.545316,0.337900,,fourier,,,10.007726,901,fourier:fourier::None:10.007726383422941:901:None:binary:0
rice_B_12,frame_00000.png,frame_00119.png,,,,0,decode失敗,QR未検出,0.423677,0.358740,0.530329,0.414850,,fourier,,,10.007726,902,fourier:fourier::None:10.007726383422941:902:None:binary:0
rice_B_12,frame_00000.png,frame_00119.png,,,,0,decode失敗,QR未検出,0.146938,0.322375,0.590810,0.152704,,fourier,,,15.000000,30,fourier:fourier::None:15.0:30:None:binary:0
rice_B_12,frame_00000.png,frame_00119.png,,,,0,decode失敗,QR未検出,0.004014,0.485285,0.647747,0.002472,,fourier,,,15.000000,50,fourier:fourier::None:15.0:50:None:binary:0
rice_B_12,frame_00000.png,frame_00119.png,,,,0,decode失敗,QR未検出,0.000000,0.000000,0.647833,0.000000,,fourier,,,15.000000,70,fourier:fourier::None:15.0:70:None:binary:0
rice_B_12,frame_00000.png,frame_00119.png,,,,0,decode失敗,QR未検出,0.357668,0.388755,0.575745,0.329263,,fourier,,,15.000000,901,fourier:fourier::None:15.0:901:None:binary:0
rice_B_12,frame_00000.png,frame_00119.png,,,,0,decode失敗,QR未検出,0.508158,0.355817,0.502801,0.503809,,fourier,,,15.000000,902,fourier:fourier::None:15.0:902:None:binary:0
rice_B_12,frame_00000.png,frame_00119.png,,,,0,decode失敗,QR未検出,0.091218,0.430027,0.637379,0.062017,,fourier,,,29.992274,30,fourier:fourier::None:29.99227361657706:30:None:binary:0
rice_B_12,frame_00000.png,frame_00119.png,,,,0,decode失敗,QR未検出,0.000412,0.239193,0.647517,0.000285,,fourier,,,29.992274,50,fourier:fourier::None:29.99227361657706:50:None:binary:0
rice_B_12,frame_00000.png,frame_00119.png,,,,0,decode失敗,QR未検出,0.000000,0.000000,0.647803,0.000018,,fourier,,,29.992274,70,fourier:fourier::None:29.99227361657706:70:None:binary:0
rice_B_12,frame_00000.png,frame_00119.png,,,,0,decode失敗,QR未検出,0.301586,0.394918,0.591312,0.250168,,fourier,,,29.992274,901,fourier:fourier::None:29.99227361657706:901:None:binary:0
rice_B_12,frame_00000.png,frame_00119.png,,,,0,decode失敗,QR未検出,0.473906,0.349809,0.504521,0.474813,,fourier,,,29.992274,902,fourier:fourier::None:29.99227361657706:902:None:binary:0
rice_B_4,frame_00000.png,frame_00119.png,,,,0,decode失敗,QR未検出,0.381824,0.343374,0.525164,0.408106,,fourier,,,10.007726,30,fourier:fourier::None:10.007726383422941:30:None:binary:0
rice_B_4,frame_00000.png,frame_00119.png,,,,0,decode失敗,QR未検出,0.000040,0.307692,0.647816,0.000453,,fourier,,,10.007726,50,fourier:fourier::None:10.007726383422941:50:None:binary:0
rice_B_4,frame_00000.png,frame_00119.png,,,,0,decode失敗,QR未検出,0.000000,0.000000,0.647833,0.000000,,fourier,,,10.007726,70,fourier:fourier::None:10.007726383422941:70:None:binary:0
rice_B_4,frame_00000.png,frame_00119.png,,,,0,decode失敗,QR未検出,0.296230,0.342036,0.551474,0.320058,,fourier,,,10.007726,901,fourier:fourier::None:10.007726383422941:901:None:binary:0
rice_B_4,frame_00000.png,frame_00119.png,,,,0,decode失敗,QR未検出,0.500730,0.354272,0.502759,0.497563,,fourier,,,10.007726,902,fourier:fourier::None:10.007726383422941:902:None:binary:0
rice_B_4,frame_00000.png,frame_00119.png,,,,0,decode失敗,QR未検出,0.210184,0.343123,0.580149,0.213902,,fourier,,,15.000000,30,fourier:fourier::None:15.0:30:None:binary:0
rice_B_4,frame_00000.png,frame_00119.png,,,,0,decode失敗,QR未検出,0.001659,0.440053,0.647674,0.001205,,fourier,,,15.000000,50,fourier:fourier::None:15.0:50:None:binary:0
rice_B_4,frame_00000.png,frame_00119.png,,,,0,decode失敗,QR未検出,0.000000,0.000000,0.647833,0.000000,,fourier,,,15.000000,70,fourier:fourier::None:15.0:70:None:binary:0
rice_B_4,frame_00000.png,frame_00119.png,,,,0,decode失敗,QR未検出,0.347602,0.366455,0.558612,0.334900,,fourier,,,15.000000,901,fourier:fourier::None:15.0:901:None:binary:0
rice_B_4,frame_00000.png,frame_00119.png,,,,0,decode失敗,QR未検出,0.504158,0.356947,0.505522,0.502968,,fourier,,,15.000000,902,fourier:fourier::None:15.0:902:None:binary:0
rice_B_4,frame_00000.png,frame_00119.png,,,,0,decode失敗,QR未検出,0.155011,0.401674,0.621107,0.134933,,fourier,,,29.992274,30,fourier:fourier::None:29.99227361657706:30:None:binary:0
rice_B_4,frame_00000.png,frame_00119.png,,,,0,decode失敗,QR未検出,0.000308,0.837838,0.647921,0.000447,,fourier,,,29.992274,50,fourier:fourier::None:29.99227361657706:50:None:binary:0
rice_B_4,frame_00000.png,frame_00119.png,,,,0,decode失敗,QR未検出,0.000000,0.000000,0.647833,0.000000,,fourier,,,29.992274,70,fourier:fourier::None:29.99227361657706:70:None:binary:0
rice_B_4,frame_00000.png,frame_00119.png,,,,0,decode失敗,QR未検出,0.283566,0.387751,0.590015,0.263548,,fourier,,,29.992274,901,fourier:fourier::None:29.99227361657706:901:None:binary:0
rice_B_4,frame_00000.png,frame_00119.png,,,,0,decode失敗,QR未検出,0.461858,0.348034,0.505793,0.465861,,fourier,,,29.992274,902,fourier:fourier::None:29.99227361657706:902:None:binary:0
rice_B_8,frame_00000.png,frame_00119.png,,,,0,decode失敗,QR未検出,0.150763,0.364111,0.608203,0.149219,,fourier,,,10.007726,30,fourier:fourier::None:10.007726383422941:30:None:binary:0
rice_B_8,frame_00000.png,frame_00119.png,,,,0,decode失敗,QR未検出,0.002280,0.564576,0.648017,0.001759,,fourier,,,10.007726,50,fourier:fourier::None:10.007726383422941:50:None:binary:0
rice_B_8,frame_00000.png,frame_00119.png,,,,0,decode失敗,QR未検出,0.000000,0.000000,0.647833,0.000000,,fourier,,,10.007726,70,fourier:fourier::None:10.007726383422941:70:None:binary:0
rice_B_8,frame_00000.png,frame_00119.png,,,,0,decode失敗,QR未検出,0.352198,0.352079,0.543612,0.345546,,fourier,,,10.007726,901,fourier:fourier::None:10.007726383422941:901:None:binary:0
rice_B_8,frame_00000.png,frame_00119.png,,,,0,decode失敗,QR未検出,0.504819,0.353248,0.500121,0.508253,,fourier,,,10.007726,902,fourier:fourier::None:10.007726383422941:902:None:binary:0
rice_B_8,frame_00000.png,frame_00119.png,,,,0,decode失敗,QR未検出,0.161445,0.357123,0.602340,0.154868,,fourier,,,15.000000,30,fourier:fourier::None:15.0:30:None:binary:0
rice_B_8,frame_00000.png,frame_00119.png,,,,0,decode失敗,QR未検出,0.002027,0.354167,0.647245,0.002502,,fourier,,,15.000000,50,fourier:fourier::None:15.0:50:None:binary:0
rice_B_8,frame_00000.png,frame_00119.png,,,,0,decode失敗,QR未検出,0.000000,0.000000,0.647833,0.000000,,fourier,,,15.000000,70,fourier:fourier::None:15.0:70:None:binary:0
rice_B_8,frame_00000.png,frame_00119.png,,,,0,decode失敗,QR未検出,0.314787,0.359790,0.561431,0.308384,,fourier,,,15.000000,901,fourier:fourier::None:15.0:901:None:binary:0
rice_B_8,frame_00000.png,frame_00119.png,,,,0,decode失敗,QR未検出,0.501903,0.355236,0.503774,0.502862,,fourier,,,15.000000,902,fourier:fourier::None:15.0:902:None:binary:0
rice_B_8,frame_00000.png,frame_00119.png,,,,0,decode失敗,QR未検出,0.100673,0.376433,0.624557,0.090651,,fourier,,,29.992274,30,fourier:fourier::None:29.99227361657706:30:None:binary:0
rice_B_8,frame_00000.png,frame_00119.png,,,,0,decode失敗,QR未検出,0.000234,0.209821,0.647606,0.000261,,fourier,,,29.992274,50,fourier:fourier::None:29.99227361657706:50:None:binary:0
rice_B_8,frame_00000.png,frame_00119.png,,,,0,decode失敗,QR未検出,0.000000,0.000000,0.647833,0.000000,,fourier,,,29.992274,70,fourier:fourier::None:29.99227361657706:70:None:binary:0
rice_B_8,frame_00000.png,frame_00119.png,,,,0,decode失敗,QR未検出,0.246358,0.371194,0.587622,0.239105,,fourier,,,29.992274,901,fourier:fourier::None:29.99227361657706:901:None:binary:0
rice_B_8,frame_00000.png,frame_00119.png,,,,0,decode失敗,QR未検出,0.467279,0.349636,0.506292,0.471378,,fourier,,,29.992274,902,fourier:fourier::None:29.99227361657706:902:None:binary:0
rice_G_12,frame_00000.png,frame_00119.png,,,,0,decode失敗,QR未検出,0.000139,0.549020,0.647842,0.000093,,fourier,,,10.007726,30,fourier:fourier::None:10.007726383422941:30:None:binary:0
rice_G_12,frame_00000.png,frame_00119.png,,,,0,decode失敗,QR未検出,0.000000,0.000000,0.647833,0.000000,,fourier,,,10.007726,50,fourier:fourier::None:10.007726383422941:50:None:binary:0
rice_G_12,frame_00000.png,frame_00119.png,,,,0,decode失敗,QR未検出,0.000000,0.000000,0.647833,0.000000,,fourier,,,10.007726,70,fourier:fourier::None:10.007726383422941:70:None:binary:0
rice_G_12,frame_00000.png,frame_00119.png,,,,0,decode失敗,QR未検出,0.332707,0.356796,0.553780,0.338427,,fourier,,,10.007726,901,fourier:fourier::None:10.007726383422941:901:None:binary:0
rice_G_12,frame_00000.png,frame_00119.png,,,,0,decode失敗,QR未検出,0.417804,0.355016,0.527655,0.418059,,fourier,,,10.007726,902,fourier:fourier::None:10.007726383422941:902:None:binary:0
rice_G_12,frame_00000.png,frame_00119.png,,,,0,decode失敗,QR未検出,0.131481,0.329363,0.599855,0.139664,,fourier,,,15.000000,30,fourier:fourier::None:15.0:30:None:binary:0
rice_G_12,frame_00000.png,frame_00119.png,,,,0,decode失敗,QR未検出,0.004745,0.538028,0.648069,0.002571,,fourier,,,15.000000,50,fourier:fourier::None:15.0:50:None:binary:0
rice_G_12,frame_00000.png,frame_00119.png,,,,0,decode失敗,QR未検出,0.000000,0.000000,0.647833,0.000000,,fourier,,,15.000000,70,fourier:fourier::None:15.0:70:None:binary:0
rice_G_12,frame_00000.png,frame_00119.png,,,,0,decode失敗,QR未検出,0.333135,0.376303,0.570704,0.309245,,fourier,,,15.000000,901,fourier:fourier::None:15.0:901:None:binary:0
rice_G_12,frame_00000.png,frame_00119.png,,,,0,decode失敗,QR未検出,0.513111,0.359078,0.506000,0.499936,,fourier,,,15.000000,902,fourier:fourier::None:15.0:902:None:binary:0
rice_G_12,frame_00000.png,frame_00119.png,,,,0,decode失敗,QR未検出,0.079190,0.390585,0.632209,0.064962,,fourier,,,29.992274,30,fourier:fourier::None:29.99227361657706:30:None:binary:0
rice_G_12,frame_00000.png,frame_00119.png,,,,0,decode失敗,QR未検出,0.000591,0.862319,0.648008,0.000099,,fourier,,,29.992274,50,fourier:fourier::None:29.99227361657706:50:None:binary:0
rice_G_12,frame_00000.png,frame_00119.png,,,,0,decode失敗,QR未検出,0.000000,0.000000,0.647833,0.000000,,fourier,,,29.992274,70,fourier:fourier::None:29.99227361657706:70:None:binary:0
rice_G_12,frame_00000.png,frame_00119.png,,,,0,decode失敗,QR未検出,0.276228,0.376795,0.584217,0.252632,,fourier,,,29.992274,901,fourier:fourier::None:29.99227361657706:901:None:binary:0
rice_G_12,frame_00000.png,frame_00119.png,,,,0,decode失敗,QR未検出,0.467940,0.346813,0.502255,0.475648,,fourier,,,29.992274,902,fourier:fourier::None:29.99227361657706:902:None:binary:0
rice_G_4,frame_00000.png,frame_00119.png,,,,0,decode失敗,QR未検出,0.000000,0.000000,0.647833,0.000030,,fourier,,,10.007726,30,fourier:fourier::None:10.007726383422941:30:None:binary:0
rice_G_4,frame_00000.png,frame_00119.png,,,,0,decode失敗,QR未検出,0.000000,0.000000,0.647833,0.000000,,fourier,,,10.007726,50,fourier:fourier::None:10.007726383422941:50:None:binary:0
rice_G_4,frame_00000.png,frame_00119.png,,,,0,decode失敗,QR未検出,0.000000,0.000000,0.647833,0.000000,,fourier,,,10.007726,70,fourier:fourier::None:10.007726383422941:70:None:binary:0
rice_G_4,frame_00000.png,frame_00119.png,,,,0,decode失敗,QR未検出,0.305302,0.343363,0.549738,0.321598,,fourier,,,10.007726,901,fourier:fourier::None:10.007726383422941:901:None:binary:0
rice_G_4,frame_00000.png,frame_00119.png,,,,0,decode失敗,QR未検出,0.403272,0.355886,0.532813,0.402024,,fourier,,,10.007726,902,fourier:fourier::None:10.007726383422941:902:None:binary:0
rice_G_4,frame_00000.png,frame_00119.png,,,,0,decode失敗,QR未検出,0.146908,0.328716,0.593917,0.152881,,fourier,,,15.000000,30,fourier:fourier::None:15.0:30:None:binary:0
rice_G_4,frame_00000.png,frame_00119.png,,,,0,decode失敗,QR未検出,0.001649,0.329365,0.647231,0.002093,,fourier,,,15.000000,50,fourier:fourier::None:15.0:50:None:binary:0
rice_G_4,frame_00000.png,frame_00119.png,,,,0,decode失敗,QR未検出,0.000000,0.000000,0.647802,0.000019,,fourier,,,15.000000,70,fourier:fourier::None:15.0:70:None:binary:0
rice_G_4,frame_00000.png,frame_00119.png,,,,0,decode失敗,QR未検出,0.328087,0.369345,0.566089,0.318511,,fourier,,,15.000000,901,fourier:fourier::None:15.0:901:None:binary:0
rice_G_4,frame_00000.png,frame_00119.png,,,,0,decode失敗,QR未検出,0.500060,0.353555,0.501946,0.501163,,fourier,,,15.000000,902,fourier:fourier::None:15.0:902:None:binary:0
rice_G_4,frame_00000.png,frame_00119.png,,,,0,decode失敗,QR未検出,0.111464,0.360135,0.617343,0.106241,,fourier,,,29.992274,30,fourier:fourier::None:29.99227361657706:30:None:binary:0
rice_G_4,frame_00000.png,frame_00119.png,,,,0,decode失敗,QR未検出,0.000507,0.545455,0.647863,0.000171,,fourier,,,29.992274,50,fourier:fourier::None:29.99227361657706:50:None:binary:0
rice_G_4,frame_00000.png,frame_00119.png,,,,0,decode失敗,QR未検出,0.000000,0.000000,0.647833,0.000000,,fourier,,,29.992274,70,fourier:fourier::None:29.99227361657706:70:None:binary:0
rice_G_4,frame_00000.png,frame_00119.png,,,,0,decode失敗,QR未検出,0.268591,0.359188,0.573670,0.267241,,fourier,,,29.992274,901,fourier:fourier::None:29.99227361657706:901:None:binary:0
rice_G_4,frame_00000.png,frame_00119.png,,,,0,decode失敗,QR未検出,0.467323,0.347541,0.503442,0.471324,,fourier,,,29.992274,902,fourier:fourier::None:29.99227361657706:902:None:binary:0
rice_G_8,frame_00000.png,frame_00119.png,,,,0,decode失敗,QR未検出,0.000109,0.500000,0.647833,0.000052,,fourier,,,10.007726,30,fourier:fourier::None:10.007726383422941:30:None:binary:0
rice_G_8,frame_00000.png,frame_00119.png,,,,0,decode失敗,QR未検出,0.000000,0.000000,0.647833,0.000000,,fourier,,,10.007726,50,fourier:fourier::None:10.007726383422941:50:None:binary:0
rice_G_8,frame_00000.png,frame_00119.png,,,,0,decode失敗,QR未検出,0.000000,0.000000,0.647833,0.000000,,fourier,,,10.007726,70,fourier:fourier::None:10.007726383422941:70:None:binary:0
rice_G_8,frame_00000.png,frame_00119.png,,,,0,decode失敗,QR未検出,0.335529,0.356472,0.552681,0.335197,,fourier,,,10.007726,901,fourier:fourier::None:10.007726383422941:901:None:binary:0
rice_G_8,frame_00000.png,frame_00119.png,,,,0,decode失敗,QR未検出,0.422902,0.357120,0.528661,0.416228,,fourier,,,10.007726,902,fourier:fourier::None:10.007726383422941:902:None:binary:0
rice_G_8,frame_00000.png,frame_00119.png,,,,0,decode失敗,QR未検出,0.229635,0.339232,0.571182,0.230415,,fourier,,,15.000000,30,fourier:fourier::None:15.0:30:None:binary:0
rice_G_8,frame_00000.png,frame_00119.png,,,,0,decode失敗,QR未検出,0.001982,0.552632,0.647966,0.001320,,fourier,,,15.000000,50,fourier:fourier::None:15.0:50:None:binary:0
rice_G_8,frame_00000.png,frame_00119.png,,,,0,decode失敗,QR未検出,0.000000,0.000000,0.647833,0.000000,,fourier,,,15.000000,70,fourier:fourier::None:15.0:70:None:binary:0
rice_G_8,frame_00000.png,frame_00119.png,,,,0,decode失敗,QR未検出,0.326681,0.367311,0.564713,0.314854,,fourier,,,15.000000,901,fourier:fourier::None:15.0:901:None:binary:0
rice_G_8,frame_00000.png,frame_00119.png,,,,0,decode失敗,QR未検出,0.499165,0.355617,0.505090,0.497639,,fourier,,,15.000000,902,fourier:fourier::None:15.0:902:None:binary:0
rice_G_8,frame_00000.png,frame_00119.png,,,,0,decode失敗,QR未検出,0.175987,0.373539,0.605869,0.163002,,fourier,,,29.992274,30,fourier:fourier::None:29.99227361657706:30:None:binary:0
rice_G_8,frame_00000.png,frame_00119.png,,,,0,decode失敗,QR未検出,0.000999,0.234266,0.647035,0.000869,,fourier,,,29.992274,50,fourier:fourier::None:29.99227361657706:50:None:binary:0
rice_G_8,frame_00000.png,frame_00119.png,,,,0,decode失敗,QR未検出,0.000000,0.000000,0.647833,0.000000,,fourier,,,29.992274,70,fourier:fourier::None:29.99227361657706:70:None:binary:0
rice_G_8,frame_00000.png,frame_00119.png,,,,0,decode失敗,QR未検出,0.262764,0.373440,0.585111,0.250985,,fourier,,,29.992274,901,fourier:fourier::None:29.99227361657706:901:None:binary:0
rice_G_8,frame_00000.png,frame_00119.png,,,,0,decode失敗,QR未検出,0.466464,0.349084,0.505797,0.468162,,fourier,,,29.992274,902,fourier:fourier::None:29.99227361657706:902:None:binary:0
rice_I_12,frame_00000.png,frame_00119.png,,,,0,decode失敗,QR未検出,0.206915,0.372510,0.597955,0.191019,,fourier,,,10.007726,30,fourier:fourier::None:10.007726383422941:30:None:binary:0
rice_I_12,frame_00000.png,frame_00119.png,,,,0,decode失敗,QR未検出,0.001028,0.253366,0.647128,0.001874,,fourier,,,10.007726,50,fourier:fourier::None:10.007726383422941:50:None:binary:0
rice_I_12,frame_00000.png,frame_00119.png,,,,0,decode失敗,QR未検出,0.000000,0.000000,0.647833,0.000000,,fourier,,,10.007726,70,fourier:fourier::None:10.007726383422941:70:None:binary:0
rice_I_12,frame_00000.png,frame_00119.png,,,,0,decode失敗,QR未検出,0.307553,0.339152,0.545098,0.323917,,fourier,,,10.007726,901,fourier:fourier::None:10.007726383422941:901:None:binary:0
rice_I_12,frame_00000.png,frame_00119.png,,,,0,decode失敗,QR未検出,0.508794,0.356271,0.503261,0.504008,,fourier,,,10.007726,902,fourier:fourier::None:10.007726383422941:902:None:binary:0
rice_I_12,frame_00000.png,frame_00119.png,,,,0,decode失敗,QR未検出,0.186664,0.347442,0.590105,0.188108,,fourier,,,15.000000,30,fourier:fourier::None:15.0:30:None:binary:0
rice_I_12,frame_00000.png,frame_00119.png,,,,0,decode失敗,QR未検出,0.001739,0.292887,0.646967,0.002109,,fourier,,,15.000000,50,fourier:fourier::None:15.0:50:None:binary:0
rice_I_12,frame_00000.png,frame_00119.png,,,,0,decode失敗,QR未検出,0.000000,0.000000,0.647833,0.000000,,fourier,,,15.000000,70,fourier:fourier::None:15.0:70:None:binary:0
rice_I_12,frame_00000.png,frame_00119.png,,,,0,decode失敗,QR未検出,0.347925,0.360226,0.552747,0.340268,,fourier,,,15.000000,901,fourier:fourier::None:15.0:901:None:binary:0
rice_I_12,frame_00000.png,frame_00119.png,,,,0,decode失敗,QR未検出,0.504124,0.354409,0.501970,0.501953,,fourier,,,15.000000,902,fourier:fourier::None:15.0:902:None:binary:0
rice_I_12,frame_00000.png,frame_00119.png,,,,0,decode失敗,QR未検出,0.187842,0.384044,0.607886,0.160932,,fourier,,,29.992274,30,fourier:fourier::None:29.99227361657706:30:None:binary:0
rice_I_12,frame_00000.png,frame_00119.png,,,,0,decode失敗,QR未検出,0.000646,0.585586,0.647900,0.000669,,fourier,,,29.992274,50,fourier:fourier::None:29.99227361657706:50:None:binary:0
rice_I_12,frame_00000.png,frame_00119.png,,,,0,decode失敗,QR未検出,0.000000,0.000000,0.647833,0.000007,,fourier,,,29.992274,70,fourier:fourier::None:29.99227361657706:70:None:binary:0
rice_I_12,frame_00000.png,frame_00119.png,,,,0,decode失敗,QR未検出,0.275800,0.379183,0.585939,0.249097,,fourier,,,29.992274,901,fourier:fourier::None:29.99227361657706:901:None:binary:0
rice_I_12,frame_00000.png,frame_00119.png,,,,0,decode失敗,QR未検出,0.461491,0.347544,0.505247,0.469766,,fourier,,,29.992274,902,fourier:fourier::None:29.99227361657706:902:None:binary:0
rice_I_4,frame_00000.png,frame_00119.png,,,,0,decode失敗,QR未検出,0.287322,0.355262,0.565385,0.290852,,fourier,,,10.007726,30,fourier:fourier::None:10.007726383422941:30:None:binary:0
rice_I_4,frame_00000.png,frame_00119.png,,,,0,decode失敗,QR未検出,0.000402,0.648000,0.647898,0.000805,,fourier,,,10.007726,50,fourier:fourier::None:10.007726383422941:50:None:binary:0
rice_I_4,frame_00000.png,frame_00119.png,,,,0,decode失敗,QR未検出,0.000000,0.000000,0.647833,0.000000,,fourier,,,10.007726,70,fourier:fourier::None:10.007726383422941:70:None:binary:0
rice_I_4,frame_00000.png,frame_00119.png,,,,0,decode失敗,QR未検出,0.349495,0.350369,0.542706,0.350514,,fourier,,,10.007726,901,fourier:fourier::None:10.007726383422941:901:None:binary:0
rice_I_4,frame_00000.png,frame_00119.png,,,,0,decode失敗,QR未検出,0.506315,0.357533,0.505732,0.502514,,fourier,,,10.007726,902,fourier:fourier::None:10.007726383422941:902:None:binary:0
rice_I_4,frame_00000.png,frame_00119.png,,,,0,decode失敗,QR未検出,0.347786,0.342561,0.535252,0.349607,,fourier,,,15.000000,30,fourier:fourier::None:15.0:30:None:binary:0
rice_I_4,frame_00000.png,frame_00119.png,,,,0,decode失敗,QR未検出,0.000318,0.239700,0.647590,0.000929,,fourier,,,15.000000,50,fourier:fourier::None:15.0:50:None:binary:0
rice_I_4,frame_00000.png,frame_00119.png,,,,0,decode失敗,QR未検出,0.000000,0.000000,0.647833,0.000017,,fourier,,,15.000000,70,fourier:fourier::None:15.0:70:None:binary:0
rice_I_4,frame_00000.png,frame_00119.png,,,,0,decode失敗,QR未検出,0.338754,0.364945,0.559536,0.338309,,fourier,,,15.000000,901,fourier:fourier::None:15.0:901:None:binary:0
rice_I_4,frame_00000.png,frame_00119.png,,,,0,decode失敗,QR未検出,0.493973,0.355646,0.506614,0.494673,,fourier,,,15.000000,902,fourier:fourier::None:15.0:902:None:binary:0
rice_I_4,frame_00000.png,frame_00119.png,,,,0,decode失敗,QR未検出,0.229287,0.382502,0.598225,0.217048,,fourier,,,29.992274,30,fourier:fourier::None:29.99227361657706:30:None:binary:0
rice_I_4,frame_00000.png,frame_00119.png,,,,0,decode失敗,QR未検出,0.000656,0.370787,0.647672,0.000760,,fourier,,,29.992274,50,fourier:fourier::None:29.99227361657706:50:None:binary:0
rice_I_4,frame_00000.png,frame_00119.png,,,,0,decode失敗,QR未検出,0.000000,0.000000,0.647833,0.000000,,fourier,,,29.992274,70,fourier:fourier::None:29.99227361657706:70:None:binary:0
rice_I_4,frame_00000.png,frame_00119.png,,,,0,decode失敗,QR未検出,0.276739,0.377470,0.584562,0.266587,,fourier,,,29.992274,901,fourier:fourier::None:29.99227361657706:901:None:binary:0
rice_I_4,frame_00000.png,frame_00119.png,,,,0,decode失敗,QR未検出,0.462117,0.351478,0.510295,0.460826,,fourier,,,29.992274,902,fourier:fourier::None:29.99227361657706:902:None:binary:0
rice_I_8,frame_00000.png,frame_00119.png,,,,0,decode失敗,QR未検出,0.056877,0.375074,0.634490,0.066816,,fourier,,,10.007726,30,fourier:fourier::None:10.007726383422941:30:None:binary:0
rice_I_8,frame_00000.png,frame_00119.png,,,,0,decode失敗,QR未検出,0.000000,0.000000,0.647833,0.000016,,fourier,,,10.007726,50,fourier:fourier::None:10.007726383422941:50:None:binary:0
rice_I_8,frame_00000.png,frame_00119.png,,,,0,decode失敗,QR未検出,0.000000,0.000000,0.647833,0.000000,,fourier,,,10.007726,70,fourier:fourier::None:10.007726383422941:70:None:binary:0
rice_I_8,frame_00000.png,frame_00119.png,,,,0,decode失敗,QR未検出,0.335385,0.360713,0.556618,0.336971,,fourier,,,10.007726,901,fourier:fourier::None:10.007726383422941:901:None:binary:0
rice_I_8,frame_00000.png,frame_00119.png,,,,0,decode失敗,QR未検出,0.476793,0.355624,0.511497,0.478463,,fourier,,,10.007726,902,fourier:fourier::None:10.007726383422941:902:None:binary:0
rice_I_8,frame_00000.png,frame_00119.png,,,,0,decode失敗,QR未検出,0.320828,0.330854,0.532308,0.318769,,fourier,,,15.000000,30,fourier:fourier::None:15.0:30:None:binary:0
rice_I_8,frame_00000.png,frame_00119.png,,,,0,decode失敗,QR未検出,0.000447,0.204545,0.647378,0.000748,,fourier,,,15.000000,50,fourier:fourier::None:15.0:50:None:binary:0
rice_I_8,frame_00000.png,frame_00119.png,,,,0,decode失敗,QR未検出,0.000000,0.000000,0.647833,0.000000,,fourier,,,15.000000,70,fourier:fourier::None:15.0:70:None:binary:0
rice_I_8,frame_00000.png,frame_00119.png,,,,0,decode失敗,QR未検出,0.328310,0.379970,0.574786,0.326524,,fourier,,,15.000000,901,fourier:fourier::None:15.0:901:None:binary:0
rice_I_8,frame_00000.png,frame_00119.png,,,,0,decode失敗,QR未検出,0.494301,0.353037,0.502903,0.497288,,fourier,,,15.000000,902,fourier:fourier::None:15.0:902:None:binary:0
rice_I_8,frame_00000.png,frame_00119.png,,,,0,decode失敗,QR未検出,0.056470,0.357433,0.631969,0.057644,,fourier,,,29.992274,30,fourier:fourier::None:29.99227361657706:30:None:binary:0
rice_I_8,frame_00000.png,frame_00119.png,,,,0,decode失敗,QR未検出,0.000000,0.000000,0.647800,0.000151,,fourier,,,29.992274,50,fourier:fourier::None:29.99227361657706:50:None:binary:0
rice_I_8,frame_00000.png,frame_00119.png,,,,0,decode失敗,QR未検出,0.000000,0.000000,0.647833,0.000000,,fourier,,,29.992274,70,fourier:fourier::None:29.99227361657706:70:None:binary:0
rice_I_8,frame_00000.png,frame_00119.png,,,,0,decode失敗,QR未検出,0.261989,0.378468,0.588579,0.256849,,fourier,,,29.992274,901,fourier:fourier::None:29.99227361657706:901:None:binary:0
rice_I_8,frame_00000.png,frame_00119.png,,,,0,decode失敗,QR未検出,0.475029,0.354151,0.510045,0.470419,,fourier,,,29.992274,902,fourier:fourier::None:29.99227361657706:902:None:binary:0
rice_R_12,frame_00000.png,frame_00119.png,,,,0,decode失敗,QR未検出,0.205146,0.347407,0.584367,0.222206,,fourier,,,10.007726,30,fourier:fourier::None:10.007726383422941:30:None:binary:0
rice_R_12,frame_00000.png,frame_00119.png,,,,0,decode失敗,QR未検出,0.000353,0.116776,0.647018,0.001753,,fourier,,,10.007726,50,fourier:fourier::None:10.007726383422941:50:None:binary:0
rice_R_12,frame_00000.png,frame_00119.png,,,,0,decode失敗,QR未検出,0.000000,0.000000,0.647833,0.000000,,fourier,,,10.007726,70,fourier:fourier::None:10.007726383422941:70:None:binary:0
rice_R_12,frame_00000.png,frame_00119.png,,,,0,decode失敗,QR未検出,0.330203,0.344504,0.542858,0.335280,,fourier,,,10.007726,901,fourier:fourier::None:10.007726383422941:901:None:binary:0
rice_R_12,frame_00000.png,frame_00119.png,,,,0,decode失敗,QR未検出,0.507671,0.357184,0.504862,0.501862,,fourier,,,10.007726,902,fourier:fourier::None:10.007726383422941:902:None:binary:0
rice_R_12,frame_00000.png,frame_00119.png,,,,0,decode失敗,QR未検出,0.125564,0.319572,0.597901,0.137077,,fourier,,,15.000000,30,fourier:fourier::None:15.0:30:None:binary:0
rice_R_12,frame_00000.png,frame_00119.png,,,,0,decode失敗,QR未検出,0.002444,0.360176,0.647165,0.003418,,fourier,,,15.000000,50,fourier:fourier::None:15.0:50:None:binary:0
rice_R_12,frame_00000.png,frame_00119.png,,,,0,decode失敗,QR未検出,0.000000,0.000000,0.647833,0.000000,,fourier,,,15.000000,70,fourier:fourier::None:15.0:70:None:binary:0
rice_R_12,frame_00000.png,frame_00119.png,,,,0,decode失敗,QR未検出,0.314071,0.357494,0.559653,0.324627,,fourier,,,15.000000,901,fourier:fourier::None:15.0:901:None:binary:0
rice_R_12,frame_00000.png,frame_00119.png,,,,0,decode失敗,QR未検出,0.508044,0.356566,0.503890,0.501277,,fourier,,,15.000000,902,fourier:fourier::None:15.0:902:None:binary:0
rice_R_12,frame_00000.png,frame_00119.png,,,,0,decode失敗,QR未検出,0.118037,0.389968,0.624375,0.113558,,fourier,,,29.992274,30,fourier:fourier::None:29.99227361657706:30:None:binary:0
rice_R_12,frame_00000.png,frame_00119.png,,,,0,decode失敗,QR未検出,0.000144,0.349398,0.647789,0.000420,,fourier,,,29.992274,50,fourier:fourier::None:29.99227361657706:50:None:binary:0
rice_R_12,frame_00000.png,frame_00119.png,,,,0,decode失敗,QR未検出,0.000000,0.000000,0.647833,0.000000,,fourier,,,29.992274,70,fourier:fourier::None:29.99227361657706:70:None:binary:0
rice_R_12,frame_00000.png,frame_00119.png,,,,0,decode失敗,QR未検出,0.265019,0.382808,0.590689,0.257566,,fourier,,,29.992274,901,fourier:fourier::None:29.99227361657706:901:None:binary:0
rice_R_12,frame_00000.png,frame_00119.png,,,,0,decode失敗,QR未検出,0.471909,0.353052,0.509488,0.469752,,fourier,,,29.992274,902,fourier:fourier::None:29.99227361657706:902:None:binary:0
rice_R_4,frame_00000.png,frame_00119.png,,,,0,decode失敗,QR未検出,0.050885,0.356380,0.633390,0.058427,,fourier,,,10.007726,30,fourier:fourier::None:10.007726383422941:30:None:binary:0
rice_R_4,frame_00000.png,frame_00119.png,,,,0,decode失敗,QR未検出,0.005733,0.384667,0.646622,0.007730,,fourier,,,10.007726,50,fourier:fourier::None:10.007726383422941:50:None:binary:0
rice_R_4,frame_00000.png,frame_00119.png,,,,0,decode失敗,QR未検出,0.000000,0.000000,0.647833,0.000001,,fourier,,,10.007726,70,fourier:fourier::None:10.007726383422941:70:None:binary:0
rice_R_4,frame_00000.png,frame_00119.png,,,,0,decode失敗,QR未検出,0.358706,0.347344,0.536796,0.360781,,fourier,,,10.007726,901,fourier:fourier::None:10.007726383422941:901:None:binary:0
rice_R_4,frame_00000.png,frame_00119.png,,,,0,decode失敗,QR未検出,0.508545,0.354987,0.501513,0.507842,,fourier,,,10.007726,902,fourier:fourier::None:10.007726383422941:902:None:binary:0
rice_R_4,frame_00000.png,frame_00119.png,,,,0,decode失敗,QR未検出,0.225983,0.345597,0.576721,0.217520,,fourier,,,15.000000,30,fourier:fourier::None:15.0:30:None:binary:0
rice_R_4,frame_00000.png,frame_00119.png,,,,0,decode失敗,QR未検出,0.001669,0.526646,0.647893,0.001801,,fourier,,,15.000000,50,fourier:fourier::None:15.0:50:None:binary:0
rice_R_4,frame_00000.png,frame_00119.png,,,,0,decode失敗,QR未検出,0.000000,0.000000,0.647833,0.000000,,fourier,,,15.000000,70,fourier:fourier::None:15.0:70:None:binary:0
rice_R_4,frame_00000.png,frame_00119.png,,,,0,decode失敗,QR未検出,0.326244,0.361683,0.559958,0.344138,,fourier,,,15.000000,901,fourier:fourier::None:15.0:901:None:binary:0
rice_R_4,frame_00000.png,frame_00119.png,,,,0,decode失敗,QR未検出,0.496199,0.357487,0.508509,0.493541,,fourier,,,15.000000,902,fourier:fourier::None:15.0:902:None:binary:0
rice_R_4,frame_00000.png,frame_00119.png,,,,0,decode失敗,QR未検出,0.176996,0.377340,0.607309,0.186457,,fourier,,,29.992274,30,fourier:fourier::None:29.99227361657706:30:None:binary:0
rice_R_4,frame_00000.png,frame_00119.png,,,,0,decode失敗,QR未検出,0.000586,0.384365,0.647709,0.000821,,fourier,,,29.992274,50,fourier:fourier::None:29.99227361657706:50:None:binary:0
rice_R_4,frame_00000.png,frame_00119.png,,,,0,decode失敗,QR未検出,0.000000,0.000000,0.647833,0.000004,,fourier,,,29.992274,70,fourier:fourier::None:29.99227361657706:70:None:binary:0
rice_R_4,frame_00000.png,frame_00119.png,,,,0,decode失敗,QR未検出,0.241032,0.373728,0.590474,0.254864,,fourier,,,29.992274,901,fourier:fourier::None:29.99227361657706:901:None:binary:0
rice_R_4,frame_00000.png,frame_00119.png,,,,0,decode失敗,QR未検出,0.467050,0.347712,0.503758,0.471478,,fourier,,,29.992274,902,fourier:fourier::None:29.99227361657706:902:None:binary:0
rice_R_8,frame_00000.png,frame_00119.png,,,,0,decode失敗,QR未検出,0.138313,0.350546,0.606300,0.145644,,fourier,,,10.007726,30,fourier:fourier::None:10.007726383422941:30:None:binary:0
rice_R_8,frame_00000.png,frame_00119.png,,,,0,decode失敗,QR未検出,0.000651,0.170795,0.646950,0.002394,,fourier,,,10.007726,50,fourier:fourier::None:10.007726383422941:50:None:binary:0
rice_R_8,frame_00000.png,frame_00119.png,,,,0,decode失敗,QR未検出,0.000000,0.000000,0.647833,0.000000,,fourier,,,10.007726,70,fourier:fourier::None:10.007726383422941:70:None:binary:0
rice_R_8,frame_00000.png,frame_00119.png,,,,0,decode失敗,QR未検出,0.335475,0.356979,0.553167,0.335486,,fourier,,,10.007726,901,fourier:fourier::None:10.007726383422941:901:None:binary:0
rice_R_8,frame_00000.png,frame_00119.png,,,,0,decode失敗,QR未検出,0.507557,0.355919,0.503116,0.504836,,fourier,,,10.007726,902,fourier:fourier::None:10.007726383422941:902:None:binary:0
rice_R_8,frame_00000.png,frame_00119.png,,,,0,decode失敗,QR未検出,0.218744,0.331252,0.569346,0.224404,,fourier,,,15.000000,30,fourier:fourier::None:15.0:30:None:binary:0
rice_R_8,frame_00000.png,frame_00119.png,,,,0,decode失敗,QR未検出,0.001009,0.333882,0.647480,0.001579,,fourier,,,15.000000,50,fourier:fourier::None:15.0:50:None:binary:0
rice_R_8,frame_00000.png,frame_00119.png,,,,0,decode失敗,QR未検出,0.000000,0.000000,0.647833,0.000000,,fourier,,,15.000000,70,fourier:fourier::None:15.0:70:None:binary:0
rice_R_8,frame_00000.png,frame_00119.png,,,,0,decode失敗,QR未検出,0.335813,0.372080,0.566517,0.337842,,fourier,,,15.000000,901,fourier:fourier::None:15.0:901:None:binary:0
rice_R_8,frame_00000.png,frame_00119.png,,,,0,decode失敗,QR未検出,0.493939,0.356907,0.508353,0.492340,,fourier,,,15.000000,902,fourier:fourier::None:15.0:902:None:binary:0
rice_R_8,frame_00000.png,frame_00119.png,,,,0,decode失敗,QR未検出,0.140002,0.355020,0.607565,0.159622,,fourier,,,29.992274,30,fourier:fourier::None:29.99227361657706:30:None:binary:0
rice_R_8,frame_00000.png,frame_00119.png,,,,0,decode失敗,QR未検出,0.000328,0.278481,0.647649,0.000663,,fourier,,,29.992274,50,fourier:fourier::None:29.99227361657706:50:None:binary:0
rice_R_8,frame_00000.png,frame_00119.png,,,,0,decode失敗,QR未検出,0.000000,0.000000,0.647816,0.000009,,fourier,,,29.992274,70,fourier:fourier::None:29.99227361657706:70:None:binary:0
rice_R_8,frame_00000.png,frame_00119.png,,,,0,decode失敗,QR未検出,0.242846,0.352576,0.576314,0.272632,,fourier,,,29.992274,901,fourier:fourier::None:29.99227361657706:901:None:binary:0
rice_R_8,frame_00000.png,frame_00119.png,,,,0,decode失敗,QR未検出,0.464998,0.349082,0.506239,0.470446,,fourier,,,29.992274,902,fourier:fourier::None:29.99227361657706:902:None:binary:0
rice_X_12,frame_00000.png,frame_00119.png,,,,0,decode失敗,QR未検出,0.261750,0.359532,0.575804,0.231240,,fourier,,,10.007726,30,fourier:fourier::None:10.007726383422941:30:None:binary:0
rice_X_12,frame_00000.png,frame_00119.png,,,,0,decode失敗,QR未検出,0.001038,0.456332,0.647763,0.001778,,fourier,,,10.007726,50,fourier:fourier::None:10.007726383422941:50:None:binary:0
rice_X_12,frame_00000.png,frame_00119.png,,,,0,decode失敗,QR未検出,0.000000,0.000000,0.647833,0.000003,,fourier,,,10.007726,70,fourier:fourier::None:10.007726383422941:70:None:binary:0
rice_X_12,frame_00000.png,frame_00119.png,,,,0,decode失敗,QR未検出,0.326820,0.348647,0.547904,0.353702,,fourier,,,10.007726,901,fourier:fourier::None:10.007726383422941:901:None:binary:0
rice_X_12,frame_00000.png,frame_00119.png,,,,0,decode失敗,QR未検出,0.501128,0.355737,0.504696,0.501991,,fourier,,,10.007726,902,fourier:fourier::None:10.007726383422941:902:None:binary:0
rice_X_12,frame_00000.png,frame_00119.png,,,,0,decode失敗,QR未検出,0.099614,0.303769,0.602510,0.115790,,fourier,,,15.000000,30,fourier:fourier::None:15.0:30:None:binary:0
rice_X_12,frame_00000.png,frame_00119.png,,,,0,decode失敗,QR未検出,0.005192,0.461572,0.647529,0.003676,,fourier,,,15.000000,50,fourier:fourier::None:15.0:50:None:binary:0
rice_X_12,frame_00000.png,frame_00119.png,,,,0,decode失敗,QR未検出,0.000000,0.000000,0.647833,0.000000,,fourier,,,15.000000,70,fourier:fourier::None:15.0:70:None:binary:0
rice_X_12,frame_00000.png,frame_00119.png,,,,0,decode失敗,QR未検出,0.358190,0.376131,0.564750,0.331428,,fourier,,,15.000000,901,fourier:fourier::None:15.0:901:None:binary:0
rice_X_12,frame_00000.png,frame_00119.png,,,,0,decode失敗,QR未検出,0.508739,0.356456,0.503538,0.503222,,fourier,,,15.000000,902,fourier:fourier::None:15.0:902:None:binary:0
rice_X_12,frame_00000.png,frame_00119.png,,,,0,decode失敗,QR未検出,0.144309,0.387642,0.618372,0.116394,,fourier,,,29.992274,30,fourier:fourier::None:29.99227361657706:30:None:binary:0
rice_X_12,frame_00000.png,frame_00119.png,,,,0,decode失敗,QR未検出,0.000805,0.422977,0.647730,0.000268,,fourier,,,29.992274,50,fourier:fourier::None:29.99227361657706:50:None:binary:0
rice_X_12,frame_00000.png,frame_00119.png,,,,0,decode失敗,QR未検出,0.000000,0.000000,0.647833,0.000000,,fourier,,,29.992274,70,fourier:fourier::None:29.99227361657706:70:None:binary:0
rice_X_12,frame_00000.png,frame_00119.png,,,,0,decode失敗,QR未検出,0.291192,0.381003,0.583776,0.256215,,fourier,,,29.992274,901,fourier:fourier::None:29.99227361657706:901:None:binary:0
rice_X_12,frame_00000.png,frame_00119.png,,,,0,decode失敗,QR未検出,0.458669,0.345310,0.503113,0.467387,,fourier,,,29.992274,902,fourier:fourier::None:29.99227361657706:902:None:binary:0
rice_X_4,frame_00000.png,frame_00119.png,,,,0,decode失敗,QR未検出,0.127934,0.362778,0.613750,0.120619,,fourier,,,10.007726,30,fourier:fourier::None:10.007726383422941:30:None:binary:0
rice_X_4,frame_00000.png,frame_00119.png,,,,0,decode失敗,QR未検出,0.002519,0.366860,0.647189,0.003364,,fourier,,,10.007726,50,fourier:fourier::None:10.007726383422941:50:None:binary:0
rice_X_4,frame_00000.png,frame_00119.png,,,,0,decode失敗,QR未検出,0.000000,0.000000,0.647833,0.000000,,fourier,,,10.007726,70,fourier:fourier::None:10.007726383422941:70:None:binary:0
rice_X_4,frame_00000.png,frame_00119.png,,,,0,decode失敗,QR未検出,0.319174,0.353785,0.554924,0.314306,,fourier,,,10.007726,901,fourier:fourier::None:10.007726383422941:901:None:binary:0
rice_X_4,frame_00000.png,frame_00119.png,,,,0,decode失敗,QR未検出,0.509171,0.355088,0.501477,0.508622,,fourier,,,10.007726,902,fourier:fourier::None:10.007726383422941:902:None:binary:0
rice_X_4,frame_00000.png,frame_00119.png,,,,0,decode失敗,QR未検出,0.110962,0.352923,0.615263,0.105987,,fourier,,,15.000000,30,fourier:fourier::None:15.0:30:None:binary:0
rice_X_4,frame_00000.png,frame_00119.png,,,,0,decode失敗,QR未検出,0.006921,0.549941,0.648276,0.004098,,fourier,,,15.000000,50,fourier:fourier::None:15.0:50:None:binary:0
rice_X_4,frame_00000.png,frame_00119.png,,,,0,decode失敗,QR未検出,0.000000,0.000000,0.647830,0.000002,,fourier,,,15.000000,70,fourier:fourier::None:15.0:70:None:binary:0
rice_X_4,frame_00000.png,frame_00119.png,,,,0,decode失敗,QR未検出,0.325712,0.365022,0.563002,0.317704,,fourier,,,15.000000,901,fourier:fourier::None:15.0:901:None:binary:0
rice_X_4,frame_00000.png,frame_00119.png,,,,0,decode失敗,QR未検出,0.508292,0.357412,0.505008,0.503846,,fourier,,,15.000000,902,fourier:fourier::None:15.0:902:None:binary:0
rice_X_4,frame_00000.png,frame_00119.png,,,,0,decode失敗,QR未検出,0.102039,0.395990,0.628956,0.087339,,fourier,,,29.992274,30,fourier:fourier::None:29.99227361657706:30:None:binary:0
rice_X_4,frame_00000.png,frame_00119.png,,,,0,decode失敗,QR未検出,0.000253,0.310976,0.647725,0.000217,,fourier,,,29.992274,50,fourier:fourier::None:29.99227361657706:50:None:binary:0
rice_X_4,frame_00000.png,frame_00119.png,,,,0,decode失敗,QR未検出,0.000000,0.000000,0.647833,0.000000,,fourier,,,29.992274,70,fourier:fourier::None:29.99227361657706:70:None:binary:0
rice_X_4,frame_00000.png,frame_00119.png,,,,0,decode失敗,QR未検出,0.269113,0.383137,0.590019,0.248434,,fourier,,,29.992274,901,fourier:fourier::None:29.99227361657706:901:None:binary:0
rice_X_4,frame_00000.png,frame_00119.png,,,,0,decode失敗,QR未検出,0.479436,0.350545,0.503862,0.475901,,fourier,,,29.992274,902,fourier:fourier::None:29.99227361657706:902:None:binary:0
rice_X_8,frame_00000.png,frame_00119.png,,,,0,decode失敗,QR未検出,0.261964,0.360771,0.576627,0.246052,,fourier,,,10.007726,30,fourier:fourier::None:10.007726383422941:30:None:binary:0
rice_X_8,frame_00000.png,frame_00119.png,,,,0,decode失敗,QR未検出,0.001108,0.454175,0.647754,0.001697,,fourier,,,10.007726,50,fourier:fourier::None:10.007726383422941:50:None:binary:0
rice_X_8,frame_00000.png,frame_00119.png,,,,0,decode失敗,QR未検出,0.000000,0.000000,0.647833,0.000000,,fourier,,,10.007726,70,fourier:fourier::None:10.007726383422941:70:None:binary:0
rice_X_8,frame_00000.png,frame_00119.png,,,,0,decode失敗,QR未検出,0.317763,0.348179,0.550242,0.326182,,fourier,,,10.007726,901,fourier:fourier::None:10.007726383422941:901:None:binary:0
rice_X_8,frame_00000.png,frame_00119.png,,,,0,decode失敗,QR未検出,0.500621,0.352930,0.500899,0.505201,,fourier,,,10.007726,902,fourier:fourier::None:10.007726383422941:902:None:binary:0
rice_X_8,frame_00000.png,frame_00119.png,,,,0,decode失敗,QR未検出,0.112224,0.328902,0.606714,0.115648,,fourier,,,15.000000,30,fourier:fourier::None:15.0:30:None:binary:0
rice_X_8,frame_00000.png,frame_00119.png,,,,0,decode失敗,QR未検出,0.004198,0.389222,0.646992,0.004041,,fourier,,,15.000000,50,fourier:fourier::None:15.0:50:None:binary:0
rice_X_8,frame_00000.png,frame_00119.png,,,,0,decode失敗,QR未検出,0.000000,0.000000,0.647833,0.000000,,fourier,,,15.000000,70,fourier:fourier::None:15.0:70:None:binary:0
rice_X_8,frame_00000.png,frame_00119.png,,,,0,decode失敗,QR未検出,0.329980,0.362932,0.560057,0.325364,,fourier,,,15.000000,901,fourier:fourier::None:15.0:901:None:binary:0
rice_X_8,frame_00000.png,frame_00119.png,,,,0,decode失敗,QR未検出,0.509614,0.357126,0.504234,0.504703,,fourier,,,15.000000,902,fourier:fourier::None:15.0:902:None:binary:0
rice_X_8,frame_00000.png,frame_00119.png,,,,0,decode失敗,QR未検出,0.094616,0.417980,0.634756,0.073333,,fourier,,,29.992274,30,fourier:fourier::None:29.99227361657706:30:None:binary:0
rice_X_8,frame_00000.png,frame_00119.png,,,,0,decode失敗,QR未検出,0.000040,0.106667,0.647730,0.000151,,fourier,,,29.992274,50,fourier:fourier::None:29.99227361657706:50:None:binary:0
rice_X_8,frame_00000.png,frame_00119.png,,,,0,decode失敗,QR未検出,0.000000,0.000000,0.647833,0.000000,,fourier,,,29.992274,70,fourier:fourier::None:29.99227361657706:70:None:binary:0
rice_X_8,frame_00000.png,frame_00119.png,,,,0,decode失敗,QR未検出,0.282691,0.394751,0.594746,0.245977,,fourier,,,29.992274,901,fourier:fourier::None:29.99227361657706:901:None:binary:0
rice_X_8,frame_00000.png,frame_00119.png,,,,0,decode失敗,QR未検出,0.478333,0.352967,0.507490,0.471296,,fourier,,,29.992274,902,fourier:fourier::None:29.99227361657706:902:None:binary:0
