folder,pass,adopted,decode_success,decode_note,decode_variant,diff_mode,repr_mode,window_n,stat_kind,fft_target_hz,diff_threshold,phase_steps,n_maps,pixel_acc_all,pixel_acc_ok,pixel_acc_best,best_pair_frame_1,best_pair_frame_2,video,display_rate,exposure,fluorescent,camera_fps,rate_hz,exposure_denom,fluorescent_flag,cond,image,channel,token,intensity,decode_decoded_text,decode_method,decode_frame_1,decode_frame_2,note,analysis_frames,extract_sec
rice_R_4,accum,1,0,QR未検出,,accum,binary,5,,,32,,24,0.647488,,0.647791,frame_00060.png,frame_00064.png,r120_e125_f1.mp4,120 Hz,1/125,蛍光灯あり,60.008 fps,120,125,1,0,rice,R,R,4,,,frame_00100.png,frame_00104.png,,120,1.999742
rice_R_4,accum,0,0,QR未検出,,accum,binary,5,,,24,,24,0.646919,,0.647614,frame_00030.png,frame_00034.png,r120_e125_f1.mp4,120 Hz,1/125,蛍光灯あり,60.008 fps,120,125,1,0,rice,R,R,4,,,frame_00115.png,frame_00119.png,,120,1.999742
rice_R_4,accum,0,0,QR未検出,,accum,binary,5,,,16,,24,0.643997,,0.647233,frame_00060.png,frame_00064.png,r120_e125_f1.mp4,120 Hz,1/125,蛍光灯あり,60.008 fps,120,125,1,0,rice,R,R,4,,,frame_00115.png,frame_00119.png,,120,1.999742
rice_R_4,accum,0,0,QR未検出,,accum,binary,5,,,8,,24,0.623742,,0.631042,frame_00045.png,frame_00049.png,r120_e125_f1.mp4,120 Hz,1/125,蛍光灯あり,60.008 fps,120,125,1,0,rice,R,R,4,,,frame_00095.png,frame_00099.png,,120,1.999742
rice_R_8,accum,1,0,QR未検出,,accum,binary,5,,,32,,24,0.647321,,0.647802,frame_00095.png,frame_00099.png,r120_e125_f1.mp4,120 Hz,1/125,蛍光灯あり,60.008 fps,120,125,1,1,rice,R,R,8,,,frame_00110.png,frame_00114.png,,120,1.999742
rice_R_8,accum,0,0,QR未検出,,accum,binary,5,,,24,,24,0.646664,,0.647476,frame_00045.png,frame_00049.png,r120_e125_f1.mp4,120 Hz,1/125,蛍光灯あり,60.008 fps,120,125,1,1,rice,R,R,8,,,frame_00105.png,frame_00109.png,,120,1.999742
rice_R_8,accum,0,0,QR未検出,,accum,binary,5,,,16,,24,0.644069,,0.646015,frame_00045.png,frame_00049.png,r120_e125_f1.mp4,120 Hz,1/125,蛍光灯あり,60.008 fps,120,125,1,1,rice,R,R,8,,,frame_00115.png,frame_00119.png,,120,1.999742
rice_R_8,accum,0,0,QR未検出,,accum,binary,5,,,8,,24,0.623009,,0.631231,frame_00095.png,frame_00099.png,r120_e125_f1.mp4,120 Hz,1/125,蛍光灯あり,60.008 fps,120,125,1,1,rice,R,R,8,,,frame_00085.png,frame_00089.png,,120,1.999742
rice_R_12,accum,1,0,QR未検出,,accum,binary,5,,,32,,24,0.647301,,0.647754,frame_00100.png,frame_00104.png,r120_e125_f1.mp4,120 Hz,1/125,蛍光灯あり,60.008 fps,120,125,1,2,rice,R,R,12,,,frame_00115.png,frame_00119.png,,120,1.999742
rice_R_12,accum,0,0,QR未検出,,accum,binary,5,,,24,,24,0.646534,,0.647616,frame_00100.png,frame_00104.png,r120_e125_f1.mp4,120 Hz,1/125,蛍光灯あり,60.008 fps,120,125,1,2,rice,R,R,12,,,frame_00105.png,frame_00109.png,,120,1.999742
rice_R_12,accum,0,0,QR未検出,,accum,binary,5,,,16,,24,0.643366,,0.646131,frame_00100.png,frame_00104.png,r120_e125_f1.mp4,120 Hz,1/125,蛍光灯あり,60.008 fps,120,125,1,2,rice,R,R,12,,,frame_00115.png,frame_00119.png,,120,1.999742
rice_R_12,accum,0,0,QR未検出,,accum,binary,5,,,8,,24,0.623848,,0.633493,frame_00015.png,frame_00019.png,r120_e125_f1.mp4,120 Hz,1/125,蛍光灯あり,60.008 fps,120,125,1,2,rice,R,R,12,,,frame_00090.png,frame_00094.png,,120,1.999742
nagaoka_fireworks_R_4,accum,1,0,QR未検出,,accum,binary,5,,,32,,24,0.647075,,0.648454,frame_00100.png,frame_00104.png,r120_e125_f1.mp4,120 Hz,1/125,蛍光灯あり,60.008 fps,120,125,1,3,nagaoka_fireworks,R,R,4,,,frame_00110.png,frame_00114.png,,120,1.999742
nagaoka_fireworks_R_4,accum,0,0,QR未検出,,accum,binary,5,,,24,,24,0.645843,,0.647475,frame_00000.png,frame_00004.png,r120_e125_f1.mp4,120 Hz,1/125,蛍光灯あり,60.008 fps,120,125,1,3,nagaoka_fireworks,R,R,4,,,frame_00110.png,frame_00114.png,,120,1.999742
nagaoka_fireworks_R_4,accum,0,0,QR未検出,,accum,binary,5,,,16,,24,0.639236,,0.643893,frame_00040.png,frame_00044.png,r120_e125_f1.mp4,120 Hz,1/125,蛍光灯あり,60.008 fps,120,125,1,3,nagaoka_fireworks,R,R,4,,,frame_00115.png,frame_00119.png,,120,1.999742
nagaoka_fireworks_R_4,accum,0,0,QR未検出,,accum,binary,5,,,8,,24,0.601685,,0.615102,frame_00040.png,frame_00044.png,r120_e125_f1.mp4,120 Hz,1/125,蛍光灯あり,60.008 fps,120,125,1,3,nagaoka_fireworks,R,R,4,,,frame_00115.png,frame_00119.png,,120,1.999742
nagaoka_fireworks_R_8,accum,1,0,QR未検出,,accum,binary,5,,,32,,24,0.647156,,0.647893,frame_00030.png,frame_00034.png,r120_e125_f1.mp4,120 Hz,1/125,蛍光灯あり,60.008 fps,120,125,1,4,nagaoka_fireworks,R,R,8,,,frame_00110.png,frame_00114.png,,120,1.999742
nagaoka_fireworks_R_8,accum,0,0,QR未検出,,accum,binary,5,,,24,,24,0.646097,,0.647235,frame_00030.png,frame_00034.png,r120_e125_f1.mp4,120 Hz,1/125,蛍光灯あり,60.008 fps,120,125,1,4,nagaoka_fireworks,R,R,8,,,frame_00110.png,frame_00114.png,,120,1.999742
nagaoka_fireworks_R_8,accum,0,0,QR未検出,,accum,binary,5,,,16,,24,0.640454,,0.645121,frame_00030.png,frame_00034.png,r120_e125_f1.mp4,120 Hz,1/125,蛍光灯あり,60.008 fps,120,125,1,4,nagaoka_fireworks,R,R,8,,,frame_00115.png,frame_00119.png,,120,1.999742
nagaoka_fireworks_R_8,accum,0,0,QR未検出,,accum,binary,5,,,8,,24,0.603920,,0.619691,frame_00015.png,frame_00019.png,r120_e125_f1.mp4,120 Hz,1/125,蛍光灯あり,60.008 fps,120,125,1,4,nagaoka_fireworks,R,R,8,,,frame_00105.png,frame_00109.png,,120,1.999742
nagaoka_fireworks_R_12,accum,1,0,QR未検出,,accum,binary,5,,,32,,24,0.647612,,0.648554,frame_00040.png,frame_00044.png,r120_e125_f1.mp4,120 Hz,1/125,蛍光灯あり,60.008 fps,120,125,1,5,nagaoka_fireworks,R,R,12,,,frame_00110.png,frame_00114.png,,120,1.999742
nagaoka_fireworks_R_12,accum,0,0,QR未検出,,accum,binary,5,,,24,,24,0.646853,,0.649614,frame_00075.png,frame_00079.png,r120_e125_f1.mp4,120 Hz,1/125,蛍光灯あり,60.008 fps,120,125,1,5,nagaoka_fireworks,R,R,12,,,frame_00110.png,frame_00114.png,,120,1.999742
nagaoka_fireworks_R_12,accum,0,0,QR未検出,,accum,binary,5,,,16,,24,0.641849,,0.645762,frame_00040.png,frame_00044.png,r120_e125_f1.mp4,120 Hz,1/125,蛍光灯あり,60.008 fps,120,125,1,5,nagaoka_fireworks,R,R,12,,,frame_00115.png,frame_00119.png,,120,1.999742
nagaoka_fireworks_R_12,accum,0,0,QR未検出,,accum,binary,5,,,8,,24,0.609304,,0.622246,frame_00075.png,frame_00079.png,r120_e125_f1.mp4,120 Hz,1/125,蛍光灯あり,60.008 fps,120,125,1,5,nagaoka_fireworks,R,R,12,,,frame_00110.png,frame_00114.png,,120,1.999742
hocho_R_4,accum,1,0,QR未検出,,accum,binary,5,,,24,,24,0.648017,,0.648825,frame_00015.png,frame_00019.png,r120_e125_f1.mp4,120 Hz,1/125,蛍光灯あり,60.008 fps,120,125,1,6,hocho,R,R,4,,,frame_00115.png,frame_00119.png,,120,1.999742
hocho_R_4,accum,0,0,QR未検出,,accum,binary,5,,,32,,24,0.647934,,0.648288,frame_00040.png,frame_00044.png,r120_e125_f1.mp4,120 Hz,1/125,蛍光灯あり,60.008 fps,120,125,1,6,hocho,R,R,4,,,frame_00110.png,frame_00114.png,,120,1.999742
hocho_R_4,accum,0,0,QR未検出,,accum,binary,5,,,16,,24,0.645265,,0.648167,frame_00045.png,frame_00049.png,r120_e125_f1.mp4,120 Hz,1/125,蛍光灯あり,60.008 fps,120,125,1,6,hocho,R,R,4,,,frame_00115.png,frame_00119.png,,120,1.999742
hocho_R_4,accum,0,0,QR未検出,,accum,binary,5,,,8,,24,0.617981,,0.637088,frame_00045.png,frame_00049.png,r120_e125_f1.mp4,120 Hz,1/125,蛍光灯あり,60.008 fps,120,125,1,6,hocho,R,R,4,,,frame_00090.png,frame_00094.png,,120,1.999742
hocho_R_8,accum,1,0,QR未検出,,accum,binary,5,,,32,,24,0.647965,,0.648601,frame_00040.png,frame_00044.png,r120_e125_f1.mp4,120 Hz,1/125,蛍光灯あり,60.008 fps,120,125,1,7,hocho,R,R,8,,,frame_00110.png,frame_00114.png,,120,1.999742
hocho_R_8,accum,0,0,QR未検出,,accum,binary,5,,,24,,24,0.647885,,0.648556,frame_00000.png,frame_00004.png,r120_e125_f1.mp4,120 Hz,1/125,蛍光灯あり,60.008 fps,120,125,1,7,hocho,R,R,8,,,frame_00115.png,frame_00119.png,,120,1.999742
hocho_R_8,accum,0,0,QR未検出,,accum,binary,5,,,16,,24,0.645599,,0.648776,frame_00060.png,frame_00064.png,r120_e125_f1.mp4,120 Hz,1/125,蛍光灯あり,60.008 fps,120,125,1,7,hocho,R,R,8,,,frame_00115.png,frame_00119.png,,120,1.999742
hocho_R_8,accum,0,0,QR未検出,,accum,binary,5,,,8,,24,0.618714,,0.633269,frame_00095.png,frame_00099.png,r120_e125_f1.mp4,120 Hz,1/125,蛍光灯あり,60.008 fps,120,125,1,7,hocho,R,R,8,,,frame_00115.png,frame_00119.png,,120,1.999742
hocho_R_12,accum,1,0,QR未検出,,accum,binary,5,,,32,,24,0.647993,,0.648400,frame_00065.png,frame_00069.png,r120_e125_f1.mp4,120 Hz,1/125,蛍光灯あり,60.008 fps,120,125,1,8,hocho,R,R,12,,,frame_00110.png,frame_00114.png,,120,1.999742
hocho_R_12,accum,0,0,QR未検出,,accum,binary,5,,,24,,24,0.647891,,0.649147,frame_00050.png,frame_00054.png,r120_e125_f1.mp4,120 Hz,1/125,蛍光灯あり,60.008 fps,120,125,1,8,hocho,R,R,12,,,frame_00085.png,frame_00089.png,,120,1.999742
hocho_R_12,accum,0,0,QR未検出,,accum,binary,5,,,16,,24,0.644649,,0.647422,frame_00065.png,frame_00069.png,r120_e125_f1.mp4,120 Hz,1/125,蛍光灯あり,60.008 fps,120,125,1,8,hocho,R,R,12,,,frame_00115.png,frame_00119.png,,120,1.999742
hocho_R_12,accum,0,0,QR未検出,,accum,binary,5,,,8,,24,0.617177,,0.631483,frame_00050.png,frame_00054.png,r120_e125_f1.mp4,120 Hz,1/125,蛍光灯あり,60.008 fps,120,125,1,8,hocho,R,R,12,,,frame_00115.png,frame_00119.png,,120,1.999742
ex_R_4,accum,1,0,QR未検出,,accum,binary,5,,,32,,24,0.647771,,0.647910,frame_00085.png,frame_00089.png,r120_e125_f1.mp4,120 Hz,1/125,蛍光灯あり,60.008 fps,120,125,1,9,ex,R,R,4,,,frame_00110.png,frame_00114.png,,120,1.999742
ex_R_4,accum,0,0,QR未検出,,accum,binary,5,,,24,,24,0.647705,,0.648034,frame_00090.png,frame_00094.png,r120_e125_f1.mp4,120 Hz,1/125,蛍光灯あり,60.008 fps,120,125,1,9,ex,R,R,4,,,frame_00110.png,frame_00114.png,,120,1.999742
ex_R_4,accum,0,0,QR未検出,,accum,binary,5,,,16,,24,0.646909,,0.648117,frame_00080.png,frame_00084.png,r120_e125_f1.mp4,120 Hz,1/125,蛍光灯あり,60.008 fps,120,125,1,9,ex,R,R,4,,,frame_00110.png,frame_00114.png,,120,1.999742
ex_R_4,accum,0,0,QR未検出,,accum,binary,5,,,8,,24,0.628207,,0.638597,frame_00020.png,frame_00024.png,r120_e125_f1.mp4,120 Hz,1/125,蛍光灯あり,60.008 fps,120,125,1,9,ex,R,R,4,,,frame_00100.png,frame_00104.png,,120,1.999742
ex_R_8,accum,1,0,QR未検出,,accum,binary,5,,,32,,24,0.647762,,0.647982,frame_00020.png,frame_00024.png,r120_e125_f1.mp4,120 Hz,1/125,蛍光灯あり,60.008 fps,120,125,1,10,ex,R,R,8,,,frame_00095.png,frame_00099.png,,120,1.999742
ex_R_8,accum,0,0,QR未検出,,accum,binary,5,,,24,,24,0.647562,,0.648036,frame_00020.png,frame_00024.png,r120_e125_f1.mp4,120 Hz,1/125,蛍光灯あり,60.008 fps,120,125,1,10,ex,R,R,8,,,frame_00105.png,frame_00109.png,,120,1.999742
ex_R_8,accum,0,0,QR未検出,,accum,binary,5,,,16,,24,0.646552,,0.647454,frame_00015.png,frame_00019.png,r120_e125_f1.mp4,120 Hz,1/125,蛍光灯あり,60.008 fps,120,125,1,10,ex,R,R,8,,,frame_00115.png,frame_00119.png,,120,1.999742
ex_R_8,accum,0,0,QR未検出,,accum,binary,5,,,8,,24,0.621421,,0.633384,frame_00020.png,frame_00024.png,r120_e125_f1.mp4,120 Hz,1/125,蛍光灯あり,60.008 fps,120,125,1,10,ex,R,R,8,,,frame_00115.png,frame_00119.png,,120,1.999742
ex_R_12,accum,1,0,QR未検出,,accum,binary,5,,,24,,24,0.647914,,0.648563,frame_00035.png,frame_00039.png,r120_e125_f1.mp4,120 Hz,1/125,蛍光灯あり,60.008 fps,120,125,1,11,ex,R,R,12,,,frame_00105.png,frame_00109.png,,120,1.999742
ex_R_12,accum,0,0,QR未検出,,accum,binary,5,,,32,,24,0.647889,,0.648262,frame_00050.png,frame_00054.png,r120_e125_f1.mp4,120 Hz,1/125,蛍光灯あり,60.008 fps,120,125,1,11,ex,R,R,12,,,frame_00105.png,frame_00109.png,,120,1.999742
ex_R_12,accum,0,0,QR未検出,,accum,binary,5,,,16,,24,0.646853,,0.648316,frame_00045.png,frame_00049.png,r120_e125_f1.mp4,120 Hz,1/125,蛍光灯あり,60.008 fps,120,125,1,11,ex,R,R,12,,,frame_00115.png,frame_00119.png,,120,1.999742
ex_R_12,accum,0,0,QR未検出,,accum,binary,5,,,8,,24,0.612554,,0.633780,frame_00015.png,frame_00019.png,r120_e125_f1.mp4,120 Hz,1/125,蛍光灯あり,60.008 fps,120,125,1,11,ex,R,R,12,,,frame_00100.png,frame_00104.png,,120,1.999742
rice_G_4,accum,1,0,QR未検出,,accum,binary,5,,,32,,24,0.647261,,0.647816,frame_00035.png,frame_00039.png,r120_e125_f1.mp4,120 Hz,1/125,蛍光灯あり,60.008 fps,120,125,1,12,rice,G,G,4,,,frame_00115.png,frame_00119.png,,120,1.999742
rice_G_4,accum,0,0,QR未検出,,accum,binary,5,,,24,,24,0.646549,,0.647322,frame_00045.png,frame_00049.png,r120_e125_f1.mp4,120 Hz,1/125,蛍光灯あり,60.008 fps,120,125,1,12,rice,G,G,4,,,frame_00100.png,frame_00104.png,,120,1.999742
rice_G_4,accum,0,0,QR未検出,,accum,binary,5,,,16,,24,0.643525,,0.645279,frame_00000.png,frame_00004.png,r120_e125_f1.mp4,120 Hz,1/125,蛍光灯あり,60.008 fps,120,125,1,12,rice,G,G,4,,,frame_00115.png,frame_00119.png,,120,1.999742
rice_G_4,accum,0,0,QR未検出,,accum,binary,5,,,8,,24,0.614795,,0.627003,frame_00070.png,frame_00074.png,r120_e125_f1.mp4,120 Hz,1/125,蛍光灯あり,60.008 fps,120,125,1,12,rice,G,G,4,,,frame_00110.png,frame_00114.png,,120,1.999742
rice_G_8,accum,1,0,QR未検出,,accum,binary,5,,,32,,24,0.647215,,0.647614,frame_00110.png,frame_00114.png,r120_e125_f1.mp4,120 Hz,1/125,蛍光灯あり,60.008 fps,120,125,1,13,rice,G,G,8,,,frame_00115.png,frame_00119.png,,120,1.999742
rice_G_8,accum,0,0,QR未検出,,accum,binary,5,,,24,,24,0.646334,,0.647370,frame_00020.png,frame_00024.png,r120_e125_f1.mp4,120 Hz,1/125,蛍光灯あり,60.008 fps,120,125,1,13,rice,G,G,8,,,frame_00115.png,frame_00119.png,,120,1.999742
rice_G_8,accum,0,0,QR未検出,,accum,binary,5,,,16,,24,0.643564,,0.646831,frame_00035.png,frame_00039.png,r120_e125_f1.mp4,120 Hz,1/125,蛍光灯あり,60.008 fps,120,125,1,13,rice,G,G,8,,,frame_00115.png,frame_00119.png,,120,1.999742
rice_G_8,accum,0,0,QR未検出,,accum,binary,5,,,8,,24,0.612187,,0.621739,frame_00010.png,frame_00014.png,r120_e125_f1.mp4,120 Hz,1/125,蛍光灯あり,60.008 fps,120,125,1,13,rice,G,G,8,,,frame_00095.png,frame_00099.png,,120,1.999742
rice_G_12,accum,1,0,QR未検出,,accum,binary,5,,,32,,24,0.647164,,0.647665,frame_00080.png,frame_00084.png,r120_e125_f1.mp4,120 Hz,1/125,蛍光灯あり,60.008 fps,120,125,1,14,rice,G,G,12,,,frame_00110.png,frame_00114.png,,120,1.999742
rice_G_12,accum,0,0,QR未検出,,accum,binary,5,,,24,,24,0.646461,,0.647441,frame_00035.png,frame_00039.png,r120_e125_f1.mp4,120 Hz,1/125,蛍光灯あり,60.008 fps,120,125,1,14,rice,G,G,12,,,frame_00115.png,frame_00119.png,,120,1.999742
rice_G_12,accum,0,0,QR未検出,,accum,binary,5,,,16,,24,0.644883,,0.647819,frame_00070.png,frame_00074.png,r120_e125_f1.mp4,120 Hz,1/125,蛍光灯あり,60.008 fps,120,125,1,14,rice,G,G,12,,,frame_00105.png,frame_00109.png,,120,1.999742
rice_G_12,accum,0,0,QR未検出,,accum,binary,5,,,8,,24,0.616546,,0.625490,frame_00020.png,frame_00024.png,r120_e125_f1.mp4,120 Hz,1/125,蛍光灯あり,60.008 fps,120,125,1,14,rice,G,G,12,,,frame_00115.png,frame_00119.png,,120,1.999742
nagaoka_fireworks_G_4,accum,1,0,QR未検出,,accum,binary,5,,,32,,24,0.647442,,0.648418,frame_00005.png,frame_00009.png,r120_e125_f1.mp4,120 Hz,1/125,蛍光灯あり,60.008 fps,120,125,1,15,nagaoka_fireworks,G,G,4,,,frame_00090.png,frame_00094.png,,120,1.999742
nagaoka_fireworks_G_4,accum,0,0,QR未検出,,accum,binary,5,,,24,,24,0.646271,,0.647968,frame_00005.png,frame_00009.png,r120_e125_f1.mp4,120 Hz,1/125,蛍光灯あり,60.008 fps,120,125,1,15,nagaoka_fireworks,G,G,4,,,frame_00110.png,frame_00114.png,,120,1.999742
nagaoka_fireworks_G_4,accum,0,0,QR未検出,,accum,binary,5,,,16,,24,0.639903,,0.644092,frame_00005.png,frame_00009.png,r120_e125_f1.mp4,120 Hz,1/125,蛍光灯あり,60.008 fps,120,125,1,15,nagaoka_fireworks,G,G,4,,,frame_00115.png,frame_00119.png,,120,1.999742
nagaoka_fireworks_G_4,accum,0,0,QR未検出,,accum,binary,5,,,8,,24,0.602336,,0.616033,frame_00075.png,frame_00079.png,r120_e125_f1.mp4,120 Hz,1/125,蛍光灯あり,60.008 fps,120,125,1,15,nagaoka_fireworks,G,G,4,,,frame_00100.png,frame_00104.png,,120,1.999742
nagaoka_fireworks_G_8,accum,1,0,QR未検出,,accum,binary,5,,,32,,24,0.647117,,0.647861,frame_00100.png,frame_00104.png,r120_e125_f1.mp4,120 Hz,1/125,蛍光灯あり,60.008 fps,120,125,1,16,nagaoka_fireworks,G,G,8,,,frame_00100.png,frame_00104.png,,120,1.999742
nagaoka_fireworks_G_8,accum,0,0,QR未検出,,accum,binary,5,,,24,,24,0.645955,,0.647153,frame_00100.png,frame_00104.png,r120_e125_f1.mp4,120 Hz,1/125,蛍光灯あり,60.008 fps,120,125,1,16,nagaoka_fireworks,G,G,8,,,frame_00100.png,frame_00104.png,,120,1.999742
nagaoka_fireworks_G_8,accum,0,0,QR未検出,,accum,binary,5,,,16,,24,0.639416,,0.644988,frame_00070.png,frame_00074.png,r120_e125_f1.mp4,120 Hz,1/125,蛍光灯あり,60.008 fps,120,125,1,16,nagaoka_fireworks,G,G,8,,,frame_00115.png,frame_00119.png,,120,1.999742
nagaoka_fireworks_G_8,accum,0,0,QR未検出,,accum,binary,5,,,8,,24,0.603814,,0.620262,frame_00050.png,frame_00054.png,r120_e125_f1.mp4,120 Hz,1/125,蛍光灯あり,60.008 fps,120,125,1,16,nagaoka_fireworks,G,G,8,,,frame_00115.png,frame_00119.png,,120,1.999742
nagaoka_fireworks_G_12,accum,1,0,QR未検出,,accum,binary,5,,,32,,24,0.647295,,0.648045,frame_00115.png,frame_00119.png,r120_e125_f1.mp4,120 Hz,1/125,蛍光灯あり,60.008 fps,120,125,1,17,nagaoka_fireworks,G,G,12,,,frame_00100.png,frame_00104.png,,120,1.999742
nagaoka_fireworks_G_12,accum,0,0,QR未検出,,accum,binary,5,,,24,,24,0.646308,,0.647767,frame_00105.png,frame_00109.png,r120_e125_f1.mp4,120 Hz,1/125,蛍光灯あり,60.008 fps,120,125,1,17,nagaoka_fireworks,G,G,12,,,frame_00115.png,frame_00119.png,,120,1.999742
nagaoka_fireworks_G_12,accum,0,0,QR未検出,,accum,binary,5,,,16,,24,0.639504,,0.643751,frame_00015.png,frame_00019.png,r120_e125_f1.mp4,120 Hz,1/125,蛍光灯あり,60.008 fps,120,125,1,17,nagaoka_fireworks,G,G,12,,,frame_00115.png,frame_00119.png,,120,1.999742
nagaoka_fireworks_G_12,accum,0,0,QR未検出,,accum,binary,5,,,8,,24,0.603139,,0.617805,frame_00050.png,frame_00054.png,r120_e125_f1.mp4,120 Hz,1/125,蛍光灯あり,60.008 fps,120,125,1,17,nagaoka_fireworks,G,G,12,,,frame_00115.png,frame_00119.png,,120,1.999742
hocho_G_4,accum,1,0,QR未検出,,accum,binary,5,,,32,,24,0.647983,,0.648531,frame_00000.png,frame_00004.png,r120_e125_f1.mp4,120 Hz,1/125,蛍光灯あり,60.008 fps,120,125,1,18,hocho,G,G,4,,,frame_00110.png,frame_00114.png,,120,1.999742
hocho_G_4,accum,0,0,QR未検出,,accum,binary,5,,,24,,24,0.647940,,0.648817,frame_00000.png,frame_00004.png,r120_e125_f1.mp4,120 Hz,1/125,蛍光灯あり,60.008 fps,120,125,1,18,hocho,G,G,4,,,frame_00115.png,frame_00119.png,,120,1.999742
hocho_G_4,accum,0,0,QR未検出,,accum,binary,5,,,16,,24,0.644733,,0.648808,frame_00010.png,frame_00014.png,r120_e125_f1.mp4,120 Hz,1/125,蛍光灯あり,60.008 fps,120,125,1,18,hocho,G,G,4,,,frame_00115.png,frame_00119.png,,120,1.999742
hocho_G_4,accum,0,0,QR未検出,,accum,binary,5,,,8,,24,0.616416,,0.631477,frame_00105.png,frame_00109.png,r120_e125_f1.mp4,120 Hz,1/125,蛍光灯あり,60.008 fps,120,125,1,18,hocho,G,G,4,,,frame_00110.png,frame_00114.png,,120,1.999742
hocho_G_8,accum,1,0,QR未検出,,accum,binary,5,,,32,,24,0.648148,,0.648566,frame_00085.png,frame_00089.png,r120_e125_f1.mp4,120 Hz,1/125,蛍光灯あり,60.008 fps,120,125,1,19,hocho,G,G,8,,,frame_00110.png,frame_00114.png,,120,1.999742
hocho_G_8,accum,0,0,QR未検出,,accum,binary,5,,,24,,24,0.647858,,0.648946,frame_00040.png,frame_00044.png,r120_e125_f1.mp4,120 Hz,1/125,蛍光灯あり,60.008 fps,120,125,1,19,hocho,G,G,8,,,frame_00110.png,frame_00114.png,,120,1.999742
hocho_G_8,accum,0,0,QR未検出,,accum,binary,5,,,16,,24,0.642782,,0.649263,frame_00040.png,frame_00044.png,r120_e125_f1.mp4,120 Hz,1/125,蛍光灯あり,60.008 fps,120,125,1,19,hocho,G,G,8,,,frame_00115.png,frame_00119.png,,120,1.999742
hocho_G_8,accum,0,0,QR未検出,,accum,binary,5,,,8,,24,0.598302,,0.619480,frame_00090.png,frame_00094.png,r120_e125_f1.mp4,120 Hz,1/125,蛍光灯あり,60.008 fps,120,125,1,19,hocho,G,G,8,,,frame_00115.png,frame_00119.png,,120,1.999742
hocho_G_12,accum,1,0,QR未検出,,accum,binary,5,,,32,,24,0.648175,,0.648804,frame_00070.png,frame_00074.png,r120_e125_f1.mp4,120 Hz,1/125,蛍光灯あり,60.008 fps,120,125,1,20,hocho,G,G,12,,,frame_00115.png,frame_00119.png,,120,1.999742
hocho_G_12,accum,0,0,QR未検出,,accum,binary,5,,,24,,24,0.648096,,0.649476,frame_00110.png,frame_00114.png,r120_e125_f1.mp4,120 Hz,1/125,蛍光灯あり,60.008 fps,120,125,1,20,hocho,G,G,12,,,frame_00100.png,frame_00104.png,,120,1.999742
hocho_G_12,accum,0,0,QR未検出,,accum,binary,5,,,16,,24,0.643213,,0.648019,frame_00105.png,frame_00109.png,r120_e125_f1.mp4,120 Hz,1/125,蛍光灯あり,60.008 fps,120,125,1,20,hocho,G,G,12,,,frame_00115.png,frame_00119.png,,120,1.999742
hocho_G_12,accum,0,0,QR未検出,,accum,binary,5,,,8,,24,0.600800,,0.623782,frame_00110.png,frame_00114.png,r120_e125_f1.mp4,120 Hz,1/125,蛍光灯あり,60.008 fps,120,125,1,20,hocho,G,G,12,,,frame_00080.png,frame_00084.png,,120,1.999742
ex_G_4,accum,1,0,QR未検出,,accum,binary,5,,,32,,24,0.647774,,0.647970,frame_00090.png,frame_00094.png,r120_e125_f1.mp4,120 Hz,1/125,蛍光灯あり,60.008 fps,120,125,1,21,ex,G,G,4,,,frame_00115.png,frame_00119.png,,120,1.999742
ex_G_4,accum,0,0,QR未検出,,accum,binary,5,,,24,,24,0.647657,,0.647973,frame_00090.png,frame_00094.png,r120_e125_f1.mp4,120 Hz,1/125,蛍光灯あり,60.008 fps,120,125,1,21,ex,G,G,4,,,frame_00110.png,frame_00114.png,,120,1.999742
ex_G_4,accum,0,0,QR未検出,,accum,binary,5,,,16,,24,0.647022,,0.647744,frame_00075.png,frame_00079.png,r120_e125_f1.mp4,120 Hz,1/125,蛍光灯あり,60.008 fps,120,125,1,21,ex,G,G,4,,,frame_00105.png,frame_00109.png,,120,1.999742
ex_G_4,accum,0,0,QR未検出,,accum,binary,5,,,8,,24,0.626971,,0.637902,frame_00015.png,frame_00019.png,r120_e125_f1.mp4,120 Hz,1/125,蛍光灯あり,60.008 fps,120,125,1,21,ex,G,G,4,,,frame_00110.png,frame_00114.png,,120,1.999742
ex_G_8,accum,1,0,QR未検出,,accum,binary,5,,,32,,24,0.647764,,0.647905,frame_00105.png,frame_00109.png,r120_e125_f1.mp4,120 Hz,1/125,蛍光灯あり,60.008 fps,120,125,1,22,ex,G,G,8,,,frame_00115.png,frame_00119.png,,120,1.999742
ex_G_8,accum,0,0,QR未検出,,accum,binary,5,,,24,,24,0.647717,,0.648005,frame_00025.png,frame_00029.png,r120_e125_f1.mp4,120 Hz,1/125,蛍光灯あり,60.008 fps,120,125,1,22,ex,G,G,8,,,frame_00095.png,frame_00099.png,,120,1.999742
ex_G_8,accum,0,0,QR未検出,,accum,binary,5,,,16,,24,0.647034,,0.648071,frame_00025.png,frame_00029.png,r120_e125_f1.mp4,120 Hz,1/125,蛍光灯あり,60.008 fps,120,125,1,22,ex,G,G,8,,,frame_00115.png,frame_00119.png,,120,1.999742
ex_G_8,accum,0,0,QR未検出,,accum,binary,5,,,8,,24,0.628149,,0.639577,frame_00005.png,frame_00009.png,r120_e125_f1.mp4,120 Hz,1/125,蛍光灯あり,60.008 fps,120,125,1,22,ex,G,G,8,,,frame_00115.png,frame_00119.png,,120,1.999742
ex_G_12,accum,1,0,QR未検出,,accum,binary,5,,,16,,24,0.648148,,0.649656,frame_00115.png,frame_00119.png,r120_e125_f1.mp4,120 Hz,1/125,蛍光灯あり,60.008 fps,120,125,1,23,ex,G,G,12,,,frame_00115.png,frame_00119.png,,120,1.999742
ex_G_12,accum,0,0,QR未検出,,accum,binary,5,,,24,,24,0.648121,,0.648768,frame_00110.png,frame_00114.png,r120_e125_f1.mp4,120 Hz,1/125,蛍光灯あり,60.008 fps,120,125,1,23,ex,G,G,12,,,frame_00105.png,frame_00109.png,,120,1.999742
ex_G_12,accum,0,0,QR未検出,,accum,binary,5,,,32,,24,0.647923,,0.648257,frame_00110.png,frame_00114.png,r120_e125_f1.mp4,120 Hz,1/125,蛍光灯あり,60.008 fps,120,125,1,23,ex,G,G,12,,,frame_00105.png,frame_00109.png,,120,1.999742
ex_G_12,accum,0,0,QR未検出,,accum,binary,5,,,8,,24,0.629607,,0.640266,frame_00085.png,frame_00089.png,r120_e125_f1.mp4,120 Hz,1/125,蛍光灯あり,60.008 fps,120,125,1,23,ex,G,G,12,,,frame_00115.png,frame_00119.png,,120,1.999742
rice_B_4,accum,1,0,QR未検出,,accum,binary,5,,,32,,24,0.647189,,0.647851,frame_00050.png,frame_00054.png,r120_e125_f1.mp4,120 Hz,1/125,蛍光灯あり,60.008 fps,120,125,1,24,rice,B,B,4,,,frame_00115.png,frame_00119.png,,120,1.999742
rice_B_4,accum,0,0,QR未検出,,accum,binary,5,,,24,,24,0.646552,,0.647583,frame_00050.png,frame_00054.png,r120_e125_f1.mp4,120 Hz,1/125,蛍光灯あり,60.008 fps,120,125,1,24,rice,B,B,4,,,frame_00110.png,frame_00114.png,,120,1.999742
rice_B_4,accum,0,0,QR未検出,,accum,binary,5,,,16,,24,0.644484,,0.646904,frame_00085.png,frame_00089.png,r120_e125_f1.mp4,120 Hz,1/125,蛍光灯あり,60.008 fps,120,125,1,24,rice,B,B,4,,,frame_00115.png,frame_00119.png,,120,1.999742
rice_B_4,accum,0,0,QR未検出,,accum,binary,5,,,8,,24,0.614633,,0.626702,frame_00095.png,frame_00099.png,r120_e125_f1.mp4,120 Hz,1/125,蛍光灯あり,60.008 fps,120,125,1,24,rice,B,B,4,,,frame_00080.png,frame_00084.png,,120,1.999742
rice_B_8,accum,1,0,QR未検出,,accum,binary,5,,,32,,24,0.647268,,0.647711,frame_00085.png,frame_00089.png,r120_e125_f1.mp4,120 Hz,1/125,蛍光灯あり,60.008 fps,120,125,1,25,rice,B,B,8,,,frame_00100.png,frame_00104.png,,120,1.999742
rice_B_8,accum,0,0,QR未検出,,accum,binary,5,,,24,,24,0.646694,,0.647321,frame_00085.png,frame_00089.png,r120_e125_f1.mp4,120 Hz,1/125,蛍光灯あり,60.008 fps,120,125,1,25,rice,B,B,8,,,frame_00095.png,frame_00099.png,,120,1.999742
rice_B_8,accum,0,0,QR未検出,,accum,binary,5,,,16,,24,0.644295,,0.646542,frame_00060.png,frame_00064.png,r120_e125_f1.mp4,120 Hz,1/125,蛍光灯あり,60.008 fps,120,125,1,25,rice,B,B,8,,,frame_00115.png,frame_00119.png,,120,1.999742
rice_B_8,accum,0,0,QR未検出,,accum,binary,5,,,8,,24,0.612838,,0.622209,frame_00105.png,frame_00109.png,r120_e125_f1.mp4,120 Hz,1/125,蛍光灯あり,60.008 fps,120,125,1,25,rice,B,B,8,,,frame_00090.png,frame_00094.png,,120,1.999742
rice_B_12,accum,1,0,QR未検出,,accum,binary,5,,,32,,24,0.647369,,0.647872,frame_00005.png,frame_00009.png,r120_e125_f1.mp4,120 Hz,1/125,蛍光灯あり,60.008 fps,120,125,1,26,rice,B,B,12,,,frame_00115.png,frame_00119.png,,120,1.999742
rice_B_12,accum,0,0,QR未検出,,accum,binary,5,,,24,,24,0.647167,,0.648066,frame_00045.png,frame_00049.png,r120_e125_f1.mp4,120 Hz,1/125,蛍光灯あり,60.008 fps,120,125,1,26,rice,B,B,12,,,frame_00115.png,frame_00119.png,,120,1.999742
rice_B_12,accum,0,0,QR未検出,,accum,binary,5,,,16,,24,0.646984,,0.650351,frame_00045.png,frame_00049.png,r120_e125_f1.mp4,120 Hz,1/125,蛍光灯あり,60.008 fps,120,125,1,26,rice,B,B,12,,,frame_00110.png,frame_00114.png,,120,1.999742
rice_B_12,accum,0,0,QR未検出,,accum,binary,5,,,8,,24,0.623624,,0.633624,frame_00045.png,frame_00049.png,r120_e125_f1.mp4,120 Hz,1/125,蛍光灯あり,60.008 fps,120,125,1,26,rice,B,B,12,,,frame_00105.png,frame_00109.png,,120,1.999742
nagaoka_fireworks_B_4,accum,1,0,QR未検出,,accum,binary,5,,,32,,24,0.646884,,0.647868,frame_00010.png,frame_00014.png,r120_e125_f1.mp4,120 Hz,1/125,蛍光灯あり,60.008 fps,120,125,1,27,nagaoka_fireworks,B,B,4,,,frame_00080.png,frame_00084.png,,120,1.999742
nagaoka_fireworks_B_4,accum,0,0,QR未検出,,accum,binary,5,,,24,,24,0.645395,,0.647081,frame_00000.png,frame_00004.png,r120_e125_f1.mp4,120 Hz,1/125,蛍光灯あり,60.008 fps,120,125,1,27,nagaoka_fireworks,B,B,4,,,frame_00110.png,frame_00114.png,,120,1.999742
nagaoka_fireworks_B_4,accum,0,0,QR未検出,,accum,binary,5,,,16,,24,0.638373,,0.643163,frame_00105.png,frame_00109.png,r120_e125_f1.mp4,120 Hz,1/125,蛍光灯あり,60.008 fps,120,125,1,27,nagaoka_fireworks,B,B,4,,,frame_00115.png,frame_00119.png,,120,1.999742
nagaoka_fireworks_B_4,accum,0,0,QR未検出,,accum,binary,5,,,8,,24,0.602386,,0.619048,frame_00090.png,frame_00094.png,r120_e125_f1.mp4,120 Hz,1/125,蛍光灯あり,60.008 fps,120,125,1,27,nagaoka_fireworks,B,B,4,,,frame_00110.png,frame_00114.png,,120,1.999742
nagaoka_fireworks_B_8,accum,1,0,QR未検出,,accum,binary,5,,,32,,24,0.646938,,0.647655,frame_00025.png,frame_00029.png,r120_e125_f1.mp4,120 Hz,1/125,蛍光灯あり,60.008 fps,120,125,1,28,nagaoka_fireworks,B,B,8,,,frame_00100.png,frame_00104.png,,120,1.999742
nagaoka_fireworks_B_8,accum,0,0,QR未検出,,accum,binary,5,,,24,,24,0.645626,,0.647739,frame_00025.png,frame_00029.png,r120_e125_f1.mp4,120 Hz,1/125,蛍光灯あり,60.008 fps,120,125,1,28,nagaoka_fireworks,B,B,8,,,frame_00100.png,frame_00104.png,,120,1.999742
nagaoka_fireworks_B_8,accum,0,0,QR未検出,,accum,binary,5,,,16,,24,0.638645,,0.643809,frame_00025.png,frame_00029.png,r120_e125_f1.mp4,120 Hz,1/125,蛍光灯あり,60.008 fps,120,125,1,28,nagaoka_fireworks,B,B,8,,,frame_00115.png,frame_00119.png,,120,1.999742
nagaoka_fireworks_B_8,accum,0,0,QR未検出,,accum,binary,5,,,8,,24,0.601309,,0.613825,frame_00105.png,frame_00109.png,r120_e125_f1.mp4,120 Hz,1/125,蛍光灯あり,60.008 fps,120,125,1,28,nagaoka_fireworks,B,B,8,,,frame_00115.png,frame_00119.png,,120,1.999742
nagaoka_fireworks_B_12,accum,1,0,QR未検出,,accum,binary,5,,,32,,24,0.646919,,0.647772,frame_00045.png,frame_00049.png,r120_e125_f1.mp4,120 Hz,1/125,蛍光灯あり,60.008 fps,120,125,1,29,nagaoka_fireworks,B,B,12,,,frame_00115.png,frame_00119.png,,120,1.999742
nagaoka_fireworks_B_12,accum,0,0,QR未検出,,accum,binary,5,,,24,,24,0.645772,,0.647391,frame_00045.png,frame_00049.png,r120_e125_f1.mp4,120 Hz,1/125,蛍光灯あり,60.008 fps,120,125,1,29,nagaoka_fireworks,B,B,12,,,frame_00090.png,frame_00094.png,,120,1.999742
nagaoka_fireworks_B_12,accum,0,0,QR未検出,,accum,binary,5,,,16,,24,0.639535,,0.644127,frame_00035.png,frame_00039.png,r120_e125_f1.mp4,120 Hz,1/125,蛍光灯あり,60.008 fps,120,125,1,29,nagaoka_fireworks,B,B,12,,,frame_00115.png,frame_00119.png,,120,1.999742
nagaoka_fireworks_B_12,accum,0,0,QR未検出,,accum,binary,5,,,8,,24,0.603298,,0.619149,frame_00105.png,frame_00109.png,r120_e125_f1.mp4,120 Hz,1/125,蛍光灯あり,60.008 fps,120,125,1,29,nagaoka_fireworks,B,B,12,,,frame_00115.png,frame_00119.png,,120,1.999742
hocho_B_4,accum,1,0,QR未検出,,accum,binary,5,,,32,,24,0.647772,,0.648404,frame_00040.png,frame_00044.png,r120_e125_f1.mp4,120 Hz,1/125,蛍光灯あり,60.008 fps,120,125,1,30,hocho,B,B,4,,,frame_00110.png,frame_00114.png,,120,1.999742
hocho_B_4,accum,0,0,QR未検出,,accum,binary,5,,,24,,24,0.647433,,0.648397,frame_00040.png,frame_00044.png,r120_e125_f1.mp4,120 Hz,1/125,蛍光灯あり,60.008 fps,120,125,1,30,hocho,B,B,4,,,frame_00115.png,frame_00119.png,,120,1.999742
hocho_B_4,accum,0,0,QR未検出,,accum,binary,5,,,16,,24,0.642665,,0.647620,frame_00105.png,frame_00109.png,r120_e125_f1.mp4,120 Hz,1/125,蛍光灯あり,60.008 fps,120,125,1,30,hocho,B,B,4,,,frame_00115.png,frame_00119.png,,120,1.999742
hocho_B_4,accum,0,0,QR未検出,,accum,binary,5,,,8,,24,0.601593,,0.621172,frame_00110.png,frame_00114.png,r120_e125_f1.mp4,120 Hz,1/125,蛍光灯あり,60.008 fps,120,125,1,30,hocho,B,B,4,,,frame_00100.png,frame_00104.png,,120,1.999742
hocho_B_8,accum,1,0,QR未検出,,accum,binary,5,,,32,,24,0.647805,,0.648363,frame_00045.png,frame_00049.png,r120_e125_f1.mp4,120 Hz,1/125,蛍光灯あり,60.008 fps,120,125,1,31,hocho,B,B,8,,,frame_00105.png,frame_00109.png,,120,1.999742
hocho_B_8,accum,0,0,QR未検出,,accum,binary,5,,,24,,24,0.647343,,0.648479,frame_00045.png,frame_00049.png,r120_e125_f1.mp4,120 Hz,1/125,蛍光灯あり,60.008 fps,120,125,1,31,hocho,B,B,8,,,frame_00110.png,frame_00114.png,,120,1.999742
hocho_B_8,accum,0,0,QR未検出,,accum,binary,5,,,16,,24,0.642528,,0.647375,frame_00090.png,frame_00094.png,r120_e125_f1.mp4,120 Hz,1/125,蛍光灯あり,60.008 fps,120,125,1,31,hocho,B,B,8,,,frame_00115.png,frame_00119.png,,120,1.999742
hocho_B_8,accum,0,0,QR未検出,,accum,binary,5,,,8,,24,0.599671,,0.622444,frame_00100.png,frame_00104.png,r120_e125_f1.mp4,120 Hz,1/125,蛍光灯あり,60.008 fps,120,125,1,31,hocho,B,B,8,,,frame_00115.png,frame_00119.png,,120,1.999742
hocho_B_12,accum,1,0,QR未検出,,accum,binary,5,,,16,,24,0.650349,,0.655754,frame_00065.png,frame_00069.png,r120_e125_f1.mp4,120 Hz,1/125,蛍光灯あり,60.008 fps,120,125,1,32,hocho,B,B,12,,,frame_00110.png,frame_00114.png,,120,1.999742
hocho_B_12,accum,0,0,QR未検出,,accum,binary,5,,,32,,24,0.648064,,0.648453,frame_00075.png,frame_00079.png,r120_e125_f1.mp4,120 Hz,1/125,蛍光灯あり,60.008 fps,120,125,1,32,hocho,B,B,12,,,frame_00105.png,frame_00109.png,,120,1.999742
hocho_B_12,accum,0,0,QR未検出,,accum,binary,5,,,24,,24,0.648001,,0.648981,frame_00060.png,frame_00064.png,r120_e125_f1.mp4,120 Hz,1/125,蛍光灯あり,60.008 fps,120,125,1,32,hocho,B,B,12,,,frame_00100.png,frame_00104.png,,120,1.999742
hocho_B_12,accum,0,0,QR未検出,,accum,binary,5,,,8,,24,0.627548,,0.656636,frame_00045.png,frame_00049.png,r120_e125_f1.mp4,120 Hz,1/125,蛍光灯あり,60.008 fps,120,125,1,32,hocho,B,B,12,,,frame_00115.png,frame_00119.png,,120,1.999742
ex_B_4,accum,1,0,QR未検出,,accum,binary,5,,,32,,24,0.647794,,0.647894,frame_00020.png,frame_00024.png,r120_e125_f1.mp4,120 Hz,1/125,蛍光灯あり,60.008 fps,120,125,1,33,ex,B,B,4,,,frame_00115.png,frame_00119.png,,120,1.999742
ex_B_4,accum,0,0,QR未検出,,accum,binary,5,,,24,,24,0.647711,,0.647926,frame_00035.png,frame_00039.png,r120_e125_f1.mp4,120 Hz,1/125,蛍光灯あり,60.008 fps,120,125,1,33,ex,B,B,4,,,frame_00110.png,frame_00114.png,,120,1.999742
ex_B_4,accum,0,0,QR未検出,,accum,binary,5,,,16,,24,0.647045,,0.647837,frame_00005.png,frame_00009.png,r120_e125_f1.mp4,120 Hz,1/125,蛍光灯あり,60.008 fps,120,125,1,33,ex,B,B,4,,,frame_00115.png,frame_00119.png,,120,1.999742
ex_B_4,accum,0,0,QR未検出,,accum,binary,5,,,8,,24,0.628318,,0.639375,frame_00075.png,frame_00079.png,r120_e125_f1.mp4,120 Hz,1/125,蛍光灯あり,60.008 fps,120,125,1,33,ex,B,B,4,,,frame_00115.png,frame_00119.png,,120,1.999742
ex_B_8,accum,0,0,QR未検出,,accum,binary,5,,,32,,24,0.647429,,0.647961,frame_00100.png,frame_00104.png,r120_e125_f1.mp4,120 Hz,1/125,蛍光灯あり,60.008 fps,120,125,1,34,ex,B,B,8,,,frame_00110.png,frame_00114.png,,120,1.999742
ex_B_8,accum,0,0,QR未検出,,accum,binary,5,,,24,,24,0.646629,,0.647873,frame_00010.png,frame_00014.png,r120_e125_f1.mp4,120 Hz,1/125,蛍光灯あり,60.008 fps,120,125,1,34,ex,B,B,8,,,frame_00100.png,frame_00104.png,,120,1.999742
ex_B_8,accum,0,0,QR未検出,,accum,binary,5,,,16,,24,0.642539,,0.648094,frame_00010.png,frame_00014.png,r120_e125_f1.mp4,120 Hz,1/125,蛍光灯あり,60.008 fps,120,125,1,34,ex,B,B,8,,,frame_00105.png,frame_00109.png,,120,1.999742
ex_B_8,accum,0,0,QR未検出,,accum,binary,5,,,8,,24,0.605593,,0.630118,frame_00095.png,frame_00099.png,r120_e125_f1.mp4,120 Hz,1/125,蛍光灯あり,60.008 fps,120,125,1,34,ex,B,B,8,,,frame_00115.png,frame_00119.png,,120,1.999742
ex_B_12,accum,1,0,QR未検出,,accum,binary,5,,,32,,24,0.647528,,0.647831,frame_00020.png,frame_00024.png,r120_e125_f1.mp4,120 Hz,1/125,蛍光灯あり,60.008 fps,120,125,1,35,ex,B,B,12,,,frame_00105.png,frame_00109.png,,120,1.999742
ex_B_12,accum,0,0,QR未検出,,accum,binary,5,,,24,,24,0.647284,,0.647810,frame_00010.png,frame_00014.png,r120_e125_f1.mp4,120 Hz,1/125,蛍光灯あり,60.008 fps,120,125,1,35,ex,B,B,12,,,frame_00090.png,frame_00094.png,,120,1.999742
ex_B_12,accum,0,0,QR未検出,,accum,binary,5,,,16,,24,0.646175,,0.647770,frame_00020.png,frame_00024.png,r120_e125_f1.mp4,120 Hz,1/125,蛍光灯あり,60.008 fps,120,125,1,35,ex,B,B,12,,,frame_00065.png,frame_00069.png,,120,1.999742
ex_B_12,accum,0,0,QR未検出,,accum,binary,5,,,8,,24,0.619905,,0.632503,frame_00095.png,frame_00099.png,r120_e125_f1.mp4,120 Hz,1/125,蛍光灯あり,60.008 fps,120,125,1,35,ex,B,B,12,,,frame_00095.png,frame_00099.png,,120,1.999742
rice_I_4,accum,1,0,QR未検出,,accum,binary,5,,,32,,24,0.647311,,0.647656,frame_00115.png,frame_00119.png,r120_e125_f1.mp4,120 Hz,1/125,蛍光灯あり,60.008 fps,120,125,1,36,rice,min,I,4,,,frame_00110.png,frame_00114.png,,120,1.999742
rice_I_4,accum,0,0,QR未検出,,accum,binary,5,,,24,,24,0.646501,,0.647408,frame_00115.png,frame_00119.png,r120_e125_f1.mp4,120 Hz,1/125,蛍光灯あり,60.008 fps,120,125,1,36,rice,min,I,4,,,frame_00110.png,frame_00114.png,,120,1.999742
rice_I_4,accum,0,0,QR未検出,,accum,binary,5,,,16,,24,0.643092,,0.646035,frame_00010.png,frame_00014.png,r120_e125_f1.mp4,120 Hz,1/125,蛍光灯あり,60.008 fps,120,125,1,36,rice,min,I,4,,,frame_00105.png,frame_00109.png,,120,1.999742
rice_I_4,accum,0,0,QR未検出,,accum,binary,5,,,8,,24,0.612721,,0.626011,frame_00050.png,frame_00054.png,r120_e125_f1.mp4,120 Hz,1/125,蛍光灯あり,60.008 fps,120,125,1,36,rice,min,I,4,,,frame_00115.png,frame_00119.png,,120,1.999742
rice_I_8,accum,1,0,QR未検出,,accum,binary,5,,,32,,24,0.647298,,0.647709,frame_00060.png,frame_00064.png,r120_e125_f1.mp4,120 Hz,1/125,蛍光灯あり,60.008 fps,120,125,1,37,rice,min,I,8,,,frame_00100.png,frame_00104.png,,120,1.999742
rice_I_8,accum,0,0,QR未検出,,accum,binary,5,,,24,,24,0.646376,,0.647345,frame_00065.png,frame_00069.png,r120_e125_f1.mp4,120 Hz,1/125,蛍光灯あり,60.008 fps,120,125,1,37,rice,min,I,8,,,frame_00115.png,frame_00119.png,,120,1.999742
rice_I_8,accum,0,0,QR未検出,,accum,binary,5,,,16,,24,0.642569,,0.645760,frame_00060.png,frame_00064.png,r120_e125_f1.mp4,120 Hz,1/125,蛍光灯あり,60.008 fps,120,125,1,37,rice,min,I,8,,,frame_00105.png,frame_00109.png,,120,1.999742
rice_I_8,accum,0,0,QR未検出,,accum,binary,5,,,8,,24,0.609947,,0.619943,frame_00015.png,frame_00019.png,r120_e125_f1.mp4,120 Hz,1/125,蛍光灯あり,60.008 fps,120,125,1,37,rice,min,I,8,,,frame_00105.png,frame_00109.png,,120,1.999742
rice_I_12,accum,1,0,QR未検出,,accum,binary,5,,,32,,24,0.647561,,0.647984,frame_00065.png,frame_00069.png,r120_e125_f1.mp4,120 Hz,1/125,蛍光灯あり,60.008 fps,120,125,1,38,rice,min,I,12,,,frame_00110.png,frame_00114.png,,120,1.999742
rice_I_12,accum,0,0,QR未検出,,accum,binary,5,,,24,,24,0.646855,,0.647887,frame_00065.png,frame_00069.png,r120_e125_f1.mp4,120 Hz,1/125,蛍光灯あり,60.008 fps,120,125,1,38,rice,min,I,12,,,frame_00085.png,frame_00089.png,,120,1.999742
rice_I_12,accum,0,0,QR未検出,,accum,binary,5,,,16,,24,0.642322,,0.646162,frame_00065.png,frame_00069.png,r120_e125_f1.mp4,120 Hz,1/125,蛍光灯あり,60.008 fps,120,125,1,38,rice,min,I,12,,,frame_00115.png,frame_00119.png,,120,1.999742
rice_I_12,accum,0,0,QR未検出,,accum,binary,5,,,8,,24,0.610820,,0.621856,frame_00020.png,frame_00024.png,r120_e125_f1.mp4,120 Hz,1/125,蛍光灯あり,60.008 fps,120,125,1,38,rice,min,I,12,,,frame_00110.png,frame_00114.png,,120,1.999742
nagaoka_fireworks_I_4,accum,1,0,QR未検出,,accum,binary,5,,,32,,24,0.647091,,0.647950,frame_00115.png,frame_00119.png,r120_e125_f1.mp4,120 Hz,1/125,蛍光灯あり,60.008 fps,120,125,1,39,nagaoka_fireworks,min,I,4,,,frame_00100.png,frame_00104.png,,120,1.999742
nagaoka_fireworks_I_4,accum,0,0,QR未検出,,accum,binary,5,,,24,,24,0.645572,,0.647642,frame_00050.png,frame_00054.png,r120_e125_f1.mp4,120 Hz,1/125,蛍光灯あり,60.008 fps,120,125,1,39,nagaoka_fireworks,min,I,4,,,frame_00085.png,frame_00089.png,,120,1.999742
nagaoka_fireworks_I_4,accum,0,0,QR未検出,,accum,binary,5,,,16,,24,0.638578,,0.643734,frame_00035.png,frame_00039.png,r120_e125_f1.mp4,120 Hz,1/125,蛍光灯あり,60.008 fps,120,125,1,39,nagaoka_fireworks,min,I,4,,,frame_00115.png,frame_00119.png,,120,1.999742
nagaoka_fireworks_I_4,accum,0,0,QR未検出,,accum,binary,5,,,8,,24,0.604693,,0.624487,frame_00110.png,frame_00114.png,r120_e125_f1.mp4,120 Hz,1/125,蛍光灯あり,60.008 fps,120,125,1,39,nagaoka_fireworks,min,I,4,,,frame_00080.png,frame_00084.png,,120,1.999742
nagaoka_fireworks_I_8,accum,1,0,QR未検出,,accum,binary,5,,,32,,24,0.646942,,0.647817,frame_00105.png,frame_00109.png,r120_e125_f1.mp4,120 Hz,1/125,蛍光灯あり,60.008 fps,120,125,1,40,nagaoka_fireworks,min,I,8,,,frame_00100.png,frame_00104.png,,120,1.999742
nagaoka_fireworks_I_8,accum,0,0,QR未検出,,accum,binary,5,,,24,,24,0.645427,,0.647405,frame_00075.png,frame_00079.png,r120_e125_f1.mp4,120 Hz,1/125,蛍光灯あり,60.008 fps,120,125,1,40,nagaoka_fireworks,min,I,8,,,frame_00100.png,frame_00104.png,,120,1.999742
nagaoka_fireworks_I_8,accum,0,0,QR未検出,,accum,binary,5,,,16,,24,0.638556,,0.644934,frame_00075.png,frame_00079.png,r120_e125_f1.mp4,120 Hz,1/125,蛍光灯あり,60.008 fps,120,125,1,40,nagaoka_fireworks,min,I,8,,,frame_00115.png,frame_00119.png,,120,1.999742
nagaoka_fireworks_I_8,accum,0,0,QR未検出,,accum,binary,5,,,8,,24,0.603664,,0.620190,frame_00085.png,frame_00089.png,r120_e125_f1.mp4,120 Hz,1/125,蛍光灯あり,60.008 fps,120,125,1,40,nagaoka_fireworks,min,I,8,,,frame_00090.png,frame_00094.png,,120,1.999742
nagaoka_fireworks_I_12,accum,1,0,QR未検出,,accum,binary,5,,,32,,24,0.647146,,0.647728,frame_00040.png,frame_00044.png,r120_e125_f1.mp4,120 Hz,1/125,蛍光灯あり,60.008 fps,120,125,1,41,nagaoka_fireworks,min,I,12,,,frame_00100.png,frame_00104.png,,120,1.999742
nagaoka_fireworks_I_12,accum,0,0,QR未検出,,accum,binary,5,,,24,,24,0.646210,,0.648113,frame_00040.png,frame_00044.png,r120_e125_f1.mp4,120 Hz,1/125,蛍光灯あり,60.008 fps,120,125,1,41,nagaoka_fireworks,min,I,12,,,frame_00100.png,frame_00104.png,,120,1.999742
nagaoka_fireworks_I_12,accum,0,0,QR未検出,,accum,binary,5,,,16,,24,0.640012,,0.645312,frame_00040.png,frame_00044.png,r120_e125_f1.mp4,120 Hz,1/125,蛍光灯あり,60.008 fps,120,125,1,41,nagaoka_fireworks,min,I,12,,,frame_00115.png,frame_00119.png,,120,1.999742
nagaoka_fireworks_I_12,accum,0,0,QR未検出,,accum,binary,5,,,8,,24,0.606182,,0.620915,frame_00105.png,frame_00109.png,r120_e125_f1.mp4,120 Hz,1/125,蛍光灯あり,60.008 fps,120,125,1,41,nagaoka_fireworks,min,I,12,,,frame_00110.png,frame_00114.png,,120,1.999742
hocho_I_4,accum,1,0,QR未検出,,accum,binary,5,,,32,,24,0.647980,,0.648642,frame_00070.png,frame_00074.png,r120_e125_f1.mp4,120 Hz,1/125,蛍光灯あり,60.008 fps,120,125,1,42,hocho,min,I,4,,,frame_00110.png,frame_00114.png,,120,1.999742
hocho_I_4,accum,0,0,QR未検出,,accum,binary,5,,,24,,24,0.647846,,0.648685,frame_00020.png,frame_00024.png,r120_e125_f1.mp4,120 Hz,1/125,蛍光灯あり,60.008 fps,120,125,1,42,hocho,min,I,4,,,frame_00110.png,frame_00114.png,,120,1.999742
hocho_I_4,accum,0,0,QR未検出,,accum,binary,5,,,16,,24,0.644320,,0.648264,frame_00065.png,frame_00069.png,r120_e125_f1.mp4,120 Hz,1/125,蛍光灯あり,60.008 fps,120,125,1,42,hocho,min,I,4,,,frame_00115.png,frame_00119.png,,120,1.999742
hocho_I_4,accum,0,0,QR未検出,,accum,binary,5,,,8,,24,0.616346,,0.636063,frame_00050.png,frame_00054.png,r120_e125_f1.mp4,120 Hz,1/125,蛍光灯あり,60.008 fps,120,125,1,42,hocho,min,I,4,,,frame_00115.png,frame_00119.png,,120,1.999742
hocho_I_8,accum,1,0,QR未検出,,accum,binary,5,,,32,,24,0.647961,,0.648752,frame_00010.png,frame_00014.png,r120_e125_f1.mp4,120 Hz,1/125,蛍光灯あり,60.008 fps,120,125,1,43,hocho,min,I,8,,,frame_00110.png,frame_00114.png,,120,1.999742
hocho_I_8,accum,0,0,QR未検出,,accum,binary,5,,,24,,24,0.647850,,0.649149,frame_00040.png,frame_00044.png,r120_e125_f1.mp4,120 Hz,1/125,蛍光灯あり,60.008 fps,120,125,1,43,hocho,min,I,8,,,frame_00105.png,frame_00109.png,,120,1.999742
hocho_I_8,accum,0,0,QR未検出,,accum,binary,5,,,16,,24,0.643104,,0.647845,frame_00030.png,frame_00034.png,r120_e125_f1.mp4,120 Hz,1/125,蛍光灯あり,60.008 fps,120,125,1,43,hocho,min,I,8,,,frame_00115.png,frame_00119.png,,120,1.999742
hocho_I_8,accum,0,0,QR未検出,,accum,binary,5,,,8,,24,0.604402,,0.623259,frame_00050.png,frame_00054.png,r120_e125_f1.mp4,120 Hz,1/125,蛍光灯あり,60.008 fps,120,125,1,43,hocho,min,I,8,,,frame_00115.png,frame_00119.png,,120,1.999742
hocho_I_12,accum,1,0,QR未検出,,accum,binary,5,,,32,,24,0.648050,,0.648561,frame_00020.png,frame_00024.png,r120_e125_f1.mp4,120 Hz,1/125,蛍光灯あり,60.008 fps,120,125,1,44,hocho,min,I,12,,,frame_00110.png,frame_00114.png,,120,1.999742
hocho_I_12,accum,0,0,QR未検出,,accum,binary,5,,,24,,24,0.647953,,0.649068,frame_00075.png,frame_00079.png,r120_e125_f1.mp4,120 Hz,1/125,蛍光灯あり,60.008 fps,120,125,1,44,hocho,min,I,12,,,frame_00115.png,frame_00119.png,,120,1.999742
hocho_I_12,accum,0,0,QR未検出,,accum,binary,5,,,16,,24,0.643182,,0.649245,frame_00030.png,frame_00034.png,r120_e125_f1.mp4,120 Hz,1/125,蛍光灯あり,60.008 fps,120,125,1,44,hocho,min,I,12,,,frame_00115.png,frame_00119.png,,120,1.999742
hocho_I_12,accum,0,0,QR未検出,,accum,binary,5,,,8,,24,0.600878,,0.625059,frame_00030.png,frame_00034.png,r120_e125_f1.mp4,120 Hz,1/125,蛍光灯あり,60.008 fps,120,125,1,44,hocho,min,I,12,,,frame_00115.png,frame_00119.png,,120,1.999742
ex_I_4,accum,1,0,QR未検出,,accum,binary,5,,,32,,24,0.647704,,0.647992,frame_00015.png,frame_00019.png,r120_e125_f1.mp4,120 Hz,1/125,蛍光灯あり,60.008 fps,120,125,1,45,ex,min,I,4,,,frame_00110.png,frame_00114.png,,120,1.999742
ex_I_4,accum,0,0,QR未検出,,accum,binary,5,,,24,,24,0.647656,,0.648020,frame_00070.png,frame_00074.png,r120_e125_f1.mp4,120 Hz,1/125,蛍光灯あり,60.008 fps,120,125,1,45,ex,min,I,4,,,frame_00105.png,frame_00109.png,,120,1.999742
ex_I_4,accum,0,0,QR未検出,,accum,binary,5,,,16,,24,0.647133,,0.648150,frame_00070.png,frame_00074.png,r120_e125_f1.mp4,120 Hz,1/125,蛍光灯あり,60.008 fps,120,125,1,45,ex,min,I,4,,,frame_00100.png,frame_00104.png,,120,1.999742
ex_I_4,accum,0,0,QR未検出,,accum,binary,5,,,8,,24,0.627457,,0.638693,frame_00100.png,frame_00104.png,r120_e125_f1.mp4,120 Hz,1/125,蛍光灯あり,60.008 fps,120,125,1,45,ex,min,I,4,,,frame_00115.png,frame_00119.png,,120,1.999742
ex_I_8,accum,1,0,QR未検出,,accum,binary,5,,,32,,24,0.647709,,0.647877,frame_00095.png,frame_00099.png,r120_e125_f1.mp4,120 Hz,1/125,蛍光灯あり,60.008 fps,120,125,1,46,ex,min,I,8,,,frame_00105.png,frame_00109.png,,120,1.999742
ex_I_8,accum,0,0,QR未検出,,accum,binary,5,,,24,,24,0.647601,,0.647949,frame_00095.png,frame_00099.png,r120_e125_f1.mp4,120 Hz,1/125,蛍光灯あり,60.008 fps,120,125,1,46,ex,min,I,8,,,frame_00090.png,frame_00094.png,,120,1.999742
ex_I_8,accum,0,0,QR未検出,,accum,binary,5,,,16,,24,0.646976,,0.648096,frame_00095.png,frame_00099.png,r120_e125_f1.mp4,120 Hz,1/125,蛍光灯あり,60.008 fps,120,125,1,46,ex,min,I,8,,,frame_00115.png,frame_00119.png,,120,1.999742
ex_I_8,accum,0,0,QR未検出,,accum,binary,5,,,8,,24,0.628931,,0.638110,frame_00030.png,frame_00034.png,r120_e125_f1.mp4,120 Hz,1/125,蛍光灯あり,60.008 fps,120,125,1,46,ex,min,I,8,,,frame_00115.png,frame_00119.png,,120,1.999742
ex_I_12,accum,1,0,QR未検出,,accum,binary,5,,,16,,24,0.648648,,0.650519,frame_00055.png,frame_00059.png,r120_e125_f1.mp4,120 Hz,1/125,蛍光灯あり,60.008 fps,120,125,1,47,ex,min,I,12,,,frame_00115.png,frame_00119.png,,120,1.999742
ex_I_12,accum,0,0,QR未検出,,accum,binary,5,,,24,,24,0.648097,,0.648503,frame_00055.png,frame_00059.png,r120_e125_f1.mp4,120 Hz,1/125,蛍光灯あり,60.008 fps,120,125,1,47,ex,min,I,12,,,frame_00090.png,frame_00094.png,,120,1.999742
ex_I_12,accum,0,0,QR未検出,,accum,binary,5,,,32,,24,0.648030,,0.648467,frame_00020.png,frame_00024.png,r120_e125_f1.mp4,120 Hz,1/125,蛍光灯あり,60.008 fps,120,125,1,47,ex,min,I,12,,,frame_00105.png,frame_00109.png,,120,1.999742
ex_I_12,accum,0,0,QR未検出,,accum,binary,5,,,8,,24,0.642419,,0.652297,frame_00045.png,frame_00049.png,r120_e125_f1.mp4,120 Hz,1/125,蛍光灯あり,60.008 fps,120,125,1,47,ex,min,I,12,,,frame_00110.png,frame_00114.png,,120,1.999742
rice_X_4,accum,1,0,QR未検出,,accum,binary,5,,,32,,24,0.647255,,0.647663,frame_00035.png,frame_00039.png,r120_e125_f1.mp4,120 Hz,1/125,蛍光灯あり,60.008 fps,120,125,1,48,rice,max,X,4,,,frame_00110.png,frame_00114.png,,120,1.999742
rice_X_4,accum,0,0,QR未検出,,accum,binary,5,,,24,,24,0.646366,,0.647163,frame_00035.png,frame_00039.png,r120_e125_f1.mp4,120 Hz,1/125,蛍光灯あり,60.008 fps,120,125,1,48,rice,max,X,4,,,frame_00110.png,frame_00114.png,,120,1.999742
rice_X_4,accum,0,0,QR未検出,,accum,binary,5,,,16,,24,0.642166,,0.644579,frame_00020.png,frame_00024.png,r120_e125_f1.mp4,120 Hz,1/125,蛍光灯あり,60.008 fps,120,125,1,48,rice,max,X,4,,,frame_00115.png,frame_00119.png,,120,1.999742
rice_X_4,accum,0,0,QR未検出,,accum,binary,5,,,8,,24,0.608284,,0.620335,frame_00035.png,frame_00039.png,r120_e125_f1.mp4,120 Hz,1/125,蛍光灯あり,60.008 fps,120,125,1,48,rice,max,X,4,,,frame_00115.png,frame_00119.png,,120,1.999742
rice_X_8,accum,1,0,QR未検出,,accum,binary,5,,,32,,24,0.647282,,0.647763,frame_00020.png,frame_00024.png,r120_e125_f1.mp4,120 Hz,1/125,蛍光灯あり,60.008 fps,120,125,1,49,rice,max,X,8,,,frame_00110.png,frame_00114.png,,120,1.999742
rice_X_8,accum,0,0,QR未検出,,accum,binary,5,,,24,,24,0.646444,,0.647238,frame_00020.png,frame_00024.png,r120_e125_f1.mp4,120 Hz,1/125,蛍光灯あり,60.008 fps,120,125,1,49,rice,max,X,8,,,frame_00115.png,frame_00119.png,,120,1.999742
rice_X_8,accum,0,0,QR未検出,,accum,binary,5,,,16,,24,0.642223,,0.644467,frame_00015.png,frame_00019.png,r120_e125_f1.mp4,120 Hz,1/125,蛍光灯あり,60.008 fps,120,125,1,49,rice,max,X,8,,,frame_00105.png,frame_00109.png,,120,1.999742
rice_X_8,accum,0,0,QR未検出,,accum,binary,5,,,8,,24,0.607701,,0.617289,frame_00045.png,frame_00049.png,r120_e125_f1.mp4,120 Hz,1/125,蛍光灯あり,60.008 fps,120,125,1,49,rice,max,X,8,,,frame_00095.png,frame_00099.png,,120,1.999742
rice_X_12,accum,1,0,QR未検出,,accum,binary,5,,,32,,24,0.647357,,0.647676,frame_00010.png,frame_00014.png,r120_e125_f1.mp4,120 Hz,1/125,蛍光灯あり,60.008 fps,120,125,1,50,rice,max,X,12,,,frame_00115.png,frame_00119.png,,120,1.999742
rice_X_12,accum,0,0,QR未検出,,accum,binary,5,,,24,,24,0.646616,,0.647585,frame_00090.png,frame_00094.png,r120_e125_f1.mp4,120 Hz,1/125,蛍光灯あり,60.008 fps,120,125,1,50,rice,max,X,12,,,frame_00115.png,frame_00119.png,,120,1.999742
rice_X_12,accum,0,0,QR未検出,,accum,binary,5,,,16,,24,0.643180,,0.645797,frame_00105.png,frame_00109.png,r120_e125_f1.mp4,120 Hz,1/125,蛍光灯あり,60.008 fps,120,125,1,50,rice,max,X,12,,,frame_00110.png,frame_00114.png,,120,1.999742
rice_X_12,accum,0,0,QR未検出,,accum,binary,5,,,8,,24,0.612229,,0.625082,frame_00080.png,frame_00084.png,r120_e125_f1.mp4,120 Hz,1/125,蛍光灯あり,60.008 fps,120,125,1,50,rice,max,X,12,,,frame_00115.png,frame_00119.png,,120,1.999742
nagaoka_fireworks_X_4,accum,1,0,QR未検出,,accum,binary,5,,,32,,24,0.647181,,0.648118,frame_00040.png,frame_00044.png,r120_e125_f1.mp4,120 Hz,1/125,蛍光灯あり,60.008 fps,120,125,1,51,nagaoka_fireworks,max,X,4,,,frame_00110.png,frame_00114.png,,120,1.999742
nagaoka_fireworks_X_4,accum,0,0,QR未検出,,accum,binary,5,,,24,,24,0.645964,,0.647489,frame_00040.png,frame_00044.png,r120_e125_f1.mp4,120 Hz,1/125,蛍光灯あり,60.008 fps,120,125,1,51,nagaoka_fireworks,max,X,4,,,frame_00105.png,frame_00109.png,,120,1.999742
nagaoka_fireworks_X_4,accum,0,0,QR未検出,,accum,binary,5,,,16,,24,0.639222,,0.644194,frame_00010.png,frame_00014.png,r120_e125_f1.mp4,120 Hz,1/125,蛍光灯あり,60.008 fps,120,125,1,51,nagaoka_fireworks,max,X,4,,,frame_00055.png,frame_00059.png,,120,1.999742
nagaoka_fireworks_X_4,accum,0,0,QR未検出,,accum,binary,5,,,8,,24,0.603961,,0.616915,frame_00085.png,frame_00089.png,r120_e125_f1.mp4,120 Hz,1/125,蛍光灯あり,60.008 fps,120,125,1,51,nagaoka_fireworks,max,X,4,,,frame_00090.png,frame_00094.png,,120,1.999742
nagaoka_fireworks_X_8,accum,1,0,QR未検出,,accum,binary,5,,,32,,24,0.647016,,0.647872,frame_00105.png,frame_00109.png,r120_e125_f1.mp4,120 Hz,1/125,蛍光灯あり,60.008 fps,120,125,1,52,nagaoka_fireworks,max,X,8,,,frame_00105.png,frame_00109.png,,120,1.999742
nagaoka_fireworks_X_8,accum,0,0,QR未検出,,accum,binary,5,,,24,,24,0.645635,,0.647740,frame_00070.png,frame_00074.png,r120_e125_f1.mp4,120 Hz,1/125,蛍光灯あり,60.008 fps,120,125,1,52,nagaoka_fireworks,max,X,8,,,frame_00115.png,frame_00119.png,,120,1.999742
nagaoka_fireworks_X_8,accum,0,0,QR未検出,,accum,binary,5,,,16,,24,0.638587,,0.644021,frame_00070.png,frame_00074.png,r120_e125_f1.mp4,120 Hz,1/125,蛍光灯あり,60.008 fps,120,125,1,52,nagaoka_fireworks,max,X,8,,,frame_00105.png,frame_00109.png,,120,1.999742
nagaoka_fireworks_X_8,accum,0,0,QR未検出,,accum,binary,5,,,8,,24,0.604225,,0.620472,frame_00095.png,frame_00099.png,r120_e125_f1.mp4,120 Hz,1/125,蛍光灯あり,60.008 fps,120,125,1,52,nagaoka_fireworks,max,X,8,,,frame_00115.png,frame_00119.png,,120,1.999742
nagaoka_fireworks_X_12,accum,1,0,QR未検出,,accum,binary,5,,,32,,24,0.647102,,0.648090,frame_00100.png,frame_00104.png,r120_e125_f1.mp4,120 Hz,1/125,蛍光灯あり,60.008 fps,120,125,1,53,nagaoka_fireworks,max,X,12,,,frame_00100.png,frame_00104.png,,120,1.999742
nagaoka_fireworks_X_12,accum,0,0,QR未検出,,accum,binary,5,,,24,,24,0.646254,,0.648208,frame_00100.png,frame_00104.png,r120_e125_f1.mp4,120 Hz,1/125,蛍光灯あり,60.008 fps,120,125,1,53,nagaoka_fireworks,max,X,12,,,frame_00100.png,frame_00104.png,,120,1.999742
nagaoka_fireworks_X_12,accum,0,0,QR未検出,,accum,binary,5,,,16,,24,0.642836,,0.645641,frame_00010.png,frame_00014.png,r120_e125_f1.mp4,120 Hz,1/125,蛍光灯あり,60.008 fps,120,125,1,53,nagaoka_fireworks,max,X,12,,,frame_00115.png,frame_00119.png,,120,1.999742
nagaoka_fireworks_X_12,accum,0,0,QR未検出,,accum,binary,5,,,8,,24,0.617703,,0.627743,frame_00105.png,frame_00109.png,r120_e125_f1.mp4,120 Hz,1/125,蛍光灯あり,60.008 fps,120,125,1,53,nagaoka_fireworks,max,X,12,,,frame_00100.png,frame_00104.png,,120,1.999742
hocho_X_4,accum,1,0,QR未検出,,accum,binary,5,,,24,,24,0.648204,,0.649039,frame_00010.png,frame_00014.png,r120_e125_f1.mp4,120 Hz,1/125,蛍光灯あり,60.008 fps,120,125,1,54,hocho,max,X,4,,,frame_00110.png,frame_00114.png,,120,1.999742
hocho_X_4,accum,0,0,QR未検出,,accum,binary,5,,,32,,24,0.647996,,0.648782,frame_00025.png,frame_00029.png,r120_e125_f1.mp4,120 Hz,1/125,蛍光灯あり,60.008 fps,120,125,1,54,hocho,max,X,4,,,frame_00110.png,frame_00114.png,,120,1.999742
hocho_X_4,accum,0,0,QR未検出,,accum,binary,5,,,16,,24,0.646097,,0.648664,frame_00040.png,frame_00044.png,r120_e125_f1.mp4,120 Hz,1/125,蛍光灯あり,60.008 fps,120,125,1,54,hocho,max,X,4,,,frame_00115.png,frame_00119.png,,120,1.999742
hocho_X_4,accum,0,0,QR未検出,,accum,binary,5,,,8,,24,0.622206,,0.631365,frame_00005.png,frame_00009.png,r120_e125_f1.mp4,120 Hz,1/125,蛍光灯あり,60.008 fps,120,125,1,54,hocho,max,X,4,,,frame_00115.png,frame_00119.png,,120,1.999742
hocho_X_8,accum,1,0,QR未検出,,accum,binary,5,,,24,,24,0.648247,,0.648916,frame_00040.png,frame_00044.png,r120_e125_f1.mp4,120 Hz,1/125,蛍光灯あり,60.008 fps,120,125,1,55,hocho,max,X,8,,,frame_00100.png,frame_00104.png,,120,1.999742
hocho_X_8,accum,0,0,QR未検出,,accum,binary,5,,,32,,24,0.648160,,0.648502,frame_00015.png,frame_00019.png,r120_e125_f1.mp4,120 Hz,1/125,蛍光灯あり,60.008 fps,120,125,1,55,hocho,max,X,8,,,frame_00110.png,frame_00114.png,,120,1.999742
hocho_X_8,accum,0,0,QR未検出,,accum,binary,5,,,16,,24,0.645322,,0.649128,frame_00040.png,frame_00044.png,r120_e125_f1.mp4,120 Hz,1/125,蛍光灯あり,60.008 fps,120,125,1,55,hocho,max,X,8,,,frame_00115.png,frame_00119.png,,120,1.999742
hocho_X_8,accum,0,0,QR未検出,,accum,binary,5,,,8,,24,0.610975,,0.626363,frame_00075.png,frame_00079.png,r120_e125_f1.mp4,120 Hz,1/125,蛍光灯あり,60.008 fps,120,125,1,55,hocho,max,X,8,,,frame_00090.png,frame_00094.png,,120,1.999742
hocho_X_12,accum,1,0,QR未検出,,accum,binary,5,,,32,,24,0.647637,,0.647917,frame_00045.png,frame_00049.png,r120_e125_f1.mp4,120 Hz,1/125,蛍光灯あり,60.008 fps,120,125,1,56,hocho,max,X,12,,,frame_00115.png,frame_00119.png,,120,1.999742
hocho_X_12,accum,0,0,QR未検出,,accum,binary,5,,,24,,24,0.647590,,0.648342,frame_00110.png,frame_00114.png,r120_e125_f1.mp4,120 Hz,1/125,蛍光灯あり,60.008 fps,120,125,1,56,hocho,max,X,12,,,frame_00115.png,frame_00119.png,,120,1.999742
hocho_X_12,accum,0,0,QR未検出,,accum,binary,5,,,16,,24,0.646847,,0.652290,frame_00070.png,frame_00074.png,r120_e125_f1.mp4,120 Hz,1/125,蛍光灯あり,60.008 fps,120,125,1,56,hocho,max,X,12,,,frame_00090.png,frame_00094.png,,120,1.999742
hocho_X_12,accum,0,0,QR未検出,,accum,binary,5,,,8,,24,0.621093,,0.637787,frame_00100.png,frame_00104.png,r120_e125_f1.mp4,120 Hz,1/125,蛍光灯あり,60.008 fps,120,125,1,56,hocho,max,X,12,,,frame_00115.png,frame_00119.png,,120,1.999742
ex_X_4,accum,1,0,QR未検出,,accum,binary,5,,,32,,24,0.647713,,0.648097,frame_00010.png,frame_00014.png,r120_e125_f1.mp4,120 Hz,1/125,蛍光灯あり,60.008 fps,120,125,1,57,ex,max,X,4,,,frame_00115.png,frame_00119.png,,120,1.999742
ex_X_4,accum,0,0,QR未検出,,accum,binary,5,,,24,,24,0.647541,,0.647917,frame_00010.png,frame_00014.png,r120_e125_f1.mp4,120 Hz,1/125,蛍光灯あり,60.008 fps,120,125,1,57,ex,max,X,4,,,frame_00095.png,frame_00099.png,,120,1.999742
ex_X_4,accum,0,0,QR未検出,,accum,binary,5,,,16,,24,0.646609,,0.647662,frame_00080.png,frame_00084.png,r120_e125_f1.mp4,120 Hz,1/125,蛍光灯あり,60.008 fps,120,125,1,57,ex,max,X,4,,,frame_00115.png,frame_00119.png,,120,1.999742
ex_X_4,accum,0,0,QR未検出,,accum,binary,5,,,8,,24,0.625936,,0.632433,frame_00010.png,frame_00014.png,r120_e125_f1.mp4,120 Hz,1/125,蛍光灯あり,60.008 fps,120,125,1,57,ex,max,X,4,,,frame_00115.png,frame_00119.png,,120,1.999742
ex_X_8,accum,1,0,QR未検出,,accum,binary,5,,,32,,24,0.647692,,0.647896,frame_00095.png,frame_00099.png,r120_e125_f1.mp4,120 Hz,1/125,蛍光灯あり,60.008 fps,120,125,1,58,ex,max,X,8,,,frame_00100.png,frame_00104.png,,120,1.999742
ex_X_8,accum,0,0,QR未検出,,accum,binary,5,,,24,,24,0.647555,,0.647971,frame_00095.png,frame_00099.png,r120_e125_f1.mp4,120 Hz,1/125,蛍光灯あり,60.008 fps,120,125,1,58,ex,max,X,8,,,frame_00085.png,frame_00089.png,,120,1.999742
ex_X_8,accum,0,0,QR未検出,,accum,binary,5,,,16,,24,0.646778,,0.648080,frame_00095.png,frame_00099.png,r120_e125_f1.mp4,120 Hz,1/125,蛍光灯あり,60.008 fps,120,125,1,58,ex,max,X,8,,,frame_00110.png,frame_00114.png,,120,1.999742
ex_X_8,accum,0,0,QR未検出,,accum,binary,5,,,8,,24,0.626920,,0.631988,frame_00090.png,frame_00094.png,r120_e125_f1.mp4,120 Hz,1/125,蛍光灯あり,60.008 fps,120,125,1,58,ex,max,X,8,,,frame_00115.png,frame_00119.png,,120,1.999742
ex_X_12,accum,1,0,QR未検出,,accum,binary,5,,,32,,24,0.647651,,0.647891,frame_00115.png,frame_00119.png,r120_e125_f1.mp4,120 Hz,1/125,蛍光灯あり,60.008 fps,120,125,1,59,ex,max,X,12,,,frame_00095.png,frame_00099.png,,120,1.999742
ex_X_12,accum,0,0,QR未検出,,accum,binary,5,,,24,,24,0.647535,,0.647942,frame_00115.png,frame_00119.png,r120_e125_f1.mp4,120 Hz,1/125,蛍光灯あり,60.008 fps,120,125,1,59,ex,max,X,12,,,frame_00095.png,frame_00099.png,,120,1.999742
ex_X_12,accum,0,0,QR未検出,,accum,binary,5,,,16,,24,0.647153,,0.648220,frame_00090.png,frame_00094.png,r120_e125_f1.mp4,120 Hz,1/125,蛍光灯あり,60.008 fps,120,125,1,59,ex,max,X,12,,,frame_00115.png,frame_00119.png,,120,1.999742
ex_X_12,accum,0,0,QR未検出,,accum,binary,5,,,8,,24,0.629960,,0.637206,frame_00045.png,frame_00049.png,r120_e125_f1.mp4,120 Hz,1/125,蛍光灯あり,60.008 fps,120,125,1,59,ex,max,X,12,,,frame_00100.png,frame_00104.png,,120,1.999742
ex_B_12,accum,0,0,QR未検出,,accum,binary,120,,,8,,1,0.642815,,0.642815,frame_00000.png,frame_00119.png,r120_e125_f1.mp4,120 Hz,1/125,蛍光灯あり,60.008 fps,120,125,1,35,ex,B,B,12,,,frame_00000.png,frame_00119.png,QR未検出,120,1.999742
ex_B_12,accum,0,0,QR未検出,,accum,binary,120,,,16,,1,0.639813,,0.639813,frame_00000.png,frame_00119.png,r120_e125_f1.mp4,120 Hz,1/125,蛍光灯あり,60.008 fps,120,125,1,35,ex,B,B,12,,,frame_00000.png,frame_00119.png,QR未検出,120,1.999742
ex_B_12,accum,0,0,QR未検出,,accum,binary,120,,,24,,1,0.637718,,0.637718,frame_00000.png,frame_00119.png,r120_e125_f1.mp4,120 Hz,1/125,蛍光灯あり,60.008 fps,120,125,1,35,ex,B,B,12,,,frame_00000.png,frame_00119.png,QR未検出,120,1.999742
ex_B_12,accum,0,0,QR未検出,,accum,binary,120,,,32,,1,0.634865,,0.634865,frame_00000.png,frame_00119.png,r120_e125_f1.mp4,120 Hz,1/125,蛍光灯あり,60.008 fps,120,125,1,35,ex,B,B,12,,,frame_00000.png,frame_00119.png,QR未検出,120,1.999742
ex_B_4,accum,0,0,QR未検出,,accum,binary,120,,,8,,1,0.639687,,0.639687,frame_00000.png,frame_00119.png,r120_e125_f1.mp4,120 Hz,1/125,蛍光灯あり,60.008 fps,120,125,1,33,ex,B,B,4,,,frame_00000.png,frame_00119.png,QR未検出,120,1.999742
ex_B_4,accum,0,0,QR未検出,,accum,binary,120,,,16,,1,0.634266,,0.634266,frame_00000.png,frame_00119.png,r120_e125_f1.mp4,120 Hz,1/125,蛍光灯あり,60.008 fps,120,125,1,33,ex,B,B,4,,,frame_00000.png,frame_00119.png,QR未検出,120,1.999742
ex_B_4,accum,0,0,QR未検出,,accum,binary,120,,,24,,1,0.626939,,0.626939,frame_00000.png,frame_00119.png,r120_e125_f1.mp4,120 Hz,1/125,蛍光灯あり,60.008 fps,120,125,1,33,ex,B,B,4,,,frame_00000.png,frame_00119.png,QR未検出,120,1.999742
ex_B_4,accum,0,0,QR未検出,,accum,binary,120,,,32,,1,0.619573,,0.619573,frame_00000.png,frame_00119.png,r120_e125_f1.mp4,120 Hz,1/125,蛍光灯あり,60.008 fps,120,125,1,33,ex,B,B,4,,,frame_00000.png,frame_00119.png,QR未検出,120,1.999742
ex_B_8,accum,1,0,QR未検出,,accum,binary,120,,,8,,1,0.647833,,0.647833,frame_00000.png,frame_00119.png,r120_e125_f1.mp4,120 Hz,1/125,蛍光灯あり,60.008 fps,120,125,1,34,ex,B,B,8,,,frame_00000.png,frame_00119.png,QR未検出,120,1.999742
ex_B_8,accum,0,0,QR未検出,,accum,binary,120,,,16,,1,0.647552,,0.647552,frame_00000.png,frame_00119.png,r120_e125_f1.mp4,120 Hz,1/125,蛍光灯あり,60.008 fps,120,125,1,34,ex,B,B,8,,,frame_00000.png,frame_00119.png,QR未検出,120,1.999742
ex_B_8,accum,0,0,QR未検出,,accum,binary,120,,,24,,1,0.644175,,0.644175,frame_00000.png,frame_00119.png,r120_e125_f1.mp4,120 Hz,1/125,蛍光灯あり,60.008 fps,120,125,1,34,ex,B,B,8,,,frame_00000.png,frame_00119.png,QR未検出,120,1.999742
ex_B_8,accum,0,0,QR未検出,,accum,binary,120,,,32,,1,0.640471,,0.640471,frame_00000.png,frame_00119.png,r120_e125_f1.mp4,120 Hz,1/125,蛍光灯あり,60.008 fps,120,125,1,34,ex,B,B,8,,,frame_00000.png,frame_00119.png,QR未検出,120,1.999742
ex_G_12,accum,0,0,QR未検出,,accum,binary,120,,,8,,1,0.642652,,0.642652,frame_00000.png,frame_00119.png,r120_e125_f1.mp4,120 Hz,1/125,蛍光灯あり,60.008 fps,120,125,1,23,ex,G,G,12,,,frame_00000.png,frame_00119.png,QR未検出,120,1.999742
ex_G_12,accum,0,0,QR未検出,,accum,binary,120,,,16,,1,0.637731,,0.637731,frame_00000.png,frame_00119.png,r120_e125_f1.mp4,120 Hz,1/125,蛍光灯あり,60.008 fps,120,125,1,23,ex,G,G,12,,,frame_00000.png,frame_00119.png,QR未検出,120,1.999742
ex_G_12,accum,0,0,QR未検出,,accum,binary,120,,,24,,1,0.631231,,0.631231,frame_00000.png,frame_00119.png,r120_e125_f1.mp4,120 Hz,1/125,蛍光灯あり,60.008 fps,120,125,1,23,ex,G,G,12,,,frame_00000.png,frame_00119.png,QR未検出,120,1.999742
ex_G_12,accum,0,0,QR未検出,,accum,binary,120,,,32,,1,0.624081,,0.624081,frame_00000.png,frame_00119.png,r120_e125_f1.mp4,120 Hz,1/125,蛍光灯あり,60.008 fps,120,125,1,23,ex,G,G,12,,,frame_00000.png,frame_00119.png,QR未検出,120,1.999742
ex_G_4,accum,0,0,QR未検出,,accum,binary,120,,,8,,1,0.639858,,0.639858,frame_00000.png,frame_00119.png,r120_e125_f1.mp4,120 Hz,1/125,蛍光灯あり,60.008 fps,120,125,1,21,ex,G,G,4,,,frame_00000.png,frame_00119.png,QR未検出,120,1.999742
ex_G_4,accum,0,0,QR未検出,,accum,binary,120,,,16,,1,0.634242,,0.634242,frame_00000.png,frame_00119.png,r120_e125_f1.mp4,120 Hz,1/125,蛍光灯あり,60.008 fps,120,125,1,21,ex,G,G,4,,,frame_00000.png,frame_00119.png,QR未検出,120,1.999742
ex_G_4,accum,0,0,QR未検出,,accum,binary,120,,,24,,1,0.629339,,0.629339,frame_00000.png,frame_00119.png,r120_e125_f1.mp4,120 Hz,1/125,蛍光灯あり,60.008 fps,120,125,1,21,ex,G,G,4,,,frame_00000.png,frame_00119.png,QR未検出,120,1.999742
ex_G_4,accum,0,0,QR未検出,,accum,binary,120,,,32,,1,0.622047,,0.622047,frame_00000.png,frame_00119.png,r120_e125_f1.mp4,120 Hz,1/125,蛍光灯あり,60.008 fps,120,125,1,21,ex,G,G,4,,,frame_00000.png,frame_00119.png,QR未検出,120,1.999742
ex_G_8,accum,0,0,QR未検出,,accum,binary,120,,,8,,1,0.640329,,0.640329,frame_00000.png,frame_00119.png,r120_e125_f1.mp4,120 Hz,1/125,蛍光灯あり,60.008 fps,120,125,1,22,ex,G,G,8,,,frame_00000.png,frame_00119.png,QR未検出,120,1.999742
ex_G_8,accum,0,0,QR未検出,,accum,binary,120,,,16,,1,0.634887,,0.634887,frame_00000.png,frame_00119.png,r120_e125_f1.mp4,120 Hz,1/125,蛍光灯あり,60.008 fps,120,125,1,22,ex,G,G,8,,,frame_00000.png,frame_00119.png,QR未検出,120,1.999742
ex_G_8,accum,0,0,QR未検出,,accum,binary,120,,,24,,1,0.631159,,0.631159,frame_00000.png,frame_00119.png,r120_e125_f1.mp4,120 Hz,1/125,蛍光灯あり,60.008 fps,120,125,1,22,ex,G,G,8,,,frame_00000.png,frame_00119.png,QR未検出,120,1.999742
ex_G_8,accum,0,0,QR未検出,,accum,binary,120,,,32,,1,0.622867,,0.622867,frame_00000.png,frame_00119.png,r120_e125_f1.mp4,120 Hz,1/125,蛍光灯あり,60.008 fps,120,125,1,22,ex,G,G,8,,,frame_00000.png,frame_00119.png,QR未検出,120,1.999742
ex_I_12,accum,0,0,QR未検出,,accum,binary,120,,,8,,1,0.641295,,0.641295,frame_00000.png,frame_00119.png,r120_e125_f1.mp4,120 Hz,1/125,蛍光灯あり,60.008 fps,120,125,1,47,ex,min,I,12,,,frame_00000.png,frame_00119.png,QR未検出,120,1.999742
ex_I_12,accum,0,0,QR未検出,,accum,binary,120,,,16,,1,0.636319,,0.636319,frame_00000.png,frame_00119.png,r120_e125_f1.mp4,120 Hz,1/125,蛍光灯あり,60.008 fps,120,125,1,47,ex,min,I,12,,,frame_00000.png,frame_00119.png,QR未検出,120,1.999742
ex_I_12,accum,0,0,QR未検出,,accum,binary,120,,,24,,1,0.628475,,0.628475,frame_00000.png,frame_00119.png,r120_e125_f1.mp4,120 Hz,1/125,蛍光灯あり,60.008 fps,120,125,1,47,ex,min,I,12,,,frame_00000.png,frame_00119.png,QR未検出,120,1.999742
ex_I_12,accum,0,0,QR未検出,,accum,binary,120,,,32,,1,0.618325,,0.618325,frame_00000.png,frame_00119.png,r120_e125_f1.mp4,120 Hz,1/125,蛍光灯あり,60.008 fps,120,125,1,47,ex,min,I,12,,,frame_00000.png,frame_00119.png,QR未検出,120,1.999742
ex_I_4,accum,0,0,QR未検出,,accum,binary,120,,,8,,1,0.640875,,0.640875,frame_00000.png,frame_00119.png,r120_e125_f1.mp4,120 Hz,1/125,蛍光灯あり,60.008 fps,120,125,1,45,ex,min,I,4,,,frame_00000.png,frame_00119.png,QR未検出,120,1.999742
ex_I_4,accum,0,0,QR未検出,,accum,binary,120,,,16,,1,0.637890,,0.637890,frame_00000.png,frame_00119.png,r120_e125_f1.mp4,120 Hz,1/125,蛍光灯あり,60.008 fps,120,125,1,45,ex,min,I,4,,,frame_00000.png,frame_00119.png,QR未検出,120,1.999742
ex_I_4,accum,0,0,QR未検出,,accum,binary,120,,,24,,1,0.631241,,0.631241,frame_00000.png,frame_00119.png,r120_e125_f1.mp4,120 Hz,1/125,蛍光灯あり,60.008 fps,120,125,1,45,ex,min,I,4,,,frame_00000.png,frame_00119.png,QR未検出,120,1.999742
ex_I_4,accum,0,0,QR未検出,,accum,binary,120,,,32,,1,0.623787,,0.623787,frame_00000.png,frame_00119.png,r120_e125_f1.mp4,120 Hz,1/125,蛍光灯あり,60.008 fps,120,125,1,45,ex,min,I,4,,,frame_00000.png,frame_00119.png,QR未検出,120,1.999742
ex_I_8,accum,0,0,QR未検出,,accum,binary,120,,,8,,1,0.639165,,0.639165,frame_00000.png,frame_00119.png,r120_e125_f1.mp4,120 Hz,1/125,蛍光灯あり,60.008 fps,120,125,1,46,ex,min,I,8,,,frame_00000.png,frame_00119.png,QR未検出,120,1.999742
ex_I_8,accum,0,0,QR未検出,,accum,binary,120,,,16,,1,0.635734,,0.635734,frame_00000.png,frame_00119.png,r120_e125_f1.mp4,120 Hz,1/125,蛍光灯あり,60.008 fps,120,125,1,46,ex,min,I,8,,,frame_00000.png,frame_00119.png,QR未検出,120,1.999742
ex_I_8,accum,0,0,QR未検出,,accum,binary,120,,,24,,1,0.630991,,0.630991,frame_00000.png,frame_00119.png,r120_e125_f1.mp4,120 Hz,1/125,蛍光灯あり,60.008 fps,120,125,1,46,ex,min,I,8,,,frame_00000.png,frame_00119.png,QR未検出,120,1.999742
ex_I_8,accum,0,0,QR未検出,,accum,binary,120,,,32,,1,0.622223,,0.622223,frame_00000.png,frame_00119.png,r120_e125_f1.mp4,120 Hz,1/125,蛍光灯あり,60.008 fps,120,125,1,46,ex,min,I,8,,,frame_00000.png,frame_00119.png,QR未検出,120,1.999742
ex_R_12,accum,0,0,QR未検出,,accum,binary,120,,,8,,1,0.642393,,0.642393,frame_00000.png,frame_00119.png,r120_e125_f1.mp4,120 Hz,1/125,蛍光灯あり,60.008 fps,120,125,1,11,ex,R,R,12,,,frame_00000.png,frame_00119.png,QR未検出,120,1.999742
ex_R_12,accum,0,0,QR未検出,,accum,binary,120,,,16,,1,0.639374,,0.639374,frame_00000.png,frame_00119.png,r120_e125_f1.mp4,120 Hz,1/125,蛍光灯あり,60.008 fps,120,125,1,11,ex,R,R,12,,,frame_00000.png,frame_00119.png,QR未検出,120,1.999742
ex_R_12,accum,0,0,QR未検出,,accum,binary,120,,,24,,1,0.638472,,0.638472,frame_00000.png,frame_00119.png,r120_e125_f1.mp4,120 Hz,1/125,蛍光灯あり,60.008 fps,120,125,1,11,ex,R,R,12,,,frame_00000.png,frame_00119.png,QR未検出,120,1.999742
ex_R_12,accum,0,0,QR未検出,,accum,binary,120,,,32,,1,0.637746,,0.637746,frame_00000.png,frame_00119.png,r120_e125_f1.mp4,120 Hz,1/125,蛍光灯あり,60.008 fps,120,125,1,11,ex,R,R,12,,,frame_00000.png,frame_00119.png,QR未検出,120,1.999742
ex_R_4,accum,0,0,QR未検出,,accum,binary,120,,,8,,1,0.640628,,0.640628,frame_00000.png,frame_00119.png,r120_e125_f1.mp4,120 Hz,1/125,蛍光灯あり,60.008 fps,120,125,1,9,ex,R,R,4,,,frame_00000.png,frame_00119.png,QR未検出,120,1.999742
ex_R_4,accum,0,0,QR未検出,,accum,binary,120,,,16,,1,0.637571,,0.637571,frame_00000.png,frame_00119.png,r120_e125_f1.mp4,120 Hz,1/125,蛍光灯あり,60.008 fps,120,125,1,9,ex,R,R,4,,,frame_00000.png,frame_00119.png,QR未検出,120,1.999742
ex_R_4,accum,0,0,QR未検出,,accum,binary,120,,,24,,1,0.632954,,0.632954,frame_00000.png,frame_00119.png,r120_e125_f1.mp4,120 Hz,1/125,蛍光灯あり,60.008 fps,120,125,1,9,ex,R,R,4,,,frame_00000.png,frame_00119.png,QR未検出,120,1.999742
ex_R_4,accum,0,0,QR未検出,,accum,binary,120,,,32,,1,0.624902,,0.624902,frame_00000.png,frame_00119.png,r120_e125_f1.mp4,120 Hz,1/125,蛍光灯あり,60.008 fps,120,125,1,9,ex,R,R,4,,,frame_00000.png,frame_00119.png,QR未検出,120,1.999742
ex_R_8,accum,0,0,QR未検出,,accum,binary,120,,,8,,1,0.641662,,0.641662,frame_00000.png,frame_00119.png,r120_e125_f1.mp4,120 Hz,1/125,蛍光灯あり,60.008 fps,120,125,1,10,ex,R,R,8,,,frame_00000.png,frame_00119.png,QR未検出,120,1.999742
ex_R_8,accum,0,0,QR未検出,,accum,binary,120,,,16,,1,0.638056,,0.638056,frame_00000.png,frame_00119.png,r120_e125_f1.mp4,120 Hz,1/125,蛍光灯あり,60.008 fps,120,125,1,10,ex,R,R,8,,,frame_00000.png,frame_00119.png,QR未検出,120,1.999742
ex_R_8,accum,0,0,QR未検出,,accum,binary,120,,,24,,1,0.635517,,0.635517,frame_00000.png,frame_00119.png,r120_e125_f1.mp4,120 Hz,1/125,蛍光灯あり,60.008 fps,120,125,1,10,ex,R,R,8,,,frame_00000.png,frame_00119.png,QR未検出,120,1.999742
ex_R_8,accum,0,0,QR未検出,,accum,binary,120,,,32,,1,0.630305,,0.630305,frame_00000.png,frame_00119.png,r120_e125_f1.mp4,120 Hz,1/125,蛍光灯あり,60.008 fps,120,125,1,10,ex,R,R,8,,,frame_00000.png,frame_00119.png,QR未検出,120,1.999742
ex_X_12,accum,0,0,QR未検出,,accum,binary,120,,,8,,1,0.643526,,0.643526,frame_00000.png,frame_00119.png,r120_e125_f1.mp4,120 Hz,1/125,蛍光灯あり,60.008 fps,120,125,1,59,ex,max,X,12,,,frame_00000.png,frame_00119.png,QR未検出,120,1.999742
ex_X_12,accum,0,0,QR未検出,,accum,binary,120,,,16,,1,0.640469,,0.640469,frame_00000.png,frame_00119.png,r120_e125_f1.mp4,120 Hz,1/125,蛍光灯あり,60.008 fps,120,125,1,59,ex,max,X,12,,,frame_00000.png,frame_00119.png,QR未検出,120,1.999742
ex_X_12,accum,0,0,QR未検出,,accum,binary,120,,,24,,1,0.639260,,0.639260,frame_00000.png,frame_00119.png,r120_e125_f1.mp4,120 Hz,1/125,蛍光灯あり,60.008 fps,120,125,1,59,ex,max,X,12,,,frame_00000.png,frame_00119.png,QR未検出,120,1.999742
ex_X_12,accum,0,0,QR未検出,,accum,binary,120,,,32,,1,0.636075,,0.636075,frame_00000.png,frame_00119.png,r120_e125_f1.mp4,120 Hz,1/125,蛍光灯あり,60.008 fps,120,125,1,59,ex,max,X,12,,,frame_00000.png,frame_00119.png,QR未検出,120,1.999742
ex_X_4,accum,0,0,QR未検出,,accum,binary,120,,,8,,1,0.643977,,0.643977,frame_00000.png,frame_00119.png,r120_e125_f1.mp4,120 Hz,1/125,蛍光灯あり,60.008 fps,120,125,1,57,ex,max,X,4,,,frame_00000.png,frame_00119.png,QR未検出,120,1.999742
ex_X_4,accum,0,0,QR未検出,,accum,binary,120,,,16,,1,0.640259,,0.640259,frame_00000.png,frame_00119.png,r120_e125_f1.mp4,120 Hz,1/125,蛍光灯あり,60.008 fps,120,125,1,57,ex,max,X,4,,,frame_00000.png,frame_00119.png,QR未検出,120,1.999742
ex_X_4,accum,0,0,QR未検出,,accum,binary,120,,,24,,1,0.639228,,0.639228,frame_00000.png,frame_00119.png,r120_e125_f1.mp4,120 Hz,1/125,蛍光灯あり,60.008 fps,120,125,1,57,ex,max,X,4,,,frame_00000.png,frame_00119.png,QR未検出,120,1.999742
ex_X_4,accum,0,0,QR未検出,,accum,binary,120,,,32,,1,0.636901,,0.636901,frame_00000.png,frame_00119.png,r120_e125_f1.mp4,120 Hz,1/125,蛍光灯あり,60.008 fps,120,125,1,57,ex,max,X,4,,,frame_00000.png,frame_00119.png,QR未検出,120,1.999742
ex_X_8,accum,0,0,QR未検出,,accum,binary,120,,,8,,1,0.643519,,0.643519,frame_00000.png,frame_00119.png,r120_e125_f1.mp4,120 Hz,1/125,蛍光灯あり,60.008 fps,120,125,1,58,ex,max,X,8,,,frame_00000.png,frame_00119.png,QR未検出,120,1.999742
ex_X_8,accum,0,0,QR未検出,,accum,binary,120,,,16,,1,0.639419,,0.639419,frame_00000.png,frame_00119.png,r120_e125_f1.mp4,120 Hz,1/125,蛍光灯あり,60.008 fps,120,125,1,58,ex,max,X,8,,,frame_00000.png,frame_00119.png,QR未検出,120,1.999742
ex_X_8,accum,0,0,QR未検出,,accum,binary,120,,,24,,1,0.636886,,0.636886,frame_00000.png,frame_00119.png,r120_e125_f1.mp4,120 Hz,1/125,蛍光灯あり,60.008 fps,120,125,1,58,ex,max,X,8,,,frame_00000.png,frame_00119.png,QR未検出,120,1.999742
ex_X_8,accum,0,0,QR未検出,,accum,binary,120,,,32,,1,0.633873,,0.633873,frame_00000.png,frame_00119.png,r120_e125_f1.mp4,120 Hz,1/125,蛍光灯あり,60.008 fps,120,125,1,58,ex,max,X,8,,,frame_00000.png,frame_00119.png,QR未検出,120,1.999742
hocho_B_12,accum,0,0,QR未検出,,accum,binary,120,,,8,,1,0.647538,,0.647538,frame_00000.png,frame_00119.png,r120_e125_f1.mp4,120 Hz,1/125,蛍光灯あり,60.008 fps,120,125,1,32,hocho,B,B,12,,,frame_00000.png,frame_00119.png,QR未検出,120,1.999742
hocho_B_12,accum,0,0,QR未検出,,accum,binary,120,,,16,,1,0.645391,,0.645391,frame_00000.png,frame_00119.png,r120_e125_f1.mp4,120 Hz,1/125,蛍光灯あり,60.008 fps,120,125,1,32,hocho,B,B,12,,,frame_00000.png,frame_00119.png,QR未検出,120,1.999742
hocho_B_12,accum,0,0,QR未検出,,accum,binary,120,,,24,,1,0.642098,,0.642098,frame_00000.png,frame_00119.png,r120_e125_f1.mp4,120 Hz,1/125,蛍光灯あり,60.008 fps,120,125,1,32,hocho,B,B,12,,,frame_00000.png,frame_00119.png,QR未検出,120,1.999742
hocho_B_12,accum,0,0,QR未検出,,accum,binary,120,,,32,,1,0.635778,,0.635778,frame_00000.png,frame_00119.png,r120_e125_f1.mp4,120 Hz,1/125,蛍光灯あり,60.008 fps,120,125,1,32,hocho,B,B,12,,,frame_00000.png,frame_00119.png,QR未検出,120,1.999742
hocho_B_4,accum,0,0,QR未検出,,accum,binary,120,,,8,,1,0.647525,,0.647525,frame_00000.png,frame_00119.png,r120_e125_f1.mp4,120 Hz,1/125,蛍光灯あり,60.008 fps,120,125,1,30,hocho,B,B,4,,,frame_00000.png,frame_00119.png,QR未検出,120,1.999742
hocho_B_4,accum,0,0,QR未検出,,accum,binary,120,,,16,,1,0.645035,,0.645035,frame_00000.png,frame_00119.png,r120_e125_f1.mp4,120 Hz,1/125,蛍光灯あり,60.008 fps,120,125,1,30,hocho,B,B,4,,,frame_00000.png,frame_00119.png,QR未検出,120,1.999742
hocho_B_4,accum,0,0,QR未検出,,accum,binary,120,,,24,,1,0.640294,,0.640294,frame_00000.png,frame_00119.png,r120_e125_f1.mp4,120 Hz,1/125,蛍光灯あり,60.008 fps,120,125,1,30,hocho,B,B,4,,,frame_00000.png,frame_00119.png,QR未検出,120,1.999742
hocho_B_4,accum,0,0,QR未検出,,accum,binary,120,,,32,,1,0.632851,,0.632851,frame_00000.png,frame_00119.png,r120_e125_f1.mp4,120 Hz,1/125,蛍光灯あり,60.008 fps,120,125,1,30,hocho,B,B,4,,,frame_00000.png,frame_00119.png,QR未検出,120,1.999742
hocho_B_8,accum,0,0,QR未検出,,accum,binary,120,,,8,,1,0.647718,,0.647718,frame_00000.png,frame_00119.png,r120_e125_f1.mp4,120 Hz,1/125,蛍光灯あり,60.008 fps,120,125,1,31,hocho,B,B,8,,,frame_00000.png,frame_00119.png,QR未検出,120,1.999742
hocho_B_8,accum,0,0,QR未検出,,accum,binary,120,,,16,,1,0.646694,,0.646694,frame_00000.png,frame_00119.png,r120_e125_f1.mp4,120 Hz,1/125,蛍光灯あり,60.008 fps,120,125,1,31,hocho,B,B,8,,,frame_00000.png,frame_00119.png,QR未検出,120,1.999742
hocho_B_8,accum,0,0,QR未検出,,accum,binary,120,,,24,,1,0.643333,,0.643333,frame_00000.png,frame_00119.png,r120_e125_f1.mp4,120 Hz,1/125,蛍光灯あり,60.008 fps,120,125,1,31,hocho,B,B,8,,,frame_00000.png,frame_00119.png,QR未検出,120,1.999742
hocho_B_8,accum,0,0,QR未検出,,accum,binary,120,,,32,,1,0.636802,,0.636802,frame_00000.png,frame_00119.png,r120_e125_f1.mp4,120 Hz,1/125,蛍光灯あり,60.008 fps,120,125,1,31,hocho,B,B,8,,,frame_00000.png,frame_00119.png,QR未検出,120,1.999742
hocho_G_12,accum,0,0,QR未検出,,accum,binary,120,,,8,,1,0.646811,,0.646811,frame_00000.png,frame_00119.png,r120_e125_f1.mp4,120 Hz,1/125,蛍光灯あり,60.008 fps,120,125,1,20,hocho,G,G,12,,,frame_00000.png,frame_00119.png,QR未検出,120,1.999742
hocho_G_12,accum,0,0,QR未検出,,accum,binary,120,,,16,,1,0.644567,,0.644567,frame_00000.png,frame_00119.png,r120_e125_f1.mp4,120 Hz,1/125,蛍光灯あり,60.008 fps,120,125,1,20,hocho,G,G,12,,,frame_00000.png,frame_00119.png,QR未検出,120,1.999742
hocho_G_12,accum,0,0,QR未検出,,accum,binary,120,,,24,,1,0.640843,,0.640843,frame_00000.png,frame_00119.png,r120_e125_f1.mp4,120 Hz,1/125,蛍光灯あり,60.008 fps,120,125,1,20,hocho,G,G,12,,,frame_00000.png,frame_00119.png,QR未検出,120,1.999742
hocho_G_12,accum,0,0,QR未検出,,accum,binary,120,,,32,,1,0.635027,,0.635027,frame_00000.png,frame_00119.png,r120_e125_f1.mp4,120 Hz,1/125,蛍光灯あり,60.008 fps,120,125,1,20,hocho,G,G,12,,,frame_00000.png,frame_00119.png,QR未検出,120,1.999742
hocho_G_4,accum,0,0,QR未検出,,accum,binary,120,,,8,,1,0.645725,,0.645725,frame_00000.png,frame_00119.png,r120_e125_f1.mp4,120 Hz,1/125,蛍光灯あり,60.008 fps,120,125,1,18,hocho,G,G,4,,,frame_00000.png,frame_00119.png,QR未検出,120,1.999742
hocho_G_4,accum,0,0,QR未検出,,accum,binary,120,,,16,,1,0.640625,,0.640625,frame_00000.png,frame_00119.png,r120_e125_f1.mp4,120 Hz,1/125,蛍光灯あり,60.008 fps,120,125,1,18,hocho,G,G,4,,,frame_00000.png,frame_00119.png,QR未検出,120,1.999742
hocho_G_4,accum,0,0,QR未検出,,accum,binary,120,,,24,,1,0.629691,,0.629691,frame_00000.png,frame_00119.png,r120_e125_f1.mp4,120 Hz,1/125,蛍光灯あり,60.008 fps,120,125,1,18,hocho,G,G,4,,,frame_00000.png,frame_00119.png,QR未検出,120,1.999742
hocho_G_4,accum,0,0,QR未検出,,accum,binary,120,,,32,,1,0.614296,,0.614296,frame_00000.png,frame_00119.png,r120_e125_f1.mp4,120 Hz,1/125,蛍光灯あり,60.008 fps,120,125,1,18,hocho,G,G,4,,,frame_00000.png,frame_00119.png,QR未検出,120,1.999742
hocho_G_8,accum,0,0,QR未検出,,accum,binary,120,,,8,,1,0.647314,,0.647314,frame_00000.png,frame_00119.png,r120_e125_f1.mp4,120 Hz,1/125,蛍光灯あり,60.008 fps,120,125,1,19,hocho,G,G,8,,,frame_00000.png,frame_00119.png,QR未検出,120,1.999742
hocho_G_8,accum,0,0,QR未検出,,accum,binary,120,,,16,,1,0.646544,,0.646544,frame_00000.png,frame_00119.png,r120_e125_f1.mp4,120 Hz,1/125,蛍光灯あり,60.008 fps,120,125,1,19,hocho,G,G,8,,,frame_00000.png,frame_00119.png,QR未検出,120,1.999742
hocho_G_8,accum,0,0,QR未検出,,accum,binary,120,,,24,,1,0.642822,,0.642822,frame_00000.png,frame_00119.png,r120_e125_f1.mp4,120 Hz,1/125,蛍光灯あり,60.008 fps,120,125,1,19,hocho,G,G,8,,,frame_00000.png,frame_00119.png,QR未検出,120,1.999742
hocho_G_8,accum,0,0,QR未検出,,accum,binary,120,,,32,,1,0.637550,,0.637550,frame_00000.png,frame_00119.png,r120_e125_f1.mp4,120 Hz,1/125,蛍光灯あり,60.008 fps,120,125,1,19,hocho,G,G,8,,,frame_00000.png,frame_00119.png,QR未検出,120,1.999742
hocho_I_12,accum,0,0,QR未検出,,accum,binary,120,,,8,,1,0.646916,,0.646916,frame_00000.png,frame_00119.png,r120_e125_f1.mp4,120 Hz,1/125,蛍光灯あり,60.008 fps,120,125,1,44,hocho,min,I,12,,,frame_00000.png,frame_00119.png,QR未検出,120,1.999742
hocho_I_12,accum,0,0,QR未検出,,accum,binary,120,,,16,,1,0.645286,,0.645286,frame_00000.png,frame_00119.png,r120_e125_f1.mp4,120 Hz,1/125,蛍光灯あり,60.008 fps,120,125,1,44,hocho,min,I,12,,,frame_00000.png,frame_00119.png,QR未検出,120,1.999742
hocho_I_12,accum,0,0,QR未検出,,accum,binary,120,,,24,,1,0.642479,,0.642479,frame_00000.png,frame_00119.png,r120_e125_f1.mp4,120 Hz,1/125,蛍光灯あり,60.008 fps,120,125,1,44,hocho,min,I,12,,,frame_00000.png,frame_00119.png,QR未検出,120,1.999742
hocho_I_12,accum,0,0,QR未検出,,accum,binary,120,,,32,,1,0.635703,,0.635703,frame_00000.png,frame_00119.png,r120_e125_f1.mp4,120 Hz,1/125,蛍光灯あり,60.008 fps,120,125,1,44,hocho,min,I,12,,,frame_00000.png,frame_00119.png,QR未検出,120,1.999742
hocho_I_4,accum,0,0,QR未検出,,accum,binary,120,,,8,,1,0.645695,,0.645695,frame_00000.png,frame_00119.png,r120_e125_f1.mp4,120 Hz,1/125,蛍光灯あり,60.008 fps,120,125,1,42,hocho,min,I,4,,,frame_00000.png,frame_00119.png,QR未検出,120,1.999742
hocho_I_4,accum,0,0,QR未検出,,accum,binary,120,,,16,,1,0.636791,,0.636791,frame_00000.png,frame_00119.png,r120_e125_f1.mp4,120 Hz,1/125,蛍光灯あり,60.008 fps,120,125,1,42,hocho,min,I,4,,,frame_00000.png,frame_00119.png,QR未検出,120,1.999742
hocho_I_4,accum,0,0,QR未検出,,accum,binary,120,,,24,,1,0.619399,,0.619399,frame_00000.png,frame_00119.png,r120_e125_f1.mp4,120 Hz,1/125,蛍光灯あり,60.008 fps,120,125,1,42,hocho,min,I,4,,,frame_00000.png,frame_00119.png,QR未検出,120,1.999742
hocho_I_4,accum,0,0,QR未検出,,accum,binary,120,,,32,,1,0.601458,,0.601458,frame_00000.png,frame_00119.png,r120_e125_f1.mp4,120 Hz,1/125,蛍光灯あり,60.008 fps,120,125,1,42,hocho,min,I,4,,,frame_00000.png,frame_00119.png,QR未検出,120,1.999742
hocho_I_8,accum,0,0,QR未検出,,accum,binary,120,,,8,,1,0.647140,,0.647140,frame_00000.png,frame_00119.png,r120_e125_f1.mp4,120 Hz,1/125,蛍光灯あり,60.008 fps,120,125,1,43,hocho,min,I,8,,,frame_00000.png,frame_00119.png,QR未検出,120,1.999742
hocho_I_8,accum,0,0,QR未検出,,accum,binary,120,,,16,,1,0.644906,,0.644906,frame_00000.png,frame_00119.png,r120_e125_f1.mp4,120 Hz,1/125,蛍光灯あり,60.008 fps,120,125,1,43,hocho,min,I,8,,,frame_00000.png,frame_00119.png,QR未検出,120,1.999742
hocho_I_8,accum,0,0,QR未検出,,accum,binary,120,,,24,,1,0.639402,,0.639402,frame_00000.png,frame_00119.png,r120_e125_f1.mp4,120 Hz,1/125,蛍光灯あり,60.008 fps,120,125,1,43,hocho,min,I,8,,,frame_00000.png,frame_00119.png,QR未検出,120,1.999742
hocho_I_8,accum,0,0,QR未検出,,accum,binary,120,,,32,,1,0.631965,,0.631965,frame_00000.png,frame_00119.png,r120_e125_f1.mp4,120 Hz,1/125,蛍光灯あり,60.008 fps,120,125,1,43,hocho,min,I,8,,,frame_00000.png,frame_00119.png,QR未検出,120,1.999742
hocho_R_12,accum,0,0,QR未検出,,accum,binary,120,,,8,,1,0.644717,,0.644717,frame_00000.png,frame_00119.png,r120_e125_f1.mp4,120 Hz,1/125,蛍光灯あり,60.008 fps,120,125,1,8,hocho,R,R,12,,,frame_00000.png,frame_00119.png,QR未検出,120,1.999742
hocho_R_12,accum,0,0,QR未検出,,accum,binary,120,,,16,,1,0.636616,,0.636616,frame_00000.png,frame_00119.png,r120_e125_f1.mp4,120 Hz,1/125,蛍光灯あり,60.008 fps,120,125,1,8,hocho,R,R,12,,,frame_00000.png,frame_00119.png,QR未検出,120,1.999742
hocho_R_12,accum,0,0,QR未検出,,accum,binary,120,,,24,,1,0.624039,,0.624039,frame_00000.png,frame_00119.png,r120_e125_f1.mp4,120 Hz,1/125,蛍光灯あり,60.008 fps,120,125,1,8,hocho,R,R,12,,,frame_00000.png,frame_00119.png,QR未検出,120,1.999742
hocho_R_12,accum,0,0,QR未検出,,accum,binary,120,,,32,,1,0.608782,,0.608782,frame_00000.png,frame_00119.png,r120_e125_f1.mp4,120 Hz,1/125,蛍光灯あり,60.008 fps,120,125,1,8,hocho,R,R,12,,,frame_00000.png,frame_00119.png,QR未検出,120,1.999742
hocho_R_4,accum,0,0,QR未検出,,accum,binary,120,,,8,,1,0.645293,,0.645293,frame_00000.png,frame_00119.png,r120_e125_f1.mp4,120 Hz,1/125,蛍光灯あり,60.008 fps,120,125,1,6,hocho,R,R,4,,,frame_00000.png,frame_00119.png,QR未検出,120,1.999742
hocho_R_4,accum,0,0,QR未検出,,accum,binary,120,,,16,,1,0.638184,,0.638184,frame_00000.png,frame_00119.png,r120_e125_f1.mp4,120 Hz,1/125,蛍光灯あり,60.008 fps,120,125,1,6,hocho,R,R,4,,,frame_00000.png,frame_00119.png,QR未検出,120,1.999742
hocho_R_4,accum,0,0,QR未検出,,accum,binary,120,,,24,,1,0.623067,,0.623067,frame_00000.png,frame_00119.png,r120_e125_f1.mp4,120 Hz,1/125,蛍光灯あり,60.008 fps,120,125,1,6,hocho,R,R,4,,,frame_00000.png,frame_00119.png,QR未検出,120,1.999742
hocho_R_4,accum,0,0,QR未検出,,accum,binary,120,,,32,,1,0.606525,,0.606525,frame_00000.png,frame_00119.png,r120_e125_f1.mp4,120 Hz,1/125,蛍光灯あり,60.008 fps,120,125,1,6,hocho,R,R,4,,,frame_00000.png,frame_00119.png,QR未検出,120,1.999742
hocho_R_8,accum,0,0,QR未検出,,accum,binary,120,,,8,,1,0.646145,,0.646145,frame_00000.png,frame_00119.png,r120_e125_f1.mp4,120 Hz,1/125,蛍光灯あり,60.008 fps,120,125,1,7,hocho,R,R,8,,,frame_00000.png,frame_00119.png,QR未検出,120,1.999742
hocho_R_8,accum,0,0,QR未検出,,accum,binary,120,,,16,,1,0.639249,,0.639249,frame_00000.png,frame_00119.png,r120_e125_f1.mp4,120 Hz,1/125,蛍光灯あり,60.008 fps,120,125,1,7,hocho,R,R,8,,,frame_00000.png,frame_00119.png,QR未検出,120,1.999742
hocho_R_8,accum,0,0,QR未検出,,accum,binary,120,,,24,,1,0.626445,,0.626445,frame_00000.png,frame_00119.png,r120_e125_f1.mp4,120 Hz,1/125,蛍光灯あり,60.008 fps,120,125,1,7,hocho,R,R,8,,,frame_00000.png,frame_00119.png,QR未検出,120,1.999742
hocho_R_8,accum,0,0,QR未検出,,accum,binary,120,,,32,,1,0.609167,,0.609167,frame_00000.png,frame_00119.png,r120_e125_f1.mp4,120 Hz,1/125,蛍光灯あり,60.008 fps,120,125,1,7,hocho,R,R,8,,,frame_00000.png,frame_00119.png,QR未検出,120,1.999742
hocho_X_12,accum,0,0,QR未検出,,accum,binary,120,,,8,,1,0.646808,,0.646808,frame_00000.png,frame_00119.png,r120_e125_f1.mp4,120 Hz,1/125,蛍光灯あり,60.008 fps,120,125,1,56,hocho,max,X,12,,,frame_00000.png,frame_00119.png,QR未検出,120,1.999742
hocho_X_12,accum,0,0,QR未検出,,accum,binary,120,,,16,,1,0.643475,,0.643475,frame_00000.png,frame_00119.png,r120_e125_f1.mp4,120 Hz,1/125,蛍光灯あり,60.008 fps,120,125,1,56,hocho,max,X,12,,,frame_00000.png,frame_00119.png,QR未検出,120,1.999742
hocho_X_12,accum,0,0,QR未検出,,accum,binary,120,,,24,,1,0.639482,,0.639482,frame_00000.png,frame_00119.png,r120_e125_f1.mp4,120 Hz,1/125,蛍光灯あり,60.008 fps,120,125,1,56,hocho,max,X,12,,,frame_00000.png,frame_00119.png,QR未検出,120,1.999742
hocho_X_12,accum,0,0,QR未検出,,accum,binary,120,,,32,,1,0.634590,,0.634590,frame_00000.png,frame_00119.png,r120_e125_f1.mp4,120 Hz,1/125,蛍光灯あり,60.008 fps,120,125,1,56,hocho,max,X,12,,,frame_00000.png,frame_00119.png,QR未検出,120,1.999742
hocho_X_4,accum,0,0,QR未検出,,accum,binary,120,,,8,,1,0.645515,,0.645515,frame_00000.png,frame_00119.png,r120_e125_f1.mp4,120 Hz,1/125,蛍光灯あり,60.008 fps,120,125,1,54,hocho,max,X,4,,,frame_00000.png,frame_00119.png,QR未検出,120,1.999742
hocho_X_4,accum,0,0,QR未検出,,accum,binary,120,,,16,,1,0.639762,,0.639762,frame_00000.png,frame_00119.png,r120_e125_f1.mp4,120 Hz,1/125,蛍光灯あり,60.008 fps,120,125,1,54,hocho,max,X,4,,,frame_00000.png,frame_00119.png,QR未検出,120,1.999742
hocho_X_4,accum,0,0,QR未検出,,accum,binary,120,,,24,,1,0.625948,,0.625948,frame_00000.png,frame_00119.png,r120_e125_f1.mp4,120 Hz,1/125,蛍光灯あり,60.008 fps,120,125,1,54,hocho,max,X,4,,,frame_00000.png,frame_00119.png,QR未検出,120,1.999742
hocho_X_4,accum,0,0,QR未検出,,accum,binary,120,,,32,,1,0.611192,,0.611192,frame_00000.png,frame_00119.png,r120_e125_f1.mp4,120 Hz,1/125,蛍光灯あり,60.008 fps,120,125,1,54,hocho,max,X,4,,,frame_00000.png,frame_00119.png,QR未検出,120,1.999742
hocho_X_8,accum,0,0,QR未検出,,accum,binary,120,,,8,,1,0.647140,,0.647140,frame_00000.png,frame_00119.png,r120_e125_f1.mp4,120 Hz,1/125,蛍光灯あり,60.008 fps,120,125,1,55,hocho,max,X,8,,,frame_00000.png,frame_00119.png,QR未検出,120,1.999742
hocho_X_8,accum,0,0,QR未検出,,accum,binary,120,,,16,,1,0.645279,,0.645279,frame_00000.png,frame_00119.png,r120_e125_f1.mp4,120 Hz,1/125,蛍光灯あり,60.008 fps,120,125,1,55,hocho,max,X,8,,,frame_00000.png,frame_00119.png,QR未検出,120,1.999742
hocho_X_8,accum,0,0,QR未検出,,accum,binary,120,,,24,,1,0.641547,,0.641547,frame_00000.png,frame_00119.png,r120_e125_f1.mp4,120 Hz,1/125,蛍光灯あり,60.008 fps,120,125,1,55,hocho,max,X,8,,,frame_00000.png,frame_00119.png,QR未検出,120,1.999742
hocho_X_8,accum,0,0,QR未検出,,accum,binary,120,,,32,,1,0.633785,,0.633785,frame_00000.png,frame_00119.png,r120_e125_f1.mp4,120 Hz,1/125,蛍光灯あり,60.008 fps,120,125,1,55,hocho,max,X,8,,,frame_00000.png,frame_00119.png,QR未検出,120,1.999742
nagaoka_fireworks_B_12,accum,0,0,QR未検出,,accum,binary,120,,,8,,1,0.622218,,0.622218,frame_00000.png,frame_00119.png,r120_e125_f1.mp4,120 Hz,1/125,蛍光灯あり,60.008 fps,120,125,1,29,nagaoka_fireworks,B,B,12,,,frame_00000.png,frame_00119.png,QR未検出,120,1.999742
nagaoka_fireworks_B_12,accum,0,0,QR未検出,,accum,binary,120,,,16,,1,0.592419,,0.592419,frame_00000.png,frame_00119.png,r120_e125_f1.mp4,120 Hz,1/125,蛍光灯あり,60.008 fps,120,125,1,29,nagaoka_fireworks,B,B,12,,,frame_00000.png,frame_00119.png,QR未検出,120,1.999742
nagaoka_fireworks_B_12,accum,0,0,QR未検出,,accum,binary,120,,,24,,1,0.571772,,0.571772,frame_00000.png,frame_00119.png,r120_e125_f1.mp4,120 Hz,1/125,蛍光灯あり,60.008 fps,120,125,1,29,nagaoka_fireworks,B,B,12,,,frame_00000.png,frame_00119.png,QR未検出,120,1.999742
nagaoka_fireworks_B_12,accum,0,0,QR未検出,,accum,binary,120,,,32,,1,0.558981,,0.558981,frame_00000.png,frame_00119.png,r120_e125_f1.mp4,120 Hz,1/125,蛍光灯あり,60.008 fps,120,125,1,29,nagaoka_fireworks,B,B,12,,,frame_00000.png,frame_00119.png,QR未検出,120,1.999742
nagaoka_fireworks_B_4,accum,0,0,QR未検出,,accum,binary,120,,,8,,1,0.622139,,0.622139,frame_00000.png,frame_00119.png,r120_e125_f1.mp4,120 Hz,1/125,蛍光灯あり,60.008 fps,120,125,1,27,nagaoka_fireworks,B,B,4,,,frame_00000.png,frame_00119.png,QR未検出,120,1.999742
nagaoka_fireworks_B_4,accum,0,0,QR未検出,,accum,binary,120,,,16,,1,0.596213,,0.596213,frame_00000.png,frame_00119.png,r120_e125_f1.mp4,120 Hz,1/125,蛍光灯あり,60.008 fps,120,125,1,27,nagaoka_fireworks,B,B,4,,,frame_00000.png,frame_00119.png,QR未検出,120,1.999742
nagaoka_fireworks_B_4,accum,0,0,QR未検出,,accum,binary,120,,,24,,1,0.577902,,0.577902,frame_00000.png,frame_00119.png,r120_e125_f1.mp4,120 Hz,1/125,蛍光灯あり,60.008 fps,120,125,1,27,nagaoka_fireworks,B,B,4,,,frame_00000.png,frame_00119.png,QR未検出,120,1.999742
nagaoka_fireworks_B_4,accum,0,0,QR未検出,,accum,binary,120,,,32,,1,0.561340,,0.561340,frame_00000.png,frame_00119.png,r120_e125_f1.mp4,120 Hz,1/125,蛍光灯あり,60.008 fps,120,125,1,27,nagaoka_fireworks,B,B,4,,,frame_00000.png,frame_00119.png,QR未検出,120,1.999742
nagaoka_fireworks_B_8,accum,0,0,QR未検出,,accum,binary,120,,,8,,1,0.606090,,0.606090,frame_00000.png,frame_00119.png,r120_e125_f1.mp4,120 Hz,1/125,蛍光灯あり,60.008 fps,120,125,1,28,nagaoka_fireworks,B,B,8,,,frame_00000.png,frame_00119.png,QR未検出,120,1.999742
nagaoka_fireworks_B_8,accum,0,0,QR未検出,,accum,binary,120,,,16,,1,0.582745,,0.582745,frame_00000.png,frame_00119.png,r120_e125_f1.mp4,120 Hz,1/125,蛍光灯あり,60.008 fps,120,125,1,28,nagaoka_fireworks,B,B,8,,,frame_00000.png,frame_00119.png,QR未検出,120,1.999742
nagaoka_fireworks_B_8,accum,0,0,QR未検出,,accum,binary,120,,,24,,1,0.566699,,0.566699,frame_00000.png,frame_00119.png,r120_e125_f1.mp4,120 Hz,1/125,蛍光灯あり,60.008 fps,120,125,1,28,nagaoka_fireworks,B,B,8,,,frame_00000.png,frame_00119.png,QR未検出,120,1.999742
nagaoka_fireworks_B_8,accum,0,0,QR未検出,,accum,binary,120,,,32,,1,0.556089,,0.556089,frame_00000.png,frame_00119.png,r120_e125_f1.mp4,120 Hz,1/125,蛍光灯あり,60.008 fps,120,125,1,28,nagaoka_fireworks,B,B,8,,,frame_00000.png,frame_00119.png,QR未検出,120,1.999742
nagaoka_fireworks_G_12,accum,0,0,QR未検出,,accum,binary,120,,,8,,1,0.623660,,0.623660,frame_00000.png,frame_00119.png,r120_e125_f1.mp4,120 Hz,1/125,蛍光灯あり,60.008 fps,120,125,1,17,nagaoka_fireworks,G,G,12,,,frame_00000.png,frame_00119.png,QR未検出,120,1.999742
nagaoka_fireworks_G_12,accum,0,0,QR未検出,,accum,binary,120,,,16,,1,0.587578,,0.587578,frame_00000.png,frame_00119.png,r120_e125_f1.mp4,120 Hz,1/125,蛍光灯あり,60.008 fps,120,125,1,17,nagaoka_fireworks,G,G,12,,,frame_00000.png,frame_00119.png,QR未検出,120,1.999742
nagaoka_fireworks_G_12,accum,0,0,QR未検出,,accum,binary,120,,,24,,1,0.567941,,0.567941,frame_00000.png,frame_00119.png,r120_e125_f1.mp4,120 Hz,1/125,蛍光灯あり,60.008 fps,120,125,1,17,nagaoka_fireworks,G,G,12,,,frame_00000.png,frame_00119.png,QR未検出,120,1.999742
nagaoka_fireworks_G_12,accum,0,0,QR未検出,,accum,binary,120,,,32,,1,0.553470,,0.553470,frame_00000.png,frame_00119.png,r120_e125_f1.mp4,120 Hz,1/125,蛍光灯あり,60.008 fps,120,125,1,17,nagaoka_fireworks,G,G,12,,,frame_00000.png,frame_00119.png,QR未検出,120,1.999742
nagaoka_fireworks_G_4,accum,0,0,QR未検出,,accum,binary,120,,,8,,1,0.615519,,0.615519,frame_00000.png,frame_00119.png,r120_e125_f1.mp4,120 Hz,1/125,蛍光灯あり,60.008 fps,120,125,1,15,nagaoka_fireworks,G,G,4,,,frame_00000.png,frame_00119.png,QR未検出,120,1.999742
nagaoka_fireworks_G_4,accum,0,0,QR未検出,,accum,binary,120,,,16,,1,0.586369,,0.586369,frame_00000.png,frame_00119.png,r120_e125_f1.mp4,120 Hz,1/125,蛍光灯あり,60.008 fps,120,125,1,15,nagaoka_fireworks,G,G,4,,,frame_00000.png,frame_00119.png,QR未検出,120,1.999742
nagaoka_fireworks_G_4,accum,0,0,QR未検出,,accum,binary,120,,,24,,1,0.567509,,0.567509,frame_00000.png,frame_00119.png,r120_e125_f1.mp4,120 Hz,1/125,蛍光灯あり,60.008 fps,120,125,1,15,nagaoka_fireworks,G,G,4,,,frame_00000.png,frame_00119.png,QR未検出,120,1.999742
nagaoka_fireworks_G_4,accum,0,0,QR未検出,,accum,binary,120,,,32,,1,0.555820,,0.555820,frame_00000.png,frame_00119.png,r120_e125_f1.mp4,120 Hz,1/125,蛍光灯あり,60.008 fps,120,125,1,15,nagaoka_fireworks,G,G,4,,,frame_00000.png,frame_00119.png,QR未検出,120,1.999742
nagaoka_fireworks_G_8,accum,0,0,QR未検出,,accum,binary,120,,,8,,1,0.615543,,0.615543,frame_00000.png,frame_00119.png,r120_e125_f1.mp4,120 Hz,1/125,蛍光灯あり,60.008 fps,120,125,1,16,nagaoka_fireworks,G,G,8,,,frame_00000.png,frame_00119.png,QR未検出,120,1.999742
nagaoka_fireworks_G_8,accum,0,0,QR未検出,,accum,binary,120,,,16,,1,0.583925,,0.583925,frame_00000.png,frame_00119.png,r120_e125_f1.mp4,120 Hz,1/125,蛍光灯あり,60.008 fps,120,125,1,16,nagaoka_fireworks,G,G,8,,,frame_00000.png,frame_00119.png,QR未検出,120,1.999742
nagaoka_fireworks_G_8,accum,0,0,QR未検出,,accum,binary,120,,,24,,1,0.566353,,0.566353,frame_00000.png,frame_00119.png,r120_e125_f1.mp4,120 Hz,1/125,蛍光灯あり,60.008 fps,120,125,1,16,nagaoka_fireworks,G,G,8,,,frame_00000.png,frame_00119.png,QR未検出,120,1.999742
nagaoka_fireworks_G_8,accum,0,0,QR未検出,,accum,binary,120,,,32,,1,0.555461,,0.555461,frame_00000.png,frame_00119.png,r120_e125_f1.mp4,120 Hz,1/125,蛍光灯あり,60.008 fps,120,125,1,16,nagaoka_fireworks,G,G,8,,,frame_00000.png,frame_00119.png,QR未検出,120,1.999742
nagaoka_fireworks_I_12,accum,0,0,QR未検出,,accum,binary,120,,,8,,1,0.613396,,0.613396,frame_00000.png,frame_00119.png,r120_e125_f1.mp4,120 Hz,1/125,蛍光灯あり,60.008 fps,120,125,1,41,nagaoka_fireworks,min,I,12,,,frame_00000.png,frame_00119.png,QR未検出,120,1.999742
nagaoka_fireworks_I_12,accum,0,0,QR未検出,,accum,binary,120,,,16,,1,0.582287,,0.582287,frame_00000.png,frame_00119.png,r120_e125_f1.mp4,120 Hz,1/125,蛍光灯あり,60.008 fps,120,125,1,41,nagaoka_fireworks,min,I,12,,,frame_00000.png,frame_00119.png,QR未検出,120,1.999742
nagaoka_fireworks_I_12,accum,0,0,QR未検出,,accum,binary,120,,,24,,1,0.562376,,0.562376,frame_00000.png,frame_00119.png,r120_e125_f1.mp4,120 Hz,1/125,蛍光灯あり,60.008 fps,120,125,1,41,nagaoka_fireworks,min,I,12,,,frame_00000.png,frame_00119.png,QR未検出,120,1.999742
nagaoka_fireworks_I_12,accum,0,0,QR未検出,,accum,binary,120,,,32,,1,0.551143,,0.551143,frame_00000.png,frame_00119.png,r120_e125_f1.mp4,120 Hz,1/125,蛍光灯あり,60.008 fps,120,125,1,41,nagaoka_fireworks,min,I,12,,,frame_00000.png,frame_00119.png,QR未検出,120,1.999742
nagaoka_fireworks_I_4,accum,0,0,QR未検出,,accum,binary,120,,,8,,1,0.608936,,0.608936,frame_00000.png,frame_00119.png,r120_e125_f1.mp4,120 Hz,1/125,蛍光灯あり,60.008 fps,120,125,1,39,nagaoka_fireworks,min,I,4,,,frame_00000.png,frame_00119.png,QR未検出,120,1.999742
nagaoka_fireworks_I_4,accum,0,0,QR未検出,,accum,binary,120,,,16,,1,0.590101,,0.590101,frame_00000.png,frame_00119.png,r120_e125_f1.mp4,120 Hz,1/125,蛍光灯あり,60.008 fps,120,125,1,39,nagaoka_fireworks,min,I,4,,,frame_00000.png,frame_00119.png,QR未検出,120,1.999742
nagaoka_fireworks_I_4,accum,0,0,QR未検出,,accum,binary,120,,,24,,1,0.571558,,0.571558,frame_00000.png,frame_00119.png,r120_e125_f1.mp4,120 Hz,1/125,蛍光灯あり,60.008 fps,120,125,1,39,nagaoka_fireworks,min,I,4,,,frame_00000.png,frame_00119.png,QR未検出,120,1.999742
nagaoka_fireworks_I_4,accum,0,0,QR未検出,,accum,binary,120,,,32,,1,0.560262,,0.560262,frame_00000.png,frame_00119.png,r120_e125_f1.mp4,120 Hz,1/125,蛍光灯あり,60.008 fps,120,125,1,39,nagaoka_fireworks,min,I,4,,,frame_00000.png,frame_00119.png,QR未検出,120,1.999742
nagaoka_fireworks_I_8,accum,0,0,QR未検出,,accum,binary,120,,,8,,1,0.614156,,0.614156,frame_00000.png,frame_00119.png,r120_e125_f1.mp4,120 Hz,1/125,蛍光灯あり,60.008 fps,120,125,1,40,nagaoka_fireworks,min,I,8,,,frame_00000.png,frame_00119.png,QR未検出,120,1.999742
nagaoka_fireworks_I_8,accum,0,0,QR未検出,,accum,binary,120,,,16,,1,0.584735,,0.584735,frame_00000.png,frame_00119.png,r120_e125_f1.mp4,120 Hz,1/125,蛍光灯あり,60.008 fps,120,125,1,40,nagaoka_fireworks,min,I,8,,,frame_00000.png,frame_00119.png,QR未検出,120,1.999742
nagaoka_fireworks_I_8,accum,0,0,QR未検出,,accum,binary,120,,,24,,1,0.567021,,0.567021,frame_00000.png,frame_00119.png,r120_e125_f1.mp4,120 Hz,1/125,蛍光灯あり,60.008 fps,120,125,1,40,nagaoka_fireworks,min,I,8,,,frame_00000.png,frame_00119.png,QR未検出,120,1.999742
nagaoka_fireworks_I_8,accum,0,0,QR未検出,,accum,binary,120,,,32,,1,0.553956,,0.553956,frame_00000.png,frame_00119.png,r120_e125_f1.mp4,120 Hz,1/125,蛍光灯あり,60.008 fps,120,125,1,40,nagaoka_fireworks,min,I,8,,,frame_00000.png,frame_00119.png,QR未検出,120,1.999742
nagaoka_fireworks_R_12,accum,0,0,QR未検出,,accum,binary,120,,,8,,1,0.620565,,0.620565,frame_00000.png,frame_00119.png,r120_e125_f1.mp4,120 Hz,1/125,蛍光灯あり,60.008 fps,120,125,1,5,nagaoka_fireworks,R,R,12,,,frame_00000.png,frame_00119.png,QR未検出,120,1.999742
nagaoka_fireworks_R_12,accum,0,0,QR未検出,,accum,binary,120,,,16,,1,0.585305,,0.585305,frame_00000.png,frame_00119.png,r120_e125_f1.mp4,120 Hz,1/125,蛍光灯あり,60.008 fps,120,125,1,5,nagaoka_fireworks,R,R,12,,,frame_00000.png,frame_00119.png,QR未検出,120,1.999742
nagaoka_fireworks_R_12,accum,0,0,QR未検出,,accum,binary,120,,,24,,1,0.566463,,0.566463,frame_00000.png,frame_00119.png,r120_e125_f1.mp4,120 Hz,1/125,蛍光灯あり,60.008 fps,120,125,1,5,nagaoka_fireworks,R,R,12,,,frame_00000.png,frame_00119.png,QR未検出,120,1.999742
nagaoka_fireworks_R_12,accum,0,0,QR未検出,,accum,binary,120,,,32,,1,0.555720,,0.555720,frame_00000.png,frame_00119.png,r120_e125_f1.mp4,120 Hz,1/125,蛍光灯あり,60.008 fps,120,125,1,5,nagaoka_fireworks,R,R,12,,,frame_00000.png,frame_00119.png,QR未検出,120,1.999742
nagaoka_fireworks_R_4,accum,0,0,QR未検出,,accum,binary,120,,,8,,1,0.615008,,0.615008,frame_00000.png,frame_00119.png,r120_e125_f1.mp4,120 Hz,1/125,蛍光灯あり,60.008 fps,120,125,1,3,nagaoka_fireworks,R,R,4,,,frame_00000.png,frame_00119.png,QR未検出,120,1.999742
nagaoka_fireworks_R_4,accum,0,0,QR未検出,,accum,binary,120,,,16,,1,0.583417,,0.583417,frame_00000.png,frame_00119.png,r120_e125_f1.mp4,120 Hz,1/125,蛍光灯あり,60.008 fps,120,125,1,3,nagaoka_fireworks,R,R,4,,,frame_00000.png,frame_00119.png,QR未検出,120,1.999742
nagaoka_fireworks_R_4,accum,0,0,QR未検出,,accum,binary,120,,,24,,1,0.568599,,0.568599,frame_00000.png,frame_00119.png,r120_e125_f1.mp4,120 Hz,1/125,蛍光灯あり,60.008 fps,120,125,1,3,nagaoka_fireworks,R,R,4,,,frame_00000.png,frame_00119.png,QR未検出,120,1.999742
nagaoka_fireworks_R_4,accum,0,0,QR未検出,,accum,binary,120,,,32,,1,0.558434,,0.558434,frame_00000.png,frame_00119.png,r120_e125_f1.mp4,120 Hz,1/125,蛍光灯あり,60.008 fps,120,125,1,3,nagaoka_fireworks,R,R,4,,,frame_00000.png,frame_00119.png,QR未検出,120,1.999742
nagaoka_fireworks_R_8,accum,0,0,QR未検出,,accum,binary,120,,,8,,1,0.616987,,0.616987,frame_00000.png,frame_00119.png,r120_e125_f1.mp4,120 Hz,1/125,蛍光灯あり,60.008 fps,120,125,1,4,nagaoka_fireworks,R,R,8,,,frame_00000.png,frame_00119.png,QR未検出,120,1.999742
nagaoka_fireworks_R_8,accum,0,0,QR未検出,,accum,binary,120,,,16,,1,0.588295,,0.588295,frame_00000.png,frame_00119.png,r120_e125_f1.mp4,120 Hz,1/125,蛍光灯あり,60.008 fps,120,125,1,4,nagaoka_fireworks,R,R,8,,,frame_00000.png,frame_00119.png,QR未検出,120,1.999742
nagaoka_fireworks_R_8,accum,0,0,QR未検出,,accum,binary,120,,,24,,1,0.567450,,0.567450,frame_00000.png,frame_00119.png,r120_e125_f1.mp4,120 Hz,1/125,蛍光灯あり,60.008 fps,120,125,1,4,nagaoka_fireworks,R,R,8,,,frame_00000.png,frame_00119.png,QR未検出,120,1.999742
nagaoka_fireworks_R_8,accum,0,0,QR未検出,,accum,binary,120,,,32,,1,0.555053,,0.555053,frame_00000.png,frame_00119.png,r120_e125_f1.mp4,120 Hz,1/125,蛍光灯あり,60.008 fps,120,125,1,4,nagaoka_fireworks,R,R,8,,,frame_00000.png,frame_00119.png,QR未検出,120,1.999742
nagaoka_fireworks_X_12,accum,0,0,QR未検出,,accum,binary,120,,,8,,1,0.617314,,0.617314,frame_00000.png,frame_00119.png,r120_e125_f1.mp4,120 Hz,1/125,蛍光灯あり,60.008 fps,120,125,1,53,nagaoka_fireworks,max,X,12,,,frame_00000.png,frame_00119.png,QR未検出,120,1.999742
nagaoka_fireworks_X_12,accum,0,0,QR未検出,,accum,binary,120,,,16,,1,0.588491,,0.588491,frame_00000.png,frame_00119.png,r120_e125_f1.mp4,120 Hz,1/125,蛍光灯あり,60.008 fps,120,125,1,53,nagaoka_fireworks,max,X,12,,,frame_00000.png,frame_00119.png,QR未検出,120,1.999742
nagaoka_fireworks_X_12,accum,0,0,QR未検出,,accum,binary,120,,,24,,1,0.571794,,0.571794,frame_00000.png,frame_00119.png,r120_e125_f1.mp4,120 Hz,1/125,蛍光灯あり,60.008 fps,120,125,1,53,nagaoka_fireworks,max,X,12,,,frame_00000.png,frame_00119.png,QR未検出,120,1.999742
nagaoka_fireworks_X_12,accum,0,0,QR未検出,,accum,binary,120,,,32,,1,0.555629,,0.555629,frame_00000.png,frame_00119.png,r120_e125_f1.mp4,120 Hz,1/125,蛍光灯あり,60.008 fps,120,125,1,53,nagaoka_fireworks,max,X,12,,,frame_00000.png,frame_00119.png,QR未検出,120,1.999742
nagaoka_fireworks_X_4,accum,0,0,QR未検出,,accum,binary,120,,,8,,1,0.604737,,0.604737,frame_00000.png,frame_00119.png,r120_e125_f1.mp4,120 Hz,1/125,蛍光灯あり,60.008 fps,120,125,1,51,nagaoka_fireworks,max,X,4,,,frame_00000.png,frame_00119.png,QR未検出,120,1.999742
nagaoka_fireworks_X_4,accum,0,0,QR未検出,,accum,binary,120,,,16,,1,0.582971,,0.582971,frame_00000.png,frame_00119.png,r120_e125_f1.mp4,120 Hz,1/125,蛍光灯あり,60.008 fps,120,125,1,51,nagaoka_fireworks,max,X,4,,,frame_00000.png,frame_00119.png,QR未検出,120,1.999742
nagaoka_fireworks_X_4,accum,0,0,QR未検出,,accum,binary,120,,,24,,1,0.566234,,0.566234,frame_00000.png,frame_00119.png,r120_e125_f1.mp4,120 Hz,1/125,蛍光灯あり,60.008 fps,120,125,1,51,nagaoka_fireworks,max,X,4,,,frame_00000.png,frame_00119.png,QR未検出,120,1.999742
nagaoka_fireworks_X_4,accum,0,0,QR未検出,,accum,binary,120,,,32,,1,0.553493,,0.553493,frame_00000.png,frame_00119.png,r120_e125_f1.mp4,120 Hz,1/125,蛍光灯あり,60.008 fps,120,125,1,51,nagaoka_fireworks,max,X,4,,,frame_00000.png,frame_00119.png,QR未検出,120,1.999742
nagaoka_fireworks_X_8,accum,0,0,QR未検出,,accum,binary,120,,,8,,1,0.618390,,0.618390,frame_00000.png,frame_00119.png,r120_e125_f1.mp4,120 Hz,1/125,蛍光灯あり,60.008 fps,120,125,1,52,nagaoka_fireworks,max,X,8,,,frame_00000.png,frame_00119.png,QR未検出,120,1.999742
nagaoka_fireworks_X_8,accum,0,0,QR未検出,,accum,binary,120,,,16,,1,0.586637,,0.586637,frame_00000.png,frame_00119.png,r120_e125_f1.mp4,120 Hz,1/125,蛍光灯あり,60.008 fps,120,125,1,52,nagaoka_fireworks,max,X,8,,,frame_00000.png,frame_00119.png,QR未検出,120,1.999742
nagaoka_fireworks_X_8,accum,0,0,QR未検出,,accum,binary,120,,,24,,1,0.567583,,0.567583,frame_00000.png,frame_00119.png,r120_e125_f1.mp4,120 Hz,1/125,蛍光灯あり,60.008 fps,120,125,1,52,nagaoka_fireworks,max,X,8,,,frame_00000.png,frame_00119.png,QR未検出,120,1.999742
nagaoka_fireworks_X_8,accum,0,0,QR未検出,,accum,binary,120,,,32,,1,0.554983,,0.554983,frame_00000.png,frame_00119.png,r120_e125_f1.mp4,120 Hz,1/125,蛍光灯あり,60.008 fps,120,125,1,52,nagaoka_fireworks,max,X,8,,,frame_00000.png,frame_00119.png,QR未検出,120,1.999742
rice_B_12,accum,0,0,QR未検出,,accum,binary,120,,,8,,1,0.643685,,0.643685,frame_00000.png,frame_00119.png,r120_e125_f1.mp4,120 Hz,1/125,蛍光灯あり,60.008 fps,120,125,1,26,rice,B,B,12,,,frame_00000.png,frame_00119.png,QR未検出,120,1.999742
rice_B_12,accum,0,0,QR未検出,,accum,binary,120,,,16,,1,0.635580,,0.635580,frame_00000.png,frame_00119.png,r120_e125_f1.mp4,120 Hz,1/125,蛍光灯あり,60.008 fps,120,125,1,26,rice,B,B,12,,,frame_00000.png,frame_00119.png,QR未検出,120,1.999742
rice_B_12,accum,0,0,QR未検出,,accum,binary,120,,,24,,1,0.624556,,0.624556,frame_00000.png,frame_00119.png,r120_e125_f1.mp4,120 Hz,1/125,蛍光灯あり,60.008 fps,120,125,1,26,rice,B,B,12,,,frame_00000.png,frame_00119.png,QR未検出,120,1.999742
rice_B_12,accum,0,0,QR未検出,,accum,binary,120,,,32,,1,0.609911,,0.609911,frame_00000.png,frame_00119.png,r120_e125_f1.mp4,120 Hz,1/125,蛍光灯あり,60.008 fps,120,125,1,26,rice,B,B,12,,,frame_00000.png,frame_00119.png,QR未検出,120,1.999742
rice_B_4,accum,0,0,QR未検出,,accum,binary,120,,,8,,1,0.646008,,0.646008,frame_00000.png,frame_00119.png,r120_e125_f1.mp4,120 Hz,1/125,蛍光灯あり,60.008 fps,120,125,1,24,rice,B,B,4,,,frame_00000.png,frame_00119.png,QR未検出,120,1.999742
rice_B_4,accum,0,0,QR未検出,,accum,binary,120,,,16,,1,0.636168,,0.636168,frame_00000.png,frame_00119.png,r120_e125_f1.mp4,120 Hz,1/125,蛍光灯あり,60.008 fps,120,125,1,24,rice,B,B,4,,,frame_00000.png,frame_00119.png,QR未検出,120,1.999742
rice_B_4,accum,0,0,QR未検出,,accum,binary,120,,,24,,1,0.625616,,0.625616,frame_00000.png,frame_00119.png,r120_e125_f1.mp4,120 Hz,1/125,蛍光灯あり,60.008 fps,120,125,1,24,rice,B,B,4,,,frame_00000.png,frame_00119.png,QR未検出,120,1.999742
rice_B_4,accum,0,0,QR未検出,,accum,binary,120,,,32,,1,0.617069,,0.617069,frame_00000.png,frame_00119.png,r120_e125_f1.mp4,120 Hz,1/125,蛍光灯あり,60.008 fps,120,125,1,24,rice,B,B,4,,,frame_00000.png,frame_00119.png,QR未検出,120,1.999742
rice_B_8,accum,0,0,QR未検出,,accum,binary,120,,,8,,1,0.645770,,0.645770,frame_00000.png,frame_00119.png,r120_e125_f1.mp4,120 Hz,1/125,蛍光灯あり,60.008 fps,120,125,1,25,rice,B,B,8,,,frame_00000.png,frame_00119.png,QR未検出,120,1.999742
rice_B_8,accum,0,0,QR未検出,,accum,binary,120,,,16,,1,0.636443,,0.636443,frame_00000.png,frame_00119.png,r120_e125_f1.mp4,120 Hz,1/125,蛍光灯あり,60.008 fps,120,125,1,25,rice,B,B,8,,,frame_00000.png,frame_00119.png,QR未検出,120,1.999742
rice_B_8,accum,0,0,QR未検出,,accum,binary,120,,,24,,1,0.626062,,0.626062,frame_00000.png,frame_00119.png,r120_e125_f1.mp4,120 Hz,1/125,蛍光灯あり,60.008 fps,120,125,1,25,rice,B,B,8,,,frame_00000.png,frame_00119.png,QR未検出,120,1.999742
rice_B_8,accum,0,0,QR未検出,,accum,binary,120,,,32,,1,0.616441,,0.616441,frame_00000.png,frame_00119.png,r120_e125_f1.mp4,120 Hz,1/125,蛍光灯あり,60.008 fps,120,125,1,25,rice,B,B,8,,,frame_00000.png,frame_00119.png,QR未検出,120,1.999742
rice_G_12,accum,0,0,QR未検出,,accum,binary,120,,,8,,1,0.642329,,0.642329,frame_00000.png,frame_00119.png,r120_e125_f1.mp4,120 Hz,1/125,蛍光灯あり,60.008 fps,120,125,1,14,rice,G,G,12,,,frame_00000.png,frame_00119.png,QR未検出,120,1.999742
rice_G_12,accum,0,0,QR未検出,,accum,binary,120,,,16,,1,0.632429,,0.632429,frame_00000.png,frame_00119.png,r120_e125_f1.mp4,120 Hz,1/125,蛍光灯あり,60.008 fps,120,125,1,14,rice,G,G,12,,,frame_00000.png,frame_00119.png,QR未検出,120,1.999742
rice_G_12,accum,0,0,QR未検出,,accum,binary,120,,,24,,1,0.621075,,0.621075,frame_00000.png,frame_00119.png,r120_e125_f1.mp4,120 Hz,1/125,蛍光灯あり,60.008 fps,120,125,1,14,rice,G,G,12,,,frame_00000.png,frame_00119.png,QR未検出,120,1.999742
rice_G_12,accum,0,0,QR未検出,,accum,binary,120,,,32,,1,0.609801,,0.609801,frame_00000.png,frame_00119.png,r120_e125_f1.mp4,120 Hz,1/125,蛍光灯あり,60.008 fps,120,125,1,14,rice,G,G,12,,,frame_00000.png,frame_00119.png,QR未検出,120,1.999742
rice_G_4,accum,0,0,QR未検出,,accum,binary,120,,,8,,1,0.646286,,0.646286,frame_00000.png,frame_00119.png,r120_e125_f1.mp4,120 Hz,1/125,蛍光灯あり,60.008 fps,120,125,1,12,rice,G,G,4,,,frame_00000.png,frame_00119.png,QR未検出,120,1.999742
rice_G_4,accum,0,0,QR未検出,,accum,binary,120,,,16,,1,0.637860,,0.637860,frame_00000.png,frame_00119.png,r120_e125_f1.mp4,120 Hz,1/125,蛍光灯あり,60.008 fps,120,125,1,12,rice,G,G,4,,,frame_00000.png,frame_00119.png,QR未検出,120,1.999742
rice_G_4,accum,0,0,QR未検出,,accum,binary,120,,,24,,1,0.627054,,0.627054,frame_00000.png,frame_00119.png,r120_e125_f1.mp4,120 Hz,1/125,蛍光灯あり,60.008 fps,120,125,1,12,rice,G,G,4,,,frame_00000.png,frame_00119.png,QR未検出,120,1.999742
rice_G_4,accum,0,0,QR未検出,,accum,binary,120,,,32,,1,0.615389,,0.615389,frame_00000.png,frame_00119.png,r120_e125_f1.mp4,120 Hz,1/125,蛍光灯あり,60.008 fps,120,125,1,12,rice,G,G,4,,,frame_00000.png,frame_00119.png,QR未検出,120,1.999742
rice_G_8,accum,0,0,QR未検出,,accum,binary,120,,,8,,1,0.644589,,0.644589,frame_00000.png,frame_00119.png,r120_e125_f1.mp4,120 Hz,1/125,蛍光灯あり,60.008 fps,120,125,1,13,rice,G,G,8,,,frame_00000.png,frame_00119.png,QR未検出,120,1.999742
rice_G_8,accum,0,0,QR未検出,,accum,binary,120,,,16,,1,0.638135,,0.638135,frame_00000.png,frame_00119.png,r120_e125_f1.mp4,120 Hz,1/125,蛍光灯あり,60.008 fps,120,125,1,13,rice,G,G,8,,,frame_00000.png,frame_00119.png,QR未検出,120,1.999742
rice_G_8,accum,0,0,QR未検出,,accum,binary,120,,,24,,1,0.626881,,0.626881,frame_00000.png,frame_00119.png,r120_e125_f1.mp4,120 Hz,1/125,蛍光灯あり,60.008 fps,120,125,1,13,rice,G,G,8,,,frame_00000.png,frame_00119.png,QR未検出,120,1.999742
rice_G_8,accum,0,0,QR未検出,,accum,binary,120,,,32,,1,0.611636,,0.611636,frame_00000.png,frame_00119.png,r120_e125_f1.mp4,120 Hz,1/125,蛍光灯あり,60.008 fps,120,125,1,13,rice,G,G,8,,,frame_00000.png,frame_00119.png,QR未検出,120,1.999742
rice_I_12,accum,0,0,QR未検出,,accum,binary,120,,,8,,1,0.644178,,0.644178,frame_00000.png,frame_00119.png,r120_e125_f1.mp4,120 Hz,1/125,蛍光灯あり,60.008 fps,120,125,1,38,rice,min,I,12,,,frame_00000.png,frame_00119.png,QR未検出,120,1.999742
rice_I_12,accum,0,0,QR未検出,,accum,binary,120,,,16,,1,0.636375,,0.636375,frame_00000.png,frame_00119.png,r120_e125_f1.mp4,120 Hz,1/125,蛍光灯あり,60.008 fps,120,125,1,38,rice,min,I,12,,,frame_00000.png,frame_00119.png,QR未検出,120,1.999742
rice_I_12,accum,0,0,QR未検出,,accum,binary,120,,,24,,1,0.627306,,0.627306,frame_00000.png,frame_00119.png,r120_e125_f1.mp4,120 Hz,1/125,蛍光灯あり,60.008 fps,120,125,1,38,rice,min,I,12,,,frame_00000.png,frame_00119.png,QR未検出,120,1.999742
rice_I_12,accum,0,0,QR未検出,,accum,binary,120,,,32,,1,0.615214,,0.615214,frame_00000.png,frame_00119.png,r120_e125_f1.mp4,120 Hz,1/125,蛍光灯あり,60.008 fps,120,125,1,38,rice,min,I,12,,,frame_00000.png,frame_00119.png,QR未検出,120,1.999742
rice_I_4,accum,0,0,QR未検出,,accum,binary,120,,,8,,1,0.645580,,0.645580,frame_00000.png,frame_00119.png,r120_e125_f1.mp4,120 Hz,1/125,蛍光灯あり,60.008 fps,120,125,1,36,rice,min,I,4,,,frame_00000.png,frame_00119.png,QR未検出,120,1.999742
rice_I_4,accum,0,0,QR未検出,,accum,binary,120,,,16,,1,0.637855,,0.637855,frame_00000.png,frame_00119.png,r120_e125_f1.mp4,120 Hz,1/125,蛍光灯あり,60.008 fps,120,125,1,36,rice,min,I,4,,,frame_00000.png,frame_00119.png,QR未検出,120,1.999742
rice_I_4,accum,0,0,QR未検出,,accum,binary,120,,,24,,1,0.628295,,0.628295,frame_00000.png,frame_00119.png,r120_e125_f1.mp4,120 Hz,1/125,蛍光灯あり,60.008 fps,120,125,1,36,rice,min,I,4,,,frame_00000.png,frame_00119.png,QR未検出,120,1.999742
rice_I_4,accum,0,0,QR未検出,,accum,binary,120,,,32,,1,0.618253,,0.618253,frame_00000.png,frame_00119.png,r120_e125_f1.mp4,120 Hz,1/125,蛍光灯あり,60.008 fps,120,125,1,36,rice,min,I,4,,,frame_00000.png,frame_00119.png,QR未検出,120,1.999742
rice_I_8,accum,0,0,QR未検出,,accum,binary,120,,,8,,1,0.646622,,0.646622,frame_00000.png,frame_00119.png,r120_e125_f1.mp4,120 Hz,1/125,蛍光灯あり,60.008 fps,120,125,1,37,rice,min,I,8,,,frame_00000.png,frame_00119.png,QR未検出,120,1.999742
rice_I_8,accum,0,0,QR未検出,,accum,binary,120,,,16,,1,0.637085,,0.637085,frame_00000.png,frame_00119.png,r120_e125_f1.mp4,120 Hz,1/125,蛍光灯あり,60.008 fps,120,125,1,37,rice,min,I,8,,,frame_00000.png,frame_00119.png,QR未検出,120,1.999742
rice_I_8,accum,0,0,QR未検出,,accum,binary,120,,,24,,1,0.627990,,0.627990,frame_00000.png,frame_00119.png,r120_e125_f1.mp4,120 Hz,1/125,蛍光灯あり,60.008 fps,120,125,1,37,rice,min,I,8,,,frame_00000.png,frame_00119.png,QR未検出,120,1.999742
rice_I_8,accum,0,0,QR未検出,,accum,binary,120,,,32,,1,0.615202,,0.615202,frame_00000.png,frame_00119.png,r120_e125_f1.mp4,120 Hz,1/125,蛍光灯あり,60.008 fps,120,125,1,37,rice,min,I,8,,,frame_00000.png,frame_00119.png,QR未検出,120,1.999742
rice_R_12,accum,0,0,QR未検出,,accum,binary,120,,,8,,1,0.645930,,0.645930,frame_00000.png,frame_00119.png,r120_e125_f1.mp4,120 Hz,1/125,蛍光灯あり,60.008 fps,120,125,1,2,rice,R,R,12,,,frame_00000.png,frame_00119.png,QR未検出,120,1.999742
rice_R_12,accum,0,0,QR未検出,,accum,binary,120,,,16,,1,0.633013,,0.633013,frame_00000.png,frame_00119.png,r120_e125_f1.mp4,120 Hz,1/125,蛍光灯あり,60.008 fps,120,125,1,2,rice,R,R,12,,,frame_00000.png,frame_00119.png,QR未検出,120,1.999742
rice_R_12,accum,0,0,QR未検出,,accum,binary,120,,,24,,1,0.617713,,0.617713,frame_00000.png,frame_00119.png,r120_e125_f1.mp4,120 Hz,1/125,蛍光灯あり,60.008 fps,120,125,1,2,rice,R,R,12,,,frame_00000.png,frame_00119.png,QR未検出,120,1.999742
rice_R_12,accum,0,0,QR未検出,,accum,binary,120,,,32,,1,0.601418,,0.601418,frame_00000.png,frame_00119.png,r120_e125_f1.mp4,120 Hz,1/125,蛍光灯あり,60.008 fps,120,125,1,2,rice,R,R,12,,,frame_00000.png,frame_00119.png,QR未検出,120,1.999742
rice_R_4,accum,0,0,QR未検出,,accum,binary,120,,,8,,1,0.644026,,0.644026,frame_00000.png,frame_00119.png,r120_e125_f1.mp4,120 Hz,1/125,蛍光灯あり,60.008 fps,120,125,1,0,rice,R,R,4,,,frame_00000.png,frame_00119.png,QR未検出,120,1.999742
rice_R_4,accum,0,0,QR未検出,,accum,binary,120,,,16,,1,0.632097,,0.632097,frame_00000.png,frame_00119.png,r120_e125_f1.mp4,120 Hz,1/125,蛍光灯あり,60.008 fps,120,125,1,0,rice,R,R,4,,,frame_00000.png,frame_00119.png,QR未検出,120,1.999742
rice_R_4,accum,0,0,QR未検出,,accum,binary,120,,,24,,1,0.617531,,0.617531,frame_00000.png,frame_00119.png,r120_e125_f1.mp4,120 Hz,1/125,蛍光灯あり,60.008 fps,120,125,1,0,rice,R,R,4,,,frame_00000.png,frame_00119.png,QR未検出,120,1.999742
rice_R_4,accum,0,0,QR未検出,,accum,binary,120,,,32,,1,0.603568,,0.603568,frame_00000.png,frame_00119.png,r120_e125_f1.mp4,120 Hz,1/125,蛍光灯あり,60.008 fps,120,125,1,0,rice,R,R,4,,,frame_00000.png,frame_00119.png,QR未検出,120,1.999742
rice_R_8,accum,0,0,QR未検出,,accum,binary,120,,,8,,1,0.642358,,0.642358,frame_00000.png,frame_00119.png,r120_e125_f1.mp4,120 Hz,1/125,蛍光灯あり,60.008 fps,120,125,1,1,rice,R,R,8,,,frame_00000.png,frame_00119.png,QR未検出,120,1.999742
rice_R_8,accum,0,0,QR未検出,,accum,binary,120,,,16,,1,0.629511,,0.629511,frame_00000.png,frame_00119.png,r120_e125_f1.mp4,120 Hz,1/125,蛍光灯あり,60.008 fps,120,125,1,1,rice,R,R,8,,,frame_00000.png,frame_00119.png,QR未検出,120,1.999742
rice_R_8,accum,0,0,QR未検出,,accum,binary,120,,,24,,1,0.613373,,0.613373,frame_00000.png,frame_00119.png,r120_e125_f1.mp4,120 Hz,1/125,蛍光灯あり,60.008 fps,120,125,1,1,rice,R,R,8,,,frame_00000.png,frame_00119.png,QR未検出,120,1.999742
rice_R_8,accum,0,0,QR未検出,,accum,binary,120,,,32,,1,0.598169,,0.598169,frame_00000.png,frame_00119.png,r120_e125_f1.mp4,120 Hz,1/125,蛍光灯あり,60.008 fps,120,125,1,1,rice,R,R,8,,,frame_00000.png,frame_00119.png,QR未検出,120,1.999742
rice_X_12,accum,0,0,QR未検出,,accum,binary,120,,,8,,1,0.645184,,0.645184,frame_00000.png,frame_00119.png,r120_e125_f1.mp4,120 Hz,1/125,蛍光灯あり,60.008 fps,120,125,1,50,rice,max,X,12,,,frame_00000.png,frame_00119.png,QR未検出,120,1.999742
rice_X_12,accum,0,0,QR未検出,,accum,binary,120,,,16,,1,0.635332,,0.635332,frame_00000.png,frame_00119.png,r120_e125_f1.mp4,120 Hz,1/125,蛍光灯あり,60.008 fps,120,125,1,50,rice,max,X,12,,,frame_00000.png,frame_00119.png,QR未検出,120,1.999742
rice_X_12,accum,0,0,QR未検出,,accum,binary,120,,,24,,1,0.616911,,0.616911,frame_00000.png,frame_00119.png,r120_e125_f1.mp4,120 Hz,1/125,蛍光灯あり,60.008 fps,120,125,1,50,rice,max,X,12,,,frame_00000.png,frame_00119.png,QR未検出,120,1.999742
rice_X_12,accum,0,0,QR未検出,,accum,binary,120,,,32,,1,0.597612,,0.597612,frame_00000.png,frame_00119.png,r120_e125_f1.mp4,120 Hz,1/125,蛍光灯あり,60.008 fps,120,125,1,50,rice,max,X,12,,,frame_00000.png,frame_00119.png,QR未検出,120,1.999742
rice_X_4,accum,0,0,QR未検出,,accum,binary,120,,,8,,1,0.645139,,0.645139,frame_00000.png,frame_00119.png,r120_e125_f1.mp4,120 Hz,1/125,蛍光灯あり,60.008 fps,120,125,1,48,rice,max,X,4,,,frame_00000.png,frame_00119.png,QR未検出,120,1.999742
rice_X_4,accum,0,0,QR未検出,,accum,binary,120,,,16,,1,0.633925,,0.633925,frame_00000.png,frame_00119.png,r120_e125_f1.mp4,120 Hz,1/125,蛍光灯あり,60.008 fps,120,125,1,48,rice,max,X,4,,,frame_00000.png,frame_00119.png,QR未検出,120,1.999742
rice_X_4,accum,0,0,QR未検出,,accum,binary,120,,,24,,1,0.620460,,0.620460,frame_00000.png,frame_00119.png,r120_e125_f1.mp4,120 Hz,1/125,蛍光灯あり,60.008 fps,120,125,1,48,rice,max,X,4,,,frame_00000.png,frame_00119.png,QR未検出,120,1.999742
rice_X_4,accum,0,0,QR未検出,,accum,binary,120,,,32,,1,0.606483,,0.606483,frame_00000.png,frame_00119.png,r120_e125_f1.mp4,120 Hz,1/125,蛍光灯あり,60.008 fps,120,125,1,48,rice,max,X,4,,,frame_00000.png,frame_00119.png,QR未検出,120,1.999742
rice_X_8,accum,0,0,QR未検出,,accum,binary,120,,,8,,1,0.645553,,0.645553,frame_00000.png,frame_00119.png,r120_e125_f1.mp4,120 Hz,1/125,蛍光灯あり,60.008 fps,120,125,1,49,rice,max,X,8,,,frame_00000.png,frame_00119.png,QR未検出,120,1.999742
rice_X_8,accum,0,0,QR未検出,,accum,binary,120,,,16,,1,0.636436,,0.636436,frame_00000.png,frame_00119.png,r120_e125_f1.mp4,120 Hz,1/125,蛍光灯あり,60.008 fps,120,125,1,49,rice,max,X,8,,,frame_00000.png,frame_00119.png,QR未検出,120,1.999742
rice_X_8,accum,0,0,QR未検出,,accum,binary,120,,,24,,1,0.624405,,0.624405,frame_00000.png,frame_00119.png,r120_e125_f1.mp4,120 Hz,1/125,蛍光灯あり,60.008 fps,120,125,1,49,rice,max,X,8,,,frame_00000.png,frame_00119.png,QR未検出,120,1.999742
rice_X_8,accum,0,0,QR未検出,,accum,binary,120,,,32,,1,0.607318,,0.607318,frame_00000.png,frame_00119.png,r120_e125_f1.mp4,120 Hz,1/125,蛍光灯あり,60.008 fps,120,125,1,49,rice,max,X,8,,,frame_00000.png,frame_00119.png,QR未検出,120,1.999742
