folder,frame_1,frame_2,diff_image,analysis_image,decoded_text,success,method,note,recall,precision,accuracy,noise,gt_note,task_key,diff_mode,window_n,stat_kind,fft_target_hz,diff_threshold
rice_R_4,frame_00000.png,frame_00117.png,,,,0,decode失敗,QR未検出,0.011592,0.122282,0.609704,0.081989,,lockin:lockin::None:6.848144780748687:4:8:binary:0,lockin,,,6.848145,4
rice_R_4,frame_00000.png,frame_00117.png,rice_R_4/rgb_max_lockin_f137_ps8_th8/00000-00117-FRAME_rgbmax_scale1.00.png,,,0,decode失敗,QR未検出,0.834431,0.410912,0.504007,0.687044,,lockin:lockin::None:6.848144780748687:8:8:binary:0,lockin,,,6.848145,8
rice_R_4,frame_00000.png,frame_00117.png,rice_R_4/rgb_max_lockin_f137_ps8_th12/00000-00117-FRAME_rgbmax_scale1.00.png,,,0,decode失敗,QR未検出,0.492422,0.445075,0.591522,0.394508,,lockin:lockin::None:6.848144780748687:12:8:binary:0,lockin,,,6.848145,12
rice_R_4,frame_00000.png,frame_00117.png,,,,0,decode失敗,QR未検出,0.025504,0.168636,0.599282,0.108118,,lockin:lockin::None:8.696289561497373:4:8:binary:0,lockin,,,8.696290,4
rice_R_4,frame_00000.png,frame_00117.png,rice_R_4/rgb_max_lockin_f137_ps8_th8/00000-00117-FRAME_rgbmax_scale1.00.png,,,0,decode失敗,QR未検出,0.749660,0.431048,0.548434,0.591607,,lockin:lockin::None:8.696289561497373:8:8:binary:0,lockin,,,8.696290,8
rice_R_4,frame_00000.png,frame_00117.png,rice_R_4/rgb_max_lockin_f137_ps8_th12/00000-00117-FRAME_rgbmax_scale1.00.png,,,0,decode失敗,QR未検出,0.364314,0.457695,0.611258,0.283823,,lockin:lockin::None:8.696289561497373:12:8:binary:0,lockin,,,8.696290,12
rice_R_4,frame_00000.png,frame_00117.png,,,,0,decode失敗,QR未検出,0.045522,0.112264,0.521260,0.233595,,lockin:lockin::None:13.696289561497373:4:8:binary:0,lockin,,,13.696290,4
rice_R_4,frame_00000.png,frame_00117.png,rice_R_4/rgb_max_lockin_f137_ps8_th8/00000-00117-FRAME_rgbmax_scale1.00.png,,,0,decode失敗,QR未検出,0.728748,0.556962,0.690077,0.346164,,lockin:lockin::None:13.696289561497373:8:8:binary:0,lockin,,,13.696290,8
rice_R_4,frame_00000.png,frame_00117.png,rice_R_4/rgb_max_lockin_f137_ps8_th12/00000-00117-FRAME_rgbmax_scale1.00.png,,,0,decode失敗,QR未検出,0.442691,0.662599,0.714919,0.134283,,lockin:lockin::None:13.696289561497373:12:8:binary:0,lockin,,,13.696290,12
rice_R_4,frame_00000.png,frame_00117.png,,,,0,decode失敗,QR未検出,0.129385,0.209925,0.505555,0.291383,,lockin:lockin::None:22.5:4:8:binary:0,lockin,,,22.500000,4
rice_R_4,frame_00000.png,frame_00117.png,rice_R_4/rgb_max_lockin_f137_ps8_th8/00000-00117-FRAME_rgbmax_scale1.00.png,,,0,decode失敗,QR未検出,0.324965,0.444810,0.606417,0.267641,,lockin:lockin::None:22.5:8:8:binary:0,lockin,,,22.500000,8
rice_R_4,frame_00000.png,frame_00117.png,rice_R_4/rgb_max_lockin_f137_ps8_th12/00000-00117-FRAME_rgbmax_scale1.00.png,,,0,decode失敗,QR未検出,0.112802,0.435043,0.623518,0.104216,,lockin:lockin::None:22.5:12:8:binary:0,lockin,,,22.500000,12
rice_R_8,frame_00000.png,frame_00117.png,,,,0,decode失敗,QR未検出,0.004549,0.052130,0.607316,0.094725,,lockin:lockin::None:6.848144780748687:4:8:binary:0,lockin,,,6.848145,4
rice_R_8,frame_00000.png,frame_00117.png,rice_R_8/rgb_max_lockin_f137_ps8_th8/00000-00117-FRAME_rgbmax_scale1.00.png,,,0,decode失敗,QR未検出,0.934748,0.443797,0.549558,0.641943,,lockin:lockin::None:6.848144780748687:8:8:binary:0,lockin,,,6.848145,8
rice_R_8,frame_00000.png,frame_00117.png,rice_R_8/rgb_max_lockin_f137_ps8_th12/00000-00117-FRAME_rgbmax_scale1.00.png,,,0,decode失敗,QR未検出,0.704272,0.539899,0.673699,0.344655,,lockin:lockin::None:6.848144780748687:12:8:binary:0,lockin,,,6.848145,12
rice_R_8,frame_00000.png,frame_00117.png,,,,0,decode失敗,QR未検出,0.002277,0.030019,0.609818,0.085844,,lockin:lockin::None:8.696289561497373:4:8:binary:0,lockin,,,8.696290,4
rice_R_8,frame_00000.png,frame_00117.png,rice_R_8/rgb_max_lockin_f137_ps8_th8/00000-00117-FRAME_rgbmax_scale1.00.png,,,0,decode失敗,QR未検出,0.956385,0.434936,0.531571,0.675149,,lockin:lockin::None:8.696289561497373:8:8:binary:0,lockin,,,8.696290,8
rice_R_8,frame_00000.png,frame_00117.png,rice_R_8/rgb_max_lockin_f137_ps8_th12/00000-00117-FRAME_rgbmax_scale1.00.png,,,0,decode失敗,QR未検出,0.763361,0.526434,0.663708,0.392689,,lockin:lockin::None:8.696289561497373:12:8:binary:0,lockin,,,8.696290,12
rice_R_8,frame_00000.png,frame_00117.png,,,,0,decode失敗,QR未検出,0.994807,0.431634,0.521012,0.696087,,lockin:lockin::None:13.696289561497373:4:8:binary:0,lockin,,,13.696290,4
rice_R_8,frame_00000.png,frame_00117.png,rice_R_8/rgb_max_lockin_f137_ps8_th8/00000-00117-FRAME_rgbmax_scale1.00.png,,,0,decode失敗,QR未検出,0.970874,0.622001,0.774501,0.269080,,lockin:lockin::None:13.696289561497373:8:8:binary:0,lockin,,,13.696290,8
rice_R_8,frame_00000.png,frame_00117.png,rice_R_8/rgb_max_lockin_f137_ps8_th12/00000-00117-FRAME_rgbmax_scale1.00.png,,,0,decode失敗,QR未検出,0.922123,0.758633,0.864782,0.111482,,lockin:lockin::None:13.696289561497373:12:8:binary:0,lockin,,,13.696290,12
rice_R_8,frame_00000.png,frame_00117.png,,,,0,decode失敗,QR未検出,0.006433,0.032955,0.569381,0.159163,,lockin:lockin::None:22.5:4:8:binary:0,lockin,,,22.500000,4
rice_R_8,frame_00000.png,frame_00117.png,rice_R_8/rgb_max_lockin_f137_ps8_th8/00000-00117-FRAME_rgbmax_scale1.00.png,,,0,decode失敗,QR未検出,0.869423,0.489751,0.622533,0.509583,,lockin:lockin::None:22.5:8:8:binary:0,lockin,,,22.500000,8
rice_R_8,frame_00000.png,frame_00117.png,rice_R_8/rgb_max_lockin_f137_ps8_th12/00000-00117-FRAME_rgbmax_scale1.00.png,,,0,decode失敗,QR未検出,0.498508,0.555556,0.672099,0.236197,,lockin:lockin::None:22.5:12:8:binary:0,lockin,,,22.500000,12
rice_R_12,frame_00000.png,frame_00117.png,,,,0,decode失敗,QR未検出,0.000135,0.001054,0.589415,0.137244,,lockin:lockin::None:6.848144780748687:4:8:binary:0,lockin,,,6.848145,4
rice_R_12,frame_00000.png,frame_00117.png,,,,0,decode失敗,QR未検出,0.975135,0.478193,0.603395,0.518230,,lockin:lockin::None:6.848144780748687:8:8:binary:0,lockin,,,6.848145,8
rice_R_12,frame_00000.png,frame_00117.png,,,,0,decode失敗,QR未検出,0.853315,0.597630,0.737329,0.232616,,lockin:lockin::None:6.848144780748687:12:8:binary:0,lockin,,,6.848145,12
rice_R_12,frame_00000.png,frame_00117.png,,,,0,decode失敗,QR未検出,0.000504,0.003945,0.589587,0.142139,,lockin:lockin::None:8.696289561497373:4:8:binary:0,lockin,,,8.696290,4
rice_R_12,frame_00000.png,frame_00117.png,,,,0,decode失敗,QR未検出,0.981923,0.474758,0.597758,0.524423,,lockin:lockin::None:8.696289561497373:8:8:binary:0,lockin,,,8.696290,8
rice_R_12,frame_00000.png,frame_00117.png,,,,0,decode失敗,QR未検出,0.875702,0.599340,0.741516,0.246669,,lockin:lockin::None:8.696289561497373:12:8:binary:0,lockin,,,8.696290,12
rice_R_12,frame_00000.png,frame_00117.png,,,,0,decode失敗,QR未検出,0.999990,0.504322,0.642030,0.405012,,lockin:lockin::None:13.696289561497373:4:8:binary:0,lockin,,,13.696290,4
rice_R_12,frame_00000.png,frame_00117.png,,,,0,decode失敗,QR未検出,0.999467,0.669725,0.820290,0.133431,,lockin:lockin::None:13.696289561497373:8:8:binary:0,lockin,,,13.696290,8
rice_R_12,frame_00000.png,frame_00117.png,,,,0,decode失敗,QR未検出,0.997987,0.759083,0.883906,0.071180,,lockin:lockin::None:13.696289561497373:12:8:binary:0,lockin,,,13.696290,12
rice_R_12,frame_00000.png,frame_00117.png,,,,0,decode失敗,QR未検出,0.000360,0.001686,0.558208,0.200956,,lockin:lockin::None:22.5:4:8:binary:0,lockin,,,22.500000,4
rice_R_12,frame_00000.png,frame_00117.png,,,,0,decode失敗,QR未検出,0.967837,0.509031,0.648295,0.436168,,lockin:lockin::None:22.5:8:8:binary:0,lockin,,,22.500000,8
rice_R_12,frame_00000.png,frame_00117.png,,,,0,decode失敗,QR未検出,0.773007,0.617602,0.743007,0.200893,,lockin:lockin::None:22.5:12:8:binary:0,lockin,,,22.500000,12
nagaoka_fireworks_R_4,frame_00000.png,frame_00117.png,,,,0,decode失敗,QR未検出,0.108339,0.255483,0.560257,0.317602,,lockin:lockin::None:6.848144780748687:4:8:binary:0,lockin,,,6.848145,4
nagaoka_fireworks_R_4,frame_00000.png,frame_00117.png,,,,0,decode失敗,QR未検出,0.786324,0.405975,0.503130,0.516798,,lockin:lockin::None:6.848144780748687:8:8:binary:0,lockin,,,6.848145,8
nagaoka_fireworks_R_4,frame_00000.png,frame_00117.png,nagaoka_fireworks_R_4/rgb_max_lockin_f137_ps8_th12/00000-00117-FRAME_rgbmax_scale1.00.png,,,0,decode失敗,QR未検出,0.581881,0.425158,0.561174,0.359726,,lockin:lockin::None:6.848144780748687:12:8:binary:0,lockin,,,6.848145,12
nagaoka_fireworks_R_4,frame_00000.png,frame_00117.png,,,,0,decode失敗,QR未検出,0.119830,0.252590,0.550289,0.351172,,lockin:lockin::None:8.696289561497373:4:8:binary:0,lockin,,,8.696290,4
nagaoka_fireworks_R_4,frame_00000.png,frame_00117.png,,,,0,decode失敗,QR未検出,0.728417,0.409778,0.518963,0.474135,,lockin:lockin::None:8.696289561497373:8:8:binary:0,lockin,,,8.696290,8
nagaoka_fireworks_R_4,frame_00000.png,frame_00117.png,nagaoka_fireworks_R_4/rgb_max_lockin_f137_ps8_th12/00000-00117-FRAME_rgbmax_scale1.00.png,,,0,decode失敗,QR未検出,0.470886,0.424265,0.574557,0.294159,,lockin:lockin::None:8.696289561497373:12:8:binary:0,lockin,,,8.696290,12
nagaoka_fireworks_R_4,frame_00000.png,frame_00117.png,,,,0,decode失敗,QR未検出,0.799857,0.413808,0.514430,0.506223,,lockin:lockin::None:13.696289561497373:4:8:binary:0,lockin,,,13.696290,4
nagaoka_fireworks_R_4,frame_00000.png,frame_00117.png,,,,0,decode失敗,QR未検出,0.515048,0.497386,0.633815,0.230122,,lockin:lockin::None:13.696289561497373:8:8:binary:0,lockin,,,13.696290,8
nagaoka_fireworks_R_4,frame_00000.png,frame_00117.png,nagaoka_fireworks_R_4/rgb_max_lockin_f137_ps8_th12/00000-00117-FRAME_rgbmax_scale1.00.png,,,0,decode失敗,QR未検出,0.295002,0.562545,0.659678,0.094994,,lockin:lockin::None:13.696289561497373:12:8:binary:0,lockin,,,13.696290,12
nagaoka_fireworks_R_4,frame_00000.png,frame_00117.png,,,,0,decode失敗,QR未検出,0.140185,0.255528,0.538090,0.388333,,lockin:lockin::None:22.5:4:8:binary:0,lockin,,,22.500000,4
nagaoka_fireworks_R_4,frame_00000.png,frame_00117.png,,,,0,decode失敗,QR未検出,0.659466,0.417786,0.541257,0.416861,,lockin:lockin::None:22.5:8:8:binary:0,lockin,,,22.500000,8
nagaoka_fireworks_R_4,frame_00000.png,frame_00117.png,nagaoka_fireworks_R_4/rgb_max_lockin_f137_ps8_th12/00000-00117-FRAME_rgbmax_scale1.00.png,,,0,decode失敗,QR未検出,0.400243,0.426633,0.585650,0.244261,,lockin:lockin::None:22.5:12:8:binary:0,lockin,,,22.500000,12
nagaoka_fireworks_R_8,frame_00000.png,frame_00117.png,,,,0,decode失敗,QR未検出,0.122756,0.220336,0.522291,0.405671,,lockin:lockin::None:6.848144780748687:4:8:binary:0,lockin,,,6.848145,4
nagaoka_fireworks_R_8,frame_00000.png,frame_00117.png,,,,0,decode失敗,QR未検出,0.709369,0.468023,0.600482,0.357291,,lockin:lockin::None:6.848144780748687:8:8:binary:0,lockin,,,6.848145,8
nagaoka_fireworks_R_8,frame_00000.png,frame_00117.png,nagaoka_fireworks_R_8/rgb_max_lockin_f137_ps8_th12/00000-00117-FRAME_rgbmax_scale1.00.png,,,0,decode失敗,QR未検出,0.415875,0.519581,0.647203,0.170767,,lockin:lockin::None:6.848144780748687:12:8:binary:0,lockin,,,6.848145,12
nagaoka_fireworks_R_8,frame_00000.png,frame_00117.png,,,,0,decode失敗,QR未検出,0.119336,0.215875,0.521377,0.404469,,lockin:lockin::None:8.696289561497373:4:8:binary:0,lockin,,,8.696290,4
nagaoka_fireworks_R_8,frame_00000.png,frame_00117.png,,,,0,decode失敗,QR未検出,0.732942,0.468134,0.599444,0.365170,,lockin:lockin::None:8.696289561497373:8:8:binary:0,lockin,,,8.696290,8
nagaoka_fireworks_R_8,frame_00000.png,frame_00117.png,nagaoka_fireworks_R_8/rgb_max_lockin_f137_ps8_th12/00000-00117-FRAME_rgbmax_scale1.00.png,,,0,decode失敗,QR未検出,0.453860,0.522845,0.650232,0.179378,,lockin:lockin::None:8.696289561497373:12:8:binary:0,lockin,,,8.696290,12
nagaoka_fireworks_R_8,frame_00000.png,frame_00117.png,,,,0,decode失敗,QR未検出,0.874981,0.416372,0.507774,0.548028,,lockin:lockin::None:13.696289561497373:4:8:binary:0,lockin,,,13.696290,4
nagaoka_fireworks_R_8,frame_00000.png,frame_00117.png,,,,0,decode失敗,QR未検出,0.815479,0.517821,0.656230,0.303755,,lockin:lockin::None:13.696289561497373:8:8:binary:0,lockin,,,13.696290,8
nagaoka_fireworks_R_8,frame_00000.png,frame_00117.png,nagaoka_fireworks_R_8/rgb_max_lockin_f137_ps8_th12/00000-00117-FRAME_rgbmax_scale1.00.png,,,0,decode失敗,QR未検出,0.750112,0.620015,0.741553,0.157547,,lockin:lockin::None:13.696289561497373:12:8:binary:0,lockin,,,13.696290,12
nagaoka_fireworks_R_8,frame_00000.png,frame_00117.png,,,,0,decode失敗,QR未検出,0.117231,0.218683,0.525934,0.393194,,lockin:lockin::None:22.5:4:8:binary:0,lockin,,,22.500000,4
nagaoka_fireworks_R_8,frame_00000.png,frame_00117.png,,,,0,decode失敗,QR未検出,0.772393,0.456662,0.582392,0.406745,,lockin:lockin::None:22.5:8:8:binary:0,lockin,,,22.500000,8
nagaoka_fireworks_R_8,frame_00000.png,frame_00117.png,nagaoka_fireworks_R_8/rgb_max_lockin_f137_ps8_th12/00000-00117-FRAME_rgbmax_scale1.00.png,,,0,decode失敗,QR未検出,0.551866,0.504433,0.639319,0.233357,,lockin:lockin::None:22.5:12:8:binary:0,lockin,,,22.500000,12
nagaoka_fireworks_R_12,frame_00000.png,frame_00117.png,,,,0,decode失敗,QR未検出,0.009113,0.035100,0.547864,0.333626,,lockin:lockin::None:6.848144780748687:4:8:binary:0,lockin,,,6.848145,4
nagaoka_fireworks_R_12,frame_00000.png,frame_00117.png,,,,0,decode失敗,QR未検出,0.942107,0.446364,0.553325,0.478024,,lockin:lockin::None:6.848144780748687:8:8:binary:0,lockin,,,6.848145,8
nagaoka_fireworks_R_12,frame_00000.png,frame_00117.png,nagaoka_fireworks_R_12/rgb_max_lockin_f137_ps8_th12/00000-00117-FRAME_rgbmax_scale1.00.png,,,0,decode失敗,QR未検出,0.836511,0.511783,0.649816,0.304392,,lockin:lockin::None:6.848144780748687:12:8:binary:0,lockin,,,6.848145,12
nagaoka_fireworks_R_12,frame_00000.png,frame_00117.png,,,,0,decode失敗,QR未検出,0.022564,0.058822,0.512510,0.404178,,lockin:lockin::None:8.696289561497373:4:8:binary:0,lockin,,,8.696290,4
nagaoka_fireworks_R_12,frame_00000.png,frame_00117.png,,,,0,decode失敗,QR未検出,0.890969,0.490524,0.623249,0.355810,,lockin:lockin::None:8.696289561497373:8:8:binary:0,lockin,,,8.696290,8
nagaoka_fireworks_R_12,frame_00000.png,frame_00117.png,nagaoka_fireworks_R_12/rgb_max_lockin_f137_ps8_th12/00000-00117-FRAME_rgbmax_scale1.00.png,,,0,decode失敗,QR未検出,0.698320,0.575830,0.702773,0.180481,,lockin:lockin::None:8.696289561497373:12:8:binary:0,lockin,,,8.696290,12
nagaoka_fireworks_R_12,frame_00000.png,frame_00117.png,,,,0,decode失敗,QR未検出,0.984911,0.539968,0.688891,0.266252,,lockin:lockin::None:13.696289561497373:4:8:binary:0,lockin,,,13.696290,4
nagaoka_fireworks_R_12,frame_00000.png,frame_00117.png,,,,0,decode失敗,QR未検出,0.969490,0.669962,0.814943,0.105920,,lockin:lockin::None:13.696289561497373:8:8:binary:0,lockin,,,13.696290,8
nagaoka_fireworks_R_12,frame_00000.png,frame_00117.png,nagaoka_fireworks_R_12/rgb_max_lockin_f137_ps8_th12/00000-00117-FRAME_rgbmax_scale1.00.png,,,0,decode失敗,QR未検出,0.950385,0.742352,0.861793,0.066547,,lockin:lockin::None:13.696289561497373:12:8:binary:0,lockin,,,13.696290,12
nagaoka_fireworks_R_12,frame_00000.png,frame_00117.png,,,,0,decode失敗,QR未検出,0.010300,0.035954,0.538955,0.354965,,lockin:lockin::None:22.5:4:8:binary:0,lockin,,,22.500000,4
nagaoka_fireworks_R_12,frame_00000.png,frame_00117.png,,,,0,decode失敗,QR未検出,0.942030,0.457635,0.572263,0.453720,,lockin:lockin::None:22.5:8:8:binary:0,lockin,,,22.500000,8
nagaoka_fireworks_R_12,frame_00000.png,frame_00117.png,nagaoka_fireworks_R_12/rgb_max_lockin_f137_ps8_th12/00000-00117-FRAME_rgbmax_scale1.00.png,,,0,decode失敗,QR未検出,0.850827,0.522412,0.662375,0.291436,,lockin:lockin::None:22.5:12:8:binary:0,lockin,,,22.500000,12
hocho_R_4,frame_00000.png,frame_00117.png,,,,0,decode失敗,QR未検出,0.015954,0.182342,0.615541,0.052991,,lockin:lockin::None:6.848144780748687:4:8:binary:0,lockin,,,6.848145,4
hocho_R_4,frame_00000.png,frame_00117.png,hocho_R_4/rgb_max_lockin_f137_ps8_th8/00000-00117-FRAME_rgbmax_scale1.00.png,,,0,decode失敗,QR未検出,0.255235,0.312855,0.524572,0.332556,,lockin:lockin::None:6.848144780748687:8:8:binary:0,lockin,,,6.848145,8
hocho_R_4,frame_00000.png,frame_00117.png,hocho_R_4/rgb_max_lockin_f137_ps8_th12/00000-00117-FRAME_rgbmax_scale1.00.png,,,0,decode失敗,QR未検出,0.372164,0.381567,0.551643,0.346032,,lockin:lockin::None:6.848144780748687:12:8:binary:0,lockin,,,6.848145,12
hocho_R_4,frame_00000.png,frame_00117.png,,,,0,decode失敗,QR未検出,0.050951,0.240668,0.595794,0.108714,,lockin:lockin::None:8.696289561497373:4:8:binary:0,lockin,,,8.696290,4
hocho_R_4,frame_00000.png,frame_00117.png,hocho_R_4/rgb_max_lockin_f137_ps8_th8/00000-00117-FRAME_rgbmax_scale1.00.png,,,0,decode失敗,QR未検出,0.487767,0.384994,0.529650,0.454073,,lockin:lockin::None:8.696289561497373:8:8:binary:0,lockin,,,8.696290,8
hocho_R_4,frame_00000.png,frame_00117.png,hocho_R_4/rgb_max_lockin_f137_ps8_th12/00000-00117-FRAME_rgbmax_scale1.00.png,,,0,decode失敗,QR未検出,0.163527,0.355420,0.587331,0.169934,,lockin:lockin::None:8.696289561497373:12:8:binary:0,lockin,,,8.696290,12
hocho_R_4,frame_00000.png,frame_00117.png,,,,0,decode失敗,QR未検出,0.496178,0.485615,0.625080,0.296121,,lockin:lockin::None:13.696289561497373:4:8:binary:0,lockin,,,13.696290,4
hocho_R_4,frame_00000.png,frame_00117.png,hocho_R_4/rgb_max_lockin_f137_ps8_th8/00000-00117-FRAME_rgbmax_scale1.00.png,,,0,decode失敗,QR未検出,0.150062,0.629689,0.658300,0.041274,,lockin:lockin::None:13.696289561497373:8:8:binary:0,lockin,,,13.696290,8
hocho_R_4,frame_00000.png,frame_00117.png,hocho_R_4/rgb_max_lockin_f137_ps8_th12/00000-00117-FRAME_rgbmax_scale1.00.png,,,0,decode失敗,QR未検出,0.060717,0.703495,0.648580,0.011304,,lockin:lockin::None:13.696289561497373:12:8:binary:0,lockin,,,13.696290,12
hocho_R_4,frame_00000.png,frame_00117.png,,,,0,decode失敗,QR未検出,0.073746,0.256251,0.584689,0.141272,,lockin:lockin::None:22.5:4:8:binary:0,lockin,,,22.500000,4
hocho_R_4,frame_00000.png,frame_00117.png,hocho_R_4/rgb_max_lockin_f137_ps8_th8/00000-00117-FRAME_rgbmax_scale1.00.png,,,0,decode失敗,QR未検出,0.460269,0.387120,0.538026,0.427943,,lockin:lockin::None:22.5:8:8:binary:0,lockin,,,22.500000,8
hocho_R_4,frame_00000.png,frame_00117.png,hocho_R_4/rgb_max_lockin_f137_ps8_th12/00000-00117-FRAME_rgbmax_scale1.00.png,,,0,decode失敗,QR未検出,0.156624,0.350096,0.586936,0.173529,,lockin:lockin::None:22.5:12:8:binary:0,lockin,,,22.500000,12
hocho_R_8,frame_00000.png,frame_00117.png,,,,0,decode失敗,QR未検出,0.005169,0.069829,0.612591,0.060736,,lockin:lockin::None:6.848144780748687:4:8:binary:0,lockin,,,6.848145,4
hocho_R_8,frame_00000.png,frame_00117.png,hocho_R_8/rgb_max_lockin_f137_ps8_th8/00000-00117-FRAME_rgbmax_scale1.00.png,,,0,decode失敗,QR未検出,0.832975,0.425760,0.529986,0.614145,,lockin:lockin::None:6.848144780748687:8:8:binary:0,lockin,,,6.848145,8
hocho_R_8,frame_00000.png,frame_00117.png,hocho_R_8/rgb_max_lockin_f137_ps8_th12/00000-00117-FRAME_rgbmax_scale1.00.png,,,0,decode失敗,QR未検出,0.399897,0.446372,0.600790,0.276853,,lockin:lockin::None:6.848144780748687:12:8:binary:0,lockin,,,6.848145,12
hocho_R_8,frame_00000.png,frame_00117.png,,,,0,decode失敗,QR未検出,0.003060,0.052597,0.616826,0.052255,,lockin:lockin::None:8.696289561497373:4:8:binary:0,lockin,,,8.696290,4
hocho_R_8,frame_00000.png,frame_00117.png,hocho_R_8/rgb_max_lockin_f137_ps8_th8/00000-00117-FRAME_rgbmax_scale1.00.png,,,0,decode失敗,QR未検出,0.894106,0.417456,0.507006,0.671702,,lockin:lockin::None:8.696289561497373:8:8:binary:0,lockin,,,8.696290,8
hocho_R_8,frame_00000.png,frame_00117.png,hocho_R_8/rgb_max_lockin_f137_ps8_th12/00000-00117-FRAME_rgbmax_scale1.00.png,,,0,decode失敗,QR未検出,0.549820,0.467513,0.607956,0.341895,,lockin:lockin::None:8.696289561497373:12:8:binary:0,lockin,,,8.696290,12
hocho_R_8,frame_00000.png,frame_00117.png,,,,0,decode失敗,QR未検出,0.905780,0.524031,0.666044,0.414807,,lockin:lockin::None:13.696289561497373:4:8:binary:0,lockin,,,13.696290,4
hocho_R_8,frame_00000.png,frame_00117.png,hocho_R_8/rgb_max_lockin_f137_ps8_th8/00000-00117-FRAME_rgbmax_scale1.00.png,,,0,decode失敗,QR未検出,0.615509,0.748822,0.784768,0.074085,,lockin:lockin::None:13.696289561497373:8:8:binary:0,lockin,,,13.696290,8
hocho_R_8,frame_00000.png,frame_00117.png,hocho_R_8/rgb_max_lockin_f137_ps8_th12/00000-00117-FRAME_rgbmax_scale1.00.png,,,0,decode失敗,QR未検出,0.487531,0.854359,0.783083,0.025521,,lockin:lockin::None:13.696289561497373:12:8:binary:0,lockin,,,13.696290,12
hocho_R_8,frame_00000.png,frame_00117.png,,,,0,decode失敗,QR未検出,0.061044,0.132707,0.512718,0.268435,,lockin:lockin::None:22.5:4:8:binary:0,lockin,,,22.500000,4
hocho_R_8,frame_00000.png,frame_00117.png,hocho_R_8/rgb_max_lockin_f137_ps8_th8/00000-00117-FRAME_rgbmax_scale1.00.png,,,0,decode失敗,QR未検出,0.362835,0.470254,0.619069,0.230541,,lockin:lockin::None:22.5:8:8:binary:0,lockin,,,22.500000,8
hocho_R_8,frame_00000.png,frame_00117.png,hocho_R_8/rgb_max_lockin_f137_ps8_th12/00000-00117-FRAME_rgbmax_scale1.00.png,,,0,decode失敗,QR未検出,0.092428,0.410296,0.621067,0.071700,,lockin:lockin::None:22.5:12:8:binary:0,lockin,,,22.500000,12
hocho_R_12,frame_00000.png,frame_00117.png,,,,0,decode失敗,QR未検出,0.000197,0.003478,0.615303,0.064216,,lockin:lockin::None:6.848144780748687:4:8:binary:0,lockin,,,6.848145,4
hocho_R_12,frame_00000.png,frame_00117.png,hocho_R_12/rgb_max_lockin_f137_ps8_th8/00000-00117-FRAME_rgbmax_scale1.00.png,,,0,decode失敗,QR未検出,0.977095,0.433205,0.526044,0.646261,,lockin:lockin::None:6.848144780748687:8:8:binary:0,lockin,,,6.848145,8
hocho_R_12,frame_00000.png,frame_00117.png,hocho_R_12/rgb_max_lockin_f137_ps8_th12/00000-00117-FRAME_rgbmax_scale1.00.png,,,0,decode失敗,QR未検出,0.805242,0.526104,0.664891,0.329901,,lockin:lockin::None:6.848144780748687:12:8:binary:0,lockin,,,6.848145,12
hocho_R_12,frame_00000.png,frame_00117.png,,,,0,decode失敗,QR未検出,0.001340,0.013510,0.600631,0.098314,,lockin:lockin::None:8.696289561497373:4:8:binary:0,lockin,,,8.696290,4
hocho_R_12,frame_00000.png,frame_00117.png,hocho_R_12/rgb_max_lockin_f137_ps8_th8/00000-00117-FRAME_rgbmax_scale1.00.png,,,0,decode失敗,QR未検出,0.942477,0.473342,0.597122,0.522516,,lockin:lockin::None:8.696289561497373:8:8:binary:0,lockin,,,8.696290,8
hocho_R_12,frame_00000.png,frame_00117.png,hocho_R_12/rgb_max_lockin_f137_ps8_th12/00000-00117-FRAME_rgbmax_scale1.00.png,,,0,decode失敗,QR未検出,0.656386,0.578656,0.700778,0.218183,,lockin:lockin::None:8.696289561497373:12:8:binary:0,lockin,,,8.696290,12
hocho_R_12,frame_00000.png,frame_00117.png,,,,0,decode失敗,QR未検出,0.979559,0.599374,0.754089,0.231656,,lockin:lockin::None:13.696289561497373:4:8:binary:0,lockin,,,13.696290,4
hocho_R_12,frame_00000.png,frame_00117.png,hocho_R_12/rgb_max_lockin_f137_ps8_th8/00000-00117-FRAME_rgbmax_scale1.00.png,,,0,decode失敗,QR未検出,0.838212,0.758173,0.843700,0.062078,,lockin:lockin::None:13.696289561497373:8:8:binary:0,lockin,,,13.696290,8
hocho_R_12,frame_00000.png,frame_00117.png,hocho_R_12/rgb_max_lockin_f137_ps8_th12/00000-00117-FRAME_rgbmax_scale1.00.png,,,0,decode失敗,QR未検出,0.759129,0.816503,0.850135,0.035760,,lockin:lockin::None:13.696289561497373:12:8:binary:0,lockin,,,13.696290,12
hocho_R_12,frame_00000.png,frame_00117.png,,,,0,decode失敗,QR未検出,0.007172,0.020107,0.511095,0.276489,,lockin:lockin::None:22.5:4:8:binary:0,lockin,,,22.500000,4
hocho_R_12,frame_00000.png,frame_00117.png,hocho_R_12/rgb_max_lockin_f137_ps8_th8/00000-00117-FRAME_rgbmax_scale1.00.png,,,0,decode失敗,QR未検出,0.754483,0.570102,0.703366,0.249021,,lockin:lockin::None:22.5:8:8:binary:0,lockin,,,22.500000,8
hocho_R_12,frame_00000.png,frame_00117.png,hocho_R_12/rgb_max_lockin_f137_ps8_th12/00000-00117-FRAME_rgbmax_scale1.00.png,,,0,decode失敗,QR未検出,0.357478,0.646137,0.694681,0.080787,,lockin:lockin::None:22.5:12:8:binary:0,lockin,,,22.500000,12
ex_R_4,frame_00000.png,frame_00117.png,,,,0,decode失敗,QR未検出,0.014143,0.174211,0.616521,0.046396,,lockin:lockin::None:6.848144780748687:4:8:binary:0,lockin,,,6.848145,4
ex_R_4,frame_00000.png,frame_00117.png,ex_R_4/rgb_max_lockin_f137_ps8_th8/00000-00117-FRAME_rgbmax_scale1.00.png,,,0,decode失敗,QR未検出,0.833595,0.419498,0.519262,0.639383,,lockin:lockin::None:6.848144780748687:8:8:binary:0,lockin,,,6.848145,8
ex_R_4,frame_00000.png,frame_00117.png,ex_R_4/rgb_max_lockin_f137_ps8_th12/00000-00117-FRAME_rgbmax_scale1.00.png,,,0,decode失敗,QR未検出,0.367038,0.540195,0.655680,0.206867,,lockin:lockin::None:6.848144780748687:12:8:binary:0,lockin,,,6.848145,12
ex_R_4,frame_00000.png,frame_00117.png,,,,0,decode失敗,QR未検出,0.009594,0.139115,0.617658,0.041202,,lockin:lockin::None:8.696289561497373:4:8:binary:0,lockin,,,8.696290,4
ex_R_4,frame_00000.png,frame_00117.png,ex_R_4/rgb_max_lockin_f137_ps8_th8/00000-00117-FRAME_rgbmax_scale1.00.png,,,0,decode失敗,QR未検出,0.112173,0.198231,0.511399,0.301510,,lockin:lockin::None:8.696289561497373:8:8:binary:0,lockin,,,8.696290,8
ex_R_4,frame_00000.png,frame_00117.png,ex_R_4/rgb_max_lockin_f137_ps8_th12/00000-00117-FRAME_rgbmax_scale1.00.png,,,0,decode失敗,QR未検出,0.511570,0.504776,0.639312,0.284182,,lockin:lockin::None:8.696289561497373:12:8:binary:0,lockin,,,8.696290,12
ex_R_4,frame_00000.png,frame_00117.png,,,,0,decode失敗,QR未検出,0.026196,0.088937,0.547591,0.197824,,lockin:lockin::None:13.696289561497373:4:8:binary:0,lockin,,,13.696290,4
ex_R_4,frame_00000.png,frame_00117.png,ex_R_4/rgb_max_lockin_f137_ps8_th8/00000-00117-FRAME_rgbmax_scale1.00.png,,,0,decode失敗,QR未検出,0.837712,0.685800,0.801108,0.196190,,lockin:lockin::None:13.696289561497373:8:8:binary:0,lockin,,,13.696290,8
ex_R_4,frame_00000.png,frame_00117.png,ex_R_4/rgb_max_lockin_f137_ps8_th12/00000-00117-FRAME_rgbmax_scale1.00.png,,,0,decode失敗,QR未検出,0.638443,0.873353,0.834597,0.035009,,lockin:lockin::None:13.696289561497373:12:8:binary:0,lockin,,,13.696290,12
ex_R_4,frame_00000.png,frame_00117.png,,,,0,decode失敗,QR未検出,0.726318,0.463103,0.593634,0.497814,,lockin:lockin::None:22.5:4:8:binary:0,lockin,,,22.500000,4
ex_R_4,frame_00000.png,frame_00117.png,ex_R_4/rgb_max_lockin_f137_ps8_th8/00000-00117-FRAME_rgbmax_scale1.00.png,,,0,decode失敗,QR未検出,0.075667,0.604761,0.645335,0.037151,,lockin:lockin::None:22.5:8:8:binary:0,lockin,,,22.500000,8
ex_R_4,frame_00000.png,frame_00117.png,ex_R_4/rgb_max_lockin_f137_ps8_th12/00000-00117-FRAME_rgbmax_scale1.00.png,,,0,decode失敗,QR未検出,0.014133,0.544714,0.636632,0.006791,,lockin:lockin::None:22.5:12:8:binary:0,lockin,,,22.500000,12
ex_R_8,frame_00000.png,frame_00117.png,,,,0,decode失敗,QR未検出,0.004448,0.094693,0.621917,0.029363,,lockin:lockin::None:6.848144780748687:4:8:binary:0,lockin,,,6.848145,4
ex_R_8,frame_00000.png,frame_00117.png,,,,0,decode失敗,QR未検出,0.022151,0.080983,0.552299,0.202984,,lockin:lockin::None:6.848144780748687:8:8:binary:0,lockin,,,6.848145,8
ex_R_8,frame_00000.png,frame_00117.png,ex_R_8/rgb_max_lockin_f137_ps8_th12/00000-00117-FRAME_rgbmax_scale1.00.png,,,0,decode失敗,QR未検出,0.887116,0.490730,0.623579,0.445014,,lockin:lockin::None:6.848144780748687:12:8:binary:0,lockin,,,6.848145,12
ex_R_8,frame_00000.png,frame_00117.png,,,,0,decode失敗,QR未検出,0.008623,0.099319,0.610446,0.059857,,lockin:lockin::None:8.696289561497373:4:8:binary:0,lockin,,,8.696290,4
ex_R_8,frame_00000.png,frame_00117.png,,,,0,decode失敗,QR未検出,0.938898,0.454719,0.567683,0.581026,,lockin:lockin::None:8.696289561497373:8:8:binary:0,lockin,,,8.696290,8
ex_R_8,frame_00000.png,frame_00117.png,ex_R_8/rgb_max_lockin_f137_ps8_th12/00000-00117-FRAME_rgbmax_scale1.00.png,,,0,decode失敗,QR未検出,0.672576,0.669603,0.759879,0.168727,,lockin:lockin::None:8.696289561497373:12:8:binary:0,lockin,,,8.696290,12
ex_R_8,frame_00000.png,frame_00117.png,,,,0,decode失敗,QR未検出,0.006711,0.028880,0.556038,0.185353,,lockin:lockin::None:13.696289561497373:4:8:binary:0,lockin,,,13.696290,4
ex_R_8,frame_00000.png,frame_00117.png,,,,0,decode失敗,QR未検出,0.980760,0.619932,0.773997,0.232791,,lockin:lockin::None:13.696289561497373:8:8:binary:0,lockin,,,13.696290,8
ex_R_8,frame_00000.png,frame_00117.png,ex_R_8/rgb_max_lockin_f137_ps8_th12/00000-00117-FRAME_rgbmax_scale1.00.png,,,0,decode失敗,QR未検出,0.962428,0.749240,0.868999,0.077855,,lockin:lockin::None:13.696289561497373:12:8:binary:0,lockin,,,13.696290,12
ex_R_8,frame_00000.png,frame_00117.png,,,,0,decode失敗,QR未検出,0.007403,0.088865,0.610838,0.058662,,lockin:lockin::None:22.5:4:8:binary:0,lockin,,,22.500000,4
ex_R_8,frame_00000.png,frame_00117.png,,,,0,decode失敗,QR未検出,0.955366,0.446560,0.552506,0.619283,,lockin:lockin::None:22.5:8:8:binary:0,lockin,,,22.500000,8
ex_R_8,frame_00000.png,frame_00117.png,ex_R_8/rgb_max_lockin_f137_ps8_th12/00000-00117-FRAME_rgbmax_scale1.00.png,,,0,decode失敗,QR未検出,0.761175,0.651678,0.764837,0.223872,,lockin:lockin::None:22.5:12:8:binary:0,lockin,,,22.500000,12
ex_R_12,frame_00000.png,frame_00117.png,,,,0,decode失敗,QR未検出,0.000000,0.000000,0.629507,0.015068,,lockin:lockin::None:6.848144780748687:4:8:binary:0,lockin,,,6.848145,4
ex_R_12,frame_00000.png,frame_00117.png,,,,0,decode失敗,QR未検出,0.001211,0.013253,0.603400,0.100540,,lockin:lockin::None:6.848144780748687:8:8:binary:0,lockin,,,6.848145,8
ex_R_12,frame_00000.png,frame_00117.png,,,,0,decode失敗,QR未検出,0.011621,0.033252,0.516968,0.320526,,lockin:lockin::None:6.848144780748687:12:8:binary:0,lockin,,,6.848145,12
ex_R_12,frame_00000.png,frame_00117.png,,,,0,decode失敗,QR未検出,0.000010,0.000772,0.631259,0.010547,,lockin:lockin::None:8.696289561497373:4:8:binary:0,lockin,,,8.696290,4
ex_R_12,frame_00000.png,frame_00117.png,,,,0,decode失敗,QR未検出,0.000826,0.011182,0.609475,0.077684,,lockin:lockin::None:8.696289561497373:8:8:binary:0,lockin,,,8.696290,8
ex_R_12,frame_00000.png,frame_00117.png,,,,0,decode失敗,QR未検出,0.007970,0.027564,0.536283,0.269334,,lockin:lockin::None:8.696289561497373:12:8:binary:0,lockin,,,8.696290,12
ex_R_12,frame_00000.png,frame_00117.png,,,,0,decode失敗,QR未検出,0.999030,0.619252,0.775927,0.140834,,lockin:lockin::None:13.696289561497373:4:8:binary:0,lockin,,,13.696290,4
ex_R_12,frame_00000.png,frame_00117.png,,,,0,decode失敗,QR未検出,0.997752,0.742726,0.873305,0.066273,,lockin:lockin::None:13.696289561497373:8:8:binary:0,lockin,,,13.696290,8
ex_R_12,frame_00000.png,frame_00117.png,,,,0,decode失敗,QR未検出,0.993937,0.803991,0.909537,0.046182,,lockin:lockin::None:13.696289561497373:12:8:binary:0,lockin,,,13.696290,12
ex_R_12,frame_00000.png,frame_00117.png,,,,0,decode失敗,QR未検出,0.000380,0.003740,0.599105,0.106581,,lockin:lockin::None:22.5:4:8:binary:0,lockin,,,22.500000,4
ex_R_12,frame_00000.png,frame_00117.png,,,,0,decode失敗,QR未検出,0.983791,0.515047,0.656723,0.403010,,lockin:lockin::None:22.5:8:8:binary:0,lockin,,,22.500000,8
ex_R_12,frame_00000.png,frame_00117.png,,,,0,decode失敗,QR未検出,0.880813,0.692709,0.814279,0.120241,,lockin:lockin::None:22.5:12:8:binary:0,lockin,,,22.500000,12
rice_G_4,frame_00000.png,frame_00117.png,,,,0,decode失敗,QR未検出,0.040771,0.177575,0.581862,0.148452,,lockin:lockin::None:6.848144780748687:4:8:binary:0,lockin,,,6.848145,4
rice_G_4,frame_00000.png,frame_00117.png,rice_G_4/rgb_max_lockin_f137_ps8_th8/00000-00117-FRAME_rgbmax_scale1.00.png,,,0,decode失敗,QR未検出,0.735791,0.430469,0.549215,0.520557,,lockin:lockin::None:6.848144780748687:8:8:binary:0,lockin,,,6.848145,8
rice_G_4,frame_00000.png,frame_00117.png,rice_G_4/rgb_max_lockin_f137_ps8_th12/00000-00117-FRAME_rgbmax_scale1.00.png,,,0,decode失敗,QR未検出,0.348730,0.441977,0.602438,0.252332,,lockin:lockin::None:6.848144780748687:12:8:binary:0,lockin,,,6.848145,12
rice_G_4,frame_00000.png,frame_00117.png,,,,0,decode失敗,QR未検出,0.042659,0.178367,0.579754,0.155378,,lockin:lockin::None:8.696289561497373:4:8:binary:0,lockin,,,8.696290,4
rice_G_4,frame_00000.png,frame_00117.png,rice_G_4/rgb_max_lockin_f137_ps8_th8/00000-00117-FRAME_rgbmax_scale1.00.png,,,0,decode失敗,QR未検出,0.712823,0.431607,0.553507,0.505130,,lockin:lockin::None:8.696289561497373:8:8:binary:0,lockin,,,8.696290,8
rice_G_4,frame_00000.png,frame_00117.png,rice_G_4/rgb_max_lockin_f137_ps8_th12/00000-00117-FRAME_rgbmax_scale1.00.png,,,0,decode失敗,QR未検出,0.321549,0.436974,0.602004,0.247985,,lockin:lockin::None:8.696289561497373:12:8:binary:0,lockin,,,8.696290,12
rice_G_4,frame_00000.png,frame_00117.png,,,,0,decode失敗,QR未検出,0.858302,0.436395,0.544662,0.585853,,lockin:lockin::None:13.696289561497373:4:8:binary:0,lockin,,,13.696290,4
rice_G_4,frame_00000.png,frame_00117.png,rice_G_4/rgb_max_lockin_f137_ps8_th8/00000-00117-FRAME_rgbmax_scale1.00.png,,,0,decode失敗,QR未検出,0.344229,0.516861,0.643966,0.186658,,lockin:lockin::None:13.696289561497373:8:8:binary:0,lockin,,,13.696290,8
rice_G_4,frame_00000.png,frame_00117.png,rice_G_4/rgb_max_lockin_f137_ps8_th12/00000-00117-FRAME_rgbmax_scale1.00.png,,,0,decode失敗,QR未検出,0.122785,0.516072,0.638572,0.068294,,lockin:lockin::None:13.696289561497373:12:8:binary:0,lockin,,,13.696290,12
rice_G_4,frame_00000.png,frame_00117.png,,,,0,decode失敗,QR未検出,0.719952,0.433615,0.555498,0.516077,,lockin:lockin::None:22.5:4:8:binary:0,lockin,,,22.500000,4
rice_G_4,frame_00000.png,frame_00117.png,rice_G_4/rgb_max_lockin_f137_ps8_th8/00000-00117-FRAME_rgbmax_scale1.00.png,,,0,decode失敗,QR未検出,0.150888,0.397829,0.607559,0.153739,,lockin:lockin::None:22.5:8:8:binary:0,lockin,,,22.500000,8
rice_G_4,frame_00000.png,frame_00117.png,rice_G_4/rgb_max_lockin_f137_ps8_th12/00000-00117-FRAME_rgbmax_scale1.00.png,,,0,decode失敗,QR未検出,0.043221,0.346345,0.621819,0.057976,,lockin:lockin::None:22.5:12:8:binary:0,lockin,,,22.500000,12
rice_G_8,frame_00000.png,frame_00117.png,,,,0,decode失敗,QR未検出,0.007979,0.062073,0.594780,0.116190,,lockin:lockin::None:6.848144780748687:4:8:binary:0,lockin,,,6.848145,4
rice_G_8,frame_00000.png,frame_00117.png,,,,0,decode失敗,QR未検出,0.942554,0.444154,0.549460,0.598360,,lockin:lockin::None:6.848144780748687:8:8:binary:0,lockin,,,6.848145,8
rice_G_8,frame_00000.png,frame_00117.png,rice_G_8/rgb_max_lockin_f137_ps8_th12/00000-00117-FRAME_rgbmax_scale1.00.png,,,0,decode失敗,QR未検出,0.764514,0.555646,0.691557,0.319184,,lockin:lockin::None:6.848144780748687:12:8:binary:0,lockin,,,6.848145,12
rice_G_8,frame_00000.png,frame_00117.png,,,,0,decode失敗,QR未検出,0.014878,0.073729,0.573129,0.167577,,lockin:lockin::None:8.696289561497373:4:8:binary:0,lockin,,,8.696290,4
rice_G_8,frame_00000.png,frame_00117.png,,,,0,decode失敗,QR未検出,0.904242,0.479640,0.607827,0.479394,,lockin:lockin::None:8.696289561497373:8:8:binary:0,lockin,,,8.696290,8
rice_G_8,frame_00000.png,frame_00117.png,rice_G_8/rgb_max_lockin_f137_ps8_th12/00000-00117-FRAME_rgbmax_scale1.00.png,,,0,decode失敗,QR未検出,0.624709,0.582457,0.700208,0.221655,,lockin:lockin::None:8.696289561497373:12:8:binary:0,lockin,,,8.696290,12
rice_G_8,frame_00000.png,frame_00117.png,,,,0,decode失敗,QR未検出,0.014325,0.046990,0.535188,0.253736,,lockin:lockin::None:13.696289561497373:4:8:binary:0,lockin,,,13.696290,4
rice_G_8,frame_00000.png,frame_00117.png,,,,0,decode失敗,QR未検出,0.924188,0.549408,0.696327,0.356637,,lockin:lockin::None:13.696289561497373:8:8:binary:0,lockin,,,13.696290,8
rice_G_8,frame_00000.png,frame_00117.png,rice_G_8/rgb_max_lockin_f137_ps8_th12/00000-00117-FRAME_rgbmax_scale1.00.png,,,0,decode失敗,QR未検出,0.758125,0.669742,0.775748,0.160478,,lockin:lockin::None:13.696289561497373:12:8:binary:0,lockin,,,13.696290,12
rice_G_8,frame_00000.png,frame_00117.png,,,,0,decode失敗,QR未検出,0.722085,0.551398,0.684816,0.317941,,lockin:lockin::None:22.5:4:8:binary:0,lockin,,,22.500000,4
rice_G_8,frame_00000.png,frame_00117.png,,,,0,decode失敗,QR未検出,0.080116,0.451572,0.629528,0.065341,,lockin:lockin::None:22.5:8:8:binary:0,lockin,,,22.500000,8
rice_G_8,frame_00000.png,frame_00117.png,rice_G_8/rgb_max_lockin_f137_ps8_th12/00000-00117-FRAME_rgbmax_scale1.00.png,,,0,decode失敗,QR未検出,0.010996,0.313133,0.631007,0.019333,,lockin:lockin::None:22.5:12:8:binary:0,lockin,,,22.500000,12
rice_G_12,frame_00000.png,frame_00117.png,,,,0,decode失敗,QR未検出,0.000000,0.000000,0.580565,0.185960,,lockin:lockin::None:6.848144780748687:4:8:binary:0,lockin,,,6.848145,4
rice_G_12,frame_00000.png,frame_00117.png,,,,0,decode失敗,QR未検出,0.997065,0.497365,0.631939,0.434822,,lockin:lockin::None:6.848144780748687:8:8:binary:0,lockin,,,6.848145,8
rice_G_12,frame_00000.png,frame_00117.png,,,,0,decode失敗,QR未検出,0.947344,0.637796,0.784876,0.197249,,lockin:lockin::None:6.848144780748687:12:8:binary:0,lockin,,,6.848145,12
rice_G_12,frame_00000.png,frame_00117.png,,,,0,decode失敗,QR未検出,0.000000,0.000000,0.564400,0.225566,,lockin:lockin::None:8.696289561497373:4:8:binary:0,lockin,,,8.696290,4
rice_G_12,frame_00000.png,frame_00117.png,,,,0,decode失敗,QR未検出,0.993380,0.524658,0.669795,0.373437,,lockin:lockin::None:8.696289561497373:8:8:binary:0,lockin,,,8.696290,8
rice_G_12,frame_00000.png,frame_00117.png,,,,0,decode失敗,QR未検出,0.906899,0.668005,0.801932,0.165873,,lockin:lockin::None:8.696289561497373:12:8:binary:0,lockin,,,8.696290,12
rice_G_12,frame_00000.png,frame_00117.png,,,,0,decode失敗,QR未検出,0.999904,0.539022,0.688515,0.271800,,lockin:lockin::None:13.696289561497373:4:8:binary:0,lockin,,,13.696290,4
rice_G_12,frame_00000.png,frame_00117.png,,,,0,decode失敗,QR未検出,0.997699,0.668747,0.819170,0.109888,,lockin:lockin::None:13.696289561497373:8:8:binary:0,lockin,,,13.696290,8
rice_G_12,frame_00000.png,frame_00117.png,,,,0,decode失敗,QR未検出,0.993111,0.759063,0.882681,0.062959,,lockin:lockin::None:13.696289561497373:12:8:binary:0,lockin,,,13.696290,12
rice_G_12,frame_00000.png,frame_00117.png,,,,0,decode失敗,QR未検出,0.000072,0.000331,0.556623,0.239496,,lockin:lockin::None:22.5:4:8:binary:0,lockin,,,22.500000,4
rice_G_12,frame_00000.png,frame_00117.png,,,,0,decode失敗,QR未検出,0.994408,0.520663,0.664534,0.389401,,lockin:lockin::None:22.5:8:8:binary:0,lockin,,,22.500000,8
rice_G_12,frame_00000.png,frame_00117.png,,,,0,decode失敗,QR未検出,0.922603,0.650810,0.791518,0.193461,,lockin:lockin::None:22.5:12:8:binary:0,lockin,,,22.500000,12
nagaoka_fireworks_G_4,frame_00000.png,frame_00117.png,,,,0,decode失敗,QR未検出,0.113033,0.270315,0.565826,0.316964,,lockin:lockin::None:6.848144780748687:4:8:binary:0,lockin,,,6.848145,4
nagaoka_fireworks_G_4,frame_00000.png,frame_00117.png,,,,0,decode失敗,QR未検出,0.786795,0.411108,0.511863,0.498282,,lockin:lockin::None:6.848144780748687:8:8:binary:0,lockin,,,6.848145,8
nagaoka_fireworks_G_4,frame_00000.png,frame_00117.png,nagaoka_fireworks_G_4/rgb_max_lockin_f137_ps8_th12/00000-00117-FRAME_rgbmax_scale1.00.png,,,0,decode失敗,QR未検出,0.576991,0.427036,0.563975,0.335943,,lockin:lockin::None:6.848144780748687:12:8:binary:0,lockin,,,6.848145,12
nagaoka_fireworks_G_4,frame_00000.png,frame_00117.png,,,,0,decode失敗,QR未検出,0.135410,0.263528,0.547278,0.365808,,lockin:lockin::None:8.696289561497373:4:8:binary:0,lockin,,,8.696290,4
nagaoka_fireworks_G_4,frame_00000.png,frame_00117.png,,,,0,decode失敗,QR未検出,0.714116,0.422299,0.540076,0.428197,,lockin:lockin::None:8.696289561497373:8:8:binary:0,lockin,,,8.696290,8
nagaoka_fireworks_G_4,frame_00000.png,frame_00117.png,nagaoka_fireworks_G_4/rgb_max_lockin_f137_ps8_th12/00000-00117-FRAME_rgbmax_scale1.00.png,,,0,decode失敗,QR未検出,0.434630,0.430756,0.584894,0.255168,,lockin:lockin::None:8.696289561497373:12:8:binary:0,lockin,,,8.696290,12
nagaoka_fireworks_G_4,frame_00000.png,frame_00117.png,,,,0,decode失敗,QR未検出,0.141415,0.238333,0.522691,0.416754,,lockin:lockin::None:13.696289561497373:4:8:binary:0,lockin,,,13.696290,4
nagaoka_fireworks_G_4,frame_00000.png,frame_00117.png,,,,0,decode失敗,QR未検出,0.701337,0.454762,0.584968,0.357540,,lockin:lockin::None:13.696289561497373:8:8:binary:0,lockin,,,13.696290,8
nagaoka_fireworks_G_4,frame_00000.png,frame_00117.png,nagaoka_fireworks_G_4/rgb_max_lockin_f137_ps8_th12/00000-00117-FRAME_rgbmax_scale1.00.png,,,0,decode失敗,QR未検出,0.517715,0.518799,0.649452,0.199893,,lockin:lockin::None:13.696289561497373:12:8:binary:0,lockin,,,13.696290,12
nagaoka_fireworks_G_4,frame_00000.png,frame_00117.png,,,,0,decode失敗,QR未検出,0.138133,0.248342,0.533823,0.393303,,lockin:lockin::None:22.5:4:8:binary:0,lockin,,,22.500000,4
nagaoka_fireworks_G_4,frame_00000.png,frame_00117.png,,,,0,decode失敗,QR未検出,0.661132,0.421435,0.546008,0.398127,,lockin:lockin::None:22.5:8:8:binary:0,lockin,,,22.500000,8
nagaoka_fireworks_G_4,frame_00000.png,frame_00117.png,nagaoka_fireworks_G_4/rgb_max_lockin_f137_ps8_th12/00000-00117-FRAME_rgbmax_scale1.00.png,,,0,decode失敗,QR未検出,0.397145,0.427112,0.586418,0.238576,,lockin:lockin::None:22.5:12:8:binary:0,lockin,,,22.500000,12
nagaoka_fireworks_G_8,frame_00000.png,frame_00117.png,,,,0,decode失敗,QR未検出,0.127094,0.239373,0.534988,0.385533,,lockin:lockin::None:6.848144780748687:4:8:binary:0,lockin,,,6.848145,4
nagaoka_fireworks_G_8,frame_00000.png,frame_00117.png,nagaoka_fireworks_G_8/rgb_max_lockin_f137_ps8_th8/00000-00117-FRAME_rgbmax_scale1.00.png,,,0,decode失敗,QR未検出,0.777081,0.453968,0.578391,0.394652,,lockin:lockin::None:6.848144780748687:8:8:binary:0,lockin,,,6.848145,8
nagaoka_fireworks_G_8,frame_00000.png,frame_00117.png,nagaoka_fireworks_G_8/rgb_max_lockin_f137_ps8_th12/00000-00117-FRAME_rgbmax_scale1.00.png,,,0,decode失敗,QR未検出,0.590918,0.529598,0.659843,0.214430,,lockin:lockin::None:6.848144780748687:12:8:binary:0,lockin,,,6.848145,12
nagaoka_fireworks_G_8,frame_00000.png,frame_00117.png,,,,0,decode失敗,QR未検出,0.090228,0.250317,0.570228,0.277427,,lockin:lockin::None:8.696289561497373:4:8:binary:0,lockin,,,8.696290,4
nagaoka_fireworks_G_8,frame_00000.png,frame_00117.png,nagaoka_fireworks_G_8/rgb_max_lockin_f137_ps8_th8/00000-00117-FRAME_rgbmax_scale1.00.png,,,0,decode失敗,QR未検出,0.146065,0.227130,0.507963,0.445878,,lockin:lockin::None:8.696289561497373:8:8:binary:0,lockin,,,8.696290,8
nagaoka_fireworks_G_8,frame_00000.png,frame_00117.png,nagaoka_fireworks_G_8/rgb_max_lockin_f137_ps8_th12/00000-00117-FRAME_rgbmax_scale1.00.png,,,0,decode失敗,QR未検出,0.794755,0.447300,0.567579,0.416108,,lockin:lockin::None:8.696289561497373:12:8:binary:0,lockin,,,8.696290,12
nagaoka_fireworks_G_8,frame_00000.png,frame_00117.png,,,,0,decode失敗,QR未検出,0.829372,0.453760,0.574223,0.407014,,lockin:lockin::None:13.696289561497373:4:8:binary:0,lockin,,,13.696290,4
nagaoka_fireworks_G_8,frame_00000.png,frame_00117.png,nagaoka_fireworks_G_8/rgb_max_lockin_f137_ps8_th8/00000-00117-FRAME_rgbmax_scale1.00.png,,,0,decode失敗,QR未検出,0.658639,0.583802,0.704656,0.155071,,lockin:lockin::None:13.696289561497373:8:8:binary:0,lockin,,,13.696290,8
nagaoka_fireworks_G_8,frame_00000.png,frame_00117.png,nagaoka_fireworks_G_8/rgb_max_lockin_f137_ps8_th12/00000-00117-FRAME_rgbmax_scale1.00.png,,,0,decode失敗,QR未検出,0.469829,0.655290,0.716889,0.068200,,lockin:lockin::None:13.696289561497373:12:8:binary:0,lockin,,,13.696290,12
nagaoka_fireworks_G_8,frame_00000.png,frame_00117.png,,,,0,decode失敗,QR未検出,0.136039,0.243466,0.531373,0.403051,,lockin:lockin::None:22.5:4:8:binary:0,lockin,,,22.500000,4
nagaoka_fireworks_G_8,frame_00000.png,frame_00117.png,nagaoka_fireworks_G_8/rgb_max_lockin_f137_ps8_th8/00000-00117-FRAME_rgbmax_scale1.00.png,,,0,decode失敗,QR未検出,0.768684,0.451750,0.575983,0.390208,,lockin:lockin::None:22.5:8:8:binary:0,lockin,,,22.500000,8
nagaoka_fireworks_G_8,frame_00000.png,frame_00117.png,nagaoka_fireworks_G_8/rgb_max_lockin_f137_ps8_th12/00000-00117-FRAME_rgbmax_scale1.00.png,,,0,decode失敗,QR未検出,0.578177,0.515868,0.648741,0.223173,,lockin:lockin::None:22.5:12:8:binary:0,lockin,,,22.500000,12
nagaoka_fireworks_G_12,frame_00000.png,frame_00117.png,,,,0,decode失敗,QR未検出,0.010405,0.040211,0.549119,0.315203,,lockin:lockin::None:6.848144780748687:4:8:binary:0,lockin,,,6.848145,4
nagaoka_fireworks_G_12,frame_00000.png,frame_00117.png,,,,0,decode失敗,QR未検出,0.961477,0.450588,0.558983,0.476937,,lockin:lockin::None:6.848144780748687:8:8:binary:0,lockin,,,6.848145,8
nagaoka_fireworks_G_12,frame_00000.png,frame_00117.png,,,,0,decode失敗,QR未検出,0.928109,0.519643,0.661342,0.315801,,lockin:lockin::None:6.848144780748687:12:8:binary:0,lockin,,,6.848145,12
nagaoka_fireworks_G_12,frame_00000.png,frame_00117.png,,,,0,decode失敗,QR未検出,0.009363,0.036812,0.549972,0.330919,,lockin:lockin::None:8.696289561497373:4:8:binary:0,lockin,,,8.696290,4
nagaoka_fireworks_G_12,frame_00000.png,frame_00117.png,,,,0,decode失敗,QR未検出,0.959719,0.446880,0.552688,0.480404,,lockin:lockin::None:8.696289561497373:8:8:binary:0,lockin,,,8.696290,8
nagaoka_fireworks_G_12,frame_00000.png,frame_00117.png,,,,0,decode失敗,QR未検出,0.921863,0.511134,0.650414,0.321856,,lockin:lockin::None:8.696289561497373:12:8:binary:0,lockin,,,8.696290,12
nagaoka_fireworks_G_12,frame_00000.png,frame_00117.png,,,,0,decode失敗,QR未検出,0.966766,0.499933,0.635692,0.323490,,lockin:lockin::None:13.696289561497373:4:8:binary:0,lockin,,,13.696290,4
nagaoka_fireworks_G_12,frame_00000.png,frame_00117.png,,,,0,decode失敗,QR未検出,0.929007,0.605859,0.754026,0.142829,,lockin:lockin::None:13.696289561497373:8:8:binary:0,lockin,,,13.696290,8
nagaoka_fireworks_G_12,frame_00000.png,frame_00117.png,,,,0,decode失敗,QR未検出,0.895682,0.676401,0.805939,0.088939,,lockin:lockin::None:13.696289561497373:12:8:binary:0,lockin,,,13.696290,12
nagaoka_fireworks_G_12,frame_00000.png,frame_00117.png,,,,0,decode失敗,QR未検出,0.013677,0.036730,0.510129,0.397351,,lockin:lockin::None:22.5:4:8:binary:0,lockin,,,22.500000,4
nagaoka_fireworks_G_12,frame_00000.png,frame_00117.png,,,,0,decode失敗,QR未検出,0.939134,0.488286,0.619375,0.379398,,lockin:lockin::None:22.5:8:8:binary:0,lockin,,,22.500000,8
nagaoka_fireworks_G_12,frame_00000.png,frame_00117.png,,,,0,decode失敗,QR未検出,0.872805,0.566114,0.710036,0.231886,,lockin:lockin::None:22.5:12:8:binary:0,lockin,,,22.500000,12
hocho_G_4,frame_00000.png,frame_00117.png,,,,0,decode失敗,QR未検出,0.072127,0.306102,0.602506,0.119826,,lockin:lockin::None:6.848144780748687:4:8:binary:0,lockin,,,6.848145,4
hocho_G_4,frame_00000.png,frame_00117.png,,,,0,decode失敗,QR未検出,0.508914,0.389024,0.530037,0.433871,,lockin:lockin::None:6.848144780748687:8:8:binary:0,lockin,,,6.848145,8
hocho_G_4,frame_00000.png,frame_00117.png,hocho_G_4/rgb_max_lockin_f137_ps8_th12/00000-00117-FRAME_rgbmax_scale1.00.png,,,0,decode失敗,QR未検出,0.231753,0.417365,0.602363,0.157030,,lockin:lockin::None:6.848144780748687:12:8:binary:0,lockin,,,6.848145,12
hocho_G_4,frame_00000.png,frame_00117.png,,,,0,decode失敗,QR未検出,0.174740,0.325000,0.567249,0.234386,,lockin:lockin::None:8.696289561497373:4:8:binary:0,lockin,,,8.696290,4
hocho_G_4,frame_00000.png,frame_00117.png,,,,0,decode失敗,QR未検出,0.336999,0.406363,0.579222,0.254559,,lockin:lockin::None:8.696289561497373:8:8:binary:0,lockin,,,8.696290,8
hocho_G_4,frame_00000.png,frame_00117.png,hocho_G_4/rgb_max_lockin_f137_ps8_th12/00000-00117-FRAME_rgbmax_scale1.00.png,,,0,decode失敗,QR未検出,0.099053,0.399531,0.617643,0.071555,,lockin:lockin::None:8.696289561497373:12:8:binary:0,lockin,,,8.696290,12
hocho_G_4,frame_00000.png,frame_00117.png,,,,0,decode失敗,QR未検出,0.227242,0.309285,0.533716,0.317671,,lockin:lockin::None:13.696289561497373:4:8:binary:0,lockin,,,13.696290,4
hocho_G_4,frame_00000.png,frame_00117.png,,,,0,decode失敗,QR未検出,0.325027,0.468416,0.619823,0.191907,,lockin:lockin::None:13.696289561497373:8:8:binary:0,lockin,,,13.696290,8
hocho_G_4,frame_00000.png,frame_00117.png,hocho_G_4/rgb_max_lockin_f137_ps8_th12/00000-00117-FRAME_rgbmax_scale1.00.png,,,0,decode失敗,QR未検出,0.136707,0.560321,0.646507,0.053545,,lockin:lockin::None:13.696289561497373:12:8:binary:0,lockin,,,13.696290,12
hocho_G_4,frame_00000.png,frame_00117.png,,,,0,decode失敗,QR未検出,0.353990,0.338087,0.512297,0.408547,,lockin:lockin::None:22.5:4:8:binary:0,lockin,,,22.500000,4
hocho_G_4,frame_00000.png,frame_00117.png,,,,0,decode失敗,QR未検出,0.185736,0.406542,0.604685,0.143455,,lockin:lockin::None:22.5:8:8:binary:0,lockin,,,22.500000,8
hocho_G_4,frame_00000.png,frame_00117.png,hocho_G_4/rgb_max_lockin_f137_ps8_th12/00000-00117-FRAME_rgbmax_scale1.00.png,,,0,decode失敗,QR未検出,0.043173,0.345561,0.621732,0.043270,,lockin:lockin::None:22.5:12:8:binary:0,lockin,,,22.500000,12
hocho_G_8,frame_00000.png,frame_00117.png,,,,0,decode失敗,QR未検出,0.151863,0.258576,0.532504,0.282038,,lockin:lockin::None:6.848144780748687:4:8:binary:0,lockin,,,6.848145,4
hocho_G_8,frame_00000.png,frame_00117.png,hocho_G_8/rgb_max_lockin_f137_ps8_th8/00000-00117-FRAME_rgbmax_scale1.00.png,,,0,decode失敗,QR未検出,0.396092,0.457162,0.608751,0.234736,,lockin:lockin::None:6.848144780748687:8:8:binary:0,lockin,,,6.848145,8
hocho_G_8,frame_00000.png,frame_00117.png,hocho_G_8/rgb_max_lockin_f137_ps8_th12/00000-00117-FRAME_rgbmax_scale1.00.png,,,0,decode失敗,QR未検出,0.191880,0.548865,0.648230,0.070012,,lockin:lockin::None:6.848144780748687:12:8:binary:0,lockin,,,6.848145,12
hocho_G_8,frame_00000.png,frame_00117.png,,,,0,decode失敗,QR未検出,0.061645,0.210447,0.574004,0.165509,,lockin:lockin::None:8.696289561497373:4:8:binary:0,lockin,,,8.696290,4
hocho_G_8,frame_00000.png,frame_00117.png,hocho_G_8/rgb_max_lockin_f137_ps8_th8/00000-00117-FRAME_rgbmax_scale1.00.png,,,0,decode失敗,QR未検出,0.563645,0.435675,0.575168,0.393607,,lockin:lockin::None:8.696289561497373:8:8:binary:0,lockin,,,8.696290,8
hocho_G_8,frame_00000.png,frame_00117.png,hocho_G_8/rgb_max_lockin_f137_ps8_th12/00000-00117-FRAME_rgbmax_scale1.00.png,,,0,decode失敗,QR未検出,0.300383,0.495876,0.633967,0.151187,,lockin:lockin::None:8.696289561497373:12:8:binary:0,lockin,,,8.696290,12
hocho_G_8,frame_00000.png,frame_00117.png,,,,0,decode失敗,QR未検出,0.852653,0.419179,0.516034,0.644130,,lockin:lockin::None:13.696289561497373:4:8:binary:0,lockin,,,13.696290,4
hocho_G_8,frame_00000.png,frame_00117.png,hocho_G_8/rgb_max_lockin_f137_ps8_th8/00000-00117-FRAME_rgbmax_scale1.00.png,,,0,decode失敗,QR未検出,0.491581,0.543462,0.664424,0.193568,,lockin:lockin::None:13.696289561497373:8:8:binary:0,lockin,,,13.696290,8
hocho_G_8,frame_00000.png,frame_00117.png,hocho_G_8/rgb_max_lockin_f137_ps8_th12/00000-00117-FRAME_rgbmax_scale1.00.png,,,0,decode失敗,QR未検出,0.336711,0.686484,0.702414,0.063094,,lockin:lockin::None:13.696289561497373:12:8:binary:0,lockin,,,13.696290,12
hocho_G_8,frame_00000.png,frame_00117.png,,,,0,decode失敗,QR未検出,0.128694,0.247469,0.540125,0.253169,,lockin:lockin::None:22.5:4:8:binary:0,lockin,,,22.500000,4
hocho_G_8,frame_00000.png,frame_00117.png,hocho_G_8/rgb_max_lockin_f137_ps8_th8/00000-00117-FRAME_rgbmax_scale1.00.png,,,0,decode失敗,QR未検出,0.443594,0.447531,0.597903,0.295619,,lockin:lockin::None:22.5:8:8:binary:0,lockin,,,22.500000,8
hocho_G_8,frame_00000.png,frame_00117.png,hocho_G_8/rgb_max_lockin_f137_ps8_th12/00000-00117-FRAME_rgbmax_scale1.00.png,,,0,decode失敗,QR未検出,0.230519,0.498628,0.635325,0.114447,,lockin:lockin::None:22.5:12:8:binary:0,lockin,,,22.500000,12
hocho_G_12,frame_00000.png,frame_00117.png,,,,0,decode失敗,QR未検出,0.001336,0.006952,0.566788,0.156302,,lockin:lockin::None:6.848144780748687:4:8:binary:0,lockin,,,6.848145,4
hocho_G_12,frame_00000.png,frame_00117.png,hocho_G_12/rgb_max_lockin_f137_ps8_th8/00000-00117-FRAME_rgbmax_scale1.00.png,,,0,decode失敗,QR未検出,0.919130,0.522149,0.664187,0.401839,,lockin:lockin::None:6.848144780748687:8:8:binary:0,lockin,,,6.848145,8
hocho_G_12,frame_00000.png,frame_00117.png,hocho_G_12/rgb_max_lockin_f137_ps8_th12/00000-00117-FRAME_rgbmax_scale1.00.png,,,0,decode失敗,QR未検出,0.657049,0.623525,0.730603,0.153714,,lockin:lockin::None:6.848144780748687:12:8:binary:0,lockin,,,6.848145,12
hocho_G_12,frame_00000.png,frame_00117.png,,,,0,decode失敗,QR未検出,0.000889,0.007403,0.592708,0.103284,,lockin:lockin::None:8.696289561497373:4:8:binary:0,lockin,,,8.696290,4
hocho_G_12,frame_00000.png,frame_00117.png,hocho_G_12/rgb_max_lockin_f137_ps8_th8/00000-00117-FRAME_rgbmax_scale1.00.png,,,0,decode失敗,QR未検出,0.962231,0.482276,0.610028,0.516877,,lockin:lockin::None:8.696289561497373:8:8:binary:0,lockin,,,8.696290,8
hocho_G_12,frame_00000.png,frame_00117.png,hocho_G_12/rgb_max_lockin_f137_ps8_th12/00000-00117-FRAME_rgbmax_scale1.00.png,,,0,decode失敗,QR未検出,0.766479,0.591598,0.722233,0.230281,,lockin:lockin::None:8.696289561497373:12:8:binary:0,lockin,,,8.696290,12
hocho_G_12,frame_00000.png,frame_00117.png,,,,0,decode失敗,QR未検出,0.971325,0.622760,0.775258,0.203575,,lockin:lockin::None:13.696289561497373:4:8:binary:0,lockin,,,13.696290,4
hocho_G_12,frame_00000.png,frame_00117.png,hocho_G_12/rgb_max_lockin_f137_ps8_th8/00000-00117-FRAME_rgbmax_scale1.00.png,,,0,decode失敗,QR未検出,0.871907,0.811294,0.879483,0.049025,,lockin:lockin::None:13.696289561497373:8:8:binary:0,lockin,,,13.696290,8
hocho_G_12,frame_00000.png,frame_00117.png,hocho_G_12/rgb_max_lockin_f137_ps8_th12/00000-00117-FRAME_rgbmax_scale1.00.png,,,0,decode失敗,QR未検出,0.765725,0.886014,0.878795,0.022037,,lockin:lockin::None:13.696289561497373:12:8:binary:0,lockin,,,13.696290,12
hocho_G_12,frame_00000.png,frame_00117.png,,,,0,decode失敗,QR未検出,0.991324,0.427420,0.513166,0.699298,,lockin:lockin::None:22.5:4:8:binary:0,lockin,,,22.500000,4
hocho_G_12,frame_00000.png,frame_00117.png,hocho_G_12/rgb_max_lockin_f137_ps8_th8/00000-00117-FRAME_rgbmax_scale1.00.png,,,0,decode失敗,QR未検出,0.750962,0.585279,0.715491,0.240026,,lockin:lockin::None:22.5:8:8:binary:0,lockin,,,22.500000,8
hocho_G_12,frame_00000.png,frame_00117.png,hocho_G_12/rgb_max_lockin_f137_ps8_th12/00000-00117-FRAME_rgbmax_scale1.00.png,,,0,decode失敗,QR未検出,0.396943,0.638172,0.698390,0.088864,,lockin:lockin::None:22.5:12:8:binary:0,lockin,,,22.500000,12
ex_G_4,frame_00000.png,frame_00117.png,,,,0,decode失敗,QR未検出,0.014186,0.146551,0.610864,0.050993,,lockin:lockin::None:6.848144780748687:4:8:binary:0,lockin,,,6.848145,4
ex_G_4,frame_00000.png,frame_00117.png,ex_G_4/rgb_max_lockin_f137_ps8_th8/00000-00117-FRAME_rgbmax_scale1.00.png,,,0,decode失敗,QR未検出,0.785935,0.417262,0.522268,0.591118,,lockin:lockin::None:6.848144780748687:8:8:binary:0,lockin,,,6.848145,8
ex_G_4,frame_00000.png,frame_00117.png,ex_G_4/rgb_max_lockin_f137_ps8_th12/00000-00117-FRAME_rgbmax_scale1.00.png,,,0,decode失敗,QR未検出,0.357075,0.499966,0.635769,0.192737,,lockin:lockin::None:6.848144780748687:12:8:binary:0,lockin,,,6.848145,12
ex_G_4,frame_00000.png,frame_00117.png,,,,0,decode失敗,QR未検出,0.011957,0.142489,0.613933,0.044000,,lockin:lockin::None:8.696289561497373:4:8:binary:0,lockin,,,8.696290,4
ex_G_4,frame_00000.png,frame_00117.png,ex_G_4/rgb_max_lockin_f137_ps8_th8/00000-00117-FRAME_rgbmax_scale1.00.png,,,0,decode失敗,QR未検出,0.823050,0.417650,0.517574,0.644491,,lockin:lockin::None:8.696289561497373:8:8:binary:0,lockin,,,8.696290,8
ex_G_4,frame_00000.png,frame_00117.png,ex_G_4/rgb_max_lockin_f137_ps8_th12/00000-00117-FRAME_rgbmax_scale1.00.png,,,0,decode失敗,QR未検出,0.359063,0.491042,0.631015,0.232671,,lockin:lockin::None:8.696289561497373:12:8:binary:0,lockin,,,8.696290,12
ex_G_4,frame_00000.png,frame_00117.png,,,,0,decode失敗,QR未検出,0.021349,0.113064,0.582567,0.109430,,lockin:lockin::None:13.696289561497373:4:8:binary:0,lockin,,,13.696290,4
ex_G_4,frame_00000.png,frame_00117.png,ex_G_4/rgb_max_lockin_f137_ps8_th8/00000-00117-FRAME_rgbmax_scale1.00.png,,,0,decode失敗,QR未検出,0.770298,0.527438,0.664976,0.380753,,lockin:lockin::None:13.696289561497373:8:8:binary:0,lockin,,,13.696290,8
ex_G_4,frame_00000.png,frame_00117.png,ex_G_4/rgb_max_lockin_f137_ps8_th12/00000-00117-FRAME_rgbmax_scale1.00.png,,,0,decode失敗,QR未検出,0.387296,0.700465,0.716525,0.091326,,lockin:lockin::None:13.696289561497373:12:8:binary:0,lockin,,,13.696290,12
ex_G_4,frame_00000.png,frame_00117.png,,,,0,decode失敗,QR未検出,0.062999,0.187038,0.559001,0.167262,,lockin:lockin::None:22.5:4:8:binary:0,lockin,,,22.500000,4
ex_G_4,frame_00000.png,frame_00117.png,ex_G_4/rgb_max_lockin_f137_ps8_th8/00000-00117-FRAME_rgbmax_scale1.00.png,,,0,decode失敗,QR未検出,0.350200,0.501131,0.636362,0.252222,,lockin:lockin::None:22.5:8:8:binary:0,lockin,,,22.500000,8
ex_G_4,frame_00000.png,frame_00117.png,ex_G_4/rgb_max_lockin_f137_ps8_th12/00000-00117-FRAME_rgbmax_scale1.00.png,,,0,decode失敗,QR未検出,0.064724,0.482281,0.634055,0.054314,,lockin:lockin::None:22.5:12:8:binary:0,lockin,,,22.500000,12
ex_G_8,frame_00000.png,frame_00117.png,,,,0,decode失敗,QR未検出,0.005448,0.106649,0.621151,0.031799,,lockin:lockin::None:6.848144780748687:4:8:binary:0,lockin,,,6.848145,4
ex_G_8,frame_00000.png,frame_00117.png,,,,0,decode失敗,QR未検出,0.023684,0.065475,0.521295,0.243430,,lockin:lockin::None:6.848144780748687:8:8:binary:0,lockin,,,6.848145,8
ex_G_8,frame_00000.png,frame_00117.png,,,,0,decode失敗,QR未検出,0.884215,0.559921,0.704715,0.360604,,lockin:lockin::None:6.848144780748687:12:8:binary:0,lockin,,,6.848145,12
ex_G_8,frame_00000.png,frame_00117.png,,,,0,decode失敗,QR未検出,0.012663,0.072495,0.581391,0.116867,,lockin:lockin::None:8.696289561497373:4:8:binary:0,lockin,,,8.696290,4
ex_G_8,frame_00000.png,frame_00117.png,,,,0,decode失敗,QR未検出,0.872310,0.576358,0.719969,0.330310,,lockin:lockin::None:8.696289561497373:8:8:binary:0,lockin,,,8.696290,8
ex_G_8,frame_00000.png,frame_00117.png,,,,0,decode失敗,QR未検出,0.425781,0.791765,0.750077,0.057973,,lockin:lockin::None:8.696289561497373:12:8:binary:0,lockin,,,8.696290,12
ex_G_8,frame_00000.png,frame_00117.png,,,,0,decode失敗,QR未検出,0.003320,0.091669,0.625016,0.021769,,lockin:lockin::None:13.696289561497373:4:8:binary:0,lockin,,,13.696290,4
ex_G_8,frame_00000.png,frame_00117.png,,,,0,decode失敗,QR未検出,0.010266,0.046624,0.563069,0.164516,,lockin:lockin::None:13.696289561497373:8:8:binary:0,lockin,,,13.696290,8
ex_G_8,frame_00000.png,frame_00117.png,,,,0,decode失敗,QR未検出,0.975625,0.476223,0.600303,0.533130,,lockin:lockin::None:13.696289561497373:12:8:binary:0,lockin,,,13.696290,12
ex_G_8,frame_00000.png,frame_00117.png,,,,0,decode失敗,QR未検出,0.015954,0.079154,0.573999,0.131343,,lockin:lockin::None:22.5:4:8:binary:0,lockin,,,22.500000,4
ex_G_8,frame_00000.png,frame_00117.png,,,,0,decode失敗,QR未検出,0.842286,0.583144,0.723265,0.333445,,lockin:lockin::None:22.5:8:8:binary:0,lockin,,,22.500000,8
ex_G_8,frame_00000.png,frame_00117.png,,,,0,decode失敗,QR未検出,0.386955,0.764570,0.733324,0.072299,,lockin:lockin::None:22.5:12:8:binary:0,lockin,,,22.500000,12
ex_G_12,frame_00000.png,frame_00117.png,,,,0,decode失敗,QR未検出,0.000000,0.000000,0.616885,0.040797,,lockin:lockin::None:6.848144780748687:4:8:binary:0,lockin,,,6.848145,4
ex_G_12,frame_00000.png,frame_00117.png,,,,0,decode失敗,QR未検出,0.999409,0.436903,0.530651,0.643450,,lockin:lockin::None:6.848144780748687:8:8:binary:0,lockin,,,6.848145,8
ex_G_12,frame_00000.png,frame_00117.png,,,,0,decode失敗,QR未検出,0.986410,0.600939,0.756477,0.255098,,lockin:lockin::None:6.848144780748687:12:8:binary:0,lockin,,,6.848145,12
ex_G_12,frame_00000.png,frame_00117.png,,,,0,decode失敗,QR未検出,0.000005,0.000067,0.609746,0.058810,,lockin:lockin::None:8.696289561497373:4:8:binary:0,lockin,,,8.696290,4
ex_G_12,frame_00000.png,frame_00117.png,,,,0,decode失敗,QR未検出,0.997795,0.466950,0.584343,0.545238,,lockin:lockin::None:8.696289561497373:8:8:binary:0,lockin,,,8.696290,8
ex_G_12,frame_00000.png,frame_00117.png,,,,0,decode失敗,QR未検出,0.975663,0.640135,0.791369,0.192792,,lockin:lockin::None:8.696289561497373:12:8:binary:0,lockin,,,8.696290,12
ex_G_12,frame_00000.png,frame_00117.png,,,,0,decode失敗,QR未検出,0.999832,0.500786,0.636929,0.384891,,lockin:lockin::None:13.696289561497373:4:8:binary:0,lockin,,,13.696290,4
ex_G_12,frame_00000.png,frame_00117.png,,,,0,decode失敗,QR未検出,0.997478,0.642701,0.797113,0.113658,,lockin:lockin::None:13.696289561497373:8:8:binary:0,lockin,,,13.696290,8
ex_G_12,frame_00000.png,frame_00117.png,,,,0,decode失敗,QR未検出,0.993889,0.721609,0.858123,0.073991,,lockin:lockin::None:13.696289561497373:12:8:binary:0,lockin,,,13.696290,12
ex_G_12,frame_00000.png,frame_00117.png,,,,0,decode失敗,QR未検出,0.000029,0.000236,0.591373,0.098568,,lockin:lockin::None:22.5:4:8:binary:0,lockin,,,22.500000,4
ex_G_12,frame_00000.png,frame_00117.png,,,,0,decode失敗,QR未検出,0.996858,0.524263,0.669393,0.429941,,lockin:lockin::None:22.5:8:8:binary:0,lockin,,,22.500000,8
ex_G_12,frame_00000.png,frame_00117.png,,,,0,decode失敗,QR未検出,0.960449,0.692339,0.830147,0.147098,,lockin:lockin::None:22.5:12:8:binary:0,lockin,,,22.500000,12
rice_B_4,frame_00000.png,frame_00117.png,,,,0,decode失敗,QR未検出,0.058498,0.210835,0.577344,0.179465,,lockin:lockin::None:6.848144780748687:4:8:binary:0,lockin,,,6.848145,4
rice_B_4,frame_00000.png,frame_00117.png,rice_B_4/rgb_max_lockin_f137_ps8_th8/00000-00117-FRAME_rgbmax_scale1.00.png,,,0,decode失敗,QR未検出,0.677749,0.437116,0.564764,0.447581,,lockin:lockin::None:6.848144780748687:8:8:binary:0,lockin,,,6.848145,8
rice_B_4,frame_00000.png,frame_00117.png,rice_B_4/rgb_max_lockin_f137_ps8_th12/00000-00117-FRAME_rgbmax_scale1.00.png,,,0,decode失敗,QR未検出,0.284828,0.452181,0.613846,0.190910,,lockin:lockin::None:6.848144780748687:12:8:binary:0,lockin,,,6.848145,12
rice_B_4,frame_00000.png,frame_00117.png,,,,0,decode失敗,QR未検出,0.029761,0.212909,0.606555,0.096461,,lockin:lockin::None:8.696289561497373:4:8:binary:0,lockin,,,8.696290,4
rice_B_4,frame_00000.png,frame_00117.png,rice_B_4/rgb_max_lockin_f137_ps8_th8/00000-00117-FRAME_rgbmax_scale1.00.png,,,0,decode失敗,QR未検出,0.128088,0.220210,0.517240,0.331329,,lockin:lockin::None:8.696289561497373:8:8:binary:0,lockin,,,8.696290,8
rice_B_4,frame_00000.png,frame_00117.png,rice_B_4/rgb_max_lockin_f137_ps8_th12/00000-00117-FRAME_rgbmax_scale1.00.png,,,0,decode失敗,QR未検出,0.615211,0.455782,0.592311,0.396137,,lockin:lockin::None:8.696289561497373:12:8:binary:0,lockin,,,8.696290,12
rice_B_4,frame_00000.png,frame_00117.png,,,,0,decode失敗,QR未検出,0.069158,0.172488,0.540134,0.267831,,lockin:lockin::None:13.696289561497373:4:8:binary:0,lockin,,,13.696290,4
rice_B_4,frame_00000.png,frame_00117.png,rice_B_4/rgb_max_lockin_f137_ps8_th8/00000-00117-FRAME_rgbmax_scale1.00.png,,,0,decode失敗,QR未検出,0.749233,0.541469,0.677585,0.329956,,lockin:lockin::None:13.696289561497373:8:8:binary:0,lockin,,,13.696290,8
rice_B_4,frame_00000.png,frame_00117.png,rice_B_4/rgb_max_lockin_f137_ps8_th12/00000-00117-FRAME_rgbmax_scale1.00.png,,,0,decode失敗,QR未検出,0.567128,0.684764,0.747253,0.136517,,lockin:lockin::None:13.696289561497373:12:8:binary:0,lockin,,,13.696290,12
rice_B_4,frame_00000.png,frame_00117.png,,,,0,decode失敗,QR未検出,0.818549,0.422948,0.527162,0.578735,,lockin:lockin::None:22.5:4:8:binary:0,lockin,,,22.500000,4
rice_B_4,frame_00000.png,frame_00117.png,rice_B_4/rgb_max_lockin_f137_ps8_th8/00000-00117-FRAME_rgbmax_scale1.00.png,,,0,decode失敗,QR未検出,0.244796,0.465910,0.622739,0.177218,,lockin:lockin::None:22.5:8:8:binary:0,lockin,,,22.500000,8
rice_B_4,frame_00000.png,frame_00117.png,rice_B_4/rgb_max_lockin_f137_ps8_th12/00000-00117-FRAME_rgbmax_scale1.00.png,,,0,decode失敗,QR未検出,0.076129,0.438744,0.628044,0.066492,,lockin:lockin::None:22.5:12:8:binary:0,lockin,,,22.500000,12
rice_B_8,frame_00000.png,frame_00117.png,,,,0,decode失敗,QR未検出,0.020676,0.165889,0.605453,0.088852,,lockin:lockin::None:6.848144780748687:4:8:binary:0,lockin,,,6.848145,4
rice_B_8,frame_00000.png,frame_00117.png,rice_B_8/rgb_max_lockin_f137_ps8_th8/00000-00117-FRAME_rgbmax_scale1.00.png,,,0,decode失敗,QR未検出,0.086601,0.159974,0.501704,0.316868,,lockin:lockin::None:6.848144780748687:8:8:binary:0,lockin,,,6.848145,8
rice_B_8,frame_00000.png,frame_00117.png,rice_B_8/rgb_max_lockin_f137_ps8_th12/00000-00117-FRAME_rgbmax_scale1.00.png,,,0,decode失敗,QR未検出,0.771619,0.489779,0.624057,0.427973,,lockin:lockin::None:6.848144780748687:12:8:binary:0,lockin,,,6.848145,12
rice_B_8,frame_00000.png,frame_00117.png,,,,0,decode失敗,QR未検出,0.024976,0.190957,0.606343,0.095674,,lockin:lockin::None:8.696289561497373:4:8:binary:0,lockin,,,8.696290,4
rice_B_8,frame_00000.png,frame_00117.png,rice_B_8/rgb_max_lockin_f137_ps8_th8/00000-00117-FRAME_rgbmax_scale1.00.png,,,0,decode失敗,QR未検出,0.907250,0.417531,0.505256,0.663218,,lockin:lockin::None:8.696289561497373:8:8:binary:0,lockin,,,8.696290,8
rice_B_8,frame_00000.png,frame_00117.png,rice_B_8/rgb_max_lockin_f137_ps8_th12/00000-00117-FRAME_rgbmax_scale1.00.png,,,0,decode失敗,QR未検出,0.756040,0.502404,0.638422,0.400328,,lockin:lockin::None:8.696289561497373:12:8:binary:0,lockin,,,8.696290,12
rice_B_8,frame_00000.png,frame_00117.png,,,,0,decode失敗,QR未検出,0.905789,0.478896,0.606711,0.493559,,lockin:lockin::None:13.696289561497373:4:8:binary:0,lockin,,,13.696290,4
rice_B_8,frame_00000.png,frame_00117.png,rice_B_8/rgb_max_lockin_f137_ps8_th8/00000-00117-FRAME_rgbmax_scale1.00.png,,,0,decode失敗,QR未検出,0.821681,0.664117,0.783697,0.164344,,lockin:lockin::None:13.696289561497373:8:8:binary:0,lockin,,,13.696290,8
rice_B_8,frame_00000.png,frame_00117.png,rice_B_8/rgb_max_lockin_f137_ps8_th12/00000-00117-FRAME_rgbmax_scale1.00.png,,,0,decode失敗,QR未検出,0.762809,0.757160,0.824506,0.077575,,lockin:lockin::None:13.696289561497373:12:8:binary:0,lockin,,,13.696290,12
rice_B_8,frame_00000.png,frame_00117.png,,,,0,decode失敗,QR未検出,0.861833,0.459412,0.580324,0.536836,,lockin:lockin::None:22.5:4:8:binary:0,lockin,,,22.500000,4
rice_B_8,frame_00000.png,frame_00117.png,rice_B_8/rgb_max_lockin_f137_ps8_th8/00000-00117-FRAME_rgbmax_scale1.00.png,,,0,decode失敗,QR未検出,0.407262,0.596229,0.683666,0.165814,,lockin:lockin::None:22.5:8:8:binary:0,lockin,,,22.500000,8
rice_B_8,frame_00000.png,frame_00117.png,rice_B_8/rgb_max_lockin_f137_ps8_th12/00000-00117-FRAME_rgbmax_scale1.00.png,,,0,decode失敗,QR未検出,0.134314,0.565811,0.647167,0.065912,,lockin:lockin::None:22.5:12:8:binary:0,lockin,,,22.500000,12
rice_B_12,frame_00000.png,frame_00117.png,,,,0,decode失敗,QR未検出,0.009670,0.099231,0.607337,0.110683,,lockin:lockin::None:6.848144780748687:4:8:binary:0,lockin,,,6.848145,4
rice_B_12,frame_00000.png,frame_00117.png,,,,0,decode失敗,QR未検出,0.955174,0.435515,0.532766,0.593436,,lockin:lockin::None:6.848144780748687:8:8:binary:0,lockin,,,6.848145,8
rice_B_12,frame_00000.png,frame_00117.png,,,,0,decode失敗,QR未検出,0.882543,0.528537,0.670497,0.333433,,lockin:lockin::None:6.848144780748687:12:8:binary:0,lockin,,,6.848145,12
rice_B_12,frame_00000.png,frame_00117.png,,,,0,decode失敗,QR未検出,0.006980,0.081087,0.609519,0.103134,,lockin:lockin::None:8.696289561497373:4:8:binary:0,lockin,,,8.696290,4
rice_B_12,frame_00000.png,frame_00117.png,,,,0,decode失敗,QR未検出,0.966656,0.426240,0.513938,0.626151,,lockin:lockin::None:8.696289561497373:8:8:binary:0,lockin,,,8.696290,8
rice_B_12,frame_00000.png,frame_00117.png,,,,0,decode失敗,QR未検出,0.912289,0.513576,0.653353,0.369176,,lockin:lockin::None:8.696289561497373:12:8:binary:0,lockin,,,8.696290,12
rice_B_12,frame_00000.png,frame_00117.png,,,,0,decode失敗,QR未検出,0.946320,0.561677,0.711481,0.232327,,lockin:lockin::None:13.696289561497373:4:8:binary:0,lockin,,,13.696290,4
rice_B_12,frame_00000.png,frame_00117.png,,,,0,decode失敗,QR未検出,0.916694,0.660108,0.797747,0.103925,,lockin:lockin::None:13.696289561497373:8:8:binary:0,lockin,,,13.696290,8
rice_B_12,frame_00000.png,frame_00117.png,,,,0,decode失敗,QR未検出,0.905069,0.719293,0.836782,0.069337,,lockin:lockin::None:13.696289561497373:12:8:binary:0,lockin,,,13.696290,12
rice_B_12,frame_00000.png,frame_00117.png,,,,0,decode失敗,QR未検出,0.953896,0.457459,0.571170,0.530566,,lockin:lockin::None:22.5:4:8:binary:0,lockin,,,22.500000,4
rice_B_12,frame_00000.png,frame_00117.png,,,,0,decode失敗,QR未検出,0.784763,0.612721,0.740951,0.189328,,lockin:lockin::None:22.5:8:8:binary:0,lockin,,,22.500000,8
rice_B_12,frame_00000.png,frame_00117.png,,,,0,decode失敗,QR未検出,0.465145,0.691948,0.729777,0.076007,,lockin:lockin::None:22.5:12:8:binary:0,lockin,,,22.500000,12
nagaoka_fireworks_B_4,frame_00000.png,frame_00117.png,,,,0,decode失敗,QR未検出,0.121324,0.248766,0.546534,0.360355,,lockin:lockin::None:6.848144780748687:4:8:binary:0,lockin,,,6.848145,4
nagaoka_fireworks_B_4,frame_00000.png,frame_00117.png,nagaoka_fireworks_B_4/rgb_max_lockin_f137_ps8_th8/00000-00117-FRAME_rgbmax_scale1.00.png,,,0,decode失敗,QR未検出,0.684537,0.416906,0.536404,0.420759,,lockin:lockin::None:6.848144780748687:8:8:binary:0,lockin,,,6.848145,8
nagaoka_fireworks_B_4,frame_00000.png,frame_00117.png,nagaoka_fireworks_B_4/rgb_max_lockin_f137_ps8_th12/00000-00117-FRAME_rgbmax_scale1.00.png,,,0,decode失敗,QR未検出,0.422202,0.437372,0.591749,0.241670,,lockin:lockin::None:6.848144780748687:12:8:binary:0,lockin,,,6.848145,12
nagaoka_fireworks_B_4,frame_00000.png,frame_00117.png,,,,0,decode失敗,QR未検出,0.112706,0.248965,0.553006,0.343718,,lockin:lockin::None:8.696289561497373:4:8:binary:0,lockin,,,8.696290,4
nagaoka_fireworks_B_4,frame_00000.png,frame_00117.png,nagaoka_fireworks_B_4/rgb_max_lockin_f137_ps8_th8/00000-00117-FRAME_rgbmax_scale1.00.png,,,0,decode失敗,QR未検出,0.748882,0.416071,0.525748,0.460558,,lockin:lockin::None:8.696289561497373:8:8:binary:0,lockin,,,8.696290,8
nagaoka_fireworks_B_4,frame_00000.png,frame_00117.png,nagaoka_fireworks_B_4/rgb_max_lockin_f137_ps8_th12/00000-00117-FRAME_rgbmax_scale1.00.png,,,0,decode失敗,QR未検出,0.510341,0.440012,0.585106,0.288900,,lockin:lockin::None:8.696289561497373:12:8:binary:0,lockin,,,8.696290,12
nagaoka_fireworks_B_4,frame_00000.png,frame_00117.png,,,,0,decode失敗,QR未検出,0.813226,0.415327,0.515019,0.499628,,lockin:lockin::None:13.696289561497373:4:8:binary:0,lockin,,,13.696290,4
nagaoka_fireworks_B_4,frame_00000.png,frame_00117.png,nagaoka_fireworks_B_4/rgb_max_lockin_f137_ps8_th8/00000-00117-FRAME_rgbmax_scale1.00.png,,,0,decode失敗,QR未検出,0.610869,0.527084,0.658651,0.228323,,lockin:lockin::None:13.696289561497373:8:8:binary:0,lockin,,,13.696290,8
nagaoka_fireworks_B_4,frame_00000.png,frame_00117.png,nagaoka_fireworks_B_4/rgb_max_lockin_f137_ps8_th12/00000-00117-FRAME_rgbmax_scale1.00.png,,,0,decode失敗,QR未検出,0.453274,0.636461,0.706578,0.100059,,lockin:lockin::None:13.696289561497373:12:8:binary:0,lockin,,,13.696290,12
nagaoka_fireworks_B_4,frame_00000.png,frame_00117.png,,,,0,decode失敗,QR未検出,0.167231,0.259820,0.523180,0.432301,,lockin:lockin::None:22.5:4:8:binary:0,lockin,,,22.500000,4
nagaoka_fireworks_B_4,frame_00000.png,frame_00117.png,nagaoka_fireworks_B_4/rgb_max_lockin_f137_ps8_th8/00000-00117-FRAME_rgbmax_scale1.00.png,,,0,decode失敗,QR未検出,0.569141,0.437430,0.576485,0.327786,,lockin:lockin::None:22.5:8:8:binary:0,lockin,,,22.500000,8
nagaoka_fireworks_B_4,frame_00000.png,frame_00117.png,nagaoka_fireworks_B_4/rgb_max_lockin_f137_ps8_th12/00000-00117-FRAME_rgbmax_scale1.00.png,,,0,decode失敗,QR未検出,0.301987,0.439554,0.605537,0.172680,,lockin:lockin::None:22.5:12:8:binary:0,lockin,,,22.500000,12
nagaoka_fireworks_B_8,frame_00000.png,frame_00117.png,,,,0,decode失敗,QR未検出,0.084771,0.215030,0.553953,0.327217,,lockin:lockin::None:6.848144780748687:4:8:binary:0,lockin,,,6.848145,4
nagaoka_fireworks_B_8,frame_00000.png,frame_00117.png,nagaoka_fireworks_B_8/rgb_max_lockin_f137_ps8_th8/00000-00117-FRAME_rgbmax_scale1.00.png,,,0,decode失敗,QR未検出,0.815648,0.422490,0.526786,0.481653,,lockin:lockin::None:6.848144780748687:8:8:binary:0,lockin,,,6.848145,8
nagaoka_fireworks_B_8,frame_00000.png,frame_00117.png,nagaoka_fireworks_B_8/rgb_max_lockin_f137_ps8_th12/00000-00117-FRAME_rgbmax_scale1.00.png,,,0,decode失敗,QR未検出,0.659624,0.472146,0.607440,0.313756,,lockin:lockin::None:6.848144780748687:12:8:binary:0,lockin,,,6.848145,12
nagaoka_fireworks_B_8,frame_00000.png,frame_00117.png,,,,0,decode失敗,QR未検出,0.134358,0.217689,0.508864,0.444735,,lockin:lockin::None:8.696289561497373:4:8:binary:0,lockin,,,8.696290,4
nagaoka_fireworks_B_8,frame_00000.png,frame_00117.png,nagaoka_fireworks_B_8/rgb_max_lockin_f137_ps8_th8/00000-00117-FRAME_rgbmax_scale1.00.png,,,0,decode失敗,QR未検出,0.642157,0.477448,0.613692,0.296925,,lockin:lockin::None:8.696289561497373:8:8:binary:0,lockin,,,8.696290,8
nagaoka_fireworks_B_8,frame_00000.png,frame_00117.png,nagaoka_fireworks_B_8/rgb_max_lockin_f137_ps8_th12/00000-00117-FRAME_rgbmax_scale1.00.png,,,0,decode失敗,QR未検出,0.331974,0.511113,0.641044,0.131858,,lockin:lockin::None:8.696289561497373:12:8:binary:0,lockin,,,8.696290,12
nagaoka_fireworks_B_8,frame_00000.png,frame_00117.png,,,,0,decode失敗,QR未検出,0.772075,0.525480,0.663057,0.258795,,lockin:lockin::None:13.696289561497373:4:8:binary:0,lockin,,,13.696290,4
nagaoka_fireworks_B_8,frame_00000.png,frame_00117.png,nagaoka_fireworks_B_8/rgb_max_lockin_f137_ps8_th8/00000-00117-FRAME_rgbmax_scale1.00.png,,,0,decode失敗,QR未検出,0.683798,0.697454,0.776801,0.078625,,lockin:lockin::None:13.696289561497373:8:8:binary:0,lockin,,,13.696290,8
nagaoka_fireworks_B_8,frame_00000.png,frame_00117.png,nagaoka_fireworks_B_8/rgb_max_lockin_f137_ps8_th12/00000-00117-FRAME_rgbmax_scale1.00.png,,,0,decode失敗,QR未検出,0.612459,0.799581,0.802940,0.034781,,lockin:lockin::None:13.696289561497373:12:8:binary:0,lockin,,,13.696290,12
nagaoka_fireworks_B_8,frame_00000.png,frame_00117.png,,,,0,decode失敗,QR未検出,0.134127,0.213855,0.505058,0.449664,,lockin:lockin::None:22.5:4:8:binary:0,lockin,,,22.500000,4
nagaoka_fireworks_B_8,frame_00000.png,frame_00117.png,nagaoka_fireworks_B_8/rgb_max_lockin_f137_ps8_th8/00000-00117-FRAME_rgbmax_scale1.00.png,,,0,decode失敗,QR未検出,0.672470,0.479438,0.614778,0.310542,,lockin:lockin::None:22.5:8:8:binary:0,lockin,,,22.500000,8
nagaoka_fireworks_B_8,frame_00000.png,frame_00117.png,nagaoka_fireworks_B_8/rgb_max_lockin_f137_ps8_th12/00000-00117-FRAME_rgbmax_scale1.00.png,,,0,decode失敗,QR未検出,0.417115,0.530812,0.653423,0.154219,,lockin:lockin::None:22.5:12:8:binary:0,lockin,,,22.500000,12
nagaoka_fireworks_B_12,frame_00000.png,frame_00117.png,,,,0,decode失敗,QR未検出,0.000154,0.000916,0.574781,0.278247,,lockin:lockin::None:6.848144780748687:4:8:binary:0,lockin,,,6.848145,4
nagaoka_fireworks_B_12,frame_00000.png,frame_00117.png,,,,0,decode失敗,QR未検出,0.987908,0.423839,0.506476,0.550040,,lockin:lockin::None:6.848144780748687:8:8:binary:0,lockin,,,6.848145,8
nagaoka_fireworks_B_12,frame_00000.png,frame_00117.png,,,,0,decode失敗,QR未検出,0.938668,0.461430,0.578634,0.412173,,lockin:lockin::None:6.848144780748687:12:8:binary:0,lockin,,,6.848145,12
nagaoka_fireworks_B_12,frame_00000.png,frame_00117.png,,,,0,decode失敗,QR未検出,0.001782,0.008802,0.563338,0.316171,,lockin:lockin::None:8.696289561497373:4:8:binary:0,lockin,,,8.696290,4
nagaoka_fireworks_B_12,frame_00000.png,frame_00117.png,,,,0,decode失敗,QR未検出,0.969572,0.431452,0.523579,0.505871,,lockin:lockin::None:8.696289561497373:8:8:binary:0,lockin,,,8.696290,8
nagaoka_fireworks_B_12,frame_00000.png,frame_00117.png,,,,0,decode失敗,QR未検出,0.896028,0.480374,0.609120,0.354498,,lockin:lockin::None:8.696289561497373:12:8:binary:0,lockin,,,8.696290,12
nagaoka_fireworks_B_12,frame_00000.png,frame_00117.png,,,,0,decode失敗,QR未検出,0.929651,0.583758,0.732949,0.157355,,lockin:lockin::None:13.696289561497373:4:8:binary:0,lockin,,,13.696290,4
nagaoka_fireworks_B_12,frame_00000.png,frame_00117.png,,,,0,decode失敗,QR未検出,0.889369,0.698098,0.819623,0.076174,,lockin:lockin::None:13.696289561497373:8:8:binary:0,lockin,,,13.696290,8
nagaoka_fireworks_B_12,frame_00000.png,frame_00117.png,,,,0,decode失敗,QR未検出,0.872080,0.769635,0.858340,0.050193,,lockin:lockin::None:13.696289561497373:12:8:binary:0,lockin,,,13.696290,12
nagaoka_fireworks_B_12,frame_00000.png,frame_00117.png,,,,0,decode失敗,QR未検出,0.004189,0.013252,0.523710,0.394121,,lockin:lockin::None:22.5:4:8:binary:0,lockin,,,22.500000,4
nagaoka_fireworks_B_12,frame_00000.png,frame_00117.png,,,,0,decode失敗,QR未検出,0.931899,0.473551,0.597873,0.390433,,lockin:lockin::None:22.5:8:8:binary:0,lockin,,,22.500000,8
nagaoka_fireworks_B_12,frame_00000.png,frame_00117.png,,,,0,decode失敗,QR未検出,0.814125,0.533285,0.672801,0.238372,,lockin:lockin::None:22.5:12:8:binary:0,lockin,,,22.500000,12
hocho_B_4,frame_00000.png,frame_00117.png,,,,0,decode失敗,QR未検出,0.036861,0.227523,0.603631,0.079307,,lockin:lockin::None:6.848144780748687:4:8:binary:0,lockin,,,6.848145,4
hocho_B_4,frame_00000.png,frame_00117.png,,,,0,decode失敗,QR未検出,0.369603,0.338481,0.507314,0.416106,,lockin:lockin::None:6.848144780748687:8:8:binary:0,lockin,,,6.848145,8
hocho_B_4,frame_00000.png,frame_00117.png,,,,0,decode失敗,QR未検出,0.286788,0.385288,0.573589,0.263817,,lockin:lockin::None:6.848144780748687:12:8:binary:0,lockin,,,6.848145,12
hocho_B_4,frame_00000.png,frame_00117.png,,,,0,decode失敗,QR未検出,0.104563,0.307608,0.588148,0.144139,,lockin:lockin::None:8.696289561497373:4:8:binary:0,lockin,,,8.696290,4
hocho_B_4,frame_00000.png,frame_00117.png,,,,0,decode失敗,QR未検出,0.424815,0.385608,0.543988,0.396475,,lockin:lockin::None:8.696289561497373:8:8:binary:0,lockin,,,8.696290,8
hocho_B_4,frame_00000.png,frame_00117.png,,,,0,decode失敗,QR未検出,0.141251,0.373334,0.600877,0.135885,,lockin:lockin::None:8.696289561497373:12:8:binary:0,lockin,,,8.696290,12
hocho_B_4,frame_00000.png,frame_00117.png,,,,0,decode失敗,QR未検出,0.069922,0.265694,0.590871,0.118841,,lockin:lockin::None:13.696289561497373:4:8:binary:0,lockin,,,13.696290,4
hocho_B_4,frame_00000.png,frame_00117.png,,,,0,decode失敗,QR未検出,0.532828,0.390533,0.526994,0.484921,,lockin:lockin::None:13.696289561497373:8:8:binary:0,lockin,,,13.696290,8
hocho_B_4,frame_00000.png,frame_00117.png,,,,0,decode失敗,QR未検出,0.236000,0.407360,0.596692,0.202344,,lockin:lockin::None:13.696289561497373:12:8:binary:0,lockin,,,13.696290,12
hocho_B_4,frame_00000.png,frame_00117.png,,,,0,decode失敗,QR未検出,0.335870,0.331786,0.511747,0.383743,,lockin:lockin::None:22.5:4:8:binary:0,lockin,,,22.500000,4
hocho_B_4,frame_00000.png,frame_00117.png,,,,0,decode失敗,QR未検出,0.165862,0.382415,0.598638,0.159296,,lockin:lockin::None:22.5:8:8:binary:0,lockin,,,22.500000,8
hocho_B_4,frame_00000.png,frame_00117.png,,,,0,decode失敗,QR未検出,0.052757,0.367303,0.621903,0.050208,,lockin:lockin::None:22.5:12:8:binary:0,lockin,,,22.500000,12
hocho_B_8,frame_00000.png,frame_00117.png,,,,0,decode失敗,QR未検出,0.027373,0.193002,0.604070,0.085091,,lockin:lockin::None:6.848144780748687:4:8:binary:0,lockin,,,6.848145,4
hocho_B_8,frame_00000.png,frame_00117.png,,,,0,decode失敗,QR未検出,0.697777,0.395555,0.501576,0.599516,,lockin:lockin::None:6.848144780748687:8:8:binary:0,lockin,,,6.848145,8
hocho_B_8,frame_00000.png,frame_00117.png,hocho_B_8/rgb_max_lockin_f137_ps8_th12/00000-00117-FRAME_rgbmax_scale1.00.png,,,0,decode失敗,QR未検出,0.375224,0.412863,0.578100,0.301469,,lockin:lockin::None:6.848144780748687:12:8:binary:0,lockin,,,6.848145,12
hocho_B_8,frame_00000.png,frame_00117.png,,,,0,decode失敗,QR未検出,0.055961,0.247230,0.594110,0.120385,,lockin:lockin::None:8.696289561497373:4:8:binary:0,lockin,,,8.696290,4
hocho_B_8,frame_00000.png,frame_00117.png,,,,0,decode失敗,QR未検出,0.566830,0.398127,0.530135,0.484376,,lockin:lockin::None:8.696289561497373:8:8:binary:0,lockin,,,8.696290,8
hocho_B_8,frame_00000.png,frame_00117.png,hocho_B_8/rgb_max_lockin_f137_ps8_th12/00000-00117-FRAME_rgbmax_scale1.00.png,,,0,decode失敗,QR未検出,0.255725,0.415894,0.598116,0.201761,,lockin:lockin::None:8.696289561497373:12:8:binary:0,lockin,,,8.696290,12
hocho_B_8,frame_00000.png,frame_00117.png,,,,0,decode失敗,QR未検出,0.156321,0.253981,0.525487,0.287576,,lockin:lockin::None:13.696289561497373:4:8:binary:0,lockin,,,13.696290,4
hocho_B_8,frame_00000.png,frame_00117.png,,,,0,decode失敗,QR未検出,0.447798,0.492750,0.630987,0.251242,,lockin:lockin::None:13.696289561497373:8:8:binary:0,lockin,,,13.696290,8
hocho_B_8,frame_00000.png,frame_00117.png,hocho_B_8/rgb_max_lockin_f137_ps8_th12/00000-00117-FRAME_rgbmax_scale1.00.png,,,0,decode失敗,QR未検出,0.239387,0.588129,0.661916,0.081801,,lockin:lockin::None:13.696289561497373:12:8:binary:0,lockin,,,13.696290,12
hocho_B_8,frame_00000.png,frame_00117.png,,,,0,decode失敗,QR未検出,0.188186,0.296144,0.541425,0.275037,,lockin:lockin::None:22.5:4:8:binary:0,lockin,,,22.500000,4
hocho_B_8,frame_00000.png,frame_00117.png,,,,0,decode失敗,QR未検出,0.330206,0.422437,0.591623,0.266134,,lockin:lockin::None:22.5:8:8:binary:0,lockin,,,22.500000,8
hocho_B_8,frame_00000.png,frame_00117.png,hocho_B_8/rgb_max_lockin_f137_ps8_th12/00000-00117-FRAME_rgbmax_scale1.00.png,,,0,decode失敗,QR未検出,0.105904,0.397350,0.615858,0.091655,,lockin:lockin::None:22.5:12:8:binary:0,lockin,,,22.500000,12
hocho_B_12,frame_00000.png,frame_00117.png,,,,0,decode失敗,QR未検出,0.002508,0.027179,0.604009,0.077922,,lockin:lockin::None:6.848144780748687:4:8:binary:0,lockin,,,6.848145,4
hocho_B_12,frame_00000.png,frame_00117.png,hocho_B_12/rgb_max_lockin_f137_ps8_th8/00000-00117-FRAME_rgbmax_scale1.00.png,,,0,decode失敗,QR未検出,0.920307,0.440550,0.545323,0.611447,,lockin:lockin::None:6.848144780748687:8:8:binary:0,lockin,,,6.848145,8
hocho_B_12,frame_00000.png,frame_00117.png,hocho_B_12/rgb_max_lockin_f137_ps8_th12/00000-00117-FRAME_rgbmax_scale1.00.png,,,0,decode失敗,QR未検出,0.682140,0.517131,0.652248,0.300948,,lockin:lockin::None:6.848144780748687:12:8:binary:0,lockin,,,6.848145,12
hocho_B_12,frame_00000.png,frame_00117.png,,,,0,decode失敗,QR未検出,0.000370,0.008122,0.619469,0.041641,,lockin:lockin::None:8.696289561497373:4:8:binary:0,lockin,,,8.696290,4
hocho_B_12,frame_00000.png,frame_00117.png,hocho_B_12/rgb_max_lockin_f137_ps8_th8/00000-00117-FRAME_rgbmax_scale1.00.png,,,0,decode失敗,QR未検出,0.018961,0.053000,0.519297,0.247989,,lockin:lockin::None:8.696289561497373:8:8:binary:0,lockin,,,8.696290,8
hocho_B_12,frame_00000.png,frame_00117.png,hocho_B_12/rgb_max_lockin_f137_ps8_th12/00000-00117-FRAME_rgbmax_scale1.00.png,,,0,decode失敗,QR未検出,0.862971,0.484527,0.615713,0.468619,,lockin:lockin::None:8.696289561497373:12:8:binary:0,lockin,,,8.696290,12
hocho_B_12,frame_00000.png,frame_00117.png,,,,0,decode失敗,QR未検出,0.993865,0.543529,0.693766,0.356636,,lockin:lockin::None:13.696289561497373:4:8:binary:0,lockin,,,13.696290,4
hocho_B_12,frame_00000.png,frame_00117.png,hocho_B_12/rgb_max_lockin_f137_ps8_th8/00000-00117-FRAME_rgbmax_scale1.00.png,,,0,decode失敗,QR未検出,0.970768,0.744646,0.868108,0.086258,,lockin:lockin::None:13.696289561497373:8:8:binary:0,lockin,,,13.696290,8
hocho_B_12,frame_00000.png,frame_00117.png,hocho_B_12/rgb_max_lockin_f137_ps8_th12/00000-00117-FRAME_rgbmax_scale1.00.png,,https://www.nagaoka-ct.ac.jp,1,zxing_gray_x1.0_k3_i1,,0.909791,0.806108,0.887444,0.056669,,lockin:lockin::None:13.696289561497373:12:8:binary:0,lockin,,,13.696290,12
hocho_B_12,frame_00000.png,frame_00117.png,,,,0,decode失敗,QR未検出,0.005496,0.031181,0.575596,0.133597,,lockin:lockin::None:22.5:4:8:binary:0,lockin,,,22.500000,4
hocho_B_12,frame_00000.png,frame_00117.png,hocho_B_12/rgb_max_lockin_f137_ps8_th8/00000-00117-FRAME_rgbmax_scale1.00.png,,,0,decode失敗,QR未検出,0.901379,0.485134,0.615667,0.485160,,lockin:lockin::None:22.5:8:8:binary:0,lockin,,,22.500000,8
hocho_B_12,frame_00000.png,frame_00117.png,hocho_B_12/rgb_max_lockin_f137_ps8_th12/00000-00117-FRAME_rgbmax_scale1.00.png,,,0,decode失敗,QR未検出,0.670073,0.583567,0.705683,0.216968,,lockin:lockin::None:22.5:12:8:binary:0,lockin,,,22.500000,12
ex_B_4,frame_00000.png,frame_00117.png,,,,0,decode失敗,QR未検出,0.005808,0.139061,0.624806,0.022283,,lockin:lockin::None:6.848144780748687:4:8:binary:0,lockin,,,6.848145,4
ex_B_4,frame_00000.png,frame_00117.png,,,,0,decode失敗,QR未検出,0.044273,0.182260,0.579565,0.141570,,lockin:lockin::None:6.848144780748687:8:8:binary:0,lockin,,,6.848145,8
ex_B_4,frame_00000.png,frame_00117.png,ex_B_4/rgb_max_lockin_f137_ps8_th12/00000-00117-FRAME_rgbmax_scale1.00.png,,,0,decode失敗,QR未検出,0.724367,0.423983,0.541184,0.546809,,lockin:lockin::None:6.848144780748687:12:8:binary:0,lockin,,,6.848145,12
ex_B_4,frame_00000.png,frame_00117.png,,,,0,decode失敗,QR未検出,0.003055,0.106142,0.627528,0.014193,,lockin:lockin::None:8.696289561497373:4:8:binary:0,lockin,,,8.696290,4
ex_B_4,frame_00000.png,frame_00117.png,,,,0,decode失敗,QR未検出,0.024467,0.177123,0.603299,0.079666,,lockin:lockin::None:8.696289561497373:8:8:binary:0,lockin,,,8.696290,8
ex_B_4,frame_00000.png,frame_00117.png,ex_B_4/rgb_max_lockin_f137_ps8_th12/00000-00117-FRAME_rgbmax_scale1.00.png,,,0,decode失敗,QR未検出,0.122621,0.224510,0.526184,0.268275,,lockin:lockin::None:8.696289561497373:12:8:binary:0,lockin,,,8.696290,12
ex_B_4,frame_00000.png,frame_00117.png,,,,0,decode失敗,QR未検出,0.012106,0.139550,0.613010,0.053982,,lockin:lockin::None:13.696289561497373:4:8:binary:0,lockin,,,13.696290,4
ex_B_4,frame_00000.png,frame_00117.png,,,,0,decode失敗,QR未検出,0.891132,0.444650,0.554983,0.615696,,lockin:lockin::None:13.696289561497373:8:8:binary:0,lockin,,,13.696290,8
ex_B_4,frame_00000.png,frame_00117.png,ex_B_4/rgb_max_lockin_f137_ps8_th12/00000-00117-FRAME_rgbmax_scale1.00.png,,,0,decode失敗,QR未検出,0.604095,0.648826,0.736722,0.207813,,lockin:lockin::None:13.696289561497373:12:8:binary:0,lockin,,,13.696290,12
ex_B_4,frame_00000.png,frame_00117.png,,,,0,decode失敗,QR未検出,0.013898,0.169241,0.616001,0.049455,,lockin:lockin::None:22.5:4:8:binary:0,lockin,,,22.500000,4
ex_B_4,frame_00000.png,frame_00117.png,,,,0,decode失敗,QR未検出,0.820053,0.413276,0.510437,0.668002,,lockin:lockin::None:22.5:8:8:binary:0,lockin,,,22.500000,8
ex_B_4,frame_00000.png,frame_00117.png,ex_B_4/rgb_max_lockin_f137_ps8_th12/00000-00117-FRAME_rgbmax_scale1.00.png,,,0,decode失敗,QR未検出,0.335510,0.498537,0.635069,0.255963,,lockin:lockin::None:22.5:12:8:binary:0,lockin,,,22.500000,12
ex_B_8,frame_00000.png,frame_00117.png,,,,0,decode失敗,QR未検出,0.001749,0.062042,0.626795,0.014416,,lockin:lockin::None:6.848144780748687:4:8:binary:0,lockin,,,6.848145,4
ex_B_8,frame_00000.png,frame_00117.png,ex_B_8/rgb_max_lockin_f137_ps8_th8/00000-00117-FRAME_rgbmax_scale1.00.png,,,0,decode失敗,QR未検出,0.013432,0.104559,0.598783,0.092467,,lockin:lockin::None:6.848144780748687:8:8:binary:0,lockin,,,6.848145,8
ex_B_8,frame_00000.png,frame_00117.png,ex_B_8/rgb_max_lockin_f137_ps8_th12/00000-00117-FRAME_rgbmax_scale1.00.png,,,0,decode失敗,QR未検出,0.942069,0.420476,0.506001,0.688106,,lockin:lockin::None:6.848144780748687:12:8:binary:0,lockin,,,6.848145,12
ex_B_8,frame_00000.png,frame_00117.png,,,,0,decode失敗,QR未検出,0.004890,0.093669,0.620334,0.035139,,lockin:lockin::None:8.696289561497373:4:8:binary:0,lockin,,,8.696290,4
ex_B_8,frame_00000.png,frame_00117.png,ex_B_8/rgb_max_lockin_f137_ps8_th8/00000-00117-FRAME_rgbmax_scale1.00.png,,,0,decode失敗,QR未検出,0.056951,0.121065,0.505938,0.272696,,lockin:lockin::None:8.696289561497373:8:8:binary:0,lockin,,,8.696290,8
ex_B_8,frame_00000.png,frame_00117.png,ex_B_8/rgb_max_lockin_f137_ps8_th12/00000-00117-FRAME_rgbmax_scale1.00.png,,,0,decode失敗,QR未検出,0.718117,0.580396,0.708246,0.304019,,lockin:lockin::None:8.696289561497373:12:8:binary:0,lockin,,,8.696290,12
ex_B_8,frame_00000.png,frame_00117.png,,,,0,decode失敗,QR未検出,0.949626,0.464197,0.582434,0.582806,,lockin:lockin::None:13.696289561497373:4:8:binary:0,lockin,,,13.696290,4
ex_B_8,frame_00000.png,frame_00117.png,ex_B_8/rgb_max_lockin_f137_ps8_th8/00000-00117-FRAME_rgbmax_scale1.00.png,,,0,decode失敗,QR未検出,0.813346,0.762627,0.839814,0.075422,,lockin:lockin::None:13.696289561497373:8:8:binary:0,lockin,,,13.696290,8
ex_B_8,frame_00000.png,frame_00117.png,ex_B_8/rgb_max_lockin_f137_ps8_th12/00000-00117-FRAME_rgbmax_scale1.00.png,,,0,decode失敗,QR未検出,0.695668,0.847641,0.843616,0.026525,,lockin:lockin::None:13.696289561497373:12:8:binary:0,lockin,,,13.696290,12
ex_B_8,frame_00000.png,frame_00117.png,,,,0,decode失敗,QR未検出,0.008205,0.099714,0.611793,0.058837,,lockin:lockin::None:22.5:4:8:binary:0,lockin,,,22.500000,4
ex_B_8,frame_00000.png,frame_00117.png,ex_B_8/rgb_max_lockin_f137_ps8_th8/00000-00117-FRAME_rgbmax_scale1.00.png,,,0,decode失敗,QR未検出,0.912294,0.453563,0.567749,0.604752,,lockin:lockin::None:22.5:8:8:binary:0,lockin,,,22.500000,8
ex_B_8,frame_00000.png,frame_00117.png,ex_B_8/rgb_max_lockin_f137_ps8_th12/00000-00117-FRAME_rgbmax_scale1.00.png,,,0,decode失敗,QR未検出,0.606478,0.637131,0.730871,0.206102,,lockin:lockin::None:22.5:12:8:binary:0,lockin,,,22.500000,12
ex_B_12,frame_00000.png,frame_00117.png,,,,0,decode失敗,QR未検出,0.000000,0.000000,0.629078,0.015977,,lockin:lockin::None:6.848144780748687:4:8:binary:0,lockin,,,6.848145,4
ex_B_12,frame_00000.png,frame_00117.png,,,,0,decode失敗,QR未検出,0.002729,0.024780,0.597668,0.115049,,lockin:lockin::None:6.848144780748687:8:8:binary:0,lockin,,,6.848145,8
ex_B_12,frame_00000.png,frame_00117.png,,,,0,decode失敗,QR未検出,0.982086,0.430823,0.520919,0.621445,,lockin:lockin::None:6.848144780748687:12:8:binary:0,lockin,,,6.848145,12
ex_B_12,frame_00000.png,frame_00117.png,,,,0,decode失敗,QR未検出,0.000000,0.000000,0.626900,0.021272,,lockin:lockin::None:8.696289561497373:4:8:binary:0,lockin,,,8.696290,4
ex_B_12,frame_00000.png,frame_00117.png,,,,0,decode失敗,QR未検出,0.005308,0.029932,0.575061,0.173344,,lockin:lockin::None:8.696289561497373:8:8:binary:0,lockin,,,8.696290,8
ex_B_12,frame_00000.png,frame_00117.png,,,,0,decode失敗,QR未検出,0.963331,0.477342,0.602478,0.489607,,lockin:lockin::None:8.696289561497373:12:8:binary:0,lockin,,,8.696290,12
ex_B_12,frame_00000.png,frame_00117.png,,,,0,decode失敗,QR未検出,0.974645,0.620121,0.773309,0.169750,,lockin:lockin::None:13.696289561497373:4:8:binary:0,lockin,,,13.696290,4
ex_B_12,frame_00000.png,frame_00117.png,,,,0,decode失敗,QR未検出,0.908734,0.744675,0.853280,0.060273,,lockin:lockin::None:13.696289561497373:8:8:binary:0,lockin,,,13.696290,8
ex_B_12,frame_00000.png,frame_00117.png,,,,0,decode失敗,QR未検出,0.854295,0.798437,0.868384,0.041146,,lockin:lockin::None:13.696289561497373:12:8:binary:0,lockin,,,13.696290,12
ex_B_12,frame_00000.png,frame_00117.png,,,,0,decode失敗,QR未検出,0.001638,0.015623,0.598790,0.107650,,lockin:lockin::None:22.5:4:8:binary:0,lockin,,,22.500000,4
ex_B_12,frame_00000.png,frame_00117.png,,,,0,decode失敗,QR未検出,0.946027,0.526768,0.670805,0.386528,,lockin:lockin::None:22.5:8:8:binary:0,lockin,,,22.500000,8
ex_B_12,frame_00000.png,frame_00117.png,,,,0,decode失敗,QR未検出,0.781256,0.702511,0.799836,0.106531,,lockin:lockin::None:22.5:12:8:binary:0,lockin,,,22.500000,12
rice_I_4,frame_00000.png,frame_00117.png,,,,0,decode失敗,QR未検出,0.164402,0.240759,0.506839,0.346985,,lockin:lockin::None:6.848144780748687:4:8:binary:0,lockin,,,6.848145,4
rice_I_4,frame_00000.png,frame_00117.png,,,,0,decode失敗,QR未検出,0.297601,0.450152,0.611781,0.203857,,lockin:lockin::None:6.848144780748687:8:8:binary:0,lockin,,,6.848145,8
rice_I_4,frame_00000.png,frame_00117.png,rice_I_4/rgb_max_lockin_f137_ps8_th12/00000-00117-FRAME_rgbmax_scale1.00.png,,,0,decode失敗,QR未検出,0.077507,0.431137,0.626769,0.060285,,lockin:lockin::None:6.848144780748687:12:8:binary:0,lockin,,,6.848145,12
rice_I_4,frame_00000.png,frame_00117.png,,,,0,decode失敗,QR未検出,0.138114,0.226669,0.514470,0.322079,,lockin:lockin::None:8.696289561497373:4:8:binary:0,lockin,,,8.696290,4
rice_I_4,frame_00000.png,frame_00117.png,,,,0,decode失敗,QR未検出,0.377400,0.443003,0.600417,0.243642,,lockin:lockin::None:8.696289561497373:8:8:binary:0,lockin,,,8.696290,8
rice_I_4,frame_00000.png,frame_00117.png,rice_I_4/rgb_max_lockin_f137_ps8_th12/00000-00117-FRAME_rgbmax_scale1.00.png,,,0,decode失敗,QR未検出,0.110583,0.438858,0.624564,0.079916,,lockin:lockin::None:8.696289561497373:12:8:binary:0,lockin,,,8.696290,12
rice_I_4,frame_00000.png,frame_00117.png,,,,0,decode失敗,QR未検出,0.071248,0.181506,0.544718,0.235857,,lockin:lockin::None:13.696289561497373:4:8:binary:0,lockin,,,13.696290,4
rice_I_4,frame_00000.png,frame_00117.png,,,,0,decode失敗,QR未検出,0.780550,0.484289,0.617342,0.396322,,lockin:lockin::None:13.696289561497373:8:8:binary:0,lockin,,,13.696290,8
rice_I_4,frame_00000.png,frame_00117.png,rice_I_4/rgb_max_lockin_f137_ps8_th12/00000-00117-FRAME_rgbmax_scale1.00.png,,,0,decode失敗,QR未検出,0.627980,0.599640,0.711798,0.188374,,lockin:lockin::None:13.696289561497373:12:8:binary:0,lockin,,,13.696290,12
rice_I_4,frame_00000.png,frame_00117.png,,,,0,decode失敗,QR未検出,0.153151,0.231657,0.506561,0.346403,,lockin:lockin::None:22.5:4:8:binary:0,lockin,,,22.500000,4
rice_I_4,frame_00000.png,frame_00117.png,,,,0,decode失敗,QR未検出,0.406647,0.448155,0.601519,0.261807,,lockin:lockin::None:22.5:8:8:binary:0,lockin,,,22.500000,8
rice_I_4,frame_00000.png,frame_00117.png,rice_I_4/rgb_max_lockin_f137_ps8_th12/00000-00117-FRAME_rgbmax_scale1.00.png,,,0,decode失敗,QR未検出,0.135650,0.440144,0.622349,0.102476,,lockin:lockin::None:22.5:12:8:binary:0,lockin,,,22.500000,12
rice_I_8,frame_00000.png,frame_00117.png,,,,0,decode失敗,QR未検出,0.074832,0.157788,0.517567,0.291334,,lockin:lockin::None:6.848144780748687:4:8:binary:0,lockin,,,6.848145,4
rice_I_8,frame_00000.png,frame_00117.png,,,,0,decode失敗,QR未検出,0.592676,0.545790,0.672007,0.268578,,lockin:lockin::None:6.848144780748687:8:8:binary:0,lockin,,,6.848145,8
rice_I_8,frame_00000.png,frame_00117.png,rice_I_8/rgb_max_lockin_f137_ps8_th12/00000-00117-FRAME_rgbmax_scale1.00.png,,,0,decode失敗,QR未検出,0.215713,0.577152,0.656792,0.092903,,lockin:lockin::None:6.848144780748687:12:8:binary:0,lockin,,,6.848145,12
rice_I_8,frame_00000.png,frame_00117.png,,,,0,decode失敗,QR未検出,0.066175,0.162372,0.535555,0.259491,,lockin:lockin::None:8.696289561497373:4:8:binary:0,lockin,,,8.696290,4
rice_I_8,frame_00000.png,frame_00117.png,,,,0,decode失敗,QR未検出,0.705882,0.531310,0.666088,0.325342,,lockin:lockin::None:8.696289561497373:8:8:binary:0,lockin,,,8.696290,8
rice_I_8,frame_00000.png,frame_00117.png,rice_I_8/rgb_max_lockin_f137_ps8_th12/00000-00117-FRAME_rgbmax_scale1.00.png,,,0,decode失敗,QR未検出,0.333035,0.588692,0.672336,0.129088,,lockin:lockin::None:8.696289561497373:12:8:binary:0,lockin,,,8.696290,12
rice_I_8,frame_00000.png,frame_00117.png,,,,0,decode失敗,QR未検出,0.933859,0.426490,0.518540,0.643907,,lockin:lockin::None:13.696289561497373:4:8:binary:0,lockin,,,13.696290,4
rice_I_8,frame_00000.png,frame_00117.png,,,,0,decode失敗,QR未検出,0.863913,0.592031,0.733611,0.262523,,lockin:lockin::None:13.696289561497373:8:8:binary:0,lockin,,,13.696290,8
rice_I_8,frame_00000.png,frame_00117.png,rice_I_8/rgb_max_lockin_f137_ps8_th12/00000-00117-FRAME_rgbmax_scale1.00.png,,,0,decode失敗,QR未検出,0.812597,0.702962,0.806688,0.124363,,lockin:lockin::None:13.696289561497373:12:8:binary:0,lockin,,,13.696290,12
rice_I_8,frame_00000.png,frame_00117.png,,,,0,decode失敗,QR未検出,0.827605,0.486812,0.619455,0.456734,,lockin:lockin::None:22.5:4:8:binary:0,lockin,,,22.500000,4
rice_I_8,frame_00000.png,frame_00117.png,,,,0,decode失敗,QR未検出,0.307080,0.593888,0.671149,0.121994,,lockin:lockin::None:22.5:8:8:binary:0,lockin,,,22.500000,8
rice_I_8,frame_00000.png,frame_00117.png,rice_I_8/rgb_max_lockin_f137_ps8_th12/00000-00117-FRAME_rgbmax_scale1.00.png,,,0,decode失敗,QR未検出,0.079607,0.534066,0.639486,0.044104,,lockin:lockin::None:22.5:12:8:binary:0,lockin,,,22.500000,12
rice_I_12,frame_00000.png,frame_00117.png,,,,0,decode失敗,QR未検出,0.009065,0.080172,0.601208,0.130400,,lockin:lockin::None:6.848144780748687:4:8:binary:0,lockin,,,6.848145,4
rice_I_12,frame_00000.png,frame_00117.png,,,,0,decode失敗,QR未検出,0.947680,0.437994,0.538061,0.553937,,lockin:lockin::None:6.848144780748687:8:8:binary:0,lockin,,,6.848145,8
rice_I_12,frame_00000.png,frame_00117.png,,,,0,decode失敗,QR未検出,0.840652,0.534348,0.675149,0.287158,,lockin:lockin::None:6.848144780748687:12:8:binary:0,lockin,,,6.848145,12
rice_I_12,frame_00000.png,frame_00117.png,,,,0,decode失敗,QR未検出,0.966732,0.421141,0.503926,0.619665,,lockin:lockin::None:8.696289561497373:4:8:binary:0,lockin,,,8.696290,4
rice_I_12,frame_00000.png,frame_00117.png,,,,0,decode失敗,QR未検出,0.793280,0.592280,0.725818,0.204661,,lockin:lockin::None:8.696289561497373:8:8:binary:0,lockin,,,8.696290,8
rice_I_12,frame_00000.png,frame_00117.png,,,,0,decode失敗,QR未検出,0.480162,0.710657,0.739465,0.067735,,lockin:lockin::None:8.696289561497373:12:8:binary:0,lockin,,,8.696290,12
rice_I_12,frame_00000.png,frame_00117.png,,,,0,decode失敗,QR未検出,0.961813,0.531673,0.677523,0.299761,,lockin:lockin::None:13.696289561497373:4:8:binary:0,lockin,,,13.696290,4
rice_I_12,frame_00000.png,frame_00117.png,,,,0,decode失敗,QR未検出,0.921974,0.648627,0.789676,0.118484,,lockin:lockin::None:13.696289561497373:8:8:binary:0,lockin,,,13.696290,8
rice_I_12,frame_00000.png,frame_00117.png,,,,0,decode失敗,QR未検出,0.908042,0.711882,0.832656,0.074448,,lockin:lockin::None:13.696289561497373:12:8:binary:0,lockin,,,13.696290,12
rice_I_12,frame_00000.png,frame_00117.png,,,,0,decode失敗,QR未検出,0.942866,0.462383,0.579911,0.501038,,lockin:lockin::None:22.5:4:8:binary:0,lockin,,,22.500000,4
rice_I_12,frame_00000.png,frame_00117.png,,,,0,decode失敗,QR未検出,0.731463,0.641125,0.753071,0.157676,,lockin:lockin::None:22.5:8:8:binary:0,lockin,,,22.500000,8
rice_I_12,frame_00000.png,frame_00117.png,,,,0,decode失敗,QR未検出,0.384476,0.718655,0.720997,0.058067,,lockin:lockin::None:22.5:12:8:binary:0,lockin,,,22.500000,12
nagaoka_fireworks_I_4,frame_00000.png,frame_00117.png,,,,0,decode失敗,QR未検出,0.134069,0.263639,0.548231,0.360182,,lockin:lockin::None:6.848144780748687:4:8:binary:0,lockin,,,6.848145,4
nagaoka_fireworks_I_4,frame_00000.png,frame_00117.png,,,,0,decode失敗,QR未検出,0.703749,0.417989,0.535207,0.428720,,lockin:lockin::None:6.848144780748687:8:8:binary:0,lockin,,,6.848145,8
nagaoka_fireworks_I_4,frame_00000.png,frame_00117.png,nagaoka_fireworks_I_4/rgb_max_lockin_f137_ps8_th12/00000-00117-FRAME_rgbmax_scale1.00.png,,,0,decode失敗,QR未検出,0.429980,0.433903,0.588075,0.247759,,lockin:lockin::None:6.848144780748687:12:8:binary:0,lockin,,,6.848145,12
nagaoka_fireworks_I_4,frame_00000.png,frame_00117.png,,,,0,decode失敗,QR未検出,0.114570,0.268597,0.563887,0.310874,,lockin:lockin::None:8.696289561497373:4:8:binary:0,lockin,,,8.696290,4
nagaoka_fireworks_I_4,frame_00000.png,frame_00117.png,,,,0,decode失敗,QR未検出,0.784825,0.408479,0.507699,0.505361,,lockin:lockin::None:8.696289561497373:8:8:binary:0,lockin,,,8.696290,8
nagaoka_fireworks_I_4,frame_00000.png,frame_00117.png,nagaoka_fireworks_I_4/rgb_max_lockin_f137_ps8_th12/00000-00117-FRAME_rgbmax_scale1.00.png,,,0,decode失敗,QR未検出,0.597379,0.426558,0.560866,0.351431,,lockin:lockin::None:8.696289561497373:12:8:binary:0,lockin,,,8.696290,12
nagaoka_fireworks_I_4,frame_00000.png,frame_00117.png,,,,0,decode失敗,QR未検出,0.793381,0.410504,0.509791,0.503433,,lockin:lockin::None:13.696289561497373:4:8:binary:0,lockin,,,13.696290,4
nagaoka_fireworks_I_4,frame_00000.png,frame_00117.png,,,,0,decode失敗,QR未検出,0.511220,0.485505,0.624669,0.233237,,lockin:lockin::None:13.696289561497373:8:8:binary:0,lockin,,,13.696290,8
nagaoka_fireworks_I_4,frame_00000.png,frame_00117.png,nagaoka_fireworks_I_4/rgb_max_lockin_f137_ps8_th12/00000-00117-FRAME_rgbmax_scale1.00.png,,,0,decode失敗,QR未検出,0.327506,0.557405,0.660356,0.104326,,lockin:lockin::None:13.696289561497373:12:8:binary:0,lockin,,,13.696290,12
nagaoka_fireworks_I_4,frame_00000.png,frame_00117.png,,,,0,decode失敗,QR未検出,0.158574,0.268170,0.535929,0.402416,,lockin:lockin::None:22.5:4:8:binary:0,lockin,,,22.500000,4
nagaoka_fireworks_I_4,frame_00000.png,frame_00117.png,,,,0,decode失敗,QR未検出,0.617633,0.417702,0.547145,0.373429,,lockin:lockin::None:22.5:8:8:binary:0,lockin,,,22.500000,8
nagaoka_fireworks_I_4,frame_00000.png,frame_00117.png,nagaoka_fireworks_I_4/rgb_max_lockin_f137_ps8_th12/00000-00117-FRAME_rgbmax_scale1.00.png,,,0,decode失敗,QR未検出,0.360519,0.425704,0.589954,0.210314,,lockin:lockin::None:22.5:12:8:binary:0,lockin,,,22.500000,12
nagaoka_fireworks_I_8,frame_00000.png,frame_00117.png,,,,0,decode失敗,QR未検出,0.095023,0.241703,0.561818,0.298169,,lockin:lockin::None:6.848144780748687:4:8:binary:0,lockin,,,6.848145,4
nagaoka_fireworks_I_8,frame_00000.png,frame_00117.png,,,,0,decode失敗,QR未検出,0.824155,0.410147,0.504267,0.520655,,lockin:lockin::None:6.848144780748687:8:8:binary:0,lockin,,,6.848145,8
nagaoka_fireworks_I_8,frame_00000.png,frame_00117.png,nagaoka_fireworks_I_8/rgb_max_lockin_f137_ps8_th12/00000-00117-FRAME_rgbmax_scale1.00.png,,,0,decode失敗,QR未検出,0.715864,0.451036,0.579178,0.368581,,lockin:lockin::None:6.848144780748687:12:8:binary:0,lockin,,,6.848145,12
nagaoka_fireworks_I_8,frame_00000.png,frame_00117.png,,,,0,decode失敗,QR未検出,0.105553,0.238790,0.551680,0.332238,,lockin:lockin::None:8.696289561497373:4:8:binary:0,lockin,,,8.696290,4
nagaoka_fireworks_I_8,frame_00000.png,frame_00117.png,,,,0,decode失敗,QR未検出,0.792699,0.422816,0.530380,0.472242,,lockin:lockin::None:8.696289561497373:8:8:binary:0,lockin,,,8.696290,8
nagaoka_fireworks_I_8,frame_00000.png,frame_00117.png,nagaoka_fireworks_I_8/rgb_max_lockin_f137_ps8_th12/00000-00117-FRAME_rgbmax_scale1.00.png,,,0,decode失敗,QR未検出,0.637141,0.474818,0.611172,0.299735,,lockin:lockin::None:8.696289561497373:12:8:binary:0,lockin,,,8.696290,12
nagaoka_fireworks_I_8,frame_00000.png,frame_00117.png,,,,0,decode失敗,QR未検出,0.146391,0.227461,0.508019,0.449360,,lockin:lockin::None:13.696289561497373:4:8:binary:0,lockin,,,13.696290,4
nagaoka_fireworks_I_8,frame_00000.png,frame_00117.png,,,,0,decode失敗,QR未検出,0.705079,0.484008,0.618817,0.301238,,lockin:lockin::None:13.696289561497373:8:8:binary:0,lockin,,,13.696290,8
nagaoka_fireworks_I_8,frame_00000.png,frame_00117.png,nagaoka_fireworks_I_8/rgb_max_lockin_f137_ps8_th12/00000-00117-FRAME_rgbmax_scale1.00.png,,,0,decode失敗,QR未検出,0.571365,0.560844,0.680939,0.156334,,lockin:lockin::None:13.696289561497373:12:8:binary:0,lockin,,,13.696290,12
nagaoka_fireworks_I_8,frame_00000.png,frame_00117.png,,,,0,decode失敗,QR未検出,0.128473,0.250778,0.542785,0.374803,,lockin:lockin::None:22.5:4:8:binary:0,lockin,,,22.500000,4
nagaoka_fireworks_I_8,frame_00000.png,frame_00117.png,,,,0,decode失敗,QR未検出,0.747551,0.437765,0.558373,0.418408,,lockin:lockin::None:22.5:8:8:binary:0,lockin,,,22.500000,8
nagaoka_fireworks_I_8,frame_00000.png,frame_00117.png,nagaoka_fireworks_I_8/rgb_max_lockin_f137_ps8_th12/00000-00117-FRAME_rgbmax_scale1.00.png,,,0,decode失敗,QR未検出,0.560792,0.484279,0.622526,0.256650,,lockin:lockin::None:22.5:12:8:binary:0,lockin,,,22.500000,12
nagaoka_fireworks_I_12,frame_00000.png,frame_00117.png,,,,0,decode失敗,QR未検出,0.006317,0.030992,0.566150,0.278971,,lockin:lockin::None:6.848144780748687:4:8:binary:0,lockin,,,6.848145,4
nagaoka_fireworks_I_12,frame_00000.png,frame_00117.png,,,,0,decode失敗,QR未検出,0.960723,0.440043,0.540435,0.513461,,lockin:lockin::None:6.848144780748687:8:8:binary:0,lockin,,,6.848145,8
nagaoka_fireworks_I_12,frame_00000.png,frame_00117.png,,,,0,decode失敗,QR未検出,0.882077,0.497341,0.632352,0.349322,,lockin:lockin::None:6.848144780748687:12:8:binary:0,lockin,,,6.848145,12
nagaoka_fireworks_I_12,frame_00000.png,frame_00117.png,,,,0,decode失敗,QR未検出,0.009031,0.039662,0.559429,0.299582,,lockin:lockin::None:8.696289561497373:4:8:binary:0,lockin,,,8.696290,4
nagaoka_fireworks_I_12,frame_00000.png,frame_00117.png,,,,0,decode失敗,QR未検出,0.945316,0.444612,0.550004,0.489382,,lockin:lockin::None:8.696289561497373:8:8:binary:0,lockin,,,8.696290,8
nagaoka_fireworks_I_12,frame_00000.png,frame_00117.png,,,,0,decode失敗,QR未検出,0.852965,0.503228,0.639772,0.322995,,lockin:lockin::None:8.696289561497373:12:8:binary:0,lockin,,,8.696290,12
nagaoka_fireworks_I_12,frame_00000.png,frame_00117.png,,,,0,decode失敗,QR未検出,0.017414,0.042941,0.500766,0.421400,,lockin:lockin::None:13.696289561497373:4:8:binary:0,lockin,,,13.696290,4
nagaoka_fireworks_I_12,frame_00000.png,frame_00117.png,,,,0,decode失敗,QR未検出,0.920965,0.508325,0.646773,0.329654,,lockin:lockin::None:13.696289561497373:8:8:binary:0,lockin,,,13.696290,8
nagaoka_fireworks_I_12,frame_00000.png,frame_00117.png,,,,0,decode失敗,QR未検出,0.845302,0.592586,0.731991,0.185619,,lockin:lockin::None:13.696289561497373:12:8:binary:0,lockin,,,13.696290,12
nagaoka_fireworks_I_12,frame_00000.png,frame_00117.png,,,,0,decode失敗,QR未検出,0.018447,0.046718,0.505410,0.402529,,lockin:lockin::None:22.5:4:8:binary:0,lockin,,,22.500000,4
nagaoka_fireworks_I_12,frame_00000.png,frame_00117.png,,,,0,decode失敗,QR未検出,0.884402,0.490401,0.623177,0.363883,,lockin:lockin::None:22.5:8:8:binary:0,lockin,,,22.500000,8
nagaoka_fireworks_I_12,frame_00000.png,frame_00117.png,,,,0,decode失敗,QR未検出,0.752009,0.560626,0.695024,0.213041,,lockin:lockin::None:22.5:12:8:binary:0,lockin,,,22.500000,12
hocho_I_4,frame_00000.png,frame_00117.png,,,,0,decode失敗,QR未検出,0.062793,0.315055,0.608936,0.100727,,lockin:lockin::None:6.848144780748687:4:8:binary:0,lockin,,,6.848145,4
hocho_I_4,frame_00000.png,frame_00117.png,,,,0,decode失敗,QR未検出,0.529167,0.371805,0.502883,0.499588,,lockin:lockin::None:6.848144780748687:8:8:binary:0,lockin,,,6.848145,8
hocho_I_4,frame_00000.png,frame_00117.png,,,,0,decode失敗,QR未検出,0.250739,0.386657,0.582247,0.207948,,lockin:lockin::None:6.848144780748687:12:8:binary:0,lockin,,,6.848145,12
hocho_I_4,frame_00000.png,frame_00117.png,,,,0,decode失敗,QR未検出,0.058805,0.331447,0.614003,0.088755,,lockin:lockin::None:8.696289561497373:4:8:binary:0,lockin,,,8.696290,4
hocho_I_4,frame_00000.png,frame_00117.png,,,,0,decode失敗,QR未検出,0.444473,0.357941,0.507291,0.464137,,lockin:lockin::None:8.696289561497373:8:8:binary:0,lockin,,,8.696290,8
hocho_I_4,frame_00000.png,frame_00117.png,,,,0,decode失敗,QR未検出,0.246367,0.371763,0.573883,0.230099,,lockin:lockin::None:8.696289561497373:12:8:binary:0,lockin,,,8.696290,12
hocho_I_4,frame_00000.png,frame_00117.png,,,,0,decode失敗,QR未検出,0.140747,0.329828,0.582891,0.181311,,lockin:lockin::None:13.696289561497373:4:8:binary:0,lockin,,,13.696290,4
hocho_I_4,frame_00000.png,frame_00117.png,,,,0,decode失敗,QR未検出,0.399864,0.384618,0.548408,0.356970,,lockin:lockin::None:13.696289561497373:8:8:binary:0,lockin,,,13.696290,8
hocho_I_4,frame_00000.png,frame_00117.png,,,,0,decode失敗,QR未検出,0.154880,0.393944,0.605414,0.129242,,lockin:lockin::None:13.696289561497373:12:8:binary:0,lockin,,,13.696290,12
hocho_I_4,frame_00000.png,frame_00117.png,,,,0,decode失敗,QR未検出,0.069701,0.315303,0.606046,0.110062,,lockin:lockin::None:22.5:4:8:binary:0,lockin,,,22.500000,4
hocho_I_4,frame_00000.png,frame_00117.png,,,,0,decode失敗,QR未検出,0.518008,0.367902,0.500303,0.506290,,lockin:lockin::None:22.5:8:8:binary:0,lockin,,,22.500000,8
hocho_I_4,frame_00000.png,frame_00117.png,,,,0,decode失敗,QR未検出,0.251094,0.371662,0.572629,0.234843,,lockin:lockin::None:22.5:12:8:binary:0,lockin,,,22.500000,12
hocho_I_8,frame_00000.png,frame_00117.png,,,,0,decode失敗,QR未検出,0.059036,0.271905,0.599712,0.115965,,lockin:lockin::None:6.848144780748687:4:8:binary:0,lockin,,,6.848145,4
hocho_I_8,frame_00000.png,frame_00117.png,,,,0,decode失敗,QR未検出,0.521207,0.390311,0.529090,0.461921,,lockin:lockin::None:6.848144780748687:8:8:binary:0,lockin,,,6.848145,8
hocho_I_8,frame_00000.png,frame_00117.png,,,,0,decode失敗,QR未検出,0.210794,0.405742,0.600116,0.168557,,lockin:lockin::None:6.848144780748687:12:8:binary:0,lockin,,,6.848145,12
hocho_I_8,frame_00000.png,frame_00117.png,,,,0,decode失敗,QR未検出,0.102483,0.301642,0.586696,0.161118,,lockin:lockin::None:8.696289561497373:4:8:binary:0,lockin,,,8.696290,4
hocho_I_8,frame_00000.png,frame_00117.png,,,,0,decode失敗,QR未検出,0.431354,0.398805,0.556058,0.363572,,lockin:lockin::None:8.696289561497373:8:8:binary:0,lockin,,,8.696290,8
hocho_I_8,frame_00000.png,frame_00117.png,,,,0,decode失敗,QR未検出,0.136495,0.393298,0.608812,0.116869,,lockin:lockin::None:8.696289561497373:12:8:binary:0,lockin,,,8.696290,12
hocho_I_8,frame_00000.png,frame_00117.png,,,,0,decode失敗,QR未検出,0.049812,0.251278,0.599871,0.111922,,lockin:lockin::None:13.696289561497373:4:8:binary:0,lockin,,,13.696290,4
hocho_I_8,frame_00000.png,frame_00117.png,,,,0,decode失敗,QR未検出,0.601294,0.404888,0.532897,0.501882,,lockin:lockin::None:13.696289561497373:8:8:binary:0,lockin,,,13.696290,8
hocho_I_8,frame_00000.png,frame_00117.png,,,,0,decode失敗,QR未検出,0.338426,0.460140,0.614432,0.214396,,lockin:lockin::None:13.696289561497373:12:8:binary:0,lockin,,,13.696290,12
hocho_I_8,frame_00000.png,frame_00117.png,,,,0,decode失敗,QR未検出,0.171166,0.311269,0.560189,0.233804,,lockin:lockin::None:22.5:4:8:binary:0,lockin,,,22.500000,4
hocho_I_8,frame_00000.png,frame_00117.png,,,,0,decode失敗,QR未検出,0.340818,0.400969,0.574471,0.290546,,lockin:lockin::None:22.5:8:8:binary:0,lockin,,,22.500000,8
hocho_I_8,frame_00000.png,frame_00117.png,,,,0,decode失敗,QR未検出,0.106514,0.373059,0.609386,0.100682,,lockin:lockin::None:22.5:12:8:binary:0,lockin,,,22.500000,12
hocho_I_12,frame_00000.png,frame_00117.png,,,,0,decode失敗,QR未検出,0.004987,0.037743,0.591300,0.120999,,lockin:lockin::None:6.848144780748687:4:8:binary:0,lockin,,,6.848145,4
hocho_I_12,frame_00000.png,frame_00117.png,hocho_I_12/rgb_max_lockin_f137_ps8_th8/00000-00117-FRAME_rgbmax_scale1.00.png,,,0,decode失敗,QR未検出,0.841695,0.473643,0.601668,0.460137,,lockin:lockin::None:6.848144780748687:8:8:binary:0,lockin,,,6.848145,8
hocho_I_12,frame_00000.png,frame_00117.png,hocho_I_12/rgb_max_lockin_f137_ps8_th12/00000-00117-FRAME_rgbmax_scale1.00.png,,,0,decode失敗,QR未検出,0.513060,0.552301,0.671177,0.178124,,lockin:lockin::None:6.848144780748687:12:8:binary:0,lockin,,,6.848145,12
hocho_I_12,frame_00000.png,frame_00117.png,,,,0,decode失敗,QR未検出,0.004247,0.042059,0.602106,0.093756,,lockin:lockin::None:8.696289561497373:4:8:binary:0,lockin,,,8.696290,4
hocho_I_12,frame_00000.png,frame_00117.png,hocho_I_12/rgb_max_lockin_f137_ps8_th8/00000-00117-FRAME_rgbmax_scale1.00.png,,,0,decode失敗,QR未検出,0.898362,0.459867,0.578677,0.536737,,lockin:lockin::None:8.696289561497373:8:8:binary:0,lockin,,,8.696290,8
hocho_I_12,frame_00000.png,frame_00117.png,hocho_I_12/rgb_max_lockin_f137_ps8_th12/00000-00117-FRAME_rgbmax_scale1.00.png,,,0,decode失敗,QR未検出,0.634576,0.543134,0.672497,0.237028,,lockin:lockin::None:8.696289561497373:12:8:binary:0,lockin,,,8.696290,12
hocho_I_12,frame_00000.png,frame_00117.png,,,,0,decode失敗,QR未検出,0.995628,0.471384,0.591760,0.532189,,lockin:lockin::None:13.696289561497373:4:8:binary:0,lockin,,,13.696290,4
hocho_I_12,frame_00000.png,frame_00117.png,hocho_I_12/rgb_max_lockin_f137_ps8_th8/00000-00117-FRAME_rgbmax_scale1.00.png,,,0,decode失敗,QR未検出,0.969879,0.678151,0.821381,0.142862,,lockin:lockin::None:13.696289561497373:8:8:binary:0,lockin,,,13.696290,8
hocho_I_12,frame_00000.png,frame_00117.png,hocho_I_12/rgb_max_lockin_f137_ps8_th12/00000-00117-FRAME_rgbmax_scale1.00.png,,,0,decode失敗,QR未検出,0.935358,0.795354,0.888801,0.060576,,lockin:lockin::None:13.696289561497373:12:8:binary:0,lockin,,,13.696290,12
hocho_I_12,frame_00000.png,frame_00117.png,,,,0,decode失敗,QR未検出,0.004194,0.024191,0.575700,0.150233,,lockin:lockin::None:22.5:4:8:binary:0,lockin,,,22.500000,4
hocho_I_12,frame_00000.png,frame_00117.png,hocho_I_12/rgb_max_lockin_f137_ps8_th8/00000-00117-FRAME_rgbmax_scale1.00.png,,,0,decode失敗,QR未検出,0.870677,0.499710,0.635419,0.431143,,lockin:lockin::None:22.5:8:8:binary:0,lockin,,,22.500000,8
hocho_I_12,frame_00000.png,frame_00117.png,hocho_I_12/rgb_max_lockin_f137_ps8_th12/00000-00117-FRAME_rgbmax_scale1.00.png,,,0,decode失敗,QR未検出,0.589880,0.599031,0.706822,0.176439,,lockin:lockin::None:22.5:12:8:binary:0,lockin,,,22.500000,12
ex_I_4,frame_00000.png,frame_00117.png,,,,0,decode失敗,QR未検出,0.012140,0.186964,0.620981,0.032854,,lockin:lockin::None:6.848144780748687:4:8:binary:0,lockin,,,6.848145,4
ex_I_4,frame_00000.png,frame_00117.png,ex_I_4/rgb_max_lockin_f137_ps8_th8/00000-00117-FRAME_rgbmax_scale1.00.png,,,0,decode失敗,QR未検出,0.087692,0.180399,0.522620,0.222335,,lockin:lockin::None:6.848144780748687:8:8:binary:0,lockin,,,6.848145,8
ex_I_4,frame_00000.png,frame_00117.png,ex_I_4/rgb_max_lockin_f137_ps8_th12/00000-00117-FRAME_rgbmax_scale1.00.png,,,0,decode失敗,QR未検出,0.613083,0.482107,0.619212,0.423051,,lockin:lockin::None:6.848144780748687:12:8:binary:0,lockin,,,6.848145,12
ex_I_4,frame_00000.png,frame_00117.png,,,,0,decode失敗,QR未検出,0.010377,0.175254,0.621781,0.027561,,lockin:lockin::None:8.696289561497373:4:8:binary:0,lockin,,,8.696290,4
ex_I_4,frame_00000.png,frame_00117.png,ex_I_4/rgb_max_lockin_f137_ps8_th8/00000-00117-FRAME_rgbmax_scale1.00.png,,,0,decode失敗,QR未検出,0.064090,0.159790,0.536390,0.188786,,lockin:lockin::None:8.696289561497373:8:8:binary:0,lockin,,,8.696290,8
ex_I_4,frame_00000.png,frame_00117.png,ex_I_4/rgb_max_lockin_f137_ps8_th12/00000-00117-FRAME_rgbmax_scale1.00.png,,,0,decode失敗,QR未検出,0.700165,0.474350,0.608208,0.488143,,lockin:lockin::None:8.696289561497373:12:8:binary:0,lockin,,,8.696290,12
ex_I_4,frame_00000.png,frame_00117.png,,,,0,decode失敗,QR未検出,0.936405,0.457450,0.572340,0.639885,,lockin:lockin::None:13.696289561497373:4:8:binary:0,lockin,,,13.696290,4
ex_I_4,frame_00000.png,frame_00117.png,ex_I_4/rgb_max_lockin_f137_ps8_th8/00000-00117-FRAME_rgbmax_scale1.00.png,,,0,decode失敗,QR未検出,0.721100,0.772797,0.821206,0.111292,,lockin:lockin::None:13.696289561497373:8:8:binary:0,lockin,,,13.696290,8
ex_I_4,frame_00000.png,frame_00117.png,ex_I_4/rgb_max_lockin_f137_ps8_th12/00000-00117-FRAME_rgbmax_scale1.00.png,,,0,decode失敗,QR未検出,0.534514,0.874065,0.802415,0.023962,,lockin:lockin::None:13.696289561497373:12:8:binary:0,lockin,,,13.696290,12
ex_I_4,frame_00000.png,frame_00117.png,,,,0,decode失敗,QR未検出,0.047872,0.144414,0.549925,0.158763,,lockin:lockin::None:22.5:4:8:binary:0,lockin,,,22.500000,4
ex_I_4,frame_00000.png,frame_00117.png,ex_I_4/rgb_max_lockin_f137_ps8_th8/00000-00117-FRAME_rgbmax_scale1.00.png,,,0,decode失敗,QR未検出,0.464439,0.527042,0.653145,0.308581,,lockin:lockin::None:22.5:8:8:binary:0,lockin,,,22.500000,8
ex_I_4,frame_00000.png,frame_00117.png,ex_I_4/rgb_max_lockin_f137_ps8_th12/00000-00117-FRAME_rgbmax_scale1.00.png,,,0,decode失敗,QR未検出,0.114700,0.542365,0.642313,0.078080,,lockin:lockin::None:22.5:12:8:binary:0,lockin,,,22.500000,12
ex_I_8,frame_00000.png,frame_00117.png,,,,0,decode失敗,QR未検出,0.010401,0.131507,0.614558,0.049955,,lockin:lockin::None:6.848144780748687:4:8:binary:0,lockin,,,6.848145,4
ex_I_8,frame_00000.png,frame_00117.png,ex_I_8/rgb_max_lockin_f137_ps8_th8/00000-00117-FRAME_rgbmax_scale1.00.png,,,0,decode失敗,QR未検出,0.942136,0.434183,0.531755,0.629486,,lockin:lockin::None:6.848144780748687:8:8:binary:0,lockin,,,6.848145,8
ex_I_8,frame_00000.png,frame_00117.png,ex_I_8/rgb_max_lockin_f137_ps8_th12/00000-00117-FRAME_rgbmax_scale1.00.png,,,0,decode失敗,QR未検出,0.730300,0.616691,0.736447,0.222000,,lockin:lockin::None:6.848144780748687:12:8:binary:0,lockin,,,6.848145,12
ex_I_8,frame_00000.png,frame_00117.png,,,,0,decode失敗,QR未検出,0.007019,0.148476,0.623682,0.023373,,lockin:lockin::None:8.696289561497373:4:8:binary:0,lockin,,,8.696290,4
ex_I_8,frame_00000.png,frame_00117.png,ex_I_8/rgb_max_lockin_f137_ps8_th8/00000-00117-FRAME_rgbmax_scale1.00.png,,,0,decode失敗,QR未検出,0.022804,0.100222,0.569525,0.153121,,lockin:lockin::None:8.696289561497373:8:8:binary:0,lockin,,,8.696290,8
ex_I_8,frame_00000.png,frame_00117.png,ex_I_8/rgb_max_lockin_f137_ps8_th12/00000-00117-FRAME_rgbmax_scale1.00.png,,,0,decode失敗,QR未検出,0.923300,0.464833,0.584905,0.544013,,lockin:lockin::None:8.696289561497373:12:8:binary:0,lockin,,,8.696290,12
ex_I_8,frame_00000.png,frame_00117.png,,,,0,decode失敗,QR未検出,0.958993,0.525956,0.670260,0.374211,,lockin:lockin::None:13.696289561497373:4:8:binary:0,lockin,,,13.696290,4
ex_I_8,frame_00000.png,frame_00117.png,ex_I_8/rgb_max_lockin_f137_ps8_th8/00000-00117-FRAME_rgbmax_scale1.00.png,,,0,decode失敗,QR未検出,0.857995,0.766380,0.853021,0.058286,,lockin:lockin::None:13.696289561497373:8:8:binary:0,lockin,,,13.696290,8
ex_I_8,frame_00000.png,frame_00117.png,ex_I_8/rgb_max_lockin_f137_ps8_th12/00000-00117-FRAME_rgbmax_scale1.00.png,,,0,decode失敗,QR未検出,0.780040,0.842521,0.866785,0.029082,,lockin:lockin::None:13.696289561497373:12:8:binary:0,lockin,,,13.696290,12
ex_I_8,frame_00000.png,frame_00117.png,,,,0,decode失敗,QR未検出,0.017746,0.095128,0.580770,0.132311,,lockin:lockin::None:22.5:4:8:binary:0,lockin,,,22.500000,4
ex_I_8,frame_00000.png,frame_00117.png,ex_I_8/rgb_max_lockin_f137_ps8_th8/00000-00117-FRAME_rgbmax_scale1.00.png,,,0,decode失敗,QR未検出,0.851639,0.543414,0.685348,0.353307,,lockin:lockin::None:22.5:8:8:binary:0,lockin,,,22.500000,8
ex_I_8,frame_00000.png,frame_00117.png,ex_I_8/rgb_max_lockin_f137_ps8_th12/00000-00117-FRAME_rgbmax_scale1.00.png,,,0,decode失敗,QR未検出,0.471433,0.726251,0.742769,0.082791,,lockin:lockin::None:22.5:12:8:binary:0,lockin,,,22.500000,12
ex_I_12,frame_00000.png,frame_00117.png,,,,0,decode失敗,QR未検出,0.000000,0.000000,0.623399,0.021933,,lockin:lockin::None:6.848144780748687:4:8:binary:0,lockin,,,6.848145,4
ex_I_12,frame_00000.png,frame_00117.png,,,,0,decode失敗,QR未検出,0.001427,0.008239,0.573757,0.149757,,lockin:lockin::None:6.848144780748687:8:8:binary:0,lockin,,,6.848145,8
ex_I_12,frame_00000.png,frame_00117.png,,,,0,decode失敗,QR未検出,0.983239,0.453530,0.562400,0.554280,,lockin:lockin::None:6.848144780748687:12:8:binary:0,lockin,,,6.848145,12
ex_I_12,frame_00000.png,frame_00117.png,,,,0,decode失敗,QR未検出,0.000000,0.000000,0.622173,0.028813,,lockin:lockin::None:8.696289561497373:4:8:binary:0,lockin,,,8.696290,4
ex_I_12,frame_00000.png,frame_00117.png,,,,0,decode失敗,QR未検出,0.001475,0.006420,0.553192,0.197990,,lockin:lockin::None:8.696289561497373:8:8:binary:0,lockin,,,8.696290,8
ex_I_12,frame_00000.png,frame_00117.png,,,,0,decode失敗,QR未検出,0.985876,0.483172,0.610775,0.471074,,lockin:lockin::None:8.696289561497373:12:8:binary:0,lockin,,,8.696290,12
ex_I_12,frame_00000.png,frame_00117.png,,,,0,decode失敗,QR未検出,0.994106,0.629836,0.785062,0.135275,,lockin:lockin::None:13.696289561497373:4:8:binary:0,lockin,,,13.696290,4
ex_I_12,frame_00000.png,frame_00117.png,,,,0,decode失敗,QR未検出,0.986751,0.749646,0.875152,0.063592,,lockin:lockin::None:13.696289561497373:8:8:binary:0,lockin,,,13.696290,8
ex_I_12,frame_00000.png,frame_00117.png,,,,0,decode失敗,QR未検出,0.976768,0.808379,0.907210,0.044114,,lockin:lockin::None:13.696289561497373:12:8:binary:0,lockin,,,13.696290,12
ex_I_12,frame_00000.png,frame_00117.png,,,,0,decode失敗,QR未検出,0.001177,0.006272,0.568302,0.160834,,lockin:lockin::None:22.5:4:8:binary:0,lockin,,,22.500000,4
ex_I_12,frame_00000.png,frame_00117.png,,,,0,decode失敗,QR未検出,0.976629,0.561569,0.713784,0.318229,,lockin:lockin::None:22.5:8:8:binary:0,lockin,,,22.500000,8
ex_I_12,frame_00000.png,frame_00117.png,,,,0,decode失敗,QR未検出,0.846316,0.721139,0.824832,0.095851,,lockin:lockin::None:22.5:12:8:binary:0,lockin,,,22.500000,12
rice_X_4,frame_00000.png,frame_00117.png,,,,0,decode失敗,QR未検出,0.054727,0.190269,0.570893,0.176400,,lockin:lockin::None:6.848144780748687:4:8:binary:0,lockin,,,6.848145,4
rice_X_4,frame_00000.png,frame_00117.png,,,,0,decode失敗,QR未検出,0.627092,0.424478,0.554516,0.455275,,lockin:lockin::None:6.848144780748687:8:8:binary:0,lockin,,,6.848145,8
rice_X_4,frame_00000.png,frame_00117.png,rice_X_4/rgb_max_lockin_f137_ps8_th12/00000-00117-FRAME_rgbmax_scale1.00.png,,,0,decode失敗,QR未検出,0.247938,0.432528,0.607614,0.191688,,lockin:lockin::None:6.848144780748687:12:8:binary:0,lockin,,,6.848145,12
rice_X_4,frame_00000.png,frame_00117.png,,,,0,decode失敗,QR未検出,0.075783,0.197222,0.551040,0.223502,,lockin:lockin::None:8.696289561497373:4:8:binary:0,lockin,,,8.696290,4
rice_X_4,frame_00000.png,frame_00117.png,,,,0,decode失敗,QR未検出,0.519483,0.430257,0.574449,0.371002,,lockin:lockin::None:8.696289561497373:8:8:binary:0,lockin,,,8.696290,8
rice_X_4,frame_00000.png,frame_00117.png,rice_X_4/rgb_max_lockin_f137_ps8_th12/00000-00117-FRAME_rgbmax_scale1.00.png,,,0,decode失敗,QR未検出,0.182205,0.421113,0.610924,0.147530,,lockin:lockin::None:8.696289561497373:12:8:binary:0,lockin,,,8.696290,12
rice_X_4,frame_00000.png,frame_00117.png,,,,0,decode失敗,QR未検出,0.040099,0.126673,0.549703,0.207916,,lockin:lockin::None:13.696289561497373:4:8:binary:0,lockin,,,13.696290,4
rice_X_4,frame_00000.png,frame_00117.png,,,,0,decode失敗,QR未検出,0.764999,0.493913,0.628919,0.416693,,lockin:lockin::None:13.696289561497373:8:8:binary:0,lockin,,,13.696290,8
rice_X_4,frame_00000.png,frame_00117.png,rice_X_4/rgb_max_lockin_f137_ps8_th12/00000-00117-FRAME_rgbmax_scale1.00.png,,,0,decode失敗,QR未検出,0.477467,0.595392,0.691510,0.188442,,lockin:lockin::None:13.696289561497373:12:8:binary:0,lockin,,,13.696290,12
rice_X_4,frame_00000.png,frame_00117.png,,,,0,decode失敗,QR未検出,0.511292,0.443359,0.588206,0.379719,,lockin:lockin::None:22.5:4:8:binary:0,lockin,,,22.500000,4
rice_X_4,frame_00000.png,frame_00117.png,,,,0,decode失敗,QR未検出,0.097641,0.424605,0.623158,0.091900,,lockin:lockin::None:22.5:8:8:binary:0,lockin,,,22.500000,8
rice_X_4,frame_00000.png,frame_00117.png,rice_X_4/rgb_max_lockin_f137_ps8_th12/00000-00117-FRAME_rgbmax_scale1.00.png,,,0,decode失敗,QR未検出,0.030073,0.440225,0.632812,0.032933,,lockin:lockin::None:22.5:12:8:binary:0,lockin,,,22.500000,12
rice_X_8,frame_00000.png,frame_00117.png,,,,0,decode失敗,QR未検出,0.018952,0.077199,0.560180,0.188441,,lockin:lockin::None:6.848144780748687:4:8:binary:0,lockin,,,6.848145,4
rice_X_8,frame_00000.png,frame_00117.png,rice_X_8/rgb_max_lockin_f137_ps8_th8/00000-00117-FRAME_rgbmax_scale1.00.png,,,0,decode失敗,QR未検出,0.817944,0.485532,0.618033,0.427896,,lockin:lockin::None:6.848144780748687:8:8:binary:0,lockin,,,6.848145,8
rice_X_8,frame_00000.png,frame_00117.png,rice_X_8/rgb_max_lockin_f137_ps8_th12/00000-00117-FRAME_rgbmax_scale1.00.png,,,0,decode失敗,QR未検出,0.407266,0.556396,0.665857,0.172700,,lockin:lockin::None:6.848144780748687:12:8:binary:0,lockin,,,6.848145,12
rice_X_8,frame_00000.png,frame_00117.png,,,,0,decode失敗,QR未検出,0.013542,0.076023,0.580772,0.144589,,lockin:lockin::None:8.696289561497373:4:8:binary:0,lockin,,,8.696290,4
rice_X_8,frame_00000.png,frame_00117.png,rice_X_8/rgb_max_lockin_f137_ps8_th8/00000-00117-FRAME_rgbmax_scale1.00.png,,,0,decode失敗,QR未検出,0.895605,0.454999,0.571264,0.530503,,lockin:lockin::None:8.696289561497373:8:8:binary:0,lockin,,,8.696290,8
rice_X_8,frame_00000.png,frame_00117.png,rice_X_8/rgb_max_lockin_f137_ps8_th12/00000-00117-FRAME_rgbmax_scale1.00.png,,,0,decode失敗,QR未検出,0.592916,0.529472,0.659827,0.263096,,lockin:lockin::None:8.696289561497373:12:8:binary:0,lockin,,,8.696290,12
rice_X_8,frame_00000.png,frame_00117.png,,,,0,decode失敗,QR未検出,0.987846,0.432669,0.523808,0.639252,,lockin:lockin::None:13.696289561497373:4:8:binary:0,lockin,,,13.696290,4
rice_X_8,frame_00000.png,frame_00117.png,rice_X_8/rgb_max_lockin_f137_ps8_th8/00000-00117-FRAME_rgbmax_scale1.00.png,,,0,decode失敗,QR未検出,0.937774,0.609815,0.758799,0.246900,,lockin:lockin::None:13.696289561497373:8:8:binary:0,lockin,,,13.696290,8
rice_X_8,frame_00000.png,frame_00117.png,rice_X_8/rgb_max_lockin_f137_ps8_th12/00000-00117-FRAME_rgbmax_scale1.00.png,,,0,decode失敗,QR未検出,0.862438,0.760984,0.851239,0.098317,,lockin:lockin::None:13.696289561497373:12:8:binary:0,lockin,,,13.696290,12
rice_X_8,frame_00000.png,frame_00117.png,,,,0,decode失敗,QR未検出,0.012716,0.062783,0.571282,0.163183,,lockin:lockin::None:22.5:4:8:binary:0,lockin,,,22.500000,4
rice_X_8,frame_00000.png,frame_00117.png,rice_X_8/rgb_max_lockin_f137_ps8_th8/00000-00117-FRAME_rgbmax_scale1.00.png,,,0,decode失敗,QR未検出,0.899885,0.458345,0.576214,0.527087,,lockin:lockin::None:22.5:8:8:binary:0,lockin,,,22.500000,8
rice_X_8,frame_00000.png,frame_00117.png,rice_X_8/rgb_max_lockin_f137_ps8_th12/00000-00117-FRAME_rgbmax_scale1.00.png,,,0,decode失敗,QR未検出,0.639039,0.540041,0.670301,0.275397,,lockin:lockin::None:22.5:12:8:binary:0,lockin,,,22.500000,12
rice_X_12,frame_00000.png,frame_00117.png,,,,0,decode失敗,QR未検出,0.000341,0.004749,0.609878,0.108674,,lockin:lockin::None:6.848144780748687:4:8:binary:0,lockin,,,6.848145,4
rice_X_12,frame_00000.png,frame_00117.png,,,,0,decode失敗,QR未検出,0.981289,0.433964,0.527017,0.586939,,lockin:lockin::None:6.848144780748687:8:8:binary:0,lockin,,,6.848145,8
rice_X_12,frame_00000.png,frame_00117.png,,,,0,decode失敗,QR未検出,0.890369,0.532843,0.675763,0.314590,,lockin:lockin::None:6.848144780748687:12:8:binary:0,lockin,,,6.848145,12
rice_X_12,frame_00000.png,frame_00117.png,,,,0,decode失敗,QR未検出,0.000202,0.003347,0.613977,0.106467,,lockin:lockin::None:8.696289561497373:4:8:binary:0,lockin,,,8.696290,4
rice_X_12,frame_00000.png,frame_00117.png,,,,0,decode失敗,QR未検出,0.987625,0.436079,0.530334,0.591260,,lockin:lockin::None:8.696289561497373:8:8:binary:0,lockin,,,8.696290,8
rice_X_12,frame_00000.png,frame_00117.png,,,,0,decode失敗,QR未検出,0.908215,0.536157,0.680402,0.321657,,lockin:lockin::None:8.696289561497373:12:8:binary:0,lockin,,,8.696290,12
rice_X_12,frame_00000.png,frame_00117.png,,,,0,decode失敗,QR未検出,0.996757,0.545492,0.696338,0.300681,,lockin:lockin::None:13.696289561497373:4:8:binary:0,lockin,,,13.696290,4
rice_X_12,frame_00000.png,frame_00117.png,,,,0,decode失敗,QR未検出,0.988624,0.693207,0.836500,0.105885,,lockin:lockin::None:13.696289561497373:8:8:binary:0,lockin,,,13.696290,8
rice_X_12,frame_00000.png,frame_00117.png,,,,0,decode失敗,QR未検出,0.983297,0.769801,0.886823,0.060802,,lockin:lockin::None:13.696289561497373:12:8:binary:0,lockin,,,13.696290,12
rice_X_12,frame_00000.png,frame_00117.png,,,,0,decode失敗,QR未検出,0.001379,0.005300,0.542050,0.273870,,lockin:lockin::None:22.5:4:8:binary:0,lockin,,,22.500000,4
rice_X_12,frame_00000.png,frame_00117.png,,,,0,decode失敗,QR未検出,0.943765,0.529350,0.673903,0.339221,,lockin:lockin::None:22.5:8:8:binary:0,lockin,,,22.500000,8
rice_X_12,frame_00000.png,frame_00117.png,,,,0,decode失敗,QR未検出,0.702961,0.637310,0.746110,0.151246,,lockin:lockin::None:22.5:12:8:binary:0,lockin,,,22.500000,12
nagaoka_fireworks_X_4,frame_00000.png,frame_00117.png,,,,0,decode失敗,QR未検出,0.168980,0.256930,0.519337,0.436087,,lockin:lockin::None:6.848144780748687:4:8:binary:0,lockin,,,6.848145,4
nagaoka_fireworks_X_4,frame_00000.png,frame_00117.png,nagaoka_fireworks_X_4/rgb_max_lockin_f137_ps8_th8/00000-00117-FRAME_rgbmax_scale1.00.png,,,0,decode失敗,QR未検出,0.487584,0.425194,0.573301,0.298262,,lockin:lockin::None:6.848144780748687:8:8:binary:0,lockin,,,6.848145,8
nagaoka_fireworks_X_4,frame_00000.png,frame_00117.png,nagaoka_fireworks_X_4/rgb_max_lockin_f137_ps8_th12/00000-00117-FRAME_rgbmax_scale1.00.png,,,0,decode失敗,QR未検出,0.206187,0.420920,0.607570,0.129658,,lockin:lockin::None:6.848144780748687:12:8:binary:0,lockin,,,6.848145,12
nagaoka_fireworks_X_4,frame_00000.png,frame_00117.png,,,,0,decode失敗,QR未検出,0.120969,0.246788,0.545376,0.362928,,lockin:lockin::None:8.696289561497373:4:8:binary:0,lockin,,,8.696290,4
nagaoka_fireworks_X_4,frame_00000.png,frame_00117.png,nagaoka_fireworks_X_4/rgb_max_lockin_f137_ps8_th8/00000-00117-FRAME_rgbmax_scale1.00.png,,,0,decode失敗,QR未検出,0.678691,0.413286,0.532059,0.423952,,lockin:lockin::None:8.696289561497373:8:8:binary:0,lockin,,,8.696290,8
nagaoka_fireworks_X_4,frame_00000.png,frame_00117.png,nagaoka_fireworks_X_4/rgb_max_lockin_f137_ps8_th12/00000-00117-FRAME_rgbmax_scale1.00.png,,,0,decode失敗,QR未検出,0.412666,0.432631,0.588978,0.243756,,lockin:lockin::None:8.696289561497373:12:8:binary:0,lockin,,,8.696290,12
nagaoka_fireworks_X_4,frame_00000.png,frame_00117.png,,,,0,decode失敗,QR未検出,0.596495,0.475364,0.613268,0.289005,,lockin:lockin::None:13.696289561497373:4:8:binary:0,lockin,,,13.696290,4
nagaoka_fireworks_X_4,frame_00000.png,frame_00117.png,nagaoka_fireworks_X_4/rgb_max_lockin_f137_ps8_th8/00000-00117-FRAME_rgbmax_scale1.00.png,,,0,decode失敗,QR未検出,0.284962,0.598839,0.670047,0.072812,,lockin:lockin::None:13.696289561497373:8:8:binary:0,lockin,,,13.696290,8
nagaoka_fireworks_X_4,frame_00000.png,frame_00117.png,nagaoka_fireworks_X_4/rgb_max_lockin_f137_ps8_th12/00000-00117-FRAME_rgbmax_scale1.00.png,,,0,decode失敗,QR未検出,0.132066,0.670594,0.660259,0.021617,,lockin:lockin::None:13.696289561497373:12:8:binary:0,lockin,,,13.696290,12
nagaoka_fireworks_X_4,frame_00000.png,frame_00117.png,,,,0,decode失敗,QR未検出,0.170310,0.260208,0.521461,0.432175,,lockin:lockin::None:22.5:4:8:binary:0,lockin,,,22.500000,4
nagaoka_fireworks_X_4,frame_00000.png,frame_00117.png,nagaoka_fireworks_X_4/rgb_max_lockin_f137_ps8_th8/00000-00117-FRAME_rgbmax_scale1.00.png,,,0,decode失敗,QR未検出,0.543017,0.428017,0.569264,0.326447,,lockin:lockin::None:22.5:8:8:binary:0,lockin,,,22.500000,8
nagaoka_fireworks_X_4,frame_00000.png,frame_00117.png,nagaoka_fireworks_X_4/rgb_max_lockin_f137_ps8_th12/00000-00117-FRAME_rgbmax_scale1.00.png,,,0,decode失敗,QR未検出,0.296650,0.445274,0.609228,0.168462,,lockin:lockin::None:22.5:12:8:binary:0,lockin,,,22.500000,12
nagaoka_fireworks_X_8,frame_00000.png,frame_00117.png,nagaoka_fireworks_X_8/rgb_max_lockin_f137_ps8_th4/00000-00117-FRAME_rgbmax_scale1.00.png,,,0,decode失敗,QR未検出,0.082724,0.213085,0.554649,0.304175,,lockin:lockin::None:6.848144780748687:4:8:binary:0,lockin,,,6.848145,4
nagaoka_fireworks_X_8,frame_00000.png,frame_00117.png,nagaoka_fireworks_X_8/rgb_max_lockin_f137_ps8_th8/00000-00117-FRAME_rgbmax_scale1.00.png,,,0,decode失敗,QR未検出,0.826279,0.413819,0.510440,0.514325,,lockin:lockin::None:6.848144780748687:8:8:binary:0,lockin,,,6.848145,8
nagaoka_fireworks_X_8,frame_00000.png,frame_00117.png,nagaoka_fireworks_X_8/rgb_max_lockin_f137_ps8_th12/00000-00117-FRAME_rgbmax_scale1.00.png,,,0,decode失敗,QR未検出,0.670409,0.449568,0.581005,0.354368,,lockin:lockin::None:6.848144780748687:12:8:binary:0,lockin,,,6.848145,12
nagaoka_fireworks_X_8,frame_00000.png,frame_00117.png,nagaoka_fireworks_X_8/rgb_max_lockin_f137_ps8_th4/00000-00117-FRAME_rgbmax_scale1.00.png,,,0,decode失敗,QR未検出,0.094797,0.227845,0.553305,0.322581,,lockin:lockin::None:8.696289561497373:4:8:binary:0,lockin,,,8.696290,4
nagaoka_fireworks_X_8,frame_00000.png,frame_00117.png,nagaoka_fireworks_X_8/rgb_max_lockin_f137_ps8_th8/00000-00117-FRAME_rgbmax_scale1.00.png,,,0,decode失敗,QR未検出,0.811132,0.421630,0.525963,0.486661,,lockin:lockin::None:8.696289561497373:8:8:binary:0,lockin,,,8.696290,8
nagaoka_fireworks_X_8,frame_00000.png,frame_00117.png,nagaoka_fireworks_X_8/rgb_max_lockin_f137_ps8_th12/00000-00117-FRAME_rgbmax_scale1.00.png,,,0,decode失敗,QR未検出,0.641182,0.458497,0.593509,0.325478,,lockin:lockin::None:8.696289561497373:12:8:binary:0,lockin,,,8.696290,12
nagaoka_fireworks_X_8,frame_00000.png,frame_00117.png,nagaoka_fireworks_X_8/rgb_max_lockin_f137_ps8_th4/00000-00117-FRAME_rgbmax_scale1.00.png,,,0,decode失敗,QR未検出,0.649853,0.655188,0.747909,0.105152,,lockin:lockin::None:13.696289561497373:4:8:binary:0,lockin,,,13.696290,4
nagaoka_fireworks_X_8,frame_00000.png,frame_00117.png,nagaoka_fireworks_X_8/rgb_max_lockin_f137_ps8_th8/00000-00117-FRAME_rgbmax_scale1.00.png,,,0,decode失敗,QR未検出,0.463828,0.834242,0.771154,0.021510,,lockin:lockin::None:13.696289561497373:8:8:binary:0,lockin,,,13.696290,8
nagaoka_fireworks_X_8,frame_00000.png,frame_00117.png,nagaoka_fireworks_X_8/rgb_max_lockin_f137_ps8_th12/00000-00117-FRAME_rgbmax_scale1.00.png,,,0,decode失敗,QR未検出,0.305067,0.886814,0.732715,0.008465,,lockin:lockin::None:13.696289561497373:12:8:binary:0,lockin,,,13.696290,12
nagaoka_fireworks_X_8,frame_00000.png,frame_00117.png,nagaoka_fireworks_X_8/rgb_max_lockin_f137_ps8_th4/00000-00117-FRAME_rgbmax_scale1.00.png,,,0,decode失敗,QR未検出,0.112797,0.219505,0.530792,0.383498,,lockin:lockin::None:22.5:4:8:binary:0,lockin,,,22.500000,4
nagaoka_fireworks_X_8,frame_00000.png,frame_00117.png,nagaoka_fireworks_X_8/rgb_max_lockin_f137_ps8_th8/00000-00117-FRAME_rgbmax_scale1.00.png,,,0,decode失敗,QR未検出,0.744352,0.441683,0.564197,0.408155,,lockin:lockin::None:22.5:8:8:binary:0,lockin,,,22.500000,8
nagaoka_fireworks_X_8,frame_00000.png,frame_00117.png,nagaoka_fireworks_X_8/rgb_max_lockin_f137_ps8_th12/00000-00117-FRAME_rgbmax_scale1.00.png,,,0,decode失敗,QR未検出,0.533183,0.479163,0.618897,0.248104,,lockin:lockin::None:22.5:12:8:binary:0,lockin,,,22.500000,12
nagaoka_fireworks_X_12,frame_00000.png,frame_00117.png,,,,0,decode失敗,QR未検出,0.970158,0.425698,0.512440,0.554688,,lockin:lockin::None:6.848144780748687:4:8:binary:0,lockin,,,6.848145,4
nagaoka_fireworks_X_12,frame_00000.png,frame_00117.png,nagaoka_fireworks_X_12/rgb_max_lockin_f137_ps8_th8/00000-00117-FRAME_rgbmax_scale1.00.png,,,0,decode失敗,QR未検出,0.800904,0.514273,0.651978,0.285722,,lockin:lockin::None:6.848144780748687:8:8:binary:0,lockin,,,6.848145,8
nagaoka_fireworks_X_12,frame_00000.png,frame_00117.png,nagaoka_fireworks_X_12/rgb_max_lockin_f137_ps8_th12/00000-00117-FRAME_rgbmax_scale1.00.png,,,0,decode失敗,QR未検出,0.507492,0.577536,0.685416,0.127631,,lockin:lockin::None:6.848144780748687:12:8:binary:0,lockin,,,6.848145,12
nagaoka_fireworks_X_12,frame_00000.png,frame_00117.png,,,,0,decode失敗,QR未検出,0.007696,0.028712,0.543770,0.333961,,lockin:lockin::None:8.696289561497373:4:8:binary:0,lockin,,,8.696290,4
nagaoka_fireworks_X_12,frame_00000.png,frame_00117.png,nagaoka_fireworks_X_12/rgb_max_lockin_f137_ps8_th8/00000-00117-FRAME_rgbmax_scale1.00.png,,,0,decode失敗,QR未検出,0.942535,0.452066,0.562988,0.461754,,lockin:lockin::None:8.696289561497373:8:8:binary:0,lockin,,,8.696290,8
nagaoka_fireworks_X_12,frame_00000.png,frame_00117.png,nagaoka_fireworks_X_12/rgb_max_lockin_f137_ps8_th12/00000-00117-FRAME_rgbmax_scale1.00.png,,,0,decode失敗,QR未検出,0.826557,0.510146,0.647761,0.298506,,lockin:lockin::None:8.696289561497373:12:8:binary:0,lockin,,,8.696290,12
nagaoka_fireworks_X_12,frame_00000.png,frame_00117.png,,,,0,decode失敗,QR未検出,0.917256,0.608475,0.754901,0.146459,,lockin:lockin::None:13.696289561497373:4:8:binary:0,lockin,,,13.696290,4
nagaoka_fireworks_X_12,frame_00000.png,frame_00117.png,nagaoka_fireworks_X_12/rgb_max_lockin_f137_ps8_th8/00000-00117-FRAME_rgbmax_scale1.00.png,,,0,decode失敗,QR未検出,0.861045,0.742873,0.840845,0.059682,,lockin:lockin::None:13.696289561497373:8:8:binary:0,lockin,,,13.696290,8
nagaoka_fireworks_X_12,frame_00000.png,frame_00117.png,nagaoka_fireworks_X_12/rgb_max_lockin_f137_ps8_th12/00000-00117-FRAME_rgbmax_scale1.00.png,,,0,decode失敗,QR未検出,0.825976,0.823306,0.872055,0.034560,,lockin:lockin::None:13.696289561497373:12:8:binary:0,lockin,,,13.696290,12
nagaoka_fireworks_X_12,frame_00000.png,frame_00117.png,,,,0,decode失敗,QR未検出,0.011270,0.033113,0.520034,0.383743,,lockin:lockin::None:22.5:4:8:binary:0,lockin,,,22.500000,4
nagaoka_fireworks_X_12,frame_00000.png,frame_00117.png,nagaoka_fireworks_X_12/rgb_max_lockin_f137_ps8_th8/00000-00117-FRAME_rgbmax_scale1.00.png,,,0,decode失敗,QR未検出,0.917285,0.471200,0.594948,0.403582,,lockin:lockin::None:22.5:8:8:binary:0,lockin,,,22.500000,8
nagaoka_fireworks_X_12,frame_00000.png,frame_00117.png,nagaoka_fireworks_X_12/rgb_max_lockin_f137_ps8_th12/00000-00117-FRAME_rgbmax_scale1.00.png,,,0,decode失敗,QR未検出,0.792651,0.527194,0.665570,0.257657,,lockin:lockin::None:22.5:12:8:binary:0,lockin,,,22.500000,12
hocho_X_4,frame_00000.png,frame_00117.png,,,,0,decode失敗,QR未検出,0.035833,0.212114,0.600361,0.097830,,lockin:lockin::None:6.848144780748687:4:8:binary:0,lockin,,,6.848145,4
hocho_X_4,frame_00000.png,frame_00117.png,hocho_X_4/rgb_max_lockin_f137_ps8_th8/00000-00117-FRAME_rgbmax_scale1.00.png,,,0,decode失敗,QR未検出,0.604710,0.392132,0.514617,0.530164,,lockin:lockin::None:6.848144780748687:8:8:binary:0,lockin,,,6.848145,8
hocho_X_4,frame_00000.png,frame_00117.png,hocho_X_4/rgb_max_lockin_f137_ps8_th12/00000-00117-FRAME_rgbmax_scale1.00.png,,,0,decode失敗,QR未検出,0.257315,0.385531,0.580135,0.223894,,lockin:lockin::None:6.848144780748687:12:8:binary:0,lockin,,,6.848145,12
hocho_X_4,frame_00000.png,frame_00117.png,,,,0,decode失敗,QR未検出,0.029818,0.198567,0.602814,0.091001,,lockin:lockin::None:8.696289561497373:4:8:binary:0,lockin,,,8.696290,4
hocho_X_4,frame_00000.png,frame_00117.png,hocho_X_4/rgb_max_lockin_f137_ps8_th8/00000-00117-FRAME_rgbmax_scale1.00.png,,,0,decode失敗,QR未検出,0.633529,0.396697,0.515614,0.544089,,lockin:lockin::None:8.696289561497373:8:8:binary:0,lockin,,,8.696290,8
hocho_X_4,frame_00000.png,frame_00117.png,hocho_X_4/rgb_max_lockin_f137_ps8_th12/00000-00117-FRAME_rgbmax_scale1.00.png,,,0,decode失敗,QR未検出,0.264420,0.390374,0.581697,0.234746,,lockin:lockin::None:8.696289561497373:12:8:binary:0,lockin,,,8.696290,12
hocho_X_4,frame_00000.png,frame_00117.png,,,,0,decode失敗,QR未検出,0.743304,0.433744,0.553080,0.543000,,lockin:lockin::None:13.696289561497373:4:8:binary:0,lockin,,,13.696290,4
hocho_X_4,frame_00000.png,frame_00117.png,hocho_X_4/rgb_max_lockin_f137_ps8_th8/00000-00117-FRAME_rgbmax_scale1.00.png,,,0,decode失敗,QR未検出,0.285236,0.567042,0.660352,0.117161,,lockin:lockin::None:13.696289561497373:8:8:binary:0,lockin,,,13.696290,8
hocho_X_4,frame_00000.png,frame_00117.png,hocho_X_4/rgb_max_lockin_f137_ps8_th12/00000-00117-FRAME_rgbmax_scale1.00.png,,,0,decode失敗,QR未検出,0.138407,0.661288,0.660377,0.035227,,lockin:lockin::None:13.696289561497373:12:8:binary:0,lockin,,,13.696290,12
hocho_X_4,frame_00000.png,frame_00117.png,,,,0,decode失敗,QR未検出,0.193038,0.283572,0.528467,0.293433,,lockin:lockin::None:22.5:4:8:binary:0,lockin,,,22.500000,4
hocho_X_4,frame_00000.png,frame_00117.png,hocho_X_4/rgb_max_lockin_f137_ps8_th8/00000-00117-FRAME_rgbmax_scale1.00.png,,,0,decode失敗,QR未検出,0.261211,0.391557,0.583090,0.234164,,lockin:lockin::None:22.5:8:8:binary:0,lockin,,,22.500000,8
hocho_X_4,frame_00000.png,frame_00117.png,hocho_X_4/rgb_max_lockin_f137_ps8_th12/00000-00117-FRAME_rgbmax_scale1.00.png,,,0,decode失敗,QR未検出,0.074462,0.349548,0.612441,0.077705,,lockin:lockin::None:22.5:12:8:binary:0,lockin,,,22.500000,12
hocho_X_8,frame_00000.png,frame_00117.png,,,,0,decode失敗,QR未検出,0.026830,0.125376,0.577390,0.142765,,lockin:lockin::None:6.848144780748687:4:8:binary:0,lockin,,,6.848145,4
hocho_X_8,frame_00000.png,frame_00117.png,hocho_X_8/rgb_max_lockin_f137_ps8_th8/00000-00117-FRAME_rgbmax_scale1.00.png,,,0,decode失敗,QR未検出,0.624694,0.451665,0.587090,0.399710,,lockin:lockin::None:6.848144780748687:8:8:binary:0,lockin,,,6.848145,8
hocho_X_8,frame_00000.png,frame_00117.png,hocho_X_8/rgb_max_lockin_f137_ps8_th12/00000-00117-FRAME_rgbmax_scale1.00.png,,,0,decode失敗,QR未検出,0.215444,0.456797,0.620944,0.131392,,lockin:lockin::None:6.848144780748687:12:8:binary:0,lockin,,,6.848145,12
hocho_X_8,frame_00000.png,frame_00117.png,,,,0,decode失敗,QR未検出,0.017789,0.113370,0.591595,0.111235,,lockin:lockin::None:8.696289561497373:4:8:binary:0,lockin,,,8.696290,4
hocho_X_8,frame_00000.png,frame_00117.png,hocho_X_8/rgb_max_lockin_f137_ps8_th8/00000-00117-FRAME_rgbmax_scale1.00.png,,,0,decode失敗,QR未検出,0.744678,0.451959,0.578128,0.478432,,lockin:lockin::None:8.696289561497373:8:8:binary:0,lockin,,,8.696290,8
hocho_X_8,frame_00000.png,frame_00117.png,hocho_X_8/rgb_max_lockin_f137_ps8_th12/00000-00117-FRAME_rgbmax_scale1.00.png,,,0,decode失敗,QR未検出,0.346270,0.469314,0.619294,0.190510,,lockin:lockin::None:8.696289561497373:12:8:binary:0,lockin,,,8.696290,12
hocho_X_8,frame_00000.png,frame_00117.png,,,,0,decode失敗,QR未検出,0.935780,0.473424,0.597521,0.534451,,lockin:lockin::None:13.696289561497373:4:8:binary:0,lockin,,,13.696290,4
hocho_X_8,frame_00000.png,frame_00117.png,hocho_X_8/rgb_max_lockin_f137_ps8_th8/00000-00117-FRAME_rgbmax_scale1.00.png,,,0,decode失敗,QR未検出,0.692296,0.676508,0.767360,0.129880,,lockin:lockin::None:13.696289561497373:8:8:binary:0,lockin,,,13.696290,8
hocho_X_8,frame_00000.png,frame_00117.png,hocho_X_8/rgb_max_lockin_f137_ps8_th12/00000-00117-FRAME_rgbmax_scale1.00.png,,,0,decode失敗,QR未検出,0.535456,0.786327,0.777813,0.046207,,lockin:lockin::None:13.696289561497373:12:8:binary:0,lockin,,,13.696290,12
hocho_X_8,frame_00000.png,frame_00117.png,,,,0,decode失敗,QR未検出,0.921321,0.418426,0.504950,0.693558,,lockin:lockin::None:22.5:4:8:binary:0,lockin,,,22.500000,4
hocho_X_8,frame_00000.png,frame_00117.png,hocho_X_8/rgb_max_lockin_f137_ps8_th8/00000-00117-FRAME_rgbmax_scale1.00.png,,,0,decode失敗,QR未検出,0.390875,0.483662,0.626169,0.217715,,lockin:lockin::None:22.5:8:8:binary:0,lockin,,,22.500000,8
hocho_X_8,frame_00000.png,frame_00117.png,hocho_X_8/rgb_max_lockin_f137_ps8_th12/00000-00117-FRAME_rgbmax_scale1.00.png,,,0,decode失敗,QR未検出,0.105711,0.425826,0.622374,0.072068,,lockin:lockin::None:22.5:12:8:binary:0,lockin,,,22.500000,12
hocho_X_12,frame_00000.png,frame_00117.png,,,,0,decode失敗,QR未検出,0.002969,0.017879,0.577472,0.154842,,lockin:lockin::None:6.848144780748687:4:8:binary:0,lockin,,,6.848145,4
hocho_X_12,frame_00000.png,frame_00117.png,hocho_X_12/rgb_max_lockin_f137_ps8_th8/00000-00117-FRAME_rgbmax_scale1.00.png,,,0,decode失敗,QR未検出,0.891483,0.498631,0.634004,0.409546,,lockin:lockin::None:6.848144780748687:8:8:binary:0,lockin,,,6.848145,8
hocho_X_12,frame_00000.png,frame_00117.png,hocho_X_12/rgb_max_lockin_f137_ps8_th12/00000-00117-FRAME_rgbmax_scale1.00.png,,,0,decode失敗,QR未検出,0.522869,0.598494,0.698467,0.140883,,lockin:lockin::None:6.848144780748687:12:8:binary:0,lockin,,,6.848145,12
hocho_X_12,frame_00000.png,frame_00117.png,,,,0,decode失敗,QR未検出,0.000773,0.007430,0.598438,0.109493,,lockin:lockin::None:8.696289561497373:4:8:binary:0,lockin,,,8.696290,4
hocho_X_12,frame_00000.png,frame_00117.png,hocho_X_12/rgb_max_lockin_f137_ps8_th8/00000-00117-FRAME_rgbmax_scale1.00.png,,,0,decode失敗,QR未検出,0.957595,0.471422,0.593501,0.515077,,lockin:lockin::None:8.696289561497373:8:8:binary:0,lockin,,,8.696290,8
hocho_X_12,frame_00000.png,frame_00117.png,hocho_X_12/rgb_max_lockin_f137_ps8_th12/00000-00117-FRAME_rgbmax_scale1.00.png,,,0,decode失敗,QR未検出,0.728739,0.569110,0.700248,0.224901,,lockin:lockin::None:8.696289561497373:12:8:binary:0,lockin,,,8.696290,12
hocho_X_12,frame_00000.png,frame_00117.png,,,,0,decode失敗,QR未検出,0.988341,0.575808,0.730570,0.258002,,lockin:lockin::None:13.696289561497373:4:8:binary:0,lockin,,,13.696290,4
hocho_X_12,frame_00000.png,frame_00117.png,hocho_X_12/rgb_max_lockin_f137_ps8_th8/00000-00117-FRAME_rgbmax_scale1.00.png,,,0,decode失敗,QR未検出,0.859349,0.749779,0.844321,0.070531,,lockin:lockin::None:13.696289561497373:8:8:binary:0,lockin,,,13.696290,8
hocho_X_12,frame_00000.png,frame_00117.png,hocho_X_12/rgb_max_lockin_f137_ps8_th12/00000-00117-FRAME_rgbmax_scale1.00.png,,,0,decode失敗,QR未検出,0.768170,0.815586,0.852303,0.037584,,lockin:lockin::None:13.696289561497373:12:8:binary:0,lockin,,,13.696290,12
hocho_X_12,frame_00000.png,frame_00117.png,,,,0,decode失敗,QR未検出,0.002488,0.009098,0.537982,0.225703,,lockin:lockin::None:22.5:4:8:binary:0,lockin,,,22.500000,4
hocho_X_12,frame_00000.png,frame_00117.png,hocho_X_12/rgb_max_lockin_f137_ps8_th8/00000-00117-FRAME_rgbmax_scale1.00.png,,,0,decode失敗,QR未検出,0.902965,0.548180,0.693596,0.328250,,lockin:lockin::None:22.5:8:8:binary:0,lockin,,,22.500000,8
hocho_X_12,frame_00000.png,frame_00117.png,hocho_X_12/rgb_max_lockin_f137_ps8_th12/00000-00117-FRAME_rgbmax_scale1.00.png,,,0,decode失敗,QR未検出,0.549930,0.652861,0.729580,0.121218,,lockin:lockin::None:22.5:12:8:binary:0,lockin,,,22.500000,12
ex_X_4,frame_00000.png,frame_00117.png,,,,0,decode失敗,QR未検出,0.008556,0.218367,0.627749,0.016744,,lockin:lockin::None:6.848144780748687:4:8:binary:0,lockin,,,6.848145,4
ex_X_4,frame_00000.png,frame_00117.png,ex_X_4/rgb_max_lockin_f137_ps8_th8/00000-00117-FRAME_rgbmax_scale1.00.png,,,0,decode失敗,QR未検出,0.040180,0.186430,0.586558,0.109816,,lockin:lockin::None:6.848144780748687:8:8:binary:0,lockin,,,6.848145,8
ex_X_4,frame_00000.png,frame_00117.png,ex_X_4/rgb_max_lockin_f137_ps8_th12/00000-00117-FRAME_rgbmax_scale1.00.png,,,0,decode失敗,QR未検出,0.179765,0.247513,0.502210,0.347589,,lockin:lockin::None:6.848144780748687:12:8:binary:0,lockin,,,6.848145,12
ex_X_4,frame_00000.png,frame_00117.png,,,,0,decode失敗,QR未検出,0.007667,0.180850,0.625931,0.018189,,lockin:lockin::None:8.696289561497373:4:8:binary:0,lockin,,,8.696290,4
ex_X_4,frame_00000.png,frame_00117.png,ex_X_4/rgb_max_lockin_f137_ps8_th8/00000-00117-FRAME_rgbmax_scale1.00.png,,,0,decode失敗,QR未検出,0.041751,0.190267,0.586278,0.110107,,lockin:lockin::None:8.696289561497373:8:8:binary:0,lockin,,,8.696290,8
ex_X_4,frame_00000.png,frame_00117.png,ex_X_4/rgb_max_lockin_f137_ps8_th12/00000-00117-FRAME_rgbmax_scale1.00.png,,,0,decode失敗,QR未検出,0.799641,0.411230,0.510050,0.637725,,lockin:lockin::None:8.696289561497373:12:8:binary:0,lockin,,,8.696290,12
ex_X_4,frame_00000.png,frame_00117.png,,,,0,decode失敗,QR未検出,0.063657,0.145043,0.522308,0.232912,,lockin:lockin::None:13.696289561497373:4:8:binary:0,lockin,,,13.696290,4
ex_X_4,frame_00000.png,frame_00117.png,ex_X_4/rgb_max_lockin_f137_ps8_th8/00000-00117-FRAME_rgbmax_scale1.00.png,,,0,decode失敗,QR未検出,0.524623,0.672737,0.733910,0.162164,,lockin:lockin::None:13.696289561497373:8:8:binary:0,lockin,,,13.696290,8
ex_X_4,frame_00000.png,frame_00117.png,ex_X_4/rgb_max_lockin_f137_ps8_th12/00000-00117-FRAME_rgbmax_scale1.00.png,,,0,decode失敗,QR未検出,0.252526,0.798572,0.704561,0.030228,,lockin:lockin::None:13.696289561497373:12:8:binary:0,lockin,,,13.696290,12
ex_X_4,frame_00000.png,frame_00117.png,,,,0,decode失敗,QR未検出,0.052584,0.201510,0.579048,0.132280,,lockin:lockin::None:22.5:4:8:binary:0,lockin,,,22.500000,4
ex_X_4,frame_00000.png,frame_00117.png,ex_X_4/rgb_max_lockin_f137_ps8_th8/00000-00117-FRAME_rgbmax_scale1.00.png,,,0,decode失敗,QR未検出,0.430268,0.474902,0.619223,0.324373,,lockin:lockin::None:22.5:8:8:binary:0,lockin,,,22.500000,8
ex_X_4,frame_00000.png,frame_00117.png,ex_X_4/rgb_max_lockin_f137_ps8_th12/00000-00117-FRAME_rgbmax_scale1.00.png,,,0,decode失敗,QR未検出,0.100922,0.519614,0.638562,0.073184,,lockin:lockin::None:22.5:12:8:binary:0,lockin,,,22.500000,12
ex_X_8,frame_00000.png,frame_00117.png,,,,0,decode失敗,QR未検出,0.003488,0.096916,0.625220,0.015896,,lockin:lockin::None:6.848144780748687:4:8:binary:0,lockin,,,6.848145,4
ex_X_8,frame_00000.png,frame_00117.png,ex_X_8/rgb_max_lockin_f137_ps8_th8/00000-00117-FRAME_rgbmax_scale1.00.png,,,0,decode失敗,QR未検出,0.018495,0.120539,0.593375,0.095959,,lockin:lockin::None:6.848144780748687:8:8:binary:0,lockin,,,6.848145,8
ex_X_8,frame_00000.png,frame_00117.png,ex_X_8/rgb_max_lockin_f137_ps8_th12/00000-00117-FRAME_rgbmax_scale1.00.png,,,0,decode失敗,QR未検出,0.923775,0.425875,0.518665,0.679370,,lockin:lockin::None:6.848144780748687:12:8:binary:0,lockin,,,6.848145,12
ex_X_8,frame_00000.png,frame_00117.png,,,,0,decode失敗,QR未検出,0.013369,0.123667,0.606151,0.067514,,lockin:lockin::None:8.696289561497373:4:8:binary:0,lockin,,,8.696290,4
ex_X_8,frame_00000.png,frame_00117.png,ex_X_8/rgb_max_lockin_f137_ps8_th8/00000-00117-FRAME_rgbmax_scale1.00.png,,,0,decode失敗,QR未検出,0.849727,0.475122,0.603378,0.513004,,lockin:lockin::None:8.696289561497373:8:8:binary:0,lockin,,,8.696290,8
ex_X_8,frame_00000.png,frame_00117.png,ex_X_8/rgb_max_lockin_f137_ps8_th12/00000-00117-FRAME_rgbmax_scale1.00.png,,,0,decode失敗,QR未検出,0.472874,0.661066,0.719711,0.141202,,lockin:lockin::None:8.696289561497373:12:8:binary:0,lockin,,,8.696290,12
ex_X_8,frame_00000.png,frame_00117.png,,,,0,decode失敗,QR未検出,0.029064,0.076478,0.518545,0.251556,,lockin:lockin::None:13.696289561497373:4:8:binary:0,lockin,,,13.696290,4
ex_X_8,frame_00000.png,frame_00117.png,ex_X_8/rgb_max_lockin_f137_ps8_th8/00000-00117-FRAME_rgbmax_scale1.00.png,,,0,decode失敗,QR未検出,0.864341,0.673300,0.797841,0.169626,,lockin:lockin::None:13.696289561497373:8:8:binary:0,lockin,,,13.696290,8
ex_X_8,frame_00000.png,frame_00117.png,ex_X_8/rgb_max_lockin_f137_ps8_th12/00000-00117-FRAME_rgbmax_scale1.00.png,,,0,decode失敗,QR未検出,0.748334,0.796578,0.838738,0.047126,,lockin:lockin::None:13.696289561497373:12:8:binary:0,lockin,,,13.696290,12
ex_X_8,frame_00000.png,frame_00117.png,,,,0,decode失敗,QR未検出,0.024813,0.133136,0.585982,0.106925,,lockin:lockin::None:22.5:4:8:binary:0,lockin,,,22.500000,4
ex_X_8,frame_00000.png,frame_00117.png,ex_X_8/rgb_max_lockin_f137_ps8_th8/00000-00117-FRAME_rgbmax_scale1.00.png,,,0,decode失敗,QR未検出,0.757668,0.541778,0.678346,0.383482,,lockin:lockin::None:22.5:8:8:binary:0,lockin,,,22.500000,8
ex_X_8,frame_00000.png,frame_00117.png,ex_X_8/rgb_max_lockin_f137_ps8_th12/00000-00117-FRAME_rgbmax_scale1.00.png,,,0,decode失敗,QR未検出,0.342792,0.687623,0.703919,0.100083,,lockin:lockin::None:22.5:12:8:binary:0,lockin,,,22.500000,12
ex_X_12,frame_00000.png,frame_00117.png,,,,0,decode失敗,QR未検出,0.000058,0.001944,0.625028,0.025946,,lockin:lockin::None:6.848144780748687:4:8:binary:0,lockin,,,6.848145,4
ex_X_12,frame_00000.png,frame_00117.png,,,,0,decode失敗,QR未検出,0.005606,0.024703,0.557214,0.198799,,lockin:lockin::None:6.848144780748687:8:8:binary:0,lockin,,,6.848145,8
ex_X_12,frame_00000.png,frame_00117.png,ex_X_12/rgb_max_lockin_f137_ps8_th12/00000-00117-FRAME_rgbmax_scale1.00.png,,,0,decode失敗,QR未検出,0.954636,0.488049,0.618759,0.450845,,lockin:lockin::None:6.848144780748687:12:8:binary:0,lockin,,,6.848145,12
ex_X_12,frame_00000.png,frame_00117.png,,,,0,decode失敗,QR未検出,0.000615,0.013847,0.620061,0.040698,,lockin:lockin::None:8.696289561497373:4:8:binary:0,lockin,,,8.696290,4
ex_X_12,frame_00000.png,frame_00117.png,,,,0,decode失敗,QR未検出,0.986952,0.421388,0.501669,0.678411,,lockin:lockin::None:8.696289561497373:8:8:binary:0,lockin,,,8.696290,8
ex_X_12,frame_00000.png,frame_00117.png,ex_X_12/rgb_max_lockin_f137_ps8_th12/00000-00117-FRAME_rgbmax_scale1.00.png,,,0,decode失敗,QR未検出,0.909368,0.555640,0.702119,0.294914,,lockin:lockin::None:8.696289561497373:12:8:binary:0,lockin,,,8.696290,12
ex_X_12,frame_00000.png,frame_00117.png,,,,0,decode失敗,QR未検出,0.980438,0.620026,0.774039,0.178500,,lockin:lockin::None:13.696289561497373:4:8:binary:0,lockin,,,13.696290,4
ex_X_12,frame_00000.png,frame_00117.png,,,,0,decode失敗,QR未検出,0.923314,0.754768,0.862808,0.059364,,lockin:lockin::None:13.696289561497373:8:8:binary:0,lockin,,,13.696290,8
ex_X_12,frame_00000.png,frame_00117.png,ex_X_12/rgb_max_lockin_f137_ps8_th12/00000-00117-FRAME_rgbmax_scale1.00.png,,,0,decode失敗,QR未検出,0.866964,0.807373,0.876211,0.039748,,lockin:lockin::None:13.696289561497373:12:8:binary:0,lockin,,,13.696290,12
ex_X_12,frame_00000.png,frame_00117.png,,,,0,decode失敗,QR未検出,0.000783,0.010698,0.609699,0.064979,,lockin:lockin::None:22.5:4:8:binary:0,lockin,,,22.500000,4
ex_X_12,frame_00000.png,frame_00117.png,,,,0,decode失敗,QR未検出,0.976441,0.467762,0.586766,0.557197,,lockin:lockin::None:22.5:8:8:binary:0,lockin,,,22.500000,8
ex_X_12,frame_00000.png,frame_00117.png,ex_X_12/rgb_max_lockin_f137_ps8_th12/00000-00117-FRAME_rgbmax_scale1.00.png,,,0,decode失敗,QR未検出,0.872541,0.632889,0.769241,0.209483,,lockin:lockin::None:22.5:12:8:binary:0,lockin,,,22.500000,12
