folder,pass,adopted,decode_success,decode_note,decode_variant,diff_mode,repr_mode,window_n,stat_kind,fft_target_hz,diff_threshold,phase_steps,n_maps,pixel_acc_all,pixel_acc_ok,pixel_acc_best,best_pair_frame_1,best_pair_frame_2,video,display_rate,exposure,fluorescent,camera_fps,rate_hz,exposure_denom,fluorescent_flag,cond,image,channel,token,intensity,decode_decoded_text,decode_method,decode_frame_1,decode_frame_2,note,analysis_frames,extract_sec
rice_R_4,lockin,1,0,QR未検出,,lockin,binary,,,29.212366,12,8,1,0.683245,,0.683245,frame_00000.png,frame_00118.png,r180_e125_f0.mp4,180 Hz,1/125,蛍光灯なし,59.606 fps,180,125,0,0,rice,R,R,4,,,frame_00000.png,frame_00118.png,,119,1.996437
rice_R_4,lockin,0,0,QR未検出,,lockin,binary,,,15.787634,12,8,1,0.647805,,0.647805,frame_00000.png,frame_00118.png,r180_e125_f0.mp4,180 Hz,1/125,蛍光灯なし,59.606 fps,180,125,0,0,rice,R,R,4,,,frame_00000.png,frame_00118.png,,119,1.996437
rice_R_4,lockin,0,0,QR未検出,,lockin,binary,,,9.606183,12,8,1,0.647240,,0.647240,frame_00000.png,frame_00118.png,r180_e125_f0.mp4,180 Hz,1/125,蛍光灯なし,59.606 fps,180,125,0,0,rice,R,R,4,,,frame_00000.png,frame_00118.png,,119,1.996437
rice_R_4,lockin,0,0,QR未検出,,lockin,binary,,,14.606183,12,8,1,0.644897,,0.644897,frame_00000.png,frame_00118.png,r180_e125_f0.mp4,180 Hz,1/125,蛍光灯なし,59.606 fps,180,125,0,0,rice,R,R,4,,,frame_00000.png,frame_00118.png,,119,1.996437
rice_R_4,lockin,0,0,QR未検出,,lockin,binary,,,9.606183,4,8,1,0.633892,,0.633892,frame_00000.png,frame_00118.png,r180_e125_f0.mp4,180 Hz,1/125,蛍光灯なし,59.606 fps,180,125,0,0,rice,R,R,4,,,frame_00000.png,frame_00118.png,,119,1.996437
rice_R_4,lockin,0,0,QR未検出,,lockin,binary,,,14.606183,4,8,1,0.627234,,0.627234,frame_00000.png,frame_00118.png,r180_e125_f0.mp4,180 Hz,1/125,蛍光灯なし,59.606 fps,180,125,0,0,rice,R,R,4,,,frame_00000.png,frame_00118.png,,119,1.996437
rice_R_4,lockin,0,0,QR未検出,,lockin,binary,,,29.212366,8,8,1,0.621754,,0.621754,frame_00000.png,frame_00118.png,r180_e125_f0.mp4,180 Hz,1/125,蛍光灯なし,59.606 fps,180,125,0,0,rice,R,R,4,,,frame_00000.png,frame_00118.png,,119,1.996437
rice_R_4,lockin,0,0,QR未検出,,lockin,binary,,,15.787634,4,8,1,0.619077,,0.619077,frame_00000.png,frame_00118.png,r180_e125_f0.mp4,180 Hz,1/125,蛍光灯なし,59.606 fps,180,125,0,0,rice,R,R,4,,,frame_00000.png,frame_00118.png,,119,1.996437
rice_R_4,lockin,0,0,QR未検出,,lockin,binary,,,29.212366,4,8,1,0.594461,,0.594461,frame_00000.png,frame_00118.png,r180_e125_f0.mp4,180 Hz,1/125,蛍光灯なし,59.606 fps,180,125,0,0,rice,R,R,4,,,frame_00000.png,frame_00118.png,,119,1.996437
rice_R_4,lockin,0,0,QR未検出,,lockin,binary,,,15.787634,8,8,1,0.572492,,0.572492,frame_00000.png,frame_00118.png,r180_e125_f0.mp4,180 Hz,1/125,蛍光灯なし,59.606 fps,180,125,0,0,rice,R,R,4,,,frame_00000.png,frame_00118.png,,119,1.996437
rice_R_4,lockin,0,0,QR未検出,,lockin,binary,,,14.606183,8,8,1,0.552635,,0.552635,frame_00000.png,frame_00118.png,r180_e125_f0.mp4,180 Hz,1/125,蛍光灯なし,59.606 fps,180,125,0,0,rice,R,R,4,,,frame_00000.png,frame_00118.png,,119,1.996437
rice_R_4,lockin,0,0,QR未検出,,lockin,binary,,,9.606183,8,8,1,0.534558,,0.534558,frame_00000.png,frame_00118.png,r180_e125_f0.mp4,180 Hz,1/125,蛍光灯なし,59.606 fps,180,125,0,0,rice,R,R,4,,,frame_00000.png,frame_00118.png,,119,1.996437
rice_R_8,lockin,0,0,QR未検出,,lockin,binary,,,29.212366,12,8,1,0.737761,,0.737761,frame_00000.png,frame_00118.png,r180_e125_f0.mp4,180 Hz,1/125,蛍光灯なし,59.606 fps,180,125,0,1,rice,R,R,8,,,frame_00000.png,frame_00118.png,,119,1.996437
rice_R_8,lockin,0,0,QR未検出,,lockin,binary,,,29.212366,8,8,1,0.717470,,0.717470,frame_00000.png,frame_00118.png,r180_e125_f0.mp4,180 Hz,1/125,蛍光灯なし,59.606 fps,180,125,0,1,rice,R,R,8,,,frame_00000.png,frame_00118.png,,119,1.996437
rice_R_8,lockin,0,0,QR未検出,,lockin,binary,,,15.787634,12,8,1,0.711750,,0.711750,frame_00000.png,frame_00118.png,r180_e125_f0.mp4,180 Hz,1/125,蛍光灯なし,59.606 fps,180,125,0,1,rice,R,R,8,,,frame_00000.png,frame_00118.png,,119,1.996437
rice_R_8,lockin,0,0,QR未検出,,lockin,binary,,,14.606183,12,8,1,0.674783,,0.674783,frame_00000.png,frame_00118.png,r180_e125_f0.mp4,180 Hz,1/125,蛍光灯なし,59.606 fps,180,125,0,1,rice,R,R,8,,,frame_00000.png,frame_00118.png,,119,1.996437
rice_R_8,lockin,0,0,QR未検出,,lockin,binary,,,9.606183,12,8,1,0.656403,,0.656403,frame_00000.png,frame_00118.png,r180_e125_f0.mp4,180 Hz,1/125,蛍光灯なし,59.606 fps,180,125,0,1,rice,R,R,8,,,frame_00000.png,frame_00118.png,,119,1.996437
rice_R_8,lockin,0,0,QR未検出,,lockin,binary,,,9.606183,4,8,1,0.640247,,0.640247,frame_00000.png,frame_00118.png,r180_e125_f0.mp4,180 Hz,1/125,蛍光灯なし,59.606 fps,180,125,0,1,rice,R,R,8,,,frame_00000.png,frame_00118.png,,119,1.996437
rice_R_8,lockin,0,0,QR未検出,,lockin,binary,,,14.606183,4,8,1,0.637071,,0.637071,frame_00000.png,frame_00118.png,r180_e125_f0.mp4,180 Hz,1/125,蛍光灯なし,59.606 fps,180,125,0,1,rice,R,R,8,,,frame_00000.png,frame_00118.png,,119,1.996437
rice_R_8,lockin,0,0,QR未検出,,lockin,binary,,,15.787634,8,8,1,0.636915,,0.636915,frame_00000.png,frame_00118.png,r180_e125_f0.mp4,180 Hz,1/125,蛍光灯なし,59.606 fps,180,125,0,1,rice,R,R,8,,,frame_00000.png,frame_00118.png,,119,1.996437
rice_R_8,lockin,0,0,QR未検出,,lockin,binary,,,15.787634,4,8,1,0.607619,,0.607619,frame_00000.png,frame_00118.png,r180_e125_f0.mp4,180 Hz,1/125,蛍光灯なし,59.606 fps,180,125,0,1,rice,R,R,8,,,frame_00000.png,frame_00118.png,,119,1.996437
rice_R_8,lockin,0,0,QR未検出,,lockin,binary,,,14.606183,8,8,1,0.530007,,0.530007,frame_00000.png,frame_00118.png,r180_e125_f0.mp4,180 Hz,1/125,蛍光灯なし,59.606 fps,180,125,0,1,rice,R,R,8,,,frame_00000.png,frame_00118.png,,119,1.996437
rice_R_8,lockin,0,0,QR未検出,,lockin,binary,,,9.606183,8,8,1,0.504386,,0.504386,frame_00000.png,frame_00118.png,r180_e125_f0.mp4,180 Hz,1/125,蛍光灯なし,59.606 fps,180,125,0,1,rice,R,R,8,,,frame_00000.png,frame_00118.png,,119,1.996437
rice_R_8,lockin,0,0,QR未検出,,lockin,binary,,,29.212366,4,8,1,0.503191,,0.503191,frame_00000.png,frame_00118.png,r180_e125_f0.mp4,180 Hz,1/125,蛍光灯なし,59.606 fps,180,125,0,1,rice,R,R,8,,,frame_00000.png,frame_00118.png,,119,1.996437
rice_R_12,lockin,0,0,QR未検出,,lockin,binary,,,29.212366,12,8,1,0.839809,,0.839809,frame_00000.png,frame_00118.png,r180_e125_f0.mp4,180 Hz,1/125,蛍光灯なし,59.606 fps,180,125,0,2,rice,R,R,12,,,frame_00000.png,frame_00118.png,,119,1.996437
rice_R_12,lockin,0,0,QR未検出,,lockin,binary,,,29.212366,8,8,1,0.753006,,0.753006,frame_00000.png,frame_00118.png,r180_e125_f0.mp4,180 Hz,1/125,蛍光灯なし,59.606 fps,180,125,0,2,rice,R,R,12,,,frame_00000.png,frame_00118.png,,119,1.996437
rice_R_12,lockin,0,0,QR未検出,,lockin,binary,,,15.787634,12,8,1,0.647978,,0.647978,frame_00000.png,frame_00118.png,r180_e125_f0.mp4,180 Hz,1/125,蛍光灯なし,59.606 fps,180,125,0,2,rice,R,R,12,,,frame_00000.png,frame_00118.png,,119,1.996437
rice_R_12,lockin,0,0,QR未検出,,lockin,binary,,,14.606183,4,8,1,0.631792,,0.631792,frame_00000.png,frame_00118.png,r180_e125_f0.mp4,180 Hz,1/125,蛍光灯なし,59.606 fps,180,125,0,2,rice,R,R,12,,,frame_00000.png,frame_00118.png,,119,1.996437
rice_R_12,lockin,0,0,QR未検出,,lockin,binary,,,9.606183,4,8,1,0.631036,,0.631036,frame_00000.png,frame_00118.png,r180_e125_f0.mp4,180 Hz,1/125,蛍光灯なし,59.606 fps,180,125,0,2,rice,R,R,12,,,frame_00000.png,frame_00118.png,,119,1.996437
rice_R_12,lockin,0,0,QR未検出,,lockin,binary,,,14.606183,12,8,1,0.630618,,0.630618,frame_00000.png,frame_00118.png,r180_e125_f0.mp4,180 Hz,1/125,蛍光灯なし,59.606 fps,180,125,0,2,rice,R,R,12,,,frame_00000.png,frame_00118.png,,119,1.996437
rice_R_12,lockin,0,0,QR未検出,,lockin,binary,,,15.787634,4,8,1,0.624176,,0.624176,frame_00000.png,frame_00118.png,r180_e125_f0.mp4,180 Hz,1/125,蛍光灯なし,59.606 fps,180,125,0,2,rice,R,R,12,,,frame_00000.png,frame_00118.png,,119,1.996437
rice_R_12,lockin,0,0,QR未検出,,lockin,binary,,,9.606183,12,8,1,0.599667,,0.599667,frame_00000.png,frame_00118.png,r180_e125_f0.mp4,180 Hz,1/125,蛍光灯なし,59.606 fps,180,125,0,2,rice,R,R,12,,,frame_00000.png,frame_00118.png,,119,1.996437
rice_R_12,lockin,0,0,QR未検出,,lockin,binary,,,15.787634,8,8,1,0.576566,,0.576566,frame_00000.png,frame_00118.png,r180_e125_f0.mp4,180 Hz,1/125,蛍光灯なし,59.606 fps,180,125,0,2,rice,R,R,12,,,frame_00000.png,frame_00118.png,,119,1.996437
rice_R_12,lockin,0,0,QR未検出,,lockin,binary,,,14.606183,8,8,1,0.539299,,0.539299,frame_00000.png,frame_00118.png,r180_e125_f0.mp4,180 Hz,1/125,蛍光灯なし,59.606 fps,180,125,0,2,rice,R,R,12,,,frame_00000.png,frame_00118.png,,119,1.996437
rice_R_12,lockin,0,0,QR未検出,,lockin,binary,,,9.606183,8,8,1,0.534299,,0.534299,frame_00000.png,frame_00118.png,r180_e125_f0.mp4,180 Hz,1/125,蛍光灯なし,59.606 fps,180,125,0,2,rice,R,R,12,,,frame_00000.png,frame_00118.png,,119,1.996437
rice_R_12,lockin,0,0,QR未検出,,lockin,binary,,,29.212366,4,8,1,0.526487,,0.526487,frame_00000.png,frame_00118.png,r180_e125_f0.mp4,180 Hz,1/125,蛍光灯なし,59.606 fps,180,125,0,2,rice,R,R,12,,,frame_00000.png,frame_00118.png,,119,1.996437
nagaoka_fireworks_R_4,lockin,0,0,QR未検出,,lockin,binary,,,29.212366,12,8,1,0.605496,,0.605496,frame_00000.png,frame_00118.png,r180_e125_f0.mp4,180 Hz,1/125,蛍光灯なし,59.606 fps,180,125,0,3,nagaoka_fireworks,R,R,4,,,frame_00000.png,frame_00118.png,,119,1.996437
nagaoka_fireworks_R_4,lockin,0,0,QR未検出,,lockin,binary,,,15.787634,12,8,1,0.586651,,0.586651,frame_00000.png,frame_00118.png,r180_e125_f0.mp4,180 Hz,1/125,蛍光灯なし,59.606 fps,180,125,0,3,nagaoka_fireworks,R,R,4,,,frame_00000.png,frame_00118.png,,119,1.996437
nagaoka_fireworks_R_4,lockin,0,0,QR未検出,,lockin,binary,,,14.606183,12,8,1,0.573623,,0.573623,frame_00000.png,frame_00118.png,r180_e125_f0.mp4,180 Hz,1/125,蛍光灯なし,59.606 fps,180,125,0,3,nagaoka_fireworks,R,R,4,,,frame_00000.png,frame_00118.png,,119,1.996437
nagaoka_fireworks_R_4,lockin,0,0,QR未検出,,lockin,binary,,,9.606183,12,8,1,0.565693,,0.565693,frame_00000.png,frame_00118.png,r180_e125_f0.mp4,180 Hz,1/125,蛍光灯なし,59.606 fps,180,125,0,3,nagaoka_fireworks,R,R,4,,,frame_00000.png,frame_00118.png,,119,1.996437
nagaoka_fireworks_R_4,lockin,0,0,QR未検出,,lockin,binary,,,29.212366,8,8,1,0.553213,,0.553213,frame_00000.png,frame_00118.png,r180_e125_f0.mp4,180 Hz,1/125,蛍光灯なし,59.606 fps,180,125,0,3,nagaoka_fireworks,R,R,4,,,frame_00000.png,frame_00118.png,,119,1.996437
nagaoka_fireworks_R_4,lockin,0,0,QR未検出,,lockin,binary,,,9.606183,4,8,1,0.546508,,0.546508,frame_00000.png,frame_00118.png,r180_e125_f0.mp4,180 Hz,1/125,蛍光灯なし,59.606 fps,180,125,0,3,nagaoka_fireworks,R,R,4,,,frame_00000.png,frame_00118.png,,119,1.996437
nagaoka_fireworks_R_4,lockin,0,0,QR未検出,,lockin,binary,,,14.606183,4,8,1,0.544365,,0.544365,frame_00000.png,frame_00118.png,r180_e125_f0.mp4,180 Hz,1/125,蛍光灯なし,59.606 fps,180,125,0,3,nagaoka_fireworks,R,R,4,,,frame_00000.png,frame_00118.png,,119,1.996437
nagaoka_fireworks_R_4,lockin,0,0,QR未検出,,lockin,binary,,,15.787634,4,8,1,0.537308,,0.537308,frame_00000.png,frame_00118.png,r180_e125_f0.mp4,180 Hz,1/125,蛍光灯なし,59.606 fps,180,125,0,3,nagaoka_fireworks,R,R,4,,,frame_00000.png,frame_00118.png,,119,1.996437
nagaoka_fireworks_R_4,lockin,0,0,QR未検出,,lockin,binary,,,15.787634,8,8,1,0.532110,,0.532110,frame_00000.png,frame_00118.png,r180_e125_f0.mp4,180 Hz,1/125,蛍光灯なし,59.606 fps,180,125,0,3,nagaoka_fireworks,R,R,4,,,frame_00000.png,frame_00118.png,,119,1.996437
nagaoka_fireworks_R_4,lockin,0,0,QR未検出,,lockin,binary,,,29.212366,4,8,1,0.529839,,0.529839,frame_00000.png,frame_00118.png,r180_e125_f0.mp4,180 Hz,1/125,蛍光灯なし,59.606 fps,180,125,0,3,nagaoka_fireworks,R,R,4,,,frame_00000.png,frame_00118.png,,119,1.996437
nagaoka_fireworks_R_4,lockin,0,0,QR未検出,,lockin,binary,,,14.606183,8,8,1,0.517264,,0.517264,frame_00000.png,frame_00118.png,r180_e125_f0.mp4,180 Hz,1/125,蛍光灯なし,59.606 fps,180,125,0,3,nagaoka_fireworks,R,R,4,,,frame_00000.png,frame_00118.png,,119,1.996437
nagaoka_fireworks_R_4,lockin,0,0,QR未検出,,lockin,binary,,,9.606183,8,8,1,0.506290,,0.506290,frame_00000.png,frame_00118.png,r180_e125_f0.mp4,180 Hz,1/125,蛍光灯なし,59.606 fps,180,125,0,3,nagaoka_fireworks,R,R,4,,,frame_00000.png,frame_00118.png,,119,1.996437
nagaoka_fireworks_R_8,lockin,0,0,QR未検出,,lockin,binary,,,29.212366,12,8,1,0.656778,,0.656778,frame_00000.png,frame_00118.png,r180_e125_f0.mp4,180 Hz,1/125,蛍光灯なし,59.606 fps,180,125,0,4,nagaoka_fireworks,R,R,8,,,frame_00000.png,frame_00118.png,,119,1.996437
nagaoka_fireworks_R_8,lockin,0,0,QR未検出,,lockin,binary,,,29.212366,8,8,1,0.584502,,0.584502,frame_00000.png,frame_00118.png,r180_e125_f0.mp4,180 Hz,1/125,蛍光灯なし,59.606 fps,180,125,0,4,nagaoka_fireworks,R,R,8,,,frame_00000.png,frame_00118.png,,119,1.996437
nagaoka_fireworks_R_8,lockin,0,0,QR未検出,,lockin,binary,,,9.606183,12,8,1,0.575168,,0.575168,frame_00000.png,frame_00118.png,r180_e125_f0.mp4,180 Hz,1/125,蛍光灯なし,59.606 fps,180,125,0,4,nagaoka_fireworks,R,R,8,,,frame_00000.png,frame_00118.png,,119,1.996437
nagaoka_fireworks_R_8,lockin,0,0,QR未検出,,lockin,binary,,,15.787634,12,8,1,0.564309,,0.564309,frame_00000.png,frame_00118.png,r180_e125_f0.mp4,180 Hz,1/125,蛍光灯なし,59.606 fps,180,125,0,4,nagaoka_fireworks,R,R,8,,,frame_00000.png,frame_00118.png,,119,1.996437
nagaoka_fireworks_R_8,lockin,0,0,QR未検出,,lockin,binary,,,14.606183,12,8,1,0.557095,,0.557095,frame_00000.png,frame_00118.png,r180_e125_f0.mp4,180 Hz,1/125,蛍光灯なし,59.606 fps,180,125,0,4,nagaoka_fireworks,R,R,8,,,frame_00000.png,frame_00118.png,,119,1.996437
nagaoka_fireworks_R_8,lockin,0,0,QR未検出,,lockin,binary,,,14.606183,4,8,1,0.550593,,0.550593,frame_00000.png,frame_00118.png,r180_e125_f0.mp4,180 Hz,1/125,蛍光灯なし,59.606 fps,180,125,0,4,nagaoka_fireworks,R,R,8,,,frame_00000.png,frame_00118.png,,119,1.996437
nagaoka_fireworks_R_8,lockin,0,0,QR未検出,,lockin,binary,,,15.787634,4,8,1,0.548308,,0.548308,frame_00000.png,frame_00118.png,r180_e125_f0.mp4,180 Hz,1/125,蛍光灯なし,59.606 fps,180,125,0,4,nagaoka_fireworks,R,R,8,,,frame_00000.png,frame_00118.png,,119,1.996437
nagaoka_fireworks_R_8,lockin,0,0,QR未検出,,lockin,binary,,,9.606183,4,8,1,0.543903,,0.543903,frame_00000.png,frame_00118.png,r180_e125_f0.mp4,180 Hz,1/125,蛍光灯なし,59.606 fps,180,125,0,4,nagaoka_fireworks,R,R,8,,,frame_00000.png,frame_00118.png,,119,1.996437
nagaoka_fireworks_R_8,lockin,0,0,QR未検出,,lockin,binary,,,29.212366,4,8,1,0.521183,,0.521183,frame_00000.png,frame_00118.png,r180_e125_f0.mp4,180 Hz,1/125,蛍光灯なし,59.606 fps,180,125,0,4,nagaoka_fireworks,R,R,8,,,frame_00000.png,frame_00118.png,,119,1.996437
nagaoka_fireworks_R_8,lockin,0,0,QR未検出,,lockin,binary,,,9.606183,8,8,1,0.513740,,0.513740,frame_00000.png,frame_00118.png,r180_e125_f0.mp4,180 Hz,1/125,蛍光灯なし,59.606 fps,180,125,0,4,nagaoka_fireworks,R,R,8,,,frame_00000.png,frame_00118.png,,119,1.996437
nagaoka_fireworks_R_8,lockin,0,0,QR未検出,,lockin,binary,,,15.787634,8,8,1,0.508645,,0.508645,frame_00000.png,frame_00118.png,r180_e125_f0.mp4,180 Hz,1/125,蛍光灯なし,59.606 fps,180,125,0,4,nagaoka_fireworks,R,R,8,,,frame_00000.png,frame_00118.png,,119,1.996437
nagaoka_fireworks_R_8,lockin,0,0,QR未検出,,lockin,binary,,,14.606183,8,8,1,0.504014,,0.504014,frame_00000.png,frame_00118.png,r180_e125_f0.mp4,180 Hz,1/125,蛍光灯なし,59.606 fps,180,125,0,4,nagaoka_fireworks,R,R,8,,,frame_00000.png,frame_00118.png,,119,1.996437
nagaoka_fireworks_R_12,lockin,0,0,QR未検出,,lockin,binary,,,29.212366,12,8,1,0.787025,,0.787025,frame_00000.png,frame_00118.png,r180_e125_f0.mp4,180 Hz,1/125,蛍光灯なし,59.606 fps,180,125,0,5,nagaoka_fireworks,R,R,12,,,frame_00000.png,frame_00118.png,,119,1.996437
nagaoka_fireworks_R_12,lockin,0,0,QR未検出,,lockin,binary,,,29.212366,8,8,1,0.684284,,0.684284,frame_00000.png,frame_00118.png,r180_e125_f0.mp4,180 Hz,1/125,蛍光灯なし,59.606 fps,180,125,0,5,nagaoka_fireworks,R,R,12,,,frame_00000.png,frame_00118.png,,119,1.996437
nagaoka_fireworks_R_12,lockin,0,0,QR未検出,,lockin,binary,,,14.606183,12,8,1,0.606366,,0.606366,frame_00000.png,frame_00118.png,r180_e125_f0.mp4,180 Hz,1/125,蛍光灯なし,59.606 fps,180,125,0,5,nagaoka_fireworks,R,R,12,,,frame_00000.png,frame_00118.png,,119,1.996437
nagaoka_fireworks_R_12,lockin,0,0,QR未検出,,lockin,binary,,,15.787634,12,8,1,0.606265,,0.606265,frame_00000.png,frame_00118.png,r180_e125_f0.mp4,180 Hz,1/125,蛍光灯なし,59.606 fps,180,125,0,5,nagaoka_fireworks,R,R,12,,,frame_00000.png,frame_00118.png,,119,1.996437
nagaoka_fireworks_R_12,lockin,0,0,QR未検出,,lockin,binary,,,9.606183,12,8,1,0.571133,,0.571133,frame_00000.png,frame_00118.png,r180_e125_f0.mp4,180 Hz,1/125,蛍光灯なし,59.606 fps,180,125,0,5,nagaoka_fireworks,R,R,12,,,frame_00000.png,frame_00118.png,,119,1.996437
nagaoka_fireworks_R_12,lockin,0,0,QR未検出,,lockin,binary,,,14.606183,8,8,1,0.565532,,0.565532,frame_00000.png,frame_00118.png,r180_e125_f0.mp4,180 Hz,1/125,蛍光灯なし,59.606 fps,180,125,0,5,nagaoka_fireworks,R,R,12,,,frame_00000.png,frame_00118.png,,119,1.996437
nagaoka_fireworks_R_12,lockin,0,0,QR未検出,,lockin,binary,,,15.787634,8,8,1,0.546326,,0.546326,frame_00000.png,frame_00118.png,r180_e125_f0.mp4,180 Hz,1/125,蛍光灯なし,59.606 fps,180,125,0,5,nagaoka_fireworks,R,R,12,,,frame_00000.png,frame_00118.png,,119,1.996437
nagaoka_fireworks_R_12,lockin,0,0,QR未検出,,lockin,binary,,,15.787634,4,8,1,0.533433,,0.533433,frame_00000.png,frame_00118.png,r180_e125_f0.mp4,180 Hz,1/125,蛍光灯なし,59.606 fps,180,125,0,5,nagaoka_fireworks,R,R,12,,,frame_00000.png,frame_00118.png,,119,1.996437
nagaoka_fireworks_R_12,lockin,0,0,QR未検出,,lockin,binary,,,9.606183,4,8,1,0.528479,,0.528479,frame_00000.png,frame_00118.png,r180_e125_f0.mp4,180 Hz,1/125,蛍光灯なし,59.606 fps,180,125,0,5,nagaoka_fireworks,R,R,12,,,frame_00000.png,frame_00118.png,,119,1.996437
nagaoka_fireworks_R_12,lockin,0,0,QR未検出,,lockin,binary,,,29.212366,4,8,1,0.524683,,0.524683,frame_00000.png,frame_00118.png,r180_e125_f0.mp4,180 Hz,1/125,蛍光灯なし,59.606 fps,180,125,0,5,nagaoka_fireworks,R,R,12,,,frame_00000.png,frame_00118.png,,119,1.996437
nagaoka_fireworks_R_12,lockin,0,0,QR未検出,,lockin,binary,,,9.606183,8,8,1,0.517280,,0.517280,frame_00000.png,frame_00118.png,r180_e125_f0.mp4,180 Hz,1/125,蛍光灯なし,59.606 fps,180,125,0,5,nagaoka_fireworks,R,R,12,,,frame_00000.png,frame_00118.png,,119,1.996437
nagaoka_fireworks_R_12,lockin,0,0,QR未検出,,lockin,binary,,,14.606183,4,8,1,0.513528,,0.513528,frame_00000.png,frame_00118.png,r180_e125_f0.mp4,180 Hz,1/125,蛍光灯なし,59.606 fps,180,125,0,5,nagaoka_fireworks,R,R,12,,,frame_00000.png,frame_00118.png,,119,1.996437
hocho_R_4,lockin,0,0,QR未検出,,lockin,binary,,,9.606183,4,8,1,0.624447,,0.624447,frame_00000.png,frame_00118.png,r180_e125_f0.mp4,180 Hz,1/125,蛍光灯なし,59.606 fps,180,125,0,6,hocho,R,R,4,,,frame_00000.png,frame_00118.png,,119,1.996437
hocho_R_4,lockin,0,0,QR未検出,,lockin,binary,,,29.212366,12,8,1,0.621061,,0.621061,frame_00000.png,frame_00118.png,r180_e125_f0.mp4,180 Hz,1/125,蛍光灯なし,59.606 fps,180,125,0,6,hocho,R,R,4,,,frame_00000.png,frame_00118.png,,119,1.996437
hocho_R_4,lockin,0,0,QR未検出,,lockin,binary,,,15.787634,12,8,1,0.617415,,0.617415,frame_00000.png,frame_00118.png,r180_e125_f0.mp4,180 Hz,1/125,蛍光灯なし,59.606 fps,180,125,0,6,hocho,R,R,4,,,frame_00000.png,frame_00118.png,,119,1.996437
hocho_R_4,lockin,0,0,QR未検出,,lockin,binary,,,14.606183,4,8,1,0.610060,,0.610060,frame_00000.png,frame_00118.png,r180_e125_f0.mp4,180 Hz,1/125,蛍光灯なし,59.606 fps,180,125,0,6,hocho,R,R,4,,,frame_00000.png,frame_00118.png,,119,1.996437
hocho_R_4,lockin,0,0,QR未検出,,lockin,binary,,,14.606183,12,8,1,0.603229,,0.603229,frame_00000.png,frame_00118.png,r180_e125_f0.mp4,180 Hz,1/125,蛍光灯なし,59.606 fps,180,125,0,6,hocho,R,R,4,,,frame_00000.png,frame_00118.png,,119,1.996437
hocho_R_4,lockin,0,0,QR未検出,,lockin,binary,,,29.212366,4,8,1,0.586903,,0.586903,frame_00000.png,frame_00118.png,r180_e125_f0.mp4,180 Hz,1/125,蛍光灯なし,59.606 fps,180,125,0,6,hocho,R,R,4,,,frame_00000.png,frame_00118.png,,119,1.996437
hocho_R_4,lockin,0,0,QR未検出,,lockin,binary,,,9.606183,12,8,1,0.586742,,0.586742,frame_00000.png,frame_00118.png,r180_e125_f0.mp4,180 Hz,1/125,蛍光灯なし,59.606 fps,180,125,0,6,hocho,R,R,4,,,frame_00000.png,frame_00118.png,,119,1.996437
hocho_R_4,lockin,0,0,QR未検出,,lockin,binary,,,15.787634,4,8,1,0.579818,,0.579818,frame_00000.png,frame_00118.png,r180_e125_f0.mp4,180 Hz,1/125,蛍光灯なし,59.606 fps,180,125,0,6,hocho,R,R,4,,,frame_00000.png,frame_00118.png,,119,1.996437
hocho_R_4,lockin,0,0,QR未検出,,lockin,binary,,,29.212366,8,8,1,0.577785,,0.577785,frame_00000.png,frame_00118.png,r180_e125_f0.mp4,180 Hz,1/125,蛍光灯なし,59.606 fps,180,125,0,6,hocho,R,R,4,,,frame_00000.png,frame_00118.png,,119,1.996437
hocho_R_4,lockin,0,0,QR未検出,,lockin,binary,,,15.787634,8,8,1,0.573904,,0.573904,frame_00000.png,frame_00118.png,r180_e125_f0.mp4,180 Hz,1/125,蛍光灯なし,59.606 fps,180,125,0,6,hocho,R,R,4,,,frame_00000.png,frame_00118.png,,119,1.996437
hocho_R_4,lockin,0,0,QR未検出,,lockin,binary,,,14.606183,8,8,1,0.538164,,0.538164,frame_00000.png,frame_00118.png,r180_e125_f0.mp4,180 Hz,1/125,蛍光灯なし,59.606 fps,180,125,0,6,hocho,R,R,4,,,frame_00000.png,frame_00118.png,,119,1.996437
hocho_R_4,lockin,0,0,QR未検出,,lockin,binary,,,9.606183,8,8,1,0.516032,,0.516032,frame_00000.png,frame_00118.png,r180_e125_f0.mp4,180 Hz,1/125,蛍光灯なし,59.606 fps,180,125,0,6,hocho,R,R,4,,,frame_00000.png,frame_00118.png,,119,1.996437
hocho_R_8,lockin,1,0,QR未検出,,lockin,binary,,,29.212366,12,8,1,0.679633,,0.679633,frame_00000.png,frame_00118.png,r180_e125_f0.mp4,180 Hz,1/125,蛍光灯なし,59.606 fps,180,125,0,7,hocho,R,R,8,,,frame_00000.png,frame_00118.png,,119,1.996437
hocho_R_8,lockin,0,0,QR未検出,,lockin,binary,,,29.212366,8,8,1,0.671533,,0.671533,frame_00000.png,frame_00118.png,r180_e125_f0.mp4,180 Hz,1/125,蛍光灯なし,59.606 fps,180,125,0,7,hocho,R,R,8,,,frame_00000.png,frame_00118.png,,119,1.996437
hocho_R_8,lockin,0,0,QR未検出,,lockin,binary,,,14.606183,12,8,1,0.630555,,0.630555,frame_00000.png,frame_00118.png,r180_e125_f0.mp4,180 Hz,1/125,蛍光灯なし,59.606 fps,180,125,0,7,hocho,R,R,8,,,frame_00000.png,frame_00118.png,,119,1.996437
hocho_R_8,lockin,0,0,QR未検出,,lockin,binary,,,15.787634,12,8,1,0.627135,,0.627135,frame_00000.png,frame_00118.png,r180_e125_f0.mp4,180 Hz,1/125,蛍光灯なし,59.606 fps,180,125,0,7,hocho,R,R,8,,,frame_00000.png,frame_00118.png,,119,1.996437
hocho_R_8,lockin,0,0,QR未検出,,lockin,binary,,,9.606183,4,8,1,0.624713,,0.624713,frame_00000.png,frame_00118.png,r180_e125_f0.mp4,180 Hz,1/125,蛍光灯なし,59.606 fps,180,125,0,7,hocho,R,R,8,,,frame_00000.png,frame_00118.png,,119,1.996437
hocho_R_8,lockin,0,0,QR未検出,,lockin,binary,,,14.606183,8,8,1,0.606195,,0.606195,frame_00000.png,frame_00118.png,r180_e125_f0.mp4,180 Hz,1/125,蛍光灯なし,59.606 fps,180,125,0,7,hocho,R,R,8,,,frame_00000.png,frame_00118.png,,119,1.996437
hocho_R_8,lockin,0,0,QR未検出,,lockin,binary,,,15.787634,8,8,1,0.601666,,0.601666,frame_00000.png,frame_00118.png,r180_e125_f0.mp4,180 Hz,1/125,蛍光灯なし,59.606 fps,180,125,0,7,hocho,R,R,8,,,frame_00000.png,frame_00118.png,,119,1.996437
hocho_R_8,lockin,0,0,QR未検出,,lockin,binary,,,9.606183,12,8,1,0.599948,,0.599948,frame_00000.png,frame_00118.png,r180_e125_f0.mp4,180 Hz,1/125,蛍光灯なし,59.606 fps,180,125,0,7,hocho,R,R,8,,,frame_00000.png,frame_00118.png,,119,1.996437
hocho_R_8,lockin,0,0,QR未検出,,lockin,binary,,,15.787634,4,8,1,0.558096,,0.558096,frame_00000.png,frame_00118.png,r180_e125_f0.mp4,180 Hz,1/125,蛍光灯なし,59.606 fps,180,125,0,7,hocho,R,R,8,,,frame_00000.png,frame_00118.png,,119,1.996437
hocho_R_8,lockin,0,0,QR未検出,,lockin,binary,,,14.606183,4,8,1,0.540792,,0.540792,frame_00000.png,frame_00118.png,r180_e125_f0.mp4,180 Hz,1/125,蛍光灯なし,59.606 fps,180,125,0,7,hocho,R,R,8,,,frame_00000.png,frame_00118.png,,119,1.996437
hocho_R_8,lockin,0,0,QR未検出,,lockin,binary,,,9.606183,8,8,1,0.533522,,0.533522,frame_00000.png,frame_00118.png,r180_e125_f0.mp4,180 Hz,1/125,蛍光灯なし,59.606 fps,180,125,0,7,hocho,R,R,8,,,frame_00000.png,frame_00118.png,,119,1.996437
hocho_R_8,lockin,0,0,QR未検出,,lockin,binary,,,29.212366,4,8,1,0.518994,,0.518994,frame_00000.png,frame_00118.png,r180_e125_f0.mp4,180 Hz,1/125,蛍光灯なし,59.606 fps,180,125,0,7,hocho,R,R,8,,,frame_00000.png,frame_00118.png,,119,1.996437
hocho_R_12,lockin,1,0,QR未検出,,lockin,binary,,,29.212366,12,8,1,0.804242,,0.804242,frame_00000.png,frame_00118.png,r180_e125_f0.mp4,180 Hz,1/125,蛍光灯なし,59.606 fps,180,125,0,8,hocho,R,R,12,,,frame_00000.png,frame_00118.png,,119,1.996437
hocho_R_12,lockin,0,0,QR未検出,,lockin,binary,,,29.212366,8,8,1,0.740277,,0.740277,frame_00000.png,frame_00118.png,r180_e125_f0.mp4,180 Hz,1/125,蛍光灯なし,59.606 fps,180,125,0,8,hocho,R,R,12,,,frame_00000.png,frame_00118.png,,119,1.996437
hocho_R_12,lockin,0,0,QR未検出,,lockin,binary,,,15.787634,12,8,1,0.676745,,0.676745,frame_00000.png,frame_00118.png,r180_e125_f0.mp4,180 Hz,1/125,蛍光灯なし,59.606 fps,180,125,0,8,hocho,R,R,12,,,frame_00000.png,frame_00118.png,,119,1.996437
hocho_R_12,lockin,0,0,QR未検出,,lockin,binary,,,14.606183,12,8,1,0.669272,,0.669272,frame_00000.png,frame_00118.png,r180_e125_f0.mp4,180 Hz,1/125,蛍光灯なし,59.606 fps,180,125,0,8,hocho,R,R,12,,,frame_00000.png,frame_00118.png,,119,1.996437
hocho_R_12,lockin,0,0,QR未検出,,lockin,binary,,,9.606183,4,8,1,0.633946,,0.633946,frame_00000.png,frame_00118.png,r180_e125_f0.mp4,180 Hz,1/125,蛍光灯なし,59.606 fps,180,125,0,8,hocho,R,R,12,,,frame_00000.png,frame_00118.png,,119,1.996437
hocho_R_12,lockin,0,0,QR未検出,,lockin,binary,,,9.606183,12,8,1,0.625712,,0.625712,frame_00000.png,frame_00118.png,r180_e125_f0.mp4,180 Hz,1/125,蛍光灯なし,59.606 fps,180,125,0,8,hocho,R,R,12,,,frame_00000.png,frame_00118.png,,119,1.996437
hocho_R_12,lockin,0,0,QR未検出,,lockin,binary,,,14.606183,4,8,1,0.614537,,0.614537,frame_00000.png,frame_00118.png,r180_e125_f0.mp4,180 Hz,1/125,蛍光灯なし,59.606 fps,180,125,0,8,hocho,R,R,12,,,frame_00000.png,frame_00118.png,,119,1.996437
hocho_R_12,lockin,0,0,QR未検出,,lockin,binary,,,15.787634,4,8,1,0.613487,,0.613487,frame_00000.png,frame_00118.png,r180_e125_f0.mp4,180 Hz,1/125,蛍光灯なし,59.606 fps,180,125,0,8,hocho,R,R,12,,,frame_00000.png,frame_00118.png,,119,1.996437
hocho_R_12,lockin,0,0,QR未検出,,lockin,binary,,,15.787634,8,8,1,0.599271,,0.599271,frame_00000.png,frame_00118.png,r180_e125_f0.mp4,180 Hz,1/125,蛍光灯なし,59.606 fps,180,125,0,8,hocho,R,R,12,,,frame_00000.png,frame_00118.png,,119,1.996437
hocho_R_12,lockin,0,0,QR未検出,,lockin,binary,,,14.606183,8,8,1,0.588827,,0.588827,frame_00000.png,frame_00118.png,r180_e125_f0.mp4,180 Hz,1/125,蛍光灯なし,59.606 fps,180,125,0,8,hocho,R,R,12,,,frame_00000.png,frame_00118.png,,119,1.996437
hocho_R_12,lockin,0,0,QR未検出,,lockin,binary,,,29.212366,4,8,1,0.520389,,0.520389,frame_00000.png,frame_00118.png,r180_e125_f0.mp4,180 Hz,1/125,蛍光灯なし,59.606 fps,180,125,0,8,hocho,R,R,12,,,frame_00000.png,frame_00118.png,,119,1.996437
hocho_R_12,lockin,0,0,QR未検出,,lockin,binary,,,9.606183,8,8,1,0.503258,,0.503258,frame_00000.png,frame_00118.png,r180_e125_f0.mp4,180 Hz,1/125,蛍光灯なし,59.606 fps,180,125,0,8,hocho,R,R,12,,,frame_00000.png,frame_00118.png,,119,1.996437
ex_R_4,lockin,0,0,QR未検出,,lockin,binary,,,9.606183,4,8,1,0.627159,,0.627159,frame_00000.png,frame_00118.png,r180_e125_f0.mp4,180 Hz,1/125,蛍光灯なし,59.606 fps,180,125,0,9,ex,R,R,4,,,frame_00000.png,frame_00118.png,,119,1.996437
ex_R_4,lockin,0,0,QR未検出,,lockin,binary,,,29.212366,12,8,1,0.626169,,0.626169,frame_00000.png,frame_00118.png,r180_e125_f0.mp4,180 Hz,1/125,蛍光灯なし,59.606 fps,180,125,0,9,ex,R,R,4,,,frame_00000.png,frame_00118.png,,119,1.996437
ex_R_4,lockin,0,0,QR未検出,,lockin,binary,,,14.606183,4,8,1,0.619475,,0.619475,frame_00000.png,frame_00118.png,r180_e125_f0.mp4,180 Hz,1/125,蛍光灯なし,59.606 fps,180,125,0,9,ex,R,R,4,,,frame_00000.png,frame_00118.png,,119,1.996437
ex_R_4,lockin,0,0,QR未検出,,lockin,binary,,,15.787634,4,8,1,0.614121,,0.614121,frame_00000.png,frame_00118.png,r180_e125_f0.mp4,180 Hz,1/125,蛍光灯なし,59.606 fps,180,125,0,9,ex,R,R,4,,,frame_00000.png,frame_00118.png,,119,1.996437
ex_R_4,lockin,0,0,QR未検出,,lockin,binary,,,29.212366,4,8,1,0.598443,,0.598443,frame_00000.png,frame_00118.png,r180_e125_f0.mp4,180 Hz,1/125,蛍光灯なし,59.606 fps,180,125,0,9,ex,R,R,4,,,frame_00000.png,frame_00118.png,,119,1.996437
ex_R_4,lockin,0,0,QR未検出,,lockin,binary,,,15.787634,12,8,1,0.590299,,0.590299,frame_00000.png,frame_00118.png,r180_e125_f0.mp4,180 Hz,1/125,蛍光灯なし,59.606 fps,180,125,0,9,ex,R,R,4,,,frame_00000.png,frame_00118.png,,119,1.996437
ex_R_4,lockin,0,0,QR未検出,,lockin,binary,,,14.606183,12,8,1,0.580249,,0.580249,frame_00000.png,frame_00118.png,r180_e125_f0.mp4,180 Hz,1/125,蛍光灯なし,59.606 fps,180,125,0,9,ex,R,R,4,,,frame_00000.png,frame_00118.png,,119,1.996437
ex_R_4,lockin,0,0,QR未検出,,lockin,binary,,,9.606183,12,8,1,0.554130,,0.554130,frame_00000.png,frame_00118.png,r180_e125_f0.mp4,180 Hz,1/125,蛍光灯なし,59.606 fps,180,125,0,9,ex,R,R,4,,,frame_00000.png,frame_00118.png,,119,1.996437
ex_R_4,lockin,0,0,QR未検出,,lockin,binary,,,29.212366,8,8,1,0.547056,,0.547056,frame_00000.png,frame_00118.png,r180_e125_f0.mp4,180 Hz,1/125,蛍光灯なし,59.606 fps,180,125,0,9,ex,R,R,4,,,frame_00000.png,frame_00118.png,,119,1.996437
ex_R_4,lockin,0,0,QR未検出,,lockin,binary,,,9.606183,8,8,1,0.546602,,0.546602,frame_00000.png,frame_00118.png,r180_e125_f0.mp4,180 Hz,1/125,蛍光灯なし,59.606 fps,180,125,0,9,ex,R,R,4,,,frame_00000.png,frame_00118.png,,119,1.996437
ex_R_4,lockin,0,0,QR未検出,,lockin,binary,,,14.606183,8,8,1,0.520889,,0.520889,frame_00000.png,frame_00118.png,r180_e125_f0.mp4,180 Hz,1/125,蛍光灯なし,59.606 fps,180,125,0,9,ex,R,R,4,,,frame_00000.png,frame_00118.png,,119,1.996437
ex_R_4,lockin,0,0,QR未検出,,lockin,binary,,,15.787634,8,8,1,0.505905,,0.505905,frame_00000.png,frame_00118.png,r180_e125_f0.mp4,180 Hz,1/125,蛍光灯なし,59.606 fps,180,125,0,9,ex,R,R,4,,,frame_00000.png,frame_00118.png,,119,1.996437
ex_R_8,lockin,0,0,QR未検出,,lockin,binary,,,29.212366,12,8,1,0.688403,,0.688403,frame_00000.png,frame_00118.png,r180_e125_f0.mp4,180 Hz,1/125,蛍光灯なし,59.606 fps,180,125,0,10,ex,R,R,8,,,frame_00000.png,frame_00118.png,,119,1.996437
ex_R_8,lockin,0,0,QR未検出,,lockin,binary,,,14.606183,12,8,1,0.622104,,0.622104,frame_00000.png,frame_00118.png,r180_e125_f0.mp4,180 Hz,1/125,蛍光灯なし,59.606 fps,180,125,0,10,ex,R,R,8,,,frame_00000.png,frame_00118.png,,119,1.996437
ex_R_8,lockin,0,0,QR未検出,,lockin,binary,,,15.787634,12,8,1,0.615749,,0.615749,frame_00000.png,frame_00118.png,r180_e125_f0.mp4,180 Hz,1/125,蛍光灯なし,59.606 fps,180,125,0,10,ex,R,R,8,,,frame_00000.png,frame_00118.png,,119,1.996437
ex_R_8,lockin,0,0,QR未検出,,lockin,binary,,,15.787634,4,8,1,0.614862,,0.614862,frame_00000.png,frame_00118.png,r180_e125_f0.mp4,180 Hz,1/125,蛍光灯なし,59.606 fps,180,125,0,10,ex,R,R,8,,,frame_00000.png,frame_00118.png,,119,1.996437
ex_R_8,lockin,0,0,QR未検出,,lockin,binary,,,9.606183,12,8,1,0.613484,,0.613484,frame_00000.png,frame_00118.png,r180_e125_f0.mp4,180 Hz,1/125,蛍光灯なし,59.606 fps,180,125,0,10,ex,R,R,8,,,frame_00000.png,frame_00118.png,,119,1.996437
ex_R_8,lockin,0,0,QR未検出,,lockin,binary,,,9.606183,4,8,1,0.610434,,0.610434,frame_00000.png,frame_00118.png,r180_e125_f0.mp4,180 Hz,1/125,蛍光灯なし,59.606 fps,180,125,0,10,ex,R,R,8,,,frame_00000.png,frame_00118.png,,119,1.996437
ex_R_8,lockin,0,0,QR未検出,,lockin,binary,,,29.212366,4,8,1,0.607934,,0.607934,frame_00000.png,frame_00118.png,r180_e125_f0.mp4,180 Hz,1/125,蛍光灯なし,59.606 fps,180,125,0,10,ex,R,R,8,,,frame_00000.png,frame_00118.png,,119,1.996437
ex_R_8,lockin,0,0,QR未検出,,lockin,binary,,,14.606183,4,8,1,0.607545,,0.607545,frame_00000.png,frame_00118.png,r180_e125_f0.mp4,180 Hz,1/125,蛍光灯なし,59.606 fps,180,125,0,10,ex,R,R,8,,,frame_00000.png,frame_00118.png,,119,1.996437
ex_R_8,lockin,0,0,QR未検出,,lockin,binary,,,29.212366,8,8,1,0.554899,,0.554899,frame_00000.png,frame_00118.png,r180_e125_f0.mp4,180 Hz,1/125,蛍光灯なし,59.606 fps,180,125,0,10,ex,R,R,8,,,frame_00000.png,frame_00118.png,,119,1.996437
ex_R_8,lockin,0,0,QR未検出,,lockin,binary,,,14.606183,8,8,1,0.538937,,0.538937,frame_00000.png,frame_00118.png,r180_e125_f0.mp4,180 Hz,1/125,蛍光灯なし,59.606 fps,180,125,0,10,ex,R,R,8,,,frame_00000.png,frame_00118.png,,119,1.996437
ex_R_8,lockin,0,0,QR未検出,,lockin,binary,,,9.606183,8,8,1,0.526345,,0.526345,frame_00000.png,frame_00118.png,r180_e125_f0.mp4,180 Hz,1/125,蛍光灯なし,59.606 fps,180,125,0,10,ex,R,R,8,,,frame_00000.png,frame_00118.png,,119,1.996437
ex_R_8,lockin,0,0,QR未検出,,lockin,binary,,,15.787634,8,8,1,0.521447,,0.521447,frame_00000.png,frame_00118.png,r180_e125_f0.mp4,180 Hz,1/125,蛍光灯なし,59.606 fps,180,125,0,10,ex,R,R,8,,,frame_00000.png,frame_00118.png,,119,1.996437
ex_R_12,lockin,1,0,QR未検出,,lockin,binary,,,29.212366,12,8,1,0.831988,,0.831988,frame_00000.png,frame_00118.png,r180_e125_f0.mp4,180 Hz,1/125,蛍光灯なし,59.606 fps,180,125,0,11,ex,R,R,12,,,frame_00000.png,frame_00118.png,,119,1.996437
ex_R_12,lockin,0,0,QR未検出,,lockin,binary,,,29.212366,8,8,1,0.722910,,0.722910,frame_00000.png,frame_00118.png,r180_e125_f0.mp4,180 Hz,1/125,蛍光灯なし,59.606 fps,180,125,0,11,ex,R,R,12,,,frame_00000.png,frame_00118.png,,119,1.996437
ex_R_12,lockin,0,0,QR未検出,,lockin,binary,,,9.606183,4,8,1,0.629255,,0.629255,frame_00000.png,frame_00118.png,r180_e125_f0.mp4,180 Hz,1/125,蛍光灯なし,59.606 fps,180,125,0,11,ex,R,R,12,,,frame_00000.png,frame_00118.png,,119,1.996437
ex_R_12,lockin,0,0,QR未検出,,lockin,binary,,,14.606183,4,8,1,0.620449,,0.620449,frame_00000.png,frame_00118.png,r180_e125_f0.mp4,180 Hz,1/125,蛍光灯なし,59.606 fps,180,125,0,11,ex,R,R,12,,,frame_00000.png,frame_00118.png,,119,1.996437
ex_R_12,lockin,0,0,QR未検出,,lockin,binary,,,15.787634,12,8,1,0.620328,,0.620328,frame_00000.png,frame_00118.png,r180_e125_f0.mp4,180 Hz,1/125,蛍光灯なし,59.606 fps,180,125,0,11,ex,R,R,12,,,frame_00000.png,frame_00118.png,,119,1.996437
ex_R_12,lockin,0,0,QR未検出,,lockin,binary,,,15.787634,4,8,1,0.618986,,0.618986,frame_00000.png,frame_00118.png,r180_e125_f0.mp4,180 Hz,1/125,蛍光灯なし,59.606 fps,180,125,0,11,ex,R,R,12,,,frame_00000.png,frame_00118.png,,119,1.996437
ex_R_12,lockin,0,0,QR未検出,,lockin,binary,,,14.606183,12,8,1,0.614955,,0.614955,frame_00000.png,frame_00118.png,r180_e125_f0.mp4,180 Hz,1/125,蛍光灯なし,59.606 fps,180,125,0,11,ex,R,R,12,,,frame_00000.png,frame_00118.png,,119,1.996437
ex_R_12,lockin,0,0,QR未検出,,lockin,binary,,,9.606183,8,8,1,0.577764,,0.577764,frame_00000.png,frame_00118.png,r180_e125_f0.mp4,180 Hz,1/125,蛍光灯なし,59.606 fps,180,125,0,11,ex,R,R,12,,,frame_00000.png,frame_00118.png,,119,1.996437
ex_R_12,lockin,0,0,QR未検出,,lockin,binary,,,29.212366,4,8,1,0.544718,,0.544718,frame_00000.png,frame_00118.png,r180_e125_f0.mp4,180 Hz,1/125,蛍光灯なし,59.606 fps,180,125,0,11,ex,R,R,12,,,frame_00000.png,frame_00118.png,,119,1.996437
ex_R_12,lockin,0,0,QR未検出,,lockin,binary,,,15.787634,8,8,1,0.520179,,0.520179,frame_00000.png,frame_00118.png,r180_e125_f0.mp4,180 Hz,1/125,蛍光灯なし,59.606 fps,180,125,0,11,ex,R,R,12,,,frame_00000.png,frame_00118.png,,119,1.996437
ex_R_12,lockin,0,0,QR未検出,,lockin,binary,,,9.606183,12,8,1,0.517983,,0.517983,frame_00000.png,frame_00118.png,r180_e125_f0.mp4,180 Hz,1/125,蛍光灯なし,59.606 fps,180,125,0,11,ex,R,R,12,,,frame_00000.png,frame_00118.png,,119,1.996437
ex_R_12,lockin,0,0,QR未検出,,lockin,binary,,,14.606183,8,8,1,0.509628,,0.509628,frame_00000.png,frame_00118.png,r180_e125_f0.mp4,180 Hz,1/125,蛍光灯なし,59.606 fps,180,125,0,11,ex,R,R,12,,,frame_00000.png,frame_00118.png,,119,1.996437
rice_G_4,lockin,1,0,QR未検出,,lockin,binary,,,29.212366,12,8,1,0.650480,,0.650480,frame_00000.png,frame_00118.png,r180_e125_f0.mp4,180 Hz,1/125,蛍光灯なし,59.606 fps,180,125,0,12,rice,G,G,4,,,frame_00000.png,frame_00118.png,,119,1.996437
rice_G_4,lockin,0,0,QR未検出,,lockin,binary,,,14.606183,4,8,1,0.646645,,0.646645,frame_00000.png,frame_00118.png,r180_e125_f0.mp4,180 Hz,1/125,蛍光灯なし,59.606 fps,180,125,0,12,rice,G,G,4,,,frame_00000.png,frame_00118.png,,119,1.996437
rice_G_4,lockin,0,0,QR未検出,,lockin,binary,,,9.606183,4,8,1,0.643230,,0.643230,frame_00000.png,frame_00118.png,r180_e125_f0.mp4,180 Hz,1/125,蛍光灯なし,59.606 fps,180,125,0,12,rice,G,G,4,,,frame_00000.png,frame_00118.png,,119,1.996437
rice_G_4,lockin,0,0,QR未検出,,lockin,binary,,,15.787634,12,8,1,0.634105,,0.634105,frame_00000.png,frame_00118.png,r180_e125_f0.mp4,180 Hz,1/125,蛍光灯なし,59.606 fps,180,125,0,12,rice,G,G,4,,,frame_00000.png,frame_00118.png,,119,1.996437
rice_G_4,lockin,0,0,QR未検出,,lockin,binary,,,15.787634,4,8,1,0.632153,,0.632153,frame_00000.png,frame_00118.png,r180_e125_f0.mp4,180 Hz,1/125,蛍光灯なし,59.606 fps,180,125,0,12,rice,G,G,4,,,frame_00000.png,frame_00118.png,,119,1.996437
rice_G_4,lockin,0,0,QR未検出,,lockin,binary,,,29.212366,4,8,1,0.619884,,0.619884,frame_00000.png,frame_00118.png,r180_e125_f0.mp4,180 Hz,1/125,蛍光灯なし,59.606 fps,180,125,0,12,rice,G,G,4,,,frame_00000.png,frame_00118.png,,119,1.996437
rice_G_4,lockin,0,0,QR未検出,,lockin,binary,,,9.606183,12,8,1,0.616323,,0.616323,frame_00000.png,frame_00118.png,r180_e125_f0.mp4,180 Hz,1/125,蛍光灯なし,59.606 fps,180,125,0,12,rice,G,G,4,,,frame_00000.png,frame_00118.png,,119,1.996437
rice_G_4,lockin,0,0,QR未検出,,lockin,binary,,,29.212366,8,8,1,0.590610,,0.590610,frame_00000.png,frame_00118.png,r180_e125_f0.mp4,180 Hz,1/125,蛍光灯なし,59.606 fps,180,125,0,12,rice,G,G,4,,,frame_00000.png,frame_00118.png,,119,1.996437
rice_G_4,lockin,0,0,QR未検出,,lockin,binary,,,14.606183,12,8,1,0.588295,,0.588295,frame_00000.png,frame_00118.png,r180_e125_f0.mp4,180 Hz,1/125,蛍光灯なし,59.606 fps,180,125,0,12,rice,G,G,4,,,frame_00000.png,frame_00118.png,,119,1.996437
rice_G_4,lockin,0,0,QR未検出,,lockin,binary,,,14.606183,8,8,1,0.561051,,0.561051,frame_00000.png,frame_00118.png,r180_e125_f0.mp4,180 Hz,1/125,蛍光灯なし,59.606 fps,180,125,0,12,rice,G,G,4,,,frame_00000.png,frame_00118.png,,119,1.996437
rice_G_4,lockin,0,0,QR未検出,,lockin,binary,,,15.787634,8,8,1,0.559799,,0.559799,frame_00000.png,frame_00118.png,r180_e125_f0.mp4,180 Hz,1/125,蛍光灯なし,59.606 fps,180,125,0,12,rice,G,G,4,,,frame_00000.png,frame_00118.png,,119,1.996437
rice_G_4,lockin,0,0,QR未検出,,lockin,binary,,,9.606183,8,8,1,0.512942,,0.512942,frame_00000.png,frame_00118.png,r180_e125_f0.mp4,180 Hz,1/125,蛍光灯なし,59.606 fps,180,125,0,12,rice,G,G,4,,,frame_00000.png,frame_00118.png,,119,1.996437
rice_G_8,lockin,1,0,QR未検出,,lockin,binary,,,29.212366,12,8,1,0.723506,,0.723506,frame_00000.png,frame_00118.png,r180_e125_f0.mp4,180 Hz,1/125,蛍光灯なし,59.606 fps,180,125,0,13,rice,G,G,8,,,frame_00000.png,frame_00118.png,,119,1.996437
rice_G_8,lockin,0,0,QR未検出,,lockin,binary,,,15.787634,12,8,1,0.662849,,0.662849,frame_00000.png,frame_00118.png,r180_e125_f0.mp4,180 Hz,1/125,蛍光灯なし,59.606 fps,180,125,0,13,rice,G,G,8,,,frame_00000.png,frame_00118.png,,119,1.996437
rice_G_8,lockin,0,0,QR未検出,,lockin,binary,,,14.606183,12,8,1,0.660856,,0.660856,frame_00000.png,frame_00118.png,r180_e125_f0.mp4,180 Hz,1/125,蛍光灯なし,59.606 fps,180,125,0,13,rice,G,G,8,,,frame_00000.png,frame_00118.png,,119,1.996437
rice_G_8,lockin,0,0,QR未検出,,lockin,binary,,,9.606183,4,8,1,0.646540,,0.646540,frame_00000.png,frame_00118.png,r180_e125_f0.mp4,180 Hz,1/125,蛍光灯なし,59.606 fps,180,125,0,13,rice,G,G,8,,,frame_00000.png,frame_00118.png,,119,1.996437
rice_G_8,lockin,0,0,QR未検出,,lockin,binary,,,14.606183,4,8,1,0.642766,,0.642766,frame_00000.png,frame_00118.png,r180_e125_f0.mp4,180 Hz,1/125,蛍光灯なし,59.606 fps,180,125,0,13,rice,G,G,8,,,frame_00000.png,frame_00118.png,,119,1.996437
rice_G_8,lockin,0,0,QR未検出,,lockin,binary,,,9.606183,12,8,1,0.641907,,0.641907,frame_00000.png,frame_00118.png,r180_e125_f0.mp4,180 Hz,1/125,蛍光灯なし,59.606 fps,180,125,0,13,rice,G,G,8,,,frame_00000.png,frame_00118.png,,119,1.996437
rice_G_8,lockin,0,0,QR未検出,,lockin,binary,,,29.212366,8,8,1,0.631663,,0.631663,frame_00000.png,frame_00118.png,r180_e125_f0.mp4,180 Hz,1/125,蛍光灯なし,59.606 fps,180,125,0,13,rice,G,G,8,,,frame_00000.png,frame_00118.png,,119,1.996437
rice_G_8,lockin,0,0,QR未検出,,lockin,binary,,,15.787634,4,8,1,0.631087,,0.631087,frame_00000.png,frame_00118.png,r180_e125_f0.mp4,180 Hz,1/125,蛍光灯なし,59.606 fps,180,125,0,13,rice,G,G,8,,,frame_00000.png,frame_00118.png,,119,1.996437
rice_G_8,lockin,0,0,QR未検出,,lockin,binary,,,29.212366,4,8,1,0.622271,,0.622271,frame_00000.png,frame_00118.png,r180_e125_f0.mp4,180 Hz,1/125,蛍光灯なし,59.606 fps,180,125,0,13,rice,G,G,8,,,frame_00000.png,frame_00118.png,,119,1.996437
rice_G_8,lockin,0,0,QR未検出,,lockin,binary,,,15.787634,8,8,1,0.585496,,0.585496,frame_00000.png,frame_00118.png,r180_e125_f0.mp4,180 Hz,1/125,蛍光灯なし,59.606 fps,180,125,0,13,rice,G,G,8,,,frame_00000.png,frame_00118.png,,119,1.996437
rice_G_8,lockin,0,0,QR未検出,,lockin,binary,,,14.606183,8,8,1,0.534021,,0.534021,frame_00000.png,frame_00118.png,r180_e125_f0.mp4,180 Hz,1/125,蛍光灯なし,59.606 fps,180,125,0,13,rice,G,G,8,,,frame_00000.png,frame_00118.png,,119,1.996437
rice_G_8,lockin,0,0,QR未検出,,lockin,binary,,,9.606183,8,8,1,0.524333,,0.524333,frame_00000.png,frame_00118.png,r180_e125_f0.mp4,180 Hz,1/125,蛍光灯なし,59.606 fps,180,125,0,13,rice,G,G,8,,,frame_00000.png,frame_00118.png,,119,1.996437
rice_G_12,lockin,0,0,QR未検出,,lockin,binary,,,29.212366,12,8,1,0.810768,,0.810768,frame_00000.png,frame_00118.png,r180_e125_f0.mp4,180 Hz,1/125,蛍光灯なし,59.606 fps,180,125,0,14,rice,G,G,12,,,frame_00000.png,frame_00118.png,,119,1.996437
rice_G_12,lockin,0,0,QR未検出,,lockin,binary,,,15.787634,12,8,1,0.698987,,0.698987,frame_00000.png,frame_00118.png,r180_e125_f0.mp4,180 Hz,1/125,蛍光灯なし,59.606 fps,180,125,0,14,rice,G,G,12,,,frame_00000.png,frame_00118.png,,119,1.996437
rice_G_12,lockin,0,0,QR未検出,,lockin,binary,,,29.212366,8,8,1,0.672467,,0.672467,frame_00000.png,frame_00118.png,r180_e125_f0.mp4,180 Hz,1/125,蛍光灯なし,59.606 fps,180,125,0,14,rice,G,G,12,,,frame_00000.png,frame_00118.png,,119,1.996437
rice_G_12,lockin,0,0,QR未検出,,lockin,binary,,,9.606183,12,8,1,0.643372,,0.643372,frame_00000.png,frame_00118.png,r180_e125_f0.mp4,180 Hz,1/125,蛍光灯なし,59.606 fps,180,125,0,14,rice,G,G,12,,,frame_00000.png,frame_00118.png,,119,1.996437
rice_G_12,lockin,0,0,QR未検出,,lockin,binary,,,14.606183,4,8,1,0.642785,,0.642785,frame_00000.png,frame_00118.png,r180_e125_f0.mp4,180 Hz,1/125,蛍光灯なし,59.606 fps,180,125,0,14,rice,G,G,12,,,frame_00000.png,frame_00118.png,,119,1.996437
rice_G_12,lockin,0,0,QR未検出,,lockin,binary,,,9.606183,4,8,1,0.642400,,0.642400,frame_00000.png,frame_00118.png,r180_e125_f0.mp4,180 Hz,1/125,蛍光灯なし,59.606 fps,180,125,0,14,rice,G,G,12,,,frame_00000.png,frame_00118.png,,119,1.996437
rice_G_12,lockin,0,0,QR未検出,,lockin,binary,,,15.787634,4,8,1,0.623193,,0.623193,frame_00000.png,frame_00118.png,r180_e125_f0.mp4,180 Hz,1/125,蛍光灯なし,59.606 fps,180,125,0,14,rice,G,G,12,,,frame_00000.png,frame_00118.png,,119,1.996437
rice_G_12,lockin,0,0,QR未検出,,lockin,binary,,,14.606183,12,8,1,0.616546,,0.616546,frame_00000.png,frame_00118.png,r180_e125_f0.mp4,180 Hz,1/125,蛍光灯なし,59.606 fps,180,125,0,14,rice,G,G,12,,,frame_00000.png,frame_00118.png,,119,1.996437
rice_G_12,lockin,0,0,QR未検出,,lockin,binary,,,29.212366,4,8,1,0.595429,,0.595429,frame_00000.png,frame_00118.png,r180_e125_f0.mp4,180 Hz,1/125,蛍光灯なし,59.606 fps,180,125,0,14,rice,G,G,12,,,frame_00000.png,frame_00118.png,,119,1.996437
rice_G_12,lockin,0,0,QR未検出,,lockin,binary,,,15.787634,8,8,1,0.586402,,0.586402,frame_00000.png,frame_00118.png,r180_e125_f0.mp4,180 Hz,1/125,蛍光灯なし,59.606 fps,180,125,0,14,rice,G,G,12,,,frame_00000.png,frame_00118.png,,119,1.996437
rice_G_12,lockin,0,0,QR未検出,,lockin,binary,,,14.606183,8,8,1,0.533058,,0.533058,frame_00000.png,frame_00118.png,r180_e125_f0.mp4,180 Hz,1/125,蛍光灯なし,59.606 fps,180,125,0,14,rice,G,G,12,,,frame_00000.png,frame_00118.png,,119,1.996437
rice_G_12,lockin,0,0,QR未検出,,lockin,binary,,,9.606183,8,8,1,0.509998,,0.509998,frame_00000.png,frame_00118.png,r180_e125_f0.mp4,180 Hz,1/125,蛍光灯なし,59.606 fps,180,125,0,14,rice,G,G,12,,,frame_00000.png,frame_00118.png,,119,1.996437
nagaoka_fireworks_G_4,lockin,0,0,QR未検出,,lockin,binary,,,29.212366,12,8,1,0.601691,,0.601691,frame_00000.png,frame_00118.png,r180_e125_f0.mp4,180 Hz,1/125,蛍光灯なし,59.606 fps,180,125,0,15,nagaoka_fireworks,G,G,4,,,frame_00000.png,frame_00118.png,,119,1.996437
nagaoka_fireworks_G_4,lockin,0,0,QR未検出,,lockin,binary,,,9.606183,12,8,1,0.600751,,0.600751,frame_00000.png,frame_00118.png,r180_e125_f0.mp4,180 Hz,1/125,蛍光灯なし,59.606 fps,180,125,0,15,nagaoka_fireworks,G,G,4,,,frame_00000.png,frame_00118.png,,119,1.996437
nagaoka_fireworks_G_4,lockin,0,0,QR未検出,,lockin,binary,,,15.787634,12,8,1,0.598115,,0.598115,frame_00000.png,frame_00118.png,r180_e125_f0.mp4,180 Hz,1/125,蛍光灯なし,59.606 fps,180,125,0,15,nagaoka_fireworks,G,G,4,,,frame_00000.png,frame_00118.png,,119,1.996437
nagaoka_fireworks_G_4,lockin,0,0,QR未検出,,lockin,binary,,,14.606183,12,8,1,0.582124,,0.582124,frame_00000.png,frame_00118.png,r180_e125_f0.mp4,180 Hz,1/125,蛍光灯なし,59.606 fps,180,125,0,15,nagaoka_fireworks,G,G,4,,,frame_00000.png,frame_00118.png,,119,1.996437
nagaoka_fireworks_G_4,lockin,0,0,QR未検出,,lockin,binary,,,14.606183,4,8,1,0.543341,,0.543341,frame_00000.png,frame_00118.png,r180_e125_f0.mp4,180 Hz,1/125,蛍光灯なし,59.606 fps,180,125,0,15,nagaoka_fireworks,G,G,4,,,frame_00000.png,frame_00118.png,,119,1.996437
nagaoka_fireworks_G_4,lockin,0,0,QR未検出,,lockin,binary,,,9.606183,8,8,1,0.542662,,0.542662,frame_00000.png,frame_00118.png,r180_e125_f0.mp4,180 Hz,1/125,蛍光灯なし,59.606 fps,180,125,0,15,nagaoka_fireworks,G,G,4,,,frame_00000.png,frame_00118.png,,119,1.996437
nagaoka_fireworks_G_4,lockin,0,0,QR未検出,,lockin,binary,,,29.212366,8,8,1,0.541359,,0.541359,frame_00000.png,frame_00118.png,r180_e125_f0.mp4,180 Hz,1/125,蛍光灯なし,59.606 fps,180,125,0,15,nagaoka_fireworks,G,G,4,,,frame_00000.png,frame_00118.png,,119,1.996437
nagaoka_fireworks_G_4,lockin,0,0,QR未検出,,lockin,binary,,,15.787634,8,8,1,0.540727,,0.540727,frame_00000.png,frame_00118.png,r180_e125_f0.mp4,180 Hz,1/125,蛍光灯なし,59.606 fps,180,125,0,15,nagaoka_fireworks,G,G,4,,,frame_00000.png,frame_00118.png,,119,1.996437
nagaoka_fireworks_G_4,lockin,0,0,QR未検出,,lockin,binary,,,9.606183,4,8,1,0.536460,,0.536460,frame_00000.png,frame_00118.png,r180_e125_f0.mp4,180 Hz,1/125,蛍光灯なし,59.606 fps,180,125,0,15,nagaoka_fireworks,G,G,4,,,frame_00000.png,frame_00118.png,,119,1.996437
nagaoka_fireworks_G_4,lockin,0,0,QR未検出,,lockin,binary,,,29.212366,4,8,1,0.535441,,0.535441,frame_00000.png,frame_00118.png,r180_e125_f0.mp4,180 Hz,1/125,蛍光灯なし,59.606 fps,180,125,0,15,nagaoka_fireworks,G,G,4,,,frame_00000.png,frame_00118.png,,119,1.996437
nagaoka_fireworks_G_4,lockin,0,0,QR未検出,,lockin,binary,,,15.787634,4,8,1,0.535067,,0.535067,frame_00000.png,frame_00118.png,r180_e125_f0.mp4,180 Hz,1/125,蛍光灯なし,59.606 fps,180,125,0,15,nagaoka_fireworks,G,G,4,,,frame_00000.png,frame_00118.png,,119,1.996437
nagaoka_fireworks_G_4,lockin,0,0,QR未検出,,lockin,binary,,,14.606183,8,8,1,0.518146,,0.518146,frame_00000.png,frame_00118.png,r180_e125_f0.mp4,180 Hz,1/125,蛍光灯なし,59.606 fps,180,125,0,15,nagaoka_fireworks,G,G,4,,,frame_00000.png,frame_00118.png,,119,1.996437
nagaoka_fireworks_G_8,lockin,0,0,QR未検出,,lockin,binary,,,29.212366,12,8,1,0.654550,,0.654550,frame_00000.png,frame_00118.png,r180_e125_f0.mp4,180 Hz,1/125,蛍光灯なし,59.606 fps,180,125,0,16,nagaoka_fireworks,G,G,8,,,frame_00000.png,frame_00118.png,,119,1.996437
nagaoka_fireworks_G_8,lockin,0,0,QR未検出,,lockin,binary,,,15.787634,12,8,1,0.613660,,0.613660,frame_00000.png,frame_00118.png,r180_e125_f0.mp4,180 Hz,1/125,蛍光灯なし,59.606 fps,180,125,0,16,nagaoka_fireworks,G,G,8,,,frame_00000.png,frame_00118.png,,119,1.996437
nagaoka_fireworks_G_8,lockin,0,0,QR未検出,,lockin,binary,,,14.606183,12,8,1,0.600093,,0.600093,frame_00000.png,frame_00118.png,r180_e125_f0.mp4,180 Hz,1/125,蛍光灯なし,59.606 fps,180,125,0,16,nagaoka_fireworks,G,G,8,,,frame_00000.png,frame_00118.png,,119,1.996437
nagaoka_fireworks_G_8,lockin,0,0,QR未検出,,lockin,binary,,,9.606183,12,8,1,0.599609,,0.599609,frame_00000.png,frame_00118.png,r180_e125_f0.mp4,180 Hz,1/125,蛍光灯なし,59.606 fps,180,125,0,16,nagaoka_fireworks,G,G,8,,,frame_00000.png,frame_00118.png,,119,1.996437
nagaoka_fireworks_G_8,lockin,0,0,QR未検出,,lockin,binary,,,29.212366,8,8,1,0.585821,,0.585821,frame_00000.png,frame_00118.png,r180_e125_f0.mp4,180 Hz,1/125,蛍光灯なし,59.606 fps,180,125,0,16,nagaoka_fireworks,G,G,8,,,frame_00000.png,frame_00118.png,,119,1.996437
nagaoka_fireworks_G_8,lockin,0,0,QR未検出,,lockin,binary,,,9.606183,4,8,1,0.545369,,0.545369,frame_00000.png,frame_00118.png,r180_e125_f0.mp4,180 Hz,1/125,蛍光灯なし,59.606 fps,180,125,0,16,nagaoka_fireworks,G,G,8,,,frame_00000.png,frame_00118.png,,119,1.996437
nagaoka_fireworks_G_8,lockin,0,0,QR未検出,,lockin,binary,,,14.606183,4,8,1,0.543967,,0.543967,frame_00000.png,frame_00118.png,r180_e125_f0.mp4,180 Hz,1/125,蛍光灯なし,59.606 fps,180,125,0,16,nagaoka_fireworks,G,G,8,,,frame_00000.png,frame_00118.png,,119,1.996437
nagaoka_fireworks_G_8,lockin,0,0,QR未検出,,lockin,binary,,,15.787634,4,8,1,0.540725,,0.540725,frame_00000.png,frame_00118.png,r180_e125_f0.mp4,180 Hz,1/125,蛍光灯なし,59.606 fps,180,125,0,16,nagaoka_fireworks,G,G,8,,,frame_00000.png,frame_00118.png,,119,1.996437
nagaoka_fireworks_G_8,lockin,0,0,QR未検出,,lockin,binary,,,15.787634,8,8,1,0.532560,,0.532560,frame_00000.png,frame_00118.png,r180_e125_f0.mp4,180 Hz,1/125,蛍光灯なし,59.606 fps,180,125,0,16,nagaoka_fireworks,G,G,8,,,frame_00000.png,frame_00118.png,,119,1.996437
nagaoka_fireworks_G_8,lockin,0,0,QR未検出,,lockin,binary,,,14.606183,8,8,1,0.525953,,0.525953,frame_00000.png,frame_00118.png,r180_e125_f0.mp4,180 Hz,1/125,蛍光灯なし,59.606 fps,180,125,0,16,nagaoka_fireworks,G,G,8,,,frame_00000.png,frame_00118.png,,119,1.996437
nagaoka_fireworks_G_8,lockin,0,0,QR未検出,,lockin,binary,,,29.212366,4,8,1,0.522648,,0.522648,frame_00000.png,frame_00118.png,r180_e125_f0.mp4,180 Hz,1/125,蛍光灯なし,59.606 fps,180,125,0,16,nagaoka_fireworks,G,G,8,,,frame_00000.png,frame_00118.png,,119,1.996437
nagaoka_fireworks_G_8,lockin,0,0,QR未検出,,lockin,binary,,,9.606183,8,8,1,0.520909,,0.520909,frame_00000.png,frame_00118.png,r180_e125_f0.mp4,180 Hz,1/125,蛍光灯なし,59.606 fps,180,125,0,16,nagaoka_fireworks,G,G,8,,,frame_00000.png,frame_00118.png,,119,1.996437
nagaoka_fireworks_G_12,lockin,0,0,QR未検出,,lockin,binary,,,29.212366,12,8,1,0.743453,,0.743453,frame_00000.png,frame_00118.png,r180_e125_f0.mp4,180 Hz,1/125,蛍光灯なし,59.606 fps,180,125,0,17,nagaoka_fireworks,G,G,12,,,frame_00000.png,frame_00118.png,,119,1.996437
nagaoka_fireworks_G_12,lockin,0,0,QR未検出,,lockin,binary,,,15.787634,12,8,1,0.647714,,0.647714,frame_00000.png,frame_00118.png,r180_e125_f0.mp4,180 Hz,1/125,蛍光灯なし,59.606 fps,180,125,0,17,nagaoka_fireworks,G,G,12,,,frame_00000.png,frame_00118.png,,119,1.996437
nagaoka_fireworks_G_12,lockin,0,0,QR未検出,,lockin,binary,,,29.212366,8,8,1,0.639744,,0.639744,frame_00000.png,frame_00118.png,r180_e125_f0.mp4,180 Hz,1/125,蛍光灯なし,59.606 fps,180,125,0,17,nagaoka_fireworks,G,G,12,,,frame_00000.png,frame_00118.png,,119,1.996437
nagaoka_fireworks_G_12,lockin,0,0,QR未検出,,lockin,binary,,,14.606183,12,8,1,0.630697,,0.630697,frame_00000.png,frame_00118.png,r180_e125_f0.mp4,180 Hz,1/125,蛍光灯なし,59.606 fps,180,125,0,17,nagaoka_fireworks,G,G,12,,,frame_00000.png,frame_00118.png,,119,1.996437
nagaoka_fireworks_G_12,lockin,0,0,QR未検出,,lockin,binary,,,9.606183,12,8,1,0.609512,,0.609512,frame_00000.png,frame_00118.png,r180_e125_f0.mp4,180 Hz,1/125,蛍光灯なし,59.606 fps,180,125,0,17,nagaoka_fireworks,G,G,12,,,frame_00000.png,frame_00118.png,,119,1.996437
nagaoka_fireworks_G_12,lockin,0,0,QR未検出,,lockin,binary,,,15.787634,8,8,1,0.563044,,0.563044,frame_00000.png,frame_00118.png,r180_e125_f0.mp4,180 Hz,1/125,蛍光灯なし,59.606 fps,180,125,0,17,nagaoka_fireworks,G,G,12,,,frame_00000.png,frame_00118.png,,119,1.996437
nagaoka_fireworks_G_12,lockin,0,0,QR未検出,,lockin,binary,,,14.606183,8,8,1,0.552501,,0.552501,frame_00000.png,frame_00118.png,r180_e125_f0.mp4,180 Hz,1/125,蛍光灯なし,59.606 fps,180,125,0,17,nagaoka_fireworks,G,G,12,,,frame_00000.png,frame_00118.png,,119,1.996437
nagaoka_fireworks_G_12,lockin,0,0,QR未検出,,lockin,binary,,,9.606183,8,8,1,0.533504,,0.533504,frame_00000.png,frame_00118.png,r180_e125_f0.mp4,180 Hz,1/125,蛍光灯なし,59.606 fps,180,125,0,17,nagaoka_fireworks,G,G,12,,,frame_00000.png,frame_00118.png,,119,1.996437
nagaoka_fireworks_G_12,lockin,0,0,QR未検出,,lockin,binary,,,9.606183,4,8,1,0.532736,,0.532736,frame_00000.png,frame_00118.png,r180_e125_f0.mp4,180 Hz,1/125,蛍光灯なし,59.606 fps,180,125,0,17,nagaoka_fireworks,G,G,12,,,frame_00000.png,frame_00118.png,,119,1.996437
nagaoka_fireworks_G_12,lockin,0,0,QR未検出,,lockin,binary,,,14.606183,4,8,1,0.529053,,0.529053,frame_00000.png,frame_00118.png,r180_e125_f0.mp4,180 Hz,1/125,蛍光灯なし,59.606 fps,180,125,0,17,nagaoka_fireworks,G,G,12,,,frame_00000.png,frame_00118.png,,119,1.996437
nagaoka_fireworks_G_12,lockin,0,0,QR未検出,,lockin,binary,,,15.787634,4,8,1,0.525493,,0.525493,frame_00000.png,frame_00118.png,r180_e125_f0.mp4,180 Hz,1/125,蛍光灯なし,59.606 fps,180,125,0,17,nagaoka_fireworks,G,G,12,,,frame_00000.png,frame_00118.png,,119,1.996437
nagaoka_fireworks_G_12,lockin,0,0,QR未検出,,lockin,binary,,,29.212366,4,8,1,0.501545,,0.501545,frame_00000.png,frame_00118.png,r180_e125_f0.mp4,180 Hz,1/125,蛍光灯なし,59.606 fps,180,125,0,17,nagaoka_fireworks,G,G,12,,,frame_00000.png,frame_00118.png,,119,1.996437
hocho_G_4,lockin,0,0,QR未検出,,lockin,binary,,,29.212366,12,8,1,0.631094,,0.631094,frame_00000.png,frame_00118.png,r180_e125_f0.mp4,180 Hz,1/125,蛍光灯なし,59.606 fps,180,125,0,18,hocho,G,G,4,,,frame_00000.png,frame_00118.png,,119,1.996437
hocho_G_4,lockin,0,0,QR未検出,,lockin,binary,,,15.787634,12,8,1,0.619907,,0.619907,frame_00000.png,frame_00118.png,r180_e125_f0.mp4,180 Hz,1/125,蛍光灯なし,59.606 fps,180,125,0,18,hocho,G,G,4,,,frame_00000.png,frame_00118.png,,119,1.996437
hocho_G_4,lockin,0,0,QR未検出,,lockin,binary,,,14.606183,12,8,1,0.611487,,0.611487,frame_00000.png,frame_00118.png,r180_e125_f0.mp4,180 Hz,1/125,蛍光灯なし,59.606 fps,180,125,0,18,hocho,G,G,4,,,frame_00000.png,frame_00118.png,,119,1.996437
hocho_G_4,lockin,0,0,QR未検出,,lockin,binary,,,9.606183,4,8,1,0.609743,,0.609743,frame_00000.png,frame_00118.png,r180_e125_f0.mp4,180 Hz,1/125,蛍光灯なし,59.606 fps,180,125,0,18,hocho,G,G,4,,,frame_00000.png,frame_00118.png,,119,1.996437
hocho_G_4,lockin,0,0,QR未検出,,lockin,binary,,,9.606183,12,8,1,0.608116,,0.608116,frame_00000.png,frame_00118.png,r180_e125_f0.mp4,180 Hz,1/125,蛍光灯なし,59.606 fps,180,125,0,18,hocho,G,G,4,,,frame_00000.png,frame_00118.png,,119,1.996437
hocho_G_4,lockin,0,0,QR未検出,,lockin,binary,,,14.606183,4,8,1,0.606368,,0.606368,frame_00000.png,frame_00118.png,r180_e125_f0.mp4,180 Hz,1/125,蛍光灯なし,59.606 fps,180,125,0,18,hocho,G,G,4,,,frame_00000.png,frame_00118.png,,119,1.996437
hocho_G_4,lockin,0,0,QR未検出,,lockin,binary,,,15.787634,4,8,1,0.590007,,0.590007,frame_00000.png,frame_00118.png,r180_e125_f0.mp4,180 Hz,1/125,蛍光灯なし,59.606 fps,180,125,0,18,hocho,G,G,4,,,frame_00000.png,frame_00118.png,,119,1.996437
hocho_G_4,lockin,0,0,QR未検出,,lockin,binary,,,29.212366,8,8,1,0.584584,,0.584584,frame_00000.png,frame_00118.png,r180_e125_f0.mp4,180 Hz,1/125,蛍光灯なし,59.606 fps,180,125,0,18,hocho,G,G,4,,,frame_00000.png,frame_00118.png,,119,1.996437
hocho_G_4,lockin,0,0,QR未検出,,lockin,binary,,,29.212366,4,8,1,0.567982,,0.567982,frame_00000.png,frame_00118.png,r180_e125_f0.mp4,180 Hz,1/125,蛍光灯なし,59.606 fps,180,125,0,18,hocho,G,G,4,,,frame_00000.png,frame_00118.png,,119,1.996437
hocho_G_4,lockin,0,0,QR未検出,,lockin,binary,,,15.787634,8,8,1,0.564810,,0.564810,frame_00000.png,frame_00118.png,r180_e125_f0.mp4,180 Hz,1/125,蛍光灯なし,59.606 fps,180,125,0,18,hocho,G,G,4,,,frame_00000.png,frame_00118.png,,119,1.996437
hocho_G_4,lockin,0,0,QR未検出,,lockin,binary,,,14.606183,8,8,1,0.546237,,0.546237,frame_00000.png,frame_00118.png,r180_e125_f0.mp4,180 Hz,1/125,蛍光灯なし,59.606 fps,180,125,0,18,hocho,G,G,4,,,frame_00000.png,frame_00118.png,,119,1.996437
hocho_G_4,lockin,0,0,QR未検出,,lockin,binary,,,9.606183,8,8,1,0.541411,,0.541411,frame_00000.png,frame_00118.png,r180_e125_f0.mp4,180 Hz,1/125,蛍光灯なし,59.606 fps,180,125,0,18,hocho,G,G,4,,,frame_00000.png,frame_00118.png,,119,1.996437
hocho_G_8,lockin,0,0,QR未検出,,lockin,binary,,,29.212366,12,8,1,0.651661,,0.651661,frame_00000.png,frame_00118.png,r180_e125_f0.mp4,180 Hz,1/125,蛍光灯なし,59.606 fps,180,125,0,19,hocho,G,G,8,,,frame_00000.png,frame_00118.png,,119,1.996437
hocho_G_8,lockin,0,0,QR未検出,,lockin,binary,,,15.787634,12,8,1,0.628704,,0.628704,frame_00000.png,frame_00118.png,r180_e125_f0.mp4,180 Hz,1/125,蛍光灯なし,59.606 fps,180,125,0,19,hocho,G,G,8,,,frame_00000.png,frame_00118.png,,119,1.996437
hocho_G_8,lockin,0,0,QR未検出,,lockin,binary,,,29.212366,8,8,1,0.619525,,0.619525,frame_00000.png,frame_00118.png,r180_e125_f0.mp4,180 Hz,1/125,蛍光灯なし,59.606 fps,180,125,0,19,hocho,G,G,8,,,frame_00000.png,frame_00118.png,,119,1.996437
hocho_G_8,lockin,0,0,QR未検出,,lockin,binary,,,9.606183,4,8,1,0.614035,,0.614035,frame_00000.png,frame_00118.png,r180_e125_f0.mp4,180 Hz,1/125,蛍光灯なし,59.606 fps,180,125,0,19,hocho,G,G,8,,,frame_00000.png,frame_00118.png,,119,1.996437
hocho_G_8,lockin,0,0,QR未検出,,lockin,binary,,,14.606183,12,8,1,0.613340,,0.613340,frame_00000.png,frame_00118.png,r180_e125_f0.mp4,180 Hz,1/125,蛍光灯なし,59.606 fps,180,125,0,19,hocho,G,G,8,,,frame_00000.png,frame_00118.png,,119,1.996437
hocho_G_8,lockin,0,0,QR未検出,,lockin,binary,,,9.606183,12,8,1,0.609928,,0.609928,frame_00000.png,frame_00118.png,r180_e125_f0.mp4,180 Hz,1/125,蛍光灯なし,59.606 fps,180,125,0,19,hocho,G,G,8,,,frame_00000.png,frame_00118.png,,119,1.996437
hocho_G_8,lockin,0,0,QR未検出,,lockin,binary,,,14.606183,4,8,1,0.605981,,0.605981,frame_00000.png,frame_00118.png,r180_e125_f0.mp4,180 Hz,1/125,蛍光灯なし,59.606 fps,180,125,0,19,hocho,G,G,8,,,frame_00000.png,frame_00118.png,,119,1.996437
hocho_G_8,lockin,0,0,QR未検出,,lockin,binary,,,15.787634,8,8,1,0.585867,,0.585867,frame_00000.png,frame_00118.png,r180_e125_f0.mp4,180 Hz,1/125,蛍光灯なし,59.606 fps,180,125,0,19,hocho,G,G,8,,,frame_00000.png,frame_00118.png,,119,1.996437
hocho_G_8,lockin,0,0,QR未検出,,lockin,binary,,,15.787634,4,8,1,0.566213,,0.566213,frame_00000.png,frame_00118.png,r180_e125_f0.mp4,180 Hz,1/125,蛍光灯なし,59.606 fps,180,125,0,19,hocho,G,G,8,,,frame_00000.png,frame_00118.png,,119,1.996437
hocho_G_8,lockin,0,0,QR未検出,,lockin,binary,,,14.606183,8,8,1,0.542613,,0.542613,frame_00000.png,frame_00118.png,r180_e125_f0.mp4,180 Hz,1/125,蛍光灯なし,59.606 fps,180,125,0,19,hocho,G,G,8,,,frame_00000.png,frame_00118.png,,119,1.996437
hocho_G_8,lockin,0,0,QR未検出,,lockin,binary,,,29.212366,4,8,1,0.539599,,0.539599,frame_00000.png,frame_00118.png,r180_e125_f0.mp4,180 Hz,1/125,蛍光灯なし,59.606 fps,180,125,0,19,hocho,G,G,8,,,frame_00000.png,frame_00118.png,,119,1.996437
hocho_G_8,lockin,0,0,QR未検出,,lockin,binary,,,9.606183,8,8,1,0.533058,,0.533058,frame_00000.png,frame_00118.png,r180_e125_f0.mp4,180 Hz,1/125,蛍光灯なし,59.606 fps,180,125,0,19,hocho,G,G,8,,,frame_00000.png,frame_00118.png,,119,1.996437
hocho_G_12,lockin,1,0,QR未検出,,lockin,binary,,,29.212366,12,8,1,0.797785,,0.797785,frame_00000.png,frame_00118.png,r180_e125_f0.mp4,180 Hz,1/125,蛍光灯なし,59.606 fps,180,125,0,20,hocho,G,G,12,,,frame_00000.png,frame_00118.png,,119,1.996437
hocho_G_12,lockin,0,0,QR未検出,,lockin,binary,,,29.212366,8,8,1,0.732512,,0.732512,frame_00000.png,frame_00118.png,r180_e125_f0.mp4,180 Hz,1/125,蛍光灯なし,59.606 fps,180,125,0,20,hocho,G,G,12,,,frame_00000.png,frame_00118.png,,119,1.996437
hocho_G_12,lockin,0,0,QR未検出,,lockin,binary,,,15.787634,12,8,1,0.700259,,0.700259,frame_00000.png,frame_00118.png,r180_e125_f0.mp4,180 Hz,1/125,蛍光灯なし,59.606 fps,180,125,0,20,hocho,G,G,12,,,frame_00000.png,frame_00118.png,,119,1.996437
hocho_G_12,lockin,0,0,QR未検出,,lockin,binary,,,14.606183,12,8,1,0.694616,,0.694616,frame_00000.png,frame_00118.png,r180_e125_f0.mp4,180 Hz,1/125,蛍光灯なし,59.606 fps,180,125,0,20,hocho,G,G,12,,,frame_00000.png,frame_00118.png,,119,1.996437
hocho_G_12,lockin,0,0,QR未検出,,lockin,binary,,,9.606183,12,8,1,0.677121,,0.677121,frame_00000.png,frame_00118.png,r180_e125_f0.mp4,180 Hz,1/125,蛍光灯なし,59.606 fps,180,125,0,20,hocho,G,G,12,,,frame_00000.png,frame_00118.png,,119,1.996437
hocho_G_12,lockin,0,0,QR未検出,,lockin,binary,,,15.787634,8,8,1,0.656349,,0.656349,frame_00000.png,frame_00118.png,r180_e125_f0.mp4,180 Hz,1/125,蛍光灯なし,59.606 fps,180,125,0,20,hocho,G,G,12,,,frame_00000.png,frame_00118.png,,119,1.996437
hocho_G_12,lockin,0,0,QR未検出,,lockin,binary,,,9.606183,8,8,1,0.646832,,0.646832,frame_00000.png,frame_00118.png,r180_e125_f0.mp4,180 Hz,1/125,蛍光灯なし,59.606 fps,180,125,0,20,hocho,G,G,12,,,frame_00000.png,frame_00118.png,,119,1.996437
hocho_G_12,lockin,0,0,QR未検出,,lockin,binary,,,14.606183,8,8,1,0.634298,,0.634298,frame_00000.png,frame_00118.png,r180_e125_f0.mp4,180 Hz,1/125,蛍光灯なし,59.606 fps,180,125,0,20,hocho,G,G,12,,,frame_00000.png,frame_00118.png,,119,1.996437
hocho_G_12,lockin,0,0,QR未検出,,lockin,binary,,,14.606183,4,8,1,0.598424,,0.598424,frame_00000.png,frame_00118.png,r180_e125_f0.mp4,180 Hz,1/125,蛍光灯なし,59.606 fps,180,125,0,20,hocho,G,G,12,,,frame_00000.png,frame_00118.png,,119,1.996437
hocho_G_12,lockin,0,0,QR未検出,,lockin,binary,,,9.606183,4,8,1,0.584639,,0.584639,frame_00000.png,frame_00118.png,r180_e125_f0.mp4,180 Hz,1/125,蛍光灯なし,59.606 fps,180,125,0,20,hocho,G,G,12,,,frame_00000.png,frame_00118.png,,119,1.996437
hocho_G_12,lockin,0,0,QR未検出,,lockin,binary,,,15.787634,4,8,1,0.580949,,0.580949,frame_00000.png,frame_00118.png,r180_e125_f0.mp4,180 Hz,1/125,蛍光灯なし,59.606 fps,180,125,0,20,hocho,G,G,12,,,frame_00000.png,frame_00118.png,,119,1.996437
hocho_G_12,lockin,0,0,QR未検出,,lockin,binary,,,29.212366,4,8,1,0.521503,,0.521503,frame_00000.png,frame_00118.png,r180_e125_f0.mp4,180 Hz,1/125,蛍光灯なし,59.606 fps,180,125,0,20,hocho,G,G,12,,,frame_00000.png,frame_00118.png,,119,1.996437
ex_G_4,lockin,0,0,QR未検出,,lockin,binary,,,29.212366,12,8,1,0.617882,,0.617882,frame_00000.png,frame_00118.png,r180_e125_f0.mp4,180 Hz,1/125,蛍光灯なし,59.606 fps,180,125,0,21,ex,G,G,4,,,frame_00000.png,frame_00118.png,,119,1.996437
ex_G_4,lockin,0,0,QR未検出,,lockin,binary,,,15.787634,4,8,1,0.615214,,0.615214,frame_00000.png,frame_00118.png,r180_e125_f0.mp4,180 Hz,1/125,蛍光灯なし,59.606 fps,180,125,0,21,ex,G,G,4,,,frame_00000.png,frame_00118.png,,119,1.996437
ex_G_4,lockin,0,0,QR未検出,,lockin,binary,,,14.606183,4,8,1,0.614019,,0.614019,frame_00000.png,frame_00118.png,r180_e125_f0.mp4,180 Hz,1/125,蛍光灯なし,59.606 fps,180,125,0,21,ex,G,G,4,,,frame_00000.png,frame_00118.png,,119,1.996437
ex_G_4,lockin,0,0,QR未検出,,lockin,binary,,,9.606183,4,8,1,0.612035,,0.612035,frame_00000.png,frame_00118.png,r180_e125_f0.mp4,180 Hz,1/125,蛍光灯なし,59.606 fps,180,125,0,21,ex,G,G,4,,,frame_00000.png,frame_00118.png,,119,1.996437
ex_G_4,lockin,0,0,QR未検出,,lockin,binary,,,29.212366,4,8,1,0.601362,,0.601362,frame_00000.png,frame_00118.png,r180_e125_f0.mp4,180 Hz,1/125,蛍光灯なし,59.606 fps,180,125,0,21,ex,G,G,4,,,frame_00000.png,frame_00118.png,,119,1.996437
ex_G_4,lockin,0,0,QR未検出,,lockin,binary,,,9.606183,12,8,1,0.591410,,0.591410,frame_00000.png,frame_00118.png,r180_e125_f0.mp4,180 Hz,1/125,蛍光灯なし,59.606 fps,180,125,0,21,ex,G,G,4,,,frame_00000.png,frame_00118.png,,119,1.996437
ex_G_4,lockin,0,0,QR未検出,,lockin,binary,,,14.606183,12,8,1,0.581515,,0.581515,frame_00000.png,frame_00118.png,r180_e125_f0.mp4,180 Hz,1/125,蛍光灯なし,59.606 fps,180,125,0,21,ex,G,G,4,,,frame_00000.png,frame_00118.png,,119,1.996437
ex_G_4,lockin,0,0,QR未検出,,lockin,binary,,,15.787634,12,8,1,0.576690,,0.576690,frame_00000.png,frame_00118.png,r180_e125_f0.mp4,180 Hz,1/125,蛍光灯なし,59.606 fps,180,125,0,21,ex,G,G,4,,,frame_00000.png,frame_00118.png,,119,1.996437
ex_G_4,lockin,0,0,QR未検出,,lockin,binary,,,15.787634,8,8,1,0.537177,,0.537177,frame_00000.png,frame_00118.png,r180_e125_f0.mp4,180 Hz,1/125,蛍光灯なし,59.606 fps,180,125,0,21,ex,G,G,4,,,frame_00000.png,frame_00118.png,,119,1.996437
ex_G_4,lockin,0,0,QR未検出,,lockin,binary,,,14.606183,8,8,1,0.528780,,0.528780,frame_00000.png,frame_00118.png,r180_e125_f0.mp4,180 Hz,1/125,蛍光灯なし,59.606 fps,180,125,0,21,ex,G,G,4,,,frame_00000.png,frame_00118.png,,119,1.996437
ex_G_4,lockin,0,0,QR未検出,,lockin,binary,,,29.212366,8,8,1,0.524285,,0.524285,frame_00000.png,frame_00118.png,r180_e125_f0.mp4,180 Hz,1/125,蛍光灯なし,59.606 fps,180,125,0,21,ex,G,G,4,,,frame_00000.png,frame_00118.png,,119,1.996437
ex_G_4,lockin,0,0,QR未検出,,lockin,binary,,,9.606183,8,8,1,0.516666,,0.516666,frame_00000.png,frame_00118.png,r180_e125_f0.mp4,180 Hz,1/125,蛍光灯なし,59.606 fps,180,125,0,21,ex,G,G,4,,,frame_00000.png,frame_00118.png,,119,1.996437
ex_G_8,lockin,0,0,QR未検出,,lockin,binary,,,29.212366,12,8,1,0.661174,,0.661174,frame_00000.png,frame_00118.png,r180_e125_f0.mp4,180 Hz,1/125,蛍光灯なし,59.606 fps,180,125,0,22,ex,G,G,8,,,frame_00000.png,frame_00118.png,,119,1.996437
ex_G_8,lockin,0,0,QR未検出,,lockin,binary,,,29.212366,8,8,1,0.639155,,0.639155,frame_00000.png,frame_00118.png,r180_e125_f0.mp4,180 Hz,1/125,蛍光灯なし,59.606 fps,180,125,0,22,ex,G,G,8,,,frame_00000.png,frame_00118.png,,119,1.996437
ex_G_8,lockin,0,0,QR未検出,,lockin,binary,,,9.606183,12,8,1,0.626006,,0.626006,frame_00000.png,frame_00118.png,r180_e125_f0.mp4,180 Hz,1/125,蛍光灯なし,59.606 fps,180,125,0,22,ex,G,G,8,,,frame_00000.png,frame_00118.png,,119,1.996437
ex_G_8,lockin,0,0,QR未検出,,lockin,binary,,,15.787634,4,8,1,0.614952,,0.614952,frame_00000.png,frame_00118.png,r180_e125_f0.mp4,180 Hz,1/125,蛍光灯なし,59.606 fps,180,125,0,22,ex,G,G,8,,,frame_00000.png,frame_00118.png,,119,1.996437
ex_G_8,lockin,0,0,QR未検出,,lockin,binary,,,14.606183,4,8,1,0.613370,,0.613370,frame_00000.png,frame_00118.png,r180_e125_f0.mp4,180 Hz,1/125,蛍光灯なし,59.606 fps,180,125,0,22,ex,G,G,8,,,frame_00000.png,frame_00118.png,,119,1.996437
ex_G_8,lockin,0,0,QR未検出,,lockin,binary,,,9.606183,4,8,1,0.608065,,0.608065,frame_00000.png,frame_00118.png,r180_e125_f0.mp4,180 Hz,1/125,蛍光灯なし,59.606 fps,180,125,0,22,ex,G,G,8,,,frame_00000.png,frame_00118.png,,119,1.996437
ex_G_8,lockin,0,0,QR未検出,,lockin,binary,,,14.606183,12,8,1,0.606401,,0.606401,frame_00000.png,frame_00118.png,r180_e125_f0.mp4,180 Hz,1/125,蛍光灯なし,59.606 fps,180,125,0,22,ex,G,G,8,,,frame_00000.png,frame_00118.png,,119,1.996437
ex_G_8,lockin,0,0,QR未検出,,lockin,binary,,,15.787634,12,8,1,0.593597,,0.593597,frame_00000.png,frame_00118.png,r180_e125_f0.mp4,180 Hz,1/125,蛍光灯なし,59.606 fps,180,125,0,22,ex,G,G,8,,,frame_00000.png,frame_00118.png,,119,1.996437
ex_G_8,lockin,0,0,QR未検出,,lockin,binary,,,29.212366,4,8,1,0.555423,,0.555423,frame_00000.png,frame_00118.png,r180_e125_f0.mp4,180 Hz,1/125,蛍光灯なし,59.606 fps,180,125,0,22,ex,G,G,8,,,frame_00000.png,frame_00118.png,,119,1.996437
ex_G_8,lockin,0,0,QR未検出,,lockin,binary,,,15.787634,8,8,1,0.524593,,0.524593,frame_00000.png,frame_00118.png,r180_e125_f0.mp4,180 Hz,1/125,蛍光灯なし,59.606 fps,180,125,0,22,ex,G,G,8,,,frame_00000.png,frame_00118.png,,119,1.996437
ex_G_8,lockin,0,0,QR未検出,,lockin,binary,,,9.606183,8,8,1,0.521675,,0.521675,frame_00000.png,frame_00118.png,r180_e125_f0.mp4,180 Hz,1/125,蛍光灯なし,59.606 fps,180,125,0,22,ex,G,G,8,,,frame_00000.png,frame_00118.png,,119,1.996437
ex_G_8,lockin,0,0,QR未検出,,lockin,binary,,,14.606183,8,8,1,0.509044,,0.509044,frame_00000.png,frame_00118.png,r180_e125_f0.mp4,180 Hz,1/125,蛍光灯なし,59.606 fps,180,125,0,22,ex,G,G,8,,,frame_00000.png,frame_00118.png,,119,1.996437
ex_G_12,lockin,1,0,QR未検出,,lockin,binary,,,29.212366,12,8,1,0.818543,,0.818543,frame_00000.png,frame_00118.png,r180_e125_f0.mp4,180 Hz,1/125,蛍光灯なし,59.606 fps,180,125,0,23,ex,G,G,12,,,frame_00000.png,frame_00118.png,,119,1.996437
ex_G_12,lockin,0,0,QR未検出,,lockin,binary,,,29.212366,8,8,1,0.695029,,0.695029,frame_00000.png,frame_00118.png,r180_e125_f0.mp4,180 Hz,1/125,蛍光灯なし,59.606 fps,180,125,0,23,ex,G,G,12,,,frame_00000.png,frame_00118.png,,119,1.996437
ex_G_12,lockin,0,0,QR未検出,,lockin,binary,,,14.606183,12,8,1,0.655252,,0.655252,frame_00000.png,frame_00118.png,r180_e125_f0.mp4,180 Hz,1/125,蛍光灯なし,59.606 fps,180,125,0,23,ex,G,G,12,,,frame_00000.png,frame_00118.png,,119,1.996437
ex_G_12,lockin,0,0,QR未検出,,lockin,binary,,,9.606183,12,8,1,0.645490,,0.645490,frame_00000.png,frame_00118.png,r180_e125_f0.mp4,180 Hz,1/125,蛍光灯なし,59.606 fps,180,125,0,23,ex,G,G,12,,,frame_00000.png,frame_00118.png,,119,1.996437
ex_G_12,lockin,0,0,QR未検出,,lockin,binary,,,15.787634,12,8,1,0.633698,,0.633698,frame_00000.png,frame_00118.png,r180_e125_f0.mp4,180 Hz,1/125,蛍光灯なし,59.606 fps,180,125,0,23,ex,G,G,12,,,frame_00000.png,frame_00118.png,,119,1.996437
ex_G_12,lockin,0,0,QR未検出,,lockin,binary,,,15.787634,4,8,1,0.609792,,0.609792,frame_00000.png,frame_00118.png,r180_e125_f0.mp4,180 Hz,1/125,蛍光灯なし,59.606 fps,180,125,0,23,ex,G,G,12,,,frame_00000.png,frame_00118.png,,119,1.996437
ex_G_12,lockin,0,0,QR未検出,,lockin,binary,,,9.606183,4,8,1,0.605600,,0.605600,frame_00000.png,frame_00118.png,r180_e125_f0.mp4,180 Hz,1/125,蛍光灯なし,59.606 fps,180,125,0,23,ex,G,G,12,,,frame_00000.png,frame_00118.png,,119,1.996437
ex_G_12,lockin,0,0,QR未検出,,lockin,binary,,,14.606183,4,8,1,0.604336,,0.604336,frame_00000.png,frame_00118.png,r180_e125_f0.mp4,180 Hz,1/125,蛍光灯なし,59.606 fps,180,125,0,23,ex,G,G,12,,,frame_00000.png,frame_00118.png,,119,1.996437
ex_G_12,lockin,0,0,QR未検出,,lockin,binary,,,29.212366,4,8,1,0.547085,,0.547085,frame_00000.png,frame_00118.png,r180_e125_f0.mp4,180 Hz,1/125,蛍光灯なし,59.606 fps,180,125,0,23,ex,G,G,12,,,frame_00000.png,frame_00118.png,,119,1.996437
ex_G_12,lockin,0,0,QR未検出,,lockin,binary,,,14.606183,8,8,1,0.513088,,0.513088,frame_00000.png,frame_00118.png,r180_e125_f0.mp4,180 Hz,1/125,蛍光灯なし,59.606 fps,180,125,0,23,ex,G,G,12,,,frame_00000.png,frame_00118.png,,119,1.996437
ex_G_12,lockin,0,0,QR未検出,,lockin,binary,,,9.606183,8,8,1,0.510013,,0.510013,frame_00000.png,frame_00118.png,r180_e125_f0.mp4,180 Hz,1/125,蛍光灯なし,59.606 fps,180,125,0,23,ex,G,G,12,,,frame_00000.png,frame_00118.png,,119,1.996437
ex_G_12,lockin,0,0,QR未検出,,lockin,binary,,,15.787634,8,8,1,0.508353,,0.508353,frame_00000.png,frame_00118.png,r180_e125_f0.mp4,180 Hz,1/125,蛍光灯なし,59.606 fps,180,125,0,23,ex,G,G,12,,,frame_00000.png,frame_00118.png,,119,1.996437
rice_B_4,lockin,0,0,QR未検出,,lockin,binary,,,29.212366,12,8,1,0.692871,,0.692871,frame_00000.png,frame_00118.png,r180_e125_f0.mp4,180 Hz,1/125,蛍光灯なし,59.606 fps,180,125,0,24,rice,B,B,4,,,frame_00000.png,frame_00118.png,,119,1.996437
rice_B_4,lockin,0,0,QR未検出,,lockin,binary,,,14.606183,4,8,1,0.648334,,0.648334,frame_00000.png,frame_00118.png,r180_e125_f0.mp4,180 Hz,1/125,蛍光灯なし,59.606 fps,180,125,0,24,rice,B,B,4,,,frame_00000.png,frame_00118.png,,119,1.996437
rice_B_4,lockin,0,0,QR未検出,,lockin,binary,,,9.606183,4,8,1,0.645811,,0.645811,frame_00000.png,frame_00118.png,r180_e125_f0.mp4,180 Hz,1/125,蛍光灯なし,59.606 fps,180,125,0,24,rice,B,B,4,,,frame_00000.png,frame_00118.png,,119,1.996437
rice_B_4,lockin,0,0,QR未検出,,lockin,binary,,,15.787634,4,8,1,0.644743,,0.644743,frame_00000.png,frame_00118.png,r180_e125_f0.mp4,180 Hz,1/125,蛍光灯なし,59.606 fps,180,125,0,24,rice,B,B,4,,,frame_00000.png,frame_00118.png,,119,1.996437
rice_B_4,lockin,0,0,QR未検出,,lockin,binary,,,29.212366,4,8,1,0.638212,,0.638212,frame_00000.png,frame_00118.png,r180_e125_f0.mp4,180 Hz,1/125,蛍光灯なし,59.606 fps,180,125,0,24,rice,B,B,4,,,frame_00000.png,frame_00118.png,,119,1.996437
rice_B_4,lockin,0,0,QR未検出,,lockin,binary,,,15.787634,12,8,1,0.636021,,0.636021,frame_00000.png,frame_00118.png,r180_e125_f0.mp4,180 Hz,1/125,蛍光灯なし,59.606 fps,180,125,0,24,rice,B,B,4,,,frame_00000.png,frame_00118.png,,119,1.996437
rice_B_4,lockin,0,0,QR未検出,,lockin,binary,,,14.606183,12,8,1,0.626302,,0.626302,frame_00000.png,frame_00118.png,r180_e125_f0.mp4,180 Hz,1/125,蛍光灯なし,59.606 fps,180,125,0,24,rice,B,B,4,,,frame_00000.png,frame_00118.png,,119,1.996437
rice_B_4,lockin,0,0,QR未検出,,lockin,binary,,,9.606183,12,8,1,0.621312,,0.621312,frame_00000.png,frame_00118.png,r180_e125_f0.mp4,180 Hz,1/125,蛍光灯なし,59.606 fps,180,125,0,24,rice,B,B,4,,,frame_00000.png,frame_00118.png,,119,1.996437
rice_B_4,lockin,0,0,QR未検出,,lockin,binary,,,29.212366,8,8,1,0.551752,,0.551752,frame_00000.png,frame_00118.png,r180_e125_f0.mp4,180 Hz,1/125,蛍光灯なし,59.606 fps,180,125,0,24,rice,B,B,4,,,frame_00000.png,frame_00118.png,,119,1.996437
rice_B_4,lockin,0,0,QR未検出,,lockin,binary,,,14.606183,8,8,1,0.548027,,0.548027,frame_00000.png,frame_00118.png,r180_e125_f0.mp4,180 Hz,1/125,蛍光灯なし,59.606 fps,180,125,0,24,rice,B,B,4,,,frame_00000.png,frame_00118.png,,119,1.996437
rice_B_4,lockin,0,0,QR未検出,,lockin,binary,,,9.606183,8,8,1,0.517084,,0.517084,frame_00000.png,frame_00118.png,r180_e125_f0.mp4,180 Hz,1/125,蛍光灯なし,59.606 fps,180,125,0,24,rice,B,B,4,,,frame_00000.png,frame_00118.png,,119,1.996437
rice_B_4,lockin,0,0,QR未検出,,lockin,binary,,,15.787634,8,8,1,0.501555,,0.501555,frame_00000.png,frame_00118.png,r180_e125_f0.mp4,180 Hz,1/125,蛍光灯なし,59.606 fps,180,125,0,24,rice,B,B,4,,,frame_00000.png,frame_00118.png,,119,1.996437
rice_B_8,lockin,0,0,QR未検出,,lockin,binary,,,29.212366,12,8,1,0.747020,,0.747020,frame_00000.png,frame_00118.png,r180_e125_f0.mp4,180 Hz,1/125,蛍光灯なし,59.606 fps,180,125,0,25,rice,B,B,8,,,frame_00000.png,frame_00118.png,,119,1.996437
rice_B_8,lockin,0,0,QR未検出,,lockin,binary,,,14.606183,12,8,1,0.688933,,0.688933,frame_00000.png,frame_00118.png,r180_e125_f0.mp4,180 Hz,1/125,蛍光灯なし,59.606 fps,180,125,0,25,rice,B,B,8,,,frame_00000.png,frame_00118.png,,119,1.996437
rice_B_8,lockin,0,0,QR未検出,,lockin,binary,,,15.787634,12,8,1,0.679553,,0.679553,frame_00000.png,frame_00118.png,r180_e125_f0.mp4,180 Hz,1/125,蛍光灯なし,59.606 fps,180,125,0,25,rice,B,B,8,,,frame_00000.png,frame_00118.png,,119,1.996437
rice_B_8,lockin,0,0,QR未検出,,lockin,binary,,,9.606183,12,8,1,0.647861,,0.647861,frame_00000.png,frame_00118.png,r180_e125_f0.mp4,180 Hz,1/125,蛍光灯なし,59.606 fps,180,125,0,25,rice,B,B,8,,,frame_00000.png,frame_00118.png,,119,1.996437
rice_B_8,lockin,0,0,QR未検出,,lockin,binary,,,9.606183,4,8,1,0.647331,,0.647331,frame_00000.png,frame_00118.png,r180_e125_f0.mp4,180 Hz,1/125,蛍光灯なし,59.606 fps,180,125,0,25,rice,B,B,8,,,frame_00000.png,frame_00118.png,,119,1.996437
rice_B_8,lockin,0,0,QR未検出,,lockin,binary,,,15.787634,4,8,1,0.642187,,0.642187,frame_00000.png,frame_00118.png,r180_e125_f0.mp4,180 Hz,1/125,蛍光灯なし,59.606 fps,180,125,0,25,rice,B,B,8,,,frame_00000.png,frame_00118.png,,119,1.996437
rice_B_8,lockin,0,0,QR未検出,,lockin,binary,,,29.212366,8,8,1,0.632952,,0.632952,frame_00000.png,frame_00118.png,r180_e125_f0.mp4,180 Hz,1/125,蛍光灯なし,59.606 fps,180,125,0,25,rice,B,B,8,,,frame_00000.png,frame_00118.png,,119,1.996437
rice_B_8,lockin,0,0,QR未検出,,lockin,binary,,,14.606183,4,8,1,0.631888,,0.631888,frame_00000.png,frame_00118.png,r180_e125_f0.mp4,180 Hz,1/125,蛍光灯なし,59.606 fps,180,125,0,25,rice,B,B,8,,,frame_00000.png,frame_00118.png,,119,1.996437
rice_B_8,lockin,0,0,QR未検出,,lockin,binary,,,29.212366,4,8,1,0.623137,,0.623137,frame_00000.png,frame_00118.png,r180_e125_f0.mp4,180 Hz,1/125,蛍光灯なし,59.606 fps,180,125,0,25,rice,B,B,8,,,frame_00000.png,frame_00118.png,,119,1.996437
rice_B_8,lockin,0,0,QR未検出,,lockin,binary,,,14.606183,8,8,1,0.595074,,0.595074,frame_00000.png,frame_00118.png,r180_e125_f0.mp4,180 Hz,1/125,蛍光灯なし,59.606 fps,180,125,0,25,rice,B,B,8,,,frame_00000.png,frame_00118.png,,119,1.996437
rice_B_8,lockin,0,0,QR未検出,,lockin,binary,,,9.606183,8,8,1,0.548755,,0.548755,frame_00000.png,frame_00118.png,r180_e125_f0.mp4,180 Hz,1/125,蛍光灯なし,59.606 fps,180,125,0,25,rice,B,B,8,,,frame_00000.png,frame_00118.png,,119,1.996437
rice_B_8,lockin,0,0,QR未検出,,lockin,binary,,,15.787634,8,8,1,0.528632,,0.528632,frame_00000.png,frame_00118.png,r180_e125_f0.mp4,180 Hz,1/125,蛍光灯なし,59.606 fps,180,125,0,25,rice,B,B,8,,,frame_00000.png,frame_00118.png,,119,1.996437
rice_B_12,lockin,0,0,QR未検出,,lockin,binary,,,29.212366,12,8,1,0.786456,,0.786456,frame_00000.png,frame_00118.png,r180_e125_f0.mp4,180 Hz,1/125,蛍光灯なし,59.606 fps,180,125,0,26,rice,B,B,12,,,frame_00000.png,frame_00118.png,,119,1.996437
rice_B_12,lockin,0,0,QR未検出,,lockin,binary,,,15.787634,4,8,1,0.647319,,0.647319,frame_00000.png,frame_00118.png,r180_e125_f0.mp4,180 Hz,1/125,蛍光灯なし,59.606 fps,180,125,0,26,rice,B,B,12,,,frame_00000.png,frame_00118.png,,119,1.996437
rice_B_12,lockin,0,0,QR未検出,,lockin,binary,,,14.606183,4,8,1,0.645919,,0.645919,frame_00000.png,frame_00118.png,r180_e125_f0.mp4,180 Hz,1/125,蛍光灯なし,59.606 fps,180,125,0,26,rice,B,B,12,,,frame_00000.png,frame_00118.png,,119,1.996437
rice_B_12,lockin,0,0,QR未検出,,lockin,binary,,,9.606183,12,8,1,0.645476,,0.645476,frame_00000.png,frame_00118.png,r180_e125_f0.mp4,180 Hz,1/125,蛍光灯なし,59.606 fps,180,125,0,26,rice,B,B,12,,,frame_00000.png,frame_00118.png,,119,1.996437
rice_B_12,lockin,0,0,QR未検出,,lockin,binary,,,9.606183,4,8,1,0.643861,,0.643861,frame_00000.png,frame_00118.png,r180_e125_f0.mp4,180 Hz,1/125,蛍光灯なし,59.606 fps,180,125,0,26,rice,B,B,12,,,frame_00000.png,frame_00118.png,,119,1.996437
rice_B_12,lockin,0,0,QR未検出,,lockin,binary,,,29.212366,8,8,1,0.636490,,0.636490,frame_00000.png,frame_00118.png,r180_e125_f0.mp4,180 Hz,1/125,蛍光灯なし,59.606 fps,180,125,0,26,rice,B,B,12,,,frame_00000.png,frame_00118.png,,119,1.996437
rice_B_12,lockin,0,0,QR未検出,,lockin,binary,,,15.787634,12,8,1,0.617368,,0.617368,frame_00000.png,frame_00118.png,r180_e125_f0.mp4,180 Hz,1/125,蛍光灯なし,59.606 fps,180,125,0,26,rice,B,B,12,,,frame_00000.png,frame_00118.png,,119,1.996437
rice_B_12,lockin,0,0,QR未検出,,lockin,binary,,,29.212366,4,8,1,0.609895,,0.609895,frame_00000.png,frame_00118.png,r180_e125_f0.mp4,180 Hz,1/125,蛍光灯なし,59.606 fps,180,125,0,26,rice,B,B,12,,,frame_00000.png,frame_00118.png,,119,1.996437
rice_B_12,lockin,0,0,QR未検出,,lockin,binary,,,14.606183,12,8,1,0.597039,,0.597039,frame_00000.png,frame_00118.png,r180_e125_f0.mp4,180 Hz,1/125,蛍光灯なし,59.606 fps,180,125,0,26,rice,B,B,12,,,frame_00000.png,frame_00118.png,,119,1.996437
rice_B_12,lockin,0,0,QR未検出,,lockin,binary,,,14.606183,8,8,1,0.560791,,0.560791,frame_00000.png,frame_00118.png,r180_e125_f0.mp4,180 Hz,1/125,蛍光灯なし,59.606 fps,180,125,0,26,rice,B,B,12,,,frame_00000.png,frame_00118.png,,119,1.996437
rice_B_12,lockin,0,0,QR未検出,,lockin,binary,,,15.787634,8,8,1,0.556593,,0.556593,frame_00000.png,frame_00118.png,r180_e125_f0.mp4,180 Hz,1/125,蛍光灯なし,59.606 fps,180,125,0,26,rice,B,B,12,,,frame_00000.png,frame_00118.png,,119,1.996437
rice_B_12,lockin,0,0,QR未検出,,lockin,binary,,,9.606183,8,8,1,0.512064,,0.512064,frame_00000.png,frame_00118.png,r180_e125_f0.mp4,180 Hz,1/125,蛍光灯なし,59.606 fps,180,125,0,26,rice,B,B,12,,,frame_00000.png,frame_00118.png,,119,1.996437
nagaoka_fireworks_B_4,lockin,0,0,QR未検出,,lockin,binary,,,29.212366,12,8,1,0.662557,,0.662557,frame_00000.png,frame_00118.png,r180_e125_f0.mp4,180 Hz,1/125,蛍光灯なし,59.606 fps,180,125,0,27,nagaoka_fireworks,B,B,4,,,frame_00000.png,frame_00118.png,,119,1.996437
nagaoka_fireworks_B_4,lockin,0,0,QR未検出,,lockin,binary,,,14.606183,12,8,1,0.627395,,0.627395,frame_00000.png,frame_00118.png,r180_e125_f0.mp4,180 Hz,1/125,蛍光灯なし,59.606 fps,180,125,0,27,nagaoka_fireworks,B,B,4,,,frame_00000.png,frame_00118.png,,119,1.996437
nagaoka_fireworks_B_4,lockin,0,0,QR未検出,,lockin,binary,,,15.787634,12,8,1,0.609937,,0.609937,frame_00000.png,frame_00118.png,r180_e125_f0.mp4,180 Hz,1/125,蛍光灯なし,59.606 fps,180,125,0,27,nagaoka_fireworks,B,B,4,,,frame_00000.png,frame_00118.png,,119,1.996437
nagaoka_fireworks_B_4,lockin,0,0,QR未検出,,lockin,binary,,,9.606183,12,8,1,0.605148,,0.605148,frame_00000.png,frame_00118.png,r180_e125_f0.mp4,180 Hz,1/125,蛍光灯なし,59.606 fps,180,125,0,27,nagaoka_fireworks,B,B,4,,,frame_00000.png,frame_00118.png,,119,1.996437
nagaoka_fireworks_B_4,lockin,0,0,QR未検出,,lockin,binary,,,29.212366,8,8,1,0.591571,,0.591571,frame_00000.png,frame_00118.png,r180_e125_f0.mp4,180 Hz,1/125,蛍光灯なし,59.606 fps,180,125,0,27,nagaoka_fireworks,B,B,4,,,frame_00000.png,frame_00118.png,,119,1.996437
nagaoka_fireworks_B_4,lockin,0,0,QR未検出,,lockin,binary,,,14.606183,8,8,1,0.568703,,0.568703,frame_00000.png,frame_00118.png,r180_e125_f0.mp4,180 Hz,1/125,蛍光灯なし,59.606 fps,180,125,0,27,nagaoka_fireworks,B,B,4,,,frame_00000.png,frame_00118.png,,119,1.996437
nagaoka_fireworks_B_4,lockin,0,0,QR未検出,,lockin,binary,,,9.606183,8,8,1,0.543794,,0.543794,frame_00000.png,frame_00118.png,r180_e125_f0.mp4,180 Hz,1/125,蛍光灯なし,59.606 fps,180,125,0,27,nagaoka_fireworks,B,B,4,,,frame_00000.png,frame_00118.png,,119,1.996437
nagaoka_fireworks_B_4,lockin,0,0,QR未検出,,lockin,binary,,,15.787634,8,8,1,0.539210,,0.539210,frame_00000.png,frame_00118.png,r180_e125_f0.mp4,180 Hz,1/125,蛍光灯なし,59.606 fps,180,125,0,27,nagaoka_fireworks,B,B,4,,,frame_00000.png,frame_00118.png,,119,1.996437
nagaoka_fireworks_B_4,lockin,0,0,QR未検出,,lockin,binary,,,15.787634,4,8,1,0.536839,,0.536839,frame_00000.png,frame_00118.png,r180_e125_f0.mp4,180 Hz,1/125,蛍光灯なし,59.606 fps,180,125,0,27,nagaoka_fireworks,B,B,4,,,frame_00000.png,frame_00118.png,,119,1.996437
nagaoka_fireworks_B_4,lockin,0,0,QR未検出,,lockin,binary,,,9.606183,4,8,1,0.535130,,0.535130,frame_00000.png,frame_00118.png,r180_e125_f0.mp4,180 Hz,1/125,蛍光灯なし,59.606 fps,180,125,0,27,nagaoka_fireworks,B,B,4,,,frame_00000.png,frame_00118.png,,119,1.996437
nagaoka_fireworks_B_4,lockin,0,0,QR未検出,,lockin,binary,,,14.606183,4,8,1,0.522310,,0.522310,frame_00000.png,frame_00118.png,r180_e125_f0.mp4,180 Hz,1/125,蛍光灯なし,59.606 fps,180,125,0,27,nagaoka_fireworks,B,B,4,,,frame_00000.png,frame_00118.png,,119,1.996437
nagaoka_fireworks_B_4,lockin,0,0,QR未検出,,lockin,binary,,,29.212366,4,8,1,0.520597,,0.520597,frame_00000.png,frame_00118.png,r180_e125_f0.mp4,180 Hz,1/125,蛍光灯なし,59.606 fps,180,125,0,27,nagaoka_fireworks,B,B,4,,,frame_00000.png,frame_00118.png,,119,1.996437
nagaoka_fireworks_B_8,lockin,0,0,QR未検出,,lockin,binary,,,29.212366,12,8,1,0.674332,,0.674332,frame_00000.png,frame_00118.png,r180_e125_f0.mp4,180 Hz,1/125,蛍光灯なし,59.606 fps,180,125,0,28,nagaoka_fireworks,B,B,8,,,frame_00000.png,frame_00118.png,,119,1.996437
nagaoka_fireworks_B_8,lockin,0,0,QR未検出,,lockin,binary,,,15.787634,12,8,1,0.630253,,0.630253,frame_00000.png,frame_00118.png,r180_e125_f0.mp4,180 Hz,1/125,蛍光灯なし,59.606 fps,180,125,0,28,nagaoka_fireworks,B,B,8,,,frame_00000.png,frame_00118.png,,119,1.996437
nagaoka_fireworks_B_8,lockin,0,0,QR未検出,,lockin,binary,,,14.606183,12,8,1,0.611311,,0.611311,frame_00000.png,frame_00118.png,r180_e125_f0.mp4,180 Hz,1/125,蛍光灯なし,59.606 fps,180,125,0,28,nagaoka_fireworks,B,B,8,,,frame_00000.png,frame_00118.png,,119,1.996437
nagaoka_fireworks_B_8,lockin,0,0,QR未検出,,lockin,binary,,,9.606183,12,8,1,0.593725,,0.593725,frame_00000.png,frame_00118.png,r180_e125_f0.mp4,180 Hz,1/125,蛍光灯なし,59.606 fps,180,125,0,28,nagaoka_fireworks,B,B,8,,,frame_00000.png,frame_00118.png,,119,1.996437
nagaoka_fireworks_B_8,lockin,0,0,QR未検出,,lockin,binary,,,29.212366,8,8,1,0.582679,,0.582679,frame_00000.png,frame_00118.png,r180_e125_f0.mp4,180 Hz,1/125,蛍光灯なし,59.606 fps,180,125,0,28,nagaoka_fireworks,B,B,8,,,frame_00000.png,frame_00118.png,,119,1.996437
nagaoka_fireworks_B_8,lockin,0,0,QR未検出,,lockin,binary,,,15.787634,8,8,1,0.561141,,0.561141,frame_00000.png,frame_00118.png,r180_e125_f0.mp4,180 Hz,1/125,蛍光灯なし,59.606 fps,180,125,0,28,nagaoka_fireworks,B,B,8,,,frame_00000.png,frame_00118.png,,119,1.996437
nagaoka_fireworks_B_8,lockin,0,0,QR未検出,,lockin,binary,,,9.606183,4,8,1,0.548427,,0.548427,frame_00000.png,frame_00118.png,r180_e125_f0.mp4,180 Hz,1/125,蛍光灯なし,59.606 fps,180,125,0,28,nagaoka_fireworks,B,B,8,,,frame_00000.png,frame_00118.png,,119,1.996437
nagaoka_fireworks_B_8,lockin,0,0,QR未検出,,lockin,binary,,,14.606183,4,8,1,0.543542,,0.543542,frame_00000.png,frame_00118.png,r180_e125_f0.mp4,180 Hz,1/125,蛍光灯なし,59.606 fps,180,125,0,28,nagaoka_fireworks,B,B,8,,,frame_00000.png,frame_00118.png,,119,1.996437
nagaoka_fireworks_B_8,lockin,0,0,QR未検出,,lockin,binary,,,14.606183,8,8,1,0.537452,,0.537452,frame_00000.png,frame_00118.png,r180_e125_f0.mp4,180 Hz,1/125,蛍光灯なし,59.606 fps,180,125,0,28,nagaoka_fireworks,B,B,8,,,frame_00000.png,frame_00118.png,,119,1.996437
nagaoka_fireworks_B_8,lockin,0,0,QR未検出,,lockin,binary,,,15.787634,4,8,1,0.532287,,0.532287,frame_00000.png,frame_00118.png,r180_e125_f0.mp4,180 Hz,1/125,蛍光灯なし,59.606 fps,180,125,0,28,nagaoka_fireworks,B,B,8,,,frame_00000.png,frame_00118.png,,119,1.996437
nagaoka_fireworks_B_8,lockin,0,0,QR未検出,,lockin,binary,,,29.212366,4,8,1,0.524847,,0.524847,frame_00000.png,frame_00118.png,r180_e125_f0.mp4,180 Hz,1/125,蛍光灯なし,59.606 fps,180,125,0,28,nagaoka_fireworks,B,B,8,,,frame_00000.png,frame_00118.png,,119,1.996437
nagaoka_fireworks_B_8,lockin,0,0,QR未検出,,lockin,binary,,,9.606183,8,8,1,0.514423,,0.514423,frame_00000.png,frame_00118.png,r180_e125_f0.mp4,180 Hz,1/125,蛍光灯なし,59.606 fps,180,125,0,28,nagaoka_fireworks,B,B,8,,,frame_00000.png,frame_00118.png,,119,1.996437
nagaoka_fireworks_B_12,lockin,1,0,QR未検出,,lockin,binary,,,29.212366,12,8,1,0.825567,,0.825567,frame_00000.png,frame_00118.png,r180_e125_f0.mp4,180 Hz,1/125,蛍光灯なし,59.606 fps,180,125,0,29,nagaoka_fireworks,B,B,12,,,frame_00000.png,frame_00118.png,,119,1.996437
nagaoka_fireworks_B_12,lockin,0,0,QR未検出,,lockin,binary,,,29.212366,8,8,1,0.741882,,0.741882,frame_00000.png,frame_00118.png,r180_e125_f0.mp4,180 Hz,1/125,蛍光灯なし,59.606 fps,180,125,0,29,nagaoka_fireworks,B,B,12,,,frame_00000.png,frame_00118.png,,119,1.996437
nagaoka_fireworks_B_12,lockin,0,0,QR未検出,,lockin,binary,,,15.787634,12,8,1,0.697335,,0.697335,frame_00000.png,frame_00118.png,r180_e125_f0.mp4,180 Hz,1/125,蛍光灯なし,59.606 fps,180,125,0,29,nagaoka_fireworks,B,B,12,,,frame_00000.png,frame_00118.png,,119,1.996437
nagaoka_fireworks_B_12,lockin,0,0,QR未検出,,lockin,binary,,,14.606183,12,8,1,0.666873,,0.666873,frame_00000.png,frame_00118.png,r180_e125_f0.mp4,180 Hz,1/125,蛍光灯なし,59.606 fps,180,125,0,29,nagaoka_fireworks,B,B,12,,,frame_00000.png,frame_00118.png,,119,1.996437
nagaoka_fireworks_B_12,lockin,0,0,QR未検出,,lockin,binary,,,9.606183,12,8,1,0.641618,,0.641618,frame_00000.png,frame_00118.png,r180_e125_f0.mp4,180 Hz,1/125,蛍光灯なし,59.606 fps,180,125,0,29,nagaoka_fireworks,B,B,12,,,frame_00000.png,frame_00118.png,,119,1.996437
nagaoka_fireworks_B_12,lockin,0,0,QR未検出,,lockin,binary,,,15.787634,8,8,1,0.639891,,0.639891,frame_00000.png,frame_00118.png,r180_e125_f0.mp4,180 Hz,1/125,蛍光灯なし,59.606 fps,180,125,0,29,nagaoka_fireworks,B,B,12,,,frame_00000.png,frame_00118.png,,119,1.996437
nagaoka_fireworks_B_12,lockin,0,0,QR未検出,,lockin,binary,,,14.606183,8,8,1,0.591100,,0.591100,frame_00000.png,frame_00118.png,r180_e125_f0.mp4,180 Hz,1/125,蛍光灯なし,59.606 fps,180,125,0,29,nagaoka_fireworks,B,B,12,,,frame_00000.png,frame_00118.png,,119,1.996437
nagaoka_fireworks_B_12,lockin,0,0,QR未検出,,lockin,binary,,,29.212366,4,8,1,0.562892,,0.562892,frame_00000.png,frame_00118.png,r180_e125_f0.mp4,180 Hz,1/125,蛍光灯なし,59.606 fps,180,125,0,29,nagaoka_fireworks,B,B,12,,,frame_00000.png,frame_00118.png,,119,1.996437
nagaoka_fireworks_B_12,lockin,0,0,QR未検出,,lockin,binary,,,9.606183,8,8,1,0.560495,,0.560495,frame_00000.png,frame_00118.png,r180_e125_f0.mp4,180 Hz,1/125,蛍光灯なし,59.606 fps,180,125,0,29,nagaoka_fireworks,B,B,12,,,frame_00000.png,frame_00118.png,,119,1.996437
nagaoka_fireworks_B_12,lockin,0,0,QR未検出,,lockin,binary,,,9.606183,4,8,1,0.527274,,0.527274,frame_00000.png,frame_00118.png,r180_e125_f0.mp4,180 Hz,1/125,蛍光灯なし,59.606 fps,180,125,0,29,nagaoka_fireworks,B,B,12,,,frame_00000.png,frame_00118.png,,119,1.996437
nagaoka_fireworks_B_12,lockin,0,0,QR未検出,,lockin,binary,,,14.606183,4,8,1,0.516622,,0.516622,frame_00000.png,frame_00118.png,r180_e125_f0.mp4,180 Hz,1/125,蛍光灯なし,59.606 fps,180,125,0,29,nagaoka_fireworks,B,B,12,,,frame_00000.png,frame_00118.png,,119,1.996437
nagaoka_fireworks_B_12,lockin,0,0,QR未検出,,lockin,binary,,,15.787634,4,8,1,0.505707,,0.505707,frame_00000.png,frame_00118.png,r180_e125_f0.mp4,180 Hz,1/125,蛍光灯なし,59.606 fps,180,125,0,29,nagaoka_fireworks,B,B,12,,,frame_00000.png,frame_00118.png,,119,1.996437
hocho_B_4,lockin,0,0,QR未検出,,lockin,binary,,,29.212366,12,8,1,0.629379,,0.629379,frame_00000.png,frame_00118.png,r180_e125_f0.mp4,180 Hz,1/125,蛍光灯なし,59.606 fps,180,125,0,30,hocho,B,B,4,,,frame_00000.png,frame_00118.png,,119,1.996437
hocho_B_4,lockin,0,0,QR未検出,,lockin,binary,,,15.787634,12,8,1,0.621228,,0.621228,frame_00000.png,frame_00118.png,r180_e125_f0.mp4,180 Hz,1/125,蛍光灯なし,59.606 fps,180,125,0,30,hocho,B,B,4,,,frame_00000.png,frame_00118.png,,119,1.996437
hocho_B_4,lockin,0,0,QR未検出,,lockin,binary,,,9.606183,4,8,1,0.616028,,0.616028,frame_00000.png,frame_00118.png,r180_e125_f0.mp4,180 Hz,1/125,蛍光灯なし,59.606 fps,180,125,0,30,hocho,B,B,4,,,frame_00000.png,frame_00118.png,,119,1.996437
hocho_B_4,lockin,0,0,QR未検出,,lockin,binary,,,14.606183,4,8,1,0.610955,,0.610955,frame_00000.png,frame_00118.png,r180_e125_f0.mp4,180 Hz,1/125,蛍光灯なし,59.606 fps,180,125,0,30,hocho,B,B,4,,,frame_00000.png,frame_00118.png,,119,1.996437
hocho_B_4,lockin,0,0,QR未検出,,lockin,binary,,,14.606183,12,8,1,0.607507,,0.607507,frame_00000.png,frame_00118.png,r180_e125_f0.mp4,180 Hz,1/125,蛍光灯なし,59.606 fps,180,125,0,30,hocho,B,B,4,,,frame_00000.png,frame_00118.png,,119,1.996437
hocho_B_4,lockin,0,0,QR未検出,,lockin,binary,,,9.606183,12,8,1,0.605787,,0.605787,frame_00000.png,frame_00118.png,r180_e125_f0.mp4,180 Hz,1/125,蛍光灯なし,59.606 fps,180,125,0,30,hocho,B,B,4,,,frame_00000.png,frame_00118.png,,119,1.996437
hocho_B_4,lockin,0,0,QR未検出,,lockin,binary,,,29.212366,8,8,1,0.597383,,0.597383,frame_00000.png,frame_00118.png,r180_e125_f0.mp4,180 Hz,1/125,蛍光灯なし,59.606 fps,180,125,0,30,hocho,B,B,4,,,frame_00000.png,frame_00118.png,,119,1.996437
hocho_B_4,lockin,0,0,QR未検出,,lockin,binary,,,15.787634,8,8,1,0.579726,,0.579726,frame_00000.png,frame_00118.png,r180_e125_f0.mp4,180 Hz,1/125,蛍光灯なし,59.606 fps,180,125,0,30,hocho,B,B,4,,,frame_00000.png,frame_00118.png,,119,1.996437
hocho_B_4,lockin,0,0,QR未検出,,lockin,binary,,,15.787634,4,8,1,0.575393,,0.575393,frame_00000.png,frame_00118.png,r180_e125_f0.mp4,180 Hz,1/125,蛍光灯なし,59.606 fps,180,125,0,30,hocho,B,B,4,,,frame_00000.png,frame_00118.png,,119,1.996437
hocho_B_4,lockin,0,0,QR未検出,,lockin,binary,,,29.212366,4,8,1,0.543943,,0.543943,frame_00000.png,frame_00118.png,r180_e125_f0.mp4,180 Hz,1/125,蛍光灯なし,59.606 fps,180,125,0,30,hocho,B,B,4,,,frame_00000.png,frame_00118.png,,119,1.996437
hocho_B_4,lockin,0,0,QR未検出,,lockin,binary,,,14.606183,8,8,1,0.534225,,0.534225,frame_00000.png,frame_00118.png,r180_e125_f0.mp4,180 Hz,1/125,蛍光灯なし,59.606 fps,180,125,0,30,hocho,B,B,4,,,frame_00000.png,frame_00118.png,,119,1.996437
hocho_B_4,lockin,0,0,QR未検出,,lockin,binary,,,9.606183,8,8,1,0.526173,,0.526173,frame_00000.png,frame_00118.png,r180_e125_f0.mp4,180 Hz,1/125,蛍光灯なし,59.606 fps,180,125,0,30,hocho,B,B,4,,,frame_00000.png,frame_00118.png,,119,1.996437
hocho_B_8,lockin,0,0,QR未検出,,lockin,binary,,,29.212366,12,8,1,0.636166,,0.636166,frame_00000.png,frame_00118.png,r180_e125_f0.mp4,180 Hz,1/125,蛍光灯なし,59.606 fps,180,125,0,31,hocho,B,B,8,,,frame_00000.png,frame_00118.png,,119,1.996437
hocho_B_8,lockin,0,0,QR未検出,,lockin,binary,,,29.212366,8,8,1,0.620216,,0.620216,frame_00000.png,frame_00118.png,r180_e125_f0.mp4,180 Hz,1/125,蛍光灯なし,59.606 fps,180,125,0,31,hocho,B,B,8,,,frame_00000.png,frame_00118.png,,119,1.996437
hocho_B_8,lockin,0,0,QR未検出,,lockin,binary,,,14.606183,12,8,1,0.620083,,0.620083,frame_00000.png,frame_00118.png,r180_e125_f0.mp4,180 Hz,1/125,蛍光灯なし,59.606 fps,180,125,0,31,hocho,B,B,8,,,frame_00000.png,frame_00118.png,,119,1.996437
hocho_B_8,lockin,0,0,QR未検出,,lockin,binary,,,9.606183,4,8,1,0.614953,,0.614953,frame_00000.png,frame_00118.png,r180_e125_f0.mp4,180 Hz,1/125,蛍光灯なし,59.606 fps,180,125,0,31,hocho,B,B,8,,,frame_00000.png,frame_00118.png,,119,1.996437
hocho_B_8,lockin,0,0,QR未検出,,lockin,binary,,,15.787634,12,8,1,0.611563,,0.611563,frame_00000.png,frame_00118.png,r180_e125_f0.mp4,180 Hz,1/125,蛍光灯なし,59.606 fps,180,125,0,31,hocho,B,B,8,,,frame_00000.png,frame_00118.png,,119,1.996437
hocho_B_8,lockin,0,0,QR未検出,,lockin,binary,,,9.606183,12,8,1,0.605988,,0.605988,frame_00000.png,frame_00118.png,r180_e125_f0.mp4,180 Hz,1/125,蛍光灯なし,59.606 fps,180,125,0,31,hocho,B,B,8,,,frame_00000.png,frame_00118.png,,119,1.996437
hocho_B_8,lockin,0,0,QR未検出,,lockin,binary,,,15.787634,4,8,1,0.605654,,0.605654,frame_00000.png,frame_00118.png,r180_e125_f0.mp4,180 Hz,1/125,蛍光灯なし,59.606 fps,180,125,0,31,hocho,B,B,8,,,frame_00000.png,frame_00118.png,,119,1.996437
hocho_B_8,lockin,0,0,QR未検出,,lockin,binary,,,14.606183,4,8,1,0.585480,,0.585480,frame_00000.png,frame_00118.png,r180_e125_f0.mp4,180 Hz,1/125,蛍光灯なし,59.606 fps,180,125,0,31,hocho,B,B,8,,,frame_00000.png,frame_00118.png,,119,1.996437
hocho_B_8,lockin,0,0,QR未検出,,lockin,binary,,,14.606183,8,8,1,0.572400,,0.572400,frame_00000.png,frame_00118.png,r180_e125_f0.mp4,180 Hz,1/125,蛍光灯なし,59.606 fps,180,125,0,31,hocho,B,B,8,,,frame_00000.png,frame_00118.png,,119,1.996437
hocho_B_8,lockin,0,0,QR未検出,,lockin,binary,,,15.787634,8,8,1,0.539941,,0.539941,frame_00000.png,frame_00118.png,r180_e125_f0.mp4,180 Hz,1/125,蛍光灯なし,59.606 fps,180,125,0,31,hocho,B,B,8,,,frame_00000.png,frame_00118.png,,119,1.996437
hocho_B_8,lockin,0,0,QR未検出,,lockin,binary,,,9.606183,8,8,1,0.526198,,0.526198,frame_00000.png,frame_00118.png,r180_e125_f0.mp4,180 Hz,1/125,蛍光灯なし,59.606 fps,180,125,0,31,hocho,B,B,8,,,frame_00000.png,frame_00118.png,,119,1.996437
hocho_B_8,lockin,0,0,QR未検出,,lockin,binary,,,29.212366,4,8,1,0.518067,,0.518067,frame_00000.png,frame_00118.png,r180_e125_f0.mp4,180 Hz,1/125,蛍光灯なし,59.606 fps,180,125,0,31,hocho,B,B,8,,,frame_00000.png,frame_00118.png,,119,1.996437
hocho_B_12,lockin,1,0,QR未検出,,lockin,binary,,,29.212366,12,8,1,0.812080,,0.812080,frame_00000.png,frame_00118.png,r180_e125_f0.mp4,180 Hz,1/125,蛍光灯なし,59.606 fps,180,125,0,32,hocho,B,B,12,,,frame_00000.png,frame_00118.png,,119,1.996437
hocho_B_12,lockin,0,0,QR未検出,,lockin,binary,,,29.212366,8,8,1,0.746233,,0.746233,frame_00000.png,frame_00118.png,r180_e125_f0.mp4,180 Hz,1/125,蛍光灯なし,59.606 fps,180,125,0,32,hocho,B,B,12,,,frame_00000.png,frame_00118.png,,119,1.996437
hocho_B_12,lockin,0,0,QR未検出,,lockin,binary,,,15.787634,12,8,1,0.698351,,0.698351,frame_00000.png,frame_00118.png,r180_e125_f0.mp4,180 Hz,1/125,蛍光灯なし,59.606 fps,180,125,0,32,hocho,B,B,12,,,frame_00000.png,frame_00118.png,,119,1.996437
hocho_B_12,lockin,0,0,QR未検出,,lockin,binary,,,14.606183,12,8,1,0.697804,,0.697804,frame_00000.png,frame_00118.png,r180_e125_f0.mp4,180 Hz,1/125,蛍光灯なし,59.606 fps,180,125,0,32,hocho,B,B,12,,,frame_00000.png,frame_00118.png,,119,1.996437
hocho_B_12,lockin,0,0,QR未検出,,lockin,binary,,,15.787634,8,8,1,0.673235,,0.673235,frame_00000.png,frame_00118.png,r180_e125_f0.mp4,180 Hz,1/125,蛍光灯なし,59.606 fps,180,125,0,32,hocho,B,B,12,,,frame_00000.png,frame_00118.png,,119,1.996437
hocho_B_12,lockin,0,0,QR未検出,,lockin,binary,,,9.606183,12,8,1,0.670735,,0.670735,frame_00000.png,frame_00118.png,r180_e125_f0.mp4,180 Hz,1/125,蛍光灯なし,59.606 fps,180,125,0,32,hocho,B,B,12,,,frame_00000.png,frame_00118.png,,119,1.996437
hocho_B_12,lockin,0,0,QR未検出,,lockin,binary,,,14.606183,8,8,1,0.633409,,0.633409,frame_00000.png,frame_00118.png,r180_e125_f0.mp4,180 Hz,1/125,蛍光灯なし,59.606 fps,180,125,0,32,hocho,B,B,12,,,frame_00000.png,frame_00118.png,,119,1.996437
hocho_B_12,lockin,0,0,QR未検出,,lockin,binary,,,9.606183,4,8,1,0.620743,,0.620743,frame_00000.png,frame_00118.png,r180_e125_f0.mp4,180 Hz,1/125,蛍光灯なし,59.606 fps,180,125,0,32,hocho,B,B,12,,,frame_00000.png,frame_00118.png,,119,1.996437
hocho_B_12,lockin,0,0,QR未検出,,lockin,binary,,,14.606183,4,8,1,0.603150,,0.603150,frame_00000.png,frame_00118.png,r180_e125_f0.mp4,180 Hz,1/125,蛍光灯なし,59.606 fps,180,125,0,32,hocho,B,B,12,,,frame_00000.png,frame_00118.png,,119,1.996437
hocho_B_12,lockin,0,0,QR未検出,,lockin,binary,,,9.606183,8,8,1,0.576224,,0.576224,frame_00000.png,frame_00118.png,r180_e125_f0.mp4,180 Hz,1/125,蛍光灯なし,59.606 fps,180,125,0,32,hocho,B,B,12,,,frame_00000.png,frame_00118.png,,119,1.996437
hocho_B_12,lockin,0,0,QR未検出,,lockin,binary,,,15.787634,4,8,1,0.561501,,0.561501,frame_00000.png,frame_00118.png,r180_e125_f0.mp4,180 Hz,1/125,蛍光灯なし,59.606 fps,180,125,0,32,hocho,B,B,12,,,frame_00000.png,frame_00118.png,,119,1.996437
hocho_B_12,lockin,0,0,QR未検出,,lockin,binary,,,29.212366,4,8,1,0.524618,,0.524618,frame_00000.png,frame_00118.png,r180_e125_f0.mp4,180 Hz,1/125,蛍光灯なし,59.606 fps,180,125,0,32,hocho,B,B,12,,,frame_00000.png,frame_00118.png,,119,1.996437
ex_B_4,lockin,0,0,QR未検出,,lockin,binary,,,29.212366,12,8,1,0.651835,,0.651835,frame_00000.png,frame_00118.png,r180_e125_f0.mp4,180 Hz,1/125,蛍光灯なし,59.606 fps,180,125,0,33,ex,B,B,4,,,frame_00000.png,frame_00118.png,,119,1.996437
ex_B_4,lockin,0,0,QR未検出,,lockin,binary,,,15.787634,12,8,1,0.637673,,0.637673,frame_00000.png,frame_00118.png,r180_e125_f0.mp4,180 Hz,1/125,蛍光灯なし,59.606 fps,180,125,0,33,ex,B,B,4,,,frame_00000.png,frame_00118.png,,119,1.996437
ex_B_4,lockin,0,0,QR未検出,,lockin,binary,,,9.606183,4,8,1,0.630378,,0.630378,frame_00000.png,frame_00118.png,r180_e125_f0.mp4,180 Hz,1/125,蛍光灯なし,59.606 fps,180,125,0,33,ex,B,B,4,,,frame_00000.png,frame_00118.png,,119,1.996437
ex_B_4,lockin,0,0,QR未検出,,lockin,binary,,,14.606183,12,8,1,0.624738,,0.624738,frame_00000.png,frame_00118.png,r180_e125_f0.mp4,180 Hz,1/125,蛍光灯なし,59.606 fps,180,125,0,33,ex,B,B,4,,,frame_00000.png,frame_00118.png,,119,1.996437
ex_B_4,lockin,0,0,QR未検出,,lockin,binary,,,14.606183,4,8,1,0.613919,,0.613919,frame_00000.png,frame_00118.png,r180_e125_f0.mp4,180 Hz,1/125,蛍光灯なし,59.606 fps,180,125,0,33,ex,B,B,4,,,frame_00000.png,frame_00118.png,,119,1.996437
ex_B_4,lockin,0,0,QR未検出,,lockin,binary,,,29.212366,4,8,1,0.612168,,0.612168,frame_00000.png,frame_00118.png,r180_e125_f0.mp4,180 Hz,1/125,蛍光灯なし,59.606 fps,180,125,0,33,ex,B,B,4,,,frame_00000.png,frame_00118.png,,119,1.996437
ex_B_4,lockin,0,0,QR未検出,,lockin,binary,,,9.606183,12,8,1,0.601092,,0.601092,frame_00000.png,frame_00118.png,r180_e125_f0.mp4,180 Hz,1/125,蛍光灯なし,59.606 fps,180,125,0,33,ex,B,B,4,,,frame_00000.png,frame_00118.png,,119,1.996437
ex_B_4,lockin,0,0,QR未検出,,lockin,binary,,,15.787634,4,8,1,0.600608,,0.600608,frame_00000.png,frame_00118.png,r180_e125_f0.mp4,180 Hz,1/125,蛍光灯なし,59.606 fps,180,125,0,33,ex,B,B,4,,,frame_00000.png,frame_00118.png,,119,1.996437
ex_B_4,lockin,0,0,QR未検出,,lockin,binary,,,15.787634,8,8,1,0.567656,,0.567656,frame_00000.png,frame_00118.png,r180_e125_f0.mp4,180 Hz,1/125,蛍光灯なし,59.606 fps,180,125,0,33,ex,B,B,4,,,frame_00000.png,frame_00118.png,,119,1.996437
ex_B_4,lockin,0,0,QR未検出,,lockin,binary,,,29.212366,8,8,1,0.554889,,0.554889,frame_00000.png,frame_00118.png,r180_e125_f0.mp4,180 Hz,1/125,蛍光灯なし,59.606 fps,180,125,0,33,ex,B,B,4,,,frame_00000.png,frame_00118.png,,119,1.996437
ex_B_4,lockin,0,0,QR未検出,,lockin,binary,,,14.606183,8,8,1,0.529715,,0.529715,frame_00000.png,frame_00118.png,r180_e125_f0.mp4,180 Hz,1/125,蛍光灯なし,59.606 fps,180,125,0,33,ex,B,B,4,,,frame_00000.png,frame_00118.png,,119,1.996437
ex_B_4,lockin,0,0,QR未検出,,lockin,binary,,,9.606183,8,8,1,0.514153,,0.514153,frame_00000.png,frame_00118.png,r180_e125_f0.mp4,180 Hz,1/125,蛍光灯なし,59.606 fps,180,125,0,33,ex,B,B,4,,,frame_00000.png,frame_00118.png,,119,1.996437
ex_B_8,lockin,0,0,QR未検出,,lockin,binary,,,29.212366,12,8,1,0.742364,,0.742364,frame_00000.png,frame_00118.png,r180_e125_f0.mp4,180 Hz,1/125,蛍光灯なし,59.606 fps,180,125,0,34,ex,B,B,8,,,frame_00000.png,frame_00118.png,,119,1.996437
ex_B_8,lockin,0,0,QR未検出,,lockin,binary,,,9.606183,12,8,1,0.670824,,0.670824,frame_00000.png,frame_00118.png,r180_e125_f0.mp4,180 Hz,1/125,蛍光灯なし,59.606 fps,180,125,0,34,ex,B,B,8,,,frame_00000.png,frame_00118.png,,119,1.996437
ex_B_8,lockin,0,0,QR未検出,,lockin,binary,,,15.787634,12,8,1,0.670246,,0.670246,frame_00000.png,frame_00118.png,r180_e125_f0.mp4,180 Hz,1/125,蛍光灯なし,59.606 fps,180,125,0,34,ex,B,B,8,,,frame_00000.png,frame_00118.png,,119,1.996437
ex_B_8,lockin,0,0,QR未検出,,lockin,binary,,,14.606183,12,8,1,0.630830,,0.630830,frame_00000.png,frame_00118.png,r180_e125_f0.mp4,180 Hz,1/125,蛍光灯なし,59.606 fps,180,125,0,34,ex,B,B,8,,,frame_00000.png,frame_00118.png,,119,1.996437
ex_B_8,lockin,0,0,QR未検出,,lockin,binary,,,29.212366,8,8,1,0.620528,,0.620528,frame_00000.png,frame_00118.png,r180_e125_f0.mp4,180 Hz,1/125,蛍光灯なし,59.606 fps,180,125,0,34,ex,B,B,8,,,frame_00000.png,frame_00118.png,,119,1.996437
ex_B_8,lockin,0,0,QR未検出,,lockin,binary,,,14.606183,4,8,1,0.620327,,0.620327,frame_00000.png,frame_00118.png,r180_e125_f0.mp4,180 Hz,1/125,蛍光灯なし,59.606 fps,180,125,0,34,ex,B,B,8,,,frame_00000.png,frame_00118.png,,119,1.996437
ex_B_8,lockin,0,0,QR未検出,,lockin,binary,,,9.606183,4,8,1,0.613200,,0.613200,frame_00000.png,frame_00118.png,r180_e125_f0.mp4,180 Hz,1/125,蛍光灯なし,59.606 fps,180,125,0,34,ex,B,B,8,,,frame_00000.png,frame_00118.png,,119,1.996437
ex_B_8,lockin,0,0,QR未検出,,lockin,binary,,,15.787634,4,8,1,0.606191,,0.606191,frame_00000.png,frame_00118.png,r180_e125_f0.mp4,180 Hz,1/125,蛍光灯なし,59.606 fps,180,125,0,34,ex,B,B,8,,,frame_00000.png,frame_00118.png,,119,1.996437
ex_B_8,lockin,0,0,QR未検出,,lockin,binary,,,29.212366,4,8,1,0.586290,,0.586290,frame_00000.png,frame_00118.png,r180_e125_f0.mp4,180 Hz,1/125,蛍光灯なし,59.606 fps,180,125,0,34,ex,B,B,8,,,frame_00000.png,frame_00118.png,,119,1.996437
ex_B_8,lockin,0,0,QR未検出,,lockin,binary,,,15.787634,8,8,1,0.551619,,0.551619,frame_00000.png,frame_00118.png,r180_e125_f0.mp4,180 Hz,1/125,蛍光灯なし,59.606 fps,180,125,0,34,ex,B,B,8,,,frame_00000.png,frame_00118.png,,119,1.996437
ex_B_8,lockin,0,0,QR未検出,,lockin,binary,,,9.606183,8,8,1,0.541443,,0.541443,frame_00000.png,frame_00118.png,r180_e125_f0.mp4,180 Hz,1/125,蛍光灯なし,59.606 fps,180,125,0,34,ex,B,B,8,,,frame_00000.png,frame_00118.png,,119,1.996437
ex_B_8,lockin,0,0,QR未検出,,lockin,binary,,,14.606183,8,8,1,0.509933,,0.509933,frame_00000.png,frame_00118.png,r180_e125_f0.mp4,180 Hz,1/125,蛍光灯なし,59.606 fps,180,125,0,34,ex,B,B,8,,,frame_00000.png,frame_00118.png,,119,1.996437
ex_B_12,lockin,0,0,QR未検出,,lockin,binary,,,29.212366,12,8,1,0.822503,,0.822503,frame_00000.png,frame_00118.png,r180_e125_f0.mp4,180 Hz,1/125,蛍光灯なし,59.606 fps,180,125,0,35,ex,B,B,12,,,frame_00000.png,frame_00118.png,,119,1.996437
ex_B_12,lockin,0,0,QR未検出,,lockin,binary,,,29.212366,8,8,1,0.681822,,0.681822,frame_00000.png,frame_00118.png,r180_e125_f0.mp4,180 Hz,1/125,蛍光灯なし,59.606 fps,180,125,0,35,ex,B,B,12,,,frame_00000.png,frame_00118.png,,119,1.996437
ex_B_12,lockin,0,0,QR未検出,,lockin,binary,,,9.606183,12,8,1,0.667074,,0.667074,frame_00000.png,frame_00118.png,r180_e125_f0.mp4,180 Hz,1/125,蛍光灯なし,59.606 fps,180,125,0,35,ex,B,B,12,,,frame_00000.png,frame_00118.png,,119,1.996437
ex_B_12,lockin,0,0,QR未検出,,lockin,binary,,,15.787634,12,8,1,0.657120,,0.657120,frame_00000.png,frame_00118.png,r180_e125_f0.mp4,180 Hz,1/125,蛍光灯なし,59.606 fps,180,125,0,35,ex,B,B,12,,,frame_00000.png,frame_00118.png,,119,1.996437
ex_B_12,lockin,0,0,QR未検出,,lockin,binary,,,14.606183,4,8,1,0.632167,,0.632167,frame_00000.png,frame_00118.png,r180_e125_f0.mp4,180 Hz,1/125,蛍光灯なし,59.606 fps,180,125,0,35,ex,B,B,12,,,frame_00000.png,frame_00118.png,,119,1.996437
ex_B_12,lockin,0,0,QR未検出,,lockin,binary,,,15.787634,4,8,1,0.626942,,0.626942,frame_00000.png,frame_00118.png,r180_e125_f0.mp4,180 Hz,1/125,蛍光灯なし,59.606 fps,180,125,0,35,ex,B,B,12,,,frame_00000.png,frame_00118.png,,119,1.996437
ex_B_12,lockin,0,0,QR未検出,,lockin,binary,,,14.606183,12,8,1,0.616012,,0.616012,frame_00000.png,frame_00118.png,r180_e125_f0.mp4,180 Hz,1/125,蛍光灯なし,59.606 fps,180,125,0,35,ex,B,B,12,,,frame_00000.png,frame_00118.png,,119,1.996437
ex_B_12,lockin,0,0,QR未検出,,lockin,binary,,,9.606183,4,8,1,0.614184,,0.614184,frame_00000.png,frame_00118.png,r180_e125_f0.mp4,180 Hz,1/125,蛍光灯なし,59.606 fps,180,125,0,35,ex,B,B,12,,,frame_00000.png,frame_00118.png,,119,1.996437
ex_B_12,lockin,0,0,QR未検出,,lockin,binary,,,29.212366,4,8,1,0.576069,,0.576069,frame_00000.png,frame_00118.png,r180_e125_f0.mp4,180 Hz,1/125,蛍光灯なし,59.606 fps,180,125,0,35,ex,B,B,12,,,frame_00000.png,frame_00118.png,,119,1.996437
ex_B_12,lockin,0,0,QR未検出,,lockin,binary,,,9.606183,8,8,1,0.545579,,0.545579,frame_00000.png,frame_00118.png,r180_e125_f0.mp4,180 Hz,1/125,蛍光灯なし,59.606 fps,180,125,0,35,ex,B,B,12,,,frame_00000.png,frame_00118.png,,119,1.996437
ex_B_12,lockin,0,0,QR未検出,,lockin,binary,,,14.606183,8,8,1,0.535375,,0.535375,frame_00000.png,frame_00118.png,r180_e125_f0.mp4,180 Hz,1/125,蛍光灯なし,59.606 fps,180,125,0,35,ex,B,B,12,,,frame_00000.png,frame_00118.png,,119,1.996437
ex_B_12,lockin,0,0,QR未検出,,lockin,binary,,,15.787634,8,8,1,0.506379,,0.506379,frame_00000.png,frame_00118.png,r180_e125_f0.mp4,180 Hz,1/125,蛍光灯なし,59.606 fps,180,125,0,35,ex,B,B,12,,,frame_00000.png,frame_00118.png,,119,1.996437
rice_I_4,lockin,0,0,QR未検出,,lockin,binary,,,9.606183,4,8,1,0.646673,,0.646673,frame_00000.png,frame_00118.png,r180_e125_f0.mp4,180 Hz,1/125,蛍光灯なし,59.606 fps,180,125,0,36,rice,min,I,4,,,frame_00000.png,frame_00118.png,,119,1.996437
rice_I_4,lockin,0,0,QR未検出,,lockin,binary,,,15.787634,12,8,1,0.645931,,0.645931,frame_00000.png,frame_00118.png,r180_e125_f0.mp4,180 Hz,1/125,蛍光灯なし,59.606 fps,180,125,0,36,rice,min,I,4,,,frame_00000.png,frame_00118.png,,119,1.996437
rice_I_4,lockin,0,0,QR未検出,,lockin,binary,,,29.212366,12,8,1,0.640129,,0.640129,frame_00000.png,frame_00118.png,r180_e125_f0.mp4,180 Hz,1/125,蛍光灯なし,59.606 fps,180,125,0,36,rice,min,I,4,,,frame_00000.png,frame_00118.png,,119,1.996437
rice_I_4,lockin,0,0,QR未検出,,lockin,binary,,,15.787634,8,8,1,0.635190,,0.635190,frame_00000.png,frame_00118.png,r180_e125_f0.mp4,180 Hz,1/125,蛍光灯なし,59.606 fps,180,125,0,36,rice,min,I,4,,,frame_00000.png,frame_00118.png,,119,1.996437
rice_I_4,lockin,0,0,QR未検出,,lockin,binary,,,14.606183,4,8,1,0.632427,,0.632427,frame_00000.png,frame_00118.png,r180_e125_f0.mp4,180 Hz,1/125,蛍光灯なし,59.606 fps,180,125,0,36,rice,min,I,4,,,frame_00000.png,frame_00118.png,,119,1.996437
rice_I_4,lockin,0,0,QR未検出,,lockin,binary,,,14.606183,12,8,1,0.630984,,0.630984,frame_00000.png,frame_00118.png,r180_e125_f0.mp4,180 Hz,1/125,蛍光灯なし,59.606 fps,180,125,0,36,rice,min,I,4,,,frame_00000.png,frame_00118.png,,119,1.996437
rice_I_4,lockin,0,0,QR未検出,,lockin,binary,,,29.212366,4,8,1,0.629700,,0.629700,frame_00000.png,frame_00118.png,r180_e125_f0.mp4,180 Hz,1/125,蛍光灯なし,59.606 fps,180,125,0,36,rice,min,I,4,,,frame_00000.png,frame_00118.png,,119,1.996437
rice_I_4,lockin,0,0,QR未検出,,lockin,binary,,,9.606183,12,8,1,0.594965,,0.594965,frame_00000.png,frame_00118.png,r180_e125_f0.mp4,180 Hz,1/125,蛍光灯なし,59.606 fps,180,125,0,36,rice,min,I,4,,,frame_00000.png,frame_00118.png,,119,1.996437
rice_I_4,lockin,0,0,QR未検出,,lockin,binary,,,29.212366,8,8,1,0.590605,,0.590605,frame_00000.png,frame_00118.png,r180_e125_f0.mp4,180 Hz,1/125,蛍光灯なし,59.606 fps,180,125,0,36,rice,min,I,4,,,frame_00000.png,frame_00118.png,,119,1.996437
rice_I_4,lockin,0,0,QR未検出,,lockin,binary,,,14.606183,8,8,1,0.565014,,0.565014,frame_00000.png,frame_00118.png,r180_e125_f0.mp4,180 Hz,1/125,蛍光灯なし,59.606 fps,180,125,0,36,rice,min,I,4,,,frame_00000.png,frame_00118.png,,119,1.996437
rice_I_4,lockin,0,0,QR未検出,,lockin,binary,,,9.606183,8,8,1,0.550053,,0.550053,frame_00000.png,frame_00118.png,r180_e125_f0.mp4,180 Hz,1/125,蛍光灯なし,59.606 fps,180,125,0,36,rice,min,I,4,,,frame_00000.png,frame_00118.png,,119,1.996437
rice_I_4,lockin,0,0,QR未検出,,lockin,binary,,,15.787634,4,8,1,0.530948,,0.530948,frame_00000.png,frame_00118.png,r180_e125_f0.mp4,180 Hz,1/125,蛍光灯なし,59.606 fps,180,125,0,36,rice,min,I,4,,,frame_00000.png,frame_00118.png,,119,1.996437
rice_I_8,lockin,1,0,QR未検出,,lockin,binary,,,29.212366,12,8,1,0.697177,,0.697177,frame_00000.png,frame_00118.png,r180_e125_f0.mp4,180 Hz,1/125,蛍光灯なし,59.606 fps,180,125,0,37,rice,min,I,8,,,frame_00000.png,frame_00118.png,,119,1.996437
rice_I_8,lockin,0,0,QR未検出,,lockin,binary,,,14.606183,12,8,1,0.661668,,0.661668,frame_00000.png,frame_00118.png,r180_e125_f0.mp4,180 Hz,1/125,蛍光灯なし,59.606 fps,180,125,0,37,rice,min,I,8,,,frame_00000.png,frame_00118.png,,119,1.996437
rice_I_8,lockin,0,0,QR未検出,,lockin,binary,,,15.787634,12,8,1,0.657806,,0.657806,frame_00000.png,frame_00118.png,r180_e125_f0.mp4,180 Hz,1/125,蛍光灯なし,59.606 fps,180,125,0,37,rice,min,I,8,,,frame_00000.png,frame_00118.png,,119,1.996437
rice_I_8,lockin,0,0,QR未検出,,lockin,binary,,,9.606183,4,8,1,0.647128,,0.647128,frame_00000.png,frame_00118.png,r180_e125_f0.mp4,180 Hz,1/125,蛍光灯なし,59.606 fps,180,125,0,37,rice,min,I,8,,,frame_00000.png,frame_00118.png,,119,1.996437
rice_I_8,lockin,0,0,QR未検出,,lockin,binary,,,15.787634,4,8,1,0.639230,,0.639230,frame_00000.png,frame_00118.png,r180_e125_f0.mp4,180 Hz,1/125,蛍光灯なし,59.606 fps,180,125,0,37,rice,min,I,8,,,frame_00000.png,frame_00118.png,,119,1.996437
rice_I_8,lockin,0,0,QR未検出,,lockin,binary,,,14.606183,4,8,1,0.636385,,0.636385,frame_00000.png,frame_00118.png,r180_e125_f0.mp4,180 Hz,1/125,蛍光灯なし,59.606 fps,180,125,0,37,rice,min,I,8,,,frame_00000.png,frame_00118.png,,119,1.996437
rice_I_8,lockin,0,0,QR未検出,,lockin,binary,,,29.212366,4,8,1,0.634737,,0.634737,frame_00000.png,frame_00118.png,r180_e125_f0.mp4,180 Hz,1/125,蛍光灯なし,59.606 fps,180,125,0,37,rice,min,I,8,,,frame_00000.png,frame_00118.png,,119,1.996437
rice_I_8,lockin,0,0,QR未検出,,lockin,binary,,,9.606183,12,8,1,0.624785,,0.624785,frame_00000.png,frame_00118.png,r180_e125_f0.mp4,180 Hz,1/125,蛍光灯なし,59.606 fps,180,125,0,37,rice,min,I,8,,,frame_00000.png,frame_00118.png,,119,1.996437
rice_I_8,lockin,0,0,QR未検出,,lockin,binary,,,29.212366,8,8,1,0.566234,,0.566234,frame_00000.png,frame_00118.png,r180_e125_f0.mp4,180 Hz,1/125,蛍光灯なし,59.606 fps,180,125,0,37,rice,min,I,8,,,frame_00000.png,frame_00118.png,,119,1.996437
rice_I_8,lockin,0,0,QR未検出,,lockin,binary,,,14.606183,8,8,1,0.560071,,0.560071,frame_00000.png,frame_00118.png,r180_e125_f0.mp4,180 Hz,1/125,蛍光灯なし,59.606 fps,180,125,0,37,rice,min,I,8,,,frame_00000.png,frame_00118.png,,119,1.996437
rice_I_8,lockin,0,0,QR未検出,,lockin,binary,,,9.606183,8,8,1,0.555662,,0.555662,frame_00000.png,frame_00118.png,r180_e125_f0.mp4,180 Hz,1/125,蛍光灯なし,59.606 fps,180,125,0,37,rice,min,I,8,,,frame_00000.png,frame_00118.png,,119,1.996437
rice_I_8,lockin,0,0,QR未検出,,lockin,binary,,,15.787634,8,8,1,0.528723,,0.528723,frame_00000.png,frame_00118.png,r180_e125_f0.mp4,180 Hz,1/125,蛍光灯なし,59.606 fps,180,125,0,37,rice,min,I,8,,,frame_00000.png,frame_00118.png,,119,1.996437
rice_I_12,lockin,0,0,QR未検出,,lockin,binary,,,29.212366,12,8,1,0.818291,,0.818291,frame_00000.png,frame_00118.png,r180_e125_f0.mp4,180 Hz,1/125,蛍光灯なし,59.606 fps,180,125,0,38,rice,min,I,12,,,frame_00000.png,frame_00118.png,,119,1.996437
rice_I_12,lockin,0,0,QR未検出,,lockin,binary,,,29.212366,8,8,1,0.732717,,0.732717,frame_00000.png,frame_00118.png,r180_e125_f0.mp4,180 Hz,1/125,蛍光灯なし,59.606 fps,180,125,0,38,rice,min,I,12,,,frame_00000.png,frame_00118.png,,119,1.996437
rice_I_12,lockin,0,0,QR未検出,,lockin,binary,,,15.787634,12,8,1,0.690613,,0.690613,frame_00000.png,frame_00118.png,r180_e125_f0.mp4,180 Hz,1/125,蛍光灯なし,59.606 fps,180,125,0,38,rice,min,I,12,,,frame_00000.png,frame_00118.png,,119,1.996437
rice_I_12,lockin,0,0,QR未検出,,lockin,binary,,,15.787634,8,8,1,0.679306,,0.679306,frame_00000.png,frame_00118.png,r180_e125_f0.mp4,180 Hz,1/125,蛍光灯なし,59.606 fps,180,125,0,38,rice,min,I,12,,,frame_00000.png,frame_00118.png,,119,1.996437
rice_I_12,lockin,0,0,QR未検出,,lockin,binary,,,14.606183,4,8,1,0.644442,,0.644442,frame_00000.png,frame_00118.png,r180_e125_f0.mp4,180 Hz,1/125,蛍光灯なし,59.606 fps,180,125,0,38,rice,min,I,12,,,frame_00000.png,frame_00118.png,,119,1.996437
rice_I_12,lockin,0,0,QR未検出,,lockin,binary,,,9.606183,4,8,1,0.642735,,0.642735,frame_00000.png,frame_00118.png,r180_e125_f0.mp4,180 Hz,1/125,蛍光灯なし,59.606 fps,180,125,0,38,rice,min,I,12,,,frame_00000.png,frame_00118.png,,119,1.996437
rice_I_12,lockin,0,0,QR未検出,,lockin,binary,,,9.606183,12,8,1,0.635125,,0.635125,frame_00000.png,frame_00118.png,r180_e125_f0.mp4,180 Hz,1/125,蛍光灯なし,59.606 fps,180,125,0,38,rice,min,I,12,,,frame_00000.png,frame_00118.png,,119,1.996437
rice_I_12,lockin,0,0,QR未検出,,lockin,binary,,,14.606183,12,8,1,0.628554,,0.628554,frame_00000.png,frame_00118.png,r180_e125_f0.mp4,180 Hz,1/125,蛍光灯なし,59.606 fps,180,125,0,38,rice,min,I,12,,,frame_00000.png,frame_00118.png,,119,1.996437
rice_I_12,lockin,0,0,QR未検出,,lockin,binary,,,15.787634,4,8,1,0.579782,,0.579782,frame_00000.png,frame_00118.png,r180_e125_f0.mp4,180 Hz,1/125,蛍光灯なし,59.606 fps,180,125,0,38,rice,min,I,12,,,frame_00000.png,frame_00118.png,,119,1.996437
rice_I_12,lockin,0,0,QR未検出,,lockin,binary,,,29.212366,4,8,1,0.552287,,0.552287,frame_00000.png,frame_00118.png,r180_e125_f0.mp4,180 Hz,1/125,蛍光灯なし,59.606 fps,180,125,0,38,rice,min,I,12,,,frame_00000.png,frame_00118.png,,119,1.996437
rice_I_12,lockin,0,0,QR未検出,,lockin,binary,,,14.606183,8,8,1,0.540958,,0.540958,frame_00000.png,frame_00118.png,r180_e125_f0.mp4,180 Hz,1/125,蛍光灯なし,59.606 fps,180,125,0,38,rice,min,I,12,,,frame_00000.png,frame_00118.png,,119,1.996437
rice_I_12,lockin,0,0,QR未検出,,lockin,binary,,,9.606183,8,8,1,0.505629,,0.505629,frame_00000.png,frame_00118.png,r180_e125_f0.mp4,180 Hz,1/125,蛍光灯なし,59.606 fps,180,125,0,38,rice,min,I,12,,,frame_00000.png,frame_00118.png,,119,1.996437
nagaoka_fireworks_I_4,lockin,0,0,QR未検出,,lockin,binary,,,29.212366,12,8,1,0.627135,,0.627135,frame_00000.png,frame_00118.png,r180_e125_f0.mp4,180 Hz,1/125,蛍光灯なし,59.606 fps,180,125,0,39,nagaoka_fireworks,min,I,4,,,frame_00000.png,frame_00118.png,,119,1.996437
nagaoka_fireworks_I_4,lockin,0,0,QR未検出,,lockin,binary,,,15.787634,12,8,1,0.622995,,0.622995,frame_00000.png,frame_00118.png,r180_e125_f0.mp4,180 Hz,1/125,蛍光灯なし,59.606 fps,180,125,0,39,nagaoka_fireworks,min,I,4,,,frame_00000.png,frame_00118.png,,119,1.996437
nagaoka_fireworks_I_4,lockin,0,0,QR未検出,,lockin,binary,,,14.606183,12,8,1,0.610280,,0.610280,frame_00000.png,frame_00118.png,r180_e125_f0.mp4,180 Hz,1/125,蛍光灯なし,59.606 fps,180,125,0,39,nagaoka_fireworks,min,I,4,,,frame_00000.png,frame_00118.png,,119,1.996437
nagaoka_fireworks_I_4,lockin,0,0,QR未検出,,lockin,binary,,,9.606183,12,8,1,0.592971,,0.592971,frame_00000.png,frame_00118.png,r180_e125_f0.mp4,180 Hz,1/125,蛍光灯なし,59.606 fps,180,125,0,39,nagaoka_fireworks,min,I,4,,,frame_00000.png,frame_00118.png,,119,1.996437
nagaoka_fireworks_I_4,lockin,0,0,QR未検出,,lockin,binary,,,15.787634,8,8,1,0.583682,,0.583682,frame_00000.png,frame_00118.png,r180_e125_f0.mp4,180 Hz,1/125,蛍光灯なし,59.606 fps,180,125,0,39,nagaoka_fireworks,min,I,4,,,frame_00000.png,frame_00118.png,,119,1.996437
nagaoka_fireworks_I_4,lockin,0,0,QR未検出,,lockin,binary,,,29.212366,8,8,1,0.579211,,0.579211,frame_00000.png,frame_00118.png,r180_e125_f0.mp4,180 Hz,1/125,蛍光灯なし,59.606 fps,180,125,0,39,nagaoka_fireworks,min,I,4,,,frame_00000.png,frame_00118.png,,119,1.996437
nagaoka_fireworks_I_4,lockin,0,0,QR未検出,,lockin,binary,,,14.606183,8,8,1,0.557893,,0.557893,frame_00000.png,frame_00118.png,r180_e125_f0.mp4,180 Hz,1/125,蛍光灯なし,59.606 fps,180,125,0,39,nagaoka_fireworks,min,I,4,,,frame_00000.png,frame_00118.png,,119,1.996437
nagaoka_fireworks_I_4,lockin,0,0,QR未検出,,lockin,binary,,,9.606183,4,8,1,0.539877,,0.539877,frame_00000.png,frame_00118.png,r180_e125_f0.mp4,180 Hz,1/125,蛍光灯なし,59.606 fps,180,125,0,39,nagaoka_fireworks,min,I,4,,,frame_00000.png,frame_00118.png,,119,1.996437
nagaoka_fireworks_I_4,lockin,0,0,QR未検出,,lockin,binary,,,14.606183,4,8,1,0.530154,,0.530154,frame_00000.png,frame_00118.png,r180_e125_f0.mp4,180 Hz,1/125,蛍光灯なし,59.606 fps,180,125,0,39,nagaoka_fireworks,min,I,4,,,frame_00000.png,frame_00118.png,,119,1.996437
nagaoka_fireworks_I_4,lockin,0,0,QR未検出,,lockin,binary,,,9.606183,8,8,1,0.527666,,0.527666,frame_00000.png,frame_00118.png,r180_e125_f0.mp4,180 Hz,1/125,蛍光灯なし,59.606 fps,180,125,0,39,nagaoka_fireworks,min,I,4,,,frame_00000.png,frame_00118.png,,119,1.996437
nagaoka_fireworks_I_4,lockin,0,0,QR未検出,,lockin,binary,,,29.212366,4,8,1,0.517238,,0.517238,frame_00000.png,frame_00118.png,r180_e125_f0.mp4,180 Hz,1/125,蛍光灯なし,59.606 fps,180,125,0,39,nagaoka_fireworks,min,I,4,,,frame_00000.png,frame_00118.png,,119,1.996437
nagaoka_fireworks_I_4,lockin,0,0,QR未検出,,lockin,binary,,,15.787634,4,8,1,0.515471,,0.515471,frame_00000.png,frame_00118.png,r180_e125_f0.mp4,180 Hz,1/125,蛍光灯なし,59.606 fps,180,125,0,39,nagaoka_fireworks,min,I,4,,,frame_00000.png,frame_00118.png,,119,1.996437
nagaoka_fireworks_I_8,lockin,0,0,QR未検出,,lockin,binary,,,29.212366,12,8,1,0.642103,,0.642103,frame_00000.png,frame_00118.png,r180_e125_f0.mp4,180 Hz,1/125,蛍光灯なし,59.606 fps,180,125,0,40,nagaoka_fireworks,min,I,8,,,frame_00000.png,frame_00118.png,,119,1.996437
nagaoka_fireworks_I_8,lockin,0,0,QR未検出,,lockin,binary,,,9.606183,12,8,1,0.613968,,0.613968,frame_00000.png,frame_00118.png,r180_e125_f0.mp4,180 Hz,1/125,蛍光灯なし,59.606 fps,180,125,0,40,nagaoka_fireworks,min,I,8,,,frame_00000.png,frame_00118.png,,119,1.996437
nagaoka_fireworks_I_8,lockin,0,0,QR未検出,,lockin,binary,,,14.606183,12,8,1,0.606418,,0.606418,frame_00000.png,frame_00118.png,r180_e125_f0.mp4,180 Hz,1/125,蛍光灯なし,59.606 fps,180,125,0,40,nagaoka_fireworks,min,I,8,,,frame_00000.png,frame_00118.png,,119,1.996437
nagaoka_fireworks_I_8,lockin,0,0,QR未検出,,lockin,binary,,,15.787634,12,8,1,0.585807,,0.585807,frame_00000.png,frame_00118.png,r180_e125_f0.mp4,180 Hz,1/125,蛍光灯なし,59.606 fps,180,125,0,40,nagaoka_fireworks,min,I,8,,,frame_00000.png,frame_00118.png,,119,1.996437
nagaoka_fireworks_I_8,lockin,0,0,QR未検出,,lockin,binary,,,29.212366,8,8,1,0.565543,,0.565543,frame_00000.png,frame_00118.png,r180_e125_f0.mp4,180 Hz,1/125,蛍光灯なし,59.606 fps,180,125,0,40,nagaoka_fireworks,min,I,8,,,frame_00000.png,frame_00118.png,,119,1.996437
nagaoka_fireworks_I_8,lockin,0,0,QR未検出,,lockin,binary,,,15.787634,4,8,1,0.543871,,0.543871,frame_00000.png,frame_00118.png,r180_e125_f0.mp4,180 Hz,1/125,蛍光灯なし,59.606 fps,180,125,0,40,nagaoka_fireworks,min,I,8,,,frame_00000.png,frame_00118.png,,119,1.996437
nagaoka_fireworks_I_8,lockin,0,0,QR未検出,,lockin,binary,,,14.606183,4,8,1,0.543854,,0.543854,frame_00000.png,frame_00118.png,r180_e125_f0.mp4,180 Hz,1/125,蛍光灯なし,59.606 fps,180,125,0,40,nagaoka_fireworks,min,I,8,,,frame_00000.png,frame_00118.png,,119,1.996437
nagaoka_fireworks_I_8,lockin,0,0,QR未検出,,lockin,binary,,,9.606183,4,8,1,0.542407,,0.542407,frame_00000.png,frame_00118.png,r180_e125_f0.mp4,180 Hz,1/125,蛍光灯なし,59.606 fps,180,125,0,40,nagaoka_fireworks,min,I,8,,,frame_00000.png,frame_00118.png,,119,1.996437
nagaoka_fireworks_I_8,lockin,0,0,QR未検出,,lockin,binary,,,9.606183,8,8,1,0.529923,,0.529923,frame_00000.png,frame_00118.png,r180_e125_f0.mp4,180 Hz,1/125,蛍光灯なし,59.606 fps,180,125,0,40,nagaoka_fireworks,min,I,8,,,frame_00000.png,frame_00118.png,,119,1.996437
nagaoka_fireworks_I_8,lockin,0,0,QR未検出,,lockin,binary,,,14.606183,8,8,1,0.527713,,0.527713,frame_00000.png,frame_00118.png,r180_e125_f0.mp4,180 Hz,1/125,蛍光灯なし,59.606 fps,180,125,0,40,nagaoka_fireworks,min,I,8,,,frame_00000.png,frame_00118.png,,119,1.996437
nagaoka_fireworks_I_8,lockin,0,0,QR未検出,,lockin,binary,,,29.212366,4,8,1,0.527706,,0.527706,frame_00000.png,frame_00118.png,r180_e125_f0.mp4,180 Hz,1/125,蛍光灯なし,59.606 fps,180,125,0,40,nagaoka_fireworks,min,I,8,,,frame_00000.png,frame_00118.png,,119,1.996437
nagaoka_fireworks_I_8,lockin,0,0,QR未検出,,lockin,binary,,,15.787634,8,8,1,0.516386,,0.516386,frame_00000.png,frame_00118.png,r180_e125_f0.mp4,180 Hz,1/125,蛍光灯なし,59.606 fps,180,125,0,40,nagaoka_fireworks,min,I,8,,,frame_00000.png,frame_00118.png,,119,1.996437
nagaoka_fireworks_I_12,lockin,0,0,QR未検出,,lockin,binary,,,29.212366,12,8,1,0.739437,,0.739437,frame_00000.png,frame_00118.png,r180_e125_f0.mp4,180 Hz,1/125,蛍光灯なし,59.606 fps,180,125,0,41,nagaoka_fireworks,min,I,12,,,frame_00000.png,frame_00118.png,,119,1.996437
nagaoka_fireworks_I_12,lockin,0,0,QR未検出,,lockin,binary,,,14.606183,12,8,1,0.660338,,0.660338,frame_00000.png,frame_00118.png,r180_e125_f0.mp4,180 Hz,1/125,蛍光灯なし,59.606 fps,180,125,0,41,nagaoka_fireworks,min,I,12,,,frame_00000.png,frame_00118.png,,119,1.996437
nagaoka_fireworks_I_12,lockin,0,0,QR未検出,,lockin,binary,,,29.212366,8,8,1,0.651191,,0.651191,frame_00000.png,frame_00118.png,r180_e125_f0.mp4,180 Hz,1/125,蛍光灯なし,59.606 fps,180,125,0,41,nagaoka_fireworks,min,I,12,,,frame_00000.png,frame_00118.png,,119,1.996437
nagaoka_fireworks_I_12,lockin,0,0,QR未検出,,lockin,binary,,,9.606183,12,8,1,0.643018,,0.643018,frame_00000.png,frame_00118.png,r180_e125_f0.mp4,180 Hz,1/125,蛍光灯なし,59.606 fps,180,125,0,41,nagaoka_fireworks,min,I,12,,,frame_00000.png,frame_00118.png,,119,1.996437
nagaoka_fireworks_I_12,lockin,0,0,QR未検出,,lockin,binary,,,15.787634,12,8,1,0.633787,,0.633787,frame_00000.png,frame_00118.png,r180_e125_f0.mp4,180 Hz,1/125,蛍光灯なし,59.606 fps,180,125,0,41,nagaoka_fireworks,min,I,12,,,frame_00000.png,frame_00118.png,,119,1.996437
nagaoka_fireworks_I_12,lockin,0,0,QR未検出,,lockin,binary,,,14.606183,8,8,1,0.574240,,0.574240,frame_00000.png,frame_00118.png,r180_e125_f0.mp4,180 Hz,1/125,蛍光灯なし,59.606 fps,180,125,0,41,nagaoka_fireworks,min,I,12,,,frame_00000.png,frame_00118.png,,119,1.996437
nagaoka_fireworks_I_12,lockin,0,0,QR未検出,,lockin,binary,,,9.606183,8,8,1,0.558938,,0.558938,frame_00000.png,frame_00118.png,r180_e125_f0.mp4,180 Hz,1/125,蛍光灯なし,59.606 fps,180,125,0,41,nagaoka_fireworks,min,I,12,,,frame_00000.png,frame_00118.png,,119,1.996437
nagaoka_fireworks_I_12,lockin,0,0,QR未検出,,lockin,binary,,,15.787634,8,8,1,0.551341,,0.551341,frame_00000.png,frame_00118.png,r180_e125_f0.mp4,180 Hz,1/125,蛍光灯なし,59.606 fps,180,125,0,41,nagaoka_fireworks,min,I,12,,,frame_00000.png,frame_00118.png,,119,1.996437
nagaoka_fireworks_I_12,lockin,0,0,QR未検出,,lockin,binary,,,15.787634,4,8,1,0.529192,,0.529192,frame_00000.png,frame_00118.png,r180_e125_f0.mp4,180 Hz,1/125,蛍光灯なし,59.606 fps,180,125,0,41,nagaoka_fireworks,min,I,12,,,frame_00000.png,frame_00118.png,,119,1.996437
nagaoka_fireworks_I_12,lockin,0,0,QR未検出,,lockin,binary,,,9.606183,4,8,1,0.527710,,0.527710,frame_00000.png,frame_00118.png,r180_e125_f0.mp4,180 Hz,1/125,蛍光灯なし,59.606 fps,180,125,0,41,nagaoka_fireworks,min,I,12,,,frame_00000.png,frame_00118.png,,119,1.996437
nagaoka_fireworks_I_12,lockin,0,0,QR未検出,,lockin,binary,,,14.606183,4,8,1,0.520527,,0.520527,frame_00000.png,frame_00118.png,r180_e125_f0.mp4,180 Hz,1/125,蛍光灯なし,59.606 fps,180,125,0,41,nagaoka_fireworks,min,I,12,,,frame_00000.png,frame_00118.png,,119,1.996437
nagaoka_fireworks_I_12,lockin,0,0,QR未検出,,lockin,binary,,,29.212366,4,8,1,0.510276,,0.510276,frame_00000.png,frame_00118.png,r180_e125_f0.mp4,180 Hz,1/125,蛍光灯なし,59.606 fps,180,125,0,41,nagaoka_fireworks,min,I,12,,,frame_00000.png,frame_00118.png,,119,1.996437
hocho_I_4,lockin,0,0,QR未検出,,lockin,binary,,,29.212366,12,8,1,0.623443,,0.623443,frame_00000.png,frame_00118.png,r180_e125_f0.mp4,180 Hz,1/125,蛍光灯なし,59.606 fps,180,125,0,42,hocho,min,I,4,,,frame_00000.png,frame_00118.png,,119,1.996437
hocho_I_4,lockin,0,0,QR未検出,,lockin,binary,,,9.606183,4,8,1,0.623284,,0.623284,frame_00000.png,frame_00118.png,r180_e125_f0.mp4,180 Hz,1/125,蛍光灯なし,59.606 fps,180,125,0,42,hocho,min,I,4,,,frame_00000.png,frame_00118.png,,119,1.996437
hocho_I_4,lockin,0,0,QR未検出,,lockin,binary,,,14.606183,12,8,1,0.612367,,0.612367,frame_00000.png,frame_00118.png,r180_e125_f0.mp4,180 Hz,1/125,蛍光灯なし,59.606 fps,180,125,0,42,hocho,min,I,4,,,frame_00000.png,frame_00118.png,,119,1.996437
hocho_I_4,lockin,0,0,QR未検出,,lockin,binary,,,15.787634,4,8,1,0.605817,,0.605817,frame_00000.png,frame_00118.png,r180_e125_f0.mp4,180 Hz,1/125,蛍光灯なし,59.606 fps,180,125,0,42,hocho,min,I,4,,,frame_00000.png,frame_00118.png,,119,1.996437
hocho_I_4,lockin,0,0,QR未検出,,lockin,binary,,,15.787634,12,8,1,0.601453,,0.601453,frame_00000.png,frame_00118.png,r180_e125_f0.mp4,180 Hz,1/125,蛍光灯なし,59.606 fps,180,125,0,42,hocho,min,I,4,,,frame_00000.png,frame_00118.png,,119,1.996437
hocho_I_4,lockin,0,0,QR未検出,,lockin,binary,,,14.606183,4,8,1,0.596283,,0.596283,frame_00000.png,frame_00118.png,r180_e125_f0.mp4,180 Hz,1/125,蛍光灯なし,59.606 fps,180,125,0,42,hocho,min,I,4,,,frame_00000.png,frame_00118.png,,119,1.996437
hocho_I_4,lockin,0,0,QR未検出,,lockin,binary,,,9.606183,12,8,1,0.595490,,0.595490,frame_00000.png,frame_00118.png,r180_e125_f0.mp4,180 Hz,1/125,蛍光灯なし,59.606 fps,180,125,0,42,hocho,min,I,4,,,frame_00000.png,frame_00118.png,,119,1.996437
hocho_I_4,lockin,0,0,QR未検出,,lockin,binary,,,29.212366,8,8,1,0.585660,,0.585660,frame_00000.png,frame_00118.png,r180_e125_f0.mp4,180 Hz,1/125,蛍光灯なし,59.606 fps,180,125,0,42,hocho,min,I,4,,,frame_00000.png,frame_00118.png,,119,1.996437
hocho_I_4,lockin,0,0,QR未検出,,lockin,binary,,,29.212366,4,8,1,0.561875,,0.561875,frame_00000.png,frame_00118.png,r180_e125_f0.mp4,180 Hz,1/125,蛍光灯なし,59.606 fps,180,125,0,42,hocho,min,I,4,,,frame_00000.png,frame_00118.png,,119,1.996437
hocho_I_4,lockin,0,0,QR未検出,,lockin,binary,,,14.606183,8,8,1,0.552635,,0.552635,frame_00000.png,frame_00118.png,r180_e125_f0.mp4,180 Hz,1/125,蛍光灯なし,59.606 fps,180,125,0,42,hocho,min,I,4,,,frame_00000.png,frame_00118.png,,119,1.996437
hocho_I_4,lockin,0,0,QR未検出,,lockin,binary,,,15.787634,8,8,1,0.529062,,0.529062,frame_00000.png,frame_00118.png,r180_e125_f0.mp4,180 Hz,1/125,蛍光灯なし,59.606 fps,180,125,0,42,hocho,min,I,4,,,frame_00000.png,frame_00118.png,,119,1.996437
hocho_I_4,lockin,0,0,QR未検出,,lockin,binary,,,9.606183,8,8,1,0.512760,,0.512760,frame_00000.png,frame_00118.png,r180_e125_f0.mp4,180 Hz,1/125,蛍光灯なし,59.606 fps,180,125,0,42,hocho,min,I,4,,,frame_00000.png,frame_00118.png,,119,1.996437
hocho_I_8,lockin,0,0,QR未検出,,lockin,binary,,,29.212366,12,8,1,0.631173,,0.631173,frame_00000.png,frame_00118.png,r180_e125_f0.mp4,180 Hz,1/125,蛍光灯なし,59.606 fps,180,125,0,43,hocho,min,I,8,,,frame_00000.png,frame_00118.png,,119,1.996437
hocho_I_8,lockin,0,0,QR未検出,,lockin,binary,,,14.606183,12,8,1,0.630583,,0.630583,frame_00000.png,frame_00118.png,r180_e125_f0.mp4,180 Hz,1/125,蛍光灯なし,59.606 fps,180,125,0,43,hocho,min,I,8,,,frame_00000.png,frame_00118.png,,119,1.996437
hocho_I_8,lockin,0,0,QR未検出,,lockin,binary,,,9.606183,4,8,1,0.619847,,0.619847,frame_00000.png,frame_00118.png,r180_e125_f0.mp4,180 Hz,1/125,蛍光灯なし,59.606 fps,180,125,0,43,hocho,min,I,8,,,frame_00000.png,frame_00118.png,,119,1.996437
hocho_I_8,lockin,0,0,QR未検出,,lockin,binary,,,15.787634,12,8,1,0.609400,,0.609400,frame_00000.png,frame_00118.png,r180_e125_f0.mp4,180 Hz,1/125,蛍光灯なし,59.606 fps,180,125,0,43,hocho,min,I,8,,,frame_00000.png,frame_00118.png,,119,1.996437
hocho_I_8,lockin,0,0,QR未検出,,lockin,binary,,,15.787634,4,8,1,0.606044,,0.606044,frame_00000.png,frame_00118.png,r180_e125_f0.mp4,180 Hz,1/125,蛍光灯なし,59.606 fps,180,125,0,43,hocho,min,I,8,,,frame_00000.png,frame_00118.png,,119,1.996437
hocho_I_8,lockin,0,0,QR未検出,,lockin,binary,,,14.606183,8,8,1,0.604046,,0.604046,frame_00000.png,frame_00118.png,r180_e125_f0.mp4,180 Hz,1/125,蛍光灯なし,59.606 fps,180,125,0,43,hocho,min,I,8,,,frame_00000.png,frame_00118.png,,119,1.996437
hocho_I_8,lockin,0,0,QR未検出,,lockin,binary,,,29.212366,8,8,1,0.595009,,0.595009,frame_00000.png,frame_00118.png,r180_e125_f0.mp4,180 Hz,1/125,蛍光灯なし,59.606 fps,180,125,0,43,hocho,min,I,8,,,frame_00000.png,frame_00118.png,,119,1.996437
hocho_I_8,lockin,0,0,QR未検出,,lockin,binary,,,9.606183,12,8,1,0.594286,,0.594286,frame_00000.png,frame_00118.png,r180_e125_f0.mp4,180 Hz,1/125,蛍光灯なし,59.606 fps,180,125,0,43,hocho,min,I,8,,,frame_00000.png,frame_00118.png,,119,1.996437
hocho_I_8,lockin,0,0,QR未検出,,lockin,binary,,,29.212366,4,8,1,0.565000,,0.565000,frame_00000.png,frame_00118.png,r180_e125_f0.mp4,180 Hz,1/125,蛍光灯なし,59.606 fps,180,125,0,43,hocho,min,I,8,,,frame_00000.png,frame_00118.png,,119,1.996437
hocho_I_8,lockin,0,0,QR未検出,,lockin,binary,,,15.787634,8,8,1,0.541548,,0.541548,frame_00000.png,frame_00118.png,r180_e125_f0.mp4,180 Hz,1/125,蛍光灯なし,59.606 fps,180,125,0,43,hocho,min,I,8,,,frame_00000.png,frame_00118.png,,119,1.996437
hocho_I_8,lockin,0,0,QR未検出,,lockin,binary,,,14.606183,4,8,1,0.539054,,0.539054,frame_00000.png,frame_00118.png,r180_e125_f0.mp4,180 Hz,1/125,蛍光灯なし,59.606 fps,180,125,0,43,hocho,min,I,8,,,frame_00000.png,frame_00118.png,,119,1.996437
hocho_I_8,lockin,0,0,QR未検出,,lockin,binary,,,9.606183,8,8,1,0.513583,,0.513583,frame_00000.png,frame_00118.png,r180_e125_f0.mp4,180 Hz,1/125,蛍光灯なし,59.606 fps,180,125,0,43,hocho,min,I,8,,,frame_00000.png,frame_00118.png,,119,1.996437
hocho_I_12,lockin,1,0,QR未検出,,lockin,binary,,,29.212366,12,8,1,0.791268,,0.791268,frame_00000.png,frame_00118.png,r180_e125_f0.mp4,180 Hz,1/125,蛍光灯なし,59.606 fps,180,125,0,44,hocho,min,I,12,,,frame_00000.png,frame_00118.png,,119,1.996437
hocho_I_12,lockin,0,0,QR未検出,,lockin,binary,,,29.212366,8,8,1,0.759432,,0.759432,frame_00000.png,frame_00118.png,r180_e125_f0.mp4,180 Hz,1/125,蛍光灯なし,59.606 fps,180,125,0,44,hocho,min,I,12,,,frame_00000.png,frame_00118.png,,119,1.996437
hocho_I_12,lockin,0,0,QR未検出,,lockin,binary,,,15.787634,12,8,1,0.692401,,0.692401,frame_00000.png,frame_00118.png,r180_e125_f0.mp4,180 Hz,1/125,蛍光灯なし,59.606 fps,180,125,0,44,hocho,min,I,12,,,frame_00000.png,frame_00118.png,,119,1.996437
hocho_I_12,lockin,0,0,QR未検出,,lockin,binary,,,14.606183,12,8,1,0.691386,,0.691386,frame_00000.png,frame_00118.png,r180_e125_f0.mp4,180 Hz,1/125,蛍光灯なし,59.606 fps,180,125,0,44,hocho,min,I,12,,,frame_00000.png,frame_00118.png,,119,1.996437
hocho_I_12,lockin,0,0,QR未検出,,lockin,binary,,,9.606183,12,8,1,0.667382,,0.667382,frame_00000.png,frame_00118.png,r180_e125_f0.mp4,180 Hz,1/125,蛍光灯なし,59.606 fps,180,125,0,44,hocho,min,I,12,,,frame_00000.png,frame_00118.png,,119,1.996437
hocho_I_12,lockin,0,0,QR未検出,,lockin,binary,,,14.606183,8,8,1,0.647473,,0.647473,frame_00000.png,frame_00118.png,r180_e125_f0.mp4,180 Hz,1/125,蛍光灯なし,59.606 fps,180,125,0,44,hocho,min,I,12,,,frame_00000.png,frame_00118.png,,119,1.996437
hocho_I_12,lockin,0,0,QR未検出,,lockin,binary,,,15.787634,8,8,1,0.645644,,0.645644,frame_00000.png,frame_00118.png,r180_e125_f0.mp4,180 Hz,1/125,蛍光灯なし,59.606 fps,180,125,0,44,hocho,min,I,12,,,frame_00000.png,frame_00118.png,,119,1.996437
hocho_I_12,lockin,0,0,QR未検出,,lockin,binary,,,9.606183,4,8,1,0.612290,,0.612290,frame_00000.png,frame_00118.png,r180_e125_f0.mp4,180 Hz,1/125,蛍光灯なし,59.606 fps,180,125,0,44,hocho,min,I,12,,,frame_00000.png,frame_00118.png,,119,1.996437
hocho_I_12,lockin,0,0,QR未検出,,lockin,binary,,,9.606183,8,8,1,0.592180,,0.592180,frame_00000.png,frame_00118.png,r180_e125_f0.mp4,180 Hz,1/125,蛍光灯なし,59.606 fps,180,125,0,44,hocho,min,I,12,,,frame_00000.png,frame_00118.png,,119,1.996437
hocho_I_12,lockin,0,0,QR未検出,,lockin,binary,,,15.787634,4,8,1,0.578149,,0.578149,frame_00000.png,frame_00118.png,r180_e125_f0.mp4,180 Hz,1/125,蛍光灯なし,59.606 fps,180,125,0,44,hocho,min,I,12,,,frame_00000.png,frame_00118.png,,119,1.996437
hocho_I_12,lockin,0,0,QR未検出,,lockin,binary,,,14.606183,4,8,1,0.576149,,0.576149,frame_00000.png,frame_00118.png,r180_e125_f0.mp4,180 Hz,1/125,蛍光灯なし,59.606 fps,180,125,0,44,hocho,min,I,12,,,frame_00000.png,frame_00118.png,,119,1.996437
hocho_I_12,lockin,0,0,QR未検出,,lockin,binary,,,29.212366,4,8,1,0.545598,,0.545598,frame_00000.png,frame_00118.png,r180_e125_f0.mp4,180 Hz,1/125,蛍光灯なし,59.606 fps,180,125,0,44,hocho,min,I,12,,,frame_00000.png,frame_00118.png,,119,1.996437
ex_I_4,lockin,0,0,QR未検出,,lockin,binary,,,15.787634,12,8,1,0.635981,,0.635981,frame_00000.png,frame_00118.png,r180_e125_f0.mp4,180 Hz,1/125,蛍光灯なし,59.606 fps,180,125,0,45,ex,min,I,4,,,frame_00000.png,frame_00118.png,,119,1.996437
ex_I_4,lockin,0,0,QR未検出,,lockin,binary,,,29.212366,12,8,1,0.629971,,0.629971,frame_00000.png,frame_00118.png,r180_e125_f0.mp4,180 Hz,1/125,蛍光灯なし,59.606 fps,180,125,0,45,ex,min,I,4,,,frame_00000.png,frame_00118.png,,119,1.996437
ex_I_4,lockin,0,0,QR未検出,,lockin,binary,,,14.606183,12,8,1,0.626123,,0.626123,frame_00000.png,frame_00118.png,r180_e125_f0.mp4,180 Hz,1/125,蛍光灯なし,59.606 fps,180,125,0,45,ex,min,I,4,,,frame_00000.png,frame_00118.png,,119,1.996437
ex_I_4,lockin,0,0,QR未検出,,lockin,binary,,,29.212366,4,8,1,0.625766,,0.625766,frame_00000.png,frame_00118.png,r180_e125_f0.mp4,180 Hz,1/125,蛍光灯なし,59.606 fps,180,125,0,45,ex,min,I,4,,,frame_00000.png,frame_00118.png,,119,1.996437
ex_I_4,lockin,0,0,QR未検出,,lockin,binary,,,9.606183,4,8,1,0.623752,,0.623752,frame_00000.png,frame_00118.png,r180_e125_f0.mp4,180 Hz,1/125,蛍光灯なし,59.606 fps,180,125,0,45,ex,min,I,4,,,frame_00000.png,frame_00118.png,,119,1.996437
ex_I_4,lockin,0,0,QR未検出,,lockin,binary,,,14.606183,4,8,1,0.617230,,0.617230,frame_00000.png,frame_00118.png,r180_e125_f0.mp4,180 Hz,1/125,蛍光灯なし,59.606 fps,180,125,0,45,ex,min,I,4,,,frame_00000.png,frame_00118.png,,119,1.996437
ex_I_4,lockin,0,0,QR未検出,,lockin,binary,,,9.606183,12,8,1,0.614572,,0.614572,frame_00000.png,frame_00118.png,r180_e125_f0.mp4,180 Hz,1/125,蛍光灯なし,59.606 fps,180,125,0,45,ex,min,I,4,,,frame_00000.png,frame_00118.png,,119,1.996437
ex_I_4,lockin,0,0,QR未検出,,lockin,binary,,,15.787634,4,8,1,0.610100,,0.610100,frame_00000.png,frame_00118.png,r180_e125_f0.mp4,180 Hz,1/125,蛍光灯なし,59.606 fps,180,125,0,45,ex,min,I,4,,,frame_00000.png,frame_00118.png,,119,1.996437
ex_I_4,lockin,0,0,QR未検出,,lockin,binary,,,15.787634,8,8,1,0.544960,,0.544960,frame_00000.png,frame_00118.png,r180_e125_f0.mp4,180 Hz,1/125,蛍光灯なし,59.606 fps,180,125,0,45,ex,min,I,4,,,frame_00000.png,frame_00118.png,,119,1.996437
ex_I_4,lockin,0,0,QR未検出,,lockin,binary,,,14.606183,8,8,1,0.525669,,0.525669,frame_00000.png,frame_00118.png,r180_e125_f0.mp4,180 Hz,1/125,蛍光灯なし,59.606 fps,180,125,0,45,ex,min,I,4,,,frame_00000.png,frame_00118.png,,119,1.996437
ex_I_4,lockin,0,0,QR未検出,,lockin,binary,,,29.212366,8,8,1,0.501806,,0.501806,frame_00000.png,frame_00118.png,r180_e125_f0.mp4,180 Hz,1/125,蛍光灯なし,59.606 fps,180,125,0,45,ex,min,I,4,,,frame_00000.png,frame_00118.png,,119,1.996437
ex_I_4,lockin,0,0,QR未検出,,lockin,binary,,,9.606183,8,8,1,0.500292,,0.500292,frame_00000.png,frame_00118.png,r180_e125_f0.mp4,180 Hz,1/125,蛍光灯なし,59.606 fps,180,125,0,45,ex,min,I,4,,,frame_00000.png,frame_00118.png,,119,1.996437
ex_I_8,lockin,1,0,QR未検出,,lockin,binary,,,29.212366,12,8,1,0.747543,,0.747543,frame_00000.png,frame_00118.png,r180_e125_f0.mp4,180 Hz,1/125,蛍光灯なし,59.606 fps,180,125,0,46,ex,min,I,8,,,frame_00000.png,frame_00118.png,,119,1.996437
ex_I_8,lockin,0,0,QR未検出,,lockin,binary,,,15.787634,12,8,1,0.694145,,0.694145,frame_00000.png,frame_00118.png,r180_e125_f0.mp4,180 Hz,1/125,蛍光灯なし,59.606 fps,180,125,0,46,ex,min,I,8,,,frame_00000.png,frame_00118.png,,119,1.996437
ex_I_8,lockin,0,0,QR未検出,,lockin,binary,,,9.606183,12,8,1,0.689017,,0.689017,frame_00000.png,frame_00118.png,r180_e125_f0.mp4,180 Hz,1/125,蛍光灯なし,59.606 fps,180,125,0,46,ex,min,I,8,,,frame_00000.png,frame_00118.png,,119,1.996437
ex_I_8,lockin,0,0,QR未検出,,lockin,binary,,,14.606183,12,8,1,0.680232,,0.680232,frame_00000.png,frame_00118.png,r180_e125_f0.mp4,180 Hz,1/125,蛍光灯なし,59.606 fps,180,125,0,46,ex,min,I,8,,,frame_00000.png,frame_00118.png,,119,1.996437
ex_I_8,lockin,0,0,QR未検出,,lockin,binary,,,29.212366,8,8,1,0.655453,,0.655453,frame_00000.png,frame_00118.png,r180_e125_f0.mp4,180 Hz,1/125,蛍光灯なし,59.606 fps,180,125,0,46,ex,min,I,8,,,frame_00000.png,frame_00118.png,,119,1.996437
ex_I_8,lockin,0,0,QR未検出,,lockin,binary,,,14.606183,4,8,1,0.619363,,0.619363,frame_00000.png,frame_00118.png,r180_e125_f0.mp4,180 Hz,1/125,蛍光灯なし,59.606 fps,180,125,0,46,ex,min,I,8,,,frame_00000.png,frame_00118.png,,119,1.996437
ex_I_8,lockin,0,0,QR未検出,,lockin,binary,,,9.606183,4,8,1,0.616157,,0.616157,frame_00000.png,frame_00118.png,r180_e125_f0.mp4,180 Hz,1/125,蛍光灯なし,59.606 fps,180,125,0,46,ex,min,I,8,,,frame_00000.png,frame_00118.png,,119,1.996437
ex_I_8,lockin,0,0,QR未検出,,lockin,binary,,,15.787634,4,8,1,0.610661,,0.610661,frame_00000.png,frame_00118.png,r180_e125_f0.mp4,180 Hz,1/125,蛍光灯なし,59.606 fps,180,125,0,46,ex,min,I,8,,,frame_00000.png,frame_00118.png,,119,1.996437
ex_I_8,lockin,0,0,QR未検出,,lockin,binary,,,29.212366,4,8,1,0.587958,,0.587958,frame_00000.png,frame_00118.png,r180_e125_f0.mp4,180 Hz,1/125,蛍光灯なし,59.606 fps,180,125,0,46,ex,min,I,8,,,frame_00000.png,frame_00118.png,,119,1.996437
ex_I_8,lockin,0,0,QR未検出,,lockin,binary,,,15.787634,8,8,1,0.581946,,0.581946,frame_00000.png,frame_00118.png,r180_e125_f0.mp4,180 Hz,1/125,蛍光灯なし,59.606 fps,180,125,0,46,ex,min,I,8,,,frame_00000.png,frame_00118.png,,119,1.996437
ex_I_8,lockin,0,0,QR未検出,,lockin,binary,,,9.606183,8,8,1,0.564985,,0.564985,frame_00000.png,frame_00118.png,r180_e125_f0.mp4,180 Hz,1/125,蛍光灯なし,59.606 fps,180,125,0,46,ex,min,I,8,,,frame_00000.png,frame_00118.png,,119,1.996437
ex_I_8,lockin,0,0,QR未検出,,lockin,binary,,,14.606183,8,8,1,0.545330,,0.545330,frame_00000.png,frame_00118.png,r180_e125_f0.mp4,180 Hz,1/125,蛍光灯なし,59.606 fps,180,125,0,46,ex,min,I,8,,,frame_00000.png,frame_00118.png,,119,1.996437
ex_I_12,lockin,1,0,QR未検出,,lockin,binary,,,29.212366,12,8,1,0.818013,,0.818013,frame_00000.png,frame_00118.png,r180_e125_f0.mp4,180 Hz,1/125,蛍光灯なし,59.606 fps,180,125,0,47,ex,min,I,12,,,frame_00000.png,frame_00118.png,,119,1.996437
ex_I_12,lockin,0,0,QR未検出,,lockin,binary,,,29.212366,8,8,1,0.720354,,0.720354,frame_00000.png,frame_00118.png,r180_e125_f0.mp4,180 Hz,1/125,蛍光灯なし,59.606 fps,180,125,0,47,ex,min,I,12,,,frame_00000.png,frame_00118.png,,119,1.996437
ex_I_12,lockin,0,0,QR未検出,,lockin,binary,,,14.606183,12,8,1,0.667239,,0.667239,frame_00000.png,frame_00118.png,r180_e125_f0.mp4,180 Hz,1/125,蛍光灯なし,59.606 fps,180,125,0,47,ex,min,I,12,,,frame_00000.png,frame_00118.png,,119,1.996437
ex_I_12,lockin,0,0,QR未検出,,lockin,binary,,,15.787634,12,8,1,0.661087,,0.661087,frame_00000.png,frame_00118.png,r180_e125_f0.mp4,180 Hz,1/125,蛍光灯なし,59.606 fps,180,125,0,47,ex,min,I,12,,,frame_00000.png,frame_00118.png,,119,1.996437
ex_I_12,lockin,0,0,QR未検出,,lockin,binary,,,9.606183,12,8,1,0.639769,,0.639769,frame_00000.png,frame_00118.png,r180_e125_f0.mp4,180 Hz,1/125,蛍光灯なし,59.606 fps,180,125,0,47,ex,min,I,12,,,frame_00000.png,frame_00118.png,,119,1.996437
ex_I_12,lockin,0,0,QR未検出,,lockin,binary,,,14.606183,4,8,1,0.625399,,0.625399,frame_00000.png,frame_00118.png,r180_e125_f0.mp4,180 Hz,1/125,蛍光灯なし,59.606 fps,180,125,0,47,ex,min,I,12,,,frame_00000.png,frame_00118.png,,119,1.996437
ex_I_12,lockin,0,0,QR未検出,,lockin,binary,,,9.606183,4,8,1,0.625206,,0.625206,frame_00000.png,frame_00118.png,r180_e125_f0.mp4,180 Hz,1/125,蛍光灯なし,59.606 fps,180,125,0,47,ex,min,I,12,,,frame_00000.png,frame_00118.png,,119,1.996437
ex_I_12,lockin,0,0,QR未検出,,lockin,binary,,,15.787634,4,8,1,0.623499,,0.623499,frame_00000.png,frame_00118.png,r180_e125_f0.mp4,180 Hz,1/125,蛍光灯なし,59.606 fps,180,125,0,47,ex,min,I,12,,,frame_00000.png,frame_00118.png,,119,1.996437
ex_I_12,lockin,0,0,QR未検出,,lockin,binary,,,29.212366,4,8,1,0.551664,,0.551664,frame_00000.png,frame_00118.png,r180_e125_f0.mp4,180 Hz,1/125,蛍光灯なし,59.606 fps,180,125,0,47,ex,min,I,12,,,frame_00000.png,frame_00118.png,,119,1.996437
ex_I_12,lockin,0,0,QR未検出,,lockin,binary,,,9.606183,8,8,1,0.511390,,0.511390,frame_00000.png,frame_00118.png,r180_e125_f0.mp4,180 Hz,1/125,蛍光灯なし,59.606 fps,180,125,0,47,ex,min,I,12,,,frame_00000.png,frame_00118.png,,119,1.996437
ex_I_12,lockin,0,0,QR未検出,,lockin,binary,,,15.787634,8,8,1,0.506771,,0.506771,frame_00000.png,frame_00118.png,r180_e125_f0.mp4,180 Hz,1/125,蛍光灯なし,59.606 fps,180,125,0,47,ex,min,I,12,,,frame_00000.png,frame_00118.png,,119,1.996437
ex_I_12,lockin,0,0,QR未検出,,lockin,binary,,,14.606183,8,8,1,0.500637,,0.500637,frame_00000.png,frame_00118.png,r180_e125_f0.mp4,180 Hz,1/125,蛍光灯なし,59.606 fps,180,125,0,47,ex,min,I,12,,,frame_00000.png,frame_00118.png,,119,1.996437
rice_X_4,lockin,1,0,QR未検出,,lockin,binary,,,29.212366,8,8,1,0.664133,,0.664133,frame_00000.png,frame_00118.png,r180_e125_f0.mp4,180 Hz,1/125,蛍光灯なし,59.606 fps,180,125,0,48,rice,max,X,4,,,frame_00000.png,frame_00118.png,,119,1.996437
rice_X_4,lockin,0,0,QR未検出,,lockin,binary,,,29.212366,12,8,1,0.653173,,0.653173,frame_00000.png,frame_00118.png,r180_e125_f0.mp4,180 Hz,1/125,蛍光灯なし,59.606 fps,180,125,0,48,rice,max,X,4,,,frame_00000.png,frame_00118.png,,119,1.996437
rice_X_4,lockin,0,0,QR未検出,,lockin,binary,,,15.787634,12,8,1,0.645721,,0.645721,frame_00000.png,frame_00118.png,r180_e125_f0.mp4,180 Hz,1/125,蛍光灯なし,59.606 fps,180,125,0,48,rice,max,X,4,,,frame_00000.png,frame_00118.png,,119,1.996437
rice_X_4,lockin,0,0,QR未検出,,lockin,binary,,,9.606183,4,8,1,0.645226,,0.645226,frame_00000.png,frame_00118.png,r180_e125_f0.mp4,180 Hz,1/125,蛍光灯なし,59.606 fps,180,125,0,48,rice,max,X,4,,,frame_00000.png,frame_00118.png,,119,1.996437
rice_X_4,lockin,0,0,QR未検出,,lockin,binary,,,14.606183,12,8,1,0.639594,,0.639594,frame_00000.png,frame_00118.png,r180_e125_f0.mp4,180 Hz,1/125,蛍光灯なし,59.606 fps,180,125,0,48,rice,max,X,4,,,frame_00000.png,frame_00118.png,,119,1.996437
rice_X_4,lockin,0,0,QR未検出,,lockin,binary,,,9.606183,12,8,1,0.635278,,0.635278,frame_00000.png,frame_00118.png,r180_e125_f0.mp4,180 Hz,1/125,蛍光灯なし,59.606 fps,180,125,0,48,rice,max,X,4,,,frame_00000.png,frame_00118.png,,119,1.996437
rice_X_4,lockin,0,0,QR未検出,,lockin,binary,,,14.606183,4,8,1,0.629054,,0.629054,frame_00000.png,frame_00118.png,r180_e125_f0.mp4,180 Hz,1/125,蛍光灯なし,59.606 fps,180,125,0,48,rice,max,X,4,,,frame_00000.png,frame_00118.png,,119,1.996437
rice_X_4,lockin,0,0,QR未検出,,lockin,binary,,,15.787634,4,8,1,0.619651,,0.619651,frame_00000.png,frame_00118.png,r180_e125_f0.mp4,180 Hz,1/125,蛍光灯なし,59.606 fps,180,125,0,48,rice,max,X,4,,,frame_00000.png,frame_00118.png,,119,1.996437
rice_X_4,lockin,0,0,QR未検出,,lockin,binary,,,15.787634,8,8,1,0.616761,,0.616761,frame_00000.png,frame_00118.png,r180_e125_f0.mp4,180 Hz,1/125,蛍光灯なし,59.606 fps,180,125,0,48,rice,max,X,4,,,frame_00000.png,frame_00118.png,,119,1.996437
rice_X_4,lockin,0,0,QR未検出,,lockin,binary,,,29.212366,4,8,1,0.577384,,0.577384,frame_00000.png,frame_00118.png,r180_e125_f0.mp4,180 Hz,1/125,蛍光灯なし,59.606 fps,180,125,0,48,rice,max,X,4,,,frame_00000.png,frame_00118.png,,119,1.996437
rice_X_4,lockin,0,0,QR未検出,,lockin,binary,,,14.606183,8,8,1,0.567347,,0.567347,frame_00000.png,frame_00118.png,r180_e125_f0.mp4,180 Hz,1/125,蛍光灯なし,59.606 fps,180,125,0,48,rice,max,X,4,,,frame_00000.png,frame_00118.png,,119,1.996437
rice_X_4,lockin,0,0,QR未検出,,lockin,binary,,,9.606183,8,8,1,0.507538,,0.507538,frame_00000.png,frame_00118.png,r180_e125_f0.mp4,180 Hz,1/125,蛍光灯なし,59.606 fps,180,125,0,48,rice,max,X,4,,,frame_00000.png,frame_00118.png,,119,1.996437
rice_X_8,lockin,1,0,QR未検出,,lockin,binary,,,29.212366,12,8,1,0.750194,,0.750194,frame_00000.png,frame_00118.png,r180_e125_f0.mp4,180 Hz,1/125,蛍光灯なし,59.606 fps,180,125,0,49,rice,max,X,8,,,frame_00000.png,frame_00118.png,,119,1.996437
rice_X_8,lockin,0,0,QR未検出,,lockin,binary,,,15.787634,12,8,1,0.694780,,0.694780,frame_00000.png,frame_00118.png,r180_e125_f0.mp4,180 Hz,1/125,蛍光灯なし,59.606 fps,180,125,0,49,rice,max,X,8,,,frame_00000.png,frame_00118.png,,119,1.996437
rice_X_8,lockin,0,0,QR未検出,,lockin,binary,,,9.606183,12,8,1,0.685168,,0.685168,frame_00000.png,frame_00118.png,r180_e125_f0.mp4,180 Hz,1/125,蛍光灯なし,59.606 fps,180,125,0,49,rice,max,X,8,,,frame_00000.png,frame_00118.png,,119,1.996437
rice_X_8,lockin,0,0,QR未検出,,lockin,binary,,,14.606183,8,8,1,0.676649,,0.676649,frame_00000.png,frame_00118.png,r180_e125_f0.mp4,180 Hz,1/125,蛍光灯なし,59.606 fps,180,125,0,49,rice,max,X,8,,,frame_00000.png,frame_00118.png,,119,1.996437
rice_X_8,lockin,0,0,QR未検出,,lockin,binary,,,14.606183,12,8,1,0.668938,,0.668938,frame_00000.png,frame_00118.png,r180_e125_f0.mp4,180 Hz,1/125,蛍光灯なし,59.606 fps,180,125,0,49,rice,max,X,8,,,frame_00000.png,frame_00118.png,,119,1.996437
rice_X_8,lockin,0,0,QR未検出,,lockin,binary,,,9.606183,4,8,1,0.644329,,0.644329,frame_00000.png,frame_00118.png,r180_e125_f0.mp4,180 Hz,1/125,蛍光灯なし,59.606 fps,180,125,0,49,rice,max,X,8,,,frame_00000.png,frame_00118.png,,119,1.996437
rice_X_8,lockin,0,0,QR未検出,,lockin,binary,,,15.787634,4,8,1,0.638871,,0.638871,frame_00000.png,frame_00118.png,r180_e125_f0.mp4,180 Hz,1/125,蛍光灯なし,59.606 fps,180,125,0,49,rice,max,X,8,,,frame_00000.png,frame_00118.png,,119,1.996437
rice_X_8,lockin,0,0,QR未検出,,lockin,binary,,,29.212366,4,8,1,0.630674,,0.630674,frame_00000.png,frame_00118.png,r180_e125_f0.mp4,180 Hz,1/125,蛍光灯なし,59.606 fps,180,125,0,49,rice,max,X,8,,,frame_00000.png,frame_00118.png,,119,1.996437
rice_X_8,lockin,0,0,QR未検出,,lockin,binary,,,29.212366,8,8,1,0.605010,,0.605010,frame_00000.png,frame_00118.png,r180_e125_f0.mp4,180 Hz,1/125,蛍光灯なし,59.606 fps,180,125,0,49,rice,max,X,8,,,frame_00000.png,frame_00118.png,,119,1.996437
rice_X_8,lockin,0,0,QR未検出,,lockin,binary,,,14.606183,4,8,1,0.597107,,0.597107,frame_00000.png,frame_00118.png,r180_e125_f0.mp4,180 Hz,1/125,蛍光灯なし,59.606 fps,180,125,0,49,rice,max,X,8,,,frame_00000.png,frame_00118.png,,119,1.996437
rice_X_8,lockin,0,0,QR未検出,,lockin,binary,,,15.787634,8,8,1,0.557933,,0.557933,frame_00000.png,frame_00118.png,r180_e125_f0.mp4,180 Hz,1/125,蛍光灯なし,59.606 fps,180,125,0,49,rice,max,X,8,,,frame_00000.png,frame_00118.png,,119,1.996437
rice_X_8,lockin,0,0,QR未検出,,lockin,binary,,,9.606183,8,8,1,0.504728,,0.504728,frame_00000.png,frame_00118.png,r180_e125_f0.mp4,180 Hz,1/125,蛍光灯なし,59.606 fps,180,125,0,49,rice,max,X,8,,,frame_00000.png,frame_00118.png,,119,1.996437
rice_X_12,lockin,0,0,QR未検出,,lockin,binary,,,29.212366,12,8,1,0.822587,,0.822587,frame_00000.png,frame_00118.png,r180_e125_f0.mp4,180 Hz,1/125,蛍光灯なし,59.606 fps,180,125,0,50,rice,max,X,12,,,frame_00000.png,frame_00118.png,,119,1.996437
rice_X_12,lockin,0,0,QR未検出,,lockin,binary,,,29.212366,8,8,1,0.696499,,0.696499,frame_00000.png,frame_00118.png,r180_e125_f0.mp4,180 Hz,1/125,蛍光灯なし,59.606 fps,180,125,0,50,rice,max,X,12,,,frame_00000.png,frame_00118.png,,119,1.996437
rice_X_12,lockin,0,0,QR未検出,,lockin,binary,,,15.787634,12,8,1,0.660735,,0.660735,frame_00000.png,frame_00118.png,r180_e125_f0.mp4,180 Hz,1/125,蛍光灯なし,59.606 fps,180,125,0,50,rice,max,X,12,,,frame_00000.png,frame_00118.png,,119,1.996437
rice_X_12,lockin,0,0,QR未検出,,lockin,binary,,,14.606183,12,8,1,0.652851,,0.652851,frame_00000.png,frame_00118.png,r180_e125_f0.mp4,180 Hz,1/125,蛍光灯なし,59.606 fps,180,125,0,50,rice,max,X,12,,,frame_00000.png,frame_00118.png,,119,1.996437
rice_X_12,lockin,0,0,QR未検出,,lockin,binary,,,9.606183,4,8,1,0.646801,,0.646801,frame_00000.png,frame_00118.png,r180_e125_f0.mp4,180 Hz,1/125,蛍光灯なし,59.606 fps,180,125,0,50,rice,max,X,12,,,frame_00000.png,frame_00118.png,,119,1.996437
rice_X_12,lockin,0,0,QR未検出,,lockin,binary,,,15.787634,4,8,1,0.642079,,0.642079,frame_00000.png,frame_00118.png,r180_e125_f0.mp4,180 Hz,1/125,蛍光灯なし,59.606 fps,180,125,0,50,rice,max,X,12,,,frame_00000.png,frame_00118.png,,119,1.996437
rice_X_12,lockin,0,0,QR未検出,,lockin,binary,,,14.606183,4,8,1,0.638000,,0.638000,frame_00000.png,frame_00118.png,r180_e125_f0.mp4,180 Hz,1/125,蛍光灯なし,59.606 fps,180,125,0,50,rice,max,X,12,,,frame_00000.png,frame_00118.png,,119,1.996437
rice_X_12,lockin,0,0,QR未検出,,lockin,binary,,,9.606183,12,8,1,0.604464,,0.604464,frame_00000.png,frame_00118.png,r180_e125_f0.mp4,180 Hz,1/125,蛍光灯なし,59.606 fps,180,125,0,50,rice,max,X,12,,,frame_00000.png,frame_00118.png,,119,1.996437
rice_X_12,lockin,0,0,QR未検出,,lockin,binary,,,29.212366,4,8,1,0.591151,,0.591151,frame_00000.png,frame_00118.png,r180_e125_f0.mp4,180 Hz,1/125,蛍光灯なし,59.606 fps,180,125,0,50,rice,max,X,12,,,frame_00000.png,frame_00118.png,,119,1.996437
rice_X_12,lockin,0,0,QR未検出,,lockin,binary,,,9.606183,8,8,1,0.533525,,0.533525,frame_00000.png,frame_00118.png,r180_e125_f0.mp4,180 Hz,1/125,蛍光灯なし,59.606 fps,180,125,0,50,rice,max,X,12,,,frame_00000.png,frame_00118.png,,119,1.996437
rice_X_12,lockin,0,0,QR未検出,,lockin,binary,,,14.606183,8,8,1,0.522882,,0.522882,frame_00000.png,frame_00118.png,r180_e125_f0.mp4,180 Hz,1/125,蛍光灯なし,59.606 fps,180,125,0,50,rice,max,X,12,,,frame_00000.png,frame_00118.png,,119,1.996437
rice_X_12,lockin,0,0,QR未検出,,lockin,binary,,,15.787634,8,8,1,0.505809,,0.505809,frame_00000.png,frame_00118.png,r180_e125_f0.mp4,180 Hz,1/125,蛍光灯なし,59.606 fps,180,125,0,50,rice,max,X,12,,,frame_00000.png,frame_00118.png,,119,1.996437
nagaoka_fireworks_X_4,lockin,0,0,QR未検出,,lockin,binary,,,29.212366,12,8,1,0.621378,,0.621378,frame_00000.png,frame_00118.png,r180_e125_f0.mp4,180 Hz,1/125,蛍光灯なし,59.606 fps,180,125,0,51,nagaoka_fireworks,max,X,4,,,frame_00000.png,frame_00118.png,,119,1.996437
nagaoka_fireworks_X_4,lockin,0,0,QR未検出,,lockin,binary,,,15.787634,12,8,1,0.610499,,0.610499,frame_00000.png,frame_00118.png,r180_e125_f0.mp4,180 Hz,1/125,蛍光灯なし,59.606 fps,180,125,0,51,nagaoka_fireworks,max,X,4,,,frame_00000.png,frame_00118.png,,119,1.996437
nagaoka_fireworks_X_4,lockin,0,0,QR未検出,,lockin,binary,,,29.212366,8,8,1,0.580938,,0.580938,frame_00000.png,frame_00118.png,r180_e125_f0.mp4,180 Hz,1/125,蛍光灯なし,59.606 fps,180,125,0,51,nagaoka_fireworks,max,X,4,,,frame_00000.png,frame_00118.png,,119,1.996437
nagaoka_fireworks_X_4,lockin,0,0,QR未検出,,lockin,binary,,,9.606183,12,8,1,0.578912,,0.578912,frame_00000.png,frame_00118.png,r180_e125_f0.mp4,180 Hz,1/125,蛍光灯なし,59.606 fps,180,125,0,51,nagaoka_fireworks,max,X,4,,,frame_00000.png,frame_00118.png,,119,1.996437
nagaoka_fireworks_X_4,lockin,0,0,QR未検出,,lockin,binary,,,14.606183,12,8,1,0.571751,,0.571751,frame_00000.png,frame_00118.png,r180_e125_f0.mp4,180 Hz,1/125,蛍光灯なし,59.606 fps,180,125,0,51,nagaoka_fireworks,max,X,4,,,frame_00000.png,frame_00118.png,,119,1.996437
nagaoka_fireworks_X_4,lockin,0,0,QR未検出,,lockin,binary,,,15.787634,8,8,1,0.564528,,0.564528,frame_00000.png,frame_00118.png,r180_e125_f0.mp4,180 Hz,1/125,蛍光灯なし,59.606 fps,180,125,0,51,nagaoka_fireworks,max,X,4,,,frame_00000.png,frame_00118.png,,119,1.996437
nagaoka_fireworks_X_4,lockin,0,0,QR未検出,,lockin,binary,,,14.606183,4,8,1,0.544825,,0.544825,frame_00000.png,frame_00118.png,r180_e125_f0.mp4,180 Hz,1/125,蛍光灯なし,59.606 fps,180,125,0,51,nagaoka_fireworks,max,X,4,,,frame_00000.png,frame_00118.png,,119,1.996437
nagaoka_fireworks_X_4,lockin,0,0,QR未検出,,lockin,binary,,,9.606183,4,8,1,0.542309,,0.542309,frame_00000.png,frame_00118.png,r180_e125_f0.mp4,180 Hz,1/125,蛍光灯なし,59.606 fps,180,125,0,51,nagaoka_fireworks,max,X,4,,,frame_00000.png,frame_00118.png,,119,1.996437
nagaoka_fireworks_X_4,lockin,0,0,QR未検出,,lockin,binary,,,15.787634,4,8,1,0.523991,,0.523991,frame_00000.png,frame_00118.png,r180_e125_f0.mp4,180 Hz,1/125,蛍光灯なし,59.606 fps,180,125,0,51,nagaoka_fireworks,max,X,4,,,frame_00000.png,frame_00118.png,,119,1.996437
nagaoka_fireworks_X_4,lockin,0,0,QR未検出,,lockin,binary,,,29.212366,4,8,1,0.518578,,0.518578,frame_00000.png,frame_00118.png,r180_e125_f0.mp4,180 Hz,1/125,蛍光灯なし,59.606 fps,180,125,0,51,nagaoka_fireworks,max,X,4,,,frame_00000.png,frame_00118.png,,119,1.996437
nagaoka_fireworks_X_4,lockin,0,0,QR未検出,,lockin,binary,,,9.606183,8,8,1,0.517983,,0.517983,frame_00000.png,frame_00118.png,r180_e125_f0.mp4,180 Hz,1/125,蛍光灯なし,59.606 fps,180,125,0,51,nagaoka_fireworks,max,X,4,,,frame_00000.png,frame_00118.png,,119,1.996437
nagaoka_fireworks_X_4,lockin,0,0,QR未検出,,lockin,binary,,,14.606183,8,8,1,0.509975,,0.509975,frame_00000.png,frame_00118.png,r180_e125_f0.mp4,180 Hz,1/125,蛍光灯なし,59.606 fps,180,125,0,51,nagaoka_fireworks,max,X,4,,,frame_00000.png,frame_00118.png,,119,1.996437
nagaoka_fireworks_X_8,lockin,0,0,QR未検出,,lockin,binary,,,29.212366,12,8,1,0.680535,,0.680535,frame_00000.png,frame_00118.png,r180_e125_f0.mp4,180 Hz,1/125,蛍光灯なし,59.606 fps,180,125,0,52,nagaoka_fireworks,max,X,8,,,frame_00000.png,frame_00118.png,,119,1.996437
nagaoka_fireworks_X_8,lockin,0,0,QR未検出,,lockin,binary,,,15.787634,12,8,1,0.649816,,0.649816,frame_00000.png,frame_00118.png,r180_e125_f0.mp4,180 Hz,1/125,蛍光灯なし,59.606 fps,180,125,0,52,nagaoka_fireworks,max,X,8,,,frame_00000.png,frame_00118.png,,119,1.996437
nagaoka_fireworks_X_8,lockin,0,0,QR未検出,,lockin,binary,,,9.606183,12,8,1,0.648118,,0.648118,frame_00000.png,frame_00118.png,r180_e125_f0.mp4,180 Hz,1/125,蛍光灯なし,59.606 fps,180,125,0,52,nagaoka_fireworks,max,X,8,,,frame_00000.png,frame_00118.png,,119,1.996437
nagaoka_fireworks_X_8,lockin,0,0,QR未検出,,lockin,binary,,,14.606183,12,8,1,0.644955,,0.644955,frame_00000.png,frame_00118.png,r180_e125_f0.mp4,180 Hz,1/125,蛍光灯なし,59.606 fps,180,125,0,52,nagaoka_fireworks,max,X,8,,,frame_00000.png,frame_00118.png,,119,1.996437
nagaoka_fireworks_X_8,lockin,0,0,QR未検出,,lockin,binary,,,15.787634,8,8,1,0.640199,,0.640199,frame_00000.png,frame_00118.png,r180_e125_f0.mp4,180 Hz,1/125,蛍光灯なし,59.606 fps,180,125,0,52,nagaoka_fireworks,max,X,8,,,frame_00000.png,frame_00118.png,,119,1.996437
nagaoka_fireworks_X_8,lockin,0,0,QR未検出,,lockin,binary,,,14.606183,8,8,1,0.604322,,0.604322,frame_00000.png,frame_00118.png,r180_e125_f0.mp4,180 Hz,1/125,蛍光灯なし,59.606 fps,180,125,0,52,nagaoka_fireworks,max,X,8,,,frame_00000.png,frame_00118.png,,119,1.996437
nagaoka_fireworks_X_8,lockin,0,0,QR未検出,,lockin,binary,,,29.212366,8,8,1,0.600379,,0.600379,frame_00000.png,frame_00118.png,r180_e125_f0.mp4,180 Hz,1/125,蛍光灯なし,59.606 fps,180,125,0,52,nagaoka_fireworks,max,X,8,,,frame_00000.png,frame_00118.png,,119,1.996437
nagaoka_fireworks_X_8,lockin,0,0,QR未検出,,lockin,binary,,,9.606183,8,8,1,0.587498,,0.587498,frame_00000.png,frame_00118.png,r180_e125_f0.mp4,180 Hz,1/125,蛍光灯なし,59.606 fps,180,125,0,52,nagaoka_fireworks,max,X,8,,,frame_00000.png,frame_00118.png,,119,1.996437
nagaoka_fireworks_X_8,lockin,0,0,QR未検出,,lockin,binary,,,9.606183,4,8,1,0.520952,,0.520952,frame_00000.png,frame_00118.png,r180_e125_f0.mp4,180 Hz,1/125,蛍光灯なし,59.606 fps,180,125,0,52,nagaoka_fireworks,max,X,8,,,frame_00000.png,frame_00118.png,,119,1.996437
nagaoka_fireworks_X_8,lockin,0,0,QR未検出,,lockin,binary,,,15.787634,4,8,1,0.520041,,0.520041,frame_00000.png,frame_00118.png,r180_e125_f0.mp4,180 Hz,1/125,蛍光灯なし,59.606 fps,180,125,0,52,nagaoka_fireworks,max,X,8,,,frame_00000.png,frame_00118.png,,119,1.996437
nagaoka_fireworks_X_8,lockin,0,0,QR未検出,,lockin,binary,,,29.212366,4,8,1,0.511875,,0.511875,frame_00000.png,frame_00118.png,r180_e125_f0.mp4,180 Hz,1/125,蛍光灯なし,59.606 fps,180,125,0,52,nagaoka_fireworks,max,X,8,,,frame_00000.png,frame_00118.png,,119,1.996437
nagaoka_fireworks_X_8,lockin,0,0,QR未検出,,lockin,binary,,,14.606183,4,8,1,0.511133,,0.511133,frame_00000.png,frame_00118.png,r180_e125_f0.mp4,180 Hz,1/125,蛍光灯なし,59.606 fps,180,125,0,52,nagaoka_fireworks,max,X,8,,,frame_00000.png,frame_00118.png,,119,1.996437
nagaoka_fireworks_X_12,lockin,1,0,QR未検出,,lockin,binary,,,29.212366,12,8,1,0.852163,,0.852163,frame_00000.png,frame_00118.png,r180_e125_f0.mp4,180 Hz,1/125,蛍光灯なし,59.606 fps,180,125,0,53,nagaoka_fireworks,max,X,12,,,frame_00000.png,frame_00118.png,,119,1.996437
nagaoka_fireworks_X_12,lockin,0,0,QR未検出,,lockin,binary,,,29.212366,8,8,1,0.797537,,0.797537,frame_00000.png,frame_00118.png,r180_e125_f0.mp4,180 Hz,1/125,蛍光灯なし,59.606 fps,180,125,0,53,nagaoka_fireworks,max,X,12,,,frame_00000.png,frame_00118.png,,119,1.996437
nagaoka_fireworks_X_12,lockin,0,0,QR未検出,,lockin,binary,,,15.787634,12,8,1,0.659166,,0.659166,frame_00000.png,frame_00118.png,r180_e125_f0.mp4,180 Hz,1/125,蛍光灯なし,59.606 fps,180,125,0,53,nagaoka_fireworks,max,X,12,,,frame_00000.png,frame_00118.png,,119,1.996437
nagaoka_fireworks_X_12,lockin,0,0,QR未検出,,lockin,binary,,,14.606183,12,8,1,0.655595,,0.655595,frame_00000.png,frame_00118.png,r180_e125_f0.mp4,180 Hz,1/125,蛍光灯なし,59.606 fps,180,125,0,53,nagaoka_fireworks,max,X,12,,,frame_00000.png,frame_00118.png,,119,1.996437
nagaoka_fireworks_X_12,lockin,0,0,QR未検出,,lockin,binary,,,29.212366,4,8,1,0.632455,,0.632455,frame_00000.png,frame_00118.png,r180_e125_f0.mp4,180 Hz,1/125,蛍光灯なし,59.606 fps,180,125,0,53,nagaoka_fireworks,max,X,12,,,frame_00000.png,frame_00118.png,,119,1.996437
nagaoka_fireworks_X_12,lockin,0,0,QR未検出,,lockin,binary,,,9.606183,12,8,1,0.632217,,0.632217,frame_00000.png,frame_00118.png,r180_e125_f0.mp4,180 Hz,1/125,蛍光灯なし,59.606 fps,180,125,0,53,nagaoka_fireworks,max,X,12,,,frame_00000.png,frame_00118.png,,119,1.996437
nagaoka_fireworks_X_12,lockin,0,0,QR未検出,,lockin,binary,,,14.606183,8,8,1,0.591513,,0.591513,frame_00000.png,frame_00118.png,r180_e125_f0.mp4,180 Hz,1/125,蛍光灯なし,59.606 fps,180,125,0,53,nagaoka_fireworks,max,X,12,,,frame_00000.png,frame_00118.png,,119,1.996437
nagaoka_fireworks_X_12,lockin,0,0,QR未検出,,lockin,binary,,,15.787634,8,8,1,0.588096,,0.588096,frame_00000.png,frame_00118.png,r180_e125_f0.mp4,180 Hz,1/125,蛍光灯なし,59.606 fps,180,125,0,53,nagaoka_fireworks,max,X,12,,,frame_00000.png,frame_00118.png,,119,1.996437
nagaoka_fireworks_X_12,lockin,0,0,QR未検出,,lockin,binary,,,9.606183,8,8,1,0.567065,,0.567065,frame_00000.png,frame_00118.png,r180_e125_f0.mp4,180 Hz,1/125,蛍光灯なし,59.606 fps,180,125,0,53,nagaoka_fireworks,max,X,12,,,frame_00000.png,frame_00118.png,,119,1.996437
nagaoka_fireworks_X_12,lockin,0,0,QR未検出,,lockin,binary,,,9.606183,4,8,1,0.519974,,0.519974,frame_00000.png,frame_00118.png,r180_e125_f0.mp4,180 Hz,1/125,蛍光灯なし,59.606 fps,180,125,0,53,nagaoka_fireworks,max,X,12,,,frame_00000.png,frame_00118.png,,119,1.996437
nagaoka_fireworks_X_12,lockin,0,0,QR未検出,,lockin,binary,,,15.787634,4,8,1,0.512421,,0.512421,frame_00000.png,frame_00118.png,r180_e125_f0.mp4,180 Hz,1/125,蛍光灯なし,59.606 fps,180,125,0,53,nagaoka_fireworks,max,X,12,,,frame_00000.png,frame_00118.png,,119,1.996437
nagaoka_fireworks_X_12,lockin,0,0,QR未検出,,lockin,binary,,,14.606183,4,8,1,0.510610,,0.510610,frame_00000.png,frame_00118.png,r180_e125_f0.mp4,180 Hz,1/125,蛍光灯なし,59.606 fps,180,125,0,53,nagaoka_fireworks,max,X,12,,,frame_00000.png,frame_00118.png,,119,1.996437
hocho_X_4,lockin,0,0,QR未検出,,lockin,binary,,,9.606183,4,8,1,0.631071,,0.631071,frame_00000.png,frame_00118.png,r180_e125_f0.mp4,180 Hz,1/125,蛍光灯なし,59.606 fps,180,125,0,54,hocho,max,X,4,,,frame_00000.png,frame_00118.png,,119,1.996437
hocho_X_4,lockin,0,0,QR未検出,,lockin,binary,,,29.212366,12,8,1,0.625098,,0.625098,frame_00000.png,frame_00118.png,r180_e125_f0.mp4,180 Hz,1/125,蛍光灯なし,59.606 fps,180,125,0,54,hocho,max,X,4,,,frame_00000.png,frame_00118.png,,119,1.996437
hocho_X_4,lockin,0,0,QR未検出,,lockin,binary,,,14.606183,12,8,1,0.624221,,0.624221,frame_00000.png,frame_00118.png,r180_e125_f0.mp4,180 Hz,1/125,蛍光灯なし,59.606 fps,180,125,0,54,hocho,max,X,4,,,frame_00000.png,frame_00118.png,,119,1.996437
hocho_X_4,lockin,0,0,QR未検出,,lockin,binary,,,15.787634,4,8,1,0.608581,,0.608581,frame_00000.png,frame_00118.png,r180_e125_f0.mp4,180 Hz,1/125,蛍光灯なし,59.606 fps,180,125,0,54,hocho,max,X,4,,,frame_00000.png,frame_00118.png,,119,1.996437
hocho_X_4,lockin,0,0,QR未検出,,lockin,binary,,,15.787634,12,8,1,0.598260,,0.598260,frame_00000.png,frame_00118.png,r180_e125_f0.mp4,180 Hz,1/125,蛍光灯なし,59.606 fps,180,125,0,54,hocho,max,X,4,,,frame_00000.png,frame_00118.png,,119,1.996437
hocho_X_4,lockin,0,0,QR未検出,,lockin,binary,,,29.212366,8,8,1,0.590752,,0.590752,frame_00000.png,frame_00118.png,r180_e125_f0.mp4,180 Hz,1/125,蛍光灯なし,59.606 fps,180,125,0,54,hocho,max,X,4,,,frame_00000.png,frame_00118.png,,119,1.996437
hocho_X_4,lockin,0,0,QR未検出,,lockin,binary,,,14.606183,8,8,1,0.584532,,0.584532,frame_00000.png,frame_00118.png,r180_e125_f0.mp4,180 Hz,1/125,蛍光灯なし,59.606 fps,180,125,0,54,hocho,max,X,4,,,frame_00000.png,frame_00118.png,,119,1.996437
hocho_X_4,lockin,0,0,QR未検出,,lockin,binary,,,9.606183,12,8,1,0.564381,,0.564381,frame_00000.png,frame_00118.png,r180_e125_f0.mp4,180 Hz,1/125,蛍光灯なし,59.606 fps,180,125,0,54,hocho,max,X,4,,,frame_00000.png,frame_00118.png,,119,1.996437
hocho_X_4,lockin,0,0,QR未検出,,lockin,binary,,,14.606183,4,8,1,0.556759,,0.556759,frame_00000.png,frame_00118.png,r180_e125_f0.mp4,180 Hz,1/125,蛍光灯なし,59.606 fps,180,125,0,54,hocho,max,X,4,,,frame_00000.png,frame_00118.png,,119,1.996437
hocho_X_4,lockin,0,0,QR未検出,,lockin,binary,,,29.212366,4,8,1,0.551677,,0.551677,frame_00000.png,frame_00118.png,r180_e125_f0.mp4,180 Hz,1/125,蛍光灯なし,59.606 fps,180,125,0,54,hocho,max,X,4,,,frame_00000.png,frame_00118.png,,119,1.996437
hocho_X_4,lockin,0,0,QR未検出,,lockin,binary,,,9.606183,8,8,1,0.529972,,0.529972,frame_00000.png,frame_00118.png,r180_e125_f0.mp4,180 Hz,1/125,蛍光灯なし,59.606 fps,180,125,0,54,hocho,max,X,4,,,frame_00000.png,frame_00118.png,,119,1.996437
hocho_X_4,lockin,0,0,QR未検出,,lockin,binary,,,15.787634,8,8,1,0.528089,,0.528089,frame_00000.png,frame_00118.png,r180_e125_f0.mp4,180 Hz,1/125,蛍光灯なし,59.606 fps,180,125,0,54,hocho,max,X,4,,,frame_00000.png,frame_00118.png,,119,1.996437
hocho_X_8,lockin,1,0,QR未検出,,lockin,binary,,,29.212366,12,8,1,0.681058,,0.681058,frame_00000.png,frame_00118.png,r180_e125_f0.mp4,180 Hz,1/125,蛍光灯なし,59.606 fps,180,125,0,55,hocho,max,X,8,,,frame_00000.png,frame_00118.png,,119,1.996437
hocho_X_8,lockin,0,0,QR未検出,,lockin,binary,,,29.212366,8,8,1,0.630202,,0.630202,frame_00000.png,frame_00118.png,r180_e125_f0.mp4,180 Hz,1/125,蛍光灯なし,59.606 fps,180,125,0,55,hocho,max,X,8,,,frame_00000.png,frame_00118.png,,119,1.996437
hocho_X_8,lockin,0,0,QR未検出,,lockin,binary,,,9.606183,4,8,1,0.628335,,0.628335,frame_00000.png,frame_00118.png,r180_e125_f0.mp4,180 Hz,1/125,蛍光灯なし,59.606 fps,180,125,0,55,hocho,max,X,8,,,frame_00000.png,frame_00118.png,,119,1.996437
hocho_X_8,lockin,0,0,QR未検出,,lockin,binary,,,15.787634,12,8,1,0.623744,,0.623744,frame_00000.png,frame_00118.png,r180_e125_f0.mp4,180 Hz,1/125,蛍光灯なし,59.606 fps,180,125,0,55,hocho,max,X,8,,,frame_00000.png,frame_00118.png,,119,1.996437
hocho_X_8,lockin,0,0,QR未検出,,lockin,binary,,,14.606183,12,8,1,0.614140,,0.614140,frame_00000.png,frame_00118.png,r180_e125_f0.mp4,180 Hz,1/125,蛍光灯なし,59.606 fps,180,125,0,55,hocho,max,X,8,,,frame_00000.png,frame_00118.png,,119,1.996437
hocho_X_8,lockin,0,0,QR未検出,,lockin,binary,,,14.606183,4,8,1,0.597665,,0.597665,frame_00000.png,frame_00118.png,r180_e125_f0.mp4,180 Hz,1/125,蛍光灯なし,59.606 fps,180,125,0,55,hocho,max,X,8,,,frame_00000.png,frame_00118.png,,119,1.996437
hocho_X_8,lockin,0,0,QR未検出,,lockin,binary,,,15.787634,8,8,1,0.592813,,0.592813,frame_00000.png,frame_00118.png,r180_e125_f0.mp4,180 Hz,1/125,蛍光灯なし,59.606 fps,180,125,0,55,hocho,max,X,8,,,frame_00000.png,frame_00118.png,,119,1.996437
hocho_X_8,lockin,0,0,QR未検出,,lockin,binary,,,9.606183,12,8,1,0.590916,,0.590916,frame_00000.png,frame_00118.png,r180_e125_f0.mp4,180 Hz,1/125,蛍光灯なし,59.606 fps,180,125,0,55,hocho,max,X,8,,,frame_00000.png,frame_00118.png,,119,1.996437
hocho_X_8,lockin,0,0,QR未検出,,lockin,binary,,,29.212366,4,8,1,0.577323,,0.577323,frame_00000.png,frame_00118.png,r180_e125_f0.mp4,180 Hz,1/125,蛍光灯なし,59.606 fps,180,125,0,55,hocho,max,X,8,,,frame_00000.png,frame_00118.png,,119,1.996437
hocho_X_8,lockin,0,0,QR未検出,,lockin,binary,,,15.787634,4,8,1,0.574767,,0.574767,frame_00000.png,frame_00118.png,r180_e125_f0.mp4,180 Hz,1/125,蛍光灯なし,59.606 fps,180,125,0,55,hocho,max,X,8,,,frame_00000.png,frame_00118.png,,119,1.996437
hocho_X_8,lockin,0,0,QR未検出,,lockin,binary,,,14.606183,8,8,1,0.570998,,0.570998,frame_00000.png,frame_00118.png,r180_e125_f0.mp4,180 Hz,1/125,蛍光灯なし,59.606 fps,180,125,0,55,hocho,max,X,8,,,frame_00000.png,frame_00118.png,,119,1.996437
hocho_X_8,lockin,0,0,QR未検出,,lockin,binary,,,9.606183,8,8,1,0.513528,,0.513528,frame_00000.png,frame_00118.png,r180_e125_f0.mp4,180 Hz,1/125,蛍光灯なし,59.606 fps,180,125,0,55,hocho,max,X,8,,,frame_00000.png,frame_00118.png,,119,1.996437
hocho_X_12,lockin,1,0,QR未検出,,lockin,binary,,,29.212366,12,8,1,0.798314,,0.798314,frame_00000.png,frame_00118.png,r180_e125_f0.mp4,180 Hz,1/125,蛍光灯なし,59.606 fps,180,125,0,56,hocho,max,X,12,,,frame_00000.png,frame_00118.png,,119,1.996437
hocho_X_12,lockin,0,0,QR未検出,,lockin,binary,,,29.212366,8,8,1,0.740307,,0.740307,frame_00000.png,frame_00118.png,r180_e125_f0.mp4,180 Hz,1/125,蛍光灯なし,59.606 fps,180,125,0,56,hocho,max,X,12,,,frame_00000.png,frame_00118.png,,119,1.996437
hocho_X_12,lockin,0,0,QR未検出,,lockin,binary,,,15.787634,12,8,1,0.682897,,0.682897,frame_00000.png,frame_00118.png,r180_e125_f0.mp4,180 Hz,1/125,蛍光灯なし,59.606 fps,180,125,0,56,hocho,max,X,12,,,frame_00000.png,frame_00118.png,,119,1.996437
hocho_X_12,lockin,0,0,QR未検出,,lockin,binary,,,14.606183,12,8,1,0.675623,,0.675623,frame_00000.png,frame_00118.png,r180_e125_f0.mp4,180 Hz,1/125,蛍光灯なし,59.606 fps,180,125,0,56,hocho,max,X,12,,,frame_00000.png,frame_00118.png,,119,1.996437
hocho_X_12,lockin,0,0,QR未検出,,lockin,binary,,,9.606183,12,8,1,0.646806,,0.646806,frame_00000.png,frame_00118.png,r180_e125_f0.mp4,180 Hz,1/125,蛍光灯なし,59.606 fps,180,125,0,56,hocho,max,X,12,,,frame_00000.png,frame_00118.png,,119,1.996437
hocho_X_12,lockin,0,0,QR未検出,,lockin,binary,,,9.606183,4,8,1,0.622939,,0.622939,frame_00000.png,frame_00118.png,r180_e125_f0.mp4,180 Hz,1/125,蛍光灯なし,59.606 fps,180,125,0,56,hocho,max,X,12,,,frame_00000.png,frame_00118.png,,119,1.996437
hocho_X_12,lockin,0,0,QR未検出,,lockin,binary,,,14.606183,8,8,1,0.620274,,0.620274,frame_00000.png,frame_00118.png,r180_e125_f0.mp4,180 Hz,1/125,蛍光灯なし,59.606 fps,180,125,0,56,hocho,max,X,12,,,frame_00000.png,frame_00118.png,,119,1.996437
hocho_X_12,lockin,0,0,QR未検出,,lockin,binary,,,15.787634,8,8,1,0.619830,,0.619830,frame_00000.png,frame_00118.png,r180_e125_f0.mp4,180 Hz,1/125,蛍光灯なし,59.606 fps,180,125,0,56,hocho,max,X,12,,,frame_00000.png,frame_00118.png,,119,1.996437
hocho_X_12,lockin,0,0,QR未検出,,lockin,binary,,,15.787634,4,8,1,0.604623,,0.604623,frame_00000.png,frame_00118.png,r180_e125_f0.mp4,180 Hz,1/125,蛍光灯なし,59.606 fps,180,125,0,56,hocho,max,X,12,,,frame_00000.png,frame_00118.png,,119,1.996437
hocho_X_12,lockin,0,0,QR未検出,,lockin,binary,,,14.606183,4,8,1,0.603659,,0.603659,frame_00000.png,frame_00118.png,r180_e125_f0.mp4,180 Hz,1/125,蛍光灯なし,59.606 fps,180,125,0,56,hocho,max,X,12,,,frame_00000.png,frame_00118.png,,119,1.996437
hocho_X_12,lockin,0,0,QR未検出,,lockin,binary,,,9.606183,8,8,1,0.555804,,0.555804,frame_00000.png,frame_00118.png,r180_e125_f0.mp4,180 Hz,1/125,蛍光灯なし,59.606 fps,180,125,0,56,hocho,max,X,12,,,frame_00000.png,frame_00118.png,,119,1.996437
hocho_X_12,lockin,0,0,QR未検出,,lockin,binary,,,29.212366,4,8,1,0.506542,,0.506542,frame_00000.png,frame_00118.png,r180_e125_f0.mp4,180 Hz,1/125,蛍光灯なし,59.606 fps,180,125,0,56,hocho,max,X,12,,,frame_00000.png,frame_00118.png,,119,1.996437
ex_X_4,lockin,0,0,QR未検出,,lockin,binary,,,15.787634,12,8,1,0.636180,,0.636180,frame_00000.png,frame_00118.png,r180_e125_f0.mp4,180 Hz,1/125,蛍光灯なし,59.606 fps,180,125,0,57,ex,max,X,4,,,frame_00000.png,frame_00118.png,,119,1.996437
ex_X_4,lockin,0,0,QR未検出,,lockin,binary,,,29.212366,12,8,1,0.632014,,0.632014,frame_00000.png,frame_00118.png,r180_e125_f0.mp4,180 Hz,1/125,蛍光灯なし,59.606 fps,180,125,0,57,ex,max,X,4,,,frame_00000.png,frame_00118.png,,119,1.996437
ex_X_4,lockin,0,0,QR未検出,,lockin,binary,,,14.606183,4,8,1,0.630735,,0.630735,frame_00000.png,frame_00118.png,r180_e125_f0.mp4,180 Hz,1/125,蛍光灯なし,59.606 fps,180,125,0,57,ex,max,X,4,,,frame_00000.png,frame_00118.png,,119,1.996437
ex_X_4,lockin,0,0,QR未検出,,lockin,binary,,,9.606183,4,8,1,0.629785,,0.629785,frame_00000.png,frame_00118.png,r180_e125_f0.mp4,180 Hz,1/125,蛍光灯なし,59.606 fps,180,125,0,57,ex,max,X,4,,,frame_00000.png,frame_00118.png,,119,1.996437
ex_X_4,lockin,0,0,QR未検出,,lockin,binary,,,29.212366,4,8,1,0.614563,,0.614563,frame_00000.png,frame_00118.png,r180_e125_f0.mp4,180 Hz,1/125,蛍光灯なし,59.606 fps,180,125,0,57,ex,max,X,4,,,frame_00000.png,frame_00118.png,,119,1.996437
ex_X_4,lockin,0,0,QR未検出,,lockin,binary,,,9.606183,12,8,1,0.596956,,0.596956,frame_00000.png,frame_00118.png,r180_e125_f0.mp4,180 Hz,1/125,蛍光灯なし,59.606 fps,180,125,0,57,ex,max,X,4,,,frame_00000.png,frame_00118.png,,119,1.996437
ex_X_4,lockin,0,0,QR未検出,,lockin,binary,,,15.787634,4,8,1,0.592979,,0.592979,frame_00000.png,frame_00118.png,r180_e125_f0.mp4,180 Hz,1/125,蛍光灯なし,59.606 fps,180,125,0,57,ex,max,X,4,,,frame_00000.png,frame_00118.png,,119,1.996437
ex_X_4,lockin,0,0,QR未検出,,lockin,binary,,,14.606183,12,8,1,0.588651,,0.588651,frame_00000.png,frame_00118.png,r180_e125_f0.mp4,180 Hz,1/125,蛍光灯なし,59.606 fps,180,125,0,57,ex,max,X,4,,,frame_00000.png,frame_00118.png,,119,1.996437
ex_X_4,lockin,0,0,QR未検出,,lockin,binary,,,15.787634,8,8,1,0.587678,,0.587678,frame_00000.png,frame_00118.png,r180_e125_f0.mp4,180 Hz,1/125,蛍光灯なし,59.606 fps,180,125,0,57,ex,max,X,4,,,frame_00000.png,frame_00118.png,,119,1.996437
ex_X_4,lockin,0,0,QR未検出,,lockin,binary,,,29.212366,8,8,1,0.540440,,0.540440,frame_00000.png,frame_00118.png,r180_e125_f0.mp4,180 Hz,1/125,蛍光灯なし,59.606 fps,180,125,0,57,ex,max,X,4,,,frame_00000.png,frame_00118.png,,119,1.996437
ex_X_4,lockin,0,0,QR未検出,,lockin,binary,,,14.606183,8,8,1,0.527293,,0.527293,frame_00000.png,frame_00118.png,r180_e125_f0.mp4,180 Hz,1/125,蛍光灯なし,59.606 fps,180,125,0,57,ex,max,X,4,,,frame_00000.png,frame_00118.png,,119,1.996437
ex_X_4,lockin,0,0,QR未検出,,lockin,binary,,,9.606183,8,8,1,0.516785,,0.516785,frame_00000.png,frame_00118.png,r180_e125_f0.mp4,180 Hz,1/125,蛍光灯なし,59.606 fps,180,125,0,57,ex,max,X,4,,,frame_00000.png,frame_00118.png,,119,1.996437
ex_X_8,lockin,1,0,QR未検出,,lockin,binary,,,29.212366,12,8,1,0.718735,,0.718735,frame_00000.png,frame_00118.png,r180_e125_f0.mp4,180 Hz,1/125,蛍光灯なし,59.606 fps,180,125,0,58,ex,max,X,8,,,frame_00000.png,frame_00118.png,,119,1.996437
ex_X_8,lockin,0,0,QR未検出,,lockin,binary,,,14.606183,12,8,1,0.690949,,0.690949,frame_00000.png,frame_00118.png,r180_e125_f0.mp4,180 Hz,1/125,蛍光灯なし,59.606 fps,180,125,0,58,ex,max,X,8,,,frame_00000.png,frame_00118.png,,119,1.996437
ex_X_8,lockin,0,0,QR未検出,,lockin,binary,,,9.606183,12,8,1,0.680361,,0.680361,frame_00000.png,frame_00118.png,r180_e125_f0.mp4,180 Hz,1/125,蛍光灯なし,59.606 fps,180,125,0,58,ex,max,X,8,,,frame_00000.png,frame_00118.png,,119,1.996437
ex_X_8,lockin,0,0,QR未検出,,lockin,binary,,,15.787634,12,8,1,0.642504,,0.642504,frame_00000.png,frame_00118.png,r180_e125_f0.mp4,180 Hz,1/125,蛍光灯なし,59.606 fps,180,125,0,58,ex,max,X,8,,,frame_00000.png,frame_00118.png,,119,1.996437
ex_X_8,lockin,0,0,QR未検出,,lockin,binary,,,29.212366,8,8,1,0.641342,,0.641342,frame_00000.png,frame_00118.png,r180_e125_f0.mp4,180 Hz,1/125,蛍光灯なし,59.606 fps,180,125,0,58,ex,max,X,8,,,frame_00000.png,frame_00118.png,,119,1.996437
ex_X_8,lockin,0,0,QR未検出,,lockin,binary,,,9.606183,8,8,1,0.639381,,0.639381,frame_00000.png,frame_00118.png,r180_e125_f0.mp4,180 Hz,1/125,蛍光灯なし,59.606 fps,180,125,0,58,ex,max,X,8,,,frame_00000.png,frame_00118.png,,119,1.996437
ex_X_8,lockin,0,0,QR未検出,,lockin,binary,,,15.787634,4,8,1,0.623490,,0.623490,frame_00000.png,frame_00118.png,r180_e125_f0.mp4,180 Hz,1/125,蛍光灯なし,59.606 fps,180,125,0,58,ex,max,X,8,,,frame_00000.png,frame_00118.png,,119,1.996437
ex_X_8,lockin,0,0,QR未検出,,lockin,binary,,,14.606183,8,8,1,0.614785,,0.614785,frame_00000.png,frame_00118.png,r180_e125_f0.mp4,180 Hz,1/125,蛍光灯なし,59.606 fps,180,125,0,58,ex,max,X,8,,,frame_00000.png,frame_00118.png,,119,1.996437
ex_X_8,lockin,0,0,QR未検出,,lockin,binary,,,14.606183,4,8,1,0.594617,,0.594617,frame_00000.png,frame_00118.png,r180_e125_f0.mp4,180 Hz,1/125,蛍光灯なし,59.606 fps,180,125,0,58,ex,max,X,8,,,frame_00000.png,frame_00118.png,,119,1.996437
ex_X_8,lockin,0,0,QR未検出,,lockin,binary,,,29.212366,4,8,1,0.584030,,0.584030,frame_00000.png,frame_00118.png,r180_e125_f0.mp4,180 Hz,1/125,蛍光灯なし,59.606 fps,180,125,0,58,ex,max,X,8,,,frame_00000.png,frame_00118.png,,119,1.996437
ex_X_8,lockin,0,0,QR未検出,,lockin,binary,,,9.606183,4,8,1,0.583904,,0.583904,frame_00000.png,frame_00118.png,r180_e125_f0.mp4,180 Hz,1/125,蛍光灯なし,59.606 fps,180,125,0,58,ex,max,X,8,,,frame_00000.png,frame_00118.png,,119,1.996437
ex_X_8,lockin,0,0,QR未検出,,lockin,binary,,,15.787634,8,8,1,0.504756,,0.504756,frame_00000.png,frame_00118.png,r180_e125_f0.mp4,180 Hz,1/125,蛍光灯なし,59.606 fps,180,125,0,58,ex,max,X,8,,,frame_00000.png,frame_00118.png,,119,1.996437
ex_X_12,lockin,0,0,QR未検出,,lockin,binary,,,29.212366,12,8,1,0.819955,,0.819955,frame_00000.png,frame_00118.png,r180_e125_f0.mp4,180 Hz,1/125,蛍光灯なし,59.606 fps,180,125,0,59,ex,max,X,12,,,frame_00000.png,frame_00118.png,,119,1.996437
ex_X_12,lockin,0,0,QR未検出,,lockin,binary,,,15.787634,12,8,1,0.723258,,0.723258,frame_00000.png,frame_00118.png,r180_e125_f0.mp4,180 Hz,1/125,蛍光灯なし,59.606 fps,180,125,0,59,ex,max,X,12,,,frame_00000.png,frame_00118.png,,119,1.996437
ex_X_12,lockin,0,0,QR未検出,,lockin,binary,,,29.212366,8,8,1,0.687708,,0.687708,frame_00000.png,frame_00118.png,r180_e125_f0.mp4,180 Hz,1/125,蛍光灯なし,59.606 fps,180,125,0,59,ex,max,X,12,,,frame_00000.png,frame_00118.png,,119,1.996437
ex_X_12,lockin,0,0,QR未検出,,lockin,binary,,,14.606183,12,8,1,0.641475,,0.641475,frame_00000.png,frame_00118.png,r180_e125_f0.mp4,180 Hz,1/125,蛍光灯なし,59.606 fps,180,125,0,59,ex,max,X,12,,,frame_00000.png,frame_00118.png,,119,1.996437
ex_X_12,lockin,0,0,QR未検出,,lockin,binary,,,9.606183,12,8,1,0.635360,,0.635360,frame_00000.png,frame_00118.png,r180_e125_f0.mp4,180 Hz,1/125,蛍光灯なし,59.606 fps,180,125,0,59,ex,max,X,12,,,frame_00000.png,frame_00118.png,,119,1.996437
ex_X_12,lockin,0,0,QR未検出,,lockin,binary,,,9.606183,4,8,1,0.631197,,0.631197,frame_00000.png,frame_00118.png,r180_e125_f0.mp4,180 Hz,1/125,蛍光灯なし,59.606 fps,180,125,0,59,ex,max,X,12,,,frame_00000.png,frame_00118.png,,119,1.996437
ex_X_12,lockin,0,0,QR未検出,,lockin,binary,,,14.606183,4,8,1,0.629743,,0.629743,frame_00000.png,frame_00118.png,r180_e125_f0.mp4,180 Hz,1/125,蛍光灯なし,59.606 fps,180,125,0,59,ex,max,X,12,,,frame_00000.png,frame_00118.png,,119,1.996437
ex_X_12,lockin,0,0,QR未検出,,lockin,binary,,,15.787634,4,8,1,0.617860,,0.617860,frame_00000.png,frame_00118.png,r180_e125_f0.mp4,180 Hz,1/125,蛍光灯なし,59.606 fps,180,125,0,59,ex,max,X,12,,,frame_00000.png,frame_00118.png,,119,1.996437
ex_X_12,lockin,0,0,QR未検出,,lockin,binary,,,29.212366,4,8,1,0.574865,,0.574865,frame_00000.png,frame_00118.png,r180_e125_f0.mp4,180 Hz,1/125,蛍光灯なし,59.606 fps,180,125,0,59,ex,max,X,12,,,frame_00000.png,frame_00118.png,,119,1.996437
ex_X_12,lockin,0,0,QR未検出,,lockin,binary,,,15.787634,8,8,1,0.568850,,0.568850,frame_00000.png,frame_00118.png,r180_e125_f0.mp4,180 Hz,1/125,蛍光灯なし,59.606 fps,180,125,0,59,ex,max,X,12,,,frame_00000.png,frame_00118.png,,119,1.996437
ex_X_12,lockin,0,0,QR未検出,,lockin,binary,,,9.606183,8,8,1,0.521033,,0.521033,frame_00000.png,frame_00118.png,r180_e125_f0.mp4,180 Hz,1/125,蛍光灯なし,59.606 fps,180,125,0,59,ex,max,X,12,,,frame_00000.png,frame_00118.png,,119,1.996437
ex_X_12,lockin,0,0,QR未検出,,lockin,binary,,,14.606183,8,8,1,0.516366,,0.516366,frame_00000.png,frame_00118.png,r180_e125_f0.mp4,180 Hz,1/125,蛍光灯なし,59.606 fps,180,125,0,59,ex,max,X,12,,,frame_00000.png,frame_00118.png,,119,1.996437
ex_B_12,lockin,0,0,QR未検出,,lockin,binary,,,9.606183,30,8,1,0.650059,,0.650059,frame_00000.png,frame_00118.png,r180_e125_f0.mp4,180 Hz,1/125,蛍光灯なし,59.606 fps,180,125,0,35,ex,B,B,12,,,frame_00000.png,frame_00118.png,QR未検出,119,1.996437
ex_B_12,lockin,0,0,QR未検出,,lockin,binary,,,9.606183,50,8,1,0.650176,,0.650176,frame_00000.png,frame_00118.png,r180_e125_f0.mp4,180 Hz,1/125,蛍光灯なし,59.606 fps,180,125,0,35,ex,B,B,12,,,frame_00000.png,frame_00118.png,QR未検出,119,1.996437
ex_B_12,lockin,0,0,QR未検出,,lockin,binary,,,9.606183,70,8,1,0.650222,,0.650222,frame_00000.png,frame_00118.png,r180_e125_f0.mp4,180 Hz,1/125,蛍光灯なし,59.606 fps,180,125,0,35,ex,B,B,12,,,frame_00000.png,frame_00118.png,QR未検出,119,1.996437
ex_B_12,lockin,0,0,QR未検出,,lockin,binary,,,9.606183,901,8,1,0.681684,,0.681684,frame_00000.png,frame_00118.png,r180_e125_f0.mp4,180 Hz,1/125,蛍光灯なし,59.606 fps,180,125,0,35,ex,B,B,12,,,frame_00000.png,frame_00118.png,QR未検出,119,1.996437
ex_B_12,lockin,0,0,QR未検出,,lockin,binary,,,9.606183,902,8,1,0.579666,,0.579666,frame_00000.png,frame_00118.png,r180_e125_f0.mp4,180 Hz,1/125,蛍光灯なし,59.606 fps,180,125,0,35,ex,B,B,12,,,frame_00000.png,frame_00118.png,QR未検出,119,1.996437
ex_B_12,lockin,0,0,QR未検出,,lockin,binary,,,14.606183,30,8,1,0.649922,,0.649922,frame_00000.png,frame_00118.png,r180_e125_f0.mp4,180 Hz,1/125,蛍光灯なし,59.606 fps,180,125,0,35,ex,B,B,12,,,frame_00000.png,frame_00118.png,QR未検出,119,1.996437
ex_B_12,lockin,0,0,QR未検出,,lockin,binary,,,14.606183,50,8,1,0.650171,,0.650171,frame_00000.png,frame_00118.png,r180_e125_f0.mp4,180 Hz,1/125,蛍光灯なし,59.606 fps,180,125,0,35,ex,B,B,12,,,frame_00000.png,frame_00118.png,QR未検出,119,1.996437
ex_B_12,lockin,0,0,QR未検出,,lockin,binary,,,14.606183,70,8,1,0.650222,,0.650222,frame_00000.png,frame_00118.png,r180_e125_f0.mp4,180 Hz,1/125,蛍光灯なし,59.606 fps,180,125,0,35,ex,B,B,12,,,frame_00000.png,frame_00118.png,QR未検出,119,1.996437
ex_B_12,lockin,0,0,QR未検出,,lockin,binary,,,14.606183,901,8,1,0.695227,,0.695227,frame_00000.png,frame_00118.png,r180_e125_f0.mp4,180 Hz,1/125,蛍光灯なし,59.606 fps,180,125,0,35,ex,B,B,12,,,frame_00000.png,frame_00118.png,QR未検出,119,1.996437
ex_B_12,lockin,0,0,QR未検出,,lockin,binary,,,14.606183,902,8,1,0.527178,,0.527178,frame_00000.png,frame_00118.png,r180_e125_f0.mp4,180 Hz,1/125,蛍光灯なし,59.606 fps,180,125,0,35,ex,B,B,12,,,frame_00000.png,frame_00118.png,QR未検出,119,1.996437
ex_B_12,lockin,0,0,QR未検出,,lockin,binary,,,15.787634,30,8,1,0.650155,,0.650155,frame_00000.png,frame_00118.png,r180_e125_f0.mp4,180 Hz,1/125,蛍光灯なし,59.606 fps,180,125,0,35,ex,B,B,12,,,frame_00000.png,frame_00118.png,QR未検出,119,1.996437
ex_B_12,lockin,0,0,QR未検出,,lockin,binary,,,15.787634,50,8,1,0.650202,,0.650202,frame_00000.png,frame_00118.png,r180_e125_f0.mp4,180 Hz,1/125,蛍光灯なし,59.606 fps,180,125,0,35,ex,B,B,12,,,frame_00000.png,frame_00118.png,QR未検出,119,1.996437
ex_B_12,lockin,0,0,QR未検出,,lockin,binary,,,15.787634,70,8,1,0.650222,,0.650222,frame_00000.png,frame_00118.png,r180_e125_f0.mp4,180 Hz,1/125,蛍光灯なし,59.606 fps,180,125,0,35,ex,B,B,12,,,frame_00000.png,frame_00118.png,QR未検出,119,1.996437
ex_B_12,lockin,0,0,QR未検出,,lockin,binary,,,15.787634,901,8,1,0.723190,,0.723190,frame_00000.png,frame_00118.png,r180_e125_f0.mp4,180 Hz,1/125,蛍光灯なし,59.606 fps,180,125,0,35,ex,B,B,12,,,frame_00000.png,frame_00118.png,QR未検出,119,1.996437
ex_B_12,lockin,0,0,QR未検出,,lockin,binary,,,15.787634,902,8,1,0.520167,,0.520167,frame_00000.png,frame_00118.png,r180_e125_f0.mp4,180 Hz,1/125,蛍光灯なし,59.606 fps,180,125,0,35,ex,B,B,12,,,frame_00000.png,frame_00118.png,QR未検出,119,1.996437
ex_B_12,lockin,0,0,QR未検出,,lockin,binary,,,29.212366,30,8,1,0.771748,,0.771748,frame_00000.png,frame_00118.png,r180_e125_f0.mp4,180 Hz,1/125,蛍光灯なし,59.606 fps,180,125,0,35,ex,B,B,12,,,frame_00000.png,frame_00118.png,QR未検出,119,1.996437
ex_B_12,lockin,0,0,QR未検出,,lockin,binary,,,29.212366,50,8,1,0.671083,,0.671083,frame_00000.png,frame_00118.png,r180_e125_f0.mp4,180 Hz,1/125,蛍光灯なし,59.606 fps,180,125,0,35,ex,B,B,12,,,frame_00000.png,frame_00118.png,QR未検出,119,1.996437
ex_B_12,lockin,0,0,QR未検出,,lockin,binary,,,29.212366,70,8,1,0.650267,,0.650267,frame_00000.png,frame_00118.png,r180_e125_f0.mp4,180 Hz,1/125,蛍光灯なし,59.606 fps,180,125,0,35,ex,B,B,12,,,frame_00000.png,frame_00118.png,QR未検出,119,1.996437
ex_B_12,lockin,1,0,QR未検出,,lockin,binary,,,29.212366,901,8,1,0.840147,,0.840147,frame_00000.png,frame_00118.png,r180_e125_f0.mp4,180 Hz,1/125,蛍光灯なし,59.606 fps,180,125,0,35,ex,B,B,12,,,frame_00000.png,frame_00118.png,QR未検出,119,1.996437
ex_B_12,lockin,0,0,QR未検出,,lockin,binary,,,29.212366,902,8,1,0.593648,,0.593648,frame_00000.png,frame_00118.png,r180_e125_f0.mp4,180 Hz,1/125,蛍光灯なし,59.606 fps,180,125,0,35,ex,B,B,12,,,frame_00000.png,frame_00118.png,QR未検出,119,1.996437
ex_B_4,lockin,0,0,QR未検出,,lockin,binary,,,9.606183,30,8,1,0.650204,,0.650204,frame_00000.png,frame_00118.png,r180_e125_f0.mp4,180 Hz,1/125,蛍光灯なし,59.606 fps,180,125,0,33,ex,B,B,4,,,frame_00000.png,frame_00118.png,QR未検出,119,1.996437
ex_B_4,lockin,0,0,QR未検出,,lockin,binary,,,9.606183,50,8,1,0.650222,,0.650222,frame_00000.png,frame_00118.png,r180_e125_f0.mp4,180 Hz,1/125,蛍光灯なし,59.606 fps,180,125,0,33,ex,B,B,4,,,frame_00000.png,frame_00118.png,QR未検出,119,1.996437
ex_B_4,lockin,0,0,QR未検出,,lockin,binary,,,9.606183,70,8,1,0.650222,,0.650222,frame_00000.png,frame_00118.png,r180_e125_f0.mp4,180 Hz,1/125,蛍光灯なし,59.606 fps,180,125,0,33,ex,B,B,4,,,frame_00000.png,frame_00118.png,QR未検出,119,1.996437
ex_B_4,lockin,0,0,QR未検出,,lockin,binary,,,9.606183,901,8,1,0.633300,,0.633300,frame_00000.png,frame_00118.png,r180_e125_f0.mp4,180 Hz,1/125,蛍光灯なし,59.606 fps,180,125,0,33,ex,B,B,4,,,frame_00000.png,frame_00118.png,QR未検出,119,1.996437
ex_B_4,lockin,0,0,QR未検出,,lockin,binary,,,9.606183,902,8,1,0.560105,,0.560105,frame_00000.png,frame_00118.png,r180_e125_f0.mp4,180 Hz,1/125,蛍光灯なし,59.606 fps,180,125,0,33,ex,B,B,4,,,frame_00000.png,frame_00118.png,QR未検出,119,1.996437
ex_B_4,lockin,0,0,QR未検出,,lockin,binary,,,14.606183,30,8,1,0.650176,,0.650176,frame_00000.png,frame_00118.png,r180_e125_f0.mp4,180 Hz,1/125,蛍光灯なし,59.606 fps,180,125,0,33,ex,B,B,4,,,frame_00000.png,frame_00118.png,QR未検出,119,1.996437
ex_B_4,lockin,0,0,QR未検出,,lockin,binary,,,14.606183,50,8,1,0.650136,,0.650136,frame_00000.png,frame_00118.png,r180_e125_f0.mp4,180 Hz,1/125,蛍光灯なし,59.606 fps,180,125,0,33,ex,B,B,4,,,frame_00000.png,frame_00118.png,QR未検出,119,1.996437
ex_B_4,lockin,0,0,QR未検出,,lockin,binary,,,14.606183,70,8,1,0.650195,,0.650195,frame_00000.png,frame_00118.png,r180_e125_f0.mp4,180 Hz,1/125,蛍光灯なし,59.606 fps,180,125,0,33,ex,B,B,4,,,frame_00000.png,frame_00118.png,QR未検出,119,1.996437
ex_B_4,lockin,0,0,QR未検出,,lockin,binary,,,14.606183,901,8,1,0.636823,,0.636823,frame_00000.png,frame_00118.png,r180_e125_f0.mp4,180 Hz,1/125,蛍光灯なし,59.606 fps,180,125,0,33,ex,B,B,4,,,frame_00000.png,frame_00118.png,QR未検出,119,1.996437
ex_B_4,lockin,0,0,QR未検出,,lockin,binary,,,14.606183,902,8,1,0.573983,,0.573983,frame_00000.png,frame_00118.png,r180_e125_f0.mp4,180 Hz,1/125,蛍光灯なし,59.606 fps,180,125,0,33,ex,B,B,4,,,frame_00000.png,frame_00118.png,QR未検出,119,1.996437
ex_B_4,lockin,0,0,QR未検出,,lockin,binary,,,15.787634,30,8,1,0.650185,,0.650185,frame_00000.png,frame_00118.png,r180_e125_f0.mp4,180 Hz,1/125,蛍光灯なし,59.606 fps,180,125,0,33,ex,B,B,4,,,frame_00000.png,frame_00118.png,QR未検出,119,1.996437
ex_B_4,lockin,0,0,QR未検出,,lockin,binary,,,15.787634,50,8,1,0.650192,,0.650192,frame_00000.png,frame_00118.png,r180_e125_f0.mp4,180 Hz,1/125,蛍光灯なし,59.606 fps,180,125,0,33,ex,B,B,4,,,frame_00000.png,frame_00118.png,QR未検出,119,1.996437
ex_B_4,lockin,0,0,QR未検出,,lockin,binary,,,15.787634,70,8,1,0.650222,,0.650222,frame_00000.png,frame_00118.png,r180_e125_f0.mp4,180 Hz,1/125,蛍光灯なし,59.606 fps,180,125,0,33,ex,B,B,4,,,frame_00000.png,frame_00118.png,QR未検出,119,1.996437
ex_B_4,lockin,0,0,QR未検出,,lockin,binary,,,15.787634,901,8,1,0.639365,,0.639365,frame_00000.png,frame_00118.png,r180_e125_f0.mp4,180 Hz,1/125,蛍光灯なし,59.606 fps,180,125,0,33,ex,B,B,4,,,frame_00000.png,frame_00118.png,QR未検出,119,1.996437
ex_B_4,lockin,0,0,QR未検出,,lockin,binary,,,15.787634,902,8,1,0.587868,,0.587868,frame_00000.png,frame_00118.png,r180_e125_f0.mp4,180 Hz,1/125,蛍光灯なし,59.606 fps,180,125,0,33,ex,B,B,4,,,frame_00000.png,frame_00118.png,QR未検出,119,1.996437
ex_B_4,lockin,0,0,QR未検出,,lockin,binary,,,29.212366,30,8,1,0.649674,,0.649674,frame_00000.png,frame_00118.png,r180_e125_f0.mp4,180 Hz,1/125,蛍光灯なし,59.606 fps,180,125,0,33,ex,B,B,4,,,frame_00000.png,frame_00118.png,QR未検出,119,1.996437
ex_B_4,lockin,0,0,QR未検出,,lockin,binary,,,29.212366,50,8,1,0.650159,,0.650159,frame_00000.png,frame_00118.png,r180_e125_f0.mp4,180 Hz,1/125,蛍光灯なし,59.606 fps,180,125,0,33,ex,B,B,4,,,frame_00000.png,frame_00118.png,QR未検出,119,1.996437
ex_B_4,lockin,0,0,QR未検出,,lockin,binary,,,29.212366,70,8,1,0.650222,,0.650222,frame_00000.png,frame_00118.png,r180_e125_f0.mp4,180 Hz,1/125,蛍光灯なし,59.606 fps,180,125,0,33,ex,B,B,4,,,frame_00000.png,frame_00118.png,QR未検出,119,1.996437
ex_B_4,lockin,1,0,QR未検出,,lockin,binary,,,29.212366,901,8,1,0.663416,,0.663416,frame_00000.png,frame_00118.png,r180_e125_f0.mp4,180 Hz,1/125,蛍光灯なし,59.606 fps,180,125,0,33,ex,B,B,4,,,frame_00000.png,frame_00118.png,QR未検出,119,1.996437
ex_B_4,lockin,0,0,QR未検出,,lockin,binary,,,29.212366,902,8,1,0.568598,,0.568598,frame_00000.png,frame_00118.png,r180_e125_f0.mp4,180 Hz,1/125,蛍光灯なし,59.606 fps,180,125,0,33,ex,B,B,4,,,frame_00000.png,frame_00118.png,QR未検出,119,1.996437
ex_B_8,lockin,0,0,QR未検出,,lockin,binary,,,9.606183,30,8,1,0.650022,,0.650022,frame_00000.png,frame_00118.png,r180_e125_f0.mp4,180 Hz,1/125,蛍光灯なし,59.606 fps,180,125,0,34,ex,B,B,8,,,frame_00000.png,frame_00118.png,QR未検出,119,1.996437
ex_B_8,lockin,0,0,QR未検出,,lockin,binary,,,9.606183,50,8,1,0.650167,,0.650167,frame_00000.png,frame_00118.png,r180_e125_f0.mp4,180 Hz,1/125,蛍光灯なし,59.606 fps,180,125,0,34,ex,B,B,8,,,frame_00000.png,frame_00118.png,QR未検出,119,1.996437
ex_B_8,lockin,0,0,QR未検出,,lockin,binary,,,9.606183,70,8,1,0.650222,,0.650222,frame_00000.png,frame_00118.png,r180_e125_f0.mp4,180 Hz,1/125,蛍光灯なし,59.606 fps,180,125,0,34,ex,B,B,8,,,frame_00000.png,frame_00118.png,QR未検出,119,1.996437
ex_B_8,lockin,0,0,QR未検出,,lockin,binary,,,9.606183,901,8,1,0.688532,,0.688532,frame_00000.png,frame_00118.png,r180_e125_f0.mp4,180 Hz,1/125,蛍光灯なし,59.606 fps,180,125,0,34,ex,B,B,8,,,frame_00000.png,frame_00118.png,QR未検出,119,1.996437
ex_B_8,lockin,0,0,QR未検出,,lockin,binary,,,9.606183,902,8,1,0.555804,,0.555804,frame_00000.png,frame_00118.png,r180_e125_f0.mp4,180 Hz,1/125,蛍光灯なし,59.606 fps,180,125,0,34,ex,B,B,8,,,frame_00000.png,frame_00118.png,QR未検出,119,1.996437
ex_B_8,lockin,0,0,QR未検出,,lockin,binary,,,14.606183,30,8,1,0.650012,,0.650012,frame_00000.png,frame_00118.png,r180_e125_f0.mp4,180 Hz,1/125,蛍光灯なし,59.606 fps,180,125,0,34,ex,B,B,8,,,frame_00000.png,frame_00118.png,QR未検出,119,1.996437
ex_B_8,lockin,0,0,QR未検出,,lockin,binary,,,14.606183,50,8,1,0.650195,,0.650195,frame_00000.png,frame_00118.png,r180_e125_f0.mp4,180 Hz,1/125,蛍光灯なし,59.606 fps,180,125,0,34,ex,B,B,8,,,frame_00000.png,frame_00118.png,QR未検出,119,1.996437
ex_B_8,lockin,0,0,QR未検出,,lockin,binary,,,14.606183,70,8,1,0.650222,,0.650222,frame_00000.png,frame_00118.png,r180_e125_f0.mp4,180 Hz,1/125,蛍光灯なし,59.606 fps,180,125,0,34,ex,B,B,8,,,frame_00000.png,frame_00118.png,QR未検出,119,1.996437
ex_B_8,lockin,0,0,QR未検出,,lockin,binary,,,14.606183,901,8,1,0.684233,,0.684233,frame_00000.png,frame_00118.png,r180_e125_f0.mp4,180 Hz,1/125,蛍光灯なし,59.606 fps,180,125,0,34,ex,B,B,8,,,frame_00000.png,frame_00118.png,QR未検出,119,1.996437
ex_B_8,lockin,0,0,QR未検出,,lockin,binary,,,14.606183,902,8,1,0.531183,,0.531183,frame_00000.png,frame_00118.png,r180_e125_f0.mp4,180 Hz,1/125,蛍光灯なし,59.606 fps,180,125,0,34,ex,B,B,8,,,frame_00000.png,frame_00118.png,QR未検出,119,1.996437
ex_B_8,lockin,0,0,QR未検出,,lockin,binary,,,15.787634,30,8,1,0.650008,,0.650008,frame_00000.png,frame_00118.png,r180_e125_f0.mp4,180 Hz,1/125,蛍光灯なし,59.606 fps,180,125,0,34,ex,B,B,8,,,frame_00000.png,frame_00118.png,QR未検出,119,1.996437
ex_B_8,lockin,0,0,QR未検出,,lockin,binary,,,15.787634,50,8,1,0.650152,,0.650152,frame_00000.png,frame_00118.png,r180_e125_f0.mp4,180 Hz,1/125,蛍光灯なし,59.606 fps,180,125,0,34,ex,B,B,8,,,frame_00000.png,frame_00118.png,QR未検出,119,1.996437
ex_B_8,lockin,0,0,QR未検出,,lockin,binary,,,15.787634,70,8,1,0.650222,,0.650222,frame_00000.png,frame_00118.png,r180_e125_f0.mp4,180 Hz,1/125,蛍光灯なし,59.606 fps,180,125,0,34,ex,B,B,8,,,frame_00000.png,frame_00118.png,QR未検出,119,1.996437
ex_B_8,lockin,0,0,QR未検出,,lockin,binary,,,15.787634,901,8,1,0.684592,,0.684592,frame_00000.png,frame_00118.png,r180_e125_f0.mp4,180 Hz,1/125,蛍光灯なし,59.606 fps,180,125,0,34,ex,B,B,8,,,frame_00000.png,frame_00118.png,QR未検出,119,1.996437
ex_B_8,lockin,0,0,QR未検出,,lockin,binary,,,15.787634,902,8,1,0.554698,,0.554698,frame_00000.png,frame_00118.png,r180_e125_f0.mp4,180 Hz,1/125,蛍光灯なし,59.606 fps,180,125,0,34,ex,B,B,8,,,frame_00000.png,frame_00118.png,QR未検出,119,1.996437
ex_B_8,lockin,0,0,QR未検出,,lockin,binary,,,29.212366,30,8,1,0.650169,,0.650169,frame_00000.png,frame_00118.png,r180_e125_f0.mp4,180 Hz,1/125,蛍光灯なし,59.606 fps,180,125,0,34,ex,B,B,8,,,frame_00000.png,frame_00118.png,QR未検出,119,1.996437
ex_B_8,lockin,0,0,QR未検出,,lockin,binary,,,29.212366,50,8,1,0.650222,,0.650222,frame_00000.png,frame_00118.png,r180_e125_f0.mp4,180 Hz,1/125,蛍光灯なし,59.606 fps,180,125,0,34,ex,B,B,8,,,frame_00000.png,frame_00118.png,QR未検出,119,1.996437
ex_B_8,lockin,0,0,QR未検出,,lockin,binary,,,29.212366,70,8,1,0.650222,,0.650222,frame_00000.png,frame_00118.png,r180_e125_f0.mp4,180 Hz,1/125,蛍光灯なし,59.606 fps,180,125,0,34,ex,B,B,8,,,frame_00000.png,frame_00118.png,QR未検出,119,1.996437
ex_B_8,lockin,1,0,QR未検出,,lockin,binary,,,29.212366,901,8,1,0.747262,,0.747262,frame_00000.png,frame_00118.png,r180_e125_f0.mp4,180 Hz,1/125,蛍光灯なし,59.606 fps,180,125,0,34,ex,B,B,8,,,frame_00000.png,frame_00118.png,QR未検出,119,1.996437
ex_B_8,lockin,0,0,QR未検出,,lockin,binary,,,29.212366,902,8,1,0.553115,,0.553115,frame_00000.png,frame_00118.png,r180_e125_f0.mp4,180 Hz,1/125,蛍光灯なし,59.606 fps,180,125,0,34,ex,B,B,8,,,frame_00000.png,frame_00118.png,QR未検出,119,1.996437
ex_G_12,lockin,0,0,QR未検出,,lockin,binary,,,9.606183,30,8,1,0.650206,,0.650206,frame_00000.png,frame_00118.png,r180_e125_f0.mp4,180 Hz,1/125,蛍光灯なし,59.606 fps,180,125,0,23,ex,G,G,12,,,frame_00000.png,frame_00118.png,QR未検出,119,1.996437
ex_G_12,lockin,0,0,QR未検出,,lockin,binary,,,9.606183,50,8,1,0.650222,,0.650222,frame_00000.png,frame_00118.png,r180_e125_f0.mp4,180 Hz,1/125,蛍光灯なし,59.606 fps,180,125,0,23,ex,G,G,12,,,frame_00000.png,frame_00118.png,QR未検出,119,1.996437
ex_G_12,lockin,0,0,QR未検出,,lockin,binary,,,9.606183,70,8,1,0.650222,,0.650222,frame_00000.png,frame_00118.png,r180_e125_f0.mp4,180 Hz,1/125,蛍光灯なし,59.606 fps,180,125,0,23,ex,G,G,12,,,frame_00000.png,frame_00118.png,QR未検出,119,1.996437
ex_G_12,lockin,0,0,QR未検出,,lockin,binary,,,9.606183,901,8,1,0.691239,,0.691239,frame_00000.png,frame_00118.png,r180_e125_f0.mp4,180 Hz,1/125,蛍光灯なし,59.606 fps,180,125,0,23,ex,G,G,12,,,frame_00000.png,frame_00118.png,QR未検出,119,1.996437
ex_G_12,lockin,0,0,QR未検出,,lockin,binary,,,9.606183,902,8,1,0.590764,,0.590764,frame_00000.png,frame_00118.png,r180_e125_f0.mp4,180 Hz,1/125,蛍光灯なし,59.606 fps,180,125,0,23,ex,G,G,12,,,frame_00000.png,frame_00118.png,QR未検出,119,1.996437
ex_G_12,lockin,0,0,QR未検出,,lockin,binary,,,14.606183,30,8,1,0.650253,,0.650253,frame_00000.png,frame_00118.png,r180_e125_f0.mp4,180 Hz,1/125,蛍光灯なし,59.606 fps,180,125,0,23,ex,G,G,12,,,frame_00000.png,frame_00118.png,QR未検出,119,1.996437
ex_G_12,lockin,0,0,QR未検出,,lockin,binary,,,14.606183,50,8,1,0.650227,,0.650227,frame_00000.png,frame_00118.png,r180_e125_f0.mp4,180 Hz,1/125,蛍光灯なし,59.606 fps,180,125,0,23,ex,G,G,12,,,frame_00000.png,frame_00118.png,QR未検出,119,1.996437
ex_G_12,lockin,0,0,QR未検出,,lockin,binary,,,14.606183,70,8,1,0.650222,,0.650222,frame_00000.png,frame_00118.png,r180_e125_f0.mp4,180 Hz,1/125,蛍光灯なし,59.606 fps,180,125,0,23,ex,G,G,12,,,frame_00000.png,frame_00118.png,QR未検出,119,1.996437
ex_G_12,lockin,0,0,QR未検出,,lockin,binary,,,14.606183,901,8,1,0.708396,,0.708396,frame_00000.png,frame_00118.png,r180_e125_f0.mp4,180 Hz,1/125,蛍光灯なし,59.606 fps,180,125,0,23,ex,G,G,12,,,frame_00000.png,frame_00118.png,QR未検出,119,1.996437
ex_G_12,lockin,0,0,QR未検出,,lockin,binary,,,14.606183,902,8,1,0.566552,,0.566552,frame_00000.png,frame_00118.png,r180_e125_f0.mp4,180 Hz,1/125,蛍光灯なし,59.606 fps,180,125,0,23,ex,G,G,12,,,frame_00000.png,frame_00118.png,QR未検出,119,1.996437
ex_G_12,lockin,0,0,QR未検出,,lockin,binary,,,15.787634,30,8,1,0.650297,,0.650297,frame_00000.png,frame_00118.png,r180_e125_f0.mp4,180 Hz,1/125,蛍光灯なし,59.606 fps,180,125,0,23,ex,G,G,12,,,frame_00000.png,frame_00118.png,QR未検出,119,1.996437
ex_G_12,lockin,0,0,QR未検出,,lockin,binary,,,15.787634,50,8,1,0.650222,,0.650222,frame_00000.png,frame_00118.png,r180_e125_f0.mp4,180 Hz,1/125,蛍光灯なし,59.606 fps,180,125,0,23,ex,G,G,12,,,frame_00000.png,frame_00118.png,QR未検出,119,1.996437
ex_G_12,lockin,0,0,QR未検出,,lockin,binary,,,15.787634,70,8,1,0.650222,,0.650222,frame_00000.png,frame_00118.png,r180_e125_f0.mp4,180 Hz,1/125,蛍光灯なし,59.606 fps,180,125,0,23,ex,G,G,12,,,frame_00000.png,frame_00118.png,QR未検出,119,1.996437
ex_G_12,lockin,0,0,QR未検出,,lockin,binary,,,15.787634,901,8,1,0.724278,,0.724278,frame_00000.png,frame_00118.png,r180_e125_f0.mp4,180 Hz,1/125,蛍光灯なし,59.606 fps,180,125,0,23,ex,G,G,12,,,frame_00000.png,frame_00118.png,QR未検出,119,1.996437
ex_G_12,lockin,0,0,QR未検出,,lockin,binary,,,15.787634,902,8,1,0.548193,,0.548193,frame_00000.png,frame_00118.png,r180_e125_f0.mp4,180 Hz,1/125,蛍光灯なし,59.606 fps,180,125,0,23,ex,G,G,12,,,frame_00000.png,frame_00118.png,QR未検出,119,1.996437
ex_G_12,lockin,0,0,QR未検出,,lockin,binary,,,29.212366,30,8,1,0.729231,,0.729231,frame_00000.png,frame_00118.png,r180_e125_f0.mp4,180 Hz,1/125,蛍光灯なし,59.606 fps,180,125,0,23,ex,G,G,12,,,frame_00000.png,frame_00118.png,QR未検出,119,1.996437
ex_G_12,lockin,0,0,QR未検出,,lockin,binary,,,29.212366,50,8,1,0.656839,,0.656839,frame_00000.png,frame_00118.png,r180_e125_f0.mp4,180 Hz,1/125,蛍光灯なし,59.606 fps,180,125,0,23,ex,G,G,12,,,frame_00000.png,frame_00118.png,QR未検出,119,1.996437
ex_G_12,lockin,0,0,QR未検出,,lockin,binary,,,29.212366,70,8,1,0.650222,,0.650222,frame_00000.png,frame_00118.png,r180_e125_f0.mp4,180 Hz,1/125,蛍光灯なし,59.606 fps,180,125,0,23,ex,G,G,12,,,frame_00000.png,frame_00118.png,QR未検出,119,1.996437
ex_G_12,lockin,0,0,QR未検出,,lockin,binary,,,29.212366,901,8,1,0.811800,,0.811800,frame_00000.png,frame_00118.png,r180_e125_f0.mp4,180 Hz,1/125,蛍光灯なし,59.606 fps,180,125,0,23,ex,G,G,12,,,frame_00000.png,frame_00118.png,QR未検出,119,1.996437
ex_G_12,lockin,0,0,QR未検出,,lockin,binary,,,29.212366,902,8,1,0.541786,,0.541786,frame_00000.png,frame_00118.png,r180_e125_f0.mp4,180 Hz,1/125,蛍光灯なし,59.606 fps,180,125,0,23,ex,G,G,12,,,frame_00000.png,frame_00118.png,QR未検出,119,1.996437
ex_G_4,lockin,0,0,QR未検出,,lockin,binary,,,9.606183,30,8,1,0.650215,,0.650215,frame_00000.png,frame_00118.png,r180_e125_f0.mp4,180 Hz,1/125,蛍光灯なし,59.606 fps,180,125,0,21,ex,G,G,4,,,frame_00000.png,frame_00118.png,QR未検出,119,1.996437
ex_G_4,lockin,0,0,QR未検出,,lockin,binary,,,9.606183,50,8,1,0.650222,,0.650222,frame_00000.png,frame_00118.png,r180_e125_f0.mp4,180 Hz,1/125,蛍光灯なし,59.606 fps,180,125,0,21,ex,G,G,4,,,frame_00000.png,frame_00118.png,QR未検出,119,1.996437
ex_G_4,lockin,0,0,QR未検出,,lockin,binary,,,9.606183,70,8,1,0.650222,,0.650222,frame_00000.png,frame_00118.png,r180_e125_f0.mp4,180 Hz,1/125,蛍光灯なし,59.606 fps,180,125,0,21,ex,G,G,4,,,frame_00000.png,frame_00118.png,QR未検出,119,1.996437
ex_G_4,lockin,0,0,QR未検出,,lockin,binary,,,9.606183,901,8,1,0.621756,,0.621756,frame_00000.png,frame_00118.png,r180_e125_f0.mp4,180 Hz,1/125,蛍光灯なし,59.606 fps,180,125,0,21,ex,G,G,4,,,frame_00000.png,frame_00118.png,QR未検出,119,1.996437
ex_G_4,lockin,0,0,QR未検出,,lockin,binary,,,9.606183,902,8,1,0.566022,,0.566022,frame_00000.png,frame_00118.png,r180_e125_f0.mp4,180 Hz,1/125,蛍光灯なし,59.606 fps,180,125,0,21,ex,G,G,4,,,frame_00000.png,frame_00118.png,QR未検出,119,1.996437
ex_G_4,lockin,0,0,QR未検出,,lockin,binary,,,14.606183,30,8,1,0.650169,,0.650169,frame_00000.png,frame_00118.png,r180_e125_f0.mp4,180 Hz,1/125,蛍光灯なし,59.606 fps,180,125,0,21,ex,G,G,4,,,frame_00000.png,frame_00118.png,QR未検出,119,1.996437
ex_G_4,lockin,0,0,QR未検出,,lockin,binary,,,14.606183,50,8,1,0.650229,,0.650229,frame_00000.png,frame_00118.png,r180_e125_f0.mp4,180 Hz,1/125,蛍光灯なし,59.606 fps,180,125,0,21,ex,G,G,4,,,frame_00000.png,frame_00118.png,QR未検出,119,1.996437
ex_G_4,lockin,0,0,QR未検出,,lockin,binary,,,14.606183,70,8,1,0.650222,,0.650222,frame_00000.png,frame_00118.png,r180_e125_f0.mp4,180 Hz,1/125,蛍光灯なし,59.606 fps,180,125,0,21,ex,G,G,4,,,frame_00000.png,frame_00118.png,QR未検出,119,1.996437
ex_G_4,lockin,0,0,QR未検出,,lockin,binary,,,14.606183,901,8,1,0.630102,,0.630102,frame_00000.png,frame_00118.png,r180_e125_f0.mp4,180 Hz,1/125,蛍光灯なし,59.606 fps,180,125,0,21,ex,G,G,4,,,frame_00000.png,frame_00118.png,QR未検出,119,1.996437
ex_G_4,lockin,0,0,QR未検出,,lockin,binary,,,14.606183,902,8,1,0.566876,,0.566876,frame_00000.png,frame_00118.png,r180_e125_f0.mp4,180 Hz,1/125,蛍光灯なし,59.606 fps,180,125,0,21,ex,G,G,4,,,frame_00000.png,frame_00118.png,QR未検出,119,1.996437
ex_G_4,lockin,0,0,QR未検出,,lockin,binary,,,15.787634,30,8,1,0.650125,,0.650125,frame_00000.png,frame_00118.png,r180_e125_f0.mp4,180 Hz,1/125,蛍光灯なし,59.606 fps,180,125,0,21,ex,G,G,4,,,frame_00000.png,frame_00118.png,QR未検出,119,1.996437
ex_G_4,lockin,0,0,QR未検出,,lockin,binary,,,15.787634,50,8,1,0.650146,,0.650146,frame_00000.png,frame_00118.png,r180_e125_f0.mp4,180 Hz,1/125,蛍光灯なし,59.606 fps,180,125,0,21,ex,G,G,4,,,frame_00000.png,frame_00118.png,QR未検出,119,1.996437
ex_G_4,lockin,0,0,QR未検出,,lockin,binary,,,15.787634,70,8,1,0.650222,,0.650222,frame_00000.png,frame_00118.png,r180_e125_f0.mp4,180 Hz,1/125,蛍光灯なし,59.606 fps,180,125,0,21,ex,G,G,4,,,frame_00000.png,frame_00118.png,QR未検出,119,1.996437
ex_G_4,lockin,0,0,QR未検出,,lockin,binary,,,15.787634,901,8,1,0.627715,,0.627715,frame_00000.png,frame_00118.png,r180_e125_f0.mp4,180 Hz,1/125,蛍光灯なし,59.606 fps,180,125,0,21,ex,G,G,4,,,frame_00000.png,frame_00118.png,QR未検出,119,1.996437
ex_G_4,lockin,0,0,QR未検出,,lockin,binary,,,15.787634,902,8,1,0.556035,,0.556035,frame_00000.png,frame_00118.png,r180_e125_f0.mp4,180 Hz,1/125,蛍光灯なし,59.606 fps,180,125,0,21,ex,G,G,4,,,frame_00000.png,frame_00118.png,QR未検出,119,1.996437
ex_G_4,lockin,1,0,QR未検出,,lockin,binary,,,29.212366,30,8,1,0.650281,,0.650281,frame_00000.png,frame_00118.png,r180_e125_f0.mp4,180 Hz,1/125,蛍光灯なし,59.606 fps,180,125,0,21,ex,G,G,4,,,frame_00000.png,frame_00118.png,QR未検出,119,1.996437
ex_G_4,lockin,0,0,QR未検出,,lockin,binary,,,29.212366,50,8,1,0.650230,,0.650230,frame_00000.png,frame_00118.png,r180_e125_f0.mp4,180 Hz,1/125,蛍光灯なし,59.606 fps,180,125,0,21,ex,G,G,4,,,frame_00000.png,frame_00118.png,QR未検出,119,1.996437
ex_G_4,lockin,0,0,QR未検出,,lockin,binary,,,29.212366,70,8,1,0.650230,,0.650230,frame_00000.png,frame_00118.png,r180_e125_f0.mp4,180 Hz,1/125,蛍光灯なし,59.606 fps,180,125,0,21,ex,G,G,4,,,frame_00000.png,frame_00118.png,QR未検出,119,1.996437
ex_G_4,lockin,0,0,QR未検出,,lockin,binary,,,29.212366,901,8,1,0.633535,,0.633535,frame_00000.png,frame_00118.png,r180_e125_f0.mp4,180 Hz,1/125,蛍光灯なし,59.606 fps,180,125,0,21,ex,G,G,4,,,frame_00000.png,frame_00118.png,QR未検出,119,1.996437
ex_G_4,lockin,0,0,QR未検出,,lockin,binary,,,29.212366,902,8,1,0.578639,,0.578639,frame_00000.png,frame_00118.png,r180_e125_f0.mp4,180 Hz,1/125,蛍光灯なし,59.606 fps,180,125,0,21,ex,G,G,4,,,frame_00000.png,frame_00118.png,QR未検出,119,1.996437
ex_G_8,lockin,0,0,QR未検出,,lockin,binary,,,9.606183,30,8,1,0.650069,,0.650069,frame_00000.png,frame_00118.png,r180_e125_f0.mp4,180 Hz,1/125,蛍光灯なし,59.606 fps,180,125,0,22,ex,G,G,8,,,frame_00000.png,frame_00118.png,QR未検出,119,1.996437
ex_G_8,lockin,0,0,QR未検出,,lockin,binary,,,9.606183,50,8,1,0.650152,,0.650152,frame_00000.png,frame_00118.png,r180_e125_f0.mp4,180 Hz,1/125,蛍光灯なし,59.606 fps,180,125,0,22,ex,G,G,8,,,frame_00000.png,frame_00118.png,QR未検出,119,1.996437
ex_G_8,lockin,0,0,QR未検出,,lockin,binary,,,9.606183,70,8,1,0.650222,,0.650222,frame_00000.png,frame_00118.png,r180_e125_f0.mp4,180 Hz,1/125,蛍光灯なし,59.606 fps,180,125,0,22,ex,G,G,8,,,frame_00000.png,frame_00118.png,QR未検出,119,1.996437
ex_G_8,lockin,0,0,QR未検出,,lockin,binary,,,9.606183,901,8,1,0.640828,,0.640828,frame_00000.png,frame_00118.png,r180_e125_f0.mp4,180 Hz,1/125,蛍光灯なし,59.606 fps,180,125,0,22,ex,G,G,8,,,frame_00000.png,frame_00118.png,QR未検出,119,1.996437
ex_G_8,lockin,0,0,QR未検出,,lockin,binary,,,9.606183,902,8,1,0.569829,,0.569829,frame_00000.png,frame_00118.png,r180_e125_f0.mp4,180 Hz,1/125,蛍光灯なし,59.606 fps,180,125,0,22,ex,G,G,8,,,frame_00000.png,frame_00118.png,QR未検出,119,1.996437
ex_G_8,lockin,0,0,QR未検出,,lockin,binary,,,14.606183,30,8,1,0.650178,,0.650178,frame_00000.png,frame_00118.png,r180_e125_f0.mp4,180 Hz,1/125,蛍光灯なし,59.606 fps,180,125,0,22,ex,G,G,8,,,frame_00000.png,frame_00118.png,QR未検出,119,1.996437
ex_G_8,lockin,0,0,QR未検出,,lockin,binary,,,14.606183,50,8,1,0.650202,,0.650202,frame_00000.png,frame_00118.png,r180_e125_f0.mp4,180 Hz,1/125,蛍光灯なし,59.606 fps,180,125,0,22,ex,G,G,8,,,frame_00000.png,frame_00118.png,QR未検出,119,1.996437
ex_G_8,lockin,0,0,QR未検出,,lockin,binary,,,14.606183,70,8,1,0.650222,,0.650222,frame_00000.png,frame_00118.png,r180_e125_f0.mp4,180 Hz,1/125,蛍光灯なし,59.606 fps,180,125,0,22,ex,G,G,8,,,frame_00000.png,frame_00118.png,QR未検出,119,1.996437
ex_G_8,lockin,0,0,QR未検出,,lockin,binary,,,14.606183,901,8,1,0.643200,,0.643200,frame_00000.png,frame_00118.png,r180_e125_f0.mp4,180 Hz,1/125,蛍光灯なし,59.606 fps,180,125,0,22,ex,G,G,8,,,frame_00000.png,frame_00118.png,QR未検出,119,1.996437
ex_G_8,lockin,0,0,QR未検出,,lockin,binary,,,14.606183,902,8,1,0.552396,,0.552396,frame_00000.png,frame_00118.png,r180_e125_f0.mp4,180 Hz,1/125,蛍光灯なし,59.606 fps,180,125,0,22,ex,G,G,8,,,frame_00000.png,frame_00118.png,QR未検出,119,1.996437
ex_G_8,lockin,0,0,QR未検出,,lockin,binary,,,15.787634,30,8,1,0.649886,,0.649886,frame_00000.png,frame_00118.png,r180_e125_f0.mp4,180 Hz,1/125,蛍光灯なし,59.606 fps,180,125,0,22,ex,G,G,8,,,frame_00000.png,frame_00118.png,QR未検出,119,1.996437
ex_G_8,lockin,0,0,QR未検出,,lockin,binary,,,15.787634,50,8,1,0.650139,,0.650139,frame_00000.png,frame_00118.png,r180_e125_f0.mp4,180 Hz,1/125,蛍光灯なし,59.606 fps,180,125,0,22,ex,G,G,8,,,frame_00000.png,frame_00118.png,QR未検出,119,1.996437
ex_G_8,lockin,0,0,QR未検出,,lockin,binary,,,15.787634,70,8,1,0.650204,,0.650204,frame_00000.png,frame_00118.png,r180_e125_f0.mp4,180 Hz,1/125,蛍光灯なし,59.606 fps,180,125,0,22,ex,G,G,8,,,frame_00000.png,frame_00118.png,QR未検出,119,1.996437
ex_G_8,lockin,0,0,QR未検出,,lockin,binary,,,15.787634,901,8,1,0.644918,,0.644918,frame_00000.png,frame_00118.png,r180_e125_f0.mp4,180 Hz,1/125,蛍光灯なし,59.606 fps,180,125,0,22,ex,G,G,8,,,frame_00000.png,frame_00118.png,QR未検出,119,1.996437
ex_G_8,lockin,0,0,QR未検出,,lockin,binary,,,15.787634,902,8,1,0.549075,,0.549075,frame_00000.png,frame_00118.png,r180_e125_f0.mp4,180 Hz,1/125,蛍光灯なし,59.606 fps,180,125,0,22,ex,G,G,8,,,frame_00000.png,frame_00118.png,QR未検出,119,1.996437
ex_G_8,lockin,0,0,QR未検出,,lockin,binary,,,29.212366,30,8,1,0.650145,,0.650145,frame_00000.png,frame_00118.png,r180_e125_f0.mp4,180 Hz,1/125,蛍光灯なし,59.606 fps,180,125,0,22,ex,G,G,8,,,frame_00000.png,frame_00118.png,QR未検出,119,1.996437
ex_G_8,lockin,0,0,QR未検出,,lockin,binary,,,29.212366,50,8,1,0.650159,,0.650159,frame_00000.png,frame_00118.png,r180_e125_f0.mp4,180 Hz,1/125,蛍光灯なし,59.606 fps,180,125,0,22,ex,G,G,8,,,frame_00000.png,frame_00118.png,QR未検出,119,1.996437
ex_G_8,lockin,0,0,QR未検出,,lockin,binary,,,29.212366,70,8,1,0.650192,,0.650192,frame_00000.png,frame_00118.png,r180_e125_f0.mp4,180 Hz,1/125,蛍光灯なし,59.606 fps,180,125,0,22,ex,G,G,8,,,frame_00000.png,frame_00118.png,QR未検出,119,1.996437
ex_G_8,lockin,1,0,QR未検出,,lockin,binary,,,29.212366,901,8,1,0.663138,,0.663138,frame_00000.png,frame_00118.png,r180_e125_f0.mp4,180 Hz,1/125,蛍光灯なし,59.606 fps,180,125,0,22,ex,G,G,8,,,frame_00000.png,frame_00118.png,QR未検出,119,1.996437
ex_G_8,lockin,0,0,QR未検出,,lockin,binary,,,29.212366,902,8,1,0.603313,,0.603313,frame_00000.png,frame_00118.png,r180_e125_f0.mp4,180 Hz,1/125,蛍光灯なし,59.606 fps,180,125,0,22,ex,G,G,8,,,frame_00000.png,frame_00118.png,QR未検出,119,1.996437
ex_I_12,lockin,0,0,QR未検出,,lockin,binary,,,9.606183,30,8,1,0.650125,,0.650125,frame_00000.png,frame_00118.png,r180_e125_f0.mp4,180 Hz,1/125,蛍光灯なし,59.606 fps,180,125,0,47,ex,min,I,12,,,frame_00000.png,frame_00118.png,QR未検出,119,1.996437
ex_I_12,lockin,0,0,QR未検出,,lockin,binary,,,9.606183,50,8,1,0.650215,,0.650215,frame_00000.png,frame_00118.png,r180_e125_f0.mp4,180 Hz,1/125,蛍光灯なし,59.606 fps,180,125,0,47,ex,min,I,12,,,frame_00000.png,frame_00118.png,QR未検出,119,1.996437
ex_I_12,lockin,0,0,QR未検出,,lockin,binary,,,9.606183,70,8,1,0.650222,,0.650222,frame_00000.png,frame_00118.png,r180_e125_f0.mp4,180 Hz,1/125,蛍光灯なし,59.606 fps,180,125,0,47,ex,min,I,12,,,frame_00000.png,frame_00118.png,QR未検出,119,1.996437
ex_I_12,lockin,0,0,QR未検出,,lockin,binary,,,9.606183,901,8,1,0.711581,,0.711581,frame_00000.png,frame_00118.png,r180_e125_f0.mp4,180 Hz,1/125,蛍光灯なし,59.606 fps,180,125,0,47,ex,min,I,12,,,frame_00000.png,frame_00118.png,QR未検出,119,1.996437
ex_I_12,lockin,0,0,QR未検出,,lockin,binary,,,9.606183,902,8,1,0.538398,,0.538398,frame_00000.png,frame_00118.png,r180_e125_f0.mp4,180 Hz,1/125,蛍光灯なし,59.606 fps,180,125,0,47,ex,min,I,12,,,frame_00000.png,frame_00118.png,QR未検出,119,1.996437
ex_I_12,lockin,0,0,QR未検出,,lockin,binary,,,14.606183,30,8,1,0.650349,,0.650349,frame_00000.png,frame_00118.png,r180_e125_f0.mp4,180 Hz,1/125,蛍光灯なし,59.606 fps,180,125,0,47,ex,min,I,12,,,frame_00000.png,frame_00118.png,QR未検出,119,1.996437
ex_I_12,lockin,0,0,QR未検出,,lockin,binary,,,14.606183,50,8,1,0.650131,,0.650131,frame_00000.png,frame_00118.png,r180_e125_f0.mp4,180 Hz,1/125,蛍光灯なし,59.606 fps,180,125,0,47,ex,min,I,12,,,frame_00000.png,frame_00118.png,QR未検出,119,1.996437
ex_I_12,lockin,0,0,QR未検出,,lockin,binary,,,14.606183,70,8,1,0.650169,,0.650169,frame_00000.png,frame_00118.png,r180_e125_f0.mp4,180 Hz,1/125,蛍光灯なし,59.606 fps,180,125,0,47,ex,min,I,12,,,frame_00000.png,frame_00118.png,QR未検出,119,1.996437
ex_I_12,lockin,0,0,QR未検出,,lockin,binary,,,14.606183,901,8,1,0.772718,,0.772718,frame_00000.png,frame_00118.png,r180_e125_f0.mp4,180 Hz,1/125,蛍光灯なし,59.606 fps,180,125,0,47,ex,min,I,12,,,frame_00000.png,frame_00118.png,QR未検出,119,1.996437
ex_I_12,lockin,0,0,QR未検出,,lockin,binary,,,14.606183,902,8,1,0.500087,,0.500087,frame_00000.png,frame_00118.png,r180_e125_f0.mp4,180 Hz,1/125,蛍光灯なし,59.606 fps,180,125,0,47,ex,min,I,12,,,frame_00000.png,frame_00118.png,QR未検出,119,1.996437
ex_I_12,lockin,0,0,QR未検出,,lockin,binary,,,15.787634,30,8,1,0.650494,,0.650494,frame_00000.png,frame_00118.png,r180_e125_f0.mp4,180 Hz,1/125,蛍光灯なし,59.606 fps,180,125,0,47,ex,min,I,12,,,frame_00000.png,frame_00118.png,QR未検出,119,1.996437
ex_I_12,lockin,0,0,QR未検出,,lockin,binary,,,15.787634,50,8,1,0.650208,,0.650208,frame_00000.png,frame_00118.png,r180_e125_f0.mp4,180 Hz,1/125,蛍光灯なし,59.606 fps,180,125,0,47,ex,min,I,12,,,frame_00000.png,frame_00118.png,QR未検出,119,1.996437
ex_I_12,lockin,0,0,QR未検出,,lockin,binary,,,15.787634,70,8,1,0.650222,,0.650222,frame_00000.png,frame_00118.png,r180_e125_f0.mp4,180 Hz,1/125,蛍光灯なし,59.606 fps,180,125,0,47,ex,min,I,12,,,frame_00000.png,frame_00118.png,QR未検出,119,1.996437
ex_I_12,lockin,0,0,QR未検出,,lockin,binary,,,15.787634,901,8,1,0.739472,,0.739472,frame_00000.png,frame_00118.png,r180_e125_f0.mp4,180 Hz,1/125,蛍光灯なし,59.606 fps,180,125,0,47,ex,min,I,12,,,frame_00000.png,frame_00118.png,QR未検出,119,1.996437
ex_I_12,lockin,0,0,QR未検出,,lockin,binary,,,15.787634,902,8,1,0.523062,,0.523062,frame_00000.png,frame_00118.png,r180_e125_f0.mp4,180 Hz,1/125,蛍光灯なし,59.606 fps,180,125,0,47,ex,min,I,12,,,frame_00000.png,frame_00118.png,QR未検出,119,1.996437
ex_I_12,lockin,0,0,QR未検出,,lockin,binary,,,29.212366,30,8,1,0.722124,,0.722124,frame_00000.png,frame_00118.png,r180_e125_f0.mp4,180 Hz,1/125,蛍光灯なし,59.606 fps,180,125,0,47,ex,min,I,12,,,frame_00000.png,frame_00118.png,QR未検出,119,1.996437
ex_I_12,lockin,0,0,QR未検出,,lockin,binary,,,29.212366,50,8,1,0.654916,,0.654916,frame_00000.png,frame_00118.png,r180_e125_f0.mp4,180 Hz,1/125,蛍光灯なし,59.606 fps,180,125,0,47,ex,min,I,12,,,frame_00000.png,frame_00118.png,QR未検出,119,1.996437
ex_I_12,lockin,0,0,QR未検出,,lockin,binary,,,29.212366,70,8,1,0.650262,,0.650262,frame_00000.png,frame_00118.png,r180_e125_f0.mp4,180 Hz,1/125,蛍光灯なし,59.606 fps,180,125,0,47,ex,min,I,12,,,frame_00000.png,frame_00118.png,QR未検出,119,1.996437
ex_I_12,lockin,0,0,QR未検出,,lockin,binary,,,29.212366,901,8,1,0.805076,,0.805076,frame_00000.png,frame_00118.png,r180_e125_f0.mp4,180 Hz,1/125,蛍光灯なし,59.606 fps,180,125,0,47,ex,min,I,12,,,frame_00000.png,frame_00118.png,QR未検出,119,1.996437
ex_I_12,lockin,0,0,QR未検出,,lockin,binary,,,29.212366,902,8,1,0.532400,,0.532400,frame_00000.png,frame_00118.png,r180_e125_f0.mp4,180 Hz,1/125,蛍光灯なし,59.606 fps,180,125,0,47,ex,min,I,12,,,frame_00000.png,frame_00118.png,QR未検出,119,1.996437
ex_I_4,lockin,0,0,QR未検出,,lockin,binary,,,9.606183,30,8,1,0.650103,,0.650103,frame_00000.png,frame_00118.png,r180_e125_f0.mp4,180 Hz,1/125,蛍光灯なし,59.606 fps,180,125,0,45,ex,min,I,4,,,frame_00000.png,frame_00118.png,QR未検出,119,1.996437
ex_I_4,lockin,0,0,QR未検出,,lockin,binary,,,9.606183,50,8,1,0.650222,,0.650222,frame_00000.png,frame_00118.png,r180_e125_f0.mp4,180 Hz,1/125,蛍光灯なし,59.606 fps,180,125,0,45,ex,min,I,4,,,frame_00000.png,frame_00118.png,QR未検出,119,1.996437
ex_I_4,lockin,0,0,QR未検出,,lockin,binary,,,9.606183,70,8,1,0.650222,,0.650222,frame_00000.png,frame_00118.png,r180_e125_f0.mp4,180 Hz,1/125,蛍光灯なし,59.606 fps,180,125,0,45,ex,min,I,4,,,frame_00000.png,frame_00118.png,QR未検出,119,1.996437
ex_I_4,lockin,0,0,QR未検出,,lockin,binary,,,9.606183,901,8,1,0.631022,,0.631022,frame_00000.png,frame_00118.png,r180_e125_f0.mp4,180 Hz,1/125,蛍光灯なし,59.606 fps,180,125,0,45,ex,min,I,4,,,frame_00000.png,frame_00118.png,QR未検出,119,1.996437
ex_I_4,lockin,0,0,QR未検出,,lockin,binary,,,9.606183,902,8,1,0.560063,,0.560063,frame_00000.png,frame_00118.png,r180_e125_f0.mp4,180 Hz,1/125,蛍光灯なし,59.606 fps,180,125,0,45,ex,min,I,4,,,frame_00000.png,frame_00118.png,QR未検出,119,1.996437
ex_I_4,lockin,0,0,QR未検出,,lockin,binary,,,14.606183,30,8,1,0.649994,,0.649994,frame_00000.png,frame_00118.png,r180_e125_f0.mp4,180 Hz,1/125,蛍光灯なし,59.606 fps,180,125,0,45,ex,min,I,4,,,frame_00000.png,frame_00118.png,QR未検出,119,1.996437
ex_I_4,lockin,0,0,QR未検出,,lockin,binary,,,14.606183,50,8,1,0.650222,,0.650222,frame_00000.png,frame_00118.png,r180_e125_f0.mp4,180 Hz,1/125,蛍光灯なし,59.606 fps,180,125,0,45,ex,min,I,4,,,frame_00000.png,frame_00118.png,QR未検出,119,1.996437
ex_I_4,lockin,0,0,QR未検出,,lockin,binary,,,14.606183,70,8,1,0.650222,,0.650222,frame_00000.png,frame_00118.png,r180_e125_f0.mp4,180 Hz,1/125,蛍光灯なし,59.606 fps,180,125,0,45,ex,min,I,4,,,frame_00000.png,frame_00118.png,QR未検出,119,1.996437
ex_I_4,lockin,0,0,QR未検出,,lockin,binary,,,14.606183,901,8,1,0.637528,,0.637528,frame_00000.png,frame_00118.png,r180_e125_f0.mp4,180 Hz,1/125,蛍光灯なし,59.606 fps,180,125,0,45,ex,min,I,4,,,frame_00000.png,frame_00118.png,QR未検出,119,1.996437
ex_I_4,lockin,0,0,QR未検出,,lockin,binary,,,14.606183,902,8,1,0.566120,,0.566120,frame_00000.png,frame_00118.png,r180_e125_f0.mp4,180 Hz,1/125,蛍光灯なし,59.606 fps,180,125,0,45,ex,min,I,4,,,frame_00000.png,frame_00118.png,QR未検出,119,1.996437
ex_I_4,lockin,0,0,QR未検出,,lockin,binary,,,15.787634,30,8,1,0.650124,,0.650124,frame_00000.png,frame_00118.png,r180_e125_f0.mp4,180 Hz,1/125,蛍光灯なし,59.606 fps,180,125,0,45,ex,min,I,4,,,frame_00000.png,frame_00118.png,QR未検出,119,1.996437
ex_I_4,lockin,0,0,QR未検出,,lockin,binary,,,15.787634,50,8,1,0.650222,,0.650222,frame_00000.png,frame_00118.png,r180_e125_f0.mp4,180 Hz,1/125,蛍光灯なし,59.606 fps,180,125,0,45,ex,min,I,4,,,frame_00000.png,frame_00118.png,QR未検出,119,1.996437
ex_I_4,lockin,0,0,QR未検出,,lockin,binary,,,15.787634,70,8,1,0.650222,,0.650222,frame_00000.png,frame_00118.png,r180_e125_f0.mp4,180 Hz,1/125,蛍光灯なし,59.606 fps,180,125,0,45,ex,min,I,4,,,frame_00000.png,frame_00118.png,QR未検出,119,1.996437
ex_I_4,lockin,0,0,QR未検出,,lockin,binary,,,15.787634,901,8,1,0.639041,,0.639041,frame_00000.png,frame_00118.png,r180_e125_f0.mp4,180 Hz,1/125,蛍光灯なし,59.606 fps,180,125,0,45,ex,min,I,4,,,frame_00000.png,frame_00118.png,QR未検出,119,1.996437
ex_I_4,lockin,0,0,QR未検出,,lockin,binary,,,15.787634,902,8,1,0.575026,,0.575026,frame_00000.png,frame_00118.png,r180_e125_f0.mp4,180 Hz,1/125,蛍光灯なし,59.606 fps,180,125,0,45,ex,min,I,4,,,frame_00000.png,frame_00118.png,QR未検出,119,1.996437
ex_I_4,lockin,0,0,QR未検出,,lockin,binary,,,29.212366,30,8,1,0.649959,,0.649959,frame_00000.png,frame_00118.png,r180_e125_f0.mp4,180 Hz,1/125,蛍光灯なし,59.606 fps,180,125,0,45,ex,min,I,4,,,frame_00000.png,frame_00118.png,QR未検出,119,1.996437
ex_I_4,lockin,0,0,QR未検出,,lockin,binary,,,29.212366,50,8,1,0.650122,,0.650122,frame_00000.png,frame_00118.png,r180_e125_f0.mp4,180 Hz,1/125,蛍光灯なし,59.606 fps,180,125,0,45,ex,min,I,4,,,frame_00000.png,frame_00118.png,QR未検出,119,1.996437
ex_I_4,lockin,0,0,QR未検出,,lockin,binary,,,29.212366,70,8,1,0.650195,,0.650195,frame_00000.png,frame_00118.png,r180_e125_f0.mp4,180 Hz,1/125,蛍光灯なし,59.606 fps,180,125,0,45,ex,min,I,4,,,frame_00000.png,frame_00118.png,QR未検出,119,1.996437
ex_I_4,lockin,1,0,QR未検出,,lockin,binary,,,29.212366,901,8,1,0.664376,,0.664376,frame_00000.png,frame_00118.png,r180_e125_f0.mp4,180 Hz,1/125,蛍光灯なし,59.606 fps,180,125,0,45,ex,min,I,4,,,frame_00000.png,frame_00118.png,QR未検出,119,1.996437
ex_I_4,lockin,0,0,QR未検出,,lockin,binary,,,29.212366,902,8,1,0.543374,,0.543374,frame_00000.png,frame_00118.png,r180_e125_f0.mp4,180 Hz,1/125,蛍光灯なし,59.606 fps,180,125,0,45,ex,min,I,4,,,frame_00000.png,frame_00118.png,QR未検出,119,1.996437
ex_I_8,lockin,0,0,QR未検出,,lockin,binary,,,9.606183,30,8,1,0.650174,,0.650174,frame_00000.png,frame_00118.png,r180_e125_f0.mp4,180 Hz,1/125,蛍光灯なし,59.606 fps,180,125,0,46,ex,min,I,8,,,frame_00000.png,frame_00118.png,QR未検出,119,1.996437
ex_I_8,lockin,0,0,QR未検出,,lockin,binary,,,9.606183,50,8,1,0.650222,,0.650222,frame_00000.png,frame_00118.png,r180_e125_f0.mp4,180 Hz,1/125,蛍光灯なし,59.606 fps,180,125,0,46,ex,min,I,8,,,frame_00000.png,frame_00118.png,QR未検出,119,1.996437
ex_I_8,lockin,0,0,QR未検出,,lockin,binary,,,9.606183,70,8,1,0.650222,,0.650222,frame_00000.png,frame_00118.png,r180_e125_f0.mp4,180 Hz,1/125,蛍光灯なし,59.606 fps,180,125,0,46,ex,min,I,8,,,frame_00000.png,frame_00118.png,QR未検出,119,1.996437
ex_I_8,lockin,0,0,QR未検出,,lockin,binary,,,9.606183,901,8,1,0.697585,,0.697585,frame_00000.png,frame_00118.png,r180_e125_f0.mp4,180 Hz,1/125,蛍光灯なし,59.606 fps,180,125,0,46,ex,min,I,8,,,frame_00000.png,frame_00118.png,QR未検出,119,1.996437
ex_I_8,lockin,0,0,QR未検出,,lockin,binary,,,9.606183,902,8,1,0.558094,,0.558094,frame_00000.png,frame_00118.png,r180_e125_f0.mp4,180 Hz,1/125,蛍光灯なし,59.606 fps,180,125,0,46,ex,min,I,8,,,frame_00000.png,frame_00118.png,QR未検出,119,1.996437
ex_I_8,lockin,0,0,QR未検出,,lockin,binary,,,14.606183,30,8,1,0.650162,,0.650162,frame_00000.png,frame_00118.png,r180_e125_f0.mp4,180 Hz,1/125,蛍光灯なし,59.606 fps,180,125,0,46,ex,min,I,8,,,frame_00000.png,frame_00118.png,QR未検出,119,1.996437
ex_I_8,lockin,0,0,QR未検出,,lockin,binary,,,14.606183,50,8,1,0.650162,,0.650162,frame_00000.png,frame_00118.png,r180_e125_f0.mp4,180 Hz,1/125,蛍光灯なし,59.606 fps,180,125,0,46,ex,min,I,8,,,frame_00000.png,frame_00118.png,QR未検出,119,1.996437
ex_I_8,lockin,0,0,QR未検出,,lockin,binary,,,14.606183,70,8,1,0.650222,,0.650222,frame_00000.png,frame_00118.png,r180_e125_f0.mp4,180 Hz,1/125,蛍光灯なし,59.606 fps,180,125,0,46,ex,min,I,8,,,frame_00000.png,frame_00118.png,QR未検出,119,1.996437
ex_I_8,lockin,0,0,QR未検出,,lockin,binary,,,14.606183,901,8,1,0.694833,,0.694833,frame_00000.png,frame_00118.png,r180_e125_f0.mp4,180 Hz,1/125,蛍光灯なし,59.606 fps,180,125,0,46,ex,min,I,8,,,frame_00000.png,frame_00118.png,QR未検出,119,1.996437
ex_I_8,lockin,0,0,QR未検出,,lockin,binary,,,14.606183,902,8,1,0.557053,,0.557053,frame_00000.png,frame_00118.png,r180_e125_f0.mp4,180 Hz,1/125,蛍光灯なし,59.606 fps,180,125,0,46,ex,min,I,8,,,frame_00000.png,frame_00118.png,QR未検出,119,1.996437
ex_I_8,lockin,0,0,QR未検出,,lockin,binary,,,15.787634,30,8,1,0.650269,,0.650269,frame_00000.png,frame_00118.png,r180_e125_f0.mp4,180 Hz,1/125,蛍光灯なし,59.606 fps,180,125,0,46,ex,min,I,8,,,frame_00000.png,frame_00118.png,QR未検出,119,1.996437
ex_I_8,lockin,0,0,QR未検出,,lockin,binary,,,15.787634,50,8,1,0.650222,,0.650222,frame_00000.png,frame_00118.png,r180_e125_f0.mp4,180 Hz,1/125,蛍光灯なし,59.606 fps,180,125,0,46,ex,min,I,8,,,frame_00000.png,frame_00118.png,QR未検出,119,1.996437
ex_I_8,lockin,0,0,QR未検出,,lockin,binary,,,15.787634,70,8,1,0.650222,,0.650222,frame_00000.png,frame_00118.png,r180_e125_f0.mp4,180 Hz,1/125,蛍光灯なし,59.606 fps,180,125,0,46,ex,min,I,8,,,frame_00000.png,frame_00118.png,QR未検出,119,1.996437
ex_I_8,lockin,0,0,QR未検出,,lockin,binary,,,15.787634,901,8,1,0.700187,,0.700187,frame_00000.png,frame_00118.png,r180_e125_f0.mp4,180 Hz,1/125,蛍光灯なし,59.606 fps,180,125,0,46,ex,min,I,8,,,frame_00000.png,frame_00118.png,QR未検出,119,1.996437
ex_I_8,lockin,0,0,QR未検出,,lockin,binary,,,15.787634,902,8,1,0.564748,,0.564748,frame_00000.png,frame_00118.png,r180_e125_f0.mp4,180 Hz,1/125,蛍光灯なし,59.606 fps,180,125,0,46,ex,min,I,8,,,frame_00000.png,frame_00118.png,QR未検出,119,1.996437
ex_I_8,lockin,0,0,QR未検出,,lockin,binary,,,29.212366,30,8,1,0.652738,,0.652738,frame_00000.png,frame_00118.png,r180_e125_f0.mp4,180 Hz,1/125,蛍光灯なし,59.606 fps,180,125,0,46,ex,min,I,8,,,frame_00000.png,frame_00118.png,QR未検出,119,1.996437
ex_I_8,lockin,0,0,QR未検出,,lockin,binary,,,29.212366,50,8,1,0.649721,,0.649721,frame_00000.png,frame_00118.png,r180_e125_f0.mp4,180 Hz,1/125,蛍光灯なし,59.606 fps,180,125,0,46,ex,min,I,8,,,frame_00000.png,frame_00118.png,QR未検出,119,1.996437
ex_I_8,lockin,0,0,QR未検出,,lockin,binary,,,29.212366,70,8,1,0.649921,,0.649921,frame_00000.png,frame_00118.png,r180_e125_f0.mp4,180 Hz,1/125,蛍光灯なし,59.606 fps,180,125,0,46,ex,min,I,8,,,frame_00000.png,frame_00118.png,QR未検出,119,1.996437
ex_I_8,lockin,0,0,QR未検出,,lockin,binary,,,29.212366,901,8,1,0.741271,,0.741271,frame_00000.png,frame_00118.png,r180_e125_f0.mp4,180 Hz,1/125,蛍光灯なし,59.606 fps,180,125,0,46,ex,min,I,8,,,frame_00000.png,frame_00118.png,QR未検出,119,1.996437
ex_I_8,lockin,0,0,QR未検出,,lockin,binary,,,29.212366,902,8,1,0.552761,,0.552761,frame_00000.png,frame_00118.png,r180_e125_f0.mp4,180 Hz,1/125,蛍光灯なし,59.606 fps,180,125,0,46,ex,min,I,8,,,frame_00000.png,frame_00118.png,QR未検出,119,1.996437
ex_R_12,lockin,0,0,QR未検出,,lockin,binary,,,9.606183,30,8,1,0.650076,,0.650076,frame_00000.png,frame_00118.png,r180_e125_f0.mp4,180 Hz,1/125,蛍光灯なし,59.606 fps,180,125,0,11,ex,R,R,12,,,frame_00000.png,frame_00118.png,QR未検出,119,1.996437
ex_R_12,lockin,0,0,QR未検出,,lockin,binary,,,9.606183,50,8,1,0.650222,,0.650222,frame_00000.png,frame_00118.png,r180_e125_f0.mp4,180 Hz,1/125,蛍光灯なし,59.606 fps,180,125,0,11,ex,R,R,12,,,frame_00000.png,frame_00118.png,QR未検出,119,1.996437
ex_R_12,lockin,0,0,QR未検出,,lockin,binary,,,9.606183,70,8,1,0.650222,,0.650222,frame_00000.png,frame_00118.png,r180_e125_f0.mp4,180 Hz,1/125,蛍光灯なし,59.606 fps,180,125,0,11,ex,R,R,12,,,frame_00000.png,frame_00118.png,QR未検出,119,1.996437
ex_R_12,lockin,0,0,QR未検出,,lockin,binary,,,9.606183,901,8,1,0.618934,,0.618934,frame_00000.png,frame_00118.png,r180_e125_f0.mp4,180 Hz,1/125,蛍光灯なし,59.606 fps,180,125,0,11,ex,R,R,12,,,frame_00000.png,frame_00118.png,QR未検出,119,1.996437
ex_R_12,lockin,0,0,QR未検出,,lockin,binary,,,9.606183,902,8,1,0.544494,,0.544494,frame_00000.png,frame_00118.png,r180_e125_f0.mp4,180 Hz,1/125,蛍光灯なし,59.606 fps,180,125,0,11,ex,R,R,12,,,frame_00000.png,frame_00118.png,QR未検出,119,1.996437
ex_R_12,lockin,0,0,QR未検出,,lockin,binary,,,14.606183,30,8,1,0.650211,,0.650211,frame_00000.png,frame_00118.png,r180_e125_f0.mp4,180 Hz,1/125,蛍光灯なし,59.606 fps,180,125,0,11,ex,R,R,12,,,frame_00000.png,frame_00118.png,QR未検出,119,1.996437
ex_R_12,lockin,0,0,QR未検出,,lockin,binary,,,14.606183,50,8,1,0.650222,,0.650222,frame_00000.png,frame_00118.png,r180_e125_f0.mp4,180 Hz,1/125,蛍光灯なし,59.606 fps,180,125,0,11,ex,R,R,12,,,frame_00000.png,frame_00118.png,QR未検出,119,1.996437
ex_R_12,lockin,0,0,QR未検出,,lockin,binary,,,14.606183,70,8,1,0.650222,,0.650222,frame_00000.png,frame_00118.png,r180_e125_f0.mp4,180 Hz,1/125,蛍光灯なし,59.606 fps,180,125,0,11,ex,R,R,12,,,frame_00000.png,frame_00118.png,QR未検出,119,1.996437
ex_R_12,lockin,0,0,QR未検出,,lockin,binary,,,14.606183,901,8,1,0.652988,,0.652988,frame_00000.png,frame_00118.png,r180_e125_f0.mp4,180 Hz,1/125,蛍光灯なし,59.606 fps,180,125,0,11,ex,R,R,12,,,frame_00000.png,frame_00118.png,QR未検出,119,1.996437
ex_R_12,lockin,0,0,QR未検出,,lockin,binary,,,14.606183,902,8,1,0.552852,,0.552852,frame_00000.png,frame_00118.png,r180_e125_f0.mp4,180 Hz,1/125,蛍光灯なし,59.606 fps,180,125,0,11,ex,R,R,12,,,frame_00000.png,frame_00118.png,QR未検出,119,1.996437
ex_R_12,lockin,0,0,QR未検出,,lockin,binary,,,15.787634,30,8,1,0.650155,,0.650155,frame_00000.png,frame_00118.png,r180_e125_f0.mp4,180 Hz,1/125,蛍光灯なし,59.606 fps,180,125,0,11,ex,R,R,12,,,frame_00000.png,frame_00118.png,QR未検出,119,1.996437
ex_R_12,lockin,0,0,QR未検出,,lockin,binary,,,15.787634,50,8,1,0.650218,,0.650218,frame_00000.png,frame_00118.png,r180_e125_f0.mp4,180 Hz,1/125,蛍光灯なし,59.606 fps,180,125,0,11,ex,R,R,12,,,frame_00000.png,frame_00118.png,QR未検出,119,1.996437
ex_R_12,lockin,0,0,QR未検出,,lockin,binary,,,15.787634,70,8,1,0.650222,,0.650222,frame_00000.png,frame_00118.png,r180_e125_f0.mp4,180 Hz,1/125,蛍光灯なし,59.606 fps,180,125,0,11,ex,R,R,12,,,frame_00000.png,frame_00118.png,QR未検出,119,1.996437
ex_R_12,lockin,0,0,QR未検出,,lockin,binary,,,15.787634,901,8,1,0.676117,,0.676117,frame_00000.png,frame_00118.png,r180_e125_f0.mp4,180 Hz,1/125,蛍光灯なし,59.606 fps,180,125,0,11,ex,R,R,12,,,frame_00000.png,frame_00118.png,QR未検出,119,1.996437
ex_R_12,lockin,0,0,QR未検出,,lockin,binary,,,15.787634,902,8,1,0.537446,,0.537446,frame_00000.png,frame_00118.png,r180_e125_f0.mp4,180 Hz,1/125,蛍光灯なし,59.606 fps,180,125,0,11,ex,R,R,12,,,frame_00000.png,frame_00118.png,QR未検出,119,1.996437
ex_R_12,lockin,0,0,QR未検出,,lockin,binary,,,29.212366,30,8,1,0.759964,,0.759964,frame_00000.png,frame_00118.png,r180_e125_f0.mp4,180 Hz,1/125,蛍光灯なし,59.606 fps,180,125,0,11,ex,R,R,12,,,frame_00000.png,frame_00118.png,QR未検出,119,1.996437
ex_R_12,lockin,0,0,QR未検出,,lockin,binary,,,29.212366,50,8,1,0.676437,,0.676437,frame_00000.png,frame_00118.png,r180_e125_f0.mp4,180 Hz,1/125,蛍光灯なし,59.606 fps,180,125,0,11,ex,R,R,12,,,frame_00000.png,frame_00118.png,QR未検出,119,1.996437
ex_R_12,lockin,0,0,QR未検出,,lockin,binary,,,29.212366,70,8,1,0.652228,,0.652228,frame_00000.png,frame_00118.png,r180_e125_f0.mp4,180 Hz,1/125,蛍光灯なし,59.606 fps,180,125,0,11,ex,R,R,12,,,frame_00000.png,frame_00118.png,QR未検出,119,1.996437
ex_R_12,lockin,0,0,QR未検出,,lockin,binary,,,29.212366,901,8,1,0.815814,,0.815814,frame_00000.png,frame_00118.png,r180_e125_f0.mp4,180 Hz,1/125,蛍光灯なし,59.606 fps,180,125,0,11,ex,R,R,12,,,frame_00000.png,frame_00118.png,QR未検出,119,1.996437
ex_R_12,lockin,0,0,QR未検出,,lockin,binary,,,29.212366,902,8,1,0.555776,,0.555776,frame_00000.png,frame_00118.png,r180_e125_f0.mp4,180 Hz,1/125,蛍光灯なし,59.606 fps,180,125,0,11,ex,R,R,12,,,frame_00000.png,frame_00118.png,QR未検出,119,1.996437
ex_R_4,lockin,0,0,QR未検出,,lockin,binary,,,9.606183,30,8,1,0.650159,,0.650159,frame_00000.png,frame_00118.png,r180_e125_f0.mp4,180 Hz,1/125,蛍光灯なし,59.606 fps,180,125,0,9,ex,R,R,4,,,frame_00000.png,frame_00118.png,QR未検出,119,1.996437
ex_R_4,lockin,1,0,QR未検出,,lockin,binary,,,9.606183,50,8,1,0.650222,,0.650222,frame_00000.png,frame_00118.png,r180_e125_f0.mp4,180 Hz,1/125,蛍光灯なし,59.606 fps,180,125,0,9,ex,R,R,4,,,frame_00000.png,frame_00118.png,QR未検出,119,1.996437
ex_R_4,lockin,0,0,QR未検出,,lockin,binary,,,9.606183,70,8,1,0.650222,,0.650222,frame_00000.png,frame_00118.png,r180_e125_f0.mp4,180 Hz,1/125,蛍光灯なし,59.606 fps,180,125,0,9,ex,R,R,4,,,frame_00000.png,frame_00118.png,QR未検出,119,1.996437
ex_R_4,lockin,0,0,QR未検出,,lockin,binary,,,9.606183,901,8,1,0.610506,,0.610506,frame_00000.png,frame_00118.png,r180_e125_f0.mp4,180 Hz,1/125,蛍光灯なし,59.606 fps,180,125,0,9,ex,R,R,4,,,frame_00000.png,frame_00118.png,QR未検出,119,1.996437
ex_R_4,lockin,0,0,QR未検出,,lockin,binary,,,9.606183,902,8,1,0.553155,,0.553155,frame_00000.png,frame_00118.png,r180_e125_f0.mp4,180 Hz,1/125,蛍光灯なし,59.606 fps,180,125,0,9,ex,R,R,4,,,frame_00000.png,frame_00118.png,QR未検出,119,1.996437
ex_R_4,lockin,0,0,QR未検出,,lockin,binary,,,14.606183,30,8,1,0.649956,,0.649956,frame_00000.png,frame_00118.png,r180_e125_f0.mp4,180 Hz,1/125,蛍光灯なし,59.606 fps,180,125,0,9,ex,R,R,4,,,frame_00000.png,frame_00118.png,QR未検出,119,1.996437
ex_R_4,lockin,0,0,QR未検出,,lockin,binary,,,14.606183,50,8,1,0.650152,,0.650152,frame_00000.png,frame_00118.png,r180_e125_f0.mp4,180 Hz,1/125,蛍光灯なし,59.606 fps,180,125,0,9,ex,R,R,4,,,frame_00000.png,frame_00118.png,QR未検出,119,1.996437
ex_R_4,lockin,0,0,QR未検出,,lockin,binary,,,14.606183,70,8,1,0.650222,,0.650222,frame_00000.png,frame_00118.png,r180_e125_f0.mp4,180 Hz,1/125,蛍光灯なし,59.606 fps,180,125,0,9,ex,R,R,4,,,frame_00000.png,frame_00118.png,QR未検出,119,1.996437
ex_R_4,lockin,0,0,QR未検出,,lockin,binary,,,14.606183,901,8,1,0.615391,,0.615391,frame_00000.png,frame_00118.png,r180_e125_f0.mp4,180 Hz,1/125,蛍光灯なし,59.606 fps,180,125,0,9,ex,R,R,4,,,frame_00000.png,frame_00118.png,QR未検出,119,1.996437
ex_R_4,lockin,0,0,QR未検出,,lockin,binary,,,14.606183,902,8,1,0.570627,,0.570627,frame_00000.png,frame_00118.png,r180_e125_f0.mp4,180 Hz,1/125,蛍光灯なし,59.606 fps,180,125,0,9,ex,R,R,4,,,frame_00000.png,frame_00118.png,QR未検出,119,1.996437
ex_R_4,lockin,0,0,QR未検出,,lockin,binary,,,15.787634,30,8,1,0.650006,,0.650006,frame_00000.png,frame_00118.png,r180_e125_f0.mp4,180 Hz,1/125,蛍光灯なし,59.606 fps,180,125,0,9,ex,R,R,4,,,frame_00000.png,frame_00118.png,QR未検出,119,1.996437
ex_R_4,lockin,0,0,QR未検出,,lockin,binary,,,15.787634,50,8,1,0.650222,,0.650222,frame_00000.png,frame_00118.png,r180_e125_f0.mp4,180 Hz,1/125,蛍光灯なし,59.606 fps,180,125,0,9,ex,R,R,4,,,frame_00000.png,frame_00118.png,QR未検出,119,1.996437
ex_R_4,lockin,0,0,QR未検出,,lockin,binary,,,15.787634,70,8,1,0.650222,,0.650222,frame_00000.png,frame_00118.png,r180_e125_f0.mp4,180 Hz,1/125,蛍光灯なし,59.606 fps,180,125,0,9,ex,R,R,4,,,frame_00000.png,frame_00118.png,QR未検出,119,1.996437
ex_R_4,lockin,0,0,QR未検出,,lockin,binary,,,15.787634,901,8,1,0.609843,,0.609843,frame_00000.png,frame_00118.png,r180_e125_f0.mp4,180 Hz,1/125,蛍光灯なし,59.606 fps,180,125,0,9,ex,R,R,4,,,frame_00000.png,frame_00118.png,QR未検出,119,1.996437
ex_R_4,lockin,0,0,QR未検出,,lockin,binary,,,15.787634,902,8,1,0.573950,,0.573950,frame_00000.png,frame_00118.png,r180_e125_f0.mp4,180 Hz,1/125,蛍光灯なし,59.606 fps,180,125,0,9,ex,R,R,4,,,frame_00000.png,frame_00118.png,QR未検出,119,1.996437
ex_R_4,lockin,0,0,QR未検出,,lockin,binary,,,29.212366,30,8,1,0.649784,,0.649784,frame_00000.png,frame_00118.png,r180_e125_f0.mp4,180 Hz,1/125,蛍光灯なし,59.606 fps,180,125,0,9,ex,R,R,4,,,frame_00000.png,frame_00118.png,QR未検出,119,1.996437
ex_R_4,lockin,0,0,QR未検出,,lockin,binary,,,29.212366,50,8,1,0.650075,,0.650075,frame_00000.png,frame_00118.png,r180_e125_f0.mp4,180 Hz,1/125,蛍光灯なし,59.606 fps,180,125,0,9,ex,R,R,4,,,frame_00000.png,frame_00118.png,QR未検出,119,1.996437
ex_R_4,lockin,0,0,QR未検出,,lockin,binary,,,29.212366,70,8,1,0.650162,,0.650162,frame_00000.png,frame_00118.png,r180_e125_f0.mp4,180 Hz,1/125,蛍光灯なし,59.606 fps,180,125,0,9,ex,R,R,4,,,frame_00000.png,frame_00118.png,QR未検出,119,1.996437
ex_R_4,lockin,0,0,QR未検出,,lockin,binary,,,29.212366,901,8,1,0.634959,,0.634959,frame_00000.png,frame_00118.png,r180_e125_f0.mp4,180 Hz,1/125,蛍光灯なし,59.606 fps,180,125,0,9,ex,R,R,4,,,frame_00000.png,frame_00118.png,QR未検出,119,1.996437
ex_R_4,lockin,0,0,QR未検出,,lockin,binary,,,29.212366,902,8,1,0.582934,,0.582934,frame_00000.png,frame_00118.png,r180_e125_f0.mp4,180 Hz,1/125,蛍光灯なし,59.606 fps,180,125,0,9,ex,R,R,4,,,frame_00000.png,frame_00118.png,QR未検出,119,1.996437
ex_R_8,lockin,0,0,QR未検出,,lockin,binary,,,9.606183,30,8,1,0.650027,,0.650027,frame_00000.png,frame_00118.png,r180_e125_f0.mp4,180 Hz,1/125,蛍光灯なし,59.606 fps,180,125,0,10,ex,R,R,8,,,frame_00000.png,frame_00118.png,QR未検出,119,1.996437
ex_R_8,lockin,0,0,QR未検出,,lockin,binary,,,9.606183,50,8,1,0.650222,,0.650222,frame_00000.png,frame_00118.png,r180_e125_f0.mp4,180 Hz,1/125,蛍光灯なし,59.606 fps,180,125,0,10,ex,R,R,8,,,frame_00000.png,frame_00118.png,QR未検出,119,1.996437
ex_R_8,lockin,0,0,QR未検出,,lockin,binary,,,9.606183,70,8,1,0.650222,,0.650222,frame_00000.png,frame_00118.png,r180_e125_f0.mp4,180 Hz,1/125,蛍光灯なし,59.606 fps,180,125,0,10,ex,R,R,8,,,frame_00000.png,frame_00118.png,QR未検出,119,1.996437
ex_R_8,lockin,0,0,QR未検出,,lockin,binary,,,9.606183,901,8,1,0.625628,,0.625628,frame_00000.png,frame_00118.png,r180_e125_f0.mp4,180 Hz,1/125,蛍光灯なし,59.606 fps,180,125,0,10,ex,R,R,8,,,frame_00000.png,frame_00118.png,QR未検出,119,1.996437
ex_R_8,lockin,0,0,QR未検出,,lockin,binary,,,9.606183,902,8,1,0.573675,,0.573675,frame_00000.png,frame_00118.png,r180_e125_f0.mp4,180 Hz,1/125,蛍光灯なし,59.606 fps,180,125,0,10,ex,R,R,8,,,frame_00000.png,frame_00118.png,QR未検出,119,1.996437
ex_R_8,lockin,0,0,QR未検出,,lockin,binary,,,14.606183,30,8,1,0.649956,,0.649956,frame_00000.png,frame_00118.png,r180_e125_f0.mp4,180 Hz,1/125,蛍光灯なし,59.606 fps,180,125,0,10,ex,R,R,8,,,frame_00000.png,frame_00118.png,QR未検出,119,1.996437
ex_R_8,lockin,0,0,QR未検出,,lockin,binary,,,14.606183,50,8,1,0.650222,,0.650222,frame_00000.png,frame_00118.png,r180_e125_f0.mp4,180 Hz,1/125,蛍光灯なし,59.606 fps,180,125,0,10,ex,R,R,8,,,frame_00000.png,frame_00118.png,QR未検出,119,1.996437
ex_R_8,lockin,0,0,QR未検出,,lockin,binary,,,14.606183,70,8,1,0.650222,,0.650222,frame_00000.png,frame_00118.png,r180_e125_f0.mp4,180 Hz,1/125,蛍光灯なし,59.606 fps,180,125,0,10,ex,R,R,8,,,frame_00000.png,frame_00118.png,QR未検出,119,1.996437
ex_R_8,lockin,0,0,QR未検出,,lockin,binary,,,14.606183,901,8,1,0.634352,,0.634352,frame_00000.png,frame_00118.png,r180_e125_f0.mp4,180 Hz,1/125,蛍光灯なし,59.606 fps,180,125,0,10,ex,R,R,8,,,frame_00000.png,frame_00118.png,QR未検出,119,1.996437
ex_R_8,lockin,0,0,QR未検出,,lockin,binary,,,14.606183,902,8,1,0.576569,,0.576569,frame_00000.png,frame_00118.png,r180_e125_f0.mp4,180 Hz,1/125,蛍光灯なし,59.606 fps,180,125,0,10,ex,R,R,8,,,frame_00000.png,frame_00118.png,QR未検出,119,1.996437
ex_R_8,lockin,0,0,QR未検出,,lockin,binary,,,15.787634,30,8,1,0.649880,,0.649880,frame_00000.png,frame_00118.png,r180_e125_f0.mp4,180 Hz,1/125,蛍光灯なし,59.606 fps,180,125,0,10,ex,R,R,8,,,frame_00000.png,frame_00118.png,QR未検出,119,1.996437
ex_R_8,lockin,0,0,QR未検出,,lockin,binary,,,15.787634,50,8,1,0.650148,,0.650148,frame_00000.png,frame_00118.png,r180_e125_f0.mp4,180 Hz,1/125,蛍光灯なし,59.606 fps,180,125,0,10,ex,R,R,8,,,frame_00000.png,frame_00118.png,QR未検出,119,1.996437
ex_R_8,lockin,0,0,QR未検出,,lockin,binary,,,15.787634,70,8,1,0.650222,,0.650222,frame_00000.png,frame_00118.png,r180_e125_f0.mp4,180 Hz,1/125,蛍光灯なし,59.606 fps,180,125,0,10,ex,R,R,8,,,frame_00000.png,frame_00118.png,QR未検出,119,1.996437
ex_R_8,lockin,0,0,QR未検出,,lockin,binary,,,15.787634,901,8,1,0.635365,,0.635365,frame_00000.png,frame_00118.png,r180_e125_f0.mp4,180 Hz,1/125,蛍光灯なし,59.606 fps,180,125,0,10,ex,R,R,8,,,frame_00000.png,frame_00118.png,QR未検出,119,1.996437
ex_R_8,lockin,0,0,QR未検出,,lockin,binary,,,15.787634,902,8,1,0.562995,,0.562995,frame_00000.png,frame_00118.png,r180_e125_f0.mp4,180 Hz,1/125,蛍光灯なし,59.606 fps,180,125,0,10,ex,R,R,8,,,frame_00000.png,frame_00118.png,QR未検出,119,1.996437
ex_R_8,lockin,0,0,QR未検出,,lockin,binary,,,29.212366,30,8,1,0.649914,,0.649914,frame_00000.png,frame_00118.png,r180_e125_f0.mp4,180 Hz,1/125,蛍光灯なし,59.606 fps,180,125,0,10,ex,R,R,8,,,frame_00000.png,frame_00118.png,QR未検出,119,1.996437
ex_R_8,lockin,0,0,QR未検出,,lockin,binary,,,29.212366,50,8,1,0.650103,,0.650103,frame_00000.png,frame_00118.png,r180_e125_f0.mp4,180 Hz,1/125,蛍光灯なし,59.606 fps,180,125,0,10,ex,R,R,8,,,frame_00000.png,frame_00118.png,QR未検出,119,1.996437
ex_R_8,lockin,0,0,QR未検出,,lockin,binary,,,29.212366,70,8,1,0.650199,,0.650199,frame_00000.png,frame_00118.png,r180_e125_f0.mp4,180 Hz,1/125,蛍光灯なし,59.606 fps,180,125,0,10,ex,R,R,8,,,frame_00000.png,frame_00118.png,QR未検出,119,1.996437
ex_R_8,lockin,1,0,QR未検出,,lockin,binary,,,29.212366,901,8,1,0.710449,,0.710449,frame_00000.png,frame_00118.png,r180_e125_f0.mp4,180 Hz,1/125,蛍光灯なし,59.606 fps,180,125,0,10,ex,R,R,8,,,frame_00000.png,frame_00118.png,QR未検出,119,1.996437
ex_R_8,lockin,0,0,QR未検出,,lockin,binary,,,29.212366,902,8,1,0.537233,,0.537233,frame_00000.png,frame_00118.png,r180_e125_f0.mp4,180 Hz,1/125,蛍光灯なし,59.606 fps,180,125,0,10,ex,R,R,8,,,frame_00000.png,frame_00118.png,QR未検出,119,1.996437
ex_X_12,lockin,0,0,QR未検出,,lockin,binary,,,9.606183,30,8,1,0.650097,,0.650097,frame_00000.png,frame_00118.png,r180_e125_f0.mp4,180 Hz,1/125,蛍光灯なし,59.606 fps,180,125,0,59,ex,max,X,12,,,frame_00000.png,frame_00118.png,QR未検出,119,1.996437
ex_X_12,lockin,0,0,QR未検出,,lockin,binary,,,9.606183,50,8,1,0.650204,,0.650204,frame_00000.png,frame_00118.png,r180_e125_f0.mp4,180 Hz,1/125,蛍光灯なし,59.606 fps,180,125,0,59,ex,max,X,12,,,frame_00000.png,frame_00118.png,QR未検出,119,1.996437
ex_X_12,lockin,0,0,QR未検出,,lockin,binary,,,9.606183,70,8,1,0.650222,,0.650222,frame_00000.png,frame_00118.png,r180_e125_f0.mp4,180 Hz,1/125,蛍光灯なし,59.606 fps,180,125,0,59,ex,max,X,12,,,frame_00000.png,frame_00118.png,QR未検出,119,1.996437
ex_X_12,lockin,0,0,QR未検出,,lockin,binary,,,9.606183,901,8,1,0.714501,,0.714501,frame_00000.png,frame_00118.png,r180_e125_f0.mp4,180 Hz,1/125,蛍光灯なし,59.606 fps,180,125,0,59,ex,max,X,12,,,frame_00000.png,frame_00118.png,QR未検出,119,1.996437
ex_X_12,lockin,0,0,QR未検出,,lockin,binary,,,9.606183,902,8,1,0.543115,,0.543115,frame_00000.png,frame_00118.png,r180_e125_f0.mp4,180 Hz,1/125,蛍光灯なし,59.606 fps,180,125,0,59,ex,max,X,12,,,frame_00000.png,frame_00118.png,QR未検出,119,1.996437
ex_X_12,lockin,0,0,QR未検出,,lockin,binary,,,14.606183,30,8,1,0.650106,,0.650106,frame_00000.png,frame_00118.png,r180_e125_f0.mp4,180 Hz,1/125,蛍光灯なし,59.606 fps,180,125,0,59,ex,max,X,12,,,frame_00000.png,frame_00118.png,QR未検出,119,1.996437
ex_X_12,lockin,0,0,QR未検出,,lockin,binary,,,14.606183,50,8,1,0.650222,,0.650222,frame_00000.png,frame_00118.png,r180_e125_f0.mp4,180 Hz,1/125,蛍光灯なし,59.606 fps,180,125,0,59,ex,max,X,12,,,frame_00000.png,frame_00118.png,QR未検出,119,1.996437
ex_X_12,lockin,0,0,QR未検出,,lockin,binary,,,14.606183,70,8,1,0.650222,,0.650222,frame_00000.png,frame_00118.png,r180_e125_f0.mp4,180 Hz,1/125,蛍光灯なし,59.606 fps,180,125,0,59,ex,max,X,12,,,frame_00000.png,frame_00118.png,QR未検出,119,1.996437
ex_X_12,lockin,0,0,QR未検出,,lockin,binary,,,14.606183,901,8,1,0.730780,,0.730780,frame_00000.png,frame_00118.png,r180_e125_f0.mp4,180 Hz,1/125,蛍光灯なし,59.606 fps,180,125,0,59,ex,max,X,12,,,frame_00000.png,frame_00118.png,QR未検出,119,1.996437
ex_X_12,lockin,0,0,QR未検出,,lockin,binary,,,14.606183,902,8,1,0.535956,,0.535956,frame_00000.png,frame_00118.png,r180_e125_f0.mp4,180 Hz,1/125,蛍光灯なし,59.606 fps,180,125,0,59,ex,max,X,12,,,frame_00000.png,frame_00118.png,QR未検出,119,1.996437
ex_X_12,lockin,0,0,QR未検出,,lockin,binary,,,15.787634,30,8,1,0.650319,,0.650319,frame_00000.png,frame_00118.png,r180_e125_f0.mp4,180 Hz,1/125,蛍光灯なし,59.606 fps,180,125,0,59,ex,max,X,12,,,frame_00000.png,frame_00118.png,QR未検出,119,1.996437
ex_X_12,lockin,0,0,QR未検出,,lockin,binary,,,15.787634,50,8,1,0.650269,,0.650269,frame_00000.png,frame_00118.png,r180_e125_f0.mp4,180 Hz,1/125,蛍光灯なし,59.606 fps,180,125,0,59,ex,max,X,12,,,frame_00000.png,frame_00118.png,QR未検出,119,1.996437
ex_X_12,lockin,0,0,QR未検出,,lockin,binary,,,15.787634,70,8,1,0.650222,,0.650222,frame_00000.png,frame_00118.png,r180_e125_f0.mp4,180 Hz,1/125,蛍光灯なし,59.606 fps,180,125,0,59,ex,max,X,12,,,frame_00000.png,frame_00118.png,QR未検出,119,1.996437
ex_X_12,lockin,0,0,QR未検出,,lockin,binary,,,15.787634,901,8,1,0.751057,,0.751057,frame_00000.png,frame_00118.png,r180_e125_f0.mp4,180 Hz,1/125,蛍光灯なし,59.606 fps,180,125,0,59,ex,max,X,12,,,frame_00000.png,frame_00118.png,QR未検出,119,1.996437
ex_X_12,lockin,0,0,QR未検出,,lockin,binary,,,15.787634,902,8,1,0.548615,,0.548615,frame_00000.png,frame_00118.png,r180_e125_f0.mp4,180 Hz,1/125,蛍光灯なし,59.606 fps,180,125,0,59,ex,max,X,12,,,frame_00000.png,frame_00118.png,QR未検出,119,1.996437
ex_X_12,lockin,0,0,QR未検出,,lockin,binary,,,29.212366,30,8,1,0.810588,,0.810588,frame_00000.png,frame_00118.png,r180_e125_f0.mp4,180 Hz,1/125,蛍光灯なし,59.606 fps,180,125,0,59,ex,max,X,12,,,frame_00000.png,frame_00118.png,QR未検出,119,1.996437
ex_X_12,lockin,0,0,QR未検出,,lockin,binary,,,29.212366,50,8,1,0.673165,,0.673165,frame_00000.png,frame_00118.png,r180_e125_f0.mp4,180 Hz,1/125,蛍光灯なし,59.606 fps,180,125,0,59,ex,max,X,12,,,frame_00000.png,frame_00118.png,QR未検出,119,1.996437
ex_X_12,lockin,0,0,QR未検出,,lockin,binary,,,29.212366,70,8,1,0.650318,,0.650318,frame_00000.png,frame_00118.png,r180_e125_f0.mp4,180 Hz,1/125,蛍光灯なし,59.606 fps,180,125,0,59,ex,max,X,12,,,frame_00000.png,frame_00118.png,QR未検出,119,1.996437
ex_X_12,lockin,1,0,QR未検出,,lockin,binary,,,29.212366,901,8,1,0.852086,,0.852086,frame_00000.png,frame_00118.png,r180_e125_f0.mp4,180 Hz,1/125,蛍光灯なし,59.606 fps,180,125,0,59,ex,max,X,12,,,frame_00000.png,frame_00118.png,QR未検出,119,1.996437
ex_X_12,lockin,0,0,QR未検出,,lockin,binary,,,29.212366,902,8,1,0.588273,,0.588273,frame_00000.png,frame_00118.png,r180_e125_f0.mp4,180 Hz,1/125,蛍光灯なし,59.606 fps,180,125,0,59,ex,max,X,12,,,frame_00000.png,frame_00118.png,QR未検出,119,1.996437
ex_X_4,lockin,0,0,QR未検出,,lockin,binary,,,9.606183,30,8,1,0.650159,,0.650159,frame_00000.png,frame_00118.png,r180_e125_f0.mp4,180 Hz,1/125,蛍光灯なし,59.606 fps,180,125,0,57,ex,max,X,4,,,frame_00000.png,frame_00118.png,QR未検出,119,1.996437
ex_X_4,lockin,0,0,QR未検出,,lockin,binary,,,9.606183,50,8,1,0.650222,,0.650222,frame_00000.png,frame_00118.png,r180_e125_f0.mp4,180 Hz,1/125,蛍光灯なし,59.606 fps,180,125,0,57,ex,max,X,4,,,frame_00000.png,frame_00118.png,QR未検出,119,1.996437
ex_X_4,lockin,0,0,QR未検出,,lockin,binary,,,9.606183,70,8,1,0.650222,,0.650222,frame_00000.png,frame_00118.png,r180_e125_f0.mp4,180 Hz,1/125,蛍光灯なし,59.606 fps,180,125,0,57,ex,max,X,4,,,frame_00000.png,frame_00118.png,QR未検出,119,1.996437
ex_X_4,lockin,0,0,QR未検出,,lockin,binary,,,9.606183,901,8,1,0.620201,,0.620201,frame_00000.png,frame_00118.png,r180_e125_f0.mp4,180 Hz,1/125,蛍光灯なし,59.606 fps,180,125,0,57,ex,max,X,4,,,frame_00000.png,frame_00118.png,QR未検出,119,1.996437
ex_X_4,lockin,0,0,QR未検出,,lockin,binary,,,9.606183,902,8,1,0.560106,,0.560106,frame_00000.png,frame_00118.png,r180_e125_f0.mp4,180 Hz,1/125,蛍光灯なし,59.606 fps,180,125,0,57,ex,max,X,4,,,frame_00000.png,frame_00118.png,QR未検出,119,1.996437
ex_X_4,lockin,0,0,QR未検出,,lockin,binary,,,14.606183,30,8,1,0.650143,,0.650143,frame_00000.png,frame_00118.png,r180_e125_f0.mp4,180 Hz,1/125,蛍光灯なし,59.606 fps,180,125,0,57,ex,max,X,4,,,frame_00000.png,frame_00118.png,QR未検出,119,1.996437
ex_X_4,lockin,0,0,QR未検出,,lockin,binary,,,14.606183,50,8,1,0.650190,,0.650190,frame_00000.png,frame_00118.png,r180_e125_f0.mp4,180 Hz,1/125,蛍光灯なし,59.606 fps,180,125,0,57,ex,max,X,4,,,frame_00000.png,frame_00118.png,QR未検出,119,1.996437
ex_X_4,lockin,0,0,QR未検出,,lockin,binary,,,14.606183,70,8,1,0.650222,,0.650222,frame_00000.png,frame_00118.png,r180_e125_f0.mp4,180 Hz,1/125,蛍光灯なし,59.606 fps,180,125,0,57,ex,max,X,4,,,frame_00000.png,frame_00118.png,QR未検出,119,1.996437
ex_X_4,lockin,0,0,QR未検出,,lockin,binary,,,14.606183,901,8,1,0.622006,,0.622006,frame_00000.png,frame_00118.png,r180_e125_f0.mp4,180 Hz,1/125,蛍光灯なし,59.606 fps,180,125,0,57,ex,max,X,4,,,frame_00000.png,frame_00118.png,QR未検出,119,1.996437
ex_X_4,lockin,0,0,QR未検出,,lockin,binary,,,14.606183,902,8,1,0.556367,,0.556367,frame_00000.png,frame_00118.png,r180_e125_f0.mp4,180 Hz,1/125,蛍光灯なし,59.606 fps,180,125,0,57,ex,max,X,4,,,frame_00000.png,frame_00118.png,QR未検出,119,1.996437
ex_X_4,lockin,0,0,QR未検出,,lockin,binary,,,15.787634,30,8,1,0.649954,,0.649954,frame_00000.png,frame_00118.png,r180_e125_f0.mp4,180 Hz,1/125,蛍光灯なし,59.606 fps,180,125,0,57,ex,max,X,4,,,frame_00000.png,frame_00118.png,QR未検出,119,1.996437
ex_X_4,lockin,0,0,QR未検出,,lockin,binary,,,15.787634,50,8,1,0.650160,,0.650160,frame_00000.png,frame_00118.png,r180_e125_f0.mp4,180 Hz,1/125,蛍光灯なし,59.606 fps,180,125,0,57,ex,max,X,4,,,frame_00000.png,frame_00118.png,QR未検出,119,1.996437
ex_X_4,lockin,0,0,QR未検出,,lockin,binary,,,15.787634,70,8,1,0.650222,,0.650222,frame_00000.png,frame_00118.png,r180_e125_f0.mp4,180 Hz,1/125,蛍光灯なし,59.606 fps,180,125,0,57,ex,max,X,4,,,frame_00000.png,frame_00118.png,QR未検出,119,1.996437
ex_X_4,lockin,0,0,QR未検出,,lockin,binary,,,15.787634,901,8,1,0.619921,,0.619921,frame_00000.png,frame_00118.png,r180_e125_f0.mp4,180 Hz,1/125,蛍光灯なし,59.606 fps,180,125,0,57,ex,max,X,4,,,frame_00000.png,frame_00118.png,QR未検出,119,1.996437
ex_X_4,lockin,0,0,QR未検出,,lockin,binary,,,15.787634,902,8,1,0.596480,,0.596480,frame_00000.png,frame_00118.png,r180_e125_f0.mp4,180 Hz,1/125,蛍光灯なし,59.606 fps,180,125,0,57,ex,max,X,4,,,frame_00000.png,frame_00118.png,QR未検出,119,1.996437
ex_X_4,lockin,1,0,QR未検出,,lockin,binary,,,29.212366,30,8,1,0.650229,,0.650229,frame_00000.png,frame_00118.png,r180_e125_f0.mp4,180 Hz,1/125,蛍光灯なし,59.606 fps,180,125,0,57,ex,max,X,4,,,frame_00000.png,frame_00118.png,QR未検出,119,1.996437
ex_X_4,lockin,0,0,QR未検出,,lockin,binary,,,29.212366,50,8,1,0.650185,,0.650185,frame_00000.png,frame_00118.png,r180_e125_f0.mp4,180 Hz,1/125,蛍光灯なし,59.606 fps,180,125,0,57,ex,max,X,4,,,frame_00000.png,frame_00118.png,QR未検出,119,1.996437
ex_X_4,lockin,0,0,QR未検出,,lockin,binary,,,29.212366,70,8,1,0.650222,,0.650222,frame_00000.png,frame_00118.png,r180_e125_f0.mp4,180 Hz,1/125,蛍光灯なし,59.606 fps,180,125,0,57,ex,max,X,4,,,frame_00000.png,frame_00118.png,QR未検出,119,1.996437
ex_X_4,lockin,0,0,QR未検出,,lockin,binary,,,29.212366,901,8,1,0.635984,,0.635984,frame_00000.png,frame_00118.png,r180_e125_f0.mp4,180 Hz,1/125,蛍光灯なし,59.606 fps,180,125,0,57,ex,max,X,4,,,frame_00000.png,frame_00118.png,QR未検出,119,1.996437
ex_X_4,lockin,0,0,QR未検出,,lockin,binary,,,29.212366,902,8,1,0.574826,,0.574826,frame_00000.png,frame_00118.png,r180_e125_f0.mp4,180 Hz,1/125,蛍光灯なし,59.606 fps,180,125,0,57,ex,max,X,4,,,frame_00000.png,frame_00118.png,QR未検出,119,1.996437
ex_X_8,lockin,0,0,QR未検出,,lockin,binary,,,9.606183,30,8,1,0.650222,,0.650222,frame_00000.png,frame_00118.png,r180_e125_f0.mp4,180 Hz,1/125,蛍光灯なし,59.606 fps,180,125,0,58,ex,max,X,8,,,frame_00000.png,frame_00118.png,QR未検出,119,1.996437
ex_X_8,lockin,0,0,QR未検出,,lockin,binary,,,9.606183,50,8,1,0.650222,,0.650222,frame_00000.png,frame_00118.png,r180_e125_f0.mp4,180 Hz,1/125,蛍光灯なし,59.606 fps,180,125,0,58,ex,max,X,8,,,frame_00000.png,frame_00118.png,QR未検出,119,1.996437
ex_X_8,lockin,0,0,QR未検出,,lockin,binary,,,9.606183,70,8,1,0.650222,,0.650222,frame_00000.png,frame_00118.png,r180_e125_f0.mp4,180 Hz,1/125,蛍光灯なし,59.606 fps,180,125,0,58,ex,max,X,8,,,frame_00000.png,frame_00118.png,QR未検出,119,1.996437
ex_X_8,lockin,0,0,QR未検出,,lockin,binary,,,9.606183,901,8,1,0.674552,,0.674552,frame_00000.png,frame_00118.png,r180_e125_f0.mp4,180 Hz,1/125,蛍光灯なし,59.606 fps,180,125,0,58,ex,max,X,8,,,frame_00000.png,frame_00118.png,QR未検出,119,1.996437
ex_X_8,lockin,0,0,QR未検出,,lockin,binary,,,9.606183,902,8,1,0.600765,,0.600765,frame_00000.png,frame_00118.png,r180_e125_f0.mp4,180 Hz,1/125,蛍光灯なし,59.606 fps,180,125,0,58,ex,max,X,8,,,frame_00000.png,frame_00118.png,QR未検出,119,1.996437
ex_X_8,lockin,0,0,QR未検出,,lockin,binary,,,14.606183,30,8,1,0.650139,,0.650139,frame_00000.png,frame_00118.png,r180_e125_f0.mp4,180 Hz,1/125,蛍光灯なし,59.606 fps,180,125,0,58,ex,max,X,8,,,frame_00000.png,frame_00118.png,QR未検出,119,1.996437
ex_X_8,lockin,0,0,QR未検出,,lockin,binary,,,14.606183,50,8,1,0.650160,,0.650160,frame_00000.png,frame_00118.png,r180_e125_f0.mp4,180 Hz,1/125,蛍光灯なし,59.606 fps,180,125,0,58,ex,max,X,8,,,frame_00000.png,frame_00118.png,QR未検出,119,1.996437
ex_X_8,lockin,0,0,QR未検出,,lockin,binary,,,14.606183,70,8,1,0.650215,,0.650215,frame_00000.png,frame_00118.png,r180_e125_f0.mp4,180 Hz,1/125,蛍光灯なし,59.606 fps,180,125,0,58,ex,max,X,8,,,frame_00000.png,frame_00118.png,QR未検出,119,1.996437
ex_X_8,lockin,0,0,QR未検出,,lockin,binary,,,14.606183,901,8,1,0.684106,,0.684106,frame_00000.png,frame_00118.png,r180_e125_f0.mp4,180 Hz,1/125,蛍光灯なし,59.606 fps,180,125,0,58,ex,max,X,8,,,frame_00000.png,frame_00118.png,QR未検出,119,1.996437
ex_X_8,lockin,0,0,QR未検出,,lockin,binary,,,14.606183,902,8,1,0.582294,,0.582294,frame_00000.png,frame_00118.png,r180_e125_f0.mp4,180 Hz,1/125,蛍光灯なし,59.606 fps,180,125,0,58,ex,max,X,8,,,frame_00000.png,frame_00118.png,QR未検出,119,1.996437
ex_X_8,lockin,0,0,QR未検出,,lockin,binary,,,15.787634,30,8,1,0.650103,,0.650103,frame_00000.png,frame_00118.png,r180_e125_f0.mp4,180 Hz,1/125,蛍光灯なし,59.606 fps,180,125,0,58,ex,max,X,8,,,frame_00000.png,frame_00118.png,QR未検出,119,1.996437
ex_X_8,lockin,0,0,QR未検出,,lockin,binary,,,15.787634,50,8,1,0.650187,,0.650187,frame_00000.png,frame_00118.png,r180_e125_f0.mp4,180 Hz,1/125,蛍光灯なし,59.606 fps,180,125,0,58,ex,max,X,8,,,frame_00000.png,frame_00118.png,QR未検出,119,1.996437
ex_X_8,lockin,0,0,QR未検出,,lockin,binary,,,15.787634,70,8,1,0.650222,,0.650222,frame_00000.png,frame_00118.png,r180_e125_f0.mp4,180 Hz,1/125,蛍光灯なし,59.606 fps,180,125,0,58,ex,max,X,8,,,frame_00000.png,frame_00118.png,QR未検出,119,1.996437
ex_X_8,lockin,0,0,QR未検出,,lockin,binary,,,15.787634,901,8,1,0.688112,,0.688112,frame_00000.png,frame_00118.png,r180_e125_f0.mp4,180 Hz,1/125,蛍光灯なし,59.606 fps,180,125,0,58,ex,max,X,8,,,frame_00000.png,frame_00118.png,QR未検出,119,1.996437
ex_X_8,lockin,0,0,QR未検出,,lockin,binary,,,15.787634,902,8,1,0.539718,,0.539718,frame_00000.png,frame_00118.png,r180_e125_f0.mp4,180 Hz,1/125,蛍光灯なし,59.606 fps,180,125,0,58,ex,max,X,8,,,frame_00000.png,frame_00118.png,QR未検出,119,1.996437
ex_X_8,lockin,0,0,QR未検出,,lockin,binary,,,29.212366,30,8,1,0.649877,,0.649877,frame_00000.png,frame_00118.png,r180_e125_f0.mp4,180 Hz,1/125,蛍光灯なし,59.606 fps,180,125,0,58,ex,max,X,8,,,frame_00000.png,frame_00118.png,QR未検出,119,1.996437
ex_X_8,lockin,0,0,QR未検出,,lockin,binary,,,29.212366,50,8,1,0.650188,,0.650188,frame_00000.png,frame_00118.png,r180_e125_f0.mp4,180 Hz,1/125,蛍光灯なし,59.606 fps,180,125,0,58,ex,max,X,8,,,frame_00000.png,frame_00118.png,QR未検出,119,1.996437
ex_X_8,lockin,0,0,QR未検出,,lockin,binary,,,29.212366,70,8,1,0.650222,,0.650222,frame_00000.png,frame_00118.png,r180_e125_f0.mp4,180 Hz,1/125,蛍光灯なし,59.606 fps,180,125,0,58,ex,max,X,8,,,frame_00000.png,frame_00118.png,QR未検出,119,1.996437
ex_X_8,lockin,0,0,QR未検出,,lockin,binary,,,29.212366,901,8,1,0.716611,,0.716611,frame_00000.png,frame_00118.png,r180_e125_f0.mp4,180 Hz,1/125,蛍光灯なし,59.606 fps,180,125,0,58,ex,max,X,8,,,frame_00000.png,frame_00118.png,QR未検出,119,1.996437
ex_X_8,lockin,0,0,QR未検出,,lockin,binary,,,29.212366,902,8,1,0.576718,,0.576718,frame_00000.png,frame_00118.png,r180_e125_f0.mp4,180 Hz,1/125,蛍光灯なし,59.606 fps,180,125,0,58,ex,max,X,8,,,frame_00000.png,frame_00118.png,QR未検出,119,1.996437
hocho_B_12,lockin,0,0,QR未検出,,lockin,binary,,,9.606183,30,8,1,0.649831,,0.649831,frame_00000.png,frame_00118.png,r180_e125_f0.mp4,180 Hz,1/125,蛍光灯なし,59.606 fps,180,125,0,32,hocho,B,B,12,,,frame_00000.png,frame_00118.png,QR未検出,119,1.996437
hocho_B_12,lockin,0,0,QR未検出,,lockin,binary,,,9.606183,50,8,1,0.649975,,0.649975,frame_00000.png,frame_00118.png,r180_e125_f0.mp4,180 Hz,1/125,蛍光灯なし,59.606 fps,180,125,0,32,hocho,B,B,12,,,frame_00000.png,frame_00118.png,QR未検出,119,1.996437
hocho_B_12,lockin,0,0,QR未検出,,lockin,binary,,,9.606183,70,8,1,0.650150,,0.650150,frame_00000.png,frame_00118.png,r180_e125_f0.mp4,180 Hz,1/125,蛍光灯なし,59.606 fps,180,125,0,32,hocho,B,B,12,,,frame_00000.png,frame_00118.png,QR未検出,119,1.996437
hocho_B_12,lockin,0,0,QR未検出,,lockin,binary,,,9.606183,901,8,1,0.684265,,0.684265,frame_00000.png,frame_00118.png,r180_e125_f0.mp4,180 Hz,1/125,蛍光灯なし,59.606 fps,180,125,0,32,hocho,B,B,12,,,frame_00000.png,frame_00118.png,QR未検出,119,1.996437
hocho_B_12,lockin,0,0,QR未検出,,lockin,binary,,,9.606183,902,8,1,0.538463,,0.538463,frame_00000.png,frame_00118.png,r180_e125_f0.mp4,180 Hz,1/125,蛍光灯なし,59.606 fps,180,125,0,32,hocho,B,B,12,,,frame_00000.png,frame_00118.png,QR未検出,119,1.996437
hocho_B_12,lockin,0,0,QR未検出,,lockin,binary,,,14.606183,30,8,1,0.650026,,0.650026,frame_00000.png,frame_00118.png,r180_e125_f0.mp4,180 Hz,1/125,蛍光灯なし,59.606 fps,180,125,0,32,hocho,B,B,12,,,frame_00000.png,frame_00118.png,QR未検出,119,1.996437
hocho_B_12,lockin,0,0,QR未検出,,lockin,binary,,,14.606183,50,8,1,0.650164,,0.650164,frame_00000.png,frame_00118.png,r180_e125_f0.mp4,180 Hz,1/125,蛍光灯なし,59.606 fps,180,125,0,32,hocho,B,B,12,,,frame_00000.png,frame_00118.png,QR未検出,119,1.996437
hocho_B_12,lockin,0,0,QR未検出,,lockin,binary,,,14.606183,70,8,1,0.650222,,0.650222,frame_00000.png,frame_00118.png,r180_e125_f0.mp4,180 Hz,1/125,蛍光灯なし,59.606 fps,180,125,0,32,hocho,B,B,12,,,frame_00000.png,frame_00118.png,QR未検出,119,1.996437
hocho_B_12,lockin,0,0,QR未検出,,lockin,binary,,,14.606183,901,8,1,0.688291,,0.688291,frame_00000.png,frame_00118.png,r180_e125_f0.mp4,180 Hz,1/125,蛍光灯なし,59.606 fps,180,125,0,32,hocho,B,B,12,,,frame_00000.png,frame_00118.png,QR未検出,119,1.996437
hocho_B_12,lockin,0,0,QR未検出,,lockin,binary,,,14.606183,902,8,1,0.544473,,0.544473,frame_00000.png,frame_00118.png,r180_e125_f0.mp4,180 Hz,1/125,蛍光灯なし,59.606 fps,180,125,0,32,hocho,B,B,12,,,frame_00000.png,frame_00118.png,QR未検出,119,1.996437
hocho_B_12,lockin,0,0,QR未検出,,lockin,binary,,,15.787634,30,8,1,0.650082,,0.650082,frame_00000.png,frame_00118.png,r180_e125_f0.mp4,180 Hz,1/125,蛍光灯なし,59.606 fps,180,125,0,32,hocho,B,B,12,,,frame_00000.png,frame_00118.png,QR未検出,119,1.996437
hocho_B_12,lockin,0,0,QR未検出,,lockin,binary,,,15.787634,50,8,1,0.650204,,0.650204,frame_00000.png,frame_00118.png,r180_e125_f0.mp4,180 Hz,1/125,蛍光灯なし,59.606 fps,180,125,0,32,hocho,B,B,12,,,frame_00000.png,frame_00118.png,QR未検出,119,1.996437
hocho_B_12,lockin,0,0,QR未検出,,lockin,binary,,,15.787634,70,8,1,0.650222,,0.650222,frame_00000.png,frame_00118.png,r180_e125_f0.mp4,180 Hz,1/125,蛍光灯なし,59.606 fps,180,125,0,32,hocho,B,B,12,,,frame_00000.png,frame_00118.png,QR未検出,119,1.996437
hocho_B_12,lockin,0,0,QR未検出,,lockin,binary,,,15.787634,901,8,1,0.688845,,0.688845,frame_00000.png,frame_00118.png,r180_e125_f0.mp4,180 Hz,1/125,蛍光灯なし,59.606 fps,180,125,0,32,hocho,B,B,12,,,frame_00000.png,frame_00118.png,QR未検出,119,1.996437
hocho_B_12,lockin,0,0,QR未検出,,lockin,binary,,,15.787634,902,8,1,0.561912,,0.561912,frame_00000.png,frame_00118.png,r180_e125_f0.mp4,180 Hz,1/125,蛍光灯なし,59.606 fps,180,125,0,32,hocho,B,B,12,,,frame_00000.png,frame_00118.png,QR未検出,119,1.996437
hocho_B_12,lockin,0,0,QR未検出,,lockin,binary,,,29.212366,30,8,1,0.661078,,0.661078,frame_00000.png,frame_00118.png,r180_e125_f0.mp4,180 Hz,1/125,蛍光灯なし,59.606 fps,180,125,0,32,hocho,B,B,12,,,frame_00000.png,frame_00118.png,QR未検出,119,1.996437
hocho_B_12,lockin,0,0,QR未検出,,lockin,binary,,,29.212366,50,8,1,0.650613,,0.650613,frame_00000.png,frame_00118.png,r180_e125_f0.mp4,180 Hz,1/125,蛍光灯なし,59.606 fps,180,125,0,32,hocho,B,B,12,,,frame_00000.png,frame_00118.png,QR未検出,119,1.996437
hocho_B_12,lockin,0,0,QR未検出,,lockin,binary,,,29.212366,70,8,1,0.650222,,0.650222,frame_00000.png,frame_00118.png,r180_e125_f0.mp4,180 Hz,1/125,蛍光灯なし,59.606 fps,180,125,0,32,hocho,B,B,12,,,frame_00000.png,frame_00118.png,QR未検出,119,1.996437
hocho_B_12,lockin,0,0,QR未検出,,lockin,binary,,,29.212366,901,8,1,0.784484,,0.784484,frame_00000.png,frame_00118.png,r180_e125_f0.mp4,180 Hz,1/125,蛍光灯なし,59.606 fps,180,125,0,32,hocho,B,B,12,,,frame_00000.png,frame_00118.png,QR未検出,119,1.996437
hocho_B_12,lockin,0,0,QR未検出,,lockin,binary,,,29.212366,902,8,1,0.504192,,0.504192,frame_00000.png,frame_00118.png,r180_e125_f0.mp4,180 Hz,1/125,蛍光灯なし,59.606 fps,180,125,0,32,hocho,B,B,12,,,frame_00000.png,frame_00118.png,QR未検出,119,1.996437
hocho_B_4,lockin,0,0,QR未検出,,lockin,binary,,,9.606183,30,8,1,0.650111,,0.650111,frame_00000.png,frame_00118.png,r180_e125_f0.mp4,180 Hz,1/125,蛍光灯なし,59.606 fps,180,125,0,30,hocho,B,B,4,,,frame_00000.png,frame_00118.png,QR未検出,119,1.996437
hocho_B_4,lockin,1,0,QR未検出,,lockin,binary,,,9.606183,50,8,1,0.650222,,0.650222,frame_00000.png,frame_00118.png,r180_e125_f0.mp4,180 Hz,1/125,蛍光灯なし,59.606 fps,180,125,0,30,hocho,B,B,4,,,frame_00000.png,frame_00118.png,QR未検出,119,1.996437
hocho_B_4,lockin,0,0,QR未検出,,lockin,binary,,,9.606183,70,8,1,0.650222,,0.650222,frame_00000.png,frame_00118.png,r180_e125_f0.mp4,180 Hz,1/125,蛍光灯なし,59.606 fps,180,125,0,30,hocho,B,B,4,,,frame_00000.png,frame_00118.png,QR未検出,119,1.996437
hocho_B_4,lockin,0,0,QR未検出,,lockin,binary,,,9.606183,901,8,1,0.621987,,0.621987,frame_00000.png,frame_00118.png,r180_e125_f0.mp4,180 Hz,1/125,蛍光灯なし,59.606 fps,180,125,0,30,hocho,B,B,4,,,frame_00000.png,frame_00118.png,QR未検出,119,1.996437
hocho_B_4,lockin,0,0,QR未検出,,lockin,binary,,,9.606183,902,8,1,0.558304,,0.558304,frame_00000.png,frame_00118.png,r180_e125_f0.mp4,180 Hz,1/125,蛍光灯なし,59.606 fps,180,125,0,30,hocho,B,B,4,,,frame_00000.png,frame_00118.png,QR未検出,119,1.996437
hocho_B_4,lockin,0,0,QR未検出,,lockin,binary,,,14.606183,30,8,1,0.650145,,0.650145,frame_00000.png,frame_00118.png,r180_e125_f0.mp4,180 Hz,1/125,蛍光灯なし,59.606 fps,180,125,0,30,hocho,B,B,4,,,frame_00000.png,frame_00118.png,QR未検出,119,1.996437
hocho_B_4,lockin,0,0,QR未検出,,lockin,binary,,,14.606183,50,8,1,0.650222,,0.650222,frame_00000.png,frame_00118.png,r180_e125_f0.mp4,180 Hz,1/125,蛍光灯なし,59.606 fps,180,125,0,30,hocho,B,B,4,,,frame_00000.png,frame_00118.png,QR未検出,119,1.996437
hocho_B_4,lockin,0,0,QR未検出,,lockin,binary,,,14.606183,70,8,1,0.650222,,0.650222,frame_00000.png,frame_00118.png,r180_e125_f0.mp4,180 Hz,1/125,蛍光灯なし,59.606 fps,180,125,0,30,hocho,B,B,4,,,frame_00000.png,frame_00118.png,QR未検出,119,1.996437
hocho_B_4,lockin,0,0,QR未検出,,lockin,binary,,,14.606183,901,8,1,0.629075,,0.629075,frame_00000.png,frame_00118.png,r180_e125_f0.mp4,180 Hz,1/125,蛍光灯なし,59.606 fps,180,125,0,30,hocho,B,B,4,,,frame_00000.png,frame_00118.png,QR未検出,119,1.996437
hocho_B_4,lockin,0,0,QR未検出,,lockin,binary,,,14.606183,902,8,1,0.559599,,0.559599,frame_00000.png,frame_00118.png,r180_e125_f0.mp4,180 Hz,1/125,蛍光灯なし,59.606 fps,180,125,0,30,hocho,B,B,4,,,frame_00000.png,frame_00118.png,QR未検出,119,1.996437
hocho_B_4,lockin,0,0,QR未検出,,lockin,binary,,,15.787634,30,8,1,0.649959,,0.649959,frame_00000.png,frame_00118.png,r180_e125_f0.mp4,180 Hz,1/125,蛍光灯なし,59.606 fps,180,125,0,30,hocho,B,B,4,,,frame_00000.png,frame_00118.png,QR未検出,119,1.996437
hocho_B_4,lockin,0,0,QR未検出,,lockin,binary,,,15.787634,50,8,1,0.650080,,0.650080,frame_00000.png,frame_00118.png,r180_e125_f0.mp4,180 Hz,1/125,蛍光灯なし,59.606 fps,180,125,0,30,hocho,B,B,4,,,frame_00000.png,frame_00118.png,QR未検出,119,1.996437
hocho_B_4,lockin,0,0,QR未検出,,lockin,binary,,,15.787634,70,8,1,0.650129,,0.650129,frame_00000.png,frame_00118.png,r180_e125_f0.mp4,180 Hz,1/125,蛍光灯なし,59.606 fps,180,125,0,30,hocho,B,B,4,,,frame_00000.png,frame_00118.png,QR未検出,119,1.996437
hocho_B_4,lockin,0,0,QR未検出,,lockin,binary,,,15.787634,901,8,1,0.627761,,0.627761,frame_00000.png,frame_00118.png,r180_e125_f0.mp4,180 Hz,1/125,蛍光灯なし,59.606 fps,180,125,0,30,hocho,B,B,4,,,frame_00000.png,frame_00118.png,QR未検出,119,1.996437
hocho_B_4,lockin,0,0,QR未検出,,lockin,binary,,,15.787634,902,8,1,0.583372,,0.583372,frame_00000.png,frame_00118.png,r180_e125_f0.mp4,180 Hz,1/125,蛍光灯なし,59.606 fps,180,125,0,30,hocho,B,B,4,,,frame_00000.png,frame_00118.png,QR未検出,119,1.996437
hocho_B_4,lockin,0,0,QR未検出,,lockin,binary,,,29.212366,30,8,1,0.650038,,0.650038,frame_00000.png,frame_00118.png,r180_e125_f0.mp4,180 Hz,1/125,蛍光灯なし,59.606 fps,180,125,0,30,hocho,B,B,4,,,frame_00000.png,frame_00118.png,QR未検出,119,1.996437
hocho_B_4,lockin,0,0,QR未検出,,lockin,binary,,,29.212366,50,8,1,0.650068,,0.650068,frame_00000.png,frame_00118.png,r180_e125_f0.mp4,180 Hz,1/125,蛍光灯なし,59.606 fps,180,125,0,30,hocho,B,B,4,,,frame_00000.png,frame_00118.png,QR未検出,119,1.996437
hocho_B_4,lockin,0,0,QR未検出,,lockin,binary,,,29.212366,70,8,1,0.650222,,0.650222,frame_00000.png,frame_00118.png,r180_e125_f0.mp4,180 Hz,1/125,蛍光灯なし,59.606 fps,180,125,0,30,hocho,B,B,4,,,frame_00000.png,frame_00118.png,QR未検出,119,1.996437
hocho_B_4,lockin,0,0,QR未検出,,lockin,binary,,,29.212366,901,8,1,0.634401,,0.634401,frame_00000.png,frame_00118.png,r180_e125_f0.mp4,180 Hz,1/125,蛍光灯なし,59.606 fps,180,125,0,30,hocho,B,B,4,,,frame_00000.png,frame_00118.png,QR未検出,119,1.996437
hocho_B_4,lockin,0,0,QR未検出,,lockin,binary,,,29.212366,902,8,1,0.589011,,0.589011,frame_00000.png,frame_00118.png,r180_e125_f0.mp4,180 Hz,1/125,蛍光灯なし,59.606 fps,180,125,0,30,hocho,B,B,4,,,frame_00000.png,frame_00118.png,QR未検出,119,1.996437
hocho_B_8,lockin,0,0,QR未検出,,lockin,binary,,,9.606183,30,8,1,0.650022,,0.650022,frame_00000.png,frame_00118.png,r180_e125_f0.mp4,180 Hz,1/125,蛍光灯なし,59.606 fps,180,125,0,31,hocho,B,B,8,,,frame_00000.png,frame_00118.png,QR未検出,119,1.996437
hocho_B_8,lockin,1,0,QR未検出,,lockin,binary,,,9.606183,50,8,1,0.650222,,0.650222,frame_00000.png,frame_00118.png,r180_e125_f0.mp4,180 Hz,1/125,蛍光灯なし,59.606 fps,180,125,0,31,hocho,B,B,8,,,frame_00000.png,frame_00118.png,QR未検出,119,1.996437
hocho_B_8,lockin,0,0,QR未検出,,lockin,binary,,,9.606183,70,8,1,0.650222,,0.650222,frame_00000.png,frame_00118.png,r180_e125_f0.mp4,180 Hz,1/125,蛍光灯なし,59.606 fps,180,125,0,31,hocho,B,B,8,,,frame_00000.png,frame_00118.png,QR未検出,119,1.996437
hocho_B_8,lockin,0,0,QR未検出,,lockin,binary,,,9.606183,901,8,1,0.624570,,0.624570,frame_00000.png,frame_00118.png,r180_e125_f0.mp4,180 Hz,1/125,蛍光灯なし,59.606 fps,180,125,0,31,hocho,B,B,8,,,frame_00000.png,frame_00118.png,QR未検出,119,1.996437
hocho_B_8,lockin,0,0,QR未検出,,lockin,binary,,,9.606183,902,8,1,0.559303,,0.559303,frame_00000.png,frame_00118.png,r180_e125_f0.mp4,180 Hz,1/125,蛍光灯なし,59.606 fps,180,125,0,31,hocho,B,B,8,,,frame_00000.png,frame_00118.png,QR未検出,119,1.996437
hocho_B_8,lockin,0,0,QR未検出,,lockin,binary,,,14.606183,30,8,1,0.650113,,0.650113,frame_00000.png,frame_00118.png,r180_e125_f0.mp4,180 Hz,1/125,蛍光灯なし,59.606 fps,180,125,0,31,hocho,B,B,8,,,frame_00000.png,frame_00118.png,QR未検出,119,1.996437
hocho_B_8,lockin,0,0,QR未検出,,lockin,binary,,,14.606183,50,8,1,0.650167,,0.650167,frame_00000.png,frame_00118.png,r180_e125_f0.mp4,180 Hz,1/125,蛍光灯なし,59.606 fps,180,125,0,31,hocho,B,B,8,,,frame_00000.png,frame_00118.png,QR未検出,119,1.996437
hocho_B_8,lockin,0,0,QR未検出,,lockin,binary,,,14.606183,70,8,1,0.650222,,0.650222,frame_00000.png,frame_00118.png,r180_e125_f0.mp4,180 Hz,1/125,蛍光灯なし,59.606 fps,180,125,0,31,hocho,B,B,8,,,frame_00000.png,frame_00118.png,QR未検出,119,1.996437
hocho_B_8,lockin,0,0,QR未検出,,lockin,binary,,,14.606183,901,8,1,0.630172,,0.630172,frame_00000.png,frame_00118.png,r180_e125_f0.mp4,180 Hz,1/125,蛍光灯なし,59.606 fps,180,125,0,31,hocho,B,B,8,,,frame_00000.png,frame_00118.png,QR未検出,119,1.996437
hocho_B_8,lockin,0,0,QR未検出,,lockin,binary,,,14.606183,902,8,1,0.573619,,0.573619,frame_00000.png,frame_00118.png,r180_e125_f0.mp4,180 Hz,1/125,蛍光灯なし,59.606 fps,180,125,0,31,hocho,B,B,8,,,frame_00000.png,frame_00118.png,QR未検出,119,1.996437
hocho_B_8,lockin,0,0,QR未検出,,lockin,binary,,,15.787634,30,8,1,0.650171,,0.650171,frame_00000.png,frame_00118.png,r180_e125_f0.mp4,180 Hz,1/125,蛍光灯なし,59.606 fps,180,125,0,31,hocho,B,B,8,,,frame_00000.png,frame_00118.png,QR未検出,119,1.996437
hocho_B_8,lockin,0,0,QR未検出,,lockin,binary,,,15.787634,50,8,1,0.650222,,0.650222,frame_00000.png,frame_00118.png,r180_e125_f0.mp4,180 Hz,1/125,蛍光灯なし,59.606 fps,180,125,0,31,hocho,B,B,8,,,frame_00000.png,frame_00118.png,QR未検出,119,1.996437
hocho_B_8,lockin,0,0,QR未検出,,lockin,binary,,,15.787634,70,8,1,0.650222,,0.650222,frame_00000.png,frame_00118.png,r180_e125_f0.mp4,180 Hz,1/125,蛍光灯なし,59.606 fps,180,125,0,31,hocho,B,B,8,,,frame_00000.png,frame_00118.png,QR未検出,119,1.996437
hocho_B_8,lockin,0,0,QR未検出,,lockin,binary,,,15.787634,901,8,1,0.630697,,0.630697,frame_00000.png,frame_00118.png,r180_e125_f0.mp4,180 Hz,1/125,蛍光灯なし,59.606 fps,180,125,0,31,hocho,B,B,8,,,frame_00000.png,frame_00118.png,QR未検出,119,1.996437
hocho_B_8,lockin,0,0,QR未検出,,lockin,binary,,,15.787634,902,8,1,0.557624,,0.557624,frame_00000.png,frame_00118.png,r180_e125_f0.mp4,180 Hz,1/125,蛍光灯なし,59.606 fps,180,125,0,31,hocho,B,B,8,,,frame_00000.png,frame_00118.png,QR未検出,119,1.996437
hocho_B_8,lockin,0,0,QR未検出,,lockin,binary,,,29.212366,30,8,1,0.650080,,0.650080,frame_00000.png,frame_00118.png,r180_e125_f0.mp4,180 Hz,1/125,蛍光灯なし,59.606 fps,180,125,0,31,hocho,B,B,8,,,frame_00000.png,frame_00118.png,QR未検出,119,1.996437
hocho_B_8,lockin,0,0,QR未検出,,lockin,binary,,,29.212366,50,8,1,0.650160,,0.650160,frame_00000.png,frame_00118.png,r180_e125_f0.mp4,180 Hz,1/125,蛍光灯なし,59.606 fps,180,125,0,31,hocho,B,B,8,,,frame_00000.png,frame_00118.png,QR未検出,119,1.996437
hocho_B_8,lockin,0,0,QR未検出,,lockin,binary,,,29.212366,70,8,1,0.650222,,0.650222,frame_00000.png,frame_00118.png,r180_e125_f0.mp4,180 Hz,1/125,蛍光灯なし,59.606 fps,180,125,0,31,hocho,B,B,8,,,frame_00000.png,frame_00118.png,QR未検出,119,1.996437
hocho_B_8,lockin,0,0,QR未検出,,lockin,binary,,,29.212366,901,8,1,0.637540,,0.637540,frame_00000.png,frame_00118.png,r180_e125_f0.mp4,180 Hz,1/125,蛍光灯なし,59.606 fps,180,125,0,31,hocho,B,B,8,,,frame_00000.png,frame_00118.png,QR未検出,119,1.996437
hocho_B_8,lockin,0,0,QR未検出,,lockin,binary,,,29.212366,902,8,1,0.598515,,0.598515,frame_00000.png,frame_00118.png,r180_e125_f0.mp4,180 Hz,1/125,蛍光灯なし,59.606 fps,180,125,0,31,hocho,B,B,8,,,frame_00000.png,frame_00118.png,QR未検出,119,1.996437
hocho_G_12,lockin,0,0,QR未検出,,lockin,binary,,,9.606183,30,8,1,0.650122,,0.650122,frame_00000.png,frame_00118.png,r180_e125_f0.mp4,180 Hz,1/125,蛍光灯なし,59.606 fps,180,125,0,20,hocho,G,G,12,,,frame_00000.png,frame_00118.png,QR未検出,119,1.996437
hocho_G_12,lockin,0,0,QR未検出,,lockin,binary,,,9.606183,50,8,1,0.650222,,0.650222,frame_00000.png,frame_00118.png,r180_e125_f0.mp4,180 Hz,1/125,蛍光灯なし,59.606 fps,180,125,0,20,hocho,G,G,12,,,frame_00000.png,frame_00118.png,QR未検出,119,1.996437
hocho_G_12,lockin,0,0,QR未検出,,lockin,binary,,,9.606183,70,8,1,0.650222,,0.650222,frame_00000.png,frame_00118.png,r180_e125_f0.mp4,180 Hz,1/125,蛍光灯なし,59.606 fps,180,125,0,20,hocho,G,G,12,,,frame_00000.png,frame_00118.png,QR未検出,119,1.996437
hocho_G_12,lockin,0,0,QR未検出,,lockin,binary,,,9.606183,901,8,1,0.674923,,0.674923,frame_00000.png,frame_00118.png,r180_e125_f0.mp4,180 Hz,1/125,蛍光灯なし,59.606 fps,180,125,0,20,hocho,G,G,12,,,frame_00000.png,frame_00118.png,QR未検出,119,1.996437
hocho_G_12,lockin,0,0,QR未検出,,lockin,binary,,,9.606183,902,8,1,0.581928,,0.581928,frame_00000.png,frame_00118.png,r180_e125_f0.mp4,180 Hz,1/125,蛍光灯なし,59.606 fps,180,125,0,20,hocho,G,G,12,,,frame_00000.png,frame_00118.png,QR未検出,119,1.996437
hocho_G_12,lockin,0,0,QR未検出,,lockin,binary,,,14.606183,30,8,1,0.650087,,0.650087,frame_00000.png,frame_00118.png,r180_e125_f0.mp4,180 Hz,1/125,蛍光灯なし,59.606 fps,180,125,0,20,hocho,G,G,12,,,frame_00000.png,frame_00118.png,QR未検出,119,1.996437
hocho_G_12,lockin,0,0,QR未検出,,lockin,binary,,,14.606183,50,8,1,0.650222,,0.650222,frame_00000.png,frame_00118.png,r180_e125_f0.mp4,180 Hz,1/125,蛍光灯なし,59.606 fps,180,125,0,20,hocho,G,G,12,,,frame_00000.png,frame_00118.png,QR未検出,119,1.996437
hocho_G_12,lockin,0,0,QR未検出,,lockin,binary,,,14.606183,70,8,1,0.650222,,0.650222,frame_00000.png,frame_00118.png,r180_e125_f0.mp4,180 Hz,1/125,蛍光灯なし,59.606 fps,180,125,0,20,hocho,G,G,12,,,frame_00000.png,frame_00118.png,QR未検出,119,1.996437
hocho_G_12,lockin,0,0,QR未検出,,lockin,binary,,,14.606183,901,8,1,0.685757,,0.685757,frame_00000.png,frame_00118.png,r180_e125_f0.mp4,180 Hz,1/125,蛍光灯なし,59.606 fps,180,125,0,20,hocho,G,G,12,,,frame_00000.png,frame_00118.png,QR未検出,119,1.996437
hocho_G_12,lockin,0,0,QR未検出,,lockin,binary,,,14.606183,902,8,1,0.562266,,0.562266,frame_00000.png,frame_00118.png,r180_e125_f0.mp4,180 Hz,1/125,蛍光灯なし,59.606 fps,180,125,0,20,hocho,G,G,12,,,frame_00000.png,frame_00118.png,QR未検出,119,1.996437
hocho_G_12,lockin,0,0,QR未検出,,lockin,binary,,,15.787634,30,8,1,0.650045,,0.650045,frame_00000.png,frame_00118.png,r180_e125_f0.mp4,180 Hz,1/125,蛍光灯なし,59.606 fps,180,125,0,20,hocho,G,G,12,,,frame_00000.png,frame_00118.png,QR未検出,119,1.996437
hocho_G_12,lockin,0,0,QR未検出,,lockin,binary,,,15.787634,50,8,1,0.650110,,0.650110,frame_00000.png,frame_00118.png,r180_e125_f0.mp4,180 Hz,1/125,蛍光灯なし,59.606 fps,180,125,0,20,hocho,G,G,12,,,frame_00000.png,frame_00118.png,QR未検出,119,1.996437
hocho_G_12,lockin,0,0,QR未検出,,lockin,binary,,,15.787634,70,8,1,0.650222,,0.650222,frame_00000.png,frame_00118.png,r180_e125_f0.mp4,180 Hz,1/125,蛍光灯なし,59.606 fps,180,125,0,20,hocho,G,G,12,,,frame_00000.png,frame_00118.png,QR未検出,119,1.996437
hocho_G_12,lockin,0,0,QR未検出,,lockin,binary,,,15.787634,901,8,1,0.687608,,0.687608,frame_00000.png,frame_00118.png,r180_e125_f0.mp4,180 Hz,1/125,蛍光灯なし,59.606 fps,180,125,0,20,hocho,G,G,12,,,frame_00000.png,frame_00118.png,QR未検出,119,1.996437
hocho_G_12,lockin,0,0,QR未検出,,lockin,binary,,,15.787634,902,8,1,0.563699,,0.563699,frame_00000.png,frame_00118.png,r180_e125_f0.mp4,180 Hz,1/125,蛍光灯なし,59.606 fps,180,125,0,20,hocho,G,G,12,,,frame_00000.png,frame_00118.png,QR未検出,119,1.996437
hocho_G_12,lockin,0,0,QR未検出,,lockin,binary,,,29.212366,30,8,1,0.656491,,0.656491,frame_00000.png,frame_00118.png,r180_e125_f0.mp4,180 Hz,1/125,蛍光灯なし,59.606 fps,180,125,0,20,hocho,G,G,12,,,frame_00000.png,frame_00118.png,QR未検出,119,1.996437
hocho_G_12,lockin,0,0,QR未検出,,lockin,binary,,,29.212366,50,8,1,0.652993,,0.652993,frame_00000.png,frame_00118.png,r180_e125_f0.mp4,180 Hz,1/125,蛍光灯なし,59.606 fps,180,125,0,20,hocho,G,G,12,,,frame_00000.png,frame_00118.png,QR未検出,119,1.996437
hocho_G_12,lockin,0,0,QR未検出,,lockin,binary,,,29.212366,70,8,1,0.651210,,0.651210,frame_00000.png,frame_00118.png,r180_e125_f0.mp4,180 Hz,1/125,蛍光灯なし,59.606 fps,180,125,0,20,hocho,G,G,12,,,frame_00000.png,frame_00118.png,QR未検出,119,1.996437
hocho_G_12,lockin,0,0,QR未検出,,lockin,binary,,,29.212366,901,8,1,0.768477,,0.768477,frame_00000.png,frame_00118.png,r180_e125_f0.mp4,180 Hz,1/125,蛍光灯なし,59.606 fps,180,125,0,20,hocho,G,G,12,,,frame_00000.png,frame_00118.png,QR未検出,119,1.996437
hocho_G_12,lockin,0,0,QR未検出,,lockin,binary,,,29.212366,902,8,1,0.522635,,0.522635,frame_00000.png,frame_00118.png,r180_e125_f0.mp4,180 Hz,1/125,蛍光灯なし,59.606 fps,180,125,0,20,hocho,G,G,12,,,frame_00000.png,frame_00118.png,QR未検出,119,1.996437
hocho_G_4,lockin,0,0,QR未検出,,lockin,binary,,,9.606183,30,8,1,0.650169,,0.650169,frame_00000.png,frame_00118.png,r180_e125_f0.mp4,180 Hz,1/125,蛍光灯なし,59.606 fps,180,125,0,18,hocho,G,G,4,,,frame_00000.png,frame_00118.png,QR未検出,119,1.996437
hocho_G_4,lockin,1,0,QR未検出,,lockin,binary,,,9.606183,50,8,1,0.650222,,0.650222,frame_00000.png,frame_00118.png,r180_e125_f0.mp4,180 Hz,1/125,蛍光灯なし,59.606 fps,180,125,0,18,hocho,G,G,4,,,frame_00000.png,frame_00118.png,QR未検出,119,1.996437
hocho_G_4,lockin,0,0,QR未検出,,lockin,binary,,,9.606183,70,8,1,0.650222,,0.650222,frame_00000.png,frame_00118.png,r180_e125_f0.mp4,180 Hz,1/125,蛍光灯なし,59.606 fps,180,125,0,18,hocho,G,G,4,,,frame_00000.png,frame_00118.png,QR未検出,119,1.996437
hocho_G_4,lockin,0,0,QR未検出,,lockin,binary,,,9.606183,901,8,1,0.624279,,0.624279,frame_00000.png,frame_00118.png,r180_e125_f0.mp4,180 Hz,1/125,蛍光灯なし,59.606 fps,180,125,0,18,hocho,G,G,4,,,frame_00000.png,frame_00118.png,QR未検出,119,1.996437
hocho_G_4,lockin,0,0,QR未検出,,lockin,binary,,,9.606183,902,8,1,0.567221,,0.567221,frame_00000.png,frame_00118.png,r180_e125_f0.mp4,180 Hz,1/125,蛍光灯なし,59.606 fps,180,125,0,18,hocho,G,G,4,,,frame_00000.png,frame_00118.png,QR未検出,119,1.996437
hocho_G_4,lockin,0,0,QR未検出,,lockin,binary,,,14.606183,30,8,1,0.650201,,0.650201,frame_00000.png,frame_00118.png,r180_e125_f0.mp4,180 Hz,1/125,蛍光灯なし,59.606 fps,180,125,0,18,hocho,G,G,4,,,frame_00000.png,frame_00118.png,QR未検出,119,1.996437
hocho_G_4,lockin,0,0,QR未検出,,lockin,binary,,,14.606183,50,8,1,0.650222,,0.650222,frame_00000.png,frame_00118.png,r180_e125_f0.mp4,180 Hz,1/125,蛍光灯なし,59.606 fps,180,125,0,18,hocho,G,G,4,,,frame_00000.png,frame_00118.png,QR未検出,119,1.996437
hocho_G_4,lockin,0,0,QR未検出,,lockin,binary,,,14.606183,70,8,1,0.650222,,0.650222,frame_00000.png,frame_00118.png,r180_e125_f0.mp4,180 Hz,1/125,蛍光灯なし,59.606 fps,180,125,0,18,hocho,G,G,4,,,frame_00000.png,frame_00118.png,QR未検出,119,1.996437
hocho_G_4,lockin,0,0,QR未検出,,lockin,binary,,,14.606183,901,8,1,0.627110,,0.627110,frame_00000.png,frame_00118.png,r180_e125_f0.mp4,180 Hz,1/125,蛍光灯なし,59.606 fps,180,125,0,18,hocho,G,G,4,,,frame_00000.png,frame_00118.png,QR未検出,119,1.996437
hocho_G_4,lockin,0,0,QR未検出,,lockin,binary,,,14.606183,902,8,1,0.563884,,0.563884,frame_00000.png,frame_00118.png,r180_e125_f0.mp4,180 Hz,1/125,蛍光灯なし,59.606 fps,180,125,0,18,hocho,G,G,4,,,frame_00000.png,frame_00118.png,QR未検出,119,1.996437
hocho_G_4,lockin,0,0,QR未検出,,lockin,binary,,,15.787634,30,8,1,0.650176,,0.650176,frame_00000.png,frame_00118.png,r180_e125_f0.mp4,180 Hz,1/125,蛍光灯なし,59.606 fps,180,125,0,18,hocho,G,G,4,,,frame_00000.png,frame_00118.png,QR未検出,119,1.996437
hocho_G_4,lockin,0,0,QR未検出,,lockin,binary,,,15.787634,50,8,1,0.650222,,0.650222,frame_00000.png,frame_00118.png,r180_e125_f0.mp4,180 Hz,1/125,蛍光灯なし,59.606 fps,180,125,0,18,hocho,G,G,4,,,frame_00000.png,frame_00118.png,QR未検出,119,1.996437
hocho_G_4,lockin,0,0,QR未検出,,lockin,binary,,,15.787634,70,8,1,0.650222,,0.650222,frame_00000.png,frame_00118.png,r180_e125_f0.mp4,180 Hz,1/125,蛍光灯なし,59.606 fps,180,125,0,18,hocho,G,G,4,,,frame_00000.png,frame_00118.png,QR未検出,119,1.996437
hocho_G_4,lockin,0,0,QR未検出,,lockin,binary,,,15.787634,901,8,1,0.629701,,0.629701,frame_00000.png,frame_00118.png,r180_e125_f0.mp4,180 Hz,1/125,蛍光灯なし,59.606 fps,180,125,0,18,hocho,G,G,4,,,frame_00000.png,frame_00118.png,QR未検出,119,1.996437
hocho_G_4,lockin,0,0,QR未検出,,lockin,binary,,,15.787634,902,8,1,0.571233,,0.571233,frame_00000.png,frame_00118.png,r180_e125_f0.mp4,180 Hz,1/125,蛍光灯なし,59.606 fps,180,125,0,18,hocho,G,G,4,,,frame_00000.png,frame_00118.png,QR未検出,119,1.996437
hocho_G_4,lockin,0,0,QR未検出,,lockin,binary,,,29.212366,30,8,1,0.649922,,0.649922,frame_00000.png,frame_00118.png,r180_e125_f0.mp4,180 Hz,1/125,蛍光灯なし,59.606 fps,180,125,0,18,hocho,G,G,4,,,frame_00000.png,frame_00118.png,QR未検出,119,1.996437
hocho_G_4,lockin,0,0,QR未検出,,lockin,binary,,,29.212366,50,8,1,0.650148,,0.650148,frame_00000.png,frame_00118.png,r180_e125_f0.mp4,180 Hz,1/125,蛍光灯なし,59.606 fps,180,125,0,18,hocho,G,G,4,,,frame_00000.png,frame_00118.png,QR未検出,119,1.996437
hocho_G_4,lockin,0,0,QR未検出,,lockin,binary,,,29.212366,70,8,1,0.650222,,0.650222,frame_00000.png,frame_00118.png,r180_e125_f0.mp4,180 Hz,1/125,蛍光灯なし,59.606 fps,180,125,0,18,hocho,G,G,4,,,frame_00000.png,frame_00118.png,QR未検出,119,1.996437
hocho_G_4,lockin,0,0,QR未検出,,lockin,binary,,,29.212366,901,8,1,0.636602,,0.636602,frame_00000.png,frame_00118.png,r180_e125_f0.mp4,180 Hz,1/125,蛍光灯なし,59.606 fps,180,125,0,18,hocho,G,G,4,,,frame_00000.png,frame_00118.png,QR未検出,119,1.996437
hocho_G_4,lockin,0,0,QR未検出,,lockin,binary,,,29.212366,902,8,1,0.584000,,0.584000,frame_00000.png,frame_00118.png,r180_e125_f0.mp4,180 Hz,1/125,蛍光灯なし,59.606 fps,180,125,0,18,hocho,G,G,4,,,frame_00000.png,frame_00118.png,QR未検出,119,1.996437
hocho_G_8,lockin,0,0,QR未検出,,lockin,binary,,,9.606183,30,8,1,0.650108,,0.650108,frame_00000.png,frame_00118.png,r180_e125_f0.mp4,180 Hz,1/125,蛍光灯なし,59.606 fps,180,125,0,19,hocho,G,G,8,,,frame_00000.png,frame_00118.png,QR未検出,119,1.996437
hocho_G_8,lockin,0,0,QR未検出,,lockin,binary,,,9.606183,50,8,1,0.650222,,0.650222,frame_00000.png,frame_00118.png,r180_e125_f0.mp4,180 Hz,1/125,蛍光灯なし,59.606 fps,180,125,0,19,hocho,G,G,8,,,frame_00000.png,frame_00118.png,QR未検出,119,1.996437
hocho_G_8,lockin,0,0,QR未検出,,lockin,binary,,,9.606183,70,8,1,0.650222,,0.650222,frame_00000.png,frame_00118.png,r180_e125_f0.mp4,180 Hz,1/125,蛍光灯なし,59.606 fps,180,125,0,19,hocho,G,G,8,,,frame_00000.png,frame_00118.png,QR未検出,119,1.996437
hocho_G_8,lockin,0,0,QR未検出,,lockin,binary,,,9.606183,901,8,1,0.623891,,0.623891,frame_00000.png,frame_00118.png,r180_e125_f0.mp4,180 Hz,1/125,蛍光灯なし,59.606 fps,180,125,0,19,hocho,G,G,8,,,frame_00000.png,frame_00118.png,QR未検出,119,1.996437
hocho_G_8,lockin,0,0,QR未検出,,lockin,binary,,,9.606183,902,8,1,0.558087,,0.558087,frame_00000.png,frame_00118.png,r180_e125_f0.mp4,180 Hz,1/125,蛍光灯なし,59.606 fps,180,125,0,19,hocho,G,G,8,,,frame_00000.png,frame_00118.png,QR未検出,119,1.996437
hocho_G_8,lockin,0,0,QR未検出,,lockin,binary,,,14.606183,30,8,1,0.649994,,0.649994,frame_00000.png,frame_00118.png,r180_e125_f0.mp4,180 Hz,1/125,蛍光灯なし,59.606 fps,180,125,0,19,hocho,G,G,8,,,frame_00000.png,frame_00118.png,QR未検出,119,1.996437
hocho_G_8,lockin,0,0,QR未検出,,lockin,binary,,,14.606183,50,8,1,0.650178,,0.650178,frame_00000.png,frame_00118.png,r180_e125_f0.mp4,180 Hz,1/125,蛍光灯なし,59.606 fps,180,125,0,19,hocho,G,G,8,,,frame_00000.png,frame_00118.png,QR未検出,119,1.996437
hocho_G_8,lockin,0,0,QR未検出,,lockin,binary,,,14.606183,70,8,1,0.650222,,0.650222,frame_00000.png,frame_00118.png,r180_e125_f0.mp4,180 Hz,1/125,蛍光灯なし,59.606 fps,180,125,0,19,hocho,G,G,8,,,frame_00000.png,frame_00118.png,QR未検出,119,1.996437
hocho_G_8,lockin,0,0,QR未検出,,lockin,binary,,,14.606183,901,8,1,0.627390,,0.627390,frame_00000.png,frame_00118.png,r180_e125_f0.mp4,180 Hz,1/125,蛍光灯なし,59.606 fps,180,125,0,19,hocho,G,G,8,,,frame_00000.png,frame_00118.png,QR未検出,119,1.996437
hocho_G_8,lockin,0,0,QR未検出,,lockin,binary,,,14.606183,902,8,1,0.558245,,0.558245,frame_00000.png,frame_00118.png,r180_e125_f0.mp4,180 Hz,1/125,蛍光灯なし,59.606 fps,180,125,0,19,hocho,G,G,8,,,frame_00000.png,frame_00118.png,QR未検出,119,1.996437
hocho_G_8,lockin,0,0,QR未検出,,lockin,binary,,,15.787634,30,8,1,0.650005,,0.650005,frame_00000.png,frame_00118.png,r180_e125_f0.mp4,180 Hz,1/125,蛍光灯なし,59.606 fps,180,125,0,19,hocho,G,G,8,,,frame_00000.png,frame_00118.png,QR未検出,119,1.996437
hocho_G_8,lockin,0,0,QR未検出,,lockin,binary,,,15.787634,50,8,1,0.650187,,0.650187,frame_00000.png,frame_00118.png,r180_e125_f0.mp4,180 Hz,1/125,蛍光灯なし,59.606 fps,180,125,0,19,hocho,G,G,8,,,frame_00000.png,frame_00118.png,QR未検出,119,1.996437
hocho_G_8,lockin,0,0,QR未検出,,lockin,binary,,,15.787634,70,8,1,0.650222,,0.650222,frame_00000.png,frame_00118.png,r180_e125_f0.mp4,180 Hz,1/125,蛍光灯なし,59.606 fps,180,125,0,19,hocho,G,G,8,,,frame_00000.png,frame_00118.png,QR未検出,119,1.996437
hocho_G_8,lockin,0,0,QR未検出,,lockin,binary,,,15.787634,901,8,1,0.631057,,0.631057,frame_00000.png,frame_00118.png,r180_e125_f0.mp4,180 Hz,1/125,蛍光灯なし,59.606 fps,180,125,0,19,hocho,G,G,8,,,frame_00000.png,frame_00118.png,QR未検出,119,1.996437
hocho_G_8,lockin,0,0,QR未検出,,lockin,binary,,,15.787634,902,8,1,0.576987,,0.576987,frame_00000.png,frame_00118.png,r180_e125_f0.mp4,180 Hz,1/125,蛍光灯なし,59.606 fps,180,125,0,19,hocho,G,G,8,,,frame_00000.png,frame_00118.png,QR未検出,119,1.996437
hocho_G_8,lockin,0,0,QR未検出,,lockin,binary,,,29.212366,30,8,1,0.650083,,0.650083,frame_00000.png,frame_00118.png,r180_e125_f0.mp4,180 Hz,1/125,蛍光灯なし,59.606 fps,180,125,0,19,hocho,G,G,8,,,frame_00000.png,frame_00118.png,QR未検出,119,1.996437
hocho_G_8,lockin,0,0,QR未検出,,lockin,binary,,,29.212366,50,8,1,0.650222,,0.650222,frame_00000.png,frame_00118.png,r180_e125_f0.mp4,180 Hz,1/125,蛍光灯なし,59.606 fps,180,125,0,19,hocho,G,G,8,,,frame_00000.png,frame_00118.png,QR未検出,119,1.996437
hocho_G_8,lockin,0,0,QR未検出,,lockin,binary,,,29.212366,70,8,1,0.650222,,0.650222,frame_00000.png,frame_00118.png,r180_e125_f0.mp4,180 Hz,1/125,蛍光灯なし,59.606 fps,180,125,0,19,hocho,G,G,8,,,frame_00000.png,frame_00118.png,QR未検出,119,1.996437
hocho_G_8,lockin,1,0,QR未検出,,lockin,binary,,,29.212366,901,8,1,0.652900,,0.652900,frame_00000.png,frame_00118.png,r180_e125_f0.mp4,180 Hz,1/125,蛍光灯なし,59.606 fps,180,125,0,19,hocho,G,G,8,,,frame_00000.png,frame_00118.png,QR未検出,119,1.996437
hocho_G_8,lockin,0,0,QR未検出,,lockin,binary,,,29.212366,902,8,1,0.576909,,0.576909,frame_00000.png,frame_00118.png,r180_e125_f0.mp4,180 Hz,1/125,蛍光灯なし,59.606 fps,180,125,0,19,hocho,G,G,8,,,frame_00000.png,frame_00118.png,QR未検出,119,1.996437
hocho_I_12,lockin,0,0,QR未検出,,lockin,binary,,,9.606183,30,8,1,0.650034,,0.650034,frame_00000.png,frame_00118.png,r180_e125_f0.mp4,180 Hz,1/125,蛍光灯なし,59.606 fps,180,125,0,44,hocho,min,I,12,,,frame_00000.png,frame_00118.png,QR未検出,119,1.996437
hocho_I_12,lockin,0,0,QR未検出,,lockin,binary,,,9.606183,50,8,1,0.650152,,0.650152,frame_00000.png,frame_00118.png,r180_e125_f0.mp4,180 Hz,1/125,蛍光灯なし,59.606 fps,180,125,0,44,hocho,min,I,12,,,frame_00000.png,frame_00118.png,QR未検出,119,1.996437
hocho_I_12,lockin,0,0,QR未検出,,lockin,binary,,,9.606183,70,8,1,0.650222,,0.650222,frame_00000.png,frame_00118.png,r180_e125_f0.mp4,180 Hz,1/125,蛍光灯なし,59.606 fps,180,125,0,44,hocho,min,I,12,,,frame_00000.png,frame_00118.png,QR未検出,119,1.996437
hocho_I_12,lockin,0,0,QR未検出,,lockin,binary,,,9.606183,901,8,1,0.669293,,0.669293,frame_00000.png,frame_00118.png,r180_e125_f0.mp4,180 Hz,1/125,蛍光灯なし,59.606 fps,180,125,0,44,hocho,min,I,12,,,frame_00000.png,frame_00118.png,QR未検出,119,1.996437
hocho_I_12,lockin,0,0,QR未検出,,lockin,binary,,,9.606183,902,8,1,0.544729,,0.544729,frame_00000.png,frame_00118.png,r180_e125_f0.mp4,180 Hz,1/125,蛍光灯なし,59.606 fps,180,125,0,44,hocho,min,I,12,,,frame_00000.png,frame_00118.png,QR未検出,119,1.996437
hocho_I_12,lockin,0,0,QR未検出,,lockin,binary,,,14.606183,30,8,1,0.650041,,0.650041,frame_00000.png,frame_00118.png,r180_e125_f0.mp4,180 Hz,1/125,蛍光灯なし,59.606 fps,180,125,0,44,hocho,min,I,12,,,frame_00000.png,frame_00118.png,QR未検出,119,1.996437
hocho_I_12,lockin,0,0,QR未検出,,lockin,binary,,,14.606183,50,8,1,0.650222,,0.650222,frame_00000.png,frame_00118.png,r180_e125_f0.mp4,180 Hz,1/125,蛍光灯なし,59.606 fps,180,125,0,44,hocho,min,I,12,,,frame_00000.png,frame_00118.png,QR未検出,119,1.996437
hocho_I_12,lockin,0,0,QR未検出,,lockin,binary,,,14.606183,70,8,1,0.650222,,0.650222,frame_00000.png,frame_00118.png,r180_e125_f0.mp4,180 Hz,1/125,蛍光灯なし,59.606 fps,180,125,0,44,hocho,min,I,12,,,frame_00000.png,frame_00118.png,QR未検出,119,1.996437
hocho_I_12,lockin,0,0,QR未検出,,lockin,binary,,,14.606183,901,8,1,0.681527,,0.681527,frame_00000.png,frame_00118.png,r180_e125_f0.mp4,180 Hz,1/125,蛍光灯なし,59.606 fps,180,125,0,44,hocho,min,I,12,,,frame_00000.png,frame_00118.png,QR未検出,119,1.996437
hocho_I_12,lockin,0,0,QR未検出,,lockin,binary,,,14.606183,902,8,1,0.558266,,0.558266,frame_00000.png,frame_00118.png,r180_e125_f0.mp4,180 Hz,1/125,蛍光灯なし,59.606 fps,180,125,0,44,hocho,min,I,12,,,frame_00000.png,frame_00118.png,QR未検出,119,1.996437
hocho_I_12,lockin,0,0,QR未検出,,lockin,binary,,,15.787634,30,8,1,0.649873,,0.649873,frame_00000.png,frame_00118.png,r180_e125_f0.mp4,180 Hz,1/125,蛍光灯なし,59.606 fps,180,125,0,44,hocho,min,I,12,,,frame_00000.png,frame_00118.png,QR未検出,119,1.996437
hocho_I_12,lockin,0,0,QR未検出,,lockin,binary,,,15.787634,50,8,1,0.650062,,0.650062,frame_00000.png,frame_00118.png,r180_e125_f0.mp4,180 Hz,1/125,蛍光灯なし,59.606 fps,180,125,0,44,hocho,min,I,12,,,frame_00000.png,frame_00118.png,QR未検出,119,1.996437
hocho_I_12,lockin,0,0,QR未検出,,lockin,binary,,,15.787634,70,8,1,0.650166,,0.650166,frame_00000.png,frame_00118.png,r180_e125_f0.mp4,180 Hz,1/125,蛍光灯なし,59.606 fps,180,125,0,44,hocho,min,I,12,,,frame_00000.png,frame_00118.png,QR未検出,119,1.996437
hocho_I_12,lockin,0,0,QR未検出,,lockin,binary,,,15.787634,901,8,1,0.681334,,0.681334,frame_00000.png,frame_00118.png,r180_e125_f0.mp4,180 Hz,1/125,蛍光灯なし,59.606 fps,180,125,0,44,hocho,min,I,12,,,frame_00000.png,frame_00118.png,QR未検出,119,1.996437
hocho_I_12,lockin,0,0,QR未検出,,lockin,binary,,,15.787634,902,8,1,0.544492,,0.544492,frame_00000.png,frame_00118.png,r180_e125_f0.mp4,180 Hz,1/125,蛍光灯なし,59.606 fps,180,125,0,44,hocho,min,I,12,,,frame_00000.png,frame_00118.png,QR未検出,119,1.996437
hocho_I_12,lockin,0,0,QR未検出,,lockin,binary,,,29.212366,30,8,1,0.651550,,0.651550,frame_00000.png,frame_00118.png,r180_e125_f0.mp4,180 Hz,1/125,蛍光灯なし,59.606 fps,180,125,0,44,hocho,min,I,12,,,frame_00000.png,frame_00118.png,QR未検出,119,1.996437
hocho_I_12,lockin,0,0,QR未検出,,lockin,binary,,,29.212366,50,8,1,0.650159,,0.650159,frame_00000.png,frame_00118.png,r180_e125_f0.mp4,180 Hz,1/125,蛍光灯なし,59.606 fps,180,125,0,44,hocho,min,I,12,,,frame_00000.png,frame_00118.png,QR未検出,119,1.996437
hocho_I_12,lockin,0,0,QR未検出,,lockin,binary,,,29.212366,70,8,1,0.650222,,0.650222,frame_00000.png,frame_00118.png,r180_e125_f0.mp4,180 Hz,1/125,蛍光灯なし,59.606 fps,180,125,0,44,hocho,min,I,12,,,frame_00000.png,frame_00118.png,QR未検出,119,1.996437
hocho_I_12,lockin,0,0,QR未検出,,lockin,binary,,,29.212366,901,8,1,0.767791,,0.767791,frame_00000.png,frame_00118.png,r180_e125_f0.mp4,180 Hz,1/125,蛍光灯なし,59.606 fps,180,125,0,44,hocho,min,I,12,,,frame_00000.png,frame_00118.png,QR未検出,119,1.996437
hocho_I_12,lockin,0,0,QR未検出,,lockin,binary,,,29.212366,902,8,1,0.548735,,0.548735,frame_00000.png,frame_00118.png,r180_e125_f0.mp4,180 Hz,1/125,蛍光灯なし,59.606 fps,180,125,0,44,hocho,min,I,12,,,frame_00000.png,frame_00118.png,QR未検出,119,1.996437
hocho_I_4,lockin,0,0,QR未検出,,lockin,binary,,,9.606183,30,8,1,0.650178,,0.650178,frame_00000.png,frame_00118.png,r180_e125_f0.mp4,180 Hz,1/125,蛍光灯なし,59.606 fps,180,125,0,42,hocho,min,I,4,,,frame_00000.png,frame_00118.png,QR未検出,119,1.996437
hocho_I_4,lockin,0,0,QR未検出,,lockin,binary,,,9.606183,50,8,1,0.650222,,0.650222,frame_00000.png,frame_00118.png,r180_e125_f0.mp4,180 Hz,1/125,蛍光灯なし,59.606 fps,180,125,0,42,hocho,min,I,4,,,frame_00000.png,frame_00118.png,QR未検出,119,1.996437
hocho_I_4,lockin,0,0,QR未検出,,lockin,binary,,,9.606183,70,8,1,0.650222,,0.650222,frame_00000.png,frame_00118.png,r180_e125_f0.mp4,180 Hz,1/125,蛍光灯なし,59.606 fps,180,125,0,42,hocho,min,I,4,,,frame_00000.png,frame_00118.png,QR未検出,119,1.996437
hocho_I_4,lockin,0,0,QR未検出,,lockin,binary,,,9.606183,901,8,1,0.621560,,0.621560,frame_00000.png,frame_00118.png,r180_e125_f0.mp4,180 Hz,1/125,蛍光灯なし,59.606 fps,180,125,0,42,hocho,min,I,4,,,frame_00000.png,frame_00118.png,QR未検出,119,1.996437
hocho_I_4,lockin,0,0,QR未検出,,lockin,binary,,,9.606183,902,8,1,0.554969,,0.554969,frame_00000.png,frame_00118.png,r180_e125_f0.mp4,180 Hz,1/125,蛍光灯なし,59.606 fps,180,125,0,42,hocho,min,I,4,,,frame_00000.png,frame_00118.png,QR未検出,119,1.996437
hocho_I_4,lockin,1,0,QR未検出,,lockin,binary,,,14.606183,30,8,1,0.650237,,0.650237,frame_00000.png,frame_00118.png,r180_e125_f0.mp4,180 Hz,1/125,蛍光灯なし,59.606 fps,180,125,0,42,hocho,min,I,4,,,frame_00000.png,frame_00118.png,QR未検出,119,1.996437
hocho_I_4,lockin,0,0,QR未検出,,lockin,binary,,,14.606183,50,8,1,0.650222,,0.650222,frame_00000.png,frame_00118.png,r180_e125_f0.mp4,180 Hz,1/125,蛍光灯なし,59.606 fps,180,125,0,42,hocho,min,I,4,,,frame_00000.png,frame_00118.png,QR未検出,119,1.996437
hocho_I_4,lockin,0,0,QR未検出,,lockin,binary,,,14.606183,70,8,1,0.650222,,0.650222,frame_00000.png,frame_00118.png,r180_e125_f0.mp4,180 Hz,1/125,蛍光灯なし,59.606 fps,180,125,0,42,hocho,min,I,4,,,frame_00000.png,frame_00118.png,QR未検出,119,1.996437
hocho_I_4,lockin,0,0,QR未検出,,lockin,binary,,,14.606183,901,8,1,0.622367,,0.622367,frame_00000.png,frame_00118.png,r180_e125_f0.mp4,180 Hz,1/125,蛍光灯なし,59.606 fps,180,125,0,42,hocho,min,I,4,,,frame_00000.png,frame_00118.png,QR未検出,119,1.996437
hocho_I_4,lockin,0,0,QR未検出,,lockin,binary,,,14.606183,902,8,1,0.577699,,0.577699,frame_00000.png,frame_00118.png,r180_e125_f0.mp4,180 Hz,1/125,蛍光灯なし,59.606 fps,180,125,0,42,hocho,min,I,4,,,frame_00000.png,frame_00118.png,QR未検出,119,1.996437
hocho_I_4,lockin,0,0,QR未検出,,lockin,binary,,,15.787634,30,8,1,0.650003,,0.650003,frame_00000.png,frame_00118.png,r180_e125_f0.mp4,180 Hz,1/125,蛍光灯なし,59.606 fps,180,125,0,42,hocho,min,I,4,,,frame_00000.png,frame_00118.png,QR未検出,119,1.996437
hocho_I_4,lockin,0,0,QR未検出,,lockin,binary,,,15.787634,50,8,1,0.650201,,0.650201,frame_00000.png,frame_00118.png,r180_e125_f0.mp4,180 Hz,1/125,蛍光灯なし,59.606 fps,180,125,0,42,hocho,min,I,4,,,frame_00000.png,frame_00118.png,QR未検出,119,1.996437
hocho_I_4,lockin,0,0,QR未検出,,lockin,binary,,,15.787634,70,8,1,0.650222,,0.650222,frame_00000.png,frame_00118.png,r180_e125_f0.mp4,180 Hz,1/125,蛍光灯なし,59.606 fps,180,125,0,42,hocho,min,I,4,,,frame_00000.png,frame_00118.png,QR未検出,119,1.996437
hocho_I_4,lockin,0,0,QR未検出,,lockin,binary,,,15.787634,901,8,1,0.624491,,0.624491,frame_00000.png,frame_00118.png,r180_e125_f0.mp4,180 Hz,1/125,蛍光灯なし,59.606 fps,180,125,0,42,hocho,min,I,4,,,frame_00000.png,frame_00118.png,QR未検出,119,1.996437
hocho_I_4,lockin,0,0,QR未検出,,lockin,binary,,,15.787634,902,8,1,0.562364,,0.562364,frame_00000.png,frame_00118.png,r180_e125_f0.mp4,180 Hz,1/125,蛍光灯なし,59.606 fps,180,125,0,42,hocho,min,I,4,,,frame_00000.png,frame_00118.png,QR未検出,119,1.996437
hocho_I_4,lockin,0,0,QR未検出,,lockin,binary,,,29.212366,30,8,1,0.650096,,0.650096,frame_00000.png,frame_00118.png,r180_e125_f0.mp4,180 Hz,1/125,蛍光灯なし,59.606 fps,180,125,0,42,hocho,min,I,4,,,frame_00000.png,frame_00118.png,QR未検出,119,1.996437
hocho_I_4,lockin,0,0,QR未検出,,lockin,binary,,,29.212366,50,8,1,0.650206,,0.650206,frame_00000.png,frame_00118.png,r180_e125_f0.mp4,180 Hz,1/125,蛍光灯なし,59.606 fps,180,125,0,42,hocho,min,I,4,,,frame_00000.png,frame_00118.png,QR未検出,119,1.996437
hocho_I_4,lockin,0,0,QR未検出,,lockin,binary,,,29.212366,70,8,1,0.650222,,0.650222,frame_00000.png,frame_00118.png,r180_e125_f0.mp4,180 Hz,1/125,蛍光灯なし,59.606 fps,180,125,0,42,hocho,min,I,4,,,frame_00000.png,frame_00118.png,QR未検出,119,1.996437
hocho_I_4,lockin,0,0,QR未検出,,lockin,binary,,,29.212366,901,8,1,0.629647,,0.629647,frame_00000.png,frame_00118.png,r180_e125_f0.mp4,180 Hz,1/125,蛍光灯なし,59.606 fps,180,125,0,42,hocho,min,I,4,,,frame_00000.png,frame_00118.png,QR未検出,119,1.996437
hocho_I_4,lockin,0,0,QR未検出,,lockin,binary,,,29.212366,902,8,1,0.583393,,0.583393,frame_00000.png,frame_00118.png,r180_e125_f0.mp4,180 Hz,1/125,蛍光灯なし,59.606 fps,180,125,0,42,hocho,min,I,4,,,frame_00000.png,frame_00118.png,QR未検出,119,1.996437
hocho_I_8,lockin,0,0,QR未検出,,lockin,binary,,,9.606183,30,8,1,0.650108,,0.650108,frame_00000.png,frame_00118.png,r180_e125_f0.mp4,180 Hz,1/125,蛍光灯なし,59.606 fps,180,125,0,43,hocho,min,I,8,,,frame_00000.png,frame_00118.png,QR未検出,119,1.996437
hocho_I_8,lockin,0,0,QR未検出,,lockin,binary,,,9.606183,50,8,1,0.650222,,0.650222,frame_00000.png,frame_00118.png,r180_e125_f0.mp4,180 Hz,1/125,蛍光灯なし,59.606 fps,180,125,0,43,hocho,min,I,8,,,frame_00000.png,frame_00118.png,QR未検出,119,1.996437
hocho_I_8,lockin,0,0,QR未検出,,lockin,binary,,,9.606183,70,8,1,0.650222,,0.650222,frame_00000.png,frame_00118.png,r180_e125_f0.mp4,180 Hz,1/125,蛍光灯なし,59.606 fps,180,125,0,43,hocho,min,I,8,,,frame_00000.png,frame_00118.png,QR未検出,119,1.996437
hocho_I_8,lockin,0,0,QR未検出,,lockin,binary,,,9.606183,901,8,1,0.619314,,0.619314,frame_00000.png,frame_00118.png,r180_e125_f0.mp4,180 Hz,1/125,蛍光灯なし,59.606 fps,180,125,0,43,hocho,min,I,8,,,frame_00000.png,frame_00118.png,QR未検出,119,1.996437
hocho_I_8,lockin,0,0,QR未検出,,lockin,binary,,,9.606183,902,8,1,0.548413,,0.548413,frame_00000.png,frame_00118.png,r180_e125_f0.mp4,180 Hz,1/125,蛍光灯なし,59.606 fps,180,125,0,43,hocho,min,I,8,,,frame_00000.png,frame_00118.png,QR未検出,119,1.996437
hocho_I_8,lockin,0,0,QR未検出,,lockin,binary,,,14.606183,30,8,1,0.650187,,0.650187,frame_00000.png,frame_00118.png,r180_e125_f0.mp4,180 Hz,1/125,蛍光灯なし,59.606 fps,180,125,0,43,hocho,min,I,8,,,frame_00000.png,frame_00118.png,QR未検出,119,1.996437
hocho_I_8,lockin,0,0,QR未検出,,lockin,binary,,,14.606183,50,8,1,0.650222,,0.650222,frame_00000.png,frame_00118.png,r180_e125_f0.mp4,180 Hz,1/125,蛍光灯なし,59.606 fps,180,125,0,43,hocho,min,I,8,,,frame_00000.png,frame_00118.png,QR未検出,119,1.996437
hocho_I_8,lockin,0,0,QR未検出,,lockin,binary,,,14.606183,70,8,1,0.650222,,0.650222,frame_00000.png,frame_00118.png,r180_e125_f0.mp4,180 Hz,1/125,蛍光灯なし,59.606 fps,180,125,0,43,hocho,min,I,8,,,frame_00000.png,frame_00118.png,QR未検出,119,1.996437
hocho_I_8,lockin,0,0,QR未検出,,lockin,binary,,,14.606183,901,8,1,0.623618,,0.623618,frame_00000.png,frame_00118.png,r180_e125_f0.mp4,180 Hz,1/125,蛍光灯なし,59.606 fps,180,125,0,43,hocho,min,I,8,,,frame_00000.png,frame_00118.png,QR未検出,119,1.996437
hocho_I_8,lockin,0,0,QR未検出,,lockin,binary,,,14.606183,902,8,1,0.596382,,0.596382,frame_00000.png,frame_00118.png,r180_e125_f0.mp4,180 Hz,1/125,蛍光灯なし,59.606 fps,180,125,0,43,hocho,min,I,8,,,frame_00000.png,frame_00118.png,QR未検出,119,1.996437
hocho_I_8,lockin,0,0,QR未検出,,lockin,binary,,,15.787634,30,8,1,0.649828,,0.649828,frame_00000.png,frame_00118.png,r180_e125_f0.mp4,180 Hz,1/125,蛍光灯なし,59.606 fps,180,125,0,43,hocho,min,I,8,,,frame_00000.png,frame_00118.png,QR未検出,119,1.996437
hocho_I_8,lockin,0,0,QR未検出,,lockin,binary,,,15.787634,50,8,1,0.650082,,0.650082,frame_00000.png,frame_00118.png,r180_e125_f0.mp4,180 Hz,1/125,蛍光灯なし,59.606 fps,180,125,0,43,hocho,min,I,8,,,frame_00000.png,frame_00118.png,QR未検出,119,1.996437
hocho_I_8,lockin,0,0,QR未検出,,lockin,binary,,,15.787634,70,8,1,0.650222,,0.650222,frame_00000.png,frame_00118.png,r180_e125_f0.mp4,180 Hz,1/125,蛍光灯なし,59.606 fps,180,125,0,43,hocho,min,I,8,,,frame_00000.png,frame_00118.png,QR未検出,119,1.996437
hocho_I_8,lockin,0,0,QR未検出,,lockin,binary,,,15.787634,901,8,1,0.625271,,0.625271,frame_00000.png,frame_00118.png,r180_e125_f0.mp4,180 Hz,1/125,蛍光灯なし,59.606 fps,180,125,0,43,hocho,min,I,8,,,frame_00000.png,frame_00118.png,QR未検出,119,1.996437
hocho_I_8,lockin,0,0,QR未検出,,lockin,binary,,,15.787634,902,8,1,0.558364,,0.558364,frame_00000.png,frame_00118.png,r180_e125_f0.mp4,180 Hz,1/125,蛍光灯なし,59.606 fps,180,125,0,43,hocho,min,I,8,,,frame_00000.png,frame_00118.png,QR未検出,119,1.996437
hocho_I_8,lockin,1,0,QR未検出,,lockin,binary,,,29.212366,30,8,1,0.650234,,0.650234,frame_00000.png,frame_00118.png,r180_e125_f0.mp4,180 Hz,1/125,蛍光灯なし,59.606 fps,180,125,0,43,hocho,min,I,8,,,frame_00000.png,frame_00118.png,QR未検出,119,1.996437
hocho_I_8,lockin,0,0,QR未検出,,lockin,binary,,,29.212366,50,8,1,0.650222,,0.650222,frame_00000.png,frame_00118.png,r180_e125_f0.mp4,180 Hz,1/125,蛍光灯なし,59.606 fps,180,125,0,43,hocho,min,I,8,,,frame_00000.png,frame_00118.png,QR未検出,119,1.996437
hocho_I_8,lockin,0,0,QR未検出,,lockin,binary,,,29.212366,70,8,1,0.650222,,0.650222,frame_00000.png,frame_00118.png,r180_e125_f0.mp4,180 Hz,1/125,蛍光灯なし,59.606 fps,180,125,0,43,hocho,min,I,8,,,frame_00000.png,frame_00118.png,QR未検出,119,1.996437
hocho_I_8,lockin,0,0,QR未検出,,lockin,binary,,,29.212366,901,8,1,0.637491,,0.637491,frame_00000.png,frame_00118.png,r180_e125_f0.mp4,180 Hz,1/125,蛍光灯なし,59.606 fps,180,125,0,43,hocho,min,I,8,,,frame_00000.png,frame_00118.png,QR未検出,119,1.996437
hocho_I_8,lockin,0,0,QR未検出,,lockin,binary,,,29.212366,902,8,1,0.576039,,0.576039,frame_00000.png,frame_00118.png,r180_e125_f0.mp4,180 Hz,1/125,蛍光灯なし,59.606 fps,180,125,0,43,hocho,min,I,8,,,frame_00000.png,frame_00118.png,QR未検出,119,1.996437
hocho_R_12,lockin,0,0,QR未検出,,lockin,binary,,,9.606183,30,8,1,0.650237,,0.650237,frame_00000.png,frame_00118.png,r180_e125_f0.mp4,180 Hz,1/125,蛍光灯なし,59.606 fps,180,125,0,8,hocho,R,R,12,,,frame_00000.png,frame_00118.png,QR未検出,119,1.996437
hocho_R_12,lockin,0,0,QR未検出,,lockin,binary,,,9.606183,50,8,1,0.650222,,0.650222,frame_00000.png,frame_00118.png,r180_e125_f0.mp4,180 Hz,1/125,蛍光灯なし,59.606 fps,180,125,0,8,hocho,R,R,12,,,frame_00000.png,frame_00118.png,QR未検出,119,1.996437
hocho_R_12,lockin,0,0,QR未検出,,lockin,binary,,,9.606183,70,8,1,0.650222,,0.650222,frame_00000.png,frame_00118.png,r180_e125_f0.mp4,180 Hz,1/125,蛍光灯なし,59.606 fps,180,125,0,8,hocho,R,R,12,,,frame_00000.png,frame_00118.png,QR未検出,119,1.996437
hocho_R_12,lockin,0,0,QR未検出,,lockin,binary,,,9.606183,901,8,1,0.644577,,0.644577,frame_00000.png,frame_00118.png,r180_e125_f0.mp4,180 Hz,1/125,蛍光灯なし,59.606 fps,180,125,0,8,hocho,R,R,12,,,frame_00000.png,frame_00118.png,QR未検出,119,1.996437
hocho_R_12,lockin,0,0,QR未検出,,lockin,binary,,,9.606183,902,8,1,0.527442,,0.527442,frame_00000.png,frame_00118.png,r180_e125_f0.mp4,180 Hz,1/125,蛍光灯なし,59.606 fps,180,125,0,8,hocho,R,R,12,,,frame_00000.png,frame_00118.png,QR未検出,119,1.996437
hocho_R_12,lockin,0,0,QR未検出,,lockin,binary,,,14.606183,30,8,1,0.650117,,0.650117,frame_00000.png,frame_00118.png,r180_e125_f0.mp4,180 Hz,1/125,蛍光灯なし,59.606 fps,180,125,0,8,hocho,R,R,12,,,frame_00000.png,frame_00118.png,QR未検出,119,1.996437
hocho_R_12,lockin,0,0,QR未検出,,lockin,binary,,,14.606183,50,8,1,0.650222,,0.650222,frame_00000.png,frame_00118.png,r180_e125_f0.mp4,180 Hz,1/125,蛍光灯なし,59.606 fps,180,125,0,8,hocho,R,R,12,,,frame_00000.png,frame_00118.png,QR未検出,119,1.996437
hocho_R_12,lockin,0,0,QR未検出,,lockin,binary,,,14.606183,70,8,1,0.650222,,0.650222,frame_00000.png,frame_00118.png,r180_e125_f0.mp4,180 Hz,1/125,蛍光灯なし,59.606 fps,180,125,0,8,hocho,R,R,12,,,frame_00000.png,frame_00118.png,QR未検出,119,1.996437
hocho_R_12,lockin,0,0,QR未検出,,lockin,binary,,,14.606183,901,8,1,0.660142,,0.660142,frame_00000.png,frame_00118.png,r180_e125_f0.mp4,180 Hz,1/125,蛍光灯なし,59.606 fps,180,125,0,8,hocho,R,R,12,,,frame_00000.png,frame_00118.png,QR未検出,119,1.996437
hocho_R_12,lockin,0,0,QR未検出,,lockin,binary,,,14.606183,902,8,1,0.540048,,0.540048,frame_00000.png,frame_00118.png,r180_e125_f0.mp4,180 Hz,1/125,蛍光灯なし,59.606 fps,180,125,0,8,hocho,R,R,12,,,frame_00000.png,frame_00118.png,QR未検出,119,1.996437
hocho_R_12,lockin,0,0,QR未検出,,lockin,binary,,,15.787634,30,8,1,0.650034,,0.650034,frame_00000.png,frame_00118.png,r180_e125_f0.mp4,180 Hz,1/125,蛍光灯なし,59.606 fps,180,125,0,8,hocho,R,R,12,,,frame_00000.png,frame_00118.png,QR未検出,119,1.996437
hocho_R_12,lockin,0,0,QR未検出,,lockin,binary,,,15.787634,50,8,1,0.650075,,0.650075,frame_00000.png,frame_00118.png,r180_e125_f0.mp4,180 Hz,1/125,蛍光灯なし,59.606 fps,180,125,0,8,hocho,R,R,12,,,frame_00000.png,frame_00118.png,QR未検出,119,1.996437
hocho_R_12,lockin,0,0,QR未検出,,lockin,binary,,,15.787634,70,8,1,0.650180,,0.650180,frame_00000.png,frame_00118.png,r180_e125_f0.mp4,180 Hz,1/125,蛍光灯なし,59.606 fps,180,125,0,8,hocho,R,R,12,,,frame_00000.png,frame_00118.png,QR未検出,119,1.996437
hocho_R_12,lockin,0,0,QR未検出,,lockin,binary,,,15.787634,901,8,1,0.666145,,0.666145,frame_00000.png,frame_00118.png,r180_e125_f0.mp4,180 Hz,1/125,蛍光灯なし,59.606 fps,180,125,0,8,hocho,R,R,12,,,frame_00000.png,frame_00118.png,QR未検出,119,1.996437
hocho_R_12,lockin,0,0,QR未検出,,lockin,binary,,,15.787634,902,8,1,0.532819,,0.532819,frame_00000.png,frame_00118.png,r180_e125_f0.mp4,180 Hz,1/125,蛍光灯なし,59.606 fps,180,125,0,8,hocho,R,R,12,,,frame_00000.png,frame_00118.png,QR未検出,119,1.996437
hocho_R_12,lockin,0,0,QR未検出,,lockin,binary,,,29.212366,30,8,1,0.696513,,0.696513,frame_00000.png,frame_00118.png,r180_e125_f0.mp4,180 Hz,1/125,蛍光灯なし,59.606 fps,180,125,0,8,hocho,R,R,12,,,frame_00000.png,frame_00118.png,QR未検出,119,1.996437
hocho_R_12,lockin,0,0,QR未検出,,lockin,binary,,,29.212366,50,8,1,0.657486,,0.657486,frame_00000.png,frame_00118.png,r180_e125_f0.mp4,180 Hz,1/125,蛍光灯なし,59.606 fps,180,125,0,8,hocho,R,R,12,,,frame_00000.png,frame_00118.png,QR未検出,119,1.996437
hocho_R_12,lockin,0,0,QR未検出,,lockin,binary,,,29.212366,70,8,1,0.652409,,0.652409,frame_00000.png,frame_00118.png,r180_e125_f0.mp4,180 Hz,1/125,蛍光灯なし,59.606 fps,180,125,0,8,hocho,R,R,12,,,frame_00000.png,frame_00118.png,QR未検出,119,1.996437
hocho_R_12,lockin,0,0,QR未検出,,lockin,binary,,,29.212366,901,8,1,0.754999,,0.754999,frame_00000.png,frame_00118.png,r180_e125_f0.mp4,180 Hz,1/125,蛍光灯なし,59.606 fps,180,125,0,8,hocho,R,R,12,,,frame_00000.png,frame_00118.png,QR未検出,119,1.996437
hocho_R_12,lockin,0,0,QR未検出,,lockin,binary,,,29.212366,902,8,1,0.522011,,0.522011,frame_00000.png,frame_00118.png,r180_e125_f0.mp4,180 Hz,1/125,蛍光灯なし,59.606 fps,180,125,0,8,hocho,R,R,12,,,frame_00000.png,frame_00118.png,QR未検出,119,1.996437
hocho_R_4,lockin,0,0,QR未検出,,lockin,binary,,,9.606183,30,8,1,0.650176,,0.650176,frame_00000.png,frame_00118.png,r180_e125_f0.mp4,180 Hz,1/125,蛍光灯なし,59.606 fps,180,125,0,6,hocho,R,R,4,,,frame_00000.png,frame_00118.png,QR未検出,119,1.996437
hocho_R_4,lockin,1,0,QR未検出,,lockin,binary,,,9.606183,50,8,1,0.650222,,0.650222,frame_00000.png,frame_00118.png,r180_e125_f0.mp4,180 Hz,1/125,蛍光灯なし,59.606 fps,180,125,0,6,hocho,R,R,4,,,frame_00000.png,frame_00118.png,QR未検出,119,1.996437
hocho_R_4,lockin,0,0,QR未検出,,lockin,binary,,,9.606183,70,8,1,0.650222,,0.650222,frame_00000.png,frame_00118.png,r180_e125_f0.mp4,180 Hz,1/125,蛍光灯なし,59.606 fps,180,125,0,6,hocho,R,R,4,,,frame_00000.png,frame_00118.png,QR未検出,119,1.996437
hocho_R_4,lockin,0,0,QR未検出,,lockin,binary,,,9.606183,901,8,1,0.618479,,0.618479,frame_00000.png,frame_00118.png,r180_e125_f0.mp4,180 Hz,1/125,蛍光灯なし,59.606 fps,180,125,0,6,hocho,R,R,4,,,frame_00000.png,frame_00118.png,QR未検出,119,1.996437
hocho_R_4,lockin,0,0,QR未検出,,lockin,binary,,,9.606183,902,8,1,0.549024,,0.549024,frame_00000.png,frame_00118.png,r180_e125_f0.mp4,180 Hz,1/125,蛍光灯なし,59.606 fps,180,125,0,6,hocho,R,R,4,,,frame_00000.png,frame_00118.png,QR未検出,119,1.996437
hocho_R_4,lockin,0,0,QR未検出,,lockin,binary,,,14.606183,30,8,1,0.649893,,0.649893,frame_00000.png,frame_00118.png,r180_e125_f0.mp4,180 Hz,1/125,蛍光灯なし,59.606 fps,180,125,0,6,hocho,R,R,4,,,frame_00000.png,frame_00118.png,QR未検出,119,1.996437
hocho_R_4,lockin,0,0,QR未検出,,lockin,binary,,,14.606183,50,8,1,0.650222,,0.650222,frame_00000.png,frame_00118.png,r180_e125_f0.mp4,180 Hz,1/125,蛍光灯なし,59.606 fps,180,125,0,6,hocho,R,R,4,,,frame_00000.png,frame_00118.png,QR未検出,119,1.996437
hocho_R_4,lockin,0,0,QR未検出,,lockin,binary,,,14.606183,70,8,1,0.650222,,0.650222,frame_00000.png,frame_00118.png,r180_e125_f0.mp4,180 Hz,1/125,蛍光灯なし,59.606 fps,180,125,0,6,hocho,R,R,4,,,frame_00000.png,frame_00118.png,QR未検出,119,1.996437
hocho_R_4,lockin,0,0,QR未検出,,lockin,binary,,,14.606183,901,8,1,0.622391,,0.622391,frame_00000.png,frame_00118.png,r180_e125_f0.mp4,180 Hz,1/125,蛍光灯なし,59.606 fps,180,125,0,6,hocho,R,R,4,,,frame_00000.png,frame_00118.png,QR未検出,119,1.996437
hocho_R_4,lockin,0,0,QR未検出,,lockin,binary,,,14.606183,902,8,1,0.563550,,0.563550,frame_00000.png,frame_00118.png,r180_e125_f0.mp4,180 Hz,1/125,蛍光灯なし,59.606 fps,180,125,0,6,hocho,R,R,4,,,frame_00000.png,frame_00118.png,QR未検出,119,1.996437
hocho_R_4,lockin,0,0,QR未検出,,lockin,binary,,,15.787634,30,8,1,0.650083,,0.650083,frame_00000.png,frame_00118.png,r180_e125_f0.mp4,180 Hz,1/125,蛍光灯なし,59.606 fps,180,125,0,6,hocho,R,R,4,,,frame_00000.png,frame_00118.png,QR未検出,119,1.996437
hocho_R_4,lockin,0,0,QR未検出,,lockin,binary,,,15.787634,50,8,1,0.650222,,0.650222,frame_00000.png,frame_00118.png,r180_e125_f0.mp4,180 Hz,1/125,蛍光灯なし,59.606 fps,180,125,0,6,hocho,R,R,4,,,frame_00000.png,frame_00118.png,QR未検出,119,1.996437
hocho_R_4,lockin,0,0,QR未検出,,lockin,binary,,,15.787634,70,8,1,0.650222,,0.650222,frame_00000.png,frame_00118.png,r180_e125_f0.mp4,180 Hz,1/125,蛍光灯なし,59.606 fps,180,125,0,6,hocho,R,R,4,,,frame_00000.png,frame_00118.png,QR未検出,119,1.996437
hocho_R_4,lockin,0,0,QR未検出,,lockin,binary,,,15.787634,901,8,1,0.624596,,0.624596,frame_00000.png,frame_00118.png,r180_e125_f0.mp4,180 Hz,1/125,蛍光灯なし,59.606 fps,180,125,0,6,hocho,R,R,4,,,frame_00000.png,frame_00118.png,QR未検出,119,1.996437
hocho_R_4,lockin,0,0,QR未検出,,lockin,binary,,,15.787634,902,8,1,0.575859,,0.575859,frame_00000.png,frame_00118.png,r180_e125_f0.mp4,180 Hz,1/125,蛍光灯なし,59.606 fps,180,125,0,6,hocho,R,R,4,,,frame_00000.png,frame_00118.png,QR未検出,119,1.996437
hocho_R_4,lockin,0,0,QR未検出,,lockin,binary,,,29.212366,30,8,1,0.649812,,0.649812,frame_00000.png,frame_00118.png,r180_e125_f0.mp4,180 Hz,1/125,蛍光灯なし,59.606 fps,180,125,0,6,hocho,R,R,4,,,frame_00000.png,frame_00118.png,QR未検出,119,1.996437
hocho_R_4,lockin,0,0,QR未検出,,lockin,binary,,,29.212366,50,8,1,0.650104,,0.650104,frame_00000.png,frame_00118.png,r180_e125_f0.mp4,180 Hz,1/125,蛍光灯なし,59.606 fps,180,125,0,6,hocho,R,R,4,,,frame_00000.png,frame_00118.png,QR未検出,119,1.996437
hocho_R_4,lockin,0,0,QR未検出,,lockin,binary,,,29.212366,70,8,1,0.650206,,0.650206,frame_00000.png,frame_00118.png,r180_e125_f0.mp4,180 Hz,1/125,蛍光灯なし,59.606 fps,180,125,0,6,hocho,R,R,4,,,frame_00000.png,frame_00118.png,QR未検出,119,1.996437
hocho_R_4,lockin,0,0,QR未検出,,lockin,binary,,,29.212366,901,8,1,0.633976,,0.633976,frame_00000.png,frame_00118.png,r180_e125_f0.mp4,180 Hz,1/125,蛍光灯なし,59.606 fps,180,125,0,6,hocho,R,R,4,,,frame_00000.png,frame_00118.png,QR未検出,119,1.996437
hocho_R_4,lockin,0,0,QR未検出,,lockin,binary,,,29.212366,902,8,1,0.556199,,0.556199,frame_00000.png,frame_00118.png,r180_e125_f0.mp4,180 Hz,1/125,蛍光灯なし,59.606 fps,180,125,0,6,hocho,R,R,4,,,frame_00000.png,frame_00118.png,QR未検出,119,1.996437
hocho_R_8,lockin,0,0,QR未検出,,lockin,binary,,,9.606183,30,8,1,0.650096,,0.650096,frame_00000.png,frame_00118.png,r180_e125_f0.mp4,180 Hz,1/125,蛍光灯なし,59.606 fps,180,125,0,7,hocho,R,R,8,,,frame_00000.png,frame_00118.png,QR未検出,119,1.996437
hocho_R_8,lockin,0,0,QR未検出,,lockin,binary,,,9.606183,50,8,1,0.650222,,0.650222,frame_00000.png,frame_00118.png,r180_e125_f0.mp4,180 Hz,1/125,蛍光灯なし,59.606 fps,180,125,0,7,hocho,R,R,8,,,frame_00000.png,frame_00118.png,QR未検出,119,1.996437
hocho_R_8,lockin,0,0,QR未検出,,lockin,binary,,,9.606183,70,8,1,0.650222,,0.650222,frame_00000.png,frame_00118.png,r180_e125_f0.mp4,180 Hz,1/125,蛍光灯なし,59.606 fps,180,125,0,7,hocho,R,R,8,,,frame_00000.png,frame_00118.png,QR未検出,119,1.996437
hocho_R_8,lockin,0,0,QR未検出,,lockin,binary,,,9.606183,901,8,1,0.626883,,0.626883,frame_00000.png,frame_00118.png,r180_e125_f0.mp4,180 Hz,1/125,蛍光灯なし,59.606 fps,180,125,0,7,hocho,R,R,8,,,frame_00000.png,frame_00118.png,QR未検出,119,1.996437
hocho_R_8,lockin,0,0,QR未検出,,lockin,binary,,,9.606183,902,8,1,0.540456,,0.540456,frame_00000.png,frame_00118.png,r180_e125_f0.mp4,180 Hz,1/125,蛍光灯なし,59.606 fps,180,125,0,7,hocho,R,R,8,,,frame_00000.png,frame_00118.png,QR未検出,119,1.996437
hocho_R_8,lockin,0,0,QR未検出,,lockin,binary,,,14.606183,30,8,1,0.650197,,0.650197,frame_00000.png,frame_00118.png,r180_e125_f0.mp4,180 Hz,1/125,蛍光灯なし,59.606 fps,180,125,0,7,hocho,R,R,8,,,frame_00000.png,frame_00118.png,QR未検出,119,1.996437
hocho_R_8,lockin,0,0,QR未検出,,lockin,binary,,,14.606183,50,8,1,0.650222,,0.650222,frame_00000.png,frame_00118.png,r180_e125_f0.mp4,180 Hz,1/125,蛍光灯なし,59.606 fps,180,125,0,7,hocho,R,R,8,,,frame_00000.png,frame_00118.png,QR未検出,119,1.996437
hocho_R_8,lockin,0,0,QR未検出,,lockin,binary,,,14.606183,70,8,1,0.650222,,0.650222,frame_00000.png,frame_00118.png,r180_e125_f0.mp4,180 Hz,1/125,蛍光灯なし,59.606 fps,180,125,0,7,hocho,R,R,8,,,frame_00000.png,frame_00118.png,QR未検出,119,1.996437
hocho_R_8,lockin,0,0,QR未検出,,lockin,binary,,,14.606183,901,8,1,0.632307,,0.632307,frame_00000.png,frame_00118.png,r180_e125_f0.mp4,180 Hz,1/125,蛍光灯なし,59.606 fps,180,125,0,7,hocho,R,R,8,,,frame_00000.png,frame_00118.png,QR未検出,119,1.996437
hocho_R_8,lockin,0,0,QR未検出,,lockin,binary,,,14.606183,902,8,1,0.581365,,0.581365,frame_00000.png,frame_00118.png,r180_e125_f0.mp4,180 Hz,1/125,蛍光灯なし,59.606 fps,180,125,0,7,hocho,R,R,8,,,frame_00000.png,frame_00118.png,QR未検出,119,1.996437
hocho_R_8,lockin,0,0,QR未検出,,lockin,binary,,,15.787634,30,8,1,0.650206,,0.650206,frame_00000.png,frame_00118.png,r180_e125_f0.mp4,180 Hz,1/125,蛍光灯なし,59.606 fps,180,125,0,7,hocho,R,R,8,,,frame_00000.png,frame_00118.png,QR未検出,119,1.996437
hocho_R_8,lockin,0,0,QR未検出,,lockin,binary,,,15.787634,50,8,1,0.650222,,0.650222,frame_00000.png,frame_00118.png,r180_e125_f0.mp4,180 Hz,1/125,蛍光灯なし,59.606 fps,180,125,0,7,hocho,R,R,8,,,frame_00000.png,frame_00118.png,QR未検出,119,1.996437
hocho_R_8,lockin,0,0,QR未検出,,lockin,binary,,,15.787634,70,8,1,0.650222,,0.650222,frame_00000.png,frame_00118.png,r180_e125_f0.mp4,180 Hz,1/125,蛍光灯なし,59.606 fps,180,125,0,7,hocho,R,R,8,,,frame_00000.png,frame_00118.png,QR未検出,119,1.996437
hocho_R_8,lockin,0,0,QR未検出,,lockin,binary,,,15.787634,901,8,1,0.632800,,0.632800,frame_00000.png,frame_00118.png,r180_e125_f0.mp4,180 Hz,1/125,蛍光灯なし,59.606 fps,180,125,0,7,hocho,R,R,8,,,frame_00000.png,frame_00118.png,QR未検出,119,1.996437
hocho_R_8,lockin,0,0,QR未検出,,lockin,binary,,,15.787634,902,8,1,0.574144,,0.574144,frame_00000.png,frame_00118.png,r180_e125_f0.mp4,180 Hz,1/125,蛍光灯なし,59.606 fps,180,125,0,7,hocho,R,R,8,,,frame_00000.png,frame_00118.png,QR未検出,119,1.996437
hocho_R_8,lockin,0,0,QR未検出,,lockin,binary,,,29.212366,30,8,1,0.650281,,0.650281,frame_00000.png,frame_00118.png,r180_e125_f0.mp4,180 Hz,1/125,蛍光灯なし,59.606 fps,180,125,0,7,hocho,R,R,8,,,frame_00000.png,frame_00118.png,QR未検出,119,1.996437
hocho_R_8,lockin,0,0,QR未検出,,lockin,binary,,,29.212366,50,8,1,0.650222,,0.650222,frame_00000.png,frame_00118.png,r180_e125_f0.mp4,180 Hz,1/125,蛍光灯なし,59.606 fps,180,125,0,7,hocho,R,R,8,,,frame_00000.png,frame_00118.png,QR未検出,119,1.996437
hocho_R_8,lockin,0,0,QR未検出,,lockin,binary,,,29.212366,70,8,1,0.650222,,0.650222,frame_00000.png,frame_00118.png,r180_e125_f0.mp4,180 Hz,1/125,蛍光灯なし,59.606 fps,180,125,0,7,hocho,R,R,8,,,frame_00000.png,frame_00118.png,QR未検出,119,1.996437
hocho_R_8,lockin,0,0,QR未検出,,lockin,binary,,,29.212366,901,8,1,0.675917,,0.675917,frame_00000.png,frame_00118.png,r180_e125_f0.mp4,180 Hz,1/125,蛍光灯なし,59.606 fps,180,125,0,7,hocho,R,R,8,,,frame_00000.png,frame_00118.png,QR未検出,119,1.996437
hocho_R_8,lockin,0,0,QR未検出,,lockin,binary,,,29.212366,902,8,1,0.563027,,0.563027,frame_00000.png,frame_00118.png,r180_e125_f0.mp4,180 Hz,1/125,蛍光灯なし,59.606 fps,180,125,0,7,hocho,R,R,8,,,frame_00000.png,frame_00118.png,QR未検出,119,1.996437
hocho_X_12,lockin,0,0,QR未検出,,lockin,binary,,,9.606183,30,8,1,0.650075,,0.650075,frame_00000.png,frame_00118.png,r180_e125_f0.mp4,180 Hz,1/125,蛍光灯なし,59.606 fps,180,125,0,56,hocho,max,X,12,,,frame_00000.png,frame_00118.png,QR未検出,119,1.996437
hocho_X_12,lockin,0,0,QR未検出,,lockin,binary,,,9.606183,50,8,1,0.650202,,0.650202,frame_00000.png,frame_00118.png,r180_e125_f0.mp4,180 Hz,1/125,蛍光灯なし,59.606 fps,180,125,0,56,hocho,max,X,12,,,frame_00000.png,frame_00118.png,QR未検出,119,1.996437
hocho_X_12,lockin,0,0,QR未検出,,lockin,binary,,,9.606183,70,8,1,0.650222,,0.650222,frame_00000.png,frame_00118.png,r180_e125_f0.mp4,180 Hz,1/125,蛍光灯なし,59.606 fps,180,125,0,56,hocho,max,X,12,,,frame_00000.png,frame_00118.png,QR未検出,119,1.996437
hocho_X_12,lockin,0,0,QR未検出,,lockin,binary,,,9.606183,901,8,1,0.648766,,0.648766,frame_00000.png,frame_00118.png,r180_e125_f0.mp4,180 Hz,1/125,蛍光灯なし,59.606 fps,180,125,0,56,hocho,max,X,12,,,frame_00000.png,frame_00118.png,QR未検出,119,1.996437
hocho_X_12,lockin,0,0,QR未検出,,lockin,binary,,,9.606183,902,8,1,0.542841,,0.542841,frame_00000.png,frame_00118.png,r180_e125_f0.mp4,180 Hz,1/125,蛍光灯なし,59.606 fps,180,125,0,56,hocho,max,X,12,,,frame_00000.png,frame_00118.png,QR未検出,119,1.996437
hocho_X_12,lockin,0,0,QR未検出,,lockin,binary,,,14.606183,30,8,1,0.650064,,0.650064,frame_00000.png,frame_00118.png,r180_e125_f0.mp4,180 Hz,1/125,蛍光灯なし,59.606 fps,180,125,0,56,hocho,max,X,12,,,frame_00000.png,frame_00118.png,QR未検出,119,1.996437
hocho_X_12,lockin,0,0,QR未検出,,lockin,binary,,,14.606183,50,8,1,0.650222,,0.650222,frame_00000.png,frame_00118.png,r180_e125_f0.mp4,180 Hz,1/125,蛍光灯なし,59.606 fps,180,125,0,56,hocho,max,X,12,,,frame_00000.png,frame_00118.png,QR未検出,119,1.996437
hocho_X_12,lockin,0,0,QR未検出,,lockin,binary,,,14.606183,70,8,1,0.650222,,0.650222,frame_00000.png,frame_00118.png,r180_e125_f0.mp4,180 Hz,1/125,蛍光灯なし,59.606 fps,180,125,0,56,hocho,max,X,12,,,frame_00000.png,frame_00118.png,QR未検出,119,1.996437
hocho_X_12,lockin,0,0,QR未検出,,lockin,binary,,,14.606183,901,8,1,0.669771,,0.669771,frame_00000.png,frame_00118.png,r180_e125_f0.mp4,180 Hz,1/125,蛍光灯なし,59.606 fps,180,125,0,56,hocho,max,X,12,,,frame_00000.png,frame_00118.png,QR未検出,119,1.996437
hocho_X_12,lockin,0,0,QR未検出,,lockin,binary,,,14.606183,902,8,1,0.549230,,0.549230,frame_00000.png,frame_00118.png,r180_e125_f0.mp4,180 Hz,1/125,蛍光灯なし,59.606 fps,180,125,0,56,hocho,max,X,12,,,frame_00000.png,frame_00118.png,QR未検出,119,1.996437
hocho_X_12,lockin,0,0,QR未検出,,lockin,binary,,,15.787634,30,8,1,0.650069,,0.650069,frame_00000.png,frame_00118.png,r180_e125_f0.mp4,180 Hz,1/125,蛍光灯なし,59.606 fps,180,125,0,56,hocho,max,X,12,,,frame_00000.png,frame_00118.png,QR未検出,119,1.996437
hocho_X_12,lockin,0,0,QR未検出,,lockin,binary,,,15.787634,50,8,1,0.650222,,0.650222,frame_00000.png,frame_00118.png,r180_e125_f0.mp4,180 Hz,1/125,蛍光灯なし,59.606 fps,180,125,0,56,hocho,max,X,12,,,frame_00000.png,frame_00118.png,QR未検出,119,1.996437
hocho_X_12,lockin,0,0,QR未検出,,lockin,binary,,,15.787634,70,8,1,0.650222,,0.650222,frame_00000.png,frame_00118.png,r180_e125_f0.mp4,180 Hz,1/125,蛍光灯なし,59.606 fps,180,125,0,56,hocho,max,X,12,,,frame_00000.png,frame_00118.png,QR未検出,119,1.996437
hocho_X_12,lockin,0,0,QR未検出,,lockin,binary,,,15.787634,901,8,1,0.673966,,0.673966,frame_00000.png,frame_00118.png,r180_e125_f0.mp4,180 Hz,1/125,蛍光灯なし,59.606 fps,180,125,0,56,hocho,max,X,12,,,frame_00000.png,frame_00118.png,QR未検出,119,1.996437
hocho_X_12,lockin,0,0,QR未検出,,lockin,binary,,,15.787634,902,8,1,0.538708,,0.538708,frame_00000.png,frame_00118.png,r180_e125_f0.mp4,180 Hz,1/125,蛍光灯なし,59.606 fps,180,125,0,56,hocho,max,X,12,,,frame_00000.png,frame_00118.png,QR未検出,119,1.996437
hocho_X_12,lockin,0,0,QR未検出,,lockin,binary,,,29.212366,30,8,1,0.685766,,0.685766,frame_00000.png,frame_00118.png,r180_e125_f0.mp4,180 Hz,1/125,蛍光灯なし,59.606 fps,180,125,0,56,hocho,max,X,12,,,frame_00000.png,frame_00118.png,QR未検出,119,1.996437
hocho_X_12,lockin,0,0,QR未検出,,lockin,binary,,,29.212366,50,8,1,0.654211,,0.654211,frame_00000.png,frame_00118.png,r180_e125_f0.mp4,180 Hz,1/125,蛍光灯なし,59.606 fps,180,125,0,56,hocho,max,X,12,,,frame_00000.png,frame_00118.png,QR未検出,119,1.996437
hocho_X_12,lockin,0,0,QR未検出,,lockin,binary,,,29.212366,70,8,1,0.650475,,0.650475,frame_00000.png,frame_00118.png,r180_e125_f0.mp4,180 Hz,1/125,蛍光灯なし,59.606 fps,180,125,0,56,hocho,max,X,12,,,frame_00000.png,frame_00118.png,QR未検出,119,1.996437
hocho_X_12,lockin,0,0,QR未検出,,lockin,binary,,,29.212366,901,8,1,0.767226,,0.767226,frame_00000.png,frame_00118.png,r180_e125_f0.mp4,180 Hz,1/125,蛍光灯なし,59.606 fps,180,125,0,56,hocho,max,X,12,,,frame_00000.png,frame_00118.png,QR未検出,119,1.996437
hocho_X_12,lockin,0,0,QR未検出,,lockin,binary,,,29.212366,902,8,1,0.501578,,0.501578,frame_00000.png,frame_00118.png,r180_e125_f0.mp4,180 Hz,1/125,蛍光灯なし,59.606 fps,180,125,0,56,hocho,max,X,12,,,frame_00000.png,frame_00118.png,QR未検出,119,1.996437
hocho_X_4,lockin,0,0,QR未検出,,lockin,binary,,,9.606183,30,8,1,0.650005,,0.650005,frame_00000.png,frame_00118.png,r180_e125_f0.mp4,180 Hz,1/125,蛍光灯なし,59.606 fps,180,125,0,54,hocho,max,X,4,,,frame_00000.png,frame_00118.png,QR未検出,119,1.996437
hocho_X_4,lockin,1,0,QR未検出,,lockin,binary,,,9.606183,50,8,1,0.650222,,0.650222,frame_00000.png,frame_00118.png,r180_e125_f0.mp4,180 Hz,1/125,蛍光灯なし,59.606 fps,180,125,0,54,hocho,max,X,4,,,frame_00000.png,frame_00118.png,QR未検出,119,1.996437
hocho_X_4,lockin,0,0,QR未検出,,lockin,binary,,,9.606183,70,8,1,0.650222,,0.650222,frame_00000.png,frame_00118.png,r180_e125_f0.mp4,180 Hz,1/125,蛍光灯なし,59.606 fps,180,125,0,54,hocho,max,X,4,,,frame_00000.png,frame_00118.png,QR未検出,119,1.996437
hocho_X_4,lockin,0,0,QR未検出,,lockin,binary,,,9.606183,901,8,1,0.621308,,0.621308,frame_00000.png,frame_00118.png,r180_e125_f0.mp4,180 Hz,1/125,蛍光灯なし,59.606 fps,180,125,0,54,hocho,max,X,4,,,frame_00000.png,frame_00118.png,QR未検出,119,1.996437
hocho_X_4,lockin,0,0,QR未検出,,lockin,binary,,,9.606183,902,8,1,0.538731,,0.538731,frame_00000.png,frame_00118.png,r180_e125_f0.mp4,180 Hz,1/125,蛍光灯なし,59.606 fps,180,125,0,54,hocho,max,X,4,,,frame_00000.png,frame_00118.png,QR未検出,119,1.996437
hocho_X_4,lockin,0,0,QR未検出,,lockin,binary,,,14.606183,30,8,1,0.650019,,0.650019,frame_00000.png,frame_00118.png,r180_e125_f0.mp4,180 Hz,1/125,蛍光灯なし,59.606 fps,180,125,0,54,hocho,max,X,4,,,frame_00000.png,frame_00118.png,QR未検出,119,1.996437
hocho_X_4,lockin,0,0,QR未検出,,lockin,binary,,,14.606183,50,8,1,0.650222,,0.650222,frame_00000.png,frame_00118.png,r180_e125_f0.mp4,180 Hz,1/125,蛍光灯なし,59.606 fps,180,125,0,54,hocho,max,X,4,,,frame_00000.png,frame_00118.png,QR未検出,119,1.996437
hocho_X_4,lockin,0,0,QR未検出,,lockin,binary,,,14.606183,70,8,1,0.650222,,0.650222,frame_00000.png,frame_00118.png,r180_e125_f0.mp4,180 Hz,1/125,蛍光灯なし,59.606 fps,180,125,0,54,hocho,max,X,4,,,frame_00000.png,frame_00118.png,QR未検出,119,1.996437
hocho_X_4,lockin,0,0,QR未検出,,lockin,binary,,,14.606183,901,8,1,0.620883,,0.620883,frame_00000.png,frame_00118.png,r180_e125_f0.mp4,180 Hz,1/125,蛍光灯なし,59.606 fps,180,125,0,54,hocho,max,X,4,,,frame_00000.png,frame_00118.png,QR未検出,119,1.996437
hocho_X_4,lockin,0,0,QR未検出,,lockin,binary,,,14.606183,902,8,1,0.589317,,0.589317,frame_00000.png,frame_00118.png,r180_e125_f0.mp4,180 Hz,1/125,蛍光灯なし,59.606 fps,180,125,0,54,hocho,max,X,4,,,frame_00000.png,frame_00118.png,QR未検出,119,1.996437
hocho_X_4,lockin,0,0,QR未検出,,lockin,binary,,,15.787634,30,8,1,0.649998,,0.649998,frame_00000.png,frame_00118.png,r180_e125_f0.mp4,180 Hz,1/125,蛍光灯なし,59.606 fps,180,125,0,54,hocho,max,X,4,,,frame_00000.png,frame_00118.png,QR未検出,119,1.996437
hocho_X_4,lockin,0,0,QR未検出,,lockin,binary,,,15.787634,50,8,1,0.650222,,0.650222,frame_00000.png,frame_00118.png,r180_e125_f0.mp4,180 Hz,1/125,蛍光灯なし,59.606 fps,180,125,0,54,hocho,max,X,4,,,frame_00000.png,frame_00118.png,QR未検出,119,1.996437
hocho_X_4,lockin,0,0,QR未検出,,lockin,binary,,,15.787634,70,8,1,0.650222,,0.650222,frame_00000.png,frame_00118.png,r180_e125_f0.mp4,180 Hz,1/125,蛍光灯なし,59.606 fps,180,125,0,54,hocho,max,X,4,,,frame_00000.png,frame_00118.png,QR未検出,119,1.996437
hocho_X_4,lockin,0,0,QR未検出,,lockin,binary,,,15.787634,901,8,1,0.626566,,0.626566,frame_00000.png,frame_00118.png,r180_e125_f0.mp4,180 Hz,1/125,蛍光灯なし,59.606 fps,180,125,0,54,hocho,max,X,4,,,frame_00000.png,frame_00118.png,QR未検出,119,1.996437
hocho_X_4,lockin,0,0,QR未検出,,lockin,binary,,,15.787634,902,8,1,0.554588,,0.554588,frame_00000.png,frame_00118.png,r180_e125_f0.mp4,180 Hz,1/125,蛍光灯なし,59.606 fps,180,125,0,54,hocho,max,X,4,,,frame_00000.png,frame_00118.png,QR未検出,119,1.996437
hocho_X_4,lockin,0,0,QR未検出,,lockin,binary,,,29.212366,30,8,1,0.649984,,0.649984,frame_00000.png,frame_00118.png,r180_e125_f0.mp4,180 Hz,1/125,蛍光灯なし,59.606 fps,180,125,0,54,hocho,max,X,4,,,frame_00000.png,frame_00118.png,QR未検出,119,1.996437
hocho_X_4,lockin,0,0,QR未検出,,lockin,binary,,,29.212366,50,8,1,0.650222,,0.650222,frame_00000.png,frame_00118.png,r180_e125_f0.mp4,180 Hz,1/125,蛍光灯なし,59.606 fps,180,125,0,54,hocho,max,X,4,,,frame_00000.png,frame_00118.png,QR未検出,119,1.996437
hocho_X_4,lockin,0,0,QR未検出,,lockin,binary,,,29.212366,70,8,1,0.650222,,0.650222,frame_00000.png,frame_00118.png,r180_e125_f0.mp4,180 Hz,1/125,蛍光灯なし,59.606 fps,180,125,0,54,hocho,max,X,4,,,frame_00000.png,frame_00118.png,QR未検出,119,1.996437
hocho_X_4,lockin,0,0,QR未検出,,lockin,binary,,,29.212366,901,8,1,0.630275,,0.630275,frame_00000.png,frame_00118.png,r180_e125_f0.mp4,180 Hz,1/125,蛍光灯なし,59.606 fps,180,125,0,54,hocho,max,X,4,,,frame_00000.png,frame_00118.png,QR未検出,119,1.996437
hocho_X_4,lockin,0,0,QR未検出,,lockin,binary,,,29.212366,902,8,1,0.580509,,0.580509,frame_00000.png,frame_00118.png,r180_e125_f0.mp4,180 Hz,1/125,蛍光灯なし,59.606 fps,180,125,0,54,hocho,max,X,4,,,frame_00000.png,frame_00118.png,QR未検出,119,1.996437
hocho_X_8,lockin,0,0,QR未検出,,lockin,binary,,,9.606183,30,8,1,0.649929,,0.649929,frame_00000.png,frame_00118.png,r180_e125_f0.mp4,180 Hz,1/125,蛍光灯なし,59.606 fps,180,125,0,55,hocho,max,X,8,,,frame_00000.png,frame_00118.png,QR未検出,119,1.996437
hocho_X_8,lockin,0,0,QR未検出,,lockin,binary,,,9.606183,50,8,1,0.650225,,0.650225,frame_00000.png,frame_00118.png,r180_e125_f0.mp4,180 Hz,1/125,蛍光灯なし,59.606 fps,180,125,0,55,hocho,max,X,8,,,frame_00000.png,frame_00118.png,QR未検出,119,1.996437
hocho_X_8,lockin,0,0,QR未検出,,lockin,binary,,,9.606183,70,8,1,0.650222,,0.650222,frame_00000.png,frame_00118.png,r180_e125_f0.mp4,180 Hz,1/125,蛍光灯なし,59.606 fps,180,125,0,55,hocho,max,X,8,,,frame_00000.png,frame_00118.png,QR未検出,119,1.996437
hocho_X_8,lockin,0,0,QR未検出,,lockin,binary,,,9.606183,901,8,1,0.618657,,0.618657,frame_00000.png,frame_00118.png,r180_e125_f0.mp4,180 Hz,1/125,蛍光灯なし,59.606 fps,180,125,0,55,hocho,max,X,8,,,frame_00000.png,frame_00118.png,QR未検出,119,1.996437
hocho_X_8,lockin,0,0,QR未検出,,lockin,binary,,,9.606183,902,8,1,0.526114,,0.526114,frame_00000.png,frame_00118.png,r180_e125_f0.mp4,180 Hz,1/125,蛍光灯なし,59.606 fps,180,125,0,55,hocho,max,X,8,,,frame_00000.png,frame_00118.png,QR未検出,119,1.996437
hocho_X_8,lockin,0,0,QR未検出,,lockin,binary,,,14.606183,30,8,1,0.649697,,0.649697,frame_00000.png,frame_00118.png,r180_e125_f0.mp4,180 Hz,1/125,蛍光灯なし,59.606 fps,180,125,0,55,hocho,max,X,8,,,frame_00000.png,frame_00118.png,QR未検出,119,1.996437
hocho_X_8,lockin,0,0,QR未検出,,lockin,binary,,,14.606183,50,8,1,0.650019,,0.650019,frame_00000.png,frame_00118.png,r180_e125_f0.mp4,180 Hz,1/125,蛍光灯なし,59.606 fps,180,125,0,55,hocho,max,X,8,,,frame_00000.png,frame_00118.png,QR未検出,119,1.996437
hocho_X_8,lockin,0,0,QR未検出,,lockin,binary,,,14.606183,70,8,1,0.650178,,0.650178,frame_00000.png,frame_00118.png,r180_e125_f0.mp4,180 Hz,1/125,蛍光灯なし,59.606 fps,180,125,0,55,hocho,max,X,8,,,frame_00000.png,frame_00118.png,QR未検出,119,1.996437
hocho_X_8,lockin,0,0,QR未検出,,lockin,binary,,,14.606183,901,8,1,0.629325,,0.629325,frame_00000.png,frame_00118.png,r180_e125_f0.mp4,180 Hz,1/125,蛍光灯なし,59.606 fps,180,125,0,55,hocho,max,X,8,,,frame_00000.png,frame_00118.png,QR未検出,119,1.996437
hocho_X_8,lockin,0,0,QR未検出,,lockin,binary,,,14.606183,902,8,1,0.558205,,0.558205,frame_00000.png,frame_00118.png,r180_e125_f0.mp4,180 Hz,1/125,蛍光灯なし,59.606 fps,180,125,0,55,hocho,max,X,8,,,frame_00000.png,frame_00118.png,QR未検出,119,1.996437
hocho_X_8,lockin,0,0,QR未検出,,lockin,binary,,,15.787634,30,8,1,0.650062,,0.650062,frame_00000.png,frame_00118.png,r180_e125_f0.mp4,180 Hz,1/125,蛍光灯なし,59.606 fps,180,125,0,55,hocho,max,X,8,,,frame_00000.png,frame_00118.png,QR未検出,119,1.996437
hocho_X_8,lockin,0,0,QR未検出,,lockin,binary,,,15.787634,50,8,1,0.650222,,0.650222,frame_00000.png,frame_00118.png,r180_e125_f0.mp4,180 Hz,1/125,蛍光灯なし,59.606 fps,180,125,0,55,hocho,max,X,8,,,frame_00000.png,frame_00118.png,QR未検出,119,1.996437
hocho_X_8,lockin,0,0,QR未検出,,lockin,binary,,,15.787634,70,8,1,0.650222,,0.650222,frame_00000.png,frame_00118.png,r180_e125_f0.mp4,180 Hz,1/125,蛍光灯なし,59.606 fps,180,125,0,55,hocho,max,X,8,,,frame_00000.png,frame_00118.png,QR未検出,119,1.996437
hocho_X_8,lockin,0,0,QR未検出,,lockin,binary,,,15.787634,901,8,1,0.628676,,0.628676,frame_00000.png,frame_00118.png,r180_e125_f0.mp4,180 Hz,1/125,蛍光灯なし,59.606 fps,180,125,0,55,hocho,max,X,8,,,frame_00000.png,frame_00118.png,QR未検出,119,1.996437
hocho_X_8,lockin,0,0,QR未検出,,lockin,binary,,,15.787634,902,8,1,0.562699,,0.562699,frame_00000.png,frame_00118.png,r180_e125_f0.mp4,180 Hz,1/125,蛍光灯なし,59.606 fps,180,125,0,55,hocho,max,X,8,,,frame_00000.png,frame_00118.png,QR未検出,119,1.996437
hocho_X_8,lockin,0,0,QR未検出,,lockin,binary,,,29.212366,30,8,1,0.649926,,0.649926,frame_00000.png,frame_00118.png,r180_e125_f0.mp4,180 Hz,1/125,蛍光灯なし,59.606 fps,180,125,0,55,hocho,max,X,8,,,frame_00000.png,frame_00118.png,QR未検出,119,1.996437
hocho_X_8,lockin,0,0,QR未検出,,lockin,binary,,,29.212366,50,8,1,0.650041,,0.650041,frame_00000.png,frame_00118.png,r180_e125_f0.mp4,180 Hz,1/125,蛍光灯なし,59.606 fps,180,125,0,55,hocho,max,X,8,,,frame_00000.png,frame_00118.png,QR未検出,119,1.996437
hocho_X_8,lockin,0,0,QR未検出,,lockin,binary,,,29.212366,70,8,1,0.650222,,0.650222,frame_00000.png,frame_00118.png,r180_e125_f0.mp4,180 Hz,1/125,蛍光灯なし,59.606 fps,180,125,0,55,hocho,max,X,8,,,frame_00000.png,frame_00118.png,QR未検出,119,1.996437
hocho_X_8,lockin,0,0,QR未検出,,lockin,binary,,,29.212366,901,8,1,0.671935,,0.671935,frame_00000.png,frame_00118.png,r180_e125_f0.mp4,180 Hz,1/125,蛍光灯なし,59.606 fps,180,125,0,55,hocho,max,X,8,,,frame_00000.png,frame_00118.png,QR未検出,119,1.996437
hocho_X_8,lockin,0,0,QR未検出,,lockin,binary,,,29.212366,902,8,1,0.544139,,0.544139,frame_00000.png,frame_00118.png,r180_e125_f0.mp4,180 Hz,1/125,蛍光灯なし,59.606 fps,180,125,0,55,hocho,max,X,8,,,frame_00000.png,frame_00118.png,QR未検出,119,1.996437
nagaoka_fireworks_B_12,lockin,0,0,QR未検出,,lockin,binary,,,9.606183,30,8,1,0.650195,,0.650195,frame_00000.png,frame_00118.png,r180_e125_f0.mp4,180 Hz,1/125,蛍光灯なし,59.606 fps,180,125,0,29,nagaoka_fireworks,B,B,12,,,frame_00000.png,frame_00118.png,QR未検出,119,1.996437
nagaoka_fireworks_B_12,lockin,0,0,QR未検出,,lockin,binary,,,9.606183,50,8,1,0.650178,,0.650178,frame_00000.png,frame_00118.png,r180_e125_f0.mp4,180 Hz,1/125,蛍光灯なし,59.606 fps,180,125,0,29,nagaoka_fireworks,B,B,12,,,frame_00000.png,frame_00118.png,QR未検出,119,1.996437
nagaoka_fireworks_B_12,lockin,0,0,QR未検出,,lockin,binary,,,9.606183,70,8,1,0.650222,,0.650222,frame_00000.png,frame_00118.png,r180_e125_f0.mp4,180 Hz,1/125,蛍光灯なし,59.606 fps,180,125,0,29,nagaoka_fireworks,B,B,12,,,frame_00000.png,frame_00118.png,QR未検出,119,1.996437
nagaoka_fireworks_B_12,lockin,0,0,QR未検出,,lockin,binary,,,9.606183,901,8,1,0.658473,,0.658473,frame_00000.png,frame_00118.png,r180_e125_f0.mp4,180 Hz,1/125,蛍光灯なし,59.606 fps,180,125,0,29,nagaoka_fireworks,B,B,12,,,frame_00000.png,frame_00118.png,QR未検出,119,1.996437
nagaoka_fireworks_B_12,lockin,0,0,QR未検出,,lockin,binary,,,9.606183,902,8,1,0.567327,,0.567327,frame_00000.png,frame_00118.png,r180_e125_f0.mp4,180 Hz,1/125,蛍光灯なし,59.606 fps,180,125,0,29,nagaoka_fireworks,B,B,12,,,frame_00000.png,frame_00118.png,QR未検出,119,1.996437
nagaoka_fireworks_B_12,lockin,0,0,QR未検出,,lockin,binary,,,14.606183,30,8,1,0.650208,,0.650208,frame_00000.png,frame_00118.png,r180_e125_f0.mp4,180 Hz,1/125,蛍光灯なし,59.606 fps,180,125,0,29,nagaoka_fireworks,B,B,12,,,frame_00000.png,frame_00118.png,QR未検出,119,1.996437
nagaoka_fireworks_B_12,lockin,0,0,QR未検出,,lockin,binary,,,14.606183,50,8,1,0.650222,,0.650222,frame_00000.png,frame_00118.png,r180_e125_f0.mp4,180 Hz,1/125,蛍光灯なし,59.606 fps,180,125,0,29,nagaoka_fireworks,B,B,12,,,frame_00000.png,frame_00118.png,QR未検出,119,1.996437
nagaoka_fireworks_B_12,lockin,0,0,QR未検出,,lockin,binary,,,14.606183,70,8,1,0.650222,,0.650222,frame_00000.png,frame_00118.png,r180_e125_f0.mp4,180 Hz,1/125,蛍光灯なし,59.606 fps,180,125,0,29,nagaoka_fireworks,B,B,12,,,frame_00000.png,frame_00118.png,QR未検出,119,1.996437
nagaoka_fireworks_B_12,lockin,0,0,QR未検出,,lockin,binary,,,14.606183,901,8,1,0.674057,,0.674057,frame_00000.png,frame_00118.png,r180_e125_f0.mp4,180 Hz,1/125,蛍光灯なし,59.606 fps,180,125,0,29,nagaoka_fireworks,B,B,12,,,frame_00000.png,frame_00118.png,QR未検出,119,1.996437
nagaoka_fireworks_B_12,lockin,0,0,QR未検出,,lockin,binary,,,14.606183,902,8,1,0.561921,,0.561921,frame_00000.png,frame_00118.png,r180_e125_f0.mp4,180 Hz,1/125,蛍光灯なし,59.606 fps,180,125,0,29,nagaoka_fireworks,B,B,12,,,frame_00000.png,frame_00118.png,QR未検出,119,1.996437
nagaoka_fireworks_B_12,lockin,0,0,QR未検出,,lockin,binary,,,15.787634,30,8,1,0.650349,,0.650349,frame_00000.png,frame_00118.png,r180_e125_f0.mp4,180 Hz,1/125,蛍光灯なし,59.606 fps,180,125,0,29,nagaoka_fireworks,B,B,12,,,frame_00000.png,frame_00118.png,QR未検出,119,1.996437
nagaoka_fireworks_B_12,lockin,0,0,QR未検出,,lockin,binary,,,15.787634,50,8,1,0.650222,,0.650222,frame_00000.png,frame_00118.png,r180_e125_f0.mp4,180 Hz,1/125,蛍光灯なし,59.606 fps,180,125,0,29,nagaoka_fireworks,B,B,12,,,frame_00000.png,frame_00118.png,QR未検出,119,1.996437
nagaoka_fireworks_B_12,lockin,0,0,QR未検出,,lockin,binary,,,15.787634,70,8,1,0.650222,,0.650222,frame_00000.png,frame_00118.png,r180_e125_f0.mp4,180 Hz,1/125,蛍光灯なし,59.606 fps,180,125,0,29,nagaoka_fireworks,B,B,12,,,frame_00000.png,frame_00118.png,QR未検出,119,1.996437
nagaoka_fireworks_B_12,lockin,0,0,QR未検出,,lockin,binary,,,15.787634,901,8,1,0.694324,,0.694324,frame_00000.png,frame_00118.png,r180_e125_f0.mp4,180 Hz,1/125,蛍光灯なし,59.606 fps,180,125,0,29,nagaoka_fireworks,B,B,12,,,frame_00000.png,frame_00118.png,QR未検出,119,1.996437
nagaoka_fireworks_B_12,lockin,0,0,QR未検出,,lockin,binary,,,15.787634,902,8,1,0.577047,,0.577047,frame_00000.png,frame_00118.png,r180_e125_f0.mp4,180 Hz,1/125,蛍光灯なし,59.606 fps,180,125,0,29,nagaoka_fireworks,B,B,12,,,frame_00000.png,frame_00118.png,QR未検出,119,1.996437
nagaoka_fireworks_B_12,lockin,0,0,QR未検出,,lockin,binary,,,29.212366,30,8,1,0.707306,,0.707306,frame_00000.png,frame_00118.png,r180_e125_f0.mp4,180 Hz,1/125,蛍光灯なし,59.606 fps,180,125,0,29,nagaoka_fireworks,B,B,12,,,frame_00000.png,frame_00118.png,QR未検出,119,1.996437
nagaoka_fireworks_B_12,lockin,0,0,QR未検出,,lockin,binary,,,29.212366,50,8,1,0.652771,,0.652771,frame_00000.png,frame_00118.png,r180_e125_f0.mp4,180 Hz,1/125,蛍光灯なし,59.606 fps,180,125,0,29,nagaoka_fireworks,B,B,12,,,frame_00000.png,frame_00118.png,QR未検出,119,1.996437
nagaoka_fireworks_B_12,lockin,0,0,QR未検出,,lockin,binary,,,29.212366,70,8,1,0.650281,,0.650281,frame_00000.png,frame_00118.png,r180_e125_f0.mp4,180 Hz,1/125,蛍光灯なし,59.606 fps,180,125,0,29,nagaoka_fireworks,B,B,12,,,frame_00000.png,frame_00118.png,QR未検出,119,1.996437
nagaoka_fireworks_B_12,lockin,0,0,QR未検出,,lockin,binary,,,29.212366,901,8,1,0.823477,,0.823477,frame_00000.png,frame_00118.png,r180_e125_f0.mp4,180 Hz,1/125,蛍光灯なし,59.606 fps,180,125,0,29,nagaoka_fireworks,B,B,12,,,frame_00000.png,frame_00118.png,QR未検出,119,1.996437
nagaoka_fireworks_B_12,lockin,0,0,QR未検出,,lockin,binary,,,29.212366,902,8,1,0.530492,,0.530492,frame_00000.png,frame_00118.png,r180_e125_f0.mp4,180 Hz,1/125,蛍光灯なし,59.606 fps,180,125,0,29,nagaoka_fireworks,B,B,12,,,frame_00000.png,frame_00118.png,QR未検出,119,1.996437
nagaoka_fireworks_B_4,lockin,0,0,QR未検出,,lockin,binary,,,9.606183,30,8,1,0.650080,,0.650080,frame_00000.png,frame_00118.png,r180_e125_f0.mp4,180 Hz,1/125,蛍光灯なし,59.606 fps,180,125,0,27,nagaoka_fireworks,B,B,4,,,frame_00000.png,frame_00118.png,QR未検出,119,1.996437
nagaoka_fireworks_B_4,lockin,0,0,QR未検出,,lockin,binary,,,9.606183,50,8,1,0.650222,,0.650222,frame_00000.png,frame_00118.png,r180_e125_f0.mp4,180 Hz,1/125,蛍光灯なし,59.606 fps,180,125,0,27,nagaoka_fireworks,B,B,4,,,frame_00000.png,frame_00118.png,QR未検出,119,1.996437
nagaoka_fireworks_B_4,lockin,0,0,QR未検出,,lockin,binary,,,9.606183,70,8,1,0.650222,,0.650222,frame_00000.png,frame_00118.png,r180_e125_f0.mp4,180 Hz,1/125,蛍光灯なし,59.606 fps,180,125,0,27,nagaoka_fireworks,B,B,4,,,frame_00000.png,frame_00118.png,QR未検出,119,1.996437
nagaoka_fireworks_B_4,lockin,0,0,QR未検出,,lockin,binary,,,9.606183,901,8,1,0.609902,,0.609902,frame_00000.png,frame_00118.png,r180_e125_f0.mp4,180 Hz,1/125,蛍光灯なし,59.606 fps,180,125,0,27,nagaoka_fireworks,B,B,4,,,frame_00000.png,frame_00118.png,QR未検出,119,1.996437
nagaoka_fireworks_B_4,lockin,0,0,QR未検出,,lockin,binary,,,9.606183,902,8,1,0.577857,,0.577857,frame_00000.png,frame_00118.png,r180_e125_f0.mp4,180 Hz,1/125,蛍光灯なし,59.606 fps,180,125,0,27,nagaoka_fireworks,B,B,4,,,frame_00000.png,frame_00118.png,QR未検出,119,1.996437
nagaoka_fireworks_B_4,lockin,0,0,QR未検出,,lockin,binary,,,14.606183,30,8,1,0.650082,,0.650082,frame_00000.png,frame_00118.png,r180_e125_f0.mp4,180 Hz,1/125,蛍光灯なし,59.606 fps,180,125,0,27,nagaoka_fireworks,B,B,4,,,frame_00000.png,frame_00118.png,QR未検出,119,1.996437
nagaoka_fireworks_B_4,lockin,0,0,QR未検出,,lockin,binary,,,14.606183,50,8,1,0.650229,,0.650229,frame_00000.png,frame_00118.png,r180_e125_f0.mp4,180 Hz,1/125,蛍光灯なし,59.606 fps,180,125,0,27,nagaoka_fireworks,B,B,4,,,frame_00000.png,frame_00118.png,QR未検出,119,1.996437
nagaoka_fireworks_B_4,lockin,0,0,QR未検出,,lockin,binary,,,14.606183,70,8,1,0.650222,,0.650222,frame_00000.png,frame_00118.png,r180_e125_f0.mp4,180 Hz,1/125,蛍光灯なし,59.606 fps,180,125,0,27,nagaoka_fireworks,B,B,4,,,frame_00000.png,frame_00118.png,QR未検出,119,1.996437
nagaoka_fireworks_B_4,lockin,0,0,QR未検出,,lockin,binary,,,14.606183,901,8,1,0.623882,,0.623882,frame_00000.png,frame_00118.png,r180_e125_f0.mp4,180 Hz,1/125,蛍光灯なし,59.606 fps,180,125,0,27,nagaoka_fireworks,B,B,4,,,frame_00000.png,frame_00118.png,QR未検出,119,1.996437
nagaoka_fireworks_B_4,lockin,0,0,QR未検出,,lockin,binary,,,14.606183,902,8,1,0.587639,,0.587639,frame_00000.png,frame_00118.png,r180_e125_f0.mp4,180 Hz,1/125,蛍光灯なし,59.606 fps,180,125,0,27,nagaoka_fireworks,B,B,4,,,frame_00000.png,frame_00118.png,QR未検出,119,1.996437
nagaoka_fireworks_B_4,lockin,0,0,QR未検出,,lockin,binary,,,15.787634,30,8,1,0.650374,,0.650374,frame_00000.png,frame_00118.png,r180_e125_f0.mp4,180 Hz,1/125,蛍光灯なし,59.606 fps,180,125,0,27,nagaoka_fireworks,B,B,4,,,frame_00000.png,frame_00118.png,QR未検出,119,1.996437
nagaoka_fireworks_B_4,lockin,0,0,QR未検出,,lockin,binary,,,15.787634,50,8,1,0.650138,,0.650138,frame_00000.png,frame_00118.png,r180_e125_f0.mp4,180 Hz,1/125,蛍光灯なし,59.606 fps,180,125,0,27,nagaoka_fireworks,B,B,4,,,frame_00000.png,frame_00118.png,QR未検出,119,1.996437
nagaoka_fireworks_B_4,lockin,0,0,QR未検出,,lockin,binary,,,15.787634,70,8,1,0.650134,,0.650134,frame_00000.png,frame_00118.png,r180_e125_f0.mp4,180 Hz,1/125,蛍光灯なし,59.606 fps,180,125,0,27,nagaoka_fireworks,B,B,4,,,frame_00000.png,frame_00118.png,QR未検出,119,1.996437
nagaoka_fireworks_B_4,lockin,0,0,QR未検出,,lockin,binary,,,15.787634,901,8,1,0.629428,,0.629428,frame_00000.png,frame_00118.png,r180_e125_f0.mp4,180 Hz,1/125,蛍光灯なし,59.606 fps,180,125,0,27,nagaoka_fireworks,B,B,4,,,frame_00000.png,frame_00118.png,QR未検出,119,1.996437
nagaoka_fireworks_B_4,lockin,0,0,QR未検出,,lockin,binary,,,15.787634,902,8,1,0.569751,,0.569751,frame_00000.png,frame_00118.png,r180_e125_f0.mp4,180 Hz,1/125,蛍光灯なし,59.606 fps,180,125,0,27,nagaoka_fireworks,B,B,4,,,frame_00000.png,frame_00118.png,QR未検出,119,1.996437
nagaoka_fireworks_B_4,lockin,0,0,QR未検出,,lockin,binary,,,29.212366,30,8,1,0.650246,,0.650246,frame_00000.png,frame_00118.png,r180_e125_f0.mp4,180 Hz,1/125,蛍光灯なし,59.606 fps,180,125,0,27,nagaoka_fireworks,B,B,4,,,frame_00000.png,frame_00118.png,QR未検出,119,1.996437
nagaoka_fireworks_B_4,lockin,0,0,QR未検出,,lockin,binary,,,29.212366,50,8,1,0.650288,,0.650288,frame_00000.png,frame_00118.png,r180_e125_f0.mp4,180 Hz,1/125,蛍光灯なし,59.606 fps,180,125,0,27,nagaoka_fireworks,B,B,4,,,frame_00000.png,frame_00118.png,QR未検出,119,1.996437
nagaoka_fireworks_B_4,lockin,0,0,QR未検出,,lockin,binary,,,29.212366,70,8,1,0.650241,,0.650241,frame_00000.png,frame_00118.png,r180_e125_f0.mp4,180 Hz,1/125,蛍光灯なし,59.606 fps,180,125,0,27,nagaoka_fireworks,B,B,4,,,frame_00000.png,frame_00118.png,QR未検出,119,1.996437
nagaoka_fireworks_B_4,lockin,1,0,QR未検出,,lockin,binary,,,29.212366,901,8,1,0.675366,,0.675366,frame_00000.png,frame_00118.png,r180_e125_f0.mp4,180 Hz,1/125,蛍光灯なし,59.606 fps,180,125,0,27,nagaoka_fireworks,B,B,4,,,frame_00000.png,frame_00118.png,QR未検出,119,1.996437
nagaoka_fireworks_B_4,lockin,0,0,QR未検出,,lockin,binary,,,29.212366,902,8,1,0.572386,,0.572386,frame_00000.png,frame_00118.png,r180_e125_f0.mp4,180 Hz,1/125,蛍光灯なし,59.606 fps,180,125,0,27,nagaoka_fireworks,B,B,4,,,frame_00000.png,frame_00118.png,QR未検出,119,1.996437
nagaoka_fireworks_B_8,lockin,0,0,QR未検出,,lockin,binary,,,9.606183,30,8,1,0.650300,,0.650300,frame_00000.png,frame_00118.png,r180_e125_f0.mp4,180 Hz,1/125,蛍光灯なし,59.606 fps,180,125,0,28,nagaoka_fireworks,B,B,8,,,frame_00000.png,frame_00118.png,QR未検出,119,1.996437
nagaoka_fireworks_B_8,lockin,0,0,QR未検出,,lockin,binary,,,9.606183,50,8,1,0.650237,,0.650237,frame_00000.png,frame_00118.png,r180_e125_f0.mp4,180 Hz,1/125,蛍光灯なし,59.606 fps,180,125,0,28,nagaoka_fireworks,B,B,8,,,frame_00000.png,frame_00118.png,QR未検出,119,1.996437
nagaoka_fireworks_B_8,lockin,0,0,QR未検出,,lockin,binary,,,9.606183,70,8,1,0.650222,,0.650222,frame_00000.png,frame_00118.png,r180_e125_f0.mp4,180 Hz,1/125,蛍光灯なし,59.606 fps,180,125,0,28,nagaoka_fireworks,B,B,8,,,frame_00000.png,frame_00118.png,QR未検出,119,1.996437
nagaoka_fireworks_B_8,lockin,0,0,QR未検出,,lockin,binary,,,9.606183,901,8,1,0.629565,,0.629565,frame_00000.png,frame_00118.png,r180_e125_f0.mp4,180 Hz,1/125,蛍光灯なし,59.606 fps,180,125,0,28,nagaoka_fireworks,B,B,8,,,frame_00000.png,frame_00118.png,QR未検出,119,1.996437
nagaoka_fireworks_B_8,lockin,0,0,QR未検出,,lockin,binary,,,9.606183,902,8,1,0.559501,,0.559501,frame_00000.png,frame_00118.png,r180_e125_f0.mp4,180 Hz,1/125,蛍光灯なし,59.606 fps,180,125,0,28,nagaoka_fireworks,B,B,8,,,frame_00000.png,frame_00118.png,QR未検出,119,1.996437
nagaoka_fireworks_B_8,lockin,0,0,QR未検出,,lockin,binary,,,14.606183,30,8,1,0.650230,,0.650230,frame_00000.png,frame_00118.png,r180_e125_f0.mp4,180 Hz,1/125,蛍光灯なし,59.606 fps,180,125,0,28,nagaoka_fireworks,B,B,8,,,frame_00000.png,frame_00118.png,QR未検出,119,1.996437
nagaoka_fireworks_B_8,lockin,0,0,QR未検出,,lockin,binary,,,14.606183,50,8,1,0.650222,,0.650222,frame_00000.png,frame_00118.png,r180_e125_f0.mp4,180 Hz,1/125,蛍光灯なし,59.606 fps,180,125,0,28,nagaoka_fireworks,B,B,8,,,frame_00000.png,frame_00118.png,QR未検出,119,1.996437
nagaoka_fireworks_B_8,lockin,0,0,QR未検出,,lockin,binary,,,14.606183,70,8,1,0.650222,,0.650222,frame_00000.png,frame_00118.png,r180_e125_f0.mp4,180 Hz,1/125,蛍光灯なし,59.606 fps,180,125,0,28,nagaoka_fireworks,B,B,8,,,frame_00000.png,frame_00118.png,QR未検出,119,1.996437
nagaoka_fireworks_B_8,lockin,0,0,QR未検出,,lockin,binary,,,14.606183,901,8,1,0.641695,,0.641695,frame_00000.png,frame_00118.png,r180_e125_f0.mp4,180 Hz,1/125,蛍光灯なし,59.606 fps,180,125,0,28,nagaoka_fireworks,B,B,8,,,frame_00000.png,frame_00118.png,QR未検出,119,1.996437
nagaoka_fireworks_B_8,lockin,0,0,QR未検出,,lockin,binary,,,14.606183,902,8,1,0.559989,,0.559989,frame_00000.png,frame_00118.png,r180_e125_f0.mp4,180 Hz,1/125,蛍光灯なし,59.606 fps,180,125,0,28,nagaoka_fireworks,B,B,8,,,frame_00000.png,frame_00118.png,QR未検出,119,1.996437
nagaoka_fireworks_B_8,lockin,0,0,QR未検出,,lockin,binary,,,15.787634,30,8,1,0.650118,,0.650118,frame_00000.png,frame_00118.png,r180_e125_f0.mp4,180 Hz,1/125,蛍光灯なし,59.606 fps,180,125,0,28,nagaoka_fireworks,B,B,8,,,frame_00000.png,frame_00118.png,QR未検出,119,1.996437
nagaoka_fireworks_B_8,lockin,0,0,QR未検出,,lockin,binary,,,15.787634,50,8,1,0.650222,,0.650222,frame_00000.png,frame_00118.png,r180_e125_f0.mp4,180 Hz,1/125,蛍光灯なし,59.606 fps,180,125,0,28,nagaoka_fireworks,B,B,8,,,frame_00000.png,frame_00118.png,QR未検出,119,1.996437
nagaoka_fireworks_B_8,lockin,0,0,QR未検出,,lockin,binary,,,15.787634,70,8,1,0.650222,,0.650222,frame_00000.png,frame_00118.png,r180_e125_f0.mp4,180 Hz,1/125,蛍光灯なし,59.606 fps,180,125,0,28,nagaoka_fireworks,B,B,8,,,frame_00000.png,frame_00118.png,QR未検出,119,1.996437
nagaoka_fireworks_B_8,lockin,0,0,QR未検出,,lockin,binary,,,15.787634,901,8,1,0.641104,,0.641104,frame_00000.png,frame_00118.png,r180_e125_f0.mp4,180 Hz,1/125,蛍光灯なし,59.606 fps,180,125,0,28,nagaoka_fireworks,B,B,8,,,frame_00000.png,frame_00118.png,QR未検出,119,1.996437
nagaoka_fireworks_B_8,lockin,0,0,QR未検出,,lockin,binary,,,15.787634,902,8,1,0.571460,,0.571460,frame_00000.png,frame_00118.png,r180_e125_f0.mp4,180 Hz,1/125,蛍光灯なし,59.606 fps,180,125,0,28,nagaoka_fireworks,B,B,8,,,frame_00000.png,frame_00118.png,QR未検出,119,1.996437
nagaoka_fireworks_B_8,lockin,0,0,QR未検出,,lockin,binary,,,29.212366,30,8,1,0.651154,,0.651154,frame_00000.png,frame_00118.png,r180_e125_f0.mp4,180 Hz,1/125,蛍光灯なし,59.606 fps,180,125,0,28,nagaoka_fireworks,B,B,8,,,frame_00000.png,frame_00118.png,QR未検出,119,1.996437
nagaoka_fireworks_B_8,lockin,0,0,QR未検出,,lockin,binary,,,29.212366,50,8,1,0.650209,,0.650209,frame_00000.png,frame_00118.png,r180_e125_f0.mp4,180 Hz,1/125,蛍光灯なし,59.606 fps,180,125,0,28,nagaoka_fireworks,B,B,8,,,frame_00000.png,frame_00118.png,QR未検出,119,1.996437
nagaoka_fireworks_B_8,lockin,0,0,QR未検出,,lockin,binary,,,29.212366,70,8,1,0.650222,,0.650222,frame_00000.png,frame_00118.png,r180_e125_f0.mp4,180 Hz,1/125,蛍光灯なし,59.606 fps,180,125,0,28,nagaoka_fireworks,B,B,8,,,frame_00000.png,frame_00118.png,QR未検出,119,1.996437
nagaoka_fireworks_B_8,lockin,1,0,QR未検出,,lockin,binary,,,29.212366,901,8,1,0.708589,,0.708589,frame_00000.png,frame_00118.png,r180_e125_f0.mp4,180 Hz,1/125,蛍光灯なし,59.606 fps,180,125,0,28,nagaoka_fireworks,B,B,8,,,frame_00000.png,frame_00118.png,QR未検出,119,1.996437
nagaoka_fireworks_B_8,lockin,0,0,QR未検出,,lockin,binary,,,29.212366,902,8,1,0.555907,,0.555907,frame_00000.png,frame_00118.png,r180_e125_f0.mp4,180 Hz,1/125,蛍光灯なし,59.606 fps,180,125,0,28,nagaoka_fireworks,B,B,8,,,frame_00000.png,frame_00118.png,QR未検出,119,1.996437
nagaoka_fireworks_G_12,lockin,0,0,QR未検出,,lockin,binary,,,9.606183,30,8,1,0.650180,,0.650180,frame_00000.png,frame_00118.png,r180_e125_f0.mp4,180 Hz,1/125,蛍光灯なし,59.606 fps,180,125,0,17,nagaoka_fireworks,G,G,12,,,frame_00000.png,frame_00118.png,QR未検出,119,1.996437
nagaoka_fireworks_G_12,lockin,0,0,QR未検出,,lockin,binary,,,9.606183,50,8,1,0.650222,,0.650222,frame_00000.png,frame_00118.png,r180_e125_f0.mp4,180 Hz,1/125,蛍光灯なし,59.606 fps,180,125,0,17,nagaoka_fireworks,G,G,12,,,frame_00000.png,frame_00118.png,QR未検出,119,1.996437
nagaoka_fireworks_G_12,lockin,0,0,QR未検出,,lockin,binary,,,9.606183,70,8,1,0.650222,,0.650222,frame_00000.png,frame_00118.png,r180_e125_f0.mp4,180 Hz,1/125,蛍光灯なし,59.606 fps,180,125,0,17,nagaoka_fireworks,G,G,12,,,frame_00000.png,frame_00118.png,QR未検出,119,1.996437
nagaoka_fireworks_G_12,lockin,0,0,QR未検出,,lockin,binary,,,9.606183,901,8,1,0.680069,,0.680069,frame_00000.png,frame_00118.png,r180_e125_f0.mp4,180 Hz,1/125,蛍光灯なし,59.606 fps,180,125,0,17,nagaoka_fireworks,G,G,12,,,frame_00000.png,frame_00118.png,QR未検出,119,1.996437
nagaoka_fireworks_G_12,lockin,0,0,QR未検出,,lockin,binary,,,9.606183,902,8,1,0.580502,,0.580502,frame_00000.png,frame_00118.png,r180_e125_f0.mp4,180 Hz,1/125,蛍光灯なし,59.606 fps,180,125,0,17,nagaoka_fireworks,G,G,12,,,frame_00000.png,frame_00118.png,QR未検出,119,1.996437
nagaoka_fireworks_G_12,lockin,0,0,QR未検出,,lockin,binary,,,14.606183,30,8,1,0.650312,,0.650312,frame_00000.png,frame_00118.png,r180_e125_f0.mp4,180 Hz,1/125,蛍光灯なし,59.606 fps,180,125,0,17,nagaoka_fireworks,G,G,12,,,frame_00000.png,frame_00118.png,QR未検出,119,1.996437
nagaoka_fireworks_G_12,lockin,0,0,QR未検出,,lockin,binary,,,14.606183,50,8,1,0.650222,,0.650222,frame_00000.png,frame_00118.png,r180_e125_f0.mp4,180 Hz,1/125,蛍光灯なし,59.606 fps,180,125,0,17,nagaoka_fireworks,G,G,12,,,frame_00000.png,frame_00118.png,QR未検出,119,1.996437
nagaoka_fireworks_G_12,lockin,0,0,QR未検出,,lockin,binary,,,14.606183,70,8,1,0.650222,,0.650222,frame_00000.png,frame_00118.png,r180_e125_f0.mp4,180 Hz,1/125,蛍光灯なし,59.606 fps,180,125,0,17,nagaoka_fireworks,G,G,12,,,frame_00000.png,frame_00118.png,QR未検出,119,1.996437
nagaoka_fireworks_G_12,lockin,0,0,QR未検出,,lockin,binary,,,14.606183,901,8,1,0.685859,,0.685859,frame_00000.png,frame_00118.png,r180_e125_f0.mp4,180 Hz,1/125,蛍光灯なし,59.606 fps,180,125,0,17,nagaoka_fireworks,G,G,12,,,frame_00000.png,frame_00118.png,QR未検出,119,1.996437
nagaoka_fireworks_G_12,lockin,0,0,QR未検出,,lockin,binary,,,14.606183,902,8,1,0.579984,,0.579984,frame_00000.png,frame_00118.png,r180_e125_f0.mp4,180 Hz,1/125,蛍光灯なし,59.606 fps,180,125,0,17,nagaoka_fireworks,G,G,12,,,frame_00000.png,frame_00118.png,QR未検出,119,1.996437
nagaoka_fireworks_G_12,lockin,0,0,QR未検出,,lockin,binary,,,15.787634,30,8,1,0.649879,,0.649879,frame_00000.png,frame_00118.png,r180_e125_f0.mp4,180 Hz,1/125,蛍光灯なし,59.606 fps,180,125,0,17,nagaoka_fireworks,G,G,12,,,frame_00000.png,frame_00118.png,QR未検出,119,1.996437
nagaoka_fireworks_G_12,lockin,0,0,QR未検出,,lockin,binary,,,15.787634,50,8,1,0.650218,,0.650218,frame_00000.png,frame_00118.png,r180_e125_f0.mp4,180 Hz,1/125,蛍光灯なし,59.606 fps,180,125,0,17,nagaoka_fireworks,G,G,12,,,frame_00000.png,frame_00118.png,QR未検出,119,1.996437
nagaoka_fireworks_G_12,lockin,0,0,QR未検出,,lockin,binary,,,15.787634,70,8,1,0.650222,,0.650222,frame_00000.png,frame_00118.png,r180_e125_f0.mp4,180 Hz,1/125,蛍光灯なし,59.606 fps,180,125,0,17,nagaoka_fireworks,G,G,12,,,frame_00000.png,frame_00118.png,QR未検出,119,1.996437
nagaoka_fireworks_G_12,lockin,0,0,QR未検出,,lockin,binary,,,15.787634,901,8,1,0.702727,,0.702727,frame_00000.png,frame_00118.png,r180_e125_f0.mp4,180 Hz,1/125,蛍光灯なし,59.606 fps,180,125,0,17,nagaoka_fireworks,G,G,12,,,frame_00000.png,frame_00118.png,QR未検出,119,1.996437
nagaoka_fireworks_G_12,lockin,0,0,QR未検出,,lockin,binary,,,15.787634,902,8,1,0.570445,,0.570445,frame_00000.png,frame_00118.png,r180_e125_f0.mp4,180 Hz,1/125,蛍光灯なし,59.606 fps,180,125,0,17,nagaoka_fireworks,G,G,12,,,frame_00000.png,frame_00118.png,QR未検出,119,1.996437
nagaoka_fireworks_G_12,lockin,0,0,QR未検出,,lockin,binary,,,29.212366,30,8,1,0.743194,,0.743194,frame_00000.png,frame_00118.png,r180_e125_f0.mp4,180 Hz,1/125,蛍光灯なし,59.606 fps,180,125,0,17,nagaoka_fireworks,G,G,12,,,frame_00000.png,frame_00118.png,QR未検出,119,1.996437
nagaoka_fireworks_G_12,lockin,0,0,QR未検出,,lockin,binary,,,29.212366,50,8,1,0.679032,,0.679032,frame_00000.png,frame_00118.png,r180_e125_f0.mp4,180 Hz,1/125,蛍光灯なし,59.606 fps,180,125,0,17,nagaoka_fireworks,G,G,12,,,frame_00000.png,frame_00118.png,QR未検出,119,1.996437
nagaoka_fireworks_G_12,lockin,0,0,QR未検出,,lockin,binary,,,29.212366,70,8,1,0.650267,,0.650267,frame_00000.png,frame_00118.png,r180_e125_f0.mp4,180 Hz,1/125,蛍光灯なし,59.606 fps,180,125,0,17,nagaoka_fireworks,G,G,12,,,frame_00000.png,frame_00118.png,QR未検出,119,1.996437
nagaoka_fireworks_G_12,lockin,1,0,QR未検出,,lockin,binary,,,29.212366,901,8,1,0.790962,,0.790962,frame_00000.png,frame_00118.png,r180_e125_f0.mp4,180 Hz,1/125,蛍光灯なし,59.606 fps,180,125,0,17,nagaoka_fireworks,G,G,12,,,frame_00000.png,frame_00118.png,QR未検出,119,1.996437
nagaoka_fireworks_G_12,lockin,0,0,QR未検出,,lockin,binary,,,29.212366,902,8,1,0.534918,,0.534918,frame_00000.png,frame_00118.png,r180_e125_f0.mp4,180 Hz,1/125,蛍光灯なし,59.606 fps,180,125,0,17,nagaoka_fireworks,G,G,12,,,frame_00000.png,frame_00118.png,QR未検出,119,1.996437
nagaoka_fireworks_G_4,lockin,0,0,QR未検出,,lockin,binary,,,9.606183,30,8,1,0.650176,,0.650176,frame_00000.png,frame_00118.png,r180_e125_f0.mp4,180 Hz,1/125,蛍光灯なし,59.606 fps,180,125,0,15,nagaoka_fireworks,G,G,4,,,frame_00000.png,frame_00118.png,QR未検出,119,1.996437
nagaoka_fireworks_G_4,lockin,0,0,QR未検出,,lockin,binary,,,9.606183,50,8,1,0.650222,,0.650222,frame_00000.png,frame_00118.png,r180_e125_f0.mp4,180 Hz,1/125,蛍光灯なし,59.606 fps,180,125,0,15,nagaoka_fireworks,G,G,4,,,frame_00000.png,frame_00118.png,QR未検出,119,1.996437
nagaoka_fireworks_G_4,lockin,0,0,QR未検出,,lockin,binary,,,9.606183,70,8,1,0.650222,,0.650222,frame_00000.png,frame_00118.png,r180_e125_f0.mp4,180 Hz,1/125,蛍光灯なし,59.606 fps,180,125,0,15,nagaoka_fireworks,G,G,4,,,frame_00000.png,frame_00118.png,QR未検出,119,1.996437
nagaoka_fireworks_G_4,lockin,0,0,QR未検出,,lockin,binary,,,9.606183,901,8,1,0.596409,,0.596409,frame_00000.png,frame_00118.png,r180_e125_f0.mp4,180 Hz,1/125,蛍光灯なし,59.606 fps,180,125,0,15,nagaoka_fireworks,G,G,4,,,frame_00000.png,frame_00118.png,QR未検出,119,1.996437
nagaoka_fireworks_G_4,lockin,0,0,QR未検出,,lockin,binary,,,9.606183,902,8,1,0.581776,,0.581776,frame_00000.png,frame_00118.png,r180_e125_f0.mp4,180 Hz,1/125,蛍光灯なし,59.606 fps,180,125,0,15,nagaoka_fireworks,G,G,4,,,frame_00000.png,frame_00118.png,QR未検出,119,1.996437
nagaoka_fireworks_G_4,lockin,0,0,QR未検出,,lockin,binary,,,14.606183,30,8,1,0.650148,,0.650148,frame_00000.png,frame_00118.png,r180_e125_f0.mp4,180 Hz,1/125,蛍光灯なし,59.606 fps,180,125,0,15,nagaoka_fireworks,G,G,4,,,frame_00000.png,frame_00118.png,QR未検出,119,1.996437
nagaoka_fireworks_G_4,lockin,0,0,QR未検出,,lockin,binary,,,14.606183,50,8,1,0.650152,,0.650152,frame_00000.png,frame_00118.png,r180_e125_f0.mp4,180 Hz,1/125,蛍光灯なし,59.606 fps,180,125,0,15,nagaoka_fireworks,G,G,4,,,frame_00000.png,frame_00118.png,QR未検出,119,1.996437
nagaoka_fireworks_G_4,lockin,0,0,QR未検出,,lockin,binary,,,14.606183,70,8,1,0.650222,,0.650222,frame_00000.png,frame_00118.png,r180_e125_f0.mp4,180 Hz,1/125,蛍光灯なし,59.606 fps,180,125,0,15,nagaoka_fireworks,G,G,4,,,frame_00000.png,frame_00118.png,QR未検出,119,1.996437
nagaoka_fireworks_G_4,lockin,0,0,QR未検出,,lockin,binary,,,14.606183,901,8,1,0.603939,,0.603939,frame_00000.png,frame_00118.png,r180_e125_f0.mp4,180 Hz,1/125,蛍光灯なし,59.606 fps,180,125,0,15,nagaoka_fireworks,G,G,4,,,frame_00000.png,frame_00118.png,QR未検出,119,1.996437
nagaoka_fireworks_G_4,lockin,0,0,QR未検出,,lockin,binary,,,14.606183,902,8,1,0.573638,,0.573638,frame_00000.png,frame_00118.png,r180_e125_f0.mp4,180 Hz,1/125,蛍光灯なし,59.606 fps,180,125,0,15,nagaoka_fireworks,G,G,4,,,frame_00000.png,frame_00118.png,QR未検出,119,1.996437
nagaoka_fireworks_G_4,lockin,0,0,QR未検出,,lockin,binary,,,15.787634,30,8,1,0.650150,,0.650150,frame_00000.png,frame_00118.png,r180_e125_f0.mp4,180 Hz,1/125,蛍光灯なし,59.606 fps,180,125,0,15,nagaoka_fireworks,G,G,4,,,frame_00000.png,frame_00118.png,QR未検出,119,1.996437
nagaoka_fireworks_G_4,lockin,0,0,QR未検出,,lockin,binary,,,15.787634,50,8,1,0.650211,,0.650211,frame_00000.png,frame_00118.png,r180_e125_f0.mp4,180 Hz,1/125,蛍光灯なし,59.606 fps,180,125,0,15,nagaoka_fireworks,G,G,4,,,frame_00000.png,frame_00118.png,QR未検出,119,1.996437
nagaoka_fireworks_G_4,lockin,0,0,QR未検出,,lockin,binary,,,15.787634,70,8,1,0.650222,,0.650222,frame_00000.png,frame_00118.png,r180_e125_f0.mp4,180 Hz,1/125,蛍光灯なし,59.606 fps,180,125,0,15,nagaoka_fireworks,G,G,4,,,frame_00000.png,frame_00118.png,QR未検出,119,1.996437
nagaoka_fireworks_G_4,lockin,0,0,QR未検出,,lockin,binary,,,15.787634,901,8,1,0.602966,,0.602966,frame_00000.png,frame_00118.png,r180_e125_f0.mp4,180 Hz,1/125,蛍光灯なし,59.606 fps,180,125,0,15,nagaoka_fireworks,G,G,4,,,frame_00000.png,frame_00118.png,QR未検出,119,1.996437
nagaoka_fireworks_G_4,lockin,0,0,QR未検出,,lockin,binary,,,15.787634,902,8,1,0.581421,,0.581421,frame_00000.png,frame_00118.png,r180_e125_f0.mp4,180 Hz,1/125,蛍光灯なし,59.606 fps,180,125,0,15,nagaoka_fireworks,G,G,4,,,frame_00000.png,frame_00118.png,QR未検出,119,1.996437
nagaoka_fireworks_G_4,lockin,1,0,QR未検出,,lockin,binary,,,29.212366,30,8,1,0.650365,,0.650365,frame_00000.png,frame_00118.png,r180_e125_f0.mp4,180 Hz,1/125,蛍光灯なし,59.606 fps,180,125,0,15,nagaoka_fireworks,G,G,4,,,frame_00000.png,frame_00118.png,QR未検出,119,1.996437
nagaoka_fireworks_G_4,lockin,0,0,QR未検出,,lockin,binary,,,29.212366,50,8,1,0.650101,,0.650101,frame_00000.png,frame_00118.png,r180_e125_f0.mp4,180 Hz,1/125,蛍光灯なし,59.606 fps,180,125,0,15,nagaoka_fireworks,G,G,4,,,frame_00000.png,frame_00118.png,QR未検出,119,1.996437
nagaoka_fireworks_G_4,lockin,0,0,QR未検出,,lockin,binary,,,29.212366,70,8,1,0.650173,,0.650173,frame_00000.png,frame_00118.png,r180_e125_f0.mp4,180 Hz,1/125,蛍光灯なし,59.606 fps,180,125,0,15,nagaoka_fireworks,G,G,4,,,frame_00000.png,frame_00118.png,QR未検出,119,1.996437
nagaoka_fireworks_G_4,lockin,0,0,QR未検出,,lockin,binary,,,29.212366,901,8,1,0.611081,,0.611081,frame_00000.png,frame_00118.png,r180_e125_f0.mp4,180 Hz,1/125,蛍光灯なし,59.606 fps,180,125,0,15,nagaoka_fireworks,G,G,4,,,frame_00000.png,frame_00118.png,QR未検出,119,1.996437
nagaoka_fireworks_G_4,lockin,0,0,QR未検出,,lockin,binary,,,29.212366,902,8,1,0.571976,,0.571976,frame_00000.png,frame_00118.png,r180_e125_f0.mp4,180 Hz,1/125,蛍光灯なし,59.606 fps,180,125,0,15,nagaoka_fireworks,G,G,4,,,frame_00000.png,frame_00118.png,QR未検出,119,1.996437
nagaoka_fireworks_G_8,lockin,0,0,QR未検出,,lockin,binary,,,9.606183,30,8,1,0.649992,,0.649992,frame_00000.png,frame_00118.png,r180_e125_f0.mp4,180 Hz,1/125,蛍光灯なし,59.606 fps,180,125,0,16,nagaoka_fireworks,G,G,8,,,frame_00000.png,frame_00118.png,QR未検出,119,1.996437
nagaoka_fireworks_G_8,lockin,0,0,QR未検出,,lockin,binary,,,9.606183,50,8,1,0.650206,,0.650206,frame_00000.png,frame_00118.png,r180_e125_f0.mp4,180 Hz,1/125,蛍光灯なし,59.606 fps,180,125,0,16,nagaoka_fireworks,G,G,8,,,frame_00000.png,frame_00118.png,QR未検出,119,1.996437
nagaoka_fireworks_G_8,lockin,0,0,QR未検出,,lockin,binary,,,9.606183,70,8,1,0.650222,,0.650222,frame_00000.png,frame_00118.png,r180_e125_f0.mp4,180 Hz,1/125,蛍光灯なし,59.606 fps,180,125,0,16,nagaoka_fireworks,G,G,8,,,frame_00000.png,frame_00118.png,QR未検出,119,1.996437
nagaoka_fireworks_G_8,lockin,0,0,QR未検出,,lockin,binary,,,9.606183,901,8,1,0.633339,,0.633339,frame_00000.png,frame_00118.png,r180_e125_f0.mp4,180 Hz,1/125,蛍光灯なし,59.606 fps,180,125,0,16,nagaoka_fireworks,G,G,8,,,frame_00000.png,frame_00118.png,QR未検出,119,1.996437
nagaoka_fireworks_G_8,lockin,0,0,QR未検出,,lockin,binary,,,9.606183,902,8,1,0.563994,,0.563994,frame_00000.png,frame_00118.png,r180_e125_f0.mp4,180 Hz,1/125,蛍光灯なし,59.606 fps,180,125,0,16,nagaoka_fireworks,G,G,8,,,frame_00000.png,frame_00118.png,QR未検出,119,1.996437
nagaoka_fireworks_G_8,lockin,0,0,QR未検出,,lockin,binary,,,14.606183,30,8,1,0.649947,,0.649947,frame_00000.png,frame_00118.png,r180_e125_f0.mp4,180 Hz,1/125,蛍光灯なし,59.606 fps,180,125,0,16,nagaoka_fireworks,G,G,8,,,frame_00000.png,frame_00118.png,QR未検出,119,1.996437
nagaoka_fireworks_G_8,lockin,0,0,QR未検出,,lockin,binary,,,14.606183,50,8,1,0.650181,,0.650181,frame_00000.png,frame_00118.png,r180_e125_f0.mp4,180 Hz,1/125,蛍光灯なし,59.606 fps,180,125,0,16,nagaoka_fireworks,G,G,8,,,frame_00000.png,frame_00118.png,QR未検出,119,1.996437
nagaoka_fireworks_G_8,lockin,0,0,QR未検出,,lockin,binary,,,14.606183,70,8,1,0.650222,,0.650222,frame_00000.png,frame_00118.png,r180_e125_f0.mp4,180 Hz,1/125,蛍光灯なし,59.606 fps,180,125,0,16,nagaoka_fireworks,G,G,8,,,frame_00000.png,frame_00118.png,QR未検出,119,1.996437
nagaoka_fireworks_G_8,lockin,0,0,QR未検出,,lockin,binary,,,14.606183,901,8,1,0.630169,,0.630169,frame_00000.png,frame_00118.png,r180_e125_f0.mp4,180 Hz,1/125,蛍光灯なし,59.606 fps,180,125,0,16,nagaoka_fireworks,G,G,8,,,frame_00000.png,frame_00118.png,QR未検出,119,1.996437
nagaoka_fireworks_G_8,lockin,0,0,QR未検出,,lockin,binary,,,14.606183,902,8,1,0.569527,,0.569527,frame_00000.png,frame_00118.png,r180_e125_f0.mp4,180 Hz,1/125,蛍光灯なし,59.606 fps,180,125,0,16,nagaoka_fireworks,G,G,8,,,frame_00000.png,frame_00118.png,QR未検出,119,1.996437
nagaoka_fireworks_G_8,lockin,0,0,QR未検出,,lockin,binary,,,15.787634,30,8,1,0.650146,,0.650146,frame_00000.png,frame_00118.png,r180_e125_f0.mp4,180 Hz,1/125,蛍光灯なし,59.606 fps,180,125,0,16,nagaoka_fireworks,G,G,8,,,frame_00000.png,frame_00118.png,QR未検出,119,1.996437
nagaoka_fireworks_G_8,lockin,0,0,QR未検出,,lockin,binary,,,15.787634,50,8,1,0.650117,,0.650117,frame_00000.png,frame_00118.png,r180_e125_f0.mp4,180 Hz,1/125,蛍光灯なし,59.606 fps,180,125,0,16,nagaoka_fireworks,G,G,8,,,frame_00000.png,frame_00118.png,QR未検出,119,1.996437
nagaoka_fireworks_G_8,lockin,0,0,QR未検出,,lockin,binary,,,15.787634,70,8,1,0.650174,,0.650174,frame_00000.png,frame_00118.png,r180_e125_f0.mp4,180 Hz,1/125,蛍光灯なし,59.606 fps,180,125,0,16,nagaoka_fireworks,G,G,8,,,frame_00000.png,frame_00118.png,QR未検出,119,1.996437
nagaoka_fireworks_G_8,lockin,0,0,QR未検出,,lockin,binary,,,15.787634,901,8,1,0.641303,,0.641303,frame_00000.png,frame_00118.png,r180_e125_f0.mp4,180 Hz,1/125,蛍光灯なし,59.606 fps,180,125,0,16,nagaoka_fireworks,G,G,8,,,frame_00000.png,frame_00118.png,QR未検出,119,1.996437
nagaoka_fireworks_G_8,lockin,0,0,QR未検出,,lockin,binary,,,15.787634,902,8,1,0.565459,,0.565459,frame_00000.png,frame_00118.png,r180_e125_f0.mp4,180 Hz,1/125,蛍光灯なし,59.606 fps,180,125,0,16,nagaoka_fireworks,G,G,8,,,frame_00000.png,frame_00118.png,QR未検出,119,1.996437
nagaoka_fireworks_G_8,lockin,0,0,QR未検出,,lockin,binary,,,29.212366,30,8,1,0.650269,,0.650269,frame_00000.png,frame_00118.png,r180_e125_f0.mp4,180 Hz,1/125,蛍光灯なし,59.606 fps,180,125,0,16,nagaoka_fireworks,G,G,8,,,frame_00000.png,frame_00118.png,QR未検出,119,1.996437
nagaoka_fireworks_G_8,lockin,0,0,QR未検出,,lockin,binary,,,29.212366,50,8,1,0.650187,,0.650187,frame_00000.png,frame_00118.png,r180_e125_f0.mp4,180 Hz,1/125,蛍光灯なし,59.606 fps,180,125,0,16,nagaoka_fireworks,G,G,8,,,frame_00000.png,frame_00118.png,QR未検出,119,1.996437
nagaoka_fireworks_G_8,lockin,0,0,QR未検出,,lockin,binary,,,29.212366,70,8,1,0.650222,,0.650222,frame_00000.png,frame_00118.png,r180_e125_f0.mp4,180 Hz,1/125,蛍光灯なし,59.606 fps,180,125,0,16,nagaoka_fireworks,G,G,8,,,frame_00000.png,frame_00118.png,QR未検出,119,1.996437
nagaoka_fireworks_G_8,lockin,1,0,QR未検出,,lockin,binary,,,29.212366,901,8,1,0.658720,,0.658720,frame_00000.png,frame_00118.png,r180_e125_f0.mp4,180 Hz,1/125,蛍光灯なし,59.606 fps,180,125,0,16,nagaoka_fireworks,G,G,8,,,frame_00000.png,frame_00118.png,QR未検出,119,1.996437
nagaoka_fireworks_G_8,lockin,0,0,QR未検出,,lockin,binary,,,29.212366,902,8,1,0.579054,,0.579054,frame_00000.png,frame_00118.png,r180_e125_f0.mp4,180 Hz,1/125,蛍光灯なし,59.606 fps,180,125,0,16,nagaoka_fireworks,G,G,8,,,frame_00000.png,frame_00118.png,QR未検出,119,1.996437
nagaoka_fireworks_I_12,lockin,0,0,QR未検出,,lockin,binary,,,9.606183,30,8,1,0.650038,,0.650038,frame_00000.png,frame_00118.png,r180_e125_f0.mp4,180 Hz,1/125,蛍光灯なし,59.606 fps,180,125,0,41,nagaoka_fireworks,min,I,12,,,frame_00000.png,frame_00118.png,QR未検出,119,1.996437
nagaoka_fireworks_I_12,lockin,0,0,QR未検出,,lockin,binary,,,9.606183,50,8,1,0.650185,,0.650185,frame_00000.png,frame_00118.png,r180_e125_f0.mp4,180 Hz,1/125,蛍光灯なし,59.606 fps,180,125,0,41,nagaoka_fireworks,min,I,12,,,frame_00000.png,frame_00118.png,QR未検出,119,1.996437
nagaoka_fireworks_I_12,lockin,0,0,QR未検出,,lockin,binary,,,9.606183,70,8,1,0.650222,,0.650222,frame_00000.png,frame_00118.png,r180_e125_f0.mp4,180 Hz,1/125,蛍光灯なし,59.606 fps,180,125,0,41,nagaoka_fireworks,min,I,12,,,frame_00000.png,frame_00118.png,QR未検出,119,1.996437
nagaoka_fireworks_I_12,lockin,0,0,QR未検出,,lockin,binary,,,9.606183,901,8,1,0.701293,,0.701293,frame_00000.png,frame_00118.png,r180_e125_f0.mp4,180 Hz,1/125,蛍光灯なし,59.606 fps,180,125,0,41,nagaoka_fireworks,min,I,12,,,frame_00000.png,frame_00118.png,QR未検出,119,1.996437
nagaoka_fireworks_I_12,lockin,0,0,QR未検出,,lockin,binary,,,9.606183,902,8,1,0.561247,,0.561247,frame_00000.png,frame_00118.png,r180_e125_f0.mp4,180 Hz,1/125,蛍光灯なし,59.606 fps,180,125,0,41,nagaoka_fireworks,min,I,12,,,frame_00000.png,frame_00118.png,QR未検出,119,1.996437
nagaoka_fireworks_I_12,lockin,0,0,QR未検出,,lockin,binary,,,14.606183,30,8,1,0.650015,,0.650015,frame_00000.png,frame_00118.png,r180_e125_f0.mp4,180 Hz,1/125,蛍光灯なし,59.606 fps,180,125,0,41,nagaoka_fireworks,min,I,12,,,frame_00000.png,frame_00118.png,QR未検出,119,1.996437
nagaoka_fireworks_I_12,lockin,0,0,QR未検出,,lockin,binary,,,14.606183,50,8,1,0.650222,,0.650222,frame_00000.png,frame_00118.png,r180_e125_f0.mp4,180 Hz,1/125,蛍光灯なし,59.606 fps,180,125,0,41,nagaoka_fireworks,min,I,12,,,frame_00000.png,frame_00118.png,QR未検出,119,1.996437
nagaoka_fireworks_I_12,lockin,0,0,QR未検出,,lockin,binary,,,14.606183,70,8,1,0.650222,,0.650222,frame_00000.png,frame_00118.png,r180_e125_f0.mp4,180 Hz,1/125,蛍光灯なし,59.606 fps,180,125,0,41,nagaoka_fireworks,min,I,12,,,frame_00000.png,frame_00118.png,QR未検出,119,1.996437
nagaoka_fireworks_I_12,lockin,0,0,QR未検出,,lockin,binary,,,14.606183,901,8,1,0.705516,,0.705516,frame_00000.png,frame_00118.png,r180_e125_f0.mp4,180 Hz,1/125,蛍光灯なし,59.606 fps,180,125,0,41,nagaoka_fireworks,min,I,12,,,frame_00000.png,frame_00118.png,QR未検出,119,1.996437
nagaoka_fireworks_I_12,lockin,0,0,QR未検出,,lockin,binary,,,14.606183,902,8,1,0.562580,,0.562580,frame_00000.png,frame_00118.png,r180_e125_f0.mp4,180 Hz,1/125,蛍光灯なし,59.606 fps,180,125,0,41,nagaoka_fireworks,min,I,12,,,frame_00000.png,frame_00118.png,QR未検出,119,1.996437
nagaoka_fireworks_I_12,lockin,0,0,QR未検出,,lockin,binary,,,15.787634,30,8,1,0.650085,,0.650085,frame_00000.png,frame_00118.png,r180_e125_f0.mp4,180 Hz,1/125,蛍光灯なし,59.606 fps,180,125,0,41,nagaoka_fireworks,min,I,12,,,frame_00000.png,frame_00118.png,QR未検出,119,1.996437
nagaoka_fireworks_I_12,lockin,0,0,QR未検出,,lockin,binary,,,15.787634,50,8,1,0.650222,,0.650222,frame_00000.png,frame_00118.png,r180_e125_f0.mp4,180 Hz,1/125,蛍光灯なし,59.606 fps,180,125,0,41,nagaoka_fireworks,min,I,12,,,frame_00000.png,frame_00118.png,QR未検出,119,1.996437
nagaoka_fireworks_I_12,lockin,0,0,QR未検出,,lockin,binary,,,15.787634,70,8,1,0.650222,,0.650222,frame_00000.png,frame_00118.png,r180_e125_f0.mp4,180 Hz,1/125,蛍光灯なし,59.606 fps,180,125,0,41,nagaoka_fireworks,min,I,12,,,frame_00000.png,frame_00118.png,QR未検出,119,1.996437
nagaoka_fireworks_I_12,lockin,0,0,QR未検出,,lockin,binary,,,15.787634,901,8,1,0.706141,,0.706141,frame_00000.png,frame_00118.png,r180_e125_f0.mp4,180 Hz,1/125,蛍光灯なし,59.606 fps,180,125,0,41,nagaoka_fireworks,min,I,12,,,frame_00000.png,frame_00118.png,QR未検出,119,1.996437
nagaoka_fireworks_I_12,lockin,0,0,QR未検出,,lockin,binary,,,15.787634,902,8,1,0.543712,,0.543712,frame_00000.png,frame_00118.png,r180_e125_f0.mp4,180 Hz,1/125,蛍光灯なし,59.606 fps,180,125,0,41,nagaoka_fireworks,min,I,12,,,frame_00000.png,frame_00118.png,QR未検出,119,1.996437
nagaoka_fireworks_I_12,lockin,0,0,QR未検出,,lockin,binary,,,29.212366,30,8,1,0.685344,,0.685344,frame_00000.png,frame_00118.png,r180_e125_f0.mp4,180 Hz,1/125,蛍光灯なし,59.606 fps,180,125,0,41,nagaoka_fireworks,min,I,12,,,frame_00000.png,frame_00118.png,QR未検出,119,1.996437
nagaoka_fireworks_I_12,lockin,0,0,QR未検出,,lockin,binary,,,29.212366,50,8,1,0.654202,,0.654202,frame_00000.png,frame_00118.png,r180_e125_f0.mp4,180 Hz,1/125,蛍光灯なし,59.606 fps,180,125,0,41,nagaoka_fireworks,min,I,12,,,frame_00000.png,frame_00118.png,QR未検出,119,1.996437
nagaoka_fireworks_I_12,lockin,0,0,QR未検出,,lockin,binary,,,29.212366,70,8,1,0.650241,,0.650241,frame_00000.png,frame_00118.png,r180_e125_f0.mp4,180 Hz,1/125,蛍光灯なし,59.606 fps,180,125,0,41,nagaoka_fireworks,min,I,12,,,frame_00000.png,frame_00118.png,QR未検出,119,1.996437
nagaoka_fireworks_I_12,lockin,1,0,QR未検出,,lockin,binary,,,29.212366,901,8,1,0.760967,,0.760967,frame_00000.png,frame_00118.png,r180_e125_f0.mp4,180 Hz,1/125,蛍光灯なし,59.606 fps,180,125,0,41,nagaoka_fireworks,min,I,12,,,frame_00000.png,frame_00118.png,QR未検出,119,1.996437
nagaoka_fireworks_I_12,lockin,0,0,QR未検出,,lockin,binary,,,29.212366,902,8,1,0.511331,,0.511331,frame_00000.png,frame_00118.png,r180_e125_f0.mp4,180 Hz,1/125,蛍光灯なし,59.606 fps,180,125,0,41,nagaoka_fireworks,min,I,12,,,frame_00000.png,frame_00118.png,QR未検出,119,1.996437
nagaoka_fireworks_I_4,lockin,0,0,QR未検出,,lockin,binary,,,9.606183,30,8,1,0.650194,,0.650194,frame_00000.png,frame_00118.png,r180_e125_f0.mp4,180 Hz,1/125,蛍光灯なし,59.606 fps,180,125,0,39,nagaoka_fireworks,min,I,4,,,frame_00000.png,frame_00118.png,QR未検出,119,1.996437
nagaoka_fireworks_I_4,lockin,0,0,QR未検出,,lockin,binary,,,9.606183,50,8,1,0.650244,,0.650244,frame_00000.png,frame_00118.png,r180_e125_f0.mp4,180 Hz,1/125,蛍光灯なし,59.606 fps,180,125,0,39,nagaoka_fireworks,min,I,4,,,frame_00000.png,frame_00118.png,QR未検出,119,1.996437
nagaoka_fireworks_I_4,lockin,0,0,QR未検出,,lockin,binary,,,9.606183,70,8,1,0.650222,,0.650222,frame_00000.png,frame_00118.png,r180_e125_f0.mp4,180 Hz,1/125,蛍光灯なし,59.606 fps,180,125,0,39,nagaoka_fireworks,min,I,4,,,frame_00000.png,frame_00118.png,QR未検出,119,1.996437
nagaoka_fireworks_I_4,lockin,0,0,QR未検出,,lockin,binary,,,9.606183,901,8,1,0.596906,,0.596906,frame_00000.png,frame_00118.png,r180_e125_f0.mp4,180 Hz,1/125,蛍光灯なし,59.606 fps,180,125,0,39,nagaoka_fireworks,min,I,4,,,frame_00000.png,frame_00118.png,QR未検出,119,1.996437
nagaoka_fireworks_I_4,lockin,0,0,QR未検出,,lockin,binary,,,9.606183,902,8,1,0.574487,,0.574487,frame_00000.png,frame_00118.png,r180_e125_f0.mp4,180 Hz,1/125,蛍光灯なし,59.606 fps,180,125,0,39,nagaoka_fireworks,min,I,4,,,frame_00000.png,frame_00118.png,QR未検出,119,1.996437
nagaoka_fireworks_I_4,lockin,0,0,QR未検出,,lockin,binary,,,14.606183,30,8,1,0.650132,,0.650132,frame_00000.png,frame_00118.png,r180_e125_f0.mp4,180 Hz,1/125,蛍光灯なし,59.606 fps,180,125,0,39,nagaoka_fireworks,min,I,4,,,frame_00000.png,frame_00118.png,QR未検出,119,1.996437
nagaoka_fireworks_I_4,lockin,0,0,QR未検出,,lockin,binary,,,14.606183,50,8,1,0.650222,,0.650222,frame_00000.png,frame_00118.png,r180_e125_f0.mp4,180 Hz,1/125,蛍光灯なし,59.606 fps,180,125,0,39,nagaoka_fireworks,min,I,4,,,frame_00000.png,frame_00118.png,QR未検出,119,1.996437
nagaoka_fireworks_I_4,lockin,0,0,QR未検出,,lockin,binary,,,14.606183,70,8,1,0.650222,,0.650222,frame_00000.png,frame_00118.png,r180_e125_f0.mp4,180 Hz,1/125,蛍光灯なし,59.606 fps,180,125,0,39,nagaoka_fireworks,min,I,4,,,frame_00000.png,frame_00118.png,QR未検出,119,1.996437
nagaoka_fireworks_I_4,lockin,0,0,QR未検出,,lockin,binary,,,14.606183,901,8,1,0.606212,,0.606212,frame_00000.png,frame_00118.png,r180_e125_f0.mp4,180 Hz,1/125,蛍光灯なし,59.606 fps,180,125,0,39,nagaoka_fireworks,min,I,4,,,frame_00000.png,frame_00118.png,QR未検出,119,1.996437
nagaoka_fireworks_I_4,lockin,0,0,QR未検出,,lockin,binary,,,14.606183,902,8,1,0.591321,,0.591321,frame_00000.png,frame_00118.png,r180_e125_f0.mp4,180 Hz,1/125,蛍光灯なし,59.606 fps,180,125,0,39,nagaoka_fireworks,min,I,4,,,frame_00000.png,frame_00118.png,QR未検出,119,1.996437
nagaoka_fireworks_I_4,lockin,1,0,QR未検出,,lockin,binary,,,15.787634,30,8,1,0.650330,,0.650330,frame_00000.png,frame_00118.png,r180_e125_f0.mp4,180 Hz,1/125,蛍光灯なし,59.606 fps,180,125,0,39,nagaoka_fireworks,min,I,4,,,frame_00000.png,frame_00118.png,QR未検出,119,1.996437
nagaoka_fireworks_I_4,lockin,0,0,QR未検出,,lockin,binary,,,15.787634,50,8,1,0.650225,,0.650225,frame_00000.png,frame_00118.png,r180_e125_f0.mp4,180 Hz,1/125,蛍光灯なし,59.606 fps,180,125,0,39,nagaoka_fireworks,min,I,4,,,frame_00000.png,frame_00118.png,QR未検出,119,1.996437
nagaoka_fireworks_I_4,lockin,0,0,QR未検出,,lockin,binary,,,15.787634,70,8,1,0.650222,,0.650222,frame_00000.png,frame_00118.png,r180_e125_f0.mp4,180 Hz,1/125,蛍光灯なし,59.606 fps,180,125,0,39,nagaoka_fireworks,min,I,4,,,frame_00000.png,frame_00118.png,QR未検出,119,1.996437
nagaoka_fireworks_I_4,lockin,0,0,QR未検出,,lockin,binary,,,15.787634,901,8,1,0.604433,,0.604433,frame_00000.png,frame_00118.png,r180_e125_f0.mp4,180 Hz,1/125,蛍光灯なし,59.606 fps,180,125,0,39,nagaoka_fireworks,min,I,4,,,frame_00000.png,frame_00118.png,QR未検出,119,1.996437
nagaoka_fireworks_I_4,lockin,0,0,QR未検出,,lockin,binary,,,15.787634,902,8,1,0.601379,,0.601379,frame_00000.png,frame_00118.png,r180_e125_f0.mp4,180 Hz,1/125,蛍光灯なし,59.606 fps,180,125,0,39,nagaoka_fireworks,min,I,4,,,frame_00000.png,frame_00118.png,QR未検出,119,1.996437
nagaoka_fireworks_I_4,lockin,0,0,QR未検出,,lockin,binary,,,29.212366,30,8,1,0.650314,,0.650314,frame_00000.png,frame_00118.png,r180_e125_f0.mp4,180 Hz,1/125,蛍光灯なし,59.606 fps,180,125,0,39,nagaoka_fireworks,min,I,4,,,frame_00000.png,frame_00118.png,QR未検出,119,1.996437
nagaoka_fireworks_I_4,lockin,0,0,QR未検出,,lockin,binary,,,29.212366,50,8,1,0.650222,,0.650222,frame_00000.png,frame_00118.png,r180_e125_f0.mp4,180 Hz,1/125,蛍光灯なし,59.606 fps,180,125,0,39,nagaoka_fireworks,min,I,4,,,frame_00000.png,frame_00118.png,QR未検出,119,1.996437
nagaoka_fireworks_I_4,lockin,0,0,QR未検出,,lockin,binary,,,29.212366,70,8,1,0.650222,,0.650222,frame_00000.png,frame_00118.png,r180_e125_f0.mp4,180 Hz,1/125,蛍光灯なし,59.606 fps,180,125,0,39,nagaoka_fireworks,min,I,4,,,frame_00000.png,frame_00118.png,QR未検出,119,1.996437
nagaoka_fireworks_I_4,lockin,0,0,QR未検出,,lockin,binary,,,29.212366,901,8,1,0.624190,,0.624190,frame_00000.png,frame_00118.png,r180_e125_f0.mp4,180 Hz,1/125,蛍光灯なし,59.606 fps,180,125,0,39,nagaoka_fireworks,min,I,4,,,frame_00000.png,frame_00118.png,QR未検出,119,1.996437
nagaoka_fireworks_I_4,lockin,0,0,QR未検出,,lockin,binary,,,29.212366,902,8,1,0.588661,,0.588661,frame_00000.png,frame_00118.png,r180_e125_f0.mp4,180 Hz,1/125,蛍光灯なし,59.606 fps,180,125,0,39,nagaoka_fireworks,min,I,4,,,frame_00000.png,frame_00118.png,QR未検出,119,1.996437
nagaoka_fireworks_I_8,lockin,0,0,QR未検出,,lockin,binary,,,9.606183,30,8,1,0.650097,,0.650097,frame_00000.png,frame_00118.png,r180_e125_f0.mp4,180 Hz,1/125,蛍光灯なし,59.606 fps,180,125,0,40,nagaoka_fireworks,min,I,8,,,frame_00000.png,frame_00118.png,QR未検出,119,1.996437
nagaoka_fireworks_I_8,lockin,0,0,QR未検出,,lockin,binary,,,9.606183,50,8,1,0.650222,,0.650222,frame_00000.png,frame_00118.png,r180_e125_f0.mp4,180 Hz,1/125,蛍光灯なし,59.606 fps,180,125,0,40,nagaoka_fireworks,min,I,8,,,frame_00000.png,frame_00118.png,QR未検出,119,1.996437
nagaoka_fireworks_I_8,lockin,0,0,QR未検出,,lockin,binary,,,9.606183,70,8,1,0.650222,,0.650222,frame_00000.png,frame_00118.png,r180_e125_f0.mp4,180 Hz,1/125,蛍光灯なし,59.606 fps,180,125,0,40,nagaoka_fireworks,min,I,8,,,frame_00000.png,frame_00118.png,QR未検出,119,1.996437
nagaoka_fireworks_I_8,lockin,0,0,QR未検出,,lockin,binary,,,9.606183,901,8,1,0.635830,,0.635830,frame_00000.png,frame_00118.png,r180_e125_f0.mp4,180 Hz,1/125,蛍光灯なし,59.606 fps,180,125,0,40,nagaoka_fireworks,min,I,8,,,frame_00000.png,frame_00118.png,QR未検出,119,1.996437
nagaoka_fireworks_I_8,lockin,0,0,QR未検出,,lockin,binary,,,9.606183,902,8,1,0.565352,,0.565352,frame_00000.png,frame_00118.png,r180_e125_f0.mp4,180 Hz,1/125,蛍光灯なし,59.606 fps,180,125,0,40,nagaoka_fireworks,min,I,8,,,frame_00000.png,frame_00118.png,QR未検出,119,1.996437
nagaoka_fireworks_I_8,lockin,0,0,QR未検出,,lockin,binary,,,14.606183,30,8,1,0.649852,,0.649852,frame_00000.png,frame_00118.png,r180_e125_f0.mp4,180 Hz,1/125,蛍光灯なし,59.606 fps,180,125,0,40,nagaoka_fireworks,min,I,8,,,frame_00000.png,frame_00118.png,QR未検出,119,1.996437
nagaoka_fireworks_I_8,lockin,0,0,QR未検出,,lockin,binary,,,14.606183,50,8,1,0.650222,,0.650222,frame_00000.png,frame_00118.png,r180_e125_f0.mp4,180 Hz,1/125,蛍光灯なし,59.606 fps,180,125,0,40,nagaoka_fireworks,min,I,8,,,frame_00000.png,frame_00118.png,QR未検出,119,1.996437
nagaoka_fireworks_I_8,lockin,0,0,QR未検出,,lockin,binary,,,14.606183,70,8,1,0.650222,,0.650222,frame_00000.png,frame_00118.png,r180_e125_f0.mp4,180 Hz,1/125,蛍光灯なし,59.606 fps,180,125,0,40,nagaoka_fireworks,min,I,8,,,frame_00000.png,frame_00118.png,QR未検出,119,1.996437
nagaoka_fireworks_I_8,lockin,0,0,QR未検出,,lockin,binary,,,14.606183,901,8,1,0.646064,,0.646064,frame_00000.png,frame_00118.png,r180_e125_f0.mp4,180 Hz,1/125,蛍光灯なし,59.606 fps,180,125,0,40,nagaoka_fireworks,min,I,8,,,frame_00000.png,frame_00118.png,QR未検出,119,1.996437
nagaoka_fireworks_I_8,lockin,0,0,QR未検出,,lockin,binary,,,14.606183,902,8,1,0.559468,,0.559468,frame_00000.png,frame_00118.png,r180_e125_f0.mp4,180 Hz,1/125,蛍光灯なし,59.606 fps,180,125,0,40,nagaoka_fireworks,min,I,8,,,frame_00000.png,frame_00118.png,QR未検出,119,1.996437
nagaoka_fireworks_I_8,lockin,0,0,QR未検出,,lockin,binary,,,15.787634,30,8,1,0.650220,,0.650220,frame_00000.png,frame_00118.png,r180_e125_f0.mp4,180 Hz,1/125,蛍光灯なし,59.606 fps,180,125,0,40,nagaoka_fireworks,min,I,8,,,frame_00000.png,frame_00118.png,QR未検出,119,1.996437
nagaoka_fireworks_I_8,lockin,0,0,QR未検出,,lockin,binary,,,15.787634,50,8,1,0.650241,,0.650241,frame_00000.png,frame_00118.png,r180_e125_f0.mp4,180 Hz,1/125,蛍光灯なし,59.606 fps,180,125,0,40,nagaoka_fireworks,min,I,8,,,frame_00000.png,frame_00118.png,QR未検出,119,1.996437
nagaoka_fireworks_I_8,lockin,0,0,QR未検出,,lockin,binary,,,15.787634,70,8,1,0.650222,,0.650222,frame_00000.png,frame_00118.png,r180_e125_f0.mp4,180 Hz,1/125,蛍光灯なし,59.606 fps,180,125,0,40,nagaoka_fireworks,min,I,8,,,frame_00000.png,frame_00118.png,QR未検出,119,1.996437
nagaoka_fireworks_I_8,lockin,0,0,QR未検出,,lockin,binary,,,15.787634,901,8,1,0.638152,,0.638152,frame_00000.png,frame_00118.png,r180_e125_f0.mp4,180 Hz,1/125,蛍光灯なし,59.606 fps,180,125,0,40,nagaoka_fireworks,min,I,8,,,frame_00000.png,frame_00118.png,QR未検出,119,1.996437
nagaoka_fireworks_I_8,lockin,0,0,QR未検出,,lockin,binary,,,15.787634,902,8,1,0.557261,,0.557261,frame_00000.png,frame_00118.png,r180_e125_f0.mp4,180 Hz,1/125,蛍光灯なし,59.606 fps,180,125,0,40,nagaoka_fireworks,min,I,8,,,frame_00000.png,frame_00118.png,QR未検出,119,1.996437
nagaoka_fireworks_I_8,lockin,0,0,QR未検出,,lockin,binary,,,29.212366,30,8,1,0.650022,,0.650022,frame_00000.png,frame_00118.png,r180_e125_f0.mp4,180 Hz,1/125,蛍光灯なし,59.606 fps,180,125,0,40,nagaoka_fireworks,min,I,8,,,frame_00000.png,frame_00118.png,QR未検出,119,1.996437
nagaoka_fireworks_I_8,lockin,0,0,QR未検出,,lockin,binary,,,29.212366,50,8,1,0.650222,,0.650222,frame_00000.png,frame_00118.png,r180_e125_f0.mp4,180 Hz,1/125,蛍光灯なし,59.606 fps,180,125,0,40,nagaoka_fireworks,min,I,8,,,frame_00000.png,frame_00118.png,QR未検出,119,1.996437
nagaoka_fireworks_I_8,lockin,0,0,QR未検出,,lockin,binary,,,29.212366,70,8,1,0.650222,,0.650222,frame_00000.png,frame_00118.png,r180_e125_f0.mp4,180 Hz,1/125,蛍光灯なし,59.606 fps,180,125,0,40,nagaoka_fireworks,min,I,8,,,frame_00000.png,frame_00118.png,QR未検出,119,1.996437
nagaoka_fireworks_I_8,lockin,1,0,QR未検出,,lockin,binary,,,29.212366,901,8,1,0.657581,,0.657581,frame_00000.png,frame_00118.png,r180_e125_f0.mp4,180 Hz,1/125,蛍光灯なし,59.606 fps,180,125,0,40,nagaoka_fireworks,min,I,8,,,frame_00000.png,frame_00118.png,QR未検出,119,1.996437
nagaoka_fireworks_I_8,lockin,0,0,QR未検出,,lockin,binary,,,29.212366,902,8,1,0.576763,,0.576763,frame_00000.png,frame_00118.png,r180_e125_f0.mp4,180 Hz,1/125,蛍光灯なし,59.606 fps,180,125,0,40,nagaoka_fireworks,min,I,8,,,frame_00000.png,frame_00118.png,QR未検出,119,1.996437
nagaoka_fireworks_R_12,lockin,0,0,QR未検出,,lockin,binary,,,9.606183,30,8,1,0.650166,,0.650166,frame_00000.png,frame_00118.png,r180_e125_f0.mp4,180 Hz,1/125,蛍光灯なし,59.606 fps,180,125,0,5,nagaoka_fireworks,R,R,12,,,frame_00000.png,frame_00118.png,QR未検出,119,1.996437
nagaoka_fireworks_R_12,lockin,0,0,QR未検出,,lockin,binary,,,9.606183,50,8,1,0.650174,,0.650174,frame_00000.png,frame_00118.png,r180_e125_f0.mp4,180 Hz,1/125,蛍光灯なし,59.606 fps,180,125,0,5,nagaoka_fireworks,R,R,12,,,frame_00000.png,frame_00118.png,QR未検出,119,1.996437
nagaoka_fireworks_R_12,lockin,0,0,QR未検出,,lockin,binary,,,9.606183,70,8,1,0.650222,,0.650222,frame_00000.png,frame_00118.png,r180_e125_f0.mp4,180 Hz,1/125,蛍光灯なし,59.606 fps,180,125,0,5,nagaoka_fireworks,R,R,12,,,frame_00000.png,frame_00118.png,QR未検出,119,1.996437
nagaoka_fireworks_R_12,lockin,0,0,QR未検出,,lockin,binary,,,9.606183,901,8,1,0.578217,,0.578217,frame_00000.png,frame_00118.png,r180_e125_f0.mp4,180 Hz,1/125,蛍光灯なし,59.606 fps,180,125,0,5,nagaoka_fireworks,R,R,12,,,frame_00000.png,frame_00118.png,QR未検出,119,1.996437
nagaoka_fireworks_R_12,lockin,0,0,QR未検出,,lockin,binary,,,9.606183,902,8,1,0.594976,,0.594976,frame_00000.png,frame_00118.png,r180_e125_f0.mp4,180 Hz,1/125,蛍光灯なし,59.606 fps,180,125,0,5,nagaoka_fireworks,R,R,12,,,frame_00000.png,frame_00118.png,QR未検出,119,1.996437
nagaoka_fireworks_R_12,lockin,0,0,QR未検出,,lockin,binary,,,14.606183,30,8,1,0.650206,,0.650206,frame_00000.png,frame_00118.png,r180_e125_f0.mp4,180 Hz,1/125,蛍光灯なし,59.606 fps,180,125,0,5,nagaoka_fireworks,R,R,12,,,frame_00000.png,frame_00118.png,QR未検出,119,1.996437
nagaoka_fireworks_R_12,lockin,0,0,QR未検出,,lockin,binary,,,14.606183,50,8,1,0.650222,,0.650222,frame_00000.png,frame_00118.png,r180_e125_f0.mp4,180 Hz,1/125,蛍光灯なし,59.606 fps,180,125,0,5,nagaoka_fireworks,R,R,12,,,frame_00000.png,frame_00118.png,QR未検出,119,1.996437
nagaoka_fireworks_R_12,lockin,0,0,QR未検出,,lockin,binary,,,14.606183,70,8,1,0.650222,,0.650222,frame_00000.png,frame_00118.png,r180_e125_f0.mp4,180 Hz,1/125,蛍光灯なし,59.606 fps,180,125,0,5,nagaoka_fireworks,R,R,12,,,frame_00000.png,frame_00118.png,QR未検出,119,1.996437
nagaoka_fireworks_R_12,lockin,0,0,QR未検出,,lockin,binary,,,14.606183,901,8,1,0.603395,,0.603395,frame_00000.png,frame_00118.png,r180_e125_f0.mp4,180 Hz,1/125,蛍光灯なし,59.606 fps,180,125,0,5,nagaoka_fireworks,R,R,12,,,frame_00000.png,frame_00118.png,QR未検出,119,1.996437
nagaoka_fireworks_R_12,lockin,0,0,QR未検出,,lockin,binary,,,14.606183,902,8,1,0.589050,,0.589050,frame_00000.png,frame_00118.png,r180_e125_f0.mp4,180 Hz,1/125,蛍光灯なし,59.606 fps,180,125,0,5,nagaoka_fireworks,R,R,12,,,frame_00000.png,frame_00118.png,QR未検出,119,1.996437
nagaoka_fireworks_R_12,lockin,0,0,QR未検出,,lockin,binary,,,15.787634,30,8,1,0.649966,,0.649966,frame_00000.png,frame_00118.png,r180_e125_f0.mp4,180 Hz,1/125,蛍光灯なし,59.606 fps,180,125,0,5,nagaoka_fireworks,R,R,12,,,frame_00000.png,frame_00118.png,QR未検出,119,1.996437
nagaoka_fireworks_R_12,lockin,0,0,QR未検出,,lockin,binary,,,15.787634,50,8,1,0.650150,,0.650150,frame_00000.png,frame_00118.png,r180_e125_f0.mp4,180 Hz,1/125,蛍光灯なし,59.606 fps,180,125,0,5,nagaoka_fireworks,R,R,12,,,frame_00000.png,frame_00118.png,QR未検出,119,1.996437
nagaoka_fireworks_R_12,lockin,0,0,QR未検出,,lockin,binary,,,15.787634,70,8,1,0.650222,,0.650222,frame_00000.png,frame_00118.png,r180_e125_f0.mp4,180 Hz,1/125,蛍光灯なし,59.606 fps,180,125,0,5,nagaoka_fireworks,R,R,12,,,frame_00000.png,frame_00118.png,QR未検出,119,1.996437
nagaoka_fireworks_R_12,lockin,0,0,QR未検出,,lockin,binary,,,15.787634,901,8,1,0.632468,,0.632468,frame_00000.png,frame_00118.png,r180_e125_f0.mp4,180 Hz,1/125,蛍光灯なし,59.606 fps,180,125,0,5,nagaoka_fireworks,R,R,12,,,frame_00000.png,frame_00118.png,QR未検出,119,1.996437
nagaoka_fireworks_R_12,lockin,0,0,QR未検出,,lockin,binary,,,15.787634,902,8,1,0.554350,,0.554350,frame_00000.png,frame_00118.png,r180_e125_f0.mp4,180 Hz,1/125,蛍光灯なし,59.606 fps,180,125,0,5,nagaoka_fireworks,R,R,12,,,frame_00000.png,frame_00118.png,QR未検出,119,1.996437
nagaoka_fireworks_R_12,lockin,0,0,QR未検出,,lockin,binary,,,29.212366,30,8,1,0.714574,,0.714574,frame_00000.png,frame_00118.png,r180_e125_f0.mp4,180 Hz,1/125,蛍光灯なし,59.606 fps,180,125,0,5,nagaoka_fireworks,R,R,12,,,frame_00000.png,frame_00118.png,QR未検出,119,1.996437
nagaoka_fireworks_R_12,lockin,0,0,QR未検出,,lockin,binary,,,29.212366,50,8,1,0.657416,,0.657416,frame_00000.png,frame_00118.png,r180_e125_f0.mp4,180 Hz,1/125,蛍光灯なし,59.606 fps,180,125,0,5,nagaoka_fireworks,R,R,12,,,frame_00000.png,frame_00118.png,QR未検出,119,1.996437
nagaoka_fireworks_R_12,lockin,0,0,QR未検出,,lockin,binary,,,29.212366,70,8,1,0.650264,,0.650264,frame_00000.png,frame_00118.png,r180_e125_f0.mp4,180 Hz,1/125,蛍光灯なし,59.606 fps,180,125,0,5,nagaoka_fireworks,R,R,12,,,frame_00000.png,frame_00118.png,QR未検出,119,1.996437
nagaoka_fireworks_R_12,lockin,1,0,QR未検出,,lockin,binary,,,29.212366,901,8,1,0.810082,,0.810082,frame_00000.png,frame_00118.png,r180_e125_f0.mp4,180 Hz,1/125,蛍光灯なし,59.606 fps,180,125,0,5,nagaoka_fireworks,R,R,12,,,frame_00000.png,frame_00118.png,QR未検出,119,1.996437
nagaoka_fireworks_R_12,lockin,0,0,QR未検出,,lockin,binary,,,29.212366,902,8,1,0.541219,,0.541219,frame_00000.png,frame_00118.png,r180_e125_f0.mp4,180 Hz,1/125,蛍光灯なし,59.606 fps,180,125,0,5,nagaoka_fireworks,R,R,12,,,frame_00000.png,frame_00118.png,QR未検出,119,1.996437
nagaoka_fireworks_R_4,lockin,1,0,QR未検出,,lockin,binary,,,9.606183,30,8,1,0.650248,,0.650248,frame_00000.png,frame_00118.png,r180_e125_f0.mp4,180 Hz,1/125,蛍光灯なし,59.606 fps,180,125,0,3,nagaoka_fireworks,R,R,4,,,frame_00000.png,frame_00118.png,QR未検出,119,1.996437
nagaoka_fireworks_R_4,lockin,0,0,QR未検出,,lockin,binary,,,9.606183,50,8,1,0.650222,,0.650222,frame_00000.png,frame_00118.png,r180_e125_f0.mp4,180 Hz,1/125,蛍光灯なし,59.606 fps,180,125,0,3,nagaoka_fireworks,R,R,4,,,frame_00000.png,frame_00118.png,QR未検出,119,1.996437
nagaoka_fireworks_R_4,lockin,0,0,QR未検出,,lockin,binary,,,9.606183,70,8,1,0.650222,,0.650222,frame_00000.png,frame_00118.png,r180_e125_f0.mp4,180 Hz,1/125,蛍光灯なし,59.606 fps,180,125,0,3,nagaoka_fireworks,R,R,4,,,frame_00000.png,frame_00118.png,QR未検出,119,1.996437
nagaoka_fireworks_R_4,lockin,0,0,QR未検出,,lockin,binary,,,9.606183,901,8,1,0.588733,,0.588733,frame_00000.png,frame_00118.png,r180_e125_f0.mp4,180 Hz,1/125,蛍光灯なし,59.606 fps,180,125,0,3,nagaoka_fireworks,R,R,4,,,frame_00000.png,frame_00118.png,QR未検出,119,1.996437
nagaoka_fireworks_R_4,lockin,0,0,QR未検出,,lockin,binary,,,9.606183,902,8,1,0.568946,,0.568946,frame_00000.png,frame_00118.png,r180_e125_f0.mp4,180 Hz,1/125,蛍光灯なし,59.606 fps,180,125,0,3,nagaoka_fireworks,R,R,4,,,frame_00000.png,frame_00118.png,QR未検出,119,1.996437
nagaoka_fireworks_R_4,lockin,0,0,QR未検出,,lockin,binary,,,14.606183,30,8,1,0.650024,,0.650024,frame_00000.png,frame_00118.png,r180_e125_f0.mp4,180 Hz,1/125,蛍光灯なし,59.606 fps,180,125,0,3,nagaoka_fireworks,R,R,4,,,frame_00000.png,frame_00118.png,QR未検出,119,1.996437
nagaoka_fireworks_R_4,lockin,0,0,QR未検出,,lockin,binary,,,14.606183,50,8,1,0.650222,,0.650222,frame_00000.png,frame_00118.png,r180_e125_f0.mp4,180 Hz,1/125,蛍光灯なし,59.606 fps,180,125,0,3,nagaoka_fireworks,R,R,4,,,frame_00000.png,frame_00118.png,QR未検出,119,1.996437
nagaoka_fireworks_R_4,lockin,0,0,QR未検出,,lockin,binary,,,14.606183,70,8,1,0.650222,,0.650222,frame_00000.png,frame_00118.png,r180_e125_f0.mp4,180 Hz,1/125,蛍光灯なし,59.606 fps,180,125,0,3,nagaoka_fireworks,R,R,4,,,frame_00000.png,frame_00118.png,QR未検出,119,1.996437
nagaoka_fireworks_R_4,lockin,0,0,QR未検出,,lockin,binary,,,14.606183,901,8,1,0.587384,,0.587384,frame_00000.png,frame_00118.png,r180_e125_f0.mp4,180 Hz,1/125,蛍光灯なし,59.606 fps,180,125,0,3,nagaoka_fireworks,R,R,4,,,frame_00000.png,frame_00118.png,QR未検出,119,1.996437
nagaoka_fireworks_R_4,lockin,0,0,QR未検出,,lockin,binary,,,14.606183,902,8,1,0.572618,,0.572618,frame_00000.png,frame_00118.png,r180_e125_f0.mp4,180 Hz,1/125,蛍光灯なし,59.606 fps,180,125,0,3,nagaoka_fireworks,R,R,4,,,frame_00000.png,frame_00118.png,QR未検出,119,1.996437
nagaoka_fireworks_R_4,lockin,0,0,QR未検出,,lockin,binary,,,15.787634,30,8,1,0.650125,,0.650125,frame_00000.png,frame_00118.png,r180_e125_f0.mp4,180 Hz,1/125,蛍光灯なし,59.606 fps,180,125,0,3,nagaoka_fireworks,R,R,4,,,frame_00000.png,frame_00118.png,QR未検出,119,1.996437
nagaoka_fireworks_R_4,lockin,0,0,QR未検出,,lockin,binary,,,15.787634,50,8,1,0.650222,,0.650222,frame_00000.png,frame_00118.png,r180_e125_f0.mp4,180 Hz,1/125,蛍光灯なし,59.606 fps,180,125,0,3,nagaoka_fireworks,R,R,4,,,frame_00000.png,frame_00118.png,QR未検出,119,1.996437
nagaoka_fireworks_R_4,lockin,0,0,QR未検出,,lockin,binary,,,15.787634,70,8,1,0.650222,,0.650222,frame_00000.png,frame_00118.png,r180_e125_f0.mp4,180 Hz,1/125,蛍光灯なし,59.606 fps,180,125,0,3,nagaoka_fireworks,R,R,4,,,frame_00000.png,frame_00118.png,QR未検出,119,1.996437
nagaoka_fireworks_R_4,lockin,0,0,QR未検出,,lockin,binary,,,15.787634,901,8,1,0.589944,,0.589944,frame_00000.png,frame_00118.png,r180_e125_f0.mp4,180 Hz,1/125,蛍光灯なし,59.606 fps,180,125,0,3,nagaoka_fireworks,R,R,4,,,frame_00000.png,frame_00118.png,QR未検出,119,1.996437
nagaoka_fireworks_R_4,lockin,0,0,QR未検出,,lockin,binary,,,15.787634,902,8,1,0.576501,,0.576501,frame_00000.png,frame_00118.png,r180_e125_f0.mp4,180 Hz,1/125,蛍光灯なし,59.606 fps,180,125,0,3,nagaoka_fireworks,R,R,4,,,frame_00000.png,frame_00118.png,QR未検出,119,1.996437
nagaoka_fireworks_R_4,lockin,0,0,QR未検出,,lockin,binary,,,29.212366,30,8,1,0.650178,,0.650178,frame_00000.png,frame_00118.png,r180_e125_f0.mp4,180 Hz,1/125,蛍光灯なし,59.606 fps,180,125,0,3,nagaoka_fireworks,R,R,4,,,frame_00000.png,frame_00118.png,QR未検出,119,1.996437
nagaoka_fireworks_R_4,lockin,0,0,QR未検出,,lockin,binary,,,29.212366,50,8,1,0.650195,,0.650195,frame_00000.png,frame_00118.png,r180_e125_f0.mp4,180 Hz,1/125,蛍光灯なし,59.606 fps,180,125,0,3,nagaoka_fireworks,R,R,4,,,frame_00000.png,frame_00118.png,QR未検出,119,1.996437
nagaoka_fireworks_R_4,lockin,0,0,QR未検出,,lockin,binary,,,29.212366,70,8,1,0.650222,,0.650222,frame_00000.png,frame_00118.png,r180_e125_f0.mp4,180 Hz,1/125,蛍光灯なし,59.606 fps,180,125,0,3,nagaoka_fireworks,R,R,4,,,frame_00000.png,frame_00118.png,QR未検出,119,1.996437
nagaoka_fireworks_R_4,lockin,0,0,QR未検出,,lockin,binary,,,29.212366,901,8,1,0.608875,,0.608875,frame_00000.png,frame_00118.png,r180_e125_f0.mp4,180 Hz,1/125,蛍光灯なし,59.606 fps,180,125,0,3,nagaoka_fireworks,R,R,4,,,frame_00000.png,frame_00118.png,QR未検出,119,1.996437
nagaoka_fireworks_R_4,lockin,0,0,QR未検出,,lockin,binary,,,29.212366,902,8,1,0.579027,,0.579027,frame_00000.png,frame_00118.png,r180_e125_f0.mp4,180 Hz,1/125,蛍光灯なし,59.606 fps,180,125,0,3,nagaoka_fireworks,R,R,4,,,frame_00000.png,frame_00118.png,QR未検出,119,1.996437
nagaoka_fireworks_R_8,lockin,0,0,QR未検出,,lockin,binary,,,9.606183,30,8,1,0.650368,,0.650368,frame_00000.png,frame_00118.png,r180_e125_f0.mp4,180 Hz,1/125,蛍光灯なし,59.606 fps,180,125,0,4,nagaoka_fireworks,R,R,8,,,frame_00000.png,frame_00118.png,QR未検出,119,1.996437
nagaoka_fireworks_R_8,lockin,0,0,QR未検出,,lockin,binary,,,9.606183,50,8,1,0.650222,,0.650222,frame_00000.png,frame_00118.png,r180_e125_f0.mp4,180 Hz,1/125,蛍光灯なし,59.606 fps,180,125,0,4,nagaoka_fireworks,R,R,8,,,frame_00000.png,frame_00118.png,QR未検出,119,1.996437
nagaoka_fireworks_R_8,lockin,0,0,QR未検出,,lockin,binary,,,9.606183,70,8,1,0.650222,,0.650222,frame_00000.png,frame_00118.png,r180_e125_f0.mp4,180 Hz,1/125,蛍光灯なし,59.606 fps,180,125,0,4,nagaoka_fireworks,R,R,8,,,frame_00000.png,frame_00118.png,QR未検出,119,1.996437
nagaoka_fireworks_R_8,lockin,0,0,QR未検出,,lockin,binary,,,9.606183,901,8,1,0.597681,,0.597681,frame_00000.png,frame_00118.png,r180_e125_f0.mp4,180 Hz,1/125,蛍光灯なし,59.606 fps,180,125,0,4,nagaoka_fireworks,R,R,8,,,frame_00000.png,frame_00118.png,QR未検出,119,1.996437
nagaoka_fireworks_R_8,lockin,0,0,QR未検出,,lockin,binary,,,9.606183,902,8,1,0.572256,,0.572256,frame_00000.png,frame_00118.png,r180_e125_f0.mp4,180 Hz,1/125,蛍光灯なし,59.606 fps,180,125,0,4,nagaoka_fireworks,R,R,8,,,frame_00000.png,frame_00118.png,QR未検出,119,1.996437
nagaoka_fireworks_R_8,lockin,0,0,QR未検出,,lockin,binary,,,14.606183,30,8,1,0.649886,,0.649886,frame_00000.png,frame_00118.png,r180_e125_f0.mp4,180 Hz,1/125,蛍光灯なし,59.606 fps,180,125,0,4,nagaoka_fireworks,R,R,8,,,frame_00000.png,frame_00118.png,QR未検出,119,1.996437
nagaoka_fireworks_R_8,lockin,0,0,QR未検出,,lockin,binary,,,14.606183,50,8,1,0.650222,,0.650222,frame_00000.png,frame_00118.png,r180_e125_f0.mp4,180 Hz,1/125,蛍光灯なし,59.606 fps,180,125,0,4,nagaoka_fireworks,R,R,8,,,frame_00000.png,frame_00118.png,QR未検出,119,1.996437
nagaoka_fireworks_R_8,lockin,0,0,QR未検出,,lockin,binary,,,14.606183,70,8,1,0.650222,,0.650222,frame_00000.png,frame_00118.png,r180_e125_f0.mp4,180 Hz,1/125,蛍光灯なし,59.606 fps,180,125,0,4,nagaoka_fireworks,R,R,8,,,frame_00000.png,frame_00118.png,QR未検出,119,1.996437
nagaoka_fireworks_R_8,lockin,0,0,QR未検出,,lockin,binary,,,14.606183,901,8,1,0.594127,,0.594127,frame_00000.png,frame_00118.png,r180_e125_f0.mp4,180 Hz,1/125,蛍光灯なし,59.606 fps,180,125,0,4,nagaoka_fireworks,R,R,8,,,frame_00000.png,frame_00118.png,QR未検出,119,1.996437
nagaoka_fireworks_R_8,lockin,0,0,QR未検出,,lockin,binary,,,14.606183,902,8,1,0.563296,,0.563296,frame_00000.png,frame_00118.png,r180_e125_f0.mp4,180 Hz,1/125,蛍光灯なし,59.606 fps,180,125,0,4,nagaoka_fireworks,R,R,8,,,frame_00000.png,frame_00118.png,QR未検出,119,1.996437
nagaoka_fireworks_R_8,lockin,0,0,QR未検出,,lockin,binary,,,15.787634,30,8,1,0.650085,,0.650085,frame_00000.png,frame_00118.png,r180_e125_f0.mp4,180 Hz,1/125,蛍光灯なし,59.606 fps,180,125,0,4,nagaoka_fireworks,R,R,8,,,frame_00000.png,frame_00118.png,QR未検出,119,1.996437
nagaoka_fireworks_R_8,lockin,0,0,QR未検出,,lockin,binary,,,15.787634,50,8,1,0.650257,,0.650257,frame_00000.png,frame_00118.png,r180_e125_f0.mp4,180 Hz,1/125,蛍光灯なし,59.606 fps,180,125,0,4,nagaoka_fireworks,R,R,8,,,frame_00000.png,frame_00118.png,QR未検出,119,1.996437
nagaoka_fireworks_R_8,lockin,0,0,QR未検出,,lockin,binary,,,15.787634,70,8,1,0.650262,,0.650262,frame_00000.png,frame_00118.png,r180_e125_f0.mp4,180 Hz,1/125,蛍光灯なし,59.606 fps,180,125,0,4,nagaoka_fireworks,R,R,8,,,frame_00000.png,frame_00118.png,QR未検出,119,1.996437
nagaoka_fireworks_R_8,lockin,0,0,QR未検出,,lockin,binary,,,15.787634,901,8,1,0.598508,,0.598508,frame_00000.png,frame_00118.png,r180_e125_f0.mp4,180 Hz,1/125,蛍光灯なし,59.606 fps,180,125,0,4,nagaoka_fireworks,R,R,8,,,frame_00000.png,frame_00118.png,QR未検出,119,1.996437
nagaoka_fireworks_R_8,lockin,0,0,QR未検出,,lockin,binary,,,15.787634,902,8,1,0.562713,,0.562713,frame_00000.png,frame_00118.png,r180_e125_f0.mp4,180 Hz,1/125,蛍光灯なし,59.606 fps,180,125,0,4,nagaoka_fireworks,R,R,8,,,frame_00000.png,frame_00118.png,QR未検出,119,1.996437
nagaoka_fireworks_R_8,lockin,0,0,QR未検出,,lockin,binary,,,29.212366,30,8,1,0.650510,,0.650510,frame_00000.png,frame_00118.png,r180_e125_f0.mp4,180 Hz,1/125,蛍光灯なし,59.606 fps,180,125,0,4,nagaoka_fireworks,R,R,8,,,frame_00000.png,frame_00118.png,QR未検出,119,1.996437
nagaoka_fireworks_R_8,lockin,0,0,QR未検出,,lockin,binary,,,29.212366,50,8,1,0.650208,,0.650208,frame_00000.png,frame_00118.png,r180_e125_f0.mp4,180 Hz,1/125,蛍光灯なし,59.606 fps,180,125,0,4,nagaoka_fireworks,R,R,8,,,frame_00000.png,frame_00118.png,QR未検出,119,1.996437
nagaoka_fireworks_R_8,lockin,0,0,QR未検出,,lockin,binary,,,29.212366,70,8,1,0.650222,,0.650222,frame_00000.png,frame_00118.png,r180_e125_f0.mp4,180 Hz,1/125,蛍光灯なし,59.606 fps,180,125,0,4,nagaoka_fireworks,R,R,8,,,frame_00000.png,frame_00118.png,QR未検出,119,1.996437
nagaoka_fireworks_R_8,lockin,1,0,QR未検出,,lockin,binary,,,29.212366,901,8,1,0.671784,,0.671784,frame_00000.png,frame_00118.png,r180_e125_f0.mp4,180 Hz,1/125,蛍光灯なし,59.606 fps,180,125,0,4,nagaoka_fireworks,R,R,8,,,frame_00000.png,frame_00118.png,QR未検出,119,1.996437
nagaoka_fireworks_R_8,lockin,0,0,QR未検出,,lockin,binary,,,29.212366,902,8,1,0.565865,,0.565865,frame_00000.png,frame_00118.png,r180_e125_f0.mp4,180 Hz,1/125,蛍光灯なし,59.606 fps,180,125,0,4,nagaoka_fireworks,R,R,8,,,frame_00000.png,frame_00118.png,QR未検出,119,1.996437
nagaoka_fireworks_X_12,lockin,0,0,QR未検出,,lockin,binary,,,9.606183,30,8,1,0.650264,,0.650264,frame_00000.png,frame_00118.png,r180_e125_f0.mp4,180 Hz,1/125,蛍光灯なし,59.606 fps,180,125,0,53,nagaoka_fireworks,max,X,12,,,frame_00000.png,frame_00118.png,QR未検出,119,1.996437
nagaoka_fireworks_X_12,lockin,0,0,QR未検出,,lockin,binary,,,9.606183,50,8,1,0.650222,,0.650222,frame_00000.png,frame_00118.png,r180_e125_f0.mp4,180 Hz,1/125,蛍光灯なし,59.606 fps,180,125,0,53,nagaoka_fireworks,max,X,12,,,frame_00000.png,frame_00118.png,QR未検出,119,1.996437
nagaoka_fireworks_X_12,lockin,0,0,QR未検出,,lockin,binary,,,9.606183,70,8,1,0.650222,,0.650222,frame_00000.png,frame_00118.png,r180_e125_f0.mp4,180 Hz,1/125,蛍光灯なし,59.606 fps,180,125,0,53,nagaoka_fireworks,max,X,12,,,frame_00000.png,frame_00118.png,QR未検出,119,1.996437
nagaoka_fireworks_X_12,lockin,0,0,QR未検出,,lockin,binary,,,9.606183,901,8,1,0.646253,,0.646253,frame_00000.png,frame_00118.png,r180_e125_f0.mp4,180 Hz,1/125,蛍光灯なし,59.606 fps,180,125,0,53,nagaoka_fireworks,max,X,12,,,frame_00000.png,frame_00118.png,QR未検出,119,1.996437
nagaoka_fireworks_X_12,lockin,0,0,QR未検出,,lockin,binary,,,9.606183,902,8,1,0.586728,,0.586728,frame_00000.png,frame_00118.png,r180_e125_f0.mp4,180 Hz,1/125,蛍光灯なし,59.606 fps,180,125,0,53,nagaoka_fireworks,max,X,12,,,frame_00000.png,frame_00118.png,QR未検出,119,1.996437
nagaoka_fireworks_X_12,lockin,0,0,QR未検出,,lockin,binary,,,14.606183,30,8,1,0.650330,,0.650330,frame_00000.png,frame_00118.png,r180_e125_f0.mp4,180 Hz,1/125,蛍光灯なし,59.606 fps,180,125,0,53,nagaoka_fireworks,max,X,12,,,frame_00000.png,frame_00118.png,QR未検出,119,1.996437
nagaoka_fireworks_X_12,lockin,0,0,QR未検出,,lockin,binary,,,14.606183,50,8,1,0.650139,,0.650139,frame_00000.png,frame_00118.png,r180_e125_f0.mp4,180 Hz,1/125,蛍光灯なし,59.606 fps,180,125,0,53,nagaoka_fireworks,max,X,12,,,frame_00000.png,frame_00118.png,QR未検出,119,1.996437
nagaoka_fireworks_X_12,lockin,0,0,QR未検出,,lockin,binary,,,14.606183,70,8,1,0.650222,,0.650222,frame_00000.png,frame_00118.png,r180_e125_f0.mp4,180 Hz,1/125,蛍光灯なし,59.606 fps,180,125,0,53,nagaoka_fireworks,max,X,12,,,frame_00000.png,frame_00118.png,QR未検出,119,1.996437
nagaoka_fireworks_X_12,lockin,0,0,QR未検出,,lockin,binary,,,14.606183,901,8,1,0.671107,,0.671107,frame_00000.png,frame_00118.png,r180_e125_f0.mp4,180 Hz,1/125,蛍光灯なし,59.606 fps,180,125,0,53,nagaoka_fireworks,max,X,12,,,frame_00000.png,frame_00118.png,QR未検出,119,1.996437
nagaoka_fireworks_X_12,lockin,0,0,QR未検出,,lockin,binary,,,14.606183,902,8,1,0.575971,,0.575971,frame_00000.png,frame_00118.png,r180_e125_f0.mp4,180 Hz,1/125,蛍光灯なし,59.606 fps,180,125,0,53,nagaoka_fireworks,max,X,12,,,frame_00000.png,frame_00118.png,QR未検出,119,1.996437
nagaoka_fireworks_X_12,lockin,0,0,QR未検出,,lockin,binary,,,15.787634,30,8,1,0.650269,,0.650269,frame_00000.png,frame_00118.png,r180_e125_f0.mp4,180 Hz,1/125,蛍光灯なし,59.606 fps,180,125,0,53,nagaoka_fireworks,max,X,12,,,frame_00000.png,frame_00118.png,QR未検出,119,1.996437
nagaoka_fireworks_X_12,lockin,0,0,QR未検出,,lockin,binary,,,15.787634,50,8,1,0.650222,,0.650222,frame_00000.png,frame_00118.png,r180_e125_f0.mp4,180 Hz,1/125,蛍光灯なし,59.606 fps,180,125,0,53,nagaoka_fireworks,max,X,12,,,frame_00000.png,frame_00118.png,QR未検出,119,1.996437
nagaoka_fireworks_X_12,lockin,0,0,QR未検出,,lockin,binary,,,15.787634,70,8,1,0.650222,,0.650222,frame_00000.png,frame_00118.png,r180_e125_f0.mp4,180 Hz,1/125,蛍光灯なし,59.606 fps,180,125,0,53,nagaoka_fireworks,max,X,12,,,frame_00000.png,frame_00118.png,QR未検出,119,1.996437
nagaoka_fireworks_X_12,lockin,0,0,QR未検出,,lockin,binary,,,15.787634,901,8,1,0.679754,,0.679754,frame_00000.png,frame_00118.png,r180_e125_f0.mp4,180 Hz,1/125,蛍光灯なし,59.606 fps,180,125,0,53,nagaoka_fireworks,max,X,12,,,frame_00000.png,frame_00118.png,QR未検出,119,1.996437
nagaoka_fireworks_X_12,lockin,0,0,QR未検出,,lockin,binary,,,15.787634,902,8,1,0.575035,,0.575035,frame_00000.png,frame_00118.png,r180_e125_f0.mp4,180 Hz,1/125,蛍光灯なし,59.606 fps,180,125,0,53,nagaoka_fireworks,max,X,12,,,frame_00000.png,frame_00118.png,QR未検出,119,1.996437
nagaoka_fireworks_X_12,lockin,0,0,QR未検出,,lockin,binary,,,29.212366,30,8,1,0.657577,,0.657577,frame_00000.png,frame_00118.png,r180_e125_f0.mp4,180 Hz,1/125,蛍光灯なし,59.606 fps,180,125,0,53,nagaoka_fireworks,max,X,12,,,frame_00000.png,frame_00118.png,QR未検出,119,1.996437
nagaoka_fireworks_X_12,lockin,0,0,QR未検出,,lockin,binary,,,29.212366,50,8,1,0.650222,,0.650222,frame_00000.png,frame_00118.png,r180_e125_f0.mp4,180 Hz,1/125,蛍光灯なし,59.606 fps,180,125,0,53,nagaoka_fireworks,max,X,12,,,frame_00000.png,frame_00118.png,QR未検出,119,1.996437
nagaoka_fireworks_X_12,lockin,0,0,QR未検出,,lockin,binary,,,29.212366,70,8,1,0.650222,,0.650222,frame_00000.png,frame_00118.png,r180_e125_f0.mp4,180 Hz,1/125,蛍光灯なし,59.606 fps,180,125,0,53,nagaoka_fireworks,max,X,12,,,frame_00000.png,frame_00118.png,QR未検出,119,1.996437
nagaoka_fireworks_X_12,lockin,0,0,QR未検出,,lockin,binary,,,29.212366,901,8,1,0.829003,,0.829003,frame_00000.png,frame_00118.png,r180_e125_f0.mp4,180 Hz,1/125,蛍光灯なし,59.606 fps,180,125,0,53,nagaoka_fireworks,max,X,12,,,frame_00000.png,frame_00118.png,QR未検出,119,1.996437
nagaoka_fireworks_X_12,lockin,0,0,QR未検出,,lockin,binary,,,29.212366,902,8,1,0.523447,,0.523447,frame_00000.png,frame_00118.png,r180_e125_f0.mp4,180 Hz,1/125,蛍光灯なし,59.606 fps,180,125,0,53,nagaoka_fireworks,max,X,12,,,frame_00000.png,frame_00118.png,QR未検出,119,1.996437
nagaoka_fireworks_X_4,lockin,0,0,QR未検出,,lockin,binary,,,9.606183,30,8,1,0.650232,,0.650232,frame_00000.png,frame_00118.png,r180_e125_f0.mp4,180 Hz,1/125,蛍光灯なし,59.606 fps,180,125,0,51,nagaoka_fireworks,max,X,4,,,frame_00000.png,frame_00118.png,QR未検出,119,1.996437
nagaoka_fireworks_X_4,lockin,0,0,QR未検出,,lockin,binary,,,9.606183,50,8,1,0.650222,,0.650222,frame_00000.png,frame_00118.png,r180_e125_f0.mp4,180 Hz,1/125,蛍光灯なし,59.606 fps,180,125,0,51,nagaoka_fireworks,max,X,4,,,frame_00000.png,frame_00118.png,QR未検出,119,1.996437
nagaoka_fireworks_X_4,lockin,0,0,QR未検出,,lockin,binary,,,9.606183,70,8,1,0.650222,,0.650222,frame_00000.png,frame_00118.png,r180_e125_f0.mp4,180 Hz,1/125,蛍光灯なし,59.606 fps,180,125,0,51,nagaoka_fireworks,max,X,4,,,frame_00000.png,frame_00118.png,QR未検出,119,1.996437
nagaoka_fireworks_X_4,lockin,0,0,QR未検出,,lockin,binary,,,9.606183,901,8,1,0.594809,,0.594809,frame_00000.png,frame_00118.png,r180_e125_f0.mp4,180 Hz,1/125,蛍光灯なし,59.606 fps,180,125,0,51,nagaoka_fireworks,max,X,4,,,frame_00000.png,frame_00118.png,QR未検出,119,1.996437
nagaoka_fireworks_X_4,lockin,0,0,QR未検出,,lockin,binary,,,9.606183,902,8,1,0.572295,,0.572295,frame_00000.png,frame_00118.png,r180_e125_f0.mp4,180 Hz,1/125,蛍光灯なし,59.606 fps,180,125,0,51,nagaoka_fireworks,max,X,4,,,frame_00000.png,frame_00118.png,QR未検出,119,1.996437
nagaoka_fireworks_X_4,lockin,1,0,QR未検出,,lockin,binary,,,14.606183,30,8,1,0.650526,,0.650526,frame_00000.png,frame_00118.png,r180_e125_f0.mp4,180 Hz,1/125,蛍光灯なし,59.606 fps,180,125,0,51,nagaoka_fireworks,max,X,4,,,frame_00000.png,frame_00118.png,QR未検出,119,1.996437
nagaoka_fireworks_X_4,lockin,0,0,QR未検出,,lockin,binary,,,14.606183,50,8,1,0.650264,,0.650264,frame_00000.png,frame_00118.png,r180_e125_f0.mp4,180 Hz,1/125,蛍光灯なし,59.606 fps,180,125,0,51,nagaoka_fireworks,max,X,4,,,frame_00000.png,frame_00118.png,QR未検出,119,1.996437
nagaoka_fireworks_X_4,lockin,0,0,QR未検出,,lockin,binary,,,14.606183,70,8,1,0.650222,,0.650222,frame_00000.png,frame_00118.png,r180_e125_f0.mp4,180 Hz,1/125,蛍光灯なし,59.606 fps,180,125,0,51,nagaoka_fireworks,max,X,4,,,frame_00000.png,frame_00118.png,QR未検出,119,1.996437
nagaoka_fireworks_X_4,lockin,0,0,QR未検出,,lockin,binary,,,14.606183,901,8,1,0.600137,,0.600137,frame_00000.png,frame_00118.png,r180_e125_f0.mp4,180 Hz,1/125,蛍光灯なし,59.606 fps,180,125,0,51,nagaoka_fireworks,max,X,4,,,frame_00000.png,frame_00118.png,QR未検出,119,1.996437
nagaoka_fireworks_X_4,lockin,0,0,QR未検出,,lockin,binary,,,14.606183,902,8,1,0.563391,,0.563391,frame_00000.png,frame_00118.png,r180_e125_f0.mp4,180 Hz,1/125,蛍光灯なし,59.606 fps,180,125,0,51,nagaoka_fireworks,max,X,4,,,frame_00000.png,frame_00118.png,QR未検出,119,1.996437
nagaoka_fireworks_X_4,lockin,0,0,QR未検出,,lockin,binary,,,15.787634,30,8,1,0.650274,,0.650274,frame_00000.png,frame_00118.png,r180_e125_f0.mp4,180 Hz,1/125,蛍光灯なし,59.606 fps,180,125,0,51,nagaoka_fireworks,max,X,4,,,frame_00000.png,frame_00118.png,QR未検出,119,1.996437
nagaoka_fireworks_X_4,lockin,0,0,QR未検出,,lockin,binary,,,15.787634,50,8,1,0.650222,,0.650222,frame_00000.png,frame_00118.png,r180_e125_f0.mp4,180 Hz,1/125,蛍光灯なし,59.606 fps,180,125,0,51,nagaoka_fireworks,max,X,4,,,frame_00000.png,frame_00118.png,QR未検出,119,1.996437
nagaoka_fireworks_X_4,lockin,0,0,QR未検出,,lockin,binary,,,15.787634,70,8,1,0.650222,,0.650222,frame_00000.png,frame_00118.png,r180_e125_f0.mp4,180 Hz,1/125,蛍光灯なし,59.606 fps,180,125,0,51,nagaoka_fireworks,max,X,4,,,frame_00000.png,frame_00118.png,QR未検出,119,1.996437
nagaoka_fireworks_X_4,lockin,0,0,QR未検出,,lockin,binary,,,15.787634,901,8,1,0.599182,,0.599182,frame_00000.png,frame_00118.png,r180_e125_f0.mp4,180 Hz,1/125,蛍光灯なし,59.606 fps,180,125,0,51,nagaoka_fireworks,max,X,4,,,frame_00000.png,frame_00118.png,QR未検出,119,1.996437
nagaoka_fireworks_X_4,lockin,0,0,QR未検出,,lockin,binary,,,15.787634,902,8,1,0.588896,,0.588896,frame_00000.png,frame_00118.png,r180_e125_f0.mp4,180 Hz,1/125,蛍光灯なし,59.606 fps,180,125,0,51,nagaoka_fireworks,max,X,4,,,frame_00000.png,frame_00118.png,QR未検出,119,1.996437
nagaoka_fireworks_X_4,lockin,0,0,QR未検出,,lockin,binary,,,29.212366,30,8,1,0.650159,,0.650159,frame_00000.png,frame_00118.png,r180_e125_f0.mp4,180 Hz,1/125,蛍光灯なし,59.606 fps,180,125,0,51,nagaoka_fireworks,max,X,4,,,frame_00000.png,frame_00118.png,QR未検出,119,1.996437
nagaoka_fireworks_X_4,lockin,0,0,QR未検出,,lockin,binary,,,29.212366,50,8,1,0.650111,,0.650111,frame_00000.png,frame_00118.png,r180_e125_f0.mp4,180 Hz,1/125,蛍光灯なし,59.606 fps,180,125,0,51,nagaoka_fireworks,max,X,4,,,frame_00000.png,frame_00118.png,QR未検出,119,1.996437
nagaoka_fireworks_X_4,lockin,0,0,QR未検出,,lockin,binary,,,29.212366,70,8,1,0.650150,,0.650150,frame_00000.png,frame_00118.png,r180_e125_f0.mp4,180 Hz,1/125,蛍光灯なし,59.606 fps,180,125,0,51,nagaoka_fireworks,max,X,4,,,frame_00000.png,frame_00118.png,QR未検出,119,1.996437
nagaoka_fireworks_X_4,lockin,0,0,QR未検出,,lockin,binary,,,29.212366,901,8,1,0.618965,,0.618965,frame_00000.png,frame_00118.png,r180_e125_f0.mp4,180 Hz,1/125,蛍光灯なし,59.606 fps,180,125,0,51,nagaoka_fireworks,max,X,4,,,frame_00000.png,frame_00118.png,QR未検出,119,1.996437
nagaoka_fireworks_X_4,lockin,0,0,QR未検出,,lockin,binary,,,29.212366,902,8,1,0.585653,,0.585653,frame_00000.png,frame_00118.png,r180_e125_f0.mp4,180 Hz,1/125,蛍光灯なし,59.606 fps,180,125,0,51,nagaoka_fireworks,max,X,4,,,frame_00000.png,frame_00118.png,QR未検出,119,1.996437
nagaoka_fireworks_X_8,lockin,0,0,QR未検出,,lockin,binary,,,9.606183,30,8,1,0.650270,,0.650270,frame_00000.png,frame_00118.png,r180_e125_f0.mp4,180 Hz,1/125,蛍光灯なし,59.606 fps,180,125,0,52,nagaoka_fireworks,max,X,8,,,frame_00000.png,frame_00118.png,QR未検出,119,1.996437
nagaoka_fireworks_X_8,lockin,0,0,QR未検出,,lockin,binary,,,9.606183,50,8,1,0.650222,,0.650222,frame_00000.png,frame_00118.png,r180_e125_f0.mp4,180 Hz,1/125,蛍光灯なし,59.606 fps,180,125,0,52,nagaoka_fireworks,max,X,8,,,frame_00000.png,frame_00118.png,QR未検出,119,1.996437
nagaoka_fireworks_X_8,lockin,0,0,QR未検出,,lockin,binary,,,9.606183,70,8,1,0.650222,,0.650222,frame_00000.png,frame_00118.png,r180_e125_f0.mp4,180 Hz,1/125,蛍光灯なし,59.606 fps,180,125,0,52,nagaoka_fireworks,max,X,8,,,frame_00000.png,frame_00118.png,QR未検出,119,1.996437
nagaoka_fireworks_X_8,lockin,0,0,QR未検出,,lockin,binary,,,9.606183,901,8,1,0.636058,,0.636058,frame_00000.png,frame_00118.png,r180_e125_f0.mp4,180 Hz,1/125,蛍光灯なし,59.606 fps,180,125,0,52,nagaoka_fireworks,max,X,8,,,frame_00000.png,frame_00118.png,QR未検出,119,1.996437
nagaoka_fireworks_X_8,lockin,0,0,QR未検出,,lockin,binary,,,9.606183,902,8,1,0.591567,,0.591567,frame_00000.png,frame_00118.png,r180_e125_f0.mp4,180 Hz,1/125,蛍光灯なし,59.606 fps,180,125,0,52,nagaoka_fireworks,max,X,8,,,frame_00000.png,frame_00118.png,QR未検出,119,1.996437
nagaoka_fireworks_X_8,lockin,0,0,QR未検出,,lockin,binary,,,14.606183,30,8,1,0.650260,,0.650260,frame_00000.png,frame_00118.png,r180_e125_f0.mp4,180 Hz,1/125,蛍光灯なし,59.606 fps,180,125,0,52,nagaoka_fireworks,max,X,8,,,frame_00000.png,frame_00118.png,QR未検出,119,1.996437
nagaoka_fireworks_X_8,lockin,0,0,QR未検出,,lockin,binary,,,14.606183,50,8,1,0.650222,,0.650222,frame_00000.png,frame_00118.png,r180_e125_f0.mp4,180 Hz,1/125,蛍光灯なし,59.606 fps,180,125,0,52,nagaoka_fireworks,max,X,8,,,frame_00000.png,frame_00118.png,QR未検出,119,1.996437
nagaoka_fireworks_X_8,lockin,0,0,QR未検出,,lockin,binary,,,14.606183,70,8,1,0.650222,,0.650222,frame_00000.png,frame_00118.png,r180_e125_f0.mp4,180 Hz,1/125,蛍光灯なし,59.606 fps,180,125,0,52,nagaoka_fireworks,max,X,8,,,frame_00000.png,frame_00118.png,QR未検出,119,1.996437
nagaoka_fireworks_X_8,lockin,0,0,QR未検出,,lockin,binary,,,14.606183,901,8,1,0.640343,,0.640343,frame_00000.png,frame_00118.png,r180_e125_f0.mp4,180 Hz,1/125,蛍光灯なし,59.606 fps,180,125,0,52,nagaoka_fireworks,max,X,8,,,frame_00000.png,frame_00118.png,QR未検出,119,1.996437
nagaoka_fireworks_X_8,lockin,0,0,QR未検出,,lockin,binary,,,14.606183,902,8,1,0.593083,,0.593083,frame_00000.png,frame_00118.png,r180_e125_f0.mp4,180 Hz,1/125,蛍光灯なし,59.606 fps,180,125,0,52,nagaoka_fireworks,max,X,8,,,frame_00000.png,frame_00118.png,QR未検出,119,1.996437
nagaoka_fireworks_X_8,lockin,0,0,QR未検出,,lockin,binary,,,15.787634,30,8,1,0.650304,,0.650304,frame_00000.png,frame_00118.png,r180_e125_f0.mp4,180 Hz,1/125,蛍光灯なし,59.606 fps,180,125,0,52,nagaoka_fireworks,max,X,8,,,frame_00000.png,frame_00118.png,QR未検出,119,1.996437
nagaoka_fireworks_X_8,lockin,0,0,QR未検出,,lockin,binary,,,15.787634,50,8,1,0.650222,,0.650222,frame_00000.png,frame_00118.png,r180_e125_f0.mp4,180 Hz,1/125,蛍光灯なし,59.606 fps,180,125,0,52,nagaoka_fireworks,max,X,8,,,frame_00000.png,frame_00118.png,QR未検出,119,1.996437
nagaoka_fireworks_X_8,lockin,0,0,QR未検出,,lockin,binary,,,15.787634,70,8,1,0.650222,,0.650222,frame_00000.png,frame_00118.png,r180_e125_f0.mp4,180 Hz,1/125,蛍光灯なし,59.606 fps,180,125,0,52,nagaoka_fireworks,max,X,8,,,frame_00000.png,frame_00118.png,QR未検出,119,1.996437
nagaoka_fireworks_X_8,lockin,0,0,QR未検出,,lockin,binary,,,15.787634,901,8,1,0.644325,,0.644325,frame_00000.png,frame_00118.png,r180_e125_f0.mp4,180 Hz,1/125,蛍光灯なし,59.606 fps,180,125,0,52,nagaoka_fireworks,max,X,8,,,frame_00000.png,frame_00118.png,QR未検出,119,1.996437
nagaoka_fireworks_X_8,lockin,0,0,QR未検出,,lockin,binary,,,15.787634,902,8,1,0.610014,,0.610014,frame_00000.png,frame_00118.png,r180_e125_f0.mp4,180 Hz,1/125,蛍光灯なし,59.606 fps,180,125,0,52,nagaoka_fireworks,max,X,8,,,frame_00000.png,frame_00118.png,QR未検出,119,1.996437
nagaoka_fireworks_X_8,lockin,0,0,QR未検出,,lockin,binary,,,29.212366,30,8,1,0.650879,,0.650879,frame_00000.png,frame_00118.png,r180_e125_f0.mp4,180 Hz,1/125,蛍光灯なし,59.606 fps,180,125,0,52,nagaoka_fireworks,max,X,8,,,frame_00000.png,frame_00118.png,QR未検出,119,1.996437
nagaoka_fireworks_X_8,lockin,0,0,QR未検出,,lockin,binary,,,29.212366,50,8,1,0.650222,,0.650222,frame_00000.png,frame_00118.png,r180_e125_f0.mp4,180 Hz,1/125,蛍光灯なし,59.606 fps,180,125,0,52,nagaoka_fireworks,max,X,8,,,frame_00000.png,frame_00118.png,QR未検出,119,1.996437
nagaoka_fireworks_X_8,lockin,0,0,QR未検出,,lockin,binary,,,29.212366,70,8,1,0.650222,,0.650222,frame_00000.png,frame_00118.png,r180_e125_f0.mp4,180 Hz,1/125,蛍光灯なし,59.606 fps,180,125,0,52,nagaoka_fireworks,max,X,8,,,frame_00000.png,frame_00118.png,QR未検出,119,1.996437
nagaoka_fireworks_X_8,lockin,1,0,QR未検出,,lockin,binary,,,29.212366,901,8,1,0.692305,,0.692305,frame_00000.png,frame_00118.png,r180_e125_f0.mp4,180 Hz,1/125,蛍光灯なし,59.606 fps,180,125,0,52,nagaoka_fireworks,max,X,8,,,frame_00000.png,frame_00118.png,QR未検出,119,1.996437
nagaoka_fireworks_X_8,lockin,0,0,QR未検出,,lockin,binary,,,29.212366,902,8,1,0.567870,,0.567870,frame_00000.png,frame_00118.png,r180_e125_f0.mp4,180 Hz,1/125,蛍光灯なし,59.606 fps,180,125,0,52,nagaoka_fireworks,max,X,8,,,frame_00000.png,frame_00118.png,QR未検出,119,1.996437
rice_B_12,lockin,0,0,QR未検出,,lockin,binary,,,9.606183,30,8,1,0.650222,,0.650222,frame_00000.png,frame_00118.png,r180_e125_f0.mp4,180 Hz,1/125,蛍光灯なし,59.606 fps,180,125,0,26,rice,B,B,12,,,frame_00000.png,frame_00118.png,QR未検出,119,1.996437
rice_B_12,lockin,0,0,QR未検出,,lockin,binary,,,9.606183,50,8,1,0.650222,,0.650222,frame_00000.png,frame_00118.png,r180_e125_f0.mp4,180 Hz,1/125,蛍光灯なし,59.606 fps,180,125,0,26,rice,B,B,12,,,frame_00000.png,frame_00118.png,QR未検出,119,1.996437
rice_B_12,lockin,0,0,QR未検出,,lockin,binary,,,9.606183,70,8,1,0.650222,,0.650222,frame_00000.png,frame_00118.png,r180_e125_f0.mp4,180 Hz,1/125,蛍光灯なし,59.606 fps,180,125,0,26,rice,B,B,12,,,frame_00000.png,frame_00118.png,QR未検出,119,1.996437
rice_B_12,lockin,0,0,QR未検出,,lockin,binary,,,9.606183,901,8,1,0.673644,,0.673644,frame_00000.png,frame_00118.png,r180_e125_f0.mp4,180 Hz,1/125,蛍光灯なし,59.606 fps,180,125,0,26,rice,B,B,12,,,frame_00000.png,frame_00118.png,QR未検出,119,1.996437
rice_B_12,lockin,0,0,QR未検出,,lockin,binary,,,9.606183,902,8,1,0.576422,,0.576422,frame_00000.png,frame_00118.png,r180_e125_f0.mp4,180 Hz,1/125,蛍光灯なし,59.606 fps,180,125,0,26,rice,B,B,12,,,frame_00000.png,frame_00118.png,QR未検出,119,1.996437
rice_B_12,lockin,0,0,QR未検出,,lockin,binary,,,14.606183,30,8,1,0.650209,,0.650209,frame_00000.png,frame_00118.png,r180_e125_f0.mp4,180 Hz,1/125,蛍光灯なし,59.606 fps,180,125,0,26,rice,B,B,12,,,frame_00000.png,frame_00118.png,QR未検出,119,1.996437
rice_B_12,lockin,0,0,QR未検出,,lockin,binary,,,14.606183,50,8,1,0.650222,,0.650222,frame_00000.png,frame_00118.png,r180_e125_f0.mp4,180 Hz,1/125,蛍光灯なし,59.606 fps,180,125,0,26,rice,B,B,12,,,frame_00000.png,frame_00118.png,QR未検出,119,1.996437
rice_B_12,lockin,0,0,QR未検出,,lockin,binary,,,14.606183,70,8,1,0.650222,,0.650222,frame_00000.png,frame_00118.png,r180_e125_f0.mp4,180 Hz,1/125,蛍光灯なし,59.606 fps,180,125,0,26,rice,B,B,12,,,frame_00000.png,frame_00118.png,QR未検出,119,1.996437
rice_B_12,lockin,0,0,QR未検出,,lockin,binary,,,14.606183,901,8,1,0.686289,,0.686289,frame_00000.png,frame_00118.png,r180_e125_f0.mp4,180 Hz,1/125,蛍光灯なし,59.606 fps,180,125,0,26,rice,B,B,12,,,frame_00000.png,frame_00118.png,QR未検出,119,1.996437
rice_B_12,lockin,0,0,QR未検出,,lockin,binary,,,14.606183,902,8,1,0.544886,,0.544886,frame_00000.png,frame_00118.png,r180_e125_f0.mp4,180 Hz,1/125,蛍光灯なし,59.606 fps,180,125,0,26,rice,B,B,12,,,frame_00000.png,frame_00118.png,QR未検出,119,1.996437
rice_B_12,lockin,0,0,QR未検出,,lockin,binary,,,15.787634,30,8,1,0.650181,,0.650181,frame_00000.png,frame_00118.png,r180_e125_f0.mp4,180 Hz,1/125,蛍光灯なし,59.606 fps,180,125,0,26,rice,B,B,12,,,frame_00000.png,frame_00118.png,QR未検出,119,1.996437
rice_B_12,lockin,0,0,QR未検出,,lockin,binary,,,15.787634,50,8,1,0.650202,,0.650202,frame_00000.png,frame_00118.png,r180_e125_f0.mp4,180 Hz,1/125,蛍光灯なし,59.606 fps,180,125,0,26,rice,B,B,12,,,frame_00000.png,frame_00118.png,QR未検出,119,1.996437
rice_B_12,lockin,0,0,QR未検出,,lockin,binary,,,15.787634,70,8,1,0.650222,,0.650222,frame_00000.png,frame_00118.png,r180_e125_f0.mp4,180 Hz,1/125,蛍光灯なし,59.606 fps,180,125,0,26,rice,B,B,12,,,frame_00000.png,frame_00118.png,QR未検出,119,1.996437
rice_B_12,lockin,0,0,QR未検出,,lockin,binary,,,15.787634,901,8,1,0.712910,,0.712910,frame_00000.png,frame_00118.png,r180_e125_f0.mp4,180 Hz,1/125,蛍光灯なし,59.606 fps,180,125,0,26,rice,B,B,12,,,frame_00000.png,frame_00118.png,QR未検出,119,1.996437
rice_B_12,lockin,0,0,QR未検出,,lockin,binary,,,15.787634,902,8,1,0.529534,,0.529534,frame_00000.png,frame_00118.png,r180_e125_f0.mp4,180 Hz,1/125,蛍光灯なし,59.606 fps,180,125,0,26,rice,B,B,12,,,frame_00000.png,frame_00118.png,QR未検出,119,1.996437
rice_B_12,lockin,0,0,QR未検出,,lockin,binary,,,29.212366,30,8,1,0.777596,,0.777596,frame_00000.png,frame_00118.png,r180_e125_f0.mp4,180 Hz,1/125,蛍光灯なし,59.606 fps,180,125,0,26,rice,B,B,12,,,frame_00000.png,frame_00118.png,QR未検出,119,1.996437
rice_B_12,lockin,0,0,QR未検出,,lockin,binary,,,29.212366,50,8,1,0.676733,,0.676733,frame_00000.png,frame_00118.png,r180_e125_f0.mp4,180 Hz,1/125,蛍光灯なし,59.606 fps,180,125,0,26,rice,B,B,12,,,frame_00000.png,frame_00118.png,QR未検出,119,1.996437
rice_B_12,lockin,0,0,QR未検出,,lockin,binary,,,29.212366,70,8,1,0.653406,,0.653406,frame_00000.png,frame_00118.png,r180_e125_f0.mp4,180 Hz,1/125,蛍光灯なし,59.606 fps,180,125,0,26,rice,B,B,12,,,frame_00000.png,frame_00118.png,QR未検出,119,1.996437
rice_B_12,lockin,1,0,QR未検出,,lockin,binary,,,29.212366,901,8,1,0.828331,,0.828331,frame_00000.png,frame_00118.png,r180_e125_f0.mp4,180 Hz,1/125,蛍光灯なし,59.606 fps,180,125,0,26,rice,B,B,12,,,frame_00000.png,frame_00118.png,QR未検出,119,1.996437
rice_B_12,lockin,0,0,QR未検出,,lockin,binary,,,29.212366,902,8,1,0.562813,,0.562813,frame_00000.png,frame_00118.png,r180_e125_f0.mp4,180 Hz,1/125,蛍光灯なし,59.606 fps,180,125,0,26,rice,B,B,12,,,frame_00000.png,frame_00118.png,QR未検出,119,1.996437
rice_B_4,lockin,0,0,QR未検出,,lockin,binary,,,9.606183,30,8,1,0.650150,,0.650150,frame_00000.png,frame_00118.png,r180_e125_f0.mp4,180 Hz,1/125,蛍光灯なし,59.606 fps,180,125,0,24,rice,B,B,4,,,frame_00000.png,frame_00118.png,QR未検出,119,1.996437
rice_B_4,lockin,0,0,QR未検出,,lockin,binary,,,9.606183,50,8,1,0.650222,,0.650222,frame_00000.png,frame_00118.png,r180_e125_f0.mp4,180 Hz,1/125,蛍光灯なし,59.606 fps,180,125,0,24,rice,B,B,4,,,frame_00000.png,frame_00118.png,QR未検出,119,1.996437
rice_B_4,lockin,0,0,QR未検出,,lockin,binary,,,9.606183,70,8,1,0.650222,,0.650222,frame_00000.png,frame_00118.png,r180_e125_f0.mp4,180 Hz,1/125,蛍光灯なし,59.606 fps,180,125,0,24,rice,B,B,4,,,frame_00000.png,frame_00118.png,QR未検出,119,1.996437
rice_B_4,lockin,0,0,QR未検出,,lockin,binary,,,9.606183,901,8,1,0.646995,,0.646995,frame_00000.png,frame_00118.png,r180_e125_f0.mp4,180 Hz,1/125,蛍光灯なし,59.606 fps,180,125,0,24,rice,B,B,4,,,frame_00000.png,frame_00118.png,QR未検出,119,1.996437
rice_B_4,lockin,0,0,QR未検出,,lockin,binary,,,9.606183,902,8,1,0.557529,,0.557529,frame_00000.png,frame_00118.png,r180_e125_f0.mp4,180 Hz,1/125,蛍光灯なし,59.606 fps,180,125,0,24,rice,B,B,4,,,frame_00000.png,frame_00118.png,QR未検出,119,1.996437
rice_B_4,lockin,0,0,QR未検出,,lockin,binary,,,14.606183,30,8,1,0.650211,,0.650211,frame_00000.png,frame_00118.png,r180_e125_f0.mp4,180 Hz,1/125,蛍光灯なし,59.606 fps,180,125,0,24,rice,B,B,4,,,frame_00000.png,frame_00118.png,QR未検出,119,1.996437
rice_B_4,lockin,0,0,QR未検出,,lockin,binary,,,14.606183,50,8,1,0.650222,,0.650222,frame_00000.png,frame_00118.png,r180_e125_f0.mp4,180 Hz,1/125,蛍光灯なし,59.606 fps,180,125,0,24,rice,B,B,4,,,frame_00000.png,frame_00118.png,QR未検出,119,1.996437
rice_B_4,lockin,0,0,QR未検出,,lockin,binary,,,14.606183,70,8,1,0.650222,,0.650222,frame_00000.png,frame_00118.png,r180_e125_f0.mp4,180 Hz,1/125,蛍光灯なし,59.606 fps,180,125,0,24,rice,B,B,4,,,frame_00000.png,frame_00118.png,QR未検出,119,1.996437
rice_B_4,lockin,0,0,QR未検出,,lockin,binary,,,14.606183,901,8,1,0.652780,,0.652780,frame_00000.png,frame_00118.png,r180_e125_f0.mp4,180 Hz,1/125,蛍光灯なし,59.606 fps,180,125,0,24,rice,B,B,4,,,frame_00000.png,frame_00118.png,QR未検出,119,1.996437
rice_B_4,lockin,0,0,QR未検出,,lockin,binary,,,14.606183,902,8,1,0.551138,,0.551138,frame_00000.png,frame_00118.png,r180_e125_f0.mp4,180 Hz,1/125,蛍光灯なし,59.606 fps,180,125,0,24,rice,B,B,4,,,frame_00000.png,frame_00118.png,QR未検出,119,1.996437
rice_B_4,lockin,0,0,QR未検出,,lockin,binary,,,15.787634,30,8,1,0.650122,,0.650122,frame_00000.png,frame_00118.png,r180_e125_f0.mp4,180 Hz,1/125,蛍光灯なし,59.606 fps,180,125,0,24,rice,B,B,4,,,frame_00000.png,frame_00118.png,QR未検出,119,1.996437
rice_B_4,lockin,0,0,QR未検出,,lockin,binary,,,15.787634,50,8,1,0.650222,,0.650222,frame_00000.png,frame_00118.png,r180_e125_f0.mp4,180 Hz,1/125,蛍光灯なし,59.606 fps,180,125,0,24,rice,B,B,4,,,frame_00000.png,frame_00118.png,QR未検出,119,1.996437
rice_B_4,lockin,0,0,QR未検出,,lockin,binary,,,15.787634,70,8,1,0.650222,,0.650222,frame_00000.png,frame_00118.png,r180_e125_f0.mp4,180 Hz,1/125,蛍光灯なし,59.606 fps,180,125,0,24,rice,B,B,4,,,frame_00000.png,frame_00118.png,QR未検出,119,1.996437
rice_B_4,lockin,0,0,QR未検出,,lockin,binary,,,15.787634,901,8,1,0.659399,,0.659399,frame_00000.png,frame_00118.png,r180_e125_f0.mp4,180 Hz,1/125,蛍光灯なし,59.606 fps,180,125,0,24,rice,B,B,4,,,frame_00000.png,frame_00118.png,QR未検出,119,1.996437
rice_B_4,lockin,0,0,QR未検出,,lockin,binary,,,15.787634,902,8,1,0.560833,,0.560833,frame_00000.png,frame_00118.png,r180_e125_f0.mp4,180 Hz,1/125,蛍光灯なし,59.606 fps,180,125,0,24,rice,B,B,4,,,frame_00000.png,frame_00118.png,QR未検出,119,1.996437
rice_B_4,lockin,0,0,QR未検出,,lockin,binary,,,29.212366,30,8,1,0.650024,,0.650024,frame_00000.png,frame_00118.png,r180_e125_f0.mp4,180 Hz,1/125,蛍光灯なし,59.606 fps,180,125,0,24,rice,B,B,4,,,frame_00000.png,frame_00118.png,QR未検出,119,1.996437
rice_B_4,lockin,0,0,QR未検出,,lockin,binary,,,29.212366,50,8,1,0.650134,,0.650134,frame_00000.png,frame_00118.png,r180_e125_f0.mp4,180 Hz,1/125,蛍光灯なし,59.606 fps,180,125,0,24,rice,B,B,4,,,frame_00000.png,frame_00118.png,QR未検出,119,1.996437
rice_B_4,lockin,0,0,QR未検出,,lockin,binary,,,29.212366,70,8,1,0.650222,,0.650222,frame_00000.png,frame_00118.png,r180_e125_f0.mp4,180 Hz,1/125,蛍光灯なし,59.606 fps,180,125,0,24,rice,B,B,4,,,frame_00000.png,frame_00118.png,QR未検出,119,1.996437
rice_B_4,lockin,1,0,QR未検出,,lockin,binary,,,29.212366,901,8,1,0.695559,,0.695559,frame_00000.png,frame_00118.png,r180_e125_f0.mp4,180 Hz,1/125,蛍光灯なし,59.606 fps,180,125,0,24,rice,B,B,4,,,frame_00000.png,frame_00118.png,QR未検出,119,1.996437
rice_B_4,lockin,0,0,QR未検出,,lockin,binary,,,29.212366,902,8,1,0.560831,,0.560831,frame_00000.png,frame_00118.png,r180_e125_f0.mp4,180 Hz,1/125,蛍光灯なし,59.606 fps,180,125,0,24,rice,B,B,4,,,frame_00000.png,frame_00118.png,QR未検出,119,1.996437
rice_B_8,lockin,0,0,QR未検出,,lockin,binary,,,9.606183,30,8,1,0.650187,,0.650187,frame_00000.png,frame_00118.png,r180_e125_f0.mp4,180 Hz,1/125,蛍光灯なし,59.606 fps,180,125,0,25,rice,B,B,8,,,frame_00000.png,frame_00118.png,QR未検出,119,1.996437
rice_B_8,lockin,0,0,QR未検出,,lockin,binary,,,9.606183,50,8,1,0.650222,,0.650222,frame_00000.png,frame_00118.png,r180_e125_f0.mp4,180 Hz,1/125,蛍光灯なし,59.606 fps,180,125,0,25,rice,B,B,8,,,frame_00000.png,frame_00118.png,QR未検出,119,1.996437
rice_B_8,lockin,0,0,QR未検出,,lockin,binary,,,9.606183,70,8,1,0.650222,,0.650222,frame_00000.png,frame_00118.png,r180_e125_f0.mp4,180 Hz,1/125,蛍光灯なし,59.606 fps,180,125,0,25,rice,B,B,8,,,frame_00000.png,frame_00118.png,QR未検出,119,1.996437
rice_B_8,lockin,0,0,QR未検出,,lockin,binary,,,9.606183,901,8,1,0.683478,,0.683478,frame_00000.png,frame_00118.png,r180_e125_f0.mp4,180 Hz,1/125,蛍光灯なし,59.606 fps,180,125,0,25,rice,B,B,8,,,frame_00000.png,frame_00118.png,QR未検出,119,1.996437
rice_B_8,lockin,0,0,QR未検出,,lockin,binary,,,9.606183,902,8,1,0.545752,,0.545752,frame_00000.png,frame_00118.png,r180_e125_f0.mp4,180 Hz,1/125,蛍光灯なし,59.606 fps,180,125,0,25,rice,B,B,8,,,frame_00000.png,frame_00118.png,QR未検出,119,1.996437
rice_B_8,lockin,0,0,QR未検出,,lockin,binary,,,14.606183,30,8,1,0.650222,,0.650222,frame_00000.png,frame_00118.png,r180_e125_f0.mp4,180 Hz,1/125,蛍光灯なし,59.606 fps,180,125,0,25,rice,B,B,8,,,frame_00000.png,frame_00118.png,QR未検出,119,1.996437
rice_B_8,lockin,0,0,QR未検出,,lockin,binary,,,14.606183,50,8,1,0.650222,,0.650222,frame_00000.png,frame_00118.png,r180_e125_f0.mp4,180 Hz,1/125,蛍光灯なし,59.606 fps,180,125,0,25,rice,B,B,8,,,frame_00000.png,frame_00118.png,QR未検出,119,1.996437
rice_B_8,lockin,0,0,QR未検出,,lockin,binary,,,14.606183,70,8,1,0.650222,,0.650222,frame_00000.png,frame_00118.png,r180_e125_f0.mp4,180 Hz,1/125,蛍光灯なし,59.606 fps,180,125,0,25,rice,B,B,8,,,frame_00000.png,frame_00118.png,QR未検出,119,1.996437
rice_B_8,lockin,0,0,QR未検出,,lockin,binary,,,14.606183,901,8,1,0.686373,,0.686373,frame_00000.png,frame_00118.png,r180_e125_f0.mp4,180 Hz,1/125,蛍光灯なし,59.606 fps,180,125,0,25,rice,B,B,8,,,frame_00000.png,frame_00118.png,QR未検出,119,1.996437
rice_B_8,lockin,0,0,QR未検出,,lockin,binary,,,14.606183,902,8,1,0.585216,,0.585216,frame_00000.png,frame_00118.png,r180_e125_f0.mp4,180 Hz,1/125,蛍光灯なし,59.606 fps,180,125,0,25,rice,B,B,8,,,frame_00000.png,frame_00118.png,QR未検出,119,1.996437
rice_B_8,lockin,0,0,QR未検出,,lockin,binary,,,15.787634,30,8,1,0.650178,,0.650178,frame_00000.png,frame_00118.png,r180_e125_f0.mp4,180 Hz,1/125,蛍光灯なし,59.606 fps,180,125,0,25,rice,B,B,8,,,frame_00000.png,frame_00118.png,QR未検出,119,1.996437
rice_B_8,lockin,0,0,QR未検出,,lockin,binary,,,15.787634,50,8,1,0.650222,,0.650222,frame_00000.png,frame_00118.png,r180_e125_f0.mp4,180 Hz,1/125,蛍光灯なし,59.606 fps,180,125,0,25,rice,B,B,8,,,frame_00000.png,frame_00118.png,QR未検出,119,1.996437
rice_B_8,lockin,0,0,QR未検出,,lockin,binary,,,15.787634,70,8,1,0.650222,,0.650222,frame_00000.png,frame_00118.png,r180_e125_f0.mp4,180 Hz,1/125,蛍光灯なし,59.606 fps,180,125,0,25,rice,B,B,8,,,frame_00000.png,frame_00118.png,QR未検出,119,1.996437
rice_B_8,lockin,0,0,QR未検出,,lockin,binary,,,15.787634,901,8,1,0.683666,,0.683666,frame_00000.png,frame_00118.png,r180_e125_f0.mp4,180 Hz,1/125,蛍光灯なし,59.606 fps,180,125,0,25,rice,B,B,8,,,frame_00000.png,frame_00118.png,QR未検出,119,1.996437
rice_B_8,lockin,0,0,QR未検出,,lockin,binary,,,15.787634,902,8,1,0.559256,,0.559256,frame_00000.png,frame_00118.png,r180_e125_f0.mp4,180 Hz,1/125,蛍光灯なし,59.606 fps,180,125,0,25,rice,B,B,8,,,frame_00000.png,frame_00118.png,QR未検出,119,1.996437
rice_B_8,lockin,0,0,QR未検出,,lockin,binary,,,29.212366,30,8,1,0.650414,,0.650414,frame_00000.png,frame_00118.png,r180_e125_f0.mp4,180 Hz,1/125,蛍光灯なし,59.606 fps,180,125,0,25,rice,B,B,8,,,frame_00000.png,frame_00118.png,QR未検出,119,1.996437
rice_B_8,lockin,0,0,QR未検出,,lockin,binary,,,29.212366,50,8,1,0.650222,,0.650222,frame_00000.png,frame_00118.png,r180_e125_f0.mp4,180 Hz,1/125,蛍光灯なし,59.606 fps,180,125,0,25,rice,B,B,8,,,frame_00000.png,frame_00118.png,QR未検出,119,1.996437
rice_B_8,lockin,0,0,QR未検出,,lockin,binary,,,29.212366,70,8,1,0.650222,,0.650222,frame_00000.png,frame_00118.png,r180_e125_f0.mp4,180 Hz,1/125,蛍光灯なし,59.606 fps,180,125,0,25,rice,B,B,8,,,frame_00000.png,frame_00118.png,QR未検出,119,1.996437
rice_B_8,lockin,1,0,QR未検出,,lockin,binary,,,29.212366,901,8,1,0.751365,,0.751365,frame_00000.png,frame_00118.png,r180_e125_f0.mp4,180 Hz,1/125,蛍光灯なし,59.606 fps,180,125,0,25,rice,B,B,8,,,frame_00000.png,frame_00118.png,QR未検出,119,1.996437
rice_B_8,lockin,0,0,QR未検出,,lockin,binary,,,29.212366,902,8,1,0.546440,,0.546440,frame_00000.png,frame_00118.png,r180_e125_f0.mp4,180 Hz,1/125,蛍光灯なし,59.606 fps,180,125,0,25,rice,B,B,8,,,frame_00000.png,frame_00118.png,QR未検出,119,1.996437
rice_G_12,lockin,0,0,QR未検出,,lockin,binary,,,9.606183,30,8,1,0.650267,,0.650267,frame_00000.png,frame_00118.png,r180_e125_f0.mp4,180 Hz,1/125,蛍光灯なし,59.606 fps,180,125,0,14,rice,G,G,12,,,frame_00000.png,frame_00118.png,QR未検出,119,1.996437
rice_G_12,lockin,0,0,QR未検出,,lockin,binary,,,9.606183,50,8,1,0.650222,,0.650222,frame_00000.png,frame_00118.png,r180_e125_f0.mp4,180 Hz,1/125,蛍光灯なし,59.606 fps,180,125,0,14,rice,G,G,12,,,frame_00000.png,frame_00118.png,QR未検出,119,1.996437
rice_G_12,lockin,0,0,QR未検出,,lockin,binary,,,9.606183,70,8,1,0.650222,,0.650222,frame_00000.png,frame_00118.png,r180_e125_f0.mp4,180 Hz,1/125,蛍光灯なし,59.606 fps,180,125,0,14,rice,G,G,12,,,frame_00000.png,frame_00118.png,QR未検出,119,1.996437
rice_G_12,lockin,0,0,QR未検出,,lockin,binary,,,9.606183,901,8,1,0.656945,,0.656945,frame_00000.png,frame_00118.png,r180_e125_f0.mp4,180 Hz,1/125,蛍光灯なし,59.606 fps,180,125,0,14,rice,G,G,12,,,frame_00000.png,frame_00118.png,QR未検出,119,1.996437
rice_G_12,lockin,0,0,QR未検出,,lockin,binary,,,9.606183,902,8,1,0.595319,,0.595319,frame_00000.png,frame_00118.png,r180_e125_f0.mp4,180 Hz,1/125,蛍光灯なし,59.606 fps,180,125,0,14,rice,G,G,12,,,frame_00000.png,frame_00118.png,QR未検出,119,1.996437
rice_G_12,lockin,0,0,QR未検出,,lockin,binary,,,14.606183,30,8,1,0.650169,,0.650169,frame_00000.png,frame_00118.png,r180_e125_f0.mp4,180 Hz,1/125,蛍光灯なし,59.606 fps,180,125,0,14,rice,G,G,12,,,frame_00000.png,frame_00118.png,QR未検出,119,1.996437
rice_G_12,lockin,0,0,QR未検出,,lockin,binary,,,14.606183,50,8,1,0.650222,,0.650222,frame_00000.png,frame_00118.png,r180_e125_f0.mp4,180 Hz,1/125,蛍光灯なし,59.606 fps,180,125,0,14,rice,G,G,12,,,frame_00000.png,frame_00118.png,QR未検出,119,1.996437
rice_G_12,lockin,0,0,QR未検出,,lockin,binary,,,14.606183,70,8,1,0.650222,,0.650222,frame_00000.png,frame_00118.png,r180_e125_f0.mp4,180 Hz,1/125,蛍光灯なし,59.606 fps,180,125,0,14,rice,G,G,12,,,frame_00000.png,frame_00118.png,QR未検出,119,1.996437
rice_G_12,lockin,0,0,QR未検出,,lockin,binary,,,14.606183,901,8,1,0.672290,,0.672290,frame_00000.png,frame_00118.png,r180_e125_f0.mp4,180 Hz,1/125,蛍光灯なし,59.606 fps,180,125,0,14,rice,G,G,12,,,frame_00000.png,frame_00118.png,QR未検出,119,1.996437
rice_G_12,lockin,0,0,QR未検出,,lockin,binary,,,14.606183,902,8,1,0.568640,,0.568640,frame_00000.png,frame_00118.png,r180_e125_f0.mp4,180 Hz,1/125,蛍光灯なし,59.606 fps,180,125,0,14,rice,G,G,12,,,frame_00000.png,frame_00118.png,QR未検出,119,1.996437
rice_G_12,lockin,0,0,QR未検出,,lockin,binary,,,15.787634,30,8,1,0.650129,,0.650129,frame_00000.png,frame_00118.png,r180_e125_f0.mp4,180 Hz,1/125,蛍光灯なし,59.606 fps,180,125,0,14,rice,G,G,12,,,frame_00000.png,frame_00118.png,QR未検出,119,1.996437
rice_G_12,lockin,0,0,QR未検出,,lockin,binary,,,15.787634,50,8,1,0.650222,,0.650222,frame_00000.png,frame_00118.png,r180_e125_f0.mp4,180 Hz,1/125,蛍光灯なし,59.606 fps,180,125,0,14,rice,G,G,12,,,frame_00000.png,frame_00118.png,QR未検出,119,1.996437
rice_G_12,lockin,0,0,QR未検出,,lockin,binary,,,15.787634,70,8,1,0.650222,,0.650222,frame_00000.png,frame_00118.png,r180_e125_f0.mp4,180 Hz,1/125,蛍光灯なし,59.606 fps,180,125,0,14,rice,G,G,12,,,frame_00000.png,frame_00118.png,QR未検出,119,1.996437
rice_G_12,lockin,0,0,QR未検出,,lockin,binary,,,15.787634,901,8,1,0.693001,,0.693001,frame_00000.png,frame_00118.png,r180_e125_f0.mp4,180 Hz,1/125,蛍光灯なし,59.606 fps,180,125,0,14,rice,G,G,12,,,frame_00000.png,frame_00118.png,QR未検出,119,1.996437
rice_G_12,lockin,0,0,QR未検出,,lockin,binary,,,15.787634,902,8,1,0.589441,,0.589441,frame_00000.png,frame_00118.png,r180_e125_f0.mp4,180 Hz,1/125,蛍光灯なし,59.606 fps,180,125,0,14,rice,G,G,12,,,frame_00000.png,frame_00118.png,QR未検出,119,1.996437
rice_G_12,lockin,0,0,QR未検出,,lockin,binary,,,29.212366,30,8,1,0.713498,,0.713498,frame_00000.png,frame_00118.png,r180_e125_f0.mp4,180 Hz,1/125,蛍光灯なし,59.606 fps,180,125,0,14,rice,G,G,12,,,frame_00000.png,frame_00118.png,QR未検出,119,1.996437
rice_G_12,lockin,0,0,QR未検出,,lockin,binary,,,29.212366,50,8,1,0.657243,,0.657243,frame_00000.png,frame_00118.png,r180_e125_f0.mp4,180 Hz,1/125,蛍光灯なし,59.606 fps,180,125,0,14,rice,G,G,12,,,frame_00000.png,frame_00118.png,QR未検出,119,1.996437
rice_G_12,lockin,0,0,QR未検出,,lockin,binary,,,29.212366,70,8,1,0.650222,,0.650222,frame_00000.png,frame_00118.png,r180_e125_f0.mp4,180 Hz,1/125,蛍光灯なし,59.606 fps,180,125,0,14,rice,G,G,12,,,frame_00000.png,frame_00118.png,QR未検出,119,1.996437
rice_G_12,lockin,1,0,QR未検出,,lockin,binary,,,29.212366,901,8,1,0.840839,,0.840839,frame_00000.png,frame_00118.png,r180_e125_f0.mp4,180 Hz,1/125,蛍光灯なし,59.606 fps,180,125,0,14,rice,G,G,12,,,frame_00000.png,frame_00118.png,QR未検出,119,1.996437
rice_G_12,lockin,0,0,QR未検出,,lockin,binary,,,29.212366,902,8,1,0.578604,,0.578604,frame_00000.png,frame_00118.png,r180_e125_f0.mp4,180 Hz,1/125,蛍光灯なし,59.606 fps,180,125,0,14,rice,G,G,12,,,frame_00000.png,frame_00118.png,QR未検出,119,1.996437
rice_G_4,lockin,0,0,QR未検出,,lockin,binary,,,9.606183,30,8,1,0.650136,,0.650136,frame_00000.png,frame_00118.png,r180_e125_f0.mp4,180 Hz,1/125,蛍光灯なし,59.606 fps,180,125,0,12,rice,G,G,4,,,frame_00000.png,frame_00118.png,QR未検出,119,1.996437
rice_G_4,lockin,0,0,QR未検出,,lockin,binary,,,9.606183,50,8,1,0.650222,,0.650222,frame_00000.png,frame_00118.png,r180_e125_f0.mp4,180 Hz,1/125,蛍光灯なし,59.606 fps,180,125,0,12,rice,G,G,4,,,frame_00000.png,frame_00118.png,QR未検出,119,1.996437
rice_G_4,lockin,0,0,QR未検出,,lockin,binary,,,9.606183,70,8,1,0.650222,,0.650222,frame_00000.png,frame_00118.png,r180_e125_f0.mp4,180 Hz,1/125,蛍光灯なし,59.606 fps,180,125,0,12,rice,G,G,4,,,frame_00000.png,frame_00118.png,QR未検出,119,1.996437
rice_G_4,lockin,0,0,QR未検出,,lockin,binary,,,9.606183,901,8,1,0.638367,,0.638367,frame_00000.png,frame_00118.png,r180_e125_f0.mp4,180 Hz,1/125,蛍光灯なし,59.606 fps,180,125,0,12,rice,G,G,4,,,frame_00000.png,frame_00118.png,QR未検出,119,1.996437
rice_G_4,lockin,0,0,QR未検出,,lockin,binary,,,9.606183,902,8,1,0.564421,,0.564421,frame_00000.png,frame_00118.png,r180_e125_f0.mp4,180 Hz,1/125,蛍光灯なし,59.606 fps,180,125,0,12,rice,G,G,4,,,frame_00000.png,frame_00118.png,QR未検出,119,1.996437
rice_G_4,lockin,0,0,QR未検出,,lockin,binary,,,14.606183,30,8,1,0.650185,,0.650185,frame_00000.png,frame_00118.png,r180_e125_f0.mp4,180 Hz,1/125,蛍光灯なし,59.606 fps,180,125,0,12,rice,G,G,4,,,frame_00000.png,frame_00118.png,QR未検出,119,1.996437
rice_G_4,lockin,0,0,QR未検出,,lockin,binary,,,14.606183,50,8,1,0.650222,,0.650222,frame_00000.png,frame_00118.png,r180_e125_f0.mp4,180 Hz,1/125,蛍光灯なし,59.606 fps,180,125,0,12,rice,G,G,4,,,frame_00000.png,frame_00118.png,QR未検出,119,1.996437
rice_G_4,lockin,0,0,QR未検出,,lockin,binary,,,14.606183,70,8,1,0.650222,,0.650222,frame_00000.png,frame_00118.png,r180_e125_f0.mp4,180 Hz,1/125,蛍光灯なし,59.606 fps,180,125,0,12,rice,G,G,4,,,frame_00000.png,frame_00118.png,QR未検出,119,1.996437
rice_G_4,lockin,0,0,QR未検出,,lockin,binary,,,14.606183,901,8,1,0.641288,,0.641288,frame_00000.png,frame_00118.png,r180_e125_f0.mp4,180 Hz,1/125,蛍光灯なし,59.606 fps,180,125,0,12,rice,G,G,4,,,frame_00000.png,frame_00118.png,QR未検出,119,1.996437
rice_G_4,lockin,0,0,QR未検出,,lockin,binary,,,14.606183,902,8,1,0.546756,,0.546756,frame_00000.png,frame_00118.png,r180_e125_f0.mp4,180 Hz,1/125,蛍光灯なし,59.606 fps,180,125,0,12,rice,G,G,4,,,frame_00000.png,frame_00118.png,QR未検出,119,1.996437
rice_G_4,lockin,0,0,QR未検出,,lockin,binary,,,15.787634,30,8,1,0.650122,,0.650122,frame_00000.png,frame_00118.png,r180_e125_f0.mp4,180 Hz,1/125,蛍光灯なし,59.606 fps,180,125,0,12,rice,G,G,4,,,frame_00000.png,frame_00118.png,QR未検出,119,1.996437
rice_G_4,lockin,0,0,QR未検出,,lockin,binary,,,15.787634,50,8,1,0.650222,,0.650222,frame_00000.png,frame_00118.png,r180_e125_f0.mp4,180 Hz,1/125,蛍光灯なし,59.606 fps,180,125,0,12,rice,G,G,4,,,frame_00000.png,frame_00118.png,QR未検出,119,1.996437
rice_G_4,lockin,0,0,QR未検出,,lockin,binary,,,15.787634,70,8,1,0.650222,,0.650222,frame_00000.png,frame_00118.png,r180_e125_f0.mp4,180 Hz,1/125,蛍光灯なし,59.606 fps,180,125,0,12,rice,G,G,4,,,frame_00000.png,frame_00118.png,QR未検出,119,1.996437
rice_G_4,lockin,0,0,QR未検出,,lockin,binary,,,15.787634,901,8,1,0.639626,,0.639626,frame_00000.png,frame_00118.png,r180_e125_f0.mp4,180 Hz,1/125,蛍光灯なし,59.606 fps,180,125,0,12,rice,G,G,4,,,frame_00000.png,frame_00118.png,QR未検出,119,1.996437
rice_G_4,lockin,0,0,QR未検出,,lockin,binary,,,15.787634,902,8,1,0.581711,,0.581711,frame_00000.png,frame_00118.png,r180_e125_f0.mp4,180 Hz,1/125,蛍光灯なし,59.606 fps,180,125,0,12,rice,G,G,4,,,frame_00000.png,frame_00118.png,QR未検出,119,1.996437
rice_G_4,lockin,0,0,QR未検出,,lockin,binary,,,29.212366,30,8,1,0.649980,,0.649980,frame_00000.png,frame_00118.png,r180_e125_f0.mp4,180 Hz,1/125,蛍光灯なし,59.606 fps,180,125,0,12,rice,G,G,4,,,frame_00000.png,frame_00118.png,QR未検出,119,1.996437
rice_G_4,lockin,0,0,QR未検出,,lockin,binary,,,29.212366,50,8,1,0.650222,,0.650222,frame_00000.png,frame_00118.png,r180_e125_f0.mp4,180 Hz,1/125,蛍光灯なし,59.606 fps,180,125,0,12,rice,G,G,4,,,frame_00000.png,frame_00118.png,QR未検出,119,1.996437
rice_G_4,lockin,0,0,QR未検出,,lockin,binary,,,29.212366,70,8,1,0.650222,,0.650222,frame_00000.png,frame_00118.png,r180_e125_f0.mp4,180 Hz,1/125,蛍光灯なし,59.606 fps,180,125,0,12,rice,G,G,4,,,frame_00000.png,frame_00118.png,QR未検出,119,1.996437
rice_G_4,lockin,0,0,QR未検出,,lockin,binary,,,29.212366,901,8,1,0.649992,,0.649992,frame_00000.png,frame_00118.png,r180_e125_f0.mp4,180 Hz,1/125,蛍光灯なし,59.606 fps,180,125,0,12,rice,G,G,4,,,frame_00000.png,frame_00118.png,QR未検出,119,1.996437
rice_G_4,lockin,0,0,QR未検出,,lockin,binary,,,29.212366,902,8,1,0.587009,,0.587009,frame_00000.png,frame_00118.png,r180_e125_f0.mp4,180 Hz,1/125,蛍光灯なし,59.606 fps,180,125,0,12,rice,G,G,4,,,frame_00000.png,frame_00118.png,QR未検出,119,1.996437
rice_G_8,lockin,0,0,QR未検出,,lockin,binary,,,9.606183,30,8,1,0.650222,,0.650222,frame_00000.png,frame_00118.png,r180_e125_f0.mp4,180 Hz,1/125,蛍光灯なし,59.606 fps,180,125,0,13,rice,G,G,8,,,frame_00000.png,frame_00118.png,QR未検出,119,1.996437
rice_G_8,lockin,0,0,QR未検出,,lockin,binary,,,9.606183,50,8,1,0.650222,,0.650222,frame_00000.png,frame_00118.png,r180_e125_f0.mp4,180 Hz,1/125,蛍光灯なし,59.606 fps,180,125,0,13,rice,G,G,8,,,frame_00000.png,frame_00118.png,QR未検出,119,1.996437
rice_G_8,lockin,0,0,QR未検出,,lockin,binary,,,9.606183,70,8,1,0.650222,,0.650222,frame_00000.png,frame_00118.png,r180_e125_f0.mp4,180 Hz,1/125,蛍光灯なし,59.606 fps,180,125,0,13,rice,G,G,8,,,frame_00000.png,frame_00118.png,QR未検出,119,1.996437
rice_G_8,lockin,0,0,QR未検出,,lockin,binary,,,9.606183,901,8,1,0.658975,,0.658975,frame_00000.png,frame_00118.png,r180_e125_f0.mp4,180 Hz,1/125,蛍光灯なし,59.606 fps,180,125,0,13,rice,G,G,8,,,frame_00000.png,frame_00118.png,QR未検出,119,1.996437
rice_G_8,lockin,0,0,QR未検出,,lockin,binary,,,9.606183,902,8,1,0.556513,,0.556513,frame_00000.png,frame_00118.png,r180_e125_f0.mp4,180 Hz,1/125,蛍光灯なし,59.606 fps,180,125,0,13,rice,G,G,8,,,frame_00000.png,frame_00118.png,QR未検出,119,1.996437
rice_G_8,lockin,0,0,QR未検出,,lockin,binary,,,14.606183,30,8,1,0.650194,,0.650194,frame_00000.png,frame_00118.png,r180_e125_f0.mp4,180 Hz,1/125,蛍光灯なし,59.606 fps,180,125,0,13,rice,G,G,8,,,frame_00000.png,frame_00118.png,QR未検出,119,1.996437
rice_G_8,lockin,0,0,QR未検出,,lockin,binary,,,14.606183,50,8,1,0.650222,,0.650222,frame_00000.png,frame_00118.png,r180_e125_f0.mp4,180 Hz,1/125,蛍光灯なし,59.606 fps,180,125,0,13,rice,G,G,8,,,frame_00000.png,frame_00118.png,QR未検出,119,1.996437
rice_G_8,lockin,0,0,QR未検出,,lockin,binary,,,14.606183,70,8,1,0.650222,,0.650222,frame_00000.png,frame_00118.png,r180_e125_f0.mp4,180 Hz,1/125,蛍光灯なし,59.606 fps,180,125,0,13,rice,G,G,8,,,frame_00000.png,frame_00118.png,QR未検出,119,1.996437
rice_G_8,lockin,0,0,QR未検出,,lockin,binary,,,14.606183,901,8,1,0.660634,,0.660634,frame_00000.png,frame_00118.png,r180_e125_f0.mp4,180 Hz,1/125,蛍光灯なし,59.606 fps,180,125,0,13,rice,G,G,8,,,frame_00000.png,frame_00118.png,QR未検出,119,1.996437
rice_G_8,lockin,0,0,QR未検出,,lockin,binary,,,14.606183,902,8,1,0.567663,,0.567663,frame_00000.png,frame_00118.png,r180_e125_f0.mp4,180 Hz,1/125,蛍光灯なし,59.606 fps,180,125,0,13,rice,G,G,8,,,frame_00000.png,frame_00118.png,QR未検出,119,1.996437
rice_G_8,lockin,0,0,QR未検出,,lockin,binary,,,15.787634,30,8,1,0.650222,,0.650222,frame_00000.png,frame_00118.png,r180_e125_f0.mp4,180 Hz,1/125,蛍光灯なし,59.606 fps,180,125,0,13,rice,G,G,8,,,frame_00000.png,frame_00118.png,QR未検出,119,1.996437
rice_G_8,lockin,0,0,QR未検出,,lockin,binary,,,15.787634,50,8,1,0.650222,,0.650222,frame_00000.png,frame_00118.png,r180_e125_f0.mp4,180 Hz,1/125,蛍光灯なし,59.606 fps,180,125,0,13,rice,G,G,8,,,frame_00000.png,frame_00118.png,QR未検出,119,1.996437
rice_G_8,lockin,0,0,QR未検出,,lockin,binary,,,15.787634,70,8,1,0.650222,,0.650222,frame_00000.png,frame_00118.png,r180_e125_f0.mp4,180 Hz,1/125,蛍光灯なし,59.606 fps,180,125,0,13,rice,G,G,8,,,frame_00000.png,frame_00118.png,QR未検出,119,1.996437
rice_G_8,lockin,0,0,QR未検出,,lockin,binary,,,15.787634,901,8,1,0.662681,,0.662681,frame_00000.png,frame_00118.png,r180_e125_f0.mp4,180 Hz,1/125,蛍光灯なし,59.606 fps,180,125,0,13,rice,G,G,8,,,frame_00000.png,frame_00118.png,QR未検出,119,1.996437
rice_G_8,lockin,0,0,QR未検出,,lockin,binary,,,15.787634,902,8,1,0.585687,,0.585687,frame_00000.png,frame_00118.png,r180_e125_f0.mp4,180 Hz,1/125,蛍光灯なし,59.606 fps,180,125,0,13,rice,G,G,8,,,frame_00000.png,frame_00118.png,QR未検出,119,1.996437
rice_G_8,lockin,0,0,QR未検出,,lockin,binary,,,29.212366,30,8,1,0.650117,,0.650117,frame_00000.png,frame_00118.png,r180_e125_f0.mp4,180 Hz,1/125,蛍光灯なし,59.606 fps,180,125,0,13,rice,G,G,8,,,frame_00000.png,frame_00118.png,QR未検出,119,1.996437
rice_G_8,lockin,0,0,QR未検出,,lockin,binary,,,29.212366,50,8,1,0.650222,,0.650222,frame_00000.png,frame_00118.png,r180_e125_f0.mp4,180 Hz,1/125,蛍光灯なし,59.606 fps,180,125,0,13,rice,G,G,8,,,frame_00000.png,frame_00118.png,QR未検出,119,1.996437
rice_G_8,lockin,0,0,QR未検出,,lockin,binary,,,29.212366,70,8,1,0.650222,,0.650222,frame_00000.png,frame_00118.png,r180_e125_f0.mp4,180 Hz,1/125,蛍光灯なし,59.606 fps,180,125,0,13,rice,G,G,8,,,frame_00000.png,frame_00118.png,QR未検出,119,1.996437
rice_G_8,lockin,0,0,QR未検出,,lockin,binary,,,29.212366,901,8,1,0.703233,,0.703233,frame_00000.png,frame_00118.png,r180_e125_f0.mp4,180 Hz,1/125,蛍光灯なし,59.606 fps,180,125,0,13,rice,G,G,8,,,frame_00000.png,frame_00118.png,QR未検出,119,1.996437
rice_G_8,lockin,0,0,QR未検出,,lockin,binary,,,29.212366,902,8,1,0.573374,,0.573374,frame_00000.png,frame_00118.png,r180_e125_f0.mp4,180 Hz,1/125,蛍光灯なし,59.606 fps,180,125,0,13,rice,G,G,8,,,frame_00000.png,frame_00118.png,QR未検出,119,1.996437
rice_I_12,lockin,0,0,QR未検出,,lockin,binary,,,9.606183,30,8,1,0.650078,,0.650078,frame_00000.png,frame_00118.png,r180_e125_f0.mp4,180 Hz,1/125,蛍光灯なし,59.606 fps,180,125,0,38,rice,min,I,12,,,frame_00000.png,frame_00118.png,QR未検出,119,1.996437
rice_I_12,lockin,0,0,QR未検出,,lockin,binary,,,9.606183,50,8,1,0.650185,,0.650185,frame_00000.png,frame_00118.png,r180_e125_f0.mp4,180 Hz,1/125,蛍光灯なし,59.606 fps,180,125,0,38,rice,min,I,12,,,frame_00000.png,frame_00118.png,QR未検出,119,1.996437
rice_I_12,lockin,0,0,QR未検出,,lockin,binary,,,9.606183,70,8,1,0.650222,,0.650222,frame_00000.png,frame_00118.png,r180_e125_f0.mp4,180 Hz,1/125,蛍光灯なし,59.606 fps,180,125,0,38,rice,min,I,12,,,frame_00000.png,frame_00118.png,QR未検出,119,1.996437
rice_I_12,lockin,0,0,QR未検出,,lockin,binary,,,9.606183,901,8,1,0.659825,,0.659825,frame_00000.png,frame_00118.png,r180_e125_f0.mp4,180 Hz,1/125,蛍光灯なし,59.606 fps,180,125,0,38,rice,min,I,12,,,frame_00000.png,frame_00118.png,QR未検出,119,1.996437
rice_I_12,lockin,0,0,QR未検出,,lockin,binary,,,9.606183,902,8,1,0.575327,,0.575327,frame_00000.png,frame_00118.png,r180_e125_f0.mp4,180 Hz,1/125,蛍光灯なし,59.606 fps,180,125,0,38,rice,min,I,12,,,frame_00000.png,frame_00118.png,QR未検出,119,1.996437
rice_I_12,lockin,0,0,QR未検出,,lockin,binary,,,14.606183,30,8,1,0.649396,,0.649396,frame_00000.png,frame_00118.png,r180_e125_f0.mp4,180 Hz,1/125,蛍光灯なし,59.606 fps,180,125,0,38,rice,min,I,12,,,frame_00000.png,frame_00118.png,QR未検出,119,1.996437
rice_I_12,lockin,0,0,QR未検出,,lockin,binary,,,14.606183,50,8,1,0.650096,,0.650096,frame_00000.png,frame_00118.png,r180_e125_f0.mp4,180 Hz,1/125,蛍光灯なし,59.606 fps,180,125,0,38,rice,min,I,12,,,frame_00000.png,frame_00118.png,QR未検出,119,1.996437
rice_I_12,lockin,0,0,QR未検出,,lockin,binary,,,14.606183,70,8,1,0.650222,,0.650222,frame_00000.png,frame_00118.png,r180_e125_f0.mp4,180 Hz,1/125,蛍光灯なし,59.606 fps,180,125,0,38,rice,min,I,12,,,frame_00000.png,frame_00118.png,QR未検出,119,1.996437
rice_I_12,lockin,0,0,QR未検出,,lockin,binary,,,14.606183,901,8,1,0.674162,,0.674162,frame_00000.png,frame_00118.png,r180_e125_f0.mp4,180 Hz,1/125,蛍光灯なし,59.606 fps,180,125,0,38,rice,min,I,12,,,frame_00000.png,frame_00118.png,QR未検出,119,1.996437
rice_I_12,lockin,0,0,QR未検出,,lockin,binary,,,14.606183,902,8,1,0.549196,,0.549196,frame_00000.png,frame_00118.png,r180_e125_f0.mp4,180 Hz,1/125,蛍光灯なし,59.606 fps,180,125,0,38,rice,min,I,12,,,frame_00000.png,frame_00118.png,QR未検出,119,1.996437
rice_I_12,lockin,0,0,QR未検出,,lockin,binary,,,15.787634,30,8,1,0.650019,,0.650019,frame_00000.png,frame_00118.png,r180_e125_f0.mp4,180 Hz,1/125,蛍光灯なし,59.606 fps,180,125,0,38,rice,min,I,12,,,frame_00000.png,frame_00118.png,QR未検出,119,1.996437
rice_I_12,lockin,0,0,QR未検出,,lockin,binary,,,15.787634,50,8,1,0.650113,,0.650113,frame_00000.png,frame_00118.png,r180_e125_f0.mp4,180 Hz,1/125,蛍光灯なし,59.606 fps,180,125,0,38,rice,min,I,12,,,frame_00000.png,frame_00118.png,QR未検出,119,1.996437
rice_I_12,lockin,0,0,QR未検出,,lockin,binary,,,15.787634,70,8,1,0.650157,,0.650157,frame_00000.png,frame_00118.png,r180_e125_f0.mp4,180 Hz,1/125,蛍光灯なし,59.606 fps,180,125,0,38,rice,min,I,12,,,frame_00000.png,frame_00118.png,QR未検出,119,1.996437
rice_I_12,lockin,0,0,QR未検出,,lockin,binary,,,15.787634,901,8,1,0.692983,,0.692983,frame_00000.png,frame_00118.png,r180_e125_f0.mp4,180 Hz,1/125,蛍光灯なし,59.606 fps,180,125,0,38,rice,min,I,12,,,frame_00000.png,frame_00118.png,QR未検出,119,1.996437
rice_I_12,lockin,0,0,QR未検出,,lockin,binary,,,15.787634,902,8,1,0.611510,,0.611510,frame_00000.png,frame_00118.png,r180_e125_f0.mp4,180 Hz,1/125,蛍光灯なし,59.606 fps,180,125,0,38,rice,min,I,12,,,frame_00000.png,frame_00118.png,QR未検出,119,1.996437
rice_I_12,lockin,0,0,QR未検出,,lockin,binary,,,29.212366,30,8,1,0.729123,,0.729123,frame_00000.png,frame_00118.png,r180_e125_f0.mp4,180 Hz,1/125,蛍光灯なし,59.606 fps,180,125,0,38,rice,min,I,12,,,frame_00000.png,frame_00118.png,QR未検出,119,1.996437
rice_I_12,lockin,0,0,QR未検出,,lockin,binary,,,29.212366,50,8,1,0.656711,,0.656711,frame_00000.png,frame_00118.png,r180_e125_f0.mp4,180 Hz,1/125,蛍光灯なし,59.606 fps,180,125,0,38,rice,min,I,12,,,frame_00000.png,frame_00118.png,QR未検出,119,1.996437
rice_I_12,lockin,0,0,QR未検出,,lockin,binary,,,29.212366,70,8,1,0.650243,,0.650243,frame_00000.png,frame_00118.png,r180_e125_f0.mp4,180 Hz,1/125,蛍光灯なし,59.606 fps,180,125,0,38,rice,min,I,12,,,frame_00000.png,frame_00118.png,QR未検出,119,1.996437
rice_I_12,lockin,1,0,QR未検出,,lockin,binary,,,29.212366,901,8,1,0.852690,,0.852690,frame_00000.png,frame_00118.png,r180_e125_f0.mp4,180 Hz,1/125,蛍光灯なし,59.606 fps,180,125,0,38,rice,min,I,12,,,frame_00000.png,frame_00118.png,QR未検出,119,1.996437
rice_I_12,lockin,0,0,QR未検出,,lockin,binary,,,29.212366,902,8,1,0.542869,,0.542869,frame_00000.png,frame_00118.png,r180_e125_f0.mp4,180 Hz,1/125,蛍光灯なし,59.606 fps,180,125,0,38,rice,min,I,12,,,frame_00000.png,frame_00118.png,QR未検出,119,1.996437
rice_I_4,lockin,0,0,QR未検出,,lockin,binary,,,9.606183,30,8,1,0.649912,,0.649912,frame_00000.png,frame_00118.png,r180_e125_f0.mp4,180 Hz,1/125,蛍光灯なし,59.606 fps,180,125,0,36,rice,min,I,4,,,frame_00000.png,frame_00118.png,QR未検出,119,1.996437
rice_I_4,lockin,0,0,QR未検出,,lockin,binary,,,9.606183,50,8,1,0.650101,,0.650101,frame_00000.png,frame_00118.png,r180_e125_f0.mp4,180 Hz,1/125,蛍光灯なし,59.606 fps,180,125,0,36,rice,min,I,4,,,frame_00000.png,frame_00118.png,QR未検出,119,1.996437
rice_I_4,lockin,0,0,QR未検出,,lockin,binary,,,9.606183,70,8,1,0.650195,,0.650195,frame_00000.png,frame_00118.png,r180_e125_f0.mp4,180 Hz,1/125,蛍光灯なし,59.606 fps,180,125,0,36,rice,min,I,4,,,frame_00000.png,frame_00118.png,QR未検出,119,1.996437
rice_I_4,lockin,0,0,QR未検出,,lockin,binary,,,9.606183,901,8,1,0.633152,,0.633152,frame_00000.png,frame_00118.png,r180_e125_f0.mp4,180 Hz,1/125,蛍光灯なし,59.606 fps,180,125,0,36,rice,min,I,4,,,frame_00000.png,frame_00118.png,QR未検出,119,1.996437
rice_I_4,lockin,0,0,QR未検出,,lockin,binary,,,9.606183,902,8,1,0.563707,,0.563707,frame_00000.png,frame_00118.png,r180_e125_f0.mp4,180 Hz,1/125,蛍光灯なし,59.606 fps,180,125,0,36,rice,min,I,4,,,frame_00000.png,frame_00118.png,QR未検出,119,1.996437
rice_I_4,lockin,0,0,QR未検出,,lockin,binary,,,14.606183,30,8,1,0.650027,,0.650027,frame_00000.png,frame_00118.png,r180_e125_f0.mp4,180 Hz,1/125,蛍光灯なし,59.606 fps,180,125,0,36,rice,min,I,4,,,frame_00000.png,frame_00118.png,QR未検出,119,1.996437
rice_I_4,lockin,0,0,QR未検出,,lockin,binary,,,14.606183,50,8,1,0.650127,,0.650127,frame_00000.png,frame_00118.png,r180_e125_f0.mp4,180 Hz,1/125,蛍光灯なし,59.606 fps,180,125,0,36,rice,min,I,4,,,frame_00000.png,frame_00118.png,QR未検出,119,1.996437
rice_I_4,lockin,0,0,QR未検出,,lockin,binary,,,14.606183,70,8,1,0.650160,,0.650160,frame_00000.png,frame_00118.png,r180_e125_f0.mp4,180 Hz,1/125,蛍光灯なし,59.606 fps,180,125,0,36,rice,min,I,4,,,frame_00000.png,frame_00118.png,QR未検出,119,1.996437
rice_I_4,lockin,0,0,QR未検出,,lockin,binary,,,14.606183,901,8,1,0.637346,,0.637346,frame_00000.png,frame_00118.png,r180_e125_f0.mp4,180 Hz,1/125,蛍光灯なし,59.606 fps,180,125,0,36,rice,min,I,4,,,frame_00000.png,frame_00118.png,QR未検出,119,1.996437
rice_I_4,lockin,0,0,QR未検出,,lockin,binary,,,14.606183,902,8,1,0.591224,,0.591224,frame_00000.png,frame_00118.png,r180_e125_f0.mp4,180 Hz,1/125,蛍光灯なし,59.606 fps,180,125,0,36,rice,min,I,4,,,frame_00000.png,frame_00118.png,QR未検出,119,1.996437
rice_I_4,lockin,0,0,QR未検出,,lockin,binary,,,15.787634,30,8,1,0.650033,,0.650033,frame_00000.png,frame_00118.png,r180_e125_f0.mp4,180 Hz,1/125,蛍光灯なし,59.606 fps,180,125,0,36,rice,min,I,4,,,frame_00000.png,frame_00118.png,QR未検出,119,1.996437
rice_I_4,lockin,0,0,QR未検出,,lockin,binary,,,15.787634,50,8,1,0.650145,,0.650145,frame_00000.png,frame_00118.png,r180_e125_f0.mp4,180 Hz,1/125,蛍光灯なし,59.606 fps,180,125,0,36,rice,min,I,4,,,frame_00000.png,frame_00118.png,QR未検出,119,1.996437
rice_I_4,lockin,0,0,QR未検出,,lockin,binary,,,15.787634,70,8,1,0.650150,,0.650150,frame_00000.png,frame_00118.png,r180_e125_f0.mp4,180 Hz,1/125,蛍光灯なし,59.606 fps,180,125,0,36,rice,min,I,4,,,frame_00000.png,frame_00118.png,QR未検出,119,1.996437
rice_I_4,lockin,0,0,QR未検出,,lockin,binary,,,15.787634,901,8,1,0.638173,,0.638173,frame_00000.png,frame_00118.png,r180_e125_f0.mp4,180 Hz,1/125,蛍光灯なし,59.606 fps,180,125,0,36,rice,min,I,4,,,frame_00000.png,frame_00118.png,QR未検出,119,1.996437
rice_I_4,lockin,0,0,QR未検出,,lockin,binary,,,15.787634,902,8,1,0.629341,,0.629341,frame_00000.png,frame_00118.png,r180_e125_f0.mp4,180 Hz,1/125,蛍光灯なし,59.606 fps,180,125,0,36,rice,min,I,4,,,frame_00000.png,frame_00118.png,QR未検出,119,1.996437
rice_I_4,lockin,1,0,QR未検出,,lockin,binary,,,29.212366,30,8,1,0.650232,,0.650232,frame_00000.png,frame_00118.png,r180_e125_f0.mp4,180 Hz,1/125,蛍光灯なし,59.606 fps,180,125,0,36,rice,min,I,4,,,frame_00000.png,frame_00118.png,QR未検出,119,1.996437
rice_I_4,lockin,0,0,QR未検出,,lockin,binary,,,29.212366,50,8,1,0.650199,,0.650199,frame_00000.png,frame_00118.png,r180_e125_f0.mp4,180 Hz,1/125,蛍光灯なし,59.606 fps,180,125,0,36,rice,min,I,4,,,frame_00000.png,frame_00118.png,QR未検出,119,1.996437
rice_I_4,lockin,0,0,QR未検出,,lockin,binary,,,29.212366,70,8,1,0.650194,,0.650194,frame_00000.png,frame_00118.png,r180_e125_f0.mp4,180 Hz,1/125,蛍光灯なし,59.606 fps,180,125,0,36,rice,min,I,4,,,frame_00000.png,frame_00118.png,QR未検出,119,1.996437
rice_I_4,lockin,0,0,QR未検出,,lockin,binary,,,29.212366,901,8,1,0.644726,,0.644726,frame_00000.png,frame_00118.png,r180_e125_f0.mp4,180 Hz,1/125,蛍光灯なし,59.606 fps,180,125,0,36,rice,min,I,4,,,frame_00000.png,frame_00118.png,QR未検出,119,1.996437
rice_I_4,lockin,0,0,QR未検出,,lockin,binary,,,29.212366,902,8,1,0.590014,,0.590014,frame_00000.png,frame_00118.png,r180_e125_f0.mp4,180 Hz,1/125,蛍光灯なし,59.606 fps,180,125,0,36,rice,min,I,4,,,frame_00000.png,frame_00118.png,QR未検出,119,1.996437
rice_I_8,lockin,0,0,QR未検出,,lockin,binary,,,9.606183,30,8,1,0.649970,,0.649970,frame_00000.png,frame_00118.png,r180_e125_f0.mp4,180 Hz,1/125,蛍光灯なし,59.606 fps,180,125,0,37,rice,min,I,8,,,frame_00000.png,frame_00118.png,QR未検出,119,1.996437
rice_I_8,lockin,0,0,QR未検出,,lockin,binary,,,9.606183,50,8,1,0.650143,,0.650143,frame_00000.png,frame_00118.png,r180_e125_f0.mp4,180 Hz,1/125,蛍光灯なし,59.606 fps,180,125,0,37,rice,min,I,8,,,frame_00000.png,frame_00118.png,QR未検出,119,1.996437
rice_I_8,lockin,0,0,QR未検出,,lockin,binary,,,9.606183,70,8,1,0.650188,,0.650188,frame_00000.png,frame_00118.png,r180_e125_f0.mp4,180 Hz,1/125,蛍光灯なし,59.606 fps,180,125,0,37,rice,min,I,8,,,frame_00000.png,frame_00118.png,QR未検出,119,1.996437
rice_I_8,lockin,0,0,QR未検出,,lockin,binary,,,9.606183,901,8,1,0.659157,,0.659157,frame_00000.png,frame_00118.png,r180_e125_f0.mp4,180 Hz,1/125,蛍光灯なし,59.606 fps,180,125,0,37,rice,min,I,8,,,frame_00000.png,frame_00118.png,QR未検出,119,1.996437
rice_I_8,lockin,0,0,QR未検出,,lockin,binary,,,9.606183,902,8,1,0.550651,,0.550651,frame_00000.png,frame_00118.png,r180_e125_f0.mp4,180 Hz,1/125,蛍光灯なし,59.606 fps,180,125,0,37,rice,min,I,8,,,frame_00000.png,frame_00118.png,QR未検出,119,1.996437
rice_I_8,lockin,0,0,QR未検出,,lockin,binary,,,14.606183,30,8,1,0.650208,,0.650208,frame_00000.png,frame_00118.png,r180_e125_f0.mp4,180 Hz,1/125,蛍光灯なし,59.606 fps,180,125,0,37,rice,min,I,8,,,frame_00000.png,frame_00118.png,QR未検出,119,1.996437
rice_I_8,lockin,0,0,QR未検出,,lockin,binary,,,14.606183,50,8,1,0.650222,,0.650222,frame_00000.png,frame_00118.png,r180_e125_f0.mp4,180 Hz,1/125,蛍光灯なし,59.606 fps,180,125,0,37,rice,min,I,8,,,frame_00000.png,frame_00118.png,QR未検出,119,1.996437
rice_I_8,lockin,0,0,QR未検出,,lockin,binary,,,14.606183,70,8,1,0.650222,,0.650222,frame_00000.png,frame_00118.png,r180_e125_f0.mp4,180 Hz,1/125,蛍光灯なし,59.606 fps,180,125,0,37,rice,min,I,8,,,frame_00000.png,frame_00118.png,QR未検出,119,1.996437
rice_I_8,lockin,0,0,QR未検出,,lockin,binary,,,14.606183,901,8,1,0.658013,,0.658013,frame_00000.png,frame_00118.png,r180_e125_f0.mp4,180 Hz,1/125,蛍光灯なし,59.606 fps,180,125,0,37,rice,min,I,8,,,frame_00000.png,frame_00118.png,QR未検出,119,1.996437
rice_I_8,lockin,0,0,QR未検出,,lockin,binary,,,14.606183,902,8,1,0.578938,,0.578938,frame_00000.png,frame_00118.png,r180_e125_f0.mp4,180 Hz,1/125,蛍光灯なし,59.606 fps,180,125,0,37,rice,min,I,8,,,frame_00000.png,frame_00118.png,QR未検出,119,1.996437
rice_I_8,lockin,0,0,QR未検出,,lockin,binary,,,15.787634,30,8,1,0.650110,,0.650110,frame_00000.png,frame_00118.png,r180_e125_f0.mp4,180 Hz,1/125,蛍光灯なし,59.606 fps,180,125,0,37,rice,min,I,8,,,frame_00000.png,frame_00118.png,QR未検出,119,1.996437
rice_I_8,lockin,0,0,QR未検出,,lockin,binary,,,15.787634,50,8,1,0.650222,,0.650222,frame_00000.png,frame_00118.png,r180_e125_f0.mp4,180 Hz,1/125,蛍光灯なし,59.606 fps,180,125,0,37,rice,min,I,8,,,frame_00000.png,frame_00118.png,QR未検出,119,1.996437
rice_I_8,lockin,0,0,QR未検出,,lockin,binary,,,15.787634,70,8,1,0.650222,,0.650222,frame_00000.png,frame_00118.png,r180_e125_f0.mp4,180 Hz,1/125,蛍光灯なし,59.606 fps,180,125,0,37,rice,min,I,8,,,frame_00000.png,frame_00118.png,QR未検出,119,1.996437
rice_I_8,lockin,0,0,QR未検出,,lockin,binary,,,15.787634,901,8,1,0.657876,,0.657876,frame_00000.png,frame_00118.png,r180_e125_f0.mp4,180 Hz,1/125,蛍光灯なし,59.606 fps,180,125,0,37,rice,min,I,8,,,frame_00000.png,frame_00118.png,QR未検出,119,1.996437
rice_I_8,lockin,0,0,QR未検出,,lockin,binary,,,15.787634,902,8,1,0.573953,,0.573953,frame_00000.png,frame_00118.png,r180_e125_f0.mp4,180 Hz,1/125,蛍光灯なし,59.606 fps,180,125,0,37,rice,min,I,8,,,frame_00000.png,frame_00118.png,QR未検出,119,1.996437
rice_I_8,lockin,0,0,QR未検出,,lockin,binary,,,29.212366,30,8,1,0.649931,,0.649931,frame_00000.png,frame_00118.png,r180_e125_f0.mp4,180 Hz,1/125,蛍光灯なし,59.606 fps,180,125,0,37,rice,min,I,8,,,frame_00000.png,frame_00118.png,QR未検出,119,1.996437
rice_I_8,lockin,0,0,QR未検出,,lockin,binary,,,29.212366,50,8,1,0.650166,,0.650166,frame_00000.png,frame_00118.png,r180_e125_f0.mp4,180 Hz,1/125,蛍光灯なし,59.606 fps,180,125,0,37,rice,min,I,8,,,frame_00000.png,frame_00118.png,QR未検出,119,1.996437
rice_I_8,lockin,0,0,QR未検出,,lockin,binary,,,29.212366,70,8,1,0.650222,,0.650222,frame_00000.png,frame_00118.png,r180_e125_f0.mp4,180 Hz,1/125,蛍光灯なし,59.606 fps,180,125,0,37,rice,min,I,8,,,frame_00000.png,frame_00118.png,QR未検出,119,1.996437
rice_I_8,lockin,0,0,QR未検出,,lockin,binary,,,29.212366,901,8,1,0.695146,,0.695146,frame_00000.png,frame_00118.png,r180_e125_f0.mp4,180 Hz,1/125,蛍光灯なし,59.606 fps,180,125,0,37,rice,min,I,8,,,frame_00000.png,frame_00118.png,QR未検出,119,1.996437
rice_I_8,lockin,0,0,QR未検出,,lockin,binary,,,29.212366,902,8,1,0.566619,,0.566619,frame_00000.png,frame_00118.png,r180_e125_f0.mp4,180 Hz,1/125,蛍光灯なし,59.606 fps,180,125,0,37,rice,min,I,8,,,frame_00000.png,frame_00118.png,QR未検出,119,1.996437
rice_R_12,lockin,0,0,QR未検出,,lockin,binary,,,9.606183,30,8,1,0.650326,,0.650326,frame_00000.png,frame_00118.png,r180_e125_f0.mp4,180 Hz,1/125,蛍光灯なし,59.606 fps,180,125,0,2,rice,R,R,12,,,frame_00000.png,frame_00118.png,QR未検出,119,1.996437
rice_R_12,lockin,0,0,QR未検出,,lockin,binary,,,9.606183,50,8,1,0.650222,,0.650222,frame_00000.png,frame_00118.png,r180_e125_f0.mp4,180 Hz,1/125,蛍光灯なし,59.606 fps,180,125,0,2,rice,R,R,12,,,frame_00000.png,frame_00118.png,QR未検出,119,1.996437
rice_R_12,lockin,0,0,QR未検出,,lockin,binary,,,9.606183,70,8,1,0.650222,,0.650222,frame_00000.png,frame_00118.png,r180_e125_f0.mp4,180 Hz,1/125,蛍光灯なし,59.606 fps,180,125,0,2,rice,R,R,12,,,frame_00000.png,frame_00118.png,QR未検出,119,1.996437
rice_R_12,lockin,0,0,QR未検出,,lockin,binary,,,9.606183,901,8,1,0.609241,,0.609241,frame_00000.png,frame_00118.png,r180_e125_f0.mp4,180 Hz,1/125,蛍光灯なし,59.606 fps,180,125,0,2,rice,R,R,12,,,frame_00000.png,frame_00118.png,QR未検出,119,1.996437
rice_R_12,lockin,0,0,QR未検出,,lockin,binary,,,9.606183,902,8,1,0.613734,,0.613734,frame_00000.png,frame_00118.png,r180_e125_f0.mp4,180 Hz,1/125,蛍光灯なし,59.606 fps,180,125,0,2,rice,R,R,12,,,frame_00000.png,frame_00118.png,QR未検出,119,1.996437
rice_R_12,lockin,0,0,QR未検出,,lockin,binary,,,14.606183,30,8,1,0.650250,,0.650250,frame_00000.png,frame_00118.png,r180_e125_f0.mp4,180 Hz,1/125,蛍光灯なし,59.606 fps,180,125,0,2,rice,R,R,12,,,frame_00000.png,frame_00118.png,QR未検出,119,1.996437
rice_R_12,lockin,0,0,QR未検出,,lockin,binary,,,14.606183,50,8,1,0.650222,,0.650222,frame_00000.png,frame_00118.png,r180_e125_f0.mp4,180 Hz,1/125,蛍光灯なし,59.606 fps,180,125,0,2,rice,R,R,12,,,frame_00000.png,frame_00118.png,QR未検出,119,1.996437
rice_R_12,lockin,0,0,QR未検出,,lockin,binary,,,14.606183,70,8,1,0.650222,,0.650222,frame_00000.png,frame_00118.png,r180_e125_f0.mp4,180 Hz,1/125,蛍光灯なし,59.606 fps,180,125,0,2,rice,R,R,12,,,frame_00000.png,frame_00118.png,QR未検出,119,1.996437
rice_R_12,lockin,0,0,QR未検出,,lockin,binary,,,14.606183,901,8,1,0.629801,,0.629801,frame_00000.png,frame_00118.png,r180_e125_f0.mp4,180 Hz,1/125,蛍光灯なし,59.606 fps,180,125,0,2,rice,R,R,12,,,frame_00000.png,frame_00118.png,QR未検出,119,1.996437
rice_R_12,lockin,0,0,QR未検出,,lockin,binary,,,14.606183,902,8,1,0.593410,,0.593410,frame_00000.png,frame_00118.png,r180_e125_f0.mp4,180 Hz,1/125,蛍光灯なし,59.606 fps,180,125,0,2,rice,R,R,12,,,frame_00000.png,frame_00118.png,QR未検出,119,1.996437
rice_R_12,lockin,0,0,QR未検出,,lockin,binary,,,15.787634,30,8,1,0.650279,,0.650279,frame_00000.png,frame_00118.png,r180_e125_f0.mp4,180 Hz,1/125,蛍光灯なし,59.606 fps,180,125,0,2,rice,R,R,12,,,frame_00000.png,frame_00118.png,QR未検出,119,1.996437
rice_R_12,lockin,0,0,QR未検出,,lockin,binary,,,15.787634,50,8,1,0.650222,,0.650222,frame_00000.png,frame_00118.png,r180_e125_f0.mp4,180 Hz,1/125,蛍光灯なし,59.606 fps,180,125,0,2,rice,R,R,12,,,frame_00000.png,frame_00118.png,QR未検出,119,1.996437
rice_R_12,lockin,0,0,QR未検出,,lockin,binary,,,15.787634,70,8,1,0.650222,,0.650222,frame_00000.png,frame_00118.png,r180_e125_f0.mp4,180 Hz,1/125,蛍光灯なし,59.606 fps,180,125,0,2,rice,R,R,12,,,frame_00000.png,frame_00118.png,QR未検出,119,1.996437
rice_R_12,lockin,0,0,QR未検出,,lockin,binary,,,15.787634,901,8,1,0.647156,,0.647156,frame_00000.png,frame_00118.png,r180_e125_f0.mp4,180 Hz,1/125,蛍光灯なし,59.606 fps,180,125,0,2,rice,R,R,12,,,frame_00000.png,frame_00118.png,QR未検出,119,1.996437
rice_R_12,lockin,0,0,QR未検出,,lockin,binary,,,15.787634,902,8,1,0.598148,,0.598148,frame_00000.png,frame_00118.png,r180_e125_f0.mp4,180 Hz,1/125,蛍光灯なし,59.606 fps,180,125,0,2,rice,R,R,12,,,frame_00000.png,frame_00118.png,QR未検出,119,1.996437
rice_R_12,lockin,0,0,QR未検出,,lockin,binary,,,29.212366,30,8,1,0.693458,,0.693458,frame_00000.png,frame_00118.png,r180_e125_f0.mp4,180 Hz,1/125,蛍光灯なし,59.606 fps,180,125,0,2,rice,R,R,12,,,frame_00000.png,frame_00118.png,QR未検出,119,1.996437
rice_R_12,lockin,0,0,QR未検出,,lockin,binary,,,29.212366,50,8,1,0.650426,,0.650426,frame_00000.png,frame_00118.png,r180_e125_f0.mp4,180 Hz,1/125,蛍光灯なし,59.606 fps,180,125,0,2,rice,R,R,12,,,frame_00000.png,frame_00118.png,QR未検出,119,1.996437
rice_R_12,lockin,0,0,QR未検出,,lockin,binary,,,29.212366,70,8,1,0.650222,,0.650222,frame_00000.png,frame_00118.png,r180_e125_f0.mp4,180 Hz,1/125,蛍光灯なし,59.606 fps,180,125,0,2,rice,R,R,12,,,frame_00000.png,frame_00118.png,QR未検出,119,1.996437
rice_R_12,lockin,1,0,QR未検出,,lockin,binary,,,29.212366,901,8,1,0.858674,,0.858674,frame_00000.png,frame_00118.png,r180_e125_f0.mp4,180 Hz,1/125,蛍光灯なし,59.606 fps,180,125,0,2,rice,R,R,12,,,frame_00000.png,frame_00118.png,QR未検出,119,1.996437
rice_R_12,lockin,0,0,QR未検出,,lockin,binary,,,29.212366,902,8,1,0.545504,,0.545504,frame_00000.png,frame_00118.png,r180_e125_f0.mp4,180 Hz,1/125,蛍光灯なし,59.606 fps,180,125,0,2,rice,R,R,12,,,frame_00000.png,frame_00118.png,QR未検出,119,1.996437
rice_R_4,lockin,0,0,QR未検出,,lockin,binary,,,9.606183,30,8,1,0.650208,,0.650208,frame_00000.png,frame_00118.png,r180_e125_f0.mp4,180 Hz,1/125,蛍光灯なし,59.606 fps,180,125,0,0,rice,R,R,4,,,frame_00000.png,frame_00118.png,QR未検出,119,1.996437
rice_R_4,lockin,0,0,QR未検出,,lockin,binary,,,9.606183,50,8,1,0.650222,,0.650222,frame_00000.png,frame_00118.png,r180_e125_f0.mp4,180 Hz,1/125,蛍光灯なし,59.606 fps,180,125,0,0,rice,R,R,4,,,frame_00000.png,frame_00118.png,QR未検出,119,1.996437
rice_R_4,lockin,0,0,QR未検出,,lockin,binary,,,9.606183,70,8,1,0.650222,,0.650222,frame_00000.png,frame_00118.png,r180_e125_f0.mp4,180 Hz,1/125,蛍光灯なし,59.606 fps,180,125,0,0,rice,R,R,4,,,frame_00000.png,frame_00118.png,QR未検出,119,1.996437
rice_R_4,lockin,0,0,QR未検出,,lockin,binary,,,9.606183,901,8,1,0.650608,,0.650608,frame_00000.png,frame_00118.png,r180_e125_f0.mp4,180 Hz,1/125,蛍光灯なし,59.606 fps,180,125,0,0,rice,R,R,4,,,frame_00000.png,frame_00118.png,QR未検出,119,1.996437
rice_R_4,lockin,0,0,QR未検出,,lockin,binary,,,9.606183,902,8,1,0.566848,,0.566848,frame_00000.png,frame_00118.png,r180_e125_f0.mp4,180 Hz,1/125,蛍光灯なし,59.606 fps,180,125,0,0,rice,R,R,4,,,frame_00000.png,frame_00118.png,QR未検出,119,1.996437
rice_R_4,lockin,0,0,QR未検出,,lockin,binary,,,14.606183,30,8,1,0.650148,,0.650148,frame_00000.png,frame_00118.png,r180_e125_f0.mp4,180 Hz,1/125,蛍光灯なし,59.606 fps,180,125,0,0,rice,R,R,4,,,frame_00000.png,frame_00118.png,QR未検出,119,1.996437
rice_R_4,lockin,0,0,QR未検出,,lockin,binary,,,14.606183,50,8,1,0.650222,,0.650222,frame_00000.png,frame_00118.png,r180_e125_f0.mp4,180 Hz,1/125,蛍光灯なし,59.606 fps,180,125,0,0,rice,R,R,4,,,frame_00000.png,frame_00118.png,QR未検出,119,1.996437
rice_R_4,lockin,0,0,QR未検出,,lockin,binary,,,14.606183,70,8,1,0.650222,,0.650222,frame_00000.png,frame_00118.png,r180_e125_f0.mp4,180 Hz,1/125,蛍光灯なし,59.606 fps,180,125,0,0,rice,R,R,4,,,frame_00000.png,frame_00118.png,QR未検出,119,1.996437
rice_R_4,lockin,0,0,QR未検出,,lockin,binary,,,14.606183,901,8,1,0.648477,,0.648477,frame_00000.png,frame_00118.png,r180_e125_f0.mp4,180 Hz,1/125,蛍光灯なし,59.606 fps,180,125,0,0,rice,R,R,4,,,frame_00000.png,frame_00118.png,QR未検出,119,1.996437
rice_R_4,lockin,0,0,QR未検出,,lockin,binary,,,14.606183,902,8,1,0.573824,,0.573824,frame_00000.png,frame_00118.png,r180_e125_f0.mp4,180 Hz,1/125,蛍光灯なし,59.606 fps,180,125,0,0,rice,R,R,4,,,frame_00000.png,frame_00118.png,QR未検出,119,1.996437
rice_R_4,lockin,0,0,QR未検出,,lockin,binary,,,15.787634,30,8,1,0.650138,,0.650138,frame_00000.png,frame_00118.png,r180_e125_f0.mp4,180 Hz,1/125,蛍光灯なし,59.606 fps,180,125,0,0,rice,R,R,4,,,frame_00000.png,frame_00118.png,QR未検出,119,1.996437
rice_R_4,lockin,0,0,QR未検出,,lockin,binary,,,15.787634,50,8,1,0.650206,,0.650206,frame_00000.png,frame_00118.png,r180_e125_f0.mp4,180 Hz,1/125,蛍光灯なし,59.606 fps,180,125,0,0,rice,R,R,4,,,frame_00000.png,frame_00118.png,QR未検出,119,1.996437
rice_R_4,lockin,0,0,QR未検出,,lockin,binary,,,15.787634,70,8,1,0.650222,,0.650222,frame_00000.png,frame_00118.png,r180_e125_f0.mp4,180 Hz,1/125,蛍光灯なし,59.606 fps,180,125,0,0,rice,R,R,4,,,frame_00000.png,frame_00118.png,QR未検出,119,1.996437
rice_R_4,lockin,0,0,QR未検出,,lockin,binary,,,15.787634,901,8,1,0.652360,,0.652360,frame_00000.png,frame_00118.png,r180_e125_f0.mp4,180 Hz,1/125,蛍光灯なし,59.606 fps,180,125,0,0,rice,R,R,4,,,frame_00000.png,frame_00118.png,QR未検出,119,1.996437
rice_R_4,lockin,0,0,QR未検出,,lockin,binary,,,15.787634,902,8,1,0.585135,,0.585135,frame_00000.png,frame_00118.png,r180_e125_f0.mp4,180 Hz,1/125,蛍光灯なし,59.606 fps,180,125,0,0,rice,R,R,4,,,frame_00000.png,frame_00118.png,QR未検出,119,1.996437
rice_R_4,lockin,0,0,QR未検出,,lockin,binary,,,29.212366,30,8,1,0.650066,,0.650066,frame_00000.png,frame_00118.png,r180_e125_f0.mp4,180 Hz,1/125,蛍光灯なし,59.606 fps,180,125,0,0,rice,R,R,4,,,frame_00000.png,frame_00118.png,QR未検出,119,1.996437
rice_R_4,lockin,0,0,QR未検出,,lockin,binary,,,29.212366,50,8,1,0.650222,,0.650222,frame_00000.png,frame_00118.png,r180_e125_f0.mp4,180 Hz,1/125,蛍光灯なし,59.606 fps,180,125,0,0,rice,R,R,4,,,frame_00000.png,frame_00118.png,QR未検出,119,1.996437
rice_R_4,lockin,0,0,QR未検出,,lockin,binary,,,29.212366,70,8,1,0.650222,,0.650222,frame_00000.png,frame_00118.png,r180_e125_f0.mp4,180 Hz,1/125,蛍光灯なし,59.606 fps,180,125,0,0,rice,R,R,4,,,frame_00000.png,frame_00118.png,QR未検出,119,1.996437
rice_R_4,lockin,0,0,QR未検出,,lockin,binary,,,29.212366,901,8,1,0.677992,,0.677992,frame_00000.png,frame_00118.png,r180_e125_f0.mp4,180 Hz,1/125,蛍光灯なし,59.606 fps,180,125,0,0,rice,R,R,4,,,frame_00000.png,frame_00118.png,QR未検出,119,1.996437
rice_R_4,lockin,0,0,QR未検出,,lockin,binary,,,29.212366,902,8,1,0.587557,,0.587557,frame_00000.png,frame_00118.png,r180_e125_f0.mp4,180 Hz,1/125,蛍光灯なし,59.606 fps,180,125,0,0,rice,R,R,4,,,frame_00000.png,frame_00118.png,QR未検出,119,1.996437
rice_R_8,lockin,0,0,QR未検出,,lockin,binary,,,9.606183,30,8,1,0.650101,,0.650101,frame_00000.png,frame_00118.png,r180_e125_f0.mp4,180 Hz,1/125,蛍光灯なし,59.606 fps,180,125,0,1,rice,R,R,8,,,frame_00000.png,frame_00118.png,QR未検出,119,1.996437
rice_R_8,lockin,0,0,QR未検出,,lockin,binary,,,9.606183,50,8,1,0.650222,,0.650222,frame_00000.png,frame_00118.png,r180_e125_f0.mp4,180 Hz,1/125,蛍光灯なし,59.606 fps,180,125,0,1,rice,R,R,8,,,frame_00000.png,frame_00118.png,QR未検出,119,1.996437
rice_R_8,lockin,0,0,QR未検出,,lockin,binary,,,9.606183,70,8,1,0.650222,,0.650222,frame_00000.png,frame_00118.png,r180_e125_f0.mp4,180 Hz,1/125,蛍光灯なし,59.606 fps,180,125,0,1,rice,R,R,8,,,frame_00000.png,frame_00118.png,QR未検出,119,1.996437
rice_R_8,lockin,0,0,QR未検出,,lockin,binary,,,9.606183,901,8,1,0.712667,,0.712667,frame_00000.png,frame_00118.png,r180_e125_f0.mp4,180 Hz,1/125,蛍光灯なし,59.606 fps,180,125,0,1,rice,R,R,8,,,frame_00000.png,frame_00118.png,QR未検出,119,1.996437
rice_R_8,lockin,0,0,QR未検出,,lockin,binary,,,9.606183,902,8,1,0.544403,,0.544403,frame_00000.png,frame_00118.png,r180_e125_f0.mp4,180 Hz,1/125,蛍光灯なし,59.606 fps,180,125,0,1,rice,R,R,8,,,frame_00000.png,frame_00118.png,QR未検出,119,1.996437
rice_R_8,lockin,0,0,QR未検出,,lockin,binary,,,14.606183,30,8,1,0.649929,,0.649929,frame_00000.png,frame_00118.png,r180_e125_f0.mp4,180 Hz,1/125,蛍光灯なし,59.606 fps,180,125,0,1,rice,R,R,8,,,frame_00000.png,frame_00118.png,QR未検出,119,1.996437
rice_R_8,lockin,0,0,QR未検出,,lockin,binary,,,14.606183,50,8,1,0.650222,,0.650222,frame_00000.png,frame_00118.png,r180_e125_f0.mp4,180 Hz,1/125,蛍光灯なし,59.606 fps,180,125,0,1,rice,R,R,8,,,frame_00000.png,frame_00118.png,QR未検出,119,1.996437
rice_R_8,lockin,0,0,QR未検出,,lockin,binary,,,14.606183,70,8,1,0.650222,,0.650222,frame_00000.png,frame_00118.png,r180_e125_f0.mp4,180 Hz,1/125,蛍光灯なし,59.606 fps,180,125,0,1,rice,R,R,8,,,frame_00000.png,frame_00118.png,QR未検出,119,1.996437
rice_R_8,lockin,0,0,QR未検出,,lockin,binary,,,14.606183,901,8,1,0.710375,,0.710375,frame_00000.png,frame_00118.png,r180_e125_f0.mp4,180 Hz,1/125,蛍光灯なし,59.606 fps,180,125,0,1,rice,R,R,8,,,frame_00000.png,frame_00118.png,QR未検出,119,1.996437
rice_R_8,lockin,0,0,QR未検出,,lockin,binary,,,14.606183,902,8,1,0.554065,,0.554065,frame_00000.png,frame_00118.png,r180_e125_f0.mp4,180 Hz,1/125,蛍光灯なし,59.606 fps,180,125,0,1,rice,R,R,8,,,frame_00000.png,frame_00118.png,QR未検出,119,1.996437
rice_R_8,lockin,0,0,QR未検出,,lockin,binary,,,15.787634,30,8,1,0.650209,,0.650209,frame_00000.png,frame_00118.png,r180_e125_f0.mp4,180 Hz,1/125,蛍光灯なし,59.606 fps,180,125,0,1,rice,R,R,8,,,frame_00000.png,frame_00118.png,QR未検出,119,1.996437
rice_R_8,lockin,0,0,QR未検出,,lockin,binary,,,15.787634,50,8,1,0.650222,,0.650222,frame_00000.png,frame_00118.png,r180_e125_f0.mp4,180 Hz,1/125,蛍光灯なし,59.606 fps,180,125,0,1,rice,R,R,8,,,frame_00000.png,frame_00118.png,QR未検出,119,1.996437
rice_R_8,lockin,0,0,QR未検出,,lockin,binary,,,15.787634,70,8,1,0.650222,,0.650222,frame_00000.png,frame_00118.png,r180_e125_f0.mp4,180 Hz,1/125,蛍光灯なし,59.606 fps,180,125,0,1,rice,R,R,8,,,frame_00000.png,frame_00118.png,QR未検出,119,1.996437
rice_R_8,lockin,0,0,QR未検出,,lockin,binary,,,15.787634,901,8,1,0.707037,,0.707037,frame_00000.png,frame_00118.png,r180_e125_f0.mp4,180 Hz,1/125,蛍光灯なし,59.606 fps,180,125,0,1,rice,R,R,8,,,frame_00000.png,frame_00118.png,QR未検出,119,1.996437
rice_R_8,lockin,0,0,QR未検出,,lockin,binary,,,15.787634,902,8,1,0.585066,,0.585066,frame_00000.png,frame_00118.png,r180_e125_f0.mp4,180 Hz,1/125,蛍光灯なし,59.606 fps,180,125,0,1,rice,R,R,8,,,frame_00000.png,frame_00118.png,QR未検出,119,1.996437
rice_R_8,lockin,0,0,QR未検出,,lockin,binary,,,29.212366,30,8,1,0.650066,,0.650066,frame_00000.png,frame_00118.png,r180_e125_f0.mp4,180 Hz,1/125,蛍光灯なし,59.606 fps,180,125,0,1,rice,R,R,8,,,frame_00000.png,frame_00118.png,QR未検出,119,1.996437
rice_R_8,lockin,0,0,QR未検出,,lockin,binary,,,29.212366,50,8,1,0.650222,,0.650222,frame_00000.png,frame_00118.png,r180_e125_f0.mp4,180 Hz,1/125,蛍光灯なし,59.606 fps,180,125,0,1,rice,R,R,8,,,frame_00000.png,frame_00118.png,QR未検出,119,1.996437
rice_R_8,lockin,0,0,QR未検出,,lockin,binary,,,29.212366,70,8,1,0.650222,,0.650222,frame_00000.png,frame_00118.png,r180_e125_f0.mp4,180 Hz,1/125,蛍光灯なし,59.606 fps,180,125,0,1,rice,R,R,8,,,frame_00000.png,frame_00118.png,QR未検出,119,1.996437
rice_R_8,lockin,1,0,QR未検出,,lockin,binary,,,29.212366,901,8,1,0.739537,,0.739537,frame_00000.png,frame_00118.png,r180_e125_f0.mp4,180 Hz,1/125,蛍光灯なし,59.606 fps,180,125,0,1,rice,R,R,8,,,frame_00000.png,frame_00118.png,QR未検出,119,1.996437
rice_R_8,lockin,0,0,QR未検出,,lockin,binary,,,29.212366,902,8,1,0.608226,,0.608226,frame_00000.png,frame_00118.png,r180_e125_f0.mp4,180 Hz,1/125,蛍光灯なし,59.606 fps,180,125,0,1,rice,R,R,8,,,frame_00000.png,frame_00118.png,QR未検出,119,1.996437
rice_X_12,lockin,0,0,QR未検出,,lockin,binary,,,9.606183,30,8,1,0.650284,,0.650284,frame_00000.png,frame_00118.png,r180_e125_f0.mp4,180 Hz,1/125,蛍光灯なし,59.606 fps,180,125,0,50,rice,max,X,12,,,frame_00000.png,frame_00118.png,QR未検出,119,1.996437
rice_X_12,lockin,0,0,QR未検出,,lockin,binary,,,9.606183,50,8,1,0.650222,,0.650222,frame_00000.png,frame_00118.png,r180_e125_f0.mp4,180 Hz,1/125,蛍光灯なし,59.606 fps,180,125,0,50,rice,max,X,12,,,frame_00000.png,frame_00118.png,QR未検出,119,1.996437
rice_X_12,lockin,0,0,QR未検出,,lockin,binary,,,9.606183,70,8,1,0.650222,,0.650222,frame_00000.png,frame_00118.png,r180_e125_f0.mp4,180 Hz,1/125,蛍光灯なし,59.606 fps,180,125,0,50,rice,max,X,12,,,frame_00000.png,frame_00118.png,QR未検出,119,1.996437
rice_X_12,lockin,0,0,QR未検出,,lockin,binary,,,9.606183,901,8,1,0.650892,,0.650892,frame_00000.png,frame_00118.png,r180_e125_f0.mp4,180 Hz,1/125,蛍光灯なし,59.606 fps,180,125,0,50,rice,max,X,12,,,frame_00000.png,frame_00118.png,QR未検出,119,1.996437
rice_X_12,lockin,0,0,QR未検出,,lockin,binary,,,9.606183,902,8,1,0.578399,,0.578399,frame_00000.png,frame_00118.png,r180_e125_f0.mp4,180 Hz,1/125,蛍光灯なし,59.606 fps,180,125,0,50,rice,max,X,12,,,frame_00000.png,frame_00118.png,QR未検出,119,1.996437
rice_X_12,lockin,0,0,QR未検出,,lockin,binary,,,14.606183,30,8,1,0.650372,,0.650372,frame_00000.png,frame_00118.png,r180_e125_f0.mp4,180 Hz,1/125,蛍光灯なし,59.606 fps,180,125,0,50,rice,max,X,12,,,frame_00000.png,frame_00118.png,QR未検出,119,1.996437
rice_X_12,lockin,0,0,QR未検出,,lockin,binary,,,14.606183,50,8,1,0.650272,,0.650272,frame_00000.png,frame_00118.png,r180_e125_f0.mp4,180 Hz,1/125,蛍光灯なし,59.606 fps,180,125,0,50,rice,max,X,12,,,frame_00000.png,frame_00118.png,QR未検出,119,1.996437
rice_X_12,lockin,0,0,QR未検出,,lockin,binary,,,14.606183,70,8,1,0.650222,,0.650222,frame_00000.png,frame_00118.png,r180_e125_f0.mp4,180 Hz,1/125,蛍光灯なし,59.606 fps,180,125,0,50,rice,max,X,12,,,frame_00000.png,frame_00118.png,QR未検出,119,1.996437
rice_X_12,lockin,0,0,QR未検出,,lockin,binary,,,14.606183,901,8,1,0.667515,,0.667515,frame_00000.png,frame_00118.png,r180_e125_f0.mp4,180 Hz,1/125,蛍光灯なし,59.606 fps,180,125,0,50,rice,max,X,12,,,frame_00000.png,frame_00118.png,QR未検出,119,1.996437
rice_X_12,lockin,0,0,QR未検出,,lockin,binary,,,14.606183,902,8,1,0.579904,,0.579904,frame_00000.png,frame_00118.png,r180_e125_f0.mp4,180 Hz,1/125,蛍光灯なし,59.606 fps,180,125,0,50,rice,max,X,12,,,frame_00000.png,frame_00118.png,QR未検出,119,1.996437
rice_X_12,lockin,0,0,QR未検出,,lockin,binary,,,15.787634,30,8,1,0.650211,,0.650211,frame_00000.png,frame_00118.png,r180_e125_f0.mp4,180 Hz,1/125,蛍光灯なし,59.606 fps,180,125,0,50,rice,max,X,12,,,frame_00000.png,frame_00118.png,QR未検出,119,1.996437
rice_X_12,lockin,0,0,QR未検出,,lockin,binary,,,15.787634,50,8,1,0.650222,,0.650222,frame_00000.png,frame_00118.png,r180_e125_f0.mp4,180 Hz,1/125,蛍光灯なし,59.606 fps,180,125,0,50,rice,max,X,12,,,frame_00000.png,frame_00118.png,QR未検出,119,1.996437
rice_X_12,lockin,0,0,QR未検出,,lockin,binary,,,15.787634,70,8,1,0.650222,,0.650222,frame_00000.png,frame_00118.png,r180_e125_f0.mp4,180 Hz,1/125,蛍光灯なし,59.606 fps,180,125,0,50,rice,max,X,12,,,frame_00000.png,frame_00118.png,QR未検出,119,1.996437
rice_X_12,lockin,0,0,QR未検出,,lockin,binary,,,15.787634,901,8,1,0.675858,,0.675858,frame_00000.png,frame_00118.png,r180_e125_f0.mp4,180 Hz,1/125,蛍光灯なし,59.606 fps,180,125,0,50,rice,max,X,12,,,frame_00000.png,frame_00118.png,QR未検出,119,1.996437
rice_X_12,lockin,0,0,QR未検出,,lockin,binary,,,15.787634,902,8,1,0.559347,,0.559347,frame_00000.png,frame_00118.png,r180_e125_f0.mp4,180 Hz,1/125,蛍光灯なし,59.606 fps,180,125,0,50,rice,max,X,12,,,frame_00000.png,frame_00118.png,QR未検出,119,1.996437
rice_X_12,lockin,0,0,QR未検出,,lockin,binary,,,29.212366,30,8,1,0.717759,,0.717759,frame_00000.png,frame_00118.png,r180_e125_f0.mp4,180 Hz,1/125,蛍光灯なし,59.606 fps,180,125,0,50,rice,max,X,12,,,frame_00000.png,frame_00118.png,QR未検出,119,1.996437
rice_X_12,lockin,0,0,QR未検出,,lockin,binary,,,29.212366,50,8,1,0.655908,,0.655908,frame_00000.png,frame_00118.png,r180_e125_f0.mp4,180 Hz,1/125,蛍光灯なし,59.606 fps,180,125,0,50,rice,max,X,12,,,frame_00000.png,frame_00118.png,QR未検出,119,1.996437
rice_X_12,lockin,0,0,QR未検出,,lockin,binary,,,29.212366,70,8,1,0.650248,,0.650248,frame_00000.png,frame_00118.png,r180_e125_f0.mp4,180 Hz,1/125,蛍光灯なし,59.606 fps,180,125,0,50,rice,max,X,12,,,frame_00000.png,frame_00118.png,QR未検出,119,1.996437
rice_X_12,lockin,1,0,QR未検出,,lockin,binary,,,29.212366,901,8,1,0.838178,,0.838178,frame_00000.png,frame_00118.png,r180_e125_f0.mp4,180 Hz,1/125,蛍光灯なし,59.606 fps,180,125,0,50,rice,max,X,12,,,frame_00000.png,frame_00118.png,QR未検出,119,1.996437
rice_X_12,lockin,0,0,QR未検出,,lockin,binary,,,29.212366,902,8,1,0.573441,,0.573441,frame_00000.png,frame_00118.png,r180_e125_f0.mp4,180 Hz,1/125,蛍光灯なし,59.606 fps,180,125,0,50,rice,max,X,12,,,frame_00000.png,frame_00118.png,QR未検出,119,1.996437
rice_X_4,lockin,0,0,QR未検出,,lockin,binary,,,9.606183,30,8,1,0.650057,,0.650057,frame_00000.png,frame_00118.png,r180_e125_f0.mp4,180 Hz,1/125,蛍光灯なし,59.606 fps,180,125,0,48,rice,max,X,4,,,frame_00000.png,frame_00118.png,QR未検出,119,1.996437
rice_X_4,lockin,0,0,QR未検出,,lockin,binary,,,9.606183,50,8,1,0.650173,,0.650173,frame_00000.png,frame_00118.png,r180_e125_f0.mp4,180 Hz,1/125,蛍光灯なし,59.606 fps,180,125,0,48,rice,max,X,4,,,frame_00000.png,frame_00118.png,QR未検出,119,1.996437
rice_X_4,lockin,0,0,QR未検出,,lockin,binary,,,9.606183,70,8,1,0.650222,,0.650222,frame_00000.png,frame_00118.png,r180_e125_f0.mp4,180 Hz,1/125,蛍光灯なし,59.606 fps,180,125,0,48,rice,max,X,4,,,frame_00000.png,frame_00118.png,QR未検出,119,1.996437
rice_X_4,lockin,0,0,QR未検出,,lockin,binary,,,9.606183,901,8,1,0.645307,,0.645307,frame_00000.png,frame_00118.png,r180_e125_f0.mp4,180 Hz,1/125,蛍光灯なし,59.606 fps,180,125,0,48,rice,max,X,4,,,frame_00000.png,frame_00118.png,QR未検出,119,1.996437
rice_X_4,lockin,0,0,QR未検出,,lockin,binary,,,9.606183,902,8,1,0.566699,,0.566699,frame_00000.png,frame_00118.png,r180_e125_f0.mp4,180 Hz,1/125,蛍光灯なし,59.606 fps,180,125,0,48,rice,max,X,4,,,frame_00000.png,frame_00118.png,QR未検出,119,1.996437
rice_X_4,lockin,0,0,QR未検出,,lockin,binary,,,14.606183,30,8,1,0.650050,,0.650050,frame_00000.png,frame_00118.png,r180_e125_f0.mp4,180 Hz,1/125,蛍光灯なし,59.606 fps,180,125,0,48,rice,max,X,4,,,frame_00000.png,frame_00118.png,QR未検出,119,1.996437
rice_X_4,lockin,0,0,QR未検出,,lockin,binary,,,14.606183,50,8,1,0.650145,,0.650145,frame_00000.png,frame_00118.png,r180_e125_f0.mp4,180 Hz,1/125,蛍光灯なし,59.606 fps,180,125,0,48,rice,max,X,4,,,frame_00000.png,frame_00118.png,QR未検出,119,1.996437
rice_X_4,lockin,0,0,QR未検出,,lockin,binary,,,14.606183,70,8,1,0.650208,,0.650208,frame_00000.png,frame_00118.png,r180_e125_f0.mp4,180 Hz,1/125,蛍光灯なし,59.606 fps,180,125,0,48,rice,max,X,4,,,frame_00000.png,frame_00118.png,QR未検出,119,1.996437
rice_X_4,lockin,0,0,QR未検出,,lockin,binary,,,14.606183,901,8,1,0.643776,,0.643776,frame_00000.png,frame_00118.png,r180_e125_f0.mp4,180 Hz,1/125,蛍光灯なし,59.606 fps,180,125,0,48,rice,max,X,4,,,frame_00000.png,frame_00118.png,QR未検出,119,1.996437
rice_X_4,lockin,0,0,QR未検出,,lockin,binary,,,14.606183,902,8,1,0.588803,,0.588803,frame_00000.png,frame_00118.png,r180_e125_f0.mp4,180 Hz,1/125,蛍光灯なし,59.606 fps,180,125,0,48,rice,max,X,4,,,frame_00000.png,frame_00118.png,QR未検出,119,1.996437
rice_X_4,lockin,0,0,QR未検出,,lockin,binary,,,15.787634,30,8,1,0.649919,,0.649919,frame_00000.png,frame_00118.png,r180_e125_f0.mp4,180 Hz,1/125,蛍光灯なし,59.606 fps,180,125,0,48,rice,max,X,4,,,frame_00000.png,frame_00118.png,QR未検出,119,1.996437
rice_X_4,lockin,0,0,QR未検出,,lockin,binary,,,15.787634,50,8,1,0.650208,,0.650208,frame_00000.png,frame_00118.png,r180_e125_f0.mp4,180 Hz,1/125,蛍光灯なし,59.606 fps,180,125,0,48,rice,max,X,4,,,frame_00000.png,frame_00118.png,QR未検出,119,1.996437
rice_X_4,lockin,0,0,QR未検出,,lockin,binary,,,15.787634,70,8,1,0.650222,,0.650222,frame_00000.png,frame_00118.png,r180_e125_f0.mp4,180 Hz,1/125,蛍光灯なし,59.606 fps,180,125,0,48,rice,max,X,4,,,frame_00000.png,frame_00118.png,QR未検出,119,1.996437
rice_X_4,lockin,0,0,QR未検出,,lockin,binary,,,15.787634,901,8,1,0.645410,,0.645410,frame_00000.png,frame_00118.png,r180_e125_f0.mp4,180 Hz,1/125,蛍光灯なし,59.606 fps,180,125,0,48,rice,max,X,4,,,frame_00000.png,frame_00118.png,QR未検出,119,1.996437
rice_X_4,lockin,0,0,QR未検出,,lockin,binary,,,15.787634,902,8,1,0.598583,,0.598583,frame_00000.png,frame_00118.png,r180_e125_f0.mp4,180 Hz,1/125,蛍光灯なし,59.606 fps,180,125,0,48,rice,max,X,4,,,frame_00000.png,frame_00118.png,QR未検出,119,1.996437
rice_X_4,lockin,0,0,QR未検出,,lockin,binary,,,29.212366,30,8,1,0.649998,,0.649998,frame_00000.png,frame_00118.png,r180_e125_f0.mp4,180 Hz,1/125,蛍光灯なし,59.606 fps,180,125,0,48,rice,max,X,4,,,frame_00000.png,frame_00118.png,QR未検出,119,1.996437
rice_X_4,lockin,0,0,QR未検出,,lockin,binary,,,29.212366,50,8,1,0.650101,,0.650101,frame_00000.png,frame_00118.png,r180_e125_f0.mp4,180 Hz,1/125,蛍光灯なし,59.606 fps,180,125,0,48,rice,max,X,4,,,frame_00000.png,frame_00118.png,QR未検出,119,1.996437
rice_X_4,lockin,0,0,QR未検出,,lockin,binary,,,29.212366,70,8,1,0.650145,,0.650145,frame_00000.png,frame_00118.png,r180_e125_f0.mp4,180 Hz,1/125,蛍光灯なし,59.606 fps,180,125,0,48,rice,max,X,4,,,frame_00000.png,frame_00118.png,QR未検出,119,1.996437
rice_X_4,lockin,0,0,QR未検出,,lockin,binary,,,29.212366,901,8,1,0.655231,,0.655231,frame_00000.png,frame_00118.png,r180_e125_f0.mp4,180 Hz,1/125,蛍光灯なし,59.606 fps,180,125,0,48,rice,max,X,4,,,frame_00000.png,frame_00118.png,QR未検出,119,1.996437
rice_X_4,lockin,0,0,QR未検出,,lockin,binary,,,29.212366,902,8,1,0.612280,,0.612280,frame_00000.png,frame_00118.png,r180_e125_f0.mp4,180 Hz,1/125,蛍光灯なし,59.606 fps,180,125,0,48,rice,max,X,4,,,frame_00000.png,frame_00118.png,QR未検出,119,1.996437
rice_X_8,lockin,0,0,QR未検出,,lockin,binary,,,9.606183,30,8,1,0.650202,,0.650202,frame_00000.png,frame_00118.png,r180_e125_f0.mp4,180 Hz,1/125,蛍光灯なし,59.606 fps,180,125,0,49,rice,max,X,8,,,frame_00000.png,frame_00118.png,QR未検出,119,1.996437
rice_X_8,lockin,0,0,QR未検出,,lockin,binary,,,9.606183,50,8,1,0.650222,,0.650222,frame_00000.png,frame_00118.png,r180_e125_f0.mp4,180 Hz,1/125,蛍光灯なし,59.606 fps,180,125,0,49,rice,max,X,8,,,frame_00000.png,frame_00118.png,QR未検出,119,1.996437
rice_X_8,lockin,0,0,QR未検出,,lockin,binary,,,9.606183,70,8,1,0.650222,,0.650222,frame_00000.png,frame_00118.png,r180_e125_f0.mp4,180 Hz,1/125,蛍光灯なし,59.606 fps,180,125,0,49,rice,max,X,8,,,frame_00000.png,frame_00118.png,QR未検出,119,1.996437
rice_X_8,lockin,0,0,QR未検出,,lockin,binary,,,9.606183,901,8,1,0.685008,,0.685008,frame_00000.png,frame_00118.png,r180_e125_f0.mp4,180 Hz,1/125,蛍光灯なし,59.606 fps,180,125,0,49,rice,max,X,8,,,frame_00000.png,frame_00118.png,QR未検出,119,1.996437
rice_X_8,lockin,0,0,QR未検出,,lockin,binary,,,9.606183,902,8,1,0.555370,,0.555370,frame_00000.png,frame_00118.png,r180_e125_f0.mp4,180 Hz,1/125,蛍光灯なし,59.606 fps,180,125,0,49,rice,max,X,8,,,frame_00000.png,frame_00118.png,QR未検出,119,1.996437
rice_X_8,lockin,0,0,QR未検出,,lockin,binary,,,14.606183,30,8,1,0.649999,,0.649999,frame_00000.png,frame_00118.png,r180_e125_f0.mp4,180 Hz,1/125,蛍光灯なし,59.606 fps,180,125,0,49,rice,max,X,8,,,frame_00000.png,frame_00118.png,QR未検出,119,1.996437
rice_X_8,lockin,0,0,QR未検出,,lockin,binary,,,14.606183,50,8,1,0.650141,,0.650141,frame_00000.png,frame_00118.png,r180_e125_f0.mp4,180 Hz,1/125,蛍光灯なし,59.606 fps,180,125,0,49,rice,max,X,8,,,frame_00000.png,frame_00118.png,QR未検出,119,1.996437
rice_X_8,lockin,0,0,QR未検出,,lockin,binary,,,14.606183,70,8,1,0.650159,,0.650159,frame_00000.png,frame_00118.png,r180_e125_f0.mp4,180 Hz,1/125,蛍光灯なし,59.606 fps,180,125,0,49,rice,max,X,8,,,frame_00000.png,frame_00118.png,QR未検出,119,1.996437
rice_X_8,lockin,0,0,QR未検出,,lockin,binary,,,14.606183,901,8,1,0.673506,,0.673506,frame_00000.png,frame_00118.png,r180_e125_f0.mp4,180 Hz,1/125,蛍光灯なし,59.606 fps,180,125,0,49,rice,max,X,8,,,frame_00000.png,frame_00118.png,QR未検出,119,1.996437
rice_X_8,lockin,0,0,QR未検出,,lockin,binary,,,14.606183,902,8,1,0.604438,,0.604438,frame_00000.png,frame_00118.png,r180_e125_f0.mp4,180 Hz,1/125,蛍光灯なし,59.606 fps,180,125,0,49,rice,max,X,8,,,frame_00000.png,frame_00118.png,QR未検出,119,1.996437
rice_X_8,lockin,0,0,QR未検出,,lockin,binary,,,15.787634,30,8,1,0.649798,,0.649798,frame_00000.png,frame_00118.png,r180_e125_f0.mp4,180 Hz,1/125,蛍光灯なし,59.606 fps,180,125,0,49,rice,max,X,8,,,frame_00000.png,frame_00118.png,QR未検出,119,1.996437
rice_X_8,lockin,0,0,QR未検出,,lockin,binary,,,15.787634,50,8,1,0.650115,,0.650115,frame_00000.png,frame_00118.png,r180_e125_f0.mp4,180 Hz,1/125,蛍光灯なし,59.606 fps,180,125,0,49,rice,max,X,8,,,frame_00000.png,frame_00118.png,QR未検出,119,1.996437
rice_X_8,lockin,0,0,QR未検出,,lockin,binary,,,15.787634,70,8,1,0.650169,,0.650169,frame_00000.png,frame_00118.png,r180_e125_f0.mp4,180 Hz,1/125,蛍光灯なし,59.606 fps,180,125,0,49,rice,max,X,8,,,frame_00000.png,frame_00118.png,QR未検出,119,1.996437
rice_X_8,lockin,0,0,QR未検出,,lockin,binary,,,15.787634,901,8,1,0.679955,,0.679955,frame_00000.png,frame_00118.png,r180_e125_f0.mp4,180 Hz,1/125,蛍光灯なし,59.606 fps,180,125,0,49,rice,max,X,8,,,frame_00000.png,frame_00118.png,QR未検出,119,1.996437
rice_X_8,lockin,0,0,QR未検出,,lockin,binary,,,15.787634,902,8,1,0.565842,,0.565842,frame_00000.png,frame_00118.png,r180_e125_f0.mp4,180 Hz,1/125,蛍光灯なし,59.606 fps,180,125,0,49,rice,max,X,8,,,frame_00000.png,frame_00118.png,QR未検出,119,1.996437
rice_X_8,lockin,0,0,QR未検出,,lockin,binary,,,29.212366,30,8,1,0.649926,,0.649926,frame_00000.png,frame_00118.png,r180_e125_f0.mp4,180 Hz,1/125,蛍光灯なし,59.606 fps,180,125,0,49,rice,max,X,8,,,frame_00000.png,frame_00118.png,QR未検出,119,1.996437
rice_X_8,lockin,0,0,QR未検出,,lockin,binary,,,29.212366,50,8,1,0.650143,,0.650143,frame_00000.png,frame_00118.png,r180_e125_f0.mp4,180 Hz,1/125,蛍光灯なし,59.606 fps,180,125,0,49,rice,max,X,8,,,frame_00000.png,frame_00118.png,QR未検出,119,1.996437
rice_X_8,lockin,0,0,QR未検出,,lockin,binary,,,29.212366,70,8,1,0.650222,,0.650222,frame_00000.png,frame_00118.png,r180_e125_f0.mp4,180 Hz,1/125,蛍光灯なし,59.606 fps,180,125,0,49,rice,max,X,8,,,frame_00000.png,frame_00118.png,QR未検出,119,1.996437
rice_X_8,lockin,0,0,QR未検出,,lockin,binary,,,29.212366,901,8,1,0.726276,,0.726276,frame_00000.png,frame_00118.png,r180_e125_f0.mp4,180 Hz,1/125,蛍光灯なし,59.606 fps,180,125,0,49,rice,max,X,8,,,frame_00000.png,frame_00118.png,QR未検出,119,1.996437
rice_X_8,lockin,0,0,QR未検出,,lockin,binary,,,29.212366,902,8,1,0.566498,,0.566498,frame_00000.png,frame_00118.png,r180_e125_f0.mp4,180 Hz,1/125,蛍光灯なし,59.606 fps,180,125,0,49,rice,max,X,8,,,frame_00000.png,frame_00118.png,QR未検出,119,1.996437
