folder,pass,adopted,decode_success,decode_note,decode_variant,diff_mode,repr_mode,window_n,stat_kind,fft_target_hz,diff_threshold,phase_steps,n_maps,pixel_acc_all,pixel_acc_ok,pixel_acc_best,best_pair_frame_1,best_pair_frame_2,video,display_rate,exposure,fluorescent,camera_fps,rate_hz,exposure_denom,fluorescent_flag,cond,image,channel,token,intensity,decode_decoded_text,decode_method,decode_frame_1,decode_frame_2,note,analysis_frames,extract_sec
rice_R_4,lockin,0,0,QR未検出,,lockin,binary,,,14.424243,12,8,1,0.636093,,0.636093,frame_00000.png,frame_00116.png,r120_e60_f1.mp4,120 Hz,1/60,蛍光灯あり,58.848 fps,120,60,1,0,rice,R,R,4,,,frame_00000.png,frame_00116.png,,117,1.988157
rice_R_4,lockin,0,0,QR未検出,,lockin,binary,,,27.696970,12,8,1,0.635467,,0.635467,frame_00000.png,frame_00116.png,r120_e60_f1.mp4,120 Hz,1/60,蛍光灯あり,58.848 fps,120,60,1,0,rice,R,R,4,,,frame_00000.png,frame_00116.png,,117,1.988157
rice_R_4,lockin,0,0,QR未検出,,lockin,binary,,,27.696970,8,8,1,0.620937,,0.620937,frame_00000.png,frame_00116.png,r120_e60_f1.mp4,120 Hz,1/60,蛍光灯あり,58.848 fps,120,60,1,0,rice,R,R,4,,,frame_00000.png,frame_00116.png,,117,1.988157
rice_R_4,lockin,0,0,QR未検出,,lockin,binary,,,8.848485,12,8,1,0.617237,,0.617237,frame_00000.png,frame_00116.png,r120_e60_f1.mp4,120 Hz,1/60,蛍光灯あり,58.848 fps,120,60,1,0,rice,R,R,4,,,frame_00000.png,frame_00116.png,,117,1.988157
rice_R_4,lockin,0,0,QR未検出,,lockin,binary,,,14.424243,8,8,1,0.616000,,0.616000,frame_00000.png,frame_00116.png,r120_e60_f1.mp4,120 Hz,1/60,蛍光灯あり,58.848 fps,120,60,1,0,rice,R,R,4,,,frame_00000.png,frame_00116.png,,117,1.988157
rice_R_4,lockin,0,0,QR未検出,,lockin,binary,,,28.848485,12,8,1,0.613926,,0.613926,frame_00000.png,frame_00116.png,r120_e60_f1.mp4,120 Hz,1/60,蛍光灯あり,58.848 fps,120,60,1,0,rice,R,R,4,,,frame_00000.png,frame_00116.png,,117,1.988157
rice_R_4,lockin,0,0,QR未検出,,lockin,binary,,,8.848485,4,8,1,0.570232,,0.570232,frame_00000.png,frame_00116.png,r120_e60_f1.mp4,120 Hz,1/60,蛍光灯あり,58.848 fps,120,60,1,0,rice,R,R,4,,,frame_00000.png,frame_00116.png,,117,1.988157
rice_R_4,lockin,0,0,QR未検出,,lockin,binary,,,28.848485,4,8,1,0.567219,,0.567219,frame_00000.png,frame_00116.png,r120_e60_f1.mp4,120 Hz,1/60,蛍光灯あり,58.848 fps,120,60,1,0,rice,R,R,4,,,frame_00000.png,frame_00116.png,,117,1.988157
rice_R_4,lockin,0,0,QR未検出,,lockin,binary,,,8.848485,8,8,1,0.560117,,0.560117,frame_00000.png,frame_00116.png,r120_e60_f1.mp4,120 Hz,1/60,蛍光灯あり,58.848 fps,120,60,1,0,rice,R,R,4,,,frame_00000.png,frame_00116.png,,117,1.988157
rice_R_4,lockin,0,0,QR未検出,,lockin,binary,,,28.848485,8,8,1,0.554922,,0.554922,frame_00000.png,frame_00116.png,r120_e60_f1.mp4,120 Hz,1/60,蛍光灯あり,58.848 fps,120,60,1,0,rice,R,R,4,,,frame_00000.png,frame_00116.png,,117,1.988157
rice_R_4,lockin,0,0,QR未検出,,lockin,binary,,,27.696970,4,8,1,0.524947,,0.524947,frame_00000.png,frame_00116.png,r120_e60_f1.mp4,120 Hz,1/60,蛍光灯あり,58.848 fps,120,60,1,0,rice,R,R,4,,,frame_00000.png,frame_00116.png,,117,1.988157
rice_R_4,lockin,0,0,QR未検出,,lockin,binary,,,14.424243,4,8,1,0.500437,,0.500437,frame_00000.png,frame_00116.png,r120_e60_f1.mp4,120 Hz,1/60,蛍光灯あり,58.848 fps,120,60,1,0,rice,R,R,4,,,frame_00000.png,frame_00116.png,,117,1.988157
rice_R_8,lockin,0,0,QR未検出,,lockin,binary,,,28.848485,12,8,1,0.633059,,0.633059,frame_00000.png,frame_00116.png,r120_e60_f1.mp4,120 Hz,1/60,蛍光灯あり,58.848 fps,120,60,1,1,rice,R,R,8,,,frame_00000.png,frame_00116.png,,117,1.988157
rice_R_8,lockin,0,0,QR未検出,,lockin,binary,,,27.696970,12,8,1,0.630022,,0.630022,frame_00000.png,frame_00116.png,r120_e60_f1.mp4,120 Hz,1/60,蛍光灯あり,58.848 fps,120,60,1,1,rice,R,R,8,,,frame_00000.png,frame_00116.png,,117,1.988157
rice_R_8,lockin,0,0,QR未検出,,lockin,binary,,,8.848485,12,8,1,0.620761,,0.620761,frame_00000.png,frame_00116.png,r120_e60_f1.mp4,120 Hz,1/60,蛍光灯あり,58.848 fps,120,60,1,1,rice,R,R,8,,,frame_00000.png,frame_00116.png,,117,1.988157
rice_R_8,lockin,0,0,QR未検出,,lockin,binary,,,14.424243,12,8,1,0.616966,,0.616966,frame_00000.png,frame_00116.png,r120_e60_f1.mp4,120 Hz,1/60,蛍光灯あり,58.848 fps,120,60,1,1,rice,R,R,8,,,frame_00000.png,frame_00116.png,,117,1.988157
rice_R_8,lockin,0,0,QR未検出,,lockin,binary,,,28.848485,8,8,1,0.610558,,0.610558,frame_00000.png,frame_00116.png,r120_e60_f1.mp4,120 Hz,1/60,蛍光灯あり,58.848 fps,120,60,1,1,rice,R,R,8,,,frame_00000.png,frame_00116.png,,117,1.988157
rice_R_8,lockin,0,0,QR未検出,,lockin,binary,,,27.696970,8,8,1,0.604937,,0.604937,frame_00000.png,frame_00116.png,r120_e60_f1.mp4,120 Hz,1/60,蛍光灯あり,58.848 fps,120,60,1,1,rice,R,R,8,,,frame_00000.png,frame_00116.png,,117,1.988157
rice_R_8,lockin,0,0,QR未検出,,lockin,binary,,,14.424243,4,8,1,0.575603,,0.575603,frame_00000.png,frame_00116.png,r120_e60_f1.mp4,120 Hz,1/60,蛍光灯あり,58.848 fps,120,60,1,1,rice,R,R,8,,,frame_00000.png,frame_00116.png,,117,1.988157
rice_R_8,lockin,0,0,QR未検出,,lockin,binary,,,8.848485,4,8,1,0.574281,,0.574281,frame_00000.png,frame_00116.png,r120_e60_f1.mp4,120 Hz,1/60,蛍光灯あり,58.848 fps,120,60,1,1,rice,R,R,8,,,frame_00000.png,frame_00116.png,,117,1.988157
rice_R_8,lockin,0,0,QR未検出,,lockin,binary,,,8.848485,8,8,1,0.569845,,0.569845,frame_00000.png,frame_00116.png,r120_e60_f1.mp4,120 Hz,1/60,蛍光灯あり,58.848 fps,120,60,1,1,rice,R,R,8,,,frame_00000.png,frame_00116.png,,117,1.988157
rice_R_8,lockin,0,0,QR未検出,,lockin,binary,,,14.424243,8,8,1,0.563042,,0.563042,frame_00000.png,frame_00116.png,r120_e60_f1.mp4,120 Hz,1/60,蛍光灯あり,58.848 fps,120,60,1,1,rice,R,R,8,,,frame_00000.png,frame_00116.png,,117,1.988157
rice_R_8,lockin,0,0,QR未検出,,lockin,binary,,,27.696970,4,8,1,0.527764,,0.527764,frame_00000.png,frame_00116.png,r120_e60_f1.mp4,120 Hz,1/60,蛍光灯あり,58.848 fps,120,60,1,1,rice,R,R,8,,,frame_00000.png,frame_00116.png,,117,1.988157
rice_R_8,lockin,0,0,QR未検出,,lockin,binary,,,28.848485,4,8,1,0.500535,,0.500535,frame_00000.png,frame_00116.png,r120_e60_f1.mp4,120 Hz,1/60,蛍光灯あり,58.848 fps,120,60,1,1,rice,R,R,8,,,frame_00000.png,frame_00116.png,,117,1.988157
rice_R_12,lockin,0,0,QR未検出,,lockin,binary,,,14.424243,12,8,1,0.634249,,0.634249,frame_00000.png,frame_00116.png,r120_e60_f1.mp4,120 Hz,1/60,蛍光灯あり,58.848 fps,120,60,1,2,rice,R,R,12,,,frame_00000.png,frame_00116.png,,117,1.988157
rice_R_12,lockin,0,0,QR未検出,,lockin,binary,,,28.848485,12,8,1,0.625390,,0.625390,frame_00000.png,frame_00116.png,r120_e60_f1.mp4,120 Hz,1/60,蛍光灯あり,58.848 fps,120,60,1,2,rice,R,R,12,,,frame_00000.png,frame_00116.png,,117,1.988157
rice_R_12,lockin,0,0,QR未検出,,lockin,binary,,,27.696970,12,8,1,0.617135,,0.617135,frame_00000.png,frame_00116.png,r120_e60_f1.mp4,120 Hz,1/60,蛍光灯あり,58.848 fps,120,60,1,2,rice,R,R,12,,,frame_00000.png,frame_00116.png,,117,1.988157
rice_R_12,lockin,0,0,QR未検出,,lockin,binary,,,14.424243,8,8,1,0.608814,,0.608814,frame_00000.png,frame_00116.png,r120_e60_f1.mp4,120 Hz,1/60,蛍光灯あり,58.848 fps,120,60,1,2,rice,R,R,12,,,frame_00000.png,frame_00116.png,,117,1.988157
rice_R_12,lockin,0,0,QR未検出,,lockin,binary,,,8.848485,4,8,1,0.604445,,0.604445,frame_00000.png,frame_00116.png,r120_e60_f1.mp4,120 Hz,1/60,蛍光灯あり,58.848 fps,120,60,1,2,rice,R,R,12,,,frame_00000.png,frame_00116.png,,117,1.988157
rice_R_12,lockin,0,0,QR未検出,,lockin,binary,,,28.848485,8,8,1,0.594015,,0.594015,frame_00000.png,frame_00116.png,r120_e60_f1.mp4,120 Hz,1/60,蛍光灯あり,58.848 fps,120,60,1,2,rice,R,R,12,,,frame_00000.png,frame_00116.png,,117,1.988157
rice_R_12,lockin,0,0,QR未検出,,lockin,binary,,,27.696970,8,8,1,0.579795,,0.579795,frame_00000.png,frame_00116.png,r120_e60_f1.mp4,120 Hz,1/60,蛍光灯あり,58.848 fps,120,60,1,2,rice,R,R,12,,,frame_00000.png,frame_00116.png,,117,1.988157
rice_R_12,lockin,0,0,QR未検出,,lockin,binary,,,8.848485,12,8,1,0.552175,,0.552175,frame_00000.png,frame_00116.png,r120_e60_f1.mp4,120 Hz,1/60,蛍光灯あり,58.848 fps,120,60,1,2,rice,R,R,12,,,frame_00000.png,frame_00116.png,,117,1.988157
rice_R_12,lockin,0,0,QR未検出,,lockin,binary,,,27.696970,4,8,1,0.543152,,0.543152,frame_00000.png,frame_00116.png,r120_e60_f1.mp4,120 Hz,1/60,蛍光灯あり,58.848 fps,120,60,1,2,rice,R,R,12,,,frame_00000.png,frame_00116.png,,117,1.988157
rice_R_12,lockin,0,0,QR未検出,,lockin,binary,,,28.848485,4,8,1,0.529991,,0.529991,frame_00000.png,frame_00116.png,r120_e60_f1.mp4,120 Hz,1/60,蛍光灯あり,58.848 fps,120,60,1,2,rice,R,R,12,,,frame_00000.png,frame_00116.png,,117,1.988157
rice_R_12,lockin,0,0,QR未検出,,lockin,binary,,,8.848485,8,8,1,0.526023,,0.526023,frame_00000.png,frame_00116.png,r120_e60_f1.mp4,120 Hz,1/60,蛍光灯あり,58.848 fps,120,60,1,2,rice,R,R,12,,,frame_00000.png,frame_00116.png,,117,1.988157
rice_R_12,lockin,0,0,QR未検出,,lockin,binary,,,14.424243,4,8,1,0.502369,,0.502369,frame_00000.png,frame_00116.png,r120_e60_f1.mp4,120 Hz,1/60,蛍光灯あり,58.848 fps,120,60,1,2,rice,R,R,12,,,frame_00000.png,frame_00116.png,,117,1.988157
nagaoka_fireworks_R_4,lockin,0,0,QR未検出,,lockin,binary,,,27.696970,12,8,1,0.640450,,0.640450,frame_00000.png,frame_00116.png,r120_e60_f1.mp4,120 Hz,1/60,蛍光灯あり,58.848 fps,120,60,1,3,nagaoka_fireworks,R,R,4,,,frame_00000.png,frame_00116.png,,117,1.988157
nagaoka_fireworks_R_4,lockin,0,0,QR未検出,,lockin,binary,,,28.848485,12,8,1,0.633341,,0.633341,frame_00000.png,frame_00116.png,r120_e60_f1.mp4,120 Hz,1/60,蛍光灯あり,58.848 fps,120,60,1,3,nagaoka_fireworks,R,R,4,,,frame_00000.png,frame_00116.png,,117,1.988157
nagaoka_fireworks_R_4,lockin,0,0,QR未検出,,lockin,binary,,,27.696970,8,8,1,0.620206,,0.620206,frame_00000.png,frame_00116.png,r120_e60_f1.mp4,120 Hz,1/60,蛍光灯あり,58.848 fps,120,60,1,3,nagaoka_fireworks,R,R,4,,,frame_00000.png,frame_00116.png,,117,1.988157
nagaoka_fireworks_R_4,lockin,0,0,QR未検出,,lockin,binary,,,14.424243,12,8,1,0.615559,,0.615559,frame_00000.png,frame_00116.png,r120_e60_f1.mp4,120 Hz,1/60,蛍光灯あり,58.848 fps,120,60,1,3,nagaoka_fireworks,R,R,4,,,frame_00000.png,frame_00116.png,,117,1.988157
nagaoka_fireworks_R_4,lockin,0,0,QR未検出,,lockin,binary,,,8.848485,12,8,1,0.614037,,0.614037,frame_00000.png,frame_00116.png,r120_e60_f1.mp4,120 Hz,1/60,蛍光灯あり,58.848 fps,120,60,1,3,nagaoka_fireworks,R,R,4,,,frame_00000.png,frame_00116.png,,117,1.988157
nagaoka_fireworks_R_4,lockin,0,0,QR未検出,,lockin,binary,,,28.848485,8,8,1,0.607055,,0.607055,frame_00000.png,frame_00116.png,r120_e60_f1.mp4,120 Hz,1/60,蛍光灯あり,58.848 fps,120,60,1,3,nagaoka_fireworks,R,R,4,,,frame_00000.png,frame_00116.png,,117,1.988157
nagaoka_fireworks_R_4,lockin,0,0,QR未検出,,lockin,binary,,,14.424243,8,8,1,0.581237,,0.581237,frame_00000.png,frame_00116.png,r120_e60_f1.mp4,120 Hz,1/60,蛍光灯あり,58.848 fps,120,60,1,3,nagaoka_fireworks,R,R,4,,,frame_00000.png,frame_00116.png,,117,1.988157
nagaoka_fireworks_R_4,lockin,0,0,QR未検出,,lockin,binary,,,8.848485,8,8,1,0.567110,,0.567110,frame_00000.png,frame_00116.png,r120_e60_f1.mp4,120 Hz,1/60,蛍光灯あり,58.848 fps,120,60,1,3,nagaoka_fireworks,R,R,4,,,frame_00000.png,frame_00116.png,,117,1.988157
nagaoka_fireworks_R_4,lockin,0,0,QR未検出,,lockin,binary,,,27.696970,4,8,1,0.540783,,0.540783,frame_00000.png,frame_00116.png,r120_e60_f1.mp4,120 Hz,1/60,蛍光灯あり,58.848 fps,120,60,1,3,nagaoka_fireworks,R,R,4,,,frame_00000.png,frame_00116.png,,117,1.988157
nagaoka_fireworks_R_4,lockin,0,0,QR未検出,,lockin,binary,,,28.848485,4,8,1,0.525935,,0.525935,frame_00000.png,frame_00116.png,r120_e60_f1.mp4,120 Hz,1/60,蛍光灯あり,58.848 fps,120,60,1,3,nagaoka_fireworks,R,R,4,,,frame_00000.png,frame_00116.png,,117,1.988157
nagaoka_fireworks_R_4,lockin,0,0,QR未検出,,lockin,binary,,,8.848485,4,8,1,0.518851,,0.518851,frame_00000.png,frame_00116.png,r120_e60_f1.mp4,120 Hz,1/60,蛍光灯あり,58.848 fps,120,60,1,3,nagaoka_fireworks,R,R,4,,,frame_00000.png,frame_00116.png,,117,1.988157
nagaoka_fireworks_R_4,lockin,0,0,QR未検出,,lockin,binary,,,14.424243,4,8,1,0.513341,,0.513341,frame_00000.png,frame_00116.png,r120_e60_f1.mp4,120 Hz,1/60,蛍光灯あり,58.848 fps,120,60,1,3,nagaoka_fireworks,R,R,4,,,frame_00000.png,frame_00116.png,,117,1.988157
nagaoka_fireworks_R_8,lockin,0,0,QR未検出,,lockin,binary,,,27.696970,12,8,1,0.638355,,0.638355,frame_00000.png,frame_00116.png,r120_e60_f1.mp4,120 Hz,1/60,蛍光灯あり,58.848 fps,120,60,1,4,nagaoka_fireworks,R,R,8,,,frame_00000.png,frame_00116.png,,117,1.988157
nagaoka_fireworks_R_8,lockin,0,0,QR未検出,,lockin,binary,,,28.848485,12,8,1,0.635307,,0.635307,frame_00000.png,frame_00116.png,r120_e60_f1.mp4,120 Hz,1/60,蛍光灯あり,58.848 fps,120,60,1,4,nagaoka_fireworks,R,R,8,,,frame_00000.png,frame_00116.png,,117,1.988157
nagaoka_fireworks_R_8,lockin,0,0,QR未検出,,lockin,binary,,,14.424243,12,8,1,0.631782,,0.631782,frame_00000.png,frame_00116.png,r120_e60_f1.mp4,120 Hz,1/60,蛍光灯あり,58.848 fps,120,60,1,4,nagaoka_fireworks,R,R,8,,,frame_00000.png,frame_00116.png,,117,1.988157
nagaoka_fireworks_R_8,lockin,0,0,QR未検出,,lockin,binary,,,27.696970,8,8,1,0.618330,,0.618330,frame_00000.png,frame_00116.png,r120_e60_f1.mp4,120 Hz,1/60,蛍光灯あり,58.848 fps,120,60,1,4,nagaoka_fireworks,R,R,8,,,frame_00000.png,frame_00116.png,,117,1.988157
nagaoka_fireworks_R_8,lockin,0,0,QR未検出,,lockin,binary,,,28.848485,8,8,1,0.615169,,0.615169,frame_00000.png,frame_00116.png,r120_e60_f1.mp4,120 Hz,1/60,蛍光灯あり,58.848 fps,120,60,1,4,nagaoka_fireworks,R,R,8,,,frame_00000.png,frame_00116.png,,117,1.988157
nagaoka_fireworks_R_8,lockin,0,0,QR未検出,,lockin,binary,,,14.424243,8,8,1,0.608681,,0.608681,frame_00000.png,frame_00116.png,r120_e60_f1.mp4,120 Hz,1/60,蛍光灯あり,58.848 fps,120,60,1,4,nagaoka_fireworks,R,R,8,,,frame_00000.png,frame_00116.png,,117,1.988157
nagaoka_fireworks_R_8,lockin,0,0,QR未検出,,lockin,binary,,,8.848485,12,8,1,0.594299,,0.594299,frame_00000.png,frame_00116.png,r120_e60_f1.mp4,120 Hz,1/60,蛍光灯あり,58.848 fps,120,60,1,4,nagaoka_fireworks,R,R,8,,,frame_00000.png,frame_00116.png,,117,1.988157
nagaoka_fireworks_R_8,lockin,0,0,QR未検出,,lockin,binary,,,27.696970,4,8,1,0.550221,,0.550221,frame_00000.png,frame_00116.png,r120_e60_f1.mp4,120 Hz,1/60,蛍光灯あり,58.848 fps,120,60,1,4,nagaoka_fireworks,R,R,8,,,frame_00000.png,frame_00116.png,,117,1.988157
nagaoka_fireworks_R_8,lockin,0,0,QR未検出,,lockin,binary,,,8.848485,4,8,1,0.545372,,0.545372,frame_00000.png,frame_00116.png,r120_e60_f1.mp4,120 Hz,1/60,蛍光灯あり,58.848 fps,120,60,1,4,nagaoka_fireworks,R,R,8,,,frame_00000.png,frame_00116.png,,117,1.988157
nagaoka_fireworks_R_8,lockin,0,0,QR未検出,,lockin,binary,,,8.848485,8,8,1,0.533700,,0.533700,frame_00000.png,frame_00116.png,r120_e60_f1.mp4,120 Hz,1/60,蛍光灯あり,58.848 fps,120,60,1,4,nagaoka_fireworks,R,R,8,,,frame_00000.png,frame_00116.png,,117,1.988157
nagaoka_fireworks_R_8,lockin,0,0,QR未検出,,lockin,binary,,,28.848485,4,8,1,0.533443,,0.533443,frame_00000.png,frame_00116.png,r120_e60_f1.mp4,120 Hz,1/60,蛍光灯あり,58.848 fps,120,60,1,4,nagaoka_fireworks,R,R,8,,,frame_00000.png,frame_00116.png,,117,1.988157
nagaoka_fireworks_R_8,lockin,0,0,QR未検出,,lockin,binary,,,14.424243,4,8,1,0.511408,,0.511408,frame_00000.png,frame_00116.png,r120_e60_f1.mp4,120 Hz,1/60,蛍光灯あり,58.848 fps,120,60,1,4,nagaoka_fireworks,R,R,8,,,frame_00000.png,frame_00116.png,,117,1.988157
nagaoka_fireworks_R_12,lockin,0,0,QR未検出,,lockin,binary,,,28.848485,12,8,1,0.624332,,0.624332,frame_00000.png,frame_00116.png,r120_e60_f1.mp4,120 Hz,1/60,蛍光灯あり,58.848 fps,120,60,1,5,nagaoka_fireworks,R,R,12,,,frame_00000.png,frame_00116.png,,117,1.988157
nagaoka_fireworks_R_12,lockin,0,0,QR未検出,,lockin,binary,,,14.424243,12,8,1,0.623084,,0.623084,frame_00000.png,frame_00116.png,r120_e60_f1.mp4,120 Hz,1/60,蛍光灯あり,58.848 fps,120,60,1,5,nagaoka_fireworks,R,R,12,,,frame_00000.png,frame_00116.png,,117,1.988157
nagaoka_fireworks_R_12,lockin,0,0,QR未検出,,lockin,binary,,,27.696970,12,8,1,0.610924,,0.610924,frame_00000.png,frame_00116.png,r120_e60_f1.mp4,120 Hz,1/60,蛍光灯あり,58.848 fps,120,60,1,5,nagaoka_fireworks,R,R,12,,,frame_00000.png,frame_00116.png,,117,1.988157
nagaoka_fireworks_R_12,lockin,0,0,QR未検出,,lockin,binary,,,8.848485,12,8,1,0.605281,,0.605281,frame_00000.png,frame_00116.png,r120_e60_f1.mp4,120 Hz,1/60,蛍光灯あり,58.848 fps,120,60,1,5,nagaoka_fireworks,R,R,12,,,frame_00000.png,frame_00116.png,,117,1.988157
nagaoka_fireworks_R_12,lockin,0,0,QR未検出,,lockin,binary,,,28.848485,8,8,1,0.587727,,0.587727,frame_00000.png,frame_00116.png,r120_e60_f1.mp4,120 Hz,1/60,蛍光灯あり,58.848 fps,120,60,1,5,nagaoka_fireworks,R,R,12,,,frame_00000.png,frame_00116.png,,117,1.988157
nagaoka_fireworks_R_12,lockin,0,0,QR未検出,,lockin,binary,,,14.424243,8,8,1,0.579944,,0.579944,frame_00000.png,frame_00116.png,r120_e60_f1.mp4,120 Hz,1/60,蛍光灯あり,58.848 fps,120,60,1,5,nagaoka_fireworks,R,R,12,,,frame_00000.png,frame_00116.png,,117,1.988157
nagaoka_fireworks_R_12,lockin,0,0,QR未検出,,lockin,binary,,,27.696970,8,8,1,0.554653,,0.554653,frame_00000.png,frame_00116.png,r120_e60_f1.mp4,120 Hz,1/60,蛍光灯あり,58.848 fps,120,60,1,5,nagaoka_fireworks,R,R,12,,,frame_00000.png,frame_00116.png,,117,1.988157
nagaoka_fireworks_R_12,lockin,0,0,QR未検出,,lockin,binary,,,8.848485,8,8,1,0.554271,,0.554271,frame_00000.png,frame_00116.png,r120_e60_f1.mp4,120 Hz,1/60,蛍光灯あり,58.848 fps,120,60,1,5,nagaoka_fireworks,R,R,12,,,frame_00000.png,frame_00116.png,,117,1.988157
nagaoka_fireworks_R_12,lockin,0,0,QR未検出,,lockin,binary,,,8.848485,4,8,1,0.531447,,0.531447,frame_00000.png,frame_00116.png,r120_e60_f1.mp4,120 Hz,1/60,蛍光灯あり,58.848 fps,120,60,1,5,nagaoka_fireworks,R,R,12,,,frame_00000.png,frame_00116.png,,117,1.988157
nagaoka_fireworks_R_12,lockin,0,0,QR未検出,,lockin,binary,,,27.696970,4,8,1,0.526910,,0.526910,frame_00000.png,frame_00116.png,r120_e60_f1.mp4,120 Hz,1/60,蛍光灯あり,58.848 fps,120,60,1,5,nagaoka_fireworks,R,R,12,,,frame_00000.png,frame_00116.png,,117,1.988157
nagaoka_fireworks_R_12,lockin,0,0,QR未検出,,lockin,binary,,,14.424243,4,8,1,0.512629,,0.512629,frame_00000.png,frame_00116.png,r120_e60_f1.mp4,120 Hz,1/60,蛍光灯あり,58.848 fps,120,60,1,5,nagaoka_fireworks,R,R,12,,,frame_00000.png,frame_00116.png,,117,1.988157
nagaoka_fireworks_R_12,lockin,0,0,QR未検出,,lockin,binary,,,28.848485,4,8,1,0.503025,,0.503025,frame_00000.png,frame_00116.png,r120_e60_f1.mp4,120 Hz,1/60,蛍光灯あり,58.848 fps,120,60,1,5,nagaoka_fireworks,R,R,12,,,frame_00000.png,frame_00116.png,,117,1.988157
hocho_R_4,lockin,0,0,QR未検出,,lockin,binary,,,28.848485,12,8,1,0.646454,,0.646454,frame_00000.png,frame_00116.png,r120_e60_f1.mp4,120 Hz,1/60,蛍光灯あり,58.848 fps,120,60,1,6,hocho,R,R,4,,,frame_00000.png,frame_00116.png,,117,1.988157
hocho_R_4,lockin,0,0,QR未検出,,lockin,binary,,,14.424243,12,8,1,0.644560,,0.644560,frame_00000.png,frame_00116.png,r120_e60_f1.mp4,120 Hz,1/60,蛍光灯あり,58.848 fps,120,60,1,6,hocho,R,R,4,,,frame_00000.png,frame_00116.png,,117,1.988157
hocho_R_4,lockin,0,0,QR未検出,,lockin,binary,,,8.848485,12,8,1,0.639886,,0.639886,frame_00000.png,frame_00116.png,r120_e60_f1.mp4,120 Hz,1/60,蛍光灯あり,58.848 fps,120,60,1,6,hocho,R,R,4,,,frame_00000.png,frame_00116.png,,117,1.988157
hocho_R_4,lockin,0,0,QR未検出,,lockin,binary,,,28.848485,8,8,1,0.633943,,0.633943,frame_00000.png,frame_00116.png,r120_e60_f1.mp4,120 Hz,1/60,蛍光灯あり,58.848 fps,120,60,1,6,hocho,R,R,4,,,frame_00000.png,frame_00116.png,,117,1.988157
hocho_R_4,lockin,0,0,QR未検出,,lockin,binary,,,14.424243,8,8,1,0.631645,,0.631645,frame_00000.png,frame_00116.png,r120_e60_f1.mp4,120 Hz,1/60,蛍光灯あり,58.848 fps,120,60,1,6,hocho,R,R,4,,,frame_00000.png,frame_00116.png,,117,1.988157
hocho_R_4,lockin,0,0,QR未検出,,lockin,binary,,,27.696970,12,8,1,0.630328,,0.630328,frame_00000.png,frame_00116.png,r120_e60_f1.mp4,120 Hz,1/60,蛍光灯あり,58.848 fps,120,60,1,6,hocho,R,R,4,,,frame_00000.png,frame_00116.png,,117,1.988157
hocho_R_4,lockin,0,0,QR未検出,,lockin,binary,,,8.848485,8,8,1,0.611669,,0.611669,frame_00000.png,frame_00116.png,r120_e60_f1.mp4,120 Hz,1/60,蛍光灯あり,58.848 fps,120,60,1,6,hocho,R,R,4,,,frame_00000.png,frame_00116.png,,117,1.988157
hocho_R_4,lockin,0,0,QR未検出,,lockin,binary,,,27.696970,8,8,1,0.588687,,0.588687,frame_00000.png,frame_00116.png,r120_e60_f1.mp4,120 Hz,1/60,蛍光灯あり,58.848 fps,120,60,1,6,hocho,R,R,4,,,frame_00000.png,frame_00116.png,,117,1.988157
hocho_R_4,lockin,0,0,QR未検出,,lockin,binary,,,27.696970,4,8,1,0.559289,,0.559289,frame_00000.png,frame_00116.png,r120_e60_f1.mp4,120 Hz,1/60,蛍光灯あり,58.848 fps,120,60,1,6,hocho,R,R,4,,,frame_00000.png,frame_00116.png,,117,1.988157
hocho_R_4,lockin,0,0,QR未検出,,lockin,binary,,,28.848485,4,8,1,0.558478,,0.558478,frame_00000.png,frame_00116.png,r120_e60_f1.mp4,120 Hz,1/60,蛍光灯あり,58.848 fps,120,60,1,6,hocho,R,R,4,,,frame_00000.png,frame_00116.png,,117,1.988157
hocho_R_4,lockin,0,0,QR未検出,,lockin,binary,,,14.424243,4,8,1,0.536591,,0.536591,frame_00000.png,frame_00116.png,r120_e60_f1.mp4,120 Hz,1/60,蛍光灯あり,58.848 fps,120,60,1,6,hocho,R,R,4,,,frame_00000.png,frame_00116.png,,117,1.988157
hocho_R_4,lockin,0,0,QR未検出,,lockin,binary,,,8.848485,4,8,1,0.522571,,0.522571,frame_00000.png,frame_00116.png,r120_e60_f1.mp4,120 Hz,1/60,蛍光灯あり,58.848 fps,120,60,1,6,hocho,R,R,4,,,frame_00000.png,frame_00116.png,,117,1.988157
hocho_R_8,lockin,0,0,QR未検出,,lockin,binary,,,27.696970,12,8,1,0.644369,,0.644369,frame_00000.png,frame_00116.png,r120_e60_f1.mp4,120 Hz,1/60,蛍光灯あり,58.848 fps,120,60,1,7,hocho,R,R,8,,,frame_00000.png,frame_00116.png,,117,1.988157
hocho_R_8,lockin,0,0,QR未検出,,lockin,binary,,,8.848485,12,8,1,0.641583,,0.641583,frame_00000.png,frame_00116.png,r120_e60_f1.mp4,120 Hz,1/60,蛍光灯あり,58.848 fps,120,60,1,7,hocho,R,R,8,,,frame_00000.png,frame_00116.png,,117,1.988157
hocho_R_8,lockin,0,0,QR未検出,,lockin,binary,,,28.848485,12,8,1,0.641118,,0.641118,frame_00000.png,frame_00116.png,r120_e60_f1.mp4,120 Hz,1/60,蛍光灯あり,58.848 fps,120,60,1,7,hocho,R,R,8,,,frame_00000.png,frame_00116.png,,117,1.988157
hocho_R_8,lockin,0,0,QR未検出,,lockin,binary,,,27.696970,8,8,1,0.630384,,0.630384,frame_00000.png,frame_00116.png,r120_e60_f1.mp4,120 Hz,1/60,蛍光灯あり,58.848 fps,120,60,1,7,hocho,R,R,8,,,frame_00000.png,frame_00116.png,,117,1.988157
hocho_R_8,lockin,0,0,QR未検出,,lockin,binary,,,28.848485,8,8,1,0.627604,,0.627604,frame_00000.png,frame_00116.png,r120_e60_f1.mp4,120 Hz,1/60,蛍光灯あり,58.848 fps,120,60,1,7,hocho,R,R,8,,,frame_00000.png,frame_00116.png,,117,1.988157
hocho_R_8,lockin,0,0,QR未検出,,lockin,binary,,,8.848485,8,8,1,0.617322,,0.617322,frame_00000.png,frame_00116.png,r120_e60_f1.mp4,120 Hz,1/60,蛍光灯あり,58.848 fps,120,60,1,7,hocho,R,R,8,,,frame_00000.png,frame_00116.png,,117,1.988157
hocho_R_8,lockin,0,0,QR未検出,,lockin,binary,,,14.424243,12,8,1,0.613632,,0.613632,frame_00000.png,frame_00116.png,r120_e60_f1.mp4,120 Hz,1/60,蛍光灯あり,58.848 fps,120,60,1,7,hocho,R,R,8,,,frame_00000.png,frame_00116.png,,117,1.988157
hocho_R_8,lockin,0,0,QR未検出,,lockin,binary,,,14.424243,4,8,1,0.589476,,0.589476,frame_00000.png,frame_00116.png,r120_e60_f1.mp4,120 Hz,1/60,蛍光灯あり,58.848 fps,120,60,1,7,hocho,R,R,8,,,frame_00000.png,frame_00116.png,,117,1.988157
hocho_R_8,lockin,0,0,QR未検出,,lockin,binary,,,14.424243,8,8,1,0.555874,,0.555874,frame_00000.png,frame_00116.png,r120_e60_f1.mp4,120 Hz,1/60,蛍光灯あり,58.848 fps,120,60,1,7,hocho,R,R,8,,,frame_00000.png,frame_00116.png,,117,1.988157
hocho_R_8,lockin,0,0,QR未検出,,lockin,binary,,,27.696970,4,8,1,0.549211,,0.549211,frame_00000.png,frame_00116.png,r120_e60_f1.mp4,120 Hz,1/60,蛍光灯あり,58.848 fps,120,60,1,7,hocho,R,R,8,,,frame_00000.png,frame_00116.png,,117,1.988157
hocho_R_8,lockin,0,0,QR未検出,,lockin,binary,,,28.848485,4,8,1,0.543702,,0.543702,frame_00000.png,frame_00116.png,r120_e60_f1.mp4,120 Hz,1/60,蛍光灯あり,58.848 fps,120,60,1,7,hocho,R,R,8,,,frame_00000.png,frame_00116.png,,117,1.988157
hocho_R_8,lockin,0,0,QR未検出,,lockin,binary,,,8.848485,4,8,1,0.501064,,0.501064,frame_00000.png,frame_00116.png,r120_e60_f1.mp4,120 Hz,1/60,蛍光灯あり,58.848 fps,120,60,1,7,hocho,R,R,8,,,frame_00000.png,frame_00116.png,,117,1.988157
hocho_R_12,lockin,0,0,QR未検出,,lockin,binary,,,28.848485,12,8,1,0.636287,,0.636287,frame_00000.png,frame_00116.png,r120_e60_f1.mp4,120 Hz,1/60,蛍光灯あり,58.848 fps,120,60,1,8,hocho,R,R,12,,,frame_00000.png,frame_00116.png,,117,1.988157
hocho_R_12,lockin,0,0,QR未検出,,lockin,binary,,,27.696970,12,8,1,0.628279,,0.628279,frame_00000.png,frame_00116.png,r120_e60_f1.mp4,120 Hz,1/60,蛍光灯あり,58.848 fps,120,60,1,8,hocho,R,R,12,,,frame_00000.png,frame_00116.png,,117,1.988157
hocho_R_12,lockin,0,0,QR未検出,,lockin,binary,,,8.848485,4,8,1,0.625362,,0.625362,frame_00000.png,frame_00116.png,r120_e60_f1.mp4,120 Hz,1/60,蛍光灯あり,58.848 fps,120,60,1,8,hocho,R,R,12,,,frame_00000.png,frame_00116.png,,117,1.988157
hocho_R_12,lockin,0,0,QR未検出,,lockin,binary,,,14.424243,4,8,1,0.623198,,0.623198,frame_00000.png,frame_00116.png,r120_e60_f1.mp4,120 Hz,1/60,蛍光灯あり,58.848 fps,120,60,1,8,hocho,R,R,12,,,frame_00000.png,frame_00116.png,,117,1.988157
hocho_R_12,lockin,0,0,QR未検出,,lockin,binary,,,28.848485,8,8,1,0.611153,,0.611153,frame_00000.png,frame_00116.png,r120_e60_f1.mp4,120 Hz,1/60,蛍光灯あり,58.848 fps,120,60,1,8,hocho,R,R,12,,,frame_00000.png,frame_00116.png,,117,1.988157
hocho_R_12,lockin,0,0,QR未検出,,lockin,binary,,,14.424243,12,8,1,0.588050,,0.588050,frame_00000.png,frame_00116.png,r120_e60_f1.mp4,120 Hz,1/60,蛍光灯あり,58.848 fps,120,60,1,8,hocho,R,R,12,,,frame_00000.png,frame_00116.png,,117,1.988157
hocho_R_12,lockin,0,0,QR未検出,,lockin,binary,,,27.696970,8,8,1,0.585771,,0.585771,frame_00000.png,frame_00116.png,r120_e60_f1.mp4,120 Hz,1/60,蛍光灯あり,58.848 fps,120,60,1,8,hocho,R,R,12,,,frame_00000.png,frame_00116.png,,117,1.988157
hocho_R_12,lockin,0,0,QR未検出,,lockin,binary,,,8.848485,12,8,1,0.581480,,0.581480,frame_00000.png,frame_00116.png,r120_e60_f1.mp4,120 Hz,1/60,蛍光灯あり,58.848 fps,120,60,1,8,hocho,R,R,12,,,frame_00000.png,frame_00116.png,,117,1.988157
hocho_R_12,lockin,0,0,QR未検出,,lockin,binary,,,27.696970,4,8,1,0.562168,,0.562168,frame_00000.png,frame_00116.png,r120_e60_f1.mp4,120 Hz,1/60,蛍光灯あり,58.848 fps,120,60,1,8,hocho,R,R,12,,,frame_00000.png,frame_00116.png,,117,1.988157
hocho_R_12,lockin,0,0,QR未検出,,lockin,binary,,,28.848485,4,8,1,0.517091,,0.517091,frame_00000.png,frame_00116.png,r120_e60_f1.mp4,120 Hz,1/60,蛍光灯あり,58.848 fps,120,60,1,8,hocho,R,R,12,,,frame_00000.png,frame_00116.png,,117,1.988157
hocho_R_12,lockin,0,0,QR未検出,,lockin,binary,,,8.848485,8,8,1,0.512941,,0.512941,frame_00000.png,frame_00116.png,r120_e60_f1.mp4,120 Hz,1/60,蛍光灯あり,58.848 fps,120,60,1,8,hocho,R,R,12,,,frame_00000.png,frame_00116.png,,117,1.988157
hocho_R_12,lockin,0,0,QR未検出,,lockin,binary,,,14.424243,8,8,1,0.506815,,0.506815,frame_00000.png,frame_00116.png,r120_e60_f1.mp4,120 Hz,1/60,蛍光灯あり,58.848 fps,120,60,1,8,hocho,R,R,12,,,frame_00000.png,frame_00116.png,,117,1.988157
ex_R_4,lockin,0,0,QR未検出,,lockin,binary,,,8.848485,12,8,1,0.645676,,0.645676,frame_00000.png,frame_00116.png,r120_e60_f1.mp4,120 Hz,1/60,蛍光灯あり,58.848 fps,120,60,1,9,ex,R,R,4,,,frame_00000.png,frame_00116.png,,117,1.988157
ex_R_4,lockin,0,0,QR未検出,,lockin,binary,,,28.848485,12,8,1,0.639974,,0.639974,frame_00000.png,frame_00116.png,r120_e60_f1.mp4,120 Hz,1/60,蛍光灯あり,58.848 fps,120,60,1,9,ex,R,R,4,,,frame_00000.png,frame_00116.png,,117,1.988157
ex_R_4,lockin,0,0,QR未検出,,lockin,binary,,,14.424243,12,8,1,0.633911,,0.633911,frame_00000.png,frame_00116.png,r120_e60_f1.mp4,120 Hz,1/60,蛍光灯あり,58.848 fps,120,60,1,9,ex,R,R,4,,,frame_00000.png,frame_00116.png,,117,1.988157
ex_R_4,lockin,0,0,QR未検出,,lockin,binary,,,8.848485,8,8,1,0.628072,,0.628072,frame_00000.png,frame_00116.png,r120_e60_f1.mp4,120 Hz,1/60,蛍光灯あり,58.848 fps,120,60,1,9,ex,R,R,4,,,frame_00000.png,frame_00116.png,,117,1.988157
ex_R_4,lockin,0,0,QR未検出,,lockin,binary,,,27.696970,12,8,1,0.626946,,0.626946,frame_00000.png,frame_00116.png,r120_e60_f1.mp4,120 Hz,1/60,蛍光灯あり,58.848 fps,120,60,1,9,ex,R,R,4,,,frame_00000.png,frame_00116.png,,117,1.988157
ex_R_4,lockin,0,0,QR未検出,,lockin,binary,,,28.848485,8,8,1,0.619588,,0.619588,frame_00000.png,frame_00116.png,r120_e60_f1.mp4,120 Hz,1/60,蛍光灯あり,58.848 fps,120,60,1,9,ex,R,R,4,,,frame_00000.png,frame_00116.png,,117,1.988157
ex_R_4,lockin,0,0,QR未検出,,lockin,binary,,,27.696970,4,8,1,0.613631,,0.613631,frame_00000.png,frame_00116.png,r120_e60_f1.mp4,120 Hz,1/60,蛍光灯あり,58.848 fps,120,60,1,9,ex,R,R,4,,,frame_00000.png,frame_00116.png,,117,1.988157
ex_R_4,lockin,0,0,QR未検出,,lockin,binary,,,14.424243,4,8,1,0.608079,,0.608079,frame_00000.png,frame_00116.png,r120_e60_f1.mp4,120 Hz,1/60,蛍光灯あり,58.848 fps,120,60,1,9,ex,R,R,4,,,frame_00000.png,frame_00116.png,,117,1.988157
ex_R_4,lockin,0,0,QR未検出,,lockin,binary,,,14.424243,8,8,1,0.571248,,0.571248,frame_00000.png,frame_00116.png,r120_e60_f1.mp4,120 Hz,1/60,蛍光灯あり,58.848 fps,120,60,1,9,ex,R,R,4,,,frame_00000.png,frame_00116.png,,117,1.988157
ex_R_4,lockin,0,0,QR未検出,,lockin,binary,,,27.696970,8,8,1,0.546867,,0.546867,frame_00000.png,frame_00116.png,r120_e60_f1.mp4,120 Hz,1/60,蛍光灯あり,58.848 fps,120,60,1,9,ex,R,R,4,,,frame_00000.png,frame_00116.png,,117,1.988157
ex_R_4,lockin,0,0,QR未検出,,lockin,binary,,,28.848485,4,8,1,0.545285,,0.545285,frame_00000.png,frame_00116.png,r120_e60_f1.mp4,120 Hz,1/60,蛍光灯あり,58.848 fps,120,60,1,9,ex,R,R,4,,,frame_00000.png,frame_00116.png,,117,1.988157
ex_R_4,lockin,0,0,QR未検出,,lockin,binary,,,8.848485,4,8,1,0.539760,,0.539760,frame_00000.png,frame_00116.png,r120_e60_f1.mp4,120 Hz,1/60,蛍光灯あり,58.848 fps,120,60,1,9,ex,R,R,4,,,frame_00000.png,frame_00116.png,,117,1.988157
ex_R_8,lockin,0,0,QR未検出,,lockin,binary,,,28.848485,12,8,1,0.633948,,0.633948,frame_00000.png,frame_00116.png,r120_e60_f1.mp4,120 Hz,1/60,蛍光灯あり,58.848 fps,120,60,1,10,ex,R,R,8,,,frame_00000.png,frame_00116.png,,117,1.988157
ex_R_8,lockin,0,0,QR未検出,,lockin,binary,,,27.696970,12,8,1,0.627350,,0.627350,frame_00000.png,frame_00116.png,r120_e60_f1.mp4,120 Hz,1/60,蛍光灯あり,58.848 fps,120,60,1,10,ex,R,R,8,,,frame_00000.png,frame_00116.png,,117,1.988157
ex_R_8,lockin,0,0,QR未検出,,lockin,binary,,,8.848485,4,8,1,0.626522,,0.626522,frame_00000.png,frame_00116.png,r120_e60_f1.mp4,120 Hz,1/60,蛍光灯あり,58.848 fps,120,60,1,10,ex,R,R,8,,,frame_00000.png,frame_00116.png,,117,1.988157
ex_R_8,lockin,0,0,QR未検出,,lockin,binary,,,14.424243,12,8,1,0.622806,,0.622806,frame_00000.png,frame_00116.png,r120_e60_f1.mp4,120 Hz,1/60,蛍光灯あり,58.848 fps,120,60,1,10,ex,R,R,8,,,frame_00000.png,frame_00116.png,,117,1.988157
ex_R_8,lockin,0,0,QR未検出,,lockin,binary,,,14.424243,4,8,1,0.616740,,0.616740,frame_00000.png,frame_00116.png,r120_e60_f1.mp4,120 Hz,1/60,蛍光灯あり,58.848 fps,120,60,1,10,ex,R,R,8,,,frame_00000.png,frame_00116.png,,117,1.988157
ex_R_8,lockin,0,0,QR未検出,,lockin,binary,,,27.696970,4,8,1,0.607216,,0.607216,frame_00000.png,frame_00116.png,r120_e60_f1.mp4,120 Hz,1/60,蛍光灯あり,58.848 fps,120,60,1,10,ex,R,R,8,,,frame_00000.png,frame_00116.png,,117,1.988157
ex_R_8,lockin,0,0,QR未検出,,lockin,binary,,,28.848485,4,8,1,0.598893,,0.598893,frame_00000.png,frame_00116.png,r120_e60_f1.mp4,120 Hz,1/60,蛍光灯あり,58.848 fps,120,60,1,10,ex,R,R,8,,,frame_00000.png,frame_00116.png,,117,1.988157
ex_R_8,lockin,0,0,QR未検出,,lockin,binary,,,8.848485,12,8,1,0.596290,,0.596290,frame_00000.png,frame_00116.png,r120_e60_f1.mp4,120 Hz,1/60,蛍光灯あり,58.848 fps,120,60,1,10,ex,R,R,8,,,frame_00000.png,frame_00116.png,,117,1.988157
ex_R_8,lockin,0,0,QR未検出,,lockin,binary,,,28.848485,8,8,1,0.573812,,0.573812,frame_00000.png,frame_00116.png,r120_e60_f1.mp4,120 Hz,1/60,蛍光灯あり,58.848 fps,120,60,1,10,ex,R,R,8,,,frame_00000.png,frame_00116.png,,117,1.988157
ex_R_8,lockin,0,0,QR未検出,,lockin,binary,,,27.696970,8,8,1,0.554798,,0.554798,frame_00000.png,frame_00116.png,r120_e60_f1.mp4,120 Hz,1/60,蛍光灯あり,58.848 fps,120,60,1,10,ex,R,R,8,,,frame_00000.png,frame_00116.png,,117,1.988157
ex_R_8,lockin,0,0,QR未検出,,lockin,binary,,,14.424243,8,8,1,0.526121,,0.526121,frame_00000.png,frame_00116.png,r120_e60_f1.mp4,120 Hz,1/60,蛍光灯あり,58.848 fps,120,60,1,10,ex,R,R,8,,,frame_00000.png,frame_00116.png,,117,1.988157
ex_R_8,lockin,0,0,QR未検出,,lockin,binary,,,8.848485,8,8,1,0.512018,,0.512018,frame_00000.png,frame_00116.png,r120_e60_f1.mp4,120 Hz,1/60,蛍光灯あり,58.848 fps,120,60,1,10,ex,R,R,8,,,frame_00000.png,frame_00116.png,,117,1.988157
ex_R_12,lockin,0,0,QR未検出,,lockin,binary,,,28.848485,12,8,1,0.644110,,0.644110,frame_00000.png,frame_00116.png,r120_e60_f1.mp4,120 Hz,1/60,蛍光灯あり,58.848 fps,120,60,1,11,ex,R,R,12,,,frame_00000.png,frame_00116.png,,117,1.988157
ex_R_12,lockin,0,0,QR未検出,,lockin,binary,,,27.696970,12,8,1,0.636016,,0.636016,frame_00000.png,frame_00116.png,r120_e60_f1.mp4,120 Hz,1/60,蛍光灯あり,58.848 fps,120,60,1,11,ex,R,R,12,,,frame_00000.png,frame_00116.png,,117,1.988157
ex_R_12,lockin,0,0,QR未検出,,lockin,binary,,,14.424243,12,8,1,0.629430,,0.629430,frame_00000.png,frame_00116.png,r120_e60_f1.mp4,120 Hz,1/60,蛍光灯あり,58.848 fps,120,60,1,11,ex,R,R,12,,,frame_00000.png,frame_00116.png,,117,1.988157
ex_R_12,lockin,0,0,QR未検出,,lockin,binary,,,28.848485,8,8,1,0.629332,,0.629332,frame_00000.png,frame_00116.png,r120_e60_f1.mp4,120 Hz,1/60,蛍光灯あり,58.848 fps,120,60,1,11,ex,R,R,12,,,frame_00000.png,frame_00116.png,,117,1.988157
ex_R_12,lockin,0,0,QR未検出,,lockin,binary,,,8.848485,4,8,1,0.625618,,0.625618,frame_00000.png,frame_00116.png,r120_e60_f1.mp4,120 Hz,1/60,蛍光灯あり,58.848 fps,120,60,1,11,ex,R,R,12,,,frame_00000.png,frame_00116.png,,117,1.988157
ex_R_12,lockin,0,0,QR未検出,,lockin,binary,,,14.424243,4,8,1,0.608809,,0.608809,frame_00000.png,frame_00116.png,r120_e60_f1.mp4,120 Hz,1/60,蛍光灯あり,58.848 fps,120,60,1,11,ex,R,R,12,,,frame_00000.png,frame_00116.png,,117,1.988157
ex_R_12,lockin,0,0,QR未検出,,lockin,binary,,,8.848485,12,8,1,0.603449,,0.603449,frame_00000.png,frame_00116.png,r120_e60_f1.mp4,120 Hz,1/60,蛍光灯あり,58.848 fps,120,60,1,11,ex,R,R,12,,,frame_00000.png,frame_00116.png,,117,1.988157
ex_R_12,lockin,0,0,QR未検出,,lockin,binary,,,27.696970,8,8,1,0.595655,,0.595655,frame_00000.png,frame_00116.png,r120_e60_f1.mp4,120 Hz,1/60,蛍光灯あり,58.848 fps,120,60,1,11,ex,R,R,12,,,frame_00000.png,frame_00116.png,,117,1.988157
ex_R_12,lockin,0,0,QR未検出,,lockin,binary,,,27.696970,4,8,1,0.585564,,0.585564,frame_00000.png,frame_00116.png,r120_e60_f1.mp4,120 Hz,1/60,蛍光灯あり,58.848 fps,120,60,1,11,ex,R,R,12,,,frame_00000.png,frame_00116.png,,117,1.988157
ex_R_12,lockin,0,0,QR未検出,,lockin,binary,,,14.424243,8,8,1,0.565847,,0.565847,frame_00000.png,frame_00116.png,r120_e60_f1.mp4,120 Hz,1/60,蛍光灯あり,58.848 fps,120,60,1,11,ex,R,R,12,,,frame_00000.png,frame_00116.png,,117,1.988157
ex_R_12,lockin,0,0,QR未検出,,lockin,binary,,,28.848485,4,8,1,0.525521,,0.525521,frame_00000.png,frame_00116.png,r120_e60_f1.mp4,120 Hz,1/60,蛍光灯あり,58.848 fps,120,60,1,11,ex,R,R,12,,,frame_00000.png,frame_00116.png,,117,1.988157
ex_R_12,lockin,0,0,QR未検出,,lockin,binary,,,8.848485,8,8,1,0.504026,,0.504026,frame_00000.png,frame_00116.png,r120_e60_f1.mp4,120 Hz,1/60,蛍光灯あり,58.848 fps,120,60,1,11,ex,R,R,12,,,frame_00000.png,frame_00116.png,,117,1.988157
rice_G_4,lockin,0,0,QR未検出,,lockin,binary,,,27.696970,12,8,1,0.642282,,0.642282,frame_00000.png,frame_00116.png,r120_e60_f1.mp4,120 Hz,1/60,蛍光灯あり,58.848 fps,120,60,1,12,rice,G,G,4,,,frame_00000.png,frame_00116.png,,117,1.988157
rice_G_4,lockin,0,0,QR未検出,,lockin,binary,,,27.696970,8,8,1,0.630868,,0.630868,frame_00000.png,frame_00116.png,r120_e60_f1.mp4,120 Hz,1/60,蛍光灯あり,58.848 fps,120,60,1,12,rice,G,G,4,,,frame_00000.png,frame_00116.png,,117,1.988157
rice_G_4,lockin,0,0,QR未検出,,lockin,binary,,,14.424243,12,8,1,0.624160,,0.624160,frame_00000.png,frame_00116.png,r120_e60_f1.mp4,120 Hz,1/60,蛍光灯あり,58.848 fps,120,60,1,12,rice,G,G,4,,,frame_00000.png,frame_00116.png,,117,1.988157
rice_G_4,lockin,0,0,QR未検出,,lockin,binary,,,28.848485,12,8,1,0.619284,,0.619284,frame_00000.png,frame_00116.png,r120_e60_f1.mp4,120 Hz,1/60,蛍光灯あり,58.848 fps,120,60,1,12,rice,G,G,4,,,frame_00000.png,frame_00116.png,,117,1.988157
rice_G_4,lockin,0,0,QR未検出,,lockin,binary,,,8.848485,4,8,1,0.601217,,0.601217,frame_00000.png,frame_00116.png,r120_e60_f1.mp4,120 Hz,1/60,蛍光灯あり,58.848 fps,120,60,1,12,rice,G,G,4,,,frame_00000.png,frame_00116.png,,117,1.988157
rice_G_4,lockin,0,0,QR未検出,,lockin,binary,,,8.848485,12,8,1,0.587442,,0.587442,frame_00000.png,frame_00116.png,r120_e60_f1.mp4,120 Hz,1/60,蛍光灯あり,58.848 fps,120,60,1,12,rice,G,G,4,,,frame_00000.png,frame_00116.png,,117,1.988157
rice_G_4,lockin,0,0,QR未検出,,lockin,binary,,,27.696970,4,8,1,0.578550,,0.578550,frame_00000.png,frame_00116.png,r120_e60_f1.mp4,120 Hz,1/60,蛍光灯あり,58.848 fps,120,60,1,12,rice,G,G,4,,,frame_00000.png,frame_00116.png,,117,1.988157
rice_G_4,lockin,0,0,QR未検出,,lockin,binary,,,14.424243,8,8,1,0.577687,,0.577687,frame_00000.png,frame_00116.png,r120_e60_f1.mp4,120 Hz,1/60,蛍光灯あり,58.848 fps,120,60,1,12,rice,G,G,4,,,frame_00000.png,frame_00116.png,,117,1.988157
rice_G_4,lockin,0,0,QR未検出,,lockin,binary,,,28.848485,8,8,1,0.573834,,0.573834,frame_00000.png,frame_00116.png,r120_e60_f1.mp4,120 Hz,1/60,蛍光灯あり,58.848 fps,120,60,1,12,rice,G,G,4,,,frame_00000.png,frame_00116.png,,117,1.988157
rice_G_4,lockin,0,0,QR未検出,,lockin,binary,,,28.848485,4,8,1,0.547591,,0.547591,frame_00000.png,frame_00116.png,r120_e60_f1.mp4,120 Hz,1/60,蛍光灯あり,58.848 fps,120,60,1,12,rice,G,G,4,,,frame_00000.png,frame_00116.png,,117,1.988157
rice_G_4,lockin,0,0,QR未検出,,lockin,binary,,,14.424243,4,8,1,0.547575,,0.547575,frame_00000.png,frame_00116.png,r120_e60_f1.mp4,120 Hz,1/60,蛍光灯あり,58.848 fps,120,60,1,12,rice,G,G,4,,,frame_00000.png,frame_00116.png,,117,1.988157
rice_G_4,lockin,0,0,QR未検出,,lockin,binary,,,8.848485,8,8,1,0.504211,,0.504211,frame_00000.png,frame_00116.png,r120_e60_f1.mp4,120 Hz,1/60,蛍光灯あり,58.848 fps,120,60,1,12,rice,G,G,4,,,frame_00000.png,frame_00116.png,,117,1.988157
rice_G_8,lockin,0,0,QR未検出,,lockin,binary,,,28.848485,12,8,1,0.638719,,0.638719,frame_00000.png,frame_00116.png,r120_e60_f1.mp4,120 Hz,1/60,蛍光灯あり,58.848 fps,120,60,1,13,rice,G,G,8,,,frame_00000.png,frame_00116.png,,117,1.988157
rice_G_8,lockin,0,0,QR未検出,,lockin,binary,,,27.696970,12,8,1,0.636630,,0.636630,frame_00000.png,frame_00116.png,r120_e60_f1.mp4,120 Hz,1/60,蛍光灯あり,58.848 fps,120,60,1,13,rice,G,G,8,,,frame_00000.png,frame_00116.png,,117,1.988157
rice_G_8,lockin,0,0,QR未検出,,lockin,binary,,,28.848485,8,8,1,0.624897,,0.624897,frame_00000.png,frame_00116.png,r120_e60_f1.mp4,120 Hz,1/60,蛍光灯あり,58.848 fps,120,60,1,13,rice,G,G,8,,,frame_00000.png,frame_00116.png,,117,1.988157
rice_G_8,lockin,0,0,QR未検出,,lockin,binary,,,8.848485,12,8,1,0.623392,,0.623392,frame_00000.png,frame_00116.png,r120_e60_f1.mp4,120 Hz,1/60,蛍光灯あり,58.848 fps,120,60,1,13,rice,G,G,8,,,frame_00000.png,frame_00116.png,,117,1.988157
rice_G_8,lockin,0,0,QR未検出,,lockin,binary,,,27.696970,8,8,1,0.622409,,0.622409,frame_00000.png,frame_00116.png,r120_e60_f1.mp4,120 Hz,1/60,蛍光灯あり,58.848 fps,120,60,1,13,rice,G,G,8,,,frame_00000.png,frame_00116.png,,117,1.988157
rice_G_8,lockin,0,0,QR未検出,,lockin,binary,,,14.424243,12,8,1,0.616815,,0.616815,frame_00000.png,frame_00116.png,r120_e60_f1.mp4,120 Hz,1/60,蛍光灯あり,58.848 fps,120,60,1,13,rice,G,G,8,,,frame_00000.png,frame_00116.png,,117,1.988157
rice_G_8,lockin,0,0,QR未検出,,lockin,binary,,,8.848485,8,8,1,0.579355,,0.579355,frame_00000.png,frame_00116.png,r120_e60_f1.mp4,120 Hz,1/60,蛍光灯あり,58.848 fps,120,60,1,13,rice,G,G,8,,,frame_00000.png,frame_00116.png,,117,1.988157
rice_G_8,lockin,0,0,QR未検出,,lockin,binary,,,14.424243,8,8,1,0.565525,,0.565525,frame_00000.png,frame_00116.png,r120_e60_f1.mp4,120 Hz,1/60,蛍光灯あり,58.848 fps,120,60,1,13,rice,G,G,8,,,frame_00000.png,frame_00116.png,,117,1.988157
rice_G_8,lockin,0,0,QR未検出,,lockin,binary,,,14.424243,4,8,1,0.562057,,0.562057,frame_00000.png,frame_00116.png,r120_e60_f1.mp4,120 Hz,1/60,蛍光灯あり,58.848 fps,120,60,1,13,rice,G,G,8,,,frame_00000.png,frame_00116.png,,117,1.988157
rice_G_8,lockin,0,0,QR未検出,,lockin,binary,,,8.848485,4,8,1,0.556478,,0.556478,frame_00000.png,frame_00116.png,r120_e60_f1.mp4,120 Hz,1/60,蛍光灯あり,58.848 fps,120,60,1,13,rice,G,G,8,,,frame_00000.png,frame_00116.png,,117,1.988157
rice_G_8,lockin,0,0,QR未検出,,lockin,binary,,,28.848485,4,8,1,0.548569,,0.548569,frame_00000.png,frame_00116.png,r120_e60_f1.mp4,120 Hz,1/60,蛍光灯あり,58.848 fps,120,60,1,13,rice,G,G,8,,,frame_00000.png,frame_00116.png,,117,1.988157
rice_G_8,lockin,0,0,QR未検出,,lockin,binary,,,27.696970,4,8,1,0.524959,,0.524959,frame_00000.png,frame_00116.png,r120_e60_f1.mp4,120 Hz,1/60,蛍光灯あり,58.848 fps,120,60,1,13,rice,G,G,8,,,frame_00000.png,frame_00116.png,,117,1.988157
rice_G_12,lockin,0,0,QR未検出,,lockin,binary,,,27.696970,12,8,1,0.624022,,0.624022,frame_00000.png,frame_00116.png,r120_e60_f1.mp4,120 Hz,1/60,蛍光灯あり,58.848 fps,120,60,1,14,rice,G,G,12,,,frame_00000.png,frame_00116.png,,117,1.988157
rice_G_12,lockin,0,0,QR未検出,,lockin,binary,,,14.424243,12,8,1,0.621788,,0.621788,frame_00000.png,frame_00116.png,r120_e60_f1.mp4,120 Hz,1/60,蛍光灯あり,58.848 fps,120,60,1,14,rice,G,G,12,,,frame_00000.png,frame_00116.png,,117,1.988157
rice_G_12,lockin,0,0,QR未検出,,lockin,binary,,,28.848485,12,8,1,0.615620,,0.615620,frame_00000.png,frame_00116.png,r120_e60_f1.mp4,120 Hz,1/60,蛍光灯あり,58.848 fps,120,60,1,14,rice,G,G,12,,,frame_00000.png,frame_00116.png,,117,1.988157
rice_G_12,lockin,0,0,QR未検出,,lockin,binary,,,27.696970,8,8,1,0.599726,,0.599726,frame_00000.png,frame_00116.png,r120_e60_f1.mp4,120 Hz,1/60,蛍光灯あり,58.848 fps,120,60,1,14,rice,G,G,12,,,frame_00000.png,frame_00116.png,,117,1.988157
rice_G_12,lockin,0,0,QR未検出,,lockin,binary,,,8.848485,12,8,1,0.595600,,0.595600,frame_00000.png,frame_00116.png,r120_e60_f1.mp4,120 Hz,1/60,蛍光灯あり,58.848 fps,120,60,1,14,rice,G,G,12,,,frame_00000.png,frame_00116.png,,117,1.988157
rice_G_12,lockin,0,0,QR未検出,,lockin,binary,,,14.424243,8,8,1,0.588570,,0.588570,frame_00000.png,frame_00116.png,r120_e60_f1.mp4,120 Hz,1/60,蛍光灯あり,58.848 fps,120,60,1,14,rice,G,G,12,,,frame_00000.png,frame_00116.png,,117,1.988157
rice_G_12,lockin,0,0,QR未検出,,lockin,binary,,,8.848485,4,8,1,0.585095,,0.585095,frame_00000.png,frame_00116.png,r120_e60_f1.mp4,120 Hz,1/60,蛍光灯あり,58.848 fps,120,60,1,14,rice,G,G,12,,,frame_00000.png,frame_00116.png,,117,1.988157
rice_G_12,lockin,0,0,QR未検出,,lockin,binary,,,28.848485,8,8,1,0.581942,,0.581942,frame_00000.png,frame_00116.png,r120_e60_f1.mp4,120 Hz,1/60,蛍光灯あり,58.848 fps,120,60,1,14,rice,G,G,12,,,frame_00000.png,frame_00116.png,,117,1.988157
rice_G_12,lockin,0,0,QR未検出,,lockin,binary,,,8.848485,8,8,1,0.537453,,0.537453,frame_00000.png,frame_00116.png,r120_e60_f1.mp4,120 Hz,1/60,蛍光灯あり,58.848 fps,120,60,1,14,rice,G,G,12,,,frame_00000.png,frame_00116.png,,117,1.988157
rice_G_12,lockin,0,0,QR未検出,,lockin,binary,,,28.848485,4,8,1,0.529676,,0.529676,frame_00000.png,frame_00116.png,r120_e60_f1.mp4,120 Hz,1/60,蛍光灯あり,58.848 fps,120,60,1,14,rice,G,G,12,,,frame_00000.png,frame_00116.png,,117,1.988157
rice_G_12,lockin,0,0,QR未検出,,lockin,binary,,,14.424243,4,8,1,0.520032,,0.520032,frame_00000.png,frame_00116.png,r120_e60_f1.mp4,120 Hz,1/60,蛍光灯あり,58.848 fps,120,60,1,14,rice,G,G,12,,,frame_00000.png,frame_00116.png,,117,1.988157
rice_G_12,lockin,0,0,QR未検出,,lockin,binary,,,27.696970,4,8,1,0.505545,,0.505545,frame_00000.png,frame_00116.png,r120_e60_f1.mp4,120 Hz,1/60,蛍光灯あり,58.848 fps,120,60,1,14,rice,G,G,12,,,frame_00000.png,frame_00116.png,,117,1.988157
nagaoka_fireworks_G_4,lockin,0,0,QR未検出,,lockin,binary,,,27.696970,12,8,1,0.625948,,0.625948,frame_00000.png,frame_00116.png,r120_e60_f1.mp4,120 Hz,1/60,蛍光灯あり,58.848 fps,120,60,1,15,nagaoka_fireworks,G,G,4,,,frame_00000.png,frame_00116.png,,117,1.988157
nagaoka_fireworks_G_4,lockin,0,0,QR未検出,,lockin,binary,,,28.848485,12,8,1,0.615555,,0.615555,frame_00000.png,frame_00116.png,r120_e60_f1.mp4,120 Hz,1/60,蛍光灯あり,58.848 fps,120,60,1,15,nagaoka_fireworks,G,G,4,,,frame_00000.png,frame_00116.png,,117,1.988157
nagaoka_fireworks_G_4,lockin,0,0,QR未検出,,lockin,binary,,,8.848485,12,8,1,0.610116,,0.610116,frame_00000.png,frame_00116.png,r120_e60_f1.mp4,120 Hz,1/60,蛍光灯あり,58.848 fps,120,60,1,15,nagaoka_fireworks,G,G,4,,,frame_00000.png,frame_00116.png,,117,1.988157
nagaoka_fireworks_G_4,lockin,0,0,QR未検出,,lockin,binary,,,14.424243,12,8,1,0.602111,,0.602111,frame_00000.png,frame_00116.png,r120_e60_f1.mp4,120 Hz,1/60,蛍光灯あり,58.848 fps,120,60,1,15,nagaoka_fireworks,G,G,4,,,frame_00000.png,frame_00116.png,,117,1.988157
nagaoka_fireworks_G_4,lockin,0,0,QR未検出,,lockin,binary,,,27.696970,8,8,1,0.601633,,0.601633,frame_00000.png,frame_00116.png,r120_e60_f1.mp4,120 Hz,1/60,蛍光灯あり,58.848 fps,120,60,1,15,nagaoka_fireworks,G,G,4,,,frame_00000.png,frame_00116.png,,117,1.988157
nagaoka_fireworks_G_4,lockin,0,0,QR未検出,,lockin,binary,,,28.848485,8,8,1,0.576408,,0.576408,frame_00000.png,frame_00116.png,r120_e60_f1.mp4,120 Hz,1/60,蛍光灯あり,58.848 fps,120,60,1,15,nagaoka_fireworks,G,G,4,,,frame_00000.png,frame_00116.png,,117,1.988157
nagaoka_fireworks_G_4,lockin,0,0,QR未検出,,lockin,binary,,,8.848485,8,8,1,0.563448,,0.563448,frame_00000.png,frame_00116.png,r120_e60_f1.mp4,120 Hz,1/60,蛍光灯あり,58.848 fps,120,60,1,15,nagaoka_fireworks,G,G,4,,,frame_00000.png,frame_00116.png,,117,1.988157
nagaoka_fireworks_G_4,lockin,0,0,QR未検出,,lockin,binary,,,14.424243,8,8,1,0.550623,,0.550623,frame_00000.png,frame_00116.png,r120_e60_f1.mp4,120 Hz,1/60,蛍光灯あり,58.848 fps,120,60,1,15,nagaoka_fireworks,G,G,4,,,frame_00000.png,frame_00116.png,,117,1.988157
nagaoka_fireworks_G_4,lockin,0,0,QR未検出,,lockin,binary,,,14.424243,4,8,1,0.528227,,0.528227,frame_00000.png,frame_00116.png,r120_e60_f1.mp4,120 Hz,1/60,蛍光灯あり,58.848 fps,120,60,1,15,nagaoka_fireworks,G,G,4,,,frame_00000.png,frame_00116.png,,117,1.988157
nagaoka_fireworks_G_4,lockin,0,0,QR未検出,,lockin,binary,,,8.848485,4,8,1,0.520692,,0.520692,frame_00000.png,frame_00116.png,r120_e60_f1.mp4,120 Hz,1/60,蛍光灯あり,58.848 fps,120,60,1,15,nagaoka_fireworks,G,G,4,,,frame_00000.png,frame_00116.png,,117,1.988157
nagaoka_fireworks_G_4,lockin,0,0,QR未検出,,lockin,binary,,,27.696970,4,8,1,0.520275,,0.520275,frame_00000.png,frame_00116.png,r120_e60_f1.mp4,120 Hz,1/60,蛍光灯あり,58.848 fps,120,60,1,15,nagaoka_fireworks,G,G,4,,,frame_00000.png,frame_00116.png,,117,1.988157
nagaoka_fireworks_G_4,lockin,0,0,QR未検出,,lockin,binary,,,28.848485,4,8,1,0.506218,,0.506218,frame_00000.png,frame_00116.png,r120_e60_f1.mp4,120 Hz,1/60,蛍光灯あり,58.848 fps,120,60,1,15,nagaoka_fireworks,G,G,4,,,frame_00000.png,frame_00116.png,,117,1.988157
nagaoka_fireworks_G_8,lockin,0,0,QR未検出,,lockin,binary,,,28.848485,12,8,1,0.632979,,0.632979,frame_00000.png,frame_00116.png,r120_e60_f1.mp4,120 Hz,1/60,蛍光灯あり,58.848 fps,120,60,1,16,nagaoka_fireworks,G,G,8,,,frame_00000.png,frame_00116.png,,117,1.988157
nagaoka_fireworks_G_8,lockin,0,0,QR未検出,,lockin,binary,,,27.696970,12,8,1,0.620733,,0.620733,frame_00000.png,frame_00116.png,r120_e60_f1.mp4,120 Hz,1/60,蛍光灯あり,58.848 fps,120,60,1,16,nagaoka_fireworks,G,G,8,,,frame_00000.png,frame_00116.png,,117,1.988157
nagaoka_fireworks_G_8,lockin,0,0,QR未検出,,lockin,binary,,,28.848485,8,8,1,0.617032,,0.617032,frame_00000.png,frame_00116.png,r120_e60_f1.mp4,120 Hz,1/60,蛍光灯あり,58.848 fps,120,60,1,16,nagaoka_fireworks,G,G,8,,,frame_00000.png,frame_00116.png,,117,1.988157
nagaoka_fireworks_G_8,lockin,0,0,QR未検出,,lockin,binary,,,8.848485,12,8,1,0.614486,,0.614486,frame_00000.png,frame_00116.png,r120_e60_f1.mp4,120 Hz,1/60,蛍光灯あり,58.848 fps,120,60,1,16,nagaoka_fireworks,G,G,8,,,frame_00000.png,frame_00116.png,,117,1.988157
nagaoka_fireworks_G_8,lockin,0,0,QR未検出,,lockin,binary,,,14.424243,12,8,1,0.603591,,0.603591,frame_00000.png,frame_00116.png,r120_e60_f1.mp4,120 Hz,1/60,蛍光灯あり,58.848 fps,120,60,1,16,nagaoka_fireworks,G,G,8,,,frame_00000.png,frame_00116.png,,117,1.988157
nagaoka_fireworks_G_8,lockin,0,0,QR未検出,,lockin,binary,,,27.696970,8,8,1,0.583468,,0.583468,frame_00000.png,frame_00116.png,r120_e60_f1.mp4,120 Hz,1/60,蛍光灯あり,58.848 fps,120,60,1,16,nagaoka_fireworks,G,G,8,,,frame_00000.png,frame_00116.png,,117,1.988157
nagaoka_fireworks_G_8,lockin,0,0,QR未検出,,lockin,binary,,,8.848485,8,8,1,0.570867,,0.570867,frame_00000.png,frame_00116.png,r120_e60_f1.mp4,120 Hz,1/60,蛍光灯あり,58.848 fps,120,60,1,16,nagaoka_fireworks,G,G,8,,,frame_00000.png,frame_00116.png,,117,1.988157
nagaoka_fireworks_G_8,lockin,0,0,QR未検出,,lockin,binary,,,14.424243,8,8,1,0.559149,,0.559149,frame_00000.png,frame_00116.png,r120_e60_f1.mp4,120 Hz,1/60,蛍光灯あり,58.848 fps,120,60,1,16,nagaoka_fireworks,G,G,8,,,frame_00000.png,frame_00116.png,,117,1.988157
nagaoka_fireworks_G_8,lockin,0,0,QR未検出,,lockin,binary,,,28.848485,4,8,1,0.548067,,0.548067,frame_00000.png,frame_00116.png,r120_e60_f1.mp4,120 Hz,1/60,蛍光灯あり,58.848 fps,120,60,1,16,nagaoka_fireworks,G,G,8,,,frame_00000.png,frame_00116.png,,117,1.988157
nagaoka_fireworks_G_8,lockin,0,0,QR未検出,,lockin,binary,,,14.424243,4,8,1,0.519479,,0.519479,frame_00000.png,frame_00116.png,r120_e60_f1.mp4,120 Hz,1/60,蛍光灯あり,58.848 fps,120,60,1,16,nagaoka_fireworks,G,G,8,,,frame_00000.png,frame_00116.png,,117,1.988157
nagaoka_fireworks_G_8,lockin,0,0,QR未検出,,lockin,binary,,,8.848485,4,8,1,0.512305,,0.512305,frame_00000.png,frame_00116.png,r120_e60_f1.mp4,120 Hz,1/60,蛍光灯あり,58.848 fps,120,60,1,16,nagaoka_fireworks,G,G,8,,,frame_00000.png,frame_00116.png,,117,1.988157
nagaoka_fireworks_G_8,lockin,0,0,QR未検出,,lockin,binary,,,27.696970,4,8,1,0.503197,,0.503197,frame_00000.png,frame_00116.png,r120_e60_f1.mp4,120 Hz,1/60,蛍光灯あり,58.848 fps,120,60,1,16,nagaoka_fireworks,G,G,8,,,frame_00000.png,frame_00116.png,,117,1.988157
nagaoka_fireworks_G_12,lockin,0,0,QR未検出,,lockin,binary,,,8.848485,12,8,1,0.640800,,0.640800,frame_00000.png,frame_00116.png,r120_e60_f1.mp4,120 Hz,1/60,蛍光灯あり,58.848 fps,120,60,1,17,nagaoka_fireworks,G,G,12,,,frame_00000.png,frame_00116.png,,117,1.988157
nagaoka_fireworks_G_12,lockin,0,0,QR未検出,,lockin,binary,,,28.848485,12,8,1,0.635855,,0.635855,frame_00000.png,frame_00116.png,r120_e60_f1.mp4,120 Hz,1/60,蛍光灯あり,58.848 fps,120,60,1,17,nagaoka_fireworks,G,G,12,,,frame_00000.png,frame_00116.png,,117,1.988157
nagaoka_fireworks_G_12,lockin,0,0,QR未検出,,lockin,binary,,,27.696970,12,8,1,0.635360,,0.635360,frame_00000.png,frame_00116.png,r120_e60_f1.mp4,120 Hz,1/60,蛍光灯あり,58.848 fps,120,60,1,17,nagaoka_fireworks,G,G,12,,,frame_00000.png,frame_00116.png,,117,1.988157
nagaoka_fireworks_G_12,lockin,0,0,QR未検出,,lockin,binary,,,14.424243,12,8,1,0.627819,,0.627819,frame_00000.png,frame_00116.png,r120_e60_f1.mp4,120 Hz,1/60,蛍光灯あり,58.848 fps,120,60,1,17,nagaoka_fireworks,G,G,12,,,frame_00000.png,frame_00116.png,,117,1.988157
nagaoka_fireworks_G_12,lockin,0,0,QR未検出,,lockin,binary,,,8.848485,8,8,1,0.624407,,0.624407,frame_00000.png,frame_00116.png,r120_e60_f1.mp4,120 Hz,1/60,蛍光灯あり,58.848 fps,120,60,1,17,nagaoka_fireworks,G,G,12,,,frame_00000.png,frame_00116.png,,117,1.988157
nagaoka_fireworks_G_12,lockin,0,0,QR未検出,,lockin,binary,,,28.848485,8,8,1,0.615111,,0.615111,frame_00000.png,frame_00116.png,r120_e60_f1.mp4,120 Hz,1/60,蛍光灯あり,58.848 fps,120,60,1,17,nagaoka_fireworks,G,G,12,,,frame_00000.png,frame_00116.png,,117,1.988157
nagaoka_fireworks_G_12,lockin,0,0,QR未検出,,lockin,binary,,,27.696970,8,8,1,0.614238,,0.614238,frame_00000.png,frame_00116.png,r120_e60_f1.mp4,120 Hz,1/60,蛍光灯あり,58.848 fps,120,60,1,17,nagaoka_fireworks,G,G,12,,,frame_00000.png,frame_00116.png,,117,1.988157
nagaoka_fireworks_G_12,lockin,0,0,QR未検出,,lockin,binary,,,14.424243,8,8,1,0.599623,,0.599623,frame_00000.png,frame_00116.png,r120_e60_f1.mp4,120 Hz,1/60,蛍光灯あり,58.848 fps,120,60,1,17,nagaoka_fireworks,G,G,12,,,frame_00000.png,frame_00116.png,,117,1.988157
nagaoka_fireworks_G_12,lockin,0,0,QR未検出,,lockin,binary,,,8.848485,4,8,1,0.541472,,0.541472,frame_00000.png,frame_00116.png,r120_e60_f1.mp4,120 Hz,1/60,蛍光灯あり,58.848 fps,120,60,1,17,nagaoka_fireworks,G,G,12,,,frame_00000.png,frame_00116.png,,117,1.988157
nagaoka_fireworks_G_12,lockin,0,0,QR未検出,,lockin,binary,,,28.848485,4,8,1,0.541215,,0.541215,frame_00000.png,frame_00116.png,r120_e60_f1.mp4,120 Hz,1/60,蛍光灯あり,58.848 fps,120,60,1,17,nagaoka_fireworks,G,G,12,,,frame_00000.png,frame_00116.png,,117,1.988157
nagaoka_fireworks_G_12,lockin,0,0,QR未検出,,lockin,binary,,,27.696970,4,8,1,0.531718,,0.531718,frame_00000.png,frame_00116.png,r120_e60_f1.mp4,120 Hz,1/60,蛍光灯あり,58.848 fps,120,60,1,17,nagaoka_fireworks,G,G,12,,,frame_00000.png,frame_00116.png,,117,1.988157
nagaoka_fireworks_G_12,lockin,0,0,QR未検出,,lockin,binary,,,14.424243,4,8,1,0.510418,,0.510418,frame_00000.png,frame_00116.png,r120_e60_f1.mp4,120 Hz,1/60,蛍光灯あり,58.848 fps,120,60,1,17,nagaoka_fireworks,G,G,12,,,frame_00000.png,frame_00116.png,,117,1.988157
hocho_G_4,lockin,0,0,QR未検出,,lockin,binary,,,28.848485,12,8,1,0.635218,,0.635218,frame_00000.png,frame_00116.png,r120_e60_f1.mp4,120 Hz,1/60,蛍光灯あり,58.848 fps,120,60,1,18,hocho,G,G,4,,,frame_00000.png,frame_00116.png,,117,1.988157
hocho_G_4,lockin,0,0,QR未検出,,lockin,binary,,,14.424243,12,8,1,0.632275,,0.632275,frame_00000.png,frame_00116.png,r120_e60_f1.mp4,120 Hz,1/60,蛍光灯あり,58.848 fps,120,60,1,18,hocho,G,G,4,,,frame_00000.png,frame_00116.png,,117,1.988157
hocho_G_4,lockin,0,0,QR未検出,,lockin,binary,,,27.696970,12,8,1,0.617693,,0.617693,frame_00000.png,frame_00116.png,r120_e60_f1.mp4,120 Hz,1/60,蛍光灯あり,58.848 fps,120,60,1,18,hocho,G,G,4,,,frame_00000.png,frame_00116.png,,117,1.988157
hocho_G_4,lockin,0,0,QR未検出,,lockin,binary,,,8.848485,12,8,1,0.606009,,0.606009,frame_00000.png,frame_00116.png,r120_e60_f1.mp4,120 Hz,1/60,蛍光灯あり,58.848 fps,120,60,1,18,hocho,G,G,4,,,frame_00000.png,frame_00116.png,,117,1.988157
hocho_G_4,lockin,0,0,QR未検出,,lockin,binary,,,28.848485,8,8,1,0.603148,,0.603148,frame_00000.png,frame_00116.png,r120_e60_f1.mp4,120 Hz,1/60,蛍光灯あり,58.848 fps,120,60,1,18,hocho,G,G,4,,,frame_00000.png,frame_00116.png,,117,1.988157
hocho_G_4,lockin,0,0,QR未検出,,lockin,binary,,,8.848485,4,8,1,0.601124,,0.601124,frame_00000.png,frame_00116.png,r120_e60_f1.mp4,120 Hz,1/60,蛍光灯あり,58.848 fps,120,60,1,18,hocho,G,G,4,,,frame_00000.png,frame_00116.png,,117,1.988157
hocho_G_4,lockin,0,0,QR未検出,,lockin,binary,,,14.424243,8,8,1,0.598188,,0.598188,frame_00000.png,frame_00116.png,r120_e60_f1.mp4,120 Hz,1/60,蛍光灯あり,58.848 fps,120,60,1,18,hocho,G,G,4,,,frame_00000.png,frame_00116.png,,117,1.988157
hocho_G_4,lockin,0,0,QR未検出,,lockin,binary,,,27.696970,4,8,1,0.585288,,0.585288,frame_00000.png,frame_00116.png,r120_e60_f1.mp4,120 Hz,1/60,蛍光灯あり,58.848 fps,120,60,1,18,hocho,G,G,4,,,frame_00000.png,frame_00116.png,,117,1.988157
hocho_G_4,lockin,0,0,QR未検出,,lockin,binary,,,27.696970,8,8,1,0.568055,,0.568055,frame_00000.png,frame_00116.png,r120_e60_f1.mp4,120 Hz,1/60,蛍光灯あり,58.848 fps,120,60,1,18,hocho,G,G,4,,,frame_00000.png,frame_00116.png,,117,1.988157
hocho_G_4,lockin,0,0,QR未検出,,lockin,binary,,,14.424243,4,8,1,0.543793,,0.543793,frame_00000.png,frame_00116.png,r120_e60_f1.mp4,120 Hz,1/60,蛍光灯あり,58.848 fps,120,60,1,18,hocho,G,G,4,,,frame_00000.png,frame_00116.png,,117,1.988157
hocho_G_4,lockin,0,0,QR未検出,,lockin,binary,,,8.848485,8,8,1,0.543584,,0.543584,frame_00000.png,frame_00116.png,r120_e60_f1.mp4,120 Hz,1/60,蛍光灯あり,58.848 fps,120,60,1,18,hocho,G,G,4,,,frame_00000.png,frame_00116.png,,117,1.988157
hocho_G_4,lockin,0,0,QR未検出,,lockin,binary,,,28.848485,4,8,1,0.513826,,0.513826,frame_00000.png,frame_00116.png,r120_e60_f1.mp4,120 Hz,1/60,蛍光灯あり,58.848 fps,120,60,1,18,hocho,G,G,4,,,frame_00000.png,frame_00116.png,,117,1.988157
hocho_G_8,lockin,0,0,QR未検出,,lockin,binary,,,28.848485,12,8,1,0.640318,,0.640318,frame_00000.png,frame_00116.png,r120_e60_f1.mp4,120 Hz,1/60,蛍光灯あり,58.848 fps,120,60,1,19,hocho,G,G,8,,,frame_00000.png,frame_00116.png,,117,1.988157
hocho_G_8,lockin,0,0,QR未検出,,lockin,binary,,,8.848485,12,8,1,0.623560,,0.623560,frame_00000.png,frame_00116.png,r120_e60_f1.mp4,120 Hz,1/60,蛍光灯あり,58.848 fps,120,60,1,19,hocho,G,G,8,,,frame_00000.png,frame_00116.png,,117,1.988157
hocho_G_8,lockin,0,0,QR未検出,,lockin,binary,,,27.696970,12,8,1,0.622473,,0.622473,frame_00000.png,frame_00116.png,r120_e60_f1.mp4,120 Hz,1/60,蛍光灯あり,58.848 fps,120,60,1,19,hocho,G,G,8,,,frame_00000.png,frame_00116.png,,117,1.988157
hocho_G_8,lockin,0,0,QR未検出,,lockin,binary,,,14.424243,12,8,1,0.622297,,0.622297,frame_00000.png,frame_00116.png,r120_e60_f1.mp4,120 Hz,1/60,蛍光灯あり,58.848 fps,120,60,1,19,hocho,G,G,8,,,frame_00000.png,frame_00116.png,,117,1.988157
hocho_G_8,lockin,0,0,QR未検出,,lockin,binary,,,28.848485,8,8,1,0.620066,,0.620066,frame_00000.png,frame_00116.png,r120_e60_f1.mp4,120 Hz,1/60,蛍光灯あり,58.848 fps,120,60,1,19,hocho,G,G,8,,,frame_00000.png,frame_00116.png,,117,1.988157
hocho_G_8,lockin,0,0,QR未検出,,lockin,binary,,,14.424243,4,8,1,0.581998,,0.581998,frame_00000.png,frame_00116.png,r120_e60_f1.mp4,120 Hz,1/60,蛍光灯あり,58.848 fps,120,60,1,19,hocho,G,G,8,,,frame_00000.png,frame_00116.png,,117,1.988157
hocho_G_8,lockin,0,0,QR未検出,,lockin,binary,,,27.696970,8,8,1,0.575684,,0.575684,frame_00000.png,frame_00116.png,r120_e60_f1.mp4,120 Hz,1/60,蛍光灯あり,58.848 fps,120,60,1,19,hocho,G,G,8,,,frame_00000.png,frame_00116.png,,117,1.988157
hocho_G_8,lockin,0,0,QR未検出,,lockin,binary,,,8.848485,4,8,1,0.574002,,0.574002,frame_00000.png,frame_00116.png,r120_e60_f1.mp4,120 Hz,1/60,蛍光灯あり,58.848 fps,120,60,1,19,hocho,G,G,8,,,frame_00000.png,frame_00116.png,,117,1.988157
hocho_G_8,lockin,0,0,QR未検出,,lockin,binary,,,14.424243,8,8,1,0.572015,,0.572015,frame_00000.png,frame_00116.png,r120_e60_f1.mp4,120 Hz,1/60,蛍光灯あり,58.848 fps,120,60,1,19,hocho,G,G,8,,,frame_00000.png,frame_00116.png,,117,1.988157
hocho_G_8,lockin,0,0,QR未検出,,lockin,binary,,,8.848485,8,8,1,0.571953,,0.571953,frame_00000.png,frame_00116.png,r120_e60_f1.mp4,120 Hz,1/60,蛍光灯あり,58.848 fps,120,60,1,19,hocho,G,G,8,,,frame_00000.png,frame_00116.png,,117,1.988157
hocho_G_8,lockin,0,0,QR未検出,,lockin,binary,,,27.696970,4,8,1,0.571918,,0.571918,frame_00000.png,frame_00116.png,r120_e60_f1.mp4,120 Hz,1/60,蛍光灯あり,58.848 fps,120,60,1,19,hocho,G,G,8,,,frame_00000.png,frame_00116.png,,117,1.988157
hocho_G_8,lockin,0,0,QR未検出,,lockin,binary,,,28.848485,4,8,1,0.523199,,0.523199,frame_00000.png,frame_00116.png,r120_e60_f1.mp4,120 Hz,1/60,蛍光灯あり,58.848 fps,120,60,1,19,hocho,G,G,8,,,frame_00000.png,frame_00116.png,,117,1.988157
hocho_G_12,lockin,0,0,QR未検出,,lockin,binary,,,27.696970,12,8,1,0.643491,,0.643491,frame_00000.png,frame_00116.png,r120_e60_f1.mp4,120 Hz,1/60,蛍光灯あり,58.848 fps,120,60,1,20,hocho,G,G,12,,,frame_00000.png,frame_00116.png,,117,1.988157
hocho_G_12,lockin,0,0,QR未検出,,lockin,binary,,,28.848485,12,8,1,0.628804,,0.628804,frame_00000.png,frame_00116.png,r120_e60_f1.mp4,120 Hz,1/60,蛍光灯あり,58.848 fps,120,60,1,20,hocho,G,G,12,,,frame_00000.png,frame_00116.png,,117,1.988157
hocho_G_12,lockin,0,0,QR未検出,,lockin,binary,,,27.696970,8,8,1,0.627605,,0.627605,frame_00000.png,frame_00116.png,r120_e60_f1.mp4,120 Hz,1/60,蛍光灯あり,58.848 fps,120,60,1,20,hocho,G,G,12,,,frame_00000.png,frame_00116.png,,117,1.988157
hocho_G_12,lockin,0,0,QR未検出,,lockin,binary,,,8.848485,12,8,1,0.625842,,0.625842,frame_00000.png,frame_00116.png,r120_e60_f1.mp4,120 Hz,1/60,蛍光灯あり,58.848 fps,120,60,1,20,hocho,G,G,12,,,frame_00000.png,frame_00116.png,,117,1.988157
hocho_G_12,lockin,0,0,QR未検出,,lockin,binary,,,14.424243,4,8,1,0.613645,,0.613645,frame_00000.png,frame_00116.png,r120_e60_f1.mp4,120 Hz,1/60,蛍光灯あり,58.848 fps,120,60,1,20,hocho,G,G,12,,,frame_00000.png,frame_00116.png,,117,1.988157
hocho_G_12,lockin,0,0,QR未検出,,lockin,binary,,,14.424243,12,8,1,0.599803,,0.599803,frame_00000.png,frame_00116.png,r120_e60_f1.mp4,120 Hz,1/60,蛍光灯あり,58.848 fps,120,60,1,20,hocho,G,G,12,,,frame_00000.png,frame_00116.png,,117,1.988157
hocho_G_12,lockin,0,0,QR未検出,,lockin,binary,,,28.848485,8,8,1,0.588885,,0.588885,frame_00000.png,frame_00116.png,r120_e60_f1.mp4,120 Hz,1/60,蛍光灯あり,58.848 fps,120,60,1,20,hocho,G,G,12,,,frame_00000.png,frame_00116.png,,117,1.988157
hocho_G_12,lockin,0,0,QR未検出,,lockin,binary,,,8.848485,4,8,1,0.578147,,0.578147,frame_00000.png,frame_00116.png,r120_e60_f1.mp4,120 Hz,1/60,蛍光灯あり,58.848 fps,120,60,1,20,hocho,G,G,12,,,frame_00000.png,frame_00116.png,,117,1.988157
hocho_G_12,lockin,0,0,QR未検出,,lockin,binary,,,8.848485,8,8,1,0.575266,,0.575266,frame_00000.png,frame_00116.png,r120_e60_f1.mp4,120 Hz,1/60,蛍光灯あり,58.848 fps,120,60,1,20,hocho,G,G,12,,,frame_00000.png,frame_00116.png,,117,1.988157
hocho_G_12,lockin,0,0,QR未検出,,lockin,binary,,,28.848485,4,8,1,0.568755,,0.568755,frame_00000.png,frame_00116.png,r120_e60_f1.mp4,120 Hz,1/60,蛍光灯あり,58.848 fps,120,60,1,20,hocho,G,G,12,,,frame_00000.png,frame_00116.png,,117,1.988157
hocho_G_12,lockin,0,0,QR未検出,,lockin,binary,,,27.696970,4,8,1,0.532206,,0.532206,frame_00000.png,frame_00116.png,r120_e60_f1.mp4,120 Hz,1/60,蛍光灯あり,58.848 fps,120,60,1,20,hocho,G,G,12,,,frame_00000.png,frame_00116.png,,117,1.988157
hocho_G_12,lockin,0,0,QR未検出,,lockin,binary,,,14.424243,8,8,1,0.524070,,0.524070,frame_00000.png,frame_00116.png,r120_e60_f1.mp4,120 Hz,1/60,蛍光灯あり,58.848 fps,120,60,1,20,hocho,G,G,12,,,frame_00000.png,frame_00116.png,,117,1.988157
ex_G_4,lockin,0,0,QR未検出,,lockin,binary,,,28.848485,12,8,1,0.640343,,0.640343,frame_00000.png,frame_00116.png,r120_e60_f1.mp4,120 Hz,1/60,蛍光灯あり,58.848 fps,120,60,1,21,ex,G,G,4,,,frame_00000.png,frame_00116.png,,117,1.988157
ex_G_4,lockin,0,0,QR未検出,,lockin,binary,,,27.696970,12,8,1,0.639111,,0.639111,frame_00000.png,frame_00116.png,r120_e60_f1.mp4,120 Hz,1/60,蛍光灯あり,58.848 fps,120,60,1,21,ex,G,G,4,,,frame_00000.png,frame_00116.png,,117,1.988157
ex_G_4,lockin,0,0,QR未検出,,lockin,binary,,,8.848485,4,8,1,0.637305,,0.637305,frame_00000.png,frame_00116.png,r120_e60_f1.mp4,120 Hz,1/60,蛍光灯あり,58.848 fps,120,60,1,21,ex,G,G,4,,,frame_00000.png,frame_00116.png,,117,1.988157
ex_G_4,lockin,0,0,QR未検出,,lockin,binary,,,14.424243,4,8,1,0.635180,,0.635180,frame_00000.png,frame_00116.png,r120_e60_f1.mp4,120 Hz,1/60,蛍光灯あり,58.848 fps,120,60,1,21,ex,G,G,4,,,frame_00000.png,frame_00116.png,,117,1.988157
ex_G_4,lockin,0,0,QR未検出,,lockin,binary,,,28.848485,8,8,1,0.618544,,0.618544,frame_00000.png,frame_00116.png,r120_e60_f1.mp4,120 Hz,1/60,蛍光灯あり,58.848 fps,120,60,1,21,ex,G,G,4,,,frame_00000.png,frame_00116.png,,117,1.988157
ex_G_4,lockin,0,0,QR未検出,,lockin,binary,,,27.696970,8,8,1,0.609937,,0.609937,frame_00000.png,frame_00116.png,r120_e60_f1.mp4,120 Hz,1/60,蛍光灯あり,58.848 fps,120,60,1,21,ex,G,G,4,,,frame_00000.png,frame_00116.png,,117,1.988157
ex_G_4,lockin,0,0,QR未検出,,lockin,binary,,,8.848485,8,8,1,0.589898,,0.589898,frame_00000.png,frame_00116.png,r120_e60_f1.mp4,120 Hz,1/60,蛍光灯あり,58.848 fps,120,60,1,21,ex,G,G,4,,,frame_00000.png,frame_00116.png,,117,1.988157
ex_G_4,lockin,0,0,QR未検出,,lockin,binary,,,14.424243,12,8,1,0.581736,,0.581736,frame_00000.png,frame_00116.png,r120_e60_f1.mp4,120 Hz,1/60,蛍光灯あり,58.848 fps,120,60,1,21,ex,G,G,4,,,frame_00000.png,frame_00116.png,,117,1.988157
ex_G_4,lockin,0,0,QR未検出,,lockin,binary,,,27.696970,4,8,1,0.571453,,0.571453,frame_00000.png,frame_00116.png,r120_e60_f1.mp4,120 Hz,1/60,蛍光灯あり,58.848 fps,120,60,1,21,ex,G,G,4,,,frame_00000.png,frame_00116.png,,117,1.988157
ex_G_4,lockin,0,0,QR未検出,,lockin,binary,,,28.848485,4,8,1,0.560484,,0.560484,frame_00000.png,frame_00116.png,r120_e60_f1.mp4,120 Hz,1/60,蛍光灯あり,58.848 fps,120,60,1,21,ex,G,G,4,,,frame_00000.png,frame_00116.png,,117,1.988157
ex_G_4,lockin,0,0,QR未検出,,lockin,binary,,,14.424243,8,8,1,0.542412,,0.542412,frame_00000.png,frame_00116.png,r120_e60_f1.mp4,120 Hz,1/60,蛍光灯あり,58.848 fps,120,60,1,21,ex,G,G,4,,,frame_00000.png,frame_00116.png,,117,1.988157
ex_G_4,lockin,0,0,QR未検出,,lockin,binary,,,8.848485,12,8,1,0.525337,,0.525337,frame_00000.png,frame_00116.png,r120_e60_f1.mp4,120 Hz,1/60,蛍光灯あり,58.848 fps,120,60,1,21,ex,G,G,4,,,frame_00000.png,frame_00116.png,,117,1.988157
ex_G_8,lockin,0,0,QR未検出,,lockin,binary,,,28.848485,12,8,1,0.644525,,0.644525,frame_00000.png,frame_00116.png,r120_e60_f1.mp4,120 Hz,1/60,蛍光灯あり,58.848 fps,120,60,1,22,ex,G,G,8,,,frame_00000.png,frame_00116.png,,117,1.988157
ex_G_8,lockin,0,0,QR未検出,,lockin,binary,,,8.848485,4,8,1,0.640303,,0.640303,frame_00000.png,frame_00116.png,r120_e60_f1.mp4,120 Hz,1/60,蛍光灯あり,58.848 fps,120,60,1,22,ex,G,G,8,,,frame_00000.png,frame_00116.png,,117,1.988157
ex_G_8,lockin,0,0,QR未検出,,lockin,binary,,,14.424243,12,8,1,0.633068,,0.633068,frame_00000.png,frame_00116.png,r120_e60_f1.mp4,120 Hz,1/60,蛍光灯あり,58.848 fps,120,60,1,22,ex,G,G,8,,,frame_00000.png,frame_00116.png,,117,1.988157
ex_G_8,lockin,0,0,QR未検出,,lockin,binary,,,27.696970,12,8,1,0.632700,,0.632700,frame_00000.png,frame_00116.png,r120_e60_f1.mp4,120 Hz,1/60,蛍光灯あり,58.848 fps,120,60,1,22,ex,G,G,8,,,frame_00000.png,frame_00116.png,,117,1.988157
ex_G_8,lockin,0,0,QR未検出,,lockin,binary,,,28.848485,8,8,1,0.628797,,0.628797,frame_00000.png,frame_00116.png,r120_e60_f1.mp4,120 Hz,1/60,蛍光灯あり,58.848 fps,120,60,1,22,ex,G,G,8,,,frame_00000.png,frame_00116.png,,117,1.988157
ex_G_8,lockin,0,0,QR未検出,,lockin,binary,,,14.424243,4,8,1,0.604653,,0.604653,frame_00000.png,frame_00116.png,r120_e60_f1.mp4,120 Hz,1/60,蛍光灯あり,58.848 fps,120,60,1,22,ex,G,G,8,,,frame_00000.png,frame_00116.png,,117,1.988157
ex_G_8,lockin,0,0,QR未検出,,lockin,binary,,,8.848485,8,8,1,0.599189,,0.599189,frame_00000.png,frame_00116.png,r120_e60_f1.mp4,120 Hz,1/60,蛍光灯あり,58.848 fps,120,60,1,22,ex,G,G,8,,,frame_00000.png,frame_00116.png,,117,1.988157
ex_G_8,lockin,0,0,QR未検出,,lockin,binary,,,27.696970,4,8,1,0.597747,,0.597747,frame_00000.png,frame_00116.png,r120_e60_f1.mp4,120 Hz,1/60,蛍光灯あり,58.848 fps,120,60,1,22,ex,G,G,8,,,frame_00000.png,frame_00116.png,,117,1.988157
ex_G_8,lockin,0,0,QR未検出,,lockin,binary,,,14.424243,8,8,1,0.577402,,0.577402,frame_00000.png,frame_00116.png,r120_e60_f1.mp4,120 Hz,1/60,蛍光灯あり,58.848 fps,120,60,1,22,ex,G,G,8,,,frame_00000.png,frame_00116.png,,117,1.988157
ex_G_8,lockin,0,0,QR未検出,,lockin,binary,,,27.696970,8,8,1,0.573575,,0.573575,frame_00000.png,frame_00116.png,r120_e60_f1.mp4,120 Hz,1/60,蛍光灯あり,58.848 fps,120,60,1,22,ex,G,G,8,,,frame_00000.png,frame_00116.png,,117,1.988157
ex_G_8,lockin,0,0,QR未検出,,lockin,binary,,,28.848485,4,8,1,0.508465,,0.508465,frame_00000.png,frame_00116.png,r120_e60_f1.mp4,120 Hz,1/60,蛍光灯あり,58.848 fps,120,60,1,22,ex,G,G,8,,,frame_00000.png,frame_00116.png,,117,1.988157
ex_G_8,lockin,0,0,QR未検出,,lockin,binary,,,8.848485,12,8,1,0.500787,,0.500787,frame_00000.png,frame_00116.png,r120_e60_f1.mp4,120 Hz,1/60,蛍光灯あり,58.848 fps,120,60,1,22,ex,G,G,8,,,frame_00000.png,frame_00116.png,,117,1.988157
ex_G_12,lockin,0,0,QR未検出,,lockin,binary,,,28.848485,12,8,1,0.645954,,0.645954,frame_00000.png,frame_00116.png,r120_e60_f1.mp4,120 Hz,1/60,蛍光灯あり,58.848 fps,120,60,1,23,ex,G,G,12,,,frame_00000.png,frame_00116.png,,117,1.988157
ex_G_12,lockin,0,0,QR未検出,,lockin,binary,,,28.848485,8,8,1,0.642044,,0.642044,frame_00000.png,frame_00116.png,r120_e60_f1.mp4,120 Hz,1/60,蛍光灯あり,58.848 fps,120,60,1,23,ex,G,G,12,,,frame_00000.png,frame_00116.png,,117,1.988157
ex_G_12,lockin,0,0,QR未検出,,lockin,binary,,,8.848485,4,8,1,0.633929,,0.633929,frame_00000.png,frame_00116.png,r120_e60_f1.mp4,120 Hz,1/60,蛍光灯あり,58.848 fps,120,60,1,23,ex,G,G,12,,,frame_00000.png,frame_00116.png,,117,1.988157
ex_G_12,lockin,0,0,QR未検出,,lockin,binary,,,27.696970,4,8,1,0.631427,,0.631427,frame_00000.png,frame_00116.png,r120_e60_f1.mp4,120 Hz,1/60,蛍光灯あり,58.848 fps,120,60,1,23,ex,G,G,12,,,frame_00000.png,frame_00116.png,,117,1.988157
ex_G_12,lockin,0,0,QR未検出,,lockin,binary,,,14.424243,4,8,1,0.628030,,0.628030,frame_00000.png,frame_00116.png,r120_e60_f1.mp4,120 Hz,1/60,蛍光灯あり,58.848 fps,120,60,1,23,ex,G,G,12,,,frame_00000.png,frame_00116.png,,117,1.988157
ex_G_12,lockin,0,0,QR未検出,,lockin,binary,,,14.424243,12,8,1,0.603873,,0.603873,frame_00000.png,frame_00116.png,r120_e60_f1.mp4,120 Hz,1/60,蛍光灯あり,58.848 fps,120,60,1,23,ex,G,G,12,,,frame_00000.png,frame_00116.png,,117,1.988157
ex_G_12,lockin,0,0,QR未検出,,lockin,binary,,,27.696970,12,8,1,0.579717,,0.579717,frame_00000.png,frame_00116.png,r120_e60_f1.mp4,120 Hz,1/60,蛍光灯あり,58.848 fps,120,60,1,23,ex,G,G,12,,,frame_00000.png,frame_00116.png,,117,1.988157
ex_G_12,lockin,0,0,QR未検出,,lockin,binary,,,28.848485,4,8,1,0.573992,,0.573992,frame_00000.png,frame_00116.png,r120_e60_f1.mp4,120 Hz,1/60,蛍光灯あり,58.848 fps,120,60,1,23,ex,G,G,12,,,frame_00000.png,frame_00116.png,,117,1.988157
ex_G_12,lockin,0,0,QR未検出,,lockin,binary,,,8.848485,8,8,1,0.563014,,0.563014,frame_00000.png,frame_00116.png,r120_e60_f1.mp4,120 Hz,1/60,蛍光灯あり,58.848 fps,120,60,1,23,ex,G,G,12,,,frame_00000.png,frame_00116.png,,117,1.988157
ex_G_12,lockin,0,0,QR未検出,,lockin,binary,,,8.848485,12,8,1,0.556005,,0.556005,frame_00000.png,frame_00116.png,r120_e60_f1.mp4,120 Hz,1/60,蛍光灯あり,58.848 fps,120,60,1,23,ex,G,G,12,,,frame_00000.png,frame_00116.png,,117,1.988157
ex_G_12,lockin,0,0,QR未検出,,lockin,binary,,,27.696970,8,8,1,0.537656,,0.537656,frame_00000.png,frame_00116.png,r120_e60_f1.mp4,120 Hz,1/60,蛍光灯あり,58.848 fps,120,60,1,23,ex,G,G,12,,,frame_00000.png,frame_00116.png,,117,1.988157
ex_G_12,lockin,0,0,QR未検出,,lockin,binary,,,14.424243,8,8,1,0.502583,,0.502583,frame_00000.png,frame_00116.png,r120_e60_f1.mp4,120 Hz,1/60,蛍光灯あり,58.848 fps,120,60,1,23,ex,G,G,12,,,frame_00000.png,frame_00116.png,,117,1.988157
rice_B_4,lockin,0,0,QR未検出,,lockin,binary,,,28.848485,12,8,1,0.617224,,0.617224,frame_00000.png,frame_00116.png,r120_e60_f1.mp4,120 Hz,1/60,蛍光灯あり,58.848 fps,120,60,1,24,rice,B,B,4,,,frame_00000.png,frame_00116.png,,117,1.988157
rice_B_4,lockin,0,0,QR未検出,,lockin,binary,,,27.696970,12,8,1,0.613386,,0.613386,frame_00000.png,frame_00116.png,r120_e60_f1.mp4,120 Hz,1/60,蛍光灯あり,58.848 fps,120,60,1,24,rice,B,B,4,,,frame_00000.png,frame_00116.png,,117,1.988157
rice_B_4,lockin,0,0,QR未検出,,lockin,binary,,,8.848485,4,8,1,0.604910,,0.604910,frame_00000.png,frame_00116.png,r120_e60_f1.mp4,120 Hz,1/60,蛍光灯あり,58.848 fps,120,60,1,24,rice,B,B,4,,,frame_00000.png,frame_00116.png,,117,1.988157
rice_B_4,lockin,0,0,QR未検出,,lockin,binary,,,14.424243,12,8,1,0.604464,,0.604464,frame_00000.png,frame_00116.png,r120_e60_f1.mp4,120 Hz,1/60,蛍光灯あり,58.848 fps,120,60,1,24,rice,B,B,4,,,frame_00000.png,frame_00116.png,,117,1.988157
rice_B_4,lockin,0,0,QR未検出,,lockin,binary,,,28.848485,8,8,1,0.585527,,0.585527,frame_00000.png,frame_00116.png,r120_e60_f1.mp4,120 Hz,1/60,蛍光灯あり,58.848 fps,120,60,1,24,rice,B,B,4,,,frame_00000.png,frame_00116.png,,117,1.988157
rice_B_4,lockin,0,0,QR未検出,,lockin,binary,,,8.848485,12,8,1,0.569261,,0.569261,frame_00000.png,frame_00116.png,r120_e60_f1.mp4,120 Hz,1/60,蛍光灯あり,58.848 fps,120,60,1,24,rice,B,B,4,,,frame_00000.png,frame_00116.png,,117,1.988157
rice_B_4,lockin,0,0,QR未検出,,lockin,binary,,,27.696970,8,8,1,0.568421,,0.568421,frame_00000.png,frame_00116.png,r120_e60_f1.mp4,120 Hz,1/60,蛍光灯あり,58.848 fps,120,60,1,24,rice,B,B,4,,,frame_00000.png,frame_00116.png,,117,1.988157
rice_B_4,lockin,0,0,QR未検出,,lockin,binary,,,14.424243,4,8,1,0.561963,,0.561963,frame_00000.png,frame_00116.png,r120_e60_f1.mp4,120 Hz,1/60,蛍光灯あり,58.848 fps,120,60,1,24,rice,B,B,4,,,frame_00000.png,frame_00116.png,,117,1.988157
rice_B_4,lockin,0,0,QR未検出,,lockin,binary,,,14.424243,8,8,1,0.550954,,0.550954,frame_00000.png,frame_00116.png,r120_e60_f1.mp4,120 Hz,1/60,蛍光灯あり,58.848 fps,120,60,1,24,rice,B,B,4,,,frame_00000.png,frame_00116.png,,117,1.988157
rice_B_4,lockin,0,0,QR未検出,,lockin,binary,,,27.696970,4,8,1,0.541628,,0.541628,frame_00000.png,frame_00116.png,r120_e60_f1.mp4,120 Hz,1/60,蛍光灯あり,58.848 fps,120,60,1,24,rice,B,B,4,,,frame_00000.png,frame_00116.png,,117,1.988157
rice_B_4,lockin,0,0,QR未検出,,lockin,binary,,,28.848485,4,8,1,0.513353,,0.513353,frame_00000.png,frame_00116.png,r120_e60_f1.mp4,120 Hz,1/60,蛍光灯あり,58.848 fps,120,60,1,24,rice,B,B,4,,,frame_00000.png,frame_00116.png,,117,1.988157
rice_B_4,lockin,0,0,QR未検出,,lockin,binary,,,8.848485,8,8,1,0.500569,,0.500569,frame_00000.png,frame_00116.png,r120_e60_f1.mp4,120 Hz,1/60,蛍光灯あり,58.848 fps,120,60,1,24,rice,B,B,4,,,frame_00000.png,frame_00116.png,,117,1.988157
rice_B_8,lockin,0,0,QR未検出,,lockin,binary,,,14.424243,12,8,1,0.646363,,0.646363,frame_00000.png,frame_00116.png,r120_e60_f1.mp4,120 Hz,1/60,蛍光灯あり,58.848 fps,120,60,1,25,rice,B,B,8,,,frame_00000.png,frame_00116.png,,117,1.988157
rice_B_8,lockin,0,0,QR未検出,,lockin,binary,,,14.424243,8,8,1,0.631703,,0.631703,frame_00000.png,frame_00116.png,r120_e60_f1.mp4,120 Hz,1/60,蛍光灯あり,58.848 fps,120,60,1,25,rice,B,B,8,,,frame_00000.png,frame_00116.png,,117,1.988157
rice_B_8,lockin,0,0,QR未検出,,lockin,binary,,,27.696970,12,8,1,0.627128,,0.627128,frame_00000.png,frame_00116.png,r120_e60_f1.mp4,120 Hz,1/60,蛍光灯あり,58.848 fps,120,60,1,25,rice,B,B,8,,,frame_00000.png,frame_00116.png,,117,1.988157
rice_B_8,lockin,0,0,QR未検出,,lockin,binary,,,8.848485,4,8,1,0.620829,,0.620829,frame_00000.png,frame_00116.png,r120_e60_f1.mp4,120 Hz,1/60,蛍光灯あり,58.848 fps,120,60,1,25,rice,B,B,8,,,frame_00000.png,frame_00116.png,,117,1.988157
rice_B_8,lockin,0,0,QR未検出,,lockin,binary,,,27.696970,8,8,1,0.595952,,0.595952,frame_00000.png,frame_00116.png,r120_e60_f1.mp4,120 Hz,1/60,蛍光灯あり,58.848 fps,120,60,1,25,rice,B,B,8,,,frame_00000.png,frame_00116.png,,117,1.988157
rice_B_8,lockin,0,0,QR未検出,,lockin,binary,,,28.848485,4,8,1,0.585786,,0.585786,frame_00000.png,frame_00116.png,r120_e60_f1.mp4,120 Hz,1/60,蛍光灯あり,58.848 fps,120,60,1,25,rice,B,B,8,,,frame_00000.png,frame_00116.png,,117,1.988157
rice_B_8,lockin,0,0,QR未検出,,lockin,binary,,,28.848485,12,8,1,0.575176,,0.575176,frame_00000.png,frame_00116.png,r120_e60_f1.mp4,120 Hz,1/60,蛍光灯あり,58.848 fps,120,60,1,25,rice,B,B,8,,,frame_00000.png,frame_00116.png,,117,1.988157
rice_B_8,lockin,0,0,QR未検出,,lockin,binary,,,14.424243,4,8,1,0.567415,,0.567415,frame_00000.png,frame_00116.png,r120_e60_f1.mp4,120 Hz,1/60,蛍光灯あり,58.848 fps,120,60,1,25,rice,B,B,8,,,frame_00000.png,frame_00116.png,,117,1.988157
rice_B_8,lockin,0,0,QR未検出,,lockin,binary,,,8.848485,12,8,1,0.540766,,0.540766,frame_00000.png,frame_00116.png,r120_e60_f1.mp4,120 Hz,1/60,蛍光灯あり,58.848 fps,120,60,1,25,rice,B,B,8,,,frame_00000.png,frame_00116.png,,117,1.988157
rice_B_8,lockin,0,0,QR未検出,,lockin,binary,,,28.848485,8,8,1,0.525475,,0.525475,frame_00000.png,frame_00116.png,r120_e60_f1.mp4,120 Hz,1/60,蛍光灯あり,58.848 fps,120,60,1,25,rice,B,B,8,,,frame_00000.png,frame_00116.png,,117,1.988157
rice_B_8,lockin,0,0,QR未検出,,lockin,binary,,,8.848485,8,8,1,0.523008,,0.523008,frame_00000.png,frame_00116.png,r120_e60_f1.mp4,120 Hz,1/60,蛍光灯あり,58.848 fps,120,60,1,25,rice,B,B,8,,,frame_00000.png,frame_00116.png,,117,1.988157
rice_B_8,lockin,0,0,QR未検出,,lockin,binary,,,27.696970,4,8,1,0.501697,,0.501697,frame_00000.png,frame_00116.png,r120_e60_f1.mp4,120 Hz,1/60,蛍光灯あり,58.848 fps,120,60,1,25,rice,B,B,8,,,frame_00000.png,frame_00116.png,,117,1.988157
rice_B_12,lockin,0,0,QR未検出,,lockin,binary,,,28.848485,12,8,1,0.638675,,0.638675,frame_00000.png,frame_00116.png,r120_e60_f1.mp4,120 Hz,1/60,蛍光灯あり,58.848 fps,120,60,1,26,rice,B,B,12,,,frame_00000.png,frame_00116.png,,117,1.988157
rice_B_12,lockin,0,0,QR未検出,,lockin,binary,,,27.696970,12,8,1,0.633678,,0.633678,frame_00000.png,frame_00116.png,r120_e60_f1.mp4,120 Hz,1/60,蛍光灯あり,58.848 fps,120,60,1,26,rice,B,B,12,,,frame_00000.png,frame_00116.png,,117,1.988157
rice_B_12,lockin,0,0,QR未検出,,lockin,binary,,,27.696970,8,8,1,0.614079,,0.614079,frame_00000.png,frame_00116.png,r120_e60_f1.mp4,120 Hz,1/60,蛍光灯あり,58.848 fps,120,60,1,26,rice,B,B,12,,,frame_00000.png,frame_00116.png,,117,1.988157
rice_B_12,lockin,0,0,QR未検出,,lockin,binary,,,28.848485,8,8,1,0.613520,,0.613520,frame_00000.png,frame_00116.png,r120_e60_f1.mp4,120 Hz,1/60,蛍光灯あり,58.848 fps,120,60,1,26,rice,B,B,12,,,frame_00000.png,frame_00116.png,,117,1.988157
rice_B_12,lockin,0,0,QR未検出,,lockin,binary,,,14.424243,4,8,1,0.606223,,0.606223,frame_00000.png,frame_00116.png,r120_e60_f1.mp4,120 Hz,1/60,蛍光灯あり,58.848 fps,120,60,1,26,rice,B,B,12,,,frame_00000.png,frame_00116.png,,117,1.988157
rice_B_12,lockin,0,0,QR未検出,,lockin,binary,,,8.848485,12,8,1,0.600051,,0.600051,frame_00000.png,frame_00116.png,r120_e60_f1.mp4,120 Hz,1/60,蛍光灯あり,58.848 fps,120,60,1,26,rice,B,B,12,,,frame_00000.png,frame_00116.png,,117,1.988157
rice_B_12,lockin,0,0,QR未検出,,lockin,binary,,,8.848485,4,8,1,0.587053,,0.587053,frame_00000.png,frame_00116.png,r120_e60_f1.mp4,120 Hz,1/60,蛍光灯あり,58.848 fps,120,60,1,26,rice,B,B,12,,,frame_00000.png,frame_00116.png,,117,1.988157
rice_B_12,lockin,0,0,QR未検出,,lockin,binary,,,14.424243,12,8,1,0.569086,,0.569086,frame_00000.png,frame_00116.png,r120_e60_f1.mp4,120 Hz,1/60,蛍光灯あり,58.848 fps,120,60,1,26,rice,B,B,12,,,frame_00000.png,frame_00116.png,,117,1.988157
rice_B_12,lockin,0,0,QR未検出,,lockin,binary,,,8.848485,8,8,1,0.534857,,0.534857,frame_00000.png,frame_00116.png,r120_e60_f1.mp4,120 Hz,1/60,蛍光灯あり,58.848 fps,120,60,1,26,rice,B,B,12,,,frame_00000.png,frame_00116.png,,117,1.988157
rice_B_12,lockin,0,0,QR未検出,,lockin,binary,,,28.848485,4,8,1,0.530026,,0.530026,frame_00000.png,frame_00116.png,r120_e60_f1.mp4,120 Hz,1/60,蛍光灯あり,58.848 fps,120,60,1,26,rice,B,B,12,,,frame_00000.png,frame_00116.png,,117,1.988157
rice_B_12,lockin,0,0,QR未検出,,lockin,binary,,,27.696970,4,8,1,0.526359,,0.526359,frame_00000.png,frame_00116.png,r120_e60_f1.mp4,120 Hz,1/60,蛍光灯あり,58.848 fps,120,60,1,26,rice,B,B,12,,,frame_00000.png,frame_00116.png,,117,1.988157
rice_B_12,lockin,0,0,QR未検出,,lockin,binary,,,14.424243,8,8,1,0.502834,,0.502834,frame_00000.png,frame_00116.png,r120_e60_f1.mp4,120 Hz,1/60,蛍光灯あり,58.848 fps,120,60,1,26,rice,B,B,12,,,frame_00000.png,frame_00116.png,,117,1.988157
nagaoka_fireworks_B_4,lockin,0,0,QR未検出,,lockin,binary,,,28.848485,12,8,1,0.613932,,0.613932,frame_00000.png,frame_00116.png,r120_e60_f1.mp4,120 Hz,1/60,蛍光灯あり,58.848 fps,120,60,1,27,nagaoka_fireworks,B,B,4,,,frame_00000.png,frame_00116.png,,117,1.988157
nagaoka_fireworks_B_4,lockin,0,0,QR未検出,,lockin,binary,,,14.424243,12,8,1,0.601071,,0.601071,frame_00000.png,frame_00116.png,r120_e60_f1.mp4,120 Hz,1/60,蛍光灯あり,58.848 fps,120,60,1,27,nagaoka_fireworks,B,B,4,,,frame_00000.png,frame_00116.png,,117,1.988157
nagaoka_fireworks_B_4,lockin,0,0,QR未検出,,lockin,binary,,,27.696970,12,8,1,0.599903,,0.599903,frame_00000.png,frame_00116.png,r120_e60_f1.mp4,120 Hz,1/60,蛍光灯あり,58.848 fps,120,60,1,27,nagaoka_fireworks,B,B,4,,,frame_00000.png,frame_00116.png,,117,1.988157
nagaoka_fireworks_B_4,lockin,0,0,QR未検出,,lockin,binary,,,28.848485,8,8,1,0.573413,,0.573413,frame_00000.png,frame_00116.png,r120_e60_f1.mp4,120 Hz,1/60,蛍光灯あり,58.848 fps,120,60,1,27,nagaoka_fireworks,B,B,4,,,frame_00000.png,frame_00116.png,,117,1.988157
nagaoka_fireworks_B_4,lockin,0,0,QR未検出,,lockin,binary,,,8.848485,4,8,1,0.561169,,0.561169,frame_00000.png,frame_00116.png,r120_e60_f1.mp4,120 Hz,1/60,蛍光灯あり,58.848 fps,120,60,1,27,nagaoka_fireworks,B,B,4,,,frame_00000.png,frame_00116.png,,117,1.988157
nagaoka_fireworks_B_4,lockin,0,0,QR未検出,,lockin,binary,,,14.424243,8,8,1,0.551087,,0.551087,frame_00000.png,frame_00116.png,r120_e60_f1.mp4,120 Hz,1/60,蛍光灯あり,58.848 fps,120,60,1,27,nagaoka_fireworks,B,B,4,,,frame_00000.png,frame_00116.png,,117,1.988157
nagaoka_fireworks_B_4,lockin,0,0,QR未検出,,lockin,binary,,,27.696970,8,8,1,0.550280,,0.550280,frame_00000.png,frame_00116.png,r120_e60_f1.mp4,120 Hz,1/60,蛍光灯あり,58.848 fps,120,60,1,27,nagaoka_fireworks,B,B,4,,,frame_00000.png,frame_00116.png,,117,1.988157
nagaoka_fireworks_B_4,lockin,0,0,QR未検出,,lockin,binary,,,8.848485,12,8,1,0.544235,,0.544235,frame_00000.png,frame_00116.png,r120_e60_f1.mp4,120 Hz,1/60,蛍光灯あり,58.848 fps,120,60,1,27,nagaoka_fireworks,B,B,4,,,frame_00000.png,frame_00116.png,,117,1.988157
nagaoka_fireworks_B_4,lockin,0,0,QR未検出,,lockin,binary,,,27.696970,4,8,1,0.528796,,0.528796,frame_00000.png,frame_00116.png,r120_e60_f1.mp4,120 Hz,1/60,蛍光灯あり,58.848 fps,120,60,1,27,nagaoka_fireworks,B,B,4,,,frame_00000.png,frame_00116.png,,117,1.988157
nagaoka_fireworks_B_4,lockin,0,0,QR未検出,,lockin,binary,,,14.424243,4,8,1,0.525305,,0.525305,frame_00000.png,frame_00116.png,r120_e60_f1.mp4,120 Hz,1/60,蛍光灯あり,58.848 fps,120,60,1,27,nagaoka_fireworks,B,B,4,,,frame_00000.png,frame_00116.png,,117,1.988157
nagaoka_fireworks_B_4,lockin,0,0,QR未検出,,lockin,binary,,,28.848485,4,8,1,0.514183,,0.514183,frame_00000.png,frame_00116.png,r120_e60_f1.mp4,120 Hz,1/60,蛍光灯あり,58.848 fps,120,60,1,27,nagaoka_fireworks,B,B,4,,,frame_00000.png,frame_00116.png,,117,1.988157
nagaoka_fireworks_B_4,lockin,0,0,QR未検出,,lockin,binary,,,8.848485,8,8,1,0.503697,,0.503697,frame_00000.png,frame_00116.png,r120_e60_f1.mp4,120 Hz,1/60,蛍光灯あり,58.848 fps,120,60,1,27,nagaoka_fireworks,B,B,4,,,frame_00000.png,frame_00116.png,,117,1.988157
nagaoka_fireworks_B_8,lockin,0,0,QR未検出,,lockin,binary,,,28.848485,12,8,1,0.605377,,0.605377,frame_00000.png,frame_00116.png,r120_e60_f1.mp4,120 Hz,1/60,蛍光灯あり,58.848 fps,120,60,1,28,nagaoka_fireworks,B,B,8,,,frame_00000.png,frame_00116.png,,117,1.988157
nagaoka_fireworks_B_8,lockin,0,0,QR未検出,,lockin,binary,,,27.696970,12,8,1,0.585571,,0.585571,frame_00000.png,frame_00116.png,r120_e60_f1.mp4,120 Hz,1/60,蛍光灯あり,58.848 fps,120,60,1,28,nagaoka_fireworks,B,B,8,,,frame_00000.png,frame_00116.png,,117,1.988157
nagaoka_fireworks_B_8,lockin,0,0,QR未検出,,lockin,binary,,,14.424243,12,8,1,0.573320,,0.573320,frame_00000.png,frame_00116.png,r120_e60_f1.mp4,120 Hz,1/60,蛍光灯あり,58.848 fps,120,60,1,28,nagaoka_fireworks,B,B,8,,,frame_00000.png,frame_00116.png,,117,1.988157
nagaoka_fireworks_B_8,lockin,0,0,QR未検出,,lockin,binary,,,8.848485,12,8,1,0.570001,,0.570001,frame_00000.png,frame_00116.png,r120_e60_f1.mp4,120 Hz,1/60,蛍光灯あり,58.848 fps,120,60,1,28,nagaoka_fireworks,B,B,8,,,frame_00000.png,frame_00116.png,,117,1.988157
nagaoka_fireworks_B_8,lockin,0,0,QR未検出,,lockin,binary,,,28.848485,8,8,1,0.559771,,0.559771,frame_00000.png,frame_00116.png,r120_e60_f1.mp4,120 Hz,1/60,蛍光灯あり,58.848 fps,120,60,1,28,nagaoka_fireworks,B,B,8,,,frame_00000.png,frame_00116.png,,117,1.988157
nagaoka_fireworks_B_8,lockin,0,0,QR未検出,,lockin,binary,,,8.848485,4,8,1,0.544407,,0.544407,frame_00000.png,frame_00116.png,r120_e60_f1.mp4,120 Hz,1/60,蛍光灯あり,58.848 fps,120,60,1,28,nagaoka_fireworks,B,B,8,,,frame_00000.png,frame_00116.png,,117,1.988157
nagaoka_fireworks_B_8,lockin,0,0,QR未検出,,lockin,binary,,,14.424243,4,8,1,0.540361,,0.540361,frame_00000.png,frame_00116.png,r120_e60_f1.mp4,120 Hz,1/60,蛍光灯あり,58.848 fps,120,60,1,28,nagaoka_fireworks,B,B,8,,,frame_00000.png,frame_00116.png,,117,1.988157
nagaoka_fireworks_B_8,lockin,0,0,QR未検出,,lockin,binary,,,27.696970,8,8,1,0.536570,,0.536570,frame_00000.png,frame_00116.png,r120_e60_f1.mp4,120 Hz,1/60,蛍光灯あり,58.848 fps,120,60,1,28,nagaoka_fireworks,B,B,8,,,frame_00000.png,frame_00116.png,,117,1.988157
nagaoka_fireworks_B_8,lockin,0,0,QR未検出,,lockin,binary,,,27.696970,4,8,1,0.533504,,0.533504,frame_00000.png,frame_00116.png,r120_e60_f1.mp4,120 Hz,1/60,蛍光灯あり,58.848 fps,120,60,1,28,nagaoka_fireworks,B,B,8,,,frame_00000.png,frame_00116.png,,117,1.988157
nagaoka_fireworks_B_8,lockin,0,0,QR未検出,,lockin,binary,,,14.424243,8,8,1,0.525367,,0.525367,frame_00000.png,frame_00116.png,r120_e60_f1.mp4,120 Hz,1/60,蛍光灯あり,58.848 fps,120,60,1,28,nagaoka_fireworks,B,B,8,,,frame_00000.png,frame_00116.png,,117,1.988157
nagaoka_fireworks_B_8,lockin,0,0,QR未検出,,lockin,binary,,,8.848485,8,8,1,0.520034,,0.520034,frame_00000.png,frame_00116.png,r120_e60_f1.mp4,120 Hz,1/60,蛍光灯あり,58.848 fps,120,60,1,28,nagaoka_fireworks,B,B,8,,,frame_00000.png,frame_00116.png,,117,1.988157
nagaoka_fireworks_B_8,lockin,0,0,QR未検出,,lockin,binary,,,28.848485,4,8,1,0.517637,,0.517637,frame_00000.png,frame_00116.png,r120_e60_f1.mp4,120 Hz,1/60,蛍光灯あり,58.848 fps,120,60,1,28,nagaoka_fireworks,B,B,8,,,frame_00000.png,frame_00116.png,,117,1.988157
nagaoka_fireworks_B_12,lockin,0,0,QR未検出,,lockin,binary,,,27.696970,12,8,1,0.632762,,0.632762,frame_00000.png,frame_00116.png,r120_e60_f1.mp4,120 Hz,1/60,蛍光灯あり,58.848 fps,120,60,1,29,nagaoka_fireworks,B,B,12,,,frame_00000.png,frame_00116.png,,117,1.988157
nagaoka_fireworks_B_12,lockin,0,0,QR未検出,,lockin,binary,,,28.848485,12,8,1,0.612163,,0.612163,frame_00000.png,frame_00116.png,r120_e60_f1.mp4,120 Hz,1/60,蛍光灯あり,58.848 fps,120,60,1,29,nagaoka_fireworks,B,B,12,,,frame_00000.png,frame_00116.png,,117,1.988157
nagaoka_fireworks_B_12,lockin,0,0,QR未検出,,lockin,binary,,,27.696970,8,8,1,0.610740,,0.610740,frame_00000.png,frame_00116.png,r120_e60_f1.mp4,120 Hz,1/60,蛍光灯あり,58.848 fps,120,60,1,29,nagaoka_fireworks,B,B,12,,,frame_00000.png,frame_00116.png,,117,1.988157
nagaoka_fireworks_B_12,lockin,0,0,QR未検出,,lockin,binary,,,8.848485,12,8,1,0.600884,,0.600884,frame_00000.png,frame_00116.png,r120_e60_f1.mp4,120 Hz,1/60,蛍光灯あり,58.848 fps,120,60,1,29,nagaoka_fireworks,B,B,12,,,frame_00000.png,frame_00116.png,,117,1.988157
nagaoka_fireworks_B_12,lockin,0,0,QR未検出,,lockin,binary,,,14.424243,12,8,1,0.585918,,0.585918,frame_00000.png,frame_00116.png,r120_e60_f1.mp4,120 Hz,1/60,蛍光灯あり,58.848 fps,120,60,1,29,nagaoka_fireworks,B,B,12,,,frame_00000.png,frame_00116.png,,117,1.988157
nagaoka_fireworks_B_12,lockin,0,0,QR未検出,,lockin,binary,,,28.848485,8,8,1,0.573376,,0.573376,frame_00000.png,frame_00116.png,r120_e60_f1.mp4,120 Hz,1/60,蛍光灯あり,58.848 fps,120,60,1,29,nagaoka_fireworks,B,B,12,,,frame_00000.png,frame_00116.png,,117,1.988157
nagaoka_fireworks_B_12,lockin,0,0,QR未検出,,lockin,binary,,,8.848485,8,8,1,0.548518,,0.548518,frame_00000.png,frame_00116.png,r120_e60_f1.mp4,120 Hz,1/60,蛍光灯あり,58.848 fps,120,60,1,29,nagaoka_fireworks,B,B,12,,,frame_00000.png,frame_00116.png,,117,1.988157
nagaoka_fireworks_B_12,lockin,0,0,QR未検出,,lockin,binary,,,14.424243,4,8,1,0.536349,,0.536349,frame_00000.png,frame_00116.png,r120_e60_f1.mp4,120 Hz,1/60,蛍光灯あり,58.848 fps,120,60,1,29,nagaoka_fireworks,B,B,12,,,frame_00000.png,frame_00116.png,,117,1.988157
nagaoka_fireworks_B_12,lockin,0,0,QR未検出,,lockin,binary,,,14.424243,8,8,1,0.533204,,0.533204,frame_00000.png,frame_00116.png,r120_e60_f1.mp4,120 Hz,1/60,蛍光灯あり,58.848 fps,120,60,1,29,nagaoka_fireworks,B,B,12,,,frame_00000.png,frame_00116.png,,117,1.988157
nagaoka_fireworks_B_12,lockin,0,0,QR未検出,,lockin,binary,,,8.848485,4,8,1,0.527900,,0.527900,frame_00000.png,frame_00116.png,r120_e60_f1.mp4,120 Hz,1/60,蛍光灯あり,58.848 fps,120,60,1,29,nagaoka_fireworks,B,B,12,,,frame_00000.png,frame_00116.png,,117,1.988157
nagaoka_fireworks_B_12,lockin,0,0,QR未検出,,lockin,binary,,,27.696970,4,8,1,0.527036,,0.527036,frame_00000.png,frame_00116.png,r120_e60_f1.mp4,120 Hz,1/60,蛍光灯あり,58.848 fps,120,60,1,29,nagaoka_fireworks,B,B,12,,,frame_00000.png,frame_00116.png,,117,1.988157
nagaoka_fireworks_B_12,lockin,0,0,QR未検出,,lockin,binary,,,28.848485,4,8,1,0.506699,,0.506699,frame_00000.png,frame_00116.png,r120_e60_f1.mp4,120 Hz,1/60,蛍光灯あり,58.848 fps,120,60,1,29,nagaoka_fireworks,B,B,12,,,frame_00000.png,frame_00116.png,,117,1.988157
hocho_B_4,lockin,0,0,QR未検出,,lockin,binary,,,28.848485,12,8,1,0.637433,,0.637433,frame_00000.png,frame_00116.png,r120_e60_f1.mp4,120 Hz,1/60,蛍光灯あり,58.848 fps,120,60,1,30,hocho,B,B,4,,,frame_00000.png,frame_00116.png,,117,1.988157
hocho_B_4,lockin,0,0,QR未検出,,lockin,binary,,,27.696970,12,8,1,0.635286,,0.635286,frame_00000.png,frame_00116.png,r120_e60_f1.mp4,120 Hz,1/60,蛍光灯あり,58.848 fps,120,60,1,30,hocho,B,B,4,,,frame_00000.png,frame_00116.png,,117,1.988157
hocho_B_4,lockin,0,0,QR未検出,,lockin,binary,,,14.424243,12,8,1,0.624400,,0.624400,frame_00000.png,frame_00116.png,r120_e60_f1.mp4,120 Hz,1/60,蛍光灯あり,58.848 fps,120,60,1,30,hocho,B,B,4,,,frame_00000.png,frame_00116.png,,117,1.988157
hocho_B_4,lockin,0,0,QR未検出,,lockin,binary,,,28.848485,8,8,1,0.611689,,0.611689,frame_00000.png,frame_00116.png,r120_e60_f1.mp4,120 Hz,1/60,蛍光灯あり,58.848 fps,120,60,1,30,hocho,B,B,4,,,frame_00000.png,frame_00116.png,,117,1.988157
hocho_B_4,lockin,0,0,QR未検出,,lockin,binary,,,8.848485,4,8,1,0.611365,,0.611365,frame_00000.png,frame_00116.png,r120_e60_f1.mp4,120 Hz,1/60,蛍光灯あり,58.848 fps,120,60,1,30,hocho,B,B,4,,,frame_00000.png,frame_00116.png,,117,1.988157
hocho_B_4,lockin,0,0,QR未検出,,lockin,binary,,,27.696970,8,8,1,0.608110,,0.608110,frame_00000.png,frame_00116.png,r120_e60_f1.mp4,120 Hz,1/60,蛍光灯あり,58.848 fps,120,60,1,30,hocho,B,B,4,,,frame_00000.png,frame_00116.png,,117,1.988157
hocho_B_4,lockin,0,0,QR未検出,,lockin,binary,,,8.848485,12,8,1,0.593814,,0.593814,frame_00000.png,frame_00116.png,r120_e60_f1.mp4,120 Hz,1/60,蛍光灯あり,58.848 fps,120,60,1,30,hocho,B,B,4,,,frame_00000.png,frame_00116.png,,117,1.988157
hocho_B_4,lockin,0,0,QR未検出,,lockin,binary,,,14.424243,8,8,1,0.585825,,0.585825,frame_00000.png,frame_00116.png,r120_e60_f1.mp4,120 Hz,1/60,蛍光灯あり,58.848 fps,120,60,1,30,hocho,B,B,4,,,frame_00000.png,frame_00116.png,,117,1.988157
hocho_B_4,lockin,0,0,QR未検出,,lockin,binary,,,14.424243,4,8,1,0.554801,,0.554801,frame_00000.png,frame_00116.png,r120_e60_f1.mp4,120 Hz,1/60,蛍光灯あり,58.848 fps,120,60,1,30,hocho,B,B,4,,,frame_00000.png,frame_00116.png,,117,1.988157
hocho_B_4,lockin,0,0,QR未検出,,lockin,binary,,,8.848485,8,8,1,0.526595,,0.526595,frame_00000.png,frame_00116.png,r120_e60_f1.mp4,120 Hz,1/60,蛍光灯あり,58.848 fps,120,60,1,30,hocho,B,B,4,,,frame_00000.png,frame_00116.png,,117,1.988157
hocho_B_4,lockin,0,0,QR未検出,,lockin,binary,,,28.848485,4,8,1,0.511634,,0.511634,frame_00000.png,frame_00116.png,r120_e60_f1.mp4,120 Hz,1/60,蛍光灯あり,58.848 fps,120,60,1,30,hocho,B,B,4,,,frame_00000.png,frame_00116.png,,117,1.988157
hocho_B_4,lockin,0,0,QR未検出,,lockin,binary,,,27.696970,4,8,1,0.507391,,0.507391,frame_00000.png,frame_00116.png,r120_e60_f1.mp4,120 Hz,1/60,蛍光灯あり,58.848 fps,120,60,1,30,hocho,B,B,4,,,frame_00000.png,frame_00116.png,,117,1.988157
hocho_B_8,lockin,0,0,QR未検出,,lockin,binary,,,8.848485,12,8,1,0.638012,,0.638012,frame_00000.png,frame_00116.png,r120_e60_f1.mp4,120 Hz,1/60,蛍光灯あり,58.848 fps,120,60,1,31,hocho,B,B,8,,,frame_00000.png,frame_00116.png,,117,1.988157
hocho_B_8,lockin,0,0,QR未検出,,lockin,binary,,,14.424243,12,8,1,0.637923,,0.637923,frame_00000.png,frame_00116.png,r120_e60_f1.mp4,120 Hz,1/60,蛍光灯あり,58.848 fps,120,60,1,31,hocho,B,B,8,,,frame_00000.png,frame_00116.png,,117,1.988157
hocho_B_8,lockin,0,0,QR未検出,,lockin,binary,,,27.696970,12,8,1,0.629120,,0.629120,frame_00000.png,frame_00116.png,r120_e60_f1.mp4,120 Hz,1/60,蛍光灯あり,58.848 fps,120,60,1,31,hocho,B,B,8,,,frame_00000.png,frame_00116.png,,117,1.988157
hocho_B_8,lockin,0,0,QR未検出,,lockin,binary,,,28.848485,12,8,1,0.620976,,0.620976,frame_00000.png,frame_00116.png,r120_e60_f1.mp4,120 Hz,1/60,蛍光灯あり,58.848 fps,120,60,1,31,hocho,B,B,8,,,frame_00000.png,frame_00116.png,,117,1.988157
hocho_B_8,lockin,0,0,QR未検出,,lockin,binary,,,14.424243,8,8,1,0.612943,,0.612943,frame_00000.png,frame_00116.png,r120_e60_f1.mp4,120 Hz,1/60,蛍光灯あり,58.848 fps,120,60,1,31,hocho,B,B,8,,,frame_00000.png,frame_00116.png,,117,1.988157
hocho_B_8,lockin,0,0,QR未検出,,lockin,binary,,,8.848485,8,8,1,0.611848,,0.611848,frame_00000.png,frame_00116.png,r120_e60_f1.mp4,120 Hz,1/60,蛍光灯あり,58.848 fps,120,60,1,31,hocho,B,B,8,,,frame_00000.png,frame_00116.png,,117,1.988157
hocho_B_8,lockin,0,0,QR未検出,,lockin,binary,,,27.696970,8,8,1,0.594657,,0.594657,frame_00000.png,frame_00116.png,r120_e60_f1.mp4,120 Hz,1/60,蛍光灯あり,58.848 fps,120,60,1,31,hocho,B,B,8,,,frame_00000.png,frame_00116.png,,117,1.988157
hocho_B_8,lockin,0,0,QR未検出,,lockin,binary,,,28.848485,8,8,1,0.575192,,0.575192,frame_00000.png,frame_00116.png,r120_e60_f1.mp4,120 Hz,1/60,蛍光灯あり,58.848 fps,120,60,1,31,hocho,B,B,8,,,frame_00000.png,frame_00116.png,,117,1.988157
hocho_B_8,lockin,0,0,QR未検出,,lockin,binary,,,28.848485,4,8,1,0.563305,,0.563305,frame_00000.png,frame_00116.png,r120_e60_f1.mp4,120 Hz,1/60,蛍光灯あり,58.848 fps,120,60,1,31,hocho,B,B,8,,,frame_00000.png,frame_00116.png,,117,1.988157
hocho_B_8,lockin,0,0,QR未検出,,lockin,binary,,,27.696970,4,8,1,0.540386,,0.540386,frame_00000.png,frame_00116.png,r120_e60_f1.mp4,120 Hz,1/60,蛍光灯あり,58.848 fps,120,60,1,31,hocho,B,B,8,,,frame_00000.png,frame_00116.png,,117,1.988157
hocho_B_8,lockin,0,0,QR未検出,,lockin,binary,,,8.848485,4,8,1,0.506990,,0.506990,frame_00000.png,frame_00116.png,r120_e60_f1.mp4,120 Hz,1/60,蛍光灯あり,58.848 fps,120,60,1,31,hocho,B,B,8,,,frame_00000.png,frame_00116.png,,117,1.988157
hocho_B_8,lockin,0,0,QR未検出,,lockin,binary,,,14.424243,4,8,1,0.501608,,0.501608,frame_00000.png,frame_00116.png,r120_e60_f1.mp4,120 Hz,1/60,蛍光灯あり,58.848 fps,120,60,1,31,hocho,B,B,8,,,frame_00000.png,frame_00116.png,,117,1.988157
hocho_B_12,lockin,0,0,QR未検出,,lockin,binary,,,28.848485,12,8,1,0.636219,,0.636219,frame_00000.png,frame_00116.png,r120_e60_f1.mp4,120 Hz,1/60,蛍光灯あり,58.848 fps,120,60,1,32,hocho,B,B,12,,,frame_00000.png,frame_00116.png,,117,1.988157
hocho_B_12,lockin,0,0,QR未検出,,lockin,binary,,,8.848485,12,8,1,0.625226,,0.625226,frame_00000.png,frame_00116.png,r120_e60_f1.mp4,120 Hz,1/60,蛍光灯あり,58.848 fps,120,60,1,32,hocho,B,B,12,,,frame_00000.png,frame_00116.png,,117,1.988157
hocho_B_12,lockin,0,0,QR未検出,,lockin,binary,,,28.848485,8,8,1,0.615470,,0.615470,frame_00000.png,frame_00116.png,r120_e60_f1.mp4,120 Hz,1/60,蛍光灯あり,58.848 fps,120,60,1,32,hocho,B,B,12,,,frame_00000.png,frame_00116.png,,117,1.988157
hocho_B_12,lockin,0,0,QR未検出,,lockin,binary,,,27.696970,12,8,1,0.611575,,0.611575,frame_00000.png,frame_00116.png,r120_e60_f1.mp4,120 Hz,1/60,蛍光灯あり,58.848 fps,120,60,1,32,hocho,B,B,12,,,frame_00000.png,frame_00116.png,,117,1.988157
hocho_B_12,lockin,0,0,QR未検出,,lockin,binary,,,14.424243,4,8,1,0.610366,,0.610366,frame_00000.png,frame_00116.png,r120_e60_f1.mp4,120 Hz,1/60,蛍光灯あり,58.848 fps,120,60,1,32,hocho,B,B,12,,,frame_00000.png,frame_00116.png,,117,1.988157
hocho_B_12,lockin,0,0,QR未検出,,lockin,binary,,,14.424243,12,8,1,0.604910,,0.604910,frame_00000.png,frame_00116.png,r120_e60_f1.mp4,120 Hz,1/60,蛍光灯あり,58.848 fps,120,60,1,32,hocho,B,B,12,,,frame_00000.png,frame_00116.png,,117,1.988157
hocho_B_12,lockin,0,0,QR未検出,,lockin,binary,,,27.696970,4,8,1,0.589772,,0.589772,frame_00000.png,frame_00116.png,r120_e60_f1.mp4,120 Hz,1/60,蛍光灯あり,58.848 fps,120,60,1,32,hocho,B,B,12,,,frame_00000.png,frame_00116.png,,117,1.988157
hocho_B_12,lockin,0,0,QR未検出,,lockin,binary,,,8.848485,4,8,1,0.578530,,0.578530,frame_00000.png,frame_00116.png,r120_e60_f1.mp4,120 Hz,1/60,蛍光灯あり,58.848 fps,120,60,1,32,hocho,B,B,12,,,frame_00000.png,frame_00116.png,,117,1.988157
hocho_B_12,lockin,0,0,QR未検出,,lockin,binary,,,8.848485,8,8,1,0.577887,,0.577887,frame_00000.png,frame_00116.png,r120_e60_f1.mp4,120 Hz,1/60,蛍光灯あり,58.848 fps,120,60,1,32,hocho,B,B,12,,,frame_00000.png,frame_00116.png,,117,1.988157
hocho_B_12,lockin,0,0,QR未検出,,lockin,binary,,,27.696970,8,8,1,0.560085,,0.560085,frame_00000.png,frame_00116.png,r120_e60_f1.mp4,120 Hz,1/60,蛍光灯あり,58.848 fps,120,60,1,32,hocho,B,B,12,,,frame_00000.png,frame_00116.png,,117,1.988157
hocho_B_12,lockin,0,0,QR未検出,,lockin,binary,,,14.424243,8,8,1,0.534106,,0.534106,frame_00000.png,frame_00116.png,r120_e60_f1.mp4,120 Hz,1/60,蛍光灯あり,58.848 fps,120,60,1,32,hocho,B,B,12,,,frame_00000.png,frame_00116.png,,117,1.988157
hocho_B_12,lockin,0,0,QR未検出,,lockin,binary,,,28.848485,4,8,1,0.500164,,0.500164,frame_00000.png,frame_00116.png,r120_e60_f1.mp4,120 Hz,1/60,蛍光灯あり,58.848 fps,120,60,1,32,hocho,B,B,12,,,frame_00000.png,frame_00116.png,,117,1.988157
ex_B_4,lockin,0,0,QR未検出,,lockin,binary,,,27.696970,12,8,1,0.646293,,0.646293,frame_00000.png,frame_00116.png,r120_e60_f1.mp4,120 Hz,1/60,蛍光灯あり,58.848 fps,120,60,1,33,ex,B,B,4,,,frame_00000.png,frame_00116.png,,117,1.988157
ex_B_4,lockin,0,0,QR未検出,,lockin,binary,,,14.424243,12,8,1,0.638231,,0.638231,frame_00000.png,frame_00116.png,r120_e60_f1.mp4,120 Hz,1/60,蛍光灯あり,58.848 fps,120,60,1,33,ex,B,B,4,,,frame_00000.png,frame_00116.png,,117,1.988157
ex_B_4,lockin,0,0,QR未検出,,lockin,binary,,,27.696970,8,8,1,0.635381,,0.635381,frame_00000.png,frame_00116.png,r120_e60_f1.mp4,120 Hz,1/60,蛍光灯あり,58.848 fps,120,60,1,33,ex,B,B,4,,,frame_00000.png,frame_00116.png,,117,1.988157
ex_B_4,lockin,0,0,QR未検出,,lockin,binary,,,8.848485,12,8,1,0.633435,,0.633435,frame_00000.png,frame_00116.png,r120_e60_f1.mp4,120 Hz,1/60,蛍光灯あり,58.848 fps,120,60,1,33,ex,B,B,4,,,frame_00000.png,frame_00116.png,,117,1.988157
ex_B_4,lockin,0,0,QR未検出,,lockin,binary,,,28.848485,4,8,1,0.624253,,0.624253,frame_00000.png,frame_00116.png,r120_e60_f1.mp4,120 Hz,1/60,蛍光灯あり,58.848 fps,120,60,1,33,ex,B,B,4,,,frame_00000.png,frame_00116.png,,117,1.988157
ex_B_4,lockin,0,0,QR未検出,,lockin,binary,,,8.848485,4,8,1,0.611781,,0.611781,frame_00000.png,frame_00116.png,r120_e60_f1.mp4,120 Hz,1/60,蛍光灯あり,58.848 fps,120,60,1,33,ex,B,B,4,,,frame_00000.png,frame_00116.png,,117,1.988157
ex_B_4,lockin,0,0,QR未検出,,lockin,binary,,,28.848485,12,8,1,0.609354,,0.609354,frame_00000.png,frame_00116.png,r120_e60_f1.mp4,120 Hz,1/60,蛍光灯あり,58.848 fps,120,60,1,33,ex,B,B,4,,,frame_00000.png,frame_00116.png,,117,1.988157
ex_B_4,lockin,0,0,QR未検出,,lockin,binary,,,14.424243,8,8,1,0.603203,,0.603203,frame_00000.png,frame_00116.png,r120_e60_f1.mp4,120 Hz,1/60,蛍光灯あり,58.848 fps,120,60,1,33,ex,B,B,4,,,frame_00000.png,frame_00116.png,,117,1.988157
ex_B_4,lockin,0,0,QR未検出,,lockin,binary,,,14.424243,4,8,1,0.579421,,0.579421,frame_00000.png,frame_00116.png,r120_e60_f1.mp4,120 Hz,1/60,蛍光灯あり,58.848 fps,120,60,1,33,ex,B,B,4,,,frame_00000.png,frame_00116.png,,117,1.988157
ex_B_4,lockin,0,0,QR未検出,,lockin,binary,,,8.848485,8,8,1,0.569381,,0.569381,frame_00000.png,frame_00116.png,r120_e60_f1.mp4,120 Hz,1/60,蛍光灯あり,58.848 fps,120,60,1,33,ex,B,B,4,,,frame_00000.png,frame_00116.png,,117,1.988157
ex_B_4,lockin,0,0,QR未検出,,lockin,binary,,,27.696970,4,8,1,0.525941,,0.525941,frame_00000.png,frame_00116.png,r120_e60_f1.mp4,120 Hz,1/60,蛍光灯あり,58.848 fps,120,60,1,33,ex,B,B,4,,,frame_00000.png,frame_00116.png,,117,1.988157
ex_B_4,lockin,0,0,QR未検出,,lockin,binary,,,28.848485,8,8,1,0.519798,,0.519798,frame_00000.png,frame_00116.png,r120_e60_f1.mp4,120 Hz,1/60,蛍光灯あり,58.848 fps,120,60,1,33,ex,B,B,4,,,frame_00000.png,frame_00116.png,,117,1.988157
ex_B_8,lockin,0,0,QR未検出,,lockin,binary,,,27.696970,12,8,1,0.648187,,0.648187,frame_00000.png,frame_00116.png,r120_e60_f1.mp4,120 Hz,1/60,蛍光灯あり,58.848 fps,120,60,1,34,ex,B,B,8,,,frame_00000.png,frame_00116.png,,117,1.988157
ex_B_8,lockin,0,0,QR未検出,,lockin,binary,,,28.848485,12,8,1,0.646426,,0.646426,frame_00000.png,frame_00116.png,r120_e60_f1.mp4,120 Hz,1/60,蛍光灯あり,58.848 fps,120,60,1,34,ex,B,B,8,,,frame_00000.png,frame_00116.png,,117,1.988157
ex_B_8,lockin,0,0,QR未検出,,lockin,binary,,,27.696970,8,8,1,0.645779,,0.645779,frame_00000.png,frame_00116.png,r120_e60_f1.mp4,120 Hz,1/60,蛍光灯あり,58.848 fps,120,60,1,34,ex,B,B,8,,,frame_00000.png,frame_00116.png,,117,1.988157
ex_B_8,lockin,0,0,QR未検出,,lockin,binary,,,28.848485,8,8,1,0.641737,,0.641737,frame_00000.png,frame_00116.png,r120_e60_f1.mp4,120 Hz,1/60,蛍光灯あり,58.848 fps,120,60,1,34,ex,B,B,8,,,frame_00000.png,frame_00116.png,,117,1.988157
ex_B_8,lockin,0,0,QR未検出,,lockin,binary,,,8.848485,4,8,1,0.636235,,0.636235,frame_00000.png,frame_00116.png,r120_e60_f1.mp4,120 Hz,1/60,蛍光灯あり,58.848 fps,120,60,1,34,ex,B,B,8,,,frame_00000.png,frame_00116.png,,117,1.988157
ex_B_8,lockin,0,0,QR未検出,,lockin,binary,,,14.424243,4,8,1,0.619147,,0.619147,frame_00000.png,frame_00116.png,r120_e60_f1.mp4,120 Hz,1/60,蛍光灯あり,58.848 fps,120,60,1,34,ex,B,B,8,,,frame_00000.png,frame_00116.png,,117,1.988157
ex_B_8,lockin,0,0,QR未検出,,lockin,binary,,,14.424243,12,8,1,0.615746,,0.615746,frame_00000.png,frame_00116.png,r120_e60_f1.mp4,120 Hz,1/60,蛍光灯あり,58.848 fps,120,60,1,34,ex,B,B,8,,,frame_00000.png,frame_00116.png,,117,1.988157
ex_B_8,lockin,0,0,QR未検出,,lockin,binary,,,27.696970,4,8,1,0.614038,,0.614038,frame_00000.png,frame_00116.png,r120_e60_f1.mp4,120 Hz,1/60,蛍光灯あり,58.848 fps,120,60,1,34,ex,B,B,8,,,frame_00000.png,frame_00116.png,,117,1.988157
ex_B_8,lockin,0,0,QR未検出,,lockin,binary,,,28.848485,4,8,1,0.591478,,0.591478,frame_00000.png,frame_00116.png,r120_e60_f1.mp4,120 Hz,1/60,蛍光灯あり,58.848 fps,120,60,1,34,ex,B,B,8,,,frame_00000.png,frame_00116.png,,117,1.988157
ex_B_8,lockin,0,0,QR未検出,,lockin,binary,,,8.848485,8,8,1,0.564768,,0.564768,frame_00000.png,frame_00116.png,r120_e60_f1.mp4,120 Hz,1/60,蛍光灯あり,58.848 fps,120,60,1,34,ex,B,B,8,,,frame_00000.png,frame_00116.png,,117,1.988157
ex_B_8,lockin,0,0,QR未検出,,lockin,binary,,,8.848485,12,8,1,0.531748,,0.531748,frame_00000.png,frame_00116.png,r120_e60_f1.mp4,120 Hz,1/60,蛍光灯あり,58.848 fps,120,60,1,34,ex,B,B,8,,,frame_00000.png,frame_00116.png,,117,1.988157
ex_B_8,lockin,0,0,QR未検出,,lockin,binary,,,14.424243,8,8,1,0.523645,,0.523645,frame_00000.png,frame_00116.png,r120_e60_f1.mp4,120 Hz,1/60,蛍光灯あり,58.848 fps,120,60,1,34,ex,B,B,8,,,frame_00000.png,frame_00116.png,,117,1.988157
ex_B_12,lockin,0,0,QR未検出,,lockin,binary,,,27.696970,4,8,1,0.638039,,0.638039,frame_00000.png,frame_00116.png,r120_e60_f1.mp4,120 Hz,1/60,蛍光灯あり,58.848 fps,120,60,1,35,ex,B,B,12,,,frame_00000.png,frame_00116.png,,117,1.988157
ex_B_12,lockin,0,0,QR未検出,,lockin,binary,,,8.848485,4,8,1,0.622648,,0.622648,frame_00000.png,frame_00116.png,r120_e60_f1.mp4,120 Hz,1/60,蛍光灯あり,58.848 fps,120,60,1,35,ex,B,B,12,,,frame_00000.png,frame_00116.png,,117,1.988157
ex_B_12,lockin,0,0,QR未検出,,lockin,binary,,,14.424243,4,8,1,0.618990,,0.618990,frame_00000.png,frame_00116.png,r120_e60_f1.mp4,120 Hz,1/60,蛍光灯あり,58.848 fps,120,60,1,35,ex,B,B,12,,,frame_00000.png,frame_00116.png,,117,1.988157
ex_B_12,lockin,0,0,QR未検出,,lockin,binary,,,28.848485,12,8,1,0.612896,,0.612896,frame_00000.png,frame_00116.png,r120_e60_f1.mp4,120 Hz,1/60,蛍光灯あり,58.848 fps,120,60,1,35,ex,B,B,12,,,frame_00000.png,frame_00116.png,,117,1.988157
ex_B_12,lockin,0,0,QR未検出,,lockin,binary,,,28.848485,4,8,1,0.601481,,0.601481,frame_00000.png,frame_00116.png,r120_e60_f1.mp4,120 Hz,1/60,蛍光灯あり,58.848 fps,120,60,1,35,ex,B,B,12,,,frame_00000.png,frame_00116.png,,117,1.988157
ex_B_12,lockin,0,0,QR未検出,,lockin,binary,,,14.424243,12,8,1,0.598543,,0.598543,frame_00000.png,frame_00116.png,r120_e60_f1.mp4,120 Hz,1/60,蛍光灯あり,58.848 fps,120,60,1,35,ex,B,B,12,,,frame_00000.png,frame_00116.png,,117,1.988157
ex_B_12,lockin,0,0,QR未検出,,lockin,binary,,,8.848485,12,8,1,0.592575,,0.592575,frame_00000.png,frame_00116.png,r120_e60_f1.mp4,120 Hz,1/60,蛍光灯あり,58.848 fps,120,60,1,35,ex,B,B,12,,,frame_00000.png,frame_00116.png,,117,1.988157
ex_B_12,lockin,0,0,QR未検出,,lockin,binary,,,27.696970,8,8,1,0.561462,,0.561462,frame_00000.png,frame_00116.png,r120_e60_f1.mp4,120 Hz,1/60,蛍光灯あり,58.848 fps,120,60,1,35,ex,B,B,12,,,frame_00000.png,frame_00116.png,,117,1.988157
ex_B_12,lockin,0,0,QR未検出,,lockin,binary,,,28.848485,8,8,1,0.537249,,0.537249,frame_00000.png,frame_00116.png,r120_e60_f1.mp4,120 Hz,1/60,蛍光灯あり,58.848 fps,120,60,1,35,ex,B,B,12,,,frame_00000.png,frame_00116.png,,117,1.988157
ex_B_12,lockin,0,0,QR未検出,,lockin,binary,,,27.696970,12,8,1,0.536712,,0.536712,frame_00000.png,frame_00116.png,r120_e60_f1.mp4,120 Hz,1/60,蛍光灯あり,58.848 fps,120,60,1,35,ex,B,B,12,,,frame_00000.png,frame_00116.png,,117,1.988157
ex_B_12,lockin,0,0,QR未検出,,lockin,binary,,,14.424243,8,8,1,0.510068,,0.510068,frame_00000.png,frame_00116.png,r120_e60_f1.mp4,120 Hz,1/60,蛍光灯あり,58.848 fps,120,60,1,35,ex,B,B,12,,,frame_00000.png,frame_00116.png,,117,1.988157
ex_B_12,lockin,0,0,QR未検出,,lockin,binary,,,8.848485,8,8,1,0.500035,,0.500035,frame_00000.png,frame_00116.png,r120_e60_f1.mp4,120 Hz,1/60,蛍光灯あり,58.848 fps,120,60,1,35,ex,B,B,12,,,frame_00000.png,frame_00116.png,,117,1.988157
rice_I_4,lockin,0,0,QR未検出,,lockin,binary,,,28.848485,12,8,1,0.628232,,0.628232,frame_00000.png,frame_00116.png,r120_e60_f1.mp4,120 Hz,1/60,蛍光灯あり,58.848 fps,120,60,1,36,rice,min,I,4,,,frame_00000.png,frame_00116.png,,117,1.988157
rice_I_4,lockin,0,0,QR未検出,,lockin,binary,,,8.848485,4,8,1,0.621429,,0.621429,frame_00000.png,frame_00116.png,r120_e60_f1.mp4,120 Hz,1/60,蛍光灯あり,58.848 fps,120,60,1,36,rice,min,I,4,,,frame_00000.png,frame_00116.png,,117,1.988157
rice_I_4,lockin,0,0,QR未検出,,lockin,binary,,,14.424243,12,8,1,0.621373,,0.621373,frame_00000.png,frame_00116.png,r120_e60_f1.mp4,120 Hz,1/60,蛍光灯あり,58.848 fps,120,60,1,36,rice,min,I,4,,,frame_00000.png,frame_00116.png,,117,1.988157
rice_I_4,lockin,0,0,QR未検出,,lockin,binary,,,27.696970,12,8,1,0.603796,,0.603796,frame_00000.png,frame_00116.png,r120_e60_f1.mp4,120 Hz,1/60,蛍光灯あり,58.848 fps,120,60,1,36,rice,min,I,4,,,frame_00000.png,frame_00116.png,,117,1.988157
rice_I_4,lockin,0,0,QR未検出,,lockin,binary,,,28.848485,8,8,1,0.596711,,0.596711,frame_00000.png,frame_00116.png,r120_e60_f1.mp4,120 Hz,1/60,蛍光灯あり,58.848 fps,120,60,1,36,rice,min,I,4,,,frame_00000.png,frame_00116.png,,117,1.988157
rice_I_4,lockin,0,0,QR未検出,,lockin,binary,,,14.424243,8,8,1,0.584089,,0.584089,frame_00000.png,frame_00116.png,r120_e60_f1.mp4,120 Hz,1/60,蛍光灯あり,58.848 fps,120,60,1,36,rice,min,I,4,,,frame_00000.png,frame_00116.png,,117,1.988157
rice_I_4,lockin,0,0,QR未検出,,lockin,binary,,,27.696970,4,8,1,0.583174,,0.583174,frame_00000.png,frame_00116.png,r120_e60_f1.mp4,120 Hz,1/60,蛍光灯あり,58.848 fps,120,60,1,36,rice,min,I,4,,,frame_00000.png,frame_00116.png,,117,1.988157
rice_I_4,lockin,0,0,QR未検出,,lockin,binary,,,14.424243,4,8,1,0.556987,,0.556987,frame_00000.png,frame_00116.png,r120_e60_f1.mp4,120 Hz,1/60,蛍光灯あり,58.848 fps,120,60,1,36,rice,min,I,4,,,frame_00000.png,frame_00116.png,,117,1.988157
rice_I_4,lockin,0,0,QR未検出,,lockin,binary,,,8.848485,8,8,1,0.553976,,0.553976,frame_00000.png,frame_00116.png,r120_e60_f1.mp4,120 Hz,1/60,蛍光灯あり,58.848 fps,120,60,1,36,rice,min,I,4,,,frame_00000.png,frame_00116.png,,117,1.988157
rice_I_4,lockin,0,0,QR未検出,,lockin,binary,,,28.848485,4,8,1,0.541626,,0.541626,frame_00000.png,frame_00116.png,r120_e60_f1.mp4,120 Hz,1/60,蛍光灯あり,58.848 fps,120,60,1,36,rice,min,I,4,,,frame_00000.png,frame_00116.png,,117,1.988157
rice_I_4,lockin,0,0,QR未検出,,lockin,binary,,,27.696970,8,8,1,0.530854,,0.530854,frame_00000.png,frame_00116.png,r120_e60_f1.mp4,120 Hz,1/60,蛍光灯あり,58.848 fps,120,60,1,36,rice,min,I,4,,,frame_00000.png,frame_00116.png,,117,1.988157
rice_I_4,lockin,0,0,QR未検出,,lockin,binary,,,8.848485,12,8,1,0.517679,,0.517679,frame_00000.png,frame_00116.png,r120_e60_f1.mp4,120 Hz,1/60,蛍光灯あり,58.848 fps,120,60,1,36,rice,min,I,4,,,frame_00000.png,frame_00116.png,,117,1.988157
rice_I_8,lockin,0,0,QR未検出,,lockin,binary,,,28.848485,12,8,1,0.626134,,0.626134,frame_00000.png,frame_00116.png,r120_e60_f1.mp4,120 Hz,1/60,蛍光灯あり,58.848 fps,120,60,1,37,rice,min,I,8,,,frame_00000.png,frame_00116.png,,117,1.988157
rice_I_8,lockin,0,0,QR未検出,,lockin,binary,,,8.848485,12,8,1,0.615798,,0.615798,frame_00000.png,frame_00116.png,r120_e60_f1.mp4,120 Hz,1/60,蛍光灯あり,58.848 fps,120,60,1,37,rice,min,I,8,,,frame_00000.png,frame_00116.png,,117,1.988157
rice_I_8,lockin,0,0,QR未検出,,lockin,binary,,,14.424243,12,8,1,0.613221,,0.613221,frame_00000.png,frame_00116.png,r120_e60_f1.mp4,120 Hz,1/60,蛍光灯あり,58.848 fps,120,60,1,37,rice,min,I,8,,,frame_00000.png,frame_00116.png,,117,1.988157
rice_I_8,lockin,0,0,QR未検出,,lockin,binary,,,27.696970,12,8,1,0.609019,,0.609019,frame_00000.png,frame_00116.png,r120_e60_f1.mp4,120 Hz,1/60,蛍光灯あり,58.848 fps,120,60,1,37,rice,min,I,8,,,frame_00000.png,frame_00116.png,,117,1.988157
rice_I_8,lockin,0,0,QR未検出,,lockin,binary,,,28.848485,8,8,1,0.598157,,0.598157,frame_00000.png,frame_00116.png,r120_e60_f1.mp4,120 Hz,1/60,蛍光灯あり,58.848 fps,120,60,1,37,rice,min,I,8,,,frame_00000.png,frame_00116.png,,117,1.988157
rice_I_8,lockin,0,0,QR未検出,,lockin,binary,,,14.424243,4,8,1,0.571815,,0.571815,frame_00000.png,frame_00116.png,r120_e60_f1.mp4,120 Hz,1/60,蛍光灯あり,58.848 fps,120,60,1,37,rice,min,I,8,,,frame_00000.png,frame_00116.png,,117,1.988157
rice_I_8,lockin,0,0,QR未検出,,lockin,binary,,,8.848485,4,8,1,0.568666,,0.568666,frame_00000.png,frame_00116.png,r120_e60_f1.mp4,120 Hz,1/60,蛍光灯あり,58.848 fps,120,60,1,37,rice,min,I,8,,,frame_00000.png,frame_00116.png,,117,1.988157
rice_I_8,lockin,0,0,QR未検出,,lockin,binary,,,27.696970,8,8,1,0.564398,,0.564398,frame_00000.png,frame_00116.png,r120_e60_f1.mp4,120 Hz,1/60,蛍光灯あり,58.848 fps,120,60,1,37,rice,min,I,8,,,frame_00000.png,frame_00116.png,,117,1.988157
rice_I_8,lockin,0,0,QR未検出,,lockin,binary,,,8.848485,8,8,1,0.564129,,0.564129,frame_00000.png,frame_00116.png,r120_e60_f1.mp4,120 Hz,1/60,蛍光灯あり,58.848 fps,120,60,1,37,rice,min,I,8,,,frame_00000.png,frame_00116.png,,117,1.988157
rice_I_8,lockin,0,0,QR未検出,,lockin,binary,,,14.424243,8,8,1,0.560241,,0.560241,frame_00000.png,frame_00116.png,r120_e60_f1.mp4,120 Hz,1/60,蛍光灯あり,58.848 fps,120,60,1,37,rice,min,I,8,,,frame_00000.png,frame_00116.png,,117,1.988157
rice_I_8,lockin,0,0,QR未検出,,lockin,binary,,,27.696970,4,8,1,0.559751,,0.559751,frame_00000.png,frame_00116.png,r120_e60_f1.mp4,120 Hz,1/60,蛍光灯あり,58.848 fps,120,60,1,37,rice,min,I,8,,,frame_00000.png,frame_00116.png,,117,1.988157
rice_I_8,lockin,0,0,QR未検出,,lockin,binary,,,28.848485,4,8,1,0.519626,,0.519626,frame_00000.png,frame_00116.png,r120_e60_f1.mp4,120 Hz,1/60,蛍光灯あり,58.848 fps,120,60,1,37,rice,min,I,8,,,frame_00000.png,frame_00116.png,,117,1.988157
rice_I_12,lockin,0,0,QR未検出,,lockin,binary,,,14.424243,12,8,1,0.627023,,0.627023,frame_00000.png,frame_00116.png,r120_e60_f1.mp4,120 Hz,1/60,蛍光灯あり,58.848 fps,120,60,1,38,rice,min,I,12,,,frame_00000.png,frame_00116.png,,117,1.988157
rice_I_12,lockin,0,0,QR未検出,,lockin,binary,,,27.696970,12,8,1,0.623927,,0.623927,frame_00000.png,frame_00116.png,r120_e60_f1.mp4,120 Hz,1/60,蛍光灯あり,58.848 fps,120,60,1,38,rice,min,I,12,,,frame_00000.png,frame_00116.png,,117,1.988157
rice_I_12,lockin,0,0,QR未検出,,lockin,binary,,,28.848485,12,8,1,0.614642,,0.614642,frame_00000.png,frame_00116.png,r120_e60_f1.mp4,120 Hz,1/60,蛍光灯あり,58.848 fps,120,60,1,38,rice,min,I,12,,,frame_00000.png,frame_00116.png,,117,1.988157
rice_I_12,lockin,0,0,QR未検出,,lockin,binary,,,8.848485,4,8,1,0.605976,,0.605976,frame_00000.png,frame_00116.png,r120_e60_f1.mp4,120 Hz,1/60,蛍光灯あり,58.848 fps,120,60,1,38,rice,min,I,12,,,frame_00000.png,frame_00116.png,,117,1.988157
rice_I_12,lockin,0,0,QR未検出,,lockin,binary,,,14.424243,8,8,1,0.600930,,0.600930,frame_00000.png,frame_00116.png,r120_e60_f1.mp4,120 Hz,1/60,蛍光灯あり,58.848 fps,120,60,1,38,rice,min,I,12,,,frame_00000.png,frame_00116.png,,117,1.988157
rice_I_12,lockin,0,0,QR未検出,,lockin,binary,,,27.696970,8,8,1,0.593721,,0.593721,frame_00000.png,frame_00116.png,r120_e60_f1.mp4,120 Hz,1/60,蛍光灯あり,58.848 fps,120,60,1,38,rice,min,I,12,,,frame_00000.png,frame_00116.png,,117,1.988157
rice_I_12,lockin,0,0,QR未検出,,lockin,binary,,,28.848485,8,8,1,0.577078,,0.577078,frame_00000.png,frame_00116.png,r120_e60_f1.mp4,120 Hz,1/60,蛍光灯あり,58.848 fps,120,60,1,38,rice,min,I,12,,,frame_00000.png,frame_00116.png,,117,1.988157
rice_I_12,lockin,0,0,QR未検出,,lockin,binary,,,8.848485,12,8,1,0.569495,,0.569495,frame_00000.png,frame_00116.png,r120_e60_f1.mp4,120 Hz,1/60,蛍光灯あり,58.848 fps,120,60,1,38,rice,min,I,12,,,frame_00000.png,frame_00116.png,,117,1.988157
rice_I_12,lockin,0,0,QR未検出,,lockin,binary,,,28.848485,4,8,1,0.548382,,0.548382,frame_00000.png,frame_00116.png,r120_e60_f1.mp4,120 Hz,1/60,蛍光灯あり,58.848 fps,120,60,1,38,rice,min,I,12,,,frame_00000.png,frame_00116.png,,117,1.988157
rice_I_12,lockin,0,0,QR未検出,,lockin,binary,,,27.696970,4,8,1,0.532740,,0.532740,frame_00000.png,frame_00116.png,r120_e60_f1.mp4,120 Hz,1/60,蛍光灯あり,58.848 fps,120,60,1,38,rice,min,I,12,,,frame_00000.png,frame_00116.png,,117,1.988157
rice_I_12,lockin,0,0,QR未検出,,lockin,binary,,,14.424243,4,8,1,0.525438,,0.525438,frame_00000.png,frame_00116.png,r120_e60_f1.mp4,120 Hz,1/60,蛍光灯あり,58.848 fps,120,60,1,38,rice,min,I,12,,,frame_00000.png,frame_00116.png,,117,1.988157
rice_I_12,lockin,0,0,QR未検出,,lockin,binary,,,8.848485,8,8,1,0.513343,,0.513343,frame_00000.png,frame_00116.png,r120_e60_f1.mp4,120 Hz,1/60,蛍光灯あり,58.848 fps,120,60,1,38,rice,min,I,12,,,frame_00000.png,frame_00116.png,,117,1.988157
nagaoka_fireworks_I_4,lockin,0,0,QR未検出,,lockin,binary,,,27.696970,12,8,1,0.623807,,0.623807,frame_00000.png,frame_00116.png,r120_e60_f1.mp4,120 Hz,1/60,蛍光灯あり,58.848 fps,120,60,1,39,nagaoka_fireworks,min,I,4,,,frame_00000.png,frame_00116.png,,117,1.988157
nagaoka_fireworks_I_4,lockin,0,0,QR未検出,,lockin,binary,,,28.848485,12,8,1,0.617356,,0.617356,frame_00000.png,frame_00116.png,r120_e60_f1.mp4,120 Hz,1/60,蛍光灯あり,58.848 fps,120,60,1,39,nagaoka_fireworks,min,I,4,,,frame_00000.png,frame_00116.png,,117,1.988157
nagaoka_fireworks_I_4,lockin,0,0,QR未検出,,lockin,binary,,,14.424243,12,8,1,0.587218,,0.587218,frame_00000.png,frame_00116.png,r120_e60_f1.mp4,120 Hz,1/60,蛍光灯あり,58.848 fps,120,60,1,39,nagaoka_fireworks,min,I,4,,,frame_00000.png,frame_00116.png,,117,1.988157
nagaoka_fireworks_I_4,lockin,0,0,QR未検出,,lockin,binary,,,27.696970,8,8,1,0.586609,,0.586609,frame_00000.png,frame_00116.png,r120_e60_f1.mp4,120 Hz,1/60,蛍光灯あり,58.848 fps,120,60,1,39,nagaoka_fireworks,min,I,4,,,frame_00000.png,frame_00116.png,,117,1.988157
nagaoka_fireworks_I_4,lockin,0,0,QR未検出,,lockin,binary,,,28.848485,8,8,1,0.573330,,0.573330,frame_00000.png,frame_00116.png,r120_e60_f1.mp4,120 Hz,1/60,蛍光灯あり,58.848 fps,120,60,1,39,nagaoka_fireworks,min,I,4,,,frame_00000.png,frame_00116.png,,117,1.988157
nagaoka_fireworks_I_4,lockin,0,0,QR未検出,,lockin,binary,,,8.848485,12,8,1,0.564379,,0.564379,frame_00000.png,frame_00116.png,r120_e60_f1.mp4,120 Hz,1/60,蛍光灯あり,58.848 fps,120,60,1,39,nagaoka_fireworks,min,I,4,,,frame_00000.png,frame_00116.png,,117,1.988157
nagaoka_fireworks_I_4,lockin,0,0,QR未検出,,lockin,binary,,,8.848485,4,8,1,0.548468,,0.548468,frame_00000.png,frame_00116.png,r120_e60_f1.mp4,120 Hz,1/60,蛍光灯あり,58.848 fps,120,60,1,39,nagaoka_fireworks,min,I,4,,,frame_00000.png,frame_00116.png,,117,1.988157
nagaoka_fireworks_I_4,lockin,0,0,QR未検出,,lockin,binary,,,14.424243,4,8,1,0.539081,,0.539081,frame_00000.png,frame_00116.png,r120_e60_f1.mp4,120 Hz,1/60,蛍光灯あり,58.848 fps,120,60,1,39,nagaoka_fireworks,min,I,4,,,frame_00000.png,frame_00116.png,,117,1.988157
nagaoka_fireworks_I_4,lockin,0,0,QR未検出,,lockin,binary,,,14.424243,8,8,1,0.530551,,0.530551,frame_00000.png,frame_00116.png,r120_e60_f1.mp4,120 Hz,1/60,蛍光灯あり,58.848 fps,120,60,1,39,nagaoka_fireworks,min,I,4,,,frame_00000.png,frame_00116.png,,117,1.988157
nagaoka_fireworks_I_4,lockin,0,0,QR未検出,,lockin,binary,,,28.848485,4,8,1,0.509564,,0.509564,frame_00000.png,frame_00116.png,r120_e60_f1.mp4,120 Hz,1/60,蛍光灯あり,58.848 fps,120,60,1,39,nagaoka_fireworks,min,I,4,,,frame_00000.png,frame_00116.png,,117,1.988157
nagaoka_fireworks_I_4,lockin,0,0,QR未検出,,lockin,binary,,,8.848485,8,8,1,0.508330,,0.508330,frame_00000.png,frame_00116.png,r120_e60_f1.mp4,120 Hz,1/60,蛍光灯あり,58.848 fps,120,60,1,39,nagaoka_fireworks,min,I,4,,,frame_00000.png,frame_00116.png,,117,1.988157
nagaoka_fireworks_I_4,lockin,0,0,QR未検出,,lockin,binary,,,27.696970,4,8,1,0.500339,,0.500339,frame_00000.png,frame_00116.png,r120_e60_f1.mp4,120 Hz,1/60,蛍光灯あり,58.848 fps,120,60,1,39,nagaoka_fireworks,min,I,4,,,frame_00000.png,frame_00116.png,,117,1.988157
nagaoka_fireworks_I_8,lockin,0,0,QR未検出,,lockin,binary,,,27.696970,12,8,1,0.613813,,0.613813,frame_00000.png,frame_00116.png,r120_e60_f1.mp4,120 Hz,1/60,蛍光灯あり,58.848 fps,120,60,1,40,nagaoka_fireworks,min,I,8,,,frame_00000.png,frame_00116.png,,117,1.988157
nagaoka_fireworks_I_8,lockin,0,0,QR未検出,,lockin,binary,,,14.424243,12,8,1,0.587706,,0.587706,frame_00000.png,frame_00116.png,r120_e60_f1.mp4,120 Hz,1/60,蛍光灯あり,58.848 fps,120,60,1,40,nagaoka_fireworks,min,I,8,,,frame_00000.png,frame_00116.png,,117,1.988157
nagaoka_fireworks_I_8,lockin,0,0,QR未検出,,lockin,binary,,,8.848485,12,8,1,0.586771,,0.586771,frame_00000.png,frame_00116.png,r120_e60_f1.mp4,120 Hz,1/60,蛍光灯あり,58.848 fps,120,60,1,40,nagaoka_fireworks,min,I,8,,,frame_00000.png,frame_00116.png,,117,1.988157
nagaoka_fireworks_I_8,lockin,0,0,QR未検出,,lockin,binary,,,28.848485,12,8,1,0.577460,,0.577460,frame_00000.png,frame_00116.png,r120_e60_f1.mp4,120 Hz,1/60,蛍光灯あり,58.848 fps,120,60,1,40,nagaoka_fireworks,min,I,8,,,frame_00000.png,frame_00116.png,,117,1.988157
nagaoka_fireworks_I_8,lockin,0,0,QR未検出,,lockin,binary,,,27.696970,8,8,1,0.577264,,0.577264,frame_00000.png,frame_00116.png,r120_e60_f1.mp4,120 Hz,1/60,蛍光灯あり,58.848 fps,120,60,1,40,nagaoka_fireworks,min,I,8,,,frame_00000.png,frame_00116.png,,117,1.988157
nagaoka_fireworks_I_8,lockin,0,0,QR未検出,,lockin,binary,,,28.848485,4,8,1,0.542444,,0.542444,frame_00000.png,frame_00116.png,r120_e60_f1.mp4,120 Hz,1/60,蛍光灯あり,58.848 fps,120,60,1,40,nagaoka_fireworks,min,I,8,,,frame_00000.png,frame_00116.png,,117,1.988157
nagaoka_fireworks_I_8,lockin,0,0,QR未検出,,lockin,binary,,,8.848485,4,8,1,0.542192,,0.542192,frame_00000.png,frame_00116.png,r120_e60_f1.mp4,120 Hz,1/60,蛍光灯あり,58.848 fps,120,60,1,40,nagaoka_fireworks,min,I,8,,,frame_00000.png,frame_00116.png,,117,1.988157
nagaoka_fireworks_I_8,lockin,0,0,QR未検出,,lockin,binary,,,14.424243,4,8,1,0.539378,,0.539378,frame_00000.png,frame_00116.png,r120_e60_f1.mp4,120 Hz,1/60,蛍光灯あり,58.848 fps,120,60,1,40,nagaoka_fireworks,min,I,8,,,frame_00000.png,frame_00116.png,,117,1.988157
nagaoka_fireworks_I_8,lockin,0,0,QR未検出,,lockin,binary,,,8.848485,8,8,1,0.534521,,0.534521,frame_00000.png,frame_00116.png,r120_e60_f1.mp4,120 Hz,1/60,蛍光灯あり,58.848 fps,120,60,1,40,nagaoka_fireworks,min,I,8,,,frame_00000.png,frame_00116.png,,117,1.988157
nagaoka_fireworks_I_8,lockin,0,0,QR未検出,,lockin,binary,,,14.424243,8,8,1,0.530107,,0.530107,frame_00000.png,frame_00116.png,r120_e60_f1.mp4,120 Hz,1/60,蛍光灯あり,58.848 fps,120,60,1,40,nagaoka_fireworks,min,I,8,,,frame_00000.png,frame_00116.png,,117,1.988157
nagaoka_fireworks_I_8,lockin,0,0,QR未検出,,lockin,binary,,,28.848485,8,8,1,0.526109,,0.526109,frame_00000.png,frame_00116.png,r120_e60_f1.mp4,120 Hz,1/60,蛍光灯あり,58.848 fps,120,60,1,40,nagaoka_fireworks,min,I,8,,,frame_00000.png,frame_00116.png,,117,1.988157
nagaoka_fireworks_I_8,lockin,0,0,QR未検出,,lockin,binary,,,27.696970,4,8,1,0.504906,,0.504906,frame_00000.png,frame_00116.png,r120_e60_f1.mp4,120 Hz,1/60,蛍光灯あり,58.848 fps,120,60,1,40,nagaoka_fireworks,min,I,8,,,frame_00000.png,frame_00116.png,,117,1.988157
nagaoka_fireworks_I_12,lockin,0,0,QR未検出,,lockin,binary,,,27.696970,12,8,1,0.630440,,0.630440,frame_00000.png,frame_00116.png,r120_e60_f1.mp4,120 Hz,1/60,蛍光灯あり,58.848 fps,120,60,1,41,nagaoka_fireworks,min,I,12,,,frame_00000.png,frame_00116.png,,117,1.988157
nagaoka_fireworks_I_12,lockin,0,0,QR未検出,,lockin,binary,,,28.848485,12,8,1,0.621952,,0.621952,frame_00000.png,frame_00116.png,r120_e60_f1.mp4,120 Hz,1/60,蛍光灯あり,58.848 fps,120,60,1,41,nagaoka_fireworks,min,I,12,,,frame_00000.png,frame_00116.png,,117,1.988157
nagaoka_fireworks_I_12,lockin,0,0,QR未検出,,lockin,binary,,,27.696970,8,8,1,0.595789,,0.595789,frame_00000.png,frame_00116.png,r120_e60_f1.mp4,120 Hz,1/60,蛍光灯あり,58.848 fps,120,60,1,41,nagaoka_fireworks,min,I,12,,,frame_00000.png,frame_00116.png,,117,1.988157
nagaoka_fireworks_I_12,lockin,0,0,QR未検出,,lockin,binary,,,14.424243,12,8,1,0.591821,,0.591821,frame_00000.png,frame_00116.png,r120_e60_f1.mp4,120 Hz,1/60,蛍光灯あり,58.848 fps,120,60,1,41,nagaoka_fireworks,min,I,12,,,frame_00000.png,frame_00116.png,,117,1.988157
nagaoka_fireworks_I_12,lockin,0,0,QR未検出,,lockin,binary,,,28.848485,8,8,1,0.583713,,0.583713,frame_00000.png,frame_00116.png,r120_e60_f1.mp4,120 Hz,1/60,蛍光灯あり,58.848 fps,120,60,1,41,nagaoka_fireworks,min,I,12,,,frame_00000.png,frame_00116.png,,117,1.988157
nagaoka_fireworks_I_12,lockin,0,0,QR未検出,,lockin,binary,,,8.848485,12,8,1,0.582759,,0.582759,frame_00000.png,frame_00116.png,r120_e60_f1.mp4,120 Hz,1/60,蛍光灯あり,58.848 fps,120,60,1,41,nagaoka_fireworks,min,I,12,,,frame_00000.png,frame_00116.png,,117,1.988157
nagaoka_fireworks_I_12,lockin,0,0,QR未検出,,lockin,binary,,,8.848485,4,8,1,0.549761,,0.549761,frame_00000.png,frame_00116.png,r120_e60_f1.mp4,120 Hz,1/60,蛍光灯あり,58.848 fps,120,60,1,41,nagaoka_fireworks,min,I,12,,,frame_00000.png,frame_00116.png,,117,1.988157
nagaoka_fireworks_I_12,lockin,0,0,QR未検出,,lockin,binary,,,14.424243,4,8,1,0.541647,,0.541647,frame_00000.png,frame_00116.png,r120_e60_f1.mp4,120 Hz,1/60,蛍光灯あり,58.848 fps,120,60,1,41,nagaoka_fireworks,min,I,12,,,frame_00000.png,frame_00116.png,,117,1.988157
nagaoka_fireworks_I_12,lockin,0,0,QR未検出,,lockin,binary,,,14.424243,8,8,1,0.536533,,0.536533,frame_00000.png,frame_00116.png,r120_e60_f1.mp4,120 Hz,1/60,蛍光灯あり,58.848 fps,120,60,1,41,nagaoka_fireworks,min,I,12,,,frame_00000.png,frame_00116.png,,117,1.988157
nagaoka_fireworks_I_12,lockin,0,0,QR未検出,,lockin,binary,,,8.848485,8,8,1,0.526334,,0.526334,frame_00000.png,frame_00116.png,r120_e60_f1.mp4,120 Hz,1/60,蛍光灯あり,58.848 fps,120,60,1,41,nagaoka_fireworks,min,I,12,,,frame_00000.png,frame_00116.png,,117,1.988157
nagaoka_fireworks_I_12,lockin,0,0,QR未検出,,lockin,binary,,,28.848485,4,8,1,0.506309,,0.506309,frame_00000.png,frame_00116.png,r120_e60_f1.mp4,120 Hz,1/60,蛍光灯あり,58.848 fps,120,60,1,41,nagaoka_fireworks,min,I,12,,,frame_00000.png,frame_00116.png,,117,1.988157
nagaoka_fireworks_I_12,lockin,0,0,QR未検出,,lockin,binary,,,27.696970,4,8,1,0.502950,,0.502950,frame_00000.png,frame_00116.png,r120_e60_f1.mp4,120 Hz,1/60,蛍光灯あり,58.848 fps,120,60,1,41,nagaoka_fireworks,min,I,12,,,frame_00000.png,frame_00116.png,,117,1.988157
hocho_I_4,lockin,0,0,QR未検出,,lockin,binary,,,28.848485,12,8,1,0.642397,,0.642397,frame_00000.png,frame_00116.png,r120_e60_f1.mp4,120 Hz,1/60,蛍光灯あり,58.848 fps,120,60,1,42,hocho,min,I,4,,,frame_00000.png,frame_00116.png,,117,1.988157
hocho_I_4,lockin,0,0,QR未検出,,lockin,binary,,,27.696970,12,8,1,0.637886,,0.637886,frame_00000.png,frame_00116.png,r120_e60_f1.mp4,120 Hz,1/60,蛍光灯あり,58.848 fps,120,60,1,42,hocho,min,I,4,,,frame_00000.png,frame_00116.png,,117,1.988157
hocho_I_4,lockin,0,0,QR未検出,,lockin,binary,,,14.424243,12,8,1,0.628874,,0.628874,frame_00000.png,frame_00116.png,r120_e60_f1.mp4,120 Hz,1/60,蛍光灯あり,58.848 fps,120,60,1,42,hocho,min,I,4,,,frame_00000.png,frame_00116.png,,117,1.988157
hocho_I_4,lockin,0,0,QR未検出,,lockin,binary,,,28.848485,8,8,1,0.622134,,0.622134,frame_00000.png,frame_00116.png,r120_e60_f1.mp4,120 Hz,1/60,蛍光灯あり,58.848 fps,120,60,1,42,hocho,min,I,4,,,frame_00000.png,frame_00116.png,,117,1.988157
hocho_I_4,lockin,0,0,QR未検出,,lockin,binary,,,8.848485,12,8,1,0.622085,,0.622085,frame_00000.png,frame_00116.png,r120_e60_f1.mp4,120 Hz,1/60,蛍光灯あり,58.848 fps,120,60,1,42,hocho,min,I,4,,,frame_00000.png,frame_00116.png,,117,1.988157
hocho_I_4,lockin,0,0,QR未検出,,lockin,binary,,,27.696970,8,8,1,0.611010,,0.611010,frame_00000.png,frame_00116.png,r120_e60_f1.mp4,120 Hz,1/60,蛍光灯あり,58.848 fps,120,60,1,42,hocho,min,I,4,,,frame_00000.png,frame_00116.png,,117,1.988157
hocho_I_4,lockin,0,0,QR未検出,,lockin,binary,,,8.848485,4,8,1,0.589422,,0.589422,frame_00000.png,frame_00116.png,r120_e60_f1.mp4,120 Hz,1/60,蛍光灯あり,58.848 fps,120,60,1,42,hocho,min,I,4,,,frame_00000.png,frame_00116.png,,117,1.988157
hocho_I_4,lockin,0,0,QR未検出,,lockin,binary,,,14.424243,8,8,1,0.581059,,0.581059,frame_00000.png,frame_00116.png,r120_e60_f1.mp4,120 Hz,1/60,蛍光灯あり,58.848 fps,120,60,1,42,hocho,min,I,4,,,frame_00000.png,frame_00116.png,,117,1.988157
hocho_I_4,lockin,0,0,QR未検出,,lockin,binary,,,14.424243,4,8,1,0.573980,,0.573980,frame_00000.png,frame_00116.png,r120_e60_f1.mp4,120 Hz,1/60,蛍光灯あり,58.848 fps,120,60,1,42,hocho,min,I,4,,,frame_00000.png,frame_00116.png,,117,1.988157
hocho_I_4,lockin,0,0,QR未検出,,lockin,binary,,,8.848485,8,8,1,0.564859,,0.564859,frame_00000.png,frame_00116.png,r120_e60_f1.mp4,120 Hz,1/60,蛍光灯あり,58.848 fps,120,60,1,42,hocho,min,I,4,,,frame_00000.png,frame_00116.png,,117,1.988157
hocho_I_4,lockin,0,0,QR未検出,,lockin,binary,,,27.696970,4,8,1,0.519180,,0.519180,frame_00000.png,frame_00116.png,r120_e60_f1.mp4,120 Hz,1/60,蛍光灯あり,58.848 fps,120,60,1,42,hocho,min,I,4,,,frame_00000.png,frame_00116.png,,117,1.988157
hocho_I_4,lockin,0,0,QR未検出,,lockin,binary,,,28.848485,4,8,1,0.510991,,0.510991,frame_00000.png,frame_00116.png,r120_e60_f1.mp4,120 Hz,1/60,蛍光灯あり,58.848 fps,120,60,1,42,hocho,min,I,4,,,frame_00000.png,frame_00116.png,,117,1.988157
hocho_I_8,lockin,0,0,QR未検出,,lockin,binary,,,8.848485,12,8,1,0.645396,,0.645396,frame_00000.png,frame_00116.png,r120_e60_f1.mp4,120 Hz,1/60,蛍光灯あり,58.848 fps,120,60,1,43,hocho,min,I,8,,,frame_00000.png,frame_00116.png,,117,1.988157
hocho_I_8,lockin,0,0,QR未検出,,lockin,binary,,,28.848485,12,8,1,0.643554,,0.643554,frame_00000.png,frame_00116.png,r120_e60_f1.mp4,120 Hz,1/60,蛍光灯あり,58.848 fps,120,60,1,43,hocho,min,I,8,,,frame_00000.png,frame_00116.png,,117,1.988157
hocho_I_8,lockin,0,0,QR未検出,,lockin,binary,,,14.424243,12,8,1,0.639820,,0.639820,frame_00000.png,frame_00116.png,r120_e60_f1.mp4,120 Hz,1/60,蛍光灯あり,58.848 fps,120,60,1,43,hocho,min,I,8,,,frame_00000.png,frame_00116.png,,117,1.988157
hocho_I_8,lockin,0,0,QR未検出,,lockin,binary,,,27.696970,12,8,1,0.632473,,0.632473,frame_00000.png,frame_00116.png,r120_e60_f1.mp4,120 Hz,1/60,蛍光灯あり,58.848 fps,120,60,1,43,hocho,min,I,8,,,frame_00000.png,frame_00116.png,,117,1.988157
hocho_I_8,lockin,0,0,QR未検出,,lockin,binary,,,28.848485,8,8,1,0.630415,,0.630415,frame_00000.png,frame_00116.png,r120_e60_f1.mp4,120 Hz,1/60,蛍光灯あり,58.848 fps,120,60,1,43,hocho,min,I,8,,,frame_00000.png,frame_00116.png,,117,1.988157
hocho_I_8,lockin,0,0,QR未検出,,lockin,binary,,,8.848485,8,8,1,0.629696,,0.629696,frame_00000.png,frame_00116.png,r120_e60_f1.mp4,120 Hz,1/60,蛍光灯あり,58.848 fps,120,60,1,43,hocho,min,I,8,,,frame_00000.png,frame_00116.png,,117,1.988157
hocho_I_8,lockin,0,0,QR未検出,,lockin,binary,,,14.424243,8,8,1,0.617601,,0.617601,frame_00000.png,frame_00116.png,r120_e60_f1.mp4,120 Hz,1/60,蛍光灯あり,58.848 fps,120,60,1,43,hocho,min,I,8,,,frame_00000.png,frame_00116.png,,117,1.988157
hocho_I_8,lockin,0,0,QR未検出,,lockin,binary,,,27.696970,8,8,1,0.601199,,0.601199,frame_00000.png,frame_00116.png,r120_e60_f1.mp4,120 Hz,1/60,蛍光灯あり,58.848 fps,120,60,1,43,hocho,min,I,8,,,frame_00000.png,frame_00116.png,,117,1.988157
hocho_I_8,lockin,0,0,QR未検出,,lockin,binary,,,28.848485,4,8,1,0.559604,,0.559604,frame_00000.png,frame_00116.png,r120_e60_f1.mp4,120 Hz,1/60,蛍光灯あり,58.848 fps,120,60,1,43,hocho,min,I,8,,,frame_00000.png,frame_00116.png,,117,1.988157
hocho_I_8,lockin,0,0,QR未検出,,lockin,binary,,,27.696970,4,8,1,0.537411,,0.537411,frame_00000.png,frame_00116.png,r120_e60_f1.mp4,120 Hz,1/60,蛍光灯あり,58.848 fps,120,60,1,43,hocho,min,I,8,,,frame_00000.png,frame_00116.png,,117,1.988157
hocho_I_8,lockin,0,0,QR未検出,,lockin,binary,,,8.848485,4,8,1,0.534269,,0.534269,frame_00000.png,frame_00116.png,r120_e60_f1.mp4,120 Hz,1/60,蛍光灯あり,58.848 fps,120,60,1,43,hocho,min,I,8,,,frame_00000.png,frame_00116.png,,117,1.988157
hocho_I_8,lockin,0,0,QR未検出,,lockin,binary,,,14.424243,4,8,1,0.501676,,0.501676,frame_00000.png,frame_00116.png,r120_e60_f1.mp4,120 Hz,1/60,蛍光灯あり,58.848 fps,120,60,1,43,hocho,min,I,8,,,frame_00000.png,frame_00116.png,,117,1.988157
hocho_I_12,lockin,0,0,QR未検出,,lockin,binary,,,28.848485,12,8,1,0.642255,,0.642255,frame_00000.png,frame_00116.png,r120_e60_f1.mp4,120 Hz,1/60,蛍光灯あり,58.848 fps,120,60,1,44,hocho,min,I,12,,,frame_00000.png,frame_00116.png,,117,1.988157
hocho_I_12,lockin,0,0,QR未検出,,lockin,binary,,,14.424243,12,8,1,0.641907,,0.641907,frame_00000.png,frame_00116.png,r120_e60_f1.mp4,120 Hz,1/60,蛍光灯あり,58.848 fps,120,60,1,44,hocho,min,I,12,,,frame_00000.png,frame_00116.png,,117,1.988157
hocho_I_12,lockin,0,0,QR未検出,,lockin,binary,,,27.696970,12,8,1,0.641380,,0.641380,frame_00000.png,frame_00116.png,r120_e60_f1.mp4,120 Hz,1/60,蛍光灯あり,58.848 fps,120,60,1,44,hocho,min,I,12,,,frame_00000.png,frame_00116.png,,117,1.988157
hocho_I_12,lockin,0,0,QR未検出,,lockin,binary,,,8.848485,12,8,1,0.632781,,0.632781,frame_00000.png,frame_00116.png,r120_e60_f1.mp4,120 Hz,1/60,蛍光灯あり,58.848 fps,120,60,1,44,hocho,min,I,12,,,frame_00000.png,frame_00116.png,,117,1.988157
hocho_I_12,lockin,0,0,QR未検出,,lockin,binary,,,28.848485,8,8,1,0.630839,,0.630839,frame_00000.png,frame_00116.png,r120_e60_f1.mp4,120 Hz,1/60,蛍光灯あり,58.848 fps,120,60,1,44,hocho,min,I,12,,,frame_00000.png,frame_00116.png,,117,1.988157
hocho_I_12,lockin,0,0,QR未検出,,lockin,binary,,,27.696970,8,8,1,0.627605,,0.627605,frame_00000.png,frame_00116.png,r120_e60_f1.mp4,120 Hz,1/60,蛍光灯あり,58.848 fps,120,60,1,44,hocho,min,I,12,,,frame_00000.png,frame_00116.png,,117,1.988157
hocho_I_12,lockin,0,0,QR未検出,,lockin,binary,,,14.424243,8,8,1,0.625392,,0.625392,frame_00000.png,frame_00116.png,r120_e60_f1.mp4,120 Hz,1/60,蛍光灯あり,58.848 fps,120,60,1,44,hocho,min,I,12,,,frame_00000.png,frame_00116.png,,117,1.988157
hocho_I_12,lockin,0,0,QR未検出,,lockin,binary,,,8.848485,8,8,1,0.598307,,0.598307,frame_00000.png,frame_00116.png,r120_e60_f1.mp4,120 Hz,1/60,蛍光灯あり,58.848 fps,120,60,1,44,hocho,min,I,12,,,frame_00000.png,frame_00116.png,,117,1.988157
hocho_I_12,lockin,0,0,QR未検出,,lockin,binary,,,8.848485,4,8,1,0.551893,,0.551893,frame_00000.png,frame_00116.png,r120_e60_f1.mp4,120 Hz,1/60,蛍光灯あり,58.848 fps,120,60,1,44,hocho,min,I,12,,,frame_00000.png,frame_00116.png,,117,1.988157
hocho_I_12,lockin,0,0,QR未検出,,lockin,binary,,,28.848485,4,8,1,0.542200,,0.542200,frame_00000.png,frame_00116.png,r120_e60_f1.mp4,120 Hz,1/60,蛍光灯あり,58.848 fps,120,60,1,44,hocho,min,I,12,,,frame_00000.png,frame_00116.png,,117,1.988157
hocho_I_12,lockin,0,0,QR未検出,,lockin,binary,,,27.696970,4,8,1,0.524453,,0.524453,frame_00000.png,frame_00116.png,r120_e60_f1.mp4,120 Hz,1/60,蛍光灯あり,58.848 fps,120,60,1,44,hocho,min,I,12,,,frame_00000.png,frame_00116.png,,117,1.988157
hocho_I_12,lockin,0,0,QR未検出,,lockin,binary,,,14.424243,4,8,1,0.504068,,0.504068,frame_00000.png,frame_00116.png,r120_e60_f1.mp4,120 Hz,1/60,蛍光灯あり,58.848 fps,120,60,1,44,hocho,min,I,12,,,frame_00000.png,frame_00116.png,,117,1.988157
ex_I_4,lockin,0,0,QR未検出,,lockin,binary,,,28.848485,12,8,1,0.640198,,0.640198,frame_00000.png,frame_00116.png,r120_e60_f1.mp4,120 Hz,1/60,蛍光灯あり,58.848 fps,120,60,1,45,ex,min,I,4,,,frame_00000.png,frame_00116.png,,117,1.988157
ex_I_4,lockin,0,0,QR未検出,,lockin,binary,,,27.696970,12,8,1,0.637381,,0.637381,frame_00000.png,frame_00116.png,r120_e60_f1.mp4,120 Hz,1/60,蛍光灯あり,58.848 fps,120,60,1,45,ex,min,I,4,,,frame_00000.png,frame_00116.png,,117,1.988157
ex_I_4,lockin,0,0,QR未検出,,lockin,binary,,,8.848485,12,8,1,0.630846,,0.630846,frame_00000.png,frame_00116.png,r120_e60_f1.mp4,120 Hz,1/60,蛍光灯あり,58.848 fps,120,60,1,45,ex,min,I,4,,,frame_00000.png,frame_00116.png,,117,1.988157
ex_I_4,lockin,0,0,QR未検出,,lockin,binary,,,14.424243,12,8,1,0.624302,,0.624302,frame_00000.png,frame_00116.png,r120_e60_f1.mp4,120 Hz,1/60,蛍光灯あり,58.848 fps,120,60,1,45,ex,min,I,4,,,frame_00000.png,frame_00116.png,,117,1.988157
ex_I_4,lockin,0,0,QR未検出,,lockin,binary,,,14.424243,4,8,1,0.621375,,0.621375,frame_00000.png,frame_00116.png,r120_e60_f1.mp4,120 Hz,1/60,蛍光灯あり,58.848 fps,120,60,1,45,ex,min,I,4,,,frame_00000.png,frame_00116.png,,117,1.988157
ex_I_4,lockin,0,0,QR未検出,,lockin,binary,,,28.848485,8,8,1,0.612882,,0.612882,frame_00000.png,frame_00116.png,r120_e60_f1.mp4,120 Hz,1/60,蛍光灯あり,58.848 fps,120,60,1,45,ex,min,I,4,,,frame_00000.png,frame_00116.png,,117,1.988157
ex_I_4,lockin,0,0,QR未検出,,lockin,binary,,,8.848485,4,8,1,0.610074,,0.610074,frame_00000.png,frame_00116.png,r120_e60_f1.mp4,120 Hz,1/60,蛍光灯あり,58.848 fps,120,60,1,45,ex,min,I,4,,,frame_00000.png,frame_00116.png,,117,1.988157
ex_I_4,lockin,0,0,QR未検出,,lockin,binary,,,27.696970,8,8,1,0.597364,,0.597364,frame_00000.png,frame_00116.png,r120_e60_f1.mp4,120 Hz,1/60,蛍光灯あり,58.848 fps,120,60,1,45,ex,min,I,4,,,frame_00000.png,frame_00116.png,,117,1.988157
ex_I_4,lockin,0,0,QR未検出,,lockin,binary,,,27.696970,4,8,1,0.579043,,0.579043,frame_00000.png,frame_00116.png,r120_e60_f1.mp4,120 Hz,1/60,蛍光灯あり,58.848 fps,120,60,1,45,ex,min,I,4,,,frame_00000.png,frame_00116.png,,117,1.988157
ex_I_4,lockin,0,0,QR未検出,,lockin,binary,,,8.848485,8,8,1,0.565599,,0.565599,frame_00000.png,frame_00116.png,r120_e60_f1.mp4,120 Hz,1/60,蛍光灯あり,58.848 fps,120,60,1,45,ex,min,I,4,,,frame_00000.png,frame_00116.png,,117,1.988157
ex_I_4,lockin,0,0,QR未検出,,lockin,binary,,,28.848485,4,8,1,0.564948,,0.564948,frame_00000.png,frame_00116.png,r120_e60_f1.mp4,120 Hz,1/60,蛍光灯あり,58.848 fps,120,60,1,45,ex,min,I,4,,,frame_00000.png,frame_00116.png,,117,1.988157
ex_I_4,lockin,0,0,QR未検出,,lockin,binary,,,14.424243,8,8,1,0.534834,,0.534834,frame_00000.png,frame_00116.png,r120_e60_f1.mp4,120 Hz,1/60,蛍光灯あり,58.848 fps,120,60,1,45,ex,min,I,4,,,frame_00000.png,frame_00116.png,,117,1.988157
ex_I_8,lockin,0,0,QR未検出,,lockin,binary,,,8.848485,4,8,1,0.640754,,0.640754,frame_00000.png,frame_00116.png,r120_e60_f1.mp4,120 Hz,1/60,蛍光灯あり,58.848 fps,120,60,1,46,ex,min,I,8,,,frame_00000.png,frame_00116.png,,117,1.988157
ex_I_8,lockin,0,0,QR未検出,,lockin,binary,,,14.424243,4,8,1,0.638535,,0.638535,frame_00000.png,frame_00116.png,r120_e60_f1.mp4,120 Hz,1/60,蛍光灯あり,58.848 fps,120,60,1,46,ex,min,I,8,,,frame_00000.png,frame_00116.png,,117,1.988157
ex_I_8,lockin,0,0,QR未検出,,lockin,binary,,,28.848485,4,8,1,0.632828,,0.632828,frame_00000.png,frame_00116.png,r120_e60_f1.mp4,120 Hz,1/60,蛍光灯あり,58.848 fps,120,60,1,46,ex,min,I,8,,,frame_00000.png,frame_00116.png,,117,1.988157
ex_I_8,lockin,0,0,QR未検出,,lockin,binary,,,27.696970,4,8,1,0.623473,,0.623473,frame_00000.png,frame_00116.png,r120_e60_f1.mp4,120 Hz,1/60,蛍光灯あり,58.848 fps,120,60,1,46,ex,min,I,8,,,frame_00000.png,frame_00116.png,,117,1.988157
ex_I_8,lockin,0,0,QR未検出,,lockin,binary,,,27.696970,12,8,1,0.615076,,0.615076,frame_00000.png,frame_00116.png,r120_e60_f1.mp4,120 Hz,1/60,蛍光灯あり,58.848 fps,120,60,1,46,ex,min,I,8,,,frame_00000.png,frame_00116.png,,117,1.988157
ex_I_8,lockin,0,0,QR未検出,,lockin,binary,,,8.848485,8,8,1,0.601479,,0.601479,frame_00000.png,frame_00116.png,r120_e60_f1.mp4,120 Hz,1/60,蛍光灯あり,58.848 fps,120,60,1,46,ex,min,I,8,,,frame_00000.png,frame_00116.png,,117,1.988157
ex_I_8,lockin,0,0,QR未検出,,lockin,binary,,,28.848485,12,8,1,0.581939,,0.581939,frame_00000.png,frame_00116.png,r120_e60_f1.mp4,120 Hz,1/60,蛍光灯あり,58.848 fps,120,60,1,46,ex,min,I,8,,,frame_00000.png,frame_00116.png,,117,1.988157
ex_I_8,lockin,0,0,QR未検出,,lockin,binary,,,14.424243,8,8,1,0.576424,,0.576424,frame_00000.png,frame_00116.png,r120_e60_f1.mp4,120 Hz,1/60,蛍光灯あり,58.848 fps,120,60,1,46,ex,min,I,8,,,frame_00000.png,frame_00116.png,,117,1.988157
ex_I_8,lockin,0,0,QR未検出,,lockin,binary,,,14.424243,12,8,1,0.550027,,0.550027,frame_00000.png,frame_00116.png,r120_e60_f1.mp4,120 Hz,1/60,蛍光灯あり,58.848 fps,120,60,1,46,ex,min,I,8,,,frame_00000.png,frame_00116.png,,117,1.988157
ex_I_8,lockin,0,0,QR未検出,,lockin,binary,,,28.848485,8,8,1,0.530296,,0.530296,frame_00000.png,frame_00116.png,r120_e60_f1.mp4,120 Hz,1/60,蛍光灯あり,58.848 fps,120,60,1,46,ex,min,I,8,,,frame_00000.png,frame_00116.png,,117,1.988157
ex_I_8,lockin,0,0,QR未検出,,lockin,binary,,,27.696970,8,8,1,0.520937,,0.520937,frame_00000.png,frame_00116.png,r120_e60_f1.mp4,120 Hz,1/60,蛍光灯あり,58.848 fps,120,60,1,46,ex,min,I,8,,,frame_00000.png,frame_00116.png,,117,1.988157
ex_I_8,lockin,0,0,QR未検出,,lockin,binary,,,8.848485,12,8,1,0.515352,,0.515352,frame_00000.png,frame_00116.png,r120_e60_f1.mp4,120 Hz,1/60,蛍光灯あり,58.848 fps,120,60,1,46,ex,min,I,8,,,frame_00000.png,frame_00116.png,,117,1.988157
ex_I_12,lockin,0,0,QR未検出,,lockin,binary,,,27.696970,12,8,1,0.644019,,0.644019,frame_00000.png,frame_00116.png,r120_e60_f1.mp4,120 Hz,1/60,蛍光灯あり,58.848 fps,120,60,1,47,ex,min,I,12,,,frame_00000.png,frame_00116.png,,117,1.988157
ex_I_12,lockin,0,0,QR未検出,,lockin,binary,,,28.848485,12,8,1,0.643926,,0.643926,frame_00000.png,frame_00116.png,r120_e60_f1.mp4,120 Hz,1/60,蛍光灯あり,58.848 fps,120,60,1,47,ex,min,I,12,,,frame_00000.png,frame_00116.png,,117,1.988157
ex_I_12,lockin,0,0,QR未検出,,lockin,binary,,,8.848485,4,8,1,0.631911,,0.631911,frame_00000.png,frame_00116.png,r120_e60_f1.mp4,120 Hz,1/60,蛍光灯あり,58.848 fps,120,60,1,47,ex,min,I,12,,,frame_00000.png,frame_00116.png,,117,1.988157
ex_I_12,lockin,0,0,QR未検出,,lockin,binary,,,28.848485,8,8,1,0.624041,,0.624041,frame_00000.png,frame_00116.png,r120_e60_f1.mp4,120 Hz,1/60,蛍光灯あり,58.848 fps,120,60,1,47,ex,min,I,12,,,frame_00000.png,frame_00116.png,,117,1.988157
ex_I_12,lockin,0,0,QR未検出,,lockin,binary,,,27.696970,8,8,1,0.623691,,0.623691,frame_00000.png,frame_00116.png,r120_e60_f1.mp4,120 Hz,1/60,蛍光灯あり,58.848 fps,120,60,1,47,ex,min,I,12,,,frame_00000.png,frame_00116.png,,117,1.988157
ex_I_12,lockin,0,0,QR未検出,,lockin,binary,,,14.424243,12,8,1,0.615854,,0.615854,frame_00000.png,frame_00116.png,r120_e60_f1.mp4,120 Hz,1/60,蛍光灯あり,58.848 fps,120,60,1,47,ex,min,I,12,,,frame_00000.png,frame_00116.png,,117,1.988157
ex_I_12,lockin,0,0,QR未検出,,lockin,binary,,,14.424243,4,8,1,0.614693,,0.614693,frame_00000.png,frame_00116.png,r120_e60_f1.mp4,120 Hz,1/60,蛍光灯あり,58.848 fps,120,60,1,47,ex,min,I,12,,,frame_00000.png,frame_00116.png,,117,1.988157
ex_I_12,lockin,0,0,QR未検出,,lockin,binary,,,8.848485,12,8,1,0.572394,,0.572394,frame_00000.png,frame_00116.png,r120_e60_f1.mp4,120 Hz,1/60,蛍光灯あり,58.848 fps,120,60,1,47,ex,min,I,12,,,frame_00000.png,frame_00116.png,,117,1.988157
ex_I_12,lockin,0,0,QR未検出,,lockin,binary,,,8.848485,8,8,1,0.536939,,0.536939,frame_00000.png,frame_00116.png,r120_e60_f1.mp4,120 Hz,1/60,蛍光灯あり,58.848 fps,120,60,1,47,ex,min,I,12,,,frame_00000.png,frame_00116.png,,117,1.988157
ex_I_12,lockin,0,0,QR未検出,,lockin,binary,,,27.696970,4,8,1,0.531814,,0.531814,frame_00000.png,frame_00116.png,r120_e60_f1.mp4,120 Hz,1/60,蛍光灯あり,58.848 fps,120,60,1,47,ex,min,I,12,,,frame_00000.png,frame_00116.png,,117,1.988157
ex_I_12,lockin,0,0,QR未検出,,lockin,binary,,,14.424243,8,8,1,0.530535,,0.530535,frame_00000.png,frame_00116.png,r120_e60_f1.mp4,120 Hz,1/60,蛍光灯あり,58.848 fps,120,60,1,47,ex,min,I,12,,,frame_00000.png,frame_00116.png,,117,1.988157
ex_I_12,lockin,0,0,QR未検出,,lockin,binary,,,28.848485,4,8,1,0.522791,,0.522791,frame_00000.png,frame_00116.png,r120_e60_f1.mp4,120 Hz,1/60,蛍光灯あり,58.848 fps,120,60,1,47,ex,min,I,12,,,frame_00000.png,frame_00116.png,,117,1.988157
rice_X_4,lockin,0,0,QR未検出,,lockin,binary,,,27.696970,12,8,1,0.634198,,0.634198,frame_00000.png,frame_00116.png,r120_e60_f1.mp4,120 Hz,1/60,蛍光灯あり,58.848 fps,120,60,1,48,rice,max,X,4,,,frame_00000.png,frame_00116.png,,117,1.988157
rice_X_4,lockin,0,0,QR未検出,,lockin,binary,,,28.848485,12,8,1,0.631390,,0.631390,frame_00000.png,frame_00116.png,r120_e60_f1.mp4,120 Hz,1/60,蛍光灯あり,58.848 fps,120,60,1,48,rice,max,X,4,,,frame_00000.png,frame_00116.png,,117,1.988157
rice_X_4,lockin,0,0,QR未検出,,lockin,binary,,,14.424243,12,8,1,0.619882,,0.619882,frame_00000.png,frame_00116.png,r120_e60_f1.mp4,120 Hz,1/60,蛍光灯あり,58.848 fps,120,60,1,48,rice,max,X,4,,,frame_00000.png,frame_00116.png,,117,1.988157
rice_X_4,lockin,0,0,QR未検出,,lockin,binary,,,27.696970,8,8,1,0.618362,,0.618362,frame_00000.png,frame_00116.png,r120_e60_f1.mp4,120 Hz,1/60,蛍光灯あり,58.848 fps,120,60,1,48,rice,max,X,4,,,frame_00000.png,frame_00116.png,,117,1.988157
rice_X_4,lockin,0,0,QR未検出,,lockin,binary,,,28.848485,8,8,1,0.604170,,0.604170,frame_00000.png,frame_00116.png,r120_e60_f1.mp4,120 Hz,1/60,蛍光灯あり,58.848 fps,120,60,1,48,rice,max,X,4,,,frame_00000.png,frame_00116.png,,117,1.988157
rice_X_4,lockin,0,0,QR未検出,,lockin,binary,,,8.848485,12,8,1,0.592024,,0.592024,frame_00000.png,frame_00116.png,r120_e60_f1.mp4,120 Hz,1/60,蛍光灯あり,58.848 fps,120,60,1,48,rice,max,X,4,,,frame_00000.png,frame_00116.png,,117,1.988157
rice_X_4,lockin,0,0,QR未検出,,lockin,binary,,,8.848485,4,8,1,0.590901,,0.590901,frame_00000.png,frame_00116.png,r120_e60_f1.mp4,120 Hz,1/60,蛍光灯あり,58.848 fps,120,60,1,48,rice,max,X,4,,,frame_00000.png,frame_00116.png,,117,1.988157
rice_X_4,lockin,0,0,QR未検出,,lockin,binary,,,14.424243,8,8,1,0.568690,,0.568690,frame_00000.png,frame_00116.png,r120_e60_f1.mp4,120 Hz,1/60,蛍光灯あり,58.848 fps,120,60,1,48,rice,max,X,4,,,frame_00000.png,frame_00116.png,,117,1.988157
rice_X_4,lockin,0,0,QR未検出,,lockin,binary,,,14.424243,4,8,1,0.555526,,0.555526,frame_00000.png,frame_00116.png,r120_e60_f1.mp4,120 Hz,1/60,蛍光灯あり,58.848 fps,120,60,1,48,rice,max,X,4,,,frame_00000.png,frame_00116.png,,117,1.988157
rice_X_4,lockin,0,0,QR未検出,,lockin,binary,,,8.848485,8,8,1,0.513058,,0.513058,frame_00000.png,frame_00116.png,r120_e60_f1.mp4,120 Hz,1/60,蛍光灯あり,58.848 fps,120,60,1,48,rice,max,X,4,,,frame_00000.png,frame_00116.png,,117,1.988157
rice_X_4,lockin,0,0,QR未検出,,lockin,binary,,,28.848485,4,8,1,0.511196,,0.511196,frame_00000.png,frame_00116.png,r120_e60_f1.mp4,120 Hz,1/60,蛍光灯あり,58.848 fps,120,60,1,48,rice,max,X,4,,,frame_00000.png,frame_00116.png,,117,1.988157
rice_X_4,lockin,0,0,QR未検出,,lockin,binary,,,27.696970,4,8,1,0.511112,,0.511112,frame_00000.png,frame_00116.png,r120_e60_f1.mp4,120 Hz,1/60,蛍光灯あり,58.848 fps,120,60,1,48,rice,max,X,4,,,frame_00000.png,frame_00116.png,,117,1.988157
rice_X_8,lockin,0,0,QR未検出,,lockin,binary,,,28.848485,12,8,1,0.633201,,0.633201,frame_00000.png,frame_00116.png,r120_e60_f1.mp4,120 Hz,1/60,蛍光灯あり,58.848 fps,120,60,1,49,rice,max,X,8,,,frame_00000.png,frame_00116.png,,117,1.988157
rice_X_8,lockin,0,0,QR未検出,,lockin,binary,,,14.424243,12,8,1,0.628552,,0.628552,frame_00000.png,frame_00116.png,r120_e60_f1.mp4,120 Hz,1/60,蛍光灯あり,58.848 fps,120,60,1,49,rice,max,X,8,,,frame_00000.png,frame_00116.png,,117,1.988157
rice_X_8,lockin,0,0,QR未検出,,lockin,binary,,,8.848485,4,8,1,0.625140,,0.625140,frame_00000.png,frame_00116.png,r120_e60_f1.mp4,120 Hz,1/60,蛍光灯あり,58.848 fps,120,60,1,49,rice,max,X,8,,,frame_00000.png,frame_00116.png,,117,1.988157
rice_X_8,lockin,0,0,QR未検出,,lockin,binary,,,27.696970,12,8,1,0.618468,,0.618468,frame_00000.png,frame_00116.png,r120_e60_f1.mp4,120 Hz,1/60,蛍光灯あり,58.848 fps,120,60,1,49,rice,max,X,8,,,frame_00000.png,frame_00116.png,,117,1.988157
rice_X_8,lockin,0,0,QR未検出,,lockin,binary,,,28.848485,8,8,1,0.616101,,0.616101,frame_00000.png,frame_00116.png,r120_e60_f1.mp4,120 Hz,1/60,蛍光灯あり,58.848 fps,120,60,1,49,rice,max,X,8,,,frame_00000.png,frame_00116.png,,117,1.988157
rice_X_8,lockin,0,0,QR未検出,,lockin,binary,,,14.424243,8,8,1,0.596361,,0.596361,frame_00000.png,frame_00116.png,r120_e60_f1.mp4,120 Hz,1/60,蛍光灯あり,58.848 fps,120,60,1,49,rice,max,X,8,,,frame_00000.png,frame_00116.png,,117,1.988157
rice_X_8,lockin,0,0,QR未検出,,lockin,binary,,,27.696970,4,8,1,0.569922,,0.569922,frame_00000.png,frame_00116.png,r120_e60_f1.mp4,120 Hz,1/60,蛍光灯あり,58.848 fps,120,60,1,49,rice,max,X,8,,,frame_00000.png,frame_00116.png,,117,1.988157
rice_X_8,lockin,0,0,QR未検出,,lockin,binary,,,8.848485,8,8,1,0.561394,,0.561394,frame_00000.png,frame_00116.png,r120_e60_f1.mp4,120 Hz,1/60,蛍光灯あり,58.848 fps,120,60,1,49,rice,max,X,8,,,frame_00000.png,frame_00116.png,,117,1.988157
rice_X_8,lockin,0,0,QR未検出,,lockin,binary,,,27.696970,8,8,1,0.556565,,0.556565,frame_00000.png,frame_00116.png,r120_e60_f1.mp4,120 Hz,1/60,蛍光灯あり,58.848 fps,120,60,1,49,rice,max,X,8,,,frame_00000.png,frame_00116.png,,117,1.988157
rice_X_8,lockin,0,0,QR未検出,,lockin,binary,,,14.424243,4,8,1,0.547161,,0.547161,frame_00000.png,frame_00116.png,r120_e60_f1.mp4,120 Hz,1/60,蛍光灯あり,58.848 fps,120,60,1,49,rice,max,X,8,,,frame_00000.png,frame_00116.png,,117,1.988157
rice_X_8,lockin,0,0,QR未検出,,lockin,binary,,,28.848485,4,8,1,0.514206,,0.514206,frame_00000.png,frame_00116.png,r120_e60_f1.mp4,120 Hz,1/60,蛍光灯あり,58.848 fps,120,60,1,49,rice,max,X,8,,,frame_00000.png,frame_00116.png,,117,1.988157
rice_X_8,lockin,0,0,QR未検出,,lockin,binary,,,8.848485,12,8,1,0.507345,,0.507345,frame_00000.png,frame_00116.png,r120_e60_f1.mp4,120 Hz,1/60,蛍光灯あり,58.848 fps,120,60,1,49,rice,max,X,8,,,frame_00000.png,frame_00116.png,,117,1.988157
rice_X_12,lockin,0,0,QR未検出,,lockin,binary,,,14.424243,12,8,1,0.638005,,0.638005,frame_00000.png,frame_00116.png,r120_e60_f1.mp4,120 Hz,1/60,蛍光灯あり,58.848 fps,120,60,1,50,rice,max,X,12,,,frame_00000.png,frame_00116.png,,117,1.988157
rice_X_12,lockin,0,0,QR未検出,,lockin,binary,,,27.696970,12,8,1,0.628695,,0.628695,frame_00000.png,frame_00116.png,r120_e60_f1.mp4,120 Hz,1/60,蛍光灯あり,58.848 fps,120,60,1,50,rice,max,X,12,,,frame_00000.png,frame_00116.png,,117,1.988157
rice_X_12,lockin,0,0,QR未検出,,lockin,binary,,,14.424243,8,8,1,0.626286,,0.626286,frame_00000.png,frame_00116.png,r120_e60_f1.mp4,120 Hz,1/60,蛍光灯あり,58.848 fps,120,60,1,50,rice,max,X,12,,,frame_00000.png,frame_00116.png,,117,1.988157
rice_X_12,lockin,0,0,QR未検出,,lockin,binary,,,28.848485,12,8,1,0.607524,,0.607524,frame_00000.png,frame_00116.png,r120_e60_f1.mp4,120 Hz,1/60,蛍光灯あり,58.848 fps,120,60,1,50,rice,max,X,12,,,frame_00000.png,frame_00116.png,,117,1.988157
rice_X_12,lockin,0,0,QR未検出,,lockin,binary,,,27.696970,8,8,1,0.603701,,0.603701,frame_00000.png,frame_00116.png,r120_e60_f1.mp4,120 Hz,1/60,蛍光灯あり,58.848 fps,120,60,1,50,rice,max,X,12,,,frame_00000.png,frame_00116.png,,117,1.988157
rice_X_12,lockin,0,0,QR未検出,,lockin,binary,,,8.848485,4,8,1,0.589823,,0.589823,frame_00000.png,frame_00116.png,r120_e60_f1.mp4,120 Hz,1/60,蛍光灯あり,58.848 fps,120,60,1,50,rice,max,X,12,,,frame_00000.png,frame_00116.png,,117,1.988157
rice_X_12,lockin,0,0,QR未検出,,lockin,binary,,,8.848485,12,8,1,0.581787,,0.581787,frame_00000.png,frame_00116.png,r120_e60_f1.mp4,120 Hz,1/60,蛍光灯あり,58.848 fps,120,60,1,50,rice,max,X,12,,,frame_00000.png,frame_00116.png,,117,1.988157
rice_X_12,lockin,0,0,QR未検出,,lockin,binary,,,28.848485,4,8,1,0.566316,,0.566316,frame_00000.png,frame_00116.png,r120_e60_f1.mp4,120 Hz,1/60,蛍光灯あり,58.848 fps,120,60,1,50,rice,max,X,12,,,frame_00000.png,frame_00116.png,,117,1.988157
rice_X_12,lockin,0,0,QR未検出,,lockin,binary,,,28.848485,8,8,1,0.545631,,0.545631,frame_00000.png,frame_00116.png,r120_e60_f1.mp4,120 Hz,1/60,蛍光灯あり,58.848 fps,120,60,1,50,rice,max,X,12,,,frame_00000.png,frame_00116.png,,117,1.988157
rice_X_12,lockin,0,0,QR未検出,,lockin,binary,,,14.424243,4,8,1,0.530794,,0.530794,frame_00000.png,frame_00116.png,r120_e60_f1.mp4,120 Hz,1/60,蛍光灯あり,58.848 fps,120,60,1,50,rice,max,X,12,,,frame_00000.png,frame_00116.png,,117,1.988157
rice_X_12,lockin,0,0,QR未検出,,lockin,binary,,,8.848485,8,8,1,0.508355,,0.508355,frame_00000.png,frame_00116.png,r120_e60_f1.mp4,120 Hz,1/60,蛍光灯あり,58.848 fps,120,60,1,50,rice,max,X,12,,,frame_00000.png,frame_00116.png,,117,1.988157
rice_X_12,lockin,0,0,QR未検出,,lockin,binary,,,27.696970,4,8,1,0.506869,,0.506869,frame_00000.png,frame_00116.png,r120_e60_f1.mp4,120 Hz,1/60,蛍光灯あり,58.848 fps,120,60,1,50,rice,max,X,12,,,frame_00000.png,frame_00116.png,,117,1.988157
nagaoka_fireworks_X_4,lockin,0,0,QR未検出,,lockin,binary,,,8.848485,12,8,1,0.617361,,0.617361,frame_00000.png,frame_00116.png,r120_e60_f1.mp4,120 Hz,1/60,蛍光灯あり,58.848 fps,120,60,1,51,nagaoka_fireworks,max,X,4,,,frame_00000.png,frame_00116.png,,117,1.988157
nagaoka_fireworks_X_4,lockin,0,0,QR未検出,,lockin,binary,,,27.696970,12,8,1,0.615025,,0.615025,frame_00000.png,frame_00116.png,r120_e60_f1.mp4,120 Hz,1/60,蛍光灯あり,58.848 fps,120,60,1,51,nagaoka_fireworks,max,X,4,,,frame_00000.png,frame_00116.png,,117,1.988157
nagaoka_fireworks_X_4,lockin,0,0,QR未検出,,lockin,binary,,,28.848485,12,8,1,0.612355,,0.612355,frame_00000.png,frame_00116.png,r120_e60_f1.mp4,120 Hz,1/60,蛍光灯あり,58.848 fps,120,60,1,51,nagaoka_fireworks,max,X,4,,,frame_00000.png,frame_00116.png,,117,1.988157
nagaoka_fireworks_X_4,lockin,0,0,QR未検出,,lockin,binary,,,14.424243,12,8,1,0.601435,,0.601435,frame_00000.png,frame_00116.png,r120_e60_f1.mp4,120 Hz,1/60,蛍光灯あり,58.848 fps,120,60,1,51,nagaoka_fireworks,max,X,4,,,frame_00000.png,frame_00116.png,,117,1.988157
nagaoka_fireworks_X_4,lockin,0,0,QR未検出,,lockin,binary,,,27.696970,8,8,1,0.571567,,0.571567,frame_00000.png,frame_00116.png,r120_e60_f1.mp4,120 Hz,1/60,蛍光灯あり,58.848 fps,120,60,1,51,nagaoka_fireworks,max,X,4,,,frame_00000.png,frame_00116.png,,117,1.988157
nagaoka_fireworks_X_4,lockin,0,0,QR未検出,,lockin,binary,,,8.848485,8,8,1,0.565497,,0.565497,frame_00000.png,frame_00116.png,r120_e60_f1.mp4,120 Hz,1/60,蛍光灯あり,58.848 fps,120,60,1,51,nagaoka_fireworks,max,X,4,,,frame_00000.png,frame_00116.png,,117,1.988157
nagaoka_fireworks_X_4,lockin,0,0,QR未検出,,lockin,binary,,,28.848485,8,8,1,0.565189,,0.565189,frame_00000.png,frame_00116.png,r120_e60_f1.mp4,120 Hz,1/60,蛍光灯あり,58.848 fps,120,60,1,51,nagaoka_fireworks,max,X,4,,,frame_00000.png,frame_00116.png,,117,1.988157
nagaoka_fireworks_X_4,lockin,0,0,QR未検出,,lockin,binary,,,14.424243,8,8,1,0.547399,,0.547399,frame_00000.png,frame_00116.png,r120_e60_f1.mp4,120 Hz,1/60,蛍光灯あり,58.848 fps,120,60,1,51,nagaoka_fireworks,max,X,4,,,frame_00000.png,frame_00116.png,,117,1.988157
nagaoka_fireworks_X_4,lockin,0,0,QR未検出,,lockin,binary,,,14.424243,4,8,1,0.526053,,0.526053,frame_00000.png,frame_00116.png,r120_e60_f1.mp4,120 Hz,1/60,蛍光灯あり,58.848 fps,120,60,1,51,nagaoka_fireworks,max,X,4,,,frame_00000.png,frame_00116.png,,117,1.988157
nagaoka_fireworks_X_4,lockin,0,0,QR未検出,,lockin,binary,,,8.848485,4,8,1,0.516429,,0.516429,frame_00000.png,frame_00116.png,r120_e60_f1.mp4,120 Hz,1/60,蛍光灯あり,58.848 fps,120,60,1,51,nagaoka_fireworks,max,X,4,,,frame_00000.png,frame_00116.png,,117,1.988157
nagaoka_fireworks_X_4,lockin,0,0,QR未検出,,lockin,binary,,,28.848485,4,8,1,0.514907,,0.514907,frame_00000.png,frame_00116.png,r120_e60_f1.mp4,120 Hz,1/60,蛍光灯あり,58.848 fps,120,60,1,51,nagaoka_fireworks,max,X,4,,,frame_00000.png,frame_00116.png,,117,1.988157
nagaoka_fireworks_X_4,lockin,0,0,QR未検出,,lockin,binary,,,27.696970,4,8,1,0.513987,,0.513987,frame_00000.png,frame_00116.png,r120_e60_f1.mp4,120 Hz,1/60,蛍光灯あり,58.848 fps,120,60,1,51,nagaoka_fireworks,max,X,4,,,frame_00000.png,frame_00116.png,,117,1.988157
nagaoka_fireworks_X_8,lockin,0,0,QR未検出,,lockin,binary,,,14.424243,12,8,1,0.606340,,0.606340,frame_00000.png,frame_00116.png,r120_e60_f1.mp4,120 Hz,1/60,蛍光灯あり,58.848 fps,120,60,1,52,nagaoka_fireworks,max,X,8,,,frame_00000.png,frame_00116.png,,117,1.988157
nagaoka_fireworks_X_8,lockin,0,0,QR未検出,,lockin,binary,,,28.848485,12,8,1,0.603290,,0.603290,frame_00000.png,frame_00116.png,r120_e60_f1.mp4,120 Hz,1/60,蛍光灯あり,58.848 fps,120,60,1,52,nagaoka_fireworks,max,X,8,,,frame_00000.png,frame_00116.png,,117,1.988157
nagaoka_fireworks_X_8,lockin,0,0,QR未検出,,lockin,binary,,,27.696970,12,8,1,0.594683,,0.594683,frame_00000.png,frame_00116.png,r120_e60_f1.mp4,120 Hz,1/60,蛍光灯あり,58.848 fps,120,60,1,52,nagaoka_fireworks,max,X,8,,,frame_00000.png,frame_00116.png,,117,1.988157
nagaoka_fireworks_X_8,lockin,0,0,QR未検出,,lockin,binary,,,8.848485,12,8,1,0.562019,,0.562019,frame_00000.png,frame_00116.png,r120_e60_f1.mp4,120 Hz,1/60,蛍光灯あり,58.848 fps,120,60,1,52,nagaoka_fireworks,max,X,8,,,frame_00000.png,frame_00116.png,,117,1.988157
nagaoka_fireworks_X_8,lockin,0,0,QR未検出,,lockin,binary,,,14.424243,8,8,1,0.556901,,0.556901,frame_00000.png,frame_00116.png,r120_e60_f1.mp4,120 Hz,1/60,蛍光灯あり,58.848 fps,120,60,1,52,nagaoka_fireworks,max,X,8,,,frame_00000.png,frame_00116.png,,117,1.988157
nagaoka_fireworks_X_8,lockin,0,0,QR未検出,,lockin,binary,,,28.848485,8,8,1,0.553715,,0.553715,frame_00000.png,frame_00116.png,r120_e60_f1.mp4,120 Hz,1/60,蛍光灯あり,58.848 fps,120,60,1,52,nagaoka_fireworks,max,X,8,,,frame_00000.png,frame_00116.png,,117,1.988157
nagaoka_fireworks_X_8,lockin,0,0,QR未検出,,lockin,binary,,,8.848485,4,8,1,0.547941,,0.547941,frame_00000.png,frame_00116.png,r120_e60_f1.mp4,120 Hz,1/60,蛍光灯あり,58.848 fps,120,60,1,52,nagaoka_fireworks,max,X,8,,,frame_00000.png,frame_00116.png,,117,1.988157
nagaoka_fireworks_X_8,lockin,0,0,QR未検出,,lockin,binary,,,27.696970,8,8,1,0.543660,,0.543660,frame_00000.png,frame_00116.png,r120_e60_f1.mp4,120 Hz,1/60,蛍光灯あり,58.848 fps,120,60,1,52,nagaoka_fireworks,max,X,8,,,frame_00000.png,frame_00116.png,,117,1.988157
nagaoka_fireworks_X_8,lockin,0,0,QR未検出,,lockin,binary,,,27.696970,4,8,1,0.532614,,0.532614,frame_00000.png,frame_00116.png,r120_e60_f1.mp4,120 Hz,1/60,蛍光灯あり,58.848 fps,120,60,1,52,nagaoka_fireworks,max,X,8,,,frame_00000.png,frame_00116.png,,117,1.988157
nagaoka_fireworks_X_8,lockin,0,0,QR未検出,,lockin,binary,,,28.848485,4,8,1,0.528441,,0.528441,frame_00000.png,frame_00116.png,r120_e60_f1.mp4,120 Hz,1/60,蛍光灯あり,58.848 fps,120,60,1,52,nagaoka_fireworks,max,X,8,,,frame_00000.png,frame_00116.png,,117,1.988157
nagaoka_fireworks_X_8,lockin,0,0,QR未検出,,lockin,binary,,,14.424243,4,8,1,0.526786,,0.526786,frame_00000.png,frame_00116.png,r120_e60_f1.mp4,120 Hz,1/60,蛍光灯あり,58.848 fps,120,60,1,52,nagaoka_fireworks,max,X,8,,,frame_00000.png,frame_00116.png,,117,1.988157
nagaoka_fireworks_X_8,lockin,0,0,QR未検出,,lockin,binary,,,8.848485,8,8,1,0.505522,,0.505522,frame_00000.png,frame_00116.png,r120_e60_f1.mp4,120 Hz,1/60,蛍光灯あり,58.848 fps,120,60,1,52,nagaoka_fireworks,max,X,8,,,frame_00000.png,frame_00116.png,,117,1.988157
nagaoka_fireworks_X_12,lockin,0,0,QR未検出,,lockin,binary,,,27.696970,12,8,1,0.641391,,0.641391,frame_00000.png,frame_00116.png,r120_e60_f1.mp4,120 Hz,1/60,蛍光灯あり,58.848 fps,120,60,1,53,nagaoka_fireworks,max,X,12,,,frame_00000.png,frame_00116.png,,117,1.988157
nagaoka_fireworks_X_12,lockin,0,0,QR未検出,,lockin,binary,,,28.848485,12,8,1,0.633054,,0.633054,frame_00000.png,frame_00116.png,r120_e60_f1.mp4,120 Hz,1/60,蛍光灯あり,58.848 fps,120,60,1,53,nagaoka_fireworks,max,X,12,,,frame_00000.png,frame_00116.png,,117,1.988157
nagaoka_fireworks_X_12,lockin,0,0,QR未検出,,lockin,binary,,,27.696970,8,8,1,0.620031,,0.620031,frame_00000.png,frame_00116.png,r120_e60_f1.mp4,120 Hz,1/60,蛍光灯あり,58.848 fps,120,60,1,53,nagaoka_fireworks,max,X,12,,,frame_00000.png,frame_00116.png,,117,1.988157
nagaoka_fireworks_X_12,lockin,0,0,QR未検出,,lockin,binary,,,28.848485,8,8,1,0.603096,,0.603096,frame_00000.png,frame_00116.png,r120_e60_f1.mp4,120 Hz,1/60,蛍光灯あり,58.848 fps,120,60,1,53,nagaoka_fireworks,max,X,12,,,frame_00000.png,frame_00116.png,,117,1.988157
nagaoka_fireworks_X_12,lockin,0,0,QR未検出,,lockin,binary,,,14.424243,12,8,1,0.590026,,0.590026,frame_00000.png,frame_00116.png,r120_e60_f1.mp4,120 Hz,1/60,蛍光灯あり,58.848 fps,120,60,1,53,nagaoka_fireworks,max,X,12,,,frame_00000.png,frame_00116.png,,117,1.988157
nagaoka_fireworks_X_12,lockin,0,0,QR未検出,,lockin,binary,,,8.848485,12,8,1,0.575736,,0.575736,frame_00000.png,frame_00116.png,r120_e60_f1.mp4,120 Hz,1/60,蛍光灯あり,58.848 fps,120,60,1,53,nagaoka_fireworks,max,X,12,,,frame_00000.png,frame_00116.png,,117,1.988157
nagaoka_fireworks_X_12,lockin,0,0,QR未検出,,lockin,binary,,,8.848485,4,8,1,0.553419,,0.553419,frame_00000.png,frame_00116.png,r120_e60_f1.mp4,120 Hz,1/60,蛍光灯あり,58.848 fps,120,60,1,53,nagaoka_fireworks,max,X,12,,,frame_00000.png,frame_00116.png,,117,1.988157
nagaoka_fireworks_X_12,lockin,0,0,QR未検出,,lockin,binary,,,27.696970,4,8,1,0.544177,,0.544177,frame_00000.png,frame_00116.png,r120_e60_f1.mp4,120 Hz,1/60,蛍光灯あり,58.848 fps,120,60,1,53,nagaoka_fireworks,max,X,12,,,frame_00000.png,frame_00116.png,,117,1.988157
nagaoka_fireworks_X_12,lockin,0,0,QR未検出,,lockin,binary,,,14.424243,4,8,1,0.543710,,0.543710,frame_00000.png,frame_00116.png,r120_e60_f1.mp4,120 Hz,1/60,蛍光灯あり,58.848 fps,120,60,1,53,nagaoka_fireworks,max,X,12,,,frame_00000.png,frame_00116.png,,117,1.988157
nagaoka_fireworks_X_12,lockin,0,0,QR未検出,,lockin,binary,,,14.424243,8,8,1,0.535167,,0.535167,frame_00000.png,frame_00116.png,r120_e60_f1.mp4,120 Hz,1/60,蛍光灯あり,58.848 fps,120,60,1,53,nagaoka_fireworks,max,X,12,,,frame_00000.png,frame_00116.png,,117,1.988157
nagaoka_fireworks_X_12,lockin,0,0,QR未検出,,lockin,binary,,,8.848485,8,8,1,0.525440,,0.525440,frame_00000.png,frame_00116.png,r120_e60_f1.mp4,120 Hz,1/60,蛍光灯あり,58.848 fps,120,60,1,53,nagaoka_fireworks,max,X,12,,,frame_00000.png,frame_00116.png,,117,1.988157
nagaoka_fireworks_X_12,lockin,0,0,QR未検出,,lockin,binary,,,28.848485,4,8,1,0.517250,,0.517250,frame_00000.png,frame_00116.png,r120_e60_f1.mp4,120 Hz,1/60,蛍光灯あり,58.848 fps,120,60,1,53,nagaoka_fireworks,max,X,12,,,frame_00000.png,frame_00116.png,,117,1.988157
hocho_X_4,lockin,0,0,QR未検出,,lockin,binary,,,27.696970,12,8,1,0.639519,,0.639519,frame_00000.png,frame_00116.png,r120_e60_f1.mp4,120 Hz,1/60,蛍光灯あり,58.848 fps,120,60,1,54,hocho,max,X,4,,,frame_00000.png,frame_00116.png,,117,1.988157
hocho_X_4,lockin,0,0,QR未検出,,lockin,binary,,,8.848485,12,8,1,0.631131,,0.631131,frame_00000.png,frame_00116.png,r120_e60_f1.mp4,120 Hz,1/60,蛍光灯あり,58.848 fps,120,60,1,54,hocho,max,X,4,,,frame_00000.png,frame_00116.png,,117,1.988157
hocho_X_4,lockin,0,0,QR未検出,,lockin,binary,,,14.424243,12,8,1,0.630438,,0.630438,frame_00000.png,frame_00116.png,r120_e60_f1.mp4,120 Hz,1/60,蛍光灯あり,58.848 fps,120,60,1,54,hocho,max,X,4,,,frame_00000.png,frame_00116.png,,117,1.988157
hocho_X_4,lockin,0,0,QR未検出,,lockin,binary,,,28.848485,12,8,1,0.623070,,0.623070,frame_00000.png,frame_00116.png,r120_e60_f1.mp4,120 Hz,1/60,蛍光灯あり,58.848 fps,120,60,1,54,hocho,max,X,4,,,frame_00000.png,frame_00116.png,,117,1.988157
hocho_X_4,lockin,0,0,QR未検出,,lockin,binary,,,27.696970,8,8,1,0.615218,,0.615218,frame_00000.png,frame_00116.png,r120_e60_f1.mp4,120 Hz,1/60,蛍光灯あり,58.848 fps,120,60,1,54,hocho,max,X,4,,,frame_00000.png,frame_00116.png,,117,1.988157
hocho_X_4,lockin,0,0,QR未検出,,lockin,binary,,,14.424243,8,8,1,0.590626,,0.590626,frame_00000.png,frame_00116.png,r120_e60_f1.mp4,120 Hz,1/60,蛍光灯あり,58.848 fps,120,60,1,54,hocho,max,X,4,,,frame_00000.png,frame_00116.png,,117,1.988157
hocho_X_4,lockin,0,0,QR未検出,,lockin,binary,,,8.848485,8,8,1,0.581127,,0.581127,frame_00000.png,frame_00116.png,r120_e60_f1.mp4,120 Hz,1/60,蛍光灯あり,58.848 fps,120,60,1,54,hocho,max,X,4,,,frame_00000.png,frame_00116.png,,117,1.988157
hocho_X_4,lockin,0,0,QR未検出,,lockin,binary,,,28.848485,8,8,1,0.577028,,0.577028,frame_00000.png,frame_00116.png,r120_e60_f1.mp4,120 Hz,1/60,蛍光灯あり,58.848 fps,120,60,1,54,hocho,max,X,4,,,frame_00000.png,frame_00116.png,,117,1.988157
hocho_X_4,lockin,0,0,QR未検出,,lockin,binary,,,28.848485,4,8,1,0.576214,,0.576214,frame_00000.png,frame_00116.png,r120_e60_f1.mp4,120 Hz,1/60,蛍光灯あり,58.848 fps,120,60,1,54,hocho,max,X,4,,,frame_00000.png,frame_00116.png,,117,1.988157
hocho_X_4,lockin,0,0,QR未検出,,lockin,binary,,,8.848485,4,8,1,0.571187,,0.571187,frame_00000.png,frame_00116.png,r120_e60_f1.mp4,120 Hz,1/60,蛍光灯あり,58.848 fps,120,60,1,54,hocho,max,X,4,,,frame_00000.png,frame_00116.png,,117,1.988157
hocho_X_4,lockin,0,0,QR未検出,,lockin,binary,,,14.424243,4,8,1,0.564008,,0.564008,frame_00000.png,frame_00116.png,r120_e60_f1.mp4,120 Hz,1/60,蛍光灯あり,58.848 fps,120,60,1,54,hocho,max,X,4,,,frame_00000.png,frame_00116.png,,117,1.988157
hocho_X_4,lockin,0,0,QR未検出,,lockin,binary,,,27.696970,4,8,1,0.516603,,0.516603,frame_00000.png,frame_00116.png,r120_e60_f1.mp4,120 Hz,1/60,蛍光灯あり,58.848 fps,120,60,1,54,hocho,max,X,4,,,frame_00000.png,frame_00116.png,,117,1.988157
hocho_X_8,lockin,0,0,QR未検出,,lockin,binary,,,14.424243,12,8,1,0.634929,,0.634929,frame_00000.png,frame_00116.png,r120_e60_f1.mp4,120 Hz,1/60,蛍光灯あり,58.848 fps,120,60,1,55,hocho,max,X,8,,,frame_00000.png,frame_00116.png,,117,1.988157
hocho_X_8,lockin,0,0,QR未検出,,lockin,binary,,,27.696970,12,8,1,0.629358,,0.629358,frame_00000.png,frame_00116.png,r120_e60_f1.mp4,120 Hz,1/60,蛍光灯あり,58.848 fps,120,60,1,55,hocho,max,X,8,,,frame_00000.png,frame_00116.png,,117,1.988157
hocho_X_8,lockin,0,0,QR未検出,,lockin,binary,,,28.848485,12,8,1,0.625917,,0.625917,frame_00000.png,frame_00116.png,r120_e60_f1.mp4,120 Hz,1/60,蛍光灯あり,58.848 fps,120,60,1,55,hocho,max,X,8,,,frame_00000.png,frame_00116.png,,117,1.988157
hocho_X_8,lockin,0,0,QR未検出,,lockin,binary,,,8.848485,12,8,1,0.618516,,0.618516,frame_00000.png,frame_00116.png,r120_e60_f1.mp4,120 Hz,1/60,蛍光灯あり,58.848 fps,120,60,1,55,hocho,max,X,8,,,frame_00000.png,frame_00116.png,,117,1.988157
hocho_X_8,lockin,0,0,QR未検出,,lockin,binary,,,14.424243,8,8,1,0.604531,,0.604531,frame_00000.png,frame_00116.png,r120_e60_f1.mp4,120 Hz,1/60,蛍光灯あり,58.848 fps,120,60,1,55,hocho,max,X,8,,,frame_00000.png,frame_00116.png,,117,1.988157
hocho_X_8,lockin,0,0,QR未検出,,lockin,binary,,,8.848485,4,8,1,0.595929,,0.595929,frame_00000.png,frame_00116.png,r120_e60_f1.mp4,120 Hz,1/60,蛍光灯あり,58.848 fps,120,60,1,55,hocho,max,X,8,,,frame_00000.png,frame_00116.png,,117,1.988157
hocho_X_8,lockin,0,0,QR未検出,,lockin,binary,,,28.848485,8,8,1,0.595156,,0.595156,frame_00000.png,frame_00116.png,r120_e60_f1.mp4,120 Hz,1/60,蛍光灯あり,58.848 fps,120,60,1,55,hocho,max,X,8,,,frame_00000.png,frame_00116.png,,117,1.988157
hocho_X_8,lockin,0,0,QR未検出,,lockin,binary,,,27.696970,8,8,1,0.591992,,0.591992,frame_00000.png,frame_00116.png,r120_e60_f1.mp4,120 Hz,1/60,蛍光灯あり,58.848 fps,120,60,1,55,hocho,max,X,8,,,frame_00000.png,frame_00116.png,,117,1.988157
hocho_X_8,lockin,0,0,QR未検出,,lockin,binary,,,8.848485,8,8,1,0.559884,,0.559884,frame_00000.png,frame_00116.png,r120_e60_f1.mp4,120 Hz,1/60,蛍光灯あり,58.848 fps,120,60,1,55,hocho,max,X,8,,,frame_00000.png,frame_00116.png,,117,1.988157
hocho_X_8,lockin,0,0,QR未検出,,lockin,binary,,,27.696970,4,8,1,0.553547,,0.553547,frame_00000.png,frame_00116.png,r120_e60_f1.mp4,120 Hz,1/60,蛍光灯あり,58.848 fps,120,60,1,55,hocho,max,X,8,,,frame_00000.png,frame_00116.png,,117,1.988157
hocho_X_8,lockin,0,0,QR未検出,,lockin,binary,,,28.848485,4,8,1,0.545441,,0.545441,frame_00000.png,frame_00116.png,r120_e60_f1.mp4,120 Hz,1/60,蛍光灯あり,58.848 fps,120,60,1,55,hocho,max,X,8,,,frame_00000.png,frame_00116.png,,117,1.988157
hocho_X_8,lockin,0,0,QR未検出,,lockin,binary,,,14.424243,4,8,1,0.540825,,0.540825,frame_00000.png,frame_00116.png,r120_e60_f1.mp4,120 Hz,1/60,蛍光灯あり,58.848 fps,120,60,1,55,hocho,max,X,8,,,frame_00000.png,frame_00116.png,,117,1.988157
hocho_X_12,lockin,0,0,QR未検出,,lockin,binary,,,8.848485,12,8,1,0.639120,,0.639120,frame_00000.png,frame_00116.png,r120_e60_f1.mp4,120 Hz,1/60,蛍光灯あり,58.848 fps,120,60,1,56,hocho,max,X,12,,,frame_00000.png,frame_00116.png,,117,1.988157
hocho_X_12,lockin,0,0,QR未検出,,lockin,binary,,,28.848485,12,8,1,0.631589,,0.631589,frame_00000.png,frame_00116.png,r120_e60_f1.mp4,120 Hz,1/60,蛍光灯あり,58.848 fps,120,60,1,56,hocho,max,X,12,,,frame_00000.png,frame_00116.png,,117,1.988157
hocho_X_12,lockin,0,0,QR未検出,,lockin,binary,,,14.424243,12,8,1,0.629978,,0.629978,frame_00000.png,frame_00116.png,r120_e60_f1.mp4,120 Hz,1/60,蛍光灯あり,58.848 fps,120,60,1,56,hocho,max,X,12,,,frame_00000.png,frame_00116.png,,117,1.988157
hocho_X_12,lockin,0,0,QR未検出,,lockin,binary,,,8.848485,8,8,1,0.613106,,0.613106,frame_00000.png,frame_00116.png,r120_e60_f1.mp4,120 Hz,1/60,蛍光灯あり,58.848 fps,120,60,1,56,hocho,max,X,12,,,frame_00000.png,frame_00116.png,,117,1.988157
hocho_X_12,lockin,0,0,QR未検出,,lockin,binary,,,27.696970,12,8,1,0.612467,,0.612467,frame_00000.png,frame_00116.png,r120_e60_f1.mp4,120 Hz,1/60,蛍光灯あり,58.848 fps,120,60,1,56,hocho,max,X,12,,,frame_00000.png,frame_00116.png,,117,1.988157
hocho_X_12,lockin,0,0,QR未検出,,lockin,binary,,,27.696970,4,8,1,0.597443,,0.597443,frame_00000.png,frame_00116.png,r120_e60_f1.mp4,120 Hz,1/60,蛍光灯あり,58.848 fps,120,60,1,56,hocho,max,X,12,,,frame_00000.png,frame_00116.png,,117,1.988157
hocho_X_12,lockin,0,0,QR未検出,,lockin,binary,,,28.848485,8,8,1,0.594601,,0.594601,frame_00000.png,frame_00116.png,r120_e60_f1.mp4,120 Hz,1/60,蛍光灯あり,58.848 fps,120,60,1,56,hocho,max,X,12,,,frame_00000.png,frame_00116.png,,117,1.988157
hocho_X_12,lockin,0,0,QR未検出,,lockin,binary,,,14.424243,8,8,1,0.592386,,0.592386,frame_00000.png,frame_00116.png,r120_e60_f1.mp4,120 Hz,1/60,蛍光灯あり,58.848 fps,120,60,1,56,hocho,max,X,12,,,frame_00000.png,frame_00116.png,,117,1.988157
hocho_X_12,lockin,0,0,QR未検出,,lockin,binary,,,14.424243,4,8,1,0.560638,,0.560638,frame_00000.png,frame_00116.png,r120_e60_f1.mp4,120 Hz,1/60,蛍光灯あり,58.848 fps,120,60,1,56,hocho,max,X,12,,,frame_00000.png,frame_00116.png,,117,1.988157
hocho_X_12,lockin,0,0,QR未検出,,lockin,binary,,,28.848485,4,8,1,0.551759,,0.551759,frame_00000.png,frame_00116.png,r120_e60_f1.mp4,120 Hz,1/60,蛍光灯あり,58.848 fps,120,60,1,56,hocho,max,X,12,,,frame_00000.png,frame_00116.png,,117,1.988157
hocho_X_12,lockin,0,0,QR未検出,,lockin,binary,,,27.696970,8,8,1,0.550905,,0.550905,frame_00000.png,frame_00116.png,r120_e60_f1.mp4,120 Hz,1/60,蛍光灯あり,58.848 fps,120,60,1,56,hocho,max,X,12,,,frame_00000.png,frame_00116.png,,117,1.988157
hocho_X_12,lockin,0,0,QR未検出,,lockin,binary,,,8.848485,4,8,1,0.525671,,0.525671,frame_00000.png,frame_00116.png,r120_e60_f1.mp4,120 Hz,1/60,蛍光灯あり,58.848 fps,120,60,1,56,hocho,max,X,12,,,frame_00000.png,frame_00116.png,,117,1.988157
ex_X_4,lockin,0,0,QR未検出,,lockin,binary,,,8.848485,12,8,1,0.640934,,0.640934,frame_00000.png,frame_00116.png,r120_e60_f1.mp4,120 Hz,1/60,蛍光灯あり,58.848 fps,120,60,1,57,ex,max,X,4,,,frame_00000.png,frame_00116.png,,117,1.988157
ex_X_4,lockin,0,0,QR未検出,,lockin,binary,,,27.696970,12,8,1,0.639503,,0.639503,frame_00000.png,frame_00116.png,r120_e60_f1.mp4,120 Hz,1/60,蛍光灯あり,58.848 fps,120,60,1,57,ex,max,X,4,,,frame_00000.png,frame_00116.png,,117,1.988157
ex_X_4,lockin,0,0,QR未検出,,lockin,binary,,,14.424243,4,8,1,0.628219,,0.628219,frame_00000.png,frame_00116.png,r120_e60_f1.mp4,120 Hz,1/60,蛍光灯あり,58.848 fps,120,60,1,57,ex,max,X,4,,,frame_00000.png,frame_00116.png,,117,1.988157
ex_X_4,lockin,0,0,QR未検出,,lockin,binary,,,28.848485,12,8,1,0.621453,,0.621453,frame_00000.png,frame_00116.png,r120_e60_f1.mp4,120 Hz,1/60,蛍光灯あり,58.848 fps,120,60,1,57,ex,max,X,4,,,frame_00000.png,frame_00116.png,,117,1.988157
ex_X_4,lockin,0,0,QR未検出,,lockin,binary,,,27.696970,8,8,1,0.615272,,0.615272,frame_00000.png,frame_00116.png,r120_e60_f1.mp4,120 Hz,1/60,蛍光灯あり,58.848 fps,120,60,1,57,ex,max,X,4,,,frame_00000.png,frame_00116.png,,117,1.988157
ex_X_4,lockin,0,0,QR未検出,,lockin,binary,,,8.848485,8,8,1,0.611673,,0.611673,frame_00000.png,frame_00116.png,r120_e60_f1.mp4,120 Hz,1/60,蛍光灯あり,58.848 fps,120,60,1,57,ex,max,X,4,,,frame_00000.png,frame_00116.png,,117,1.988157
ex_X_4,lockin,0,0,QR未検出,,lockin,binary,,,28.848485,4,8,1,0.599341,,0.599341,frame_00000.png,frame_00116.png,r120_e60_f1.mp4,120 Hz,1/60,蛍光灯あり,58.848 fps,120,60,1,57,ex,max,X,4,,,frame_00000.png,frame_00116.png,,117,1.988157
ex_X_4,lockin,0,0,QR未検出,,lockin,binary,,,14.424243,12,8,1,0.590495,,0.590495,frame_00000.png,frame_00116.png,r120_e60_f1.mp4,120 Hz,1/60,蛍光灯あり,58.848 fps,120,60,1,57,ex,max,X,4,,,frame_00000.png,frame_00116.png,,117,1.988157
ex_X_4,lockin,0,0,QR未検出,,lockin,binary,,,8.848485,4,8,1,0.559723,,0.559723,frame_00000.png,frame_00116.png,r120_e60_f1.mp4,120 Hz,1/60,蛍光灯あり,58.848 fps,120,60,1,57,ex,max,X,4,,,frame_00000.png,frame_00116.png,,117,1.988157
ex_X_4,lockin,0,0,QR未検出,,lockin,binary,,,28.848485,8,8,1,0.557335,,0.557335,frame_00000.png,frame_00116.png,r120_e60_f1.mp4,120 Hz,1/60,蛍光灯あり,58.848 fps,120,60,1,57,ex,max,X,4,,,frame_00000.png,frame_00116.png,,117,1.988157
ex_X_4,lockin,0,0,QR未検出,,lockin,binary,,,27.696970,4,8,1,0.539966,,0.539966,frame_00000.png,frame_00116.png,r120_e60_f1.mp4,120 Hz,1/60,蛍光灯あり,58.848 fps,120,60,1,57,ex,max,X,4,,,frame_00000.png,frame_00116.png,,117,1.988157
ex_X_4,lockin,0,0,QR未検出,,lockin,binary,,,14.424243,8,8,1,0.509142,,0.509142,frame_00000.png,frame_00116.png,r120_e60_f1.mp4,120 Hz,1/60,蛍光灯あり,58.848 fps,120,60,1,57,ex,max,X,4,,,frame_00000.png,frame_00116.png,,117,1.988157
ex_X_8,lockin,0,0,QR未検出,,lockin,binary,,,8.848485,4,8,1,0.642056,,0.642056,frame_00000.png,frame_00116.png,r120_e60_f1.mp4,120 Hz,1/60,蛍光灯あり,58.848 fps,120,60,1,58,ex,max,X,8,,,frame_00000.png,frame_00116.png,,117,1.988157
ex_X_8,lockin,0,0,QR未検出,,lockin,binary,,,28.848485,12,8,1,0.642026,,0.642026,frame_00000.png,frame_00116.png,r120_e60_f1.mp4,120 Hz,1/60,蛍光灯あり,58.848 fps,120,60,1,58,ex,max,X,8,,,frame_00000.png,frame_00116.png,,117,1.988157
ex_X_8,lockin,0,0,QR未検出,,lockin,binary,,,14.424243,12,8,1,0.633092,,0.633092,frame_00000.png,frame_00116.png,r120_e60_f1.mp4,120 Hz,1/60,蛍光灯あり,58.848 fps,120,60,1,58,ex,max,X,8,,,frame_00000.png,frame_00116.png,,117,1.988157
ex_X_8,lockin,0,0,QR未検出,,lockin,binary,,,27.696970,12,8,1,0.629355,,0.629355,frame_00000.png,frame_00116.png,r120_e60_f1.mp4,120 Hz,1/60,蛍光灯あり,58.848 fps,120,60,1,58,ex,max,X,8,,,frame_00000.png,frame_00116.png,,117,1.988157
ex_X_8,lockin,0,0,QR未検出,,lockin,binary,,,14.424243,4,8,1,0.607601,,0.607601,frame_00000.png,frame_00116.png,r120_e60_f1.mp4,120 Hz,1/60,蛍光灯あり,58.848 fps,120,60,1,58,ex,max,X,8,,,frame_00000.png,frame_00116.png,,117,1.988157
ex_X_8,lockin,0,0,QR未検出,,lockin,binary,,,27.696970,4,8,1,0.607428,,0.607428,frame_00000.png,frame_00116.png,r120_e60_f1.mp4,120 Hz,1/60,蛍光灯あり,58.848 fps,120,60,1,58,ex,max,X,8,,,frame_00000.png,frame_00116.png,,117,1.988157
ex_X_8,lockin,0,0,QR未検出,,lockin,binary,,,8.848485,8,8,1,0.607349,,0.607349,frame_00000.png,frame_00116.png,r120_e60_f1.mp4,120 Hz,1/60,蛍光灯あり,58.848 fps,120,60,1,58,ex,max,X,8,,,frame_00000.png,frame_00116.png,,117,1.988157
ex_X_8,lockin,0,0,QR未検出,,lockin,binary,,,28.848485,8,8,1,0.605071,,0.605071,frame_00000.png,frame_00116.png,r120_e60_f1.mp4,120 Hz,1/60,蛍光灯あり,58.848 fps,120,60,1,58,ex,max,X,8,,,frame_00000.png,frame_00116.png,,117,1.988157
ex_X_8,lockin,0,0,QR未検出,,lockin,binary,,,28.848485,4,8,1,0.571772,,0.571772,frame_00000.png,frame_00116.png,r120_e60_f1.mp4,120 Hz,1/60,蛍光灯あり,58.848 fps,120,60,1,58,ex,max,X,8,,,frame_00000.png,frame_00116.png,,117,1.988157
ex_X_8,lockin,0,0,QR未検出,,lockin,binary,,,14.424243,8,8,1,0.570540,,0.570540,frame_00000.png,frame_00116.png,r120_e60_f1.mp4,120 Hz,1/60,蛍光灯あり,58.848 fps,120,60,1,58,ex,max,X,8,,,frame_00000.png,frame_00116.png,,117,1.988157
ex_X_8,lockin,0,0,QR未検出,,lockin,binary,,,27.696970,8,8,1,0.566944,,0.566944,frame_00000.png,frame_00116.png,r120_e60_f1.mp4,120 Hz,1/60,蛍光灯あり,58.848 fps,120,60,1,58,ex,max,X,8,,,frame_00000.png,frame_00116.png,,117,1.988157
ex_X_8,lockin,0,0,QR未検出,,lockin,binary,,,8.848485,12,8,1,0.512601,,0.512601,frame_00000.png,frame_00116.png,r120_e60_f1.mp4,120 Hz,1/60,蛍光灯あり,58.848 fps,120,60,1,58,ex,max,X,8,,,frame_00000.png,frame_00116.png,,117,1.988157
ex_X_12,lockin,0,0,QR未検出,,lockin,binary,,,27.696970,12,8,1,0.644784,,0.644784,frame_00000.png,frame_00116.png,r120_e60_f1.mp4,120 Hz,1/60,蛍光灯あり,58.848 fps,120,60,1,59,ex,max,X,12,,,frame_00000.png,frame_00116.png,,117,1.988157
ex_X_12,lockin,0,0,QR未検出,,lockin,binary,,,8.848485,4,8,1,0.637708,,0.637708,frame_00000.png,frame_00116.png,r120_e60_f1.mp4,120 Hz,1/60,蛍光灯あり,58.848 fps,120,60,1,59,ex,max,X,12,,,frame_00000.png,frame_00116.png,,117,1.988157
ex_X_12,lockin,0,0,QR未検出,,lockin,binary,,,27.696970,8,8,1,0.632448,,0.632448,frame_00000.png,frame_00116.png,r120_e60_f1.mp4,120 Hz,1/60,蛍光灯あり,58.848 fps,120,60,1,59,ex,max,X,12,,,frame_00000.png,frame_00116.png,,117,1.988157
ex_X_12,lockin,0,0,QR未検出,,lockin,binary,,,14.424243,12,8,1,0.630910,,0.630910,frame_00000.png,frame_00116.png,r120_e60_f1.mp4,120 Hz,1/60,蛍光灯あり,58.848 fps,120,60,1,59,ex,max,X,12,,,frame_00000.png,frame_00116.png,,117,1.988157
ex_X_12,lockin,0,0,QR未検出,,lockin,binary,,,28.848485,12,8,1,0.625553,,0.625553,frame_00000.png,frame_00116.png,r120_e60_f1.mp4,120 Hz,1/60,蛍光灯あり,58.848 fps,120,60,1,59,ex,max,X,12,,,frame_00000.png,frame_00116.png,,117,1.988157
ex_X_12,lockin,0,0,QR未検出,,lockin,binary,,,8.848485,8,8,1,0.602422,,0.602422,frame_00000.png,frame_00116.png,r120_e60_f1.mp4,120 Hz,1/60,蛍光灯あり,58.848 fps,120,60,1,59,ex,max,X,12,,,frame_00000.png,frame_00116.png,,117,1.988157
ex_X_12,lockin,0,0,QR未検出,,lockin,binary,,,14.424243,4,8,1,0.591606,,0.591606,frame_00000.png,frame_00116.png,r120_e60_f1.mp4,120 Hz,1/60,蛍光灯あり,58.848 fps,120,60,1,59,ex,max,X,12,,,frame_00000.png,frame_00116.png,,117,1.988157
ex_X_12,lockin,0,0,QR未検出,,lockin,binary,,,28.848485,4,8,1,0.586588,,0.586588,frame_00000.png,frame_00116.png,r120_e60_f1.mp4,120 Hz,1/60,蛍光灯あり,58.848 fps,120,60,1,59,ex,max,X,12,,,frame_00000.png,frame_00116.png,,117,1.988157
ex_X_12,lockin,0,0,QR未検出,,lockin,binary,,,28.848485,8,8,1,0.572788,,0.572788,frame_00000.png,frame_00116.png,r120_e60_f1.mp4,120 Hz,1/60,蛍光灯あり,58.848 fps,120,60,1,59,ex,max,X,12,,,frame_00000.png,frame_00116.png,,117,1.988157
ex_X_12,lockin,0,0,QR未検出,,lockin,binary,,,14.424243,8,8,1,0.572555,,0.572555,frame_00000.png,frame_00116.png,r120_e60_f1.mp4,120 Hz,1/60,蛍光灯あり,58.848 fps,120,60,1,59,ex,max,X,12,,,frame_00000.png,frame_00116.png,,117,1.988157
ex_X_12,lockin,0,0,QR未検出,,lockin,binary,,,8.848485,12,8,1,0.524520,,0.524520,frame_00000.png,frame_00116.png,r120_e60_f1.mp4,120 Hz,1/60,蛍光灯あり,58.848 fps,120,60,1,59,ex,max,X,12,,,frame_00000.png,frame_00116.png,,117,1.988157
ex_X_12,lockin,0,0,QR未検出,,lockin,binary,,,27.696970,4,8,1,0.523778,,0.523778,frame_00000.png,frame_00116.png,r120_e60_f1.mp4,120 Hz,1/60,蛍光灯あり,58.848 fps,120,60,1,59,ex,max,X,12,,,frame_00000.png,frame_00116.png,,117,1.988157
ex_B_12,lockin,0,0,QR未検出,,lockin,binary,,,8.848485,30,8,1,0.648955,,0.648955,frame_00000.png,frame_00116.png,r120_e60_f1.mp4,120 Hz,1/60,蛍光灯あり,58.848 fps,120,60,1,35,ex,B,B,12,,,frame_00000.png,frame_00116.png,QR未検出,117,1.988157
ex_B_12,lockin,1,0,QR未検出,,lockin,binary,,,8.848485,50,8,1,0.649161,,0.649161,frame_00000.png,frame_00116.png,r120_e60_f1.mp4,120 Hz,1/60,蛍光灯あり,58.848 fps,120,60,1,35,ex,B,B,12,,,frame_00000.png,frame_00116.png,QR未検出,117,1.988157
ex_B_12,lockin,0,0,QR未検出,,lockin,binary,,,8.848485,70,8,1,0.649161,,0.649161,frame_00000.png,frame_00116.png,r120_e60_f1.mp4,120 Hz,1/60,蛍光灯あり,58.848 fps,120,60,1,35,ex,B,B,12,,,frame_00000.png,frame_00116.png,QR未検出,117,1.988157
ex_B_12,lockin,0,0,QR未検出,,lockin,binary,,,8.848485,901,8,1,0.608620,,0.608620,frame_00000.png,frame_00116.png,r120_e60_f1.mp4,120 Hz,1/60,蛍光灯あり,58.848 fps,120,60,1,35,ex,B,B,12,,,frame_00000.png,frame_00116.png,QR未検出,117,1.988157
ex_B_12,lockin,0,0,QR未検出,,lockin,binary,,,8.848485,902,8,1,0.556257,,0.556257,frame_00000.png,frame_00116.png,r120_e60_f1.mp4,120 Hz,1/60,蛍光灯あり,58.848 fps,120,60,1,35,ex,B,B,12,,,frame_00000.png,frame_00116.png,QR未検出,117,1.988157
ex_B_12,lockin,0,0,QR未検出,,lockin,binary,,,14.424243,30,8,1,0.648867,,0.648867,frame_00000.png,frame_00116.png,r120_e60_f1.mp4,120 Hz,1/60,蛍光灯あり,58.848 fps,120,60,1,35,ex,B,B,12,,,frame_00000.png,frame_00116.png,QR未検出,117,1.988157
ex_B_12,lockin,0,0,QR未検出,,lockin,binary,,,14.424243,50,8,1,0.649084,,0.649084,frame_00000.png,frame_00116.png,r120_e60_f1.mp4,120 Hz,1/60,蛍光灯あり,58.848 fps,120,60,1,35,ex,B,B,12,,,frame_00000.png,frame_00116.png,QR未検出,117,1.988157
ex_B_12,lockin,0,0,QR未検出,,lockin,binary,,,14.424243,70,8,1,0.649084,,0.649084,frame_00000.png,frame_00116.png,r120_e60_f1.mp4,120 Hz,1/60,蛍光灯あり,58.848 fps,120,60,1,35,ex,B,B,12,,,frame_00000.png,frame_00116.png,QR未検出,117,1.988157
ex_B_12,lockin,0,0,QR未検出,,lockin,binary,,,14.424243,901,8,1,0.615445,,0.615445,frame_00000.png,frame_00116.png,r120_e60_f1.mp4,120 Hz,1/60,蛍光灯あり,58.848 fps,120,60,1,35,ex,B,B,12,,,frame_00000.png,frame_00116.png,QR未検出,117,1.988157
ex_B_12,lockin,0,0,QR未検出,,lockin,binary,,,14.424243,902,8,1,0.571558,,0.571558,frame_00000.png,frame_00116.png,r120_e60_f1.mp4,120 Hz,1/60,蛍光灯あり,58.848 fps,120,60,1,35,ex,B,B,12,,,frame_00000.png,frame_00116.png,QR未検出,117,1.988157
ex_B_12,lockin,0,0,QR未検出,,lockin,binary,,,27.696970,30,8,1,0.648206,,0.648206,frame_00000.png,frame_00116.png,r120_e60_f1.mp4,120 Hz,1/60,蛍光灯あり,58.848 fps,120,60,1,35,ex,B,B,12,,,frame_00000.png,frame_00116.png,QR未検出,117,1.988157
ex_B_12,lockin,0,0,QR未検出,,lockin,binary,,,27.696970,50,8,1,0.648892,,0.648892,frame_00000.png,frame_00116.png,r120_e60_f1.mp4,120 Hz,1/60,蛍光灯あり,58.848 fps,120,60,1,35,ex,B,B,12,,,frame_00000.png,frame_00116.png,QR未検出,117,1.988157
ex_B_12,lockin,0,0,QR未検出,,lockin,binary,,,27.696970,70,8,1,0.649035,,0.649035,frame_00000.png,frame_00116.png,r120_e60_f1.mp4,120 Hz,1/60,蛍光灯あり,58.848 fps,120,60,1,35,ex,B,B,12,,,frame_00000.png,frame_00116.png,QR未検出,117,1.988157
ex_B_12,lockin,0,0,QR未検出,,lockin,binary,,,27.696970,901,8,1,0.613081,,0.613081,frame_00000.png,frame_00116.png,r120_e60_f1.mp4,120 Hz,1/60,蛍光灯あり,58.848 fps,120,60,1,35,ex,B,B,12,,,frame_00000.png,frame_00116.png,QR未検出,117,1.988157
ex_B_12,lockin,0,0,QR未検出,,lockin,binary,,,27.696970,902,8,1,0.543786,,0.543786,frame_00000.png,frame_00116.png,r120_e60_f1.mp4,120 Hz,1/60,蛍光灯あり,58.848 fps,120,60,1,35,ex,B,B,12,,,frame_00000.png,frame_00116.png,QR未検出,117,1.988157
ex_B_12,lockin,0,0,QR未検出,,lockin,binary,,,28.848485,30,8,1,0.649032,,0.649032,frame_00000.png,frame_00116.png,r120_e60_f1.mp4,120 Hz,1/60,蛍光灯あり,58.848 fps,120,60,1,35,ex,B,B,12,,,frame_00000.png,frame_00116.png,QR未検出,117,1.988157
ex_B_12,lockin,0,0,QR未検出,,lockin,binary,,,28.848485,50,8,1,0.649161,,0.649161,frame_00000.png,frame_00116.png,r120_e60_f1.mp4,120 Hz,1/60,蛍光灯あり,58.848 fps,120,60,1,35,ex,B,B,12,,,frame_00000.png,frame_00116.png,QR未検出,117,1.988157
ex_B_12,lockin,0,0,QR未検出,,lockin,binary,,,28.848485,70,8,1,0.649161,,0.649161,frame_00000.png,frame_00116.png,r120_e60_f1.mp4,120 Hz,1/60,蛍光灯あり,58.848 fps,120,60,1,35,ex,B,B,12,,,frame_00000.png,frame_00116.png,QR未検出,117,1.988157
ex_B_12,lockin,0,0,QR未検出,,lockin,binary,,,28.848485,901,8,1,0.617247,,0.617247,frame_00000.png,frame_00116.png,r120_e60_f1.mp4,120 Hz,1/60,蛍光灯あり,58.848 fps,120,60,1,35,ex,B,B,12,,,frame_00000.png,frame_00116.png,QR未検出,117,1.988157
ex_B_12,lockin,0,0,QR未検出,,lockin,binary,,,28.848485,902,8,1,0.575610,,0.575610,frame_00000.png,frame_00116.png,r120_e60_f1.mp4,120 Hz,1/60,蛍光灯あり,58.848 fps,120,60,1,35,ex,B,B,12,,,frame_00000.png,frame_00116.png,QR未検出,117,1.988157
ex_B_4,lockin,1,0,QR未検出,,lockin,binary,,,8.848485,30,8,1,0.649161,,0.649161,frame_00000.png,frame_00116.png,r120_e60_f1.mp4,120 Hz,1/60,蛍光灯あり,58.848 fps,120,60,1,33,ex,B,B,4,,,frame_00000.png,frame_00116.png,QR未検出,117,1.988157
ex_B_4,lockin,0,0,QR未検出,,lockin,binary,,,8.848485,50,8,1,0.649161,,0.649161,frame_00000.png,frame_00116.png,r120_e60_f1.mp4,120 Hz,1/60,蛍光灯あり,58.848 fps,120,60,1,33,ex,B,B,4,,,frame_00000.png,frame_00116.png,QR未検出,117,1.988157
ex_B_4,lockin,0,0,QR未検出,,lockin,binary,,,8.848485,70,8,1,0.649161,,0.649161,frame_00000.png,frame_00116.png,r120_e60_f1.mp4,120 Hz,1/60,蛍光灯あり,58.848 fps,120,60,1,33,ex,B,B,4,,,frame_00000.png,frame_00116.png,QR未検出,117,1.988157
ex_B_4,lockin,0,0,QR未検出,,lockin,binary,,,8.848485,901,8,1,0.608019,,0.608019,frame_00000.png,frame_00116.png,r120_e60_f1.mp4,120 Hz,1/60,蛍光灯あり,58.848 fps,120,60,1,33,ex,B,B,4,,,frame_00000.png,frame_00116.png,QR未検出,117,1.988157
ex_B_4,lockin,0,0,QR未検出,,lockin,binary,,,8.848485,902,8,1,0.589711,,0.589711,frame_00000.png,frame_00116.png,r120_e60_f1.mp4,120 Hz,1/60,蛍光灯あり,58.848 fps,120,60,1,33,ex,B,B,4,,,frame_00000.png,frame_00116.png,QR未検出,117,1.988157
ex_B_4,lockin,0,0,QR未検出,,lockin,binary,,,14.424243,30,8,1,0.649161,,0.649161,frame_00000.png,frame_00116.png,r120_e60_f1.mp4,120 Hz,1/60,蛍光灯あり,58.848 fps,120,60,1,33,ex,B,B,4,,,frame_00000.png,frame_00116.png,QR未検出,117,1.988157
ex_B_4,lockin,0,0,QR未検出,,lockin,binary,,,14.424243,50,8,1,0.649161,,0.649161,frame_00000.png,frame_00116.png,r120_e60_f1.mp4,120 Hz,1/60,蛍光灯あり,58.848 fps,120,60,1,33,ex,B,B,4,,,frame_00000.png,frame_00116.png,QR未検出,117,1.988157
ex_B_4,lockin,0,0,QR未検出,,lockin,binary,,,14.424243,70,8,1,0.649161,,0.649161,frame_00000.png,frame_00116.png,r120_e60_f1.mp4,120 Hz,1/60,蛍光灯あり,58.848 fps,120,60,1,33,ex,B,B,4,,,frame_00000.png,frame_00116.png,QR未検出,117,1.988157
ex_B_4,lockin,0,0,QR未検出,,lockin,binary,,,14.424243,901,8,1,0.612091,,0.612091,frame_00000.png,frame_00116.png,r120_e60_f1.mp4,120 Hz,1/60,蛍光灯あり,58.848 fps,120,60,1,33,ex,B,B,4,,,frame_00000.png,frame_00116.png,QR未検出,117,1.988157
ex_B_4,lockin,0,0,QR未検出,,lockin,binary,,,14.424243,902,8,1,0.608611,,0.608611,frame_00000.png,frame_00116.png,r120_e60_f1.mp4,120 Hz,1/60,蛍光灯あり,58.848 fps,120,60,1,33,ex,B,B,4,,,frame_00000.png,frame_00116.png,QR未検出,117,1.988157
ex_B_4,lockin,0,0,QR未検出,,lockin,binary,,,27.696970,30,8,1,0.649161,,0.649161,frame_00000.png,frame_00116.png,r120_e60_f1.mp4,120 Hz,1/60,蛍光灯あり,58.848 fps,120,60,1,33,ex,B,B,4,,,frame_00000.png,frame_00116.png,QR未検出,117,1.988157
ex_B_4,lockin,0,0,QR未検出,,lockin,binary,,,27.696970,50,8,1,0.649161,,0.649161,frame_00000.png,frame_00116.png,r120_e60_f1.mp4,120 Hz,1/60,蛍光灯あり,58.848 fps,120,60,1,33,ex,B,B,4,,,frame_00000.png,frame_00116.png,QR未検出,117,1.988157
ex_B_4,lockin,0,0,QR未検出,,lockin,binary,,,27.696970,70,8,1,0.649161,,0.649161,frame_00000.png,frame_00116.png,r120_e60_f1.mp4,120 Hz,1/60,蛍光灯あり,58.848 fps,120,60,1,33,ex,B,B,4,,,frame_00000.png,frame_00116.png,QR未検出,117,1.988157
ex_B_4,lockin,0,0,QR未検出,,lockin,binary,,,27.696970,901,8,1,0.623086,,0.623086,frame_00000.png,frame_00116.png,r120_e60_f1.mp4,120 Hz,1/60,蛍光灯あり,58.848 fps,120,60,1,33,ex,B,B,4,,,frame_00000.png,frame_00116.png,QR未検出,117,1.988157
ex_B_4,lockin,0,0,QR未検出,,lockin,binary,,,27.696970,902,8,1,0.632704,,0.632704,frame_00000.png,frame_00116.png,r120_e60_f1.mp4,120 Hz,1/60,蛍光灯あり,58.848 fps,120,60,1,33,ex,B,B,4,,,frame_00000.png,frame_00116.png,QR未検出,117,1.988157
ex_B_4,lockin,0,0,QR未検出,,lockin,binary,,,28.848485,30,8,1,0.649074,,0.649074,frame_00000.png,frame_00116.png,r120_e60_f1.mp4,120 Hz,1/60,蛍光灯あり,58.848 fps,120,60,1,33,ex,B,B,4,,,frame_00000.png,frame_00116.png,QR未検出,117,1.988157
ex_B_4,lockin,0,0,QR未検出,,lockin,binary,,,28.848485,50,8,1,0.649084,,0.649084,frame_00000.png,frame_00116.png,r120_e60_f1.mp4,120 Hz,1/60,蛍光灯あり,58.848 fps,120,60,1,33,ex,B,B,4,,,frame_00000.png,frame_00116.png,QR未検出,117,1.988157
ex_B_4,lockin,0,0,QR未検出,,lockin,binary,,,28.848485,70,8,1,0.649161,,0.649161,frame_00000.png,frame_00116.png,r120_e60_f1.mp4,120 Hz,1/60,蛍光灯あり,58.848 fps,120,60,1,33,ex,B,B,4,,,frame_00000.png,frame_00116.png,QR未検出,117,1.988157
ex_B_4,lockin,0,0,QR未検出,,lockin,binary,,,28.848485,901,8,1,0.623842,,0.623842,frame_00000.png,frame_00116.png,r120_e60_f1.mp4,120 Hz,1/60,蛍光灯あり,58.848 fps,120,60,1,33,ex,B,B,4,,,frame_00000.png,frame_00116.png,QR未検出,117,1.988157
ex_B_4,lockin,0,0,QR未検出,,lockin,binary,,,28.848485,902,8,1,0.564080,,0.564080,frame_00000.png,frame_00116.png,r120_e60_f1.mp4,120 Hz,1/60,蛍光灯あり,58.848 fps,120,60,1,33,ex,B,B,4,,,frame_00000.png,frame_00116.png,QR未検出,117,1.988157
ex_B_8,lockin,0,0,QR未検出,,lockin,binary,,,8.848485,30,8,1,0.649056,,0.649056,frame_00000.png,frame_00116.png,r120_e60_f1.mp4,120 Hz,1/60,蛍光灯あり,58.848 fps,120,60,1,34,ex,B,B,8,,,frame_00000.png,frame_00116.png,QR未検出,117,1.988157
ex_B_8,lockin,0,0,QR未検出,,lockin,binary,,,8.848485,50,8,1,0.649161,,0.649161,frame_00000.png,frame_00116.png,r120_e60_f1.mp4,120 Hz,1/60,蛍光灯あり,58.848 fps,120,60,1,34,ex,B,B,8,,,frame_00000.png,frame_00116.png,QR未検出,117,1.988157
ex_B_8,lockin,0,0,QR未検出,,lockin,binary,,,8.848485,70,8,1,0.649161,,0.649161,frame_00000.png,frame_00116.png,r120_e60_f1.mp4,120 Hz,1/60,蛍光灯あり,58.848 fps,120,60,1,34,ex,B,B,8,,,frame_00000.png,frame_00116.png,QR未検出,117,1.988157
ex_B_8,lockin,0,0,QR未検出,,lockin,binary,,,8.848485,901,8,1,0.605530,,0.605530,frame_00000.png,frame_00116.png,r120_e60_f1.mp4,120 Hz,1/60,蛍光灯あり,58.848 fps,120,60,1,34,ex,B,B,8,,,frame_00000.png,frame_00116.png,QR未検出,117,1.988157
ex_B_8,lockin,0,0,QR未検出,,lockin,binary,,,8.848485,902,8,1,0.537779,,0.537779,frame_00000.png,frame_00116.png,r120_e60_f1.mp4,120 Hz,1/60,蛍光灯あり,58.848 fps,120,60,1,34,ex,B,B,8,,,frame_00000.png,frame_00116.png,QR未検出,117,1.988157
ex_B_8,lockin,1,0,QR未検出,,lockin,binary,,,14.424243,30,8,1,0.649268,,0.649268,frame_00000.png,frame_00116.png,r120_e60_f1.mp4,120 Hz,1/60,蛍光灯あり,58.848 fps,120,60,1,34,ex,B,B,8,,,frame_00000.png,frame_00116.png,QR未検出,117,1.988157
ex_B_8,lockin,0,0,QR未検出,,lockin,binary,,,14.424243,50,8,1,0.649161,,0.649161,frame_00000.png,frame_00116.png,r120_e60_f1.mp4,120 Hz,1/60,蛍光灯あり,58.848 fps,120,60,1,34,ex,B,B,8,,,frame_00000.png,frame_00116.png,QR未検出,117,1.988157
ex_B_8,lockin,0,0,QR未検出,,lockin,binary,,,14.424243,70,8,1,0.649161,,0.649161,frame_00000.png,frame_00116.png,r120_e60_f1.mp4,120 Hz,1/60,蛍光灯あり,58.848 fps,120,60,1,34,ex,B,B,8,,,frame_00000.png,frame_00116.png,QR未検出,117,1.988157
ex_B_8,lockin,0,0,QR未検出,,lockin,binary,,,14.424243,901,8,1,0.610177,,0.610177,frame_00000.png,frame_00116.png,r120_e60_f1.mp4,120 Hz,1/60,蛍光灯あり,58.848 fps,120,60,1,34,ex,B,B,8,,,frame_00000.png,frame_00116.png,QR未検出,117,1.988157
ex_B_8,lockin,0,0,QR未検出,,lockin,binary,,,14.424243,902,8,1,0.580352,,0.580352,frame_00000.png,frame_00116.png,r120_e60_f1.mp4,120 Hz,1/60,蛍光灯あり,58.848 fps,120,60,1,34,ex,B,B,8,,,frame_00000.png,frame_00116.png,QR未検出,117,1.988157
ex_B_8,lockin,0,0,QR未検出,,lockin,binary,,,27.696970,30,8,1,0.649161,,0.649161,frame_00000.png,frame_00116.png,r120_e60_f1.mp4,120 Hz,1/60,蛍光灯あり,58.848 fps,120,60,1,34,ex,B,B,8,,,frame_00000.png,frame_00116.png,QR未検出,117,1.988157
ex_B_8,lockin,0,0,QR未検出,,lockin,binary,,,27.696970,50,8,1,0.649161,,0.649161,frame_00000.png,frame_00116.png,r120_e60_f1.mp4,120 Hz,1/60,蛍光灯あり,58.848 fps,120,60,1,34,ex,B,B,8,,,frame_00000.png,frame_00116.png,QR未検出,117,1.988157
ex_B_8,lockin,0,0,QR未検出,,lockin,binary,,,27.696970,70,8,1,0.649161,,0.649161,frame_00000.png,frame_00116.png,r120_e60_f1.mp4,120 Hz,1/60,蛍光灯あり,58.848 fps,120,60,1,34,ex,B,B,8,,,frame_00000.png,frame_00116.png,QR未検出,117,1.988157
ex_B_8,lockin,0,0,QR未検出,,lockin,binary,,,27.696970,901,8,1,0.625257,,0.625257,frame_00000.png,frame_00116.png,r120_e60_f1.mp4,120 Hz,1/60,蛍光灯あり,58.848 fps,120,60,1,34,ex,B,B,8,,,frame_00000.png,frame_00116.png,QR未検出,117,1.988157
ex_B_8,lockin,0,0,QR未検出,,lockin,binary,,,27.696970,902,8,1,0.646300,,0.646300,frame_00000.png,frame_00116.png,r120_e60_f1.mp4,120 Hz,1/60,蛍光灯あり,58.848 fps,120,60,1,34,ex,B,B,8,,,frame_00000.png,frame_00116.png,QR未検出,117,1.988157
ex_B_8,lockin,0,0,QR未検出,,lockin,binary,,,28.848485,30,8,1,0.649161,,0.649161,frame_00000.png,frame_00116.png,r120_e60_f1.mp4,120 Hz,1/60,蛍光灯あり,58.848 fps,120,60,1,34,ex,B,B,8,,,frame_00000.png,frame_00116.png,QR未検出,117,1.988157
ex_B_8,lockin,0,0,QR未検出,,lockin,binary,,,28.848485,50,8,1,0.649161,,0.649161,frame_00000.png,frame_00116.png,r120_e60_f1.mp4,120 Hz,1/60,蛍光灯あり,58.848 fps,120,60,1,34,ex,B,B,8,,,frame_00000.png,frame_00116.png,QR未検出,117,1.988157
ex_B_8,lockin,0,0,QR未検出,,lockin,binary,,,28.848485,70,8,1,0.649161,,0.649161,frame_00000.png,frame_00116.png,r120_e60_f1.mp4,120 Hz,1/60,蛍光灯あり,58.848 fps,120,60,1,34,ex,B,B,8,,,frame_00000.png,frame_00116.png,QR未検出,117,1.988157
ex_B_8,lockin,0,0,QR未検出,,lockin,binary,,,28.848485,901,8,1,0.610443,,0.610443,frame_00000.png,frame_00116.png,r120_e60_f1.mp4,120 Hz,1/60,蛍光灯あり,58.848 fps,120,60,1,34,ex,B,B,8,,,frame_00000.png,frame_00116.png,QR未検出,117,1.988157
ex_B_8,lockin,0,0,QR未検出,,lockin,binary,,,28.848485,902,8,1,0.639921,,0.639921,frame_00000.png,frame_00116.png,r120_e60_f1.mp4,120 Hz,1/60,蛍光灯あり,58.848 fps,120,60,1,34,ex,B,B,8,,,frame_00000.png,frame_00116.png,QR未検出,117,1.988157
ex_G_12,lockin,0,0,QR未検出,,lockin,binary,,,8.848485,30,8,1,0.648995,,0.648995,frame_00000.png,frame_00116.png,r120_e60_f1.mp4,120 Hz,1/60,蛍光灯あり,58.848 fps,120,60,1,23,ex,G,G,12,,,frame_00000.png,frame_00116.png,QR未検出,117,1.988157
ex_G_12,lockin,1,0,QR未検出,,lockin,binary,,,8.848485,50,8,1,0.649177,,0.649177,frame_00000.png,frame_00116.png,r120_e60_f1.mp4,120 Hz,1/60,蛍光灯あり,58.848 fps,120,60,1,23,ex,G,G,12,,,frame_00000.png,frame_00116.png,QR未検出,117,1.988157
ex_G_12,lockin,0,0,QR未検出,,lockin,binary,,,8.848485,70,8,1,0.649161,,0.649161,frame_00000.png,frame_00116.png,r120_e60_f1.mp4,120 Hz,1/60,蛍光灯あり,58.848 fps,120,60,1,23,ex,G,G,12,,,frame_00000.png,frame_00116.png,QR未検出,117,1.988157
ex_G_12,lockin,0,0,QR未検出,,lockin,binary,,,8.848485,901,8,1,0.613573,,0.613573,frame_00000.png,frame_00116.png,r120_e60_f1.mp4,120 Hz,1/60,蛍光灯あり,58.848 fps,120,60,1,23,ex,G,G,12,,,frame_00000.png,frame_00116.png,QR未検出,117,1.988157
ex_G_12,lockin,0,0,QR未検出,,lockin,binary,,,8.848485,902,8,1,0.532883,,0.532883,frame_00000.png,frame_00116.png,r120_e60_f1.mp4,120 Hz,1/60,蛍光灯あり,58.848 fps,120,60,1,23,ex,G,G,12,,,frame_00000.png,frame_00116.png,QR未検出,117,1.988157
ex_G_12,lockin,0,0,QR未検出,,lockin,binary,,,14.424243,30,8,1,0.649037,,0.649037,frame_00000.png,frame_00116.png,r120_e60_f1.mp4,120 Hz,1/60,蛍光灯あり,58.848 fps,120,60,1,23,ex,G,G,12,,,frame_00000.png,frame_00116.png,QR未検出,117,1.988157
ex_G_12,lockin,0,0,QR未検出,,lockin,binary,,,14.424243,50,8,1,0.649161,,0.649161,frame_00000.png,frame_00116.png,r120_e60_f1.mp4,120 Hz,1/60,蛍光灯あり,58.848 fps,120,60,1,23,ex,G,G,12,,,frame_00000.png,frame_00116.png,QR未検出,117,1.988157
ex_G_12,lockin,0,0,QR未検出,,lockin,binary,,,14.424243,70,8,1,0.649161,,0.649161,frame_00000.png,frame_00116.png,r120_e60_f1.mp4,120 Hz,1/60,蛍光灯あり,58.848 fps,120,60,1,23,ex,G,G,12,,,frame_00000.png,frame_00116.png,QR未検出,117,1.988157
ex_G_12,lockin,0,0,QR未検出,,lockin,binary,,,14.424243,901,8,1,0.619261,,0.619261,frame_00000.png,frame_00116.png,r120_e60_f1.mp4,120 Hz,1/60,蛍光灯あり,58.848 fps,120,60,1,23,ex,G,G,12,,,frame_00000.png,frame_00116.png,QR未検出,117,1.988157
ex_G_12,lockin,0,0,QR未検出,,lockin,binary,,,14.424243,902,8,1,0.570764,,0.570764,frame_00000.png,frame_00116.png,r120_e60_f1.mp4,120 Hz,1/60,蛍光灯あり,58.848 fps,120,60,1,23,ex,G,G,12,,,frame_00000.png,frame_00116.png,QR未検出,117,1.988157
ex_G_12,lockin,0,0,QR未検出,,lockin,binary,,,27.696970,30,8,1,0.648619,,0.648619,frame_00000.png,frame_00116.png,r120_e60_f1.mp4,120 Hz,1/60,蛍光灯あり,58.848 fps,120,60,1,23,ex,G,G,12,,,frame_00000.png,frame_00116.png,QR未検出,117,1.988157
ex_G_12,lockin,0,0,QR未検出,,lockin,binary,,,27.696970,50,8,1,0.649039,,0.649039,frame_00000.png,frame_00116.png,r120_e60_f1.mp4,120 Hz,1/60,蛍光灯あり,58.848 fps,120,60,1,23,ex,G,G,12,,,frame_00000.png,frame_00116.png,QR未検出,117,1.988157
ex_G_12,lockin,0,0,QR未検出,,lockin,binary,,,27.696970,70,8,1,0.649107,,0.649107,frame_00000.png,frame_00116.png,r120_e60_f1.mp4,120 Hz,1/60,蛍光灯あり,58.848 fps,120,60,1,23,ex,G,G,12,,,frame_00000.png,frame_00116.png,QR未検出,117,1.988157
ex_G_12,lockin,0,0,QR未検出,,lockin,binary,,,27.696970,901,8,1,0.627876,,0.627876,frame_00000.png,frame_00116.png,r120_e60_f1.mp4,120 Hz,1/60,蛍光灯あり,58.848 fps,120,60,1,23,ex,G,G,12,,,frame_00000.png,frame_00116.png,QR未検出,117,1.988157
ex_G_12,lockin,0,0,QR未検出,,lockin,binary,,,27.696970,902,8,1,0.548473,,0.548473,frame_00000.png,frame_00116.png,r120_e60_f1.mp4,120 Hz,1/60,蛍光灯あり,58.848 fps,120,60,1,23,ex,G,G,12,,,frame_00000.png,frame_00116.png,QR未検出,117,1.988157
ex_G_12,lockin,0,0,QR未検出,,lockin,binary,,,28.848485,30,8,1,0.649161,,0.649161,frame_00000.png,frame_00116.png,r120_e60_f1.mp4,120 Hz,1/60,蛍光灯あり,58.848 fps,120,60,1,23,ex,G,G,12,,,frame_00000.png,frame_00116.png,QR未検出,117,1.988157
ex_G_12,lockin,0,0,QR未検出,,lockin,binary,,,28.848485,50,8,1,0.649161,,0.649161,frame_00000.png,frame_00116.png,r120_e60_f1.mp4,120 Hz,1/60,蛍光灯あり,58.848 fps,120,60,1,23,ex,G,G,12,,,frame_00000.png,frame_00116.png,QR未検出,117,1.988157
ex_G_12,lockin,0,0,QR未検出,,lockin,binary,,,28.848485,70,8,1,0.649161,,0.649161,frame_00000.png,frame_00116.png,r120_e60_f1.mp4,120 Hz,1/60,蛍光灯あり,58.848 fps,120,60,1,23,ex,G,G,12,,,frame_00000.png,frame_00116.png,QR未検出,117,1.988157
ex_G_12,lockin,0,0,QR未検出,,lockin,binary,,,28.848485,901,8,1,0.623913,,0.623913,frame_00000.png,frame_00116.png,r120_e60_f1.mp4,120 Hz,1/60,蛍光灯あり,58.848 fps,120,60,1,23,ex,G,G,12,,,frame_00000.png,frame_00116.png,QR未検出,117,1.988157
ex_G_12,lockin,0,0,QR未検出,,lockin,binary,,,28.848485,902,8,1,0.638555,,0.638555,frame_00000.png,frame_00116.png,r120_e60_f1.mp4,120 Hz,1/60,蛍光灯あり,58.848 fps,120,60,1,23,ex,G,G,12,,,frame_00000.png,frame_00116.png,QR未検出,117,1.988157
ex_G_4,lockin,0,0,QR未検出,,lockin,binary,,,8.848485,30,8,1,0.648949,,0.648949,frame_00000.png,frame_00116.png,r120_e60_f1.mp4,120 Hz,1/60,蛍光灯あり,58.848 fps,120,60,1,21,ex,G,G,4,,,frame_00000.png,frame_00116.png,QR未検出,117,1.988157
ex_G_4,lockin,0,0,QR未検出,,lockin,binary,,,8.848485,50,8,1,0.649161,,0.649161,frame_00000.png,frame_00116.png,r120_e60_f1.mp4,120 Hz,1/60,蛍光灯あり,58.848 fps,120,60,1,21,ex,G,G,4,,,frame_00000.png,frame_00116.png,QR未検出,117,1.988157
ex_G_4,lockin,0,0,QR未検出,,lockin,binary,,,8.848485,70,8,1,0.649161,,0.649161,frame_00000.png,frame_00116.png,r120_e60_f1.mp4,120 Hz,1/60,蛍光灯あり,58.848 fps,120,60,1,21,ex,G,G,4,,,frame_00000.png,frame_00116.png,QR未検出,117,1.988157
ex_G_4,lockin,0,0,QR未検出,,lockin,binary,,,8.848485,901,8,1,0.609592,,0.609592,frame_00000.png,frame_00116.png,r120_e60_f1.mp4,120 Hz,1/60,蛍光灯あり,58.848 fps,120,60,1,21,ex,G,G,4,,,frame_00000.png,frame_00116.png,QR未検出,117,1.988157
ex_G_4,lockin,0,0,QR未検出,,lockin,binary,,,8.848485,902,8,1,0.536673,,0.536673,frame_00000.png,frame_00116.png,r120_e60_f1.mp4,120 Hz,1/60,蛍光灯あり,58.848 fps,120,60,1,21,ex,G,G,4,,,frame_00000.png,frame_00116.png,QR未検出,117,1.988157
ex_G_4,lockin,0,0,QR未検出,,lockin,binary,,,14.424243,30,8,1,0.649161,,0.649161,frame_00000.png,frame_00116.png,r120_e60_f1.mp4,120 Hz,1/60,蛍光灯あり,58.848 fps,120,60,1,21,ex,G,G,4,,,frame_00000.png,frame_00116.png,QR未検出,117,1.988157
ex_G_4,lockin,0,0,QR未検出,,lockin,binary,,,14.424243,50,8,1,0.649131,,0.649131,frame_00000.png,frame_00116.png,r120_e60_f1.mp4,120 Hz,1/60,蛍光灯あり,58.848 fps,120,60,1,21,ex,G,G,4,,,frame_00000.png,frame_00116.png,QR未検出,117,1.988157
ex_G_4,lockin,0,0,QR未検出,,lockin,binary,,,14.424243,70,8,1,0.649161,,0.649161,frame_00000.png,frame_00116.png,r120_e60_f1.mp4,120 Hz,1/60,蛍光灯あり,58.848 fps,120,60,1,21,ex,G,G,4,,,frame_00000.png,frame_00116.png,QR未検出,117,1.988157
ex_G_4,lockin,0,0,QR未検出,,lockin,binary,,,14.424243,901,8,1,0.615650,,0.615650,frame_00000.png,frame_00116.png,r120_e60_f1.mp4,120 Hz,1/60,蛍光灯あり,58.848 fps,120,60,1,21,ex,G,G,4,,,frame_00000.png,frame_00116.png,QR未検出,117,1.988157
ex_G_4,lockin,0,0,QR未検出,,lockin,binary,,,14.424243,902,8,1,0.555409,,0.555409,frame_00000.png,frame_00116.png,r120_e60_f1.mp4,120 Hz,1/60,蛍光灯あり,58.848 fps,120,60,1,21,ex,G,G,4,,,frame_00000.png,frame_00116.png,QR未検出,117,1.988157
ex_G_4,lockin,1,0,QR未検出,,lockin,binary,,,27.696970,30,8,1,0.649236,,0.649236,frame_00000.png,frame_00116.png,r120_e60_f1.mp4,120 Hz,1/60,蛍光灯あり,58.848 fps,120,60,1,21,ex,G,G,4,,,frame_00000.png,frame_00116.png,QR未検出,117,1.988157
ex_G_4,lockin,0,0,QR未検出,,lockin,binary,,,27.696970,50,8,1,0.649161,,0.649161,frame_00000.png,frame_00116.png,r120_e60_f1.mp4,120 Hz,1/60,蛍光灯あり,58.848 fps,120,60,1,21,ex,G,G,4,,,frame_00000.png,frame_00116.png,QR未検出,117,1.988157
ex_G_4,lockin,0,0,QR未検出,,lockin,binary,,,27.696970,70,8,1,0.649161,,0.649161,frame_00000.png,frame_00116.png,r120_e60_f1.mp4,120 Hz,1/60,蛍光灯あり,58.848 fps,120,60,1,21,ex,G,G,4,,,frame_00000.png,frame_00116.png,QR未検出,117,1.988157
ex_G_4,lockin,0,0,QR未検出,,lockin,binary,,,27.696970,901,8,1,0.618475,,0.618475,frame_00000.png,frame_00116.png,r120_e60_f1.mp4,120 Hz,1/60,蛍光灯あり,58.848 fps,120,60,1,21,ex,G,G,4,,,frame_00000.png,frame_00116.png,QR未検出,117,1.988157
ex_G_4,lockin,0,0,QR未検出,,lockin,binary,,,27.696970,902,8,1,0.610709,,0.610709,frame_00000.png,frame_00116.png,r120_e60_f1.mp4,120 Hz,1/60,蛍光灯あり,58.848 fps,120,60,1,21,ex,G,G,4,,,frame_00000.png,frame_00116.png,QR未検出,117,1.988157
ex_G_4,lockin,0,0,QR未検出,,lockin,binary,,,28.848485,30,8,1,0.649161,,0.649161,frame_00000.png,frame_00116.png,r120_e60_f1.mp4,120 Hz,1/60,蛍光灯あり,58.848 fps,120,60,1,21,ex,G,G,4,,,frame_00000.png,frame_00116.png,QR未検出,117,1.988157
ex_G_4,lockin,0,0,QR未検出,,lockin,binary,,,28.848485,50,8,1,0.649161,,0.649161,frame_00000.png,frame_00116.png,r120_e60_f1.mp4,120 Hz,1/60,蛍光灯あり,58.848 fps,120,60,1,21,ex,G,G,4,,,frame_00000.png,frame_00116.png,QR未検出,117,1.988157
ex_G_4,lockin,0,0,QR未検出,,lockin,binary,,,28.848485,70,8,1,0.649161,,0.649161,frame_00000.png,frame_00116.png,r120_e60_f1.mp4,120 Hz,1/60,蛍光灯あり,58.848 fps,120,60,1,21,ex,G,G,4,,,frame_00000.png,frame_00116.png,QR未検出,117,1.988157
ex_G_4,lockin,0,0,QR未検出,,lockin,binary,,,28.848485,901,8,1,0.625443,,0.625443,frame_00000.png,frame_00116.png,r120_e60_f1.mp4,120 Hz,1/60,蛍光灯あり,58.848 fps,120,60,1,21,ex,G,G,4,,,frame_00000.png,frame_00116.png,QR未検出,117,1.988157
ex_G_4,lockin,0,0,QR未検出,,lockin,binary,,,28.848485,902,8,1,0.617959,,0.617959,frame_00000.png,frame_00116.png,r120_e60_f1.mp4,120 Hz,1/60,蛍光灯あり,58.848 fps,120,60,1,21,ex,G,G,4,,,frame_00000.png,frame_00116.png,QR未検出,117,1.988157
ex_G_8,lockin,0,0,QR未検出,,lockin,binary,,,8.848485,30,8,1,0.649131,,0.649131,frame_00000.png,frame_00116.png,r120_e60_f1.mp4,120 Hz,1/60,蛍光灯あり,58.848 fps,120,60,1,22,ex,G,G,8,,,frame_00000.png,frame_00116.png,QR未検出,117,1.988157
ex_G_8,lockin,1,0,QR未検出,,lockin,binary,,,8.848485,50,8,1,0.649168,,0.649168,frame_00000.png,frame_00116.png,r120_e60_f1.mp4,120 Hz,1/60,蛍光灯あり,58.848 fps,120,60,1,22,ex,G,G,8,,,frame_00000.png,frame_00116.png,QR未検出,117,1.988157
ex_G_8,lockin,0,0,QR未検出,,lockin,binary,,,8.848485,70,8,1,0.649161,,0.649161,frame_00000.png,frame_00116.png,r120_e60_f1.mp4,120 Hz,1/60,蛍光灯あり,58.848 fps,120,60,1,22,ex,G,G,8,,,frame_00000.png,frame_00116.png,QR未検出,117,1.988157
ex_G_8,lockin,0,0,QR未検出,,lockin,binary,,,8.848485,901,8,1,0.612040,,0.612040,frame_00000.png,frame_00116.png,r120_e60_f1.mp4,120 Hz,1/60,蛍光灯あり,58.848 fps,120,60,1,22,ex,G,G,8,,,frame_00000.png,frame_00116.png,QR未検出,117,1.988157
ex_G_8,lockin,0,0,QR未検出,,lockin,binary,,,8.848485,902,8,1,0.521696,,0.521696,frame_00000.png,frame_00116.png,r120_e60_f1.mp4,120 Hz,1/60,蛍光灯あり,58.848 fps,120,60,1,22,ex,G,G,8,,,frame_00000.png,frame_00116.png,QR未検出,117,1.988157
ex_G_8,lockin,0,0,QR未検出,,lockin,binary,,,14.424243,30,8,1,0.648993,,0.648993,frame_00000.png,frame_00116.png,r120_e60_f1.mp4,120 Hz,1/60,蛍光灯あり,58.848 fps,120,60,1,22,ex,G,G,8,,,frame_00000.png,frame_00116.png,QR未検出,117,1.988157
ex_G_8,lockin,0,0,QR未検出,,lockin,binary,,,14.424243,50,8,1,0.649161,,0.649161,frame_00000.png,frame_00116.png,r120_e60_f1.mp4,120 Hz,1/60,蛍光灯あり,58.848 fps,120,60,1,22,ex,G,G,8,,,frame_00000.png,frame_00116.png,QR未検出,117,1.988157
ex_G_8,lockin,0,0,QR未検出,,lockin,binary,,,14.424243,70,8,1,0.649161,,0.649161,frame_00000.png,frame_00116.png,r120_e60_f1.mp4,120 Hz,1/60,蛍光灯あり,58.848 fps,120,60,1,22,ex,G,G,8,,,frame_00000.png,frame_00116.png,QR未検出,117,1.988157
ex_G_8,lockin,0,0,QR未検出,,lockin,binary,,,14.424243,901,8,1,0.622463,,0.622463,frame_00000.png,frame_00116.png,r120_e60_f1.mp4,120 Hz,1/60,蛍光灯あり,58.848 fps,120,60,1,22,ex,G,G,8,,,frame_00000.png,frame_00116.png,QR未検出,117,1.988157
ex_G_8,lockin,0,0,QR未検出,,lockin,binary,,,14.424243,902,8,1,0.590294,,0.590294,frame_00000.png,frame_00116.png,r120_e60_f1.mp4,120 Hz,1/60,蛍光灯あり,58.848 fps,120,60,1,22,ex,G,G,8,,,frame_00000.png,frame_00116.png,QR未検出,117,1.988157
ex_G_8,lockin,0,0,QR未検出,,lockin,binary,,,27.696970,30,8,1,0.649004,,0.649004,frame_00000.png,frame_00116.png,r120_e60_f1.mp4,120 Hz,1/60,蛍光灯あり,58.848 fps,120,60,1,22,ex,G,G,8,,,frame_00000.png,frame_00116.png,QR未検出,117,1.988157
ex_G_8,lockin,0,0,QR未検出,,lockin,binary,,,27.696970,50,8,1,0.649086,,0.649086,frame_00000.png,frame_00116.png,r120_e60_f1.mp4,120 Hz,1/60,蛍光灯あり,58.848 fps,120,60,1,22,ex,G,G,8,,,frame_00000.png,frame_00116.png,QR未検出,117,1.988157
ex_G_8,lockin,0,0,QR未検出,,lockin,binary,,,27.696970,70,8,1,0.649161,,0.649161,frame_00000.png,frame_00116.png,r120_e60_f1.mp4,120 Hz,1/60,蛍光灯あり,58.848 fps,120,60,1,22,ex,G,G,8,,,frame_00000.png,frame_00116.png,QR未検出,117,1.988157
ex_G_8,lockin,0,0,QR未検出,,lockin,binary,,,27.696970,901,8,1,0.621207,,0.621207,frame_00000.png,frame_00116.png,r120_e60_f1.mp4,120 Hz,1/60,蛍光灯あり,58.848 fps,120,60,1,22,ex,G,G,8,,,frame_00000.png,frame_00116.png,QR未検出,117,1.988157
ex_G_8,lockin,0,0,QR未検出,,lockin,binary,,,27.696970,902,8,1,0.593994,,0.593994,frame_00000.png,frame_00116.png,r120_e60_f1.mp4,120 Hz,1/60,蛍光灯あり,58.848 fps,120,60,1,22,ex,G,G,8,,,frame_00000.png,frame_00116.png,QR未検出,117,1.988157
ex_G_8,lockin,0,0,QR未検出,,lockin,binary,,,28.848485,30,8,1,0.649110,,0.649110,frame_00000.png,frame_00116.png,r120_e60_f1.mp4,120 Hz,1/60,蛍光灯あり,58.848 fps,120,60,1,22,ex,G,G,8,,,frame_00000.png,frame_00116.png,QR未検出,117,1.988157
ex_G_8,lockin,0,0,QR未検出,,lockin,binary,,,28.848485,50,8,1,0.649161,,0.649161,frame_00000.png,frame_00116.png,r120_e60_f1.mp4,120 Hz,1/60,蛍光灯あり,58.848 fps,120,60,1,22,ex,G,G,8,,,frame_00000.png,frame_00116.png,QR未検出,117,1.988157
ex_G_8,lockin,0,0,QR未検出,,lockin,binary,,,28.848485,70,8,1,0.649161,,0.649161,frame_00000.png,frame_00116.png,r120_e60_f1.mp4,120 Hz,1/60,蛍光灯あり,58.848 fps,120,60,1,22,ex,G,G,8,,,frame_00000.png,frame_00116.png,QR未検出,117,1.988157
ex_G_8,lockin,0,0,QR未検出,,lockin,binary,,,28.848485,901,8,1,0.623674,,0.623674,frame_00000.png,frame_00116.png,r120_e60_f1.mp4,120 Hz,1/60,蛍光灯あり,58.848 fps,120,60,1,22,ex,G,G,8,,,frame_00000.png,frame_00116.png,QR未検出,117,1.988157
ex_G_8,lockin,0,0,QR未検出,,lockin,binary,,,28.848485,902,8,1,0.623341,,0.623341,frame_00000.png,frame_00116.png,r120_e60_f1.mp4,120 Hz,1/60,蛍光灯あり,58.848 fps,120,60,1,22,ex,G,G,8,,,frame_00000.png,frame_00116.png,QR未検出,117,1.988157
ex_I_12,lockin,0,0,QR未検出,,lockin,binary,,,8.848485,30,8,1,0.648963,,0.648963,frame_00000.png,frame_00116.png,r120_e60_f1.mp4,120 Hz,1/60,蛍光灯あり,58.848 fps,120,60,1,47,ex,min,I,12,,,frame_00000.png,frame_00116.png,QR未検出,117,1.988157
ex_I_12,lockin,1,0,QR未検出,,lockin,binary,,,8.848485,50,8,1,0.649161,,0.649161,frame_00000.png,frame_00116.png,r120_e60_f1.mp4,120 Hz,1/60,蛍光灯あり,58.848 fps,120,60,1,47,ex,min,I,12,,,frame_00000.png,frame_00116.png,QR未検出,117,1.988157
ex_I_12,lockin,0,0,QR未検出,,lockin,binary,,,8.848485,70,8,1,0.649161,,0.649161,frame_00000.png,frame_00116.png,r120_e60_f1.mp4,120 Hz,1/60,蛍光灯あり,58.848 fps,120,60,1,47,ex,min,I,12,,,frame_00000.png,frame_00116.png,QR未検出,117,1.988157
ex_I_12,lockin,0,0,QR未検出,,lockin,binary,,,8.848485,901,8,1,0.610273,,0.610273,frame_00000.png,frame_00116.png,r120_e60_f1.mp4,120 Hz,1/60,蛍光灯あり,58.848 fps,120,60,1,47,ex,min,I,12,,,frame_00000.png,frame_00116.png,QR未検出,117,1.988157
ex_I_12,lockin,0,0,QR未検出,,lockin,binary,,,8.848485,902,8,1,0.545624,,0.545624,frame_00000.png,frame_00116.png,r120_e60_f1.mp4,120 Hz,1/60,蛍光灯あり,58.848 fps,120,60,1,47,ex,min,I,12,,,frame_00000.png,frame_00116.png,QR未検出,117,1.988157
ex_I_12,lockin,0,0,QR未検出,,lockin,binary,,,14.424243,30,8,1,0.648925,,0.648925,frame_00000.png,frame_00116.png,r120_e60_f1.mp4,120 Hz,1/60,蛍光灯あり,58.848 fps,120,60,1,47,ex,min,I,12,,,frame_00000.png,frame_00116.png,QR未検出,117,1.988157
ex_I_12,lockin,0,0,QR未検出,,lockin,binary,,,14.424243,50,8,1,0.649133,,0.649133,frame_00000.png,frame_00116.png,r120_e60_f1.mp4,120 Hz,1/60,蛍光灯あり,58.848 fps,120,60,1,47,ex,min,I,12,,,frame_00000.png,frame_00116.png,QR未検出,117,1.988157
ex_I_12,lockin,0,0,QR未検出,,lockin,binary,,,14.424243,70,8,1,0.649161,,0.649161,frame_00000.png,frame_00116.png,r120_e60_f1.mp4,120 Hz,1/60,蛍光灯あり,58.848 fps,120,60,1,47,ex,min,I,12,,,frame_00000.png,frame_00116.png,QR未検出,117,1.988157
ex_I_12,lockin,0,0,QR未検出,,lockin,binary,,,14.424243,901,8,1,0.620640,,0.620640,frame_00000.png,frame_00116.png,r120_e60_f1.mp4,120 Hz,1/60,蛍光灯あり,58.848 fps,120,60,1,47,ex,min,I,12,,,frame_00000.png,frame_00116.png,QR未検出,117,1.988157
ex_I_12,lockin,0,0,QR未検出,,lockin,binary,,,14.424243,902,8,1,0.570459,,0.570459,frame_00000.png,frame_00116.png,r120_e60_f1.mp4,120 Hz,1/60,蛍光灯あり,58.848 fps,120,60,1,47,ex,min,I,12,,,frame_00000.png,frame_00116.png,QR未検出,117,1.988157
ex_I_12,lockin,0,0,QR未検出,,lockin,binary,,,27.696970,30,8,1,0.648895,,0.648895,frame_00000.png,frame_00116.png,r120_e60_f1.mp4,120 Hz,1/60,蛍光灯あり,58.848 fps,120,60,1,47,ex,min,I,12,,,frame_00000.png,frame_00116.png,QR未検出,117,1.988157
ex_I_12,lockin,0,0,QR未検出,,lockin,binary,,,27.696970,50,8,1,0.649152,,0.649152,frame_00000.png,frame_00116.png,r120_e60_f1.mp4,120 Hz,1/60,蛍光灯あり,58.848 fps,120,60,1,47,ex,min,I,12,,,frame_00000.png,frame_00116.png,QR未検出,117,1.988157
ex_I_12,lockin,0,0,QR未検出,,lockin,binary,,,27.696970,70,8,1,0.649161,,0.649161,frame_00000.png,frame_00116.png,r120_e60_f1.mp4,120 Hz,1/60,蛍光灯あり,58.848 fps,120,60,1,47,ex,min,I,12,,,frame_00000.png,frame_00116.png,QR未検出,117,1.988157
ex_I_12,lockin,0,0,QR未検出,,lockin,binary,,,27.696970,901,8,1,0.615202,,0.615202,frame_00000.png,frame_00116.png,r120_e60_f1.mp4,120 Hz,1/60,蛍光灯あり,58.848 fps,120,60,1,47,ex,min,I,12,,,frame_00000.png,frame_00116.png,QR未検出,117,1.988157
ex_I_12,lockin,0,0,QR未検出,,lockin,binary,,,27.696970,902,8,1,0.616271,,0.616271,frame_00000.png,frame_00116.png,r120_e60_f1.mp4,120 Hz,1/60,蛍光灯あり,58.848 fps,120,60,1,47,ex,min,I,12,,,frame_00000.png,frame_00116.png,QR未検出,117,1.988157
ex_I_12,lockin,0,0,QR未検出,,lockin,binary,,,28.848485,30,8,1,0.648969,,0.648969,frame_00000.png,frame_00116.png,r120_e60_f1.mp4,120 Hz,1/60,蛍光灯あり,58.848 fps,120,60,1,47,ex,min,I,12,,,frame_00000.png,frame_00116.png,QR未検出,117,1.988157
ex_I_12,lockin,0,0,QR未検出,,lockin,binary,,,28.848485,50,8,1,0.649138,,0.649138,frame_00000.png,frame_00116.png,r120_e60_f1.mp4,120 Hz,1/60,蛍光灯あり,58.848 fps,120,60,1,47,ex,min,I,12,,,frame_00000.png,frame_00116.png,QR未検出,117,1.988157
ex_I_12,lockin,0,0,QR未検出,,lockin,binary,,,28.848485,70,8,1,0.649161,,0.649161,frame_00000.png,frame_00116.png,r120_e60_f1.mp4,120 Hz,1/60,蛍光灯あり,58.848 fps,120,60,1,47,ex,min,I,12,,,frame_00000.png,frame_00116.png,QR未検出,117,1.988157
ex_I_12,lockin,0,0,QR未検出,,lockin,binary,,,28.848485,901,8,1,0.618381,,0.618381,frame_00000.png,frame_00116.png,r120_e60_f1.mp4,120 Hz,1/60,蛍光灯あり,58.848 fps,120,60,1,47,ex,min,I,12,,,frame_00000.png,frame_00116.png,QR未検出,117,1.988157
ex_I_12,lockin,0,0,QR未検出,,lockin,binary,,,28.848485,902,8,1,0.618106,,0.618106,frame_00000.png,frame_00116.png,r120_e60_f1.mp4,120 Hz,1/60,蛍光灯あり,58.848 fps,120,60,1,47,ex,min,I,12,,,frame_00000.png,frame_00116.png,QR未検出,117,1.988157
ex_I_4,lockin,1,0,QR未検出,,lockin,binary,,,8.848485,30,8,1,0.649161,,0.649161,frame_00000.png,frame_00116.png,r120_e60_f1.mp4,120 Hz,1/60,蛍光灯あり,58.848 fps,120,60,1,45,ex,min,I,4,,,frame_00000.png,frame_00116.png,QR未検出,117,1.988157
ex_I_4,lockin,0,0,QR未検出,,lockin,binary,,,8.848485,50,8,1,0.649161,,0.649161,frame_00000.png,frame_00116.png,r120_e60_f1.mp4,120 Hz,1/60,蛍光灯あり,58.848 fps,120,60,1,45,ex,min,I,4,,,frame_00000.png,frame_00116.png,QR未検出,117,1.988157
ex_I_4,lockin,0,0,QR未検出,,lockin,binary,,,8.848485,70,8,1,0.649161,,0.649161,frame_00000.png,frame_00116.png,r120_e60_f1.mp4,120 Hz,1/60,蛍光灯あり,58.848 fps,120,60,1,45,ex,min,I,4,,,frame_00000.png,frame_00116.png,QR未検出,117,1.988157
ex_I_4,lockin,0,0,QR未検出,,lockin,binary,,,8.848485,901,8,1,0.603803,,0.603803,frame_00000.png,frame_00116.png,r120_e60_f1.mp4,120 Hz,1/60,蛍光灯あり,58.848 fps,120,60,1,45,ex,min,I,4,,,frame_00000.png,frame_00116.png,QR未検出,117,1.988157
ex_I_4,lockin,0,0,QR未検出,,lockin,binary,,,8.848485,902,8,1,0.581916,,0.581916,frame_00000.png,frame_00116.png,r120_e60_f1.mp4,120 Hz,1/60,蛍光灯あり,58.848 fps,120,60,1,45,ex,min,I,4,,,frame_00000.png,frame_00116.png,QR未検出,117,1.988157
ex_I_4,lockin,0,0,QR未検出,,lockin,binary,,,14.424243,30,8,1,0.649074,,0.649074,frame_00000.png,frame_00116.png,r120_e60_f1.mp4,120 Hz,1/60,蛍光灯あり,58.848 fps,120,60,1,45,ex,min,I,4,,,frame_00000.png,frame_00116.png,QR未検出,117,1.988157
ex_I_4,lockin,0,0,QR未検出,,lockin,binary,,,14.424243,50,8,1,0.649084,,0.649084,frame_00000.png,frame_00116.png,r120_e60_f1.mp4,120 Hz,1/60,蛍光灯あり,58.848 fps,120,60,1,45,ex,min,I,4,,,frame_00000.png,frame_00116.png,QR未検出,117,1.988157
ex_I_4,lockin,0,0,QR未検出,,lockin,binary,,,14.424243,70,8,1,0.649084,,0.649084,frame_00000.png,frame_00116.png,r120_e60_f1.mp4,120 Hz,1/60,蛍光灯あり,58.848 fps,120,60,1,45,ex,min,I,4,,,frame_00000.png,frame_00116.png,QR未検出,117,1.988157
ex_I_4,lockin,0,0,QR未検出,,lockin,binary,,,14.424243,901,8,1,0.603129,,0.603129,frame_00000.png,frame_00116.png,r120_e60_f1.mp4,120 Hz,1/60,蛍光灯あり,58.848 fps,120,60,1,45,ex,min,I,4,,,frame_00000.png,frame_00116.png,QR未検出,117,1.988157
ex_I_4,lockin,0,0,QR未検出,,lockin,binary,,,14.424243,902,8,1,0.583823,,0.583823,frame_00000.png,frame_00116.png,r120_e60_f1.mp4,120 Hz,1/60,蛍光灯あり,58.848 fps,120,60,1,45,ex,min,I,4,,,frame_00000.png,frame_00116.png,QR未検出,117,1.988157
ex_I_4,lockin,0,0,QR未検出,,lockin,binary,,,27.696970,30,8,1,0.649161,,0.649161,frame_00000.png,frame_00116.png,r120_e60_f1.mp4,120 Hz,1/60,蛍光灯あり,58.848 fps,120,60,1,45,ex,min,I,4,,,frame_00000.png,frame_00116.png,QR未検出,117,1.988157
ex_I_4,lockin,0,0,QR未検出,,lockin,binary,,,27.696970,50,8,1,0.649161,,0.649161,frame_00000.png,frame_00116.png,r120_e60_f1.mp4,120 Hz,1/60,蛍光灯あり,58.848 fps,120,60,1,45,ex,min,I,4,,,frame_00000.png,frame_00116.png,QR未検出,117,1.988157
ex_I_4,lockin,0,0,QR未検出,,lockin,binary,,,27.696970,70,8,1,0.649161,,0.649161,frame_00000.png,frame_00116.png,r120_e60_f1.mp4,120 Hz,1/60,蛍光灯あり,58.848 fps,120,60,1,45,ex,min,I,4,,,frame_00000.png,frame_00116.png,QR未検出,117,1.988157
ex_I_4,lockin,0,0,QR未検出,,lockin,binary,,,27.696970,901,8,1,0.608058,,0.608058,frame_00000.png,frame_00116.png,r120_e60_f1.mp4,120 Hz,1/60,蛍光灯あり,58.848 fps,120,60,1,45,ex,min,I,4,,,frame_00000.png,frame_00116.png,QR未検出,117,1.988157
ex_I_4,lockin,0,0,QR未検出,,lockin,binary,,,27.696970,902,8,1,0.603937,,0.603937,frame_00000.png,frame_00116.png,r120_e60_f1.mp4,120 Hz,1/60,蛍光灯あり,58.848 fps,120,60,1,45,ex,min,I,4,,,frame_00000.png,frame_00116.png,QR未検出,117,1.988157
ex_I_4,lockin,0,0,QR未検出,,lockin,binary,,,28.848485,30,8,1,0.649161,,0.649161,frame_00000.png,frame_00116.png,r120_e60_f1.mp4,120 Hz,1/60,蛍光灯あり,58.848 fps,120,60,1,45,ex,min,I,4,,,frame_00000.png,frame_00116.png,QR未検出,117,1.988157
ex_I_4,lockin,0,0,QR未検出,,lockin,binary,,,28.848485,50,8,1,0.649161,,0.649161,frame_00000.png,frame_00116.png,r120_e60_f1.mp4,120 Hz,1/60,蛍光灯あり,58.848 fps,120,60,1,45,ex,min,I,4,,,frame_00000.png,frame_00116.png,QR未検出,117,1.988157
ex_I_4,lockin,0,0,QR未検出,,lockin,binary,,,28.848485,70,8,1,0.649161,,0.649161,frame_00000.png,frame_00116.png,r120_e60_f1.mp4,120 Hz,1/60,蛍光灯あり,58.848 fps,120,60,1,45,ex,min,I,4,,,frame_00000.png,frame_00116.png,QR未検出,117,1.988157
ex_I_4,lockin,0,0,QR未検出,,lockin,binary,,,28.848485,901,8,1,0.619051,,0.619051,frame_00000.png,frame_00116.png,r120_e60_f1.mp4,120 Hz,1/60,蛍光灯あり,58.848 fps,120,60,1,45,ex,min,I,4,,,frame_00000.png,frame_00116.png,QR未検出,117,1.988157
ex_I_4,lockin,0,0,QR未検出,,lockin,binary,,,28.848485,902,8,1,0.613298,,0.613298,frame_00000.png,frame_00116.png,r120_e60_f1.mp4,120 Hz,1/60,蛍光灯あり,58.848 fps,120,60,1,45,ex,min,I,4,,,frame_00000.png,frame_00116.png,QR未検出,117,1.988157
ex_I_8,lockin,0,0,QR未検出,,lockin,binary,,,8.848485,30,8,1,0.648710,,0.648710,frame_00000.png,frame_00116.png,r120_e60_f1.mp4,120 Hz,1/60,蛍光灯あり,58.848 fps,120,60,1,46,ex,min,I,8,,,frame_00000.png,frame_00116.png,QR未検出,117,1.988157
ex_I_8,lockin,1,0,QR未検出,,lockin,binary,,,8.848485,50,8,1,0.649161,,0.649161,frame_00000.png,frame_00116.png,r120_e60_f1.mp4,120 Hz,1/60,蛍光灯あり,58.848 fps,120,60,1,46,ex,min,I,8,,,frame_00000.png,frame_00116.png,QR未検出,117,1.988157
ex_I_8,lockin,0,0,QR未検出,,lockin,binary,,,8.848485,70,8,1,0.649161,,0.649161,frame_00000.png,frame_00116.png,r120_e60_f1.mp4,120 Hz,1/60,蛍光灯あり,58.848 fps,120,60,1,46,ex,min,I,8,,,frame_00000.png,frame_00116.png,QR未検出,117,1.988157
ex_I_8,lockin,0,0,QR未検出,,lockin,binary,,,8.848485,901,8,1,0.614612,,0.614612,frame_00000.png,frame_00116.png,r120_e60_f1.mp4,120 Hz,1/60,蛍光灯あり,58.848 fps,120,60,1,46,ex,min,I,8,,,frame_00000.png,frame_00116.png,QR未検出,117,1.988157
ex_I_8,lockin,0,0,QR未検出,,lockin,binary,,,8.848485,902,8,1,0.522877,,0.522877,frame_00000.png,frame_00116.png,r120_e60_f1.mp4,120 Hz,1/60,蛍光灯あり,58.848 fps,120,60,1,46,ex,min,I,8,,,frame_00000.png,frame_00116.png,QR未検出,117,1.988157
ex_I_8,lockin,0,0,QR未検出,,lockin,binary,,,14.424243,30,8,1,0.648685,,0.648685,frame_00000.png,frame_00116.png,r120_e60_f1.mp4,120 Hz,1/60,蛍光灯あり,58.848 fps,120,60,1,46,ex,min,I,8,,,frame_00000.png,frame_00116.png,QR未検出,117,1.988157
ex_I_8,lockin,0,0,QR未検出,,lockin,binary,,,14.424243,50,8,1,0.649096,,0.649096,frame_00000.png,frame_00116.png,r120_e60_f1.mp4,120 Hz,1/60,蛍光灯あり,58.848 fps,120,60,1,46,ex,min,I,8,,,frame_00000.png,frame_00116.png,QR未検出,117,1.988157
ex_I_8,lockin,0,0,QR未検出,,lockin,binary,,,14.424243,70,8,1,0.649161,,0.649161,frame_00000.png,frame_00116.png,r120_e60_f1.mp4,120 Hz,1/60,蛍光灯あり,58.848 fps,120,60,1,46,ex,min,I,8,,,frame_00000.png,frame_00116.png,QR未検出,117,1.988157
ex_I_8,lockin,0,0,QR未検出,,lockin,binary,,,14.424243,901,8,1,0.618442,,0.618442,frame_00000.png,frame_00116.png,r120_e60_f1.mp4,120 Hz,1/60,蛍光灯あり,58.848 fps,120,60,1,46,ex,min,I,8,,,frame_00000.png,frame_00116.png,QR未検出,117,1.988157
ex_I_8,lockin,0,0,QR未検出,,lockin,binary,,,14.424243,902,8,1,0.545906,,0.545906,frame_00000.png,frame_00116.png,r120_e60_f1.mp4,120 Hz,1/60,蛍光灯あり,58.848 fps,120,60,1,46,ex,min,I,8,,,frame_00000.png,frame_00116.png,QR未検出,117,1.988157
ex_I_8,lockin,0,0,QR未検出,,lockin,binary,,,27.696970,30,8,1,0.648890,,0.648890,frame_00000.png,frame_00116.png,r120_e60_f1.mp4,120 Hz,1/60,蛍光灯あり,58.848 fps,120,60,1,46,ex,min,I,8,,,frame_00000.png,frame_00116.png,QR未検出,117,1.988157
ex_I_8,lockin,0,0,QR未検出,,lockin,binary,,,27.696970,50,8,1,0.648955,,0.648955,frame_00000.png,frame_00116.png,r120_e60_f1.mp4,120 Hz,1/60,蛍光灯あり,58.848 fps,120,60,1,46,ex,min,I,8,,,frame_00000.png,frame_00116.png,QR未検出,117,1.988157
ex_I_8,lockin,0,0,QR未検出,,lockin,binary,,,27.696970,70,8,1,0.649084,,0.649084,frame_00000.png,frame_00116.png,r120_e60_f1.mp4,120 Hz,1/60,蛍光灯あり,58.848 fps,120,60,1,46,ex,min,I,8,,,frame_00000.png,frame_00116.png,QR未検出,117,1.988157
ex_I_8,lockin,0,0,QR未検出,,lockin,binary,,,27.696970,901,8,1,0.620586,,0.620586,frame_00000.png,frame_00116.png,r120_e60_f1.mp4,120 Hz,1/60,蛍光灯あり,58.848 fps,120,60,1,46,ex,min,I,8,,,frame_00000.png,frame_00116.png,QR未検出,117,1.988157
ex_I_8,lockin,0,0,QR未検出,,lockin,binary,,,27.696970,902,8,1,0.570725,,0.570725,frame_00000.png,frame_00116.png,r120_e60_f1.mp4,120 Hz,1/60,蛍光灯あり,58.848 fps,120,60,1,46,ex,min,I,8,,,frame_00000.png,frame_00116.png,QR未検出,117,1.988157
ex_I_8,lockin,0,0,QR未検出,,lockin,binary,,,28.848485,30,8,1,0.648570,,0.648570,frame_00000.png,frame_00116.png,r120_e60_f1.mp4,120 Hz,1/60,蛍光灯あり,58.848 fps,120,60,1,46,ex,min,I,8,,,frame_00000.png,frame_00116.png,QR未検出,117,1.988157
ex_I_8,lockin,0,0,QR未検出,,lockin,binary,,,28.848485,50,8,1,0.649023,,0.649023,frame_00000.png,frame_00116.png,r120_e60_f1.mp4,120 Hz,1/60,蛍光灯あり,58.848 fps,120,60,1,46,ex,min,I,8,,,frame_00000.png,frame_00116.png,QR未検出,117,1.988157
ex_I_8,lockin,0,0,QR未検出,,lockin,binary,,,28.848485,70,8,1,0.649084,,0.649084,frame_00000.png,frame_00116.png,r120_e60_f1.mp4,120 Hz,1/60,蛍光灯あり,58.848 fps,120,60,1,46,ex,min,I,8,,,frame_00000.png,frame_00116.png,QR未検出,117,1.988157
ex_I_8,lockin,0,0,QR未検出,,lockin,binary,,,28.848485,901,8,1,0.624864,,0.624864,frame_00000.png,frame_00116.png,r120_e60_f1.mp4,120 Hz,1/60,蛍光灯あり,58.848 fps,120,60,1,46,ex,min,I,8,,,frame_00000.png,frame_00116.png,QR未検出,117,1.988157
ex_I_8,lockin,0,0,QR未検出,,lockin,binary,,,28.848485,902,8,1,0.544097,,0.544097,frame_00000.png,frame_00116.png,r120_e60_f1.mp4,120 Hz,1/60,蛍光灯あり,58.848 fps,120,60,1,46,ex,min,I,8,,,frame_00000.png,frame_00116.png,QR未検出,117,1.988157
ex_R_12,lockin,0,0,QR未検出,,lockin,binary,,,8.848485,30,8,1,0.648890,,0.648890,frame_00000.png,frame_00116.png,r120_e60_f1.mp4,120 Hz,1/60,蛍光灯あり,58.848 fps,120,60,1,11,ex,R,R,12,,,frame_00000.png,frame_00116.png,QR未検出,117,1.988157
ex_R_12,lockin,0,0,QR未検出,,lockin,binary,,,8.848485,50,8,1,0.649072,,0.649072,frame_00000.png,frame_00116.png,r120_e60_f1.mp4,120 Hz,1/60,蛍光灯あり,58.848 fps,120,60,1,11,ex,R,R,12,,,frame_00000.png,frame_00116.png,QR未検出,117,1.988157
ex_R_12,lockin,0,0,QR未検出,,lockin,binary,,,8.848485,70,8,1,0.649161,,0.649161,frame_00000.png,frame_00116.png,r120_e60_f1.mp4,120 Hz,1/60,蛍光灯あり,58.848 fps,120,60,1,11,ex,R,R,12,,,frame_00000.png,frame_00116.png,QR未検出,117,1.988157
ex_R_12,lockin,0,0,QR未検出,,lockin,binary,,,8.848485,901,8,1,0.609293,,0.609293,frame_00000.png,frame_00116.png,r120_e60_f1.mp4,120 Hz,1/60,蛍光灯あり,58.848 fps,120,60,1,11,ex,R,R,12,,,frame_00000.png,frame_00116.png,QR未検出,117,1.988157
ex_R_12,lockin,0,0,QR未検出,,lockin,binary,,,8.848485,902,8,1,0.564797,,0.564797,frame_00000.png,frame_00116.png,r120_e60_f1.mp4,120 Hz,1/60,蛍光灯あり,58.848 fps,120,60,1,11,ex,R,R,12,,,frame_00000.png,frame_00116.png,QR未検出,117,1.988157
ex_R_12,lockin,0,0,QR未検出,,lockin,binary,,,14.424243,30,8,1,0.648939,,0.648939,frame_00000.png,frame_00116.png,r120_e60_f1.mp4,120 Hz,1/60,蛍光灯あり,58.848 fps,120,60,1,11,ex,R,R,12,,,frame_00000.png,frame_00116.png,QR未検出,117,1.988157
ex_R_12,lockin,1,0,QR未検出,,lockin,binary,,,14.424243,50,8,1,0.649166,,0.649166,frame_00000.png,frame_00116.png,r120_e60_f1.mp4,120 Hz,1/60,蛍光灯あり,58.848 fps,120,60,1,11,ex,R,R,12,,,frame_00000.png,frame_00116.png,QR未検出,117,1.988157
ex_R_12,lockin,0,0,QR未検出,,lockin,binary,,,14.424243,70,8,1,0.649161,,0.649161,frame_00000.png,frame_00116.png,r120_e60_f1.mp4,120 Hz,1/60,蛍光灯あり,58.848 fps,120,60,1,11,ex,R,R,12,,,frame_00000.png,frame_00116.png,QR未検出,117,1.988157
ex_R_12,lockin,0,0,QR未検出,,lockin,binary,,,14.424243,901,8,1,0.617217,,0.617217,frame_00000.png,frame_00116.png,r120_e60_f1.mp4,120 Hz,1/60,蛍光灯あり,58.848 fps,120,60,1,11,ex,R,R,12,,,frame_00000.png,frame_00116.png,QR未検出,117,1.988157
ex_R_12,lockin,0,0,QR未検出,,lockin,binary,,,14.424243,902,8,1,0.588358,,0.588358,frame_00000.png,frame_00116.png,r120_e60_f1.mp4,120 Hz,1/60,蛍光灯あり,58.848 fps,120,60,1,11,ex,R,R,12,,,frame_00000.png,frame_00116.png,QR未検出,117,1.988157
ex_R_12,lockin,0,0,QR未検出,,lockin,binary,,,27.696970,30,8,1,0.649060,,0.649060,frame_00000.png,frame_00116.png,r120_e60_f1.mp4,120 Hz,1/60,蛍光灯あり,58.848 fps,120,60,1,11,ex,R,R,12,,,frame_00000.png,frame_00116.png,QR未検出,117,1.988157
ex_R_12,lockin,0,0,QR未検出,,lockin,binary,,,27.696970,50,8,1,0.649158,,0.649158,frame_00000.png,frame_00116.png,r120_e60_f1.mp4,120 Hz,1/60,蛍光灯あり,58.848 fps,120,60,1,11,ex,R,R,12,,,frame_00000.png,frame_00116.png,QR未検出,117,1.988157
ex_R_12,lockin,0,0,QR未検出,,lockin,binary,,,27.696970,70,8,1,0.649161,,0.649161,frame_00000.png,frame_00116.png,r120_e60_f1.mp4,120 Hz,1/60,蛍光灯あり,58.848 fps,120,60,1,11,ex,R,R,12,,,frame_00000.png,frame_00116.png,QR未検出,117,1.988157
ex_R_12,lockin,0,0,QR未検出,,lockin,binary,,,27.696970,901,8,1,0.620388,,0.620388,frame_00000.png,frame_00116.png,r120_e60_f1.mp4,120 Hz,1/60,蛍光灯あり,58.848 fps,120,60,1,11,ex,R,R,12,,,frame_00000.png,frame_00116.png,QR未検出,117,1.988157
ex_R_12,lockin,0,0,QR未検出,,lockin,binary,,,27.696970,902,8,1,0.602508,,0.602508,frame_00000.png,frame_00116.png,r120_e60_f1.mp4,120 Hz,1/60,蛍光灯あり,58.848 fps,120,60,1,11,ex,R,R,12,,,frame_00000.png,frame_00116.png,QR未検出,117,1.988157
ex_R_12,lockin,0,0,QR未検出,,lockin,binary,,,28.848485,30,8,1,0.649114,,0.649114,frame_00000.png,frame_00116.png,r120_e60_f1.mp4,120 Hz,1/60,蛍光灯あり,58.848 fps,120,60,1,11,ex,R,R,12,,,frame_00000.png,frame_00116.png,QR未検出,117,1.988157
ex_R_12,lockin,0,0,QR未検出,,lockin,binary,,,28.848485,50,8,1,0.649161,,0.649161,frame_00000.png,frame_00116.png,r120_e60_f1.mp4,120 Hz,1/60,蛍光灯あり,58.848 fps,120,60,1,11,ex,R,R,12,,,frame_00000.png,frame_00116.png,QR未検出,117,1.988157
ex_R_12,lockin,0,0,QR未検出,,lockin,binary,,,28.848485,70,8,1,0.649161,,0.649161,frame_00000.png,frame_00116.png,r120_e60_f1.mp4,120 Hz,1/60,蛍光灯あり,58.848 fps,120,60,1,11,ex,R,R,12,,,frame_00000.png,frame_00116.png,QR未検出,117,1.988157
ex_R_12,lockin,0,0,QR未検出,,lockin,binary,,,28.848485,901,8,1,0.623110,,0.623110,frame_00000.png,frame_00116.png,r120_e60_f1.mp4,120 Hz,1/60,蛍光灯あり,58.848 fps,120,60,1,11,ex,R,R,12,,,frame_00000.png,frame_00116.png,QR未検出,117,1.988157
ex_R_12,lockin,0,0,QR未検出,,lockin,binary,,,28.848485,902,8,1,0.620505,,0.620505,frame_00000.png,frame_00116.png,r120_e60_f1.mp4,120 Hz,1/60,蛍光灯あり,58.848 fps,120,60,1,11,ex,R,R,12,,,frame_00000.png,frame_00116.png,QR未検出,117,1.988157
ex_R_4,lockin,1,0,QR未検出,,lockin,binary,,,8.848485,30,8,1,0.649161,,0.649161,frame_00000.png,frame_00116.png,r120_e60_f1.mp4,120 Hz,1/60,蛍光灯あり,58.848 fps,120,60,1,9,ex,R,R,4,,,frame_00000.png,frame_00116.png,QR未検出,117,1.988157
ex_R_4,lockin,0,0,QR未検出,,lockin,binary,,,8.848485,50,8,1,0.649161,,0.649161,frame_00000.png,frame_00116.png,r120_e60_f1.mp4,120 Hz,1/60,蛍光灯あり,58.848 fps,120,60,1,9,ex,R,R,4,,,frame_00000.png,frame_00116.png,QR未検出,117,1.988157
ex_R_4,lockin,0,0,QR未検出,,lockin,binary,,,8.848485,70,8,1,0.649161,,0.649161,frame_00000.png,frame_00116.png,r120_e60_f1.mp4,120 Hz,1/60,蛍光灯あり,58.848 fps,120,60,1,9,ex,R,R,4,,,frame_00000.png,frame_00116.png,QR未検出,117,1.988157
ex_R_4,lockin,0,0,QR未検出,,lockin,binary,,,8.848485,901,8,1,0.601532,,0.601532,frame_00000.png,frame_00116.png,r120_e60_f1.mp4,120 Hz,1/60,蛍光灯あり,58.848 fps,120,60,1,9,ex,R,R,4,,,frame_00000.png,frame_00116.png,QR未検出,117,1.988157
ex_R_4,lockin,0,0,QR未検出,,lockin,binary,,,8.848485,902,8,1,0.625292,,0.625292,frame_00000.png,frame_00116.png,r120_e60_f1.mp4,120 Hz,1/60,蛍光灯あり,58.848 fps,120,60,1,9,ex,R,R,4,,,frame_00000.png,frame_00116.png,QR未検出,117,1.988157
ex_R_4,lockin,0,0,QR未検出,,lockin,binary,,,14.424243,30,8,1,0.649074,,0.649074,frame_00000.png,frame_00116.png,r120_e60_f1.mp4,120 Hz,1/60,蛍光灯あり,58.848 fps,120,60,1,9,ex,R,R,4,,,frame_00000.png,frame_00116.png,QR未検出,117,1.988157
ex_R_4,lockin,0,0,QR未検出,,lockin,binary,,,14.424243,50,8,1,0.649084,,0.649084,frame_00000.png,frame_00116.png,r120_e60_f1.mp4,120 Hz,1/60,蛍光灯あり,58.848 fps,120,60,1,9,ex,R,R,4,,,frame_00000.png,frame_00116.png,QR未検出,117,1.988157
ex_R_4,lockin,0,0,QR未検出,,lockin,binary,,,14.424243,70,8,1,0.649161,,0.649161,frame_00000.png,frame_00116.png,r120_e60_f1.mp4,120 Hz,1/60,蛍光灯あり,58.848 fps,120,60,1,9,ex,R,R,4,,,frame_00000.png,frame_00116.png,QR未検出,117,1.988157
ex_R_4,lockin,0,0,QR未検出,,lockin,binary,,,14.424243,901,8,1,0.609685,,0.609685,frame_00000.png,frame_00116.png,r120_e60_f1.mp4,120 Hz,1/60,蛍光灯あり,58.848 fps,120,60,1,9,ex,R,R,4,,,frame_00000.png,frame_00116.png,QR未検出,117,1.988157
ex_R_4,lockin,0,0,QR未検出,,lockin,binary,,,14.424243,902,8,1,0.595109,,0.595109,frame_00000.png,frame_00116.png,r120_e60_f1.mp4,120 Hz,1/60,蛍光灯あり,58.848 fps,120,60,1,9,ex,R,R,4,,,frame_00000.png,frame_00116.png,QR未検出,117,1.988157
ex_R_4,lockin,0,0,QR未検出,,lockin,binary,,,27.696970,30,8,1,0.648818,,0.648818,frame_00000.png,frame_00116.png,r120_e60_f1.mp4,120 Hz,1/60,蛍光灯あり,58.848 fps,120,60,1,9,ex,R,R,4,,,frame_00000.png,frame_00116.png,QR未検出,117,1.988157
ex_R_4,lockin,0,0,QR未検出,,lockin,binary,,,27.696970,50,8,1,0.649110,,0.649110,frame_00000.png,frame_00116.png,r120_e60_f1.mp4,120 Hz,1/60,蛍光灯あり,58.848 fps,120,60,1,9,ex,R,R,4,,,frame_00000.png,frame_00116.png,QR未検出,117,1.988157
ex_R_4,lockin,0,0,QR未検出,,lockin,binary,,,27.696970,70,8,1,0.649161,,0.649161,frame_00000.png,frame_00116.png,r120_e60_f1.mp4,120 Hz,1/60,蛍光灯あり,58.848 fps,120,60,1,9,ex,R,R,4,,,frame_00000.png,frame_00116.png,QR未検出,117,1.988157
ex_R_4,lockin,0,0,QR未検出,,lockin,binary,,,27.696970,901,8,1,0.622818,,0.622818,frame_00000.png,frame_00116.png,r120_e60_f1.mp4,120 Hz,1/60,蛍光灯あり,58.848 fps,120,60,1,9,ex,R,R,4,,,frame_00000.png,frame_00116.png,QR未検出,117,1.988157
ex_R_4,lockin,0,0,QR未検出,,lockin,binary,,,27.696970,902,8,1,0.584588,,0.584588,frame_00000.png,frame_00116.png,r120_e60_f1.mp4,120 Hz,1/60,蛍光灯あり,58.848 fps,120,60,1,9,ex,R,R,4,,,frame_00000.png,frame_00116.png,QR未検出,117,1.988157
ex_R_4,lockin,0,0,QR未検出,,lockin,binary,,,28.848485,30,8,1,0.649084,,0.649084,frame_00000.png,frame_00116.png,r120_e60_f1.mp4,120 Hz,1/60,蛍光灯あり,58.848 fps,120,60,1,9,ex,R,R,4,,,frame_00000.png,frame_00116.png,QR未検出,117,1.988157
ex_R_4,lockin,0,0,QR未検出,,lockin,binary,,,28.848485,50,8,1,0.649161,,0.649161,frame_00000.png,frame_00116.png,r120_e60_f1.mp4,120 Hz,1/60,蛍光灯あり,58.848 fps,120,60,1,9,ex,R,R,4,,,frame_00000.png,frame_00116.png,QR未検出,117,1.988157
ex_R_4,lockin,0,0,QR未検出,,lockin,binary,,,28.848485,70,8,1,0.649161,,0.649161,frame_00000.png,frame_00116.png,r120_e60_f1.mp4,120 Hz,1/60,蛍光灯あり,58.848 fps,120,60,1,9,ex,R,R,4,,,frame_00000.png,frame_00116.png,QR未検出,117,1.988157
ex_R_4,lockin,0,0,QR未検出,,lockin,binary,,,28.848485,901,8,1,0.625514,,0.625514,frame_00000.png,frame_00116.png,r120_e60_f1.mp4,120 Hz,1/60,蛍光灯あり,58.848 fps,120,60,1,9,ex,R,R,4,,,frame_00000.png,frame_00116.png,QR未検出,117,1.988157
ex_R_4,lockin,0,0,QR未検出,,lockin,binary,,,28.848485,902,8,1,0.609920,,0.609920,frame_00000.png,frame_00116.png,r120_e60_f1.mp4,120 Hz,1/60,蛍光灯あり,58.848 fps,120,60,1,9,ex,R,R,4,,,frame_00000.png,frame_00116.png,QR未検出,117,1.988157
ex_R_8,lockin,0,0,QR未検出,,lockin,binary,,,8.848485,30,8,1,0.648923,,0.648923,frame_00000.png,frame_00116.png,r120_e60_f1.mp4,120 Hz,1/60,蛍光灯あり,58.848 fps,120,60,1,10,ex,R,R,8,,,frame_00000.png,frame_00116.png,QR未検出,117,1.988157
ex_R_8,lockin,0,0,QR未検出,,lockin,binary,,,8.848485,50,8,1,0.649084,,0.649084,frame_00000.png,frame_00116.png,r120_e60_f1.mp4,120 Hz,1/60,蛍光灯あり,58.848 fps,120,60,1,10,ex,R,R,8,,,frame_00000.png,frame_00116.png,QR未検出,117,1.988157
ex_R_8,lockin,0,0,QR未検出,,lockin,binary,,,8.848485,70,8,1,0.649084,,0.649084,frame_00000.png,frame_00116.png,r120_e60_f1.mp4,120 Hz,1/60,蛍光灯あり,58.848 fps,120,60,1,10,ex,R,R,8,,,frame_00000.png,frame_00116.png,QR未検出,117,1.988157
ex_R_8,lockin,0,0,QR未検出,,lockin,binary,,,8.848485,901,8,1,0.602963,,0.602963,frame_00000.png,frame_00116.png,r120_e60_f1.mp4,120 Hz,1/60,蛍光灯あり,58.848 fps,120,60,1,10,ex,R,R,8,,,frame_00000.png,frame_00116.png,QR未検出,117,1.988157
ex_R_8,lockin,0,0,QR未検出,,lockin,binary,,,8.848485,902,8,1,0.555578,,0.555578,frame_00000.png,frame_00116.png,r120_e60_f1.mp4,120 Hz,1/60,蛍光灯あり,58.848 fps,120,60,1,10,ex,R,R,8,,,frame_00000.png,frame_00116.png,QR未検出,117,1.988157
ex_R_8,lockin,0,0,QR未検出,,lockin,binary,,,14.424243,30,8,1,0.649081,,0.649081,frame_00000.png,frame_00116.png,r120_e60_f1.mp4,120 Hz,1/60,蛍光灯あり,58.848 fps,120,60,1,10,ex,R,R,8,,,frame_00000.png,frame_00116.png,QR未検出,117,1.988157
ex_R_8,lockin,0,0,QR未検出,,lockin,binary,,,14.424243,50,8,1,0.649151,,0.649151,frame_00000.png,frame_00116.png,r120_e60_f1.mp4,120 Hz,1/60,蛍光灯あり,58.848 fps,120,60,1,10,ex,R,R,8,,,frame_00000.png,frame_00116.png,QR未検出,117,1.988157
ex_R_8,lockin,0,0,QR未検出,,lockin,binary,,,14.424243,70,8,1,0.649161,,0.649161,frame_00000.png,frame_00116.png,r120_e60_f1.mp4,120 Hz,1/60,蛍光灯あり,58.848 fps,120,60,1,10,ex,R,R,8,,,frame_00000.png,frame_00116.png,QR未検出,117,1.988157
ex_R_8,lockin,0,0,QR未検出,,lockin,binary,,,14.424243,901,8,1,0.616595,,0.616595,frame_00000.png,frame_00116.png,r120_e60_f1.mp4,120 Hz,1/60,蛍光灯あり,58.848 fps,120,60,1,10,ex,R,R,8,,,frame_00000.png,frame_00116.png,QR未検出,117,1.988157
ex_R_8,lockin,0,0,QR未検出,,lockin,binary,,,14.424243,902,8,1,0.578504,,0.578504,frame_00000.png,frame_00116.png,r120_e60_f1.mp4,120 Hz,1/60,蛍光灯あり,58.848 fps,120,60,1,10,ex,R,R,8,,,frame_00000.png,frame_00116.png,QR未検出,117,1.988157
ex_R_8,lockin,0,0,QR未検出,,lockin,binary,,,27.696970,30,8,1,0.649140,,0.649140,frame_00000.png,frame_00116.png,r120_e60_f1.mp4,120 Hz,1/60,蛍光灯あり,58.848 fps,120,60,1,10,ex,R,R,8,,,frame_00000.png,frame_00116.png,QR未検出,117,1.988157
ex_R_8,lockin,1,0,QR未検出,,lockin,binary,,,27.696970,50,8,1,0.649161,,0.649161,frame_00000.png,frame_00116.png,r120_e60_f1.mp4,120 Hz,1/60,蛍光灯あり,58.848 fps,120,60,1,10,ex,R,R,8,,,frame_00000.png,frame_00116.png,QR未検出,117,1.988157
ex_R_8,lockin,0,0,QR未検出,,lockin,binary,,,27.696970,70,8,1,0.649161,,0.649161,frame_00000.png,frame_00116.png,r120_e60_f1.mp4,120 Hz,1/60,蛍光灯あり,58.848 fps,120,60,1,10,ex,R,R,8,,,frame_00000.png,frame_00116.png,QR未検出,117,1.988157
ex_R_8,lockin,0,0,QR未検出,,lockin,binary,,,27.696970,901,8,1,0.624242,,0.624242,frame_00000.png,frame_00116.png,r120_e60_f1.mp4,120 Hz,1/60,蛍光灯あり,58.848 fps,120,60,1,10,ex,R,R,8,,,frame_00000.png,frame_00116.png,QR未検出,117,1.988157
ex_R_8,lockin,0,0,QR未検出,,lockin,binary,,,27.696970,902,8,1,0.587487,,0.587487,frame_00000.png,frame_00116.png,r120_e60_f1.mp4,120 Hz,1/60,蛍光灯あり,58.848 fps,120,60,1,10,ex,R,R,8,,,frame_00000.png,frame_00116.png,QR未検出,117,1.988157
ex_R_8,lockin,0,0,QR未検出,,lockin,binary,,,28.848485,30,8,1,0.648913,,0.648913,frame_00000.png,frame_00116.png,r120_e60_f1.mp4,120 Hz,1/60,蛍光灯あり,58.848 fps,120,60,1,10,ex,R,R,8,,,frame_00000.png,frame_00116.png,QR未検出,117,1.988157
ex_R_8,lockin,0,0,QR未検出,,lockin,binary,,,28.848485,50,8,1,0.649161,,0.649161,frame_00000.png,frame_00116.png,r120_e60_f1.mp4,120 Hz,1/60,蛍光灯あり,58.848 fps,120,60,1,10,ex,R,R,8,,,frame_00000.png,frame_00116.png,QR未検出,117,1.988157
ex_R_8,lockin,0,0,QR未検出,,lockin,binary,,,28.848485,70,8,1,0.649161,,0.649161,frame_00000.png,frame_00116.png,r120_e60_f1.mp4,120 Hz,1/60,蛍光灯あり,58.848 fps,120,60,1,10,ex,R,R,8,,,frame_00000.png,frame_00116.png,QR未検出,117,1.988157
ex_R_8,lockin,0,0,QR未検出,,lockin,binary,,,28.848485,901,8,1,0.622787,,0.622787,frame_00000.png,frame_00116.png,r120_e60_f1.mp4,120 Hz,1/60,蛍光灯あり,58.848 fps,120,60,1,10,ex,R,R,8,,,frame_00000.png,frame_00116.png,QR未検出,117,1.988157
ex_R_8,lockin,0,0,QR未検出,,lockin,binary,,,28.848485,902,8,1,0.590306,,0.590306,frame_00000.png,frame_00116.png,r120_e60_f1.mp4,120 Hz,1/60,蛍光灯あり,58.848 fps,120,60,1,10,ex,R,R,8,,,frame_00000.png,frame_00116.png,QR未検出,117,1.988157
ex_X_12,lockin,0,0,QR未検出,,lockin,binary,,,8.848485,30,8,1,0.648272,,0.648272,frame_00000.png,frame_00116.png,r120_e60_f1.mp4,120 Hz,1/60,蛍光灯あり,58.848 fps,120,60,1,59,ex,max,X,12,,,frame_00000.png,frame_00116.png,QR未検出,117,1.988157
ex_X_12,lockin,0,0,QR未検出,,lockin,binary,,,8.848485,50,8,1,0.649133,,0.649133,frame_00000.png,frame_00116.png,r120_e60_f1.mp4,120 Hz,1/60,蛍光灯あり,58.848 fps,120,60,1,59,ex,max,X,12,,,frame_00000.png,frame_00116.png,QR未検出,117,1.988157
ex_X_12,lockin,0,0,QR未検出,,lockin,binary,,,8.848485,70,8,1,0.649161,,0.649161,frame_00000.png,frame_00116.png,r120_e60_f1.mp4,120 Hz,1/60,蛍光灯あり,58.848 fps,120,60,1,59,ex,max,X,12,,,frame_00000.png,frame_00116.png,QR未検出,117,1.988157
ex_X_12,lockin,0,0,QR未検出,,lockin,binary,,,8.848485,901,8,1,0.611858,,0.611858,frame_00000.png,frame_00116.png,r120_e60_f1.mp4,120 Hz,1/60,蛍光灯あり,58.848 fps,120,60,1,59,ex,max,X,12,,,frame_00000.png,frame_00116.png,QR未検出,117,1.988157
ex_X_12,lockin,0,0,QR未検出,,lockin,binary,,,8.848485,902,8,1,0.510475,,0.510475,frame_00000.png,frame_00116.png,r120_e60_f1.mp4,120 Hz,1/60,蛍光灯あり,58.848 fps,120,60,1,59,ex,max,X,12,,,frame_00000.png,frame_00116.png,QR未検出,117,1.988157
ex_X_12,lockin,0,0,QR未検出,,lockin,binary,,,14.424243,30,8,1,0.649123,,0.649123,frame_00000.png,frame_00116.png,r120_e60_f1.mp4,120 Hz,1/60,蛍光灯あり,58.848 fps,120,60,1,59,ex,max,X,12,,,frame_00000.png,frame_00116.png,QR未検出,117,1.988157
ex_X_12,lockin,0,0,QR未検出,,lockin,binary,,,14.424243,50,8,1,0.649161,,0.649161,frame_00000.png,frame_00116.png,r120_e60_f1.mp4,120 Hz,1/60,蛍光灯あり,58.848 fps,120,60,1,59,ex,max,X,12,,,frame_00000.png,frame_00116.png,QR未検出,117,1.988157
ex_X_12,lockin,0,0,QR未検出,,lockin,binary,,,14.424243,70,8,1,0.649161,,0.649161,frame_00000.png,frame_00116.png,r120_e60_f1.mp4,120 Hz,1/60,蛍光灯あり,58.848 fps,120,60,1,59,ex,max,X,12,,,frame_00000.png,frame_00116.png,QR未検出,117,1.988157
ex_X_12,lockin,0,0,QR未検出,,lockin,binary,,,14.424243,901,8,1,0.619149,,0.619149,frame_00000.png,frame_00116.png,r120_e60_f1.mp4,120 Hz,1/60,蛍光灯あり,58.848 fps,120,60,1,59,ex,max,X,12,,,frame_00000.png,frame_00116.png,QR未検出,117,1.988157
ex_X_12,lockin,0,0,QR未検出,,lockin,binary,,,14.424243,902,8,1,0.585452,,0.585452,frame_00000.png,frame_00116.png,r120_e60_f1.mp4,120 Hz,1/60,蛍光灯あり,58.848 fps,120,60,1,59,ex,max,X,12,,,frame_00000.png,frame_00116.png,QR未検出,117,1.988157
ex_X_12,lockin,0,0,QR未検出,,lockin,binary,,,27.696970,30,8,1,0.649023,,0.649023,frame_00000.png,frame_00116.png,r120_e60_f1.mp4,120 Hz,1/60,蛍光灯あり,58.848 fps,120,60,1,59,ex,max,X,12,,,frame_00000.png,frame_00116.png,QR未検出,117,1.988157
ex_X_12,lockin,0,0,QR未検出,,lockin,binary,,,27.696970,50,8,1,0.649161,,0.649161,frame_00000.png,frame_00116.png,r120_e60_f1.mp4,120 Hz,1/60,蛍光灯あり,58.848 fps,120,60,1,59,ex,max,X,12,,,frame_00000.png,frame_00116.png,QR未検出,117,1.988157
ex_X_12,lockin,0,0,QR未検出,,lockin,binary,,,27.696970,70,8,1,0.649161,,0.649161,frame_00000.png,frame_00116.png,r120_e60_f1.mp4,120 Hz,1/60,蛍光灯あり,58.848 fps,120,60,1,59,ex,max,X,12,,,frame_00000.png,frame_00116.png,QR未検出,117,1.988157
ex_X_12,lockin,0,0,QR未検出,,lockin,binary,,,27.696970,901,8,1,0.627632,,0.627632,frame_00000.png,frame_00116.png,r120_e60_f1.mp4,120 Hz,1/60,蛍光灯あり,58.848 fps,120,60,1,59,ex,max,X,12,,,frame_00000.png,frame_00116.png,QR未検出,117,1.988157
ex_X_12,lockin,0,0,QR未検出,,lockin,binary,,,27.696970,902,8,1,0.622641,,0.622641,frame_00000.png,frame_00116.png,r120_e60_f1.mp4,120 Hz,1/60,蛍光灯あり,58.848 fps,120,60,1,59,ex,max,X,12,,,frame_00000.png,frame_00116.png,QR未検出,117,1.988157
ex_X_12,lockin,0,0,QR未検出,,lockin,binary,,,28.848485,30,8,1,0.648944,,0.648944,frame_00000.png,frame_00116.png,r120_e60_f1.mp4,120 Hz,1/60,蛍光灯あり,58.848 fps,120,60,1,59,ex,max,X,12,,,frame_00000.png,frame_00116.png,QR未検出,117,1.988157
ex_X_12,lockin,1,0,QR未検出,,lockin,binary,,,28.848485,50,8,1,0.649165,,0.649165,frame_00000.png,frame_00116.png,r120_e60_f1.mp4,120 Hz,1/60,蛍光灯あり,58.848 fps,120,60,1,59,ex,max,X,12,,,frame_00000.png,frame_00116.png,QR未検出,117,1.988157
ex_X_12,lockin,0,0,QR未検出,,lockin,binary,,,28.848485,70,8,1,0.649161,,0.649161,frame_00000.png,frame_00116.png,r120_e60_f1.mp4,120 Hz,1/60,蛍光灯あり,58.848 fps,120,60,1,59,ex,max,X,12,,,frame_00000.png,frame_00116.png,QR未検出,117,1.988157
ex_X_12,lockin,0,0,QR未検出,,lockin,binary,,,28.848485,901,8,1,0.621550,,0.621550,frame_00000.png,frame_00116.png,r120_e60_f1.mp4,120 Hz,1/60,蛍光灯あり,58.848 fps,120,60,1,59,ex,max,X,12,,,frame_00000.png,frame_00116.png,QR未検出,117,1.988157
ex_X_12,lockin,0,0,QR未検出,,lockin,binary,,,28.848485,902,8,1,0.570059,,0.570059,frame_00000.png,frame_00116.png,r120_e60_f1.mp4,120 Hz,1/60,蛍光灯あり,58.848 fps,120,60,1,59,ex,max,X,12,,,frame_00000.png,frame_00116.png,QR未検出,117,1.988157
ex_X_4,lockin,1,0,QR未検出,,lockin,binary,,,8.848485,30,8,1,0.649161,,0.649161,frame_00000.png,frame_00116.png,r120_e60_f1.mp4,120 Hz,1/60,蛍光灯あり,58.848 fps,120,60,1,57,ex,max,X,4,,,frame_00000.png,frame_00116.png,QR未検出,117,1.988157
ex_X_4,lockin,0,0,QR未検出,,lockin,binary,,,8.848485,50,8,1,0.649161,,0.649161,frame_00000.png,frame_00116.png,r120_e60_f1.mp4,120 Hz,1/60,蛍光灯あり,58.848 fps,120,60,1,57,ex,max,X,4,,,frame_00000.png,frame_00116.png,QR未検出,117,1.988157
ex_X_4,lockin,0,0,QR未検出,,lockin,binary,,,8.848485,70,8,1,0.649161,,0.649161,frame_00000.png,frame_00116.png,r120_e60_f1.mp4,120 Hz,1/60,蛍光灯あり,58.848 fps,120,60,1,57,ex,max,X,4,,,frame_00000.png,frame_00116.png,QR未検出,117,1.988157
ex_X_4,lockin,0,0,QR未検出,,lockin,binary,,,8.848485,901,8,1,0.619139,,0.619139,frame_00000.png,frame_00116.png,r120_e60_f1.mp4,120 Hz,1/60,蛍光灯あり,58.848 fps,120,60,1,57,ex,max,X,4,,,frame_00000.png,frame_00116.png,QR未検出,117,1.988157
ex_X_4,lockin,0,0,QR未検出,,lockin,binary,,,8.848485,902,8,1,0.608877,,0.608877,frame_00000.png,frame_00116.png,r120_e60_f1.mp4,120 Hz,1/60,蛍光灯あり,58.848 fps,120,60,1,57,ex,max,X,4,,,frame_00000.png,frame_00116.png,QR未検出,117,1.988157
ex_X_4,lockin,0,0,QR未検出,,lockin,binary,,,14.424243,30,8,1,0.648752,,0.648752,frame_00000.png,frame_00116.png,r120_e60_f1.mp4,120 Hz,1/60,蛍光灯あり,58.848 fps,120,60,1,57,ex,max,X,4,,,frame_00000.png,frame_00116.png,QR未検出,117,1.988157
ex_X_4,lockin,0,0,QR未検出,,lockin,binary,,,14.424243,50,8,1,0.649112,,0.649112,frame_00000.png,frame_00116.png,r120_e60_f1.mp4,120 Hz,1/60,蛍光灯あり,58.848 fps,120,60,1,57,ex,max,X,4,,,frame_00000.png,frame_00116.png,QR未検出,117,1.988157
ex_X_4,lockin,0,0,QR未検出,,lockin,binary,,,14.424243,70,8,1,0.649161,,0.649161,frame_00000.png,frame_00116.png,r120_e60_f1.mp4,120 Hz,1/60,蛍光灯あり,58.848 fps,120,60,1,57,ex,max,X,4,,,frame_00000.png,frame_00116.png,QR未検出,117,1.988157
ex_X_4,lockin,0,0,QR未検出,,lockin,binary,,,14.424243,901,8,1,0.617280,,0.617280,frame_00000.png,frame_00116.png,r120_e60_f1.mp4,120 Hz,1/60,蛍光灯あり,58.848 fps,120,60,1,57,ex,max,X,4,,,frame_00000.png,frame_00116.png,QR未検出,117,1.988157
ex_X_4,lockin,0,0,QR未検出,,lockin,binary,,,14.424243,902,8,1,0.558233,,0.558233,frame_00000.png,frame_00116.png,r120_e60_f1.mp4,120 Hz,1/60,蛍光灯あり,58.848 fps,120,60,1,57,ex,max,X,4,,,frame_00000.png,frame_00116.png,QR未検出,117,1.988157
ex_X_4,lockin,0,0,QR未検出,,lockin,binary,,,27.696970,30,8,1,0.649138,,0.649138,frame_00000.png,frame_00116.png,r120_e60_f1.mp4,120 Hz,1/60,蛍光灯あり,58.848 fps,120,60,1,57,ex,max,X,4,,,frame_00000.png,frame_00116.png,QR未検出,117,1.988157
ex_X_4,lockin,0,0,QR未検出,,lockin,binary,,,27.696970,50,8,1,0.649161,,0.649161,frame_00000.png,frame_00116.png,r120_e60_f1.mp4,120 Hz,1/60,蛍光灯あり,58.848 fps,120,60,1,57,ex,max,X,4,,,frame_00000.png,frame_00116.png,QR未検出,117,1.988157
ex_X_4,lockin,0,0,QR未検出,,lockin,binary,,,27.696970,70,8,1,0.649161,,0.649161,frame_00000.png,frame_00116.png,r120_e60_f1.mp4,120 Hz,1/60,蛍光灯あり,58.848 fps,120,60,1,57,ex,max,X,4,,,frame_00000.png,frame_00116.png,QR未検出,117,1.988157
ex_X_4,lockin,0,0,QR未検出,,lockin,binary,,,27.696970,901,8,1,0.621439,,0.621439,frame_00000.png,frame_00116.png,r120_e60_f1.mp4,120 Hz,1/60,蛍光灯あり,58.848 fps,120,60,1,57,ex,max,X,4,,,frame_00000.png,frame_00116.png,QR未検出,117,1.988157
ex_X_4,lockin,0,0,QR未検出,,lockin,binary,,,27.696970,902,8,1,0.615706,,0.615706,frame_00000.png,frame_00116.png,r120_e60_f1.mp4,120 Hz,1/60,蛍光灯あり,58.848 fps,120,60,1,57,ex,max,X,4,,,frame_00000.png,frame_00116.png,QR未検出,117,1.988157
ex_X_4,lockin,0,0,QR未検出,,lockin,binary,,,28.848485,30,8,1,0.648498,,0.648498,frame_00000.png,frame_00116.png,r120_e60_f1.mp4,120 Hz,1/60,蛍光灯あり,58.848 fps,120,60,1,57,ex,max,X,4,,,frame_00000.png,frame_00116.png,QR未検出,117,1.988157
ex_X_4,lockin,0,0,QR未検出,,lockin,binary,,,28.848485,50,8,1,0.649093,,0.649093,frame_00000.png,frame_00116.png,r120_e60_f1.mp4,120 Hz,1/60,蛍光灯あり,58.848 fps,120,60,1,57,ex,max,X,4,,,frame_00000.png,frame_00116.png,QR未検出,117,1.988157
ex_X_4,lockin,0,0,QR未検出,,lockin,binary,,,28.848485,70,8,1,0.649161,,0.649161,frame_00000.png,frame_00116.png,r120_e60_f1.mp4,120 Hz,1/60,蛍光灯あり,58.848 fps,120,60,1,57,ex,max,X,4,,,frame_00000.png,frame_00116.png,QR未検出,117,1.988157
ex_X_4,lockin,0,0,QR未検出,,lockin,binary,,,28.848485,901,8,1,0.625446,,0.625446,frame_00000.png,frame_00116.png,r120_e60_f1.mp4,120 Hz,1/60,蛍光灯あり,58.848 fps,120,60,1,57,ex,max,X,4,,,frame_00000.png,frame_00116.png,QR未検出,117,1.988157
ex_X_4,lockin,0,0,QR未検出,,lockin,binary,,,28.848485,902,8,1,0.570680,,0.570680,frame_00000.png,frame_00116.png,r120_e60_f1.mp4,120 Hz,1/60,蛍光灯あり,58.848 fps,120,60,1,57,ex,max,X,4,,,frame_00000.png,frame_00116.png,QR未検出,117,1.988157
ex_X_8,lockin,0,0,QR未検出,,lockin,binary,,,8.848485,30,8,1,0.648722,,0.648722,frame_00000.png,frame_00116.png,r120_e60_f1.mp4,120 Hz,1/60,蛍光灯あり,58.848 fps,120,60,1,58,ex,max,X,8,,,frame_00000.png,frame_00116.png,QR未検出,117,1.988157
ex_X_8,lockin,0,0,QR未検出,,lockin,binary,,,8.848485,50,8,1,0.649158,,0.649158,frame_00000.png,frame_00116.png,r120_e60_f1.mp4,120 Hz,1/60,蛍光灯あり,58.848 fps,120,60,1,58,ex,max,X,8,,,frame_00000.png,frame_00116.png,QR未検出,117,1.988157
ex_X_8,lockin,0,0,QR未検出,,lockin,binary,,,8.848485,70,8,1,0.649161,,0.649161,frame_00000.png,frame_00116.png,r120_e60_f1.mp4,120 Hz,1/60,蛍光灯あり,58.848 fps,120,60,1,58,ex,max,X,8,,,frame_00000.png,frame_00116.png,QR未検出,117,1.988157
ex_X_8,lockin,0,0,QR未検出,,lockin,binary,,,8.848485,901,8,1,0.618752,,0.618752,frame_00000.png,frame_00116.png,r120_e60_f1.mp4,120 Hz,1/60,蛍光灯あり,58.848 fps,120,60,1,58,ex,max,X,8,,,frame_00000.png,frame_00116.png,QR未検出,117,1.988157
ex_X_8,lockin,0,0,QR未検出,,lockin,binary,,,8.848485,902,8,1,0.515628,,0.515628,frame_00000.png,frame_00116.png,r120_e60_f1.mp4,120 Hz,1/60,蛍光灯あり,58.848 fps,120,60,1,58,ex,max,X,8,,,frame_00000.png,frame_00116.png,QR未検出,117,1.988157
ex_X_8,lockin,0,0,QR未検出,,lockin,binary,,,14.424243,30,8,1,0.648941,,0.648941,frame_00000.png,frame_00116.png,r120_e60_f1.mp4,120 Hz,1/60,蛍光灯あり,58.848 fps,120,60,1,58,ex,max,X,8,,,frame_00000.png,frame_00116.png,QR未検出,117,1.988157
ex_X_8,lockin,0,0,QR未検出,,lockin,binary,,,14.424243,50,8,1,0.649161,,0.649161,frame_00000.png,frame_00116.png,r120_e60_f1.mp4,120 Hz,1/60,蛍光灯あり,58.848 fps,120,60,1,58,ex,max,X,8,,,frame_00000.png,frame_00116.png,QR未検出,117,1.988157
ex_X_8,lockin,0,0,QR未検出,,lockin,binary,,,14.424243,70,8,1,0.649161,,0.649161,frame_00000.png,frame_00116.png,r120_e60_f1.mp4,120 Hz,1/60,蛍光灯あり,58.848 fps,120,60,1,58,ex,max,X,8,,,frame_00000.png,frame_00116.png,QR未検出,117,1.988157
ex_X_8,lockin,0,0,QR未検出,,lockin,binary,,,14.424243,901,8,1,0.621933,,0.621933,frame_00000.png,frame_00116.png,r120_e60_f1.mp4,120 Hz,1/60,蛍光灯あり,58.848 fps,120,60,1,58,ex,max,X,8,,,frame_00000.png,frame_00116.png,QR未検出,117,1.988157
ex_X_8,lockin,0,0,QR未検出,,lockin,binary,,,14.424243,902,8,1,0.590733,,0.590733,frame_00000.png,frame_00116.png,r120_e60_f1.mp4,120 Hz,1/60,蛍光灯あり,58.848 fps,120,60,1,58,ex,max,X,8,,,frame_00000.png,frame_00116.png,QR未検出,117,1.988157
ex_X_8,lockin,0,0,QR未検出,,lockin,binary,,,27.696970,30,8,1,0.648955,,0.648955,frame_00000.png,frame_00116.png,r120_e60_f1.mp4,120 Hz,1/60,蛍光灯あり,58.848 fps,120,60,1,58,ex,max,X,8,,,frame_00000.png,frame_00116.png,QR未検出,117,1.988157
ex_X_8,lockin,0,0,QR未検出,,lockin,binary,,,27.696970,50,8,1,0.649161,,0.649161,frame_00000.png,frame_00116.png,r120_e60_f1.mp4,120 Hz,1/60,蛍光灯あり,58.848 fps,120,60,1,58,ex,max,X,8,,,frame_00000.png,frame_00116.png,QR未検出,117,1.988157
ex_X_8,lockin,0,0,QR未検出,,lockin,binary,,,27.696970,70,8,1,0.649161,,0.649161,frame_00000.png,frame_00116.png,r120_e60_f1.mp4,120 Hz,1/60,蛍光灯あり,58.848 fps,120,60,1,58,ex,max,X,8,,,frame_00000.png,frame_00116.png,QR未検出,117,1.988157
ex_X_8,lockin,0,0,QR未検出,,lockin,binary,,,27.696970,901,8,1,0.626632,,0.626632,frame_00000.png,frame_00116.png,r120_e60_f1.mp4,120 Hz,1/60,蛍光灯あり,58.848 fps,120,60,1,58,ex,max,X,8,,,frame_00000.png,frame_00116.png,QR未検出,117,1.988157
ex_X_8,lockin,0,0,QR未検出,,lockin,binary,,,27.696970,902,8,1,0.583426,,0.583426,frame_00000.png,frame_00116.png,r120_e60_f1.mp4,120 Hz,1/60,蛍光灯あり,58.848 fps,120,60,1,58,ex,max,X,8,,,frame_00000.png,frame_00116.png,QR未検出,117,1.988157
ex_X_8,lockin,0,0,QR未検出,,lockin,binary,,,28.848485,30,8,1,0.649133,,0.649133,frame_00000.png,frame_00116.png,r120_e60_f1.mp4,120 Hz,1/60,蛍光灯あり,58.848 fps,120,60,1,58,ex,max,X,8,,,frame_00000.png,frame_00116.png,QR未検出,117,1.988157
ex_X_8,lockin,1,0,QR未検出,,lockin,binary,,,28.848485,50,8,1,0.649163,,0.649163,frame_00000.png,frame_00116.png,r120_e60_f1.mp4,120 Hz,1/60,蛍光灯あり,58.848 fps,120,60,1,58,ex,max,X,8,,,frame_00000.png,frame_00116.png,QR未検出,117,1.988157
ex_X_8,lockin,0,0,QR未検出,,lockin,binary,,,28.848485,70,8,1,0.649161,,0.649161,frame_00000.png,frame_00116.png,r120_e60_f1.mp4,120 Hz,1/60,蛍光灯あり,58.848 fps,120,60,1,58,ex,max,X,8,,,frame_00000.png,frame_00116.png,QR未検出,117,1.988157
ex_X_8,lockin,0,0,QR未検出,,lockin,binary,,,28.848485,901,8,1,0.628405,,0.628405,frame_00000.png,frame_00116.png,r120_e60_f1.mp4,120 Hz,1/60,蛍光灯あり,58.848 fps,120,60,1,58,ex,max,X,8,,,frame_00000.png,frame_00116.png,QR未検出,117,1.988157
ex_X_8,lockin,0,0,QR未検出,,lockin,binary,,,28.848485,902,8,1,0.601736,,0.601736,frame_00000.png,frame_00116.png,r120_e60_f1.mp4,120 Hz,1/60,蛍光灯あり,58.848 fps,120,60,1,58,ex,max,X,8,,,frame_00000.png,frame_00116.png,QR未検出,117,1.988157
hocho_B_12,lockin,1,0,QR未検出,,lockin,binary,,,8.848485,30,8,1,0.649303,,0.649303,frame_00000.png,frame_00116.png,r120_e60_f1.mp4,120 Hz,1/60,蛍光灯あり,58.848 fps,120,60,1,32,hocho,B,B,12,,,frame_00000.png,frame_00116.png,QR未検出,117,1.988157
hocho_B_12,lockin,0,0,QR未検出,,lockin,binary,,,8.848485,50,8,1,0.649161,,0.649161,frame_00000.png,frame_00116.png,r120_e60_f1.mp4,120 Hz,1/60,蛍光灯あり,58.848 fps,120,60,1,32,hocho,B,B,12,,,frame_00000.png,frame_00116.png,QR未検出,117,1.988157
hocho_B_12,lockin,0,0,QR未検出,,lockin,binary,,,8.848485,70,8,1,0.649161,,0.649161,frame_00000.png,frame_00116.png,r120_e60_f1.mp4,120 Hz,1/60,蛍光灯あり,58.848 fps,120,60,1,32,hocho,B,B,12,,,frame_00000.png,frame_00116.png,QR未検出,117,1.988157
hocho_B_12,lockin,0,0,QR未検出,,lockin,binary,,,8.848485,901,8,1,0.627360,,0.627360,frame_00000.png,frame_00116.png,r120_e60_f1.mp4,120 Hz,1/60,蛍光灯あり,58.848 fps,120,60,1,32,hocho,B,B,12,,,frame_00000.png,frame_00116.png,QR未検出,117,1.988157
hocho_B_12,lockin,0,0,QR未検出,,lockin,binary,,,8.848485,902,8,1,0.559685,,0.559685,frame_00000.png,frame_00116.png,r120_e60_f1.mp4,120 Hz,1/60,蛍光灯あり,58.848 fps,120,60,1,32,hocho,B,B,12,,,frame_00000.png,frame_00116.png,QR未検出,117,1.988157
hocho_B_12,lockin,0,0,QR未検出,,lockin,binary,,,14.424243,30,8,1,0.649011,,0.649011,frame_00000.png,frame_00116.png,r120_e60_f1.mp4,120 Hz,1/60,蛍光灯あり,58.848 fps,120,60,1,32,hocho,B,B,12,,,frame_00000.png,frame_00116.png,QR未検出,117,1.988157
hocho_B_12,lockin,0,0,QR未検出,,lockin,binary,,,14.424243,50,8,1,0.649152,,0.649152,frame_00000.png,frame_00116.png,r120_e60_f1.mp4,120 Hz,1/60,蛍光灯あり,58.848 fps,120,60,1,32,hocho,B,B,12,,,frame_00000.png,frame_00116.png,QR未検出,117,1.988157
hocho_B_12,lockin,0,0,QR未検出,,lockin,binary,,,14.424243,70,8,1,0.649161,,0.649161,frame_00000.png,frame_00116.png,r120_e60_f1.mp4,120 Hz,1/60,蛍光灯あり,58.848 fps,120,60,1,32,hocho,B,B,12,,,frame_00000.png,frame_00116.png,QR未検出,117,1.988157
hocho_B_12,lockin,0,0,QR未検出,,lockin,binary,,,14.424243,901,8,1,0.625805,,0.625805,frame_00000.png,frame_00116.png,r120_e60_f1.mp4,120 Hz,1/60,蛍光灯あり,58.848 fps,120,60,1,32,hocho,B,B,12,,,frame_00000.png,frame_00116.png,QR未検出,117,1.988157
hocho_B_12,lockin,0,0,QR未検出,,lockin,binary,,,14.424243,902,8,1,0.548706,,0.548706,frame_00000.png,frame_00116.png,r120_e60_f1.mp4,120 Hz,1/60,蛍光灯あり,58.848 fps,120,60,1,32,hocho,B,B,12,,,frame_00000.png,frame_00116.png,QR未検出,117,1.988157
hocho_B_12,lockin,0,0,QR未検出,,lockin,binary,,,27.696970,30,8,1,0.649221,,0.649221,frame_00000.png,frame_00116.png,r120_e60_f1.mp4,120 Hz,1/60,蛍光灯あり,58.848 fps,120,60,1,32,hocho,B,B,12,,,frame_00000.png,frame_00116.png,QR未検出,117,1.988157
hocho_B_12,lockin,0,0,QR未検出,,lockin,binary,,,27.696970,50,8,1,0.649175,,0.649175,frame_00000.png,frame_00116.png,r120_e60_f1.mp4,120 Hz,1/60,蛍光灯あり,58.848 fps,120,60,1,32,hocho,B,B,12,,,frame_00000.png,frame_00116.png,QR未検出,117,1.988157
hocho_B_12,lockin,0,0,QR未検出,,lockin,binary,,,27.696970,70,8,1,0.649161,,0.649161,frame_00000.png,frame_00116.png,r120_e60_f1.mp4,120 Hz,1/60,蛍光灯あり,58.848 fps,120,60,1,32,hocho,B,B,12,,,frame_00000.png,frame_00116.png,QR未検出,117,1.988157
hocho_B_12,lockin,0,0,QR未検出,,lockin,binary,,,27.696970,901,8,1,0.624263,,0.624263,frame_00000.png,frame_00116.png,r120_e60_f1.mp4,120 Hz,1/60,蛍光灯あり,58.848 fps,120,60,1,32,hocho,B,B,12,,,frame_00000.png,frame_00116.png,QR未検出,117,1.988157
hocho_B_12,lockin,0,0,QR未検出,,lockin,binary,,,27.696970,902,8,1,0.564171,,0.564171,frame_00000.png,frame_00116.png,r120_e60_f1.mp4,120 Hz,1/60,蛍光灯あり,58.848 fps,120,60,1,32,hocho,B,B,12,,,frame_00000.png,frame_00116.png,QR未検出,117,1.988157
hocho_B_12,lockin,0,0,QR未検出,,lockin,binary,,,28.848485,30,8,1,0.649049,,0.649049,frame_00000.png,frame_00116.png,r120_e60_f1.mp4,120 Hz,1/60,蛍光灯あり,58.848 fps,120,60,1,32,hocho,B,B,12,,,frame_00000.png,frame_00116.png,QR未検出,117,1.988157
hocho_B_12,lockin,0,0,QR未検出,,lockin,binary,,,28.848485,50,8,1,0.649193,,0.649193,frame_00000.png,frame_00116.png,r120_e60_f1.mp4,120 Hz,1/60,蛍光灯あり,58.848 fps,120,60,1,32,hocho,B,B,12,,,frame_00000.png,frame_00116.png,QR未検出,117,1.988157
hocho_B_12,lockin,0,0,QR未検出,,lockin,binary,,,28.848485,70,8,1,0.649161,,0.649161,frame_00000.png,frame_00116.png,r120_e60_f1.mp4,120 Hz,1/60,蛍光灯あり,58.848 fps,120,60,1,32,hocho,B,B,12,,,frame_00000.png,frame_00116.png,QR未検出,117,1.988157
hocho_B_12,lockin,0,0,QR未検出,,lockin,binary,,,28.848485,901,8,1,0.630023,,0.630023,frame_00000.png,frame_00116.png,r120_e60_f1.mp4,120 Hz,1/60,蛍光灯あり,58.848 fps,120,60,1,32,hocho,B,B,12,,,frame_00000.png,frame_00116.png,QR未検出,117,1.988157
hocho_B_12,lockin,0,0,QR未検出,,lockin,binary,,,28.848485,902,8,1,0.598290,,0.598290,frame_00000.png,frame_00116.png,r120_e60_f1.mp4,120 Hz,1/60,蛍光灯あり,58.848 fps,120,60,1,32,hocho,B,B,12,,,frame_00000.png,frame_00116.png,QR未検出,117,1.988157
hocho_B_4,lockin,0,0,QR未検出,,lockin,binary,,,8.848485,30,8,1,0.649103,,0.649103,frame_00000.png,frame_00116.png,r120_e60_f1.mp4,120 Hz,1/60,蛍光灯あり,58.848 fps,120,60,1,30,hocho,B,B,4,,,frame_00000.png,frame_00116.png,QR未検出,117,1.988157
hocho_B_4,lockin,0,0,QR未検出,,lockin,binary,,,8.848485,50,8,1,0.649161,,0.649161,frame_00000.png,frame_00116.png,r120_e60_f1.mp4,120 Hz,1/60,蛍光灯あり,58.848 fps,120,60,1,30,hocho,B,B,4,,,frame_00000.png,frame_00116.png,QR未検出,117,1.988157
hocho_B_4,lockin,0,0,QR未検出,,lockin,binary,,,8.848485,70,8,1,0.649161,,0.649161,frame_00000.png,frame_00116.png,r120_e60_f1.mp4,120 Hz,1/60,蛍光灯あり,58.848 fps,120,60,1,30,hocho,B,B,4,,,frame_00000.png,frame_00116.png,QR未検出,117,1.988157
hocho_B_4,lockin,0,0,QR未検出,,lockin,binary,,,8.848485,901,8,1,0.608439,,0.608439,frame_00000.png,frame_00116.png,r120_e60_f1.mp4,120 Hz,1/60,蛍光灯あり,58.848 fps,120,60,1,30,hocho,B,B,4,,,frame_00000.png,frame_00116.png,QR未検出,117,1.988157
hocho_B_4,lockin,0,0,QR未検出,,lockin,binary,,,8.848485,902,8,1,0.552163,,0.552163,frame_00000.png,frame_00116.png,r120_e60_f1.mp4,120 Hz,1/60,蛍光灯あり,58.848 fps,120,60,1,30,hocho,B,B,4,,,frame_00000.png,frame_00116.png,QR未検出,117,1.988157
hocho_B_4,lockin,1,0,QR未検出,,lockin,binary,,,14.424243,30,8,1,0.649259,,0.649259,frame_00000.png,frame_00116.png,r120_e60_f1.mp4,120 Hz,1/60,蛍光灯あり,58.848 fps,120,60,1,30,hocho,B,B,4,,,frame_00000.png,frame_00116.png,QR未検出,117,1.988157
hocho_B_4,lockin,0,0,QR未検出,,lockin,binary,,,14.424243,50,8,1,0.649238,,0.649238,frame_00000.png,frame_00116.png,r120_e60_f1.mp4,120 Hz,1/60,蛍光灯あり,58.848 fps,120,60,1,30,hocho,B,B,4,,,frame_00000.png,frame_00116.png,QR未検出,117,1.988157
hocho_B_4,lockin,0,0,QR未検出,,lockin,binary,,,14.424243,70,8,1,0.649161,,0.649161,frame_00000.png,frame_00116.png,r120_e60_f1.mp4,120 Hz,1/60,蛍光灯あり,58.848 fps,120,60,1,30,hocho,B,B,4,,,frame_00000.png,frame_00116.png,QR未検出,117,1.988157
hocho_B_4,lockin,0,0,QR未検出,,lockin,binary,,,14.424243,901,8,1,0.613996,,0.613996,frame_00000.png,frame_00116.png,r120_e60_f1.mp4,120 Hz,1/60,蛍光灯あり,58.848 fps,120,60,1,30,hocho,B,B,4,,,frame_00000.png,frame_00116.png,QR未検出,117,1.988157
hocho_B_4,lockin,0,0,QR未検出,,lockin,binary,,,14.424243,902,8,1,0.591490,,0.591490,frame_00000.png,frame_00116.png,r120_e60_f1.mp4,120 Hz,1/60,蛍光灯あり,58.848 fps,120,60,1,30,hocho,B,B,4,,,frame_00000.png,frame_00116.png,QR未検出,117,1.988157
hocho_B_4,lockin,0,0,QR未検出,,lockin,binary,,,27.696970,30,8,1,0.649200,,0.649200,frame_00000.png,frame_00116.png,r120_e60_f1.mp4,120 Hz,1/60,蛍光灯あり,58.848 fps,120,60,1,30,hocho,B,B,4,,,frame_00000.png,frame_00116.png,QR未検出,117,1.988157
hocho_B_4,lockin,0,0,QR未検出,,lockin,binary,,,27.696970,50,8,1,0.649161,,0.649161,frame_00000.png,frame_00116.png,r120_e60_f1.mp4,120 Hz,1/60,蛍光灯あり,58.848 fps,120,60,1,30,hocho,B,B,4,,,frame_00000.png,frame_00116.png,QR未検出,117,1.988157
hocho_B_4,lockin,0,0,QR未検出,,lockin,binary,,,27.696970,70,8,1,0.649161,,0.649161,frame_00000.png,frame_00116.png,r120_e60_f1.mp4,120 Hz,1/60,蛍光灯あり,58.848 fps,120,60,1,30,hocho,B,B,4,,,frame_00000.png,frame_00116.png,QR未検出,117,1.988157
hocho_B_4,lockin,0,0,QR未検出,,lockin,binary,,,27.696970,901,8,1,0.621985,,0.621985,frame_00000.png,frame_00116.png,r120_e60_f1.mp4,120 Hz,1/60,蛍光灯あり,58.848 fps,120,60,1,30,hocho,B,B,4,,,frame_00000.png,frame_00116.png,QR未検出,117,1.988157
hocho_B_4,lockin,0,0,QR未検出,,lockin,binary,,,27.696970,902,8,1,0.606662,,0.606662,frame_00000.png,frame_00116.png,r120_e60_f1.mp4,120 Hz,1/60,蛍光灯あり,58.848 fps,120,60,1,30,hocho,B,B,4,,,frame_00000.png,frame_00116.png,QR未検出,117,1.988157
hocho_B_4,lockin,0,0,QR未検出,,lockin,binary,,,28.848485,30,8,1,0.649238,,0.649238,frame_00000.png,frame_00116.png,r120_e60_f1.mp4,120 Hz,1/60,蛍光灯あり,58.848 fps,120,60,1,30,hocho,B,B,4,,,frame_00000.png,frame_00116.png,QR未検出,117,1.988157
hocho_B_4,lockin,0,0,QR未検出,,lockin,binary,,,28.848485,50,8,1,0.649161,,0.649161,frame_00000.png,frame_00116.png,r120_e60_f1.mp4,120 Hz,1/60,蛍光灯あり,58.848 fps,120,60,1,30,hocho,B,B,4,,,frame_00000.png,frame_00116.png,QR未検出,117,1.988157
hocho_B_4,lockin,0,0,QR未検出,,lockin,binary,,,28.848485,70,8,1,0.649161,,0.649161,frame_00000.png,frame_00116.png,r120_e60_f1.mp4,120 Hz,1/60,蛍光灯あり,58.848 fps,120,60,1,30,hocho,B,B,4,,,frame_00000.png,frame_00116.png,QR未検出,117,1.988157
hocho_B_4,lockin,0,0,QR未検出,,lockin,binary,,,28.848485,901,8,1,0.617370,,0.617370,frame_00000.png,frame_00116.png,r120_e60_f1.mp4,120 Hz,1/60,蛍光灯あり,58.848 fps,120,60,1,30,hocho,B,B,4,,,frame_00000.png,frame_00116.png,QR未検出,117,1.988157
hocho_B_4,lockin,0,0,QR未検出,,lockin,binary,,,28.848485,902,8,1,0.608914,,0.608914,frame_00000.png,frame_00116.png,r120_e60_f1.mp4,120 Hz,1/60,蛍光灯あり,58.848 fps,120,60,1,30,hocho,B,B,4,,,frame_00000.png,frame_00116.png,QR未検出,117,1.988157
hocho_B_8,lockin,0,0,QR未検出,,lockin,binary,,,8.848485,30,8,1,0.649198,,0.649198,frame_00000.png,frame_00116.png,r120_e60_f1.mp4,120 Hz,1/60,蛍光灯あり,58.848 fps,120,60,1,31,hocho,B,B,8,,,frame_00000.png,frame_00116.png,QR未検出,117,1.988157
hocho_B_8,lockin,0,0,QR未検出,,lockin,binary,,,8.848485,50,8,1,0.649161,,0.649161,frame_00000.png,frame_00116.png,r120_e60_f1.mp4,120 Hz,1/60,蛍光灯あり,58.848 fps,120,60,1,31,hocho,B,B,8,,,frame_00000.png,frame_00116.png,QR未検出,117,1.988157
hocho_B_8,lockin,0,0,QR未検出,,lockin,binary,,,8.848485,70,8,1,0.649161,,0.649161,frame_00000.png,frame_00116.png,r120_e60_f1.mp4,120 Hz,1/60,蛍光灯あり,58.848 fps,120,60,1,31,hocho,B,B,8,,,frame_00000.png,frame_00116.png,QR未検出,117,1.988157
hocho_B_8,lockin,0,0,QR未検出,,lockin,binary,,,8.848485,901,8,1,0.604364,,0.604364,frame_00000.png,frame_00116.png,r120_e60_f1.mp4,120 Hz,1/60,蛍光灯あり,58.848 fps,120,60,1,31,hocho,B,B,8,,,frame_00000.png,frame_00116.png,QR未検出,117,1.988157
hocho_B_8,lockin,0,0,QR未検出,,lockin,binary,,,8.848485,902,8,1,0.604076,,0.604076,frame_00000.png,frame_00116.png,r120_e60_f1.mp4,120 Hz,1/60,蛍光灯あり,58.848 fps,120,60,1,31,hocho,B,B,8,,,frame_00000.png,frame_00116.png,QR未検出,117,1.988157
hocho_B_8,lockin,0,0,QR未検出,,lockin,binary,,,14.424243,30,8,1,0.649173,,0.649173,frame_00000.png,frame_00116.png,r120_e60_f1.mp4,120 Hz,1/60,蛍光灯あり,58.848 fps,120,60,1,31,hocho,B,B,8,,,frame_00000.png,frame_00116.png,QR未検出,117,1.988157
hocho_B_8,lockin,0,0,QR未検出,,lockin,binary,,,14.424243,50,8,1,0.649161,,0.649161,frame_00000.png,frame_00116.png,r120_e60_f1.mp4,120 Hz,1/60,蛍光灯あり,58.848 fps,120,60,1,31,hocho,B,B,8,,,frame_00000.png,frame_00116.png,QR未検出,117,1.988157
hocho_B_8,lockin,0,0,QR未検出,,lockin,binary,,,14.424243,70,8,1,0.649161,,0.649161,frame_00000.png,frame_00116.png,r120_e60_f1.mp4,120 Hz,1/60,蛍光灯あり,58.848 fps,120,60,1,31,hocho,B,B,8,,,frame_00000.png,frame_00116.png,QR未検出,117,1.988157
hocho_B_8,lockin,0,0,QR未検出,,lockin,binary,,,14.424243,901,8,1,0.617755,,0.617755,frame_00000.png,frame_00116.png,r120_e60_f1.mp4,120 Hz,1/60,蛍光灯あり,58.848 fps,120,60,1,31,hocho,B,B,8,,,frame_00000.png,frame_00116.png,QR未検出,117,1.988157
hocho_B_8,lockin,0,0,QR未検出,,lockin,binary,,,14.424243,902,8,1,0.610409,,0.610409,frame_00000.png,frame_00116.png,r120_e60_f1.mp4,120 Hz,1/60,蛍光灯あり,58.848 fps,120,60,1,31,hocho,B,B,8,,,frame_00000.png,frame_00116.png,QR未検出,117,1.988157
hocho_B_8,lockin,1,0,QR未検出,,lockin,binary,,,27.696970,30,8,1,0.649250,,0.649250,frame_00000.png,frame_00116.png,r120_e60_f1.mp4,120 Hz,1/60,蛍光灯あり,58.848 fps,120,60,1,31,hocho,B,B,8,,,frame_00000.png,frame_00116.png,QR未検出,117,1.988157
hocho_B_8,lockin,0,0,QR未検出,,lockin,binary,,,27.696970,50,8,1,0.649161,,0.649161,frame_00000.png,frame_00116.png,r120_e60_f1.mp4,120 Hz,1/60,蛍光灯あり,58.848 fps,120,60,1,31,hocho,B,B,8,,,frame_00000.png,frame_00116.png,QR未検出,117,1.988157
hocho_B_8,lockin,0,0,QR未検出,,lockin,binary,,,27.696970,70,8,1,0.649161,,0.649161,frame_00000.png,frame_00116.png,r120_e60_f1.mp4,120 Hz,1/60,蛍光灯あり,58.848 fps,120,60,1,31,hocho,B,B,8,,,frame_00000.png,frame_00116.png,QR未検出,117,1.988157
hocho_B_8,lockin,0,0,QR未検出,,lockin,binary,,,27.696970,901,8,1,0.620969,,0.620969,frame_00000.png,frame_00116.png,r120_e60_f1.mp4,120 Hz,1/60,蛍光灯あり,58.848 fps,120,60,1,31,hocho,B,B,8,,,frame_00000.png,frame_00116.png,QR未検出,117,1.988157
hocho_B_8,lockin,0,0,QR未検出,,lockin,binary,,,27.696970,902,8,1,0.597443,,0.597443,frame_00000.png,frame_00116.png,r120_e60_f1.mp4,120 Hz,1/60,蛍光灯あり,58.848 fps,120,60,1,31,hocho,B,B,8,,,frame_00000.png,frame_00116.png,QR未検出,117,1.988157
hocho_B_8,lockin,0,0,QR未検出,,lockin,binary,,,28.848485,30,8,1,0.649124,,0.649124,frame_00000.png,frame_00116.png,r120_e60_f1.mp4,120 Hz,1/60,蛍光灯あり,58.848 fps,120,60,1,31,hocho,B,B,8,,,frame_00000.png,frame_00116.png,QR未検出,117,1.988157
hocho_B_8,lockin,0,0,QR未検出,,lockin,binary,,,28.848485,50,8,1,0.649161,,0.649161,frame_00000.png,frame_00116.png,r120_e60_f1.mp4,120 Hz,1/60,蛍光灯あり,58.848 fps,120,60,1,31,hocho,B,B,8,,,frame_00000.png,frame_00116.png,QR未検出,117,1.988157
hocho_B_8,lockin,0,0,QR未検出,,lockin,binary,,,28.848485,70,8,1,0.649161,,0.649161,frame_00000.png,frame_00116.png,r120_e60_f1.mp4,120 Hz,1/60,蛍光灯あり,58.848 fps,120,60,1,31,hocho,B,B,8,,,frame_00000.png,frame_00116.png,QR未検出,117,1.988157
hocho_B_8,lockin,0,0,QR未検出,,lockin,binary,,,28.848485,901,8,1,0.617417,,0.617417,frame_00000.png,frame_00116.png,r120_e60_f1.mp4,120 Hz,1/60,蛍光灯あり,58.848 fps,120,60,1,31,hocho,B,B,8,,,frame_00000.png,frame_00116.png,QR未検出,117,1.988157
hocho_B_8,lockin,0,0,QR未検出,,lockin,binary,,,28.848485,902,8,1,0.571695,,0.571695,frame_00000.png,frame_00116.png,r120_e60_f1.mp4,120 Hz,1/60,蛍光灯あり,58.848 fps,120,60,1,31,hocho,B,B,8,,,frame_00000.png,frame_00116.png,QR未検出,117,1.988157
hocho_G_12,lockin,0,0,QR未検出,,lockin,binary,,,8.848485,30,8,1,0.649039,,0.649039,frame_00000.png,frame_00116.png,r120_e60_f1.mp4,120 Hz,1/60,蛍光灯あり,58.848 fps,120,60,1,20,hocho,G,G,12,,,frame_00000.png,frame_00116.png,QR未検出,117,1.988157
hocho_G_12,lockin,0,0,QR未検出,,lockin,binary,,,8.848485,50,8,1,0.649140,,0.649140,frame_00000.png,frame_00116.png,r120_e60_f1.mp4,120 Hz,1/60,蛍光灯あり,58.848 fps,120,60,1,20,hocho,G,G,12,,,frame_00000.png,frame_00116.png,QR未検出,117,1.988157
hocho_G_12,lockin,0,0,QR未検出,,lockin,binary,,,8.848485,70,8,1,0.649161,,0.649161,frame_00000.png,frame_00116.png,r120_e60_f1.mp4,120 Hz,1/60,蛍光灯あり,58.848 fps,120,60,1,20,hocho,G,G,12,,,frame_00000.png,frame_00116.png,QR未検出,117,1.988157
hocho_G_12,lockin,0,0,QR未検出,,lockin,binary,,,8.848485,901,8,1,0.602382,,0.602382,frame_00000.png,frame_00116.png,r120_e60_f1.mp4,120 Hz,1/60,蛍光灯あり,58.848 fps,120,60,1,20,hocho,G,G,12,,,frame_00000.png,frame_00116.png,QR未検出,117,1.988157
hocho_G_12,lockin,0,0,QR未検出,,lockin,binary,,,8.848485,902,8,1,0.581414,,0.581414,frame_00000.png,frame_00116.png,r120_e60_f1.mp4,120 Hz,1/60,蛍光灯あり,58.848 fps,120,60,1,20,hocho,G,G,12,,,frame_00000.png,frame_00116.png,QR未検出,117,1.988157
hocho_G_12,lockin,0,0,QR未検出,,lockin,binary,,,14.424243,30,8,1,0.649154,,0.649154,frame_00000.png,frame_00116.png,r120_e60_f1.mp4,120 Hz,1/60,蛍光灯あり,58.848 fps,120,60,1,20,hocho,G,G,12,,,frame_00000.png,frame_00116.png,QR未検出,117,1.988157
hocho_G_12,lockin,1,0,QR未検出,,lockin,binary,,,14.424243,50,8,1,0.649238,,0.649238,frame_00000.png,frame_00116.png,r120_e60_f1.mp4,120 Hz,1/60,蛍光灯あり,58.848 fps,120,60,1,20,hocho,G,G,12,,,frame_00000.png,frame_00116.png,QR未検出,117,1.988157
hocho_G_12,lockin,0,0,QR未検出,,lockin,binary,,,14.424243,70,8,1,0.649161,,0.649161,frame_00000.png,frame_00116.png,r120_e60_f1.mp4,120 Hz,1/60,蛍光灯あり,58.848 fps,120,60,1,20,hocho,G,G,12,,,frame_00000.png,frame_00116.png,QR未検出,117,1.988157
hocho_G_12,lockin,0,0,QR未検出,,lockin,binary,,,14.424243,901,8,1,0.613003,,0.613003,frame_00000.png,frame_00116.png,r120_e60_f1.mp4,120 Hz,1/60,蛍光灯あり,58.848 fps,120,60,1,20,hocho,G,G,12,,,frame_00000.png,frame_00116.png,QR未検出,117,1.988157
hocho_G_12,lockin,0,0,QR未検出,,lockin,binary,,,14.424243,902,8,1,0.563326,,0.563326,frame_00000.png,frame_00116.png,r120_e60_f1.mp4,120 Hz,1/60,蛍光灯あり,58.848 fps,120,60,1,20,hocho,G,G,12,,,frame_00000.png,frame_00116.png,QR未検出,117,1.988157
hocho_G_12,lockin,0,0,QR未検出,,lockin,binary,,,27.696970,30,8,1,0.648960,,0.648960,frame_00000.png,frame_00116.png,r120_e60_f1.mp4,120 Hz,1/60,蛍光灯あり,58.848 fps,120,60,1,20,hocho,G,G,12,,,frame_00000.png,frame_00116.png,QR未検出,117,1.988157
hocho_G_12,lockin,0,0,QR未検出,,lockin,binary,,,27.696970,50,8,1,0.649040,,0.649040,frame_00000.png,frame_00116.png,r120_e60_f1.mp4,120 Hz,1/60,蛍光灯あり,58.848 fps,120,60,1,20,hocho,G,G,12,,,frame_00000.png,frame_00116.png,QR未検出,117,1.988157
hocho_G_12,lockin,0,0,QR未検出,,lockin,binary,,,27.696970,70,8,1,0.649161,,0.649161,frame_00000.png,frame_00116.png,r120_e60_f1.mp4,120 Hz,1/60,蛍光灯あり,58.848 fps,120,60,1,20,hocho,G,G,12,,,frame_00000.png,frame_00116.png,QR未検出,117,1.988157
hocho_G_12,lockin,0,0,QR未検出,,lockin,binary,,,27.696970,901,8,1,0.623306,,0.623306,frame_00000.png,frame_00116.png,r120_e60_f1.mp4,120 Hz,1/60,蛍光灯あり,58.848 fps,120,60,1,20,hocho,G,G,12,,,frame_00000.png,frame_00116.png,QR未検出,117,1.988157
hocho_G_12,lockin,0,0,QR未検出,,lockin,binary,,,27.696970,902,8,1,0.626267,,0.626267,frame_00000.png,frame_00116.png,r120_e60_f1.mp4,120 Hz,1/60,蛍光灯あり,58.848 fps,120,60,1,20,hocho,G,G,12,,,frame_00000.png,frame_00116.png,QR未検出,117,1.988157
hocho_G_12,lockin,0,0,QR未検出,,lockin,binary,,,28.848485,30,8,1,0.648845,,0.648845,frame_00000.png,frame_00116.png,r120_e60_f1.mp4,120 Hz,1/60,蛍光灯あり,58.848 fps,120,60,1,20,hocho,G,G,12,,,frame_00000.png,frame_00116.png,QR未検出,117,1.988157
hocho_G_12,lockin,0,0,QR未検出,,lockin,binary,,,28.848485,50,8,1,0.649109,,0.649109,frame_00000.png,frame_00116.png,r120_e60_f1.mp4,120 Hz,1/60,蛍光灯あり,58.848 fps,120,60,1,20,hocho,G,G,12,,,frame_00000.png,frame_00116.png,QR未検出,117,1.988157
hocho_G_12,lockin,0,0,QR未検出,,lockin,binary,,,28.848485,70,8,1,0.649161,,0.649161,frame_00000.png,frame_00116.png,r120_e60_f1.mp4,120 Hz,1/60,蛍光灯あり,58.848 fps,120,60,1,20,hocho,G,G,12,,,frame_00000.png,frame_00116.png,QR未検出,117,1.988157
hocho_G_12,lockin,0,0,QR未検出,,lockin,binary,,,28.848485,901,8,1,0.619335,,0.619335,frame_00000.png,frame_00116.png,r120_e60_f1.mp4,120 Hz,1/60,蛍光灯あり,58.848 fps,120,60,1,20,hocho,G,G,12,,,frame_00000.png,frame_00116.png,QR未検出,117,1.988157
hocho_G_12,lockin,0,0,QR未検出,,lockin,binary,,,28.848485,902,8,1,0.590703,,0.590703,frame_00000.png,frame_00116.png,r120_e60_f1.mp4,120 Hz,1/60,蛍光灯あり,58.848 fps,120,60,1,20,hocho,G,G,12,,,frame_00000.png,frame_00116.png,QR未検出,117,1.988157
hocho_G_4,lockin,1,0,QR未検出,,lockin,binary,,,8.848485,30,8,1,0.649308,,0.649308,frame_00000.png,frame_00116.png,r120_e60_f1.mp4,120 Hz,1/60,蛍光灯あり,58.848 fps,120,60,1,18,hocho,G,G,4,,,frame_00000.png,frame_00116.png,QR未検出,117,1.988157
hocho_G_4,lockin,0,0,QR未検出,,lockin,binary,,,8.848485,50,8,1,0.649200,,0.649200,frame_00000.png,frame_00116.png,r120_e60_f1.mp4,120 Hz,1/60,蛍光灯あり,58.848 fps,120,60,1,18,hocho,G,G,4,,,frame_00000.png,frame_00116.png,QR未検出,117,1.988157
hocho_G_4,lockin,0,0,QR未検出,,lockin,binary,,,8.848485,70,8,1,0.649161,,0.649161,frame_00000.png,frame_00116.png,r120_e60_f1.mp4,120 Hz,1/60,蛍光灯あり,58.848 fps,120,60,1,18,hocho,G,G,4,,,frame_00000.png,frame_00116.png,QR未検出,117,1.988157
hocho_G_4,lockin,0,0,QR未検出,,lockin,binary,,,8.848485,901,8,1,0.610114,,0.610114,frame_00000.png,frame_00116.png,r120_e60_f1.mp4,120 Hz,1/60,蛍光灯あり,58.848 fps,120,60,1,18,hocho,G,G,4,,,frame_00000.png,frame_00116.png,QR未検出,117,1.988157
hocho_G_4,lockin,0,0,QR未検出,,lockin,binary,,,8.848485,902,8,1,0.558806,,0.558806,frame_00000.png,frame_00116.png,r120_e60_f1.mp4,120 Hz,1/60,蛍光灯あり,58.848 fps,120,60,1,18,hocho,G,G,4,,,frame_00000.png,frame_00116.png,QR未検出,117,1.988157
hocho_G_4,lockin,0,0,QR未検出,,lockin,binary,,,14.424243,30,8,1,0.649005,,0.649005,frame_00000.png,frame_00116.png,r120_e60_f1.mp4,120 Hz,1/60,蛍光灯あり,58.848 fps,120,60,1,18,hocho,G,G,4,,,frame_00000.png,frame_00116.png,QR未検出,117,1.988157
hocho_G_4,lockin,0,0,QR未検出,,lockin,binary,,,14.424243,50,8,1,0.649161,,0.649161,frame_00000.png,frame_00116.png,r120_e60_f1.mp4,120 Hz,1/60,蛍光灯あり,58.848 fps,120,60,1,18,hocho,G,G,4,,,frame_00000.png,frame_00116.png,QR未検出,117,1.988157
hocho_G_4,lockin,0,0,QR未検出,,lockin,binary,,,14.424243,70,8,1,0.649161,,0.649161,frame_00000.png,frame_00116.png,r120_e60_f1.mp4,120 Hz,1/60,蛍光灯あり,58.848 fps,120,60,1,18,hocho,G,G,4,,,frame_00000.png,frame_00116.png,QR未検出,117,1.988157
hocho_G_4,lockin,0,0,QR未検出,,lockin,binary,,,14.424243,901,8,1,0.615973,,0.615973,frame_00000.png,frame_00116.png,r120_e60_f1.mp4,120 Hz,1/60,蛍光灯あり,58.848 fps,120,60,1,18,hocho,G,G,4,,,frame_00000.png,frame_00116.png,QR未検出,117,1.988157
hocho_G_4,lockin,0,0,QR未検出,,lockin,binary,,,14.424243,902,8,1,0.596363,,0.596363,frame_00000.png,frame_00116.png,r120_e60_f1.mp4,120 Hz,1/60,蛍光灯あり,58.848 fps,120,60,1,18,hocho,G,G,4,,,frame_00000.png,frame_00116.png,QR未検出,117,1.988157
hocho_G_4,lockin,0,0,QR未検出,,lockin,binary,,,27.696970,30,8,1,0.649018,,0.649018,frame_00000.png,frame_00116.png,r120_e60_f1.mp4,120 Hz,1/60,蛍光灯あり,58.848 fps,120,60,1,18,hocho,G,G,4,,,frame_00000.png,frame_00116.png,QR未検出,117,1.988157
hocho_G_4,lockin,0,0,QR未検出,,lockin,binary,,,27.696970,50,8,1,0.649170,,0.649170,frame_00000.png,frame_00116.png,r120_e60_f1.mp4,120 Hz,1/60,蛍光灯あり,58.848 fps,120,60,1,18,hocho,G,G,4,,,frame_00000.png,frame_00116.png,QR未検出,117,1.988157
hocho_G_4,lockin,0,0,QR未検出,,lockin,binary,,,27.696970,70,8,1,0.649238,,0.649238,frame_00000.png,frame_00116.png,r120_e60_f1.mp4,120 Hz,1/60,蛍光灯あり,58.848 fps,120,60,1,18,hocho,G,G,4,,,frame_00000.png,frame_00116.png,QR未検出,117,1.988157
hocho_G_4,lockin,0,0,QR未検出,,lockin,binary,,,27.696970,901,8,1,0.626179,,0.626179,frame_00000.png,frame_00116.png,r120_e60_f1.mp4,120 Hz,1/60,蛍光灯あり,58.848 fps,120,60,1,18,hocho,G,G,4,,,frame_00000.png,frame_00116.png,QR未検出,117,1.988157
hocho_G_4,lockin,0,0,QR未検出,,lockin,binary,,,27.696970,902,8,1,0.583605,,0.583605,frame_00000.png,frame_00116.png,r120_e60_f1.mp4,120 Hz,1/60,蛍光灯あり,58.848 fps,120,60,1,18,hocho,G,G,4,,,frame_00000.png,frame_00116.png,QR未検出,117,1.988157
hocho_G_4,lockin,0,0,QR未検出,,lockin,binary,,,28.848485,30,8,1,0.649198,,0.649198,frame_00000.png,frame_00116.png,r120_e60_f1.mp4,120 Hz,1/60,蛍光灯あり,58.848 fps,120,60,1,18,hocho,G,G,4,,,frame_00000.png,frame_00116.png,QR未検出,117,1.988157
hocho_G_4,lockin,0,0,QR未検出,,lockin,binary,,,28.848485,50,8,1,0.649161,,0.649161,frame_00000.png,frame_00116.png,r120_e60_f1.mp4,120 Hz,1/60,蛍光灯あり,58.848 fps,120,60,1,18,hocho,G,G,4,,,frame_00000.png,frame_00116.png,QR未検出,117,1.988157
hocho_G_4,lockin,0,0,QR未検出,,lockin,binary,,,28.848485,70,8,1,0.649161,,0.649161,frame_00000.png,frame_00116.png,r120_e60_f1.mp4,120 Hz,1/60,蛍光灯あり,58.848 fps,120,60,1,18,hocho,G,G,4,,,frame_00000.png,frame_00116.png,QR未検出,117,1.988157
hocho_G_4,lockin,0,0,QR未検出,,lockin,binary,,,28.848485,901,8,1,0.620029,,0.620029,frame_00000.png,frame_00116.png,r120_e60_f1.mp4,120 Hz,1/60,蛍光灯あり,58.848 fps,120,60,1,18,hocho,G,G,4,,,frame_00000.png,frame_00116.png,QR未検出,117,1.988157
hocho_G_4,lockin,0,0,QR未検出,,lockin,binary,,,28.848485,902,8,1,0.601176,,0.601176,frame_00000.png,frame_00116.png,r120_e60_f1.mp4,120 Hz,1/60,蛍光灯あり,58.848 fps,120,60,1,18,hocho,G,G,4,,,frame_00000.png,frame_00116.png,QR未検出,117,1.988157
hocho_G_8,lockin,0,0,QR未検出,,lockin,binary,,,8.848485,30,8,1,0.649068,,0.649068,frame_00000.png,frame_00116.png,r120_e60_f1.mp4,120 Hz,1/60,蛍光灯あり,58.848 fps,120,60,1,19,hocho,G,G,8,,,frame_00000.png,frame_00116.png,QR未検出,117,1.988157
hocho_G_8,lockin,0,0,QR未検出,,lockin,binary,,,8.848485,50,8,1,0.649161,,0.649161,frame_00000.png,frame_00116.png,r120_e60_f1.mp4,120 Hz,1/60,蛍光灯あり,58.848 fps,120,60,1,19,hocho,G,G,8,,,frame_00000.png,frame_00116.png,QR未検出,117,1.988157
hocho_G_8,lockin,0,0,QR未検出,,lockin,binary,,,8.848485,70,8,1,0.649161,,0.649161,frame_00000.png,frame_00116.png,r120_e60_f1.mp4,120 Hz,1/60,蛍光灯あり,58.848 fps,120,60,1,19,hocho,G,G,8,,,frame_00000.png,frame_00116.png,QR未検出,117,1.988157
hocho_G_8,lockin,0,0,QR未検出,,lockin,binary,,,8.848485,901,8,1,0.610018,,0.610018,frame_00000.png,frame_00116.png,r120_e60_f1.mp4,120 Hz,1/60,蛍光灯あり,58.848 fps,120,60,1,19,hocho,G,G,8,,,frame_00000.png,frame_00116.png,QR未検出,117,1.988157
hocho_G_8,lockin,0,0,QR未検出,,lockin,binary,,,8.848485,902,8,1,0.568995,,0.568995,frame_00000.png,frame_00116.png,r120_e60_f1.mp4,120 Hz,1/60,蛍光灯あり,58.848 fps,120,60,1,19,hocho,G,G,8,,,frame_00000.png,frame_00116.png,QR未検出,117,1.988157
hocho_G_8,lockin,0,0,QR未検出,,lockin,binary,,,14.424243,30,8,1,0.649019,,0.649019,frame_00000.png,frame_00116.png,r120_e60_f1.mp4,120 Hz,1/60,蛍光灯あり,58.848 fps,120,60,1,19,hocho,G,G,8,,,frame_00000.png,frame_00116.png,QR未検出,117,1.988157
hocho_G_8,lockin,0,0,QR未検出,,lockin,binary,,,14.424243,50,8,1,0.649161,,0.649161,frame_00000.png,frame_00116.png,r120_e60_f1.mp4,120 Hz,1/60,蛍光灯あり,58.848 fps,120,60,1,19,hocho,G,G,8,,,frame_00000.png,frame_00116.png,QR未検出,117,1.988157
hocho_G_8,lockin,0,0,QR未検出,,lockin,binary,,,14.424243,70,8,1,0.649161,,0.649161,frame_00000.png,frame_00116.png,r120_e60_f1.mp4,120 Hz,1/60,蛍光灯あり,58.848 fps,120,60,1,19,hocho,G,G,8,,,frame_00000.png,frame_00116.png,QR未検出,117,1.988157
hocho_G_8,lockin,0,0,QR未検出,,lockin,binary,,,14.424243,901,8,1,0.618731,,0.618731,frame_00000.png,frame_00116.png,r120_e60_f1.mp4,120 Hz,1/60,蛍光灯あり,58.848 fps,120,60,1,19,hocho,G,G,8,,,frame_00000.png,frame_00116.png,QR未検出,117,1.988157
hocho_G_8,lockin,0,0,QR未検出,,lockin,binary,,,14.424243,902,8,1,0.586901,,0.586901,frame_00000.png,frame_00116.png,r120_e60_f1.mp4,120 Hz,1/60,蛍光灯あり,58.848 fps,120,60,1,19,hocho,G,G,8,,,frame_00000.png,frame_00116.png,QR未検出,117,1.988157
hocho_G_8,lockin,1,0,QR未検出,,lockin,binary,,,27.696970,30,8,1,0.649266,,0.649266,frame_00000.png,frame_00116.png,r120_e60_f1.mp4,120 Hz,1/60,蛍光灯あり,58.848 fps,120,60,1,19,hocho,G,G,8,,,frame_00000.png,frame_00116.png,QR未検出,117,1.988157
hocho_G_8,lockin,0,0,QR未検出,,lockin,binary,,,27.696970,50,8,1,0.649168,,0.649168,frame_00000.png,frame_00116.png,r120_e60_f1.mp4,120 Hz,1/60,蛍光灯あり,58.848 fps,120,60,1,19,hocho,G,G,8,,,frame_00000.png,frame_00116.png,QR未検出,117,1.988157
hocho_G_8,lockin,0,0,QR未検出,,lockin,binary,,,27.696970,70,8,1,0.649161,,0.649161,frame_00000.png,frame_00116.png,r120_e60_f1.mp4,120 Hz,1/60,蛍光灯あり,58.848 fps,120,60,1,19,hocho,G,G,8,,,frame_00000.png,frame_00116.png,QR未検出,117,1.988157
hocho_G_8,lockin,0,0,QR未検出,,lockin,binary,,,27.696970,901,8,1,0.625878,,0.625878,frame_00000.png,frame_00116.png,r120_e60_f1.mp4,120 Hz,1/60,蛍光灯あり,58.848 fps,120,60,1,19,hocho,G,G,8,,,frame_00000.png,frame_00116.png,QR未検出,117,1.988157
hocho_G_8,lockin,0,0,QR未検出,,lockin,binary,,,27.696970,902,8,1,0.589557,,0.589557,frame_00000.png,frame_00116.png,r120_e60_f1.mp4,120 Hz,1/60,蛍光灯あり,58.848 fps,120,60,1,19,hocho,G,G,8,,,frame_00000.png,frame_00116.png,QR未検出,117,1.988157
hocho_G_8,lockin,0,0,QR未検出,,lockin,binary,,,28.848485,30,8,1,0.649005,,0.649005,frame_00000.png,frame_00116.png,r120_e60_f1.mp4,120 Hz,1/60,蛍光灯あり,58.848 fps,120,60,1,19,hocho,G,G,8,,,frame_00000.png,frame_00116.png,QR未検出,117,1.988157
hocho_G_8,lockin,0,0,QR未検出,,lockin,binary,,,28.848485,50,8,1,0.649161,,0.649161,frame_00000.png,frame_00116.png,r120_e60_f1.mp4,120 Hz,1/60,蛍光灯あり,58.848 fps,120,60,1,19,hocho,G,G,8,,,frame_00000.png,frame_00116.png,QR未検出,117,1.988157
hocho_G_8,lockin,0,0,QR未検出,,lockin,binary,,,28.848485,70,8,1,0.649161,,0.649161,frame_00000.png,frame_00116.png,r120_e60_f1.mp4,120 Hz,1/60,蛍光灯あり,58.848 fps,120,60,1,19,hocho,G,G,8,,,frame_00000.png,frame_00116.png,QR未検出,117,1.988157
hocho_G_8,lockin,0,0,QR未検出,,lockin,binary,,,28.848485,901,8,1,0.614276,,0.614276,frame_00000.png,frame_00116.png,r120_e60_f1.mp4,120 Hz,1/60,蛍光灯あり,58.848 fps,120,60,1,19,hocho,G,G,8,,,frame_00000.png,frame_00116.png,QR未検出,117,1.988157
hocho_G_8,lockin,0,0,QR未検出,,lockin,binary,,,28.848485,902,8,1,0.615342,,0.615342,frame_00000.png,frame_00116.png,r120_e60_f1.mp4,120 Hz,1/60,蛍光灯あり,58.848 fps,120,60,1,19,hocho,G,G,8,,,frame_00000.png,frame_00116.png,QR未検出,117,1.988157
hocho_I_12,lockin,0,0,QR未検出,,lockin,binary,,,8.848485,30,8,1,0.649105,,0.649105,frame_00000.png,frame_00116.png,r120_e60_f1.mp4,120 Hz,1/60,蛍光灯あり,58.848 fps,120,60,1,44,hocho,min,I,12,,,frame_00000.png,frame_00116.png,QR未検出,117,1.988157
hocho_I_12,lockin,1,0,QR未検出,,lockin,binary,,,8.848485,50,8,1,0.649161,,0.649161,frame_00000.png,frame_00116.png,r120_e60_f1.mp4,120 Hz,1/60,蛍光灯あり,58.848 fps,120,60,1,44,hocho,min,I,12,,,frame_00000.png,frame_00116.png,QR未検出,117,1.988157
hocho_I_12,lockin,0,0,QR未検出,,lockin,binary,,,8.848485,70,8,1,0.649161,,0.649161,frame_00000.png,frame_00116.png,r120_e60_f1.mp4,120 Hz,1/60,蛍光灯あり,58.848 fps,120,60,1,44,hocho,min,I,12,,,frame_00000.png,frame_00116.png,QR未検出,117,1.988157
hocho_I_12,lockin,0,0,QR未検出,,lockin,binary,,,8.848485,901,8,1,0.617448,,0.617448,frame_00000.png,frame_00116.png,r120_e60_f1.mp4,120 Hz,1/60,蛍光灯あり,58.848 fps,120,60,1,44,hocho,min,I,12,,,frame_00000.png,frame_00116.png,QR未検出,117,1.988157
hocho_I_12,lockin,0,0,QR未検出,,lockin,binary,,,8.848485,902,8,1,0.582696,,0.582696,frame_00000.png,frame_00116.png,r120_e60_f1.mp4,120 Hz,1/60,蛍光灯あり,58.848 fps,120,60,1,44,hocho,min,I,12,,,frame_00000.png,frame_00116.png,QR未検出,117,1.988157
hocho_I_12,lockin,0,0,QR未検出,,lockin,binary,,,14.424243,30,8,1,0.648946,,0.648946,frame_00000.png,frame_00116.png,r120_e60_f1.mp4,120 Hz,1/60,蛍光灯あり,58.848 fps,120,60,1,44,hocho,min,I,12,,,frame_00000.png,frame_00116.png,QR未検出,117,1.988157
hocho_I_12,lockin,0,0,QR未検出,,lockin,binary,,,14.424243,50,8,1,0.649082,,0.649082,frame_00000.png,frame_00116.png,r120_e60_f1.mp4,120 Hz,1/60,蛍光灯あり,58.848 fps,120,60,1,44,hocho,min,I,12,,,frame_00000.png,frame_00116.png,QR未検出,117,1.988157
hocho_I_12,lockin,0,0,QR未検出,,lockin,binary,,,14.424243,70,8,1,0.649161,,0.649161,frame_00000.png,frame_00116.png,r120_e60_f1.mp4,120 Hz,1/60,蛍光灯あり,58.848 fps,120,60,1,44,hocho,min,I,12,,,frame_00000.png,frame_00116.png,QR未検出,117,1.988157
hocho_I_12,lockin,0,0,QR未検出,,lockin,binary,,,14.424243,901,8,1,0.628606,,0.628606,frame_00000.png,frame_00116.png,r120_e60_f1.mp4,120 Hz,1/60,蛍光灯あり,58.848 fps,120,60,1,44,hocho,min,I,12,,,frame_00000.png,frame_00116.png,QR未検出,117,1.988157
hocho_I_12,lockin,0,0,QR未検出,,lockin,binary,,,14.424243,902,8,1,0.611542,,0.611542,frame_00000.png,frame_00116.png,r120_e60_f1.mp4,120 Hz,1/60,蛍光灯あり,58.848 fps,120,60,1,44,hocho,min,I,12,,,frame_00000.png,frame_00116.png,QR未検出,117,1.988157
hocho_I_12,lockin,0,0,QR未検出,,lockin,binary,,,27.696970,30,8,1,0.648866,,0.648866,frame_00000.png,frame_00116.png,r120_e60_f1.mp4,120 Hz,1/60,蛍光灯あり,58.848 fps,120,60,1,44,hocho,min,I,12,,,frame_00000.png,frame_00116.png,QR未検出,117,1.988157
hocho_I_12,lockin,0,0,QR未検出,,lockin,binary,,,27.696970,50,8,1,0.649053,,0.649053,frame_00000.png,frame_00116.png,r120_e60_f1.mp4,120 Hz,1/60,蛍光灯あり,58.848 fps,120,60,1,44,hocho,min,I,12,,,frame_00000.png,frame_00116.png,QR未検出,117,1.988157
hocho_I_12,lockin,0,0,QR未検出,,lockin,binary,,,27.696970,70,8,1,0.649161,,0.649161,frame_00000.png,frame_00116.png,r120_e60_f1.mp4,120 Hz,1/60,蛍光灯あり,58.848 fps,120,60,1,44,hocho,min,I,12,,,frame_00000.png,frame_00116.png,QR未検出,117,1.988157
hocho_I_12,lockin,0,0,QR未検出,,lockin,binary,,,27.696970,901,8,1,0.630417,,0.630417,frame_00000.png,frame_00116.png,r120_e60_f1.mp4,120 Hz,1/60,蛍光灯あり,58.848 fps,120,60,1,44,hocho,min,I,12,,,frame_00000.png,frame_00116.png,QR未検出,117,1.988157
hocho_I_12,lockin,0,0,QR未検出,,lockin,binary,,,27.696970,902,8,1,0.617879,,0.617879,frame_00000.png,frame_00116.png,r120_e60_f1.mp4,120 Hz,1/60,蛍光灯あり,58.848 fps,120,60,1,44,hocho,min,I,12,,,frame_00000.png,frame_00116.png,QR未検出,117,1.988157
hocho_I_12,lockin,0,0,QR未検出,,lockin,binary,,,28.848485,30,8,1,0.648932,,0.648932,frame_00000.png,frame_00116.png,r120_e60_f1.mp4,120 Hz,1/60,蛍光灯あり,58.848 fps,120,60,1,44,hocho,min,I,12,,,frame_00000.png,frame_00116.png,QR未検出,117,1.988157
hocho_I_12,lockin,0,0,QR未検出,,lockin,binary,,,28.848485,50,8,1,0.649035,,0.649035,frame_00000.png,frame_00116.png,r120_e60_f1.mp4,120 Hz,1/60,蛍光灯あり,58.848 fps,120,60,1,44,hocho,min,I,12,,,frame_00000.png,frame_00116.png,QR未検出,117,1.988157
hocho_I_12,lockin,0,0,QR未検出,,lockin,binary,,,28.848485,70,8,1,0.649161,,0.649161,frame_00000.png,frame_00116.png,r120_e60_f1.mp4,120 Hz,1/60,蛍光灯あり,58.848 fps,120,60,1,44,hocho,min,I,12,,,frame_00000.png,frame_00116.png,QR未検出,117,1.988157
hocho_I_12,lockin,0,0,QR未検出,,lockin,binary,,,28.848485,901,8,1,0.627899,,0.627899,frame_00000.png,frame_00116.png,r120_e60_f1.mp4,120 Hz,1/60,蛍光灯あり,58.848 fps,120,60,1,44,hocho,min,I,12,,,frame_00000.png,frame_00116.png,QR未検出,117,1.988157
hocho_I_12,lockin,0,0,QR未検出,,lockin,binary,,,28.848485,902,8,1,0.619657,,0.619657,frame_00000.png,frame_00116.png,r120_e60_f1.mp4,120 Hz,1/60,蛍光灯あり,58.848 fps,120,60,1,44,hocho,min,I,12,,,frame_00000.png,frame_00116.png,QR未検出,117,1.988157
hocho_I_4,lockin,0,0,QR未検出,,lockin,binary,,,8.848485,30,8,1,0.649161,,0.649161,frame_00000.png,frame_00116.png,r120_e60_f1.mp4,120 Hz,1/60,蛍光灯あり,58.848 fps,120,60,1,42,hocho,min,I,4,,,frame_00000.png,frame_00116.png,QR未検出,117,1.988157
hocho_I_4,lockin,0,0,QR未検出,,lockin,binary,,,8.848485,50,8,1,0.649161,,0.649161,frame_00000.png,frame_00116.png,r120_e60_f1.mp4,120 Hz,1/60,蛍光灯あり,58.848 fps,120,60,1,42,hocho,min,I,4,,,frame_00000.png,frame_00116.png,QR未検出,117,1.988157
hocho_I_4,lockin,0,0,QR未検出,,lockin,binary,,,8.848485,70,8,1,0.649161,,0.649161,frame_00000.png,frame_00116.png,r120_e60_f1.mp4,120 Hz,1/60,蛍光灯あり,58.848 fps,120,60,1,42,hocho,min,I,4,,,frame_00000.png,frame_00116.png,QR未検出,117,1.988157
hocho_I_4,lockin,0,0,QR未検出,,lockin,binary,,,8.848485,901,8,1,0.606665,,0.606665,frame_00000.png,frame_00116.png,r120_e60_f1.mp4,120 Hz,1/60,蛍光灯あり,58.848 fps,120,60,1,42,hocho,min,I,4,,,frame_00000.png,frame_00116.png,QR未検出,117,1.988157
hocho_I_4,lockin,0,0,QR未検出,,lockin,binary,,,8.848485,902,8,1,0.577244,,0.577244,frame_00000.png,frame_00116.png,r120_e60_f1.mp4,120 Hz,1/60,蛍光灯あり,58.848 fps,120,60,1,42,hocho,min,I,4,,,frame_00000.png,frame_00116.png,QR未検出,117,1.988157
hocho_I_4,lockin,0,0,QR未検出,,lockin,binary,,,14.424243,30,8,1,0.648881,,0.648881,frame_00000.png,frame_00116.png,r120_e60_f1.mp4,120 Hz,1/60,蛍光灯あり,58.848 fps,120,60,1,42,hocho,min,I,4,,,frame_00000.png,frame_00116.png,QR未検出,117,1.988157
hocho_I_4,lockin,0,0,QR未検出,,lockin,binary,,,14.424243,50,8,1,0.649137,,0.649137,frame_00000.png,frame_00116.png,r120_e60_f1.mp4,120 Hz,1/60,蛍光灯あり,58.848 fps,120,60,1,42,hocho,min,I,4,,,frame_00000.png,frame_00116.png,QR未検出,117,1.988157
hocho_I_4,lockin,0,0,QR未検出,,lockin,binary,,,14.424243,70,8,1,0.649161,,0.649161,frame_00000.png,frame_00116.png,r120_e60_f1.mp4,120 Hz,1/60,蛍光灯あり,58.848 fps,120,60,1,42,hocho,min,I,4,,,frame_00000.png,frame_00116.png,QR未検出,117,1.988157
hocho_I_4,lockin,0,0,QR未検出,,lockin,binary,,,14.424243,901,8,1,0.606235,,0.606235,frame_00000.png,frame_00116.png,r120_e60_f1.mp4,120 Hz,1/60,蛍光灯あり,58.848 fps,120,60,1,42,hocho,min,I,4,,,frame_00000.png,frame_00116.png,QR未検出,117,1.988157
hocho_I_4,lockin,0,0,QR未検出,,lockin,binary,,,14.424243,902,8,1,0.593516,,0.593516,frame_00000.png,frame_00116.png,r120_e60_f1.mp4,120 Hz,1/60,蛍光灯あり,58.848 fps,120,60,1,42,hocho,min,I,4,,,frame_00000.png,frame_00116.png,QR未検出,117,1.988157
hocho_I_4,lockin,0,0,QR未検出,,lockin,binary,,,27.696970,30,8,1,0.649096,,0.649096,frame_00000.png,frame_00116.png,r120_e60_f1.mp4,120 Hz,1/60,蛍光灯あり,58.848 fps,120,60,1,42,hocho,min,I,4,,,frame_00000.png,frame_00116.png,QR未検出,117,1.988157
hocho_I_4,lockin,0,0,QR未検出,,lockin,binary,,,27.696970,50,8,1,0.649186,,0.649186,frame_00000.png,frame_00116.png,r120_e60_f1.mp4,120 Hz,1/60,蛍光灯あり,58.848 fps,120,60,1,42,hocho,min,I,4,,,frame_00000.png,frame_00116.png,QR未検出,117,1.988157
hocho_I_4,lockin,1,0,QR未検出,,lockin,binary,,,27.696970,70,8,1,0.649231,,0.649231,frame_00000.png,frame_00116.png,r120_e60_f1.mp4,120 Hz,1/60,蛍光灯あり,58.848 fps,120,60,1,42,hocho,min,I,4,,,frame_00000.png,frame_00116.png,QR未検出,117,1.988157
hocho_I_4,lockin,0,0,QR未検出,,lockin,binary,,,27.696970,901,8,1,0.617280,,0.617280,frame_00000.png,frame_00116.png,r120_e60_f1.mp4,120 Hz,1/60,蛍光灯あり,58.848 fps,120,60,1,42,hocho,min,I,4,,,frame_00000.png,frame_00116.png,QR未検出,117,1.988157
hocho_I_4,lockin,0,0,QR未検出,,lockin,binary,,,27.696970,902,8,1,0.608924,,0.608924,frame_00000.png,frame_00116.png,r120_e60_f1.mp4,120 Hz,1/60,蛍光灯あり,58.848 fps,120,60,1,42,hocho,min,I,4,,,frame_00000.png,frame_00116.png,QR未検出,117,1.988157
hocho_I_4,lockin,0,0,QR未検出,,lockin,binary,,,28.848485,30,8,1,0.649114,,0.649114,frame_00000.png,frame_00116.png,r120_e60_f1.mp4,120 Hz,1/60,蛍光灯あり,58.848 fps,120,60,1,42,hocho,min,I,4,,,frame_00000.png,frame_00116.png,QR未検出,117,1.988157
hocho_I_4,lockin,0,0,QR未検出,,lockin,binary,,,28.848485,50,8,1,0.649161,,0.649161,frame_00000.png,frame_00116.png,r120_e60_f1.mp4,120 Hz,1/60,蛍光灯あり,58.848 fps,120,60,1,42,hocho,min,I,4,,,frame_00000.png,frame_00116.png,QR未検出,117,1.988157
hocho_I_4,lockin,0,0,QR未検出,,lockin,binary,,,28.848485,70,8,1,0.649161,,0.649161,frame_00000.png,frame_00116.png,r120_e60_f1.mp4,120 Hz,1/60,蛍光灯あり,58.848 fps,120,60,1,42,hocho,min,I,4,,,frame_00000.png,frame_00116.png,QR未検出,117,1.988157
hocho_I_4,lockin,0,0,QR未検出,,lockin,binary,,,28.848485,901,8,1,0.617433,,0.617433,frame_00000.png,frame_00116.png,r120_e60_f1.mp4,120 Hz,1/60,蛍光灯あり,58.848 fps,120,60,1,42,hocho,min,I,4,,,frame_00000.png,frame_00116.png,QR未検出,117,1.988157
hocho_I_4,lockin,0,0,QR未検出,,lockin,binary,,,28.848485,902,8,1,0.610228,,0.610228,frame_00000.png,frame_00116.png,r120_e60_f1.mp4,120 Hz,1/60,蛍光灯あり,58.848 fps,120,60,1,42,hocho,min,I,4,,,frame_00000.png,frame_00116.png,QR未検出,117,1.988157
hocho_I_8,lockin,1,0,QR未検出,,lockin,binary,,,8.848485,30,8,1,0.649166,,0.649166,frame_00000.png,frame_00116.png,r120_e60_f1.mp4,120 Hz,1/60,蛍光灯あり,58.848 fps,120,60,1,43,hocho,min,I,8,,,frame_00000.png,frame_00116.png,QR未検出,117,1.988157
hocho_I_8,lockin,0,0,QR未検出,,lockin,binary,,,8.848485,50,8,1,0.649161,,0.649161,frame_00000.png,frame_00116.png,r120_e60_f1.mp4,120 Hz,1/60,蛍光灯あり,58.848 fps,120,60,1,43,hocho,min,I,8,,,frame_00000.png,frame_00116.png,QR未検出,117,1.988157
hocho_I_8,lockin,0,0,QR未検出,,lockin,binary,,,8.848485,70,8,1,0.649161,,0.649161,frame_00000.png,frame_00116.png,r120_e60_f1.mp4,120 Hz,1/60,蛍光灯あり,58.848 fps,120,60,1,43,hocho,min,I,8,,,frame_00000.png,frame_00116.png,QR未検出,117,1.988157
hocho_I_8,lockin,0,0,QR未検出,,lockin,binary,,,8.848485,901,8,1,0.612315,,0.612315,frame_00000.png,frame_00116.png,r120_e60_f1.mp4,120 Hz,1/60,蛍光灯あり,58.848 fps,120,60,1,43,hocho,min,I,8,,,frame_00000.png,frame_00116.png,QR未検出,117,1.988157
hocho_I_8,lockin,0,0,QR未検出,,lockin,binary,,,8.848485,902,8,1,0.625703,,0.625703,frame_00000.png,frame_00116.png,r120_e60_f1.mp4,120 Hz,1/60,蛍光灯あり,58.848 fps,120,60,1,43,hocho,min,I,8,,,frame_00000.png,frame_00116.png,QR未検出,117,1.988157
hocho_I_8,lockin,0,0,QR未検出,,lockin,binary,,,14.424243,30,8,1,0.649004,,0.649004,frame_00000.png,frame_00116.png,r120_e60_f1.mp4,120 Hz,1/60,蛍光灯あり,58.848 fps,120,60,1,43,hocho,min,I,8,,,frame_00000.png,frame_00116.png,QR未検出,117,1.988157
hocho_I_8,lockin,0,0,QR未検出,,lockin,binary,,,14.424243,50,8,1,0.649161,,0.649161,frame_00000.png,frame_00116.png,r120_e60_f1.mp4,120 Hz,1/60,蛍光灯あり,58.848 fps,120,60,1,43,hocho,min,I,8,,,frame_00000.png,frame_00116.png,QR未検出,117,1.988157
hocho_I_8,lockin,0,0,QR未検出,,lockin,binary,,,14.424243,70,8,1,0.649161,,0.649161,frame_00000.png,frame_00116.png,r120_e60_f1.mp4,120 Hz,1/60,蛍光灯あり,58.848 fps,120,60,1,43,hocho,min,I,8,,,frame_00000.png,frame_00116.png,QR未検出,117,1.988157
hocho_I_8,lockin,0,0,QR未検出,,lockin,binary,,,14.424243,901,8,1,0.611316,,0.611316,frame_00000.png,frame_00116.png,r120_e60_f1.mp4,120 Hz,1/60,蛍光灯あり,58.848 fps,120,60,1,43,hocho,min,I,8,,,frame_00000.png,frame_00116.png,QR未検出,117,1.988157
hocho_I_8,lockin,0,0,QR未検出,,lockin,binary,,,14.424243,902,8,1,0.616008,,0.616008,frame_00000.png,frame_00116.png,r120_e60_f1.mp4,120 Hz,1/60,蛍光灯あり,58.848 fps,120,60,1,43,hocho,min,I,8,,,frame_00000.png,frame_00116.png,QR未検出,117,1.988157
hocho_I_8,lockin,0,0,QR未検出,,lockin,binary,,,27.696970,30,8,1,0.649063,,0.649063,frame_00000.png,frame_00116.png,r120_e60_f1.mp4,120 Hz,1/60,蛍光灯あり,58.848 fps,120,60,1,43,hocho,min,I,8,,,frame_00000.png,frame_00116.png,QR未検出,117,1.988157
hocho_I_8,lockin,0,0,QR未検出,,lockin,binary,,,27.696970,50,8,1,0.649130,,0.649130,frame_00000.png,frame_00116.png,r120_e60_f1.mp4,120 Hz,1/60,蛍光灯あり,58.848 fps,120,60,1,43,hocho,min,I,8,,,frame_00000.png,frame_00116.png,QR未検出,117,1.988157
hocho_I_8,lockin,0,0,QR未検出,,lockin,binary,,,27.696970,70,8,1,0.649161,,0.649161,frame_00000.png,frame_00116.png,r120_e60_f1.mp4,120 Hz,1/60,蛍光灯あり,58.848 fps,120,60,1,43,hocho,min,I,8,,,frame_00000.png,frame_00116.png,QR未検出,117,1.988157
hocho_I_8,lockin,0,0,QR未検出,,lockin,binary,,,27.696970,901,8,1,0.617804,,0.617804,frame_00000.png,frame_00116.png,r120_e60_f1.mp4,120 Hz,1/60,蛍光灯あり,58.848 fps,120,60,1,43,hocho,min,I,8,,,frame_00000.png,frame_00116.png,QR未検出,117,1.988157
hocho_I_8,lockin,0,0,QR未検出,,lockin,binary,,,27.696970,902,8,1,0.599709,,0.599709,frame_00000.png,frame_00116.png,r120_e60_f1.mp4,120 Hz,1/60,蛍光灯あり,58.848 fps,120,60,1,43,hocho,min,I,8,,,frame_00000.png,frame_00116.png,QR未検出,117,1.988157
hocho_I_8,lockin,0,0,QR未検出,,lockin,binary,,,28.848485,30,8,1,0.649007,,0.649007,frame_00000.png,frame_00116.png,r120_e60_f1.mp4,120 Hz,1/60,蛍光灯あり,58.848 fps,120,60,1,43,hocho,min,I,8,,,frame_00000.png,frame_00116.png,QR未検出,117,1.988157
hocho_I_8,lockin,0,0,QR未検出,,lockin,binary,,,28.848485,50,8,1,0.649063,,0.649063,frame_00000.png,frame_00116.png,r120_e60_f1.mp4,120 Hz,1/60,蛍光灯あり,58.848 fps,120,60,1,43,hocho,min,I,8,,,frame_00000.png,frame_00116.png,QR未検出,117,1.988157
hocho_I_8,lockin,0,0,QR未検出,,lockin,binary,,,28.848485,70,8,1,0.649161,,0.649161,frame_00000.png,frame_00116.png,r120_e60_f1.mp4,120 Hz,1/60,蛍光灯あり,58.848 fps,120,60,1,43,hocho,min,I,8,,,frame_00000.png,frame_00116.png,QR未検出,117,1.988157
hocho_I_8,lockin,0,0,QR未検出,,lockin,binary,,,28.848485,901,8,1,0.616792,,0.616792,frame_00000.png,frame_00116.png,r120_e60_f1.mp4,120 Hz,1/60,蛍光灯あり,58.848 fps,120,60,1,43,hocho,min,I,8,,,frame_00000.png,frame_00116.png,QR未検出,117,1.988157
hocho_I_8,lockin,0,0,QR未検出,,lockin,binary,,,28.848485,902,8,1,0.627194,,0.627194,frame_00000.png,frame_00116.png,r120_e60_f1.mp4,120 Hz,1/60,蛍光灯あり,58.848 fps,120,60,1,43,hocho,min,I,8,,,frame_00000.png,frame_00116.png,QR未検出,117,1.988157
hocho_R_12,lockin,0,0,QR未検出,,lockin,binary,,,8.848485,30,8,1,0.649387,,0.649387,frame_00000.png,frame_00116.png,r120_e60_f1.mp4,120 Hz,1/60,蛍光灯あり,58.848 fps,120,60,1,8,hocho,R,R,12,,,frame_00000.png,frame_00116.png,QR未検出,117,1.988157
hocho_R_12,lockin,0,0,QR未検出,,lockin,binary,,,8.848485,50,8,1,0.649266,,0.649266,frame_00000.png,frame_00116.png,r120_e60_f1.mp4,120 Hz,1/60,蛍光灯あり,58.848 fps,120,60,1,8,hocho,R,R,12,,,frame_00000.png,frame_00116.png,QR未検出,117,1.988157
hocho_R_12,lockin,0,0,QR未検出,,lockin,binary,,,8.848485,70,8,1,0.649238,,0.649238,frame_00000.png,frame_00116.png,r120_e60_f1.mp4,120 Hz,1/60,蛍光灯あり,58.848 fps,120,60,1,8,hocho,R,R,12,,,frame_00000.png,frame_00116.png,QR未検出,117,1.988157
hocho_R_12,lockin,0,0,QR未検出,,lockin,binary,,,8.848485,901,8,1,0.614605,,0.614605,frame_00000.png,frame_00116.png,r120_e60_f1.mp4,120 Hz,1/60,蛍光灯あり,58.848 fps,120,60,1,8,hocho,R,R,12,,,frame_00000.png,frame_00116.png,QR未検出,117,1.988157
hocho_R_12,lockin,0,0,QR未検出,,lockin,binary,,,8.848485,902,8,1,0.535370,,0.535370,frame_00000.png,frame_00116.png,r120_e60_f1.mp4,120 Hz,1/60,蛍光灯あり,58.848 fps,120,60,1,8,hocho,R,R,12,,,frame_00000.png,frame_00116.png,QR未検出,117,1.988157
hocho_R_12,lockin,0,0,QR未検出,,lockin,binary,,,14.424243,30,8,1,0.649275,,0.649275,frame_00000.png,frame_00116.png,r120_e60_f1.mp4,120 Hz,1/60,蛍光灯あり,58.848 fps,120,60,1,8,hocho,R,R,12,,,frame_00000.png,frame_00116.png,QR未検出,117,1.988157
hocho_R_12,lockin,0,0,QR未検出,,lockin,binary,,,14.424243,50,8,1,0.649070,,0.649070,frame_00000.png,frame_00116.png,r120_e60_f1.mp4,120 Hz,1/60,蛍光灯あり,58.848 fps,120,60,1,8,hocho,R,R,12,,,frame_00000.png,frame_00116.png,QR未検出,117,1.988157
hocho_R_12,lockin,0,0,QR未検出,,lockin,binary,,,14.424243,70,8,1,0.649161,,0.649161,frame_00000.png,frame_00116.png,r120_e60_f1.mp4,120 Hz,1/60,蛍光灯あり,58.848 fps,120,60,1,8,hocho,R,R,12,,,frame_00000.png,frame_00116.png,QR未検出,117,1.988157
hocho_R_12,lockin,0,0,QR未検出,,lockin,binary,,,14.424243,901,8,1,0.612453,,0.612453,frame_00000.png,frame_00116.png,r120_e60_f1.mp4,120 Hz,1/60,蛍光灯あり,58.848 fps,120,60,1,8,hocho,R,R,12,,,frame_00000.png,frame_00116.png,QR未検出,117,1.988157
hocho_R_12,lockin,0,0,QR未検出,,lockin,binary,,,14.424243,902,8,1,0.550691,,0.550691,frame_00000.png,frame_00116.png,r120_e60_f1.mp4,120 Hz,1/60,蛍光灯あり,58.848 fps,120,60,1,8,hocho,R,R,12,,,frame_00000.png,frame_00116.png,QR未検出,117,1.988157
hocho_R_12,lockin,1,0,QR未検出,,lockin,binary,,,27.696970,30,8,1,0.649474,,0.649474,frame_00000.png,frame_00116.png,r120_e60_f1.mp4,120 Hz,1/60,蛍光灯あり,58.848 fps,120,60,1,8,hocho,R,R,12,,,frame_00000.png,frame_00116.png,QR未検出,117,1.988157
hocho_R_12,lockin,0,0,QR未検出,,lockin,binary,,,27.696970,50,8,1,0.649238,,0.649238,frame_00000.png,frame_00116.png,r120_e60_f1.mp4,120 Hz,1/60,蛍光灯あり,58.848 fps,120,60,1,8,hocho,R,R,12,,,frame_00000.png,frame_00116.png,QR未検出,117,1.988157
hocho_R_12,lockin,0,0,QR未検出,,lockin,binary,,,27.696970,70,8,1,0.649238,,0.649238,frame_00000.png,frame_00116.png,r120_e60_f1.mp4,120 Hz,1/60,蛍光灯あり,58.848 fps,120,60,1,8,hocho,R,R,12,,,frame_00000.png,frame_00116.png,QR未検出,117,1.988157
hocho_R_12,lockin,0,0,QR未検出,,lockin,binary,,,27.696970,901,8,1,0.617107,,0.617107,frame_00000.png,frame_00116.png,r120_e60_f1.mp4,120 Hz,1/60,蛍光灯あり,58.848 fps,120,60,1,8,hocho,R,R,12,,,frame_00000.png,frame_00116.png,QR未検出,117,1.988157
hocho_R_12,lockin,0,0,QR未検出,,lockin,binary,,,27.696970,902,8,1,0.590657,,0.590657,frame_00000.png,frame_00116.png,r120_e60_f1.mp4,120 Hz,1/60,蛍光灯あり,58.848 fps,120,60,1,8,hocho,R,R,12,,,frame_00000.png,frame_00116.png,QR未検出,117,1.988157
hocho_R_12,lockin,0,0,QR未検出,,lockin,binary,,,28.848485,30,8,1,0.649117,,0.649117,frame_00000.png,frame_00116.png,r120_e60_f1.mp4,120 Hz,1/60,蛍光灯あり,58.848 fps,120,60,1,8,hocho,R,R,12,,,frame_00000.png,frame_00116.png,QR未検出,117,1.988157
hocho_R_12,lockin,0,0,QR未検出,,lockin,binary,,,28.848485,50,8,1,0.649044,,0.649044,frame_00000.png,frame_00116.png,r120_e60_f1.mp4,120 Hz,1/60,蛍光灯あり,58.848 fps,120,60,1,8,hocho,R,R,12,,,frame_00000.png,frame_00116.png,QR未検出,117,1.988157
hocho_R_12,lockin,0,0,QR未検出,,lockin,binary,,,28.848485,70,8,1,0.649161,,0.649161,frame_00000.png,frame_00116.png,r120_e60_f1.mp4,120 Hz,1/60,蛍光灯あり,58.848 fps,120,60,1,8,hocho,R,R,12,,,frame_00000.png,frame_00116.png,QR未検出,117,1.988157
hocho_R_12,lockin,0,0,QR未検出,,lockin,binary,,,28.848485,901,8,1,0.623863,,0.623863,frame_00000.png,frame_00116.png,r120_e60_f1.mp4,120 Hz,1/60,蛍光灯あり,58.848 fps,120,60,1,8,hocho,R,R,12,,,frame_00000.png,frame_00116.png,QR未検出,117,1.988157
hocho_R_12,lockin,0,0,QR未検出,,lockin,binary,,,28.848485,902,8,1,0.603388,,0.603388,frame_00000.png,frame_00116.png,r120_e60_f1.mp4,120 Hz,1/60,蛍光灯あり,58.848 fps,120,60,1,8,hocho,R,R,12,,,frame_00000.png,frame_00116.png,QR未検出,117,1.988157
hocho_R_4,lockin,1,0,QR未検出,,lockin,binary,,,8.848485,30,8,1,0.649161,,0.649161,frame_00000.png,frame_00116.png,r120_e60_f1.mp4,120 Hz,1/60,蛍光灯あり,58.848 fps,120,60,1,6,hocho,R,R,4,,,frame_00000.png,frame_00116.png,QR未検出,117,1.988157
hocho_R_4,lockin,0,0,QR未検出,,lockin,binary,,,8.848485,50,8,1,0.649161,,0.649161,frame_00000.png,frame_00116.png,r120_e60_f1.mp4,120 Hz,1/60,蛍光灯あり,58.848 fps,120,60,1,6,hocho,R,R,4,,,frame_00000.png,frame_00116.png,QR未検出,117,1.988157
hocho_R_4,lockin,0,0,QR未検出,,lockin,binary,,,8.848485,70,8,1,0.649161,,0.649161,frame_00000.png,frame_00116.png,r120_e60_f1.mp4,120 Hz,1/60,蛍光灯あり,58.848 fps,120,60,1,6,hocho,R,R,4,,,frame_00000.png,frame_00116.png,QR未検出,117,1.988157
hocho_R_4,lockin,0,0,QR未検出,,lockin,binary,,,8.848485,901,8,1,0.617872,,0.617872,frame_00000.png,frame_00116.png,r120_e60_f1.mp4,120 Hz,1/60,蛍光灯あり,58.848 fps,120,60,1,6,hocho,R,R,4,,,frame_00000.png,frame_00116.png,QR未検出,117,1.988157
hocho_R_4,lockin,0,0,QR未検出,,lockin,binary,,,8.848485,902,8,1,0.606642,,0.606642,frame_00000.png,frame_00116.png,r120_e60_f1.mp4,120 Hz,1/60,蛍光灯あり,58.848 fps,120,60,1,6,hocho,R,R,4,,,frame_00000.png,frame_00116.png,QR未検出,117,1.988157
hocho_R_4,lockin,0,0,QR未検出,,lockin,binary,,,14.424243,30,8,1,0.648979,,0.648979,frame_00000.png,frame_00116.png,r120_e60_f1.mp4,120 Hz,1/60,蛍光灯あり,58.848 fps,120,60,1,6,hocho,R,R,4,,,frame_00000.png,frame_00116.png,QR未検出,117,1.988157
hocho_R_4,lockin,0,0,QR未検出,,lockin,binary,,,14.424243,50,8,1,0.649161,,0.649161,frame_00000.png,frame_00116.png,r120_e60_f1.mp4,120 Hz,1/60,蛍光灯あり,58.848 fps,120,60,1,6,hocho,R,R,4,,,frame_00000.png,frame_00116.png,QR未検出,117,1.988157
hocho_R_4,lockin,0,0,QR未検出,,lockin,binary,,,14.424243,70,8,1,0.649161,,0.649161,frame_00000.png,frame_00116.png,r120_e60_f1.mp4,120 Hz,1/60,蛍光灯あり,58.848 fps,120,60,1,6,hocho,R,R,4,,,frame_00000.png,frame_00116.png,QR未検出,117,1.988157
hocho_R_4,lockin,0,0,QR未検出,,lockin,binary,,,14.424243,901,8,1,0.617380,,0.617380,frame_00000.png,frame_00116.png,r120_e60_f1.mp4,120 Hz,1/60,蛍光灯あり,58.848 fps,120,60,1,6,hocho,R,R,4,,,frame_00000.png,frame_00116.png,QR未検出,117,1.988157
hocho_R_4,lockin,0,0,QR未検出,,lockin,binary,,,14.424243,902,8,1,0.626592,,0.626592,frame_00000.png,frame_00116.png,r120_e60_f1.mp4,120 Hz,1/60,蛍光灯あり,58.848 fps,120,60,1,6,hocho,R,R,4,,,frame_00000.png,frame_00116.png,QR未検出,117,1.988157
hocho_R_4,lockin,0,0,QR未検出,,lockin,binary,,,27.696970,30,8,1,0.648927,,0.648927,frame_00000.png,frame_00116.png,r120_e60_f1.mp4,120 Hz,1/60,蛍光灯あり,58.848 fps,120,60,1,6,hocho,R,R,4,,,frame_00000.png,frame_00116.png,QR未検出,117,1.988157
hocho_R_4,lockin,0,0,QR未検出,,lockin,binary,,,27.696970,50,8,1,0.649131,,0.649131,frame_00000.png,frame_00116.png,r120_e60_f1.mp4,120 Hz,1/60,蛍光灯あり,58.848 fps,120,60,1,6,hocho,R,R,4,,,frame_00000.png,frame_00116.png,QR未検出,117,1.988157
hocho_R_4,lockin,0,0,QR未検出,,lockin,binary,,,27.696970,70,8,1,0.649161,,0.649161,frame_00000.png,frame_00116.png,r120_e60_f1.mp4,120 Hz,1/60,蛍光灯あり,58.848 fps,120,60,1,6,hocho,R,R,4,,,frame_00000.png,frame_00116.png,QR未検出,117,1.988157
hocho_R_4,lockin,0,0,QR未検出,,lockin,binary,,,27.696970,901,8,1,0.620341,,0.620341,frame_00000.png,frame_00116.png,r120_e60_f1.mp4,120 Hz,1/60,蛍光灯あり,58.848 fps,120,60,1,6,hocho,R,R,4,,,frame_00000.png,frame_00116.png,QR未検出,117,1.988157
hocho_R_4,lockin,0,0,QR未検出,,lockin,binary,,,27.696970,902,8,1,0.599778,,0.599778,frame_00000.png,frame_00116.png,r120_e60_f1.mp4,120 Hz,1/60,蛍光灯あり,58.848 fps,120,60,1,6,hocho,R,R,4,,,frame_00000.png,frame_00116.png,QR未検出,117,1.988157
hocho_R_4,lockin,0,0,QR未検出,,lockin,binary,,,28.848485,30,8,1,0.649116,,0.649116,frame_00000.png,frame_00116.png,r120_e60_f1.mp4,120 Hz,1/60,蛍光灯あり,58.848 fps,120,60,1,6,hocho,R,R,4,,,frame_00000.png,frame_00116.png,QR未検出,117,1.988157
hocho_R_4,lockin,0,0,QR未検出,,lockin,binary,,,28.848485,50,8,1,0.649161,,0.649161,frame_00000.png,frame_00116.png,r120_e60_f1.mp4,120 Hz,1/60,蛍光灯あり,58.848 fps,120,60,1,6,hocho,R,R,4,,,frame_00000.png,frame_00116.png,QR未検出,117,1.988157
hocho_R_4,lockin,0,0,QR未検出,,lockin,binary,,,28.848485,70,8,1,0.649161,,0.649161,frame_00000.png,frame_00116.png,r120_e60_f1.mp4,120 Hz,1/60,蛍光灯あり,58.848 fps,120,60,1,6,hocho,R,R,4,,,frame_00000.png,frame_00116.png,QR未検出,117,1.988157
hocho_R_4,lockin,0,0,QR未検出,,lockin,binary,,,28.848485,901,8,1,0.621110,,0.621110,frame_00000.png,frame_00116.png,r120_e60_f1.mp4,120 Hz,1/60,蛍光灯あり,58.848 fps,120,60,1,6,hocho,R,R,4,,,frame_00000.png,frame_00116.png,QR未検出,117,1.988157
hocho_R_4,lockin,0,0,QR未検出,,lockin,binary,,,28.848485,902,8,1,0.626865,,0.626865,frame_00000.png,frame_00116.png,r120_e60_f1.mp4,120 Hz,1/60,蛍光灯あり,58.848 fps,120,60,1,6,hocho,R,R,4,,,frame_00000.png,frame_00116.png,QR未検出,117,1.988157
hocho_R_8,lockin,0,0,QR未検出,,lockin,binary,,,8.848485,30,8,1,0.649145,,0.649145,frame_00000.png,frame_00116.png,r120_e60_f1.mp4,120 Hz,1/60,蛍光灯あり,58.848 fps,120,60,1,7,hocho,R,R,8,,,frame_00000.png,frame_00116.png,QR未検出,117,1.988157
hocho_R_8,lockin,1,0,QR未検出,,lockin,binary,,,8.848485,50,8,1,0.649161,,0.649161,frame_00000.png,frame_00116.png,r120_e60_f1.mp4,120 Hz,1/60,蛍光灯あり,58.848 fps,120,60,1,7,hocho,R,R,8,,,frame_00000.png,frame_00116.png,QR未検出,117,1.988157
hocho_R_8,lockin,0,0,QR未検出,,lockin,binary,,,8.848485,70,8,1,0.649161,,0.649161,frame_00000.png,frame_00116.png,r120_e60_f1.mp4,120 Hz,1/60,蛍光灯あり,58.848 fps,120,60,1,7,hocho,R,R,8,,,frame_00000.png,frame_00116.png,QR未検出,117,1.988157
hocho_R_8,lockin,0,0,QR未検出,,lockin,binary,,,8.848485,901,8,1,0.611199,,0.611199,frame_00000.png,frame_00116.png,r120_e60_f1.mp4,120 Hz,1/60,蛍光灯あり,58.848 fps,120,60,1,7,hocho,R,R,8,,,frame_00000.png,frame_00116.png,QR未検出,117,1.988157
hocho_R_8,lockin,0,0,QR未検出,,lockin,binary,,,8.848485,902,8,1,0.611234,,0.611234,frame_00000.png,frame_00116.png,r120_e60_f1.mp4,120 Hz,1/60,蛍光灯あり,58.848 fps,120,60,1,7,hocho,R,R,8,,,frame_00000.png,frame_00116.png,QR未検出,117,1.988157
hocho_R_8,lockin,0,0,QR未検出,,lockin,binary,,,14.424243,30,8,1,0.649133,,0.649133,frame_00000.png,frame_00116.png,r120_e60_f1.mp4,120 Hz,1/60,蛍光灯あり,58.848 fps,120,60,1,7,hocho,R,R,8,,,frame_00000.png,frame_00116.png,QR未検出,117,1.988157
hocho_R_8,lockin,0,0,QR未検出,,lockin,binary,,,14.424243,50,8,1,0.649161,,0.649161,frame_00000.png,frame_00116.png,r120_e60_f1.mp4,120 Hz,1/60,蛍光灯あり,58.848 fps,120,60,1,7,hocho,R,R,8,,,frame_00000.png,frame_00116.png,QR未検出,117,1.988157
hocho_R_8,lockin,0,0,QR未検出,,lockin,binary,,,14.424243,70,8,1,0.649161,,0.649161,frame_00000.png,frame_00116.png,r120_e60_f1.mp4,120 Hz,1/60,蛍光灯あり,58.848 fps,120,60,1,7,hocho,R,R,8,,,frame_00000.png,frame_00116.png,QR未検出,117,1.988157
hocho_R_8,lockin,0,0,QR未検出,,lockin,binary,,,14.424243,901,8,1,0.617062,,0.617062,frame_00000.png,frame_00116.png,r120_e60_f1.mp4,120 Hz,1/60,蛍光灯あり,58.848 fps,120,60,1,7,hocho,R,R,8,,,frame_00000.png,frame_00116.png,QR未検出,117,1.988157
hocho_R_8,lockin,0,0,QR未検出,,lockin,binary,,,14.424243,902,8,1,0.572524,,0.572524,frame_00000.png,frame_00116.png,r120_e60_f1.mp4,120 Hz,1/60,蛍光灯あり,58.848 fps,120,60,1,7,hocho,R,R,8,,,frame_00000.png,frame_00116.png,QR未検出,117,1.988157
hocho_R_8,lockin,0,0,QR未検出,,lockin,binary,,,27.696970,30,8,1,0.648974,,0.648974,frame_00000.png,frame_00116.png,r120_e60_f1.mp4,120 Hz,1/60,蛍光灯あり,58.848 fps,120,60,1,7,hocho,R,R,8,,,frame_00000.png,frame_00116.png,QR未検出,117,1.988157
hocho_R_8,lockin,0,0,QR未検出,,lockin,binary,,,27.696970,50,8,1,0.649053,,0.649053,frame_00000.png,frame_00116.png,r120_e60_f1.mp4,120 Hz,1/60,蛍光灯あり,58.848 fps,120,60,1,7,hocho,R,R,8,,,frame_00000.png,frame_00116.png,QR未検出,117,1.988157
hocho_R_8,lockin,0,0,QR未検出,,lockin,binary,,,27.696970,70,8,1,0.649158,,0.649158,frame_00000.png,frame_00116.png,r120_e60_f1.mp4,120 Hz,1/60,蛍光灯あり,58.848 fps,120,60,1,7,hocho,R,R,8,,,frame_00000.png,frame_00116.png,QR未検出,117,1.988157
hocho_R_8,lockin,0,0,QR未検出,,lockin,binary,,,27.696970,901,8,1,0.626151,,0.626151,frame_00000.png,frame_00116.png,r120_e60_f1.mp4,120 Hz,1/60,蛍光灯あり,58.848 fps,120,60,1,7,hocho,R,R,8,,,frame_00000.png,frame_00116.png,QR未検出,117,1.988157
hocho_R_8,lockin,0,0,QR未検出,,lockin,binary,,,27.696970,902,8,1,0.627142,,0.627142,frame_00000.png,frame_00116.png,r120_e60_f1.mp4,120 Hz,1/60,蛍光灯あり,58.848 fps,120,60,1,7,hocho,R,R,8,,,frame_00000.png,frame_00116.png,QR未検出,117,1.988157
hocho_R_8,lockin,0,0,QR未検出,,lockin,binary,,,28.848485,30,8,1,0.648944,,0.648944,frame_00000.png,frame_00116.png,r120_e60_f1.mp4,120 Hz,1/60,蛍光灯あり,58.848 fps,120,60,1,7,hocho,R,R,8,,,frame_00000.png,frame_00116.png,QR未検出,117,1.988157
hocho_R_8,lockin,0,0,QR未検出,,lockin,binary,,,28.848485,50,8,1,0.649145,,0.649145,frame_00000.png,frame_00116.png,r120_e60_f1.mp4,120 Hz,1/60,蛍光灯あり,58.848 fps,120,60,1,7,hocho,R,R,8,,,frame_00000.png,frame_00116.png,QR未検出,117,1.988157
hocho_R_8,lockin,0,0,QR未検出,,lockin,binary,,,28.848485,70,8,1,0.649161,,0.649161,frame_00000.png,frame_00116.png,r120_e60_f1.mp4,120 Hz,1/60,蛍光灯あり,58.848 fps,120,60,1,7,hocho,R,R,8,,,frame_00000.png,frame_00116.png,QR未検出,117,1.988157
hocho_R_8,lockin,0,0,QR未検出,,lockin,binary,,,28.848485,901,8,1,0.623782,,0.623782,frame_00000.png,frame_00116.png,r120_e60_f1.mp4,120 Hz,1/60,蛍光灯あり,58.848 fps,120,60,1,7,hocho,R,R,8,,,frame_00000.png,frame_00116.png,QR未検出,117,1.988157
hocho_R_8,lockin,0,0,QR未検出,,lockin,binary,,,28.848485,902,8,1,0.620094,,0.620094,frame_00000.png,frame_00116.png,r120_e60_f1.mp4,120 Hz,1/60,蛍光灯あり,58.848 fps,120,60,1,7,hocho,R,R,8,,,frame_00000.png,frame_00116.png,QR未検出,117,1.988157
hocho_X_12,lockin,0,0,QR未検出,,lockin,binary,,,8.848485,30,8,1,0.649131,,0.649131,frame_00000.png,frame_00116.png,r120_e60_f1.mp4,120 Hz,1/60,蛍光灯あり,58.848 fps,120,60,1,56,hocho,max,X,12,,,frame_00000.png,frame_00116.png,QR未検出,117,1.988157
hocho_X_12,lockin,0,0,QR未検出,,lockin,binary,,,8.848485,50,8,1,0.649161,,0.649161,frame_00000.png,frame_00116.png,r120_e60_f1.mp4,120 Hz,1/60,蛍光灯あり,58.848 fps,120,60,1,56,hocho,max,X,12,,,frame_00000.png,frame_00116.png,QR未検出,117,1.988157
hocho_X_12,lockin,0,0,QR未検出,,lockin,binary,,,8.848485,70,8,1,0.649161,,0.649161,frame_00000.png,frame_00116.png,r120_e60_f1.mp4,120 Hz,1/60,蛍光灯あり,58.848 fps,120,60,1,56,hocho,max,X,12,,,frame_00000.png,frame_00116.png,QR未検出,117,1.988157
hocho_X_12,lockin,0,0,QR未検出,,lockin,binary,,,8.848485,901,8,1,0.618745,,0.618745,frame_00000.png,frame_00116.png,r120_e60_f1.mp4,120 Hz,1/60,蛍光灯あり,58.848 fps,120,60,1,56,hocho,max,X,12,,,frame_00000.png,frame_00116.png,QR未検出,117,1.988157
hocho_X_12,lockin,0,0,QR未検出,,lockin,binary,,,8.848485,902,8,1,0.603703,,0.603703,frame_00000.png,frame_00116.png,r120_e60_f1.mp4,120 Hz,1/60,蛍光灯あり,58.848 fps,120,60,1,56,hocho,max,X,12,,,frame_00000.png,frame_00116.png,QR未検出,117,1.988157
hocho_X_12,lockin,0,0,QR未検出,,lockin,binary,,,14.424243,30,8,1,0.649235,,0.649235,frame_00000.png,frame_00116.png,r120_e60_f1.mp4,120 Hz,1/60,蛍光灯あり,58.848 fps,120,60,1,56,hocho,max,X,12,,,frame_00000.png,frame_00116.png,QR未検出,117,1.988157
hocho_X_12,lockin,0,0,QR未検出,,lockin,binary,,,14.424243,50,8,1,0.649161,,0.649161,frame_00000.png,frame_00116.png,r120_e60_f1.mp4,120 Hz,1/60,蛍光灯あり,58.848 fps,120,60,1,56,hocho,max,X,12,,,frame_00000.png,frame_00116.png,QR未検出,117,1.988157
hocho_X_12,lockin,0,0,QR未検出,,lockin,binary,,,14.424243,70,8,1,0.649161,,0.649161,frame_00000.png,frame_00116.png,r120_e60_f1.mp4,120 Hz,1/60,蛍光灯あり,58.848 fps,120,60,1,56,hocho,max,X,12,,,frame_00000.png,frame_00116.png,QR未検出,117,1.988157
hocho_X_12,lockin,0,0,QR未検出,,lockin,binary,,,14.424243,901,8,1,0.620519,,0.620519,frame_00000.png,frame_00116.png,r120_e60_f1.mp4,120 Hz,1/60,蛍光灯あり,58.848 fps,120,60,1,56,hocho,max,X,12,,,frame_00000.png,frame_00116.png,QR未検出,117,1.988157
hocho_X_12,lockin,0,0,QR未検出,,lockin,binary,,,14.424243,902,8,1,0.594760,,0.594760,frame_00000.png,frame_00116.png,r120_e60_f1.mp4,120 Hz,1/60,蛍光灯あり,58.848 fps,120,60,1,56,hocho,max,X,12,,,frame_00000.png,frame_00116.png,QR未検出,117,1.988157
hocho_X_12,lockin,0,0,QR未検出,,lockin,binary,,,27.696970,30,8,1,0.649278,,0.649278,frame_00000.png,frame_00116.png,r120_e60_f1.mp4,120 Hz,1/60,蛍光灯あり,58.848 fps,120,60,1,56,hocho,max,X,12,,,frame_00000.png,frame_00116.png,QR未検出,117,1.988157
hocho_X_12,lockin,1,0,QR未検出,,lockin,binary,,,27.696970,50,8,1,0.649305,,0.649305,frame_00000.png,frame_00116.png,r120_e60_f1.mp4,120 Hz,1/60,蛍光灯あり,58.848 fps,120,60,1,56,hocho,max,X,12,,,frame_00000.png,frame_00116.png,QR未検出,117,1.988157
hocho_X_12,lockin,0,0,QR未検出,,lockin,binary,,,27.696970,70,8,1,0.649161,,0.649161,frame_00000.png,frame_00116.png,r120_e60_f1.mp4,120 Hz,1/60,蛍光灯あり,58.848 fps,120,60,1,56,hocho,max,X,12,,,frame_00000.png,frame_00116.png,QR未検出,117,1.988157
hocho_X_12,lockin,0,0,QR未検出,,lockin,binary,,,27.696970,901,8,1,0.625625,,0.625625,frame_00000.png,frame_00116.png,r120_e60_f1.mp4,120 Hz,1/60,蛍光灯あり,58.848 fps,120,60,1,56,hocho,max,X,12,,,frame_00000.png,frame_00116.png,QR未検出,117,1.988157
hocho_X_12,lockin,0,0,QR未検出,,lockin,binary,,,27.696970,902,8,1,0.568106,,0.568106,frame_00000.png,frame_00116.png,r120_e60_f1.mp4,120 Hz,1/60,蛍光灯あり,58.848 fps,120,60,1,56,hocho,max,X,12,,,frame_00000.png,frame_00116.png,QR未検出,117,1.988157
hocho_X_12,lockin,0,0,QR未検出,,lockin,binary,,,28.848485,30,8,1,0.648998,,0.648998,frame_00000.png,frame_00116.png,r120_e60_f1.mp4,120 Hz,1/60,蛍光灯あり,58.848 fps,120,60,1,56,hocho,max,X,12,,,frame_00000.png,frame_00116.png,QR未検出,117,1.988157
hocho_X_12,lockin,0,0,QR未検出,,lockin,binary,,,28.848485,50,8,1,0.649161,,0.649161,frame_00000.png,frame_00116.png,r120_e60_f1.mp4,120 Hz,1/60,蛍光灯あり,58.848 fps,120,60,1,56,hocho,max,X,12,,,frame_00000.png,frame_00116.png,QR未検出,117,1.988157
hocho_X_12,lockin,0,0,QR未検出,,lockin,binary,,,28.848485,70,8,1,0.649161,,0.649161,frame_00000.png,frame_00116.png,r120_e60_f1.mp4,120 Hz,1/60,蛍光灯あり,58.848 fps,120,60,1,56,hocho,max,X,12,,,frame_00000.png,frame_00116.png,QR未検出,117,1.988157
hocho_X_12,lockin,0,0,QR未検出,,lockin,binary,,,28.848485,901,8,1,0.628767,,0.628767,frame_00000.png,frame_00116.png,r120_e60_f1.mp4,120 Hz,1/60,蛍光灯あり,58.848 fps,120,60,1,56,hocho,max,X,12,,,frame_00000.png,frame_00116.png,QR未検出,117,1.988157
hocho_X_12,lockin,0,0,QR未検出,,lockin,binary,,,28.848485,902,8,1,0.586918,,0.586918,frame_00000.png,frame_00116.png,r120_e60_f1.mp4,120 Hz,1/60,蛍光灯あり,58.848 fps,120,60,1,56,hocho,max,X,12,,,frame_00000.png,frame_00116.png,QR未検出,117,1.988157
hocho_X_4,lockin,1,0,QR未検出,,lockin,binary,,,8.848485,30,8,1,0.649161,,0.649161,frame_00000.png,frame_00116.png,r120_e60_f1.mp4,120 Hz,1/60,蛍光灯あり,58.848 fps,120,60,1,54,hocho,max,X,4,,,frame_00000.png,frame_00116.png,QR未検出,117,1.988157
hocho_X_4,lockin,0,0,QR未検出,,lockin,binary,,,8.848485,50,8,1,0.649161,,0.649161,frame_00000.png,frame_00116.png,r120_e60_f1.mp4,120 Hz,1/60,蛍光灯あり,58.848 fps,120,60,1,54,hocho,max,X,4,,,frame_00000.png,frame_00116.png,QR未検出,117,1.988157
hocho_X_4,lockin,0,0,QR未検出,,lockin,binary,,,8.848485,70,8,1,0.649161,,0.649161,frame_00000.png,frame_00116.png,r120_e60_f1.mp4,120 Hz,1/60,蛍光灯あり,58.848 fps,120,60,1,54,hocho,max,X,4,,,frame_00000.png,frame_00116.png,QR未検出,117,1.988157
hocho_X_4,lockin,0,0,QR未検出,,lockin,binary,,,8.848485,901,8,1,0.607365,,0.607365,frame_00000.png,frame_00116.png,r120_e60_f1.mp4,120 Hz,1/60,蛍光灯あり,58.848 fps,120,60,1,54,hocho,max,X,4,,,frame_00000.png,frame_00116.png,QR未検出,117,1.988157
hocho_X_4,lockin,0,0,QR未検出,,lockin,binary,,,8.848485,902,8,1,0.584331,,0.584331,frame_00000.png,frame_00116.png,r120_e60_f1.mp4,120 Hz,1/60,蛍光灯あり,58.848 fps,120,60,1,54,hocho,max,X,4,,,frame_00000.png,frame_00116.png,QR未検出,117,1.988157
hocho_X_4,lockin,0,0,QR未検出,,lockin,binary,,,14.424243,30,8,1,0.649161,,0.649161,frame_00000.png,frame_00116.png,r120_e60_f1.mp4,120 Hz,1/60,蛍光灯あり,58.848 fps,120,60,1,54,hocho,max,X,4,,,frame_00000.png,frame_00116.png,QR未検出,117,1.988157
hocho_X_4,lockin,0,0,QR未検出,,lockin,binary,,,14.424243,50,8,1,0.649161,,0.649161,frame_00000.png,frame_00116.png,r120_e60_f1.mp4,120 Hz,1/60,蛍光灯あり,58.848 fps,120,60,1,54,hocho,max,X,4,,,frame_00000.png,frame_00116.png,QR未検出,117,1.988157
hocho_X_4,lockin,0,0,QR未検出,,lockin,binary,,,14.424243,70,8,1,0.649161,,0.649161,frame_00000.png,frame_00116.png,r120_e60_f1.mp4,120 Hz,1/60,蛍光灯あり,58.848 fps,120,60,1,54,hocho,max,X,4,,,frame_00000.png,frame_00116.png,QR未検出,117,1.988157
hocho_X_4,lockin,0,0,QR未検出,,lockin,binary,,,14.424243,901,8,1,0.611480,,0.611480,frame_00000.png,frame_00116.png,r120_e60_f1.mp4,120 Hz,1/60,蛍光灯あり,58.848 fps,120,60,1,54,hocho,max,X,4,,,frame_00000.png,frame_00116.png,QR未検出,117,1.988157
hocho_X_4,lockin,0,0,QR未検出,,lockin,binary,,,14.424243,902,8,1,0.593800,,0.593800,frame_00000.png,frame_00116.png,r120_e60_f1.mp4,120 Hz,1/60,蛍光灯あり,58.848 fps,120,60,1,54,hocho,max,X,4,,,frame_00000.png,frame_00116.png,QR未検出,117,1.988157
hocho_X_4,lockin,0,0,QR未検出,,lockin,binary,,,27.696970,30,8,1,0.648908,,0.648908,frame_00000.png,frame_00116.png,r120_e60_f1.mp4,120 Hz,1/60,蛍光灯あり,58.848 fps,120,60,1,54,hocho,max,X,4,,,frame_00000.png,frame_00116.png,QR未検出,117,1.988157
hocho_X_4,lockin,0,0,QR未検出,,lockin,binary,,,27.696970,50,8,1,0.649130,,0.649130,frame_00000.png,frame_00116.png,r120_e60_f1.mp4,120 Hz,1/60,蛍光灯あり,58.848 fps,120,60,1,54,hocho,max,X,4,,,frame_00000.png,frame_00116.png,QR未検出,117,1.988157
hocho_X_4,lockin,0,0,QR未検出,,lockin,binary,,,27.696970,70,8,1,0.649161,,0.649161,frame_00000.png,frame_00116.png,r120_e60_f1.mp4,120 Hz,1/60,蛍光灯あり,58.848 fps,120,60,1,54,hocho,max,X,4,,,frame_00000.png,frame_00116.png,QR未検出,117,1.988157
hocho_X_4,lockin,0,0,QR未検出,,lockin,binary,,,27.696970,901,8,1,0.621753,,0.621753,frame_00000.png,frame_00116.png,r120_e60_f1.mp4,120 Hz,1/60,蛍光灯あり,58.848 fps,120,60,1,54,hocho,max,X,4,,,frame_00000.png,frame_00116.png,QR未検出,117,1.988157
hocho_X_4,lockin,0,0,QR未検出,,lockin,binary,,,27.696970,902,8,1,0.613622,,0.613622,frame_00000.png,frame_00116.png,r120_e60_f1.mp4,120 Hz,1/60,蛍光灯あり,58.848 fps,120,60,1,54,hocho,max,X,4,,,frame_00000.png,frame_00116.png,QR未検出,117,1.988157
hocho_X_4,lockin,0,0,QR未検出,,lockin,binary,,,28.848485,30,8,1,0.648918,,0.648918,frame_00000.png,frame_00116.png,r120_e60_f1.mp4,120 Hz,1/60,蛍光灯あり,58.848 fps,120,60,1,54,hocho,max,X,4,,,frame_00000.png,frame_00116.png,QR未検出,117,1.988157
hocho_X_4,lockin,0,0,QR未検出,,lockin,binary,,,28.848485,50,8,1,0.648974,,0.648974,frame_00000.png,frame_00116.png,r120_e60_f1.mp4,120 Hz,1/60,蛍光灯あり,58.848 fps,120,60,1,54,hocho,max,X,4,,,frame_00000.png,frame_00116.png,QR未検出,117,1.988157
hocho_X_4,lockin,0,0,QR未検出,,lockin,binary,,,28.848485,70,8,1,0.649128,,0.649128,frame_00000.png,frame_00116.png,r120_e60_f1.mp4,120 Hz,1/60,蛍光灯あり,58.848 fps,120,60,1,54,hocho,max,X,4,,,frame_00000.png,frame_00116.png,QR未検出,117,1.988157
hocho_X_4,lockin,0,0,QR未検出,,lockin,binary,,,28.848485,901,8,1,0.619725,,0.619725,frame_00000.png,frame_00116.png,r120_e60_f1.mp4,120 Hz,1/60,蛍光灯あり,58.848 fps,120,60,1,54,hocho,max,X,4,,,frame_00000.png,frame_00116.png,QR未検出,117,1.988157
hocho_X_4,lockin,0,0,QR未検出,,lockin,binary,,,28.848485,902,8,1,0.577733,,0.577733,frame_00000.png,frame_00116.png,r120_e60_f1.mp4,120 Hz,1/60,蛍光灯あり,58.848 fps,120,60,1,54,hocho,max,X,4,,,frame_00000.png,frame_00116.png,QR未検出,117,1.988157
hocho_X_8,lockin,0,0,QR未検出,,lockin,binary,,,8.848485,30,8,1,0.649096,,0.649096,frame_00000.png,frame_00116.png,r120_e60_f1.mp4,120 Hz,1/60,蛍光灯あり,58.848 fps,120,60,1,55,hocho,max,X,8,,,frame_00000.png,frame_00116.png,QR未検出,117,1.988157
hocho_X_8,lockin,0,0,QR未検出,,lockin,binary,,,8.848485,50,8,1,0.649161,,0.649161,frame_00000.png,frame_00116.png,r120_e60_f1.mp4,120 Hz,1/60,蛍光灯あり,58.848 fps,120,60,1,55,hocho,max,X,8,,,frame_00000.png,frame_00116.png,QR未検出,117,1.988157
hocho_X_8,lockin,0,0,QR未検出,,lockin,binary,,,8.848485,70,8,1,0.649161,,0.649161,frame_00000.png,frame_00116.png,r120_e60_f1.mp4,120 Hz,1/60,蛍光灯あり,58.848 fps,120,60,1,55,hocho,max,X,8,,,frame_00000.png,frame_00116.png,QR未検出,117,1.988157
hocho_X_8,lockin,0,0,QR未検出,,lockin,binary,,,8.848485,901,8,1,0.614743,,0.614743,frame_00000.png,frame_00116.png,r120_e60_f1.mp4,120 Hz,1/60,蛍光灯あり,58.848 fps,120,60,1,55,hocho,max,X,8,,,frame_00000.png,frame_00116.png,QR未検出,117,1.988157
hocho_X_8,lockin,0,0,QR未検出,,lockin,binary,,,8.848485,902,8,1,0.565824,,0.565824,frame_00000.png,frame_00116.png,r120_e60_f1.mp4,120 Hz,1/60,蛍光灯あり,58.848 fps,120,60,1,55,hocho,max,X,8,,,frame_00000.png,frame_00116.png,QR未検出,117,1.988157
hocho_X_8,lockin,0,0,QR未検出,,lockin,binary,,,14.424243,30,8,1,0.649208,,0.649208,frame_00000.png,frame_00116.png,r120_e60_f1.mp4,120 Hz,1/60,蛍光灯あり,58.848 fps,120,60,1,55,hocho,max,X,8,,,frame_00000.png,frame_00116.png,QR未検出,117,1.988157
hocho_X_8,lockin,0,0,QR未検出,,lockin,binary,,,14.424243,50,8,1,0.649161,,0.649161,frame_00000.png,frame_00116.png,r120_e60_f1.mp4,120 Hz,1/60,蛍光灯あり,58.848 fps,120,60,1,55,hocho,max,X,8,,,frame_00000.png,frame_00116.png,QR未検出,117,1.988157
hocho_X_8,lockin,0,0,QR未検出,,lockin,binary,,,14.424243,70,8,1,0.649161,,0.649161,frame_00000.png,frame_00116.png,r120_e60_f1.mp4,120 Hz,1/60,蛍光灯あり,58.848 fps,120,60,1,55,hocho,max,X,8,,,frame_00000.png,frame_00116.png,QR未検出,117,1.988157
hocho_X_8,lockin,0,0,QR未検出,,lockin,binary,,,14.424243,901,8,1,0.611701,,0.611701,frame_00000.png,frame_00116.png,r120_e60_f1.mp4,120 Hz,1/60,蛍光灯あり,58.848 fps,120,60,1,55,hocho,max,X,8,,,frame_00000.png,frame_00116.png,QR未検出,117,1.988157
hocho_X_8,lockin,0,0,QR未検出,,lockin,binary,,,14.424243,902,8,1,0.603047,,0.603047,frame_00000.png,frame_00116.png,r120_e60_f1.mp4,120 Hz,1/60,蛍光灯あり,58.848 fps,120,60,1,55,hocho,max,X,8,,,frame_00000.png,frame_00116.png,QR未検出,117,1.988157
hocho_X_8,lockin,0,0,QR未検出,,lockin,binary,,,27.696970,30,8,1,0.648956,,0.648956,frame_00000.png,frame_00116.png,r120_e60_f1.mp4,120 Hz,1/60,蛍光灯あり,58.848 fps,120,60,1,55,hocho,max,X,8,,,frame_00000.png,frame_00116.png,QR未検出,117,1.988157
hocho_X_8,lockin,0,0,QR未検出,,lockin,binary,,,27.696970,50,8,1,0.649149,,0.649149,frame_00000.png,frame_00116.png,r120_e60_f1.mp4,120 Hz,1/60,蛍光灯あり,58.848 fps,120,60,1,55,hocho,max,X,8,,,frame_00000.png,frame_00116.png,QR未検出,117,1.988157
hocho_X_8,lockin,1,0,QR未検出,,lockin,binary,,,27.696970,70,8,1,0.649238,,0.649238,frame_00000.png,frame_00116.png,r120_e60_f1.mp4,120 Hz,1/60,蛍光灯あり,58.848 fps,120,60,1,55,hocho,max,X,8,,,frame_00000.png,frame_00116.png,QR未検出,117,1.988157
hocho_X_8,lockin,0,0,QR未検出,,lockin,binary,,,27.696970,901,8,1,0.619662,,0.619662,frame_00000.png,frame_00116.png,r120_e60_f1.mp4,120 Hz,1/60,蛍光灯あり,58.848 fps,120,60,1,55,hocho,max,X,8,,,frame_00000.png,frame_00116.png,QR未検出,117,1.988157
hocho_X_8,lockin,0,0,QR未検出,,lockin,binary,,,27.696970,902,8,1,0.593131,,0.593131,frame_00000.png,frame_00116.png,r120_e60_f1.mp4,120 Hz,1/60,蛍光灯あり,58.848 fps,120,60,1,55,hocho,max,X,8,,,frame_00000.png,frame_00116.png,QR未検出,117,1.988157
hocho_X_8,lockin,0,0,QR未検出,,lockin,binary,,,28.848485,30,8,1,0.648953,,0.648953,frame_00000.png,frame_00116.png,r120_e60_f1.mp4,120 Hz,1/60,蛍光灯あり,58.848 fps,120,60,1,55,hocho,max,X,8,,,frame_00000.png,frame_00116.png,QR未検出,117,1.988157
hocho_X_8,lockin,0,0,QR未検出,,lockin,binary,,,28.848485,50,8,1,0.649133,,0.649133,frame_00000.png,frame_00116.png,r120_e60_f1.mp4,120 Hz,1/60,蛍光灯あり,58.848 fps,120,60,1,55,hocho,max,X,8,,,frame_00000.png,frame_00116.png,QR未検出,117,1.988157
hocho_X_8,lockin,0,0,QR未検出,,lockin,binary,,,28.848485,70,8,1,0.649161,,0.649161,frame_00000.png,frame_00116.png,r120_e60_f1.mp4,120 Hz,1/60,蛍光灯あり,58.848 fps,120,60,1,55,hocho,max,X,8,,,frame_00000.png,frame_00116.png,QR未検出,117,1.988157
hocho_X_8,lockin,0,0,QR未検出,,lockin,binary,,,28.848485,901,8,1,0.617464,,0.617464,frame_00000.png,frame_00116.png,r120_e60_f1.mp4,120 Hz,1/60,蛍光灯あり,58.848 fps,120,60,1,55,hocho,max,X,8,,,frame_00000.png,frame_00116.png,QR未検出,117,1.988157
hocho_X_8,lockin,0,0,QR未検出,,lockin,binary,,,28.848485,902,8,1,0.591359,,0.591359,frame_00000.png,frame_00116.png,r120_e60_f1.mp4,120 Hz,1/60,蛍光灯あり,58.848 fps,120,60,1,55,hocho,max,X,8,,,frame_00000.png,frame_00116.png,QR未検出,117,1.988157
nagaoka_fireworks_B_12,lockin,0,0,QR未検出,,lockin,binary,,,8.848485,30,8,1,0.649047,,0.649047,frame_00000.png,frame_00116.png,r120_e60_f1.mp4,120 Hz,1/60,蛍光灯あり,58.848 fps,120,60,1,29,nagaoka_fireworks,B,B,12,,,frame_00000.png,frame_00116.png,QR未検出,117,1.988157
nagaoka_fireworks_B_12,lockin,1,0,QR未検出,,lockin,binary,,,8.848485,50,8,1,0.649170,,0.649170,frame_00000.png,frame_00116.png,r120_e60_f1.mp4,120 Hz,1/60,蛍光灯あり,58.848 fps,120,60,1,29,nagaoka_fireworks,B,B,12,,,frame_00000.png,frame_00116.png,QR未検出,117,1.988157
nagaoka_fireworks_B_12,lockin,0,0,QR未検出,,lockin,binary,,,8.848485,70,8,1,0.649161,,0.649161,frame_00000.png,frame_00116.png,r120_e60_f1.mp4,120 Hz,1/60,蛍光灯あり,58.848 fps,120,60,1,29,nagaoka_fireworks,B,B,12,,,frame_00000.png,frame_00116.png,QR未検出,117,1.988157
nagaoka_fireworks_B_12,lockin,0,0,QR未検出,,lockin,binary,,,8.848485,901,8,1,0.612240,,0.612240,frame_00000.png,frame_00116.png,r120_e60_f1.mp4,120 Hz,1/60,蛍光灯あり,58.848 fps,120,60,1,29,nagaoka_fireworks,B,B,12,,,frame_00000.png,frame_00116.png,QR未検出,117,1.988157
nagaoka_fireworks_B_12,lockin,0,0,QR未検出,,lockin,binary,,,8.848485,902,8,1,0.579423,,0.579423,frame_00000.png,frame_00116.png,r120_e60_f1.mp4,120 Hz,1/60,蛍光灯あり,58.848 fps,120,60,1,29,nagaoka_fireworks,B,B,12,,,frame_00000.png,frame_00116.png,QR未検出,117,1.988157
nagaoka_fireworks_B_12,lockin,0,0,QR未検出,,lockin,binary,,,14.424243,30,8,1,0.648094,,0.648094,frame_00000.png,frame_00116.png,r120_e60_f1.mp4,120 Hz,1/60,蛍光灯あり,58.848 fps,120,60,1,29,nagaoka_fireworks,B,B,12,,,frame_00000.png,frame_00116.png,QR未検出,117,1.988157
nagaoka_fireworks_B_12,lockin,0,0,QR未検出,,lockin,binary,,,14.424243,50,8,1,0.648757,,0.648757,frame_00000.png,frame_00116.png,r120_e60_f1.mp4,120 Hz,1/60,蛍光灯あり,58.848 fps,120,60,1,29,nagaoka_fireworks,B,B,12,,,frame_00000.png,frame_00116.png,QR未検出,117,1.988157
nagaoka_fireworks_B_12,lockin,0,0,QR未検出,,lockin,binary,,,14.424243,70,8,1,0.648887,,0.648887,frame_00000.png,frame_00116.png,r120_e60_f1.mp4,120 Hz,1/60,蛍光灯あり,58.848 fps,120,60,1,29,nagaoka_fireworks,B,B,12,,,frame_00000.png,frame_00116.png,QR未検出,117,1.988157
nagaoka_fireworks_B_12,lockin,0,0,QR未検出,,lockin,binary,,,14.424243,901,8,1,0.616631,,0.616631,frame_00000.png,frame_00116.png,r120_e60_f1.mp4,120 Hz,1/60,蛍光灯あり,58.848 fps,120,60,1,29,nagaoka_fireworks,B,B,12,,,frame_00000.png,frame_00116.png,QR未検出,117,1.988157
nagaoka_fireworks_B_12,lockin,0,0,QR未検出,,lockin,binary,,,14.424243,902,8,1,0.573612,,0.573612,frame_00000.png,frame_00116.png,r120_e60_f1.mp4,120 Hz,1/60,蛍光灯あり,58.848 fps,120,60,1,29,nagaoka_fireworks,B,B,12,,,frame_00000.png,frame_00116.png,QR未検出,117,1.988157
nagaoka_fireworks_B_12,lockin,0,0,QR未検出,,lockin,binary,,,27.696970,30,8,1,0.649152,,0.649152,frame_00000.png,frame_00116.png,r120_e60_f1.mp4,120 Hz,1/60,蛍光灯あり,58.848 fps,120,60,1,29,nagaoka_fireworks,B,B,12,,,frame_00000.png,frame_00116.png,QR未検出,117,1.988157
nagaoka_fireworks_B_12,lockin,0,0,QR未検出,,lockin,binary,,,27.696970,50,8,1,0.649145,,0.649145,frame_00000.png,frame_00116.png,r120_e60_f1.mp4,120 Hz,1/60,蛍光灯あり,58.848 fps,120,60,1,29,nagaoka_fireworks,B,B,12,,,frame_00000.png,frame_00116.png,QR未検出,117,1.988157
nagaoka_fireworks_B_12,lockin,0,0,QR未検出,,lockin,binary,,,27.696970,70,8,1,0.649161,,0.649161,frame_00000.png,frame_00116.png,r120_e60_f1.mp4,120 Hz,1/60,蛍光灯あり,58.848 fps,120,60,1,29,nagaoka_fireworks,B,B,12,,,frame_00000.png,frame_00116.png,QR未検出,117,1.988157
nagaoka_fireworks_B_12,lockin,0,0,QR未検出,,lockin,binary,,,27.696970,901,8,1,0.623245,,0.623245,frame_00000.png,frame_00116.png,r120_e60_f1.mp4,120 Hz,1/60,蛍光灯あり,58.848 fps,120,60,1,29,nagaoka_fireworks,B,B,12,,,frame_00000.png,frame_00116.png,QR未検出,117,1.988157
nagaoka_fireworks_B_12,lockin,0,0,QR未検出,,lockin,binary,,,27.696970,902,8,1,0.612721,,0.612721,frame_00000.png,frame_00116.png,r120_e60_f1.mp4,120 Hz,1/60,蛍光灯あり,58.848 fps,120,60,1,29,nagaoka_fireworks,B,B,12,,,frame_00000.png,frame_00116.png,QR未検出,117,1.988157
nagaoka_fireworks_B_12,lockin,0,0,QR未検出,,lockin,binary,,,28.848485,30,8,1,0.648906,,0.648906,frame_00000.png,frame_00116.png,r120_e60_f1.mp4,120 Hz,1/60,蛍光灯あり,58.848 fps,120,60,1,29,nagaoka_fireworks,B,B,12,,,frame_00000.png,frame_00116.png,QR未検出,117,1.988157
nagaoka_fireworks_B_12,lockin,0,0,QR未検出,,lockin,binary,,,28.848485,50,8,1,0.649161,,0.649161,frame_00000.png,frame_00116.png,r120_e60_f1.mp4,120 Hz,1/60,蛍光灯あり,58.848 fps,120,60,1,29,nagaoka_fireworks,B,B,12,,,frame_00000.png,frame_00116.png,QR未検出,117,1.988157
nagaoka_fireworks_B_12,lockin,0,0,QR未検出,,lockin,binary,,,28.848485,70,8,1,0.649161,,0.649161,frame_00000.png,frame_00116.png,r120_e60_f1.mp4,120 Hz,1/60,蛍光灯あり,58.848 fps,120,60,1,29,nagaoka_fireworks,B,B,12,,,frame_00000.png,frame_00116.png,QR未検出,117,1.988157
nagaoka_fireworks_B_12,lockin,0,0,QR未検出,,lockin,binary,,,28.848485,901,8,1,0.614929,,0.614929,frame_00000.png,frame_00116.png,r120_e60_f1.mp4,120 Hz,1/60,蛍光灯あり,58.848 fps,120,60,1,29,nagaoka_fireworks,B,B,12,,,frame_00000.png,frame_00116.png,QR未検出,117,1.988157
nagaoka_fireworks_B_12,lockin,0,0,QR未検出,,lockin,binary,,,28.848485,902,8,1,0.593219,,0.593219,frame_00000.png,frame_00116.png,r120_e60_f1.mp4,120 Hz,1/60,蛍光灯あり,58.848 fps,120,60,1,29,nagaoka_fireworks,B,B,12,,,frame_00000.png,frame_00116.png,QR未検出,117,1.988157
nagaoka_fireworks_B_4,lockin,0,0,QR未検出,,lockin,binary,,,8.848485,30,8,1,0.648782,,0.648782,frame_00000.png,frame_00116.png,r120_e60_f1.mp4,120 Hz,1/60,蛍光灯あり,58.848 fps,120,60,1,27,nagaoka_fireworks,B,B,4,,,frame_00000.png,frame_00116.png,QR未検出,117,1.988157
nagaoka_fireworks_B_4,lockin,0,0,QR未検出,,lockin,binary,,,8.848485,50,8,1,0.649000,,0.649000,frame_00000.png,frame_00116.png,r120_e60_f1.mp4,120 Hz,1/60,蛍光灯あり,58.848 fps,120,60,1,27,nagaoka_fireworks,B,B,4,,,frame_00000.png,frame_00116.png,QR未検出,117,1.988157
nagaoka_fireworks_B_4,lockin,1,0,QR未検出,,lockin,binary,,,8.848485,70,8,1,0.649161,,0.649161,frame_00000.png,frame_00116.png,r120_e60_f1.mp4,120 Hz,1/60,蛍光灯あり,58.848 fps,120,60,1,27,nagaoka_fireworks,B,B,4,,,frame_00000.png,frame_00116.png,QR未検出,117,1.988157
nagaoka_fireworks_B_4,lockin,0,0,QR未検出,,lockin,binary,,,8.848485,901,8,1,0.611234,,0.611234,frame_00000.png,frame_00116.png,r120_e60_f1.mp4,120 Hz,1/60,蛍光灯あり,58.848 fps,120,60,1,27,nagaoka_fireworks,B,B,4,,,frame_00000.png,frame_00116.png,QR未検出,117,1.988157
nagaoka_fireworks_B_4,lockin,0,0,QR未検出,,lockin,binary,,,8.848485,902,8,1,0.546492,,0.546492,frame_00000.png,frame_00116.png,r120_e60_f1.mp4,120 Hz,1/60,蛍光灯あり,58.848 fps,120,60,1,27,nagaoka_fireworks,B,B,4,,,frame_00000.png,frame_00116.png,QR未検出,117,1.988157
nagaoka_fireworks_B_4,lockin,0,0,QR未検出,,lockin,binary,,,14.424243,30,8,1,0.648666,,0.648666,frame_00000.png,frame_00116.png,r120_e60_f1.mp4,120 Hz,1/60,蛍光灯あり,58.848 fps,120,60,1,27,nagaoka_fireworks,B,B,4,,,frame_00000.png,frame_00116.png,QR未検出,117,1.988157
nagaoka_fireworks_B_4,lockin,0,0,QR未検出,,lockin,binary,,,14.424243,50,8,1,0.648920,,0.648920,frame_00000.png,frame_00116.png,r120_e60_f1.mp4,120 Hz,1/60,蛍光灯あり,58.848 fps,120,60,1,27,nagaoka_fireworks,B,B,4,,,frame_00000.png,frame_00116.png,QR未検出,117,1.988157
nagaoka_fireworks_B_4,lockin,0,0,QR未検出,,lockin,binary,,,14.424243,70,8,1,0.649054,,0.649054,frame_00000.png,frame_00116.png,r120_e60_f1.mp4,120 Hz,1/60,蛍光灯あり,58.848 fps,120,60,1,27,nagaoka_fireworks,B,B,4,,,frame_00000.png,frame_00116.png,QR未検出,117,1.988157
nagaoka_fireworks_B_4,lockin,0,0,QR未検出,,lockin,binary,,,14.424243,901,8,1,0.611916,,0.611916,frame_00000.png,frame_00116.png,r120_e60_f1.mp4,120 Hz,1/60,蛍光灯あり,58.848 fps,120,60,1,27,nagaoka_fireworks,B,B,4,,,frame_00000.png,frame_00116.png,QR未検出,117,1.988157
nagaoka_fireworks_B_4,lockin,0,0,QR未検出,,lockin,binary,,,14.424243,902,8,1,0.586885,,0.586885,frame_00000.png,frame_00116.png,r120_e60_f1.mp4,120 Hz,1/60,蛍光灯あり,58.848 fps,120,60,1,27,nagaoka_fireworks,B,B,4,,,frame_00000.png,frame_00116.png,QR未検出,117,1.988157
nagaoka_fireworks_B_4,lockin,0,0,QR未検出,,lockin,binary,,,27.696970,30,8,1,0.648157,,0.648157,frame_00000.png,frame_00116.png,r120_e60_f1.mp4,120 Hz,1/60,蛍光灯あり,58.848 fps,120,60,1,27,nagaoka_fireworks,B,B,4,,,frame_00000.png,frame_00116.png,QR未検出,117,1.988157
nagaoka_fireworks_B_4,lockin,0,0,QR未検出,,lockin,binary,,,27.696970,50,8,1,0.648894,,0.648894,frame_00000.png,frame_00116.png,r120_e60_f1.mp4,120 Hz,1/60,蛍光灯あり,58.848 fps,120,60,1,27,nagaoka_fireworks,B,B,4,,,frame_00000.png,frame_00116.png,QR未検出,117,1.988157
nagaoka_fireworks_B_4,lockin,0,0,QR未検出,,lockin,binary,,,27.696970,70,8,1,0.649142,,0.649142,frame_00000.png,frame_00116.png,r120_e60_f1.mp4,120 Hz,1/60,蛍光灯あり,58.848 fps,120,60,1,27,nagaoka_fireworks,B,B,4,,,frame_00000.png,frame_00116.png,QR未検出,117,1.988157
nagaoka_fireworks_B_4,lockin,0,0,QR未検出,,lockin,binary,,,27.696970,901,8,1,0.622080,,0.622080,frame_00000.png,frame_00116.png,r120_e60_f1.mp4,120 Hz,1/60,蛍光灯あり,58.848 fps,120,60,1,27,nagaoka_fireworks,B,B,4,,,frame_00000.png,frame_00116.png,QR未検出,117,1.988157
nagaoka_fireworks_B_4,lockin,0,0,QR未検出,,lockin,binary,,,27.696970,902,8,1,0.578254,,0.578254,frame_00000.png,frame_00116.png,r120_e60_f1.mp4,120 Hz,1/60,蛍光灯あり,58.848 fps,120,60,1,27,nagaoka_fireworks,B,B,4,,,frame_00000.png,frame_00116.png,QR未検出,117,1.988157
nagaoka_fireworks_B_4,lockin,0,0,QR未検出,,lockin,binary,,,28.848485,30,8,1,0.648801,,0.648801,frame_00000.png,frame_00116.png,r120_e60_f1.mp4,120 Hz,1/60,蛍光灯あり,58.848 fps,120,60,1,27,nagaoka_fireworks,B,B,4,,,frame_00000.png,frame_00116.png,QR未検出,117,1.988157
nagaoka_fireworks_B_4,lockin,0,0,QR未検出,,lockin,binary,,,28.848485,50,8,1,0.649086,,0.649086,frame_00000.png,frame_00116.png,r120_e60_f1.mp4,120 Hz,1/60,蛍光灯あり,58.848 fps,120,60,1,27,nagaoka_fireworks,B,B,4,,,frame_00000.png,frame_00116.png,QR未検出,117,1.988157
nagaoka_fireworks_B_4,lockin,0,0,QR未検出,,lockin,binary,,,28.848485,70,8,1,0.649147,,0.649147,frame_00000.png,frame_00116.png,r120_e60_f1.mp4,120 Hz,1/60,蛍光灯あり,58.848 fps,120,60,1,27,nagaoka_fireworks,B,B,4,,,frame_00000.png,frame_00116.png,QR未検出,117,1.988157
nagaoka_fireworks_B_4,lockin,0,0,QR未検出,,lockin,binary,,,28.848485,901,8,1,0.616952,,0.616952,frame_00000.png,frame_00116.png,r120_e60_f1.mp4,120 Hz,1/60,蛍光灯あり,58.848 fps,120,60,1,27,nagaoka_fireworks,B,B,4,,,frame_00000.png,frame_00116.png,QR未検出,117,1.988157
nagaoka_fireworks_B_4,lockin,0,0,QR未検出,,lockin,binary,,,28.848485,902,8,1,0.587139,,0.587139,frame_00000.png,frame_00116.png,r120_e60_f1.mp4,120 Hz,1/60,蛍光灯あり,58.848 fps,120,60,1,27,nagaoka_fireworks,B,B,4,,,frame_00000.png,frame_00116.png,QR未検出,117,1.988157
nagaoka_fireworks_B_8,lockin,0,0,QR未検出,,lockin,binary,,,8.848485,30,8,1,0.648568,,0.648568,frame_00000.png,frame_00116.png,r120_e60_f1.mp4,120 Hz,1/60,蛍光灯あり,58.848 fps,120,60,1,28,nagaoka_fireworks,B,B,8,,,frame_00000.png,frame_00116.png,QR未検出,117,1.988157
nagaoka_fireworks_B_8,lockin,1,0,QR未検出,,lockin,binary,,,8.848485,50,8,1,0.649198,,0.649198,frame_00000.png,frame_00116.png,r120_e60_f1.mp4,120 Hz,1/60,蛍光灯あり,58.848 fps,120,60,1,28,nagaoka_fireworks,B,B,8,,,frame_00000.png,frame_00116.png,QR未検出,117,1.988157
nagaoka_fireworks_B_8,lockin,0,0,QR未検出,,lockin,binary,,,8.848485,70,8,1,0.649161,,0.649161,frame_00000.png,frame_00116.png,r120_e60_f1.mp4,120 Hz,1/60,蛍光灯あり,58.848 fps,120,60,1,28,nagaoka_fireworks,B,B,8,,,frame_00000.png,frame_00116.png,QR未検出,117,1.988157
nagaoka_fireworks_B_8,lockin,0,0,QR未検出,,lockin,binary,,,8.848485,901,8,1,0.613356,,0.613356,frame_00000.png,frame_00116.png,r120_e60_f1.mp4,120 Hz,1/60,蛍光灯あり,58.848 fps,120,60,1,28,nagaoka_fireworks,B,B,8,,,frame_00000.png,frame_00116.png,QR未検出,117,1.988157
nagaoka_fireworks_B_8,lockin,0,0,QR未検出,,lockin,binary,,,8.848485,902,8,1,0.561812,,0.561812,frame_00000.png,frame_00116.png,r120_e60_f1.mp4,120 Hz,1/60,蛍光灯あり,58.848 fps,120,60,1,28,nagaoka_fireworks,B,B,8,,,frame_00000.png,frame_00116.png,QR未検出,117,1.988157
nagaoka_fireworks_B_8,lockin,0,0,QR未検出,,lockin,binary,,,14.424243,30,8,1,0.647553,,0.647553,frame_00000.png,frame_00116.png,r120_e60_f1.mp4,120 Hz,1/60,蛍光灯あり,58.848 fps,120,60,1,28,nagaoka_fireworks,B,B,8,,,frame_00000.png,frame_00116.png,QR未検出,117,1.988157
nagaoka_fireworks_B_8,lockin,0,0,QR未検出,,lockin,binary,,,14.424243,50,8,1,0.648804,,0.648804,frame_00000.png,frame_00116.png,r120_e60_f1.mp4,120 Hz,1/60,蛍光灯あり,58.848 fps,120,60,1,28,nagaoka_fireworks,B,B,8,,,frame_00000.png,frame_00116.png,QR未検出,117,1.988157
nagaoka_fireworks_B_8,lockin,0,0,QR未検出,,lockin,binary,,,14.424243,70,8,1,0.649161,,0.649161,frame_00000.png,frame_00116.png,r120_e60_f1.mp4,120 Hz,1/60,蛍光灯あり,58.848 fps,120,60,1,28,nagaoka_fireworks,B,B,8,,,frame_00000.png,frame_00116.png,QR未検出,117,1.988157
nagaoka_fireworks_B_8,lockin,0,0,QR未検出,,lockin,binary,,,14.424243,901,8,1,0.616826,,0.616826,frame_00000.png,frame_00116.png,r120_e60_f1.mp4,120 Hz,1/60,蛍光灯あり,58.848 fps,120,60,1,28,nagaoka_fireworks,B,B,8,,,frame_00000.png,frame_00116.png,QR未検出,117,1.988157
nagaoka_fireworks_B_8,lockin,0,0,QR未検出,,lockin,binary,,,14.424243,902,8,1,0.566330,,0.566330,frame_00000.png,frame_00116.png,r120_e60_f1.mp4,120 Hz,1/60,蛍光灯あり,58.848 fps,120,60,1,28,nagaoka_fireworks,B,B,8,,,frame_00000.png,frame_00116.png,QR未検出,117,1.988157
nagaoka_fireworks_B_8,lockin,0,0,QR未検出,,lockin,binary,,,27.696970,30,8,1,0.647704,,0.647704,frame_00000.png,frame_00116.png,r120_e60_f1.mp4,120 Hz,1/60,蛍光灯あり,58.848 fps,120,60,1,28,nagaoka_fireworks,B,B,8,,,frame_00000.png,frame_00116.png,QR未検出,117,1.988157
nagaoka_fireworks_B_8,lockin,0,0,QR未検出,,lockin,binary,,,27.696970,50,8,1,0.648668,,0.648668,frame_00000.png,frame_00116.png,r120_e60_f1.mp4,120 Hz,1/60,蛍光灯あり,58.848 fps,120,60,1,28,nagaoka_fireworks,B,B,8,,,frame_00000.png,frame_00116.png,QR未検出,117,1.988157
nagaoka_fireworks_B_8,lockin,0,0,QR未検出,,lockin,binary,,,27.696970,70,8,1,0.648998,,0.648998,frame_00000.png,frame_00116.png,r120_e60_f1.mp4,120 Hz,1/60,蛍光灯あり,58.848 fps,120,60,1,28,nagaoka_fireworks,B,B,8,,,frame_00000.png,frame_00116.png,QR未検出,117,1.988157
nagaoka_fireworks_B_8,lockin,0,0,QR未検出,,lockin,binary,,,27.696970,901,8,1,0.624088,,0.624088,frame_00000.png,frame_00116.png,r120_e60_f1.mp4,120 Hz,1/60,蛍光灯あり,58.848 fps,120,60,1,28,nagaoka_fireworks,B,B,8,,,frame_00000.png,frame_00116.png,QR未検出,117,1.988157
nagaoka_fireworks_B_8,lockin,0,0,QR未検出,,lockin,binary,,,27.696970,902,8,1,0.571248,,0.571248,frame_00000.png,frame_00116.png,r120_e60_f1.mp4,120 Hz,1/60,蛍光灯あり,58.848 fps,120,60,1,28,nagaoka_fireworks,B,B,8,,,frame_00000.png,frame_00116.png,QR未検出,117,1.988157
nagaoka_fireworks_B_8,lockin,0,0,QR未検出,,lockin,binary,,,28.848485,30,8,1,0.648612,,0.648612,frame_00000.png,frame_00116.png,r120_e60_f1.mp4,120 Hz,1/60,蛍光灯あり,58.848 fps,120,60,1,28,nagaoka_fireworks,B,B,8,,,frame_00000.png,frame_00116.png,QR未検出,117,1.988157
nagaoka_fireworks_B_8,lockin,0,0,QR未検出,,lockin,binary,,,28.848485,50,8,1,0.649091,,0.649091,frame_00000.png,frame_00116.png,r120_e60_f1.mp4,120 Hz,1/60,蛍光灯あり,58.848 fps,120,60,1,28,nagaoka_fireworks,B,B,8,,,frame_00000.png,frame_00116.png,QR未検出,117,1.988157
nagaoka_fireworks_B_8,lockin,0,0,QR未検出,,lockin,binary,,,28.848485,70,8,1,0.649161,,0.649161,frame_00000.png,frame_00116.png,r120_e60_f1.mp4,120 Hz,1/60,蛍光灯あり,58.848 fps,120,60,1,28,nagaoka_fireworks,B,B,8,,,frame_00000.png,frame_00116.png,QR未検出,117,1.988157
nagaoka_fireworks_B_8,lockin,0,0,QR未検出,,lockin,binary,,,28.848485,901,8,1,0.620258,,0.620258,frame_00000.png,frame_00116.png,r120_e60_f1.mp4,120 Hz,1/60,蛍光灯あり,58.848 fps,120,60,1,28,nagaoka_fireworks,B,B,8,,,frame_00000.png,frame_00116.png,QR未検出,117,1.988157
nagaoka_fireworks_B_8,lockin,0,0,QR未検出,,lockin,binary,,,28.848485,902,8,1,0.575915,,0.575915,frame_00000.png,frame_00116.png,r120_e60_f1.mp4,120 Hz,1/60,蛍光灯あり,58.848 fps,120,60,1,28,nagaoka_fireworks,B,B,8,,,frame_00000.png,frame_00116.png,QR未検出,117,1.988157
nagaoka_fireworks_G_12,lockin,0,0,QR未検出,,lockin,binary,,,8.848485,30,8,1,0.649161,,0.649161,frame_00000.png,frame_00116.png,r120_e60_f1.mp4,120 Hz,1/60,蛍光灯あり,58.848 fps,120,60,1,17,nagaoka_fireworks,G,G,12,,,frame_00000.png,frame_00116.png,QR未検出,117,1.988157
nagaoka_fireworks_G_12,lockin,0,0,QR未検出,,lockin,binary,,,8.848485,50,8,1,0.649161,,0.649161,frame_00000.png,frame_00116.png,r120_e60_f1.mp4,120 Hz,1/60,蛍光灯あり,58.848 fps,120,60,1,17,nagaoka_fireworks,G,G,12,,,frame_00000.png,frame_00116.png,QR未検出,117,1.988157
nagaoka_fireworks_G_12,lockin,0,0,QR未検出,,lockin,binary,,,8.848485,70,8,1,0.649161,,0.649161,frame_00000.png,frame_00116.png,r120_e60_f1.mp4,120 Hz,1/60,蛍光灯あり,58.848 fps,120,60,1,17,nagaoka_fireworks,G,G,12,,,frame_00000.png,frame_00116.png,QR未検出,117,1.988157
nagaoka_fireworks_G_12,lockin,0,0,QR未検出,,lockin,binary,,,8.848485,901,8,1,0.606660,,0.606660,frame_00000.png,frame_00116.png,r120_e60_f1.mp4,120 Hz,1/60,蛍光灯あり,58.848 fps,120,60,1,17,nagaoka_fireworks,G,G,12,,,frame_00000.png,frame_00116.png,QR未検出,117,1.988157
nagaoka_fireworks_G_12,lockin,0,0,QR未検出,,lockin,binary,,,8.848485,902,8,1,0.622066,,0.622066,frame_00000.png,frame_00116.png,r120_e60_f1.mp4,120 Hz,1/60,蛍光灯あり,58.848 fps,120,60,1,17,nagaoka_fireworks,G,G,12,,,frame_00000.png,frame_00116.png,QR未検出,117,1.988157
nagaoka_fireworks_G_12,lockin,0,0,QR未検出,,lockin,binary,,,14.424243,30,8,1,0.649021,,0.649021,frame_00000.png,frame_00116.png,r120_e60_f1.mp4,120 Hz,1/60,蛍光灯あり,58.848 fps,120,60,1,17,nagaoka_fireworks,G,G,12,,,frame_00000.png,frame_00116.png,QR未検出,117,1.988157
nagaoka_fireworks_G_12,lockin,0,0,QR未検出,,lockin,binary,,,14.424243,50,8,1,0.649140,,0.649140,frame_00000.png,frame_00116.png,r120_e60_f1.mp4,120 Hz,1/60,蛍光灯あり,58.848 fps,120,60,1,17,nagaoka_fireworks,G,G,12,,,frame_00000.png,frame_00116.png,QR未検出,117,1.988157
nagaoka_fireworks_G_12,lockin,0,0,QR未検出,,lockin,binary,,,14.424243,70,8,1,0.649161,,0.649161,frame_00000.png,frame_00116.png,r120_e60_f1.mp4,120 Hz,1/60,蛍光灯あり,58.848 fps,120,60,1,17,nagaoka_fireworks,G,G,12,,,frame_00000.png,frame_00116.png,QR未検出,117,1.988157
nagaoka_fireworks_G_12,lockin,0,0,QR未検出,,lockin,binary,,,14.424243,901,8,1,0.614000,,0.614000,frame_00000.png,frame_00116.png,r120_e60_f1.mp4,120 Hz,1/60,蛍光灯あり,58.848 fps,120,60,1,17,nagaoka_fireworks,G,G,12,,,frame_00000.png,frame_00116.png,QR未検出,117,1.988157
nagaoka_fireworks_G_12,lockin,0,0,QR未検出,,lockin,binary,,,14.424243,902,8,1,0.607232,,0.607232,frame_00000.png,frame_00116.png,r120_e60_f1.mp4,120 Hz,1/60,蛍光灯あり,58.848 fps,120,60,1,17,nagaoka_fireworks,G,G,12,,,frame_00000.png,frame_00116.png,QR未検出,117,1.988157
nagaoka_fireworks_G_12,lockin,1,0,QR未検出,,lockin,binary,,,27.696970,30,8,1,0.649219,,0.649219,frame_00000.png,frame_00116.png,r120_e60_f1.mp4,120 Hz,1/60,蛍光灯あり,58.848 fps,120,60,1,17,nagaoka_fireworks,G,G,12,,,frame_00000.png,frame_00116.png,QR未検出,117,1.988157
nagaoka_fireworks_G_12,lockin,0,0,QR未検出,,lockin,binary,,,27.696970,50,8,1,0.649161,,0.649161,frame_00000.png,frame_00116.png,r120_e60_f1.mp4,120 Hz,1/60,蛍光灯あり,58.848 fps,120,60,1,17,nagaoka_fireworks,G,G,12,,,frame_00000.png,frame_00116.png,QR未検出,117,1.988157
nagaoka_fireworks_G_12,lockin,0,0,QR未検出,,lockin,binary,,,27.696970,70,8,1,0.649161,,0.649161,frame_00000.png,frame_00116.png,r120_e60_f1.mp4,120 Hz,1/60,蛍光灯あり,58.848 fps,120,60,1,17,nagaoka_fireworks,G,G,12,,,frame_00000.png,frame_00116.png,QR未検出,117,1.988157
nagaoka_fireworks_G_12,lockin,0,0,QR未検出,,lockin,binary,,,27.696970,901,8,1,0.624235,,0.624235,frame_00000.png,frame_00116.png,r120_e60_f1.mp4,120 Hz,1/60,蛍光灯あり,58.848 fps,120,60,1,17,nagaoka_fireworks,G,G,12,,,frame_00000.png,frame_00116.png,QR未検出,117,1.988157
nagaoka_fireworks_G_12,lockin,0,0,QR未検出,,lockin,binary,,,27.696970,902,8,1,0.612152,,0.612152,frame_00000.png,frame_00116.png,r120_e60_f1.mp4,120 Hz,1/60,蛍光灯あり,58.848 fps,120,60,1,17,nagaoka_fireworks,G,G,12,,,frame_00000.png,frame_00116.png,QR未検出,117,1.988157
nagaoka_fireworks_G_12,lockin,0,0,QR未検出,,lockin,binary,,,28.848485,30,8,1,0.649116,,0.649116,frame_00000.png,frame_00116.png,r120_e60_f1.mp4,120 Hz,1/60,蛍光灯あり,58.848 fps,120,60,1,17,nagaoka_fireworks,G,G,12,,,frame_00000.png,frame_00116.png,QR未検出,117,1.988157
nagaoka_fireworks_G_12,lockin,0,0,QR未検出,,lockin,binary,,,28.848485,50,8,1,0.649161,,0.649161,frame_00000.png,frame_00116.png,r120_e60_f1.mp4,120 Hz,1/60,蛍光灯あり,58.848 fps,120,60,1,17,nagaoka_fireworks,G,G,12,,,frame_00000.png,frame_00116.png,QR未検出,117,1.988157
nagaoka_fireworks_G_12,lockin,0,0,QR未検出,,lockin,binary,,,28.848485,70,8,1,0.649161,,0.649161,frame_00000.png,frame_00116.png,r120_e60_f1.mp4,120 Hz,1/60,蛍光灯あり,58.848 fps,120,60,1,17,nagaoka_fireworks,G,G,12,,,frame_00000.png,frame_00116.png,QR未検出,117,1.988157
nagaoka_fireworks_G_12,lockin,0,0,QR未検出,,lockin,binary,,,28.848485,901,8,1,0.619623,,0.619623,frame_00000.png,frame_00116.png,r120_e60_f1.mp4,120 Hz,1/60,蛍光灯あり,58.848 fps,120,60,1,17,nagaoka_fireworks,G,G,12,,,frame_00000.png,frame_00116.png,QR未検出,117,1.988157
nagaoka_fireworks_G_12,lockin,0,0,QR未検出,,lockin,binary,,,28.848485,902,8,1,0.614946,,0.614946,frame_00000.png,frame_00116.png,r120_e60_f1.mp4,120 Hz,1/60,蛍光灯あり,58.848 fps,120,60,1,17,nagaoka_fireworks,G,G,12,,,frame_00000.png,frame_00116.png,QR未検出,117,1.988157
nagaoka_fireworks_G_4,lockin,0,0,QR未検出,,lockin,binary,,,8.848485,30,8,1,0.649056,,0.649056,frame_00000.png,frame_00116.png,r120_e60_f1.mp4,120 Hz,1/60,蛍光灯あり,58.848 fps,120,60,1,15,nagaoka_fireworks,G,G,4,,,frame_00000.png,frame_00116.png,QR未検出,117,1.988157
nagaoka_fireworks_G_4,lockin,0,0,QR未検出,,lockin,binary,,,8.848485,50,8,1,0.649161,,0.649161,frame_00000.png,frame_00116.png,r120_e60_f1.mp4,120 Hz,1/60,蛍光灯あり,58.848 fps,120,60,1,15,nagaoka_fireworks,G,G,4,,,frame_00000.png,frame_00116.png,QR未検出,117,1.988157
nagaoka_fireworks_G_4,lockin,0,0,QR未検出,,lockin,binary,,,8.848485,70,8,1,0.649161,,0.649161,frame_00000.png,frame_00116.png,r120_e60_f1.mp4,120 Hz,1/60,蛍光灯あり,58.848 fps,120,60,1,15,nagaoka_fireworks,G,G,4,,,frame_00000.png,frame_00116.png,QR未検出,117,1.988157
nagaoka_fireworks_G_4,lockin,0,0,QR未検出,,lockin,binary,,,8.848485,901,8,1,0.606553,,0.606553,frame_00000.png,frame_00116.png,r120_e60_f1.mp4,120 Hz,1/60,蛍光灯あり,58.848 fps,120,60,1,15,nagaoka_fireworks,G,G,4,,,frame_00000.png,frame_00116.png,QR未検出,117,1.988157
nagaoka_fireworks_G_4,lockin,0,0,QR未検出,,lockin,binary,,,8.848485,902,8,1,0.594040,,0.594040,frame_00000.png,frame_00116.png,r120_e60_f1.mp4,120 Hz,1/60,蛍光灯あり,58.848 fps,120,60,1,15,nagaoka_fireworks,G,G,4,,,frame_00000.png,frame_00116.png,QR未検出,117,1.988157
nagaoka_fireworks_G_4,lockin,0,0,QR未検出,,lockin,binary,,,14.424243,30,8,1,0.648722,,0.648722,frame_00000.png,frame_00116.png,r120_e60_f1.mp4,120 Hz,1/60,蛍光灯あり,58.848 fps,120,60,1,15,nagaoka_fireworks,G,G,4,,,frame_00000.png,frame_00116.png,QR未検出,117,1.988157
nagaoka_fireworks_G_4,lockin,0,0,QR未検出,,lockin,binary,,,14.424243,50,8,1,0.649086,,0.649086,frame_00000.png,frame_00116.png,r120_e60_f1.mp4,120 Hz,1/60,蛍光灯あり,58.848 fps,120,60,1,15,nagaoka_fireworks,G,G,4,,,frame_00000.png,frame_00116.png,QR未検出,117,1.988157
nagaoka_fireworks_G_4,lockin,0,0,QR未検出,,lockin,binary,,,14.424243,70,8,1,0.649088,,0.649088,frame_00000.png,frame_00116.png,r120_e60_f1.mp4,120 Hz,1/60,蛍光灯あり,58.848 fps,120,60,1,15,nagaoka_fireworks,G,G,4,,,frame_00000.png,frame_00116.png,QR未検出,117,1.988157
nagaoka_fireworks_G_4,lockin,0,0,QR未検出,,lockin,binary,,,14.424243,901,8,1,0.619620,,0.619620,frame_00000.png,frame_00116.png,r120_e60_f1.mp4,120 Hz,1/60,蛍光灯あり,58.848 fps,120,60,1,15,nagaoka_fireworks,G,G,4,,,frame_00000.png,frame_00116.png,QR未検出,117,1.988157
nagaoka_fireworks_G_4,lockin,0,0,QR未検出,,lockin,binary,,,14.424243,902,8,1,0.583391,,0.583391,frame_00000.png,frame_00116.png,r120_e60_f1.mp4,120 Hz,1/60,蛍光灯あり,58.848 fps,120,60,1,15,nagaoka_fireworks,G,G,4,,,frame_00000.png,frame_00116.png,QR未検出,117,1.988157
nagaoka_fireworks_G_4,lockin,0,0,QR未検出,,lockin,binary,,,27.696970,30,8,1,0.649152,,0.649152,frame_00000.png,frame_00116.png,r120_e60_f1.mp4,120 Hz,1/60,蛍光灯あり,58.848 fps,120,60,1,15,nagaoka_fireworks,G,G,4,,,frame_00000.png,frame_00116.png,QR未検出,117,1.988157
nagaoka_fireworks_G_4,lockin,0,0,QR未検出,,lockin,binary,,,27.696970,50,8,1,0.649119,,0.649119,frame_00000.png,frame_00116.png,r120_e60_f1.mp4,120 Hz,1/60,蛍光灯あり,58.848 fps,120,60,1,15,nagaoka_fireworks,G,G,4,,,frame_00000.png,frame_00116.png,QR未検出,117,1.988157
nagaoka_fireworks_G_4,lockin,0,0,QR未検出,,lockin,binary,,,27.696970,70,8,1,0.649158,,0.649158,frame_00000.png,frame_00116.png,r120_e60_f1.mp4,120 Hz,1/60,蛍光灯あり,58.848 fps,120,60,1,15,nagaoka_fireworks,G,G,4,,,frame_00000.png,frame_00116.png,QR未検出,117,1.988157
nagaoka_fireworks_G_4,lockin,0,0,QR未検出,,lockin,binary,,,27.696970,901,8,1,0.624648,,0.624648,frame_00000.png,frame_00116.png,r120_e60_f1.mp4,120 Hz,1/60,蛍光灯あり,58.848 fps,120,60,1,15,nagaoka_fireworks,G,G,4,,,frame_00000.png,frame_00116.png,QR未検出,117,1.988157
nagaoka_fireworks_G_4,lockin,0,0,QR未検出,,lockin,binary,,,27.696970,902,8,1,0.606469,,0.606469,frame_00000.png,frame_00116.png,r120_e60_f1.mp4,120 Hz,1/60,蛍光灯あり,58.848 fps,120,60,1,15,nagaoka_fireworks,G,G,4,,,frame_00000.png,frame_00116.png,QR未検出,117,1.988157
nagaoka_fireworks_G_4,lockin,0,0,QR未検出,,lockin,binary,,,28.848485,30,8,1,0.648932,,0.648932,frame_00000.png,frame_00116.png,r120_e60_f1.mp4,120 Hz,1/60,蛍光灯あり,58.848 fps,120,60,1,15,nagaoka_fireworks,G,G,4,,,frame_00000.png,frame_00116.png,QR未検出,117,1.988157
nagaoka_fireworks_G_4,lockin,0,0,QR未検出,,lockin,binary,,,28.848485,50,8,1,0.649098,,0.649098,frame_00000.png,frame_00116.png,r120_e60_f1.mp4,120 Hz,1/60,蛍光灯あり,58.848 fps,120,60,1,15,nagaoka_fireworks,G,G,4,,,frame_00000.png,frame_00116.png,QR未検出,117,1.988157
nagaoka_fireworks_G_4,lockin,1,0,QR未検出,,lockin,binary,,,28.848485,70,8,1,0.649170,,0.649170,frame_00000.png,frame_00116.png,r120_e60_f1.mp4,120 Hz,1/60,蛍光灯あり,58.848 fps,120,60,1,15,nagaoka_fireworks,G,G,4,,,frame_00000.png,frame_00116.png,QR未検出,117,1.988157
nagaoka_fireworks_G_4,lockin,0,0,QR未検出,,lockin,binary,,,28.848485,901,8,1,0.621245,,0.621245,frame_00000.png,frame_00116.png,r120_e60_f1.mp4,120 Hz,1/60,蛍光灯あり,58.848 fps,120,60,1,15,nagaoka_fireworks,G,G,4,,,frame_00000.png,frame_00116.png,QR未検出,117,1.988157
nagaoka_fireworks_G_4,lockin,0,0,QR未検出,,lockin,binary,,,28.848485,902,8,1,0.583592,,0.583592,frame_00000.png,frame_00116.png,r120_e60_f1.mp4,120 Hz,1/60,蛍光灯あり,58.848 fps,120,60,1,15,nagaoka_fireworks,G,G,4,,,frame_00000.png,frame_00116.png,QR未検出,117,1.988157
nagaoka_fireworks_G_8,lockin,0,0,QR未検出,,lockin,binary,,,8.848485,30,8,1,0.648883,,0.648883,frame_00000.png,frame_00116.png,r120_e60_f1.mp4,120 Hz,1/60,蛍光灯あり,58.848 fps,120,60,1,16,nagaoka_fireworks,G,G,8,,,frame_00000.png,frame_00116.png,QR未検出,117,1.988157
nagaoka_fireworks_G_8,lockin,0,0,QR未検出,,lockin,binary,,,8.848485,50,8,1,0.649121,,0.649121,frame_00000.png,frame_00116.png,r120_e60_f1.mp4,120 Hz,1/60,蛍光灯あり,58.848 fps,120,60,1,16,nagaoka_fireworks,G,G,8,,,frame_00000.png,frame_00116.png,QR未検出,117,1.988157
nagaoka_fireworks_G_8,lockin,0,0,QR未検出,,lockin,binary,,,8.848485,70,8,1,0.649161,,0.649161,frame_00000.png,frame_00116.png,r120_e60_f1.mp4,120 Hz,1/60,蛍光灯あり,58.848 fps,120,60,1,16,nagaoka_fireworks,G,G,8,,,frame_00000.png,frame_00116.png,QR未検出,117,1.988157
nagaoka_fireworks_G_8,lockin,0,0,QR未検出,,lockin,binary,,,8.848485,901,8,1,0.611290,,0.611290,frame_00000.png,frame_00116.png,r120_e60_f1.mp4,120 Hz,1/60,蛍光灯あり,58.848 fps,120,60,1,16,nagaoka_fireworks,G,G,8,,,frame_00000.png,frame_00116.png,QR未検出,117,1.988157
nagaoka_fireworks_G_8,lockin,0,0,QR未検出,,lockin,binary,,,8.848485,902,8,1,0.588054,,0.588054,frame_00000.png,frame_00116.png,r120_e60_f1.mp4,120 Hz,1/60,蛍光灯あり,58.848 fps,120,60,1,16,nagaoka_fireworks,G,G,8,,,frame_00000.png,frame_00116.png,QR未検出,117,1.988157
nagaoka_fireworks_G_8,lockin,0,0,QR未検出,,lockin,binary,,,14.424243,30,8,1,0.648533,,0.648533,frame_00000.png,frame_00116.png,r120_e60_f1.mp4,120 Hz,1/60,蛍光灯あり,58.848 fps,120,60,1,16,nagaoka_fireworks,G,G,8,,,frame_00000.png,frame_00116.png,QR未検出,117,1.988157
nagaoka_fireworks_G_8,lockin,0,0,QR未検出,,lockin,binary,,,14.424243,50,8,1,0.648930,,0.648930,frame_00000.png,frame_00116.png,r120_e60_f1.mp4,120 Hz,1/60,蛍光灯あり,58.848 fps,120,60,1,16,nagaoka_fireworks,G,G,8,,,frame_00000.png,frame_00116.png,QR未検出,117,1.988157
nagaoka_fireworks_G_8,lockin,0,0,QR未検出,,lockin,binary,,,14.424243,70,8,1,0.649152,,0.649152,frame_00000.png,frame_00116.png,r120_e60_f1.mp4,120 Hz,1/60,蛍光灯あり,58.848 fps,120,60,1,16,nagaoka_fireworks,G,G,8,,,frame_00000.png,frame_00116.png,QR未検出,117,1.988157
nagaoka_fireworks_G_8,lockin,0,0,QR未検出,,lockin,binary,,,14.424243,901,8,1,0.618320,,0.618320,frame_00000.png,frame_00116.png,r120_e60_f1.mp4,120 Hz,1/60,蛍光灯あり,58.848 fps,120,60,1,16,nagaoka_fireworks,G,G,8,,,frame_00000.png,frame_00116.png,QR未検出,117,1.988157
nagaoka_fireworks_G_8,lockin,0,0,QR未検出,,lockin,binary,,,14.424243,902,8,1,0.581951,,0.581951,frame_00000.png,frame_00116.png,r120_e60_f1.mp4,120 Hz,1/60,蛍光灯あり,58.848 fps,120,60,1,16,nagaoka_fireworks,G,G,8,,,frame_00000.png,frame_00116.png,QR未検出,117,1.988157
nagaoka_fireworks_G_8,lockin,0,0,QR未検出,,lockin,binary,,,27.696970,30,8,1,0.648862,,0.648862,frame_00000.png,frame_00116.png,r120_e60_f1.mp4,120 Hz,1/60,蛍光灯あり,58.848 fps,120,60,1,16,nagaoka_fireworks,G,G,8,,,frame_00000.png,frame_00116.png,QR未検出,117,1.988157
nagaoka_fireworks_G_8,lockin,0,0,QR未検出,,lockin,binary,,,27.696970,50,8,1,0.649032,,0.649032,frame_00000.png,frame_00116.png,r120_e60_f1.mp4,120 Hz,1/60,蛍光灯あり,58.848 fps,120,60,1,16,nagaoka_fireworks,G,G,8,,,frame_00000.png,frame_00116.png,QR未検出,117,1.988157
nagaoka_fireworks_G_8,lockin,1,0,QR未検出,,lockin,binary,,,27.696970,70,8,1,0.649180,,0.649180,frame_00000.png,frame_00116.png,r120_e60_f1.mp4,120 Hz,1/60,蛍光灯あり,58.848 fps,120,60,1,16,nagaoka_fireworks,G,G,8,,,frame_00000.png,frame_00116.png,QR未検出,117,1.988157
nagaoka_fireworks_G_8,lockin,0,0,QR未検出,,lockin,binary,,,27.696970,901,8,1,0.622190,,0.622190,frame_00000.png,frame_00116.png,r120_e60_f1.mp4,120 Hz,1/60,蛍光灯あり,58.848 fps,120,60,1,16,nagaoka_fireworks,G,G,8,,,frame_00000.png,frame_00116.png,QR未検出,117,1.988157
nagaoka_fireworks_G_8,lockin,0,0,QR未検出,,lockin,binary,,,27.696970,902,8,1,0.594468,,0.594468,frame_00000.png,frame_00116.png,r120_e60_f1.mp4,120 Hz,1/60,蛍光灯あり,58.848 fps,120,60,1,16,nagaoka_fireworks,G,G,8,,,frame_00000.png,frame_00116.png,QR未検出,117,1.988157
nagaoka_fireworks_G_8,lockin,0,0,QR未検出,,lockin,binary,,,28.848485,30,8,1,0.648937,,0.648937,frame_00000.png,frame_00116.png,r120_e60_f1.mp4,120 Hz,1/60,蛍光灯あり,58.848 fps,120,60,1,16,nagaoka_fireworks,G,G,8,,,frame_00000.png,frame_00116.png,QR未検出,117,1.988157
nagaoka_fireworks_G_8,lockin,0,0,QR未検出,,lockin,binary,,,28.848485,50,8,1,0.649161,,0.649161,frame_00000.png,frame_00116.png,r120_e60_f1.mp4,120 Hz,1/60,蛍光灯あり,58.848 fps,120,60,1,16,nagaoka_fireworks,G,G,8,,,frame_00000.png,frame_00116.png,QR未検出,117,1.988157
nagaoka_fireworks_G_8,lockin,0,0,QR未検出,,lockin,binary,,,28.848485,70,8,1,0.649161,,0.649161,frame_00000.png,frame_00116.png,r120_e60_f1.mp4,120 Hz,1/60,蛍光灯あり,58.848 fps,120,60,1,16,nagaoka_fireworks,G,G,8,,,frame_00000.png,frame_00116.png,QR未検出,117,1.988157
nagaoka_fireworks_G_8,lockin,0,0,QR未検出,,lockin,binary,,,28.848485,901,8,1,0.625425,,0.625425,frame_00000.png,frame_00116.png,r120_e60_f1.mp4,120 Hz,1/60,蛍光灯あり,58.848 fps,120,60,1,16,nagaoka_fireworks,G,G,8,,,frame_00000.png,frame_00116.png,QR未検出,117,1.988157
nagaoka_fireworks_G_8,lockin,0,0,QR未検出,,lockin,binary,,,28.848485,902,8,1,0.614689,,0.614689,frame_00000.png,frame_00116.png,r120_e60_f1.mp4,120 Hz,1/60,蛍光灯あり,58.848 fps,120,60,1,16,nagaoka_fireworks,G,G,8,,,frame_00000.png,frame_00116.png,QR未検出,117,1.988157
nagaoka_fireworks_I_12,lockin,1,0,QR未検出,,lockin,binary,,,8.848485,30,8,1,0.649327,,0.649327,frame_00000.png,frame_00116.png,r120_e60_f1.mp4,120 Hz,1/60,蛍光灯あり,58.848 fps,120,60,1,41,nagaoka_fireworks,min,I,12,,,frame_00000.png,frame_00116.png,QR未検出,117,1.988157
nagaoka_fireworks_I_12,lockin,0,0,QR未検出,,lockin,binary,,,8.848485,50,8,1,0.649166,,0.649166,frame_00000.png,frame_00116.png,r120_e60_f1.mp4,120 Hz,1/60,蛍光灯あり,58.848 fps,120,60,1,41,nagaoka_fireworks,min,I,12,,,frame_00000.png,frame_00116.png,QR未検出,117,1.988157
nagaoka_fireworks_I_12,lockin,0,0,QR未検出,,lockin,binary,,,8.848485,70,8,1,0.649161,,0.649161,frame_00000.png,frame_00116.png,r120_e60_f1.mp4,120 Hz,1/60,蛍光灯あり,58.848 fps,120,60,1,41,nagaoka_fireworks,min,I,12,,,frame_00000.png,frame_00116.png,QR未検出,117,1.988157
nagaoka_fireworks_I_12,lockin,0,0,QR未検出,,lockin,binary,,,8.848485,901,8,1,0.611863,,0.611863,frame_00000.png,frame_00116.png,r120_e60_f1.mp4,120 Hz,1/60,蛍光灯あり,58.848 fps,120,60,1,41,nagaoka_fireworks,min,I,12,,,frame_00000.png,frame_00116.png,QR未検出,117,1.988157
nagaoka_fireworks_I_12,lockin,0,0,QR未検出,,lockin,binary,,,8.848485,902,8,1,0.571763,,0.571763,frame_00000.png,frame_00116.png,r120_e60_f1.mp4,120 Hz,1/60,蛍光灯あり,58.848 fps,120,60,1,41,nagaoka_fireworks,min,I,12,,,frame_00000.png,frame_00116.png,QR未検出,117,1.988157
nagaoka_fireworks_I_12,lockin,0,0,QR未検出,,lockin,binary,,,14.424243,30,8,1,0.649021,,0.649021,frame_00000.png,frame_00116.png,r120_e60_f1.mp4,120 Hz,1/60,蛍光灯あり,58.848 fps,120,60,1,41,nagaoka_fireworks,min,I,12,,,frame_00000.png,frame_00116.png,QR未検出,117,1.988157
nagaoka_fireworks_I_12,lockin,0,0,QR未検出,,lockin,binary,,,14.424243,50,8,1,0.649102,,0.649102,frame_00000.png,frame_00116.png,r120_e60_f1.mp4,120 Hz,1/60,蛍光灯あり,58.848 fps,120,60,1,41,nagaoka_fireworks,min,I,12,,,frame_00000.png,frame_00116.png,QR未検出,117,1.988157
nagaoka_fireworks_I_12,lockin,0,0,QR未検出,,lockin,binary,,,14.424243,70,8,1,0.649161,,0.649161,frame_00000.png,frame_00116.png,r120_e60_f1.mp4,120 Hz,1/60,蛍光灯あり,58.848 fps,120,60,1,41,nagaoka_fireworks,min,I,12,,,frame_00000.png,frame_00116.png,QR未検出,117,1.988157
nagaoka_fireworks_I_12,lockin,0,0,QR未検出,,lockin,binary,,,14.424243,901,8,1,0.619831,,0.619831,frame_00000.png,frame_00116.png,r120_e60_f1.mp4,120 Hz,1/60,蛍光灯あり,58.848 fps,120,60,1,41,nagaoka_fireworks,min,I,12,,,frame_00000.png,frame_00116.png,QR未検出,117,1.988157
nagaoka_fireworks_I_12,lockin,0,0,QR未検出,,lockin,binary,,,14.424243,902,8,1,0.581400,,0.581400,frame_00000.png,frame_00116.png,r120_e60_f1.mp4,120 Hz,1/60,蛍光灯あり,58.848 fps,120,60,1,41,nagaoka_fireworks,min,I,12,,,frame_00000.png,frame_00116.png,QR未検出,117,1.988157
nagaoka_fireworks_I_12,lockin,0,0,QR未検出,,lockin,binary,,,27.696970,30,8,1,0.649135,,0.649135,frame_00000.png,frame_00116.png,r120_e60_f1.mp4,120 Hz,1/60,蛍光灯あり,58.848 fps,120,60,1,41,nagaoka_fireworks,min,I,12,,,frame_00000.png,frame_00116.png,QR未検出,117,1.988157
nagaoka_fireworks_I_12,lockin,0,0,QR未検出,,lockin,binary,,,27.696970,50,8,1,0.649161,,0.649161,frame_00000.png,frame_00116.png,r120_e60_f1.mp4,120 Hz,1/60,蛍光灯あり,58.848 fps,120,60,1,41,nagaoka_fireworks,min,I,12,,,frame_00000.png,frame_00116.png,QR未検出,117,1.988157
nagaoka_fireworks_I_12,lockin,0,0,QR未検出,,lockin,binary,,,27.696970,70,8,1,0.649161,,0.649161,frame_00000.png,frame_00116.png,r120_e60_f1.mp4,120 Hz,1/60,蛍光灯あり,58.848 fps,120,60,1,41,nagaoka_fireworks,min,I,12,,,frame_00000.png,frame_00116.png,QR未検出,117,1.988157
nagaoka_fireworks_I_12,lockin,0,0,QR未検出,,lockin,binary,,,27.696970,901,8,1,0.628249,,0.628249,frame_00000.png,frame_00116.png,r120_e60_f1.mp4,120 Hz,1/60,蛍光灯あり,58.848 fps,120,60,1,41,nagaoka_fireworks,min,I,12,,,frame_00000.png,frame_00116.png,QR未検出,117,1.988157
nagaoka_fireworks_I_12,lockin,0,0,QR未検出,,lockin,binary,,,27.696970,902,8,1,0.603096,,0.603096,frame_00000.png,frame_00116.png,r120_e60_f1.mp4,120 Hz,1/60,蛍光灯あり,58.848 fps,120,60,1,41,nagaoka_fireworks,min,I,12,,,frame_00000.png,frame_00116.png,QR未検出,117,1.988157
nagaoka_fireworks_I_12,lockin,0,0,QR未検出,,lockin,binary,,,28.848485,30,8,1,0.649315,,0.649315,frame_00000.png,frame_00116.png,r120_e60_f1.mp4,120 Hz,1/60,蛍光灯あり,58.848 fps,120,60,1,41,nagaoka_fireworks,min,I,12,,,frame_00000.png,frame_00116.png,QR未検出,117,1.988157
nagaoka_fireworks_I_12,lockin,0,0,QR未検出,,lockin,binary,,,28.848485,50,8,1,0.649151,,0.649151,frame_00000.png,frame_00116.png,r120_e60_f1.mp4,120 Hz,1/60,蛍光灯あり,58.848 fps,120,60,1,41,nagaoka_fireworks,min,I,12,,,frame_00000.png,frame_00116.png,QR未検出,117,1.988157
nagaoka_fireworks_I_12,lockin,0,0,QR未検出,,lockin,binary,,,28.848485,70,8,1,0.649126,,0.649126,frame_00000.png,frame_00116.png,r120_e60_f1.mp4,120 Hz,1/60,蛍光灯あり,58.848 fps,120,60,1,41,nagaoka_fireworks,min,I,12,,,frame_00000.png,frame_00116.png,QR未検出,117,1.988157
nagaoka_fireworks_I_12,lockin,0,0,QR未検出,,lockin,binary,,,28.848485,901,8,1,0.628230,,0.628230,frame_00000.png,frame_00116.png,r120_e60_f1.mp4,120 Hz,1/60,蛍光灯あり,58.848 fps,120,60,1,41,nagaoka_fireworks,min,I,12,,,frame_00000.png,frame_00116.png,QR未検出,117,1.988157
nagaoka_fireworks_I_12,lockin,0,0,QR未検出,,lockin,binary,,,28.848485,902,8,1,0.592860,,0.592860,frame_00000.png,frame_00116.png,r120_e60_f1.mp4,120 Hz,1/60,蛍光灯あり,58.848 fps,120,60,1,41,nagaoka_fireworks,min,I,12,,,frame_00000.png,frame_00116.png,QR未検出,117,1.988157
nagaoka_fireworks_I_4,lockin,0,0,QR未検出,,lockin,binary,,,8.848485,30,8,1,0.648944,,0.648944,frame_00000.png,frame_00116.png,r120_e60_f1.mp4,120 Hz,1/60,蛍光灯あり,58.848 fps,120,60,1,39,nagaoka_fireworks,min,I,4,,,frame_00000.png,frame_00116.png,QR未検出,117,1.988157
nagaoka_fireworks_I_4,lockin,0,0,QR未検出,,lockin,binary,,,8.848485,50,8,1,0.649086,,0.649086,frame_00000.png,frame_00116.png,r120_e60_f1.mp4,120 Hz,1/60,蛍光灯あり,58.848 fps,120,60,1,39,nagaoka_fireworks,min,I,4,,,frame_00000.png,frame_00116.png,QR未検出,117,1.988157
nagaoka_fireworks_I_4,lockin,1,0,QR未検出,,lockin,binary,,,8.848485,70,8,1,0.649161,,0.649161,frame_00000.png,frame_00116.png,r120_e60_f1.mp4,120 Hz,1/60,蛍光灯あり,58.848 fps,120,60,1,39,nagaoka_fireworks,min,I,4,,,frame_00000.png,frame_00116.png,QR未検出,117,1.988157
nagaoka_fireworks_I_4,lockin,0,0,QR未検出,,lockin,binary,,,8.848485,901,8,1,0.606821,,0.606821,frame_00000.png,frame_00116.png,r120_e60_f1.mp4,120 Hz,1/60,蛍光灯あり,58.848 fps,120,60,1,39,nagaoka_fireworks,min,I,4,,,frame_00000.png,frame_00116.png,QR未検出,117,1.988157
nagaoka_fireworks_I_4,lockin,0,0,QR未検出,,lockin,binary,,,8.848485,902,8,1,0.565182,,0.565182,frame_00000.png,frame_00116.png,r120_e60_f1.mp4,120 Hz,1/60,蛍光灯あり,58.848 fps,120,60,1,39,nagaoka_fireworks,min,I,4,,,frame_00000.png,frame_00116.png,QR未検出,117,1.988157
nagaoka_fireworks_I_4,lockin,0,0,QR未検出,,lockin,binary,,,14.424243,30,8,1,0.648727,,0.648727,frame_00000.png,frame_00116.png,r120_e60_f1.mp4,120 Hz,1/60,蛍光灯あり,58.848 fps,120,60,1,39,nagaoka_fireworks,min,I,4,,,frame_00000.png,frame_00116.png,QR未検出,117,1.988157
nagaoka_fireworks_I_4,lockin,0,0,QR未検出,,lockin,binary,,,14.424243,50,8,1,0.649154,,0.649154,frame_00000.png,frame_00116.png,r120_e60_f1.mp4,120 Hz,1/60,蛍光灯あり,58.848 fps,120,60,1,39,nagaoka_fireworks,min,I,4,,,frame_00000.png,frame_00116.png,QR未検出,117,1.988157
nagaoka_fireworks_I_4,lockin,0,0,QR未検出,,lockin,binary,,,14.424243,70,8,1,0.649161,,0.649161,frame_00000.png,frame_00116.png,r120_e60_f1.mp4,120 Hz,1/60,蛍光灯あり,58.848 fps,120,60,1,39,nagaoka_fireworks,min,I,4,,,frame_00000.png,frame_00116.png,QR未検出,117,1.988157
nagaoka_fireworks_I_4,lockin,0,0,QR未検出,,lockin,binary,,,14.424243,901,8,1,0.615001,,0.615001,frame_00000.png,frame_00116.png,r120_e60_f1.mp4,120 Hz,1/60,蛍光灯あり,58.848 fps,120,60,1,39,nagaoka_fireworks,min,I,4,,,frame_00000.png,frame_00116.png,QR未検出,117,1.988157
nagaoka_fireworks_I_4,lockin,0,0,QR未検出,,lockin,binary,,,14.424243,902,8,1,0.576205,,0.576205,frame_00000.png,frame_00116.png,r120_e60_f1.mp4,120 Hz,1/60,蛍光灯あり,58.848 fps,120,60,1,39,nagaoka_fireworks,min,I,4,,,frame_00000.png,frame_00116.png,QR未検出,117,1.988157
nagaoka_fireworks_I_4,lockin,0,0,QR未検出,,lockin,binary,,,27.696970,30,8,1,0.648831,,0.648831,frame_00000.png,frame_00116.png,r120_e60_f1.mp4,120 Hz,1/60,蛍光灯あり,58.848 fps,120,60,1,39,nagaoka_fireworks,min,I,4,,,frame_00000.png,frame_00116.png,QR未検出,117,1.988157
nagaoka_fireworks_I_4,lockin,0,0,QR未検出,,lockin,binary,,,27.696970,50,8,1,0.648883,,0.648883,frame_00000.png,frame_00116.png,r120_e60_f1.mp4,120 Hz,1/60,蛍光灯あり,58.848 fps,120,60,1,39,nagaoka_fireworks,min,I,4,,,frame_00000.png,frame_00116.png,QR未検出,117,1.988157
nagaoka_fireworks_I_4,lockin,0,0,QR未検出,,lockin,binary,,,27.696970,70,8,1,0.649056,,0.649056,frame_00000.png,frame_00116.png,r120_e60_f1.mp4,120 Hz,1/60,蛍光灯あり,58.848 fps,120,60,1,39,nagaoka_fireworks,min,I,4,,,frame_00000.png,frame_00116.png,QR未検出,117,1.988157
nagaoka_fireworks_I_4,lockin,0,0,QR未検出,,lockin,binary,,,27.696970,901,8,1,0.620757,,0.620757,frame_00000.png,frame_00116.png,r120_e60_f1.mp4,120 Hz,1/60,蛍光灯あり,58.848 fps,120,60,1,39,nagaoka_fireworks,min,I,4,,,frame_00000.png,frame_00116.png,QR未検出,117,1.988157
nagaoka_fireworks_I_4,lockin,0,0,QR未検出,,lockin,binary,,,27.696970,902,8,1,0.601266,,0.601266,frame_00000.png,frame_00116.png,r120_e60_f1.mp4,120 Hz,1/60,蛍光灯あり,58.848 fps,120,60,1,39,nagaoka_fireworks,min,I,4,,,frame_00000.png,frame_00116.png,QR未検出,117,1.988157
nagaoka_fireworks_I_4,lockin,0,0,QR未検出,,lockin,binary,,,28.848485,30,8,1,0.648818,,0.648818,frame_00000.png,frame_00116.png,r120_e60_f1.mp4,120 Hz,1/60,蛍光灯あり,58.848 fps,120,60,1,39,nagaoka_fireworks,min,I,4,,,frame_00000.png,frame_00116.png,QR未検出,117,1.988157
nagaoka_fireworks_I_4,lockin,0,0,QR未検出,,lockin,binary,,,28.848485,50,8,1,0.648890,,0.648890,frame_00000.png,frame_00116.png,r120_e60_f1.mp4,120 Hz,1/60,蛍光灯あり,58.848 fps,120,60,1,39,nagaoka_fireworks,min,I,4,,,frame_00000.png,frame_00116.png,QR未検出,117,1.988157
nagaoka_fireworks_I_4,lockin,0,0,QR未検出,,lockin,binary,,,28.848485,70,8,1,0.649105,,0.649105,frame_00000.png,frame_00116.png,r120_e60_f1.mp4,120 Hz,1/60,蛍光灯あり,58.848 fps,120,60,1,39,nagaoka_fireworks,min,I,4,,,frame_00000.png,frame_00116.png,QR未検出,117,1.988157
nagaoka_fireworks_I_4,lockin,0,0,QR未検出,,lockin,binary,,,28.848485,901,8,1,0.625647,,0.625647,frame_00000.png,frame_00116.png,r120_e60_f1.mp4,120 Hz,1/60,蛍光灯あり,58.848 fps,120,60,1,39,nagaoka_fireworks,min,I,4,,,frame_00000.png,frame_00116.png,QR未検出,117,1.988157
nagaoka_fireworks_I_4,lockin,0,0,QR未検出,,lockin,binary,,,28.848485,902,8,1,0.586390,,0.586390,frame_00000.png,frame_00116.png,r120_e60_f1.mp4,120 Hz,1/60,蛍光灯あり,58.848 fps,120,60,1,39,nagaoka_fireworks,min,I,4,,,frame_00000.png,frame_00116.png,QR未検出,117,1.988157
nagaoka_fireworks_I_8,lockin,0,0,QR未検出,,lockin,binary,,,8.848485,30,8,1,0.649012,,0.649012,frame_00000.png,frame_00116.png,r120_e60_f1.mp4,120 Hz,1/60,蛍光灯あり,58.848 fps,120,60,1,40,nagaoka_fireworks,min,I,8,,,frame_00000.png,frame_00116.png,QR未検出,117,1.988157
nagaoka_fireworks_I_8,lockin,0,0,QR未検出,,lockin,binary,,,8.848485,50,8,1,0.649166,,0.649166,frame_00000.png,frame_00116.png,r120_e60_f1.mp4,120 Hz,1/60,蛍光灯あり,58.848 fps,120,60,1,40,nagaoka_fireworks,min,I,8,,,frame_00000.png,frame_00116.png,QR未検出,117,1.988157
nagaoka_fireworks_I_8,lockin,1,0,QR未検出,,lockin,binary,,,8.848485,70,8,1,0.649235,,0.649235,frame_00000.png,frame_00116.png,r120_e60_f1.mp4,120 Hz,1/60,蛍光灯あり,58.848 fps,120,60,1,40,nagaoka_fireworks,min,I,8,,,frame_00000.png,frame_00116.png,QR未検出,117,1.988157
nagaoka_fireworks_I_8,lockin,0,0,QR未検出,,lockin,binary,,,8.848485,901,8,1,0.610878,,0.610878,frame_00000.png,frame_00116.png,r120_e60_f1.mp4,120 Hz,1/60,蛍光灯あり,58.848 fps,120,60,1,40,nagaoka_fireworks,min,I,8,,,frame_00000.png,frame_00116.png,QR未検出,117,1.988157
nagaoka_fireworks_I_8,lockin,0,0,QR未検出,,lockin,binary,,,8.848485,902,8,1,0.569297,,0.569297,frame_00000.png,frame_00116.png,r120_e60_f1.mp4,120 Hz,1/60,蛍光灯あり,58.848 fps,120,60,1,40,nagaoka_fireworks,min,I,8,,,frame_00000.png,frame_00116.png,QR未検出,117,1.988157
nagaoka_fireworks_I_8,lockin,0,0,QR未検出,,lockin,binary,,,14.424243,30,8,1,0.648472,,0.648472,frame_00000.png,frame_00116.png,r120_e60_f1.mp4,120 Hz,1/60,蛍光灯あり,58.848 fps,120,60,1,40,nagaoka_fireworks,min,I,8,,,frame_00000.png,frame_00116.png,QR未検出,117,1.988157
nagaoka_fireworks_I_8,lockin,0,0,QR未検出,,lockin,binary,,,14.424243,50,8,1,0.648972,,0.648972,frame_00000.png,frame_00116.png,r120_e60_f1.mp4,120 Hz,1/60,蛍光灯あり,58.848 fps,120,60,1,40,nagaoka_fireworks,min,I,8,,,frame_00000.png,frame_00116.png,QR未検出,117,1.988157
nagaoka_fireworks_I_8,lockin,0,0,QR未検出,,lockin,binary,,,14.424243,70,8,1,0.649161,,0.649161,frame_00000.png,frame_00116.png,r120_e60_f1.mp4,120 Hz,1/60,蛍光灯あり,58.848 fps,120,60,1,40,nagaoka_fireworks,min,I,8,,,frame_00000.png,frame_00116.png,QR未検出,117,1.988157
nagaoka_fireworks_I_8,lockin,0,0,QR未検出,,lockin,binary,,,14.424243,901,8,1,0.618621,,0.618621,frame_00000.png,frame_00116.png,r120_e60_f1.mp4,120 Hz,1/60,蛍光灯あり,58.848 fps,120,60,1,40,nagaoka_fireworks,min,I,8,,,frame_00000.png,frame_00116.png,QR未検出,117,1.988157
nagaoka_fireworks_I_8,lockin,0,0,QR未検出,,lockin,binary,,,14.424243,902,8,1,0.574615,,0.574615,frame_00000.png,frame_00116.png,r120_e60_f1.mp4,120 Hz,1/60,蛍光灯あり,58.848 fps,120,60,1,40,nagaoka_fireworks,min,I,8,,,frame_00000.png,frame_00116.png,QR未検出,117,1.988157
nagaoka_fireworks_I_8,lockin,0,0,QR未検出,,lockin,binary,,,27.696970,30,8,1,0.648456,,0.648456,frame_00000.png,frame_00116.png,r120_e60_f1.mp4,120 Hz,1/60,蛍光灯あり,58.848 fps,120,60,1,40,nagaoka_fireworks,min,I,8,,,frame_00000.png,frame_00116.png,QR未検出,117,1.988157
nagaoka_fireworks_I_8,lockin,0,0,QR未検出,,lockin,binary,,,27.696970,50,8,1,0.648936,,0.648936,frame_00000.png,frame_00116.png,r120_e60_f1.mp4,120 Hz,1/60,蛍光灯あり,58.848 fps,120,60,1,40,nagaoka_fireworks,min,I,8,,,frame_00000.png,frame_00116.png,QR未検出,117,1.988157
nagaoka_fireworks_I_8,lockin,0,0,QR未検出,,lockin,binary,,,27.696970,70,8,1,0.649093,,0.649093,frame_00000.png,frame_00116.png,r120_e60_f1.mp4,120 Hz,1/60,蛍光灯あり,58.848 fps,120,60,1,40,nagaoka_fireworks,min,I,8,,,frame_00000.png,frame_00116.png,QR未検出,117,1.988157
nagaoka_fireworks_I_8,lockin,0,0,QR未検出,,lockin,binary,,,27.696970,901,8,1,0.617522,,0.617522,frame_00000.png,frame_00116.png,r120_e60_f1.mp4,120 Hz,1/60,蛍光灯あり,58.848 fps,120,60,1,40,nagaoka_fireworks,min,I,8,,,frame_00000.png,frame_00116.png,QR未検出,117,1.988157
nagaoka_fireworks_I_8,lockin,0,0,QR未検出,,lockin,binary,,,27.696970,902,8,1,0.595672,,0.595672,frame_00000.png,frame_00116.png,r120_e60_f1.mp4,120 Hz,1/60,蛍光灯あり,58.848 fps,120,60,1,40,nagaoka_fireworks,min,I,8,,,frame_00000.png,frame_00116.png,QR未検出,117,1.988157
nagaoka_fireworks_I_8,lockin,0,0,QR未検出,,lockin,binary,,,28.848485,30,8,1,0.647642,,0.647642,frame_00000.png,frame_00116.png,r120_e60_f1.mp4,120 Hz,1/60,蛍光灯あり,58.848 fps,120,60,1,40,nagaoka_fireworks,min,I,8,,,frame_00000.png,frame_00116.png,QR未検出,117,1.988157
nagaoka_fireworks_I_8,lockin,0,0,QR未検出,,lockin,binary,,,28.848485,50,8,1,0.648846,,0.648846,frame_00000.png,frame_00116.png,r120_e60_f1.mp4,120 Hz,1/60,蛍光灯あり,58.848 fps,120,60,1,40,nagaoka_fireworks,min,I,8,,,frame_00000.png,frame_00116.png,QR未検出,117,1.988157
nagaoka_fireworks_I_8,lockin,0,0,QR未検出,,lockin,binary,,,28.848485,70,8,1,0.649149,,0.649149,frame_00000.png,frame_00116.png,r120_e60_f1.mp4,120 Hz,1/60,蛍光灯あり,58.848 fps,120,60,1,40,nagaoka_fireworks,min,I,8,,,frame_00000.png,frame_00116.png,QR未検出,117,1.988157
nagaoka_fireworks_I_8,lockin,0,0,QR未検出,,lockin,binary,,,28.848485,901,8,1,0.618444,,0.618444,frame_00000.png,frame_00116.png,r120_e60_f1.mp4,120 Hz,1/60,蛍光灯あり,58.848 fps,120,60,1,40,nagaoka_fireworks,min,I,8,,,frame_00000.png,frame_00116.png,QR未検出,117,1.988157
nagaoka_fireworks_I_8,lockin,0,0,QR未検出,,lockin,binary,,,28.848485,902,8,1,0.562246,,0.562246,frame_00000.png,frame_00116.png,r120_e60_f1.mp4,120 Hz,1/60,蛍光灯あり,58.848 fps,120,60,1,40,nagaoka_fireworks,min,I,8,,,frame_00000.png,frame_00116.png,QR未検出,117,1.988157
nagaoka_fireworks_R_12,lockin,1,0,QR未検出,,lockin,binary,,,8.848485,30,8,1,0.649296,,0.649296,frame_00000.png,frame_00116.png,r120_e60_f1.mp4,120 Hz,1/60,蛍光灯あり,58.848 fps,120,60,1,5,nagaoka_fireworks,R,R,12,,,frame_00000.png,frame_00116.png,QR未検出,117,1.988157
nagaoka_fireworks_R_12,lockin,0,0,QR未検出,,lockin,binary,,,8.848485,50,8,1,0.649240,,0.649240,frame_00000.png,frame_00116.png,r120_e60_f1.mp4,120 Hz,1/60,蛍光灯あり,58.848 fps,120,60,1,5,nagaoka_fireworks,R,R,12,,,frame_00000.png,frame_00116.png,QR未検出,117,1.988157
nagaoka_fireworks_R_12,lockin,0,0,QR未検出,,lockin,binary,,,8.848485,70,8,1,0.649161,,0.649161,frame_00000.png,frame_00116.png,r120_e60_f1.mp4,120 Hz,1/60,蛍光灯あり,58.848 fps,120,60,1,5,nagaoka_fireworks,R,R,12,,,frame_00000.png,frame_00116.png,QR未検出,117,1.988157
nagaoka_fireworks_R_12,lockin,0,0,QR未検出,,lockin,binary,,,8.848485,901,8,1,0.609529,,0.609529,frame_00000.png,frame_00116.png,r120_e60_f1.mp4,120 Hz,1/60,蛍光灯あり,58.848 fps,120,60,1,5,nagaoka_fireworks,R,R,12,,,frame_00000.png,frame_00116.png,QR未検出,117,1.988157
nagaoka_fireworks_R_12,lockin,0,0,QR未検出,,lockin,binary,,,8.848485,902,8,1,0.582177,,0.582177,frame_00000.png,frame_00116.png,r120_e60_f1.mp4,120 Hz,1/60,蛍光灯あり,58.848 fps,120,60,1,5,nagaoka_fireworks,R,R,12,,,frame_00000.png,frame_00116.png,QR未検出,117,1.988157
nagaoka_fireworks_R_12,lockin,0,0,QR未検出,,lockin,binary,,,14.424243,30,8,1,0.649039,,0.649039,frame_00000.png,frame_00116.png,r120_e60_f1.mp4,120 Hz,1/60,蛍光灯あり,58.848 fps,120,60,1,5,nagaoka_fireworks,R,R,12,,,frame_00000.png,frame_00116.png,QR未検出,117,1.988157
nagaoka_fireworks_R_12,lockin,0,0,QR未検出,,lockin,binary,,,14.424243,50,8,1,0.649138,,0.649138,frame_00000.png,frame_00116.png,r120_e60_f1.mp4,120 Hz,1/60,蛍光灯あり,58.848 fps,120,60,1,5,nagaoka_fireworks,R,R,12,,,frame_00000.png,frame_00116.png,QR未検出,117,1.988157
nagaoka_fireworks_R_12,lockin,0,0,QR未検出,,lockin,binary,,,14.424243,70,8,1,0.649161,,0.649161,frame_00000.png,frame_00116.png,r120_e60_f1.mp4,120 Hz,1/60,蛍光灯あり,58.848 fps,120,60,1,5,nagaoka_fireworks,R,R,12,,,frame_00000.png,frame_00116.png,QR未検出,117,1.988157
nagaoka_fireworks_R_12,lockin,0,0,QR未検出,,lockin,binary,,,14.424243,901,8,1,0.619660,,0.619660,frame_00000.png,frame_00116.png,r120_e60_f1.mp4,120 Hz,1/60,蛍光灯あり,58.848 fps,120,60,1,5,nagaoka_fireworks,R,R,12,,,frame_00000.png,frame_00116.png,QR未検出,117,1.988157
nagaoka_fireworks_R_12,lockin,0,0,QR未検出,,lockin,binary,,,14.424243,902,8,1,0.594942,,0.594942,frame_00000.png,frame_00116.png,r120_e60_f1.mp4,120 Hz,1/60,蛍光灯あり,58.848 fps,120,60,1,5,nagaoka_fireworks,R,R,12,,,frame_00000.png,frame_00116.png,QR未検出,117,1.988157
nagaoka_fireworks_R_12,lockin,0,0,QR未検出,,lockin,binary,,,27.696970,30,8,1,0.649284,,0.649284,frame_00000.png,frame_00116.png,r120_e60_f1.mp4,120 Hz,1/60,蛍光灯あり,58.848 fps,120,60,1,5,nagaoka_fireworks,R,R,12,,,frame_00000.png,frame_00116.png,QR未検出,117,1.988157
nagaoka_fireworks_R_12,lockin,0,0,QR未検出,,lockin,binary,,,27.696970,50,8,1,0.649011,,0.649011,frame_00000.png,frame_00116.png,r120_e60_f1.mp4,120 Hz,1/60,蛍光灯あり,58.848 fps,120,60,1,5,nagaoka_fireworks,R,R,12,,,frame_00000.png,frame_00116.png,QR未検出,117,1.988157
nagaoka_fireworks_R_12,lockin,0,0,QR未検出,,lockin,binary,,,27.696970,70,8,1,0.649161,,0.649161,frame_00000.png,frame_00116.png,r120_e60_f1.mp4,120 Hz,1/60,蛍光灯あり,58.848 fps,120,60,1,5,nagaoka_fireworks,R,R,12,,,frame_00000.png,frame_00116.png,QR未検出,117,1.988157
nagaoka_fireworks_R_12,lockin,0,0,QR未検出,,lockin,binary,,,27.696970,901,8,1,0.626821,,0.626821,frame_00000.png,frame_00116.png,r120_e60_f1.mp4,120 Hz,1/60,蛍光灯あり,58.848 fps,120,60,1,5,nagaoka_fireworks,R,R,12,,,frame_00000.png,frame_00116.png,QR未検出,117,1.988157
nagaoka_fireworks_R_12,lockin,0,0,QR未検出,,lockin,binary,,,27.696970,902,8,1,0.586100,,0.586100,frame_00000.png,frame_00116.png,r120_e60_f1.mp4,120 Hz,1/60,蛍光灯あり,58.848 fps,120,60,1,5,nagaoka_fireworks,R,R,12,,,frame_00000.png,frame_00116.png,QR未検出,117,1.988157
nagaoka_fireworks_R_12,lockin,0,0,QR未検出,,lockin,binary,,,28.848485,30,8,1,0.648867,,0.648867,frame_00000.png,frame_00116.png,r120_e60_f1.mp4,120 Hz,1/60,蛍光灯あり,58.848 fps,120,60,1,5,nagaoka_fireworks,R,R,12,,,frame_00000.png,frame_00116.png,QR未検出,117,1.988157
nagaoka_fireworks_R_12,lockin,0,0,QR未検出,,lockin,binary,,,28.848485,50,8,1,0.649012,,0.649012,frame_00000.png,frame_00116.png,r120_e60_f1.mp4,120 Hz,1/60,蛍光灯あり,58.848 fps,120,60,1,5,nagaoka_fireworks,R,R,12,,,frame_00000.png,frame_00116.png,QR未検出,117,1.988157
nagaoka_fireworks_R_12,lockin,0,0,QR未検出,,lockin,binary,,,28.848485,70,8,1,0.649147,,0.649147,frame_00000.png,frame_00116.png,r120_e60_f1.mp4,120 Hz,1/60,蛍光灯あり,58.848 fps,120,60,1,5,nagaoka_fireworks,R,R,12,,,frame_00000.png,frame_00116.png,QR未検出,117,1.988157
nagaoka_fireworks_R_12,lockin,0,0,QR未検出,,lockin,binary,,,28.848485,901,8,1,0.625740,,0.625740,frame_00000.png,frame_00116.png,r120_e60_f1.mp4,120 Hz,1/60,蛍光灯あり,58.848 fps,120,60,1,5,nagaoka_fireworks,R,R,12,,,frame_00000.png,frame_00116.png,QR未検出,117,1.988157
nagaoka_fireworks_R_12,lockin,0,0,QR未検出,,lockin,binary,,,28.848485,902,8,1,0.592925,,0.592925,frame_00000.png,frame_00116.png,r120_e60_f1.mp4,120 Hz,1/60,蛍光灯あり,58.848 fps,120,60,1,5,nagaoka_fireworks,R,R,12,,,frame_00000.png,frame_00116.png,QR未検出,117,1.988157
nagaoka_fireworks_R_4,lockin,0,0,QR未検出,,lockin,binary,,,8.848485,30,8,1,0.648988,,0.648988,frame_00000.png,frame_00116.png,r120_e60_f1.mp4,120 Hz,1/60,蛍光灯あり,58.848 fps,120,60,1,3,nagaoka_fireworks,R,R,4,,,frame_00000.png,frame_00116.png,QR未検出,117,1.988157
nagaoka_fireworks_R_4,lockin,0,0,QR未検出,,lockin,binary,,,8.848485,50,8,1,0.649151,,0.649151,frame_00000.png,frame_00116.png,r120_e60_f1.mp4,120 Hz,1/60,蛍光灯あり,58.848 fps,120,60,1,3,nagaoka_fireworks,R,R,4,,,frame_00000.png,frame_00116.png,QR未検出,117,1.988157
nagaoka_fireworks_R_4,lockin,0,0,QR未検出,,lockin,binary,,,8.848485,70,8,1,0.649149,,0.649149,frame_00000.png,frame_00116.png,r120_e60_f1.mp4,120 Hz,1/60,蛍光灯あり,58.848 fps,120,60,1,3,nagaoka_fireworks,R,R,4,,,frame_00000.png,frame_00116.png,QR未検出,117,1.988157
nagaoka_fireworks_R_4,lockin,0,0,QR未検出,,lockin,binary,,,8.848485,901,8,1,0.610763,,0.610763,frame_00000.png,frame_00116.png,r120_e60_f1.mp4,120 Hz,1/60,蛍光灯あり,58.848 fps,120,60,1,3,nagaoka_fireworks,R,R,4,,,frame_00000.png,frame_00116.png,QR未検出,117,1.988157
nagaoka_fireworks_R_4,lockin,0,0,QR未検出,,lockin,binary,,,8.848485,902,8,1,0.585914,,0.585914,frame_00000.png,frame_00116.png,r120_e60_f1.mp4,120 Hz,1/60,蛍光灯あり,58.848 fps,120,60,1,3,nagaoka_fireworks,R,R,4,,,frame_00000.png,frame_00116.png,QR未検出,117,1.988157
nagaoka_fireworks_R_4,lockin,0,0,QR未検出,,lockin,binary,,,14.424243,30,8,1,0.648769,,0.648769,frame_00000.png,frame_00116.png,r120_e60_f1.mp4,120 Hz,1/60,蛍光灯あり,58.848 fps,120,60,1,3,nagaoka_fireworks,R,R,4,,,frame_00000.png,frame_00116.png,QR未検出,117,1.988157
nagaoka_fireworks_R_4,lockin,0,0,QR未検出,,lockin,binary,,,14.424243,50,8,1,0.649149,,0.649149,frame_00000.png,frame_00116.png,r120_e60_f1.mp4,120 Hz,1/60,蛍光灯あり,58.848 fps,120,60,1,3,nagaoka_fireworks,R,R,4,,,frame_00000.png,frame_00116.png,QR未検出,117,1.988157
nagaoka_fireworks_R_4,lockin,0,0,QR未検出,,lockin,binary,,,14.424243,70,8,1,0.649161,,0.649161,frame_00000.png,frame_00116.png,r120_e60_f1.mp4,120 Hz,1/60,蛍光灯あり,58.848 fps,120,60,1,3,nagaoka_fireworks,R,R,4,,,frame_00000.png,frame_00116.png,QR未検出,117,1.988157
nagaoka_fireworks_R_4,lockin,0,0,QR未検出,,lockin,binary,,,14.424243,901,8,1,0.612875,,0.612875,frame_00000.png,frame_00116.png,r120_e60_f1.mp4,120 Hz,1/60,蛍光灯あり,58.848 fps,120,60,1,3,nagaoka_fireworks,R,R,4,,,frame_00000.png,frame_00116.png,QR未検出,117,1.988157
nagaoka_fireworks_R_4,lockin,0,0,QR未検出,,lockin,binary,,,14.424243,902,8,1,0.593497,,0.593497,frame_00000.png,frame_00116.png,r120_e60_f1.mp4,120 Hz,1/60,蛍光灯あり,58.848 fps,120,60,1,3,nagaoka_fireworks,R,R,4,,,frame_00000.png,frame_00116.png,QR未検出,117,1.988157
nagaoka_fireworks_R_4,lockin,0,0,QR未検出,,lockin,binary,,,27.696970,30,8,1,0.649081,,0.649081,frame_00000.png,frame_00116.png,r120_e60_f1.mp4,120 Hz,1/60,蛍光灯あり,58.848 fps,120,60,1,3,nagaoka_fireworks,R,R,4,,,frame_00000.png,frame_00116.png,QR未検出,117,1.988157
nagaoka_fireworks_R_4,lockin,0,0,QR未検出,,lockin,binary,,,27.696970,50,8,1,0.649093,,0.649093,frame_00000.png,frame_00116.png,r120_e60_f1.mp4,120 Hz,1/60,蛍光灯あり,58.848 fps,120,60,1,3,nagaoka_fireworks,R,R,4,,,frame_00000.png,frame_00116.png,QR未検出,117,1.988157
nagaoka_fireworks_R_4,lockin,0,0,QR未検出,,lockin,binary,,,27.696970,70,8,1,0.649161,,0.649161,frame_00000.png,frame_00116.png,r120_e60_f1.mp4,120 Hz,1/60,蛍光灯あり,58.848 fps,120,60,1,3,nagaoka_fireworks,R,R,4,,,frame_00000.png,frame_00116.png,QR未検出,117,1.988157
nagaoka_fireworks_R_4,lockin,0,0,QR未検出,,lockin,binary,,,27.696970,901,8,1,0.624869,,0.624869,frame_00000.png,frame_00116.png,r120_e60_f1.mp4,120 Hz,1/60,蛍光灯あり,58.848 fps,120,60,1,3,nagaoka_fireworks,R,R,4,,,frame_00000.png,frame_00116.png,QR未検出,117,1.988157
nagaoka_fireworks_R_4,lockin,0,0,QR未検出,,lockin,binary,,,27.696970,902,8,1,0.619796,,0.619796,frame_00000.png,frame_00116.png,r120_e60_f1.mp4,120 Hz,1/60,蛍光灯あり,58.848 fps,120,60,1,3,nagaoka_fireworks,R,R,4,,,frame_00000.png,frame_00116.png,QR未検出,117,1.988157
nagaoka_fireworks_R_4,lockin,0,0,QR未検出,,lockin,binary,,,28.848485,30,8,1,0.648776,,0.648776,frame_00000.png,frame_00116.png,r120_e60_f1.mp4,120 Hz,1/60,蛍光灯あり,58.848 fps,120,60,1,3,nagaoka_fireworks,R,R,4,,,frame_00000.png,frame_00116.png,QR未検出,117,1.988157
nagaoka_fireworks_R_4,lockin,0,0,QR未検出,,lockin,binary,,,28.848485,50,8,1,0.649105,,0.649105,frame_00000.png,frame_00116.png,r120_e60_f1.mp4,120 Hz,1/60,蛍光灯あり,58.848 fps,120,60,1,3,nagaoka_fireworks,R,R,4,,,frame_00000.png,frame_00116.png,QR未検出,117,1.988157
nagaoka_fireworks_R_4,lockin,1,0,QR未検出,,lockin,binary,,,28.848485,70,8,1,0.649172,,0.649172,frame_00000.png,frame_00116.png,r120_e60_f1.mp4,120 Hz,1/60,蛍光灯あり,58.848 fps,120,60,1,3,nagaoka_fireworks,R,R,4,,,frame_00000.png,frame_00116.png,QR未検出,117,1.988157
nagaoka_fireworks_R_4,lockin,0,0,QR未検出,,lockin,binary,,,28.848485,901,8,1,0.626869,,0.626869,frame_00000.png,frame_00116.png,r120_e60_f1.mp4,120 Hz,1/60,蛍光灯あり,58.848 fps,120,60,1,3,nagaoka_fireworks,R,R,4,,,frame_00000.png,frame_00116.png,QR未検出,117,1.988157
nagaoka_fireworks_R_4,lockin,0,0,QR未検出,,lockin,binary,,,28.848485,902,8,1,0.608460,,0.608460,frame_00000.png,frame_00116.png,r120_e60_f1.mp4,120 Hz,1/60,蛍光灯あり,58.848 fps,120,60,1,3,nagaoka_fireworks,R,R,4,,,frame_00000.png,frame_00116.png,QR未検出,117,1.988157
nagaoka_fireworks_R_8,lockin,0,0,QR未検出,,lockin,binary,,,8.848485,30,8,1,0.649072,,0.649072,frame_00000.png,frame_00116.png,r120_e60_f1.mp4,120 Hz,1/60,蛍光灯あり,58.848 fps,120,60,1,4,nagaoka_fireworks,R,R,8,,,frame_00000.png,frame_00116.png,QR未検出,117,1.988157
nagaoka_fireworks_R_8,lockin,0,0,QR未検出,,lockin,binary,,,8.848485,50,8,1,0.649161,,0.649161,frame_00000.png,frame_00116.png,r120_e60_f1.mp4,120 Hz,1/60,蛍光灯あり,58.848 fps,120,60,1,4,nagaoka_fireworks,R,R,8,,,frame_00000.png,frame_00116.png,QR未検出,117,1.988157
nagaoka_fireworks_R_8,lockin,0,0,QR未検出,,lockin,binary,,,8.848485,70,8,1,0.649161,,0.649161,frame_00000.png,frame_00116.png,r120_e60_f1.mp4,120 Hz,1/60,蛍光灯あり,58.848 fps,120,60,1,4,nagaoka_fireworks,R,R,8,,,frame_00000.png,frame_00116.png,QR未検出,117,1.988157
nagaoka_fireworks_R_8,lockin,0,0,QR未検出,,lockin,binary,,,8.848485,901,8,1,0.612994,,0.612994,frame_00000.png,frame_00116.png,r120_e60_f1.mp4,120 Hz,1/60,蛍光灯あり,58.848 fps,120,60,1,4,nagaoka_fireworks,R,R,8,,,frame_00000.png,frame_00116.png,QR未検出,117,1.988157
nagaoka_fireworks_R_8,lockin,0,0,QR未検出,,lockin,binary,,,8.848485,902,8,1,0.576833,,0.576833,frame_00000.png,frame_00116.png,r120_e60_f1.mp4,120 Hz,1/60,蛍光灯あり,58.848 fps,120,60,1,4,nagaoka_fireworks,R,R,8,,,frame_00000.png,frame_00116.png,QR未検出,117,1.988157
nagaoka_fireworks_R_8,lockin,0,0,QR未検出,,lockin,binary,,,14.424243,30,8,1,0.649077,,0.649077,frame_00000.png,frame_00116.png,r120_e60_f1.mp4,120 Hz,1/60,蛍光灯あり,58.848 fps,120,60,1,4,nagaoka_fireworks,R,R,8,,,frame_00000.png,frame_00116.png,QR未検出,117,1.988157
nagaoka_fireworks_R_8,lockin,0,0,QR未検出,,lockin,binary,,,14.424243,50,8,1,0.649161,,0.649161,frame_00000.png,frame_00116.png,r120_e60_f1.mp4,120 Hz,1/60,蛍光灯あり,58.848 fps,120,60,1,4,nagaoka_fireworks,R,R,8,,,frame_00000.png,frame_00116.png,QR未検出,117,1.988157
nagaoka_fireworks_R_8,lockin,0,0,QR未検出,,lockin,binary,,,14.424243,70,8,1,0.649161,,0.649161,frame_00000.png,frame_00116.png,r120_e60_f1.mp4,120 Hz,1/60,蛍光灯あり,58.848 fps,120,60,1,4,nagaoka_fireworks,R,R,8,,,frame_00000.png,frame_00116.png,QR未検出,117,1.988157
nagaoka_fireworks_R_8,lockin,0,0,QR未検出,,lockin,binary,,,14.424243,901,8,1,0.620978,,0.620978,frame_00000.png,frame_00116.png,r120_e60_f1.mp4,120 Hz,1/60,蛍光灯あり,58.848 fps,120,60,1,4,nagaoka_fireworks,R,R,8,,,frame_00000.png,frame_00116.png,QR未検出,117,1.988157
nagaoka_fireworks_R_8,lockin,0,0,QR未検出,,lockin,binary,,,14.424243,902,8,1,0.613219,,0.613219,frame_00000.png,frame_00116.png,r120_e60_f1.mp4,120 Hz,1/60,蛍光灯あり,58.848 fps,120,60,1,4,nagaoka_fireworks,R,R,8,,,frame_00000.png,frame_00116.png,QR未検出,117,1.988157
nagaoka_fireworks_R_8,lockin,1,0,QR未検出,,lockin,binary,,,27.696970,30,8,1,0.649172,,0.649172,frame_00000.png,frame_00116.png,r120_e60_f1.mp4,120 Hz,1/60,蛍光灯あり,58.848 fps,120,60,1,4,nagaoka_fireworks,R,R,8,,,frame_00000.png,frame_00116.png,QR未検出,117,1.988157
nagaoka_fireworks_R_8,lockin,0,0,QR未検出,,lockin,binary,,,27.696970,50,8,1,0.649161,,0.649161,frame_00000.png,frame_00116.png,r120_e60_f1.mp4,120 Hz,1/60,蛍光灯あり,58.848 fps,120,60,1,4,nagaoka_fireworks,R,R,8,,,frame_00000.png,frame_00116.png,QR未検出,117,1.988157
nagaoka_fireworks_R_8,lockin,0,0,QR未検出,,lockin,binary,,,27.696970,70,8,1,0.649161,,0.649161,frame_00000.png,frame_00116.png,r120_e60_f1.mp4,120 Hz,1/60,蛍光灯あり,58.848 fps,120,60,1,4,nagaoka_fireworks,R,R,8,,,frame_00000.png,frame_00116.png,QR未検出,117,1.988157
nagaoka_fireworks_R_8,lockin,0,0,QR未検出,,lockin,binary,,,27.696970,901,8,1,0.614628,,0.614628,frame_00000.png,frame_00116.png,r120_e60_f1.mp4,120 Hz,1/60,蛍光灯あり,58.848 fps,120,60,1,4,nagaoka_fireworks,R,R,8,,,frame_00000.png,frame_00116.png,QR未検出,117,1.988157
nagaoka_fireworks_R_8,lockin,0,0,QR未検出,,lockin,binary,,,27.696970,902,8,1,0.622916,,0.622916,frame_00000.png,frame_00116.png,r120_e60_f1.mp4,120 Hz,1/60,蛍光灯あり,58.848 fps,120,60,1,4,nagaoka_fireworks,R,R,8,,,frame_00000.png,frame_00116.png,QR未検出,117,1.988157
nagaoka_fireworks_R_8,lockin,0,0,QR未検出,,lockin,binary,,,28.848485,30,8,1,0.648925,,0.648925,frame_00000.png,frame_00116.png,r120_e60_f1.mp4,120 Hz,1/60,蛍光灯あり,58.848 fps,120,60,1,4,nagaoka_fireworks,R,R,8,,,frame_00000.png,frame_00116.png,QR未検出,117,1.988157
nagaoka_fireworks_R_8,lockin,0,0,QR未検出,,lockin,binary,,,28.848485,50,8,1,0.649158,,0.649158,frame_00000.png,frame_00116.png,r120_e60_f1.mp4,120 Hz,1/60,蛍光灯あり,58.848 fps,120,60,1,4,nagaoka_fireworks,R,R,8,,,frame_00000.png,frame_00116.png,QR未検出,117,1.988157
nagaoka_fireworks_R_8,lockin,0,0,QR未検出,,lockin,binary,,,28.848485,70,8,1,0.649161,,0.649161,frame_00000.png,frame_00116.png,r120_e60_f1.mp4,120 Hz,1/60,蛍光灯あり,58.848 fps,120,60,1,4,nagaoka_fireworks,R,R,8,,,frame_00000.png,frame_00116.png,QR未検出,117,1.988157
nagaoka_fireworks_R_8,lockin,0,0,QR未検出,,lockin,binary,,,28.848485,901,8,1,0.625572,,0.625572,frame_00000.png,frame_00116.png,r120_e60_f1.mp4,120 Hz,1/60,蛍光灯あり,58.848 fps,120,60,1,4,nagaoka_fireworks,R,R,8,,,frame_00000.png,frame_00116.png,QR未検出,117,1.988157
nagaoka_fireworks_R_8,lockin,0,0,QR未検出,,lockin,binary,,,28.848485,902,8,1,0.613562,,0.613562,frame_00000.png,frame_00116.png,r120_e60_f1.mp4,120 Hz,1/60,蛍光灯あり,58.848 fps,120,60,1,4,nagaoka_fireworks,R,R,8,,,frame_00000.png,frame_00116.png,QR未検出,117,1.988157
nagaoka_fireworks_X_12,lockin,0,0,QR未検出,,lockin,binary,,,8.848485,30,8,1,0.648705,,0.648705,frame_00000.png,frame_00116.png,r120_e60_f1.mp4,120 Hz,1/60,蛍光灯あり,58.848 fps,120,60,1,53,nagaoka_fireworks,max,X,12,,,frame_00000.png,frame_00116.png,QR未検出,117,1.988157
nagaoka_fireworks_X_12,lockin,0,0,QR未検出,,lockin,binary,,,8.848485,50,8,1,0.648988,,0.648988,frame_00000.png,frame_00116.png,r120_e60_f1.mp4,120 Hz,1/60,蛍光灯あり,58.848 fps,120,60,1,53,nagaoka_fireworks,max,X,12,,,frame_00000.png,frame_00116.png,QR未検出,117,1.988157
nagaoka_fireworks_X_12,lockin,0,0,QR未検出,,lockin,binary,,,8.848485,70,8,1,0.649123,,0.649123,frame_00000.png,frame_00116.png,r120_e60_f1.mp4,120 Hz,1/60,蛍光灯あり,58.848 fps,120,60,1,53,nagaoka_fireworks,max,X,12,,,frame_00000.png,frame_00116.png,QR未検出,117,1.988157
nagaoka_fireworks_X_12,lockin,0,0,QR未検出,,lockin,binary,,,8.848485,901,8,1,0.612667,,0.612667,frame_00000.png,frame_00116.png,r120_e60_f1.mp4,120 Hz,1/60,蛍光灯あり,58.848 fps,120,60,1,53,nagaoka_fireworks,max,X,12,,,frame_00000.png,frame_00116.png,QR未検出,117,1.988157
nagaoka_fireworks_X_12,lockin,0,0,QR未検出,,lockin,binary,,,8.848485,902,8,1,0.561499,,0.561499,frame_00000.png,frame_00116.png,r120_e60_f1.mp4,120 Hz,1/60,蛍光灯あり,58.848 fps,120,60,1,53,nagaoka_fireworks,max,X,12,,,frame_00000.png,frame_00116.png,QR未検出,117,1.988157
nagaoka_fireworks_X_12,lockin,0,0,QR未検出,,lockin,binary,,,14.424243,30,8,1,0.648136,,0.648136,frame_00000.png,frame_00116.png,r120_e60_f1.mp4,120 Hz,1/60,蛍光灯あり,58.848 fps,120,60,1,53,nagaoka_fireworks,max,X,12,,,frame_00000.png,frame_00116.png,QR未検出,117,1.988157
nagaoka_fireworks_X_12,lockin,0,0,QR未検出,,lockin,binary,,,14.424243,50,8,1,0.649007,,0.649007,frame_00000.png,frame_00116.png,r120_e60_f1.mp4,120 Hz,1/60,蛍光灯あり,58.848 fps,120,60,1,53,nagaoka_fireworks,max,X,12,,,frame_00000.png,frame_00116.png,QR未検出,117,1.988157
nagaoka_fireworks_X_12,lockin,0,0,QR未検出,,lockin,binary,,,14.424243,70,8,1,0.649121,,0.649121,frame_00000.png,frame_00116.png,r120_e60_f1.mp4,120 Hz,1/60,蛍光灯あり,58.848 fps,120,60,1,53,nagaoka_fireworks,max,X,12,,,frame_00000.png,frame_00116.png,QR未検出,117,1.988157
nagaoka_fireworks_X_12,lockin,0,0,QR未検出,,lockin,binary,,,14.424243,901,8,1,0.624669,,0.624669,frame_00000.png,frame_00116.png,r120_e60_f1.mp4,120 Hz,1/60,蛍光灯あり,58.848 fps,120,60,1,53,nagaoka_fireworks,max,X,12,,,frame_00000.png,frame_00116.png,QR未検出,117,1.988157
nagaoka_fireworks_X_12,lockin,0,0,QR未検出,,lockin,binary,,,14.424243,902,8,1,0.571803,,0.571803,frame_00000.png,frame_00116.png,r120_e60_f1.mp4,120 Hz,1/60,蛍光灯あり,58.848 fps,120,60,1,53,nagaoka_fireworks,max,X,12,,,frame_00000.png,frame_00116.png,QR未検出,117,1.988157
nagaoka_fireworks_X_12,lockin,0,0,QR未検出,,lockin,binary,,,27.696970,30,8,1,0.648990,,0.648990,frame_00000.png,frame_00116.png,r120_e60_f1.mp4,120 Hz,1/60,蛍光灯あり,58.848 fps,120,60,1,53,nagaoka_fireworks,max,X,12,,,frame_00000.png,frame_00116.png,QR未検出,117,1.988157
nagaoka_fireworks_X_12,lockin,0,0,QR未検出,,lockin,binary,,,27.696970,50,8,1,0.649084,,0.649084,frame_00000.png,frame_00116.png,r120_e60_f1.mp4,120 Hz,1/60,蛍光灯あり,58.848 fps,120,60,1,53,nagaoka_fireworks,max,X,12,,,frame_00000.png,frame_00116.png,QR未検出,117,1.988157
nagaoka_fireworks_X_12,lockin,0,0,QR未検出,,lockin,binary,,,27.696970,70,8,1,0.649084,,0.649084,frame_00000.png,frame_00116.png,r120_e60_f1.mp4,120 Hz,1/60,蛍光灯あり,58.848 fps,120,60,1,53,nagaoka_fireworks,max,X,12,,,frame_00000.png,frame_00116.png,QR未検出,117,1.988157
nagaoka_fireworks_X_12,lockin,0,0,QR未検出,,lockin,binary,,,27.696970,901,8,1,0.624988,,0.624988,frame_00000.png,frame_00116.png,r120_e60_f1.mp4,120 Hz,1/60,蛍光灯あり,58.848 fps,120,60,1,53,nagaoka_fireworks,max,X,12,,,frame_00000.png,frame_00116.png,QR未検出,117,1.988157
nagaoka_fireworks_X_12,lockin,0,0,QR未検出,,lockin,binary,,,27.696970,902,8,1,0.624092,,0.624092,frame_00000.png,frame_00116.png,r120_e60_f1.mp4,120 Hz,1/60,蛍光灯あり,58.848 fps,120,60,1,53,nagaoka_fireworks,max,X,12,,,frame_00000.png,frame_00116.png,QR未検出,117,1.988157
nagaoka_fireworks_X_12,lockin,0,0,QR未検出,,lockin,binary,,,28.848485,30,8,1,0.648778,,0.648778,frame_00000.png,frame_00116.png,r120_e60_f1.mp4,120 Hz,1/60,蛍光灯あり,58.848 fps,120,60,1,53,nagaoka_fireworks,max,X,12,,,frame_00000.png,frame_00116.png,QR未検出,117,1.988157
nagaoka_fireworks_X_12,lockin,1,0,QR未検出,,lockin,binary,,,28.848485,50,8,1,0.649240,,0.649240,frame_00000.png,frame_00116.png,r120_e60_f1.mp4,120 Hz,1/60,蛍光灯あり,58.848 fps,120,60,1,53,nagaoka_fireworks,max,X,12,,,frame_00000.png,frame_00116.png,QR未検出,117,1.988157
nagaoka_fireworks_X_12,lockin,0,0,QR未検出,,lockin,binary,,,28.848485,70,8,1,0.649161,,0.649161,frame_00000.png,frame_00116.png,r120_e60_f1.mp4,120 Hz,1/60,蛍光灯あり,58.848 fps,120,60,1,53,nagaoka_fireworks,max,X,12,,,frame_00000.png,frame_00116.png,QR未検出,117,1.988157
nagaoka_fireworks_X_12,lockin,0,0,QR未検出,,lockin,binary,,,28.848485,901,8,1,0.630450,,0.630450,frame_00000.png,frame_00116.png,r120_e60_f1.mp4,120 Hz,1/60,蛍光灯あり,58.848 fps,120,60,1,53,nagaoka_fireworks,max,X,12,,,frame_00000.png,frame_00116.png,QR未検出,117,1.988157
nagaoka_fireworks_X_12,lockin,0,0,QR未検出,,lockin,binary,,,28.848485,902,8,1,0.605227,,0.605227,frame_00000.png,frame_00116.png,r120_e60_f1.mp4,120 Hz,1/60,蛍光灯あり,58.848 fps,120,60,1,53,nagaoka_fireworks,max,X,12,,,frame_00000.png,frame_00116.png,QR未検出,117,1.988157
nagaoka_fireworks_X_4,lockin,0,0,QR未検出,,lockin,binary,,,8.848485,30,8,1,0.648983,,0.648983,frame_00000.png,frame_00116.png,r120_e60_f1.mp4,120 Hz,1/60,蛍光灯あり,58.848 fps,120,60,1,51,nagaoka_fireworks,max,X,4,,,frame_00000.png,frame_00116.png,QR未検出,117,1.988157
nagaoka_fireworks_X_4,lockin,0,0,QR未検出,,lockin,binary,,,8.848485,50,8,1,0.649070,,0.649070,frame_00000.png,frame_00116.png,r120_e60_f1.mp4,120 Hz,1/60,蛍光灯あり,58.848 fps,120,60,1,51,nagaoka_fireworks,max,X,4,,,frame_00000.png,frame_00116.png,QR未検出,117,1.988157
nagaoka_fireworks_X_4,lockin,0,0,QR未検出,,lockin,binary,,,8.848485,70,8,1,0.649124,,0.649124,frame_00000.png,frame_00116.png,r120_e60_f1.mp4,120 Hz,1/60,蛍光灯あり,58.848 fps,120,60,1,51,nagaoka_fireworks,max,X,4,,,frame_00000.png,frame_00116.png,QR未検出,117,1.988157
nagaoka_fireworks_X_4,lockin,0,0,QR未検出,,lockin,binary,,,8.848485,901,8,1,0.612962,,0.612962,frame_00000.png,frame_00116.png,r120_e60_f1.mp4,120 Hz,1/60,蛍光灯あり,58.848 fps,120,60,1,51,nagaoka_fireworks,max,X,4,,,frame_00000.png,frame_00116.png,QR未検出,117,1.988157
nagaoka_fireworks_X_4,lockin,0,0,QR未検出,,lockin,binary,,,8.848485,902,8,1,0.594673,,0.594673,frame_00000.png,frame_00116.png,r120_e60_f1.mp4,120 Hz,1/60,蛍光灯あり,58.848 fps,120,60,1,51,nagaoka_fireworks,max,X,4,,,frame_00000.png,frame_00116.png,QR未検出,117,1.988157
nagaoka_fireworks_X_4,lockin,0,0,QR未検出,,lockin,binary,,,14.424243,30,8,1,0.649088,,0.649088,frame_00000.png,frame_00116.png,r120_e60_f1.mp4,120 Hz,1/60,蛍光灯あり,58.848 fps,120,60,1,51,nagaoka_fireworks,max,X,4,,,frame_00000.png,frame_00116.png,QR未検出,117,1.988157
nagaoka_fireworks_X_4,lockin,0,0,QR未検出,,lockin,binary,,,14.424243,50,8,1,0.649098,,0.649098,frame_00000.png,frame_00116.png,r120_e60_f1.mp4,120 Hz,1/60,蛍光灯あり,58.848 fps,120,60,1,51,nagaoka_fireworks,max,X,4,,,frame_00000.png,frame_00116.png,QR未検出,117,1.988157
nagaoka_fireworks_X_4,lockin,0,0,QR未検出,,lockin,binary,,,14.424243,70,8,1,0.649096,,0.649096,frame_00000.png,frame_00116.png,r120_e60_f1.mp4,120 Hz,1/60,蛍光灯あり,58.848 fps,120,60,1,51,nagaoka_fireworks,max,X,4,,,frame_00000.png,frame_00116.png,QR未検出,117,1.988157
nagaoka_fireworks_X_4,lockin,0,0,QR未検出,,lockin,binary,,,14.424243,901,8,1,0.613958,,0.613958,frame_00000.png,frame_00116.png,r120_e60_f1.mp4,120 Hz,1/60,蛍光灯あり,58.848 fps,120,60,1,51,nagaoka_fireworks,max,X,4,,,frame_00000.png,frame_00116.png,QR未検出,117,1.988157
nagaoka_fireworks_X_4,lockin,0,0,QR未検出,,lockin,binary,,,14.424243,902,8,1,0.587889,,0.587889,frame_00000.png,frame_00116.png,r120_e60_f1.mp4,120 Hz,1/60,蛍光灯あり,58.848 fps,120,60,1,51,nagaoka_fireworks,max,X,4,,,frame_00000.png,frame_00116.png,QR未検出,117,1.988157
nagaoka_fireworks_X_4,lockin,0,0,QR未検出,,lockin,binary,,,27.696970,30,8,1,0.648677,,0.648677,frame_00000.png,frame_00116.png,r120_e60_f1.mp4,120 Hz,1/60,蛍光灯あり,58.848 fps,120,60,1,51,nagaoka_fireworks,max,X,4,,,frame_00000.png,frame_00116.png,QR未検出,117,1.988157
nagaoka_fireworks_X_4,lockin,0,0,QR未検出,,lockin,binary,,,27.696970,50,8,1,0.649149,,0.649149,frame_00000.png,frame_00116.png,r120_e60_f1.mp4,120 Hz,1/60,蛍光灯あり,58.848 fps,120,60,1,51,nagaoka_fireworks,max,X,4,,,frame_00000.png,frame_00116.png,QR未検出,117,1.988157
nagaoka_fireworks_X_4,lockin,1,0,QR未検出,,lockin,binary,,,27.696970,70,8,1,0.649161,,0.649161,frame_00000.png,frame_00116.png,r120_e60_f1.mp4,120 Hz,1/60,蛍光灯あり,58.848 fps,120,60,1,51,nagaoka_fireworks,max,X,4,,,frame_00000.png,frame_00116.png,QR未検出,117,1.988157
nagaoka_fireworks_X_4,lockin,0,0,QR未検出,,lockin,binary,,,27.696970,901,8,1,0.622844,,0.622844,frame_00000.png,frame_00116.png,r120_e60_f1.mp4,120 Hz,1/60,蛍光灯あり,58.848 fps,120,60,1,51,nagaoka_fireworks,max,X,4,,,frame_00000.png,frame_00116.png,QR未検出,117,1.988157
nagaoka_fireworks_X_4,lockin,0,0,QR未検出,,lockin,binary,,,27.696970,902,8,1,0.588605,,0.588605,frame_00000.png,frame_00116.png,r120_e60_f1.mp4,120 Hz,1/60,蛍光灯あり,58.848 fps,120,60,1,51,nagaoka_fireworks,max,X,4,,,frame_00000.png,frame_00116.png,QR未検出,117,1.988157
nagaoka_fireworks_X_4,lockin,0,0,QR未検出,,lockin,binary,,,28.848485,30,8,1,0.648598,,0.648598,frame_00000.png,frame_00116.png,r120_e60_f1.mp4,120 Hz,1/60,蛍光灯あり,58.848 fps,120,60,1,51,nagaoka_fireworks,max,X,4,,,frame_00000.png,frame_00116.png,QR未検出,117,1.988157
nagaoka_fireworks_X_4,lockin,0,0,QR未検出,,lockin,binary,,,28.848485,50,8,1,0.649089,,0.649089,frame_00000.png,frame_00116.png,r120_e60_f1.mp4,120 Hz,1/60,蛍光灯あり,58.848 fps,120,60,1,51,nagaoka_fireworks,max,X,4,,,frame_00000.png,frame_00116.png,QR未検出,117,1.988157
nagaoka_fireworks_X_4,lockin,0,0,QR未検出,,lockin,binary,,,28.848485,70,8,1,0.649119,,0.649119,frame_00000.png,frame_00116.png,r120_e60_f1.mp4,120 Hz,1/60,蛍光灯あり,58.848 fps,120,60,1,51,nagaoka_fireworks,max,X,4,,,frame_00000.png,frame_00116.png,QR未検出,117,1.988157
nagaoka_fireworks_X_4,lockin,0,0,QR未検出,,lockin,binary,,,28.848485,901,8,1,0.624552,,0.624552,frame_00000.png,frame_00116.png,r120_e60_f1.mp4,120 Hz,1/60,蛍光灯あり,58.848 fps,120,60,1,51,nagaoka_fireworks,max,X,4,,,frame_00000.png,frame_00116.png,QR未検出,117,1.988157
nagaoka_fireworks_X_4,lockin,0,0,QR未検出,,lockin,binary,,,28.848485,902,8,1,0.583262,,0.583262,frame_00000.png,frame_00116.png,r120_e60_f1.mp4,120 Hz,1/60,蛍光灯あり,58.848 fps,120,60,1,51,nagaoka_fireworks,max,X,4,,,frame_00000.png,frame_00116.png,QR未検出,117,1.988157
nagaoka_fireworks_X_8,lockin,0,0,QR未検出,,lockin,binary,,,8.848485,30,8,1,0.648554,,0.648554,frame_00000.png,frame_00116.png,r120_e60_f1.mp4,120 Hz,1/60,蛍光灯あり,58.848 fps,120,60,1,52,nagaoka_fireworks,max,X,8,,,frame_00000.png,frame_00116.png,QR未検出,117,1.988157
nagaoka_fireworks_X_8,lockin,0,0,QR未検出,,lockin,binary,,,8.848485,50,8,1,0.649049,,0.649049,frame_00000.png,frame_00116.png,r120_e60_f1.mp4,120 Hz,1/60,蛍光灯あり,58.848 fps,120,60,1,52,nagaoka_fireworks,max,X,8,,,frame_00000.png,frame_00116.png,QR未検出,117,1.988157
nagaoka_fireworks_X_8,lockin,0,0,QR未検出,,lockin,binary,,,8.848485,70,8,1,0.649161,,0.649161,frame_00000.png,frame_00116.png,r120_e60_f1.mp4,120 Hz,1/60,蛍光灯あり,58.848 fps,120,60,1,52,nagaoka_fireworks,max,X,8,,,frame_00000.png,frame_00116.png,QR未検出,117,1.988157
nagaoka_fireworks_X_8,lockin,0,0,QR未検出,,lockin,binary,,,8.848485,901,8,1,0.608378,,0.608378,frame_00000.png,frame_00116.png,r120_e60_f1.mp4,120 Hz,1/60,蛍光灯あり,58.848 fps,120,60,1,52,nagaoka_fireworks,max,X,8,,,frame_00000.png,frame_00116.png,QR未検出,117,1.988157
nagaoka_fireworks_X_8,lockin,0,0,QR未検出,,lockin,binary,,,8.848485,902,8,1,0.560126,,0.560126,frame_00000.png,frame_00116.png,r120_e60_f1.mp4,120 Hz,1/60,蛍光灯あり,58.848 fps,120,60,1,52,nagaoka_fireworks,max,X,8,,,frame_00000.png,frame_00116.png,QR未検出,117,1.988157
nagaoka_fireworks_X_8,lockin,0,0,QR未検出,,lockin,binary,,,14.424243,30,8,1,0.648684,,0.648684,frame_00000.png,frame_00116.png,r120_e60_f1.mp4,120 Hz,1/60,蛍光灯あり,58.848 fps,120,60,1,52,nagaoka_fireworks,max,X,8,,,frame_00000.png,frame_00116.png,QR未検出,117,1.988157
nagaoka_fireworks_X_8,lockin,0,0,QR未検出,,lockin,binary,,,14.424243,50,8,1,0.649075,,0.649075,frame_00000.png,frame_00116.png,r120_e60_f1.mp4,120 Hz,1/60,蛍光灯あり,58.848 fps,120,60,1,52,nagaoka_fireworks,max,X,8,,,frame_00000.png,frame_00116.png,QR未検出,117,1.988157
nagaoka_fireworks_X_8,lockin,0,0,QR未検出,,lockin,binary,,,14.424243,70,8,1,0.649151,,0.649151,frame_00000.png,frame_00116.png,r120_e60_f1.mp4,120 Hz,1/60,蛍光灯あり,58.848 fps,120,60,1,52,nagaoka_fireworks,max,X,8,,,frame_00000.png,frame_00116.png,QR未検出,117,1.988157
nagaoka_fireworks_X_8,lockin,0,0,QR未検出,,lockin,binary,,,14.424243,901,8,1,0.616850,,0.616850,frame_00000.png,frame_00116.png,r120_e60_f1.mp4,120 Hz,1/60,蛍光灯あり,58.848 fps,120,60,1,52,nagaoka_fireworks,max,X,8,,,frame_00000.png,frame_00116.png,QR未検出,117,1.988157
nagaoka_fireworks_X_8,lockin,0,0,QR未検出,,lockin,binary,,,14.424243,902,8,1,0.585055,,0.585055,frame_00000.png,frame_00116.png,r120_e60_f1.mp4,120 Hz,1/60,蛍光灯あり,58.848 fps,120,60,1,52,nagaoka_fireworks,max,X,8,,,frame_00000.png,frame_00116.png,QR未検出,117,1.988157
nagaoka_fireworks_X_8,lockin,0,0,QR未検出,,lockin,binary,,,27.696970,30,8,1,0.648304,,0.648304,frame_00000.png,frame_00116.png,r120_e60_f1.mp4,120 Hz,1/60,蛍光灯あり,58.848 fps,120,60,1,52,nagaoka_fireworks,max,X,8,,,frame_00000.png,frame_00116.png,QR未検出,117,1.988157
nagaoka_fireworks_X_8,lockin,0,0,QR未検出,,lockin,binary,,,27.696970,50,8,1,0.648948,,0.648948,frame_00000.png,frame_00116.png,r120_e60_f1.mp4,120 Hz,1/60,蛍光灯あり,58.848 fps,120,60,1,52,nagaoka_fireworks,max,X,8,,,frame_00000.png,frame_00116.png,QR未検出,117,1.988157
nagaoka_fireworks_X_8,lockin,1,0,QR未検出,,lockin,binary,,,27.696970,70,8,1,0.649175,,0.649175,frame_00000.png,frame_00116.png,r120_e60_f1.mp4,120 Hz,1/60,蛍光灯あり,58.848 fps,120,60,1,52,nagaoka_fireworks,max,X,8,,,frame_00000.png,frame_00116.png,QR未検出,117,1.988157
nagaoka_fireworks_X_8,lockin,0,0,QR未検出,,lockin,binary,,,27.696970,901,8,1,0.620593,,0.620593,frame_00000.png,frame_00116.png,r120_e60_f1.mp4,120 Hz,1/60,蛍光灯あり,58.848 fps,120,60,1,52,nagaoka_fireworks,max,X,8,,,frame_00000.png,frame_00116.png,QR未検出,117,1.988157
nagaoka_fireworks_X_8,lockin,0,0,QR未検出,,lockin,binary,,,27.696970,902,8,1,0.578256,,0.578256,frame_00000.png,frame_00116.png,r120_e60_f1.mp4,120 Hz,1/60,蛍光灯あり,58.848 fps,120,60,1,52,nagaoka_fireworks,max,X,8,,,frame_00000.png,frame_00116.png,QR未検出,117,1.988157
nagaoka_fireworks_X_8,lockin,0,0,QR未検出,,lockin,binary,,,28.848485,30,8,1,0.648799,,0.648799,frame_00000.png,frame_00116.png,r120_e60_f1.mp4,120 Hz,1/60,蛍光灯あり,58.848 fps,120,60,1,52,nagaoka_fireworks,max,X,8,,,frame_00000.png,frame_00116.png,QR未検出,117,1.988157
nagaoka_fireworks_X_8,lockin,0,0,QR未検出,,lockin,binary,,,28.848485,50,8,1,0.649053,,0.649053,frame_00000.png,frame_00116.png,r120_e60_f1.mp4,120 Hz,1/60,蛍光灯あり,58.848 fps,120,60,1,52,nagaoka_fireworks,max,X,8,,,frame_00000.png,frame_00116.png,QR未検出,117,1.988157
nagaoka_fireworks_X_8,lockin,0,0,QR未検出,,lockin,binary,,,28.848485,70,8,1,0.649105,,0.649105,frame_00000.png,frame_00116.png,r120_e60_f1.mp4,120 Hz,1/60,蛍光灯あり,58.848 fps,120,60,1,52,nagaoka_fireworks,max,X,8,,,frame_00000.png,frame_00116.png,QR未検出,117,1.988157
nagaoka_fireworks_X_8,lockin,0,0,QR未検出,,lockin,binary,,,28.848485,901,8,1,0.625728,,0.625728,frame_00000.png,frame_00116.png,r120_e60_f1.mp4,120 Hz,1/60,蛍光灯あり,58.848 fps,120,60,1,52,nagaoka_fireworks,max,X,8,,,frame_00000.png,frame_00116.png,QR未検出,117,1.988157
nagaoka_fireworks_X_8,lockin,0,0,QR未検出,,lockin,binary,,,28.848485,902,8,1,0.577084,,0.577084,frame_00000.png,frame_00116.png,r120_e60_f1.mp4,120 Hz,1/60,蛍光灯あり,58.848 fps,120,60,1,52,nagaoka_fireworks,max,X,8,,,frame_00000.png,frame_00116.png,QR未検出,117,1.988157
rice_B_12,lockin,0,0,QR未検出,,lockin,binary,,,8.848485,30,8,1,0.648960,,0.648960,frame_00000.png,frame_00116.png,r120_e60_f1.mp4,120 Hz,1/60,蛍光灯あり,58.848 fps,120,60,1,26,rice,B,B,12,,,frame_00000.png,frame_00116.png,QR未検出,117,1.988157
rice_B_12,lockin,0,0,QR未検出,,lockin,binary,,,8.848485,50,8,1,0.649116,,0.649116,frame_00000.png,frame_00116.png,r120_e60_f1.mp4,120 Hz,1/60,蛍光灯あり,58.848 fps,120,60,1,26,rice,B,B,12,,,frame_00000.png,frame_00116.png,QR未検出,117,1.988157
rice_B_12,lockin,0,0,QR未検出,,lockin,binary,,,8.848485,70,8,1,0.649130,,0.649130,frame_00000.png,frame_00116.png,r120_e60_f1.mp4,120 Hz,1/60,蛍光灯あり,58.848 fps,120,60,1,26,rice,B,B,12,,,frame_00000.png,frame_00116.png,QR未検出,117,1.988157
rice_B_12,lockin,0,0,QR未検出,,lockin,binary,,,8.848485,901,8,1,0.618799,,0.618799,frame_00000.png,frame_00116.png,r120_e60_f1.mp4,120 Hz,1/60,蛍光灯あり,58.848 fps,120,60,1,26,rice,B,B,12,,,frame_00000.png,frame_00116.png,QR未検出,117,1.988157
rice_B_12,lockin,0,0,QR未検出,,lockin,binary,,,8.848485,902,8,1,0.571899,,0.571899,frame_00000.png,frame_00116.png,r120_e60_f1.mp4,120 Hz,1/60,蛍光灯あり,58.848 fps,120,60,1,26,rice,B,B,12,,,frame_00000.png,frame_00116.png,QR未検出,117,1.988157
rice_B_12,lockin,0,0,QR未検出,,lockin,binary,,,14.424243,30,8,1,0.648773,,0.648773,frame_00000.png,frame_00116.png,r120_e60_f1.mp4,120 Hz,1/60,蛍光灯あり,58.848 fps,120,60,1,26,rice,B,B,12,,,frame_00000.png,frame_00116.png,QR未検出,117,1.988157
rice_B_12,lockin,0,0,QR未検出,,lockin,binary,,,14.424243,50,8,1,0.649179,,0.649179,frame_00000.png,frame_00116.png,r120_e60_f1.mp4,120 Hz,1/60,蛍光灯あり,58.848 fps,120,60,1,26,rice,B,B,12,,,frame_00000.png,frame_00116.png,QR未検出,117,1.988157
rice_B_12,lockin,0,0,QR未検出,,lockin,binary,,,14.424243,70,8,1,0.649161,,0.649161,frame_00000.png,frame_00116.png,r120_e60_f1.mp4,120 Hz,1/60,蛍光灯あり,58.848 fps,120,60,1,26,rice,B,B,12,,,frame_00000.png,frame_00116.png,QR未検出,117,1.988157
rice_B_12,lockin,0,0,QR未検出,,lockin,binary,,,14.424243,901,8,1,0.624584,,0.624584,frame_00000.png,frame_00116.png,r120_e60_f1.mp4,120 Hz,1/60,蛍光灯あり,58.848 fps,120,60,1,26,rice,B,B,12,,,frame_00000.png,frame_00116.png,QR未検出,117,1.988157
rice_B_12,lockin,0,0,QR未検出,,lockin,binary,,,14.424243,902,8,1,0.552366,,0.552366,frame_00000.png,frame_00116.png,r120_e60_f1.mp4,120 Hz,1/60,蛍光灯あり,58.848 fps,120,60,1,26,rice,B,B,12,,,frame_00000.png,frame_00116.png,QR未検出,117,1.988157
rice_B_12,lockin,1,0,QR未検出,,lockin,binary,,,27.696970,30,8,1,0.649189,,0.649189,frame_00000.png,frame_00116.png,r120_e60_f1.mp4,120 Hz,1/60,蛍光灯あり,58.848 fps,120,60,1,26,rice,B,B,12,,,frame_00000.png,frame_00116.png,QR未検出,117,1.988157
rice_B_12,lockin,0,0,QR未検出,,lockin,binary,,,27.696970,50,8,1,0.649161,,0.649161,frame_00000.png,frame_00116.png,r120_e60_f1.mp4,120 Hz,1/60,蛍光灯あり,58.848 fps,120,60,1,26,rice,B,B,12,,,frame_00000.png,frame_00116.png,QR未検出,117,1.988157
rice_B_12,lockin,0,0,QR未検出,,lockin,binary,,,27.696970,70,8,1,0.649161,,0.649161,frame_00000.png,frame_00116.png,r120_e60_f1.mp4,120 Hz,1/60,蛍光灯あり,58.848 fps,120,60,1,26,rice,B,B,12,,,frame_00000.png,frame_00116.png,QR未検出,117,1.988157
rice_B_12,lockin,0,0,QR未検出,,lockin,binary,,,27.696970,901,8,1,0.623941,,0.623941,frame_00000.png,frame_00116.png,r120_e60_f1.mp4,120 Hz,1/60,蛍光灯あり,58.848 fps,120,60,1,26,rice,B,B,12,,,frame_00000.png,frame_00116.png,QR未検出,117,1.988157
rice_B_12,lockin,0,0,QR未検出,,lockin,binary,,,27.696970,902,8,1,0.613401,,0.613401,frame_00000.png,frame_00116.png,r120_e60_f1.mp4,120 Hz,1/60,蛍光灯あり,58.848 fps,120,60,1,26,rice,B,B,12,,,frame_00000.png,frame_00116.png,QR未検出,117,1.988157
rice_B_12,lockin,0,0,QR未検出,,lockin,binary,,,28.848485,30,8,1,0.648958,,0.648958,frame_00000.png,frame_00116.png,r120_e60_f1.mp4,120 Hz,1/60,蛍光灯あり,58.848 fps,120,60,1,26,rice,B,B,12,,,frame_00000.png,frame_00116.png,QR未検出,117,1.988157
rice_B_12,lockin,0,0,QR未検出,,lockin,binary,,,28.848485,50,8,1,0.648998,,0.648998,frame_00000.png,frame_00116.png,r120_e60_f1.mp4,120 Hz,1/60,蛍光灯あり,58.848 fps,120,60,1,26,rice,B,B,12,,,frame_00000.png,frame_00116.png,QR未検出,117,1.988157
rice_B_12,lockin,0,0,QR未検出,,lockin,binary,,,28.848485,70,8,1,0.649072,,0.649072,frame_00000.png,frame_00116.png,r120_e60_f1.mp4,120 Hz,1/60,蛍光灯あり,58.848 fps,120,60,1,26,rice,B,B,12,,,frame_00000.png,frame_00116.png,QR未検出,117,1.988157
rice_B_12,lockin,0,0,QR未検出,,lockin,binary,,,28.848485,901,8,1,0.627394,,0.627394,frame_00000.png,frame_00116.png,r120_e60_f1.mp4,120 Hz,1/60,蛍光灯あり,58.848 fps,120,60,1,26,rice,B,B,12,,,frame_00000.png,frame_00116.png,QR未検出,117,1.988157
rice_B_12,lockin,0,0,QR未検出,,lockin,binary,,,28.848485,902,8,1,0.608567,,0.608567,frame_00000.png,frame_00116.png,r120_e60_f1.mp4,120 Hz,1/60,蛍光灯あり,58.848 fps,120,60,1,26,rice,B,B,12,,,frame_00000.png,frame_00116.png,QR未検出,117,1.988157
rice_B_4,lockin,0,0,QR未検出,,lockin,binary,,,8.848485,30,8,1,0.648881,,0.648881,frame_00000.png,frame_00116.png,r120_e60_f1.mp4,120 Hz,1/60,蛍光灯あり,58.848 fps,120,60,1,24,rice,B,B,4,,,frame_00000.png,frame_00116.png,QR未検出,117,1.988157
rice_B_4,lockin,1,0,QR未検出,,lockin,binary,,,8.848485,50,8,1,0.649161,,0.649161,frame_00000.png,frame_00116.png,r120_e60_f1.mp4,120 Hz,1/60,蛍光灯あり,58.848 fps,120,60,1,24,rice,B,B,4,,,frame_00000.png,frame_00116.png,QR未検出,117,1.988157
rice_B_4,lockin,0,0,QR未検出,,lockin,binary,,,8.848485,70,8,1,0.649161,,0.649161,frame_00000.png,frame_00116.png,r120_e60_f1.mp4,120 Hz,1/60,蛍光灯あり,58.848 fps,120,60,1,24,rice,B,B,4,,,frame_00000.png,frame_00116.png,QR未検出,117,1.988157
rice_B_4,lockin,0,0,QR未検出,,lockin,binary,,,8.848485,901,8,1,0.617240,,0.617240,frame_00000.png,frame_00116.png,r120_e60_f1.mp4,120 Hz,1/60,蛍光灯あり,58.848 fps,120,60,1,24,rice,B,B,4,,,frame_00000.png,frame_00116.png,QR未検出,117,1.988157
rice_B_4,lockin,0,0,QR未検出,,lockin,binary,,,8.848485,902,8,1,0.552536,,0.552536,frame_00000.png,frame_00116.png,r120_e60_f1.mp4,120 Hz,1/60,蛍光灯あり,58.848 fps,120,60,1,24,rice,B,B,4,,,frame_00000.png,frame_00116.png,QR未検出,117,1.988157
rice_B_4,lockin,0,0,QR未検出,,lockin,binary,,,14.424243,30,8,1,0.648797,,0.648797,frame_00000.png,frame_00116.png,r120_e60_f1.mp4,120 Hz,1/60,蛍光灯あり,58.848 fps,120,60,1,24,rice,B,B,4,,,frame_00000.png,frame_00116.png,QR未検出,117,1.988157
rice_B_4,lockin,0,0,QR未検出,,lockin,binary,,,14.424243,50,8,1,0.649116,,0.649116,frame_00000.png,frame_00116.png,r120_e60_f1.mp4,120 Hz,1/60,蛍光灯あり,58.848 fps,120,60,1,24,rice,B,B,4,,,frame_00000.png,frame_00116.png,QR未検出,117,1.988157
rice_B_4,lockin,0,0,QR未検出,,lockin,binary,,,14.424243,70,8,1,0.649147,,0.649147,frame_00000.png,frame_00116.png,r120_e60_f1.mp4,120 Hz,1/60,蛍光灯あり,58.848 fps,120,60,1,24,rice,B,B,4,,,frame_00000.png,frame_00116.png,QR未検出,117,1.988157
rice_B_4,lockin,0,0,QR未検出,,lockin,binary,,,14.424243,901,8,1,0.619653,,0.619653,frame_00000.png,frame_00116.png,r120_e60_f1.mp4,120 Hz,1/60,蛍光灯あり,58.848 fps,120,60,1,24,rice,B,B,4,,,frame_00000.png,frame_00116.png,QR未検出,117,1.988157
rice_B_4,lockin,0,0,QR未検出,,lockin,binary,,,14.424243,902,8,1,0.587748,,0.587748,frame_00000.png,frame_00116.png,r120_e60_f1.mp4,120 Hz,1/60,蛍光灯あり,58.848 fps,120,60,1,24,rice,B,B,4,,,frame_00000.png,frame_00116.png,QR未検出,117,1.988157
rice_B_4,lockin,0,0,QR未検出,,lockin,binary,,,27.696970,30,8,1,0.648864,,0.648864,frame_00000.png,frame_00116.png,r120_e60_f1.mp4,120 Hz,1/60,蛍光灯あり,58.848 fps,120,60,1,24,rice,B,B,4,,,frame_00000.png,frame_00116.png,QR未検出,117,1.988157
rice_B_4,lockin,0,0,QR未検出,,lockin,binary,,,27.696970,50,8,1,0.649161,,0.649161,frame_00000.png,frame_00116.png,r120_e60_f1.mp4,120 Hz,1/60,蛍光灯あり,58.848 fps,120,60,1,24,rice,B,B,4,,,frame_00000.png,frame_00116.png,QR未検出,117,1.988157
rice_B_4,lockin,0,0,QR未検出,,lockin,binary,,,27.696970,70,8,1,0.649161,,0.649161,frame_00000.png,frame_00116.png,r120_e60_f1.mp4,120 Hz,1/60,蛍光灯あり,58.848 fps,120,60,1,24,rice,B,B,4,,,frame_00000.png,frame_00116.png,QR未検出,117,1.988157
rice_B_4,lockin,0,0,QR未検出,,lockin,binary,,,27.696970,901,8,1,0.624645,,0.624645,frame_00000.png,frame_00116.png,r120_e60_f1.mp4,120 Hz,1/60,蛍光灯あり,58.848 fps,120,60,1,24,rice,B,B,4,,,frame_00000.png,frame_00116.png,QR未検出,117,1.988157
rice_B_4,lockin,0,0,QR未検出,,lockin,binary,,,27.696970,902,8,1,0.591835,,0.591835,frame_00000.png,frame_00116.png,r120_e60_f1.mp4,120 Hz,1/60,蛍光灯あり,58.848 fps,120,60,1,24,rice,B,B,4,,,frame_00000.png,frame_00116.png,QR未検出,117,1.988157
rice_B_4,lockin,0,0,QR未検出,,lockin,binary,,,28.848485,30,8,1,0.648778,,0.648778,frame_00000.png,frame_00116.png,r120_e60_f1.mp4,120 Hz,1/60,蛍光灯あり,58.848 fps,120,60,1,24,rice,B,B,4,,,frame_00000.png,frame_00116.png,QR未検出,117,1.988157
rice_B_4,lockin,0,0,QR未検出,,lockin,binary,,,28.848485,50,8,1,0.649074,,0.649074,frame_00000.png,frame_00116.png,r120_e60_f1.mp4,120 Hz,1/60,蛍光灯あり,58.848 fps,120,60,1,24,rice,B,B,4,,,frame_00000.png,frame_00116.png,QR未検出,117,1.988157
rice_B_4,lockin,0,0,QR未検出,,lockin,binary,,,28.848485,70,8,1,0.649161,,0.649161,frame_00000.png,frame_00116.png,r120_e60_f1.mp4,120 Hz,1/60,蛍光灯あり,58.848 fps,120,60,1,24,rice,B,B,4,,,frame_00000.png,frame_00116.png,QR未検出,117,1.988157
rice_B_4,lockin,0,0,QR未検出,,lockin,binary,,,28.848485,901,8,1,0.624325,,0.624325,frame_00000.png,frame_00116.png,r120_e60_f1.mp4,120 Hz,1/60,蛍光灯あり,58.848 fps,120,60,1,24,rice,B,B,4,,,frame_00000.png,frame_00116.png,QR未検出,117,1.988157
rice_B_4,lockin,0,0,QR未検出,,lockin,binary,,,28.848485,902,8,1,0.595499,,0.595499,frame_00000.png,frame_00116.png,r120_e60_f1.mp4,120 Hz,1/60,蛍光灯あり,58.848 fps,120,60,1,24,rice,B,B,4,,,frame_00000.png,frame_00116.png,QR未検出,117,1.988157
rice_B_8,lockin,1,0,QR未検出,,lockin,binary,,,8.848485,30,8,1,0.649182,,0.649182,frame_00000.png,frame_00116.png,r120_e60_f1.mp4,120 Hz,1/60,蛍光灯あり,58.848 fps,120,60,1,25,rice,B,B,8,,,frame_00000.png,frame_00116.png,QR未検出,117,1.988157
rice_B_8,lockin,0,0,QR未検出,,lockin,binary,,,8.848485,50,8,1,0.649147,,0.649147,frame_00000.png,frame_00116.png,r120_e60_f1.mp4,120 Hz,1/60,蛍光灯あり,58.848 fps,120,60,1,25,rice,B,B,8,,,frame_00000.png,frame_00116.png,QR未検出,117,1.988157
rice_B_8,lockin,0,0,QR未検出,,lockin,binary,,,8.848485,70,8,1,0.649161,,0.649161,frame_00000.png,frame_00116.png,r120_e60_f1.mp4,120 Hz,1/60,蛍光灯あり,58.848 fps,120,60,1,25,rice,B,B,8,,,frame_00000.png,frame_00116.png,QR未検出,117,1.988157
rice_B_8,lockin,0,0,QR未検出,,lockin,binary,,,8.848485,901,8,1,0.618451,,0.618451,frame_00000.png,frame_00116.png,r120_e60_f1.mp4,120 Hz,1/60,蛍光灯あり,58.848 fps,120,60,1,25,rice,B,B,8,,,frame_00000.png,frame_00116.png,QR未検出,117,1.988157
rice_B_8,lockin,0,0,QR未検出,,lockin,binary,,,8.848485,902,8,1,0.547677,,0.547677,frame_00000.png,frame_00116.png,r120_e60_f1.mp4,120 Hz,1/60,蛍光灯あり,58.848 fps,120,60,1,25,rice,B,B,8,,,frame_00000.png,frame_00116.png,QR未検出,117,1.988157
rice_B_8,lockin,0,0,QR未検出,,lockin,binary,,,14.424243,30,8,1,0.649161,,0.649161,frame_00000.png,frame_00116.png,r120_e60_f1.mp4,120 Hz,1/60,蛍光灯あり,58.848 fps,120,60,1,25,rice,B,B,8,,,frame_00000.png,frame_00116.png,QR未検出,117,1.988157
rice_B_8,lockin,0,0,QR未検出,,lockin,binary,,,14.424243,50,8,1,0.649161,,0.649161,frame_00000.png,frame_00116.png,r120_e60_f1.mp4,120 Hz,1/60,蛍光灯あり,58.848 fps,120,60,1,25,rice,B,B,8,,,frame_00000.png,frame_00116.png,QR未検出,117,1.988157
rice_B_8,lockin,0,0,QR未検出,,lockin,binary,,,14.424243,70,8,1,0.649161,,0.649161,frame_00000.png,frame_00116.png,r120_e60_f1.mp4,120 Hz,1/60,蛍光灯あり,58.848 fps,120,60,1,25,rice,B,B,8,,,frame_00000.png,frame_00116.png,QR未検出,117,1.988157
rice_B_8,lockin,0,0,QR未検出,,lockin,binary,,,14.424243,901,8,1,0.621756,,0.621756,frame_00000.png,frame_00116.png,r120_e60_f1.mp4,120 Hz,1/60,蛍光灯あり,58.848 fps,120,60,1,25,rice,B,B,8,,,frame_00000.png,frame_00116.png,QR未検出,117,1.988157
rice_B_8,lockin,0,0,QR未検出,,lockin,binary,,,14.424243,902,8,1,0.631434,,0.631434,frame_00000.png,frame_00116.png,r120_e60_f1.mp4,120 Hz,1/60,蛍光灯あり,58.848 fps,120,60,1,25,rice,B,B,8,,,frame_00000.png,frame_00116.png,QR未検出,117,1.988157
rice_B_8,lockin,0,0,QR未検出,,lockin,binary,,,27.696970,30,8,1,0.649089,,0.649089,frame_00000.png,frame_00116.png,r120_e60_f1.mp4,120 Hz,1/60,蛍光灯あり,58.848 fps,120,60,1,25,rice,B,B,8,,,frame_00000.png,frame_00116.png,QR未検出,117,1.988157
rice_B_8,lockin,0,0,QR未検出,,lockin,binary,,,27.696970,50,8,1,0.649161,,0.649161,frame_00000.png,frame_00116.png,r120_e60_f1.mp4,120 Hz,1/60,蛍光灯あり,58.848 fps,120,60,1,25,rice,B,B,8,,,frame_00000.png,frame_00116.png,QR未検出,117,1.988157
rice_B_8,lockin,0,0,QR未検出,,lockin,binary,,,27.696970,70,8,1,0.649161,,0.649161,frame_00000.png,frame_00116.png,r120_e60_f1.mp4,120 Hz,1/60,蛍光灯あり,58.848 fps,120,60,1,25,rice,B,B,8,,,frame_00000.png,frame_00116.png,QR未検出,117,1.988157
rice_B_8,lockin,0,0,QR未検出,,lockin,binary,,,27.696970,901,8,1,0.619002,,0.619002,frame_00000.png,frame_00116.png,r120_e60_f1.mp4,120 Hz,1/60,蛍光灯あり,58.848 fps,120,60,1,25,rice,B,B,8,,,frame_00000.png,frame_00116.png,QR未検出,117,1.988157
rice_B_8,lockin,0,0,QR未検出,,lockin,binary,,,27.696970,902,8,1,0.611018,,0.611018,frame_00000.png,frame_00116.png,r120_e60_f1.mp4,120 Hz,1/60,蛍光灯あり,58.848 fps,120,60,1,25,rice,B,B,8,,,frame_00000.png,frame_00116.png,QR未検出,117,1.988157
rice_B_8,lockin,0,0,QR未検出,,lockin,binary,,,28.848485,30,8,1,0.648383,,0.648383,frame_00000.png,frame_00116.png,r120_e60_f1.mp4,120 Hz,1/60,蛍光灯あり,58.848 fps,120,60,1,25,rice,B,B,8,,,frame_00000.png,frame_00116.png,QR未検出,117,1.988157
rice_B_8,lockin,0,0,QR未検出,,lockin,binary,,,28.848485,50,8,1,0.648974,,0.648974,frame_00000.png,frame_00116.png,r120_e60_f1.mp4,120 Hz,1/60,蛍光灯あり,58.848 fps,120,60,1,25,rice,B,B,8,,,frame_00000.png,frame_00116.png,QR未検出,117,1.988157
rice_B_8,lockin,0,0,QR未検出,,lockin,binary,,,28.848485,70,8,1,0.649114,,0.649114,frame_00000.png,frame_00116.png,r120_e60_f1.mp4,120 Hz,1/60,蛍光灯あり,58.848 fps,120,60,1,25,rice,B,B,8,,,frame_00000.png,frame_00116.png,QR未検出,117,1.988157
rice_B_8,lockin,0,0,QR未検出,,lockin,binary,,,28.848485,901,8,1,0.620344,,0.620344,frame_00000.png,frame_00116.png,r120_e60_f1.mp4,120 Hz,1/60,蛍光灯あり,58.848 fps,120,60,1,25,rice,B,B,8,,,frame_00000.png,frame_00116.png,QR未検出,117,1.988157
rice_B_8,lockin,0,0,QR未検出,,lockin,binary,,,28.848485,902,8,1,0.559613,,0.559613,frame_00000.png,frame_00116.png,r120_e60_f1.mp4,120 Hz,1/60,蛍光灯あり,58.848 fps,120,60,1,25,rice,B,B,8,,,frame_00000.png,frame_00116.png,QR未検出,117,1.988157
rice_G_12,lockin,0,0,QR未検出,,lockin,binary,,,8.848485,30,8,1,0.649037,,0.649037,frame_00000.png,frame_00116.png,r120_e60_f1.mp4,120 Hz,1/60,蛍光灯あり,58.848 fps,120,60,1,14,rice,G,G,12,,,frame_00000.png,frame_00116.png,QR未検出,117,1.988157
rice_G_12,lockin,0,0,QR未検出,,lockin,binary,,,8.848485,50,8,1,0.649137,,0.649137,frame_00000.png,frame_00116.png,r120_e60_f1.mp4,120 Hz,1/60,蛍光灯あり,58.848 fps,120,60,1,14,rice,G,G,12,,,frame_00000.png,frame_00116.png,QR未検出,117,1.988157
rice_G_12,lockin,0,0,QR未検出,,lockin,binary,,,8.848485,70,8,1,0.649161,,0.649161,frame_00000.png,frame_00116.png,r120_e60_f1.mp4,120 Hz,1/60,蛍光灯あり,58.848 fps,120,60,1,14,rice,G,G,12,,,frame_00000.png,frame_00116.png,QR未検出,117,1.988157
rice_G_12,lockin,0,0,QR未検出,,lockin,binary,,,8.848485,901,8,1,0.620512,,0.620512,frame_00000.png,frame_00116.png,r120_e60_f1.mp4,120 Hz,1/60,蛍光灯あり,58.848 fps,120,60,1,14,rice,G,G,12,,,frame_00000.png,frame_00116.png,QR未検出,117,1.988157
rice_G_12,lockin,0,0,QR未検出,,lockin,binary,,,8.848485,902,8,1,0.569240,,0.569240,frame_00000.png,frame_00116.png,r120_e60_f1.mp4,120 Hz,1/60,蛍光灯あり,58.848 fps,120,60,1,14,rice,G,G,12,,,frame_00000.png,frame_00116.png,QR未検出,117,1.988157
rice_G_12,lockin,0,0,QR未検出,,lockin,binary,,,14.424243,30,8,1,0.649156,,0.649156,frame_00000.png,frame_00116.png,r120_e60_f1.mp4,120 Hz,1/60,蛍光灯あり,58.848 fps,120,60,1,14,rice,G,G,12,,,frame_00000.png,frame_00116.png,QR未検出,117,1.988157
rice_G_12,lockin,1,0,QR未検出,,lockin,binary,,,14.424243,50,8,1,0.649238,,0.649238,frame_00000.png,frame_00116.png,r120_e60_f1.mp4,120 Hz,1/60,蛍光灯あり,58.848 fps,120,60,1,14,rice,G,G,12,,,frame_00000.png,frame_00116.png,QR未検出,117,1.988157
rice_G_12,lockin,0,0,QR未検出,,lockin,binary,,,14.424243,70,8,1,0.649235,,0.649235,frame_00000.png,frame_00116.png,r120_e60_f1.mp4,120 Hz,1/60,蛍光灯あり,58.848 fps,120,60,1,14,rice,G,G,12,,,frame_00000.png,frame_00116.png,QR未検出,117,1.988157
rice_G_12,lockin,0,0,QR未検出,,lockin,binary,,,14.424243,901,8,1,0.624053,,0.624053,frame_00000.png,frame_00116.png,r120_e60_f1.mp4,120 Hz,1/60,蛍光灯あり,58.848 fps,120,60,1,14,rice,G,G,12,,,frame_00000.png,frame_00116.png,QR未検出,117,1.988157
rice_G_12,lockin,0,0,QR未検出,,lockin,binary,,,14.424243,902,8,1,0.601698,,0.601698,frame_00000.png,frame_00116.png,r120_e60_f1.mp4,120 Hz,1/60,蛍光灯あり,58.848 fps,120,60,1,14,rice,G,G,12,,,frame_00000.png,frame_00116.png,QR未検出,117,1.988157
rice_G_12,lockin,0,0,QR未検出,,lockin,binary,,,27.696970,30,8,1,0.648874,,0.648874,frame_00000.png,frame_00116.png,r120_e60_f1.mp4,120 Hz,1/60,蛍光灯あり,58.848 fps,120,60,1,14,rice,G,G,12,,,frame_00000.png,frame_00116.png,QR未検出,117,1.988157
rice_G_12,lockin,0,0,QR未検出,,lockin,binary,,,27.696970,50,8,1,0.649214,,0.649214,frame_00000.png,frame_00116.png,r120_e60_f1.mp4,120 Hz,1/60,蛍光灯あり,58.848 fps,120,60,1,14,rice,G,G,12,,,frame_00000.png,frame_00116.png,QR未検出,117,1.988157
rice_G_12,lockin,0,0,QR未検出,,lockin,binary,,,27.696970,70,8,1,0.649233,,0.649233,frame_00000.png,frame_00116.png,r120_e60_f1.mp4,120 Hz,1/60,蛍光灯あり,58.848 fps,120,60,1,14,rice,G,G,12,,,frame_00000.png,frame_00116.png,QR未検出,117,1.988157
rice_G_12,lockin,0,0,QR未検出,,lockin,binary,,,27.696970,901,8,1,0.625621,,0.625621,frame_00000.png,frame_00116.png,r120_e60_f1.mp4,120 Hz,1/60,蛍光灯あり,58.848 fps,120,60,1,14,rice,G,G,12,,,frame_00000.png,frame_00116.png,QR未検出,117,1.988157
rice_G_12,lockin,0,0,QR未検出,,lockin,binary,,,27.696970,902,8,1,0.611111,,0.611111,frame_00000.png,frame_00116.png,r120_e60_f1.mp4,120 Hz,1/60,蛍光灯あり,58.848 fps,120,60,1,14,rice,G,G,12,,,frame_00000.png,frame_00116.png,QR未検出,117,1.988157
rice_G_12,lockin,0,0,QR未検出,,lockin,binary,,,28.848485,30,8,1,0.648670,,0.648670,frame_00000.png,frame_00116.png,r120_e60_f1.mp4,120 Hz,1/60,蛍光灯あり,58.848 fps,120,60,1,14,rice,G,G,12,,,frame_00000.png,frame_00116.png,QR未検出,117,1.988157
rice_G_12,lockin,0,0,QR未検出,,lockin,binary,,,28.848485,50,8,1,0.649177,,0.649177,frame_00000.png,frame_00116.png,r120_e60_f1.mp4,120 Hz,1/60,蛍光灯あり,58.848 fps,120,60,1,14,rice,G,G,12,,,frame_00000.png,frame_00116.png,QR未検出,117,1.988157
rice_G_12,lockin,0,0,QR未検出,,lockin,binary,,,28.848485,70,8,1,0.649161,,0.649161,frame_00000.png,frame_00116.png,r120_e60_f1.mp4,120 Hz,1/60,蛍光灯あり,58.848 fps,120,60,1,14,rice,G,G,12,,,frame_00000.png,frame_00116.png,QR未検出,117,1.988157
rice_G_12,lockin,0,0,QR未検出,,lockin,binary,,,28.848485,901,8,1,0.628279,,0.628279,frame_00000.png,frame_00116.png,r120_e60_f1.mp4,120 Hz,1/60,蛍光灯あり,58.848 fps,120,60,1,14,rice,G,G,12,,,frame_00000.png,frame_00116.png,QR未検出,117,1.988157
rice_G_12,lockin,0,0,QR未検出,,lockin,binary,,,28.848485,902,8,1,0.587174,,0.587174,frame_00000.png,frame_00116.png,r120_e60_f1.mp4,120 Hz,1/60,蛍光灯あり,58.848 fps,120,60,1,14,rice,G,G,12,,,frame_00000.png,frame_00116.png,QR未検出,117,1.988157
rice_G_4,lockin,0,0,QR未検出,,lockin,binary,,,8.848485,30,8,1,0.649028,,0.649028,frame_00000.png,frame_00116.png,r120_e60_f1.mp4,120 Hz,1/60,蛍光灯あり,58.848 fps,120,60,1,12,rice,G,G,4,,,frame_00000.png,frame_00116.png,QR未検出,117,1.988157
rice_G_4,lockin,0,0,QR未検出,,lockin,binary,,,8.848485,50,8,1,0.649079,,0.649079,frame_00000.png,frame_00116.png,r120_e60_f1.mp4,120 Hz,1/60,蛍光灯あり,58.848 fps,120,60,1,12,rice,G,G,4,,,frame_00000.png,frame_00116.png,QR未検出,117,1.988157
rice_G_4,lockin,0,0,QR未検出,,lockin,binary,,,8.848485,70,8,1,0.649161,,0.649161,frame_00000.png,frame_00116.png,r120_e60_f1.mp4,120 Hz,1/60,蛍光灯あり,58.848 fps,120,60,1,12,rice,G,G,4,,,frame_00000.png,frame_00116.png,QR未検出,117,1.988157
rice_G_4,lockin,0,0,QR未検出,,lockin,binary,,,8.848485,901,8,1,0.628186,,0.628186,frame_00000.png,frame_00116.png,r120_e60_f1.mp4,120 Hz,1/60,蛍光灯あり,58.848 fps,120,60,1,12,rice,G,G,4,,,frame_00000.png,frame_00116.png,QR未検出,117,1.988157
rice_G_4,lockin,0,0,QR未検出,,lockin,binary,,,8.848485,902,8,1,0.560670,,0.560670,frame_00000.png,frame_00116.png,r120_e60_f1.mp4,120 Hz,1/60,蛍光灯あり,58.848 fps,120,60,1,12,rice,G,G,4,,,frame_00000.png,frame_00116.png,QR未検出,117,1.988157
rice_G_4,lockin,0,0,QR未検出,,lockin,binary,,,14.424243,30,8,1,0.649005,,0.649005,frame_00000.png,frame_00116.png,r120_e60_f1.mp4,120 Hz,1/60,蛍光灯あり,58.848 fps,120,60,1,12,rice,G,G,4,,,frame_00000.png,frame_00116.png,QR未検出,117,1.988157
rice_G_4,lockin,0,0,QR未検出,,lockin,binary,,,14.424243,50,8,1,0.649110,,0.649110,frame_00000.png,frame_00116.png,r120_e60_f1.mp4,120 Hz,1/60,蛍光灯あり,58.848 fps,120,60,1,12,rice,G,G,4,,,frame_00000.png,frame_00116.png,QR未検出,117,1.988157
rice_G_4,lockin,0,0,QR未検出,,lockin,binary,,,14.424243,70,8,1,0.649161,,0.649161,frame_00000.png,frame_00116.png,r120_e60_f1.mp4,120 Hz,1/60,蛍光灯あり,58.848 fps,120,60,1,12,rice,G,G,4,,,frame_00000.png,frame_00116.png,QR未検出,117,1.988157
rice_G_4,lockin,0,0,QR未検出,,lockin,binary,,,14.424243,901,8,1,0.630107,,0.630107,frame_00000.png,frame_00116.png,r120_e60_f1.mp4,120 Hz,1/60,蛍光灯あり,58.848 fps,120,60,1,12,rice,G,G,4,,,frame_00000.png,frame_00116.png,QR未検出,117,1.988157
rice_G_4,lockin,0,0,QR未検出,,lockin,binary,,,14.424243,902,8,1,0.596223,,0.596223,frame_00000.png,frame_00116.png,r120_e60_f1.mp4,120 Hz,1/60,蛍光灯あり,58.848 fps,120,60,1,12,rice,G,G,4,,,frame_00000.png,frame_00116.png,QR未検出,117,1.988157
rice_G_4,lockin,0,0,QR未検出,,lockin,binary,,,27.696970,30,8,1,0.649161,,0.649161,frame_00000.png,frame_00116.png,r120_e60_f1.mp4,120 Hz,1/60,蛍光灯あり,58.848 fps,120,60,1,12,rice,G,G,4,,,frame_00000.png,frame_00116.png,QR未検出,117,1.988157
rice_G_4,lockin,0,0,QR未検出,,lockin,binary,,,27.696970,50,8,1,0.649161,,0.649161,frame_00000.png,frame_00116.png,r120_e60_f1.mp4,120 Hz,1/60,蛍光灯あり,58.848 fps,120,60,1,12,rice,G,G,4,,,frame_00000.png,frame_00116.png,QR未検出,117,1.988157
rice_G_4,lockin,0,0,QR未検出,,lockin,binary,,,27.696970,70,8,1,0.649161,,0.649161,frame_00000.png,frame_00116.png,r120_e60_f1.mp4,120 Hz,1/60,蛍光灯あり,58.848 fps,120,60,1,12,rice,G,G,4,,,frame_00000.png,frame_00116.png,QR未検出,117,1.988157
rice_G_4,lockin,0,0,QR未検出,,lockin,binary,,,27.696970,901,8,1,0.628510,,0.628510,frame_00000.png,frame_00116.png,r120_e60_f1.mp4,120 Hz,1/60,蛍光灯あり,58.848 fps,120,60,1,12,rice,G,G,4,,,frame_00000.png,frame_00116.png,QR未検出,117,1.988157
rice_G_4,lockin,0,0,QR未検出,,lockin,binary,,,27.696970,902,8,1,0.630987,,0.630987,frame_00000.png,frame_00116.png,r120_e60_f1.mp4,120 Hz,1/60,蛍光灯あり,58.848 fps,120,60,1,12,rice,G,G,4,,,frame_00000.png,frame_00116.png,QR未検出,117,1.988157
rice_G_4,lockin,0,0,QR未検出,,lockin,binary,,,28.848485,30,8,1,0.649061,,0.649061,frame_00000.png,frame_00116.png,r120_e60_f1.mp4,120 Hz,1/60,蛍光灯あり,58.848 fps,120,60,1,12,rice,G,G,4,,,frame_00000.png,frame_00116.png,QR未検出,117,1.988157
rice_G_4,lockin,0,0,QR未検出,,lockin,binary,,,28.848485,50,8,1,0.649235,,0.649235,frame_00000.png,frame_00116.png,r120_e60_f1.mp4,120 Hz,1/60,蛍光灯あり,58.848 fps,120,60,1,12,rice,G,G,4,,,frame_00000.png,frame_00116.png,QR未検出,117,1.988157
rice_G_4,lockin,1,0,QR未検出,,lockin,binary,,,28.848485,70,8,1,0.649238,,0.649238,frame_00000.png,frame_00116.png,r120_e60_f1.mp4,120 Hz,1/60,蛍光灯あり,58.848 fps,120,60,1,12,rice,G,G,4,,,frame_00000.png,frame_00116.png,QR未検出,117,1.988157
rice_G_4,lockin,0,0,QR未検出,,lockin,binary,,,28.848485,901,8,1,0.630191,,0.630191,frame_00000.png,frame_00116.png,r120_e60_f1.mp4,120 Hz,1/60,蛍光灯あり,58.848 fps,120,60,1,12,rice,G,G,4,,,frame_00000.png,frame_00116.png,QR未検出,117,1.988157
rice_G_4,lockin,0,0,QR未検出,,lockin,binary,,,28.848485,902,8,1,0.588301,,0.588301,frame_00000.png,frame_00116.png,r120_e60_f1.mp4,120 Hz,1/60,蛍光灯あり,58.848 fps,120,60,1,12,rice,G,G,4,,,frame_00000.png,frame_00116.png,QR未検出,117,1.988157
rice_G_8,lockin,0,0,QR未検出,,lockin,binary,,,8.848485,30,8,1,0.649005,,0.649005,frame_00000.png,frame_00116.png,r120_e60_f1.mp4,120 Hz,1/60,蛍光灯あり,58.848 fps,120,60,1,13,rice,G,G,8,,,frame_00000.png,frame_00116.png,QR未検出,117,1.988157
rice_G_8,lockin,0,0,QR未検出,,lockin,binary,,,8.848485,50,8,1,0.649161,,0.649161,frame_00000.png,frame_00116.png,r120_e60_f1.mp4,120 Hz,1/60,蛍光灯あり,58.848 fps,120,60,1,13,rice,G,G,8,,,frame_00000.png,frame_00116.png,QR未検出,117,1.988157
rice_G_8,lockin,0,0,QR未検出,,lockin,binary,,,8.848485,70,8,1,0.649161,,0.649161,frame_00000.png,frame_00116.png,r120_e60_f1.mp4,120 Hz,1/60,蛍光灯あり,58.848 fps,120,60,1,13,rice,G,G,8,,,frame_00000.png,frame_00116.png,QR未検出,117,1.988157
rice_G_8,lockin,0,0,QR未検出,,lockin,binary,,,8.848485,901,8,1,0.625964,,0.625964,frame_00000.png,frame_00116.png,r120_e60_f1.mp4,120 Hz,1/60,蛍光灯あり,58.848 fps,120,60,1,13,rice,G,G,8,,,frame_00000.png,frame_00116.png,QR未検出,117,1.988157
rice_G_8,lockin,0,0,QR未検出,,lockin,binary,,,8.848485,902,8,1,0.594022,,0.594022,frame_00000.png,frame_00116.png,r120_e60_f1.mp4,120 Hz,1/60,蛍光灯あり,58.848 fps,120,60,1,13,rice,G,G,8,,,frame_00000.png,frame_00116.png,QR未検出,117,1.988157
rice_G_8,lockin,0,0,QR未検出,,lockin,binary,,,14.424243,30,8,1,0.649011,,0.649011,frame_00000.png,frame_00116.png,r120_e60_f1.mp4,120 Hz,1/60,蛍光灯あり,58.848 fps,120,60,1,13,rice,G,G,8,,,frame_00000.png,frame_00116.png,QR未検出,117,1.988157
rice_G_8,lockin,0,0,QR未検出,,lockin,binary,,,14.424243,50,8,1,0.649161,,0.649161,frame_00000.png,frame_00116.png,r120_e60_f1.mp4,120 Hz,1/60,蛍光灯あり,58.848 fps,120,60,1,13,rice,G,G,8,,,frame_00000.png,frame_00116.png,QR未検出,117,1.988157
rice_G_8,lockin,0,0,QR未検出,,lockin,binary,,,14.424243,70,8,1,0.649161,,0.649161,frame_00000.png,frame_00116.png,r120_e60_f1.mp4,120 Hz,1/60,蛍光灯あり,58.848 fps,120,60,1,13,rice,G,G,8,,,frame_00000.png,frame_00116.png,QR未検出,117,1.988157
rice_G_8,lockin,0,0,QR未検出,,lockin,binary,,,14.424243,901,8,1,0.629182,,0.629182,frame_00000.png,frame_00116.png,r120_e60_f1.mp4,120 Hz,1/60,蛍光灯あり,58.848 fps,120,60,1,13,rice,G,G,8,,,frame_00000.png,frame_00116.png,QR未検出,117,1.988157
rice_G_8,lockin,0,0,QR未検出,,lockin,binary,,,14.424243,902,8,1,0.591756,,0.591756,frame_00000.png,frame_00116.png,r120_e60_f1.mp4,120 Hz,1/60,蛍光灯あり,58.848 fps,120,60,1,13,rice,G,G,8,,,frame_00000.png,frame_00116.png,QR未検出,117,1.988157
rice_G_8,lockin,0,0,QR未検出,,lockin,binary,,,27.696970,30,8,1,0.649123,,0.649123,frame_00000.png,frame_00116.png,r120_e60_f1.mp4,120 Hz,1/60,蛍光灯あり,58.848 fps,120,60,1,13,rice,G,G,8,,,frame_00000.png,frame_00116.png,QR未検出,117,1.988157
rice_G_8,lockin,1,0,QR未検出,,lockin,binary,,,27.696970,50,8,1,0.649238,,0.649238,frame_00000.png,frame_00116.png,r120_e60_f1.mp4,120 Hz,1/60,蛍光灯あり,58.848 fps,120,60,1,13,rice,G,G,8,,,frame_00000.png,frame_00116.png,QR未検出,117,1.988157
rice_G_8,lockin,0,0,QR未検出,,lockin,binary,,,27.696970,70,8,1,0.649238,,0.649238,frame_00000.png,frame_00116.png,r120_e60_f1.mp4,120 Hz,1/60,蛍光灯あり,58.848 fps,120,60,1,13,rice,G,G,8,,,frame_00000.png,frame_00116.png,QR未検出,117,1.988157
rice_G_8,lockin,0,0,QR未検出,,lockin,binary,,,27.696970,901,8,1,0.630767,,0.630767,frame_00000.png,frame_00116.png,r120_e60_f1.mp4,120 Hz,1/60,蛍光灯あり,58.848 fps,120,60,1,13,rice,G,G,8,,,frame_00000.png,frame_00116.png,QR未検出,117,1.988157
rice_G_8,lockin,0,0,QR未検出,,lockin,binary,,,27.696970,902,8,1,0.619522,,0.619522,frame_00000.png,frame_00116.png,r120_e60_f1.mp4,120 Hz,1/60,蛍光灯あり,58.848 fps,120,60,1,13,rice,G,G,8,,,frame_00000.png,frame_00116.png,QR未検出,117,1.988157
rice_G_8,lockin,0,0,QR未検出,,lockin,binary,,,28.848485,30,8,1,0.649070,,0.649070,frame_00000.png,frame_00116.png,r120_e60_f1.mp4,120 Hz,1/60,蛍光灯あり,58.848 fps,120,60,1,13,rice,G,G,8,,,frame_00000.png,frame_00116.png,QR未検出,117,1.988157
rice_G_8,lockin,0,0,QR未検出,,lockin,binary,,,28.848485,50,8,1,0.649154,,0.649154,frame_00000.png,frame_00116.png,r120_e60_f1.mp4,120 Hz,1/60,蛍光灯あり,58.848 fps,120,60,1,13,rice,G,G,8,,,frame_00000.png,frame_00116.png,QR未検出,117,1.988157
rice_G_8,lockin,0,0,QR未検出,,lockin,binary,,,28.848485,70,8,1,0.649161,,0.649161,frame_00000.png,frame_00116.png,r120_e60_f1.mp4,120 Hz,1/60,蛍光灯あり,58.848 fps,120,60,1,13,rice,G,G,8,,,frame_00000.png,frame_00116.png,QR未検出,117,1.988157
rice_G_8,lockin,0,0,QR未検出,,lockin,binary,,,28.848485,901,8,1,0.627429,,0.627429,frame_00000.png,frame_00116.png,r120_e60_f1.mp4,120 Hz,1/60,蛍光灯あり,58.848 fps,120,60,1,13,rice,G,G,8,,,frame_00000.png,frame_00116.png,QR未検出,117,1.988157
rice_G_8,lockin,0,0,QR未検出,,lockin,binary,,,28.848485,902,8,1,0.623271,,0.623271,frame_00000.png,frame_00116.png,r120_e60_f1.mp4,120 Hz,1/60,蛍光灯あり,58.848 fps,120,60,1,13,rice,G,G,8,,,frame_00000.png,frame_00116.png,QR未検出,117,1.988157
rice_I_12,lockin,0,0,QR未検出,,lockin,binary,,,8.848485,30,8,1,0.648843,,0.648843,frame_00000.png,frame_00116.png,r120_e60_f1.mp4,120 Hz,1/60,蛍光灯あり,58.848 fps,120,60,1,38,rice,min,I,12,,,frame_00000.png,frame_00116.png,QR未検出,117,1.988157
rice_I_12,lockin,0,0,QR未検出,,lockin,binary,,,8.848485,50,8,1,0.649121,,0.649121,frame_00000.png,frame_00116.png,r120_e60_f1.mp4,120 Hz,1/60,蛍光灯あり,58.848 fps,120,60,1,38,rice,min,I,12,,,frame_00000.png,frame_00116.png,QR未検出,117,1.988157
rice_I_12,lockin,0,0,QR未検出,,lockin,binary,,,8.848485,70,8,1,0.649161,,0.649161,frame_00000.png,frame_00116.png,r120_e60_f1.mp4,120 Hz,1/60,蛍光灯あり,58.848 fps,120,60,1,38,rice,min,I,12,,,frame_00000.png,frame_00116.png,QR未検出,117,1.988157
rice_I_12,lockin,0,0,QR未検出,,lockin,binary,,,8.848485,901,8,1,0.618722,,0.618722,frame_00000.png,frame_00116.png,r120_e60_f1.mp4,120 Hz,1/60,蛍光灯あり,58.848 fps,120,60,1,38,rice,min,I,12,,,frame_00000.png,frame_00116.png,QR未検出,117,1.988157
rice_I_12,lockin,0,0,QR未検出,,lockin,binary,,,8.848485,902,8,1,0.553788,,0.553788,frame_00000.png,frame_00116.png,r120_e60_f1.mp4,120 Hz,1/60,蛍光灯あり,58.848 fps,120,60,1,38,rice,min,I,12,,,frame_00000.png,frame_00116.png,QR未検出,117,1.988157
rice_I_12,lockin,0,0,QR未検出,,lockin,binary,,,14.424243,30,8,1,0.649084,,0.649084,frame_00000.png,frame_00116.png,r120_e60_f1.mp4,120 Hz,1/60,蛍光灯あり,58.848 fps,120,60,1,38,rice,min,I,12,,,frame_00000.png,frame_00116.png,QR未検出,117,1.988157
rice_I_12,lockin,0,0,QR未検出,,lockin,binary,,,14.424243,50,8,1,0.649161,,0.649161,frame_00000.png,frame_00116.png,r120_e60_f1.mp4,120 Hz,1/60,蛍光灯あり,58.848 fps,120,60,1,38,rice,min,I,12,,,frame_00000.png,frame_00116.png,QR未検出,117,1.988157
rice_I_12,lockin,0,0,QR未検出,,lockin,binary,,,14.424243,70,8,1,0.649161,,0.649161,frame_00000.png,frame_00116.png,r120_e60_f1.mp4,120 Hz,1/60,蛍光灯あり,58.848 fps,120,60,1,38,rice,min,I,12,,,frame_00000.png,frame_00116.png,QR未検出,117,1.988157
rice_I_12,lockin,0,0,QR未検出,,lockin,binary,,,14.424243,901,8,1,0.621315,,0.621315,frame_00000.png,frame_00116.png,r120_e60_f1.mp4,120 Hz,1/60,蛍光灯あり,58.848 fps,120,60,1,38,rice,min,I,12,,,frame_00000.png,frame_00116.png,QR未検出,117,1.988157
rice_I_12,lockin,0,0,QR未検出,,lockin,binary,,,14.424243,902,8,1,0.611202,,0.611202,frame_00000.png,frame_00116.png,r120_e60_f1.mp4,120 Hz,1/60,蛍光灯あり,58.848 fps,120,60,1,38,rice,min,I,12,,,frame_00000.png,frame_00116.png,QR未検出,117,1.988157
rice_I_12,lockin,0,0,QR未検出,,lockin,binary,,,27.696970,30,8,1,0.648489,,0.648489,frame_00000.png,frame_00116.png,r120_e60_f1.mp4,120 Hz,1/60,蛍光灯あり,58.848 fps,120,60,1,38,rice,min,I,12,,,frame_00000.png,frame_00116.png,QR未検出,117,1.988157
rice_I_12,lockin,0,0,QR未検出,,lockin,binary,,,27.696970,50,8,1,0.649126,,0.649126,frame_00000.png,frame_00116.png,r120_e60_f1.mp4,120 Hz,1/60,蛍光灯あり,58.848 fps,120,60,1,38,rice,min,I,12,,,frame_00000.png,frame_00116.png,QR未検出,117,1.988157
rice_I_12,lockin,0,0,QR未検出,,lockin,binary,,,27.696970,70,8,1,0.649119,,0.649119,frame_00000.png,frame_00116.png,r120_e60_f1.mp4,120 Hz,1/60,蛍光灯あり,58.848 fps,120,60,1,38,rice,min,I,12,,,frame_00000.png,frame_00116.png,QR未検出,117,1.988157
rice_I_12,lockin,0,0,QR未検出,,lockin,binary,,,27.696970,901,8,1,0.625275,,0.625275,frame_00000.png,frame_00116.png,r120_e60_f1.mp4,120 Hz,1/60,蛍光灯あり,58.848 fps,120,60,1,38,rice,min,I,12,,,frame_00000.png,frame_00116.png,QR未検出,117,1.988157
rice_I_12,lockin,0,0,QR未検出,,lockin,binary,,,27.696970,902,8,1,0.604018,,0.604018,frame_00000.png,frame_00116.png,r120_e60_f1.mp4,120 Hz,1/60,蛍光灯あり,58.848 fps,120,60,1,38,rice,min,I,12,,,frame_00000.png,frame_00116.png,QR未検出,117,1.988157
rice_I_12,lockin,0,0,QR未検出,,lockin,binary,,,28.848485,30,8,1,0.648439,,0.648439,frame_00000.png,frame_00116.png,r120_e60_f1.mp4,120 Hz,1/60,蛍光灯あり,58.848 fps,120,60,1,38,rice,min,I,12,,,frame_00000.png,frame_00116.png,QR未検出,117,1.988157
rice_I_12,lockin,0,0,QR未検出,,lockin,binary,,,28.848485,50,8,1,0.648990,,0.648990,frame_00000.png,frame_00116.png,r120_e60_f1.mp4,120 Hz,1/60,蛍光灯あり,58.848 fps,120,60,1,38,rice,min,I,12,,,frame_00000.png,frame_00116.png,QR未検出,117,1.988157
rice_I_12,lockin,1,0,QR未検出,,lockin,binary,,,28.848485,70,8,1,0.649173,,0.649173,frame_00000.png,frame_00116.png,r120_e60_f1.mp4,120 Hz,1/60,蛍光灯あり,58.848 fps,120,60,1,38,rice,min,I,12,,,frame_00000.png,frame_00116.png,QR未検出,117,1.988157
rice_I_12,lockin,0,0,QR未検出,,lockin,binary,,,28.848485,901,8,1,0.627873,,0.627873,frame_00000.png,frame_00116.png,r120_e60_f1.mp4,120 Hz,1/60,蛍光灯あり,58.848 fps,120,60,1,38,rice,min,I,12,,,frame_00000.png,frame_00116.png,QR未検出,117,1.988157
rice_I_12,lockin,0,0,QR未検出,,lockin,binary,,,28.848485,902,8,1,0.592048,,0.592048,frame_00000.png,frame_00116.png,r120_e60_f1.mp4,120 Hz,1/60,蛍光灯あり,58.848 fps,120,60,1,38,rice,min,I,12,,,frame_00000.png,frame_00116.png,QR未検出,117,1.988157
rice_I_4,lockin,0,0,QR未検出,,lockin,binary,,,8.848485,30,8,1,0.648990,,0.648990,frame_00000.png,frame_00116.png,r120_e60_f1.mp4,120 Hz,1/60,蛍光灯あり,58.848 fps,120,60,1,36,rice,min,I,4,,,frame_00000.png,frame_00116.png,QR未検出,117,1.988157
rice_I_4,lockin,0,0,QR未検出,,lockin,binary,,,8.848485,50,8,1,0.649144,,0.649144,frame_00000.png,frame_00116.png,r120_e60_f1.mp4,120 Hz,1/60,蛍光灯あり,58.848 fps,120,60,1,36,rice,min,I,4,,,frame_00000.png,frame_00116.png,QR未検出,117,1.988157
rice_I_4,lockin,1,0,QR未検出,,lockin,binary,,,8.848485,70,8,1,0.649161,,0.649161,frame_00000.png,frame_00116.png,r120_e60_f1.mp4,120 Hz,1/60,蛍光灯あり,58.848 fps,120,60,1,36,rice,min,I,4,,,frame_00000.png,frame_00116.png,QR未検出,117,1.988157
rice_I_4,lockin,0,0,QR未検出,,lockin,binary,,,8.848485,901,8,1,0.619886,,0.619886,frame_00000.png,frame_00116.png,r120_e60_f1.mp4,120 Hz,1/60,蛍光灯あり,58.848 fps,120,60,1,36,rice,min,I,4,,,frame_00000.png,frame_00116.png,QR未検出,117,1.988157
rice_I_4,lockin,0,0,QR未検出,,lockin,binary,,,8.848485,902,8,1,0.535548,,0.535548,frame_00000.png,frame_00116.png,r120_e60_f1.mp4,120 Hz,1/60,蛍光灯あり,58.848 fps,120,60,1,36,rice,min,I,4,,,frame_00000.png,frame_00116.png,QR未検出,117,1.988157
rice_I_4,lockin,0,0,QR未検出,,lockin,binary,,,14.424243,30,8,1,0.648951,,0.648951,frame_00000.png,frame_00116.png,r120_e60_f1.mp4,120 Hz,1/60,蛍光灯あり,58.848 fps,120,60,1,36,rice,min,I,4,,,frame_00000.png,frame_00116.png,QR未検出,117,1.988157
rice_I_4,lockin,0,0,QR未検出,,lockin,binary,,,14.424243,50,8,1,0.649084,,0.649084,frame_00000.png,frame_00116.png,r120_e60_f1.mp4,120 Hz,1/60,蛍光灯あり,58.848 fps,120,60,1,36,rice,min,I,4,,,frame_00000.png,frame_00116.png,QR未検出,117,1.988157
rice_I_4,lockin,0,0,QR未検出,,lockin,binary,,,14.424243,70,8,1,0.649084,,0.649084,frame_00000.png,frame_00116.png,r120_e60_f1.mp4,120 Hz,1/60,蛍光灯あり,58.848 fps,120,60,1,36,rice,min,I,4,,,frame_00000.png,frame_00116.png,QR未検出,117,1.988157
rice_I_4,lockin,0,0,QR未検出,,lockin,binary,,,14.424243,901,8,1,0.618880,,0.618880,frame_00000.png,frame_00116.png,r120_e60_f1.mp4,120 Hz,1/60,蛍光灯あり,58.848 fps,120,60,1,36,rice,min,I,4,,,frame_00000.png,frame_00116.png,QR未検出,117,1.988157
rice_I_4,lockin,0,0,QR未検出,,lockin,binary,,,14.424243,902,8,1,0.605659,,0.605659,frame_00000.png,frame_00116.png,r120_e60_f1.mp4,120 Hz,1/60,蛍光灯あり,58.848 fps,120,60,1,36,rice,min,I,4,,,frame_00000.png,frame_00116.png,QR未検出,117,1.988157
rice_I_4,lockin,0,0,QR未検出,,lockin,binary,,,27.696970,30,8,1,0.648383,,0.648383,frame_00000.png,frame_00116.png,r120_e60_f1.mp4,120 Hz,1/60,蛍光灯あり,58.848 fps,120,60,1,36,rice,min,I,4,,,frame_00000.png,frame_00116.png,QR未検出,117,1.988157
rice_I_4,lockin,0,0,QR未検出,,lockin,binary,,,27.696970,50,8,1,0.648949,,0.648949,frame_00000.png,frame_00116.png,r120_e60_f1.mp4,120 Hz,1/60,蛍光灯あり,58.848 fps,120,60,1,36,rice,min,I,4,,,frame_00000.png,frame_00116.png,QR未検出,117,1.988157
rice_I_4,lockin,0,0,QR未検出,,lockin,binary,,,27.696970,70,8,1,0.649128,,0.649128,frame_00000.png,frame_00116.png,r120_e60_f1.mp4,120 Hz,1/60,蛍光灯あり,58.848 fps,120,60,1,36,rice,min,I,4,,,frame_00000.png,frame_00116.png,QR未検出,117,1.988157
rice_I_4,lockin,0,0,QR未検出,,lockin,binary,,,27.696970,901,8,1,0.623952,,0.623952,frame_00000.png,frame_00116.png,r120_e60_f1.mp4,120 Hz,1/60,蛍光灯あり,58.848 fps,120,60,1,36,rice,min,I,4,,,frame_00000.png,frame_00116.png,QR未検出,117,1.988157
rice_I_4,lockin,0,0,QR未検出,,lockin,binary,,,27.696970,902,8,1,0.583508,,0.583508,frame_00000.png,frame_00116.png,r120_e60_f1.mp4,120 Hz,1/60,蛍光灯あり,58.848 fps,120,60,1,36,rice,min,I,4,,,frame_00000.png,frame_00116.png,QR未検出,117,1.988157
rice_I_4,lockin,0,0,QR未検出,,lockin,binary,,,28.848485,30,8,1,0.649056,,0.649056,frame_00000.png,frame_00116.png,r120_e60_f1.mp4,120 Hz,1/60,蛍光灯あり,58.848 fps,120,60,1,36,rice,min,I,4,,,frame_00000.png,frame_00116.png,QR未検出,117,1.988157
rice_I_4,lockin,0,0,QR未検出,,lockin,binary,,,28.848485,50,8,1,0.649084,,0.649084,frame_00000.png,frame_00116.png,r120_e60_f1.mp4,120 Hz,1/60,蛍光灯あり,58.848 fps,120,60,1,36,rice,min,I,4,,,frame_00000.png,frame_00116.png,QR未検出,117,1.988157
rice_I_4,lockin,0,0,QR未検出,,lockin,binary,,,28.848485,70,8,1,0.649084,,0.649084,frame_00000.png,frame_00116.png,r120_e60_f1.mp4,120 Hz,1/60,蛍光灯あり,58.848 fps,120,60,1,36,rice,min,I,4,,,frame_00000.png,frame_00116.png,QR未検出,117,1.988157
rice_I_4,lockin,0,0,QR未検出,,lockin,binary,,,28.848485,901,8,1,0.629764,,0.629764,frame_00000.png,frame_00116.png,r120_e60_f1.mp4,120 Hz,1/60,蛍光灯あり,58.848 fps,120,60,1,36,rice,min,I,4,,,frame_00000.png,frame_00116.png,QR未検出,117,1.988157
rice_I_4,lockin,0,0,QR未検出,,lockin,binary,,,28.848485,902,8,1,0.602284,,0.602284,frame_00000.png,frame_00116.png,r120_e60_f1.mp4,120 Hz,1/60,蛍光灯あり,58.848 fps,120,60,1,36,rice,min,I,4,,,frame_00000.png,frame_00116.png,QR未検出,117,1.988157
rice_I_8,lockin,0,0,QR未検出,,lockin,binary,,,8.848485,30,8,1,0.648764,,0.648764,frame_00000.png,frame_00116.png,r120_e60_f1.mp4,120 Hz,1/60,蛍光灯あり,58.848 fps,120,60,1,37,rice,min,I,8,,,frame_00000.png,frame_00116.png,QR未検出,117,1.988157
rice_I_8,lockin,0,0,QR未検出,,lockin,binary,,,8.848485,50,8,1,0.649046,,0.649046,frame_00000.png,frame_00116.png,r120_e60_f1.mp4,120 Hz,1/60,蛍光灯あり,58.848 fps,120,60,1,37,rice,min,I,8,,,frame_00000.png,frame_00116.png,QR未検出,117,1.988157
rice_I_8,lockin,0,0,QR未検出,,lockin,binary,,,8.848485,70,8,1,0.649152,,0.649152,frame_00000.png,frame_00116.png,r120_e60_f1.mp4,120 Hz,1/60,蛍光灯あり,58.848 fps,120,60,1,37,rice,min,I,8,,,frame_00000.png,frame_00116.png,QR未検出,117,1.988157
rice_I_8,lockin,0,0,QR未検出,,lockin,binary,,,8.848485,901,8,1,0.622988,,0.622988,frame_00000.png,frame_00116.png,r120_e60_f1.mp4,120 Hz,1/60,蛍光灯あり,58.848 fps,120,60,1,37,rice,min,I,8,,,frame_00000.png,frame_00116.png,QR未検出,117,1.988157
rice_I_8,lockin,0,0,QR未検出,,lockin,binary,,,8.848485,902,8,1,0.580303,,0.580303,frame_00000.png,frame_00116.png,r120_e60_f1.mp4,120 Hz,1/60,蛍光灯あり,58.848 fps,120,60,1,37,rice,min,I,8,,,frame_00000.png,frame_00116.png,QR未検出,117,1.988157
rice_I_8,lockin,0,0,QR未検出,,lockin,binary,,,14.424243,30,8,1,0.648696,,0.648696,frame_00000.png,frame_00116.png,r120_e60_f1.mp4,120 Hz,1/60,蛍光灯あり,58.848 fps,120,60,1,37,rice,min,I,8,,,frame_00000.png,frame_00116.png,QR未検出,117,1.988157
rice_I_8,lockin,0,0,QR未検出,,lockin,binary,,,14.424243,50,8,1,0.649032,,0.649032,frame_00000.png,frame_00116.png,r120_e60_f1.mp4,120 Hz,1/60,蛍光灯あり,58.848 fps,120,60,1,37,rice,min,I,8,,,frame_00000.png,frame_00116.png,QR未検出,117,1.988157
rice_I_8,lockin,0,0,QR未検出,,lockin,binary,,,14.424243,70,8,1,0.649117,,0.649117,frame_00000.png,frame_00116.png,r120_e60_f1.mp4,120 Hz,1/60,蛍光灯あり,58.848 fps,120,60,1,37,rice,min,I,8,,,frame_00000.png,frame_00116.png,QR未検出,117,1.988157
rice_I_8,lockin,0,0,QR未検出,,lockin,binary,,,14.424243,901,8,1,0.623985,,0.623985,frame_00000.png,frame_00116.png,r120_e60_f1.mp4,120 Hz,1/60,蛍光灯あり,58.848 fps,120,60,1,37,rice,min,I,8,,,frame_00000.png,frame_00116.png,QR未検出,117,1.988157
rice_I_8,lockin,0,0,QR未検出,,lockin,binary,,,14.424243,902,8,1,0.582336,,0.582336,frame_00000.png,frame_00116.png,r120_e60_f1.mp4,120 Hz,1/60,蛍光灯あり,58.848 fps,120,60,1,37,rice,min,I,8,,,frame_00000.png,frame_00116.png,QR未検出,117,1.988157
rice_I_8,lockin,0,0,QR未検出,,lockin,binary,,,27.696970,30,8,1,0.648489,,0.648489,frame_00000.png,frame_00116.png,r120_e60_f1.mp4,120 Hz,1/60,蛍光灯あり,58.848 fps,120,60,1,37,rice,min,I,8,,,frame_00000.png,frame_00116.png,QR未検出,117,1.988157
rice_I_8,lockin,0,0,QR未検出,,lockin,binary,,,27.696970,50,8,1,0.649033,,0.649033,frame_00000.png,frame_00116.png,r120_e60_f1.mp4,120 Hz,1/60,蛍光灯あり,58.848 fps,120,60,1,37,rice,min,I,8,,,frame_00000.png,frame_00116.png,QR未検出,117,1.988157
rice_I_8,lockin,1,0,QR未検出,,lockin,binary,,,27.696970,70,8,1,0.649161,,0.649161,frame_00000.png,frame_00116.png,r120_e60_f1.mp4,120 Hz,1/60,蛍光灯あり,58.848 fps,120,60,1,37,rice,min,I,8,,,frame_00000.png,frame_00116.png,QR未検出,117,1.988157
rice_I_8,lockin,0,0,QR未検出,,lockin,binary,,,27.696970,901,8,1,0.624311,,0.624311,frame_00000.png,frame_00116.png,r120_e60_f1.mp4,120 Hz,1/60,蛍光灯あり,58.848 fps,120,60,1,37,rice,min,I,8,,,frame_00000.png,frame_00116.png,QR未検出,117,1.988157
rice_I_8,lockin,0,0,QR未検出,,lockin,binary,,,27.696970,902,8,1,0.584847,,0.584847,frame_00000.png,frame_00116.png,r120_e60_f1.mp4,120 Hz,1/60,蛍光灯あり,58.848 fps,120,60,1,37,rice,min,I,8,,,frame_00000.png,frame_00116.png,QR未検出,117,1.988157
rice_I_8,lockin,0,0,QR未検出,,lockin,binary,,,28.848485,30,8,1,0.648544,,0.648544,frame_00000.png,frame_00116.png,r120_e60_f1.mp4,120 Hz,1/60,蛍光灯あり,58.848 fps,120,60,1,37,rice,min,I,8,,,frame_00000.png,frame_00116.png,QR未検出,117,1.988157
rice_I_8,lockin,0,0,QR未検出,,lockin,binary,,,28.848485,50,8,1,0.649026,,0.649026,frame_00000.png,frame_00116.png,r120_e60_f1.mp4,120 Hz,1/60,蛍光灯あり,58.848 fps,120,60,1,37,rice,min,I,8,,,frame_00000.png,frame_00116.png,QR未検出,117,1.988157
rice_I_8,lockin,0,0,QR未検出,,lockin,binary,,,28.848485,70,8,1,0.649037,,0.649037,frame_00000.png,frame_00116.png,r120_e60_f1.mp4,120 Hz,1/60,蛍光灯あり,58.848 fps,120,60,1,37,rice,min,I,8,,,frame_00000.png,frame_00116.png,QR未検出,117,1.988157
rice_I_8,lockin,0,0,QR未検出,,lockin,binary,,,28.848485,901,8,1,0.627896,,0.627896,frame_00000.png,frame_00116.png,r120_e60_f1.mp4,120 Hz,1/60,蛍光灯あり,58.848 fps,120,60,1,37,rice,min,I,8,,,frame_00000.png,frame_00116.png,QR未検出,117,1.988157
rice_I_8,lockin,0,0,QR未検出,,lockin,binary,,,28.848485,902,8,1,0.597467,,0.597467,frame_00000.png,frame_00116.png,r120_e60_f1.mp4,120 Hz,1/60,蛍光灯あり,58.848 fps,120,60,1,37,rice,min,I,8,,,frame_00000.png,frame_00116.png,QR未検出,117,1.988157
rice_R_12,lockin,0,0,QR未検出,,lockin,binary,,,8.848485,30,8,1,0.648514,,0.648514,frame_00000.png,frame_00116.png,r120_e60_f1.mp4,120 Hz,1/60,蛍光灯あり,58.848 fps,120,60,1,2,rice,R,R,12,,,frame_00000.png,frame_00116.png,QR未検出,117,1.988157
rice_R_12,lockin,0,0,QR未検出,,lockin,binary,,,8.848485,50,8,1,0.649086,,0.649086,frame_00000.png,frame_00116.png,r120_e60_f1.mp4,120 Hz,1/60,蛍光灯あり,58.848 fps,120,60,1,2,rice,R,R,12,,,frame_00000.png,frame_00116.png,QR未検出,117,1.988157
rice_R_12,lockin,0,0,QR未検出,,lockin,binary,,,8.848485,70,8,1,0.649161,,0.649161,frame_00000.png,frame_00116.png,r120_e60_f1.mp4,120 Hz,1/60,蛍光灯あり,58.848 fps,120,60,1,2,rice,R,R,12,,,frame_00000.png,frame_00116.png,QR未検出,117,1.988157
rice_R_12,lockin,0,0,QR未検出,,lockin,binary,,,8.848485,901,8,1,0.621511,,0.621511,frame_00000.png,frame_00116.png,r120_e60_f1.mp4,120 Hz,1/60,蛍光灯あり,58.848 fps,120,60,1,2,rice,R,R,12,,,frame_00000.png,frame_00116.png,QR未検出,117,1.988157
rice_R_12,lockin,0,0,QR未検出,,lockin,binary,,,8.848485,902,8,1,0.544410,,0.544410,frame_00000.png,frame_00116.png,r120_e60_f1.mp4,120 Hz,1/60,蛍光灯あり,58.848 fps,120,60,1,2,rice,R,R,12,,,frame_00000.png,frame_00116.png,QR未検出,117,1.988157
rice_R_12,lockin,0,0,QR未検出,,lockin,binary,,,14.424243,30,8,1,0.649014,,0.649014,frame_00000.png,frame_00116.png,r120_e60_f1.mp4,120 Hz,1/60,蛍光灯あり,58.848 fps,120,60,1,2,rice,R,R,12,,,frame_00000.png,frame_00116.png,QR未検出,117,1.988157
rice_R_12,lockin,1,0,QR未検出,,lockin,binary,,,14.424243,50,8,1,0.649161,,0.649161,frame_00000.png,frame_00116.png,r120_e60_f1.mp4,120 Hz,1/60,蛍光灯あり,58.848 fps,120,60,1,2,rice,R,R,12,,,frame_00000.png,frame_00116.png,QR未検出,117,1.988157
rice_R_12,lockin,0,0,QR未検出,,lockin,binary,,,14.424243,70,8,1,0.649161,,0.649161,frame_00000.png,frame_00116.png,r120_e60_f1.mp4,120 Hz,1/60,蛍光灯あり,58.848 fps,120,60,1,2,rice,R,R,12,,,frame_00000.png,frame_00116.png,QR未検出,117,1.988157
rice_R_12,lockin,0,0,QR未検出,,lockin,binary,,,14.424243,901,8,1,0.622375,,0.622375,frame_00000.png,frame_00116.png,r120_e60_f1.mp4,120 Hz,1/60,蛍光灯あり,58.848 fps,120,60,1,2,rice,R,R,12,,,frame_00000.png,frame_00116.png,QR未検出,117,1.988157
rice_R_12,lockin,0,0,QR未検出,,lockin,binary,,,14.424243,902,8,1,0.612775,,0.612775,frame_00000.png,frame_00116.png,r120_e60_f1.mp4,120 Hz,1/60,蛍光灯あり,58.848 fps,120,60,1,2,rice,R,R,12,,,frame_00000.png,frame_00116.png,QR未検出,117,1.988157
rice_R_12,lockin,0,0,QR未検出,,lockin,binary,,,27.696970,30,8,1,0.648955,,0.648955,frame_00000.png,frame_00116.png,r120_e60_f1.mp4,120 Hz,1/60,蛍光灯あり,58.848 fps,120,60,1,2,rice,R,R,12,,,frame_00000.png,frame_00116.png,QR未検出,117,1.988157
rice_R_12,lockin,0,0,QR未検出,,lockin,binary,,,27.696970,50,8,1,0.649103,,0.649103,frame_00000.png,frame_00116.png,r120_e60_f1.mp4,120 Hz,1/60,蛍光灯あり,58.848 fps,120,60,1,2,rice,R,R,12,,,frame_00000.png,frame_00116.png,QR未検出,117,1.988157
rice_R_12,lockin,0,0,QR未検出,,lockin,binary,,,27.696970,70,8,1,0.649161,,0.649161,frame_00000.png,frame_00116.png,r120_e60_f1.mp4,120 Hz,1/60,蛍光灯あり,58.848 fps,120,60,1,2,rice,R,R,12,,,frame_00000.png,frame_00116.png,QR未検出,117,1.988157
rice_R_12,lockin,0,0,QR未検出,,lockin,binary,,,27.696970,901,8,1,0.619238,,0.619238,frame_00000.png,frame_00116.png,r120_e60_f1.mp4,120 Hz,1/60,蛍光灯あり,58.848 fps,120,60,1,2,rice,R,R,12,,,frame_00000.png,frame_00116.png,QR未検出,117,1.988157
rice_R_12,lockin,0,0,QR未検出,,lockin,binary,,,27.696970,902,8,1,0.600835,,0.600835,frame_00000.png,frame_00116.png,r120_e60_f1.mp4,120 Hz,1/60,蛍光灯あり,58.848 fps,120,60,1,2,rice,R,R,12,,,frame_00000.png,frame_00116.png,QR未検出,117,1.988157
rice_R_12,lockin,0,0,QR未検出,,lockin,binary,,,28.848485,30,8,1,0.648797,,0.648797,frame_00000.png,frame_00116.png,r120_e60_f1.mp4,120 Hz,1/60,蛍光灯あり,58.848 fps,120,60,1,2,rice,R,R,12,,,frame_00000.png,frame_00116.png,QR未検出,117,1.988157
rice_R_12,lockin,0,0,QR未検出,,lockin,binary,,,28.848485,50,8,1,0.649161,,0.649161,frame_00000.png,frame_00116.png,r120_e60_f1.mp4,120 Hz,1/60,蛍光灯あり,58.848 fps,120,60,1,2,rice,R,R,12,,,frame_00000.png,frame_00116.png,QR未検出,117,1.988157
rice_R_12,lockin,0,0,QR未検出,,lockin,binary,,,28.848485,70,8,1,0.649161,,0.649161,frame_00000.png,frame_00116.png,r120_e60_f1.mp4,120 Hz,1/60,蛍光灯あり,58.848 fps,120,60,1,2,rice,R,R,12,,,frame_00000.png,frame_00116.png,QR未検出,117,1.988157
rice_R_12,lockin,0,0,QR未検出,,lockin,binary,,,28.848485,901,8,1,0.627591,,0.627591,frame_00000.png,frame_00116.png,r120_e60_f1.mp4,120 Hz,1/60,蛍光灯あり,58.848 fps,120,60,1,2,rice,R,R,12,,,frame_00000.png,frame_00116.png,QR未検出,117,1.988157
rice_R_12,lockin,0,0,QR未検出,,lockin,binary,,,28.848485,902,8,1,0.602622,,0.602622,frame_00000.png,frame_00116.png,r120_e60_f1.mp4,120 Hz,1/60,蛍光灯あり,58.848 fps,120,60,1,2,rice,R,R,12,,,frame_00000.png,frame_00116.png,QR未検出,117,1.988157
rice_R_4,lockin,0,0,QR未検出,,lockin,binary,,,8.848485,30,8,1,0.649075,,0.649075,frame_00000.png,frame_00116.png,r120_e60_f1.mp4,120 Hz,1/60,蛍光灯あり,58.848 fps,120,60,1,0,rice,R,R,4,,,frame_00000.png,frame_00116.png,QR未検出,117,1.988157
rice_R_4,lockin,0,0,QR未検出,,lockin,binary,,,8.848485,50,8,1,0.649161,,0.649161,frame_00000.png,frame_00116.png,r120_e60_f1.mp4,120 Hz,1/60,蛍光灯あり,58.848 fps,120,60,1,0,rice,R,R,4,,,frame_00000.png,frame_00116.png,QR未検出,117,1.988157
rice_R_4,lockin,0,0,QR未検出,,lockin,binary,,,8.848485,70,8,1,0.649161,,0.649161,frame_00000.png,frame_00116.png,r120_e60_f1.mp4,120 Hz,1/60,蛍光灯あり,58.848 fps,120,60,1,0,rice,R,R,4,,,frame_00000.png,frame_00116.png,QR未検出,117,1.988157
rice_R_4,lockin,0,0,QR未検出,,lockin,binary,,,8.848485,901,8,1,0.626359,,0.626359,frame_00000.png,frame_00116.png,r120_e60_f1.mp4,120 Hz,1/60,蛍光灯あり,58.848 fps,120,60,1,0,rice,R,R,4,,,frame_00000.png,frame_00116.png,QR未検出,117,1.988157
rice_R_4,lockin,0,0,QR未検出,,lockin,binary,,,8.848485,902,8,1,0.582495,,0.582495,frame_00000.png,frame_00116.png,r120_e60_f1.mp4,120 Hz,1/60,蛍光灯あり,58.848 fps,120,60,1,0,rice,R,R,4,,,frame_00000.png,frame_00116.png,QR未検出,117,1.988157
rice_R_4,lockin,0,0,QR未検出,,lockin,binary,,,14.424243,30,8,1,0.649065,,0.649065,frame_00000.png,frame_00116.png,r120_e60_f1.mp4,120 Hz,1/60,蛍光灯あり,58.848 fps,120,60,1,0,rice,R,R,4,,,frame_00000.png,frame_00116.png,QR未検出,117,1.988157
rice_R_4,lockin,0,0,QR未検出,,lockin,binary,,,14.424243,50,8,1,0.649112,,0.649112,frame_00000.png,frame_00116.png,r120_e60_f1.mp4,120 Hz,1/60,蛍光灯あり,58.848 fps,120,60,1,0,rice,R,R,4,,,frame_00000.png,frame_00116.png,QR未検出,117,1.988157
rice_R_4,lockin,0,0,QR未検出,,lockin,binary,,,14.424243,70,8,1,0.649135,,0.649135,frame_00000.png,frame_00116.png,r120_e60_f1.mp4,120 Hz,1/60,蛍光灯あり,58.848 fps,120,60,1,0,rice,R,R,4,,,frame_00000.png,frame_00116.png,QR未検出,117,1.988157
rice_R_4,lockin,0,0,QR未検出,,lockin,binary,,,14.424243,901,8,1,0.621040,,0.621040,frame_00000.png,frame_00116.png,r120_e60_f1.mp4,120 Hz,1/60,蛍光灯あり,58.848 fps,120,60,1,0,rice,R,R,4,,,frame_00000.png,frame_00116.png,QR未検出,117,1.988157
rice_R_4,lockin,0,0,QR未検出,,lockin,binary,,,14.424243,902,8,1,0.617032,,0.617032,frame_00000.png,frame_00116.png,r120_e60_f1.mp4,120 Hz,1/60,蛍光灯あり,58.848 fps,120,60,1,0,rice,R,R,4,,,frame_00000.png,frame_00116.png,QR未検出,117,1.988157
rice_R_4,lockin,0,0,QR未検出,,lockin,binary,,,27.696970,30,8,1,0.649149,,0.649149,frame_00000.png,frame_00116.png,r120_e60_f1.mp4,120 Hz,1/60,蛍光灯あり,58.848 fps,120,60,1,0,rice,R,R,4,,,frame_00000.png,frame_00116.png,QR未検出,117,1.988157
rice_R_4,lockin,0,0,QR未検出,,lockin,binary,,,27.696970,50,8,1,0.649112,,0.649112,frame_00000.png,frame_00116.png,r120_e60_f1.mp4,120 Hz,1/60,蛍光灯あり,58.848 fps,120,60,1,0,rice,R,R,4,,,frame_00000.png,frame_00116.png,QR未検出,117,1.988157
rice_R_4,lockin,0,0,QR未検出,,lockin,binary,,,27.696970,70,8,1,0.649112,,0.649112,frame_00000.png,frame_00116.png,r120_e60_f1.mp4,120 Hz,1/60,蛍光灯あり,58.848 fps,120,60,1,0,rice,R,R,4,,,frame_00000.png,frame_00116.png,QR未検出,117,1.988157
rice_R_4,lockin,0,0,QR未検出,,lockin,binary,,,27.696970,901,8,1,0.624321,,0.624321,frame_00000.png,frame_00116.png,r120_e60_f1.mp4,120 Hz,1/60,蛍光灯あり,58.848 fps,120,60,1,0,rice,R,R,4,,,frame_00000.png,frame_00116.png,QR未検出,117,1.988157
rice_R_4,lockin,0,0,QR未検出,,lockin,binary,,,27.696970,902,8,1,0.621581,,0.621581,frame_00000.png,frame_00116.png,r120_e60_f1.mp4,120 Hz,1/60,蛍光灯あり,58.848 fps,120,60,1,0,rice,R,R,4,,,frame_00000.png,frame_00116.png,QR未検出,117,1.988157
rice_R_4,lockin,1,0,QR未検出,,lockin,binary,,,28.848485,30,8,1,0.649201,,0.649201,frame_00000.png,frame_00116.png,r120_e60_f1.mp4,120 Hz,1/60,蛍光灯あり,58.848 fps,120,60,1,0,rice,R,R,4,,,frame_00000.png,frame_00116.png,QR未検出,117,1.988157
rice_R_4,lockin,0,0,QR未検出,,lockin,binary,,,28.848485,50,8,1,0.649201,,0.649201,frame_00000.png,frame_00116.png,r120_e60_f1.mp4,120 Hz,1/60,蛍光灯あり,58.848 fps,120,60,1,0,rice,R,R,4,,,frame_00000.png,frame_00116.png,QR未検出,117,1.988157
rice_R_4,lockin,0,0,QR未検出,,lockin,binary,,,28.848485,70,8,1,0.649161,,0.649161,frame_00000.png,frame_00116.png,r120_e60_f1.mp4,120 Hz,1/60,蛍光灯あり,58.848 fps,120,60,1,0,rice,R,R,4,,,frame_00000.png,frame_00116.png,QR未検出,117,1.988157
rice_R_4,lockin,0,0,QR未検出,,lockin,binary,,,28.848485,901,8,1,0.629589,,0.629589,frame_00000.png,frame_00116.png,r120_e60_f1.mp4,120 Hz,1/60,蛍光灯あり,58.848 fps,120,60,1,0,rice,R,R,4,,,frame_00000.png,frame_00116.png,QR未検出,117,1.988157
rice_R_4,lockin,0,0,QR未検出,,lockin,binary,,,28.848485,902,8,1,0.574541,,0.574541,frame_00000.png,frame_00116.png,r120_e60_f1.mp4,120 Hz,1/60,蛍光灯あり,58.848 fps,120,60,1,0,rice,R,R,4,,,frame_00000.png,frame_00116.png,QR未検出,117,1.988157
rice_R_8,lockin,0,0,QR未検出,,lockin,binary,,,8.848485,30,8,1,0.649156,,0.649156,frame_00000.png,frame_00116.png,r120_e60_f1.mp4,120 Hz,1/60,蛍光灯あり,58.848 fps,120,60,1,1,rice,R,R,8,,,frame_00000.png,frame_00116.png,QR未検出,117,1.988157
rice_R_8,lockin,0,0,QR未検出,,lockin,binary,,,8.848485,50,8,1,0.649161,,0.649161,frame_00000.png,frame_00116.png,r120_e60_f1.mp4,120 Hz,1/60,蛍光灯あり,58.848 fps,120,60,1,1,rice,R,R,8,,,frame_00000.png,frame_00116.png,QR未検出,117,1.988157
rice_R_8,lockin,0,0,QR未検出,,lockin,binary,,,8.848485,70,8,1,0.649161,,0.649161,frame_00000.png,frame_00116.png,r120_e60_f1.mp4,120 Hz,1/60,蛍光灯あり,58.848 fps,120,60,1,1,rice,R,R,8,,,frame_00000.png,frame_00116.png,QR未検出,117,1.988157
rice_R_8,lockin,0,0,QR未検出,,lockin,binary,,,8.848485,901,8,1,0.623719,,0.623719,frame_00000.png,frame_00116.png,r120_e60_f1.mp4,120 Hz,1/60,蛍光灯あり,58.848 fps,120,60,1,1,rice,R,R,8,,,frame_00000.png,frame_00116.png,QR未検出,117,1.988157
rice_R_8,lockin,0,0,QR未検出,,lockin,binary,,,8.848485,902,8,1,0.591133,,0.591133,frame_00000.png,frame_00116.png,r120_e60_f1.mp4,120 Hz,1/60,蛍光灯あり,58.848 fps,120,60,1,1,rice,R,R,8,,,frame_00000.png,frame_00116.png,QR未検出,117,1.988157
rice_R_8,lockin,0,0,QR未検出,,lockin,binary,,,14.424243,30,8,1,0.648888,,0.648888,frame_00000.png,frame_00116.png,r120_e60_f1.mp4,120 Hz,1/60,蛍光灯あり,58.848 fps,120,60,1,1,rice,R,R,8,,,frame_00000.png,frame_00116.png,QR未検出,117,1.988157
rice_R_8,lockin,0,0,QR未検出,,lockin,binary,,,14.424243,50,8,1,0.649161,,0.649161,frame_00000.png,frame_00116.png,r120_e60_f1.mp4,120 Hz,1/60,蛍光灯あり,58.848 fps,120,60,1,1,rice,R,R,8,,,frame_00000.png,frame_00116.png,QR未検出,117,1.988157
rice_R_8,lockin,0,0,QR未検出,,lockin,binary,,,14.424243,70,8,1,0.649161,,0.649161,frame_00000.png,frame_00116.png,r120_e60_f1.mp4,120 Hz,1/60,蛍光灯あり,58.848 fps,120,60,1,1,rice,R,R,8,,,frame_00000.png,frame_00116.png,QR未検出,117,1.988157
rice_R_8,lockin,0,0,QR未検出,,lockin,binary,,,14.424243,901,8,1,0.624932,,0.624932,frame_00000.png,frame_00116.png,r120_e60_f1.mp4,120 Hz,1/60,蛍光灯あり,58.848 fps,120,60,1,1,rice,R,R,8,,,frame_00000.png,frame_00116.png,QR未検出,117,1.988157
rice_R_8,lockin,0,0,QR未検出,,lockin,binary,,,14.424243,902,8,1,0.588878,,0.588878,frame_00000.png,frame_00116.png,r120_e60_f1.mp4,120 Hz,1/60,蛍光灯あり,58.848 fps,120,60,1,1,rice,R,R,8,,,frame_00000.png,frame_00116.png,QR未検出,117,1.988157
rice_R_8,lockin,0,0,QR未検出,,lockin,binary,,,27.696970,30,8,1,0.648908,,0.648908,frame_00000.png,frame_00116.png,r120_e60_f1.mp4,120 Hz,1/60,蛍光灯あり,58.848 fps,120,60,1,1,rice,R,R,8,,,frame_00000.png,frame_00116.png,QR未検出,117,1.988157
rice_R_8,lockin,0,0,QR未検出,,lockin,binary,,,27.696970,50,8,1,0.649074,,0.649074,frame_00000.png,frame_00116.png,r120_e60_f1.mp4,120 Hz,1/60,蛍光灯あり,58.848 fps,120,60,1,1,rice,R,R,8,,,frame_00000.png,frame_00116.png,QR未検出,117,1.988157
rice_R_8,lockin,0,0,QR未検出,,lockin,binary,,,27.696970,70,8,1,0.649110,,0.649110,frame_00000.png,frame_00116.png,r120_e60_f1.mp4,120 Hz,1/60,蛍光灯あり,58.848 fps,120,60,1,1,rice,R,R,8,,,frame_00000.png,frame_00116.png,QR未検出,117,1.988157
rice_R_8,lockin,0,0,QR未検出,,lockin,binary,,,27.696970,901,8,1,0.628251,,0.628251,frame_00000.png,frame_00116.png,r120_e60_f1.mp4,120 Hz,1/60,蛍光灯あり,58.848 fps,120,60,1,1,rice,R,R,8,,,frame_00000.png,frame_00116.png,QR未検出,117,1.988157
rice_R_8,lockin,0,0,QR未検出,,lockin,binary,,,27.696970,902,8,1,0.610455,,0.610455,frame_00000.png,frame_00116.png,r120_e60_f1.mp4,120 Hz,1/60,蛍光灯あり,58.848 fps,120,60,1,1,rice,R,R,8,,,frame_00000.png,frame_00116.png,QR未検出,117,1.988157
rice_R_8,lockin,0,0,QR未検出,,lockin,binary,,,28.848485,30,8,1,0.649054,,0.649054,frame_00000.png,frame_00116.png,r120_e60_f1.mp4,120 Hz,1/60,蛍光灯あり,58.848 fps,120,60,1,1,rice,R,R,8,,,frame_00000.png,frame_00116.png,QR未検出,117,1.988157
rice_R_8,lockin,1,0,QR未検出,,lockin,binary,,,28.848485,50,8,1,0.649238,,0.649238,frame_00000.png,frame_00116.png,r120_e60_f1.mp4,120 Hz,1/60,蛍光灯あり,58.848 fps,120,60,1,1,rice,R,R,8,,,frame_00000.png,frame_00116.png,QR未検出,117,1.988157
rice_R_8,lockin,0,0,QR未検出,,lockin,binary,,,28.848485,70,8,1,0.649238,,0.649238,frame_00000.png,frame_00116.png,r120_e60_f1.mp4,120 Hz,1/60,蛍光灯あり,58.848 fps,120,60,1,1,rice,R,R,8,,,frame_00000.png,frame_00116.png,QR未検出,117,1.988157
rice_R_8,lockin,0,0,QR未検出,,lockin,binary,,,28.848485,901,8,1,0.628823,,0.628823,frame_00000.png,frame_00116.png,r120_e60_f1.mp4,120 Hz,1/60,蛍光灯あり,58.848 fps,120,60,1,1,rice,R,R,8,,,frame_00000.png,frame_00116.png,QR未検出,117,1.988157
rice_R_8,lockin,0,0,QR未検出,,lockin,binary,,,28.848485,902,8,1,0.613622,,0.613622,frame_00000.png,frame_00116.png,r120_e60_f1.mp4,120 Hz,1/60,蛍光灯あり,58.848 fps,120,60,1,1,rice,R,R,8,,,frame_00000.png,frame_00116.png,QR未検出,117,1.988157
rice_X_12,lockin,0,0,QR未検出,,lockin,binary,,,8.848485,30,8,1,0.649005,,0.649005,frame_00000.png,frame_00116.png,r120_e60_f1.mp4,120 Hz,1/60,蛍光灯あり,58.848 fps,120,60,1,50,rice,max,X,12,,,frame_00000.png,frame_00116.png,QR未検出,117,1.988157
rice_X_12,lockin,0,0,QR未検出,,lockin,binary,,,8.848485,50,8,1,0.649100,,0.649100,frame_00000.png,frame_00116.png,r120_e60_f1.mp4,120 Hz,1/60,蛍光灯あり,58.848 fps,120,60,1,50,rice,max,X,12,,,frame_00000.png,frame_00116.png,QR未検出,117,1.988157
rice_X_12,lockin,0,0,QR未検出,,lockin,binary,,,8.848485,70,8,1,0.649131,,0.649131,frame_00000.png,frame_00116.png,r120_e60_f1.mp4,120 Hz,1/60,蛍光灯あり,58.848 fps,120,60,1,50,rice,max,X,12,,,frame_00000.png,frame_00116.png,QR未検出,117,1.988157
rice_X_12,lockin,0,0,QR未検出,,lockin,binary,,,8.848485,901,8,1,0.625257,,0.625257,frame_00000.png,frame_00116.png,r120_e60_f1.mp4,120 Hz,1/60,蛍光灯あり,58.848 fps,120,60,1,50,rice,max,X,12,,,frame_00000.png,frame_00116.png,QR未検出,117,1.988157
rice_X_12,lockin,0,0,QR未検出,,lockin,binary,,,8.848485,902,8,1,0.562260,,0.562260,frame_00000.png,frame_00116.png,r120_e60_f1.mp4,120 Hz,1/60,蛍光灯あり,58.848 fps,120,60,1,50,rice,max,X,12,,,frame_00000.png,frame_00116.png,QR未検出,117,1.988157
rice_X_12,lockin,1,0,QR未検出,,lockin,binary,,,14.424243,30,8,1,0.649161,,0.649161,frame_00000.png,frame_00116.png,r120_e60_f1.mp4,120 Hz,1/60,蛍光灯あり,58.848 fps,120,60,1,50,rice,max,X,12,,,frame_00000.png,frame_00116.png,QR未検出,117,1.988157
rice_X_12,lockin,0,0,QR未検出,,lockin,binary,,,14.424243,50,8,1,0.649161,,0.649161,frame_00000.png,frame_00116.png,r120_e60_f1.mp4,120 Hz,1/60,蛍光灯あり,58.848 fps,120,60,1,50,rice,max,X,12,,,frame_00000.png,frame_00116.png,QR未検出,117,1.988157
rice_X_12,lockin,0,0,QR未検出,,lockin,binary,,,14.424243,70,8,1,0.649161,,0.649161,frame_00000.png,frame_00116.png,r120_e60_f1.mp4,120 Hz,1/60,蛍光灯あり,58.848 fps,120,60,1,50,rice,max,X,12,,,frame_00000.png,frame_00116.png,QR未検出,117,1.988157
rice_X_12,lockin,0,0,QR未検出,,lockin,binary,,,14.424243,901,8,1,0.628902,,0.628902,frame_00000.png,frame_00116.png,r120_e60_f1.mp4,120 Hz,1/60,蛍光灯あり,58.848 fps,120,60,1,50,rice,max,X,12,,,frame_00000.png,frame_00116.png,QR未検出,117,1.988157
rice_X_12,lockin,0,0,QR未検出,,lockin,binary,,,14.424243,902,8,1,0.622825,,0.622825,frame_00000.png,frame_00116.png,r120_e60_f1.mp4,120 Hz,1/60,蛍光灯あり,58.848 fps,120,60,1,50,rice,max,X,12,,,frame_00000.png,frame_00116.png,QR未検出,117,1.988157
rice_X_12,lockin,0,0,QR未検出,,lockin,binary,,,27.696970,30,8,1,0.649018,,0.649018,frame_00000.png,frame_00116.png,r120_e60_f1.mp4,120 Hz,1/60,蛍光灯あり,58.848 fps,120,60,1,50,rice,max,X,12,,,frame_00000.png,frame_00116.png,QR未検出,117,1.988157
rice_X_12,lockin,0,0,QR未検出,,lockin,binary,,,27.696970,50,8,1,0.649107,,0.649107,frame_00000.png,frame_00116.png,r120_e60_f1.mp4,120 Hz,1/60,蛍光灯あり,58.848 fps,120,60,1,50,rice,max,X,12,,,frame_00000.png,frame_00116.png,QR未検出,117,1.988157
rice_X_12,lockin,0,0,QR未検出,,lockin,binary,,,27.696970,70,8,1,0.649161,,0.649161,frame_00000.png,frame_00116.png,r120_e60_f1.mp4,120 Hz,1/60,蛍光灯あり,58.848 fps,120,60,1,50,rice,max,X,12,,,frame_00000.png,frame_00116.png,QR未検出,117,1.988157
rice_X_12,lockin,0,0,QR未検出,,lockin,binary,,,27.696970,901,8,1,0.627021,,0.627021,frame_00000.png,frame_00116.png,r120_e60_f1.mp4,120 Hz,1/60,蛍光灯あり,58.848 fps,120,60,1,50,rice,max,X,12,,,frame_00000.png,frame_00116.png,QR未検出,117,1.988157
rice_X_12,lockin,0,0,QR未検出,,lockin,binary,,,27.696970,902,8,1,0.607234,,0.607234,frame_00000.png,frame_00116.png,r120_e60_f1.mp4,120 Hz,1/60,蛍光灯あり,58.848 fps,120,60,1,50,rice,max,X,12,,,frame_00000.png,frame_00116.png,QR未検出,117,1.988157
rice_X_12,lockin,0,0,QR未検出,,lockin,binary,,,28.848485,30,8,1,0.648726,,0.648726,frame_00000.png,frame_00116.png,r120_e60_f1.mp4,120 Hz,1/60,蛍光灯あり,58.848 fps,120,60,1,50,rice,max,X,12,,,frame_00000.png,frame_00116.png,QR未検出,117,1.988157
rice_X_12,lockin,0,0,QR未検出,,lockin,binary,,,28.848485,50,8,1,0.648969,,0.648969,frame_00000.png,frame_00116.png,r120_e60_f1.mp4,120 Hz,1/60,蛍光灯あり,58.848 fps,120,60,1,50,rice,max,X,12,,,frame_00000.png,frame_00116.png,QR未検出,117,1.988157
rice_X_12,lockin,0,0,QR未検出,,lockin,binary,,,28.848485,70,8,1,0.649061,,0.649061,frame_00000.png,frame_00116.png,r120_e60_f1.mp4,120 Hz,1/60,蛍光灯あり,58.848 fps,120,60,1,50,rice,max,X,12,,,frame_00000.png,frame_00116.png,QR未検出,117,1.988157
rice_X_12,lockin,0,0,QR未検出,,lockin,binary,,,28.848485,901,8,1,0.630959,,0.630959,frame_00000.png,frame_00116.png,r120_e60_f1.mp4,120 Hz,1/60,蛍光灯あり,58.848 fps,120,60,1,50,rice,max,X,12,,,frame_00000.png,frame_00116.png,QR未検出,117,1.988157
rice_X_12,lockin,0,0,QR未検出,,lockin,binary,,,28.848485,902,8,1,0.571467,,0.571467,frame_00000.png,frame_00116.png,r120_e60_f1.mp4,120 Hz,1/60,蛍光灯あり,58.848 fps,120,60,1,50,rice,max,X,12,,,frame_00000.png,frame_00116.png,QR未検出,117,1.988157
rice_X_4,lockin,0,0,QR未検出,,lockin,binary,,,8.848485,30,8,1,0.648384,,0.648384,frame_00000.png,frame_00116.png,r120_e60_f1.mp4,120 Hz,1/60,蛍光灯あり,58.848 fps,120,60,1,48,rice,max,X,4,,,frame_00000.png,frame_00116.png,QR未検出,117,1.988157
rice_X_4,lockin,0,0,QR未検出,,lockin,binary,,,8.848485,50,8,1,0.649011,,0.649011,frame_00000.png,frame_00116.png,r120_e60_f1.mp4,120 Hz,1/60,蛍光灯あり,58.848 fps,120,60,1,48,rice,max,X,4,,,frame_00000.png,frame_00116.png,QR未検出,117,1.988157
rice_X_4,lockin,0,0,QR未検出,,lockin,binary,,,8.848485,70,8,1,0.649096,,0.649096,frame_00000.png,frame_00116.png,r120_e60_f1.mp4,120 Hz,1/60,蛍光灯あり,58.848 fps,120,60,1,48,rice,max,X,4,,,frame_00000.png,frame_00116.png,QR未検出,117,1.988157
rice_X_4,lockin,0,0,QR未検出,,lockin,binary,,,8.848485,901,8,1,0.621151,,0.621151,frame_00000.png,frame_00116.png,r120_e60_f1.mp4,120 Hz,1/60,蛍光灯あり,58.848 fps,120,60,1,48,rice,max,X,4,,,frame_00000.png,frame_00116.png,QR未検出,117,1.988157
rice_X_4,lockin,0,0,QR未検出,,lockin,binary,,,8.848485,902,8,1,0.562502,,0.562502,frame_00000.png,frame_00116.png,r120_e60_f1.mp4,120 Hz,1/60,蛍光灯あり,58.848 fps,120,60,1,48,rice,max,X,4,,,frame_00000.png,frame_00116.png,QR未検出,117,1.988157
rice_X_4,lockin,0,0,QR未検出,,lockin,binary,,,14.424243,30,8,1,0.648652,,0.648652,frame_00000.png,frame_00116.png,r120_e60_f1.mp4,120 Hz,1/60,蛍光灯あり,58.848 fps,120,60,1,48,rice,max,X,4,,,frame_00000.png,frame_00116.png,QR未検出,117,1.988157
rice_X_4,lockin,1,0,QR未検出,,lockin,binary,,,14.424243,50,8,1,0.649161,,0.649161,frame_00000.png,frame_00116.png,r120_e60_f1.mp4,120 Hz,1/60,蛍光灯あり,58.848 fps,120,60,1,48,rice,max,X,4,,,frame_00000.png,frame_00116.png,QR未検出,117,1.988157
rice_X_4,lockin,0,0,QR未検出,,lockin,binary,,,14.424243,70,8,1,0.649161,,0.649161,frame_00000.png,frame_00116.png,r120_e60_f1.mp4,120 Hz,1/60,蛍光灯あり,58.848 fps,120,60,1,48,rice,max,X,4,,,frame_00000.png,frame_00116.png,QR未検出,117,1.988157
rice_X_4,lockin,0,0,QR未検出,,lockin,binary,,,14.424243,901,8,1,0.627766,,0.627766,frame_00000.png,frame_00116.png,r120_e60_f1.mp4,120 Hz,1/60,蛍光灯あり,58.848 fps,120,60,1,48,rice,max,X,4,,,frame_00000.png,frame_00116.png,QR未検出,117,1.988157
rice_X_4,lockin,0,0,QR未検出,,lockin,binary,,,14.424243,902,8,1,0.589193,,0.589193,frame_00000.png,frame_00116.png,r120_e60_f1.mp4,120 Hz,1/60,蛍光灯あり,58.848 fps,120,60,1,48,rice,max,X,4,,,frame_00000.png,frame_00116.png,QR未検出,117,1.988157
rice_X_4,lockin,0,0,QR未検出,,lockin,binary,,,27.696970,30,8,1,0.648969,,0.648969,frame_00000.png,frame_00116.png,r120_e60_f1.mp4,120 Hz,1/60,蛍光灯あり,58.848 fps,120,60,1,48,rice,max,X,4,,,frame_00000.png,frame_00116.png,QR未検出,117,1.988157
rice_X_4,lockin,0,0,QR未検出,,lockin,binary,,,27.696970,50,8,1,0.649161,,0.649161,frame_00000.png,frame_00116.png,r120_e60_f1.mp4,120 Hz,1/60,蛍光灯あり,58.848 fps,120,60,1,48,rice,max,X,4,,,frame_00000.png,frame_00116.png,QR未検出,117,1.988157
rice_X_4,lockin,0,0,QR未検出,,lockin,binary,,,27.696970,70,8,1,0.649161,,0.649161,frame_00000.png,frame_00116.png,r120_e60_f1.mp4,120 Hz,1/60,蛍光灯あり,58.848 fps,120,60,1,48,rice,max,X,4,,,frame_00000.png,frame_00116.png,QR未検出,117,1.988157
rice_X_4,lockin,0,0,QR未検出,,lockin,binary,,,27.696970,901,8,1,0.625847,,0.625847,frame_00000.png,frame_00116.png,r120_e60_f1.mp4,120 Hz,1/60,蛍光灯あり,58.848 fps,120,60,1,48,rice,max,X,4,,,frame_00000.png,frame_00116.png,QR未検出,117,1.988157
rice_X_4,lockin,0,0,QR未検出,,lockin,binary,,,27.696970,902,8,1,0.615372,,0.615372,frame_00000.png,frame_00116.png,r120_e60_f1.mp4,120 Hz,1/60,蛍光灯あり,58.848 fps,120,60,1,48,rice,max,X,4,,,frame_00000.png,frame_00116.png,QR未検出,117,1.988157
rice_X_4,lockin,0,0,QR未検出,,lockin,binary,,,28.848485,30,8,1,0.649021,,0.649021,frame_00000.png,frame_00116.png,r120_e60_f1.mp4,120 Hz,1/60,蛍光灯あり,58.848 fps,120,60,1,48,rice,max,X,4,,,frame_00000.png,frame_00116.png,QR未検出,117,1.988157
rice_X_4,lockin,0,0,QR未検出,,lockin,binary,,,28.848485,50,8,1,0.649161,,0.649161,frame_00000.png,frame_00116.png,r120_e60_f1.mp4,120 Hz,1/60,蛍光灯あり,58.848 fps,120,60,1,48,rice,max,X,4,,,frame_00000.png,frame_00116.png,QR未検出,117,1.988157
rice_X_4,lockin,0,0,QR未検出,,lockin,binary,,,28.848485,70,8,1,0.649161,,0.649161,frame_00000.png,frame_00116.png,r120_e60_f1.mp4,120 Hz,1/60,蛍光灯あり,58.848 fps,120,60,1,48,rice,max,X,4,,,frame_00000.png,frame_00116.png,QR未検出,117,1.988157
rice_X_4,lockin,0,0,QR未検出,,lockin,binary,,,28.848485,901,8,1,0.629469,,0.629469,frame_00000.png,frame_00116.png,r120_e60_f1.mp4,120 Hz,1/60,蛍光灯あり,58.848 fps,120,60,1,48,rice,max,X,4,,,frame_00000.png,frame_00116.png,QR未検出,117,1.988157
rice_X_4,lockin,0,0,QR未検出,,lockin,binary,,,28.848485,902,8,1,0.604791,,0.604791,frame_00000.png,frame_00116.png,r120_e60_f1.mp4,120 Hz,1/60,蛍光灯あり,58.848 fps,120,60,1,48,rice,max,X,4,,,frame_00000.png,frame_00116.png,QR未検出,117,1.988157
rice_X_8,lockin,0,0,QR未検出,,lockin,binary,,,8.848485,30,8,1,0.648538,,0.648538,frame_00000.png,frame_00116.png,r120_e60_f1.mp4,120 Hz,1/60,蛍光灯あり,58.848 fps,120,60,1,49,rice,max,X,8,,,frame_00000.png,frame_00116.png,QR未検出,117,1.988157
rice_X_8,lockin,0,0,QR未検出,,lockin,binary,,,8.848485,50,8,1,0.649075,,0.649075,frame_00000.png,frame_00116.png,r120_e60_f1.mp4,120 Hz,1/60,蛍光灯あり,58.848 fps,120,60,1,49,rice,max,X,8,,,frame_00000.png,frame_00116.png,QR未検出,117,1.988157
rice_X_8,lockin,0,0,QR未検出,,lockin,binary,,,8.848485,70,8,1,0.649161,,0.649161,frame_00000.png,frame_00116.png,r120_e60_f1.mp4,120 Hz,1/60,蛍光灯あり,58.848 fps,120,60,1,49,rice,max,X,8,,,frame_00000.png,frame_00116.png,QR未検出,117,1.988157
rice_X_8,lockin,0,0,QR未検出,,lockin,binary,,,8.848485,901,8,1,0.618266,,0.618266,frame_00000.png,frame_00116.png,r120_e60_f1.mp4,120 Hz,1/60,蛍光灯あり,58.848 fps,120,60,1,49,rice,max,X,8,,,frame_00000.png,frame_00116.png,QR未検出,117,1.988157
rice_X_8,lockin,0,0,QR未検出,,lockin,binary,,,8.848485,902,8,1,0.536323,,0.536323,frame_00000.png,frame_00116.png,r120_e60_f1.mp4,120 Hz,1/60,蛍光灯あり,58.848 fps,120,60,1,49,rice,max,X,8,,,frame_00000.png,frame_00116.png,QR未検出,117,1.988157
rice_X_8,lockin,0,0,QR未検出,,lockin,binary,,,14.424243,30,8,1,0.649130,,0.649130,frame_00000.png,frame_00116.png,r120_e60_f1.mp4,120 Hz,1/60,蛍光灯あり,58.848 fps,120,60,1,49,rice,max,X,8,,,frame_00000.png,frame_00116.png,QR未検出,117,1.988157
rice_X_8,lockin,0,0,QR未検出,,lockin,binary,,,14.424243,50,8,1,0.649103,,0.649103,frame_00000.png,frame_00116.png,r120_e60_f1.mp4,120 Hz,1/60,蛍光灯あり,58.848 fps,120,60,1,49,rice,max,X,8,,,frame_00000.png,frame_00116.png,QR未検出,117,1.988157
rice_X_8,lockin,0,0,QR未検出,,lockin,binary,,,14.424243,70,8,1,0.649140,,0.649140,frame_00000.png,frame_00116.png,r120_e60_f1.mp4,120 Hz,1/60,蛍光灯あり,58.848 fps,120,60,1,49,rice,max,X,8,,,frame_00000.png,frame_00116.png,QR未検出,117,1.988157
rice_X_8,lockin,0,0,QR未検出,,lockin,binary,,,14.424243,901,8,1,0.622533,,0.622533,frame_00000.png,frame_00116.png,r120_e60_f1.mp4,120 Hz,1/60,蛍光灯あり,58.848 fps,120,60,1,49,rice,max,X,8,,,frame_00000.png,frame_00116.png,QR未検出,117,1.988157
rice_X_8,lockin,0,0,QR未検出,,lockin,binary,,,14.424243,902,8,1,0.607612,,0.607612,frame_00000.png,frame_00116.png,r120_e60_f1.mp4,120 Hz,1/60,蛍光灯あり,58.848 fps,120,60,1,49,rice,max,X,8,,,frame_00000.png,frame_00116.png,QR未検出,117,1.988157
rice_X_8,lockin,0,0,QR未検出,,lockin,binary,,,27.696970,30,8,1,0.648670,,0.648670,frame_00000.png,frame_00116.png,r120_e60_f1.mp4,120 Hz,1/60,蛍光灯あり,58.848 fps,120,60,1,49,rice,max,X,8,,,frame_00000.png,frame_00116.png,QR未検出,117,1.988157
rice_X_8,lockin,0,0,QR未検出,,lockin,binary,,,27.696970,50,8,1,0.649086,,0.649086,frame_00000.png,frame_00116.png,r120_e60_f1.mp4,120 Hz,1/60,蛍光灯あり,58.848 fps,120,60,1,49,rice,max,X,8,,,frame_00000.png,frame_00116.png,QR未検出,117,1.988157
rice_X_8,lockin,0,0,QR未検出,,lockin,binary,,,27.696970,70,8,1,0.649161,,0.649161,frame_00000.png,frame_00116.png,r120_e60_f1.mp4,120 Hz,1/60,蛍光灯あり,58.848 fps,120,60,1,49,rice,max,X,8,,,frame_00000.png,frame_00116.png,QR未検出,117,1.988157
rice_X_8,lockin,0,0,QR未検出,,lockin,binary,,,27.696970,901,8,1,0.627450,,0.627450,frame_00000.png,frame_00116.png,r120_e60_f1.mp4,120 Hz,1/60,蛍光灯あり,58.848 fps,120,60,1,49,rice,max,X,8,,,frame_00000.png,frame_00116.png,QR未検出,117,1.988157
rice_X_8,lockin,0,0,QR未検出,,lockin,binary,,,27.696970,902,8,1,0.590033,,0.590033,frame_00000.png,frame_00116.png,r120_e60_f1.mp4,120 Hz,1/60,蛍光灯あり,58.848 fps,120,60,1,49,rice,max,X,8,,,frame_00000.png,frame_00116.png,QR未検出,117,1.988157
rice_X_8,lockin,0,0,QR未検出,,lockin,binary,,,28.848485,30,8,1,0.649128,,0.649128,frame_00000.png,frame_00116.png,r120_e60_f1.mp4,120 Hz,1/60,蛍光灯あり,58.848 fps,120,60,1,49,rice,max,X,8,,,frame_00000.png,frame_00116.png,QR未検出,117,1.988157
rice_X_8,lockin,0,0,QR未検出,,lockin,binary,,,28.848485,50,8,1,0.649163,,0.649163,frame_00000.png,frame_00116.png,r120_e60_f1.mp4,120 Hz,1/60,蛍光灯あり,58.848 fps,120,60,1,49,rice,max,X,8,,,frame_00000.png,frame_00116.png,QR未検出,117,1.988157
rice_X_8,lockin,1,0,QR未検出,,lockin,binary,,,28.848485,70,8,1,0.649231,,0.649231,frame_00000.png,frame_00116.png,r120_e60_f1.mp4,120 Hz,1/60,蛍光灯あり,58.848 fps,120,60,1,49,rice,max,X,8,,,frame_00000.png,frame_00116.png,QR未検出,117,1.988157
rice_X_8,lockin,0,0,QR未検出,,lockin,binary,,,28.848485,901,8,1,0.624914,,0.624914,frame_00000.png,frame_00116.png,r120_e60_f1.mp4,120 Hz,1/60,蛍光灯あり,58.848 fps,120,60,1,49,rice,max,X,8,,,frame_00000.png,frame_00116.png,QR未検出,117,1.988157
rice_X_8,lockin,0,0,QR未検出,,lockin,binary,,,28.848485,902,8,1,0.610420,,0.610420,frame_00000.png,frame_00116.png,r120_e60_f1.mp4,120 Hz,1/60,蛍光灯あり,58.848 fps,120,60,1,49,rice,max,X,8,,,frame_00000.png,frame_00116.png,QR未検出,117,1.988157
