folder,frame_1,frame_2,diff_image,analysis_image,decoded_text,success,method,note,recall,precision,accuracy,noise,gt_note,task_key,diff_mode,window_n,stat_kind,fft_target_hz,diff_threshold
rice_R_4,frame_00000.png,frame_00119.png,,,,0,decode失敗,QR未検出,0.074688,0.274367,0.607122,0.103966,,lockin:lockin::None:9.990158498590453:4:8:binary:0,lockin,,,9.990158,4
rice_R_4,frame_00000.png,frame_00119.png,,,,0,decode失敗,QR未検出,0.425372,0.332896,0.500682,0.450602,,lockin:lockin::None:9.990158498590453:8:8:binary:0,lockin,,,9.990158,8
rice_R_4,frame_00000.png,frame_00119.png,rice_R_4/rgb_max_lockin_f300_ps8_th12/00000-00119-FRAME_rgbmax_scale1.00.png,,,0,decode失敗,QR未検出,0.261844,0.396107,0.602044,0.253223,,lockin:lockin::None:9.990158498590453:12:8:binary:0,lockin,,,9.990158,12
rice_R_4,frame_00000.png,frame_00119.png,,,,0,decode失敗,QR未検出,0.134745,0.287918,0.580648,0.212449,,lockin:lockin::None:14.995079249295227:4:8:binary:0,lockin,,,14.995079,4
rice_R_4,frame_00000.png,frame_00119.png,,,,0,decode失敗,QR未検出,0.343188,0.384693,0.578119,0.334542,,lockin:lockin::None:14.995079249295227:8:8:binary:0,lockin,,,14.995079,8
rice_R_4,frame_00000.png,frame_00119.png,rice_R_4/rgb_max_lockin_f300_ps8_th12/00000-00119-FRAME_rgbmax_scale1.00.png,,,0,decode失敗,QR未検出,0.170354,0.435834,0.632553,0.127475,,lockin:lockin::None:14.995079249295227:12:8:binary:0,lockin,,,14.995079,12
rice_R_4,frame_00000.png,frame_00119.png,,,,0,decode失敗,QR未検出,0.576353,0.367837,0.505190,0.533730,,lockin:lockin::None:29.980316997180907:4:8:binary:0,lockin,,,29.980317,4
rice_R_4,frame_00000.png,frame_00119.png,,,,0,decode失敗,QR未検出,0.180265,0.425397,0.627981,0.146538,,lockin:lockin::None:29.980316997180907:8:8:binary:0,lockin,,,29.980317,8
rice_R_4,frame_00000.png,frame_00119.png,rice_R_4/rgb_max_lockin_f300_ps8_th12/00000-00119-FRAME_rgbmax_scale1.00.png,,,0,decode失敗,QR未検出,0.081229,0.450696,0.643886,0.052717,,lockin:lockin::None:29.980316997180907:12:8:binary:0,lockin,,,29.980317,12
rice_R_8,frame_00000.png,frame_00119.png,,,,0,decode失敗,QR未検出,0.075963,0.263034,0.602214,0.120438,,lockin:lockin::None:9.990158498590453:4:8:binary:0,lockin,,,9.990158,4
rice_R_8,frame_00000.png,frame_00119.png,,,,0,decode失敗,QR未検出,0.545515,0.367307,0.512195,0.519959,,lockin:lockin::None:9.990158498590453:8:8:binary:0,lockin,,,9.990158,8
rice_R_8,frame_00000.png,frame_00119.png,rice_R_8/rgb_max_lockin_f300_ps8_th12/00000-00119-FRAME_rgbmax_scale1.00.png,,,0,decode失敗,QR未検出,0.250603,0.405281,0.609118,0.227959,,lockin:lockin::None:9.990158498590453:12:8:binary:0,lockin,,,9.990158,12
rice_R_8,frame_00000.png,frame_00119.png,,,,0,decode失敗,QR未検出,0.109142,0.282365,0.591237,0.177213,,lockin:lockin::None:14.995079249295227:4:8:binary:0,lockin,,,14.995079,4
rice_R_8,frame_00000.png,frame_00119.png,,,,0,decode失敗,QR未検出,0.413380,0.368395,0.546762,0.410106,,lockin:lockin::None:14.995079249295227:8:8:binary:0,lockin,,,14.995079,8
rice_R_8,frame_00000.png,frame_00119.png,rice_R_8/rgb_max_lockin_f300_ps8_th12/00000-00119-FRAME_rgbmax_scale1.00.png,,,0,decode失敗,QR未検出,0.199267,0.414752,0.621443,0.167100,,lockin:lockin::None:14.995079249295227:12:8:binary:0,lockin,,,14.995079,12
rice_R_8,frame_00000.png,frame_00119.png,,,,0,decode失敗,QR未検出,0.346988,0.324418,0.518685,0.405160,,lockin:lockin::None:29.980316997180907:4:8:binary:0,lockin,,,29.980317,4
rice_R_8,frame_00000.png,frame_00119.png,,,,0,decode失敗,QR未検出,0.225785,0.420457,0.620213,0.181234,,lockin:lockin::None:29.980316997180907:8:8:binary:0,lockin,,,29.980317,8
rice_R_8,frame_00000.png,frame_00119.png,rice_R_8/rgb_max_lockin_f300_ps8_th12/00000-00119-FRAME_rgbmax_scale1.00.png,,,0,decode失敗,QR未検出,0.106767,0.450035,0.641809,0.067329,,lockin:lockin::None:29.980316997180907:12:8:binary:0,lockin,,,29.980317,12
rice_R_12,frame_00000.png,frame_00119.png,,,,0,decode失敗,QR未検出,0.039109,0.210185,0.612367,0.088762,,lockin:lockin::None:9.990158498590453:4:8:binary:0,lockin,,,9.990158,4
rice_R_12,frame_00000.png,frame_00119.png,,,,0,decode失敗,QR未検出,0.281266,0.298638,0.517390,0.398442,,lockin:lockin::None:9.990158498590453:8:8:binary:0,lockin,,,9.990158,8
rice_R_12,frame_00000.png,frame_00119.png,rice_R_12/rgb_max_lockin_f300_ps8_th12/00000-00119-FRAME_rgbmax_scale1.00.png,,,0,decode失敗,QR未検出,0.317930,0.403410,0.596834,0.279076,,lockin:lockin::None:9.990158498590453:12:8:binary:0,lockin,,,9.990158,12
rice_R_12,frame_00000.png,frame_00119.png,,,,0,decode失敗,QR未検出,0.065497,0.235271,0.598531,0.139062,,lockin:lockin::None:14.995079249295227:4:8:binary:0,lockin,,,14.995079,4
rice_R_12,frame_00000.png,frame_00119.png,,,,0,decode失敗,QR未検出,0.591220,0.381565,0.521685,0.502074,,lockin:lockin::None:14.995079249295227:8:8:binary:0,lockin,,,14.995079,8
rice_R_12,frame_00000.png,frame_00119.png,rice_R_12/rgb_max_lockin_f300_ps8_th12/00000-00119-FRAME_rgbmax_scale1.00.png,,,0,decode失敗,QR未検出,0.258963,0.415863,0.613440,0.216345,,lockin:lockin::None:14.995079249295227:12:8:binary:0,lockin,,,14.995079,12
rice_R_12,frame_00000.png,frame_00119.png,,,,0,decode失敗,QR未検出,0.600821,0.377050,0.513002,0.512682,,lockin:lockin::None:29.980316997180907:4:8:binary:0,lockin,,,29.980317,4
rice_R_12,frame_00000.png,frame_00119.png,,,,0,decode失敗,QR未検出,0.173939,0.421854,0.627556,0.131805,,lockin:lockin::None:29.980316997180907:8:8:binary:0,lockin,,,29.980317,8
rice_R_12,frame_00000.png,frame_00119.png,rice_R_12/rgb_max_lockin_f300_ps8_th12/00000-00119-FRAME_rgbmax_scale1.00.png,,,0,decode失敗,QR未検出,0.070748,0.422972,0.641088,0.046948,,lockin:lockin::None:29.980316997180907:12:8:binary:0,lockin,,,29.980317,12
nagaoka_fireworks_R_4,frame_00000.png,frame_00119.png,,,,0,decode失敗,QR未検出,0.192736,0.259987,0.525591,0.410384,,lockin:lockin::None:9.990158498590453:4:8:binary:0,lockin,,,9.990158,4
nagaoka_fireworks_R_4,frame_00000.png,frame_00119.png,,,,0,decode失敗,QR未検出,0.627309,0.388312,0.523841,0.381600,,lockin:lockin::None:9.990158498590453:8:8:binary:0,lockin,,,9.990158,8
nagaoka_fireworks_R_4,frame_00000.png,frame_00119.png,nagaoka_fireworks_R_4/rgb_max_lockin_f300_ps8_th12/00000-00119-FRAME_rgbmax_scale1.00.png,,,0,decode失敗,QR未検出,0.443119,0.405883,0.578200,0.255318,,lockin:lockin::None:9.990158498590453:12:8:binary:0,lockin,,,9.990158,12
nagaoka_fireworks_R_4,frame_00000.png,frame_00119.png,,,,0,decode失敗,QR未検出,0.225905,0.277635,0.523489,0.449020,,lockin:lockin::None:14.995079249295227:4:8:binary:0,lockin,,,14.995079,4
nagaoka_fireworks_R_4,frame_00000.png,frame_00119.png,,,,0,decode失敗,QR未検出,0.571828,0.391484,0.539184,0.338736,,lockin:lockin::None:14.995079249295227:8:8:binary:0,lockin,,,14.995079,8
nagaoka_fireworks_R_4,frame_00000.png,frame_00119.png,nagaoka_fireworks_R_4/rgb_max_lockin_f300_ps8_th12/00000-00119-FRAME_rgbmax_scale1.00.png,,,0,decode失敗,QR未検出,0.386002,0.418877,0.597791,0.216944,,lockin:lockin::None:14.995079249295227:12:8:binary:0,lockin,,,14.995079,12
nagaoka_fireworks_R_4,frame_00000.png,frame_00119.png,,,,0,decode失敗,QR未検出,0.693711,0.385182,0.505396,0.450294,,lockin:lockin::None:29.980316997180907:4:8:binary:0,lockin,,,29.980317,4
nagaoka_fireworks_R_4,frame_00000.png,frame_00119.png,,,,0,decode失敗,QR未検出,0.420221,0.413115,0.588257,0.239351,,lockin:lockin::None:29.980316997180907:8:8:binary:0,lockin,,,29.980317,8
nagaoka_fireworks_R_4,frame_00000.png,frame_00119.png,nagaoka_fireworks_R_4/rgb_max_lockin_f300_ps8_th12/00000-00119-FRAME_rgbmax_scale1.00.png,,,0,decode失敗,QR未検出,0.182445,0.412656,0.623081,0.121495,,lockin:lockin::None:29.980316997180907:12:8:binary:0,lockin,,,29.980317,12
nagaoka_fireworks_R_8,frame_00000.png,frame_00119.png,,,,0,decode失敗,QR未検出,0.181835,0.253408,0.526280,0.406152,,lockin:lockin::None:9.990158498590453:4:8:binary:0,lockin,,,9.990158,4
nagaoka_fireworks_R_8,frame_00000.png,frame_00119.png,,,,0,decode失敗,QR未検出,0.633490,0.390192,0.525347,0.383062,,lockin:lockin::None:9.990158498590453:8:8:binary:0,lockin,,,9.990158,8
nagaoka_fireworks_R_8,frame_00000.png,frame_00119.png,nagaoka_fireworks_R_8/rgb_max_lockin_f300_ps8_th12/00000-00119-FRAME_rgbmax_scale1.00.png,,,0,decode失敗,QR未検出,0.448789,0.410566,0.581692,0.253388,,lockin:lockin::None:9.990158498590453:12:8:binary:0,lockin,,,9.990158,12
nagaoka_fireworks_R_8,frame_00000.png,frame_00119.png,,,,0,decode失敗,QR未検出,0.193301,0.262032,0.527256,0.411731,,lockin:lockin::None:14.995079249295227:4:8:binary:0,lockin,,,14.995079,4
nagaoka_fireworks_R_8,frame_00000.png,frame_00119.png,,,,0,decode失敗,QR未検出,0.638860,0.391547,0.526273,0.384301,,lockin:lockin::None:14.995079249295227:8:8:binary:0,lockin,,,14.995079,8
nagaoka_fireworks_R_8,frame_00000.png,frame_00119.png,nagaoka_fireworks_R_8/rgb_max_lockin_f300_ps8_th12/00000-00119-FRAME_rgbmax_scale1.00.png,,,0,decode失敗,QR未検出,0.478753,0.414018,0.580527,0.263535,,lockin:lockin::None:14.995079249295227:12:8:binary:0,lockin,,,14.995079,12
nagaoka_fireworks_R_8,frame_00000.png,frame_00119.png,,,,0,decode失敗,QR未検出,0.700697,0.383313,0.500836,0.458575,,lockin:lockin::None:29.980316997180907:4:8:binary:0,lockin,,,29.980317,4
nagaoka_fireworks_R_8,frame_00000.png,frame_00119.png,,,,0,decode失敗,QR未検出,0.434328,0.407237,0.580872,0.249285,,lockin:lockin::None:29.980316997180907:8:8:binary:0,lockin,,,29.980317,8
nagaoka_fireworks_R_8,frame_00000.png,frame_00119.png,nagaoka_fireworks_R_8/rgb_max_lockin_f300_ps8_th12/00000-00119-FRAME_rgbmax_scale1.00.png,,,0,decode失敗,QR未検出,0.201227,0.418732,0.622774,0.126766,,lockin:lockin::None:29.980316997180907:12:8:binary:0,lockin,,,29.980317,12
nagaoka_fireworks_R_12,frame_00000.png,frame_00119.png,,,,0,decode失敗,QR未検出,0.216184,0.265736,0.516737,0.461931,,lockin:lockin::None:9.990158498590453:4:8:binary:0,lockin,,,9.990158,4
nagaoka_fireworks_R_12,frame_00000.png,frame_00119.png,,,,0,decode失敗,QR未検出,0.571683,0.399618,0.549612,0.323228,,lockin:lockin::None:9.990158498590453:8:8:binary:0,lockin,,,9.990158,8
nagaoka_fireworks_R_12,frame_00000.png,frame_00119.png,nagaoka_fireworks_R_12/rgb_max_lockin_f300_ps8_th12/00000-00119-FRAME_rgbmax_scale1.00.png,,,0,decode失敗,QR未検出,0.349243,0.422115,0.605010,0.195861,,lockin:lockin::None:9.990158498590453:12:8:binary:0,lockin,,,9.990158,12
nagaoka_fireworks_R_12,frame_00000.png,frame_00119.png,,,,0,decode失敗,QR未検出,0.202597,0.266238,0.525622,0.434843,,lockin:lockin::None:14.995079249295227:4:8:binary:0,lockin,,,14.995079,4
nagaoka_fireworks_R_12,frame_00000.png,frame_00119.png,,,,0,decode失敗,QR未検出,0.610667,0.396524,0.538587,0.352216,,lockin:lockin::None:14.995079249295227:8:8:binary:0,lockin,,,14.995079,8
nagaoka_fireworks_R_12,frame_00000.png,frame_00119.png,nagaoka_fireworks_R_12/rgb_max_lockin_f300_ps8_th12/00000-00119-FRAME_rgbmax_scale1.00.png,,,0,decode失敗,QR未検出,0.432098,0.416713,0.589669,0.235700,,lockin:lockin::None:14.995079249295227:12:8:binary:0,lockin,,,14.995079,12
nagaoka_fireworks_R_12,frame_00000.png,frame_00119.png,,,,0,decode失敗,QR未検出,0.263399,0.279162,0.504290,0.515386,,lockin:lockin::None:29.980316997180907:4:8:binary:0,lockin,,,29.980317,4
nagaoka_fireworks_R_12,frame_00000.png,frame_00119.png,,,,0,decode失敗,QR未検出,0.495545,0.408197,0.572114,0.274496,,lockin:lockin::None:29.980316997180907:8:8:binary:0,lockin,,,29.980317,8
nagaoka_fireworks_R_12,frame_00000.png,frame_00119.png,nagaoka_fireworks_R_12/rgb_max_lockin_f300_ps8_th12/00000-00119-FRAME_rgbmax_scale1.00.png,,,0,decode失敗,QR未検出,0.259899,0.411917,0.611213,0.156161,,lockin:lockin::None:29.980316997180907:12:8:binary:0,lockin,,,29.980317,12
hocho_R_4,frame_00000.png,frame_00119.png,,,,0,decode失敗,QR未検出,0.057606,0.287662,0.620348,0.136360,,lockin:lockin::None:9.990158498590453:4:8:binary:0,lockin,,,9.990158,4
hocho_R_4,frame_00000.png,frame_00119.png,,,,0,decode失敗,QR未検出,0.342318,0.319501,0.514772,0.446440,,lockin:lockin::None:9.990158498590453:8:8:binary:0,lockin,,,9.990158,8
hocho_R_4,frame_00000.png,frame_00119.png,hocho_R_4/rgb_max_lockin_f300_ps8_th12/00000-00119-FRAME_rgbmax_scale1.00.png,,,0,decode失敗,QR未検出,0.342408,0.382720,0.576678,0.305854,,lockin:lockin::None:9.990158498590453:12:8:binary:0,lockin,,,9.990158,12
hocho_R_4,frame_00000.png,frame_00119.png,,,,0,decode失敗,QR未検出,0.069478,0.307308,0.619618,0.154371,,lockin:lockin::None:14.995079249295227:4:8:binary:0,lockin,,,14.995079,4
hocho_R_4,frame_00000.png,frame_00119.png,,,,0,decode失敗,QR未検出,0.373456,0.324224,0.508419,0.470634,,lockin:lockin::None:14.995079249295227:8:8:binary:0,lockin,,,14.995079,8
hocho_R_4,frame_00000.png,frame_00119.png,hocho_R_4/rgb_max_lockin_f300_ps8_th12/00000-00119-FRAME_rgbmax_scale1.00.png,,,0,decode失敗,QR未検出,0.325151,0.388968,0.585153,0.289312,,lockin:lockin::None:14.995079249295227:12:8:binary:0,lockin,,,14.995079,12
hocho_R_4,frame_00000.png,frame_00119.png,,,,0,decode失敗,QR未検出,0.248882,0.310871,0.544144,0.370477,,lockin:lockin::None:29.980316997180907:4:8:binary:0,lockin,,,29.980317,4
hocho_R_4,frame_00000.png,frame_00119.png,,,,0,decode失敗,QR未検出,0.302153,0.385109,0.587023,0.260020,,lockin:lockin::None:29.980316997180907:8:8:binary:0,lockin,,,29.980317,8
hocho_R_4,frame_00000.png,frame_00119.png,hocho_R_4/rgb_max_lockin_f300_ps8_th12/00000-00119-FRAME_rgbmax_scale1.00.png,,,0,decode失敗,QR未検出,0.106697,0.384735,0.627735,0.106227,,lockin:lockin::None:29.980316997180907:12:8:binary:0,lockin,,,29.980317,12
hocho_R_8,frame_00000.png,frame_00119.png,,,,0,decode失敗,QR未検出,0.043480,0.289149,0.627917,0.106961,,lockin:lockin::None:9.990158498590453:4:8:binary:0,lockin,,,9.990158,4
hocho_R_8,frame_00000.png,frame_00119.png,,,,0,decode失敗,QR未検出,0.256678,0.316526,0.545987,0.365944,,lockin:lockin::None:9.990158498590453:8:8:binary:0,lockin,,,9.990158,8
hocho_R_8,frame_00000.png,frame_00119.png,hocho_R_8/rgb_max_lockin_f300_ps8_th12/00000-00119-FRAME_rgbmax_scale1.00.png,,,0,decode失敗,QR未検出,0.437463,0.376939,0.550160,0.386543,,lockin:lockin::None:9.990158498590453:12:8:binary:0,lockin,,,9.990158,12
hocho_R_8,frame_00000.png,frame_00119.png,,,,0,decode失敗,QR未検出,0.064287,0.298657,0.619775,0.142735,,lockin:lockin::None:14.995079249295227:4:8:binary:0,lockin,,,14.995079,4
hocho_R_8,frame_00000.png,frame_00119.png,,,,0,decode失敗,QR未検出,0.327671,0.321589,0.522893,0.435109,,lockin:lockin::None:14.995079249295227:8:8:binary:0,lockin,,,14.995079,8
hocho_R_8,frame_00000.png,frame_00119.png,hocho_R_8/rgb_max_lockin_f300_ps8_th12/00000-00119-FRAME_rgbmax_scale1.00.png,,,0,decode失敗,QR未検出,0.370106,0.384202,0.572043,0.322350,,lockin:lockin::None:14.995079249295227:12:8:binary:0,lockin,,,14.995079,12
hocho_R_8,frame_00000.png,frame_00119.png,,,,0,decode失敗,QR未検出,0.340367,0.318107,0.513910,0.449707,,lockin:lockin::None:29.980316997180907:4:8:binary:0,lockin,,,29.980317,4
hocho_R_8,frame_00000.png,frame_00119.png,,,,0,decode失敗,QR未検出,0.229585,0.397403,0.608627,0.196674,,lockin:lockin::None:29.980316997180907:8:8:binary:0,lockin,,,29.980317,8
hocho_R_8,frame_00000.png,frame_00119.png,hocho_R_8/rgb_max_lockin_f300_ps8_th12/00000-00119-FRAME_rgbmax_scale1.00.png,,,0,decode失敗,QR未検出,0.072103,0.386299,0.635253,0.076146,,lockin:lockin::None:29.980316997180907:12:8:binary:0,lockin,,,29.980317,12
hocho_R_12,frame_00000.png,frame_00119.png,,,,0,decode失敗,QR未検出,0.016067,0.193531,0.632300,0.081475,,lockin:lockin::None:9.990158498590453:4:8:binary:0,lockin,,,9.990158,4
hocho_R_12,frame_00000.png,frame_00119.png,,,,0,decode失敗,QR未検出,0.135740,0.262771,0.564348,0.292084,,lockin:lockin::None:9.990158498590453:8:8:binary:0,lockin,,,9.990158,8
hocho_R_12,frame_00000.png,frame_00119.png,hocho_R_12/rgb_max_lockin_f300_ps8_th12/00000-00119-FRAME_rgbmax_scale1.00.png,,,0,decode失敗,QR未検出,0.598126,0.388527,0.530014,0.474647,,lockin:lockin::None:9.990158498590453:12:8:binary:0,lockin,,,9.990158,12
hocho_R_12,frame_00000.png,frame_00119.png,,,,0,decode失敗,QR未検出,0.056606,0.236701,0.606041,0.170453,,lockin:lockin::None:14.995079249295227:4:8:binary:0,lockin,,,14.995079,4
hocho_R_12,frame_00000.png,frame_00119.png,,,,0,decode失敗,QR未検出,0.633580,0.386755,0.520280,0.495719,,lockin:lockin::None:14.995079249295227:8:8:binary:0,lockin,,,14.995079,8
hocho_R_12,frame_00000.png,frame_00119.png,hocho_R_12/rgb_max_lockin_f300_ps8_th12/00000-00119-FRAME_rgbmax_scale1.00.png,,,0,decode失敗,QR未検出,0.347928,0.431002,0.611127,0.261490,,lockin:lockin::None:14.995079249295227:12:8:binary:0,lockin,,,14.995079,12
hocho_R_12,frame_00000.png,frame_00119.png,,,,0,decode失敗,QR未検出,0.159833,0.276906,0.559991,0.307654,,lockin:lockin::None:29.980316997180907:4:8:binary:0,lockin,,,29.980317,4
hocho_R_12,frame_00000.png,frame_00119.png,,,,0,decode失敗,QR未検出,0.427112,0.405512,0.580460,0.326129,,lockin:lockin::None:29.980316997180907:8:8:binary:0,lockin,,,29.980317,8
hocho_R_12,frame_00000.png,frame_00119.png,hocho_R_12/rgb_max_lockin_f300_ps8_th12/00000-00119-FRAME_rgbmax_scale1.00.png,,,0,decode失敗,QR未検出,0.213023,0.451123,0.633953,0.151985,,lockin:lockin::None:29.980316997180907:12:8:binary:0,lockin,,,29.980317,12
ex_R_4,frame_00000.png,frame_00119.png,,,,0,decode失敗,QR未検出,0.020287,0.220035,0.632041,0.052113,,lockin:lockin::None:9.990158498590453:4:8:binary:0,lockin,,,9.990158,4
ex_R_4,frame_00000.png,frame_00119.png,,,,0,decode失敗,QR未検出,0.100441,0.281952,0.595747,0.172596,,lockin:lockin::None:9.990158498590453:8:8:binary:0,lockin,,,9.990158,8
ex_R_4,frame_00000.png,frame_00119.png,ex_R_4/rgb_max_lockin_f300_ps8_th12/00000-00119-FRAME_rgbmax_scale1.00.png,,,0,decode失敗,QR未検出,0.335477,0.334430,0.533877,0.362888,,lockin:lockin::None:9.990158498590453:12:8:binary:0,lockin,,,9.990158,12
ex_R_4,frame_00000.png,frame_00119.png,,,,0,decode失敗,QR未検出,0.027018,0.225689,0.627124,0.065190,,lockin:lockin::None:14.995079249295227:4:8:binary:0,lockin,,,14.995079,4
ex_R_4,frame_00000.png,frame_00119.png,,,,0,decode失敗,QR未検出,0.142766,0.305384,0.586436,0.214579,,lockin:lockin::None:14.995079249295227:8:8:binary:0,lockin,,,14.995079,8
ex_R_4,frame_00000.png,frame_00119.png,ex_R_4/rgb_max_lockin_f300_ps8_th12/00000-00119-FRAME_rgbmax_scale1.00.png,,,0,decode失敗,QR未検出,0.448574,0.345066,0.509160,0.434814,,lockin:lockin::None:14.995079249295227:12:8:binary:0,lockin,,,14.995079,12
ex_R_4,frame_00000.png,frame_00119.png,,,,0,decode失敗,QR未検出,0.207658,0.319731,0.568172,0.270106,,lockin:lockin::None:29.980316997180907:4:8:binary:0,lockin,,,29.980317,4
ex_R_4,frame_00000.png,frame_00119.png,,,,0,decode失敗,QR未検出,0.195006,0.324567,0.576343,0.288909,,lockin:lockin::None:29.980316997180907:8:8:binary:0,lockin,,,29.980317,8
ex_R_4,frame_00000.png,frame_00119.png,ex_R_4/rgb_max_lockin_f300_ps8_th12/00000-00119-FRAME_rgbmax_scale1.00.png,,,0,decode失敗,QR未検出,0.029123,0.265815,0.632149,0.084325,,lockin:lockin::None:29.980316997180907:12:8:binary:0,lockin,,,29.980317,12
ex_R_8,frame_00000.png,frame_00119.png,ex_R_8/rgb_max_lockin_f100_ps8_th4/00000-00119-FRAME_rgbmax_scale1.00.png,,,0,decode失敗,QR未検出,0.012301,0.181336,0.634977,0.039242,,lockin:lockin::None:9.990158498590453:4:8:binary:0,lockin,,,9.990158,4
ex_R_8,frame_00000.png,frame_00119.png,,,,0,decode失敗,QR未検出,0.050976,0.259198,0.616964,0.109018,,lockin:lockin::None:9.990158498590453:8:8:binary:0,lockin,,,9.990158,8
ex_R_8,frame_00000.png,frame_00119.png,,,,0,decode失敗,QR未検出,0.143406,0.303423,0.585088,0.221170,,lockin:lockin::None:9.990158498590453:12:8:binary:0,lockin,,,9.990158,12
ex_R_8,frame_00000.png,frame_00119.png,ex_R_8/rgb_max_lockin_f100_ps8_th4/00000-00119-FRAME_rgbmax_scale1.00.png,,,0,decode失敗,QR未検出,0.041560,0.258009,0.622827,0.086873,,lockin:lockin::None:14.995079249295227:4:8:binary:0,lockin,,,14.995079,4
ex_R_8,frame_00000.png,frame_00119.png,,,,0,decode失敗,QR未検出,0.215774,0.314867,0.561322,0.282491,,lockin:lockin::None:14.995079249295227:8:8:binary:0,lockin,,,14.995079,8
ex_R_8,frame_00000.png,frame_00119.png,,,,0,decode失敗,QR未検出,0.381842,0.346692,0.531944,0.445614,,lockin:lockin::None:14.995079249295227:12:8:binary:0,lockin,,,14.995079,12
ex_R_8,frame_00000.png,frame_00119.png,ex_R_8/rgb_max_lockin_f100_ps8_th4/00000-00119-FRAME_rgbmax_scale1.00.png,,,0,decode失敗,QR未検出,0.055251,0.264501,0.615680,0.117147,,lockin:lockin::None:29.980316997180907:4:8:binary:0,lockin,,,29.980317,4
ex_R_8,frame_00000.png,frame_00119.png,,,,0,decode失敗,QR未検出,0.332677,0.334708,0.535137,0.358906,,lockin:lockin::None:29.980316997180907:8:8:binary:0,lockin,,,29.980317,8
ex_R_8,frame_00000.png,frame_00119.png,,,,0,decode失敗,QR未検出,0.284651,0.336801,0.553582,0.369132,,lockin:lockin::None:29.980316997180907:12:8:binary:0,lockin,,,29.980317,12
ex_R_12,frame_00000.png,frame_00119.png,ex_R_12/rgb_max_lockin_f100_ps8_th4/00000-00119-FRAME_rgbmax_scale1.00.png,,,0,decode失敗,QR未検出,0.007186,0.109955,0.632266,0.043352,,lockin:lockin::None:9.990158498590453:4:8:binary:0,lockin,,,9.990158,4
ex_R_12,frame_00000.png,frame_00119.png,,,,0,decode失敗,QR未検出,0.058056,0.254349,0.610866,0.126939,,lockin:lockin::None:9.990158498590453:8:8:binary:0,lockin,,,9.990158,8
ex_R_12,frame_00000.png,frame_00119.png,,,,0,decode失敗,QR未検出,0.203932,0.339839,0.582847,0.255030,,lockin:lockin::None:9.990158498590453:12:8:binary:0,lockin,,,9.990158,12
ex_R_12,frame_00000.png,frame_00119.png,ex_R_12/rgb_max_lockin_f100_ps8_th4/00000-00119-FRAME_rgbmax_scale1.00.png,,,0,decode失敗,QR未検出,0.007936,0.110025,0.630420,0.046948,,lockin:lockin::None:14.995079249295227:4:8:binary:0,lockin,,,14.995079,4
ex_R_12,frame_00000.png,frame_00119.png,,,,0,decode失敗,QR未検出,0.057426,0.247965,0.609258,0.133709,,lockin:lockin::None:14.995079249295227:8:8:binary:0,lockin,,,14.995079,8
ex_R_12,frame_00000.png,frame_00119.png,,,,0,decode失敗,QR未検出,0.209708,0.343040,0.582957,0.258609,,lockin:lockin::None:14.995079249295227:12:8:binary:0,lockin,,,14.995079,12
ex_R_12,frame_00000.png,frame_00119.png,ex_R_12/rgb_max_lockin_f100_ps8_th4/00000-00119-FRAME_rgbmax_scale1.00.png,,,0,decode失敗,QR未検出,0.030188,0.207286,0.620272,0.087896,,lockin:lockin::None:29.980316997180907:4:8:binary:0,lockin,,,29.980317,4
ex_R_12,frame_00000.png,frame_00119.png,,,,0,decode失敗,QR未検出,0.198132,0.342425,0.586301,0.248191,,lockin:lockin::None:29.980316997180907:8:8:binary:0,lockin,,,29.980317,8
ex_R_12,frame_00000.png,frame_00119.png,,,,0,decode失敗,QR未検出,0.522407,0.372150,0.524513,0.461349,,lockin:lockin::None:29.980316997180907:12:8:binary:0,lockin,,,29.980317,12
rice_G_4,frame_00000.png,frame_00119.png,,,,0,decode失敗,QR未検出,0.057341,0.269920,0.615900,0.080845,,lockin:lockin::None:9.990158498590453:4:8:binary:0,lockin,,,9.990158,4
rice_G_4,frame_00000.png,frame_00119.png,,,,0,decode失敗,QR未検出,0.376826,0.326142,0.509532,0.448001,,lockin:lockin::None:9.990158498590453:8:8:binary:0,lockin,,,9.990158,8
rice_G_4,frame_00000.png,frame_00119.png,rice_G_4/rgb_max_lockin_f300_ps8_th12/00000-00119-FRAME_rgbmax_scale1.00.png,,,0,decode失敗,QR未検出,0.260344,0.402503,0.605974,0.229804,,lockin:lockin::None:9.990158498590453:12:8:binary:0,lockin,,,9.990158,12
rice_G_4,frame_00000.png,frame_00119.png,,,,0,decode失敗,QR未検出,0.088600,0.288924,0.604809,0.138530,,lockin:lockin::None:14.995079249295227:4:8:binary:0,lockin,,,14.995079,4
rice_G_4,frame_00000.png,frame_00119.png,,,,0,decode失敗,QR未検出,0.489069,0.368501,0.527974,0.443382,,lockin:lockin::None:14.995079249295227:8:8:binary:0,lockin,,,14.995079,8
rice_G_4,frame_00000.png,frame_00119.png,rice_G_4/rgb_max_lockin_f300_ps8_th12/00000-00119-FRAME_rgbmax_scale1.00.png,,,0,decode失敗,QR未検出,0.207028,0.418082,0.621718,0.166590,,lockin:lockin::None:14.995079249295227:12:8:binary:0,lockin,,,14.995079,12
rice_G_4,frame_00000.png,frame_00119.png,,,,0,decode失敗,QR未検出,0.239866,0.316441,0.552735,0.332422,,lockin:lockin::None:29.980316997180907:4:8:binary:0,lockin,,,29.980317,4
rice_G_4,frame_00000.png,frame_00119.png,,,,0,decode失敗,QR未検出,0.242212,0.407431,0.611594,0.199684,,lockin:lockin::None:29.980316997180907:8:8:binary:0,lockin,,,29.980317,8
rice_G_4,frame_00000.png,frame_00119.png,rice_G_4/rgb_max_lockin_f300_ps8_th12/00000-00119-FRAME_rgbmax_scale1.00.png,,,0,decode失敗,QR未検出,0.113998,0.435057,0.638196,0.074578,,lockin:lockin::None:29.980316997180907:12:8:binary:0,lockin,,,29.980317,12
rice_G_8,frame_00000.png,frame_00119.png,,,,0,decode失敗,QR未検出,0.052771,0.266120,0.617650,0.077377,,lockin:lockin::None:9.990158498590453:4:8:binary:0,lockin,,,9.990158,4
rice_G_8,frame_00000.png,frame_00119.png,,,,0,decode失敗,QR未検出,0.323361,0.327760,0.531190,0.398551,,lockin:lockin::None:9.990158498590453:8:8:binary:0,lockin,,,9.990158,8
rice_G_8,frame_00000.png,frame_00119.png,rice_G_8/rgb_max_lockin_f300_ps8_th12/00000-00119-FRAME_rgbmax_scale1.00.png,,,0,decode失敗,QR未検出,0.293347,0.397837,0.597388,0.266321,,lockin:lockin::None:9.990158498590453:12:8:binary:0,lockin,,,9.990158,12
rice_G_8,frame_00000.png,frame_00119.png,,,,0,decode失敗,QR未検出,0.080239,0.270549,0.602483,0.129702,,lockin:lockin::None:14.995079249295227:4:8:binary:0,lockin,,,14.995079,4
rice_G_8,frame_00000.png,frame_00119.png,,,,0,decode失敗,QR未検出,0.522122,0.368226,0.519350,0.477661,,lockin:lockin::None:14.995079249295227:8:8:binary:0,lockin,,,14.995079,8
rice_G_8,frame_00000.png,frame_00119.png,rice_G_8/rgb_max_lockin_f300_ps8_th12/00000-00119-FRAME_rgbmax_scale1.00.png,,,0,decode失敗,QR未検出,0.224860,0.409797,0.615468,0.189085,,lockin:lockin::None:14.995079249295227:12:8:binary:0,lockin,,,14.995079,12
rice_G_8,frame_00000.png,frame_00119.png,,,,0,decode失敗,QR未検出,0.520187,0.365434,0.516058,0.481593,,lockin:lockin::None:29.980316997180907:4:8:binary:0,lockin,,,29.980317,4
rice_G_8,frame_00000.png,frame_00119.png,,,,0,decode失敗,QR未検出,0.151722,0.433220,0.633738,0.110186,,lockin:lockin::None:29.980316997180907:8:8:binary:0,lockin,,,29.980317,8
rice_G_8,frame_00000.png,frame_00119.png,rice_G_8/rgb_max_lockin_f300_ps8_th12/00000-00119-FRAME_rgbmax_scale1.00.png,,,0,decode失敗,QR未検出,0.061262,0.446400,0.644957,0.037235,,lockin:lockin::None:29.980316997180907:12:8:binary:0,lockin,,,29.980317,12
rice_G_12,frame_00000.png,frame_00119.png,,,,0,decode失敗,QR未検出,0.035799,0.233268,0.621459,0.076866,,lockin:lockin::None:9.990158498590453:4:8:binary:0,lockin,,,9.990158,4
rice_G_12,frame_00000.png,frame_00119.png,,,,0,decode失敗,QR未検出,0.332342,0.313611,0.511880,0.432816,,lockin:lockin::None:9.990158498590453:8:8:binary:0,lockin,,,9.990158,8
rice_G_12,frame_00000.png,frame_00119.png,rice_G_12/rgb_max_lockin_f300_ps8_th12/00000-00119-FRAME_rgbmax_scale1.00.png,,,0,decode失敗,QR未検出,0.287432,0.409084,0.605402,0.240290,,lockin:lockin::None:9.990158498590453:12:8:binary:0,lockin,,,9.990158,12
rice_G_12,frame_00000.png,frame_00119.png,,,,0,decode失敗,QR未検出,0.054021,0.251011,0.612605,0.108394,,lockin:lockin::None:14.995079249295227:4:8:binary:0,lockin,,,14.995079,4
rice_G_12,frame_00000.png,frame_00119.png,,,,0,decode失敗,QR未検出,0.609967,0.373179,0.505044,0.521245,,lockin:lockin::None:14.995079249295227:8:8:binary:0,lockin,,,14.995079,8
rice_G_12,frame_00000.png,frame_00119.png,rice_G_12/rgb_max_lockin_f300_ps8_th12/00000-00119-FRAME_rgbmax_scale1.00.png,,,0,decode失敗,QR未検出,0.259784,0.410813,0.610637,0.215404,,lockin:lockin::None:14.995079249295227:12:8:binary:0,lockin,,,14.995079,12
rice_G_12,frame_00000.png,frame_00119.png,,,,0,decode失敗,QR未検出,0.257978,0.307446,0.537037,0.365876,,lockin:lockin::None:29.980316997180907:4:8:binary:0,lockin,,,29.980317,4
rice_G_12,frame_00000.png,frame_00119.png,,,,0,decode失敗,QR未検出,0.236671,0.422886,0.619903,0.184136,,lockin:lockin::None:29.980316997180907:8:8:binary:0,lockin,,,29.980317,8
rice_G_12,frame_00000.png,frame_00119.png,rice_G_12/rgb_max_lockin_f300_ps8_th12/00000-00119-FRAME_rgbmax_scale1.00.png,,,0,decode失敗,QR未検出,0.111522,0.450373,0.641505,0.069031,,lockin:lockin::None:29.980316997180907:12:8:binary:0,lockin,,,29.980317,12
nagaoka_fireworks_G_4,frame_00000.png,frame_00119.png,,,,0,decode失敗,QR未検出,0.212193,0.275115,0.528724,0.428041,,lockin:lockin::None:9.990158498590453:4:8:binary:0,lockin,,,9.990158,4
nagaoka_fireworks_G_4,frame_00000.png,frame_00119.png,,,,0,decode失敗,QR未検出,0.609542,0.391481,0.531863,0.357920,,lockin:lockin::None:9.990158498590453:8:8:binary:0,lockin,,,9.990158,8
nagaoka_fireworks_G_4,frame_00000.png,frame_00119.png,nagaoka_fireworks_G_4/rgb_max_lockin_f300_ps8_th12/00000-00119-FRAME_rgbmax_scale1.00.png,,,0,decode失敗,QR未検出,0.413691,0.415344,0.591098,0.231309,,lockin:lockin::None:9.990158498590453:12:8:binary:0,lockin,,,9.990158,12
nagaoka_fireworks_G_4,frame_00000.png,frame_00119.png,,,,0,decode失敗,QR未検出,0.243927,0.283386,0.519626,0.481614,,lockin:lockin::None:14.995079249295227:4:8:binary:0,lockin,,,14.995079,4
nagaoka_fireworks_G_4,frame_00000.png,frame_00119.png,,,,0,decode失敗,QR未検出,0.546315,0.398100,0.552247,0.309708,,lockin:lockin::None:14.995079249295227:8:8:binary:0,lockin,,,14.995079,8
nagaoka_fireworks_G_4,frame_00000.png,frame_00119.png,nagaoka_fireworks_G_4/rgb_max_lockin_f300_ps8_th12/00000-00119-FRAME_rgbmax_scale1.00.png,,,0,decode失敗,QR未検出,0.317090,0.418577,0.606940,0.183737,,lockin:lockin::None:14.995079249295227:12:8:binary:0,lockin,,,14.995079,12
nagaoka_fireworks_G_4,frame_00000.png,frame_00119.png,,,,0,decode失敗,QR未検出,0.680510,0.385394,0.508491,0.429489,,lockin:lockin::None:29.980316997180907:4:8:binary:0,lockin,,,29.980317,4
nagaoka_fireworks_G_4,frame_00000.png,frame_00119.png,,,,0,decode失敗,QR未検出,0.377957,0.411168,0.592962,0.217168,,lockin:lockin::None:29.980316997180907:8:8:binary:0,lockin,,,29.980317,8
nagaoka_fireworks_G_4,frame_00000.png,frame_00119.png,nagaoka_fireworks_G_4/rgb_max_lockin_f300_ps8_th12/00000-00119-FRAME_rgbmax_scale1.00.png,,,0,decode失敗,QR未検出,0.156747,0.432460,0.632973,0.098430,,lockin:lockin::None:29.980316997180907:12:8:binary:0,lockin,,,29.980317,12
nagaoka_fireworks_G_8,frame_00000.png,frame_00119.png,,,,0,decode失敗,QR未検出,0.152242,0.244538,0.538808,0.342372,,lockin:lockin::None:9.990158498590453:4:8:binary:0,lockin,,,9.990158,4
nagaoka_fireworks_G_8,frame_00000.png,frame_00119.png,,,,0,decode失敗,QR未検出,0.693091,0.383474,0.502722,0.445591,,lockin:lockin::None:9.990158498590453:8:8:binary:0,lockin,,,9.990158,8
nagaoka_fireworks_G_8,frame_00000.png,frame_00119.png,nagaoka_fireworks_G_8/rgb_max_lockin_f300_ps8_th12/00000-00119-FRAME_rgbmax_scale1.00.png,,,0,decode失敗,QR未検出,0.555456,0.395414,0.547294,0.322660,,lockin:lockin::None:9.990158498590453:12:8:binary:0,lockin,,,9.990158,12
nagaoka_fireworks_G_8,frame_00000.png,frame_00119.png,,,,0,decode失敗,QR未検出,0.170419,0.247590,0.528525,0.384347,,lockin:lockin::None:14.995079249295227:4:8:binary:0,lockin,,,14.995079,4
nagaoka_fireworks_G_8,frame_00000.png,frame_00119.png,,,,0,decode失敗,QR未検出,0.667593,0.387530,0.514519,0.411897,,lockin:lockin::None:14.995079249295227:8:8:binary:0,lockin,,,14.995079,8
nagaoka_fireworks_G_8,frame_00000.png,frame_00119.png,nagaoka_fireworks_G_8/rgb_max_lockin_f300_ps8_th12/00000-00119-FRAME_rgbmax_scale1.00.png,,,0,decode失敗,QR未検出,0.515867,0.400470,0.560385,0.292366,,lockin:lockin::None:14.995079249295227:12:8:binary:0,lockin,,,14.995079,12
nagaoka_fireworks_G_8,frame_00000.png,frame_00119.png,,,,0,decode失敗,QR未検出,0.693511,0.383203,0.502185,0.449340,,lockin:lockin::None:29.980316997180907:4:8:binary:0,lockin,,,29.980317,4
nagaoka_fireworks_G_8,frame_00000.png,frame_00119.png,,,,0,decode失敗,QR未検出,0.434043,0.406627,0.580357,0.248082,,lockin:lockin::None:29.980316997180907:8:8:binary:0,lockin,,,29.980317,8
nagaoka_fireworks_G_8,frame_00000.png,frame_00119.png,nagaoka_fireworks_G_8/rgb_max_lockin_f300_ps8_th12/00000-00119-FRAME_rgbmax_scale1.00.png,,,0,decode失敗,QR未検出,0.207163,0.425500,0.624722,0.127345,,lockin:lockin::None:29.980316997180907:12:8:binary:0,lockin,,,29.980317,12
nagaoka_fireworks_G_12,frame_00000.png,frame_00119.png,,,,0,decode失敗,QR未検出,0.183920,0.251176,0.522604,0.444279,,lockin:lockin::None:9.990158498590453:4:8:binary:0,lockin,,,9.990158,4
nagaoka_fireworks_G_12,frame_00000.png,frame_00119.png,,,,0,decode失敗,QR未検出,0.616373,0.397789,0.539275,0.344808,,lockin:lockin::None:9.990158498590453:8:8:binary:0,lockin,,,9.990158,8
nagaoka_fireworks_G_12,frame_00000.png,frame_00119.png,nagaoka_fireworks_G_12/rgb_max_lockin_f300_ps8_th12/00000-00119-FRAME_rgbmax_scale1.00.png,,,0,decode失敗,QR未検出,0.437933,0.449152,0.615410,0.212352,,lockin:lockin::None:9.990158498590453:12:8:binary:0,lockin,,,9.990158,12
nagaoka_fireworks_G_12,frame_00000.png,frame_00119.png,,,,0,decode失敗,QR未検出,0.170219,0.239583,0.520629,0.435027,,lockin:lockin::None:14.995079249295227:4:8:binary:0,lockin,,,14.995079,4
nagaoka_fireworks_G_12,frame_00000.png,frame_00119.png,,,,0,decode失敗,QR未検出,0.645211,0.395389,0.530644,0.360979,,lockin:lockin::None:14.995079249295227:8:8:binary:0,lockin,,,14.995079,8
nagaoka_fireworks_G_12,frame_00000.png,frame_00119.png,nagaoka_fireworks_G_12/rgb_max_lockin_f300_ps8_th12/00000-00119-FRAME_rgbmax_scale1.00.png,,,0,decode失敗,QR未検出,0.486679,0.436187,0.600279,0.238717,,lockin:lockin::None:14.995079249295227:12:8:binary:0,lockin,,,14.995079,12
nagaoka_fireworks_G_12,frame_00000.png,frame_00119.png,,,,0,decode失敗,QR未検出,0.710148,0.391465,0.512321,0.431368,,lockin:lockin::None:29.980316997180907:4:8:binary:0,lockin,,,29.980317,4
nagaoka_fireworks_G_12,frame_00000.png,frame_00119.png,,,,0,decode失敗,QR未検出,0.439613,0.437354,0.606039,0.222603,,lockin:lockin::None:29.980316997180907:8:8:binary:0,lockin,,,29.980317,8
nagaoka_fireworks_G_12,frame_00000.png,frame_00119.png,nagaoka_fireworks_G_12/rgb_max_lockin_f300_ps8_th12/00000-00119-FRAME_rgbmax_scale1.00.png,,,0,decode失敗,QR未検出,0.193041,0.465389,0.640058,0.102456,,lockin:lockin::None:29.980316997180907:12:8:binary:0,lockin,,,29.980317,12
hocho_G_4,frame_00000.png,frame_00119.png,,,,0,decode失敗,QR未検出,0.044330,0.275936,0.624914,0.118420,,lockin:lockin::None:9.990158498590453:4:8:binary:0,lockin,,,9.990158,4
hocho_G_4,frame_00000.png,frame_00119.png,,,,0,decode失敗,QR未検出,0.294767,0.326300,0.540297,0.392181,,lockin:lockin::None:9.990158498590453:8:8:binary:0,lockin,,,9.990158,8
hocho_G_4,frame_00000.png,frame_00119.png,hocho_G_4/rgb_max_lockin_f300_ps8_th12/00000-00119-FRAME_rgbmax_scale1.00.png,,,0,decode失敗,QR未検出,0.367045,0.366216,0.556271,0.351376,,lockin:lockin::None:9.990158498590453:12:8:binary:0,lockin,,,9.990158,12
hocho_G_4,frame_00000.png,frame_00119.png,,,,0,decode失敗,QR未検出,0.049935,0.281780,0.623042,0.130911,,lockin:lockin::None:14.995079249295227:4:8:binary:0,lockin,,,14.995079,4
hocho_G_4,frame_00000.png,frame_00119.png,,,,0,decode失敗,QR未検出,0.314815,0.324597,0.531058,0.420885,,lockin:lockin::None:14.995079249295227:8:8:binary:0,lockin,,,14.995079,8
hocho_G_4,frame_00000.png,frame_00119.png,hocho_G_4/rgb_max_lockin_f300_ps8_th12/00000-00119-FRAME_rgbmax_scale1.00.png,,,0,decode失敗,QR未検出,0.367145,0.371010,0.560778,0.335225,,lockin:lockin::None:14.995079249295227:12:8:binary:0,lockin,,,14.995079,12
hocho_G_4,frame_00000.png,frame_00119.png,,,,0,decode失敗,QR未検出,0.271520,0.318081,0.541434,0.381117,,lockin:lockin::None:29.980316997180907:4:8:binary:0,lockin,,,29.980317,4
hocho_G_4,frame_00000.png,frame_00119.png,,,,0,decode失敗,QR未検出,0.267009,0.375206,0.587958,0.247017,,lockin:lockin::None:29.980316997180907:8:8:binary:0,lockin,,,29.980317,8
hocho_G_4,frame_00000.png,frame_00119.png,hocho_G_4/rgb_max_lockin_f300_ps8_th12/00000-00119-FRAME_rgbmax_scale1.00.png,,,0,decode失敗,QR未検出,0.090645,0.369298,0.627654,0.100497,,lockin:lockin::None:29.980316997180907:12:8:binary:0,lockin,,,29.980317,12
hocho_G_8,frame_00000.png,frame_00119.png,hocho_G_8/rgb_max_lockin_f100_ps8_th4/00000-00119-FRAME_rgbmax_scale1.00.png,,,0,decode失敗,QR未検出,0.029613,0.266349,0.631925,0.088535,,lockin:lockin::None:9.990158498590453:4:8:binary:0,lockin,,,9.990158,4
hocho_G_8,frame_00000.png,frame_00119.png,,,,0,decode失敗,QR未検出,0.207763,0.314060,0.564026,0.326188,,lockin:lockin::None:9.990158498590453:8:8:binary:0,lockin,,,9.990158,8
hocho_G_8,frame_00000.png,frame_00119.png,,,,0,decode失敗,QR未検出,0.479053,0.363998,0.524849,0.428525,,lockin:lockin::None:9.990158498590453:12:8:binary:0,lockin,,,9.990158,12
hocho_G_8,frame_00000.png,frame_00119.png,hocho_G_8/rgb_max_lockin_f100_ps8_th4/00000-00119-FRAME_rgbmax_scale1.00.png,,,0,decode失敗,QR未検出,0.055491,0.275866,0.618554,0.140570,,lockin:lockin::None:14.995079249295227:4:8:binary:0,lockin,,,14.995079,4
hocho_G_8,frame_00000.png,frame_00119.png,,,,0,decode失敗,QR未検出,0.347643,0.326657,0.521007,0.449230,,lockin:lockin::None:14.995079249295227:8:8:binary:0,lockin,,,14.995079,8
hocho_G_8,frame_00000.png,frame_00119.png,,,,0,decode失敗,QR未検出,0.335967,0.377267,0.573619,0.304747,,lockin:lockin::None:14.995079249295227:12:8:binary:0,lockin,,,14.995079,12
hocho_G_8,frame_00000.png,frame_00119.png,hocho_G_8/rgb_max_lockin_f100_ps8_th4/00000-00119-FRAME_rgbmax_scale1.00.png,,,0,decode失敗,QR未検出,0.208653,0.315733,0.564888,0.323293,,lockin:lockin::None:29.980316997180907:4:8:binary:0,lockin,,,29.980317,4
hocho_G_8,frame_00000.png,frame_00119.png,,,,0,decode失敗,QR未検出,0.339577,0.379366,0.574539,0.300478,,lockin:lockin::None:29.980316997180907:8:8:binary:0,lockin,,,29.980317,8
hocho_G_8,frame_00000.png,frame_00119.png,,,,0,decode失敗,QR未検出,0.129144,0.391867,0.625166,0.128732,,lockin:lockin::None:29.980316997180907:12:8:binary:0,lockin,,,29.980317,12
hocho_G_12,frame_00000.png,frame_00119.png,hocho_G_12/rgb_max_lockin_f150_ps8_th4/00000-00119-FRAME_rgbmax_scale1.00.png,,,0,decode失敗,QR未検出,0.030773,0.243530,0.627425,0.104509,,lockin:lockin::None:9.990158498590453:4:8:binary:0,lockin,,,9.990158,4
hocho_G_12,frame_00000.png,frame_00119.png,,,,0,decode失敗,QR未検出,0.294417,0.355959,0.566732,0.367040,,lockin:lockin::None:9.990158498590453:8:8:binary:0,lockin,,,9.990158,8
hocho_G_12,frame_00000.png,frame_00119.png,,,,0,decode失敗,QR未検出,0.351924,0.333217,0.526838,0.378921,,lockin:lockin::None:9.990158498590453:12:8:binary:0,lockin,,,9.990158,12
hocho_G_12,frame_00000.png,frame_00119.png,hocho_G_12/rgb_max_lockin_f150_ps8_th4/00000-00119-FRAME_rgbmax_scale1.00.png,,,0,decode失敗,QR未検出,0.028958,0.265862,0.632258,0.100383,,lockin:lockin::None:14.995079249295227:4:8:binary:0,lockin,,,14.995079,4
hocho_G_12,frame_00000.png,frame_00119.png,,,,0,decode失敗,QR未検出,0.239491,0.334257,0.567002,0.342877,,lockin:lockin::None:14.995079249295227:8:8:binary:0,lockin,,,14.995079,8
hocho_G_12,frame_00000.png,frame_00119.png,,,,0,decode失敗,QR未検出,0.409490,0.336394,0.510736,0.416625,,lockin:lockin::None:14.995079249295227:12:8:binary:0,lockin,,,14.995079,12
hocho_G_12,frame_00000.png,frame_00119.png,hocho_G_12/rgb_max_lockin_f150_ps8_th4/00000-00119-FRAME_rgbmax_scale1.00.png,,,0,decode失敗,QR未検出,0.209288,0.330089,0.574716,0.312554,,lockin:lockin::None:29.980316997180907:4:8:binary:0,lockin,,,29.980317,4
hocho_G_12,frame_00000.png,frame_00119.png,,,,0,decode失敗,QR未検出,0.311334,0.338852,0.546492,0.319214,,lockin:lockin::None:29.980316997180907:8:8:binary:0,lockin,,,29.980317,8
hocho_G_12,frame_00000.png,frame_00119.png,,,,0,decode失敗,QR未検出,0.114483,0.317849,0.604193,0.144738,,lockin:lockin::None:29.980316997180907:12:8:binary:0,lockin,,,29.980317,12
ex_G_4,frame_00000.png,frame_00119.png,ex_G_4/rgb_max_lockin_f100_ps8_th4/00000-00119-FRAME_rgbmax_scale1.00.png,,,0,decode失敗,QR未検出,0.007331,0.121338,0.634095,0.041710,,lockin:lockin::None:9.990158498590453:4:8:binary:0,lockin,,,9.990158,4
ex_G_4,frame_00000.png,frame_00119.png,,,,0,decode失敗,QR未検出,0.065747,0.248361,0.603488,0.128682,,lockin:lockin::None:9.990158498590453:8:8:binary:0,lockin,,,9.990158,8
ex_G_4,frame_00000.png,frame_00119.png,,,,0,decode失敗,QR未検出,0.238166,0.316459,0.553440,0.276316,,lockin:lockin::None:9.990158498590453:12:8:binary:0,lockin,,,9.990158,12
ex_G_4,frame_00000.png,frame_00119.png,ex_G_4/rgb_max_lockin_f100_ps8_th4/00000-00119-FRAME_rgbmax_scale1.00.png,,,0,decode失敗,QR未検出,0.035184,0.222328,0.619354,0.077616,,lockin:lockin::None:14.995079249295227:4:8:binary:0,lockin,,,14.995079,4
ex_G_4,frame_00000.png,frame_00119.png,,,,0,decode失敗,QR未検出,0.189721,0.306807,0.566503,0.243659,,lockin:lockin::None:14.995079249295227:8:8:binary:0,lockin,,,14.995079,8
ex_G_4,frame_00000.png,frame_00119.png,,,,0,decode失敗,QR未検出,0.446704,0.361575,0.530429,0.506766,,lockin:lockin::None:14.995079249295227:12:8:binary:0,lockin,,,14.995079,12
ex_G_4,frame_00000.png,frame_00119.png,ex_G_4/rgb_max_lockin_f100_ps8_th4/00000-00119-FRAME_rgbmax_scale1.00.png,,,0,decode失敗,QR未検出,0.048625,0.236582,0.612217,0.098144,,lockin:lockin::None:29.980316997180907:4:8:binary:0,lockin,,,29.980317,4
ex_G_4,frame_00000.png,frame_00119.png,,,,0,decode失敗,QR未検出,0.283486,0.329543,0.547491,0.305147,,lockin:lockin::None:29.980316997180907:8:8:binary:0,lockin,,,29.980317,8
ex_G_4,frame_00000.png,frame_00119.png,,,,0,decode失敗,QR未検出,0.360520,0.350103,0.542087,0.440569,,lockin:lockin::None:29.980316997180907:12:8:binary:0,lockin,,,29.980317,12
ex_G_8,frame_00000.png,frame_00119.png,ex_G_8/rgb_max_lockin_f100_ps8_th4/00000-00119-FRAME_rgbmax_scale1.00.png,,,0,decode失敗,QR未検出,0.015432,0.165620,0.628302,0.054504,,lockin:lockin::None:9.990158498590453:4:8:binary:0,lockin,,,9.990158,4
ex_G_8,frame_00000.png,frame_00119.png,,,,0,decode失敗,QR未検出,0.065817,0.242269,0.601106,0.133963,,lockin:lockin::None:9.990158498590453:8:8:binary:0,lockin,,,9.990158,8
ex_G_8,frame_00000.png,frame_00119.png,,,,0,decode失敗,QR未検出,0.198747,0.302621,0.559391,0.258384,,lockin:lockin::None:9.990158498590453:12:8:binary:0,lockin,,,9.990158,12
ex_G_8,frame_00000.png,frame_00119.png,ex_G_8/rgb_max_lockin_f100_ps8_th4/00000-00119-FRAME_rgbmax_scale1.00.png,,,0,decode失敗,QR未検出,0.031128,0.201744,0.617900,0.077427,,lockin:lockin::None:14.995079249295227:4:8:binary:0,lockin,,,14.995079,4
ex_G_8,frame_00000.png,frame_00119.png,,,,0,decode失敗,QR未検出,0.141451,0.286930,0.576599,0.219024,,lockin:lockin::None:14.995079249295227:8:8:binary:0,lockin,,,14.995079,8
ex_G_8,frame_00000.png,frame_00119.png,,,,0,decode失敗,QR未検出,0.545330,0.359199,0.500516,0.569627,,lockin:lockin::None:14.995079249295227:12:8:binary:0,lockin,,,14.995079,12
ex_G_8,frame_00000.png,frame_00119.png,ex_G_8/rgb_max_lockin_f100_ps8_th4/00000-00119-FRAME_rgbmax_scale1.00.png,,,0,decode失敗,QR未検出,0.048975,0.230594,0.610063,0.105031,,lockin:lockin::None:29.980316997180907:4:8:binary:0,lockin,,,29.980317,4
ex_G_8,frame_00000.png,frame_00119.png,,,,0,decode失敗,QR未検出,0.263214,0.320912,0.547313,0.301096,,lockin:lockin::None:29.980316997180907:8:8:binary:0,lockin,,,29.980317,8
ex_G_8,frame_00000.png,frame_00119.png,,,,0,decode失敗,QR未検出,0.385582,0.352581,0.537285,0.459913,,lockin:lockin::None:29.980316997180907:12:8:binary:0,lockin,,,29.980317,12
ex_G_12,frame_00000.png,frame_00119.png,ex_G_12/rgb_max_lockin_f150_ps8_th4/00000-00119-FRAME_rgbmax_scale1.00.png,,,0,decode失敗,QR未検出,0.003940,0.084658,0.636576,0.036897,,lockin:lockin::None:9.990158498590453:4:8:binary:0,lockin,,,9.990158,4
ex_G_12,frame_00000.png,frame_00119.png,,,,0,decode失敗,QR未検出,0.036859,0.208350,0.613998,0.086756,,lockin:lockin::None:9.990158498590453:8:8:binary:0,lockin,,,9.990158,8
ex_G_12,frame_00000.png,frame_00119.png,,,,0,decode失敗,QR未検出,0.109047,0.247773,0.572422,0.172098,,lockin:lockin::None:9.990158498590453:12:8:binary:0,lockin,,,9.990158,12
ex_G_12,frame_00000.png,frame_00119.png,ex_G_12/rgb_max_lockin_f150_ps8_th4/00000-00119-FRAME_rgbmax_scale1.00.png,,,0,decode失敗,QR未検出,0.004285,0.091854,0.636779,0.037661,,lockin:lockin::None:14.995079249295227:4:8:binary:0,lockin,,,14.995079,4
ex_G_12,frame_00000.png,frame_00119.png,,,,0,decode失敗,QR未検出,0.037089,0.202977,0.612124,0.089533,,lockin:lockin::None:14.995079249295227:8:8:binary:0,lockin,,,14.995079,8
ex_G_12,frame_00000.png,frame_00119.png,,,,0,decode失敗,QR未検出,0.125114,0.264370,0.572069,0.183201,,lockin:lockin::None:14.995079249295227:12:8:binary:0,lockin,,,14.995079,12
ex_G_12,frame_00000.png,frame_00119.png,ex_G_12/rgb_max_lockin_f150_ps8_th4/00000-00119-FRAME_rgbmax_scale1.00.png,,,0,decode失敗,QR未検出,0.057601,0.238079,0.605759,0.110985,,lockin:lockin::None:29.980316997180907:4:8:binary:0,lockin,,,29.980317,4
ex_G_12,frame_00000.png,frame_00119.png,,,,0,decode失敗,QR未検出,0.622638,0.378695,0.510533,0.619775,,lockin:lockin::None:29.980316997180907:8:8:binary:0,lockin,,,29.980317,8
ex_G_12,frame_00000.png,frame_00119.png,,,,0,decode失敗,QR未検出,0.248722,0.377194,0.593436,0.336809,,lockin:lockin::None:29.980316997180907:12:8:binary:0,lockin,,,29.980317,12
rice_B_4,frame_00000.png,frame_00119.png,,,,0,decode失敗,QR未検出,0.050526,0.261443,0.617842,0.070564,,lockin:lockin::None:9.990158498590453:4:8:binary:0,lockin,,,9.990158,4
rice_B_4,frame_00000.png,frame_00119.png,,,,0,decode失敗,QR未検出,0.321170,0.317059,0.520424,0.406238,,lockin:lockin::None:9.990158498590453:8:8:binary:0,lockin,,,9.990158,8
rice_B_4,frame_00000.png,frame_00119.png,rice_B_4/rgb_max_lockin_f300_ps8_th12/00000-00119-FRAME_rgbmax_scale1.00.png,,,0,decode失敗,QR未検出,0.282451,0.390266,0.594528,0.262423,,lockin:lockin::None:9.990158498590453:12:8:binary:0,lockin,,,9.990158,12
rice_B_4,frame_00000.png,frame_00119.png,,,,0,decode失敗,QR未検出,0.061132,0.267664,0.612971,0.086274,,lockin:lockin::None:14.995079249295227:4:8:binary:0,lockin,,,14.995079,4
rice_B_4,frame_00000.png,frame_00119.png,,,,0,decode失敗,QR未検出,0.350214,0.330717,0.524658,0.426133,,lockin:lockin::None:14.995079249295227:8:8:binary:0,lockin,,,14.995079,8
rice_B_4,frame_00000.png,frame_00119.png,rice_B_4/rgb_max_lockin_f300_ps8_th12/00000-00119-FRAME_rgbmax_scale1.00.png,,,0,decode失敗,QR未検出,0.286897,0.391000,0.594136,0.255152,,lockin:lockin::None:14.995079249295227:12:8:binary:0,lockin,,,14.995079,12
rice_B_4,frame_00000.png,frame_00119.png,,,,0,decode失敗,QR未検出,0.492719,0.373309,0.533088,0.442382,,lockin:lockin::None:29.980316997180907:4:8:binary:0,lockin,,,29.980317,4
rice_B_4,frame_00000.png,frame_00119.png,,,,0,decode失敗,QR未検出,0.137350,0.440339,0.637081,0.095056,,lockin:lockin::None:29.980316997180907:8:8:binary:0,lockin,,,29.980317,8
rice_B_4,frame_00000.png,frame_00119.png,rice_B_4/rgb_max_lockin_f300_ps8_th12/00000-00119-FRAME_rgbmax_scale1.00.png,,,0,decode失敗,QR未検出,0.051121,0.437778,0.645020,0.031024,,lockin:lockin::None:29.980316997180907:12:8:binary:0,lockin,,,29.980317,12
rice_B_8,frame_00000.png,frame_00119.png,,,,0,decode失敗,QR未検出,0.078364,0.277343,0.606079,0.111890,,lockin:lockin::None:9.990158498590453:4:8:binary:0,lockin,,,9.990158,4
rice_B_8,frame_00000.png,frame_00119.png,,,,0,decode失敗,QR未検出,0.551166,0.366033,0.508939,0.501233,,lockin:lockin::None:9.990158498590453:8:8:binary:0,lockin,,,9.990158,8
rice_B_8,frame_00000.png,frame_00119.png,rice_B_8/rgb_max_lockin_f300_ps8_th12/00000-00119-FRAME_rgbmax_scale1.00.png,,,0,decode失敗,QR未検出,0.224330,0.405109,0.613333,0.195794,,lockin:lockin::None:9.990158498590453:12:8:binary:0,lockin,,,9.990158,12
rice_B_8,frame_00000.png,frame_00119.png,,,,0,decode失敗,QR未検出,0.107587,0.282676,0.592222,0.175753,,lockin:lockin::None:14.995079249295227:4:8:binary:0,lockin,,,14.995079,4
rice_B_8,frame_00000.png,frame_00119.png,,,,0,decode失敗,QR未検出,0.398049,0.373141,0.555403,0.377200,,lockin:lockin::None:14.995079249295227:8:8:binary:0,lockin,,,14.995079,8
rice_B_8,frame_00000.png,frame_00119.png,rice_B_8/rgb_max_lockin_f300_ps8_th12/00000-00119-FRAME_rgbmax_scale1.00.png,,,0,decode失敗,QR未検出,0.179095,0.408861,0.622167,0.142813,,lockin:lockin::None:14.995079249295227:12:8:binary:0,lockin,,,14.995079,12
rice_B_8,frame_00000.png,frame_00119.png,,,,0,decode失敗,QR未検出,0.333732,0.322646,0.521729,0.407014,,lockin:lockin::None:29.980316997180907:4:8:binary:0,lockin,,,29.980317,4
rice_B_8,frame_00000.png,frame_00119.png,,,,0,decode失敗,QR未検出,0.193821,0.408129,0.619573,0.159684,,lockin:lockin::None:29.980316997180907:8:8:binary:0,lockin,,,29.980317,8
rice_B_8,frame_00000.png,frame_00119.png,rice_B_8/rgb_max_lockin_f300_ps8_th12/00000-00119-FRAME_rgbmax_scale1.00.png,,,0,decode失敗,QR未検出,0.085914,0.420443,0.638728,0.058553,,lockin:lockin::None:29.980316997180907:12:8:binary:0,lockin,,,29.980317,12
rice_B_12,frame_00000.png,frame_00119.png,,,,0,decode失敗,QR未検出,0.066132,0.279847,0.613697,0.093337,,lockin:lockin::None:9.990158498590453:4:8:binary:0,lockin,,,9.990158,4
rice_B_12,frame_00000.png,frame_00119.png,,,,0,decode失敗,QR未検出,0.376221,0.328663,0.512855,0.460072,,lockin:lockin::None:9.990158498590453:8:8:binary:0,lockin,,,9.990158,8
rice_B_12,frame_00000.png,frame_00119.png,rice_B_12/rgb_max_lockin_f300_ps8_th12/00000-00119-FRAME_rgbmax_scale1.00.png,,,0,decode失敗,QR未検出,0.252718,0.383931,0.596640,0.223094,,lockin:lockin::None:9.990158498590453:12:8:binary:0,lockin,,,9.990158,12
rice_B_12,frame_00000.png,frame_00119.png,,,,0,decode失敗,QR未検出,0.072158,0.284010,0.611702,0.110308,,lockin:lockin::None:14.995079249295227:4:8:binary:0,lockin,,,14.995079,4
rice_B_12,frame_00000.png,frame_00119.png,,,,0,decode失敗,QR未検出,0.383252,0.322589,0.502607,0.479114,,lockin:lockin::None:14.995079249295227:8:8:binary:0,lockin,,,14.995079,8
rice_B_12,frame_00000.png,frame_00119.png,rice_B_12/rgb_max_lockin_f300_ps8_th12/00000-00119-FRAME_rgbmax_scale1.00.png,,,0,decode失敗,QR未検出,0.255868,0.387416,0.598071,0.218476,,lockin:lockin::None:14.995079249295227:12:8:binary:0,lockin,,,14.995079,12
rice_B_12,frame_00000.png,frame_00119.png,,,,0,decode失敗,QR未検出,0.366960,0.327530,0.514881,0.458321,,lockin:lockin::None:29.980316997180907:4:8:binary:0,lockin,,,29.980317,4
rice_B_12,frame_00000.png,frame_00119.png,,,,0,decode失敗,QR未検出,0.170069,0.394095,0.618122,0.132366,,lockin:lockin::None:29.980316997180907:8:8:binary:0,lockin,,,29.980317,8
rice_B_12,frame_00000.png,frame_00119.png,rice_B_12/rgb_max_lockin_f300_ps8_th12/00000-00119-FRAME_rgbmax_scale1.00.png,,,0,decode失敗,QR未検出,0.066417,0.389513,0.636921,0.044789,,lockin:lockin::None:29.980316997180907:12:8:binary:0,lockin,,,29.980317,12
nagaoka_fireworks_B_4,frame_00000.png,frame_00119.png,,,,0,decode失敗,QR未検出,0.147481,0.239164,0.537546,0.332221,,lockin:lockin::None:9.990158498590453:4:8:binary:0,lockin,,,9.990158,4
nagaoka_fireworks_B_4,frame_00000.png,frame_00119.png,,,,0,decode失敗,QR未検出,0.703357,0.384385,0.502059,0.455685,,lockin:lockin::None:9.990158498590453:8:8:binary:0,lockin,,,9.990158,8
nagaoka_fireworks_B_4,frame_00000.png,frame_00119.png,nagaoka_fireworks_B_4/rgb_max_lockin_f300_ps8_th12/00000-00119-FRAME_rgbmax_scale1.00.png,,,0,decode失敗,QR未検出,0.561342,0.394835,0.545476,0.329805,,lockin:lockin::None:9.990158498590453:12:8:binary:0,lockin,,,9.990158,12
nagaoka_fireworks_B_4,frame_00000.png,frame_00119.png,,,,0,decode失敗,QR未検出,0.214704,0.268179,0.520226,0.441371,,lockin:lockin::None:14.995079249295227:4:8:binary:0,lockin,,,14.995079,4
nagaoka_fireworks_B_4,frame_00000.png,frame_00119.png,,,,0,decode失敗,QR未検出,0.590115,0.393805,0.538745,0.345787,,lockin:lockin::None:14.995079249295227:8:8:binary:0,lockin,,,14.995079,8
nagaoka_fireworks_B_4,frame_00000.png,frame_00119.png,nagaoka_fireworks_B_4/rgb_max_lockin_f300_ps8_th12/00000-00119-FRAME_rgbmax_scale1.00.png,,,0,decode失敗,QR未検出,0.407460,0.417267,0.593569,0.227283,,lockin:lockin::None:14.995079249295227:12:8:binary:0,lockin,,,14.995079,12
nagaoka_fireworks_B_4,frame_00000.png,frame_00119.png,,,,0,decode失敗,QR未検出,0.694266,0.386355,0.507196,0.448955,,lockin:lockin::None:29.980316997180907:4:8:binary:0,lockin,,,29.980317,4
nagaoka_fireworks_B_4,frame_00000.png,frame_00119.png,,,,0,decode失敗,QR未検出,0.421051,0.410530,0.585890,0.241107,,lockin:lockin::None:29.980316997180907:8:8:binary:0,lockin,,,29.980317,8
nagaoka_fireworks_B_4,frame_00000.png,frame_00119.png,nagaoka_fireworks_B_4/rgb_max_lockin_f300_ps8_th12/00000-00119-FRAME_rgbmax_scale1.00.png,,,0,decode失敗,QR未検出,0.201882,0.434140,0.628673,0.124043,,lockin:lockin::None:29.980316997180907:12:8:binary:0,lockin,,,29.980317,12
nagaoka_fireworks_B_8,frame_00000.png,frame_00119.png,,,,0,decode失敗,QR未検出,0.218959,0.266312,0.515649,0.463279,,lockin:lockin::None:9.990158498590453:4:8:binary:0,lockin,,,9.990158,4
nagaoka_fireworks_B_8,frame_00000.png,frame_00119.png,,,,0,decode失敗,QR未検出,0.568923,0.397747,0.547754,0.325379,,lockin:lockin::None:9.990158498590453:8:8:binary:0,lockin,,,9.990158,8
nagaoka_fireworks_B_8,frame_00000.png,frame_00119.png,nagaoka_fireworks_B_8/rgb_max_lockin_f150_ps8_th12/00000-00119-FRAME_rgbmax_scale1.00.png,,,0,decode失敗,QR未検出,0.339532,0.424371,0.607760,0.190133,,lockin:lockin::None:9.990158498590453:12:8:binary:0,lockin,,,9.990158,12
nagaoka_fireworks_B_8,frame_00000.png,frame_00119.png,,,,0,decode失敗,QR未検出,0.263009,0.277848,0.502946,0.523144,,lockin:lockin::None:14.995079249295227:4:8:binary:0,lockin,,,14.995079,4
nagaoka_fireworks_B_8,frame_00000.png,frame_00119.png,,,,0,decode失敗,QR未検出,0.491419,0.412101,0.576755,0.268429,,lockin:lockin::None:14.995079249295227:8:8:binary:0,lockin,,,14.995079,8
nagaoka_fireworks_B_8,frame_00000.png,frame_00119.png,nagaoka_fireworks_B_8/rgb_max_lockin_f150_ps8_th12/00000-00119-FRAME_rgbmax_scale1.00.png,,,0,decode失敗,QR未検出,0.226435,0.430568,0.624552,0.137489,,lockin:lockin::None:14.995079249295227:12:8:binary:0,lockin,,,14.995079,12
nagaoka_fireworks_B_8,frame_00000.png,frame_00119.png,,,,0,decode失敗,QR未検出,0.243472,0.271650,0.506883,0.497490,,lockin:lockin::None:29.980316997180907:4:8:binary:0,lockin,,,29.980317,4
nagaoka_fireworks_B_8,frame_00000.png,frame_00119.png,,,,0,decode失敗,QR未検出,0.509256,0.404435,0.565896,0.287931,,lockin:lockin::None:29.980316997180907:8:8:binary:0,lockin,,,29.980317,8
nagaoka_fireworks_B_8,frame_00000.png,frame_00119.png,nagaoka_fireworks_B_8/rgb_max_lockin_f150_ps8_th12/00000-00119-FRAME_rgbmax_scale1.00.png,,,0,decode失敗,QR未検出,0.285406,0.417807,0.610814,0.165875,,lockin:lockin::None:29.980316997180907:12:8:binary:0,lockin,,,29.980317,12
nagaoka_fireworks_B_12,frame_00000.png,frame_00119.png,,,,0,decode失敗,QR未検出,0.030958,0.074075,0.525536,0.324050,,lockin:lockin::None:9.990158498590453:4:8:binary:0,lockin,,,9.990158,4
nagaoka_fireworks_B_12,frame_00000.png,frame_00119.png,,,,0,decode失敗,QR未検出,0.806334,0.399750,0.508596,0.469692,,lockin:lockin::None:9.990158498590453:8:8:binary:0,lockin,,,9.990158,8
nagaoka_fireworks_B_12,frame_00000.png,frame_00119.png,nagaoka_fireworks_B_12/rgb_max_lockin_f300_ps8_th12/00000-00119-FRAME_rgbmax_scale1.00.png,,,0,decode失敗,QR未検出,0.651287,0.408216,0.547630,0.343020,,lockin:lockin::None:9.990158498590453:12:8:binary:0,lockin,,,9.990158,12
nagaoka_fireworks_B_12,frame_00000.png,frame_00119.png,,,,0,decode失敗,QR未検出,0.085494,0.146689,0.506003,0.420739,,lockin:lockin::None:14.995079249295227:4:8:binary:0,lockin,,,14.995079,4
nagaoka_fireworks_B_12,frame_00000.png,frame_00119.png,,,,0,decode失敗,QR未検出,0.691906,0.403285,0.533987,0.376132,,lockin:lockin::None:14.995079249295227:8:8:binary:0,lockin,,,14.995079,8
nagaoka_fireworks_B_12,frame_00000.png,frame_00119.png,nagaoka_fireworks_B_12/rgb_max_lockin_f300_ps8_th12/00000-00119-FRAME_rgbmax_scale1.00.png,,,0,decode失敗,QR未検出,0.505861,0.428416,0.590955,0.251567,,lockin:lockin::None:14.995079249295227:12:8:binary:0,lockin,,,14.995079,12
nagaoka_fireworks_B_12,frame_00000.png,frame_00119.png,,,,0,decode失敗,QR未検出,0.812134,0.403983,0.515028,0.471524,,lockin:lockin::None:29.980316997180907:4:8:binary:0,lockin,,,29.980317,4
nagaoka_fireworks_B_12,frame_00000.png,frame_00119.png,,,,0,decode失敗,QR未検出,0.530923,0.422747,0.582210,0.268026,,lockin:lockin::None:29.980316997180907:8:8:binary:0,lockin,,,29.980317,8
nagaoka_fireworks_B_12,frame_00000.png,frame_00119.png,nagaoka_fireworks_B_12/rgb_max_lockin_f300_ps8_th12/00000-00119-FRAME_rgbmax_scale1.00.png,,,0,decode失敗,QR未検出,0.263594,0.440822,0.625341,0.136318,,lockin:lockin::None:29.980316997180907:12:8:binary:0,lockin,,,29.980317,12
hocho_B_4,frame_00000.png,frame_00119.png,,,,0,decode失敗,QR未検出,0.034694,0.273171,0.629945,0.093412,,lockin:lockin::None:9.990158498590453:4:8:binary:0,lockin,,,9.990158,4
hocho_B_4,frame_00000.png,frame_00119.png,,,,0,decode失敗,QR未検出,0.207738,0.301835,0.554661,0.332627,,lockin:lockin::None:9.990158498590453:8:8:binary:0,lockin,,,9.990158,8
hocho_B_4,frame_00000.png,frame_00119.png,hocho_B_4/rgb_max_lockin_f300_ps8_th12/00000-00119-FRAME_rgbmax_scale1.00.png,,,0,decode失敗,QR未検出,0.485813,0.371922,0.533030,0.421635,,lockin:lockin::None:9.990158498590453:12:8:binary:0,lockin,,,9.990158,12
hocho_B_4,frame_00000.png,frame_00119.png,,,,0,decode失敗,QR未検出,0.044895,0.276740,0.624759,0.114579,,lockin:lockin::None:14.995079249295227:4:8:binary:0,lockin,,,14.995079,4
hocho_B_4,frame_00000.png,frame_00119.png,,,,0,decode失敗,QR未検出,0.238371,0.301454,0.540239,0.368636,,lockin:lockin::None:14.995079249295227:8:8:binary:0,lockin,,,14.995079,8
hocho_B_4,frame_00000.png,frame_00119.png,hocho_B_4/rgb_max_lockin_f300_ps8_th12/00000-00119-FRAME_rgbmax_scale1.00.png,,,0,decode失敗,QR未検出,0.447819,0.375064,0.545715,0.392106,,lockin:lockin::None:14.995079249295227:12:8:binary:0,lockin,,,14.995079,12
hocho_B_4,frame_00000.png,frame_00119.png,,,,0,decode失敗,QR未検出,0.366060,0.329944,0.518074,0.462368,,lockin:lockin::None:29.980316997180907:4:8:binary:0,lockin,,,29.980317,4
hocho_B_4,frame_00000.png,frame_00119.png,,,,0,decode失敗,QR未検出,0.200527,0.377716,0.604674,0.186188,,lockin:lockin::None:29.980316997180907:8:8:binary:0,lockin,,,29.980317,8
hocho_B_4,frame_00000.png,frame_00119.png,hocho_B_4/rgb_max_lockin_f300_ps8_th12/00000-00119-FRAME_rgbmax_scale1.00.png,,,0,decode失敗,QR未検出,0.056651,0.354375,0.633813,0.067662,,lockin:lockin::None:29.980316997180907:12:8:binary:0,lockin,,,29.980317,12
hocho_B_8,frame_00000.png,frame_00119.png,hocho_B_8/rgb_max_lockin_f150_ps8_th4/00000-00119-FRAME_rgbmax_scale1.00.png,,,0,decode失敗,QR未検出,0.053411,0.294526,0.624029,0.117921,,lockin:lockin::None:9.990158498590453:4:8:binary:0,lockin,,,9.990158,4
hocho_B_8,frame_00000.png,frame_00119.png,,,,0,decode失敗,QR未検出,0.268605,0.312955,0.537761,0.388154,,lockin:lockin::None:9.990158498590453:8:8:binary:0,lockin,,,9.990158,8
hocho_B_8,frame_00000.png,frame_00119.png,,,,0,decode失敗,QR未検出,0.411325,0.380304,0.559510,0.361918,,lockin:lockin::None:9.990158498590453:12:8:binary:0,lockin,,,9.990158,12
hocho_B_8,frame_00000.png,frame_00119.png,hocho_B_8/rgb_max_lockin_f150_ps8_th4/00000-00119-FRAME_rgbmax_scale1.00.png,,,0,decode失敗,QR未検出,0.041515,0.288064,0.628730,0.101856,,lockin:lockin::None:14.995079249295227:4:8:binary:0,lockin,,,14.995079,4
hocho_B_8,frame_00000.png,frame_00119.png,,,,0,decode失敗,QR未検出,0.207413,0.304506,0.556920,0.337314,,lockin:lockin::None:14.995079249295227:8:8:binary:0,lockin,,,14.995079,8
hocho_B_8,frame_00000.png,frame_00119.png,,,,0,decode失敗,QR未検出,0.519057,0.382333,0.538316,0.432956,,lockin:lockin::None:14.995079249295227:12:8:binary:0,lockin,,,14.995079,12
hocho_B_8,frame_00000.png,frame_00119.png,hocho_B_8/rgb_max_lockin_f150_ps8_th4/00000-00119-FRAME_rgbmax_scale1.00.png,,,0,decode失敗,QR未検出,0.244272,0.308120,0.543653,0.371761,,lockin:lockin::None:29.980316997180907:4:8:binary:0,lockin,,,29.980317,4
hocho_B_8,frame_00000.png,frame_00119.png,,,,0,decode失敗,QR未検出,0.312074,0.387627,0.586794,0.262354,,lockin:lockin::None:29.980316997180907:8:8:binary:0,lockin,,,29.980317,8
hocho_B_8,frame_00000.png,frame_00119.png,,,,0,decode失敗,QR未検出,0.114723,0.390456,0.627581,0.108980,,lockin:lockin::None:29.980316997180907:12:8:binary:0,lockin,,,29.980317,12
hocho_B_12,frame_00000.png,frame_00119.png,,,,0,decode失敗,QR未検出,0.027213,0.185152,0.617721,0.123312,,lockin:lockin::None:9.990158498590453:4:8:binary:0,lockin,,,9.990158,4
hocho_B_12,frame_00000.png,frame_00119.png,,,,0,decode失敗,QR未検出,0.187991,0.240082,0.507681,0.399950,,lockin:lockin::None:9.990158498590453:8:8:binary:0,lockin,,,9.990158,8
hocho_B_12,frame_00000.png,frame_00119.png,hocho_B_12/rgb_max_lockin_f300_ps8_th12/00000-00119-FRAME_rgbmax_scale1.00.png,,,0,decode失敗,QR未検出,0.570988,0.456298,0.611835,0.348380,,lockin:lockin::None:9.990158498590453:12:8:binary:0,lockin,,,9.990158,12
hocho_B_12,frame_00000.png,frame_00119.png,,,,0,decode失敗,QR未検出,0.043705,0.206064,0.606478,0.156100,,lockin:lockin::None:14.995079249295227:4:8:binary:0,lockin,,,14.995079,4
hocho_B_12,frame_00000.png,frame_00119.png,,,,0,decode失敗,QR未検出,0.760894,0.400855,0.518407,0.540955,,lockin:lockin::None:14.995079249295227:8:8:binary:0,lockin,,,14.995079,8
hocho_B_12,frame_00000.png,frame_00119.png,hocho_B_12/rgb_max_lockin_f300_ps8_th12/00000-00119-FRAME_rgbmax_scale1.00.png,,,0,decode失敗,QR未検出,0.510066,0.465113,0.623331,0.298787,,lockin:lockin::None:14.995079249295227:12:8:binary:0,lockin,,,14.995079,12
hocho_B_12,frame_00000.png,frame_00119.png,,,,0,decode失敗,QR未検出,0.137635,0.247051,0.551489,0.315047,,lockin:lockin::None:29.980316997180907:4:8:binary:0,lockin,,,29.980317,4
hocho_B_12,frame_00000.png,frame_00119.png,,,,0,decode失敗,QR未検出,0.544680,0.447749,0.605624,0.331622,,lockin:lockin::None:29.980316997180907:8:8:binary:0,lockin,,,29.980317,8
hocho_B_12,frame_00000.png,frame_00119.png,hocho_B_12/rgb_max_lockin_f300_ps8_th12/00000-00119-FRAME_rgbmax_scale1.00.png,,,0,decode失敗,QR未検出,0.302233,0.509080,0.653877,0.151395,,lockin:lockin::None:29.980316997180907:12:8:binary:0,lockin,,,29.980317,12
ex_B_4,frame_00000.png,frame_00119.png,ex_B_4/rgb_max_lockin_f100_ps8_th4/00000-00119-FRAME_rgbmax_scale1.00.png,,,0,decode失敗,QR未検出,0.012191,0.176679,0.634492,0.040347,,lockin:lockin::None:9.990158498590453:4:8:binary:0,lockin,,,9.990158,4
ex_B_4,frame_00000.png,frame_00119.png,,,,0,decode失敗,QR未検出,0.061027,0.276848,0.615681,0.091237,,lockin:lockin::None:9.990158498590453:8:8:binary:0,lockin,,,9.990158,8
ex_B_4,frame_00000.png,frame_00119.png,,,,0,decode失敗,QR未検出,0.167833,0.303161,0.573847,0.187195,,lockin:lockin::None:9.990158498590453:12:8:binary:0,lockin,,,9.990158,12
ex_B_4,frame_00000.png,frame_00119.png,ex_B_4/rgb_max_lockin_f100_ps8_th4/00000-00119-FRAME_rgbmax_scale1.00.png,,,0,decode失敗,QR未検出,0.022037,0.188020,0.624515,0.053257,,lockin:lockin::None:14.995079249295227:4:8:binary:0,lockin,,,14.995079,4
ex_B_4,frame_00000.png,frame_00119.png,,,,0,decode失敗,QR未検出,0.089890,0.288433,0.603964,0.118233,,lockin:lockin::None:14.995079249295227:8:8:binary:0,lockin,,,14.995079,8
ex_B_4,frame_00000.png,frame_00119.png,,,,0,decode失敗,QR未検出,0.259764,0.327124,0.554039,0.246124,,lockin:lockin::None:14.995079249295227:12:8:binary:0,lockin,,,14.995079,12
ex_B_4,frame_00000.png,frame_00119.png,ex_B_4/rgb_max_lockin_f100_ps8_th4/00000-00119-FRAME_rgbmax_scale1.00.png,,,0,decode失敗,QR未検出,0.066512,0.274067,0.611734,0.098080,,lockin:lockin::None:29.980316997180907:4:8:binary:0,lockin,,,29.980317,4
ex_B_4,frame_00000.png,frame_00119.png,,,,0,decode失敗,QR未検出,0.351324,0.336399,0.530539,0.308305,,lockin:lockin::None:29.980316997180907:8:8:binary:0,lockin,,,29.980317,8
ex_B_4,frame_00000.png,frame_00119.png,,,,0,decode失敗,QR未検出,0.311479,0.349569,0.556304,0.442633,,lockin:lockin::None:29.980316997180907:12:8:binary:0,lockin,,,29.980317,12
ex_B_8,frame_00000.png,frame_00119.png,,,,0,decode失敗,QR未検出,0.031178,0.221256,0.622617,0.062349,,lockin:lockin::None:9.990158498590453:4:8:binary:0,lockin,,,9.990158,4
ex_B_8,frame_00000.png,frame_00119.png,,,,0,decode失敗,QR未検出,0.099746,0.290197,0.599640,0.136933,,lockin:lockin::None:9.990158498590453:8:8:binary:0,lockin,,,9.990158,8
ex_B_8,frame_00000.png,frame_00119.png,ex_B_8/rgb_max_lockin_f300_ps8_th12/00000-00119-FRAME_rgbmax_scale1.00.png,,,0,decode失敗,QR未検出,0.272475,0.326649,0.548914,0.275246,,lockin:lockin::None:9.990158498590453:12:8:binary:0,lockin,,,9.990158,12
ex_B_8,frame_00000.png,frame_00119.png,,,,0,decode失敗,QR未検出,0.052871,0.254980,0.614551,0.085181,,lockin:lockin::None:14.995079249295227:4:8:binary:0,lockin,,,14.995079,4
ex_B_8,frame_00000.png,frame_00119.png,,,,0,decode失敗,QR未検出,0.191976,0.312132,0.569245,0.221174,,lockin:lockin::None:14.995079249295227:8:8:binary:0,lockin,,,14.995079,8
ex_B_8,frame_00000.png,frame_00119.png,ex_B_8/rgb_max_lockin_f300_ps8_th12/00000-00119-FRAME_rgbmax_scale1.00.png,,,0,decode失敗,QR未検出,0.479203,0.360013,0.519710,0.550532,,lockin:lockin::None:14.995079249295227:12:8:binary:0,lockin,,,14.995079,12
ex_B_8,frame_00000.png,frame_00119.png,,,,0,decode失敗,QR未検出,0.343823,0.331698,0.528023,0.324330,,lockin:lockin::None:29.980316997180907:4:8:binary:0,lockin,,,29.980317,4
ex_B_8,frame_00000.png,frame_00119.png,,,,0,decode失敗,QR未検出,0.112082,0.320127,0.606034,0.243433,,lockin:lockin::None:29.980316997180907:8:8:binary:0,lockin,,,29.980317,8
ex_B_8,frame_00000.png,frame_00119.png,ex_B_8/rgb_max_lockin_f300_ps8_th12/00000-00119-FRAME_rgbmax_scale1.00.png,,,0,decode失敗,QR未検出,0.015862,0.285149,0.641741,0.072109,,lockin:lockin::None:29.980316997180907:12:8:binary:0,lockin,,,29.980317,12
ex_B_12,frame_00000.png,frame_00119.png,ex_B_12/rgb_max_lockin_f100_ps8_th4/00000-00119-FRAME_rgbmax_scale1.00.png,,,0,decode失敗,QR未検出,0.033314,0.237589,0.624356,0.060408,,lockin:lockin::None:9.990158498590453:4:8:binary:0,lockin,,,9.990158,4
ex_B_12,frame_00000.png,frame_00119.png,,,,0,decode失敗,QR未検出,0.099171,0.293786,0.601392,0.125506,,lockin:lockin::None:9.990158498590453:8:8:binary:0,lockin,,,9.990158,8
ex_B_12,frame_00000.png,frame_00119.png,,,,0,decode失敗,QR未検出,0.263299,0.332651,0.557410,0.247780,,lockin:lockin::None:9.990158498590453:12:8:binary:0,lockin,,,9.990158,12
ex_B_12,frame_00000.png,frame_00119.png,ex_B_12/rgb_max_lockin_f100_ps8_th4/00000-00119-FRAME_rgbmax_scale1.00.png,,,0,decode失敗,QR未検出,0.039434,0.257653,0.624148,0.063699,,lockin:lockin::None:14.995079249295227:4:8:binary:0,lockin,,,14.995079,4
ex_B_12,frame_00000.png,frame_00119.png,,,,0,decode失敗,QR未検出,0.111372,0.304350,0.600002,0.133610,,lockin:lockin::None:14.995079249295227:8:8:binary:0,lockin,,,14.995079,8
ex_B_12,frame_00000.png,frame_00119.png,,,,0,decode失敗,QR未検出,0.287357,0.340551,0.555953,0.264961,,lockin:lockin::None:14.995079249295227:12:8:binary:0,lockin,,,14.995079,12
ex_B_12,frame_00000.png,frame_00119.png,ex_B_12/rgb_max_lockin_f100_ps8_th4/00000-00119-FRAME_rgbmax_scale1.00.png,,,0,decode失敗,QR未検出,0.106137,0.289801,0.596232,0.135025,,lockin:lockin::None:29.980316997180907:4:8:binary:0,lockin,,,29.980317,4
ex_B_12,frame_00000.png,frame_00119.png,,,,0,decode失敗,QR未検出,0.486494,0.347291,0.500406,0.406867,,lockin:lockin::None:29.980316997180907:8:8:binary:0,lockin,,,29.980317,8
ex_B_12,frame_00000.png,frame_00119.png,,,,0,decode失敗,QR未検出,0.205378,0.337880,0.581144,0.336062,,lockin:lockin::None:29.980316997180907:12:8:binary:0,lockin,,,29.980317,12
rice_I_4,frame_00000.png,frame_00119.png,,,,0,decode失敗,QR未検出,0.061262,0.296362,0.620647,0.076891,,lockin:lockin::None:9.990158498590453:4:8:binary:0,lockin,,,9.990158,4
rice_I_4,frame_00000.png,frame_00119.png,,,,0,decode失敗,QR未検出,0.313775,0.332232,0.539224,0.405127,,lockin:lockin::None:9.990158498590453:8:8:binary:0,lockin,,,9.990158,8
rice_I_4,frame_00000.png,frame_00119.png,rice_I_4/rgb_max_lockin_f300_ps8_th12/00000-00119-FRAME_rgbmax_scale1.00.png,,,0,decode失敗,QR未検出,0.283456,0.381368,0.588400,0.258741,,lockin:lockin::None:9.990158498590453:12:8:binary:0,lockin,,,9.990158,12
rice_I_4,frame_00000.png,frame_00119.png,,,,0,decode失敗,QR未検出,0.061987,0.301042,0.621436,0.077491,,lockin:lockin::None:14.995079249295227:4:8:binary:0,lockin,,,14.995079,4
rice_I_4,frame_00000.png,frame_00119.png,,,,0,decode失敗,QR未検出,0.289147,0.324898,0.541053,0.390942,,lockin:lockin::None:14.995079249295227:8:8:binary:0,lockin,,,14.995079,8
rice_I_4,frame_00000.png,frame_00119.png,rice_I_4/rgb_max_lockin_f300_ps8_th12/00000-00119-FRAME_rgbmax_scale1.00.png,,,0,decode失敗,QR未検出,0.307799,0.373103,0.576846,0.292702,,lockin:lockin::None:14.995079249295227:12:8:binary:0,lockin,,,14.995079,12
rice_I_4,frame_00000.png,frame_00119.png,,,,0,decode失敗,QR未検出,0.340097,0.337545,0.535560,0.421809,,lockin:lockin::None:29.980316997180907:4:8:binary:0,lockin,,,29.980317,4
rice_I_4,frame_00000.png,frame_00119.png,,,,0,decode失敗,QR未検出,0.184525,0.415706,0.623920,0.144310,,lockin:lockin::None:29.980316997180907:8:8:binary:0,lockin,,,29.980317,8
rice_I_4,frame_00000.png,frame_00119.png,rice_I_4/rgb_max_lockin_f300_ps8_th12/00000-00119-FRAME_rgbmax_scale1.00.png,,,0,decode失敗,QR未検出,0.079044,0.459346,0.645209,0.047252,,lockin:lockin::None:29.980316997180907:12:8:binary:0,lockin,,,29.980317,12
rice_I_8,frame_00000.png,frame_00119.png,,,,0,decode失敗,QR未検出,0.056361,0.250578,0.610845,0.084609,,lockin:lockin::None:9.990158498590453:4:8:binary:0,lockin,,,9.990158,4
rice_I_8,frame_00000.png,frame_00119.png,,,,0,decode失敗,QR未検出,0.365895,0.324167,0.511219,0.436202,,lockin:lockin::None:9.990158498590453:8:8:binary:0,lockin,,,9.990158,8
rice_I_8,frame_00000.png,frame_00119.png,rice_I_8/rgb_max_lockin_f300_ps8_th12/00000-00119-FRAME_rgbmax_scale1.00.png,,,0,decode失敗,QR未検出,0.279381,0.406301,0.605017,0.241746,,lockin:lockin::None:9.990158498590453:12:8:binary:0,lockin,,,9.990158,12
rice_I_8,frame_00000.png,frame_00119.png,,,,0,decode失敗,QR未検出,0.069553,0.271681,0.609200,0.108373,,lockin:lockin::None:14.995079249295227:4:8:binary:0,lockin,,,14.995079,4
rice_I_8,frame_00000.png,frame_00119.png,,,,0,decode失敗,QR未検出,0.381302,0.321397,0.501823,0.462747,,lockin:lockin::None:14.995079249295227:8:8:binary:0,lockin,,,14.995079,8
rice_I_8,frame_00000.png,frame_00119.png,rice_I_8/rgb_max_lockin_f300_ps8_th12/00000-00119-FRAME_rgbmax_scale1.00.png,,,0,decode失敗,QR未検出,0.268004,0.404469,0.605808,0.226684,,lockin:lockin::None:14.995079249295227:12:8:binary:0,lockin,,,14.995079,12
rice_I_8,frame_00000.png,frame_00119.png,,,,0,decode失敗,QR未検出,0.343303,0.322048,0.517357,0.425162,,lockin:lockin::None:29.980316997180907:4:8:binary:0,lockin,,,29.980317,4
rice_I_8,frame_00000.png,frame_00119.png,,,,0,decode失敗,QR未検出,0.200717,0.428218,0.626559,0.152159,,lockin:lockin::None:29.980316997180907:8:8:binary:0,lockin,,,29.980317,8
rice_I_8,frame_00000.png,frame_00119.png,rice_I_8/rgb_max_lockin_f300_ps8_th12/00000-00119-FRAME_rgbmax_scale1.00.png,,,0,decode失敗,QR未検出,0.088900,0.459131,0.644567,0.052589,,lockin:lockin::None:29.980316997180907:12:8:binary:0,lockin,,,29.980317,12
rice_I_12,frame_00000.png,frame_00119.png,,,,0,decode失敗,QR未検出,0.037224,0.267799,0.627518,0.058242,,lockin:lockin::None:9.990158498590453:4:8:binary:0,lockin,,,9.990158,4
rice_I_12,frame_00000.png,frame_00119.png,,,,0,decode失敗,QR未検出,0.160563,0.241202,0.529547,0.340486,,lockin:lockin::None:9.990158498590453:8:8:binary:0,lockin,,,9.990158,8
rice_I_12,frame_00000.png,frame_00119.png,rice_I_12/rgb_max_lockin_f300_ps8_th12/00000-00119-FRAME_rgbmax_scale1.00.png,,,0,decode失敗,QR未検出,0.565482,0.458917,0.614679,0.338381,,lockin:lockin::None:9.990158498590453:12:8:binary:0,lockin,,,9.990158,12
rice_I_12,frame_00000.png,frame_00119.png,,,,0,decode失敗,QR未検出,0.062657,0.266482,0.611682,0.107444,,lockin:lockin::None:14.995079249295227:4:8:binary:0,lockin,,,14.995079,4
rice_I_12,frame_00000.png,frame_00119.png,,,,0,decode失敗,QR未検出,0.748592,0.411545,0.537509,0.529240,,lockin:lockin::None:14.995079249295227:8:8:binary:0,lockin,,,14.995079,8
rice_I_12,frame_00000.png,frame_00119.png,rice_I_12/rgb_max_lockin_f300_ps8_th12/00000-00119-FRAME_rgbmax_scale1.00.png,,,0,decode失敗,QR未検出,0.438283,0.497720,0.648699,0.229775,,lockin:lockin::None:14.995079249295227:12:8:binary:0,lockin,,,14.995079,12
rice_I_12,frame_00000.png,frame_00119.png,,,,0,decode失敗,QR未検出,0.770470,0.394603,0.506094,0.583520,,lockin:lockin::None:29.980316997180907:4:8:binary:0,lockin,,,29.980317,4
rice_I_12,frame_00000.png,frame_00119.png,,,,0,decode失敗,QR未検出,0.326471,0.503140,0.651530,0.160203,,lockin:lockin::None:29.980316997180907:8:8:binary:0,lockin,,,29.980317,8
rice_I_12,frame_00000.png,frame_00119.png,rice_I_12/rgb_max_lockin_f300_ps8_th12/00000-00119-FRAME_rgbmax_scale1.00.png,,,0,decode失敗,QR未検出,0.141986,0.521738,0.654244,0.057458,,lockin:lockin::None:29.980316997180907:12:8:binary:0,lockin,,,29.980317,12
nagaoka_fireworks_I_4,frame_00000.png,frame_00119.png,,,,0,decode失敗,QR未検出,0.173834,0.252379,0.530750,0.384241,,lockin:lockin::None:9.990158498590453:4:8:binary:0,lockin,,,9.990158,4
nagaoka_fireworks_I_4,frame_00000.png,frame_00119.png,,,,0,decode失敗,QR未検出,0.661983,0.388283,0.516818,0.406636,,lockin:lockin::None:9.990158498590453:8:8:binary:0,lockin,,,9.990158,8
nagaoka_fireworks_I_4,frame_00000.png,frame_00119.png,nagaoka_fireworks_I_4/rgb_max_lockin_f300_ps8_th12/00000-00119-FRAME_rgbmax_scale1.00.png,,,0,decode失敗,QR未検出,0.501075,0.409023,0.572111,0.279170,,lockin:lockin::None:9.990158498590453:12:8:binary:0,lockin,,,9.990158,12
nagaoka_fireworks_I_4,frame_00000.png,frame_00119.png,,,,0,decode失敗,QR未検出,0.181130,0.256746,0.530012,0.401621,,lockin:lockin::None:14.995079249295227:4:8:binary:0,lockin,,,14.995079,4
nagaoka_fireworks_I_4,frame_00000.png,frame_00119.png,,,,0,decode失敗,QR未検出,0.654152,0.394453,0.527615,0.388830,,lockin:lockin::None:14.995079249295227:8:8:binary:0,lockin,,,14.995079,8
nagaoka_fireworks_I_4,frame_00000.png,frame_00119.png,nagaoka_fireworks_I_4/rgb_max_lockin_f300_ps8_th12/00000-00119-FRAME_rgbmax_scale1.00.png,,,0,decode失敗,QR未検出,0.498665,0.413015,0.576609,0.271379,,lockin:lockin::None:14.995079249295227:12:8:binary:0,lockin,,,14.995079,12
nagaoka_fireworks_I_4,frame_00000.png,frame_00119.png,,,,0,decode失敗,QR未検出,0.661388,0.386518,0.514216,0.412316,,lockin:lockin::None:29.980316997180907:4:8:binary:0,lockin,,,29.980317,4
nagaoka_fireworks_I_4,frame_00000.png,frame_00119.png,,,,0,decode失敗,QR未検出,0.354729,0.415182,0.599392,0.200924,,lockin:lockin::None:29.980316997180907:8:8:binary:0,lockin,,,29.980317,8
nagaoka_fireworks_I_4,frame_00000.png,frame_00119.png,nagaoka_fireworks_I_4/rgb_max_lockin_f300_ps8_th12/00000-00119-FRAME_rgbmax_scale1.00.png,,,0,decode失敗,QR未検出,0.129609,0.423755,0.633785,0.084097,,lockin:lockin::None:29.980316997180907:12:8:binary:0,lockin,,,29.980317,12
nagaoka_fireworks_I_8,frame_00000.png,frame_00119.png,,,,0,decode失敗,QR未検出,0.168644,0.252020,0.533980,0.384085,,lockin:lockin::None:9.990158498590453:4:8:binary:0,lockin,,,9.990158,4
nagaoka_fireworks_I_8,frame_00000.png,frame_00119.png,,,,0,decode失敗,QR未検出,0.661803,0.391054,0.521080,0.402825,,lockin:lockin::None:9.990158498590453:8:8:binary:0,lockin,,,9.990158,8
nagaoka_fireworks_I_8,frame_00000.png,frame_00119.png,nagaoka_fireworks_I_8/rgb_max_lockin_f300_ps8_th12/00000-00119-FRAME_rgbmax_scale1.00.png,,,0,decode失敗,QR未検出,0.514747,0.417055,0.578464,0.276062,,lockin:lockin::None:9.990158498590453:12:8:binary:0,lockin,,,9.990158,12
nagaoka_fireworks_I_8,frame_00000.png,frame_00119.png,,,,0,decode失敗,QR未検出,0.184840,0.257902,0.528681,0.406084,,lockin:lockin::None:14.995079249295227:4:8:binary:0,lockin,,,14.995079,4
nagaoka_fireworks_I_8,frame_00000.png,frame_00119.png,,,,0,decode失敗,QR未検出,0.647881,0.393841,0.527897,0.383655,,lockin:lockin::None:14.995079249295227:8:8:binary:0,lockin,,,14.995079,8
nagaoka_fireworks_I_8,frame_00000.png,frame_00119.png,nagaoka_fireworks_I_8/rgb_max_lockin_f300_ps8_th12/00000-00119-FRAME_rgbmax_scale1.00.png,,,0,decode失敗,QR未検出,0.500170,0.419294,0.582733,0.263439,,lockin:lockin::None:14.995079249295227:12:8:binary:0,lockin,,,14.995079,12
nagaoka_fireworks_I_8,frame_00000.png,frame_00119.png,,,,0,decode失敗,QR未検出,0.713994,0.387459,0.504978,0.455142,,lockin:lockin::None:29.980316997180907:4:8:binary:0,lockin,,,29.980317,4
nagaoka_fireworks_I_8,frame_00000.png,frame_00119.png,,,,0,decode失敗,QR未検出,0.466941,0.419537,0.587435,0.251518,,lockin:lockin::None:29.980316997180907:8:8:binary:0,lockin,,,29.980317,8
nagaoka_fireworks_I_8,frame_00000.png,frame_00119.png,nagaoka_fireworks_I_8/rgb_max_lockin_f300_ps8_th12/00000-00119-FRAME_rgbmax_scale1.00.png,,,0,decode失敗,QR未検出,0.215414,0.422437,0.622426,0.128404,,lockin:lockin::None:29.980316997180907:12:8:binary:0,lockin,,,29.980317,12
nagaoka_fireworks_I_12,frame_00000.png,frame_00119.png,,,,0,decode失敗,QR未検出,0.194601,0.253907,0.518114,0.448673,,lockin:lockin::None:9.990158498590453:4:8:binary:0,lockin,,,9.990158,4
nagaoka_fireworks_I_12,frame_00000.png,frame_00119.png,,,,0,decode失敗,QR未検出,0.621758,0.407104,0.550819,0.340262,,lockin:lockin::None:9.990158498590453:8:8:binary:0,lockin,,,9.990158,8
nagaoka_fireworks_I_12,frame_00000.png,frame_00119.png,nagaoka_fireworks_I_12/rgb_max_lockin_f300_ps8_th12/00000-00119-FRAME_rgbmax_scale1.00.png,,,0,decode失敗,QR未検出,0.463371,0.463956,0.624913,0.209906,,lockin:lockin::None:9.990158498590453:12:8:binary:0,lockin,,,9.990158,12
nagaoka_fireworks_I_12,frame_00000.png,frame_00119.png,,,,0,decode失敗,QR未検出,0.149226,0.235563,0.532876,0.383349,,lockin:lockin::None:14.995079249295227:4:8:binary:0,lockin,,,14.995079,4
nagaoka_fireworks_I_12,frame_00000.png,frame_00119.png,,,,0,decode失敗,QR未検出,0.692381,0.396114,0.523033,0.403113,,lockin:lockin::None:14.995079249295227:8:8:binary:0,lockin,,,14.995079,8
nagaoka_fireworks_I_12,frame_00000.png,frame_00119.png,nagaoka_fireworks_I_12/rgb_max_lockin_f300_ps8_th12/00000-00119-FRAME_rgbmax_scale1.00.png,,,0,decode失敗,QR未検出,0.564832,0.425771,0.581193,0.283379,,lockin:lockin::None:14.995079249295227:12:8:binary:0,lockin,,,14.995079,12
nagaoka_fireworks_I_12,frame_00000.png,frame_00119.png,,,,0,decode失敗,QR未検出,0.683490,0.398336,0.528031,0.394621,,lockin:lockin::None:29.980316997180907:4:8:binary:0,lockin,,,29.980317,4
nagaoka_fireworks_I_12,frame_00000.png,frame_00119.png,,,,0,decode失敗,QR未検出,0.405630,0.467989,0.630688,0.183118,,lockin:lockin::None:29.980316997180907:8:8:binary:0,lockin,,,29.980317,8
nagaoka_fireworks_I_12,frame_00000.png,frame_00119.png,nagaoka_fireworks_I_12/rgb_max_lockin_f300_ps8_th12/00000-00119-FRAME_rgbmax_scale1.00.png,,,0,decode失敗,QR未検出,0.146411,0.497705,0.649632,0.068781,,lockin:lockin::None:29.980316997180907:12:8:binary:0,lockin,,,29.980317,12
hocho_I_4,frame_00000.png,frame_00119.png,,,,0,decode失敗,QR未検出,0.037829,0.300353,0.632508,0.086688,,lockin:lockin::None:9.990158498590453:4:8:binary:0,lockin,,,9.990158,4
hocho_I_4,frame_00000.png,frame_00119.png,,,,0,decode失敗,QR未検出,0.209348,0.313330,0.562825,0.317236,,lockin:lockin::None:9.990158498590453:8:8:binary:0,lockin,,,9.990158,8
hocho_I_4,frame_00000.png,frame_00119.png,hocho_I_4/rgb_max_lockin_f300_ps8_th12/00000-00119-FRAME_rgbmax_scale1.00.png,,,0,decode失敗,QR未検出,0.482063,0.364266,0.524403,0.441428,,lockin:lockin::None:9.990158498590453:12:8:binary:0,lockin,,,9.990158,12
hocho_I_4,frame_00000.png,frame_00119.png,,,,0,decode失敗,QR未検出,0.076578,0.290142,0.611344,0.164921,,lockin:lockin::None:14.995079249295227:4:8:binary:0,lockin,,,14.995079,4
hocho_I_4,frame_00000.png,frame_00119.png,,,,0,decode失敗,QR未検出,0.413876,0.336022,0.508768,0.484919,,lockin:lockin::None:14.995079249295227:8:8:binary:0,lockin,,,14.995079,8
hocho_I_4,frame_00000.png,frame_00119.png,hocho_I_4/rgb_max_lockin_f300_ps8_th12/00000-00119-FRAME_rgbmax_scale1.00.png,,,0,decode失敗,QR未検出,0.289802,0.377634,0.584390,0.275524,,lockin:lockin::None:14.995079249295227:12:8:binary:0,lockin,,,14.995079,12
hocho_I_4,frame_00000.png,frame_00119.png,,,,0,decode失敗,QR未検出,0.439073,0.336290,0.500527,0.509281,,lockin:lockin::None:29.980316997180907:4:8:binary:0,lockin,,,29.980317,4
hocho_I_4,frame_00000.png,frame_00119.png,,,,0,decode失敗,QR未検出,0.144871,0.365832,0.612924,0.156712,,lockin:lockin::None:29.980316997180907:8:8:binary:0,lockin,,,29.980317,8
hocho_I_4,frame_00000.png,frame_00119.png,hocho_I_4/rgb_max_lockin_f300_ps8_th12/00000-00119-FRAME_rgbmax_scale1.00.png,,,0,decode失敗,QR未検出,0.041240,0.335271,0.635925,0.056128,,lockin:lockin::None:29.980316997180907:12:8:binary:0,lockin,,,29.980317,12
hocho_I_8,frame_00000.png,frame_00119.png,hocho_I_8/rgb_max_lockin_f100_ps8_th4/00000-00119-FRAME_rgbmax_scale1.00.png,,,0,decode失敗,QR未検出,0.048935,0.296797,0.626659,0.114731,,lockin:lockin::None:9.990158498590453:4:8:binary:0,lockin,,,9.990158,4
hocho_I_8,frame_00000.png,frame_00119.png,,,,0,decode失敗,QR未検出,0.312859,0.340484,0.547533,0.397853,,lockin:lockin::None:9.990158498590453:8:8:binary:0,lockin,,,9.990158,8
hocho_I_8,frame_00000.png,frame_00119.png,,,,0,decode失敗,QR未検出,0.350559,0.357586,0.552403,0.344067,,lockin:lockin::None:9.990158498590453:12:8:binary:0,lockin,,,9.990158,12
hocho_I_8,frame_00000.png,frame_00119.png,hocho_I_8/rgb_max_lockin_f100_ps8_th4/00000-00119-FRAME_rgbmax_scale1.00.png,,,0,decode失敗,QR未検出,0.112237,0.308158,0.601208,0.217720,,lockin:lockin::None:14.995079249295227:4:8:binary:0,lockin,,,14.995079,4
hocho_I_8,frame_00000.png,frame_00119.png,,,,0,decode失敗,QR未検出,0.456310,0.361182,0.527375,0.413448,,lockin:lockin::None:14.995079249295227:8:8:binary:0,lockin,,,14.995079,8
hocho_I_8,frame_00000.png,frame_00119.png,,,,0,decode失敗,QR未検出,0.181375,0.370108,0.605559,0.190569,,lockin:lockin::None:14.995079249295227:12:8:binary:0,lockin,,,14.995079,12
hocho_I_8,frame_00000.png,frame_00119.png,hocho_I_8/rgb_max_lockin_f100_ps8_th4/00000-00119-FRAME_rgbmax_scale1.00.png,,,0,decode失敗,QR未検出,0.279336,0.334121,0.553057,0.379046,,lockin:lockin::None:29.980316997180907:4:8:binary:0,lockin,,,29.980317,4
hocho_I_8,frame_00000.png,frame_00119.png,,,,0,decode失敗,QR未検出,0.254183,0.357705,0.579346,0.248464,,lockin:lockin::None:29.980316997180907:8:8:binary:0,lockin,,,29.980317,8
hocho_I_8,frame_00000.png,frame_00119.png,,,,0,decode失敗,QR未検出,0.082729,0.352924,0.625978,0.097141,,lockin:lockin::None:29.980316997180907:12:8:binary:0,lockin,,,29.980317,12
hocho_I_12,frame_00000.png,frame_00119.png,,,,0,decode失敗,QR未検出,0.034144,0.265000,0.628916,0.098022,,lockin:lockin::None:9.990158498590453:4:8:binary:0,lockin,,,9.990158,4
hocho_I_12,frame_00000.png,frame_00119.png,,,,0,decode失敗,QR未検出,0.245947,0.318106,0.551691,0.356804,,lockin:lockin::None:9.990158498590453:8:8:binary:0,lockin,,,9.990158,8
hocho_I_12,frame_00000.png,frame_00119.png,hocho_I_12/rgb_max_lockin_f300_ps8_th12/00000-00119-FRAME_rgbmax_scale1.00.png,,,0,decode失敗,QR未検出,0.415511,0.362753,0.540092,0.391840,,lockin:lockin::None:9.990158498590453:12:8:binary:0,lockin,,,9.990158,12
hocho_I_12,frame_00000.png,frame_00119.png,,,,0,decode失敗,QR未検出,0.083229,0.288553,0.607425,0.184569,,lockin:lockin::None:14.995079249295227:4:8:binary:0,lockin,,,14.995079,4
hocho_I_12,frame_00000.png,frame_00119.png,,,,0,decode失敗,QR未検出,0.520207,0.363076,0.512818,0.458339,,lockin:lockin::None:14.995079249295227:8:8:binary:0,lockin,,,14.995079,8
hocho_I_12,frame_00000.png,frame_00119.png,hocho_I_12/rgb_max_lockin_f300_ps8_th12/00000-00119-FRAME_rgbmax_scale1.00.png,,,0,decode失敗,QR未検出,0.209598,0.366243,0.596536,0.225070,,lockin:lockin::None:14.995079249295227:12:8:binary:0,lockin,,,14.995079,12
hocho_I_12,frame_00000.png,frame_00119.png,,,,0,decode失敗,QR未検出,0.305954,0.324987,0.534804,0.413507,,lockin:lockin::None:29.980316997180907:4:8:binary:0,lockin,,,29.980317,4
hocho_I_12,frame_00000.png,frame_00119.png,,,,0,decode失敗,QR未検出,0.227220,0.373910,0.596484,0.222213,,lockin:lockin::None:29.980316997180907:8:8:binary:0,lockin,,,29.980317,8
hocho_I_12,frame_00000.png,frame_00119.png,hocho_I_12/rgb_max_lockin_f300_ps8_th12/00000-00119-FRAME_rgbmax_scale1.00.png,,,0,decode失敗,QR未検出,0.065972,0.359816,0.632118,0.083416,,lockin:lockin::None:29.980316997180907:12:8:binary:0,lockin,,,29.980317,12
ex_I_4,frame_00000.png,frame_00119.png,ex_I_4/rgb_max_lockin_f100_ps8_th4/00000-00119-FRAME_rgbmax_scale1.00.png,,,0,decode失敗,QR未検出,0.005056,0.126883,0.639701,0.025164,,lockin:lockin::None:9.990158498590453:4:8:binary:0,lockin,,,9.990158,4
ex_I_4,frame_00000.png,frame_00119.png,,,,0,decode失敗,QR未検出,0.038624,0.246332,0.622271,0.080795,,lockin:lockin::None:9.990158498590453:8:8:binary:0,lockin,,,9.990158,8
ex_I_4,frame_00000.png,frame_00119.png,,,,0,decode失敗,QR未検出,0.134225,0.293471,0.584002,0.191860,,lockin:lockin::None:9.990158498590453:12:8:binary:0,lockin,,,9.990158,12
ex_I_4,frame_00000.png,frame_00119.png,ex_I_4/rgb_max_lockin_f100_ps8_th4/00000-00119-FRAME_rgbmax_scale1.00.png,,,0,decode失敗,QR未検出,0.009341,0.149011,0.634707,0.033518,,lockin:lockin::None:14.995079249295227:4:8:binary:0,lockin,,,14.995079,4
ex_I_4,frame_00000.png,frame_00119.png,,,,0,decode失敗,QR未検出,0.055096,0.248455,0.611069,0.105424,,lockin:lockin::None:14.995079249295227:8:8:binary:0,lockin,,,14.995079,8
ex_I_4,frame_00000.png,frame_00119.png,,,,0,decode失敗,QR未検出,0.161473,0.299924,0.574725,0.218727,,lockin:lockin::None:14.995079249295227:12:8:binary:0,lockin,,,14.995079,12
ex_I_4,frame_00000.png,frame_00119.png,ex_I_4/rgb_max_lockin_f100_ps8_th4/00000-00119-FRAME_rgbmax_scale1.00.png,,,0,decode失敗,QR未検出,0.042500,0.232614,0.615917,0.093552,,lockin:lockin::None:29.980316997180907:4:8:binary:0,lockin,,,29.980317,4
ex_I_4,frame_00000.png,frame_00119.png,,,,0,decode失敗,QR未検出,0.326741,0.326653,0.528765,0.347046,,lockin:lockin::None:29.980316997180907:8:8:binary:0,lockin,,,29.980317,8
ex_I_4,frame_00000.png,frame_00119.png,,,,0,decode失敗,QR未検出,0.304128,0.360285,0.567572,0.377323,,lockin:lockin::None:29.980316997180907:12:8:binary:0,lockin,,,29.980317,12
ex_I_8,frame_00000.png,frame_00119.png,ex_I_8/rgb_max_lockin_f100_ps8_th4/00000-00119-FRAME_rgbmax_scale1.00.png,,,0,decode失敗,QR未検出,0.012616,0.181681,0.634635,0.039826,,lockin:lockin::None:9.990158498590453:4:8:binary:0,lockin,,,9.990158,4
ex_I_8,frame_00000.png,frame_00119.png,,,,0,decode失敗,QR未検出,0.044645,0.227656,0.612730,0.097682,,lockin:lockin::None:9.990158498590453:8:8:binary:0,lockin,,,9.990158,8
ex_I_8,frame_00000.png,frame_00119.png,,,,0,decode失敗,QR未検出,0.116298,0.279881,0.586098,0.186470,,lockin:lockin::None:9.990158498590453:12:8:binary:0,lockin,,,9.990158,12
ex_I_8,frame_00000.png,frame_00119.png,ex_I_8/rgb_max_lockin_f100_ps8_th4/00000-00119-FRAME_rgbmax_scale1.00.png,,,0,decode失敗,QR未検出,0.016052,0.181479,0.630389,0.049911,,lockin:lockin::None:14.995079249295227:4:8:binary:0,lockin,,,14.995079,4
ex_I_8,frame_00000.png,frame_00119.png,,,,0,decode失敗,QR未検出,0.061427,0.246424,0.605871,0.126101,,lockin:lockin::None:14.995079249295227:8:8:binary:0,lockin,,,14.995079,8
ex_I_8,frame_00000.png,frame_00119.png,,,,0,decode失敗,QR未検出,0.174554,0.304511,0.571686,0.242322,,lockin:lockin::None:14.995079249295227:12:8:binary:0,lockin,,,14.995079,12
ex_I_8,frame_00000.png,frame_00119.png,ex_I_8/rgb_max_lockin_f100_ps8_th4/00000-00119-FRAME_rgbmax_scale1.00.png,,,0,decode失敗,QR未検出,0.042470,0.225398,0.613897,0.097084,,lockin:lockin::None:29.980316997180907:4:8:binary:0,lockin,,,29.980317,4
ex_I_8,frame_00000.png,frame_00119.png,,,,0,decode失敗,QR未検出,0.209428,0.317986,0.566216,0.260821,,lockin:lockin::None:29.980316997180907:8:8:binary:0,lockin,,,29.980317,8
ex_I_8,frame_00000.png,frame_00119.png,,,,0,decode失敗,QR未検出,0.478073,0.352669,0.510342,0.519431,,lockin:lockin::None:29.980316997180907:12:8:binary:0,lockin,,,29.980317,12
ex_I_12,frame_00000.png,frame_00119.png,ex_I_12/rgb_max_lockin_f150_ps8_th4/00000-00119-FRAME_rgbmax_scale1.00.png,,,0,decode失敗,QR未検出,0.014432,0.156797,0.627999,0.057145,,lockin:lockin::None:9.990158498590453:4:8:binary:0,lockin,,,9.990158,4
ex_I_12,frame_00000.png,frame_00119.png,,,,0,decode失敗,QR未検出,0.076358,0.250636,0.596941,0.169773,,lockin:lockin::None:9.990158498590453:8:8:binary:0,lockin,,,9.990158,8
ex_I_12,frame_00000.png,frame_00119.png,,,,0,decode失敗,QR未検出,0.297368,0.342028,0.553991,0.338293,,lockin:lockin::None:9.990158498590453:12:8:binary:0,lockin,,,9.990158,12
ex_I_12,frame_00000.png,frame_00119.png,ex_I_12/rgb_max_lockin_f150_ps8_th4/00000-00119-FRAME_rgbmax_scale1.00.png,,,0,decode失敗,QR未検出,0.009141,0.147634,0.634837,0.042462,,lockin:lockin::None:14.995079249295227:4:8:binary:0,lockin,,,14.995079,4
ex_I_12,frame_00000.png,frame_00119.png,,,,0,decode失敗,QR未検出,0.039704,0.204909,0.610091,0.117362,,lockin:lockin::None:14.995079249295227:8:8:binary:0,lockin,,,14.995079,8
ex_I_12,frame_00000.png,frame_00119.png,,,,0,decode失敗,QR未検出,0.129439,0.298276,0.588845,0.222755,,lockin:lockin::None:14.995079249295227:12:8:binary:0,lockin,,,14.995079,12
ex_I_12,frame_00000.png,frame_00119.png,ex_I_12/rgb_max_lockin_f150_ps8_th4/00000-00119-FRAME_rgbmax_scale1.00.png,,,0,decode失敗,QR未検出,0.060517,0.242554,0.605155,0.146216,,lockin:lockin::None:29.980316997180907:4:8:binary:0,lockin,,,29.980317,4
ex_I_12,frame_00000.png,frame_00119.png,,,,0,decode失敗,QR未検出,0.417546,0.359406,0.535802,0.413507,,lockin:lockin::None:29.980316997180907:8:8:binary:0,lockin,,,29.980317,8
ex_I_12,frame_00000.png,frame_00119.png,,,,0,decode失敗,QR未検出,0.218249,0.313020,0.558873,0.306938,,lockin:lockin::None:29.980316997180907:12:8:binary:0,lockin,,,29.980317,12
rice_X_4,frame_00000.png,frame_00119.png,,,,0,decode失敗,QR未検出,0.085729,0.287444,0.605741,0.127052,,lockin:lockin::None:9.990158498590453:4:8:binary:0,lockin,,,9.990158,4
rice_X_4,frame_00000.png,frame_00119.png,,,,0,decode失敗,QR未検出,0.529648,0.377622,0.529988,0.467377,,lockin:lockin::None:9.990158498590453:8:8:binary:0,lockin,,,9.990158,8
rice_X_4,frame_00000.png,frame_00119.png,rice_X_4/rgb_max_lockin_f300_ps8_th12/00000-00119-FRAME_rgbmax_scale1.00.png,,,0,decode失敗,QR未検出,0.222634,0.424282,0.622300,0.177057,,lockin:lockin::None:9.990158498590453:12:8:binary:0,lockin,,,9.990158,12
rice_X_4,frame_00000.png,frame_00119.png,,,,0,decode失敗,QR未検出,0.107182,0.284169,0.593137,0.178841,,lockin:lockin::None:14.995079249295227:4:8:binary:0,lockin,,,14.995079,4
rice_X_4,frame_00000.png,frame_00119.png,,,,0,decode失敗,QR未検出,0.437358,0.388432,0.562196,0.379210,,lockin:lockin::None:14.995079249295227:8:8:binary:0,lockin,,,14.995079,8
rice_X_4,frame_00000.png,frame_00119.png,rice_X_4/rgb_max_lockin_f300_ps8_th12/00000-00119-FRAME_rgbmax_scale1.00.png,,,0,decode失敗,QR未検出,0.193261,0.437958,0.630945,0.138928,,lockin:lockin::None:14.995079249295227:12:8:binary:0,lockin,,,14.995079,12
rice_X_4,frame_00000.png,frame_00119.png,,,,0,decode失敗,QR未検出,0.575623,0.382293,0.526079,0.477958,,lockin:lockin::None:29.980316997180907:4:8:binary:0,lockin,,,29.980317,4
rice_X_4,frame_00000.png,frame_00119.png,,,,0,decode失敗,QR未検出,0.157942,0.437587,0.634340,0.106722,,lockin:lockin::None:29.980316997180907:8:8:binary:0,lockin,,,29.980317,8
rice_X_4,frame_00000.png,frame_00119.png,rice_X_4/rgb_max_lockin_f300_ps8_th12/00000-00119-FRAME_rgbmax_scale1.00.png,,,0,decode失敗,QR未検出,0.060917,0.438328,0.644106,0.036492,,lockin:lockin::None:29.980316997180907:12:8:binary:0,lockin,,,29.980317,12
rice_X_8,frame_00000.png,frame_00119.png,,,,0,decode失敗,QR未検出,0.048035,0.271509,0.621816,0.063307,,lockin:lockin::None:9.990158498590453:4:8:binary:0,lockin,,,9.990158,4
rice_X_8,frame_00000.png,frame_00119.png,,,,0,decode失敗,QR未検出,0.221624,0.289259,0.537112,0.350241,,lockin:lockin::None:9.990158498590453:8:8:binary:0,lockin,,,9.990158,8
rice_X_8,frame_00000.png,frame_00119.png,rice_X_8/rgb_max_lockin_f300_ps8_th12/00000-00119-FRAME_rgbmax_scale1.00.png,,,0,decode失敗,QR未検出,0.373806,0.400747,0.585317,0.316984,,lockin:lockin::None:9.990158498590453:12:8:binary:0,lockin,,,9.990158,12
rice_X_8,frame_00000.png,frame_00119.png,,,,0,decode失敗,QR未検出,0.068593,0.279335,0.612185,0.106758,,lockin:lockin::None:14.995079249295227:4:8:binary:0,lockin,,,14.995079,4
rice_X_8,frame_00000.png,frame_00119.png,,,,0,decode失敗,QR未検出,0.665798,0.380709,0.504113,0.541661,,lockin:lockin::None:14.995079249295227:8:8:binary:0,lockin,,,14.995079,8
rice_X_8,frame_00000.png,frame_00119.png,rice_X_8/rgb_max_lockin_f300_ps8_th12/00000-00119-FRAME_rgbmax_scale1.00.png,,,0,decode失敗,QR未検出,0.289772,0.419132,0.610980,0.230494,,lockin:lockin::None:14.995079249295227:12:8:binary:0,lockin,,,14.995079,12
rice_X_8,frame_00000.png,frame_00119.png,,,,0,decode失敗,QR未検出,0.633220,0.380683,0.511217,0.516099,,lockin:lockin::None:29.980316997180907:4:8:binary:0,lockin,,,29.980317,4
rice_X_8,frame_00000.png,frame_00119.png,,,,0,decode失敗,QR未検出,0.175544,0.443150,0.634345,0.119223,,lockin:lockin::None:29.980316997180907:8:8:binary:0,lockin,,,29.980317,8
rice_X_8,frame_00000.png,frame_00119.png,rice_X_8/rgb_max_lockin_f300_ps8_th12/00000-00119-FRAME_rgbmax_scale1.00.png,,,0,decode失敗,QR未検出,0.073733,0.473005,0.647160,0.040446,,lockin:lockin::None:29.980316997180907:12:8:binary:0,lockin,,,29.980317,12
rice_X_12,frame_00000.png,frame_00119.png,,,,0,decode失敗,QR未検出,0.025413,0.191081,0.621354,0.074743,,lockin:lockin::None:9.990158498590453:4:8:binary:0,lockin,,,9.990158,4
rice_X_12,frame_00000.png,frame_00119.png,,,,0,decode失敗,QR未検出,0.282381,0.305656,0.524460,0.410780,,lockin:lockin::None:9.990158498590453:8:8:binary:0,lockin,,,9.990158,8
rice_X_12,frame_00000.png,frame_00119.png,rice_X_12/rgb_max_lockin_f300_ps8_th12/00000-00119-FRAME_rgbmax_scale1.00.png,,,0,decode失敗,QR未検出,0.354299,0.423174,0.605092,0.257948,,lockin:lockin::None:9.990158498590453:12:8:binary:0,lockin,,,9.990158,12
rice_X_12,frame_00000.png,frame_00119.png,,,,0,decode失敗,QR未検出,0.037459,0.193376,0.608539,0.124381,,lockin:lockin::None:14.995079249295227:4:8:binary:0,lockin,,,14.995079,4
rice_X_12,frame_00000.png,frame_00119.png,,,,0,decode失敗,QR未検出,0.623874,0.384187,0.518498,0.490307,,lockin:lockin::None:14.995079249295227:8:8:binary:0,lockin,,,14.995079,8
rice_X_12,frame_00000.png,frame_00119.png,rice_X_12/rgb_max_lockin_f300_ps8_th12/00000-00119-FRAME_rgbmax_scale1.00.png,,,0,decode失敗,QR未検出,0.294257,0.443738,0.623996,0.195508,,lockin:lockin::None:14.995079249295227:12:8:binary:0,lockin,,,14.995079,12
rice_X_12,frame_00000.png,frame_00119.png,,,,0,decode失敗,QR未検出,0.296948,0.308469,0.521078,0.422904,,lockin:lockin::None:29.980316997180907:4:8:binary:0,lockin,,,29.980317,4
rice_X_12,frame_00000.png,frame_00119.png,,,,0,decode失敗,QR未検出,0.237141,0.458145,0.634943,0.147848,,lockin:lockin::None:29.980316997180907:8:8:binary:0,lockin,,,29.980317,8
rice_X_12,frame_00000.png,frame_00119.png,rice_X_12/rgb_max_lockin_f300_ps8_th12/00000-00119-FRAME_rgbmax_scale1.00.png,,,0,decode失敗,QR未検出,0.108047,0.503062,0.650564,0.049773,,lockin:lockin::None:29.980316997180907:12:8:binary:0,lockin,,,29.980317,12
nagaoka_fireworks_X_4,frame_00000.png,frame_00119.png,,,,0,decode失敗,QR未検出,0.164073,0.258850,0.543138,0.365175,,lockin:lockin::None:9.990158498590453:4:8:binary:0,lockin,,,9.990158,4
nagaoka_fireworks_X_4,frame_00000.png,frame_00119.png,,,,0,decode失敗,QR未検出,0.683695,0.382806,0.503631,0.444111,,lockin:lockin::None:9.990158498590453:8:8:binary:0,lockin,,,9.990158,8
nagaoka_fireworks_X_4,frame_00000.png,frame_00119.png,nagaoka_fireworks_X_4/rgb_max_lockin_f300_ps8_th12/00000-00119-FRAME_rgbmax_scale1.00.png,,,0,decode失敗,QR未検出,0.530703,0.395347,0.551796,0.315919,,lockin:lockin::None:9.990158498590453:12:8:binary:0,lockin,,,9.990158,12
nagaoka_fireworks_X_4,frame_00000.png,frame_00119.png,,,,0,decode失敗,QR未検出,0.209523,0.273547,0.528724,0.434182,,lockin:lockin::None:14.995079249295227:4:8:binary:0,lockin,,,14.995079,4
nagaoka_fireworks_X_4,frame_00000.png,frame_00119.png,,,,0,decode失敗,QR未検出,0.608927,0.390965,0.531265,0.370461,,lockin:lockin::None:14.995079249295227:8:8:binary:0,lockin,,,14.995079,8
nagaoka_fireworks_X_4,frame_00000.png,frame_00119.png,nagaoka_fireworks_X_4/rgb_max_lockin_f300_ps8_th12/00000-00119-FRAME_rgbmax_scale1.00.png,,,0,decode失敗,QR未検出,0.433153,0.410672,0.584171,0.247049,,lockin:lockin::None:14.995079249295227:12:8:binary:0,lockin,,,14.995079,12
nagaoka_fireworks_X_4,frame_00000.png,frame_00119.png,,,,0,decode失敗,QR未検出,0.614618,0.387887,0.525788,0.381909,,lockin:lockin::None:29.980316997180907:4:8:binary:0,lockin,,,29.980317,4
nagaoka_fireworks_X_4,frame_00000.png,frame_00119.png,,,,0,decode失敗,QR未検出,0.298668,0.430350,0.616278,0.170101,,lockin:lockin::None:29.980316997180907:8:8:binary:0,lockin,,,29.980317,8
nagaoka_fireworks_X_4,frame_00000.png,frame_00119.png,nagaoka_fireworks_X_4/rgb_max_lockin_f300_ps8_th12/00000-00119-FRAME_rgbmax_scale1.00.png,,,0,decode失敗,QR未検出,0.101001,0.442047,0.640838,0.064684,,lockin:lockin::None:29.980316997180907:12:8:binary:0,lockin,,,29.980317,12
nagaoka_fireworks_X_8,frame_00000.png,frame_00119.png,,,,0,decode失敗,QR未検出,0.142891,0.237865,0.539908,0.355786,,lockin:lockin::None:9.990158498590453:4:8:binary:0,lockin,,,9.990158,4
nagaoka_fireworks_X_8,frame_00000.png,frame_00119.png,,,,0,decode失敗,QR未検出,0.710738,0.386635,0.504271,0.453112,,lockin:lockin::None:9.990158498590453:8:8:binary:0,lockin,,,9.990158,8
nagaoka_fireworks_X_8,frame_00000.png,frame_00119.png,nagaoka_fireworks_X_8/rgb_max_lockin_f300_ps8_th12/00000-00119-FRAME_rgbmax_scale1.00.png,,,0,decode失敗,QR未検出,0.560882,0.394122,0.544662,0.329828,,lockin:lockin::None:9.990158498590453:12:8:binary:0,lockin,,,9.990158,12
nagaoka_fireworks_X_8,frame_00000.png,frame_00119.png,,,,0,decode失敗,QR未検出,0.234381,0.271714,0.512302,0.487265,,lockin:lockin::None:14.995079249295227:4:8:binary:0,lockin,,,14.995079,4
nagaoka_fireworks_X_8,frame_00000.png,frame_00119.png,,,,0,decode失敗,QR未検出,0.547835,0.402074,0.556733,0.310740,,lockin:lockin::None:14.995079249295227:8:8:binary:0,lockin,,,14.995079,8
nagaoka_fireworks_X_8,frame_00000.png,frame_00119.png,nagaoka_fireworks_X_8/rgb_max_lockin_f300_ps8_th12/00000-00119-FRAME_rgbmax_scale1.00.png,,,0,decode失敗,QR未検出,0.328126,0.434585,0.615541,0.180428,,lockin:lockin::None:14.995079249295227:12:8:binary:0,lockin,,,14.995079,12
nagaoka_fireworks_X_8,frame_00000.png,frame_00119.png,,,,0,decode失敗,QR未検出,0.271050,0.281226,0.502548,0.523853,,lockin:lockin::None:29.980316997180907:4:8:binary:0,lockin,,,29.980317,4
nagaoka_fireworks_X_8,frame_00000.png,frame_00119.png,,,,0,decode失敗,QR未検出,0.467471,0.400468,0.568799,0.273979,,lockin:lockin::None:29.980316997180907:8:8:binary:0,lockin,,,29.980317,8
nagaoka_fireworks_X_8,frame_00000.png,frame_00119.png,nagaoka_fireworks_X_8/rgb_max_lockin_f300_ps8_th12/00000-00119-FRAME_rgbmax_scale1.00.png,,,0,decode失敗,QR未検出,0.244122,0.421996,0.618526,0.146337,,lockin:lockin::None:29.980316997180907:12:8:binary:0,lockin,,,29.980317,12
nagaoka_fireworks_X_12,frame_00000.png,frame_00119.png,,,,0,decode失敗,QR未検出,0.051986,0.115712,0.529286,0.327267,,lockin:lockin::None:9.990158498590453:4:8:binary:0,lockin,,,9.990158,4
nagaoka_fireworks_X_12,frame_00000.png,frame_00119.png,,,,0,decode失敗,QR未検出,0.793262,0.397367,0.506727,0.485600,,lockin:lockin::None:9.990158498590453:8:8:binary:0,lockin,,,9.990158,8
nagaoka_fireworks_X_12,frame_00000.png,frame_00119.png,nagaoka_fireworks_X_12/rgb_max_lockin_f300_ps8_th12/00000-00119-FRAME_rgbmax_scale1.00.png,,,0,decode失敗,QR未検出,0.629254,0.398684,0.538201,0.358574,,lockin:lockin::None:9.990158498590453:12:8:binary:0,lockin,,,9.990158,12
nagaoka_fireworks_X_12,frame_00000.png,frame_00119.png,,,,0,decode失敗,QR未検出,0.054636,0.119573,0.528462,0.331946,,lockin:lockin::None:14.995079249295227:4:8:binary:0,lockin,,,14.995079,4
nagaoka_fireworks_X_12,frame_00000.png,frame_00119.png,,,,0,decode失敗,QR未検出,0.793752,0.399154,0.509767,0.478283,,lockin:lockin::None:14.995079249295227:8:8:binary:0,lockin,,,14.995079,8
nagaoka_fireworks_X_12,frame_00000.png,frame_00119.png,nagaoka_fireworks_X_12/rgb_max_lockin_f300_ps8_th12/00000-00119-FRAME_rgbmax_scale1.00.png,,,0,decode失敗,QR未検出,0.630389,0.396560,0.535035,0.360811,,lockin:lockin::None:14.995079249295227:12:8:binary:0,lockin,,,14.995079,12
nagaoka_fireworks_X_12,frame_00000.png,frame_00119.png,,,,0,decode失敗,QR未検出,0.753698,0.399431,0.517308,0.448880,,lockin:lockin::None:29.980316997180907:4:8:binary:0,lockin,,,29.980317,4
nagaoka_fireworks_X_12,frame_00000.png,frame_00119.png,,,,0,decode失敗,QR未検出,0.454025,0.421270,0.590726,0.241640,,lockin:lockin::None:29.980316997180907:8:8:binary:0,lockin,,,29.980317,8
nagaoka_fireworks_X_12,frame_00000.png,frame_00119.png,nagaoka_fireworks_X_12/rgb_max_lockin_f300_ps8_th12/00000-00119-FRAME_rgbmax_scale1.00.png,,,0,decode失敗,QR未検出,0.233501,0.475108,0.641543,0.117485,,lockin:lockin::None:29.980316997180907:12:8:binary:0,lockin,,,29.980317,12
hocho_X_4,frame_00000.png,frame_00119.png,hocho_X_4/rgb_max_lockin_f100_ps8_th4/00000-00119-FRAME_rgbmax_scale1.00.png,,,0,decode失敗,QR未検出,0.027448,0.275372,0.634436,0.080218,,lockin:lockin::None:9.990158498590453:4:8:binary:0,lockin,,,9.990158,4
hocho_X_4,frame_00000.png,frame_00119.png,,,,0,decode失敗,QR未検出,0.187721,0.312344,0.571180,0.295841,,lockin:lockin::None:9.990158498590453:8:8:binary:0,lockin,,,9.990158,8
hocho_X_4,frame_00000.png,frame_00119.png,,,,0,decode失敗,QR未検出,0.508646,0.358561,0.509697,0.467414,,lockin:lockin::None:9.990158498590453:12:8:binary:0,lockin,,,9.990158,12
hocho_X_4,frame_00000.png,frame_00119.png,hocho_X_4/rgb_max_lockin_f100_ps8_th4/00000-00119-FRAME_rgbmax_scale1.00.png,,,0,decode失敗,QR未検出,0.056906,0.278124,0.618336,0.133914,,lockin:lockin::None:14.995079249295227:4:8:binary:0,lockin,,,14.995079,4
hocho_X_4,frame_00000.png,frame_00119.png,,,,0,decode失敗,QR未検出,0.344628,0.332185,0.528269,0.429632,,lockin:lockin::None:14.995079249295227:8:8:binary:0,lockin,,,14.995079,8
hocho_X_4,frame_00000.png,frame_00119.png,,,,0,decode失敗,QR未検出,0.337687,0.364401,0.562169,0.327230,,lockin:lockin::None:14.995079249295227:12:8:binary:0,lockin,,,14.995079,12
hocho_X_4,frame_00000.png,frame_00119.png,hocho_X_4/rgb_max_lockin_f100_ps8_th4/00000-00119-FRAME_rgbmax_scale1.00.png,,,0,decode失敗,QR未検出,0.244207,0.329059,0.561328,0.343530,,lockin:lockin::None:29.980316997180907:4:8:binary:0,lockin,,,29.980317,4
hocho_X_4,frame_00000.png,frame_00119.png,,,,0,decode失敗,QR未検出,0.310424,0.366672,0.571115,0.288266,,lockin:lockin::None:29.980316997180907:8:8:binary:0,lockin,,,29.980317,8
hocho_X_4,frame_00000.png,frame_00119.png,,,,0,decode失敗,QR未検出,0.109497,0.356681,0.619315,0.121697,,lockin:lockin::None:29.980316997180907:12:8:binary:0,lockin,,,29.980317,12
hocho_X_8,frame_00000.png,frame_00119.png,hocho_X_8/rgb_max_lockin_f100_ps8_th4/00000-00119-FRAME_rgbmax_scale1.00.png,,,0,decode失敗,QR未検出,0.038649,0.269566,0.626984,0.103339,,lockin:lockin::None:9.990158498590453:4:8:binary:0,lockin,,,9.990158,4
hocho_X_8,frame_00000.png,frame_00119.png,,,,0,decode失敗,QR未検出,0.265439,0.330842,0.555130,0.356342,,lockin:lockin::None:9.990158498590453:8:8:binary:0,lockin,,,9.990158,8
hocho_X_8,frame_00000.png,frame_00119.png,,,,0,decode失敗,QR未検出,0.427787,0.367130,0.541761,0.396071,,lockin:lockin::None:9.990158498590453:12:8:binary:0,lockin,,,9.990158,12
hocho_X_8,frame_00000.png,frame_00119.png,hocho_X_8/rgb_max_lockin_f100_ps8_th4/00000-00119-FRAME_rgbmax_scale1.00.png,,,0,decode失敗,QR未検出,0.054751,0.285413,0.621298,0.127982,,lockin:lockin::None:14.995079249295227:4:8:binary:0,lockin,,,14.995079,4
hocho_X_8,frame_00000.png,frame_00119.png,,,,0,decode失敗,QR未検出,0.304614,0.321602,0.531858,0.408874,,lockin:lockin::None:14.995079249295227:8:8:binary:0,lockin,,,14.995079,8
hocho_X_8,frame_00000.png,frame_00119.png,,,,0,decode失敗,QR未検出,0.375356,0.369143,0.556990,0.350039,,lockin:lockin::None:14.995079249295227:12:8:binary:0,lockin,,,14.995079,12
hocho_X_8,frame_00000.png,frame_00119.png,hocho_X_8/rgb_max_lockin_f100_ps8_th4/00000-00119-FRAME_rgbmax_scale1.00.png,,,0,decode失敗,QR未検出,0.234286,0.318771,0.556894,0.338960,,lockin:lockin::None:29.980316997180907:4:8:binary:0,lockin,,,29.980317,4
hocho_X_8,frame_00000.png,frame_00119.png,,,,0,decode失敗,QR未検出,0.312219,0.373619,0.576198,0.286152,,lockin:lockin::None:29.980316997180907:8:8:binary:0,lockin,,,29.980317,8
hocho_X_8,frame_00000.png,frame_00119.png,,,,0,decode失敗,QR未検出,0.110567,0.362256,0.620684,0.123021,,lockin:lockin::None:29.980316997180907:12:8:binary:0,lockin,,,29.980317,12
hocho_X_12,frame_00000.png,frame_00119.png,hocho_X_12/rgb_max_lockin_f100_ps8_th4/00000-00119-FRAME_rgbmax_scale1.00.png,,,0,decode失敗,QR未検出,0.018862,0.211376,0.632081,0.077041,,lockin:lockin::None:9.990158498590453:4:8:binary:0,lockin,,,9.990158,4
hocho_X_12,frame_00000.png,frame_00119.png,,,,0,decode失敗,QR未検出,0.169569,0.316042,0.581034,0.279880,,lockin:lockin::None:9.990158498590453:8:8:binary:0,lockin,,,9.990158,8
hocho_X_12,frame_00000.png,frame_00119.png,,,,0,decode失敗,QR未検出,0.564787,0.362802,0.500642,0.496270,,lockin:lockin::None:9.990158498590453:12:8:binary:0,lockin,,,9.990158,12
hocho_X_12,frame_00000.png,frame_00119.png,hocho_X_12/rgb_max_lockin_f100_ps8_th4/00000-00119-FRAME_rgbmax_scale1.00.png,,,0,decode失敗,QR未検出,0.069888,0.297317,0.616764,0.159405,,lockin:lockin::None:14.995079249295227:4:8:binary:0,lockin,,,14.995079,4
hocho_X_12,frame_00000.png,frame_00119.png,,,,0,decode失敗,QR未検出,0.382392,0.328990,0.511007,0.473408,,lockin:lockin::None:14.995079249295227:8:8:binary:0,lockin,,,14.995079,8
hocho_X_12,frame_00000.png,frame_00119.png,,,,0,decode失敗,QR未検出,0.316490,0.379181,0.579535,0.286974,,lockin:lockin::None:14.995079249295227:12:8:binary:0,lockin,,,14.995079,12
hocho_X_12,frame_00000.png,frame_00119.png,hocho_X_12/rgb_max_lockin_f100_ps8_th4/00000-00119-FRAME_rgbmax_scale1.00.png,,,0,decode失敗,QR未検出,0.246607,0.320615,0.553549,0.355170,,lockin:lockin::None:29.980316997180907:4:8:binary:0,lockin,,,29.980317,4
hocho_X_12,frame_00000.png,frame_00119.png,,,,0,decode失敗,QR未検出,0.309439,0.379624,0.581440,0.271430,,lockin:lockin::None:29.980316997180907:8:8:binary:0,lockin,,,29.980317,8
hocho_X_12,frame_00000.png,frame_00119.png,,,,0,decode失敗,QR未検出,0.116853,0.388437,0.626618,0.113638,,lockin:lockin::None:29.980316997180907:12:8:binary:0,lockin,,,29.980317,12
ex_X_4,frame_00000.png,frame_00119.png,ex_X_4/rgb_max_lockin_f100_ps8_th4/00000-00119-FRAME_rgbmax_scale1.00.png,,,0,decode失敗,QR未検出,0.019727,0.214460,0.631724,0.034720,,lockin:lockin::None:9.990158498590453:4:8:binary:0,lockin,,,9.990158,4
ex_X_4,frame_00000.png,frame_00119.png,,,,0,decode失敗,QR未検出,0.060352,0.287816,0.618969,0.121134,,lockin:lockin::None:9.990158498590453:8:8:binary:0,lockin,,,9.990158,8
ex_X_4,frame_00000.png,frame_00119.png,,,,0,decode失敗,QR未検出,0.218809,0.329871,0.571133,0.289515,,lockin:lockin::None:9.990158498590453:12:8:binary:0,lockin,,,9.990158,12
ex_X_4,frame_00000.png,frame_00119.png,ex_X_4/rgb_max_lockin_f100_ps8_th4/00000-00119-FRAME_rgbmax_scale1.00.png,,,0,decode失敗,QR未検出,0.032014,0.244090,0.626617,0.065839,,lockin:lockin::None:14.995079249295227:4:8:binary:0,lockin,,,14.995079,4
ex_X_4,frame_00000.png,frame_00119.png,,,,0,decode失敗,QR未検出,0.155852,0.314713,0.585893,0.244623,,lockin:lockin::None:14.995079249295227:8:8:binary:0,lockin,,,14.995079,8
ex_X_4,frame_00000.png,frame_00119.png,,,,0,decode失敗,QR未検出,0.457145,0.349107,0.511833,0.472746,,lockin:lockin::None:14.995079249295227:12:8:binary:0,lockin,,,14.995079,12
ex_X_4,frame_00000.png,frame_00119.png,ex_X_4/rgb_max_lockin_f100_ps8_th4/00000-00119-FRAME_rgbmax_scale1.00.png,,,0,decode失敗,QR未検出,0.185730,0.339873,0.588869,0.249268,,lockin:lockin::None:29.980316997180907:4:8:binary:0,lockin,,,29.980317,4
ex_X_4,frame_00000.png,frame_00119.png,,,,0,decode失敗,QR未検出,0.243207,0.345736,0.574165,0.289347,,lockin:lockin::None:29.980316997180907:8:8:binary:0,lockin,,,29.980317,8
ex_X_4,frame_00000.png,frame_00119.png,,,,0,decode失敗,QR未検出,0.050241,0.310026,0.628561,0.088529,,lockin:lockin::None:29.980316997180907:12:8:binary:0,lockin,,,29.980317,12
ex_X_8,frame_00000.png,frame_00119.png,ex_X_8/rgb_max_lockin_f100_ps8_th4/00000-00119-FRAME_rgbmax_scale1.00.png,,,0,decode失敗,QR未検出,0.007331,0.165369,0.639723,0.020238,,lockin:lockin::None:9.990158498590453:4:8:binary:0,lockin,,,9.990158,4
ex_X_8,frame_00000.png,frame_00119.png,,,,0,decode失敗,QR未検出,0.039204,0.240631,0.620533,0.081035,,lockin:lockin::None:9.990158498590453:8:8:binary:0,lockin,,,9.990158,8
ex_X_8,frame_00000.png,frame_00119.png,,,,0,decode失敗,QR未検出,0.164193,0.312545,0.581190,0.206642,,lockin:lockin::None:9.990158498590453:12:8:binary:0,lockin,,,9.990158,12
ex_X_8,frame_00000.png,frame_00119.png,ex_X_8/rgb_max_lockin_f100_ps8_th4/00000-00119-FRAME_rgbmax_scale1.00.png,,,0,decode失敗,QR未検出,0.008741,0.159257,0.637017,0.025115,,lockin:lockin::None:14.995079249295227:4:8:binary:0,lockin,,,14.995079,4
ex_X_8,frame_00000.png,frame_00119.png,,,,0,decode失敗,QR未検出,0.048360,0.240005,0.613443,0.100085,,lockin:lockin::None:14.995079249295227:8:8:binary:0,lockin,,,14.995079,8
ex_X_8,frame_00000.png,frame_00119.png,,,,0,decode失敗,QR未検出,0.193696,0.322075,0.575224,0.233037,,lockin:lockin::None:14.995079249295227:12:8:binary:0,lockin,,,14.995079,12
ex_X_8,frame_00000.png,frame_00119.png,ex_X_8/rgb_max_lockin_f100_ps8_th4/00000-00119-FRAME_rgbmax_scale1.00.png,,,0,decode失敗,QR未検出,0.029823,0.239201,0.627350,0.060868,,lockin:lockin::None:29.980316997180907:4:8:binary:0,lockin,,,29.980317,4
ex_X_8,frame_00000.png,frame_00119.png,,,,0,decode失敗,QR未検出,0.216764,0.336514,0.576410,0.241500,,lockin:lockin::None:29.980316997180907:8:8:binary:0,lockin,,,29.980317,8
ex_X_8,frame_00000.png,frame_00119.png,,,,0,decode失敗,QR未検出,0.438573,0.342114,0.508465,0.505320,,lockin:lockin::None:29.980316997180907:12:8:binary:0,lockin,,,29.980317,12
ex_X_12,frame_00000.png,frame_00119.png,ex_X_12/rgb_max_lockin_f100_ps8_th4/00000-00119-FRAME_rgbmax_scale1.00.png,,,0,decode失敗,QR未検出,0.020127,0.176962,0.624393,0.064862,,lockin:lockin::None:9.990158498590453:4:8:binary:0,lockin,,,9.990158,4
ex_X_12,frame_00000.png,frame_00119.png,,,,0,decode失敗,QR未検出,0.098796,0.284171,0.597595,0.172126,,lockin:lockin::None:9.990158498590453:8:8:binary:0,lockin,,,9.990158,8
ex_X_12,frame_00000.png,frame_00119.png,,,,0,decode失敗,QR未検出,0.345303,0.368757,0.564103,0.338795,,lockin:lockin::None:9.990158498590453:12:8:binary:0,lockin,,,9.990158,12
ex_X_12,frame_00000.png,frame_00119.png,ex_X_12/rgb_max_lockin_f100_ps8_th4/00000-00119-FRAME_rgbmax_scale1.00.png,,,0,decode失敗,QR未検出,0.097076,0.290940,0.601290,0.167318,,lockin:lockin::None:14.995079249295227:4:8:binary:0,lockin,,,14.995079,4
ex_X_12,frame_00000.png,frame_00119.png,,,,0,decode失敗,QR未検出,0.610422,0.372814,0.504376,0.514209,,lockin:lockin::None:14.995079249295227:8:8:binary:0,lockin,,,14.995079,8
ex_X_12,frame_00000.png,frame_00119.png,,,,0,decode失敗,QR未検出,0.076543,0.280081,0.608046,0.178670,,lockin:lockin::None:14.995079249295227:12:8:binary:0,lockin,,,14.995079,12
ex_X_12,frame_00000.png,frame_00119.png,ex_X_12/rgb_max_lockin_f100_ps8_th4/00000-00119-FRAME_rgbmax_scale1.00.png,,,0,decode失敗,QR未検出,0.037024,0.194035,0.609249,0.101834,,lockin:lockin::None:29.980316997180907:4:8:binary:0,lockin,,,29.980317,4
ex_X_12,frame_00000.png,frame_00119.png,,,,0,decode失敗,QR未検出,0.242847,0.348236,0.576042,0.276571,,lockin:lockin::None:29.980316997180907:8:8:binary:0,lockin,,,29.980317,8
ex_X_12,frame_00000.png,frame_00119.png,,,,0,decode失敗,QR未検出,0.595370,0.372719,0.507826,0.509435,,lockin:lockin::None:29.980316997180907:12:8:binary:0,lockin,,,29.980317,12
