folder,frame_1,frame_2,diff_image,analysis_image,decoded_text,success,method,note,recall,precision,accuracy,noise,gt_note,task_key,diff_mode,window_n,stat_kind,fft_target_hz,diff_threshold
rice_R_4,frame_00000.png,frame_00119.png,,,,0,decode失敗,QR未検出,0.000000,0.000000,0.648664,0.000165,,fourier:fourier::None:10.00260404800003:4:None:binary:0,fourier,,,10.002604,4
rice_R_4,frame_00000.png,frame_00119.png,,,,0,decode失敗,QR未検出,0.000000,0.000000,0.648664,0.000165,,fourier:fourier::None:10.00260404800003:8:None:binary:0,fourier,,,10.002604,8
rice_R_4,frame_00000.png,frame_00119.png,rice_R_4/rgb_max_fourier_f100_th12/00000-00119-FRAME_rgbmax_scale1.00.png,,,0,decode失敗,QR未検出,0.000000,0.000000,0.648664,0.000165,,fourier:fourier::None:10.00260404800003:12:None:binary:0,fourier,,,10.002604,12
rice_R_4,frame_00000.png,frame_00119.png,,,,0,decode失敗,QR未検出,0.000000,0.000000,0.648664,0.000165,,fourier:fourier::None:15.0:4:None:binary:0,fourier,,,15.000000,4
rice_R_4,frame_00000.png,frame_00119.png,,,,0,decode失敗,QR未検出,0.000000,0.000000,0.648664,0.000165,,fourier:fourier::None:15.0:8:None:binary:0,fourier,,,15.000000,8
rice_R_4,frame_00000.png,frame_00119.png,rice_R_4/rgb_max_fourier_f100_th12/00000-00119-FRAME_rgbmax_scale1.00.png,,,0,decode失敗,QR未検出,0.000000,0.000000,0.648664,0.000165,,fourier:fourier::None:15.0:12:None:binary:0,fourier,,,15.000000,12
rice_R_4,frame_00000.png,frame_00119.png,,,,0,decode失敗,QR未検出,0.000000,0.000000,0.648664,0.000165,,fourier:fourier::None:29.99739595199997:4:None:binary:0,fourier,,,29.997396,4
rice_R_4,frame_00000.png,frame_00119.png,,,,0,decode失敗,QR未検出,0.000000,0.000000,0.648664,0.000194,,fourier:fourier::None:29.99739595199997:8:None:binary:0,fourier,,,29.997396,8
rice_R_4,frame_00000.png,frame_00119.png,rice_R_4/rgb_max_fourier_f100_th12/00000-00119-FRAME_rgbmax_scale1.00.png,,,0,decode失敗,QR未検出,0.000134,0.207692,0.648614,0.000521,,fourier:fourier::None:29.99739595199997:12:None:binary:0,fourier,,,29.997396,12
rice_R_8,frame_00000.png,frame_00119.png,,,,0,decode失敗,QR未検出,0.000000,0.000000,0.648699,0.000590,,fourier:fourier::None:10.00260404800003:4:None:binary:0,fourier,,,10.002604,4
rice_R_8,frame_00000.png,frame_00119.png,rice_R_8/rgb_max_fourier_f100_th8/00000-00119-FRAME_rgbmax_scale1.00.png,,,0,decode失敗,QR未検出,0.000000,0.000000,0.648699,0.000593,,fourier:fourier::None:10.00260404800003:8:None:binary:0,fourier,,,10.002604,8
rice_R_8,frame_00000.png,frame_00119.png,,,,0,decode失敗,QR未検出,0.000000,0.000000,0.648699,0.000593,,fourier:fourier::None:10.00260404800003:12:None:binary:0,fourier,,,10.002604,12
rice_R_8,frame_00000.png,frame_00119.png,,,,0,decode失敗,QR未検出,0.000000,0.000000,0.648699,0.000590,,fourier:fourier::None:15.0:4:None:binary:0,fourier,,,15.000000,4
rice_R_8,frame_00000.png,frame_00119.png,rice_R_8/rgb_max_fourier_f100_th8/00000-00119-FRAME_rgbmax_scale1.00.png,,,0,decode失敗,QR未検出,0.000000,0.000000,0.648699,0.000593,,fourier:fourier::None:15.0:8:None:binary:0,fourier,,,15.000000,8
rice_R_8,frame_00000.png,frame_00119.png,,,,0,decode失敗,QR未検出,0.000000,0.000000,0.648699,0.000593,,fourier:fourier::None:15.0:12:None:binary:0,fourier,,,15.000000,12
rice_R_8,frame_00000.png,frame_00119.png,,,,0,decode失敗,QR未検出,0.000000,0.000000,0.648699,0.000591,,fourier:fourier::None:29.99739595199997:4:None:binary:0,fourier,,,29.997396,4
rice_R_8,frame_00000.png,frame_00119.png,rice_R_8/rgb_max_fourier_f100_th8/00000-00119-FRAME_rgbmax_scale1.00.png,,,0,decode失敗,QR未検出,0.000000,0.000000,0.648699,0.000617,,fourier:fourier::None:29.99739595199997:8:None:binary:0,fourier,,,29.997396,8
rice_R_8,frame_00000.png,frame_00119.png,,,,0,decode失敗,QR未検出,0.000000,0.000000,0.648699,0.000633,,fourier:fourier::None:29.99739595199997:12:None:binary:0,fourier,,,29.997396,12
rice_R_12,frame_00000.png,frame_00119.png,,,,0,decode失敗,QR未検出,0.000000,0.000000,0.648747,0.000136,,fourier:fourier::None:10.00260404800003:4:None:binary:0,fourier,,,10.002604,4
rice_R_12,frame_00000.png,frame_00119.png,rice_R_12/rgb_max_fourier_f150_th8/00000-00119-FRAME_rgbmax_scale1.00.png,,,0,decode失敗,QR未検出,0.000000,0.000000,0.648747,0.000136,,fourier:fourier::None:10.00260404800003:8:None:binary:0,fourier,,,10.002604,8
rice_R_12,frame_00000.png,frame_00119.png,,,,0,decode失敗,QR未検出,0.000000,0.000000,0.648747,0.000136,,fourier:fourier::None:10.00260404800003:12:None:binary:0,fourier,,,10.002604,12
rice_R_12,frame_00000.png,frame_00119.png,,,,0,decode失敗,QR未検出,0.000000,0.000000,0.648747,0.000136,,fourier:fourier::None:15.0:4:None:binary:0,fourier,,,15.000000,4
rice_R_12,frame_00000.png,frame_00119.png,rice_R_12/rgb_max_fourier_f150_th8/00000-00119-FRAME_rgbmax_scale1.00.png,,,0,decode失敗,QR未検出,0.000000,0.000000,0.648747,0.000136,,fourier:fourier::None:15.0:8:None:binary:0,fourier,,,15.000000,8
rice_R_12,frame_00000.png,frame_00119.png,,,,0,decode失敗,QR未検出,0.000000,0.000000,0.648747,0.000136,,fourier:fourier::None:15.0:12:None:binary:0,fourier,,,15.000000,12
rice_R_12,frame_00000.png,frame_00119.png,,,,0,decode失敗,QR未検出,0.000000,0.000000,0.648747,0.000136,,fourier:fourier::None:29.99739595199997:4:None:binary:0,fourier,,,29.997396,4
rice_R_12,frame_00000.png,frame_00119.png,rice_R_12/rgb_max_fourier_f150_th8/00000-00119-FRAME_rgbmax_scale1.00.png,,,0,decode失敗,QR未検出,0.000000,0.000000,0.648747,0.000136,,fourier:fourier::None:29.99739595199997:8:None:binary:0,fourier,,,29.997396,8
rice_R_12,frame_00000.png,frame_00119.png,,,,0,decode失敗,QR未検出,0.000000,0.000000,0.648747,0.000198,,fourier:fourier::None:29.99739595199997:12:None:binary:0,fourier,,,29.997396,12
nagaoka_fireworks_R_4,frame_00000.png,frame_00119.png,,,,0,decode失敗,QR未検出,0.001509,0.059622,0.640915,0.011573,,fourier:fourier::None:10.00260404800003:4:None:binary:0,fourier,,,10.002604,4
nagaoka_fireworks_R_4,frame_00000.png,frame_00119.png,nagaoka_fireworks_R_4/rgb_max_fourier_f100_th8/00000-00119-FRAME_rgbmax_scale1.00.png,,,0,decode失敗,QR未検出,0.001509,0.059622,0.640915,0.011573,,fourier:fourier::None:10.00260404800003:8:None:binary:0,fourier,,,10.002604,8
nagaoka_fireworks_R_4,frame_00000.png,frame_00119.png,,,,0,decode失敗,QR未検出,0.001509,0.057791,0.640633,0.012000,,fourier:fourier::None:10.00260404800003:12:None:binary:0,fourier,,,10.002604,12
nagaoka_fireworks_R_4,frame_00000.png,frame_00119.png,,,,0,decode失敗,QR未検出,0.001509,0.059622,0.640915,0.011573,,fourier:fourier::None:15.0:4:None:binary:0,fourier,,,15.000000,4
nagaoka_fireworks_R_4,frame_00000.png,frame_00119.png,nagaoka_fireworks_R_4/rgb_max_fourier_f100_th8/00000-00119-FRAME_rgbmax_scale1.00.png,,,0,decode失敗,QR未検出,0.001509,0.059622,0.640915,0.011573,,fourier:fourier::None:15.0:8:None:binary:0,fourier,,,15.000000,8
nagaoka_fireworks_R_4,frame_00000.png,frame_00119.png,,,,0,decode失敗,QR未検出,0.001509,0.057791,0.640633,0.012086,,fourier:fourier::None:15.0:12:None:binary:0,fourier,,,15.000000,12
nagaoka_fireworks_R_4,frame_00000.png,frame_00119.png,,,,0,decode失敗,QR未検出,0.001509,0.059622,0.640915,0.011573,,fourier:fourier::None:29.99739595199997:4:None:binary:0,fourier,,,29.997396,4
nagaoka_fireworks_R_4,frame_00000.png,frame_00119.png,nagaoka_fireworks_R_4/rgb_max_fourier_f100_th8/00000-00119-FRAME_rgbmax_scale1.00.png,,,0,decode失敗,QR未検出,0.001569,0.059943,0.640654,0.012139,,fourier:fourier::None:29.99739595199997:8:None:binary:0,fourier,,,29.997396,8
nagaoka_fireworks_R_4,frame_00000.png,frame_00119.png,,,,0,decode失敗,QR未検出,0.002346,0.078148,0.639849,0.013419,,fourier:fourier::None:29.99739595199997:12:None:binary:0,fourier,,,29.997396,12
nagaoka_fireworks_R_8,frame_00000.png,frame_00119.png,,,,0,decode失敗,QR未検出,0.000164,0.014785,0.644957,0.013054,,fourier:fourier::None:10.00260404800003:4:None:binary:0,fourier,,,10.002604,4
nagaoka_fireworks_R_8,frame_00000.png,frame_00119.png,,,,0,decode失敗,QR未検出,0.000164,0.014785,0.644957,0.013054,,fourier:fourier::None:10.00260404800003:8:None:binary:0,fourier,,,10.002604,8
nagaoka_fireworks_R_8,frame_00000.png,frame_00119.png,nagaoka_fireworks_R_8/rgb_max_fourier_f300_th12/00000-00119-FRAME_rgbmax_scale1.00.png,,,0,decode失敗,QR未検出,0.000374,0.032953,0.645027,0.013102,,fourier:fourier::None:10.00260404800003:12:None:binary:0,fourier,,,10.002604,12
nagaoka_fireworks_R_8,frame_00000.png,frame_00119.png,,,,0,decode失敗,QR未検出,0.000164,0.014785,0.644957,0.013054,,fourier:fourier::None:15.0:4:None:binary:0,fourier,,,15.000000,4
nagaoka_fireworks_R_8,frame_00000.png,frame_00119.png,,,,0,decode失敗,QR未検出,0.000164,0.014785,0.644957,0.013055,,fourier:fourier::None:15.0:8:None:binary:0,fourier,,,15.000000,8
nagaoka_fireworks_R_8,frame_00000.png,frame_00119.png,nagaoka_fireworks_R_8/rgb_max_fourier_f300_th12/00000-00119-FRAME_rgbmax_scale1.00.png,,,0,decode失敗,QR未検出,0.000374,0.030389,0.644691,0.013330,,fourier:fourier::None:15.0:12:None:binary:0,fourier,,,15.000000,12
nagaoka_fireworks_R_8,frame_00000.png,frame_00119.png,,,,0,decode失敗,QR未検出,0.000164,0.014785,0.644957,0.013094,,fourier:fourier::None:29.99739595199997:4:None:binary:0,fourier,,,29.997396,4
nagaoka_fireworks_R_8,frame_00000.png,frame_00119.png,,,,0,decode失敗,QR未検出,0.000374,0.032953,0.645027,0.013199,,fourier:fourier::None:29.99739595199997:8:None:binary:0,fourier,,,29.997396,8
nagaoka_fireworks_R_8,frame_00000.png,frame_00119.png,nagaoka_fireworks_R_8/rgb_max_fourier_f300_th12/00000-00119-FRAME_rgbmax_scale1.00.png,,,0,decode失敗,QR未検出,0.000473,0.041126,0.645037,0.013716,,fourier:fourier::None:29.99739595199997:12:None:binary:0,fourier,,,29.997396,12
nagaoka_fireworks_R_12,frame_00000.png,frame_00119.png,,,,0,decode失敗,QR未検出,0.000010,0.000318,0.637753,0.015905,,fourier:fourier::None:10.00260404800003:4:None:binary:0,fourier,,,10.002604,4
nagaoka_fireworks_R_12,frame_00000.png,frame_00119.png,nagaoka_fireworks_R_12/rgb_max_fourier_f150_th8/00000-00119-FRAME_rgbmax_scale1.00.png,,,0,decode失敗,QR未検出,0.000010,0.000318,0.637753,0.016075,,fourier:fourier::None:10.00260404800003:8:None:binary:0,fourier,,,10.002604,8
nagaoka_fireworks_R_12,frame_00000.png,frame_00119.png,,,,0,decode失敗,QR未検出,0.000010,0.000318,0.637753,0.016075,,fourier:fourier::None:10.00260404800003:12:None:binary:0,fourier,,,10.002604,12
nagaoka_fireworks_R_12,frame_00000.png,frame_00119.png,,,,0,decode失敗,QR未検出,0.000010,0.000318,0.637753,0.015907,,fourier:fourier::None:15.0:4:None:binary:0,fourier,,,15.000000,4
nagaoka_fireworks_R_12,frame_00000.png,frame_00119.png,nagaoka_fireworks_R_12/rgb_max_fourier_f150_th8/00000-00119-FRAME_rgbmax_scale1.00.png,,,0,decode失敗,QR未検出,0.000010,0.000318,0.637753,0.016076,,fourier:fourier::None:15.0:8:None:binary:0,fourier,,,15.000000,8
nagaoka_fireworks_R_12,frame_00000.png,frame_00119.png,,,,0,decode失敗,QR未検出,0.000010,0.000318,0.637753,0.016131,,fourier:fourier::None:15.0:12:None:binary:0,fourier,,,15.000000,12
nagaoka_fireworks_R_12,frame_00000.png,frame_00119.png,,,,0,decode失敗,QR未検出,0.000010,0.000318,0.637753,0.015910,,fourier:fourier::None:29.99739595199997:4:None:binary:0,fourier,,,29.997396,4
nagaoka_fireworks_R_12,frame_00000.png,frame_00119.png,nagaoka_fireworks_R_12/rgb_max_fourier_f150_th8/00000-00119-FRAME_rgbmax_scale1.00.png,,,0,decode失敗,QR未検出,0.000010,0.000313,0.637580,0.016370,,fourier:fourier::None:29.99739595199997:8:None:binary:0,fourier,,,29.997396,8
nagaoka_fireworks_R_12,frame_00000.png,frame_00119.png,,,,0,decode失敗,QR未検出,0.000010,0.000270,0.635787,0.018673,,fourier:fourier::None:29.99739595199997:12:None:binary:0,fourier,,,29.997396,12
hocho_R_4,frame_00000.png,frame_00119.png,,,,0,decode失敗,QR未検出,0.000000,0.000000,0.648617,0.000582,,fourier:fourier::None:10.00260404800003:4:None:binary:0,fourier,,,10.002604,4
hocho_R_4,frame_00000.png,frame_00119.png,,,,0,decode失敗,QR未検出,0.000000,0.000000,0.648617,0.000582,,fourier:fourier::None:10.00260404800003:8:None:binary:0,fourier,,,10.002604,8
hocho_R_4,frame_00000.png,frame_00119.png,hocho_R_4/rgb_max_fourier_f150_th12/00000-00119-FRAME_rgbmax_scale1.00.png,,,0,decode失敗,QR未検出,0.000000,0.000000,0.648617,0.000582,,fourier:fourier::None:10.00260404800003:12:None:binary:0,fourier,,,10.002604,12
hocho_R_4,frame_00000.png,frame_00119.png,,,,0,decode失敗,QR未検出,0.000000,0.000000,0.648617,0.000582,,fourier:fourier::None:15.0:4:None:binary:0,fourier,,,15.000000,4
hocho_R_4,frame_00000.png,frame_00119.png,,,,0,decode失敗,QR未検出,0.000000,0.000000,0.648617,0.000582,,fourier:fourier::None:15.0:8:None:binary:0,fourier,,,15.000000,8
hocho_R_4,frame_00000.png,frame_00119.png,hocho_R_4/rgb_max_fourier_f150_th12/00000-00119-FRAME_rgbmax_scale1.00.png,,,0,decode失敗,QR未検出,0.000000,0.000000,0.648617,0.000582,,fourier:fourier::None:15.0:12:None:binary:0,fourier,,,15.000000,12
hocho_R_4,frame_00000.png,frame_00119.png,,,,0,decode失敗,QR未検出,0.000000,0.000000,0.648617,0.000582,,fourier:fourier::None:29.99739595199997:4:None:binary:0,fourier,,,29.997396,4
hocho_R_4,frame_00000.png,frame_00119.png,,,,0,decode失敗,QR未検出,0.000000,0.000000,0.648617,0.000583,,fourier:fourier::None:29.99739595199997:8:None:binary:0,fourier,,,29.997396,8
hocho_R_4,frame_00000.png,frame_00119.png,hocho_R_4/rgb_max_fourier_f150_th12/00000-00119-FRAME_rgbmax_scale1.00.png,,,0,decode失敗,QR未検出,0.000000,0.000000,0.648521,0.000681,,fourier:fourier::None:29.99739595199997:12:None:binary:0,fourier,,,29.997396,12
hocho_R_8,frame_00000.png,frame_00119.png,,,,0,decode失敗,QR未検出,0.000000,0.000000,0.648689,0.000283,,fourier:fourier::None:10.00260404800003:4:None:binary:0,fourier,,,10.002604,4
hocho_R_8,frame_00000.png,frame_00119.png,,,,0,decode失敗,QR未検出,0.000000,0.000000,0.648689,0.000284,,fourier:fourier::None:10.00260404800003:8:None:binary:0,fourier,,,10.002604,8
hocho_R_8,frame_00000.png,frame_00119.png,hocho_R_8/rgb_max_fourier_f150_th12/00000-00119-FRAME_rgbmax_scale1.00.png,,,0,decode失敗,QR未検出,0.000000,0.000000,0.648689,0.000284,,fourier:fourier::None:10.00260404800003:12:None:binary:0,fourier,,,10.002604,12
hocho_R_8,frame_00000.png,frame_00119.png,,,,0,decode失敗,QR未検出,0.000000,0.000000,0.648689,0.000283,,fourier:fourier::None:15.0:4:None:binary:0,fourier,,,15.000000,4
hocho_R_8,frame_00000.png,frame_00119.png,,,,0,decode失敗,QR未検出,0.000000,0.000000,0.648689,0.000284,,fourier:fourier::None:15.0:8:None:binary:0,fourier,,,15.000000,8
hocho_R_8,frame_00000.png,frame_00119.png,hocho_R_8/rgb_max_fourier_f150_th12/00000-00119-FRAME_rgbmax_scale1.00.png,,,0,decode失敗,QR未検出,0.000000,0.000000,0.648689,0.000284,,fourier:fourier::None:15.0:12:None:binary:0,fourier,,,15.000000,12
hocho_R_8,frame_00000.png,frame_00119.png,,,,0,decode失敗,QR未検出,0.000000,0.000000,0.648689,0.000283,,fourier:fourier::None:29.99739595199997:4:None:binary:0,fourier,,,29.997396,4
hocho_R_8,frame_00000.png,frame_00119.png,,,,0,decode失敗,QR未検出,0.000000,0.000000,0.648689,0.000284,,fourier:fourier::None:29.99739595199997:8:None:binary:0,fourier,,,29.997396,8
hocho_R_8,frame_00000.png,frame_00119.png,hocho_R_8/rgb_max_fourier_f150_th12/00000-00119-FRAME_rgbmax_scale1.00.png,,,0,decode失敗,QR未検出,0.000000,0.000000,0.648687,0.000346,,fourier:fourier::None:29.99739595199997:12:None:binary:0,fourier,,,29.997396,12
hocho_R_12,frame_00000.png,frame_00119.png,,,,0,decode失敗,QR未検出,0.000000,0.000000,0.648724,0.000446,,fourier:fourier::None:10.00260404800003:4:None:binary:0,fourier,,,10.002604,4
hocho_R_12,frame_00000.png,frame_00119.png,hocho_R_12/rgb_max_fourier_f150_th8/00000-00119-FRAME_rgbmax_scale1.00.png,,,0,decode失敗,QR未検出,0.000000,0.000000,0.648724,0.000446,,fourier:fourier::None:10.00260404800003:8:None:binary:0,fourier,,,10.002604,8
hocho_R_12,frame_00000.png,frame_00119.png,,,,0,decode失敗,QR未検出,0.000000,0.000000,0.648724,0.000446,,fourier:fourier::None:10.00260404800003:12:None:binary:0,fourier,,,10.002604,12
hocho_R_12,frame_00000.png,frame_00119.png,,,,0,decode失敗,QR未検出,0.000000,0.000000,0.648724,0.000446,,fourier:fourier::None:15.0:4:None:binary:0,fourier,,,15.000000,4
hocho_R_12,frame_00000.png,frame_00119.png,hocho_R_12/rgb_max_fourier_f150_th8/00000-00119-FRAME_rgbmax_scale1.00.png,,,0,decode失敗,QR未検出,0.000000,0.000000,0.648724,0.000446,,fourier:fourier::None:15.0:8:None:binary:0,fourier,,,15.000000,8
hocho_R_12,frame_00000.png,frame_00119.png,,,,0,decode失敗,QR未検出,0.000000,0.000000,0.648724,0.000446,,fourier:fourier::None:15.0:12:None:binary:0,fourier,,,15.000000,12
hocho_R_12,frame_00000.png,frame_00119.png,,,,0,decode失敗,QR未検出,0.000000,0.000000,0.648724,0.000446,,fourier:fourier::None:29.99739595199997:4:None:binary:0,fourier,,,29.997396,4
hocho_R_12,frame_00000.png,frame_00119.png,hocho_R_12/rgb_max_fourier_f150_th8/00000-00119-FRAME_rgbmax_scale1.00.png,,,0,decode失敗,QR未検出,0.000000,0.000000,0.648724,0.000446,,fourier:fourier::None:29.99739595199997:8:None:binary:0,fourier,,,29.997396,8
hocho_R_12,frame_00000.png,frame_00119.png,,,,0,decode失敗,QR未検出,0.000000,0.000000,0.648664,0.000602,,fourier:fourier::None:29.99739595199997:12:None:binary:0,fourier,,,29.997396,12
ex_R_4,frame_00000.png,frame_00119.png,,,,0,decode失敗,QR未検出,0.000000,0.000000,0.648670,0.000039,,fourier:fourier::None:10.00260404800003:4:None:binary:0,fourier,,,10.002604,4
ex_R_4,frame_00000.png,frame_00119.png,,,,0,decode失敗,QR未検出,0.000000,0.000000,0.648670,0.000039,,fourier:fourier::None:10.00260404800003:8:None:binary:0,fourier,,,10.002604,8
ex_R_4,frame_00000.png,frame_00119.png,ex_R_4/rgb_max_fourier_f100_th12/00000-00119-FRAME_rgbmax_scale1.00.png,,,0,decode失敗,QR未検出,0.000000,0.000000,0.648670,0.000039,,fourier:fourier::None:10.00260404800003:12:None:binary:0,fourier,,,10.002604,12
ex_R_4,frame_00000.png,frame_00119.png,,,,0,decode失敗,QR未検出,0.000000,0.000000,0.648670,0.000039,,fourier:fourier::None:15.0:4:None:binary:0,fourier,,,15.000000,4
ex_R_4,frame_00000.png,frame_00119.png,,,,0,decode失敗,QR未検出,0.000000,0.000000,0.648670,0.000039,,fourier:fourier::None:15.0:8:None:binary:0,fourier,,,15.000000,8
ex_R_4,frame_00000.png,frame_00119.png,ex_R_4/rgb_max_fourier_f100_th12/00000-00119-FRAME_rgbmax_scale1.00.png,,,0,decode失敗,QR未検出,0.000000,0.000000,0.648670,0.000039,,fourier:fourier::None:15.0:12:None:binary:0,fourier,,,15.000000,12
ex_R_4,frame_00000.png,frame_00119.png,,,,0,decode失敗,QR未検出,0.000000,0.000000,0.648670,0.000039,,fourier:fourier::None:29.99739595199997:4:None:binary:0,fourier,,,29.997396,4
ex_R_4,frame_00000.png,frame_00119.png,,,,0,decode失敗,QR未検出,0.000000,0.000000,0.648670,0.000707,,fourier:fourier::None:29.99739595199997:8:None:binary:0,fourier,,,29.997396,8
ex_R_4,frame_00000.png,frame_00119.png,ex_R_4/rgb_max_fourier_f100_th12/00000-00119-FRAME_rgbmax_scale1.00.png,,,0,decode失敗,QR未検出,0.000000,0.000000,0.648544,0.001268,,fourier:fourier::None:29.99739595199997:12:None:binary:0,fourier,,,29.997396,12
ex_R_8,frame_00000.png,frame_00119.png,ex_R_8/rgb_max_fourier_f100_th4/00000-00119-FRAME_rgbmax_scale1.00.png,,,0,decode失敗,QR未検出,0.000000,0.000000,0.648629,0.002280,,fourier:fourier::None:10.00260404800003:4:None:binary:0,fourier,,,10.002604,4
ex_R_8,frame_00000.png,frame_00119.png,,,,0,decode失敗,QR未検出,0.000000,0.000000,0.648629,0.002280,,fourier:fourier::None:10.00260404800003:8:None:binary:0,fourier,,,10.002604,8
ex_R_8,frame_00000.png,frame_00119.png,,,,0,decode失敗,QR未検出,0.000000,0.000000,0.648461,0.002404,,fourier:fourier::None:10.00260404800003:12:None:binary:0,fourier,,,10.002604,12
ex_R_8,frame_00000.png,frame_00119.png,ex_R_8/rgb_max_fourier_f100_th4/00000-00119-FRAME_rgbmax_scale1.00.png,,,0,decode失敗,QR未検出,0.000000,0.000000,0.648629,0.002280,,fourier:fourier::None:15.0:4:None:binary:0,fourier,,,15.000000,4
ex_R_8,frame_00000.png,frame_00119.png,,,,0,decode失敗,QR未検出,0.000000,0.000000,0.648461,0.002404,,fourier:fourier::None:15.0:8:None:binary:0,fourier,,,15.000000,8
ex_R_8,frame_00000.png,frame_00119.png,,,,0,decode失敗,QR未検出,0.000000,0.000000,0.648461,0.002404,,fourier:fourier::None:15.0:12:None:binary:0,fourier,,,15.000000,12
ex_R_8,frame_00000.png,frame_00119.png,ex_R_8/rgb_max_fourier_f100_th4/00000-00119-FRAME_rgbmax_scale1.00.png,,,0,decode失敗,QR未検出,0.000000,0.000000,0.648629,0.002280,,fourier:fourier::None:29.99739595199997:4:None:binary:0,fourier,,,29.997396,4
ex_R_8,frame_00000.png,frame_00119.png,,,,0,decode失敗,QR未検出,0.000000,0.000000,0.648461,0.002404,,fourier:fourier::None:29.99739595199997:8:None:binary:0,fourier,,,29.997396,8
ex_R_8,frame_00000.png,frame_00119.png,,,,0,decode失敗,QR未検出,0.000000,0.000000,0.648461,0.002876,,fourier:fourier::None:29.99739595199997:12:None:binary:0,fourier,,,29.997396,12
ex_R_12,frame_00000.png,frame_00119.png,,,,0,decode失敗,QR未検出,0.000000,0.000000,0.648747,0.000000,,fourier:fourier::None:10.00260404800003:4:None:binary:0,fourier,,,10.002604,4
ex_R_12,frame_00000.png,frame_00119.png,,,,0,decode失敗,QR未検出,0.000000,0.000000,0.648747,0.000000,,fourier:fourier::None:10.00260404800003:8:None:binary:0,fourier,,,10.002604,8
ex_R_12,frame_00000.png,frame_00119.png,ex_R_12/rgb_max_fourier_f300_th12/00000-00119-FRAME_rgbmax_scale1.00.png,,,0,decode失敗,QR未検出,0.000000,0.000000,0.648747,0.000000,,fourier:fourier::None:10.00260404800003:12:None:binary:0,fourier,,,10.002604,12
ex_R_12,frame_00000.png,frame_00119.png,,,,0,decode失敗,QR未検出,0.000000,0.000000,0.648747,0.000000,,fourier:fourier::None:15.0:4:None:binary:0,fourier,,,15.000000,4
ex_R_12,frame_00000.png,frame_00119.png,,,,0,decode失敗,QR未検出,0.000000,0.000000,0.648747,0.000000,,fourier:fourier::None:15.0:8:None:binary:0,fourier,,,15.000000,8
ex_R_12,frame_00000.png,frame_00119.png,ex_R_12/rgb_max_fourier_f300_th12/00000-00119-FRAME_rgbmax_scale1.00.png,,,0,decode失敗,QR未検出,0.000000,0.000000,0.648747,0.000000,,fourier:fourier::None:15.0:12:None:binary:0,fourier,,,15.000000,12
ex_R_12,frame_00000.png,frame_00119.png,,,,0,decode失敗,QR未検出,0.000000,0.000000,0.648747,0.000318,,fourier:fourier::None:29.99739595199997:4:None:binary:0,fourier,,,29.997396,4
ex_R_12,frame_00000.png,frame_00119.png,,,,0,decode失敗,QR未検出,0.000000,0.000000,0.648747,0.000487,,fourier:fourier::None:29.99739595199997:8:None:binary:0,fourier,,,29.997396,8
ex_R_12,frame_00000.png,frame_00119.png,ex_R_12/rgb_max_fourier_f300_th12/00000-00119-FRAME_rgbmax_scale1.00.png,,,0,decode失敗,QR未検出,0.000000,0.000000,0.648747,0.000582,,fourier:fourier::None:29.99739595199997:12:None:binary:0,fourier,,,29.997396,12
rice_G_4,frame_00000.png,frame_00119.png,rice_G_4/rgb_max_fourier_f150_th4/00000-00119-FRAME_rgbmax_scale1.00.png,,,0,decode失敗,QR未検出,0.000000,0.000000,0.648554,0.000480,,fourier:fourier::None:10.00260404800003:4:None:binary:0,fourier,,,10.002604,4
rice_G_4,frame_00000.png,frame_00119.png,,,,0,decode失敗,QR未検出,0.000000,0.000000,0.648554,0.000480,,fourier:fourier::None:10.00260404800003:8:None:binary:0,fourier,,,10.002604,8
rice_G_4,frame_00000.png,frame_00119.png,,,,0,decode失敗,QR未検出,0.000000,0.000000,0.648554,0.000480,,fourier:fourier::None:10.00260404800003:12:None:binary:0,fourier,,,10.002604,12
rice_G_4,frame_00000.png,frame_00119.png,rice_G_4/rgb_max_fourier_f150_th4/00000-00119-FRAME_rgbmax_scale1.00.png,,,0,decode失敗,QR未検出,0.000000,0.000000,0.648554,0.000480,,fourier:fourier::None:15.0:4:None:binary:0,fourier,,,15.000000,4
rice_G_4,frame_00000.png,frame_00119.png,,,,0,decode失敗,QR未検出,0.000000,0.000000,0.648554,0.000480,,fourier:fourier::None:15.0:8:None:binary:0,fourier,,,15.000000,8
rice_G_4,frame_00000.png,frame_00119.png,,,,0,decode失敗,QR未検出,0.000000,0.000000,0.648554,0.000480,,fourier:fourier::None:15.0:12:None:binary:0,fourier,,,15.000000,12
rice_G_4,frame_00000.png,frame_00119.png,rice_G_4/rgb_max_fourier_f150_th4/00000-00119-FRAME_rgbmax_scale1.00.png,,,0,decode失敗,QR未検出,0.000000,0.000000,0.648554,0.000480,,fourier:fourier::None:29.99739595199997:4:None:binary:0,fourier,,,29.997396,4
rice_G_4,frame_00000.png,frame_00119.png,,,,0,decode失敗,QR未検出,0.000000,0.000000,0.648488,0.000514,,fourier:fourier::None:29.99739595199997:8:None:binary:0,fourier,,,29.997396,8
rice_G_4,frame_00000.png,frame_00119.png,,,,0,decode失敗,QR未検出,0.000000,0.000000,0.648461,0.000622,,fourier:fourier::None:29.99739595199997:12:None:binary:0,fourier,,,29.997396,12
rice_G_8,frame_00000.png,frame_00119.png,,,,0,decode失敗,QR未検出,0.000030,0.750000,0.648754,0.000206,,fourier:fourier::None:10.00260404800003:4:None:binary:0,fourier,,,10.002604,4
rice_G_8,frame_00000.png,frame_00119.png,rice_G_8/rgb_max_fourier_f300_th8/00000-00119-FRAME_rgbmax_scale1.00.png,,,0,decode失敗,QR未検出,0.000030,0.750000,0.648754,0.000206,,fourier:fourier::None:10.00260404800003:8:None:binary:0,fourier,,,10.002604,8
rice_G_8,frame_00000.png,frame_00119.png,,,,0,decode失敗,QR未検出,0.000030,0.750000,0.648754,0.000206,,fourier:fourier::None:10.00260404800003:12:None:binary:0,fourier,,,10.002604,12
rice_G_8,frame_00000.png,frame_00119.png,,,,0,decode失敗,QR未検出,0.000030,0.750000,0.648754,0.000206,,fourier:fourier::None:15.0:4:None:binary:0,fourier,,,15.000000,4
rice_G_8,frame_00000.png,frame_00119.png,rice_G_8/rgb_max_fourier_f300_th8/00000-00119-FRAME_rgbmax_scale1.00.png,,,0,decode失敗,QR未検出,0.000030,0.750000,0.648754,0.000206,,fourier:fourier::None:15.0:8:None:binary:0,fourier,,,15.000000,8
rice_G_8,frame_00000.png,frame_00119.png,,,,0,decode失敗,QR未検出,0.000030,0.750000,0.648754,0.000206,,fourier:fourier::None:15.0:12:None:binary:0,fourier,,,15.000000,12
rice_G_8,frame_00000.png,frame_00119.png,,,,0,decode失敗,QR未検出,0.000030,0.750000,0.648754,0.000206,,fourier:fourier::None:29.99739595199997:4:None:binary:0,fourier,,,29.997396,4
rice_G_8,frame_00000.png,frame_00119.png,rice_G_8/rgb_max_fourier_f300_th8/00000-00119-FRAME_rgbmax_scale1.00.png,,,0,decode失敗,QR未検出,0.000030,0.750000,0.648754,0.000206,,fourier:fourier::None:29.99739595199997:8:None:binary:0,fourier,,,29.997396,8
rice_G_8,frame_00000.png,frame_00119.png,,,,0,decode失敗,QR未検出,0.000030,0.187500,0.648712,0.000316,,fourier:fourier::None:29.99739595199997:12:None:binary:0,fourier,,,29.997396,12
rice_G_12,frame_00000.png,frame_00119.png,,,,0,decode失敗,QR未検出,0.000000,0.000000,0.648747,0.000316,,fourier:fourier::None:10.00260404800003:4:None:binary:0,fourier,,,10.002604,4
rice_G_12,frame_00000.png,frame_00119.png,rice_G_12/rgb_max_fourier_f100_th8/00000-00119-FRAME_rgbmax_scale1.00.png,,,0,decode失敗,QR未検出,0.000000,0.000000,0.648747,0.000316,,fourier:fourier::None:10.00260404800003:8:None:binary:0,fourier,,,10.002604,8
rice_G_12,frame_00000.png,frame_00119.png,,,,0,decode失敗,QR未検出,0.000000,0.000000,0.648747,0.000316,,fourier:fourier::None:10.00260404800003:12:None:binary:0,fourier,,,10.002604,12
rice_G_12,frame_00000.png,frame_00119.png,,,,0,decode失敗,QR未検出,0.000000,0.000000,0.648747,0.000316,,fourier:fourier::None:15.0:4:None:binary:0,fourier,,,15.000000,4
rice_G_12,frame_00000.png,frame_00119.png,rice_G_12/rgb_max_fourier_f100_th8/00000-00119-FRAME_rgbmax_scale1.00.png,,,0,decode失敗,QR未検出,0.000000,0.000000,0.648747,0.000316,,fourier:fourier::None:15.0:8:None:binary:0,fourier,,,15.000000,8
rice_G_12,frame_00000.png,frame_00119.png,,,,0,decode失敗,QR未検出,0.000000,0.000000,0.648747,0.000324,,fourier:fourier::None:15.0:12:None:binary:0,fourier,,,15.000000,12
rice_G_12,frame_00000.png,frame_00119.png,,,,0,decode失敗,QR未検出,0.000000,0.000000,0.648747,0.000316,,fourier:fourier::None:29.99739595199997:4:None:binary:0,fourier,,,29.997396,4
rice_G_12,frame_00000.png,frame_00119.png,rice_G_12/rgb_max_fourier_f100_th8/00000-00119-FRAME_rgbmax_scale1.00.png,,,0,decode失敗,QR未検出,0.000000,0.000000,0.648747,0.000316,,fourier:fourier::None:29.99739595199997:8:None:binary:0,fourier,,,29.997396,8
rice_G_12,frame_00000.png,frame_00119.png,,,,0,decode失敗,QR未検出,0.000000,0.000000,0.648747,0.000326,,fourier:fourier::None:29.99739595199997:12:None:binary:0,fourier,,,29.997396,12
nagaoka_fireworks_G_4,frame_00000.png,frame_00119.png,nagaoka_fireworks_G_4/rgb_max_fourier_f150_th4/00000-00119-FRAME_rgbmax_scale1.00.png,,,0,decode失敗,QR未検出,0.000219,0.016296,0.644176,0.013498,,fourier:fourier::None:10.00260404800003:4:None:binary:0,fourier,,,10.002604,4
nagaoka_fireworks_G_4,frame_00000.png,frame_00119.png,,,,0,decode失敗,QR未検出,0.000219,0.014267,0.643505,0.013951,,fourier:fourier::None:10.00260404800003:8:None:binary:0,fourier,,,10.002604,8
nagaoka_fireworks_G_4,frame_00000.png,frame_00119.png,,,,0,decode失敗,QR未検出,0.000219,0.014267,0.643505,0.013951,,fourier:fourier::None:10.00260404800003:12:None:binary:0,fourier,,,10.002604,12
nagaoka_fireworks_G_4,frame_00000.png,frame_00119.png,nagaoka_fireworks_G_4/rgb_max_fourier_f150_th4/00000-00119-FRAME_rgbmax_scale1.00.png,,,0,decode失敗,QR未検出,0.000219,0.016296,0.644176,0.013498,,fourier:fourier::None:15.0:4:None:binary:0,fourier,,,15.000000,4
nagaoka_fireworks_G_4,frame_00000.png,frame_00119.png,,,,0,decode失敗,QR未検出,0.000219,0.016296,0.644176,0.013498,,fourier:fourier::None:15.0:8:None:binary:0,fourier,,,15.000000,8
nagaoka_fireworks_G_4,frame_00000.png,frame_00119.png,,,,0,decode失敗,QR未検出,0.000249,0.016181,0.643515,0.013952,,fourier:fourier::None:15.0:12:None:binary:0,fourier,,,15.000000,12
nagaoka_fireworks_G_4,frame_00000.png,frame_00119.png,nagaoka_fireworks_G_4/rgb_max_fourier_f150_th4/00000-00119-FRAME_rgbmax_scale1.00.png,,,0,decode失敗,QR未検出,0.000219,0.016296,0.644176,0.013498,,fourier:fourier::None:29.99739595199997:4:None:binary:0,fourier,,,29.997396,4
nagaoka_fireworks_G_4,frame_00000.png,frame_00119.png,,,,0,decode失敗,QR未検出,0.000219,0.013977,0.643393,0.014065,,fourier:fourier::None:29.99739595199997:8:None:binary:0,fourier,,,29.997396,8
nagaoka_fireworks_G_4,frame_00000.png,frame_00119.png,,,,0,decode失敗,QR未検出,0.000334,0.018386,0.642605,0.015328,,fourier:fourier::None:29.99739595199997:12:None:binary:0,fourier,,,29.997396,12
nagaoka_fireworks_G_8,frame_00000.png,frame_00119.png,,,,0,decode失敗,QR未検出,0.000663,0.033118,0.642185,0.016366,,fourier:fourier::None:10.00260404800003:4:None:binary:0,fourier,,,10.002604,4
nagaoka_fireworks_G_8,frame_00000.png,frame_00119.png,,,,0,decode失敗,QR未検出,0.000663,0.033118,0.642185,0.016366,,fourier:fourier::None:10.00260404800003:8:None:binary:0,fourier,,,10.002604,8
nagaoka_fireworks_G_8,frame_00000.png,frame_00119.png,nagaoka_fireworks_G_8/rgb_max_fourier_f100_th12/00000-00119-FRAME_rgbmax_scale1.00.png,,,0,decode失敗,QR未検出,0.000663,0.033118,0.642185,0.016738,,fourier:fourier::None:10.00260404800003:12:None:binary:0,fourier,,,10.002604,12
nagaoka_fireworks_G_8,frame_00000.png,frame_00119.png,,,,0,decode失敗,QR未検出,0.000663,0.033118,0.642185,0.016366,,fourier:fourier::None:15.0:4:None:binary:0,fourier,,,15.000000,4
nagaoka_fireworks_G_8,frame_00000.png,frame_00119.png,,,,0,decode失敗,QR未検出,0.000663,0.033118,0.642185,0.016739,,fourier:fourier::None:15.0:8:None:binary:0,fourier,,,15.000000,8
nagaoka_fireworks_G_8,frame_00000.png,frame_00119.png,nagaoka_fireworks_G_8/rgb_max_fourier_f100_th12/00000-00119-FRAME_rgbmax_scale1.00.png,,,0,decode失敗,QR未検出,0.000663,0.033118,0.642185,0.016739,,fourier:fourier::None:15.0:12:None:binary:0,fourier,,,15.000000,12
nagaoka_fireworks_G_8,frame_00000.png,frame_00119.png,,,,0,decode失敗,QR未検出,0.000663,0.033118,0.642185,0.016366,,fourier:fourier::None:29.99739595199997:4:None:binary:0,fourier,,,29.997396,4
nagaoka_fireworks_G_8,frame_00000.png,frame_00119.png,,,,0,decode失敗,QR未検出,0.000663,0.033118,0.642185,0.016855,,fourier:fourier::None:29.99739595199997:8:None:binary:0,fourier,,,29.997396,8
nagaoka_fireworks_G_8,frame_00000.png,frame_00119.png,nagaoka_fireworks_G_8/rgb_max_fourier_f100_th12/00000-00119-FRAME_rgbmax_scale1.00.png,,,0,decode失敗,QR未検出,0.000722,0.033792,0.641746,0.017668,,fourier:fourier::None:29.99739595199997:12:None:binary:0,fourier,,,29.997396,12
nagaoka_fireworks_G_12,frame_00000.png,frame_00119.png,nagaoka_fireworks_G_12/rgb_max_fourier_f300_th4/00000-00119-FRAME_rgbmax_scale1.00.png,,,0,decode失敗,QR未検出,0.000000,0.000000,0.647424,0.009342,,fourier:fourier::None:10.00260404800003:4:None:binary:0,fourier,,,10.002604,4
nagaoka_fireworks_G_12,frame_00000.png,frame_00119.png,,,,0,decode失敗,QR未検出,0.000000,0.000000,0.647424,0.009342,,fourier:fourier::None:10.00260404800003:8:None:binary:0,fourier,,,10.002604,8
nagaoka_fireworks_G_12,frame_00000.png,frame_00119.png,,,,0,decode失敗,QR未検出,0.000000,0.000000,0.647343,0.009422,,fourier:fourier::None:10.00260404800003:12:None:binary:0,fourier,,,10.002604,12
nagaoka_fireworks_G_12,frame_00000.png,frame_00119.png,nagaoka_fireworks_G_12/rgb_max_fourier_f300_th4/00000-00119-FRAME_rgbmax_scale1.00.png,,,0,decode失敗,QR未検出,0.000000,0.000000,0.647424,0.009342,,fourier:fourier::None:15.0:4:None:binary:0,fourier,,,15.000000,4
nagaoka_fireworks_G_12,frame_00000.png,frame_00119.png,,,,0,decode失敗,QR未検出,0.000000,0.000000,0.647424,0.009342,,fourier:fourier::None:15.0:8:None:binary:0,fourier,,,15.000000,8
nagaoka_fireworks_G_12,frame_00000.png,frame_00119.png,,,,0,decode失敗,QR未検出,0.000000,0.000000,0.647343,0.009422,,fourier:fourier::None:15.0:12:None:binary:0,fourier,,,15.000000,12
nagaoka_fireworks_G_12,frame_00000.png,frame_00119.png,nagaoka_fireworks_G_12/rgb_max_fourier_f300_th4/00000-00119-FRAME_rgbmax_scale1.00.png,,,0,decode失敗,QR未検出,0.000000,0.000000,0.647424,0.009342,,fourier:fourier::None:29.99739595199997:4:None:binary:0,fourier,,,29.997396,4
nagaoka_fireworks_G_12,frame_00000.png,frame_00119.png,,,,0,decode失敗,QR未検出,0.000000,0.000000,0.647343,0.009475,,fourier:fourier::None:29.99739595199997:8:None:binary:0,fourier,,,29.997396,8
nagaoka_fireworks_G_12,frame_00000.png,frame_00119.png,,,,0,decode失敗,QR未検出,0.000000,0.000000,0.647172,0.010602,,fourier:fourier::None:29.99739595199997:12:None:binary:0,fourier,,,29.997396,12
hocho_G_4,frame_00000.png,frame_00119.png,hocho_G_4/rgb_max_fourier_f150_th4/00000-00119-FRAME_rgbmax_scale1.00.png,,,0,decode失敗,QR未検出,0.000000,0.000000,0.648747,0.000979,,fourier:fourier::None:10.00260404800003:4:None:binary:0,fourier,,,10.002604,4
hocho_G_4,frame_00000.png,frame_00119.png,,,,0,decode失敗,QR未検出,0.000000,0.000000,0.648747,0.000979,,fourier:fourier::None:10.00260404800003:8:None:binary:0,fourier,,,10.002604,8
hocho_G_4,frame_00000.png,frame_00119.png,,,,0,decode失敗,QR未検出,0.000000,0.000000,0.648747,0.000979,,fourier:fourier::None:10.00260404800003:12:None:binary:0,fourier,,,10.002604,12
hocho_G_4,frame_00000.png,frame_00119.png,hocho_G_4/rgb_max_fourier_f150_th4/00000-00119-FRAME_rgbmax_scale1.00.png,,,0,decode失敗,QR未検出,0.000000,0.000000,0.648747,0.000979,,fourier:fourier::None:15.0:4:None:binary:0,fourier,,,15.000000,4
hocho_G_4,frame_00000.png,frame_00119.png,,,,0,decode失敗,QR未検出,0.000000,0.000000,0.648747,0.000979,,fourier:fourier::None:15.0:8:None:binary:0,fourier,,,15.000000,8
hocho_G_4,frame_00000.png,frame_00119.png,,,,0,decode失敗,QR未検出,0.000000,0.000000,0.648747,0.000979,,fourier:fourier::None:15.0:12:None:binary:0,fourier,,,15.000000,12
hocho_G_4,frame_00000.png,frame_00119.png,hocho_G_4/rgb_max_fourier_f150_th4/00000-00119-FRAME_rgbmax_scale1.00.png,,,0,decode失敗,QR未検出,0.000000,0.000000,0.648747,0.000979,,fourier:fourier::None:29.99739595199997:4:None:binary:0,fourier,,,29.997396,4
hocho_G_4,frame_00000.png,frame_00119.png,,,,0,decode失敗,QR未検出,0.000000,0.000000,0.648747,0.000979,,fourier:fourier::None:29.99739595199997:8:None:binary:0,fourier,,,29.997396,8
hocho_G_4,frame_00000.png,frame_00119.png,,,,0,decode失敗,QR未検出,0.000000,0.000000,0.648747,0.001100,,fourier:fourier::None:29.99739595199997:12:None:binary:0,fourier,,,29.997396,12
hocho_G_8,frame_00000.png,frame_00119.png,,,,0,decode失敗,QR未検出,0.000000,0.000000,0.648747,0.000823,,fourier:fourier::None:10.00260404800003:4:None:binary:0,fourier,,,10.002604,4
hocho_G_8,frame_00000.png,frame_00119.png,hocho_G_8/rgb_max_fourier_f300_th8/00000-00119-FRAME_rgbmax_scale1.00.png,,,0,decode失敗,QR未検出,0.000000,0.000000,0.648747,0.000823,,fourier:fourier::None:10.00260404800003:8:None:binary:0,fourier,,,10.002604,8
hocho_G_8,frame_00000.png,frame_00119.png,,,,0,decode失敗,QR未検出,0.000000,0.000000,0.648747,0.000823,,fourier:fourier::None:10.00260404800003:12:None:binary:0,fourier,,,10.002604,12
hocho_G_8,frame_00000.png,frame_00119.png,,,,0,decode失敗,QR未検出,0.000000,0.000000,0.648747,0.000823,,fourier:fourier::None:15.0:4:None:binary:0,fourier,,,15.000000,4
hocho_G_8,frame_00000.png,frame_00119.png,hocho_G_8/rgb_max_fourier_f300_th8/00000-00119-FRAME_rgbmax_scale1.00.png,,,0,decode失敗,QR未検出,0.000000,0.000000,0.648747,0.000823,,fourier:fourier::None:15.0:8:None:binary:0,fourier,,,15.000000,8
hocho_G_8,frame_00000.png,frame_00119.png,,,,0,decode失敗,QR未検出,0.000000,0.000000,0.648747,0.000823,,fourier:fourier::None:15.0:12:None:binary:0,fourier,,,15.000000,12
hocho_G_8,frame_00000.png,frame_00119.png,,,,0,decode失敗,QR未検出,0.000000,0.000000,0.648747,0.000823,,fourier:fourier::None:29.99739595199997:4:None:binary:0,fourier,,,29.997396,4
hocho_G_8,frame_00000.png,frame_00119.png,hocho_G_8/rgb_max_fourier_f300_th8/00000-00119-FRAME_rgbmax_scale1.00.png,,,0,decode失敗,QR未検出,0.000000,0.000000,0.648747,0.000823,,fourier:fourier::None:29.99739595199997:8:None:binary:0,fourier,,,29.997396,8
hocho_G_8,frame_00000.png,frame_00119.png,,,,0,decode失敗,QR未検出,0.000000,0.000000,0.648736,0.000879,,fourier:fourier::None:29.99739595199997:12:None:binary:0,fourier,,,29.997396,12
hocho_G_12,frame_00000.png,frame_00119.png,hocho_G_12/rgb_max_fourier_f100_th4/00000-00119-FRAME_rgbmax_scale1.00.png,,,0,decode失敗,QR未検出,0.000000,0.000000,0.648614,0.000788,,fourier:fourier::None:10.00260404800003:4:None:binary:0,fourier,,,10.002604,4
hocho_G_12,frame_00000.png,frame_00119.png,,,,0,decode失敗,QR未検出,0.000000,0.000000,0.648614,0.000788,,fourier:fourier::None:10.00260404800003:8:None:binary:0,fourier,,,10.002604,8
hocho_G_12,frame_00000.png,frame_00119.png,,,,0,decode失敗,QR未検出,0.000000,0.000000,0.648614,0.000789,,fourier:fourier::None:10.00260404800003:12:None:binary:0,fourier,,,10.002604,12
hocho_G_12,frame_00000.png,frame_00119.png,hocho_G_12/rgb_max_fourier_f100_th4/00000-00119-FRAME_rgbmax_scale1.00.png,,,0,decode失敗,QR未検出,0.000000,0.000000,0.648614,0.000788,,fourier:fourier::None:15.0:4:None:binary:0,fourier,,,15.000000,4
hocho_G_12,frame_00000.png,frame_00119.png,,,,0,decode失敗,QR未検出,0.000000,0.000000,0.648614,0.000791,,fourier:fourier::None:15.0:8:None:binary:0,fourier,,,15.000000,8
hocho_G_12,frame_00000.png,frame_00119.png,,,,0,decode失敗,QR未検出,0.000000,0.000000,0.648614,0.000791,,fourier:fourier::None:15.0:12:None:binary:0,fourier,,,15.000000,12
hocho_G_12,frame_00000.png,frame_00119.png,hocho_G_12/rgb_max_fourier_f100_th4/00000-00119-FRAME_rgbmax_scale1.00.png,,,0,decode失敗,QR未検出,0.000000,0.000000,0.648614,0.000790,,fourier:fourier::None:29.99739595199997:4:None:binary:0,fourier,,,29.997396,4
hocho_G_12,frame_00000.png,frame_00119.png,,,,0,decode失敗,QR未検出,0.000000,0.000000,0.648614,0.000803,,fourier:fourier::None:29.99739595199997:8:None:binary:0,fourier,,,29.997396,8
hocho_G_12,frame_00000.png,frame_00119.png,,,,0,decode失敗,QR未検出,0.000000,0.000000,0.648586,0.000881,,fourier:fourier::None:29.99739595199997:12:None:binary:0,fourier,,,29.997396,12
ex_G_4,frame_00000.png,frame_00119.png,ex_G_4/rgb_max_fourier_f150_th4/00000-00119-FRAME_rgbmax_scale1.00.png,,,0,decode失敗,QR未検出,0.000000,0.000000,0.648717,0.000056,,fourier:fourier::None:10.00260404800003:4:None:binary:0,fourier,,,10.002604,4
ex_G_4,frame_00000.png,frame_00119.png,,,,0,decode失敗,QR未検出,0.000000,0.000000,0.648717,0.000056,,fourier:fourier::None:10.00260404800003:8:None:binary:0,fourier,,,10.002604,8
ex_G_4,frame_00000.png,frame_00119.png,,,,0,decode失敗,QR未検出,0.000000,0.000000,0.648717,0.000056,,fourier:fourier::None:10.00260404800003:12:None:binary:0,fourier,,,10.002604,12
ex_G_4,frame_00000.png,frame_00119.png,ex_G_4/rgb_max_fourier_f150_th4/00000-00119-FRAME_rgbmax_scale1.00.png,,,0,decode失敗,QR未検出,0.000000,0.000000,0.648717,0.000056,,fourier:fourier::None:15.0:4:None:binary:0,fourier,,,15.000000,4
ex_G_4,frame_00000.png,frame_00119.png,,,,0,decode失敗,QR未検出,0.000000,0.000000,0.648717,0.000056,,fourier:fourier::None:15.0:8:None:binary:0,fourier,,,15.000000,8
ex_G_4,frame_00000.png,frame_00119.png,,,,0,decode失敗,QR未検出,0.000000,0.000000,0.648717,0.000056,,fourier:fourier::None:15.0:12:None:binary:0,fourier,,,15.000000,12
ex_G_4,frame_00000.png,frame_00119.png,ex_G_4/rgb_max_fourier_f150_th4/00000-00119-FRAME_rgbmax_scale1.00.png,,,0,decode失敗,QR未検出,0.000000,0.000000,0.648717,0.000056,,fourier:fourier::None:29.99739595199997:4:None:binary:0,fourier,,,29.997396,4
ex_G_4,frame_00000.png,frame_00119.png,,,,0,decode失敗,QR未検出,0.000000,0.000000,0.648717,0.000105,,fourier:fourier::None:29.99739595199997:8:None:binary:0,fourier,,,29.997396,8
ex_G_4,frame_00000.png,frame_00119.png,,,,0,decode失敗,QR未検出,0.000000,0.000000,0.648717,0.000134,,fourier:fourier::None:29.99739595199997:12:None:binary:0,fourier,,,29.997396,12
ex_G_8,frame_00000.png,frame_00119.png,,,,0,decode失敗,QR未検出,0.000000,0.000000,0.648619,0.000065,,fourier:fourier::None:10.00260404800003:4:None:binary:0,fourier,,,10.002604,4
ex_G_8,frame_00000.png,frame_00119.png,,,,0,decode失敗,QR未検出,0.000000,0.000000,0.648619,0.000065,,fourier:fourier::None:10.00260404800003:8:None:binary:0,fourier,,,10.002604,8
ex_G_8,frame_00000.png,frame_00119.png,ex_G_8/rgb_max_fourier_f300_th12/00000-00119-FRAME_rgbmax_scale1.00.png,,,0,decode失敗,QR未検出,0.000000,0.000000,0.648619,0.000065,,fourier:fourier::None:10.00260404800003:12:None:binary:0,fourier,,,10.002604,12
ex_G_8,frame_00000.png,frame_00119.png,,,,0,decode失敗,QR未検出,0.000000,0.000000,0.648619,0.000065,,fourier:fourier::None:15.0:4:None:binary:0,fourier,,,15.000000,4
ex_G_8,frame_00000.png,frame_00119.png,,,,0,decode失敗,QR未検出,0.000000,0.000000,0.648619,0.000065,,fourier:fourier::None:15.0:8:None:binary:0,fourier,,,15.000000,8
ex_G_8,frame_00000.png,frame_00119.png,ex_G_8/rgb_max_fourier_f300_th12/00000-00119-FRAME_rgbmax_scale1.00.png,,,0,decode失敗,QR未検出,0.000000,0.000000,0.648619,0.000065,,fourier:fourier::None:15.0:12:None:binary:0,fourier,,,15.000000,12
ex_G_8,frame_00000.png,frame_00119.png,,,,0,decode失敗,QR未検出,0.000000,0.000000,0.648619,0.000065,,fourier:fourier::None:29.99739595199997:4:None:binary:0,fourier,,,29.997396,4
ex_G_8,frame_00000.png,frame_00119.png,,,,0,decode失敗,QR未検出,0.000115,0.164286,0.648582,0.000375,,fourier:fourier::None:29.99739595199997:8:None:binary:0,fourier,,,29.997396,8
ex_G_8,frame_00000.png,frame_00119.png,ex_G_8/rgb_max_fourier_f300_th12/00000-00119-FRAME_rgbmax_scale1.00.png,,,0,decode失敗,QR未検出,0.000324,0.345745,0.648645,0.001732,,fourier:fourier::None:29.99739595199997:12:None:binary:0,fourier,,,29.997396,12
ex_G_12,frame_00000.png,frame_00119.png,,,,0,decode失敗,QR未検出,0.000000,0.000000,0.648747,0.003019,,fourier:fourier::None:10.00260404800003:4:None:binary:0,fourier,,,10.002604,4
ex_G_12,frame_00000.png,frame_00119.png,,,,0,decode失敗,QR未検出,0.000000,0.000000,0.648747,0.003022,,fourier:fourier::None:10.00260404800003:8:None:binary:0,fourier,,,10.002604,8
ex_G_12,frame_00000.png,frame_00119.png,ex_G_12/rgb_max_fourier_f100_th12/00000-00119-FRAME_rgbmax_scale1.00.png,,,0,decode失敗,QR未検出,0.000000,0.000000,0.648747,0.003022,,fourier:fourier::None:10.00260404800003:12:None:binary:0,fourier,,,10.002604,12
ex_G_12,frame_00000.png,frame_00119.png,,,,0,decode失敗,QR未検出,0.000000,0.000000,0.648747,0.003019,,fourier:fourier::None:15.0:4:None:binary:0,fourier,,,15.000000,4
ex_G_12,frame_00000.png,frame_00119.png,,,,0,decode失敗,QR未検出,0.000000,0.000000,0.648747,0.003019,,fourier:fourier::None:15.0:8:None:binary:0,fourier,,,15.000000,8
ex_G_12,frame_00000.png,frame_00119.png,ex_G_12/rgb_max_fourier_f100_th12/00000-00119-FRAME_rgbmax_scale1.00.png,,,0,decode失敗,QR未検出,0.000000,0.000000,0.648747,0.003022,,fourier:fourier::None:15.0:12:None:binary:0,fourier,,,15.000000,12
ex_G_12,frame_00000.png,frame_00119.png,,,,0,decode失敗,QR未検出,0.000000,0.000000,0.648747,0.003019,,fourier:fourier::None:29.99739595199997:4:None:binary:0,fourier,,,29.997396,4
ex_G_12,frame_00000.png,frame_00119.png,,,,0,decode失敗,QR未検出,0.000000,0.000000,0.648747,0.003072,,fourier:fourier::None:29.99739595199997:8:None:binary:0,fourier,,,29.997396,8
ex_G_12,frame_00000.png,frame_00119.png,ex_G_12/rgb_max_fourier_f100_th12/00000-00119-FRAME_rgbmax_scale1.00.png,,,0,decode失敗,QR未検出,0.000000,0.000000,0.648747,0.003174,,fourier:fourier::None:29.99739595199997:12:None:binary:0,fourier,,,29.997396,12
rice_B_4,frame_00000.png,frame_00119.png,rice_B_4/rgb_max_fourier_f300_th4/00000-00119-FRAME_rgbmax_scale1.00.png,,,0,decode失敗,QR未検出,0.000000,0.000000,0.648624,0.000146,,fourier:fourier::None:10.00260404800003:4:None:binary:0,fourier,,,10.002604,4
rice_B_4,frame_00000.png,frame_00119.png,,,,0,decode失敗,QR未検出,0.000000,0.000000,0.648622,0.000147,,fourier:fourier::None:10.00260404800003:8:None:binary:0,fourier,,,10.002604,8
rice_B_4,frame_00000.png,frame_00119.png,,,,0,decode失敗,QR未検出,0.000000,0.000000,0.648615,0.000150,,fourier:fourier::None:10.00260404800003:12:None:binary:0,fourier,,,10.002604,12
rice_B_4,frame_00000.png,frame_00119.png,rice_B_4/rgb_max_fourier_f300_th4/00000-00119-FRAME_rgbmax_scale1.00.png,,,0,decode失敗,QR未検出,0.000000,0.000000,0.648624,0.000146,,fourier:fourier::None:15.0:4:None:binary:0,fourier,,,15.000000,4
rice_B_4,frame_00000.png,frame_00119.png,,,,0,decode失敗,QR未検出,0.000000,0.000000,0.648624,0.000151,,fourier:fourier::None:15.0:8:None:binary:0,fourier,,,15.000000,8
rice_B_4,frame_00000.png,frame_00119.png,,,,0,decode失敗,QR未検出,0.000000,0.000000,0.648622,0.000152,,fourier:fourier::None:15.0:12:None:binary:0,fourier,,,15.000000,12
rice_B_4,frame_00000.png,frame_00119.png,rice_B_4/rgb_max_fourier_f300_th4/00000-00119-FRAME_rgbmax_scale1.00.png,,,0,decode失敗,QR未検出,0.000000,0.000000,0.648624,0.000146,,fourier:fourier::None:29.99739595199997:4:None:binary:0,fourier,,,29.997396,4
rice_B_4,frame_00000.png,frame_00119.png,,,,0,decode失敗,QR未検出,0.000000,0.000000,0.648622,0.000147,,fourier:fourier::None:29.99739595199997:8:None:binary:0,fourier,,,29.997396,8
rice_B_4,frame_00000.png,frame_00119.png,,,,0,decode失敗,QR未検出,0.000000,0.000000,0.648614,0.000178,,fourier:fourier::None:29.99739595199997:12:None:binary:0,fourier,,,29.997396,12
rice_B_8,frame_00000.png,frame_00119.png,,,,0,decode失敗,QR未検出,0.000000,0.000000,0.648715,0.000565,,fourier:fourier::None:10.00260404800003:4:None:binary:0,fourier,,,10.002604,4
rice_B_8,frame_00000.png,frame_00119.png,rice_B_8/rgb_max_fourier_f100_th8/00000-00119-FRAME_rgbmax_scale1.00.png,,,0,decode失敗,QR未検出,0.000000,0.000000,0.648715,0.000565,,fourier:fourier::None:10.00260404800003:8:None:binary:0,fourier,,,10.002604,8
rice_B_8,frame_00000.png,frame_00119.png,,,,0,decode失敗,QR未検出,0.000000,0.000000,0.648715,0.000566,,fourier:fourier::None:10.00260404800003:12:None:binary:0,fourier,,,10.002604,12
rice_B_8,frame_00000.png,frame_00119.png,,,,0,decode失敗,QR未検出,0.000000,0.000000,0.648715,0.000565,,fourier:fourier::None:15.0:4:None:binary:0,fourier,,,15.000000,4
rice_B_8,frame_00000.png,frame_00119.png,rice_B_8/rgb_max_fourier_f100_th8/00000-00119-FRAME_rgbmax_scale1.00.png,,,0,decode失敗,QR未検出,0.000000,0.000000,0.648715,0.000565,,fourier:fourier::None:15.0:8:None:binary:0,fourier,,,15.000000,8
rice_B_8,frame_00000.png,frame_00119.png,,,,0,decode失敗,QR未検出,0.000000,0.000000,0.648715,0.000565,,fourier:fourier::None:15.0:12:None:binary:0,fourier,,,15.000000,12
rice_B_8,frame_00000.png,frame_00119.png,,,,0,decode失敗,QR未検出,0.000000,0.000000,0.648715,0.000565,,fourier:fourier::None:29.99739595199997:4:None:binary:0,fourier,,,29.997396,4
rice_B_8,frame_00000.png,frame_00119.png,rice_B_8/rgb_max_fourier_f100_th8/00000-00119-FRAME_rgbmax_scale1.00.png,,,0,decode失敗,QR未検出,0.000000,0.000000,0.648706,0.000569,,fourier:fourier::None:29.99739595199997:8:None:binary:0,fourier,,,29.997396,8
rice_B_8,frame_00000.png,frame_00119.png,,,,0,decode失敗,QR未検出,0.000000,0.000000,0.648689,0.000719,,fourier:fourier::None:29.99739595199997:12:None:binary:0,fourier,,,29.997396,12
rice_B_12,frame_00000.png,frame_00119.png,rice_B_12/rgb_max_fourier_f300_th4/00000-00119-FRAME_rgbmax_scale1.00.png,,,0,decode失敗,QR未検出,0.000000,0.000000,0.648626,0.000409,,fourier:fourier::None:10.00260404800003:4:None:binary:0,fourier,,,10.002604,4
rice_B_12,frame_00000.png,frame_00119.png,,,,0,decode失敗,QR未検出,0.000000,0.000000,0.648535,0.000458,,fourier:fourier::None:10.00260404800003:8:None:binary:0,fourier,,,10.002604,8
rice_B_12,frame_00000.png,frame_00119.png,,,,0,decode失敗,QR未検出,0.000000,0.000000,0.648535,0.000458,,fourier:fourier::None:10.00260404800003:12:None:binary:0,fourier,,,10.002604,12
rice_B_12,frame_00000.png,frame_00119.png,rice_B_12/rgb_max_fourier_f300_th4/00000-00119-FRAME_rgbmax_scale1.00.png,,,0,decode失敗,QR未検出,0.000000,0.000000,0.648626,0.000409,,fourier:fourier::None:15.0:4:None:binary:0,fourier,,,15.000000,4
rice_B_12,frame_00000.png,frame_00119.png,,,,0,decode失敗,QR未検出,0.000000,0.000000,0.648626,0.000409,,fourier:fourier::None:15.0:8:None:binary:0,fourier,,,15.000000,8
rice_B_12,frame_00000.png,frame_00119.png,,,,0,decode失敗,QR未検出,0.000000,0.000000,0.648535,0.000471,,fourier:fourier::None:15.0:12:None:binary:0,fourier,,,15.000000,12
rice_B_12,frame_00000.png,frame_00119.png,rice_B_12/rgb_max_fourier_f300_th4/00000-00119-FRAME_rgbmax_scale1.00.png,,,0,decode失敗,QR未検出,0.000000,0.000000,0.648626,0.000409,,fourier:fourier::None:29.99739595199997:4:None:binary:0,fourier,,,29.997396,4
rice_B_12,frame_00000.png,frame_00119.png,,,,0,decode失敗,QR未検出,0.000000,0.000000,0.648535,0.000458,,fourier:fourier::None:29.99739595199997:8:None:binary:0,fourier,,,29.997396,8
rice_B_12,frame_00000.png,frame_00119.png,,,,0,decode失敗,QR未検出,0.000000,0.000000,0.648446,0.000524,,fourier:fourier::None:29.99739595199997:12:None:binary:0,fourier,,,29.997396,12
nagaoka_fireworks_B_4,frame_00000.png,frame_00119.png,nagaoka_fireworks_B_4/rgb_max_fourier_f300_th4/00000-00119-FRAME_rgbmax_scale1.00.png,,,0,decode失敗,QR未検出,0.001146,0.110418,0.645907,0.010233,,fourier:fourier::None:10.00260404800003:4:None:binary:0,fourier,,,10.002604,4
nagaoka_fireworks_B_4,frame_00000.png,frame_00119.png,,,,0,decode失敗,QR未検出,0.001146,0.108542,0.645844,0.010389,,fourier:fourier::None:10.00260404800003:8:None:binary:0,fourier,,,10.002604,8
nagaoka_fireworks_B_4,frame_00000.png,frame_00119.png,,,,0,decode失敗,QR未検出,0.001146,0.108542,0.645844,0.010389,,fourier:fourier::None:10.00260404800003:12:None:binary:0,fourier,,,10.002604,12
nagaoka_fireworks_B_4,frame_00000.png,frame_00119.png,nagaoka_fireworks_B_4/rgb_max_fourier_f300_th4/00000-00119-FRAME_rgbmax_scale1.00.png,,,0,decode失敗,QR未検出,0.001146,0.110418,0.645907,0.010233,,fourier:fourier::None:15.0:4:None:binary:0,fourier,,,15.000000,4
nagaoka_fireworks_B_4,frame_00000.png,frame_00119.png,,,,0,decode失敗,QR未検出,0.001146,0.110418,0.645907,0.010233,,fourier:fourier::None:15.0:8:None:binary:0,fourier,,,15.000000,8
nagaoka_fireworks_B_4,frame_00000.png,frame_00119.png,,,,0,decode失敗,QR未検出,0.001146,0.108542,0.645844,0.010392,,fourier:fourier::None:15.0:12:None:binary:0,fourier,,,15.000000,12
nagaoka_fireworks_B_4,frame_00000.png,frame_00119.png,nagaoka_fireworks_B_4/rgb_max_fourier_f300_th4/00000-00119-FRAME_rgbmax_scale1.00.png,,,0,decode失敗,QR未検出,0.001146,0.110418,0.645907,0.010233,,fourier:fourier::None:29.99739595199997:4:None:binary:0,fourier,,,29.997396,4
nagaoka_fireworks_B_4,frame_00000.png,frame_00119.png,,,,0,decode失敗,QR未検出,0.001146,0.108542,0.645844,0.010421,,fourier:fourier::None:29.99739595199997:8:None:binary:0,fourier,,,29.997396,8
nagaoka_fireworks_B_4,frame_00000.png,frame_00119.png,,,,0,decode失敗,QR未検出,0.001240,0.092737,0.644920,0.011638,,fourier:fourier::None:29.99739595199997:12:None:binary:0,fourier,,,29.997396,12
nagaoka_fireworks_B_8,frame_00000.png,frame_00119.png,nagaoka_fireworks_B_8/rgb_max_fourier_f100_th4/00000-00119-FRAME_rgbmax_scale1.00.png,,,0,decode失敗,QR未検出,0.000000,0.000000,0.646706,0.011659,,fourier:fourier::None:10.00260404800003:4:None:binary:0,fourier,,,10.002604,4
nagaoka_fireworks_B_8,frame_00000.png,frame_00119.png,,,,0,decode失敗,QR未検出,0.000000,0.000000,0.646706,0.012003,,fourier:fourier::None:10.00260404800003:8:None:binary:0,fourier,,,10.002604,8
nagaoka_fireworks_B_8,frame_00000.png,frame_00119.png,,,,0,decode失敗,QR未検出,0.000000,0.000000,0.646706,0.012003,,fourier:fourier::None:10.00260404800003:12:None:binary:0,fourier,,,10.002604,12
nagaoka_fireworks_B_8,frame_00000.png,frame_00119.png,nagaoka_fireworks_B_8/rgb_max_fourier_f100_th4/00000-00119-FRAME_rgbmax_scale1.00.png,,,0,decode失敗,QR未検出,0.000000,0.000000,0.646706,0.011673,,fourier:fourier::None:15.0:4:None:binary:0,fourier,,,15.000000,4
nagaoka_fireworks_B_8,frame_00000.png,frame_00119.png,,,,0,decode失敗,QR未検出,0.000000,0.000000,0.646706,0.012003,,fourier:fourier::None:15.0:8:None:binary:0,fourier,,,15.000000,8
nagaoka_fireworks_B_8,frame_00000.png,frame_00119.png,,,,0,decode失敗,QR未検出,0.000000,0.000000,0.646629,0.012042,,fourier:fourier::None:15.0:12:None:binary:0,fourier,,,15.000000,12
nagaoka_fireworks_B_8,frame_00000.png,frame_00119.png,nagaoka_fireworks_B_8/rgb_max_fourier_f100_th4/00000-00119-FRAME_rgbmax_scale1.00.png,,,0,decode失敗,QR未検出,0.000000,0.000000,0.646706,0.011659,,fourier:fourier::None:29.99739595199997:4:None:binary:0,fourier,,,29.997396,4
nagaoka_fireworks_B_8,frame_00000.png,frame_00119.png,,,,0,decode失敗,QR未検出,0.000000,0.000000,0.646706,0.012003,,fourier:fourier::None:29.99739595199997:8:None:binary:0,fourier,,,29.997396,8
nagaoka_fireworks_B_8,frame_00000.png,frame_00119.png,,,,0,decode失敗,QR未検出,0.001086,0.127188,0.646510,0.013116,,fourier:fourier::None:29.99739595199997:12:None:binary:0,fourier,,,29.997396,12
nagaoka_fireworks_B_12,frame_00000.png,frame_00119.png,nagaoka_fireworks_B_12/rgb_max_fourier_f300_th4/00000-00119-FRAME_rgbmax_scale1.00.png,,,0,decode失敗,QR未検出,0.000000,0.000000,0.641867,0.012340,,fourier:fourier::None:10.00260404800003:4:None:binary:0,fourier,,,10.002604,4
nagaoka_fireworks_B_12,frame_00000.png,frame_00119.png,,,,0,decode失敗,QR未検出,0.000000,0.000000,0.641867,0.012340,,fourier:fourier::None:10.00260404800003:8:None:binary:0,fourier,,,10.002604,8
nagaoka_fireworks_B_12,frame_00000.png,frame_00119.png,,,,0,decode失敗,QR未検出,0.000000,0.000000,0.641790,0.012610,,fourier:fourier::None:10.00260404800003:12:None:binary:0,fourier,,,10.002604,12
nagaoka_fireworks_B_12,frame_00000.png,frame_00119.png,nagaoka_fireworks_B_12/rgb_max_fourier_f300_th4/00000-00119-FRAME_rgbmax_scale1.00.png,,,0,decode失敗,QR未検出,0.000000,0.000000,0.641867,0.012340,,fourier:fourier::None:15.0:4:None:binary:0,fourier,,,15.000000,4
nagaoka_fireworks_B_12,frame_00000.png,frame_00119.png,,,,0,decode失敗,QR未検出,0.000000,0.000000,0.641867,0.012340,,fourier:fourier::None:15.0:8:None:binary:0,fourier,,,15.000000,8
nagaoka_fireworks_B_12,frame_00000.png,frame_00119.png,,,,0,decode失敗,QR未検出,0.000000,0.000000,0.641790,0.012610,,fourier:fourier::None:15.0:12:None:binary:0,fourier,,,15.000000,12
nagaoka_fireworks_B_12,frame_00000.png,frame_00119.png,nagaoka_fireworks_B_12/rgb_max_fourier_f300_th4/00000-00119-FRAME_rgbmax_scale1.00.png,,,0,decode失敗,QR未検出,0.000000,0.000000,0.641867,0.012340,,fourier:fourier::None:29.99739595199997:4:None:binary:0,fourier,,,29.997396,4
nagaoka_fireworks_B_12,frame_00000.png,frame_00119.png,,,,0,decode失敗,QR未検出,0.000000,0.000000,0.641762,0.012650,,fourier:fourier::None:29.99739595199997:8:None:binary:0,fourier,,,29.997396,8
nagaoka_fireworks_B_12,frame_00000.png,frame_00119.png,,,,0,decode失敗,QR未検出,0.000608,0.027330,0.641363,0.014473,,fourier:fourier::None:29.99739595199997:12:None:binary:0,fourier,,,29.997396,12
hocho_B_4,frame_00000.png,frame_00119.png,,,,0,decode失敗,QR未検出,0.000000,0.000000,0.648747,0.000593,,fourier:fourier::None:10.00260404800003:4:None:binary:0,fourier,,,10.002604,4
hocho_B_4,frame_00000.png,frame_00119.png,hocho_B_4/rgb_max_fourier_f150_th8/00000-00119-FRAME_rgbmax_scale1.00.png,,,0,decode失敗,QR未検出,0.000000,0.000000,0.648747,0.000657,,fourier:fourier::None:10.00260404800003:8:None:binary:0,fourier,,,10.002604,8
hocho_B_4,frame_00000.png,frame_00119.png,,,,0,decode失敗,QR未検出,0.000000,0.000000,0.648747,0.000657,,fourier:fourier::None:10.00260404800003:12:None:binary:0,fourier,,,10.002604,12
hocho_B_4,frame_00000.png,frame_00119.png,,,,0,decode失敗,QR未検出,0.000000,0.000000,0.648747,0.000593,,fourier:fourier::None:15.0:4:None:binary:0,fourier,,,15.000000,4
hocho_B_4,frame_00000.png,frame_00119.png,hocho_B_4/rgb_max_fourier_f150_th8/00000-00119-FRAME_rgbmax_scale1.00.png,,,0,decode失敗,QR未検出,0.000000,0.000000,0.648747,0.000607,,fourier:fourier::None:15.0:8:None:binary:0,fourier,,,15.000000,8
hocho_B_4,frame_00000.png,frame_00119.png,,,,0,decode失敗,QR未検出,0.000000,0.000000,0.648747,0.000674,,fourier:fourier::None:15.0:12:None:binary:0,fourier,,,15.000000,12
hocho_B_4,frame_00000.png,frame_00119.png,,,,0,decode失敗,QR未検出,0.000000,0.000000,0.648747,0.000609,,fourier:fourier::None:29.99739595199997:4:None:binary:0,fourier,,,29.997396,4
hocho_B_4,frame_00000.png,frame_00119.png,hocho_B_4/rgb_max_fourier_f150_th8/00000-00119-FRAME_rgbmax_scale1.00.png,,,0,decode失敗,QR未検出,0.000000,0.000000,0.648747,0.000676,,fourier:fourier::None:29.99739595199997:8:None:binary:0,fourier,,,29.997396,8
hocho_B_4,frame_00000.png,frame_00119.png,,,,0,decode失敗,QR未検出,0.000000,0.000000,0.648703,0.000795,,fourier:fourier::None:29.99739595199997:12:None:binary:0,fourier,,,29.997396,12
hocho_B_8,frame_00000.png,frame_00119.png,,,,0,decode失敗,QR未検出,0.000000,0.000000,0.648747,0.000409,,fourier:fourier::None:10.00260404800003:4:None:binary:0,fourier,,,10.002604,4
hocho_B_8,frame_00000.png,frame_00119.png,,,,0,decode失敗,QR未検出,0.000000,0.000000,0.648747,0.000409,,fourier:fourier::None:10.00260404800003:8:None:binary:0,fourier,,,10.002604,8
hocho_B_8,frame_00000.png,frame_00119.png,hocho_B_8/rgb_max_fourier_f100_th12/00000-00119-FRAME_rgbmax_scale1.00.png,,,0,decode失敗,QR未検出,0.000000,0.000000,0.648747,0.000410,,fourier:fourier::None:10.00260404800003:12:None:binary:0,fourier,,,10.002604,12
hocho_B_8,frame_00000.png,frame_00119.png,,,,0,decode失敗,QR未検出,0.000000,0.000000,0.648747,0.000409,,fourier:fourier::None:15.0:4:None:binary:0,fourier,,,15.000000,4
hocho_B_8,frame_00000.png,frame_00119.png,,,,0,decode失敗,QR未検出,0.000000,0.000000,0.648747,0.000409,,fourier:fourier::None:15.0:8:None:binary:0,fourier,,,15.000000,8
hocho_B_8,frame_00000.png,frame_00119.png,hocho_B_8/rgb_max_fourier_f100_th12/00000-00119-FRAME_rgbmax_scale1.00.png,,,0,decode失敗,QR未検出,0.000000,0.000000,0.648747,0.000409,,fourier:fourier::None:15.0:12:None:binary:0,fourier,,,15.000000,12
hocho_B_8,frame_00000.png,frame_00119.png,,,,0,decode失敗,QR未検出,0.000000,0.000000,0.648747,0.000415,,fourier:fourier::None:29.99739595199997:4:None:binary:0,fourier,,,29.997396,4
hocho_B_8,frame_00000.png,frame_00119.png,,,,0,decode失敗,QR未検出,0.000000,0.000000,0.648747,0.000415,,fourier:fourier::None:29.99739595199997:8:None:binary:0,fourier,,,29.997396,8
hocho_B_8,frame_00000.png,frame_00119.png,hocho_B_8/rgb_max_fourier_f100_th12/00000-00119-FRAME_rgbmax_scale1.00.png,,,0,decode失敗,QR未検出,0.000000,0.000000,0.648747,0.000476,,fourier:fourier::None:29.99739595199997:12:None:binary:0,fourier,,,29.997396,12
hocho_B_12,frame_00000.png,frame_00119.png,,,,0,decode失敗,QR未検出,0.000000,0.000000,0.648747,0.000966,,fourier:fourier::None:10.00260404800003:4:None:binary:0,fourier,,,10.002604,4
hocho_B_12,frame_00000.png,frame_00119.png,,,,0,decode失敗,QR未検出,0.000000,0.000000,0.648747,0.000966,,fourier:fourier::None:10.00260404800003:8:None:binary:0,fourier,,,10.002604,8
hocho_B_12,frame_00000.png,frame_00119.png,hocho_B_12/rgb_max_fourier_f150_th12/00000-00119-FRAME_rgbmax_scale1.00.png,,,0,decode失敗,QR未検出,0.000000,0.000000,0.648747,0.000970,,fourier:fourier::None:10.00260404800003:12:None:binary:0,fourier,,,10.002604,12
hocho_B_12,frame_00000.png,frame_00119.png,,,,0,decode失敗,QR未検出,0.000000,0.000000,0.648747,0.000966,,fourier:fourier::None:15.0:4:None:binary:0,fourier,,,15.000000,4
hocho_B_12,frame_00000.png,frame_00119.png,,,,0,decode失敗,QR未検出,0.000000,0.000000,0.648747,0.000966,,fourier:fourier::None:15.0:8:None:binary:0,fourier,,,15.000000,8
hocho_B_12,frame_00000.png,frame_00119.png,hocho_B_12/rgb_max_fourier_f150_th12/00000-00119-FRAME_rgbmax_scale1.00.png,,,0,decode失敗,QR未検出,0.000000,0.000000,0.648747,0.000966,,fourier:fourier::None:15.0:12:None:binary:0,fourier,,,15.000000,12
hocho_B_12,frame_00000.png,frame_00119.png,,,,0,decode失敗,QR未検出,0.000000,0.000000,0.648747,0.000966,,fourier:fourier::None:29.99739595199997:4:None:binary:0,fourier,,,29.997396,4
hocho_B_12,frame_00000.png,frame_00119.png,,,,0,decode失敗,QR未検出,0.000000,0.000000,0.648747,0.000975,,fourier:fourier::None:29.99739595199997:8:None:binary:0,fourier,,,29.997396,8
hocho_B_12,frame_00000.png,frame_00119.png,hocho_B_12/rgb_max_fourier_f150_th12/00000-00119-FRAME_rgbmax_scale1.00.png,,,0,decode失敗,QR未検出,0.000000,0.000000,0.648747,0.000995,,fourier:fourier::None:29.99739595199997:12:None:binary:0,fourier,,,29.997396,12
ex_B_4,frame_00000.png,frame_00119.png,,,,0,decode失敗,QR未検出,0.000060,1.000000,0.648768,0.000046,,fourier:fourier::None:10.00260404800003:4:None:binary:0,fourier,,,10.002604,4
ex_B_4,frame_00000.png,frame_00119.png,,,,0,decode失敗,QR未検出,0.000060,1.000000,0.648768,0.000046,,fourier:fourier::None:10.00260404800003:8:None:binary:0,fourier,,,10.002604,8
ex_B_4,frame_00000.png,frame_00119.png,ex_B_4/rgb_max_fourier_f100_th12/00000-00119-FRAME_rgbmax_scale1.00.png,,,0,decode失敗,QR未検出,0.000060,1.000000,0.648768,0.000046,,fourier:fourier::None:10.00260404800003:12:None:binary:0,fourier,,,10.002604,12
ex_B_4,frame_00000.png,frame_00119.png,,,,0,decode失敗,QR未検出,0.000060,1.000000,0.648768,0.000046,,fourier:fourier::None:15.0:4:None:binary:0,fourier,,,15.000000,4
ex_B_4,frame_00000.png,frame_00119.png,,,,0,decode失敗,QR未検出,0.000060,1.000000,0.648768,0.000046,,fourier:fourier::None:15.0:8:None:binary:0,fourier,,,15.000000,8
ex_B_4,frame_00000.png,frame_00119.png,ex_B_4/rgb_max_fourier_f100_th12/00000-00119-FRAME_rgbmax_scale1.00.png,,,0,decode失敗,QR未検出,0.000060,1.000000,0.648768,0.000046,,fourier:fourier::None:15.0:12:None:binary:0,fourier,,,15.000000,12
ex_B_4,frame_00000.png,frame_00119.png,,,,0,decode失敗,QR未検出,0.000060,1.000000,0.648768,0.000065,,fourier:fourier::None:29.99739595199997:4:None:binary:0,fourier,,,29.997396,4
ex_B_4,frame_00000.png,frame_00119.png,,,,0,decode失敗,QR未検出,0.000060,1.000000,0.648768,0.000150,,fourier:fourier::None:29.99739595199997:8:None:binary:0,fourier,,,29.997396,8
ex_B_4,frame_00000.png,frame_00119.png,ex_B_4/rgb_max_fourier_f100_th12/00000-00119-FRAME_rgbmax_scale1.00.png,,,0,decode失敗,QR未検出,0.000060,1.000000,0.648768,0.000192,,fourier:fourier::None:29.99739595199997:12:None:binary:0,fourier,,,29.997396,12
ex_B_8,frame_00000.png,frame_00119.png,,,,0,decode失敗,QR未検出,0.000000,0.000000,0.648614,0.000113,,fourier:fourier::None:10.00260404800003:4:None:binary:0,fourier,,,10.002604,4
ex_B_8,frame_00000.png,frame_00119.png,,,,0,decode失敗,QR未検出,0.000000,0.000000,0.648614,0.000113,,fourier:fourier::None:10.00260404800003:8:None:binary:0,fourier,,,10.002604,8
ex_B_8,frame_00000.png,frame_00119.png,ex_B_8/rgb_max_fourier_f150_th12/00000-00119-FRAME_rgbmax_scale1.00.png,,,0,decode失敗,QR未検出,0.000000,0.000000,0.648614,0.000113,,fourier:fourier::None:10.00260404800003:12:None:binary:0,fourier,,,10.002604,12
ex_B_8,frame_00000.png,frame_00119.png,,,,0,decode失敗,QR未検出,0.000000,0.000000,0.648614,0.000113,,fourier:fourier::None:15.0:4:None:binary:0,fourier,,,15.000000,4
ex_B_8,frame_00000.png,frame_00119.png,,,,0,decode失敗,QR未検出,0.000000,0.000000,0.648614,0.000113,,fourier:fourier::None:15.0:8:None:binary:0,fourier,,,15.000000,8
ex_B_8,frame_00000.png,frame_00119.png,ex_B_8/rgb_max_fourier_f150_th12/00000-00119-FRAME_rgbmax_scale1.00.png,,,0,decode失敗,QR未検出,0.000000,0.000000,0.648614,0.000113,,fourier:fourier::None:15.0:12:None:binary:0,fourier,,,15.000000,12
ex_B_8,frame_00000.png,frame_00119.png,,,,0,decode失敗,QR未検出,0.000000,0.000000,0.648614,0.000113,,fourier:fourier::None:29.99739595199997:4:None:binary:0,fourier,,,29.997396,4
ex_B_8,frame_00000.png,frame_00119.png,,,,0,decode失敗,QR未検出,0.000000,0.000000,0.648614,0.000138,,fourier:fourier::None:29.99739595199997:8:None:binary:0,fourier,,,29.997396,8
ex_B_8,frame_00000.png,frame_00119.png,ex_B_8/rgb_max_fourier_f150_th12/00000-00119-FRAME_rgbmax_scale1.00.png,,,0,decode失敗,QR未検出,0.000000,0.000000,0.648614,0.000158,,fourier:fourier::None:29.99739595199997:12:None:binary:0,fourier,,,29.997396,12
ex_B_12,frame_00000.png,frame_00119.png,,,,0,decode失敗,QR未検出,0.000000,0.000000,0.648698,0.000047,,fourier:fourier::None:10.00260404800003:4:None:binary:0,fourier,,,10.002604,4
ex_B_12,frame_00000.png,frame_00119.png,,,,0,decode失敗,QR未検出,0.000000,0.000000,0.648698,0.000047,,fourier:fourier::None:10.00260404800003:8:None:binary:0,fourier,,,10.002604,8
ex_B_12,frame_00000.png,frame_00119.png,ex_B_12/rgb_max_fourier_f300_th12/00000-00119-FRAME_rgbmax_scale1.00.png,,,0,decode失敗,QR未検出,0.000000,0.000000,0.648698,0.000047,,fourier:fourier::None:10.00260404800003:12:None:binary:0,fourier,,,10.002604,12
ex_B_12,frame_00000.png,frame_00119.png,,,,0,decode失敗,QR未検出,0.000000,0.000000,0.648698,0.000047,,fourier:fourier::None:15.0:4:None:binary:0,fourier,,,15.000000,4
ex_B_12,frame_00000.png,frame_00119.png,,,,0,decode失敗,QR未検出,0.000000,0.000000,0.648698,0.000047,,fourier:fourier::None:15.0:8:None:binary:0,fourier,,,15.000000,8
ex_B_12,frame_00000.png,frame_00119.png,ex_B_12/rgb_max_fourier_f300_th12/00000-00119-FRAME_rgbmax_scale1.00.png,,,0,decode失敗,QR未検出,0.000000,0.000000,0.648698,0.000047,,fourier:fourier::None:15.0:12:None:binary:0,fourier,,,15.000000,12
ex_B_12,frame_00000.png,frame_00119.png,,,,0,decode失敗,QR未検出,0.000000,0.000000,0.648698,0.000047,,fourier:fourier::None:29.99739595199997:4:None:binary:0,fourier,,,29.997396,4
ex_B_12,frame_00000.png,frame_00119.png,,,,0,decode失敗,QR未検出,0.000000,0.000000,0.648698,0.000047,,fourier:fourier::None:29.99739595199997:8:None:binary:0,fourier,,,29.997396,8
ex_B_12,frame_00000.png,frame_00119.png,ex_B_12/rgb_max_fourier_f300_th12/00000-00119-FRAME_rgbmax_scale1.00.png,,,0,decode失敗,QR未検出,0.000000,0.000000,0.648698,0.000078,,fourier:fourier::None:29.99739595199997:12:None:binary:0,fourier,,,29.997396,12
rice_I_4,frame_00000.png,frame_00119.png,,,,0,decode失敗,QR未検出,0.000000,0.000000,0.648747,0.000590,,fourier:fourier::None:10.00260404800003:4:None:binary:0,fourier,,,10.002604,4
rice_I_4,frame_00000.png,frame_00119.png,,,,0,decode失敗,QR未検出,0.000000,0.000000,0.648747,0.000590,,fourier:fourier::None:10.00260404800003:8:None:binary:0,fourier,,,10.002604,8
rice_I_4,frame_00000.png,frame_00119.png,rice_I_4/rgb_max_fourier_f300_th12/00000-00119-FRAME_rgbmax_scale1.00.png,,,0,decode失敗,QR未検出,0.000000,0.000000,0.648747,0.000590,,fourier:fourier::None:10.00260404800003:12:None:binary:0,fourier,,,10.002604,12
rice_I_4,frame_00000.png,frame_00119.png,,,,0,decode失敗,QR未検出,0.000000,0.000000,0.648747,0.000590,,fourier:fourier::None:15.0:4:None:binary:0,fourier,,,15.000000,4
rice_I_4,frame_00000.png,frame_00119.png,,,,0,decode失敗,QR未検出,0.000000,0.000000,0.648747,0.000590,,fourier:fourier::None:15.0:8:None:binary:0,fourier,,,15.000000,8
rice_I_4,frame_00000.png,frame_00119.png,rice_I_4/rgb_max_fourier_f300_th12/00000-00119-FRAME_rgbmax_scale1.00.png,,,0,decode失敗,QR未検出,0.000000,0.000000,0.648747,0.000590,,fourier:fourier::None:15.0:12:None:binary:0,fourier,,,15.000000,12
rice_I_4,frame_00000.png,frame_00119.png,,,,0,decode失敗,QR未検出,0.000000,0.000000,0.648747,0.000590,,fourier:fourier::None:29.99739595199997:4:None:binary:0,fourier,,,29.997396,4
rice_I_4,frame_00000.png,frame_00119.png,,,,0,decode失敗,QR未検出,0.000000,0.000000,0.648747,0.000590,,fourier:fourier::None:29.99739595199997:8:None:binary:0,fourier,,,29.997396,8
rice_I_4,frame_00000.png,frame_00119.png,rice_I_4/rgb_max_fourier_f300_th12/00000-00119-FRAME_rgbmax_scale1.00.png,,,0,decode失敗,QR未検出,0.000304,0.743902,0.648817,0.000625,,fourier:fourier::None:29.99739595199997:12:None:binary:0,fourier,,,29.997396,12
rice_I_8,frame_00000.png,frame_00119.png,,,,0,decode失敗,QR未検出,0.000139,1.000000,0.648796,0.000270,,fourier:fourier::None:10.00260404800003:4:None:binary:0,fourier,,,10.002604,4
rice_I_8,frame_00000.png,frame_00119.png,,,,0,decode失敗,QR未検出,0.000139,1.000000,0.648796,0.000270,,fourier:fourier::None:10.00260404800003:8:None:binary:0,fourier,,,10.002604,8
rice_I_8,frame_00000.png,frame_00119.png,rice_I_8/rgb_max_fourier_f100_th12/00000-00119-FRAME_rgbmax_scale1.00.png,,,0,decode失敗,QR未検出,0.000139,1.000000,0.648796,0.000270,,fourier:fourier::None:10.00260404800003:12:None:binary:0,fourier,,,10.002604,12
rice_I_8,frame_00000.png,frame_00119.png,,,,0,decode失敗,QR未検出,0.000139,1.000000,0.648796,0.000270,,fourier:fourier::None:15.0:4:None:binary:0,fourier,,,15.000000,4
rice_I_8,frame_00000.png,frame_00119.png,,,,0,decode失敗,QR未検出,0.000139,1.000000,0.648796,0.000270,,fourier:fourier::None:15.0:8:None:binary:0,fourier,,,15.000000,8
rice_I_8,frame_00000.png,frame_00119.png,rice_I_8/rgb_max_fourier_f100_th12/00000-00119-FRAME_rgbmax_scale1.00.png,,,0,decode失敗,QR未検出,0.000139,1.000000,0.648796,0.000270,,fourier:fourier::None:15.0:12:None:binary:0,fourier,,,15.000000,12
rice_I_8,frame_00000.png,frame_00119.png,,,,0,decode失敗,QR未検出,0.000139,1.000000,0.648796,0.000270,,fourier:fourier::None:29.99739595199997:4:None:binary:0,fourier,,,29.997396,4
rice_I_8,frame_00000.png,frame_00119.png,,,,0,decode失敗,QR未検出,0.000139,1.000000,0.648796,0.000270,,fourier:fourier::None:29.99739595199997:8:None:binary:0,fourier,,,29.997396,8
rice_I_8,frame_00000.png,frame_00119.png,rice_I_8/rgb_max_fourier_f100_th12/00000-00119-FRAME_rgbmax_scale1.00.png,,,0,decode失敗,QR未検出,0.000139,0.777778,0.648782,0.000301,,fourier:fourier::None:29.99739595199997:12:None:binary:0,fourier,,,29.997396,12
rice_I_12,frame_00000.png,frame_00119.png,,,,0,decode失敗,QR未検出,0.000000,0.000000,0.648747,0.001024,,fourier:fourier::None:10.00260404800003:4:None:binary:0,fourier,,,10.002604,4
rice_I_12,frame_00000.png,frame_00119.png,,,,0,decode失敗,QR未検出,0.000000,0.000000,0.648747,0.001024,,fourier:fourier::None:10.00260404800003:8:None:binary:0,fourier,,,10.002604,8
rice_I_12,frame_00000.png,frame_00119.png,rice_I_12/rgb_max_fourier_f150_th12/00000-00119-FRAME_rgbmax_scale1.00.png,,,0,decode失敗,QR未検出,0.000000,0.000000,0.648747,0.001207,,fourier:fourier::None:10.00260404800003:12:None:binary:0,fourier,,,10.002604,12
rice_I_12,frame_00000.png,frame_00119.png,,,,0,decode失敗,QR未検出,0.000000,0.000000,0.648747,0.001024,,fourier:fourier::None:15.0:4:None:binary:0,fourier,,,15.000000,4
rice_I_12,frame_00000.png,frame_00119.png,,,,0,decode失敗,QR未検出,0.000000,0.000000,0.648747,0.001210,,fourier:fourier::None:15.0:8:None:binary:0,fourier,,,15.000000,8
rice_I_12,frame_00000.png,frame_00119.png,rice_I_12/rgb_max_fourier_f150_th12/00000-00119-FRAME_rgbmax_scale1.00.png,,,0,decode失敗,QR未検出,0.000000,0.000000,0.648747,0.001210,,fourier:fourier::None:15.0:12:None:binary:0,fourier,,,15.000000,12
rice_I_12,frame_00000.png,frame_00119.png,,,,0,decode失敗,QR未検出,0.000000,0.000000,0.648747,0.001025,,fourier:fourier::None:29.99739595199997:4:None:binary:0,fourier,,,29.997396,4
rice_I_12,frame_00000.png,frame_00119.png,,,,0,decode失敗,QR未検出,0.000000,0.000000,0.648747,0.001211,,fourier:fourier::None:29.99739595199997:8:None:binary:0,fourier,,,29.997396,8
rice_I_12,frame_00000.png,frame_00119.png,rice_I_12/rgb_max_fourier_f150_th12/00000-00119-FRAME_rgbmax_scale1.00.png,,,0,decode失敗,QR未検出,0.000000,0.000000,0.648747,0.001439,,fourier:fourier::None:29.99739595199997:12:None:binary:0,fourier,,,29.997396,12
nagaoka_fireworks_I_4,frame_00000.png,frame_00119.png,nagaoka_fireworks_I_4/rgb_max_fourier_f300_th4/00000-00119-FRAME_rgbmax_scale1.00.png,,,0,decode失敗,QR未検出,0.000075,0.003130,0.640415,0.018668,,fourier:fourier::None:10.00260404800003:4:None:binary:0,fourier,,,10.002604,4
nagaoka_fireworks_I_4,frame_00000.png,frame_00119.png,,,,0,decode失敗,QR未検出,0.000075,0.003130,0.640415,0.018668,,fourier:fourier::None:10.00260404800003:8:None:binary:0,fourier,,,10.002604,8
nagaoka_fireworks_I_4,frame_00000.png,frame_00119.png,,,,0,decode失敗,QR未検出,0.000174,0.007237,0.640408,0.018956,,fourier:fourier::None:10.00260404800003:12:None:binary:0,fourier,,,10.002604,12
nagaoka_fireworks_I_4,frame_00000.png,frame_00119.png,nagaoka_fireworks_I_4/rgb_max_fourier_f300_th4/00000-00119-FRAME_rgbmax_scale1.00.png,,,0,decode失敗,QR未検出,0.000075,0.003130,0.640415,0.018668,,fourier:fourier::None:15.0:4:None:binary:0,fourier,,,15.000000,4
nagaoka_fireworks_I_4,frame_00000.png,frame_00119.png,,,,0,decode失敗,QR未検出,0.000075,0.003130,0.640415,0.018935,,fourier:fourier::None:15.0:8:None:binary:0,fourier,,,15.000000,8
nagaoka_fireworks_I_4,frame_00000.png,frame_00119.png,,,,0,decode失敗,QR未検出,0.000075,0.003130,0.640415,0.018946,,fourier:fourier::None:15.0:12:None:binary:0,fourier,,,15.000000,12
nagaoka_fireworks_I_4,frame_00000.png,frame_00119.png,nagaoka_fireworks_I_4/rgb_max_fourier_f300_th4/00000-00119-FRAME_rgbmax_scale1.00.png,,,0,decode失敗,QR未検出,0.000075,0.003130,0.640415,0.018668,,fourier:fourier::None:29.99739595199997:4:None:binary:0,fourier,,,29.997396,4
nagaoka_fireworks_I_4,frame_00000.png,frame_00119.png,,,,0,decode失敗,QR未検出,0.000115,0.004756,0.640366,0.018993,,fourier:fourier::None:29.99739595199997:8:None:binary:0,fourier,,,29.997396,8
nagaoka_fireworks_I_4,frame_00000.png,frame_00119.png,,,,0,decode失敗,QR未検出,0.000812,0.029588,0.639678,0.020097,,fourier:fourier::None:29.99739595199997:12:None:binary:0,fourier,,,29.997396,12
nagaoka_fireworks_I_8,frame_00000.png,frame_00119.png,nagaoka_fireworks_I_8/rgb_max_fourier_f300_th4/00000-00119-FRAME_rgbmax_scale1.00.png,,,0,decode失敗,QR未検出,0.001499,0.065279,0.641732,0.016353,,fourier:fourier::None:10.00260404800003:4:None:binary:0,fourier,,,10.002604,4
nagaoka_fireworks_I_8,frame_00000.png,frame_00119.png,,,,0,decode失敗,QR未検出,0.001499,0.064371,0.641618,0.016756,,fourier:fourier::None:10.00260404800003:8:None:binary:0,fourier,,,10.002604,8
nagaoka_fireworks_I_8,frame_00000.png,frame_00119.png,,,,0,decode失敗,QR未検出,0.001499,0.064371,0.641618,0.016756,,fourier:fourier::None:10.00260404800003:12:None:binary:0,fourier,,,10.002604,12
nagaoka_fireworks_I_8,frame_00000.png,frame_00119.png,nagaoka_fireworks_I_8/rgb_max_fourier_f300_th4/00000-00119-FRAME_rgbmax_scale1.00.png,,,0,decode失敗,QR未検出,0.001499,0.065279,0.641732,0.016353,,fourier:fourier::None:15.0:4:None:binary:0,fourier,,,15.000000,4
nagaoka_fireworks_I_8,frame_00000.png,frame_00119.png,,,,0,decode失敗,QR未検出,0.001499,0.065279,0.641732,0.016353,,fourier:fourier::None:15.0:8:None:binary:0,fourier,,,15.000000,8
nagaoka_fireworks_I_8,frame_00000.png,frame_00119.png,,,,0,decode失敗,QR未検出,0.001499,0.064371,0.641618,0.016794,,fourier:fourier::None:15.0:12:None:binary:0,fourier,,,15.000000,12
nagaoka_fireworks_I_8,frame_00000.png,frame_00119.png,nagaoka_fireworks_I_8/rgb_max_fourier_f300_th4/00000-00119-FRAME_rgbmax_scale1.00.png,,,0,decode失敗,QR未検出,0.001499,0.065279,0.641732,0.016353,,fourier:fourier::None:29.99739595199997:4:None:binary:0,fourier,,,29.997396,4
nagaoka_fireworks_I_8,frame_00000.png,frame_00119.png,,,,0,decode失敗,QR未検出,0.001499,0.064371,0.641618,0.016854,,fourier:fourier::None:29.99739595199997:8:None:binary:0,fourier,,,29.997396,8
nagaoka_fireworks_I_8,frame_00000.png,frame_00119.png,,,,0,decode失敗,QR未検出,0.001519,0.054203,0.639968,0.018762,,fourier:fourier::None:29.99739595199997:12:None:binary:0,fourier,,,29.997396,12
nagaoka_fireworks_I_12,frame_00000.png,frame_00119.png,nagaoka_fireworks_I_12/rgb_max_fourier_f150_th4/00000-00119-FRAME_rgbmax_scale1.00.png,,,0,decode失敗,QR未検出,0.000000,0.000000,0.640924,0.013489,,fourier:fourier::None:10.00260404800003:4:None:binary:0,fourier,,,10.002604,4
nagaoka_fireworks_I_12,frame_00000.png,frame_00119.png,,,,0,decode失敗,QR未検出,0.000000,0.000000,0.640546,0.013862,,fourier:fourier::None:10.00260404800003:8:None:binary:0,fourier,,,10.002604,8
nagaoka_fireworks_I_12,frame_00000.png,frame_00119.png,,,,0,decode失敗,QR未検出,0.000000,0.000000,0.640497,0.013887,,fourier:fourier::None:10.00260404800003:12:None:binary:0,fourier,,,10.002604,12
nagaoka_fireworks_I_12,frame_00000.png,frame_00119.png,nagaoka_fireworks_I_12/rgb_max_fourier_f150_th4/00000-00119-FRAME_rgbmax_scale1.00.png,,,0,decode失敗,QR未検出,0.000000,0.000000,0.640924,0.013489,,fourier:fourier::None:15.0:4:None:binary:0,fourier,,,15.000000,4
nagaoka_fireworks_I_12,frame_00000.png,frame_00119.png,,,,0,decode失敗,QR未検出,0.000000,0.000000,0.640924,0.013537,,fourier:fourier::None:15.0:8:None:binary:0,fourier,,,15.000000,8
nagaoka_fireworks_I_12,frame_00000.png,frame_00119.png,,,,0,decode失敗,QR未検出,0.000000,0.000000,0.640546,0.013862,,fourier:fourier::None:15.0:12:None:binary:0,fourier,,,15.000000,12
nagaoka_fireworks_I_12,frame_00000.png,frame_00119.png,nagaoka_fireworks_I_12/rgb_max_fourier_f150_th4/00000-00119-FRAME_rgbmax_scale1.00.png,,,0,decode失敗,QR未検出,0.000000,0.000000,0.640924,0.013489,,fourier:fourier::None:29.99739595199997:4:None:binary:0,fourier,,,29.997396,4
nagaoka_fireworks_I_12,frame_00000.png,frame_00119.png,,,,0,decode失敗,QR未検出,0.000000,0.000000,0.640434,0.013990,,fourier:fourier::None:29.99739595199997:8:None:binary:0,fourier,,,29.997396,8
nagaoka_fireworks_I_12,frame_00000.png,frame_00119.png,,,,0,decode失敗,QR未検出,0.000553,0.020022,0.639435,0.016109,,fourier:fourier::None:29.99739595199997:12:None:binary:0,fourier,,,29.997396,12
hocho_I_4,frame_00000.png,frame_00119.png,hocho_I_4/rgb_max_fourier_f150_th4/00000-00119-FRAME_rgbmax_scale1.00.png,,,0,decode失敗,QR未検出,0.000020,0.078431,0.648671,0.000916,,fourier:fourier::None:10.00260404800003:4:None:binary:0,fourier,,,10.002604,4
hocho_I_4,frame_00000.png,frame_00119.png,,,,0,decode失敗,QR未検出,0.000020,0.078431,0.648671,0.000919,,fourier:fourier::None:10.00260404800003:8:None:binary:0,fourier,,,10.002604,8
hocho_I_4,frame_00000.png,frame_00119.png,,,,0,decode失敗,QR未検出,0.000020,0.078431,0.648671,0.000919,,fourier:fourier::None:10.00260404800003:12:None:binary:0,fourier,,,10.002604,12
hocho_I_4,frame_00000.png,frame_00119.png,hocho_I_4/rgb_max_fourier_f150_th4/00000-00119-FRAME_rgbmax_scale1.00.png,,,0,decode失敗,QR未検出,0.000020,0.078431,0.648671,0.000916,,fourier:fourier::None:15.0:4:None:binary:0,fourier,,,15.000000,4
hocho_I_4,frame_00000.png,frame_00119.png,,,,0,decode失敗,QR未検出,0.000020,0.078431,0.648671,0.000919,,fourier:fourier::None:15.0:8:None:binary:0,fourier,,,15.000000,8
hocho_I_4,frame_00000.png,frame_00119.png,,,,0,decode失敗,QR未検出,0.000020,0.078431,0.648671,0.000919,,fourier:fourier::None:15.0:12:None:binary:0,fourier,,,15.000000,12
hocho_I_4,frame_00000.png,frame_00119.png,hocho_I_4/rgb_max_fourier_f150_th4/00000-00119-FRAME_rgbmax_scale1.00.png,,,0,decode失敗,QR未検出,0.000020,0.078431,0.648671,0.000919,,fourier:fourier::None:29.99739595199997:4:None:binary:0,fourier,,,29.997396,4
hocho_I_4,frame_00000.png,frame_00119.png,,,,0,decode失敗,QR未検出,0.000020,0.078431,0.648671,0.000920,,fourier:fourier::None:29.99739595199997:8:None:binary:0,fourier,,,29.997396,8
hocho_I_4,frame_00000.png,frame_00119.png,,,,0,decode失敗,QR未検出,0.000020,0.072727,0.648664,0.000947,,fourier:fourier::None:29.99739595199997:12:None:binary:0,fourier,,,29.997396,12
hocho_I_8,frame_00000.png,frame_00119.png,,,,0,decode失敗,QR未検出,0.000000,0.000000,0.648747,0.000725,,fourier:fourier::None:10.00260404800003:4:None:binary:0,fourier,,,10.002604,4
hocho_I_8,frame_00000.png,frame_00119.png,,,,0,decode失敗,QR未検出,0.000000,0.000000,0.648747,0.000726,,fourier:fourier::None:10.00260404800003:8:None:binary:0,fourier,,,10.002604,8
hocho_I_8,frame_00000.png,frame_00119.png,hocho_I_8/rgb_max_fourier_f100_th12/00000-00119-FRAME_rgbmax_scale1.00.png,,,0,decode失敗,QR未検出,0.000000,0.000000,0.648747,0.000726,,fourier:fourier::None:10.00260404800003:12:None:binary:0,fourier,,,10.002604,12
hocho_I_8,frame_00000.png,frame_00119.png,,,,0,decode失敗,QR未検出,0.000000,0.000000,0.648747,0.000725,,fourier:fourier::None:15.0:4:None:binary:0,fourier,,,15.000000,4
hocho_I_8,frame_00000.png,frame_00119.png,,,,0,decode失敗,QR未検出,0.000000,0.000000,0.648747,0.000726,,fourier:fourier::None:15.0:8:None:binary:0,fourier,,,15.000000,8
hocho_I_8,frame_00000.png,frame_00119.png,hocho_I_8/rgb_max_fourier_f100_th12/00000-00119-FRAME_rgbmax_scale1.00.png,,,0,decode失敗,QR未検出,0.000000,0.000000,0.648747,0.000726,,fourier:fourier::None:15.0:12:None:binary:0,fourier,,,15.000000,12
hocho_I_8,frame_00000.png,frame_00119.png,,,,0,decode失敗,QR未検出,0.000000,0.000000,0.648747,0.000725,,fourier:fourier::None:29.99739595199997:4:None:binary:0,fourier,,,29.997396,4
hocho_I_8,frame_00000.png,frame_00119.png,,,,0,decode失敗,QR未検出,0.000000,0.000000,0.648747,0.000782,,fourier:fourier::None:29.99739595199997:8:None:binary:0,fourier,,,29.997396,8
hocho_I_8,frame_00000.png,frame_00119.png,hocho_I_8/rgb_max_fourier_f100_th12/00000-00119-FRAME_rgbmax_scale1.00.png,,,0,decode失敗,QR未検出,0.000000,0.000000,0.648747,0.000841,,fourier:fourier::None:29.99739595199997:12:None:binary:0,fourier,,,29.997396,12
hocho_I_12,frame_00000.png,frame_00119.png,,,,0,decode失敗,QR未検出,0.000000,0.000000,0.648747,0.000602,,fourier:fourier::None:10.00260404800003:4:None:binary:0,fourier,,,10.002604,4
hocho_I_12,frame_00000.png,frame_00119.png,hocho_I_12/rgb_max_fourier_f100_th8/00000-00119-FRAME_rgbmax_scale1.00.png,,,0,decode失敗,QR未検出,0.000000,0.000000,0.648747,0.000633,,fourier:fourier::None:10.00260404800003:8:None:binary:0,fourier,,,10.002604,8
hocho_I_12,frame_00000.png,frame_00119.png,,,,0,decode失敗,QR未検出,0.000000,0.000000,0.648747,0.000681,,fourier:fourier::None:10.00260404800003:12:None:binary:0,fourier,,,10.002604,12
hocho_I_12,frame_00000.png,frame_00119.png,,,,0,decode失敗,QR未検出,0.000000,0.000000,0.648747,0.000602,,fourier:fourier::None:15.0:4:None:binary:0,fourier,,,15.000000,4
hocho_I_12,frame_00000.png,frame_00119.png,hocho_I_12/rgb_max_fourier_f100_th8/00000-00119-FRAME_rgbmax_scale1.00.png,,,0,decode失敗,QR未検出,0.000000,0.000000,0.648747,0.000602,,fourier:fourier::None:15.0:8:None:binary:0,fourier,,,15.000000,8
hocho_I_12,frame_00000.png,frame_00119.png,,,,0,decode失敗,QR未検出,0.000000,0.000000,0.648747,0.000633,,fourier:fourier::None:15.0:12:None:binary:0,fourier,,,15.000000,12
hocho_I_12,frame_00000.png,frame_00119.png,,,,0,decode失敗,QR未検出,0.000000,0.000000,0.648747,0.000602,,fourier:fourier::None:29.99739595199997:4:None:binary:0,fourier,,,29.997396,4
hocho_I_12,frame_00000.png,frame_00119.png,hocho_I_12/rgb_max_fourier_f100_th8/00000-00119-FRAME_rgbmax_scale1.00.png,,,0,decode失敗,QR未検出,0.000000,0.000000,0.648747,0.000633,,fourier:fourier::None:29.99739595199997:8:None:binary:0,fourier,,,29.997396,8
hocho_I_12,frame_00000.png,frame_00119.png,,,,0,decode失敗,QR未検出,0.000000,0.000000,0.648747,0.000659,,fourier:fourier::None:29.99739595199997:12:None:binary:0,fourier,,,29.997396,12
ex_I_4,frame_00000.png,frame_00119.png,,,,0,decode失敗,QR未検出,0.000000,0.000000,0.648698,0.000196,,fourier:fourier::None:10.00260404800003:4:None:binary:0,fourier,,,10.002604,4
ex_I_4,frame_00000.png,frame_00119.png,ex_I_4/rgb_max_fourier_f150_th8/00000-00119-FRAME_rgbmax_scale1.00.png,,,0,decode失敗,QR未検出,0.000000,0.000000,0.648698,0.000196,,fourier:fourier::None:10.00260404800003:8:None:binary:0,fourier,,,10.002604,8
ex_I_4,frame_00000.png,frame_00119.png,,,,0,decode失敗,QR未検出,0.000000,0.000000,0.648698,0.000196,,fourier:fourier::None:10.00260404800003:12:None:binary:0,fourier,,,10.002604,12
ex_I_4,frame_00000.png,frame_00119.png,,,,0,decode失敗,QR未検出,0.000000,0.000000,0.648698,0.000196,,fourier:fourier::None:15.0:4:None:binary:0,fourier,,,15.000000,4
ex_I_4,frame_00000.png,frame_00119.png,ex_I_4/rgb_max_fourier_f150_th8/00000-00119-FRAME_rgbmax_scale1.00.png,,,0,decode失敗,QR未検出,0.000000,0.000000,0.648698,0.000196,,fourier:fourier::None:15.0:8:None:binary:0,fourier,,,15.000000,8
ex_I_4,frame_00000.png,frame_00119.png,,,,0,decode失敗,QR未検出,0.000000,0.000000,0.648698,0.000196,,fourier:fourier::None:15.0:12:None:binary:0,fourier,,,15.000000,12
ex_I_4,frame_00000.png,frame_00119.png,,,,0,decode失敗,QR未検出,0.000000,0.000000,0.648698,0.000196,,fourier:fourier::None:29.99739595199997:4:None:binary:0,fourier,,,29.997396,4
ex_I_4,frame_00000.png,frame_00119.png,ex_I_4/rgb_max_fourier_f150_th8/00000-00119-FRAME_rgbmax_scale1.00.png,,,0,decode失敗,QR未検出,0.000000,0.000000,0.648698,0.000196,,fourier:fourier::None:29.99739595199997:8:None:binary:0,fourier,,,29.997396,8
ex_I_4,frame_00000.png,frame_00119.png,,,,0,decode失敗,QR未検出,0.000000,0.000000,0.648698,0.000196,,fourier:fourier::None:29.99739595199997:12:None:binary:0,fourier,,,29.997396,12
ex_I_8,frame_00000.png,frame_00119.png,,,,0,decode失敗,QR未検出,0.000000,0.000000,0.648229,0.000348,,fourier:fourier::None:10.00260404800003:4:None:binary:0,fourier,,,10.002604,4
ex_I_8,frame_00000.png,frame_00119.png,ex_I_8/rgb_max_fourier_f150_th8/00000-00119-FRAME_rgbmax_scale1.00.png,,,0,decode失敗,QR未検出,0.000000,0.000000,0.648229,0.000348,,fourier:fourier::None:10.00260404800003:8:None:binary:0,fourier,,,10.002604,8
ex_I_8,frame_00000.png,frame_00119.png,,,,0,decode失敗,QR未検出,0.000000,0.000000,0.648220,0.000365,,fourier:fourier::None:10.00260404800003:12:None:binary:0,fourier,,,10.002604,12
ex_I_8,frame_00000.png,frame_00119.png,,,,0,decode失敗,QR未検出,0.000000,0.000000,0.648229,0.000348,,fourier:fourier::None:15.0:4:None:binary:0,fourier,,,15.000000,4
ex_I_8,frame_00000.png,frame_00119.png,ex_I_8/rgb_max_fourier_f150_th8/00000-00119-FRAME_rgbmax_scale1.00.png,,,0,decode失敗,QR未検出,0.000000,0.000000,0.648229,0.000348,,fourier:fourier::None:15.0:8:None:binary:0,fourier,,,15.000000,8
ex_I_8,frame_00000.png,frame_00119.png,,,,0,decode失敗,QR未検出,0.000000,0.000000,0.648229,0.000348,,fourier:fourier::None:15.0:12:None:binary:0,fourier,,,15.000000,12
ex_I_8,frame_00000.png,frame_00119.png,,,,0,decode失敗,QR未検出,0.000000,0.000000,0.648229,0.000348,,fourier:fourier::None:29.99739595199997:4:None:binary:0,fourier,,,29.997396,4
ex_I_8,frame_00000.png,frame_00119.png,ex_I_8/rgb_max_fourier_f150_th8/00000-00119-FRAME_rgbmax_scale1.00.png,,,0,decode失敗,QR未検出,0.000000,0.000000,0.648229,0.000348,,fourier:fourier::None:29.99739595199997:8:None:binary:0,fourier,,,29.997396,8
ex_I_8,frame_00000.png,frame_00119.png,,,,0,decode失敗,QR未検出,0.000000,0.000000,0.648229,0.000350,,fourier:fourier::None:29.99739595199997:12:None:binary:0,fourier,,,29.997396,12
ex_I_12,frame_00000.png,frame_00119.png,,,,0,decode失敗,QR未検出,0.000000,0.000000,0.648747,0.000126,,fourier:fourier::None:10.00260404800003:4:None:binary:0,fourier,,,10.002604,4
ex_I_12,frame_00000.png,frame_00119.png,,,,0,decode失敗,QR未検出,0.000000,0.000000,0.648747,0.000126,,fourier:fourier::None:10.00260404800003:8:None:binary:0,fourier,,,10.002604,8
ex_I_12,frame_00000.png,frame_00119.png,ex_I_12/rgb_max_fourier_f100_th12/00000-00119-FRAME_rgbmax_scale1.00.png,,,0,decode失敗,QR未検出,0.000000,0.000000,0.648747,0.000126,,fourier:fourier::None:10.00260404800003:12:None:binary:0,fourier,,,10.002604,12
ex_I_12,frame_00000.png,frame_00119.png,,,,0,decode失敗,QR未検出,0.000000,0.000000,0.648747,0.000126,,fourier:fourier::None:15.0:4:None:binary:0,fourier,,,15.000000,4
ex_I_12,frame_00000.png,frame_00119.png,,,,0,decode失敗,QR未検出,0.000000,0.000000,0.648747,0.000126,,fourier:fourier::None:15.0:8:None:binary:0,fourier,,,15.000000,8
ex_I_12,frame_00000.png,frame_00119.png,ex_I_12/rgb_max_fourier_f100_th12/00000-00119-FRAME_rgbmax_scale1.00.png,,,0,decode失敗,QR未検出,0.000000,0.000000,0.648747,0.000126,,fourier:fourier::None:15.0:12:None:binary:0,fourier,,,15.000000,12
ex_I_12,frame_00000.png,frame_00119.png,,,,0,decode失敗,QR未検出,0.000000,0.000000,0.648747,0.000126,,fourier:fourier::None:29.99739595199997:4:None:binary:0,fourier,,,29.997396,4
ex_I_12,frame_00000.png,frame_00119.png,,,,0,decode失敗,QR未検出,0.000000,0.000000,0.648747,0.000126,,fourier:fourier::None:29.99739595199997:8:None:binary:0,fourier,,,29.997396,8
ex_I_12,frame_00000.png,frame_00119.png,ex_I_12/rgb_max_fourier_f100_th12/00000-00119-FRAME_rgbmax_scale1.00.png,,,0,decode失敗,QR未検出,0.000000,0.000000,0.648747,0.000126,,fourier:fourier::None:29.99739595199997:12:None:binary:0,fourier,,,29.997396,12
rice_X_4,frame_00000.png,frame_00119.png,,,,0,decode失敗,QR未検出,0.000000,0.000000,0.648747,0.000485,,fourier:fourier::None:10.00260404800003:4:None:binary:0,fourier,,,10.002604,4
rice_X_4,frame_00000.png,frame_00119.png,,,,0,decode失敗,QR未検出,0.000000,0.000000,0.648747,0.000485,,fourier:fourier::None:10.00260404800003:8:None:binary:0,fourier,,,10.002604,8
rice_X_4,frame_00000.png,frame_00119.png,rice_X_4/rgb_max_fourier_f300_th12/00000-00119-FRAME_rgbmax_scale1.00.png,,,0,decode失敗,QR未検出,0.000000,0.000000,0.648747,0.000485,,fourier:fourier::None:10.00260404800003:12:None:binary:0,fourier,,,10.002604,12
rice_X_4,frame_00000.png,frame_00119.png,,,,0,decode失敗,QR未検出,0.000000,0.000000,0.648747,0.000485,,fourier:fourier::None:15.0:4:None:binary:0,fourier,,,15.000000,4
rice_X_4,frame_00000.png,frame_00119.png,,,,0,decode失敗,QR未検出,0.000000,0.000000,0.648747,0.000485,,fourier:fourier::None:15.0:8:None:binary:0,fourier,,,15.000000,8
rice_X_4,frame_00000.png,frame_00119.png,rice_X_4/rgb_max_fourier_f300_th12/00000-00119-FRAME_rgbmax_scale1.00.png,,,0,decode失敗,QR未検出,0.000000,0.000000,0.648747,0.000485,,fourier:fourier::None:15.0:12:None:binary:0,fourier,,,15.000000,12
rice_X_4,frame_00000.png,frame_00119.png,,,,0,decode失敗,QR未検出,0.000000,0.000000,0.648747,0.000485,,fourier:fourier::None:29.99739595199997:4:None:binary:0,fourier,,,29.997396,4
rice_X_4,frame_00000.png,frame_00119.png,,,,0,decode失敗,QR未検出,0.000020,1.000000,0.648754,0.000485,,fourier:fourier::None:29.99739595199997:8:None:binary:0,fourier,,,29.997396,8
rice_X_4,frame_00000.png,frame_00119.png,rice_X_4/rgb_max_fourier_f300_th12/00000-00119-FRAME_rgbmax_scale1.00.png,,,0,decode失敗,QR未検出,0.000667,0.716578,0.648888,0.000532,,fourier:fourier::None:29.99739595199997:12:None:binary:0,fourier,,,29.997396,12
rice_X_8,frame_00000.png,frame_00119.png,,,,0,decode失敗,QR未検出,0.000000,0.000000,0.648747,0.000252,,fourier:fourier::None:10.00260404800003:4:None:binary:0,fourier,,,10.002604,4
rice_X_8,frame_00000.png,frame_00119.png,,,,0,decode失敗,QR未検出,0.000000,0.000000,0.648747,0.000252,,fourier:fourier::None:10.00260404800003:8:None:binary:0,fourier,,,10.002604,8
rice_X_8,frame_00000.png,frame_00119.png,rice_X_8/rgb_max_fourier_f100_th12/00000-00119-FRAME_rgbmax_scale1.00.png,,,0,decode失敗,QR未検出,0.000000,0.000000,0.648747,0.000252,,fourier:fourier::None:10.00260404800003:12:None:binary:0,fourier,,,10.002604,12
rice_X_8,frame_00000.png,frame_00119.png,,,,0,decode失敗,QR未検出,0.000000,0.000000,0.648747,0.000252,,fourier:fourier::None:15.0:4:None:binary:0,fourier,,,15.000000,4
rice_X_8,frame_00000.png,frame_00119.png,,,,0,decode失敗,QR未検出,0.000000,0.000000,0.648747,0.000252,,fourier:fourier::None:15.0:8:None:binary:0,fourier,,,15.000000,8
rice_X_8,frame_00000.png,frame_00119.png,rice_X_8/rgb_max_fourier_f100_th12/00000-00119-FRAME_rgbmax_scale1.00.png,,,0,decode失敗,QR未検出,0.000000,0.000000,0.648747,0.000252,,fourier:fourier::None:15.0:12:None:binary:0,fourier,,,15.000000,12
rice_X_8,frame_00000.png,frame_00119.png,,,,0,decode失敗,QR未検出,0.000000,0.000000,0.648747,0.000252,,fourier:fourier::None:29.99739595199997:4:None:binary:0,fourier,,,29.997396,4
rice_X_8,frame_00000.png,frame_00119.png,,,,0,decode失敗,QR未検出,0.000000,0.000000,0.648747,0.000252,,fourier:fourier::None:29.99739595199997:8:None:binary:0,fourier,,,29.997396,8
rice_X_8,frame_00000.png,frame_00119.png,rice_X_8/rgb_max_fourier_f100_th12/00000-00119-FRAME_rgbmax_scale1.00.png,,,0,decode失敗,QR未検出,0.000000,0.000000,0.648747,0.000296,,fourier:fourier::None:29.99739595199997:12:None:binary:0,fourier,,,29.997396,12
rice_X_12,frame_00000.png,frame_00119.png,,,,0,decode失敗,QR未検出,0.000000,0.000000,0.648747,0.000284,,fourier:fourier::None:10.00260404800003:4:None:binary:0,fourier,,,10.002604,4
rice_X_12,frame_00000.png,frame_00119.png,rice_X_12/rgb_max_fourier_f150_th8/00000-00119-FRAME_rgbmax_scale1.00.png,,,0,decode失敗,QR未検出,0.000000,0.000000,0.648668,0.000324,,fourier:fourier::None:10.00260404800003:8:None:binary:0,fourier,,,10.002604,8
rice_X_12,frame_00000.png,frame_00119.png,,,,0,decode失敗,QR未検出,0.000000,0.000000,0.648656,0.000330,,fourier:fourier::None:10.00260404800003:12:None:binary:0,fourier,,,10.002604,12
rice_X_12,frame_00000.png,frame_00119.png,,,,0,decode失敗,QR未検出,0.000000,0.000000,0.648747,0.000284,,fourier:fourier::None:15.0:4:None:binary:0,fourier,,,15.000000,4
rice_X_12,frame_00000.png,frame_00119.png,rice_X_12/rgb_max_fourier_f150_th8/00000-00119-FRAME_rgbmax_scale1.00.png,,,0,decode失敗,QR未検出,0.000000,0.000000,0.648747,0.000284,,fourier:fourier::None:15.0:8:None:binary:0,fourier,,,15.000000,8
rice_X_12,frame_00000.png,frame_00119.png,,,,0,decode失敗,QR未検出,0.000000,0.000000,0.648656,0.000330,,fourier:fourier::None:15.0:12:None:binary:0,fourier,,,15.000000,12
rice_X_12,frame_00000.png,frame_00119.png,,,,0,decode失敗,QR未検出,0.000000,0.000000,0.648747,0.000284,,fourier:fourier::None:29.99739595199997:4:None:binary:0,fourier,,,29.997396,4
rice_X_12,frame_00000.png,frame_00119.png,rice_X_12/rgb_max_fourier_f150_th8/00000-00119-FRAME_rgbmax_scale1.00.png,,,0,decode失敗,QR未検出,0.000000,0.000000,0.648656,0.000349,,fourier:fourier::None:29.99739595199997:8:None:binary:0,fourier,,,29.997396,8
rice_X_12,frame_00000.png,frame_00119.png,,,,0,decode失敗,QR未検出,0.000000,0.000000,0.648654,0.000610,,fourier:fourier::None:29.99739595199997:12:None:binary:0,fourier,,,29.997396,12
nagaoka_fireworks_X_4,frame_00000.png,frame_00119.png,nagaoka_fireworks_X_4/rgb_max_fourier_f150_th4/00000-00119-FRAME_rgbmax_scale1.00.png,,,0,decode失敗,QR未検出,0.000274,0.020568,0.644260,0.012642,,fourier:fourier::None:10.00260404800003:4:None:binary:0,fourier,,,10.002604,4
nagaoka_fireworks_X_4,frame_00000.png,frame_00119.png,,,,0,decode失敗,QR未検出,0.000274,0.019490,0.644001,0.012797,,fourier:fourier::None:10.00260404800003:8:None:binary:0,fourier,,,10.002604,8
nagaoka_fireworks_X_4,frame_00000.png,frame_00119.png,,,,0,decode失敗,QR未検出,0.000274,0.019490,0.644001,0.012797,,fourier:fourier::None:10.00260404800003:12:None:binary:0,fourier,,,10.002604,12
nagaoka_fireworks_X_4,frame_00000.png,frame_00119.png,nagaoka_fireworks_X_4/rgb_max_fourier_f150_th4/00000-00119-FRAME_rgbmax_scale1.00.png,,,0,decode失敗,QR未検出,0.000274,0.020568,0.644260,0.012642,,fourier:fourier::None:15.0:4:None:binary:0,fourier,,,15.000000,4
nagaoka_fireworks_X_4,frame_00000.png,frame_00119.png,,,,0,decode失敗,QR未検出,0.000274,0.019490,0.644001,0.012797,,fourier:fourier::None:15.0:8:None:binary:0,fourier,,,15.000000,8
nagaoka_fireworks_X_4,frame_00000.png,frame_00119.png,,,,0,decode失敗,QR未検出,0.000274,0.017986,0.643589,0.013110,,fourier:fourier::None:15.0:12:None:binary:0,fourier,,,15.000000,12
nagaoka_fireworks_X_4,frame_00000.png,frame_00119.png,nagaoka_fireworks_X_4/rgb_max_fourier_f150_th4/00000-00119-FRAME_rgbmax_scale1.00.png,,,0,decode失敗,QR未検出,0.000274,0.020568,0.644260,0.012642,,fourier:fourier::None:29.99739595199997:4:None:binary:0,fourier,,,29.997396,4
nagaoka_fireworks_X_4,frame_00000.png,frame_00119.png,,,,0,decode失敗,QR未検出,0.000274,0.019490,0.644001,0.012797,,fourier:fourier::None:29.99739595199997:8:None:binary:0,fourier,,,29.997396,8
nagaoka_fireworks_X_4,frame_00000.png,frame_00119.png,,,,0,decode失敗,QR未検出,0.000274,0.017198,0.643344,0.014013,,fourier:fourier::None:29.99739595199997:12:None:binary:0,fourier,,,29.997396,12
nagaoka_fireworks_X_8,frame_00000.png,frame_00119.png,nagaoka_fireworks_X_8/rgb_max_fourier_f100_th4/00000-00119-FRAME_rgbmax_scale1.00.png,,,0,decode失敗,QR未検出,0.000035,0.002465,0.643802,0.013031,,fourier:fourier::None:10.00260404800003:4:None:binary:0,fourier,,,10.002604,4
nagaoka_fireworks_X_8,frame_00000.png,frame_00119.png,,,,0,decode失敗,QR未検出,0.000035,0.002465,0.643802,0.013031,,fourier:fourier::None:10.00260404800003:8:None:binary:0,fourier,,,10.002604,8
nagaoka_fireworks_X_8,frame_00000.png,frame_00119.png,,,,0,decode失敗,QR未検出,0.000035,0.002329,0.643512,0.013342,,fourier:fourier::None:10.00260404800003:12:None:binary:0,fourier,,,10.002604,12
nagaoka_fireworks_X_8,frame_00000.png,frame_00119.png,nagaoka_fireworks_X_8/rgb_max_fourier_f100_th4/00000-00119-FRAME_rgbmax_scale1.00.png,,,0,decode失敗,QR未検出,0.000035,0.002465,0.643802,0.013031,,fourier:fourier::None:15.0:4:None:binary:0,fourier,,,15.000000,4
nagaoka_fireworks_X_8,frame_00000.png,frame_00119.png,,,,0,decode失敗,QR未検出,0.000035,0.002329,0.643512,0.013342,,fourier:fourier::None:15.0:8:None:binary:0,fourier,,,15.000000,8
nagaoka_fireworks_X_8,frame_00000.png,frame_00119.png,,,,0,decode失敗,QR未検出,0.000035,0.002329,0.643512,0.013414,,fourier:fourier::None:15.0:12:None:binary:0,fourier,,,15.000000,12
nagaoka_fireworks_X_8,frame_00000.png,frame_00119.png,nagaoka_fireworks_X_8/rgb_max_fourier_f100_th4/00000-00119-FRAME_rgbmax_scale1.00.png,,,0,decode失敗,QR未検出,0.000035,0.002410,0.643690,0.013088,,fourier:fourier::None:29.99739595199997:4:None:binary:0,fourier,,,29.997396,4
nagaoka_fireworks_X_8,frame_00000.png,frame_00119.png,,,,0,decode失敗,QR未検出,0.000184,0.011882,0.643428,0.013505,,fourier:fourier::None:29.99739595199997:8:None:binary:0,fourier,,,29.997396,8
nagaoka_fireworks_X_8,frame_00000.png,frame_00119.png,,,,0,decode失敗,QR未検出,0.000448,0.023666,0.642407,0.015208,,fourier:fourier::None:29.99739595199997:12:None:binary:0,fourier,,,29.997396,12
nagaoka_fireworks_X_12,frame_00000.png,frame_00119.png,,,,0,decode失敗,QR未検出,0.000000,0.000000,0.644113,0.011020,,fourier:fourier::None:10.00260404800003:4:None:binary:0,fourier,,,10.002604,4
nagaoka_fireworks_X_12,frame_00000.png,frame_00119.png,,,,0,decode失敗,QR未検出,0.000000,0.000000,0.644113,0.011152,,fourier:fourier::None:10.00260404800003:8:None:binary:0,fourier,,,10.002604,8
nagaoka_fireworks_X_12,frame_00000.png,frame_00119.png,nagaoka_fireworks_X_12/rgb_max_fourier_f100_th12/00000-00119-FRAME_rgbmax_scale1.00.png,,,0,decode失敗,QR未検出,0.000000,0.000000,0.644113,0.011152,,fourier:fourier::None:10.00260404800003:12:None:binary:0,fourier,,,10.002604,12
nagaoka_fireworks_X_12,frame_00000.png,frame_00119.png,,,,0,decode失敗,QR未検出,0.000000,0.000000,0.644113,0.011020,,fourier:fourier::None:15.0:4:None:binary:0,fourier,,,15.000000,4
nagaoka_fireworks_X_12,frame_00000.png,frame_00119.png,,,,0,decode失敗,QR未検出,0.000000,0.000000,0.644113,0.011020,,fourier:fourier::None:15.0:8:None:binary:0,fourier,,,15.000000,8
nagaoka_fireworks_X_12,frame_00000.png,frame_00119.png,nagaoka_fireworks_X_12/rgb_max_fourier_f100_th12/00000-00119-FRAME_rgbmax_scale1.00.png,,,0,decode失敗,QR未検出,0.000000,0.000000,0.644113,0.011152,,fourier:fourier::None:15.0:12:None:binary:0,fourier,,,15.000000,12
nagaoka_fireworks_X_12,frame_00000.png,frame_00119.png,,,,0,decode失敗,QR未検出,0.000000,0.000000,0.644113,0.011020,,fourier:fourier::None:29.99739595199997:4:None:binary:0,fourier,,,29.997396,4
nagaoka_fireworks_X_12,frame_00000.png,frame_00119.png,,,,0,decode失敗,QR未検出,0.000000,0.000000,0.644113,0.011167,,fourier:fourier::None:29.99739595199997:8:None:binary:0,fourier,,,29.997396,8
nagaoka_fireworks_X_12,frame_00000.png,frame_00119.png,nagaoka_fireworks_X_12/rgb_max_fourier_f100_th12/00000-00119-FRAME_rgbmax_scale1.00.png,,,0,decode失敗,QR未検出,0.000000,0.000000,0.643854,0.012553,,fourier:fourier::None:29.99739595199997:12:None:binary:0,fourier,,,29.997396,12
hocho_X_4,frame_00000.png,frame_00119.png,hocho_X_4/rgb_max_fourier_f150_th4/00000-00119-FRAME_rgbmax_scale1.00.png,,,0,decode失敗,QR未検出,0.000000,0.000000,0.648594,0.000617,,fourier:fourier::None:10.00260404800003:4:None:binary:0,fourier,,,10.002604,4
hocho_X_4,frame_00000.png,frame_00119.png,,,,0,decode失敗,QR未検出,0.000000,0.000000,0.648594,0.000628,,fourier:fourier::None:10.00260404800003:8:None:binary:0,fourier,,,10.002604,8
hocho_X_4,frame_00000.png,frame_00119.png,,,,0,decode失敗,QR未検出,0.000000,0.000000,0.648594,0.000628,,fourier:fourier::None:10.00260404800003:12:None:binary:0,fourier,,,10.002604,12
hocho_X_4,frame_00000.png,frame_00119.png,hocho_X_4/rgb_max_fourier_f150_th4/00000-00119-FRAME_rgbmax_scale1.00.png,,,0,decode失敗,QR未検出,0.000000,0.000000,0.648594,0.000619,,fourier:fourier::None:15.0:4:None:binary:0,fourier,,,15.000000,4
hocho_X_4,frame_00000.png,frame_00119.png,,,,0,decode失敗,QR未検出,0.000000,0.000000,0.648594,0.000636,,fourier:fourier::None:15.0:8:None:binary:0,fourier,,,15.000000,8
hocho_X_4,frame_00000.png,frame_00119.png,,,,0,decode失敗,QR未検出,0.000000,0.000000,0.648594,0.000646,,fourier:fourier::None:15.0:12:None:binary:0,fourier,,,15.000000,12
hocho_X_4,frame_00000.png,frame_00119.png,hocho_X_4/rgb_max_fourier_f150_th4/00000-00119-FRAME_rgbmax_scale1.00.png,,,0,decode失敗,QR未検出,0.000000,0.000000,0.648594,0.000619,,fourier:fourier::None:29.99739595199997:4:None:binary:0,fourier,,,29.997396,4
hocho_X_4,frame_00000.png,frame_00119.png,,,,0,decode失敗,QR未検出,0.000000,0.000000,0.648594,0.000646,,fourier:fourier::None:29.99739595199997:8:None:binary:0,fourier,,,29.997396,8
hocho_X_4,frame_00000.png,frame_00119.png,,,,0,decode失敗,QR未検出,0.000000,0.000000,0.648594,0.000656,,fourier:fourier::None:29.99739595199997:12:None:binary:0,fourier,,,29.997396,12
hocho_X_8,frame_00000.png,frame_00119.png,,,,0,decode失敗,QR未検出,0.000000,0.000000,0.648747,0.000653,,fourier:fourier::None:10.00260404800003:4:None:binary:0,fourier,,,10.002604,4
hocho_X_8,frame_00000.png,frame_00119.png,hocho_X_8/rgb_max_fourier_f150_th8/00000-00119-FRAME_rgbmax_scale1.00.png,,,0,decode失敗,QR未検出,0.000000,0.000000,0.648747,0.000659,,fourier:fourier::None:10.00260404800003:8:None:binary:0,fourier,,,10.002604,8
hocho_X_8,frame_00000.png,frame_00119.png,,,,0,decode失敗,QR未検出,0.000000,0.000000,0.648747,0.000659,,fourier:fourier::None:10.00260404800003:12:None:binary:0,fourier,,,10.002604,12
hocho_X_8,frame_00000.png,frame_00119.png,,,,0,decode失敗,QR未検出,0.000000,0.000000,0.648747,0.000653,,fourier:fourier::None:15.0:4:None:binary:0,fourier,,,15.000000,4
hocho_X_8,frame_00000.png,frame_00119.png,hocho_X_8/rgb_max_fourier_f150_th8/00000-00119-FRAME_rgbmax_scale1.00.png,,,0,decode失敗,QR未検出,0.000000,0.000000,0.648747,0.000653,,fourier:fourier::None:15.0:8:None:binary:0,fourier,,,15.000000,8
hocho_X_8,frame_00000.png,frame_00119.png,,,,0,decode失敗,QR未検出,0.000000,0.000000,0.648747,0.000659,,fourier:fourier::None:15.0:12:None:binary:0,fourier,,,15.000000,12
hocho_X_8,frame_00000.png,frame_00119.png,,,,0,decode失敗,QR未検出,0.000000,0.000000,0.648747,0.000653,,fourier:fourier::None:29.99739595199997:4:None:binary:0,fourier,,,29.997396,4
hocho_X_8,frame_00000.png,frame_00119.png,hocho_X_8/rgb_max_fourier_f150_th8/00000-00119-FRAME_rgbmax_scale1.00.png,,,0,decode失敗,QR未検出,0.000000,0.000000,0.648747,0.000659,,fourier:fourier::None:29.99739595199997:8:None:binary:0,fourier,,,29.997396,8
hocho_X_8,frame_00000.png,frame_00119.png,,,,0,decode失敗,QR未検出,0.000000,0.000000,0.648747,0.000666,,fourier:fourier::None:29.99739595199997:12:None:binary:0,fourier,,,29.997396,12
hocho_X_12,frame_00000.png,frame_00119.png,,,,0,decode失敗,QR未検出,0.000000,0.000000,0.648747,0.000559,,fourier:fourier::None:10.00260404800003:4:None:binary:0,fourier,,,10.002604,4
hocho_X_12,frame_00000.png,frame_00119.png,,,,0,decode失敗,QR未検出,0.000000,0.000000,0.648747,0.000559,,fourier:fourier::None:10.00260404800003:8:None:binary:0,fourier,,,10.002604,8
hocho_X_12,frame_00000.png,frame_00119.png,hocho_X_12/rgb_max_fourier_f100_th12/00000-00119-FRAME_rgbmax_scale1.00.png,,,0,decode失敗,QR未検出,0.000000,0.000000,0.648747,0.000561,,fourier:fourier::None:10.00260404800003:12:None:binary:0,fourier,,,10.002604,12
hocho_X_12,frame_00000.png,frame_00119.png,,,,0,decode失敗,QR未検出,0.000000,0.000000,0.648747,0.000559,,fourier:fourier::None:15.0:4:None:binary:0,fourier,,,15.000000,4
hocho_X_12,frame_00000.png,frame_00119.png,,,,0,decode失敗,QR未検出,0.000000,0.000000,0.648747,0.000563,,fourier:fourier::None:15.0:8:None:binary:0,fourier,,,15.000000,8
hocho_X_12,frame_00000.png,frame_00119.png,hocho_X_12/rgb_max_fourier_f100_th12/00000-00119-FRAME_rgbmax_scale1.00.png,,,0,decode失敗,QR未検出,0.000000,0.000000,0.648747,0.000563,,fourier:fourier::None:15.0:12:None:binary:0,fourier,,,15.000000,12
hocho_X_12,frame_00000.png,frame_00119.png,,,,0,decode失敗,QR未検出,0.000000,0.000000,0.648747,0.000559,,fourier:fourier::None:29.99739595199997:4:None:binary:0,fourier,,,29.997396,4
hocho_X_12,frame_00000.png,frame_00119.png,,,,0,decode失敗,QR未検出,0.000000,0.000000,0.648747,0.000563,,fourier:fourier::None:29.99739595199997:8:None:binary:0,fourier,,,29.997396,8
hocho_X_12,frame_00000.png,frame_00119.png,hocho_X_12/rgb_max_fourier_f100_th12/00000-00119-FRAME_rgbmax_scale1.00.png,,,0,decode失敗,QR未検出,0.000000,0.000000,0.648747,0.000583,,fourier:fourier::None:29.99739595199997:12:None:binary:0,fourier,,,29.997396,12
ex_X_4,frame_00000.png,frame_00119.png,ex_X_4/rgb_max_fourier_f300_th4/00000-00119-FRAME_rgbmax_scale1.00.png,,,0,decode失敗,QR未検出,0.000000,0.000000,0.648731,0.000008,,fourier:fourier::None:10.00260404800003:4:None:binary:0,fourier,,,10.002604,4
ex_X_4,frame_00000.png,frame_00119.png,,,,0,decode失敗,QR未検出,0.000000,0.000000,0.648731,0.000008,,fourier:fourier::None:10.00260404800003:8:None:binary:0,fourier,,,10.002604,8
ex_X_4,frame_00000.png,frame_00119.png,,,,0,decode失敗,QR未検出,0.000000,0.000000,0.648731,0.000008,,fourier:fourier::None:10.00260404800003:12:None:binary:0,fourier,,,10.002604,12
ex_X_4,frame_00000.png,frame_00119.png,ex_X_4/rgb_max_fourier_f300_th4/00000-00119-FRAME_rgbmax_scale1.00.png,,,0,decode失敗,QR未検出,0.000000,0.000000,0.648731,0.000008,,fourier:fourier::None:15.0:4:None:binary:0,fourier,,,15.000000,4
ex_X_4,frame_00000.png,frame_00119.png,,,,0,decode失敗,QR未検出,0.000000,0.000000,0.648731,0.000008,,fourier:fourier::None:15.0:8:None:binary:0,fourier,,,15.000000,8
ex_X_4,frame_00000.png,frame_00119.png,,,,0,decode失敗,QR未検出,0.000000,0.000000,0.648731,0.000008,,fourier:fourier::None:15.0:12:None:binary:0,fourier,,,15.000000,12
ex_X_4,frame_00000.png,frame_00119.png,ex_X_4/rgb_max_fourier_f300_th4/00000-00119-FRAME_rgbmax_scale1.00.png,,,0,decode失敗,QR未検出,0.000000,0.000000,0.648731,0.000008,,fourier:fourier::None:29.99739595199997:4:None:binary:0,fourier,,,29.997396,4
ex_X_4,frame_00000.png,frame_00119.png,,,,0,decode失敗,QR未検出,0.000000,0.000000,0.648731,0.000008,,fourier:fourier::None:29.99739595199997:8:None:binary:0,fourier,,,29.997396,8
ex_X_4,frame_00000.png,frame_00119.png,,,,0,decode失敗,QR未検出,0.000000,0.000000,0.648654,0.000058,,fourier:fourier::None:29.99739595199997:12:None:binary:0,fourier,,,29.997396,12
ex_X_8,frame_00000.png,frame_00119.png,,,,0,decode失敗,QR未検出,0.000105,0.165354,0.648598,0.000133,,fourier:fourier::None:10.00260404800003:4:None:binary:0,fourier,,,10.002604,4
ex_X_8,frame_00000.png,frame_00119.png,,,,0,decode失敗,QR未検出,0.000105,0.165354,0.648598,0.000133,,fourier:fourier::None:10.00260404800003:8:None:binary:0,fourier,,,10.002604,8
ex_X_8,frame_00000.png,frame_00119.png,ex_X_8/rgb_max_fourier_f150_th12/00000-00119-FRAME_rgbmax_scale1.00.png,,,0,decode失敗,QR未検出,0.000105,0.165354,0.648598,0.000133,,fourier:fourier::None:10.00260404800003:12:None:binary:0,fourier,,,10.002604,12
ex_X_8,frame_00000.png,frame_00119.png,,,,0,decode失敗,QR未検出,0.000105,0.165354,0.648598,0.000133,,fourier:fourier::None:15.0:4:None:binary:0,fourier,,,15.000000,4
ex_X_8,frame_00000.png,frame_00119.png,,,,0,decode失敗,QR未検出,0.000105,0.165354,0.648598,0.000133,,fourier:fourier::None:15.0:8:None:binary:0,fourier,,,15.000000,8
ex_X_8,frame_00000.png,frame_00119.png,ex_X_8/rgb_max_fourier_f150_th12/00000-00119-FRAME_rgbmax_scale1.00.png,,,0,decode失敗,QR未検出,0.000105,0.165354,0.648598,0.000133,,fourier:fourier::None:15.0:12:None:binary:0,fourier,,,15.000000,12
ex_X_8,frame_00000.png,frame_00119.png,,,,0,decode失敗,QR未検出,0.000105,0.165354,0.648598,0.000133,,fourier:fourier::None:29.99739595199997:4:None:binary:0,fourier,,,29.997396,4
ex_X_8,frame_00000.png,frame_00119.png,,,,0,decode失敗,QR未検出,0.000105,0.165354,0.648598,0.000149,,fourier:fourier::None:29.99739595199997:8:None:binary:0,fourier,,,29.997396,8
ex_X_8,frame_00000.png,frame_00119.png,ex_X_8/rgb_max_fourier_f150_th12/00000-00119-FRAME_rgbmax_scale1.00.png,,,0,decode失敗,QR未検出,0.000105,0.165354,0.648598,0.000359,,fourier:fourier::None:29.99739595199997:12:None:binary:0,fourier,,,29.997396,12
ex_X_12,frame_00000.png,frame_00119.png,ex_X_12/rgb_max_fourier_f300_th4/00000-00119-FRAME_rgbmax_scale1.00.png,,,0,decode失敗,QR未検出,0.000000,0.000000,0.648698,0.000035,,fourier:fourier::None:10.00260404800003:4:None:binary:0,fourier,,,10.002604,4
ex_X_12,frame_00000.png,frame_00119.png,,,,0,decode失敗,QR未検出,0.000000,0.000000,0.648698,0.000035,,fourier:fourier::None:10.00260404800003:8:None:binary:0,fourier,,,10.002604,8
ex_X_12,frame_00000.png,frame_00119.png,,,,0,decode失敗,QR未検出,0.000000,0.000000,0.648698,0.000035,,fourier:fourier::None:10.00260404800003:12:None:binary:0,fourier,,,10.002604,12
ex_X_12,frame_00000.png,frame_00119.png,ex_X_12/rgb_max_fourier_f300_th4/00000-00119-FRAME_rgbmax_scale1.00.png,,,0,decode失敗,QR未検出,0.000000,0.000000,0.648698,0.000035,,fourier:fourier::None:15.0:4:None:binary:0,fourier,,,15.000000,4
ex_X_12,frame_00000.png,frame_00119.png,,,,0,decode失敗,QR未検出,0.000000,0.000000,0.648698,0.000035,,fourier:fourier::None:15.0:8:None:binary:0,fourier,,,15.000000,8
ex_X_12,frame_00000.png,frame_00119.png,,,,0,decode失敗,QR未検出,0.000000,0.000000,0.648698,0.000035,,fourier:fourier::None:15.0:12:None:binary:0,fourier,,,15.000000,12
ex_X_12,frame_00000.png,frame_00119.png,ex_X_12/rgb_max_fourier_f300_th4/00000-00119-FRAME_rgbmax_scale1.00.png,,,0,decode失敗,QR未検出,0.000000,0.000000,0.648698,0.000035,,fourier:fourier::None:29.99739595199997:4:None:binary:0,fourier,,,29.997396,4
ex_X_12,frame_00000.png,frame_00119.png,,,,0,decode失敗,QR未検出,0.000000,0.000000,0.648698,0.000041,,fourier:fourier::None:29.99739595199997:8:None:binary:0,fourier,,,29.997396,8
ex_X_12,frame_00000.png,frame_00119.png,,,,0,decode失敗,QR未検出,0.000000,0.000000,0.648698,0.000084,,fourier:fourier::None:29.99739595199997:12:None:binary:0,fourier,,,29.997396,12
