folder,pass,adopted,decode_success,decode_note,decode_variant,diff_mode,repr_mode,window_n,stat_kind,fft_target_hz,diff_threshold,phase_steps,n_maps,pixel_acc_all,pixel_acc_ok,pixel_acc_best,best_pair_frame_1,best_pair_frame_2,video,display_rate,exposure,fluorescent,camera_fps,rate_hz,exposure_denom,fluorescent_flag,cond,image,channel,token,intensity,decode_decoded_text,decode_method,decode_frame_1,decode_frame_2,note,analysis_frames,extract_sec
rice_R_4,lockin,0,0,QR未検出,,lockin,binary,,,10.002604,4,8,1,0.628858,,0.628858,frame_00000.png,frame_00119.png,r120_e250_f1.mp4,120 Hz,1/250,蛍光灯あり,60.003 fps,120,250,1,0,rice,R,R,4,,,frame_00000.png,frame_00119.png,,120,1.999913
rice_R_4,lockin,0,0,QR未検出,,lockin,binary,,,15.000000,4,8,1,0.612462,,0.612462,frame_00000.png,frame_00119.png,r120_e250_f1.mp4,120 Hz,1/250,蛍光灯あり,60.003 fps,120,250,1,0,rice,R,R,4,,,frame_00000.png,frame_00119.png,,120,1.999913
rice_R_4,lockin,0,0,QR未検出,,lockin,binary,,,29.997396,12,8,1,0.612019,,0.612019,frame_00000.png,frame_00119.png,r120_e250_f1.mp4,120 Hz,1/250,蛍光灯あり,60.003 fps,120,250,1,0,rice,R,R,4,,,frame_00000.png,frame_00119.png,,120,1.999913
rice_R_4,lockin,0,0,QR未検出,,lockin,binary,,,10.002604,8,8,1,0.587966,,0.587966,frame_00000.png,frame_00119.png,r120_e250_f1.mp4,120 Hz,1/250,蛍光灯あり,60.003 fps,120,250,1,0,rice,R,R,4,,,frame_00000.png,frame_00119.png,,120,1.999913
rice_R_4,lockin,0,0,QR未検出,,lockin,binary,,,29.997396,4,8,1,0.587489,,0.587489,frame_00000.png,frame_00119.png,r120_e250_f1.mp4,120 Hz,1/250,蛍光灯あり,60.003 fps,120,250,1,0,rice,R,R,4,,,frame_00000.png,frame_00119.png,,120,1.999913
rice_R_4,lockin,0,0,QR未検出,,lockin,binary,,,15.000000,12,8,1,0.559305,,0.559305,frame_00000.png,frame_00119.png,r120_e250_f1.mp4,120 Hz,1/250,蛍光灯あり,60.003 fps,120,250,1,0,rice,R,R,4,,,frame_00000.png,frame_00119.png,,120,1.999913
rice_R_4,lockin,0,0,QR未検出,,lockin,binary,,,15.000000,8,8,1,0.550371,,0.550371,frame_00000.png,frame_00119.png,r120_e250_f1.mp4,120 Hz,1/250,蛍光灯あり,60.003 fps,120,250,1,0,rice,R,R,4,,,frame_00000.png,frame_00119.png,,120,1.999913
rice_R_4,lockin,0,0,QR未検出,,lockin,binary,,,29.997396,8,8,1,0.531279,,0.531279,frame_00000.png,frame_00119.png,r120_e250_f1.mp4,120 Hz,1/250,蛍光灯あり,60.003 fps,120,250,1,0,rice,R,R,4,,,frame_00000.png,frame_00119.png,,120,1.999913
rice_R_4,lockin,0,0,QR未検出,,lockin,binary,,,10.002604,12,8,1,0.520520,,0.520520,frame_00000.png,frame_00119.png,r120_e250_f1.mp4,120 Hz,1/250,蛍光灯あり,60.003 fps,120,250,1,0,rice,R,R,4,,,frame_00000.png,frame_00119.png,,120,1.999913
rice_R_8,lockin,0,0,QR未検出,,lockin,binary,,,10.002604,4,8,1,0.632163,,0.632163,frame_00000.png,frame_00119.png,r120_e250_f1.mp4,120 Hz,1/250,蛍光灯あり,60.003 fps,120,250,1,1,rice,R,R,8,,,frame_00000.png,frame_00119.png,,120,1.999913
rice_R_8,lockin,0,0,QR未検出,,lockin,binary,,,29.997396,12,8,1,0.624972,,0.624972,frame_00000.png,frame_00119.png,r120_e250_f1.mp4,120 Hz,1/250,蛍光灯あり,60.003 fps,120,250,1,1,rice,R,R,8,,,frame_00000.png,frame_00119.png,,120,1.999913
rice_R_8,lockin,0,0,QR未検出,,lockin,binary,,,15.000000,4,8,1,0.620313,,0.620313,frame_00000.png,frame_00119.png,r120_e250_f1.mp4,120 Hz,1/250,蛍光灯あり,60.003 fps,120,250,1,1,rice,R,R,8,,,frame_00000.png,frame_00119.png,,120,1.999913
rice_R_8,lockin,0,0,QR未検出,,lockin,binary,,,10.002604,8,8,1,0.598167,,0.598167,frame_00000.png,frame_00119.png,r120_e250_f1.mp4,120 Hz,1/250,蛍光灯あり,60.003 fps,120,250,1,1,rice,R,R,8,,,frame_00000.png,frame_00119.png,,120,1.999913
rice_R_8,lockin,0,0,QR未検出,,lockin,binary,,,29.997396,4,8,1,0.578992,,0.578992,frame_00000.png,frame_00119.png,r120_e250_f1.mp4,120 Hz,1/250,蛍光灯あり,60.003 fps,120,250,1,1,rice,R,R,8,,,frame_00000.png,frame_00119.png,,120,1.999913
rice_R_8,lockin,0,0,QR未検出,,lockin,binary,,,29.997396,8,8,1,0.565565,,0.565565,frame_00000.png,frame_00119.png,r120_e250_f1.mp4,120 Hz,1/250,蛍光灯あり,60.003 fps,120,250,1,1,rice,R,R,8,,,frame_00000.png,frame_00119.png,,120,1.999913
rice_R_8,lockin,0,0,QR未検出,,lockin,binary,,,15.000000,8,8,1,0.563135,,0.563135,frame_00000.png,frame_00119.png,r120_e250_f1.mp4,120 Hz,1/250,蛍光灯あり,60.003 fps,120,250,1,1,rice,R,R,8,,,frame_00000.png,frame_00119.png,,120,1.999913
rice_R_8,lockin,0,0,QR未検出,,lockin,binary,,,10.002604,12,8,1,0.543693,,0.543693,frame_00000.png,frame_00119.png,r120_e250_f1.mp4,120 Hz,1/250,蛍光灯あり,60.003 fps,120,250,1,1,rice,R,R,8,,,frame_00000.png,frame_00119.png,,120,1.999913
rice_R_8,lockin,0,0,QR未検出,,lockin,binary,,,15.000000,12,8,1,0.527906,,0.527906,frame_00000.png,frame_00119.png,r120_e250_f1.mp4,120 Hz,1/250,蛍光灯あり,60.003 fps,120,250,1,1,rice,R,R,8,,,frame_00000.png,frame_00119.png,,120,1.999913
rice_R_12,lockin,0,0,QR未検出,,lockin,binary,,,29.997396,12,8,1,0.641183,,0.641183,frame_00000.png,frame_00119.png,r120_e250_f1.mp4,120 Hz,1/250,蛍光灯あり,60.003 fps,120,250,1,2,rice,R,R,12,,,frame_00000.png,frame_00119.png,,120,1.999913
rice_R_12,lockin,0,0,QR未検出,,lockin,binary,,,10.002604,4,8,1,0.635258,,0.635258,frame_00000.png,frame_00119.png,r120_e250_f1.mp4,120 Hz,1/250,蛍光灯あり,60.003 fps,120,250,1,2,rice,R,R,12,,,frame_00000.png,frame_00119.png,,120,1.999913
rice_R_12,lockin,0,0,QR未検出,,lockin,binary,,,15.000000,4,8,1,0.631574,,0.631574,frame_00000.png,frame_00119.png,r120_e250_f1.mp4,120 Hz,1/250,蛍光灯あり,60.003 fps,120,250,1,2,rice,R,R,12,,,frame_00000.png,frame_00119.png,,120,1.999913
rice_R_12,lockin,0,0,QR未検出,,lockin,binary,,,29.997396,8,8,1,0.604154,,0.604154,frame_00000.png,frame_00119.png,r120_e250_f1.mp4,120 Hz,1/250,蛍光灯あり,60.003 fps,120,250,1,2,rice,R,R,12,,,frame_00000.png,frame_00119.png,,120,1.999913
rice_R_12,lockin,0,0,QR未検出,,lockin,binary,,,10.002604,8,8,1,0.588833,,0.588833,frame_00000.png,frame_00119.png,r120_e250_f1.mp4,120 Hz,1/250,蛍光灯あり,60.003 fps,120,250,1,2,rice,R,R,12,,,frame_00000.png,frame_00119.png,,120,1.999913
rice_R_12,lockin,0,0,QR未検出,,lockin,binary,,,15.000000,8,8,1,0.586268,,0.586268,frame_00000.png,frame_00119.png,r120_e250_f1.mp4,120 Hz,1/250,蛍光灯あり,60.003 fps,120,250,1,2,rice,R,R,12,,,frame_00000.png,frame_00119.png,,120,1.999913
rice_R_12,lockin,0,0,QR未検出,,lockin,binary,,,29.997396,4,8,1,0.543420,,0.543420,frame_00000.png,frame_00119.png,r120_e250_f1.mp4,120 Hz,1/250,蛍光灯あり,60.003 fps,120,250,1,2,rice,R,R,12,,,frame_00000.png,frame_00119.png,,120,1.999913
rice_R_12,lockin,0,0,QR未検出,,lockin,binary,,,15.000000,12,8,1,0.519792,,0.519792,frame_00000.png,frame_00119.png,r120_e250_f1.mp4,120 Hz,1/250,蛍光灯あり,60.003 fps,120,250,1,2,rice,R,R,12,,,frame_00000.png,frame_00119.png,,120,1.999913
rice_R_12,lockin,0,0,QR未検出,,lockin,binary,,,10.002604,12,8,1,0.504974,,0.504974,frame_00000.png,frame_00119.png,r120_e250_f1.mp4,120 Hz,1/250,蛍光灯あり,60.003 fps,120,250,1,2,rice,R,R,12,,,frame_00000.png,frame_00119.png,,120,1.999913
nagaoka_fireworks_R_4,lockin,0,0,QR未検出,,lockin,binary,,,29.997396,12,8,1,0.614563,,0.614563,frame_00000.png,frame_00119.png,r120_e250_f1.mp4,120 Hz,1/250,蛍光灯あり,60.003 fps,120,250,1,3,nagaoka_fireworks,R,R,4,,,frame_00000.png,frame_00119.png,,120,1.999913
nagaoka_fireworks_R_4,lockin,0,0,QR未検出,,lockin,binary,,,10.002604,12,8,1,0.583080,,0.583080,frame_00000.png,frame_00119.png,r120_e250_f1.mp4,120 Hz,1/250,蛍光灯あり,60.003 fps,120,250,1,3,nagaoka_fireworks,R,R,4,,,frame_00000.png,frame_00119.png,,120,1.999913
nagaoka_fireworks_R_4,lockin,0,0,QR未検出,,lockin,binary,,,15.000000,12,8,1,0.577944,,0.577944,frame_00000.png,frame_00119.png,r120_e250_f1.mp4,120 Hz,1/250,蛍光灯あり,60.003 fps,120,250,1,3,nagaoka_fireworks,R,R,4,,,frame_00000.png,frame_00119.png,,120,1.999913
nagaoka_fireworks_R_4,lockin,0,0,QR未検出,,lockin,binary,,,29.997396,8,8,1,0.565492,,0.565492,frame_00000.png,frame_00119.png,r120_e250_f1.mp4,120 Hz,1/250,蛍光灯あり,60.003 fps,120,250,1,3,nagaoka_fireworks,R,R,4,,,frame_00000.png,frame_00119.png,,120,1.999913
nagaoka_fireworks_R_4,lockin,0,0,QR未検出,,lockin,binary,,,10.002604,4,8,1,0.546109,,0.546109,frame_00000.png,frame_00119.png,r120_e250_f1.mp4,120 Hz,1/250,蛍光灯あり,60.003 fps,120,250,1,3,nagaoka_fireworks,R,R,4,,,frame_00000.png,frame_00119.png,,120,1.999913
nagaoka_fireworks_R_4,lockin,0,0,QR未検出,,lockin,binary,,,15.000000,4,8,1,0.544779,,0.544779,frame_00000.png,frame_00119.png,r120_e250_f1.mp4,120 Hz,1/250,蛍光灯あり,60.003 fps,120,250,1,3,nagaoka_fireworks,R,R,4,,,frame_00000.png,frame_00119.png,,120,1.999913
nagaoka_fireworks_R_4,lockin,0,0,QR未検出,,lockin,binary,,,10.002604,8,8,1,0.525727,,0.525727,frame_00000.png,frame_00119.png,r120_e250_f1.mp4,120 Hz,1/250,蛍光灯あり,60.003 fps,120,250,1,3,nagaoka_fireworks,R,R,4,,,frame_00000.png,frame_00119.png,,120,1.999913
nagaoka_fireworks_R_4,lockin,0,0,QR未検出,,lockin,binary,,,15.000000,8,8,1,0.521724,,0.521724,frame_00000.png,frame_00119.png,r120_e250_f1.mp4,120 Hz,1/250,蛍光灯あり,60.003 fps,120,250,1,3,nagaoka_fireworks,R,R,4,,,frame_00000.png,frame_00119.png,,120,1.999913
nagaoka_fireworks_R_4,lockin,0,0,QR未検出,,lockin,binary,,,29.997396,4,8,1,0.513009,,0.513009,frame_00000.png,frame_00119.png,r120_e250_f1.mp4,120 Hz,1/250,蛍光灯あり,60.003 fps,120,250,1,3,nagaoka_fireworks,R,R,4,,,frame_00000.png,frame_00119.png,,120,1.999913
nagaoka_fireworks_R_8,lockin,0,0,QR未検出,,lockin,binary,,,29.997396,12,8,1,0.639206,,0.639206,frame_00000.png,frame_00119.png,r120_e250_f1.mp4,120 Hz,1/250,蛍光灯あり,60.003 fps,120,250,1,4,nagaoka_fireworks,R,R,8,,,frame_00000.png,frame_00119.png,,120,1.999913
nagaoka_fireworks_R_8,lockin,0,0,QR未検出,,lockin,binary,,,29.997396,8,8,1,0.614310,,0.614310,frame_00000.png,frame_00119.png,r120_e250_f1.mp4,120 Hz,1/250,蛍光灯あり,60.003 fps,120,250,1,4,nagaoka_fireworks,R,R,8,,,frame_00000.png,frame_00119.png,,120,1.999913
nagaoka_fireworks_R_8,lockin,0,0,QR未検出,,lockin,binary,,,10.002604,12,8,1,0.570382,,0.570382,frame_00000.png,frame_00119.png,r120_e250_f1.mp4,120 Hz,1/250,蛍光灯あり,60.003 fps,120,250,1,4,nagaoka_fireworks,R,R,8,,,frame_00000.png,frame_00119.png,,120,1.999913
nagaoka_fireworks_R_8,lockin,0,0,QR未検出,,lockin,binary,,,15.000000,4,8,1,0.566706,,0.566706,frame_00000.png,frame_00119.png,r120_e250_f1.mp4,120 Hz,1/250,蛍光灯あり,60.003 fps,120,250,1,4,nagaoka_fireworks,R,R,8,,,frame_00000.png,frame_00119.png,,120,1.999913
nagaoka_fireworks_R_8,lockin,0,0,QR未検出,,lockin,binary,,,10.002604,4,8,1,0.556791,,0.556791,frame_00000.png,frame_00119.png,r120_e250_f1.mp4,120 Hz,1/250,蛍光灯あり,60.003 fps,120,250,1,4,nagaoka_fireworks,R,R,8,,,frame_00000.png,frame_00119.png,,120,1.999913
nagaoka_fireworks_R_8,lockin,0,0,QR未検出,,lockin,binary,,,15.000000,12,8,1,0.553001,,0.553001,frame_00000.png,frame_00119.png,r120_e250_f1.mp4,120 Hz,1/250,蛍光灯あり,60.003 fps,120,250,1,4,nagaoka_fireworks,R,R,8,,,frame_00000.png,frame_00119.png,,120,1.999913
nagaoka_fireworks_R_8,lockin,0,0,QR未検出,,lockin,binary,,,29.997396,4,8,1,0.525771,,0.525771,frame_00000.png,frame_00119.png,r120_e250_f1.mp4,120 Hz,1/250,蛍光灯あり,60.003 fps,120,250,1,4,nagaoka_fireworks,R,R,8,,,frame_00000.png,frame_00119.png,,120,1.999913
nagaoka_fireworks_R_8,lockin,0,0,QR未検出,,lockin,binary,,,10.002604,8,8,1,0.509607,,0.509607,frame_00000.png,frame_00119.png,r120_e250_f1.mp4,120 Hz,1/250,蛍光灯あり,60.003 fps,120,250,1,4,nagaoka_fireworks,R,R,8,,,frame_00000.png,frame_00119.png,,120,1.999913
nagaoka_fireworks_R_8,lockin,0,0,QR未検出,,lockin,binary,,,15.000000,8,8,1,0.502799,,0.502799,frame_00000.png,frame_00119.png,r120_e250_f1.mp4,120 Hz,1/250,蛍光灯あり,60.003 fps,120,250,1,4,nagaoka_fireworks,R,R,8,,,frame_00000.png,frame_00119.png,,120,1.999913
nagaoka_fireworks_R_12,lockin,0,0,QR未検出,,lockin,binary,,,29.997396,12,8,1,0.644308,,0.644308,frame_00000.png,frame_00119.png,r120_e250_f1.mp4,120 Hz,1/250,蛍光灯あり,60.003 fps,120,250,1,5,nagaoka_fireworks,R,R,12,,,frame_00000.png,frame_00119.png,,120,1.999913
nagaoka_fireworks_R_12,lockin,0,0,QR未検出,,lockin,binary,,,29.997396,8,8,1,0.633272,,0.633272,frame_00000.png,frame_00119.png,r120_e250_f1.mp4,120 Hz,1/250,蛍光灯あり,60.003 fps,120,250,1,5,nagaoka_fireworks,R,R,12,,,frame_00000.png,frame_00119.png,,120,1.999913
nagaoka_fireworks_R_12,lockin,0,0,QR未検出,,lockin,binary,,,15.000000,12,8,1,0.596234,,0.596234,frame_00000.png,frame_00119.png,r120_e250_f1.mp4,120 Hz,1/250,蛍光灯あり,60.003 fps,120,250,1,5,nagaoka_fireworks,R,R,12,,,frame_00000.png,frame_00119.png,,120,1.999913
nagaoka_fireworks_R_12,lockin,0,0,QR未検出,,lockin,binary,,,10.002604,12,8,1,0.578221,,0.578221,frame_00000.png,frame_00119.png,r120_e250_f1.mp4,120 Hz,1/250,蛍光灯あり,60.003 fps,120,250,1,5,nagaoka_fireworks,R,R,12,,,frame_00000.png,frame_00119.png,,120,1.999913
nagaoka_fireworks_R_12,lockin,0,0,QR未検出,,lockin,binary,,,29.997396,4,8,1,0.571138,,0.571138,frame_00000.png,frame_00119.png,r120_e250_f1.mp4,120 Hz,1/250,蛍光灯あり,60.003 fps,120,250,1,5,nagaoka_fireworks,R,R,12,,,frame_00000.png,frame_00119.png,,120,1.999913
nagaoka_fireworks_R_12,lockin,0,0,QR未検出,,lockin,binary,,,10.002604,4,8,1,0.554128,,0.554128,frame_00000.png,frame_00119.png,r120_e250_f1.mp4,120 Hz,1/250,蛍光灯あり,60.003 fps,120,250,1,5,nagaoka_fireworks,R,R,12,,,frame_00000.png,frame_00119.png,,120,1.999913
nagaoka_fireworks_R_12,lockin,0,0,QR未検出,,lockin,binary,,,15.000000,4,8,1,0.541919,,0.541919,frame_00000.png,frame_00119.png,r120_e250_f1.mp4,120 Hz,1/250,蛍光灯あり,60.003 fps,120,250,1,5,nagaoka_fireworks,R,R,12,,,frame_00000.png,frame_00119.png,,120,1.999913
nagaoka_fireworks_R_12,lockin,0,0,QR未検出,,lockin,binary,,,15.000000,8,8,1,0.533148,,0.533148,frame_00000.png,frame_00119.png,r120_e250_f1.mp4,120 Hz,1/250,蛍光灯あり,60.003 fps,120,250,1,5,nagaoka_fireworks,R,R,12,,,frame_00000.png,frame_00119.png,,120,1.999913
nagaoka_fireworks_R_12,lockin,0,0,QR未検出,,lockin,binary,,,10.002604,8,8,1,0.515899,,0.515899,frame_00000.png,frame_00119.png,r120_e250_f1.mp4,120 Hz,1/250,蛍光灯あり,60.003 fps,120,250,1,5,nagaoka_fireworks,R,R,12,,,frame_00000.png,frame_00119.png,,120,1.999913
hocho_R_4,lockin,0,0,QR未検出,,lockin,binary,,,10.002604,4,8,1,0.640231,,0.640231,frame_00000.png,frame_00119.png,r120_e250_f1.mp4,120 Hz,1/250,蛍光灯あり,60.003 fps,120,250,1,6,hocho,R,R,4,,,frame_00000.png,frame_00119.png,,120,1.999913
hocho_R_4,lockin,0,0,QR未検出,,lockin,binary,,,15.000000,4,8,1,0.629103,,0.629103,frame_00000.png,frame_00119.png,r120_e250_f1.mp4,120 Hz,1/250,蛍光灯あり,60.003 fps,120,250,1,6,hocho,R,R,4,,,frame_00000.png,frame_00119.png,,120,1.999913
hocho_R_4,lockin,0,0,QR未検出,,lockin,binary,,,29.997396,12,8,1,0.612756,,0.612756,frame_00000.png,frame_00119.png,r120_e250_f1.mp4,120 Hz,1/250,蛍光灯あり,60.003 fps,120,250,1,6,hocho,R,R,4,,,frame_00000.png,frame_00119.png,,120,1.999913
hocho_R_4,lockin,0,0,QR未検出,,lockin,binary,,,10.002604,8,8,1,0.607010,,0.607010,frame_00000.png,frame_00119.png,r120_e250_f1.mp4,120 Hz,1/250,蛍光灯あり,60.003 fps,120,250,1,6,hocho,R,R,4,,,frame_00000.png,frame_00119.png,,120,1.999913
hocho_R_4,lockin,0,0,QR未検出,,lockin,binary,,,29.997396,4,8,1,0.576373,,0.576373,frame_00000.png,frame_00119.png,r120_e250_f1.mp4,120 Hz,1/250,蛍光灯あり,60.003 fps,120,250,1,6,hocho,R,R,4,,,frame_00000.png,frame_00119.png,,120,1.999913
hocho_R_4,lockin,0,0,QR未検出,,lockin,binary,,,15.000000,12,8,1,0.557799,,0.557799,frame_00000.png,frame_00119.png,r120_e250_f1.mp4,120 Hz,1/250,蛍光灯あり,60.003 fps,120,250,1,6,hocho,R,R,4,,,frame_00000.png,frame_00119.png,,120,1.999913
hocho_R_4,lockin,0,0,QR未検出,,lockin,binary,,,29.997396,8,8,1,0.555150,,0.555150,frame_00000.png,frame_00119.png,r120_e250_f1.mp4,120 Hz,1/250,蛍光灯あり,60.003 fps,120,250,1,6,hocho,R,R,4,,,frame_00000.png,frame_00119.png,,120,1.999913
hocho_R_4,lockin,0,0,QR未検出,,lockin,binary,,,10.002604,12,8,1,0.540965,,0.540965,frame_00000.png,frame_00119.png,r120_e250_f1.mp4,120 Hz,1/250,蛍光灯あり,60.003 fps,120,250,1,6,hocho,R,R,4,,,frame_00000.png,frame_00119.png,,120,1.999913
hocho_R_4,lockin,0,0,QR未検出,,lockin,binary,,,15.000000,8,8,1,0.538255,,0.538255,frame_00000.png,frame_00119.png,r120_e250_f1.mp4,120 Hz,1/250,蛍光灯あり,60.003 fps,120,250,1,6,hocho,R,R,4,,,frame_00000.png,frame_00119.png,,120,1.999913
hocho_R_8,lockin,0,0,QR未検出,,lockin,binary,,,10.002604,4,8,1,0.637680,,0.637680,frame_00000.png,frame_00119.png,r120_e250_f1.mp4,120 Hz,1/250,蛍光灯あり,60.003 fps,120,250,1,7,hocho,R,R,8,,,frame_00000.png,frame_00119.png,,120,1.999913
hocho_R_8,lockin,0,0,QR未検出,,lockin,binary,,,15.000000,4,8,1,0.634670,,0.634670,frame_00000.png,frame_00119.png,r120_e250_f1.mp4,120 Hz,1/250,蛍光灯あり,60.003 fps,120,250,1,7,hocho,R,R,8,,,frame_00000.png,frame_00119.png,,120,1.999913
hocho_R_8,lockin,0,0,QR未検出,,lockin,binary,,,10.002604,8,8,1,0.611038,,0.611038,frame_00000.png,frame_00119.png,r120_e250_f1.mp4,120 Hz,1/250,蛍光灯あり,60.003 fps,120,250,1,7,hocho,R,R,8,,,frame_00000.png,frame_00119.png,,120,1.999913
hocho_R_8,lockin,0,0,QR未検出,,lockin,binary,,,15.000000,8,8,1,0.602902,,0.602902,frame_00000.png,frame_00119.png,r120_e250_f1.mp4,120 Hz,1/250,蛍光灯あり,60.003 fps,120,250,1,7,hocho,R,R,8,,,frame_00000.png,frame_00119.png,,120,1.999913
hocho_R_8,lockin,0,0,QR未検出,,lockin,binary,,,29.997396,12,8,1,0.596379,,0.596379,frame_00000.png,frame_00119.png,r120_e250_f1.mp4,120 Hz,1/250,蛍光灯あり,60.003 fps,120,250,1,7,hocho,R,R,8,,,frame_00000.png,frame_00119.png,,120,1.999913
hocho_R_8,lockin,0,0,QR未検出,,lockin,binary,,,29.997396,4,8,1,0.596116,,0.596116,frame_00000.png,frame_00119.png,r120_e250_f1.mp4,120 Hz,1/250,蛍光灯あり,60.003 fps,120,250,1,7,hocho,R,R,8,,,frame_00000.png,frame_00119.png,,120,1.999913
hocho_R_8,lockin,0,0,QR未検出,,lockin,binary,,,10.002604,12,8,1,0.551710,,0.551710,frame_00000.png,frame_00119.png,r120_e250_f1.mp4,120 Hz,1/250,蛍光灯あり,60.003 fps,120,250,1,7,hocho,R,R,8,,,frame_00000.png,frame_00119.png,,120,1.999913
hocho_R_8,lockin,0,0,QR未検出,,lockin,binary,,,15.000000,12,8,1,0.531247,,0.531247,frame_00000.png,frame_00119.png,r120_e250_f1.mp4,120 Hz,1/250,蛍光灯あり,60.003 fps,120,250,1,7,hocho,R,R,8,,,frame_00000.png,frame_00119.png,,120,1.999913
hocho_R_8,lockin,0,0,QR未検出,,lockin,binary,,,29.997396,8,8,1,0.525078,,0.525078,frame_00000.png,frame_00119.png,r120_e250_f1.mp4,120 Hz,1/250,蛍光灯あり,60.003 fps,120,250,1,7,hocho,R,R,8,,,frame_00000.png,frame_00119.png,,120,1.999913
hocho_R_12,lockin,0,0,QR未検出,,lockin,binary,,,15.000000,4,8,1,0.632384,,0.632384,frame_00000.png,frame_00119.png,r120_e250_f1.mp4,120 Hz,1/250,蛍光灯あり,60.003 fps,120,250,1,8,hocho,R,R,12,,,frame_00000.png,frame_00119.png,,120,1.999913
hocho_R_12,lockin,0,0,QR未検出,,lockin,binary,,,10.002604,4,8,1,0.629416,,0.629416,frame_00000.png,frame_00119.png,r120_e250_f1.mp4,120 Hz,1/250,蛍光灯あり,60.003 fps,120,250,1,8,hocho,R,R,12,,,frame_00000.png,frame_00119.png,,120,1.999913
hocho_R_12,lockin,0,0,QR未検出,,lockin,binary,,,29.997396,4,8,1,0.611458,,0.611458,frame_00000.png,frame_00119.png,r120_e250_f1.mp4,120 Hz,1/250,蛍光灯あり,60.003 fps,120,250,1,8,hocho,R,R,12,,,frame_00000.png,frame_00119.png,,120,1.999913
hocho_R_12,lockin,0,0,QR未検出,,lockin,binary,,,15.000000,8,8,1,0.578247,,0.578247,frame_00000.png,frame_00119.png,r120_e250_f1.mp4,120 Hz,1/250,蛍光灯あり,60.003 fps,120,250,1,8,hocho,R,R,12,,,frame_00000.png,frame_00119.png,,120,1.999913
hocho_R_12,lockin,0,0,QR未検出,,lockin,binary,,,29.997396,12,8,1,0.574109,,0.574109,frame_00000.png,frame_00119.png,r120_e250_f1.mp4,120 Hz,1/250,蛍光灯あり,60.003 fps,120,250,1,8,hocho,R,R,12,,,frame_00000.png,frame_00119.png,,120,1.999913
hocho_R_12,lockin,0,0,QR未検出,,lockin,binary,,,10.002604,8,8,1,0.553173,,0.553173,frame_00000.png,frame_00119.png,r120_e250_f1.mp4,120 Hz,1/250,蛍光灯あり,60.003 fps,120,250,1,8,hocho,R,R,12,,,frame_00000.png,frame_00119.png,,120,1.999913
hocho_R_12,lockin,0,0,QR未検出,,lockin,binary,,,10.002604,12,8,1,0.547899,,0.547899,frame_00000.png,frame_00119.png,r120_e250_f1.mp4,120 Hz,1/250,蛍光灯あり,60.003 fps,120,250,1,8,hocho,R,R,12,,,frame_00000.png,frame_00119.png,,120,1.999913
hocho_R_12,lockin,0,0,QR未検出,,lockin,binary,,,29.997396,8,8,1,0.516120,,0.516120,frame_00000.png,frame_00119.png,r120_e250_f1.mp4,120 Hz,1/250,蛍光灯あり,60.003 fps,120,250,1,8,hocho,R,R,12,,,frame_00000.png,frame_00119.png,,120,1.999913
hocho_R_12,lockin,0,0,QR未検出,,lockin,binary,,,15.000000,12,8,1,0.510054,,0.510054,frame_00000.png,frame_00119.png,r120_e250_f1.mp4,120 Hz,1/250,蛍光灯あり,60.003 fps,120,250,1,8,hocho,R,R,12,,,frame_00000.png,frame_00119.png,,120,1.999913
ex_R_4,lockin,0,0,QR未検出,,lockin,binary,,,10.002604,4,8,1,0.640073,,0.640073,frame_00000.png,frame_00119.png,r120_e250_f1.mp4,120 Hz,1/250,蛍光灯あり,60.003 fps,120,250,1,9,ex,R,R,4,,,frame_00000.png,frame_00119.png,,120,1.999913
ex_R_4,lockin,0,0,QR未検出,,lockin,binary,,,15.000000,4,8,1,0.629983,,0.629983,frame_00000.png,frame_00119.png,r120_e250_f1.mp4,120 Hz,1/250,蛍光灯あり,60.003 fps,120,250,1,9,ex,R,R,4,,,frame_00000.png,frame_00119.png,,120,1.999913
ex_R_4,lockin,0,0,QR未検出,,lockin,binary,,,10.002604,8,8,1,0.626386,,0.626386,frame_00000.png,frame_00119.png,r120_e250_f1.mp4,120 Hz,1/250,蛍光灯あり,60.003 fps,120,250,1,9,ex,R,R,4,,,frame_00000.png,frame_00119.png,,120,1.999913
ex_R_4,lockin,0,0,QR未検出,,lockin,binary,,,29.997396,4,8,1,0.625093,,0.625093,frame_00000.png,frame_00119.png,r120_e250_f1.mp4,120 Hz,1/250,蛍光灯あり,60.003 fps,120,250,1,9,ex,R,R,4,,,frame_00000.png,frame_00119.png,,120,1.999913
ex_R_4,lockin,0,0,QR未検出,,lockin,binary,,,10.002604,12,8,1,0.597644,,0.597644,frame_00000.png,frame_00119.png,r120_e250_f1.mp4,120 Hz,1/250,蛍光灯あり,60.003 fps,120,250,1,9,ex,R,R,4,,,frame_00000.png,frame_00119.png,,120,1.999913
ex_R_4,lockin,0,0,QR未検出,,lockin,binary,,,15.000000,8,8,1,0.573175,,0.573175,frame_00000.png,frame_00119.png,r120_e250_f1.mp4,120 Hz,1/250,蛍光灯あり,60.003 fps,120,250,1,9,ex,R,R,4,,,frame_00000.png,frame_00119.png,,120,1.999913
ex_R_4,lockin,0,0,QR未検出,,lockin,binary,,,29.997396,12,8,1,0.563130,,0.563130,frame_00000.png,frame_00119.png,r120_e250_f1.mp4,120 Hz,1/250,蛍光灯あり,60.003 fps,120,250,1,9,ex,R,R,4,,,frame_00000.png,frame_00119.png,,120,1.999913
ex_R_4,lockin,0,0,QR未検出,,lockin,binary,,,29.997396,8,8,1,0.554693,,0.554693,frame_00000.png,frame_00119.png,r120_e250_f1.mp4,120 Hz,1/250,蛍光灯あり,60.003 fps,120,250,1,9,ex,R,R,4,,,frame_00000.png,frame_00119.png,,120,1.999913
ex_R_4,lockin,0,0,QR未検出,,lockin,binary,,,15.000000,12,8,1,0.538662,,0.538662,frame_00000.png,frame_00119.png,r120_e250_f1.mp4,120 Hz,1/250,蛍光灯あり,60.003 fps,120,250,1,9,ex,R,R,4,,,frame_00000.png,frame_00119.png,,120,1.999913
ex_R_8,lockin,0,0,QR未検出,,lockin,binary,,,15.000000,4,8,1,0.637855,,0.637855,frame_00000.png,frame_00119.png,r120_e250_f1.mp4,120 Hz,1/250,蛍光灯あり,60.003 fps,120,250,1,10,ex,R,R,8,,,frame_00000.png,frame_00119.png,,120,1.999913
ex_R_8,lockin,0,0,QR未検出,,lockin,binary,,,10.002604,4,8,1,0.636749,,0.636749,frame_00000.png,frame_00119.png,r120_e250_f1.mp4,120 Hz,1/250,蛍光灯あり,60.003 fps,120,250,1,10,ex,R,R,8,,,frame_00000.png,frame_00119.png,,120,1.999913
ex_R_8,lockin,0,0,QR未検出,,lockin,binary,,,29.997396,4,8,1,0.624619,,0.624619,frame_00000.png,frame_00119.png,r120_e250_f1.mp4,120 Hz,1/250,蛍光灯あり,60.003 fps,120,250,1,10,ex,R,R,8,,,frame_00000.png,frame_00119.png,,120,1.999913
ex_R_8,lockin,0,0,QR未検出,,lockin,binary,,,15.000000,8,8,1,0.620789,,0.620789,frame_00000.png,frame_00119.png,r120_e250_f1.mp4,120 Hz,1/250,蛍光灯あり,60.003 fps,120,250,1,10,ex,R,R,8,,,frame_00000.png,frame_00119.png,,120,1.999913
ex_R_8,lockin,0,0,QR未検出,,lockin,binary,,,10.002604,8,8,1,0.612353,,0.612353,frame_00000.png,frame_00119.png,r120_e250_f1.mp4,120 Hz,1/250,蛍光灯あり,60.003 fps,120,250,1,10,ex,R,R,8,,,frame_00000.png,frame_00119.png,,120,1.999913
ex_R_8,lockin,0,0,QR未検出,,lockin,binary,,,15.000000,12,8,1,0.597331,,0.597331,frame_00000.png,frame_00119.png,r120_e250_f1.mp4,120 Hz,1/250,蛍光灯あり,60.003 fps,120,250,1,10,ex,R,R,8,,,frame_00000.png,frame_00119.png,,120,1.999913
ex_R_8,lockin,0,0,QR未検出,,lockin,binary,,,10.002604,12,8,1,0.564379,,0.564379,frame_00000.png,frame_00119.png,r120_e250_f1.mp4,120 Hz,1/250,蛍光灯あり,60.003 fps,120,250,1,10,ex,R,R,8,,,frame_00000.png,frame_00119.png,,120,1.999913
ex_R_8,lockin,0,0,QR未検出,,lockin,binary,,,29.997396,8,8,1,0.558084,,0.558084,frame_00000.png,frame_00119.png,r120_e250_f1.mp4,120 Hz,1/250,蛍光灯あり,60.003 fps,120,250,1,10,ex,R,R,8,,,frame_00000.png,frame_00119.png,,120,1.999913
ex_R_8,lockin,0,0,QR未検出,,lockin,binary,,,29.997396,12,8,1,0.553844,,0.553844,frame_00000.png,frame_00119.png,r120_e250_f1.mp4,120 Hz,1/250,蛍光灯あり,60.003 fps,120,250,1,10,ex,R,R,8,,,frame_00000.png,frame_00119.png,,120,1.999913
ex_R_12,lockin,0,0,QR未検出,,lockin,binary,,,10.002604,4,8,1,0.642889,,0.642889,frame_00000.png,frame_00119.png,r120_e250_f1.mp4,120 Hz,1/250,蛍光灯あり,60.003 fps,120,250,1,11,ex,R,R,12,,,frame_00000.png,frame_00119.png,,120,1.999913
ex_R_12,lockin,0,0,QR未検出,,lockin,binary,,,15.000000,4,8,1,0.641415,,0.641415,frame_00000.png,frame_00119.png,r120_e250_f1.mp4,120 Hz,1/250,蛍光灯あり,60.003 fps,120,250,1,11,ex,R,R,12,,,frame_00000.png,frame_00119.png,,120,1.999913
ex_R_12,lockin,0,0,QR未検出,,lockin,binary,,,29.997396,4,8,1,0.638147,,0.638147,frame_00000.png,frame_00119.png,r120_e250_f1.mp4,120 Hz,1/250,蛍光灯あり,60.003 fps,120,250,1,11,ex,R,R,12,,,frame_00000.png,frame_00119.png,,120,1.999913
ex_R_12,lockin,0,0,QR未検出,,lockin,binary,,,15.000000,8,8,1,0.630788,,0.630788,frame_00000.png,frame_00119.png,r120_e250_f1.mp4,120 Hz,1/250,蛍光灯あり,60.003 fps,120,250,1,11,ex,R,R,12,,,frame_00000.png,frame_00119.png,,120,1.999913
ex_R_12,lockin,0,0,QR未検出,,lockin,binary,,,10.002604,8,8,1,0.628695,,0.628695,frame_00000.png,frame_00119.png,r120_e250_f1.mp4,120 Hz,1/250,蛍光灯あり,60.003 fps,120,250,1,11,ex,R,R,12,,,frame_00000.png,frame_00119.png,,120,1.999913
ex_R_12,lockin,0,0,QR未検出,,lockin,binary,,,29.997396,8,8,1,0.623544,,0.623544,frame_00000.png,frame_00119.png,r120_e250_f1.mp4,120 Hz,1/250,蛍光灯あり,60.003 fps,120,250,1,11,ex,R,R,12,,,frame_00000.png,frame_00119.png,,120,1.999913
ex_R_12,lockin,0,0,QR未検出,,lockin,binary,,,10.002604,12,8,1,0.618273,,0.618273,frame_00000.png,frame_00119.png,r120_e250_f1.mp4,120 Hz,1/250,蛍光灯あり,60.003 fps,120,250,1,11,ex,R,R,12,,,frame_00000.png,frame_00119.png,,120,1.999913
ex_R_12,lockin,0,0,QR未検出,,lockin,binary,,,15.000000,12,8,1,0.617202,,0.617202,frame_00000.png,frame_00119.png,r120_e250_f1.mp4,120 Hz,1/250,蛍光灯あり,60.003 fps,120,250,1,11,ex,R,R,12,,,frame_00000.png,frame_00119.png,,120,1.999913
ex_R_12,lockin,0,0,QR未検出,,lockin,binary,,,29.997396,12,8,1,0.547162,,0.547162,frame_00000.png,frame_00119.png,r120_e250_f1.mp4,120 Hz,1/250,蛍光灯あり,60.003 fps,120,250,1,11,ex,R,R,12,,,frame_00000.png,frame_00119.png,,120,1.999913
rice_G_4,lockin,0,0,QR未検出,,lockin,binary,,,10.002604,4,8,1,0.630667,,0.630667,frame_00000.png,frame_00119.png,r120_e250_f1.mp4,120 Hz,1/250,蛍光灯あり,60.003 fps,120,250,1,12,rice,G,G,4,,,frame_00000.png,frame_00119.png,,120,1.999913
rice_G_4,lockin,0,0,QR未検出,,lockin,binary,,,29.997396,12,8,1,0.622473,,0.622473,frame_00000.png,frame_00119.png,r120_e250_f1.mp4,120 Hz,1/250,蛍光灯あり,60.003 fps,120,250,1,12,rice,G,G,4,,,frame_00000.png,frame_00119.png,,120,1.999913
rice_G_4,lockin,0,0,QR未検出,,lockin,binary,,,15.000000,4,8,1,0.621495,,0.621495,frame_00000.png,frame_00119.png,r120_e250_f1.mp4,120 Hz,1/250,蛍光灯あり,60.003 fps,120,250,1,12,rice,G,G,4,,,frame_00000.png,frame_00119.png,,120,1.999913
rice_G_4,lockin,0,0,QR未検出,,lockin,binary,,,10.002604,8,8,1,0.590859,,0.590859,frame_00000.png,frame_00119.png,r120_e250_f1.mp4,120 Hz,1/250,蛍光灯あり,60.003 fps,120,250,1,12,rice,G,G,4,,,frame_00000.png,frame_00119.png,,120,1.999913
rice_G_4,lockin,0,0,QR未検出,,lockin,binary,,,29.997396,4,8,1,0.582786,,0.582786,frame_00000.png,frame_00119.png,r120_e250_f1.mp4,120 Hz,1/250,蛍光灯あり,60.003 fps,120,250,1,12,rice,G,G,4,,,frame_00000.png,frame_00119.png,,120,1.999913
rice_G_4,lockin,0,0,QR未検出,,lockin,binary,,,15.000000,8,8,1,0.578782,,0.578782,frame_00000.png,frame_00119.png,r120_e250_f1.mp4,120 Hz,1/250,蛍光灯あり,60.003 fps,120,250,1,12,rice,G,G,4,,,frame_00000.png,frame_00119.png,,120,1.999913
rice_G_4,lockin,0,0,QR未検出,,lockin,binary,,,29.997396,8,8,1,0.552151,,0.552151,frame_00000.png,frame_00119.png,r120_e250_f1.mp4,120 Hz,1/250,蛍光灯あり,60.003 fps,120,250,1,12,rice,G,G,4,,,frame_00000.png,frame_00119.png,,120,1.999913
rice_G_4,lockin,0,0,QR未検出,,lockin,binary,,,10.002604,12,8,1,0.535674,,0.535674,frame_00000.png,frame_00119.png,r120_e250_f1.mp4,120 Hz,1/250,蛍光灯あり,60.003 fps,120,250,1,12,rice,G,G,4,,,frame_00000.png,frame_00119.png,,120,1.999913
rice_G_4,lockin,0,0,QR未検出,,lockin,binary,,,15.000000,12,8,1,0.504908,,0.504908,frame_00000.png,frame_00119.png,r120_e250_f1.mp4,120 Hz,1/250,蛍光灯あり,60.003 fps,120,250,1,12,rice,G,G,4,,,frame_00000.png,frame_00119.png,,120,1.999913
rice_G_8,lockin,0,0,QR未検出,,lockin,binary,,,10.002604,4,8,1,0.637914,,0.637914,frame_00000.png,frame_00119.png,r120_e250_f1.mp4,120 Hz,1/250,蛍光灯あり,60.003 fps,120,250,1,13,rice,G,G,8,,,frame_00000.png,frame_00119.png,,120,1.999913
rice_G_8,lockin,0,0,QR未検出,,lockin,binary,,,29.997396,12,8,1,0.632091,,0.632091,frame_00000.png,frame_00119.png,r120_e250_f1.mp4,120 Hz,1/250,蛍光灯あり,60.003 fps,120,250,1,13,rice,G,G,8,,,frame_00000.png,frame_00119.png,,120,1.999913
rice_G_8,lockin,0,0,QR未検出,,lockin,binary,,,15.000000,4,8,1,0.627665,,0.627665,frame_00000.png,frame_00119.png,r120_e250_f1.mp4,120 Hz,1/250,蛍光灯あり,60.003 fps,120,250,1,13,rice,G,G,8,,,frame_00000.png,frame_00119.png,,120,1.999913
rice_G_8,lockin,0,0,QR未検出,,lockin,binary,,,29.997396,8,8,1,0.598736,,0.598736,frame_00000.png,frame_00119.png,r120_e250_f1.mp4,120 Hz,1/250,蛍光灯あり,60.003 fps,120,250,1,13,rice,G,G,8,,,frame_00000.png,frame_00119.png,,120,1.999913
rice_G_8,lockin,0,0,QR未検出,,lockin,binary,,,10.002604,8,8,1,0.597240,,0.597240,frame_00000.png,frame_00119.png,r120_e250_f1.mp4,120 Hz,1/250,蛍光灯あり,60.003 fps,120,250,1,13,rice,G,G,8,,,frame_00000.png,frame_00119.png,,120,1.999913
rice_G_8,lockin,0,0,QR未検出,,lockin,binary,,,15.000000,8,8,1,0.586486,,0.586486,frame_00000.png,frame_00119.png,r120_e250_f1.mp4,120 Hz,1/250,蛍光灯あり,60.003 fps,120,250,1,13,rice,G,G,8,,,frame_00000.png,frame_00119.png,,120,1.999913
rice_G_8,lockin,0,0,QR未検出,,lockin,binary,,,29.997396,4,8,1,0.558815,,0.558815,frame_00000.png,frame_00119.png,r120_e250_f1.mp4,120 Hz,1/250,蛍光灯あり,60.003 fps,120,250,1,13,rice,G,G,8,,,frame_00000.png,frame_00119.png,,120,1.999913
rice_G_8,lockin,0,0,QR未検出,,lockin,binary,,,10.002604,12,8,1,0.556927,,0.556927,frame_00000.png,frame_00119.png,r120_e250_f1.mp4,120 Hz,1/250,蛍光灯あり,60.003 fps,120,250,1,13,rice,G,G,8,,,frame_00000.png,frame_00119.png,,120,1.999913
rice_G_8,lockin,0,0,QR未検出,,lockin,binary,,,15.000000,12,8,1,0.517588,,0.517588,frame_00000.png,frame_00119.png,r120_e250_f1.mp4,120 Hz,1/250,蛍光灯あり,60.003 fps,120,250,1,13,rice,G,G,8,,,frame_00000.png,frame_00119.png,,120,1.999913
rice_G_12,lockin,0,0,QR未検出,,lockin,binary,,,29.997396,12,8,1,0.637214,,0.637214,frame_00000.png,frame_00119.png,r120_e250_f1.mp4,120 Hz,1/250,蛍光灯あり,60.003 fps,120,250,1,14,rice,G,G,12,,,frame_00000.png,frame_00119.png,,120,1.999913
rice_G_12,lockin,0,0,QR未検出,,lockin,binary,,,10.002604,4,8,1,0.625768,,0.625768,frame_00000.png,frame_00119.png,r120_e250_f1.mp4,120 Hz,1/250,蛍光灯あり,60.003 fps,120,250,1,14,rice,G,G,12,,,frame_00000.png,frame_00119.png,,120,1.999913
rice_G_12,lockin,0,0,QR未検出,,lockin,binary,,,15.000000,4,8,1,0.618337,,0.618337,frame_00000.png,frame_00119.png,r120_e250_f1.mp4,120 Hz,1/250,蛍光灯あり,60.003 fps,120,250,1,14,rice,G,G,12,,,frame_00000.png,frame_00119.png,,120,1.999913
rice_G_12,lockin,0,0,QR未検出,,lockin,binary,,,29.997396,8,8,1,0.606487,,0.606487,frame_00000.png,frame_00119.png,r120_e250_f1.mp4,120 Hz,1/250,蛍光灯あり,60.003 fps,120,250,1,14,rice,G,G,12,,,frame_00000.png,frame_00119.png,,120,1.999913
rice_G_12,lockin,0,0,QR未検出,,lockin,binary,,,10.002604,8,8,1,0.579745,,0.579745,frame_00000.png,frame_00119.png,r120_e250_f1.mp4,120 Hz,1/250,蛍光灯あり,60.003 fps,120,250,1,14,rice,G,G,12,,,frame_00000.png,frame_00119.png,,120,1.999913
rice_G_12,lockin,0,0,QR未検出,,lockin,binary,,,15.000000,8,8,1,0.575348,,0.575348,frame_00000.png,frame_00119.png,r120_e250_f1.mp4,120 Hz,1/250,蛍光灯あり,60.003 fps,120,250,1,14,rice,G,G,12,,,frame_00000.png,frame_00119.png,,120,1.999913
rice_G_12,lockin,0,0,QR未検出,,lockin,binary,,,29.997396,4,8,1,0.544491,,0.544491,frame_00000.png,frame_00119.png,r120_e250_f1.mp4,120 Hz,1/250,蛍光灯あり,60.003 fps,120,250,1,14,rice,G,G,12,,,frame_00000.png,frame_00119.png,,120,1.999913
rice_G_12,lockin,0,0,QR未検出,,lockin,binary,,,15.000000,12,8,1,0.512858,,0.512858,frame_00000.png,frame_00119.png,r120_e250_f1.mp4,120 Hz,1/250,蛍光灯あり,60.003 fps,120,250,1,14,rice,G,G,12,,,frame_00000.png,frame_00119.png,,120,1.999913
rice_G_12,lockin,0,0,QR未検出,,lockin,binary,,,10.002604,12,8,1,0.502616,,0.502616,frame_00000.png,frame_00119.png,r120_e250_f1.mp4,120 Hz,1/250,蛍光灯あり,60.003 fps,120,250,1,14,rice,G,G,12,,,frame_00000.png,frame_00119.png,,120,1.999913
nagaoka_fireworks_G_4,lockin,0,0,QR未検出,,lockin,binary,,,29.997396,12,8,1,0.632681,,0.632681,frame_00000.png,frame_00119.png,r120_e250_f1.mp4,120 Hz,1/250,蛍光灯あり,60.003 fps,120,250,1,15,nagaoka_fireworks,G,G,4,,,frame_00000.png,frame_00119.png,,120,1.999913
nagaoka_fireworks_G_4,lockin,0,0,QR未検出,,lockin,binary,,,29.997396,8,8,1,0.604492,,0.604492,frame_00000.png,frame_00119.png,r120_e250_f1.mp4,120 Hz,1/250,蛍光灯あり,60.003 fps,120,250,1,15,nagaoka_fireworks,G,G,4,,,frame_00000.png,frame_00119.png,,120,1.999913
nagaoka_fireworks_G_4,lockin,0,0,QR未検出,,lockin,binary,,,15.000000,12,8,1,0.595506,,0.595506,frame_00000.png,frame_00119.png,r120_e250_f1.mp4,120 Hz,1/250,蛍光灯あり,60.003 fps,120,250,1,15,nagaoka_fireworks,G,G,4,,,frame_00000.png,frame_00119.png,,120,1.999913
nagaoka_fireworks_G_4,lockin,0,0,QR未検出,,lockin,binary,,,10.002604,4,8,1,0.577509,,0.577509,frame_00000.png,frame_00119.png,r120_e250_f1.mp4,120 Hz,1/250,蛍光灯あり,60.003 fps,120,250,1,15,nagaoka_fireworks,G,G,4,,,frame_00000.png,frame_00119.png,,120,1.999913
nagaoka_fireworks_G_4,lockin,0,0,QR未検出,,lockin,binary,,,15.000000,8,8,1,0.534040,,0.534040,frame_00000.png,frame_00119.png,r120_e250_f1.mp4,120 Hz,1/250,蛍光灯あり,60.003 fps,120,250,1,15,nagaoka_fireworks,G,G,4,,,frame_00000.png,frame_00119.png,,120,1.999913
nagaoka_fireworks_G_4,lockin,0,0,QR未検出,,lockin,binary,,,15.000000,4,8,1,0.533662,,0.533662,frame_00000.png,frame_00119.png,r120_e250_f1.mp4,120 Hz,1/250,蛍光灯あり,60.003 fps,120,250,1,15,nagaoka_fireworks,G,G,4,,,frame_00000.png,frame_00119.png,,120,1.999913
nagaoka_fireworks_G_4,lockin,0,0,QR未検出,,lockin,binary,,,10.002604,8,8,1,0.520366,,0.520366,frame_00000.png,frame_00119.png,r120_e250_f1.mp4,120 Hz,1/250,蛍光灯あり,60.003 fps,120,250,1,15,nagaoka_fireworks,G,G,4,,,frame_00000.png,frame_00119.png,,120,1.999913
nagaoka_fireworks_G_4,lockin,0,0,QR未検出,,lockin,binary,,,10.002604,12,8,1,0.518618,,0.518618,frame_00000.png,frame_00119.png,r120_e250_f1.mp4,120 Hz,1/250,蛍光灯あり,60.003 fps,120,250,1,15,nagaoka_fireworks,G,G,4,,,frame_00000.png,frame_00119.png,,120,1.999913
nagaoka_fireworks_G_4,lockin,0,0,QR未検出,,lockin,binary,,,29.997396,4,8,1,0.512792,,0.512792,frame_00000.png,frame_00119.png,r120_e250_f1.mp4,120 Hz,1/250,蛍光灯あり,60.003 fps,120,250,1,15,nagaoka_fireworks,G,G,4,,,frame_00000.png,frame_00119.png,,120,1.999913
nagaoka_fireworks_G_8,lockin,0,0,QR未検出,,lockin,binary,,,29.997396,12,8,1,0.619845,,0.619845,frame_00000.png,frame_00119.png,r120_e250_f1.mp4,120 Hz,1/250,蛍光灯あり,60.003 fps,120,250,1,16,nagaoka_fireworks,G,G,8,,,frame_00000.png,frame_00119.png,,120,1.999913
nagaoka_fireworks_G_8,lockin,0,0,QR未検出,,lockin,binary,,,10.002604,4,8,1,0.574163,,0.574163,frame_00000.png,frame_00119.png,r120_e250_f1.mp4,120 Hz,1/250,蛍光灯あり,60.003 fps,120,250,1,16,nagaoka_fireworks,G,G,8,,,frame_00000.png,frame_00119.png,,120,1.999913
nagaoka_fireworks_G_8,lockin,0,0,QR未検出,,lockin,binary,,,15.000000,4,8,1,0.573568,,0.573568,frame_00000.png,frame_00119.png,r120_e250_f1.mp4,120 Hz,1/250,蛍光灯あり,60.003 fps,120,250,1,16,nagaoka_fireworks,G,G,8,,,frame_00000.png,frame_00119.png,,120,1.999913
nagaoka_fireworks_G_8,lockin,0,0,QR未検出,,lockin,binary,,,29.997396,8,8,1,0.570153,,0.570153,frame_00000.png,frame_00119.png,r120_e250_f1.mp4,120 Hz,1/250,蛍光灯あり,60.003 fps,120,250,1,16,nagaoka_fireworks,G,G,8,,,frame_00000.png,frame_00119.png,,120,1.999913
nagaoka_fireworks_G_8,lockin,0,0,QR未検出,,lockin,binary,,,10.002604,12,8,1,0.529767,,0.529767,frame_00000.png,frame_00119.png,r120_e250_f1.mp4,120 Hz,1/250,蛍光灯あり,60.003 fps,120,250,1,16,nagaoka_fireworks,G,G,8,,,frame_00000.png,frame_00119.png,,120,1.999913
nagaoka_fireworks_G_8,lockin,0,0,QR未検出,,lockin,binary,,,15.000000,12,8,1,0.527431,,0.527431,frame_00000.png,frame_00119.png,r120_e250_f1.mp4,120 Hz,1/250,蛍光灯あり,60.003 fps,120,250,1,16,nagaoka_fireworks,G,G,8,,,frame_00000.png,frame_00119.png,,120,1.999913
nagaoka_fireworks_G_8,lockin,0,0,QR未検出,,lockin,binary,,,29.997396,4,8,1,0.514517,,0.514517,frame_00000.png,frame_00119.png,r120_e250_f1.mp4,120 Hz,1/250,蛍光灯あり,60.003 fps,120,250,1,16,nagaoka_fireworks,G,G,8,,,frame_00000.png,frame_00119.png,,120,1.999913
nagaoka_fireworks_G_8,lockin,0,0,QR未検出,,lockin,binary,,,10.002604,8,8,1,0.514120,,0.514120,frame_00000.png,frame_00119.png,r120_e250_f1.mp4,120 Hz,1/250,蛍光灯あり,60.003 fps,120,250,1,16,nagaoka_fireworks,G,G,8,,,frame_00000.png,frame_00119.png,,120,1.999913
nagaoka_fireworks_G_8,lockin,0,0,QR未検出,,lockin,binary,,,15.000000,8,8,1,0.512363,,0.512363,frame_00000.png,frame_00119.png,r120_e250_f1.mp4,120 Hz,1/250,蛍光灯あり,60.003 fps,120,250,1,16,nagaoka_fireworks,G,G,8,,,frame_00000.png,frame_00119.png,,120,1.999913
nagaoka_fireworks_G_12,lockin,0,0,QR未検出,,lockin,binary,,,29.997396,12,8,1,0.620568,,0.620568,frame_00000.png,frame_00119.png,r120_e250_f1.mp4,120 Hz,1/250,蛍光灯あり,60.003 fps,120,250,1,17,nagaoka_fireworks,G,G,12,,,frame_00000.png,frame_00119.png,,120,1.999913
nagaoka_fireworks_G_12,lockin,0,0,QR未検出,,lockin,binary,,,15.000000,12,8,1,0.587039,,0.587039,frame_00000.png,frame_00119.png,r120_e250_f1.mp4,120 Hz,1/250,蛍光灯あり,60.003 fps,120,250,1,17,nagaoka_fireworks,G,G,12,,,frame_00000.png,frame_00119.png,,120,1.999913
nagaoka_fireworks_G_12,lockin,0,0,QR未検出,,lockin,binary,,,29.997396,8,8,1,0.575360,,0.575360,frame_00000.png,frame_00119.png,r120_e250_f1.mp4,120 Hz,1/250,蛍光灯あり,60.003 fps,120,250,1,17,nagaoka_fireworks,G,G,12,,,frame_00000.png,frame_00119.png,,120,1.999913
nagaoka_fireworks_G_12,lockin,0,0,QR未検出,,lockin,binary,,,10.002604,4,8,1,0.568550,,0.568550,frame_00000.png,frame_00119.png,r120_e250_f1.mp4,120 Hz,1/250,蛍光灯あり,60.003 fps,120,250,1,17,nagaoka_fireworks,G,G,12,,,frame_00000.png,frame_00119.png,,120,1.999913
nagaoka_fireworks_G_12,lockin,0,0,QR未検出,,lockin,binary,,,10.002604,12,8,1,0.538393,,0.538393,frame_00000.png,frame_00119.png,r120_e250_f1.mp4,120 Hz,1/250,蛍光灯あり,60.003 fps,120,250,1,17,nagaoka_fireworks,G,G,12,,,frame_00000.png,frame_00119.png,,120,1.999913
nagaoka_fireworks_G_12,lockin,0,0,QR未検出,,lockin,binary,,,15.000000,4,8,1,0.533095,,0.533095,frame_00000.png,frame_00119.png,r120_e250_f1.mp4,120 Hz,1/250,蛍光灯あり,60.003 fps,120,250,1,17,nagaoka_fireworks,G,G,12,,,frame_00000.png,frame_00119.png,,120,1.999913
nagaoka_fireworks_G_12,lockin,0,0,QR未検出,,lockin,binary,,,15.000000,8,8,1,0.532677,,0.532677,frame_00000.png,frame_00119.png,r120_e250_f1.mp4,120 Hz,1/250,蛍光灯あり,60.003 fps,120,250,1,17,nagaoka_fireworks,G,G,12,,,frame_00000.png,frame_00119.png,,120,1.999913
nagaoka_fireworks_G_12,lockin,0,0,QR未検出,,lockin,binary,,,10.002604,8,8,1,0.507527,,0.507527,frame_00000.png,frame_00119.png,r120_e250_f1.mp4,120 Hz,1/250,蛍光灯あり,60.003 fps,120,250,1,17,nagaoka_fireworks,G,G,12,,,frame_00000.png,frame_00119.png,,120,1.999913
nagaoka_fireworks_G_12,lockin,0,0,QR未検出,,lockin,binary,,,29.997396,4,8,1,0.505081,,0.505081,frame_00000.png,frame_00119.png,r120_e250_f1.mp4,120 Hz,1/250,蛍光灯あり,60.003 fps,120,250,1,17,nagaoka_fireworks,G,G,12,,,frame_00000.png,frame_00119.png,,120,1.999913
hocho_G_4,lockin,0,0,QR未検出,,lockin,binary,,,15.000000,4,8,1,0.638758,,0.638758,frame_00000.png,frame_00119.png,r120_e250_f1.mp4,120 Hz,1/250,蛍光灯あり,60.003 fps,120,250,1,18,hocho,G,G,4,,,frame_00000.png,frame_00119.png,,120,1.999913
hocho_G_4,lockin,0,0,QR未検出,,lockin,binary,,,10.002604,4,8,1,0.637081,,0.637081,frame_00000.png,frame_00119.png,r120_e250_f1.mp4,120 Hz,1/250,蛍光灯あり,60.003 fps,120,250,1,18,hocho,G,G,4,,,frame_00000.png,frame_00119.png,,120,1.999913
hocho_G_4,lockin,0,0,QR未検出,,lockin,binary,,,15.000000,8,8,1,0.607530,,0.607530,frame_00000.png,frame_00119.png,r120_e250_f1.mp4,120 Hz,1/250,蛍光灯あり,60.003 fps,120,250,1,18,hocho,G,G,4,,,frame_00000.png,frame_00119.png,,120,1.999913
hocho_G_4,lockin,0,0,QR未検出,,lockin,binary,,,29.997396,12,8,1,0.595808,,0.595808,frame_00000.png,frame_00119.png,r120_e250_f1.mp4,120 Hz,1/250,蛍光灯あり,60.003 fps,120,250,1,18,hocho,G,G,4,,,frame_00000.png,frame_00119.png,,120,1.999913
hocho_G_4,lockin,0,0,QR未検出,,lockin,binary,,,10.002604,8,8,1,0.592013,,0.592013,frame_00000.png,frame_00119.png,r120_e250_f1.mp4,120 Hz,1/250,蛍光灯あり,60.003 fps,120,250,1,18,hocho,G,G,4,,,frame_00000.png,frame_00119.png,,120,1.999913
hocho_G_4,lockin,0,0,QR未検出,,lockin,binary,,,29.997396,4,8,1,0.588582,,0.588582,frame_00000.png,frame_00119.png,r120_e250_f1.mp4,120 Hz,1/250,蛍光灯あり,60.003 fps,120,250,1,18,hocho,G,G,4,,,frame_00000.png,frame_00119.png,,120,1.999913
hocho_G_4,lockin,0,0,QR未検出,,lockin,binary,,,15.000000,12,8,1,0.545337,,0.545337,frame_00000.png,frame_00119.png,r120_e250_f1.mp4,120 Hz,1/250,蛍光灯あり,60.003 fps,120,250,1,18,hocho,G,G,4,,,frame_00000.png,frame_00119.png,,120,1.999913
hocho_G_4,lockin,0,0,QR未検出,,lockin,binary,,,29.997396,8,8,1,0.528024,,0.528024,frame_00000.png,frame_00119.png,r120_e250_f1.mp4,120 Hz,1/250,蛍光灯あり,60.003 fps,120,250,1,18,hocho,G,G,4,,,frame_00000.png,frame_00119.png,,120,1.999913
hocho_G_4,lockin,0,0,QR未検出,,lockin,binary,,,10.002604,12,8,1,0.516611,,0.516611,frame_00000.png,frame_00119.png,r120_e250_f1.mp4,120 Hz,1/250,蛍光灯あり,60.003 fps,120,250,1,18,hocho,G,G,4,,,frame_00000.png,frame_00119.png,,120,1.999913
hocho_G_8,lockin,0,0,QR未検出,,lockin,binary,,,10.002604,4,8,1,0.638941,,0.638941,frame_00000.png,frame_00119.png,r120_e250_f1.mp4,120 Hz,1/250,蛍光灯あり,60.003 fps,120,250,1,19,hocho,G,G,8,,,frame_00000.png,frame_00119.png,,120,1.999913
hocho_G_8,lockin,0,0,QR未検出,,lockin,binary,,,15.000000,4,8,1,0.636443,,0.636443,frame_00000.png,frame_00119.png,r120_e250_f1.mp4,120 Hz,1/250,蛍光灯あり,60.003 fps,120,250,1,19,hocho,G,G,8,,,frame_00000.png,frame_00119.png,,120,1.999913
hocho_G_8,lockin,0,0,QR未検出,,lockin,binary,,,29.997396,4,8,1,0.606436,,0.606436,frame_00000.png,frame_00119.png,r120_e250_f1.mp4,120 Hz,1/250,蛍光灯あり,60.003 fps,120,250,1,19,hocho,G,G,8,,,frame_00000.png,frame_00119.png,,120,1.999913
hocho_G_8,lockin,0,0,QR未検出,,lockin,binary,,,10.002604,8,8,1,0.597546,,0.597546,frame_00000.png,frame_00119.png,r120_e250_f1.mp4,120 Hz,1/250,蛍光灯あり,60.003 fps,120,250,1,19,hocho,G,G,8,,,frame_00000.png,frame_00119.png,,120,1.999913
hocho_G_8,lockin,0,0,QR未検出,,lockin,binary,,,15.000000,8,8,1,0.585282,,0.585282,frame_00000.png,frame_00119.png,r120_e250_f1.mp4,120 Hz,1/250,蛍光灯あり,60.003 fps,120,250,1,19,hocho,G,G,8,,,frame_00000.png,frame_00119.png,,120,1.999913
hocho_G_8,lockin,0,0,QR未検出,,lockin,binary,,,29.997396,12,8,1,0.580466,,0.580466,frame_00000.png,frame_00119.png,r120_e250_f1.mp4,120 Hz,1/250,蛍光灯あり,60.003 fps,120,250,1,19,hocho,G,G,8,,,frame_00000.png,frame_00119.png,,120,1.999913
hocho_G_8,lockin,0,0,QR未検出,,lockin,binary,,,10.002604,12,8,1,0.521110,,0.521110,frame_00000.png,frame_00119.png,r120_e250_f1.mp4,120 Hz,1/250,蛍光灯あり,60.003 fps,120,250,1,19,hocho,G,G,8,,,frame_00000.png,frame_00119.png,,120,1.999913
hocho_G_8,lockin,0,0,QR未検出,,lockin,binary,,,29.997396,8,8,1,0.512255,,0.512255,frame_00000.png,frame_00119.png,r120_e250_f1.mp4,120 Hz,1/250,蛍光灯あり,60.003 fps,120,250,1,19,hocho,G,G,8,,,frame_00000.png,frame_00119.png,,120,1.999913
hocho_G_8,lockin,0,0,QR未検出,,lockin,binary,,,15.000000,12,8,1,0.512171,,0.512171,frame_00000.png,frame_00119.png,r120_e250_f1.mp4,120 Hz,1/250,蛍光灯あり,60.003 fps,120,250,1,19,hocho,G,G,8,,,frame_00000.png,frame_00119.png,,120,1.999913
hocho_G_12,lockin,0,0,QR未検出,,lockin,binary,,,10.002604,4,8,1,0.639452,,0.639452,frame_00000.png,frame_00119.png,r120_e250_f1.mp4,120 Hz,1/250,蛍光灯あり,60.003 fps,120,250,1,20,hocho,G,G,12,,,frame_00000.png,frame_00119.png,,120,1.999913
hocho_G_12,lockin,0,0,QR未検出,,lockin,binary,,,15.000000,4,8,1,0.637298,,0.637298,frame_00000.png,frame_00119.png,r120_e250_f1.mp4,120 Hz,1/250,蛍光灯あり,60.003 fps,120,250,1,20,hocho,G,G,12,,,frame_00000.png,frame_00119.png,,120,1.999913
hocho_G_12,lockin,0,0,QR未検出,,lockin,binary,,,29.997396,4,8,1,0.619683,,0.619683,frame_00000.png,frame_00119.png,r120_e250_f1.mp4,120 Hz,1/250,蛍光灯あり,60.003 fps,120,250,1,20,hocho,G,G,12,,,frame_00000.png,frame_00119.png,,120,1.999913
hocho_G_12,lockin,0,0,QR未検出,,lockin,binary,,,10.002604,8,8,1,0.613065,,0.613065,frame_00000.png,frame_00119.png,r120_e250_f1.mp4,120 Hz,1/250,蛍光灯あり,60.003 fps,120,250,1,20,hocho,G,G,12,,,frame_00000.png,frame_00119.png,,120,1.999913
hocho_G_12,lockin,0,0,QR未検出,,lockin,binary,,,15.000000,8,8,1,0.603818,,0.603818,frame_00000.png,frame_00119.png,r120_e250_f1.mp4,120 Hz,1/250,蛍光灯あり,60.003 fps,120,250,1,20,hocho,G,G,12,,,frame_00000.png,frame_00119.png,,120,1.999913
hocho_G_12,lockin,0,0,QR未検出,,lockin,binary,,,10.002604,12,8,1,0.559725,,0.559725,frame_00000.png,frame_00119.png,r120_e250_f1.mp4,120 Hz,1/250,蛍光灯あり,60.003 fps,120,250,1,20,hocho,G,G,12,,,frame_00000.png,frame_00119.png,,120,1.999913
hocho_G_12,lockin,0,0,QR未検出,,lockin,binary,,,15.000000,12,8,1,0.541840,,0.541840,frame_00000.png,frame_00119.png,r120_e250_f1.mp4,120 Hz,1/250,蛍光灯あり,60.003 fps,120,250,1,20,hocho,G,G,12,,,frame_00000.png,frame_00119.png,,120,1.999913
hocho_G_12,lockin,0,0,QR未検出,,lockin,binary,,,29.997396,8,8,1,0.538680,,0.538680,frame_00000.png,frame_00119.png,r120_e250_f1.mp4,120 Hz,1/250,蛍光灯あり,60.003 fps,120,250,1,20,hocho,G,G,12,,,frame_00000.png,frame_00119.png,,120,1.999913
hocho_G_12,lockin,0,0,QR未検出,,lockin,binary,,,29.997396,12,8,1,0.532000,,0.532000,frame_00000.png,frame_00119.png,r120_e250_f1.mp4,120 Hz,1/250,蛍光灯あり,60.003 fps,120,250,1,20,hocho,G,G,12,,,frame_00000.png,frame_00119.png,,120,1.999913
ex_G_4,lockin,0,0,QR未検出,,lockin,binary,,,10.002604,4,8,1,0.638240,,0.638240,frame_00000.png,frame_00119.png,r120_e250_f1.mp4,120 Hz,1/250,蛍光灯あり,60.003 fps,120,250,1,21,ex,G,G,4,,,frame_00000.png,frame_00119.png,,120,1.999913
ex_G_4,lockin,0,0,QR未検出,,lockin,binary,,,15.000000,4,8,1,0.631787,,0.631787,frame_00000.png,frame_00119.png,r120_e250_f1.mp4,120 Hz,1/250,蛍光灯あり,60.003 fps,120,250,1,21,ex,G,G,4,,,frame_00000.png,frame_00119.png,,120,1.999913
ex_G_4,lockin,0,0,QR未検出,,lockin,binary,,,29.997396,4,8,1,0.612786,,0.612786,frame_00000.png,frame_00119.png,r120_e250_f1.mp4,120 Hz,1/250,蛍光灯あり,60.003 fps,120,250,1,21,ex,G,G,4,,,frame_00000.png,frame_00119.png,,120,1.999913
ex_G_4,lockin,0,0,QR未検出,,lockin,binary,,,29.997396,12,8,1,0.610553,,0.610553,frame_00000.png,frame_00119.png,r120_e250_f1.mp4,120 Hz,1/250,蛍光灯あり,60.003 fps,120,250,1,21,ex,G,G,4,,,frame_00000.png,frame_00119.png,,120,1.999913
ex_G_4,lockin,0,0,QR未検出,,lockin,binary,,,10.002604,8,8,1,0.608305,,0.608305,frame_00000.png,frame_00119.png,r120_e250_f1.mp4,120 Hz,1/250,蛍光灯あり,60.003 fps,120,250,1,21,ex,G,G,4,,,frame_00000.png,frame_00119.png,,120,1.999913
ex_G_4,lockin,0,0,QR未検出,,lockin,binary,,,15.000000,8,8,1,0.585302,,0.585302,frame_00000.png,frame_00119.png,r120_e250_f1.mp4,120 Hz,1/250,蛍光灯あり,60.003 fps,120,250,1,21,ex,G,G,4,,,frame_00000.png,frame_00119.png,,120,1.999913
ex_G_4,lockin,0,0,QR未検出,,lockin,binary,,,10.002604,12,8,1,0.549748,,0.549748,frame_00000.png,frame_00119.png,r120_e250_f1.mp4,120 Hz,1/250,蛍光灯あり,60.003 fps,120,250,1,21,ex,G,G,4,,,frame_00000.png,frame_00119.png,,120,1.999913
ex_G_4,lockin,0,0,QR未検出,,lockin,binary,,,15.000000,12,8,1,0.510019,,0.510019,frame_00000.png,frame_00119.png,r120_e250_f1.mp4,120 Hz,1/250,蛍光灯あり,60.003 fps,120,250,1,21,ex,G,G,4,,,frame_00000.png,frame_00119.png,,120,1.999913
ex_G_4,lockin,0,0,QR未検出,,lockin,binary,,,29.997396,8,8,1,0.509553,,0.509553,frame_00000.png,frame_00119.png,r120_e250_f1.mp4,120 Hz,1/250,蛍光灯あり,60.003 fps,120,250,1,21,ex,G,G,4,,,frame_00000.png,frame_00119.png,,120,1.999913
ex_G_8,lockin,0,0,QR未検出,,lockin,binary,,,10.002604,4,8,1,0.639192,,0.639192,frame_00000.png,frame_00119.png,r120_e250_f1.mp4,120 Hz,1/250,蛍光灯あり,60.003 fps,120,250,1,22,ex,G,G,8,,,frame_00000.png,frame_00119.png,,120,1.999913
ex_G_8,lockin,0,0,QR未検出,,lockin,binary,,,15.000000,4,8,1,0.633330,,0.633330,frame_00000.png,frame_00119.png,r120_e250_f1.mp4,120 Hz,1/250,蛍光灯あり,60.003 fps,120,250,1,22,ex,G,G,8,,,frame_00000.png,frame_00119.png,,120,1.999913
ex_G_8,lockin,0,0,QR未検出,,lockin,binary,,,10.002604,8,8,1,0.621978,,0.621978,frame_00000.png,frame_00119.png,r120_e250_f1.mp4,120 Hz,1/250,蛍光灯あり,60.003 fps,120,250,1,22,ex,G,G,8,,,frame_00000.png,frame_00119.png,,120,1.999913
ex_G_8,lockin,0,0,QR未検出,,lockin,binary,,,29.997396,4,8,1,0.610696,,0.610696,frame_00000.png,frame_00119.png,r120_e250_f1.mp4,120 Hz,1/250,蛍光灯あり,60.003 fps,120,250,1,22,ex,G,G,8,,,frame_00000.png,frame_00119.png,,120,1.999913
ex_G_8,lockin,0,0,QR未検出,,lockin,binary,,,29.997396,12,8,1,0.607307,,0.607307,frame_00000.png,frame_00119.png,r120_e250_f1.mp4,120 Hz,1/250,蛍光灯あり,60.003 fps,120,250,1,22,ex,G,G,8,,,frame_00000.png,frame_00119.png,,120,1.999913
ex_G_8,lockin,0,0,QR未検出,,lockin,binary,,,15.000000,8,8,1,0.600316,,0.600316,frame_00000.png,frame_00119.png,r120_e250_f1.mp4,120 Hz,1/250,蛍光灯あり,60.003 fps,120,250,1,22,ex,G,G,8,,,frame_00000.png,frame_00119.png,,120,1.999913
ex_G_8,lockin,0,0,QR未検出,,lockin,binary,,,10.002604,12,8,1,0.591506,,0.591506,frame_00000.png,frame_00119.png,r120_e250_f1.mp4,120 Hz,1/250,蛍光灯あり,60.003 fps,120,250,1,22,ex,G,G,8,,,frame_00000.png,frame_00119.png,,120,1.999913
ex_G_8,lockin,0,0,QR未検出,,lockin,binary,,,15.000000,12,8,1,0.514538,,0.514538,frame_00000.png,frame_00119.png,r120_e250_f1.mp4,120 Hz,1/250,蛍光灯あり,60.003 fps,120,250,1,22,ex,G,G,8,,,frame_00000.png,frame_00119.png,,120,1.999913
ex_G_8,lockin,0,0,QR未検出,,lockin,binary,,,29.997396,8,8,1,0.504539,,0.504539,frame_00000.png,frame_00119.png,r120_e250_f1.mp4,120 Hz,1/250,蛍光灯あり,60.003 fps,120,250,1,22,ex,G,G,8,,,frame_00000.png,frame_00119.png,,120,1.999913
ex_G_12,lockin,0,0,QR未検出,,lockin,binary,,,10.002604,4,8,1,0.635369,,0.635369,frame_00000.png,frame_00119.png,r120_e250_f1.mp4,120 Hz,1/250,蛍光灯あり,60.003 fps,120,250,1,23,ex,G,G,12,,,frame_00000.png,frame_00119.png,,120,1.999913
ex_G_12,lockin,0,0,QR未検出,,lockin,binary,,,15.000000,4,8,1,0.632858,,0.632858,frame_00000.png,frame_00119.png,r120_e250_f1.mp4,120 Hz,1/250,蛍光灯あり,60.003 fps,120,250,1,23,ex,G,G,12,,,frame_00000.png,frame_00119.png,,120,1.999913
ex_G_12,lockin,0,0,QR未検出,,lockin,binary,,,29.997396,4,8,1,0.628629,,0.628629,frame_00000.png,frame_00119.png,r120_e250_f1.mp4,120 Hz,1/250,蛍光灯あり,60.003 fps,120,250,1,23,ex,G,G,12,,,frame_00000.png,frame_00119.png,,120,1.999913
ex_G_12,lockin,0,0,QR未検出,,lockin,binary,,,10.002604,8,8,1,0.603483,,0.603483,frame_00000.png,frame_00119.png,r120_e250_f1.mp4,120 Hz,1/250,蛍光灯あり,60.003 fps,120,250,1,23,ex,G,G,12,,,frame_00000.png,frame_00119.png,,120,1.999913
ex_G_12,lockin,0,0,QR未検出,,lockin,binary,,,15.000000,8,8,1,0.599527,,0.599527,frame_00000.png,frame_00119.png,r120_e250_f1.mp4,120 Hz,1/250,蛍光灯あり,60.003 fps,120,250,1,23,ex,G,G,12,,,frame_00000.png,frame_00119.png,,120,1.999913
ex_G_12,lockin,0,0,QR未検出,,lockin,binary,,,29.997396,8,8,1,0.588413,,0.588413,frame_00000.png,frame_00119.png,r120_e250_f1.mp4,120 Hz,1/250,蛍光灯あり,60.003 fps,120,250,1,23,ex,G,G,12,,,frame_00000.png,frame_00119.png,,120,1.999913
ex_G_12,lockin,0,0,QR未検出,,lockin,binary,,,10.002604,12,8,1,0.540055,,0.540055,frame_00000.png,frame_00119.png,r120_e250_f1.mp4,120 Hz,1/250,蛍光灯あり,60.003 fps,120,250,1,23,ex,G,G,12,,,frame_00000.png,frame_00119.png,,120,1.999913
ex_G_12,lockin,0,0,QR未検出,,lockin,binary,,,15.000000,12,8,1,0.521461,,0.521461,frame_00000.png,frame_00119.png,r120_e250_f1.mp4,120 Hz,1/250,蛍光灯あり,60.003 fps,120,250,1,23,ex,G,G,12,,,frame_00000.png,frame_00119.png,,120,1.999913
ex_G_12,lockin,0,0,QR未検出,,lockin,binary,,,29.997396,12,8,1,0.514440,,0.514440,frame_00000.png,frame_00119.png,r120_e250_f1.mp4,120 Hz,1/250,蛍光灯あり,60.003 fps,120,250,1,23,ex,G,G,12,,,frame_00000.png,frame_00119.png,,120,1.999913
rice_B_4,lockin,0,0,QR未検出,,lockin,binary,,,10.002604,4,8,1,0.631204,,0.631204,frame_00000.png,frame_00119.png,r120_e250_f1.mp4,120 Hz,1/250,蛍光灯あり,60.003 fps,120,250,1,24,rice,B,B,4,,,frame_00000.png,frame_00119.png,,120,1.999913
rice_B_4,lockin,0,0,QR未検出,,lockin,binary,,,15.000000,4,8,1,0.617991,,0.617991,frame_00000.png,frame_00119.png,r120_e250_f1.mp4,120 Hz,1/250,蛍光灯あり,60.003 fps,120,250,1,24,rice,B,B,4,,,frame_00000.png,frame_00119.png,,120,1.999913
rice_B_4,lockin,0,0,QR未検出,,lockin,binary,,,29.997396,12,8,1,0.613337,,0.613337,frame_00000.png,frame_00119.png,r120_e250_f1.mp4,120 Hz,1/250,蛍光灯あり,60.003 fps,120,250,1,24,rice,B,B,4,,,frame_00000.png,frame_00119.png,,120,1.999913
rice_B_4,lockin,0,0,QR未検出,,lockin,binary,,,29.997396,4,8,1,0.591877,,0.591877,frame_00000.png,frame_00119.png,r120_e250_f1.mp4,120 Hz,1/250,蛍光灯あり,60.003 fps,120,250,1,24,rice,B,B,4,,,frame_00000.png,frame_00119.png,,120,1.999913
rice_B_4,lockin,0,0,QR未検出,,lockin,binary,,,10.002604,8,8,1,0.585926,,0.585926,frame_00000.png,frame_00119.png,r120_e250_f1.mp4,120 Hz,1/250,蛍光灯あり,60.003 fps,120,250,1,24,rice,B,B,4,,,frame_00000.png,frame_00119.png,,120,1.999913
rice_B_4,lockin,0,0,QR未検出,,lockin,binary,,,15.000000,8,8,1,0.552656,,0.552656,frame_00000.png,frame_00119.png,r120_e250_f1.mp4,120 Hz,1/250,蛍光灯あり,60.003 fps,120,250,1,24,rice,B,B,4,,,frame_00000.png,frame_00119.png,,120,1.999913
rice_B_4,lockin,0,0,QR未検出,,lockin,binary,,,15.000000,12,8,1,0.550287,,0.550287,frame_00000.png,frame_00119.png,r120_e250_f1.mp4,120 Hz,1/250,蛍光灯あり,60.003 fps,120,250,1,24,rice,B,B,4,,,frame_00000.png,frame_00119.png,,120,1.999913
rice_B_4,lockin,0,0,QR未検出,,lockin,binary,,,29.997396,8,8,1,0.543962,,0.543962,frame_00000.png,frame_00119.png,r120_e250_f1.mp4,120 Hz,1/250,蛍光灯あり,60.003 fps,120,250,1,24,rice,B,B,4,,,frame_00000.png,frame_00119.png,,120,1.999913
rice_B_4,lockin,0,0,QR未検出,,lockin,binary,,,10.002604,12,8,1,0.507247,,0.507247,frame_00000.png,frame_00119.png,r120_e250_f1.mp4,120 Hz,1/250,蛍光灯あり,60.003 fps,120,250,1,24,rice,B,B,4,,,frame_00000.png,frame_00119.png,,120,1.999913
rice_B_8,lockin,0,0,QR未検出,,lockin,binary,,,15.000000,4,8,1,0.631066,,0.631066,frame_00000.png,frame_00119.png,r120_e250_f1.mp4,120 Hz,1/250,蛍光灯あり,60.003 fps,120,250,1,25,rice,B,B,8,,,frame_00000.png,frame_00119.png,,120,1.999913
rice_B_8,lockin,0,0,QR未検出,,lockin,binary,,,10.002604,4,8,1,0.628823,,0.628823,frame_00000.png,frame_00119.png,r120_e250_f1.mp4,120 Hz,1/250,蛍光灯あり,60.003 fps,120,250,1,25,rice,B,B,8,,,frame_00000.png,frame_00119.png,,120,1.999913
rice_B_8,lockin,0,0,QR未検出,,lockin,binary,,,29.997396,12,8,1,0.623508,,0.623508,frame_00000.png,frame_00119.png,r120_e250_f1.mp4,120 Hz,1/250,蛍光灯あり,60.003 fps,120,250,1,25,rice,B,B,8,,,frame_00000.png,frame_00119.png,,120,1.999913
rice_B_8,lockin,0,0,QR未検出,,lockin,binary,,,15.000000,8,8,1,0.584094,,0.584094,frame_00000.png,frame_00119.png,r120_e250_f1.mp4,120 Hz,1/250,蛍光灯あり,60.003 fps,120,250,1,25,rice,B,B,8,,,frame_00000.png,frame_00119.png,,120,1.999913
rice_B_8,lockin,0,0,QR未検出,,lockin,binary,,,29.997396,8,8,1,0.571395,,0.571395,frame_00000.png,frame_00119.png,r120_e250_f1.mp4,120 Hz,1/250,蛍光灯あり,60.003 fps,120,250,1,25,rice,B,B,8,,,frame_00000.png,frame_00119.png,,120,1.999913
rice_B_8,lockin,0,0,QR未検出,,lockin,binary,,,10.002604,8,8,1,0.570080,,0.570080,frame_00000.png,frame_00119.png,r120_e250_f1.mp4,120 Hz,1/250,蛍光灯あり,60.003 fps,120,250,1,25,rice,B,B,8,,,frame_00000.png,frame_00119.png,,120,1.999913
rice_B_8,lockin,0,0,QR未検出,,lockin,binary,,,29.997396,4,8,1,0.565760,,0.565760,frame_00000.png,frame_00119.png,r120_e250_f1.mp4,120 Hz,1/250,蛍光灯あり,60.003 fps,120,250,1,25,rice,B,B,8,,,frame_00000.png,frame_00119.png,,120,1.999913
rice_B_8,lockin,0,0,QR未検出,,lockin,binary,,,10.002604,12,8,1,0.524940,,0.524940,frame_00000.png,frame_00119.png,r120_e250_f1.mp4,120 Hz,1/250,蛍光灯あり,60.003 fps,120,250,1,25,rice,B,B,8,,,frame_00000.png,frame_00119.png,,120,1.999913
rice_B_8,lockin,0,0,QR未検出,,lockin,binary,,,15.000000,12,8,1,0.504567,,0.504567,frame_00000.png,frame_00119.png,r120_e250_f1.mp4,120 Hz,1/250,蛍光灯あり,60.003 fps,120,250,1,25,rice,B,B,8,,,frame_00000.png,frame_00119.png,,120,1.999913
rice_B_12,lockin,0,0,QR未検出,,lockin,binary,,,29.997396,12,8,1,0.632770,,0.632770,frame_00000.png,frame_00119.png,r120_e250_f1.mp4,120 Hz,1/250,蛍光灯あり,60.003 fps,120,250,1,26,rice,B,B,12,,,frame_00000.png,frame_00119.png,,120,1.999913
rice_B_12,lockin,0,0,QR未検出,,lockin,binary,,,10.002604,4,8,1,0.631565,,0.631565,frame_00000.png,frame_00119.png,r120_e250_f1.mp4,120 Hz,1/250,蛍光灯あり,60.003 fps,120,250,1,26,rice,B,B,12,,,frame_00000.png,frame_00119.png,,120,1.999913
rice_B_12,lockin,0,0,QR未検出,,lockin,binary,,,15.000000,4,8,1,0.626209,,0.626209,frame_00000.png,frame_00119.png,r120_e250_f1.mp4,120 Hz,1/250,蛍光灯あり,60.003 fps,120,250,1,26,rice,B,B,12,,,frame_00000.png,frame_00119.png,,120,1.999913
rice_B_12,lockin,0,0,QR未検出,,lockin,binary,,,29.997396,8,8,1,0.586401,,0.586401,frame_00000.png,frame_00119.png,r120_e250_f1.mp4,120 Hz,1/250,蛍光灯あり,60.003 fps,120,250,1,26,rice,B,B,12,,,frame_00000.png,frame_00119.png,,120,1.999913
rice_B_12,lockin,0,0,QR未検出,,lockin,binary,,,10.002604,8,8,1,0.579897,,0.579897,frame_00000.png,frame_00119.png,r120_e250_f1.mp4,120 Hz,1/250,蛍光灯あり,60.003 fps,120,250,1,26,rice,B,B,12,,,frame_00000.png,frame_00119.png,,120,1.999913
rice_B_12,lockin,0,0,QR未検出,,lockin,binary,,,29.997396,4,8,1,0.571135,,0.571135,frame_00000.png,frame_00119.png,r120_e250_f1.mp4,120 Hz,1/250,蛍光灯あり,60.003 fps,120,250,1,26,rice,B,B,12,,,frame_00000.png,frame_00119.png,,120,1.999913
rice_B_12,lockin,0,0,QR未検出,,lockin,binary,,,15.000000,8,8,1,0.556849,,0.556849,frame_00000.png,frame_00119.png,r120_e250_f1.mp4,120 Hz,1/250,蛍光灯あり,60.003 fps,120,250,1,26,rice,B,B,12,,,frame_00000.png,frame_00119.png,,120,1.999913
rice_B_12,lockin,0,0,QR未検出,,lockin,binary,,,15.000000,12,8,1,0.549057,,0.549057,frame_00000.png,frame_00119.png,r120_e250_f1.mp4,120 Hz,1/250,蛍光灯あり,60.003 fps,120,250,1,26,rice,B,B,12,,,frame_00000.png,frame_00119.png,,120,1.999913
rice_B_12,lockin,0,0,QR未検出,,lockin,binary,,,10.002604,12,8,1,0.509193,,0.509193,frame_00000.png,frame_00119.png,r120_e250_f1.mp4,120 Hz,1/250,蛍光灯あり,60.003 fps,120,250,1,26,rice,B,B,12,,,frame_00000.png,frame_00119.png,,120,1.999913
nagaoka_fireworks_B_4,lockin,0,0,QR未検出,,lockin,binary,,,15.000000,12,8,1,0.616654,,0.616654,frame_00000.png,frame_00119.png,r120_e250_f1.mp4,120 Hz,1/250,蛍光灯あり,60.003 fps,120,250,1,27,nagaoka_fireworks,B,B,4,,,frame_00000.png,frame_00119.png,,120,1.999913
nagaoka_fireworks_B_4,lockin,0,0,QR未検出,,lockin,binary,,,29.997396,12,8,1,0.603748,,0.603748,frame_00000.png,frame_00119.png,r120_e250_f1.mp4,120 Hz,1/250,蛍光灯あり,60.003 fps,120,250,1,27,nagaoka_fireworks,B,B,4,,,frame_00000.png,frame_00119.png,,120,1.999913
nagaoka_fireworks_B_4,lockin,0,0,QR未検出,,lockin,binary,,,10.002604,4,8,1,0.586061,,0.586061,frame_00000.png,frame_00119.png,r120_e250_f1.mp4,120 Hz,1/250,蛍光灯あり,60.003 fps,120,250,1,27,nagaoka_fireworks,B,B,4,,,frame_00000.png,frame_00119.png,,120,1.999913
nagaoka_fireworks_B_4,lockin,0,0,QR未検出,,lockin,binary,,,15.000000,8,8,1,0.563261,,0.563261,frame_00000.png,frame_00119.png,r120_e250_f1.mp4,120 Hz,1/250,蛍光灯あり,60.003 fps,120,250,1,27,nagaoka_fireworks,B,B,4,,,frame_00000.png,frame_00119.png,,120,1.999913
nagaoka_fireworks_B_4,lockin,0,0,QR未検出,,lockin,binary,,,29.997396,8,8,1,0.549936,,0.549936,frame_00000.png,frame_00119.png,r120_e250_f1.mp4,120 Hz,1/250,蛍光灯あり,60.003 fps,120,250,1,27,nagaoka_fireworks,B,B,4,,,frame_00000.png,frame_00119.png,,120,1.999913
nagaoka_fireworks_B_4,lockin,0,0,QR未検出,,lockin,binary,,,29.997396,4,8,1,0.532136,,0.532136,frame_00000.png,frame_00119.png,r120_e250_f1.mp4,120 Hz,1/250,蛍光灯あり,60.003 fps,120,250,1,27,nagaoka_fireworks,B,B,4,,,frame_00000.png,frame_00119.png,,120,1.999913
nagaoka_fireworks_B_4,lockin,0,0,QR未検出,,lockin,binary,,,10.002604,8,8,1,0.527078,,0.527078,frame_00000.png,frame_00119.png,r120_e250_f1.mp4,120 Hz,1/250,蛍光灯あり,60.003 fps,120,250,1,27,nagaoka_fireworks,B,B,4,,,frame_00000.png,frame_00119.png,,120,1.999913
nagaoka_fireworks_B_4,lockin,0,0,QR未検出,,lockin,binary,,,15.000000,4,8,1,0.523811,,0.523811,frame_00000.png,frame_00119.png,r120_e250_f1.mp4,120 Hz,1/250,蛍光灯あり,60.003 fps,120,250,1,27,nagaoka_fireworks,B,B,4,,,frame_00000.png,frame_00119.png,,120,1.999913
nagaoka_fireworks_B_4,lockin,0,0,QR未検出,,lockin,binary,,,10.002604,12,8,1,0.516837,,0.516837,frame_00000.png,frame_00119.png,r120_e250_f1.mp4,120 Hz,1/250,蛍光灯あり,60.003 fps,120,250,1,27,nagaoka_fireworks,B,B,4,,,frame_00000.png,frame_00119.png,,120,1.999913
nagaoka_fireworks_B_8,lockin,0,0,QR未検出,,lockin,binary,,,29.997396,12,8,1,0.611655,,0.611655,frame_00000.png,frame_00119.png,r120_e250_f1.mp4,120 Hz,1/250,蛍光灯あり,60.003 fps,120,250,1,28,nagaoka_fireworks,B,B,8,,,frame_00000.png,frame_00119.png,,120,1.999913
nagaoka_fireworks_B_8,lockin,0,0,QR未検出,,lockin,binary,,,10.002604,4,8,1,0.578956,,0.578956,frame_00000.png,frame_00119.png,r120_e250_f1.mp4,120 Hz,1/250,蛍光灯あり,60.003 fps,120,250,1,28,nagaoka_fireworks,B,B,8,,,frame_00000.png,frame_00119.png,,120,1.999913
nagaoka_fireworks_B_8,lockin,0,0,QR未検出,,lockin,binary,,,15.000000,4,8,1,0.571714,,0.571714,frame_00000.png,frame_00119.png,r120_e250_f1.mp4,120 Hz,1/250,蛍光灯あり,60.003 fps,120,250,1,28,nagaoka_fireworks,B,B,8,,,frame_00000.png,frame_00119.png,,120,1.999913
nagaoka_fireworks_B_8,lockin,0,0,QR未検出,,lockin,binary,,,29.997396,8,8,1,0.565562,,0.565562,frame_00000.png,frame_00119.png,r120_e250_f1.mp4,120 Hz,1/250,蛍光灯あり,60.003 fps,120,250,1,28,nagaoka_fireworks,B,B,8,,,frame_00000.png,frame_00119.png,,120,1.999913
nagaoka_fireworks_B_8,lockin,0,0,QR未検出,,lockin,binary,,,15.000000,12,8,1,0.541035,,0.541035,frame_00000.png,frame_00119.png,r120_e250_f1.mp4,120 Hz,1/250,蛍光灯あり,60.003 fps,120,250,1,28,nagaoka_fireworks,B,B,8,,,frame_00000.png,frame_00119.png,,120,1.999913
nagaoka_fireworks_B_8,lockin,0,0,QR未検出,,lockin,binary,,,10.002604,12,8,1,0.525753,,0.525753,frame_00000.png,frame_00119.png,r120_e250_f1.mp4,120 Hz,1/250,蛍光灯あり,60.003 fps,120,250,1,28,nagaoka_fireworks,B,B,8,,,frame_00000.png,frame_00119.png,,120,1.999913
nagaoka_fireworks_B_8,lockin,0,0,QR未検出,,lockin,binary,,,29.997396,4,8,1,0.523430,,0.523430,frame_00000.png,frame_00119.png,r120_e250_f1.mp4,120 Hz,1/250,蛍光灯あり,60.003 fps,120,250,1,28,nagaoka_fireworks,B,B,8,,,frame_00000.png,frame_00119.png,,120,1.999913
nagaoka_fireworks_B_8,lockin,0,0,QR未検出,,lockin,binary,,,10.002604,8,8,1,0.520049,,0.520049,frame_00000.png,frame_00119.png,r120_e250_f1.mp4,120 Hz,1/250,蛍光灯あり,60.003 fps,120,250,1,28,nagaoka_fireworks,B,B,8,,,frame_00000.png,frame_00119.png,,120,1.999913
nagaoka_fireworks_B_8,lockin,0,0,QR未検出,,lockin,binary,,,15.000000,8,8,1,0.508622,,0.508622,frame_00000.png,frame_00119.png,r120_e250_f1.mp4,120 Hz,1/250,蛍光灯あり,60.003 fps,120,250,1,28,nagaoka_fireworks,B,B,8,,,frame_00000.png,frame_00119.png,,120,1.999913
nagaoka_fireworks_B_12,lockin,0,0,QR未検出,,lockin,binary,,,29.997396,12,8,1,0.607381,,0.607381,frame_00000.png,frame_00119.png,r120_e250_f1.mp4,120 Hz,1/250,蛍光灯あり,60.003 fps,120,250,1,29,nagaoka_fireworks,B,B,12,,,frame_00000.png,frame_00119.png,,120,1.999913
nagaoka_fireworks_B_12,lockin,0,0,QR未検出,,lockin,binary,,,10.002604,4,8,1,0.576798,,0.576798,frame_00000.png,frame_00119.png,r120_e250_f1.mp4,120 Hz,1/250,蛍光灯あり,60.003 fps,120,250,1,29,nagaoka_fireworks,B,B,12,,,frame_00000.png,frame_00119.png,,120,1.999913
nagaoka_fireworks_B_12,lockin,0,0,QR未検出,,lockin,binary,,,15.000000,4,8,1,0.569679,,0.569679,frame_00000.png,frame_00119.png,r120_e250_f1.mp4,120 Hz,1/250,蛍光灯あり,60.003 fps,120,250,1,29,nagaoka_fireworks,B,B,12,,,frame_00000.png,frame_00119.png,,120,1.999913
nagaoka_fireworks_B_12,lockin,0,0,QR未検出,,lockin,binary,,,29.997396,8,8,1,0.557281,,0.557281,frame_00000.png,frame_00119.png,r120_e250_f1.mp4,120 Hz,1/250,蛍光灯あり,60.003 fps,120,250,1,29,nagaoka_fireworks,B,B,12,,,frame_00000.png,frame_00119.png,,120,1.999913
nagaoka_fireworks_B_12,lockin,0,0,QR未検出,,lockin,binary,,,15.000000,12,8,1,0.535359,,0.535359,frame_00000.png,frame_00119.png,r120_e250_f1.mp4,120 Hz,1/250,蛍光灯あり,60.003 fps,120,250,1,29,nagaoka_fireworks,B,B,12,,,frame_00000.png,frame_00119.png,,120,1.999913
nagaoka_fireworks_B_12,lockin,0,0,QR未検出,,lockin,binary,,,10.002604,12,8,1,0.535210,,0.535210,frame_00000.png,frame_00119.png,r120_e250_f1.mp4,120 Hz,1/250,蛍光灯あり,60.003 fps,120,250,1,29,nagaoka_fireworks,B,B,12,,,frame_00000.png,frame_00119.png,,120,1.999913
nagaoka_fireworks_B_12,lockin,0,0,QR未検出,,lockin,binary,,,29.997396,4,8,1,0.517016,,0.517016,frame_00000.png,frame_00119.png,r120_e250_f1.mp4,120 Hz,1/250,蛍光灯あり,60.003 fps,120,250,1,29,nagaoka_fireworks,B,B,12,,,frame_00000.png,frame_00119.png,,120,1.999913
nagaoka_fireworks_B_12,lockin,0,0,QR未検出,,lockin,binary,,,10.002604,8,8,1,0.512204,,0.512204,frame_00000.png,frame_00119.png,r120_e250_f1.mp4,120 Hz,1/250,蛍光灯あり,60.003 fps,120,250,1,29,nagaoka_fireworks,B,B,12,,,frame_00000.png,frame_00119.png,,120,1.999913
nagaoka_fireworks_B_12,lockin,0,0,QR未検出,,lockin,binary,,,15.000000,8,8,1,0.510701,,0.510701,frame_00000.png,frame_00119.png,r120_e250_f1.mp4,120 Hz,1/250,蛍光灯あり,60.003 fps,120,250,1,29,nagaoka_fireworks,B,B,12,,,frame_00000.png,frame_00119.png,,120,1.999913
hocho_B_4,lockin,0,0,QR未検出,,lockin,binary,,,10.002604,4,8,1,0.641988,,0.641988,frame_00000.png,frame_00119.png,r120_e250_f1.mp4,120 Hz,1/250,蛍光灯あり,60.003 fps,120,250,1,30,hocho,B,B,4,,,frame_00000.png,frame_00119.png,,120,1.999913
hocho_B_4,lockin,0,0,QR未検出,,lockin,binary,,,15.000000,4,8,1,0.639330,,0.639330,frame_00000.png,frame_00119.png,r120_e250_f1.mp4,120 Hz,1/250,蛍光灯あり,60.003 fps,120,250,1,30,hocho,B,B,4,,,frame_00000.png,frame_00119.png,,120,1.999913
hocho_B_4,lockin,0,0,QR未検出,,lockin,binary,,,10.002604,8,8,1,0.612427,,0.612427,frame_00000.png,frame_00119.png,r120_e250_f1.mp4,120 Hz,1/250,蛍光灯あり,60.003 fps,120,250,1,30,hocho,B,B,4,,,frame_00000.png,frame_00119.png,,120,1.999913
hocho_B_4,lockin,0,0,QR未検出,,lockin,binary,,,29.997396,4,8,1,0.611085,,0.611085,frame_00000.png,frame_00119.png,r120_e250_f1.mp4,120 Hz,1/250,蛍光灯あり,60.003 fps,120,250,1,30,hocho,B,B,4,,,frame_00000.png,frame_00119.png,,120,1.999913
hocho_B_4,lockin,0,0,QR未検出,,lockin,binary,,,15.000000,8,8,1,0.606964,,0.606964,frame_00000.png,frame_00119.png,r120_e250_f1.mp4,120 Hz,1/250,蛍光灯あり,60.003 fps,120,250,1,30,hocho,B,B,4,,,frame_00000.png,frame_00119.png,,120,1.999913
hocho_B_4,lockin,0,0,QR未検出,,lockin,binary,,,29.997396,12,8,1,0.585038,,0.585038,frame_00000.png,frame_00119.png,r120_e250_f1.mp4,120 Hz,1/250,蛍光灯あり,60.003 fps,120,250,1,30,hocho,B,B,4,,,frame_00000.png,frame_00119.png,,120,1.999913
hocho_B_4,lockin,0,0,QR未検出,,lockin,binary,,,10.002604,12,8,1,0.547315,,0.547315,frame_00000.png,frame_00119.png,r120_e250_f1.mp4,120 Hz,1/250,蛍光灯あり,60.003 fps,120,250,1,30,hocho,B,B,4,,,frame_00000.png,frame_00119.png,,120,1.999913
hocho_B_4,lockin,0,0,QR未検出,,lockin,binary,,,15.000000,12,8,1,0.538715,,0.538715,frame_00000.png,frame_00119.png,r120_e250_f1.mp4,120 Hz,1/250,蛍光灯あり,60.003 fps,120,250,1,30,hocho,B,B,4,,,frame_00000.png,frame_00119.png,,120,1.999913
hocho_B_4,lockin,0,0,QR未検出,,lockin,binary,,,29.997396,8,8,1,0.503219,,0.503219,frame_00000.png,frame_00119.png,r120_e250_f1.mp4,120 Hz,1/250,蛍光灯あり,60.003 fps,120,250,1,30,hocho,B,B,4,,,frame_00000.png,frame_00119.png,,120,1.999913
hocho_B_8,lockin,0,0,QR未検出,,lockin,binary,,,10.002604,4,8,1,0.639545,,0.639545,frame_00000.png,frame_00119.png,r120_e250_f1.mp4,120 Hz,1/250,蛍光灯あり,60.003 fps,120,250,1,31,hocho,B,B,8,,,frame_00000.png,frame_00119.png,,120,1.999913
hocho_B_8,lockin,0,0,QR未検出,,lockin,binary,,,15.000000,4,8,1,0.639218,,0.639218,frame_00000.png,frame_00119.png,r120_e250_f1.mp4,120 Hz,1/250,蛍光灯あり,60.003 fps,120,250,1,31,hocho,B,B,8,,,frame_00000.png,frame_00119.png,,120,1.999913
hocho_B_8,lockin,0,0,QR未検出,,lockin,binary,,,29.997396,4,8,1,0.620372,,0.620372,frame_00000.png,frame_00119.png,r120_e250_f1.mp4,120 Hz,1/250,蛍光灯あり,60.003 fps,120,250,1,31,hocho,B,B,8,,,frame_00000.png,frame_00119.png,,120,1.999913
hocho_B_8,lockin,0,0,QR未検出,,lockin,binary,,,15.000000,8,8,1,0.611041,,0.611041,frame_00000.png,frame_00119.png,r120_e250_f1.mp4,120 Hz,1/250,蛍光灯あり,60.003 fps,120,250,1,31,hocho,B,B,8,,,frame_00000.png,frame_00119.png,,120,1.999913
hocho_B_8,lockin,0,0,QR未検出,,lockin,binary,,,10.002604,8,8,1,0.606557,,0.606557,frame_00000.png,frame_00119.png,r120_e250_f1.mp4,120 Hz,1/250,蛍光灯あり,60.003 fps,120,250,1,31,hocho,B,B,8,,,frame_00000.png,frame_00119.png,,120,1.999913
hocho_B_8,lockin,0,0,QR未検出,,lockin,binary,,,29.997396,12,8,1,0.561574,,0.561574,frame_00000.png,frame_00119.png,r120_e250_f1.mp4,120 Hz,1/250,蛍光灯あり,60.003 fps,120,250,1,31,hocho,B,B,8,,,frame_00000.png,frame_00119.png,,120,1.999913
hocho_B_8,lockin,0,0,QR未検出,,lockin,binary,,,15.000000,12,8,1,0.551195,,0.551195,frame_00000.png,frame_00119.png,r120_e250_f1.mp4,120 Hz,1/250,蛍光灯あり,60.003 fps,120,250,1,31,hocho,B,B,8,,,frame_00000.png,frame_00119.png,,120,1.999913
hocho_B_8,lockin,0,0,QR未検出,,lockin,binary,,,10.002604,12,8,1,0.538844,,0.538844,frame_00000.png,frame_00119.png,r120_e250_f1.mp4,120 Hz,1/250,蛍光灯あり,60.003 fps,120,250,1,31,hocho,B,B,8,,,frame_00000.png,frame_00119.png,,120,1.999913
hocho_B_8,lockin,0,0,QR未検出,,lockin,binary,,,29.997396,8,8,1,0.526980,,0.526980,frame_00000.png,frame_00119.png,r120_e250_f1.mp4,120 Hz,1/250,蛍光灯あり,60.003 fps,120,250,1,31,hocho,B,B,8,,,frame_00000.png,frame_00119.png,,120,1.999913
hocho_B_12,lockin,0,0,QR未検出,,lockin,binary,,,10.002604,4,8,1,0.636770,,0.636770,frame_00000.png,frame_00119.png,r120_e250_f1.mp4,120 Hz,1/250,蛍光灯あり,60.003 fps,120,250,1,32,hocho,B,B,12,,,frame_00000.png,frame_00119.png,,120,1.999913
hocho_B_12,lockin,0,0,QR未検出,,lockin,binary,,,29.997396,12,8,1,0.635708,,0.635708,frame_00000.png,frame_00119.png,r120_e250_f1.mp4,120 Hz,1/250,蛍光灯あり,60.003 fps,120,250,1,32,hocho,B,B,12,,,frame_00000.png,frame_00119.png,,120,1.999913
hocho_B_12,lockin,0,0,QR未検出,,lockin,binary,,,15.000000,4,8,1,0.635027,,0.635027,frame_00000.png,frame_00119.png,r120_e250_f1.mp4,120 Hz,1/250,蛍光灯あり,60.003 fps,120,250,1,32,hocho,B,B,12,,,frame_00000.png,frame_00119.png,,120,1.999913
hocho_B_12,lockin,0,0,QR未検出,,lockin,binary,,,29.997396,4,8,1,0.609491,,0.609491,frame_00000.png,frame_00119.png,r120_e250_f1.mp4,120 Hz,1/250,蛍光灯あり,60.003 fps,120,250,1,32,hocho,B,B,12,,,frame_00000.png,frame_00119.png,,120,1.999913
hocho_B_12,lockin,0,0,QR未検出,,lockin,binary,,,10.002604,8,8,1,0.604833,,0.604833,frame_00000.png,frame_00119.png,r120_e250_f1.mp4,120 Hz,1/250,蛍光灯あり,60.003 fps,120,250,1,32,hocho,B,B,12,,,frame_00000.png,frame_00119.png,,120,1.999913
hocho_B_12,lockin,0,0,QR未検出,,lockin,binary,,,15.000000,8,8,1,0.600480,,0.600480,frame_00000.png,frame_00119.png,r120_e250_f1.mp4,120 Hz,1/250,蛍光灯あり,60.003 fps,120,250,1,32,hocho,B,B,12,,,frame_00000.png,frame_00119.png,,120,1.999913
hocho_B_12,lockin,0,0,QR未検出,,lockin,binary,,,10.002604,12,8,1,0.532840,,0.532840,frame_00000.png,frame_00119.png,r120_e250_f1.mp4,120 Hz,1/250,蛍光灯あり,60.003 fps,120,250,1,32,hocho,B,B,12,,,frame_00000.png,frame_00119.png,,120,1.999913
hocho_B_12,lockin,0,0,QR未検出,,lockin,binary,,,15.000000,12,8,1,0.525323,,0.525323,frame_00000.png,frame_00119.png,r120_e250_f1.mp4,120 Hz,1/250,蛍光灯あり,60.003 fps,120,250,1,32,hocho,B,B,12,,,frame_00000.png,frame_00119.png,,120,1.999913
hocho_B_12,lockin,0,0,QR未検出,,lockin,binary,,,29.997396,8,8,1,0.510435,,0.510435,frame_00000.png,frame_00119.png,r120_e250_f1.mp4,120 Hz,1/250,蛍光灯あり,60.003 fps,120,250,1,32,hocho,B,B,12,,,frame_00000.png,frame_00119.png,,120,1.999913
ex_B_4,lockin,0,0,QR未検出,,lockin,binary,,,10.002604,4,8,1,0.642224,,0.642224,frame_00000.png,frame_00119.png,r120_e250_f1.mp4,120 Hz,1/250,蛍光灯あり,60.003 fps,120,250,1,33,ex,B,B,4,,,frame_00000.png,frame_00119.png,,120,1.999913
ex_B_4,lockin,0,0,QR未検出,,lockin,binary,,,15.000000,4,8,1,0.635565,,0.635565,frame_00000.png,frame_00119.png,r120_e250_f1.mp4,120 Hz,1/250,蛍光灯あり,60.003 fps,120,250,1,33,ex,B,B,4,,,frame_00000.png,frame_00119.png,,120,1.999913
ex_B_4,lockin,0,0,QR未検出,,lockin,binary,,,10.002604,8,8,1,0.629299,,0.629299,frame_00000.png,frame_00119.png,r120_e250_f1.mp4,120 Hz,1/250,蛍光灯あり,60.003 fps,120,250,1,33,ex,B,B,4,,,frame_00000.png,frame_00119.png,,120,1.999913
ex_B_4,lockin,0,0,QR未検出,,lockin,binary,,,29.997396,4,8,1,0.617396,,0.617396,frame_00000.png,frame_00119.png,r120_e250_f1.mp4,120 Hz,1/250,蛍光灯あり,60.003 fps,120,250,1,33,ex,B,B,4,,,frame_00000.png,frame_00119.png,,120,1.999913
ex_B_4,lockin,0,0,QR未検出,,lockin,binary,,,10.002604,12,8,1,0.609874,,0.609874,frame_00000.png,frame_00119.png,r120_e250_f1.mp4,120 Hz,1/250,蛍光灯あり,60.003 fps,120,250,1,33,ex,B,B,4,,,frame_00000.png,frame_00119.png,,120,1.999913
ex_B_4,lockin,0,0,QR未検出,,lockin,binary,,,15.000000,8,8,1,0.608501,,0.608501,frame_00000.png,frame_00119.png,r120_e250_f1.mp4,120 Hz,1/250,蛍光灯あり,60.003 fps,120,250,1,33,ex,B,B,4,,,frame_00000.png,frame_00119.png,,120,1.999913
ex_B_4,lockin,0,0,QR未検出,,lockin,binary,,,29.997396,12,8,1,0.585043,,0.585043,frame_00000.png,frame_00119.png,r120_e250_f1.mp4,120 Hz,1/250,蛍光灯あり,60.003 fps,120,250,1,33,ex,B,B,4,,,frame_00000.png,frame_00119.png,,120,1.999913
ex_B_4,lockin,0,0,QR未検出,,lockin,binary,,,15.000000,12,8,1,0.554340,,0.554340,frame_00000.png,frame_00119.png,r120_e250_f1.mp4,120 Hz,1/250,蛍光灯あり,60.003 fps,120,250,1,33,ex,B,B,4,,,frame_00000.png,frame_00119.png,,120,1.999913
ex_B_4,lockin,0,0,QR未検出,,lockin,binary,,,29.997396,8,8,1,0.521943,,0.521943,frame_00000.png,frame_00119.png,r120_e250_f1.mp4,120 Hz,1/250,蛍光灯あり,60.003 fps,120,250,1,33,ex,B,B,4,,,frame_00000.png,frame_00119.png,,120,1.999913
ex_B_8,lockin,0,0,QR未検出,,lockin,binary,,,15.000000,4,8,1,0.635279,,0.635279,frame_00000.png,frame_00119.png,r120_e250_f1.mp4,120 Hz,1/250,蛍光灯あり,60.003 fps,120,250,1,34,ex,B,B,8,,,frame_00000.png,frame_00119.png,,120,1.999913
ex_B_8,lockin,0,0,QR未検出,,lockin,binary,,,10.002604,4,8,1,0.630741,,0.630741,frame_00000.png,frame_00119.png,r120_e250_f1.mp4,120 Hz,1/250,蛍光灯あり,60.003 fps,120,250,1,34,ex,B,B,8,,,frame_00000.png,frame_00119.png,,120,1.999913
ex_B_8,lockin,0,0,QR未検出,,lockin,binary,,,29.997396,4,8,1,0.614570,,0.614570,frame_00000.png,frame_00119.png,r120_e250_f1.mp4,120 Hz,1/250,蛍光灯あり,60.003 fps,120,250,1,34,ex,B,B,8,,,frame_00000.png,frame_00119.png,,120,1.999913
ex_B_8,lockin,0,0,QR未検出,,lockin,binary,,,15.000000,8,8,1,0.613555,,0.613555,frame_00000.png,frame_00119.png,r120_e250_f1.mp4,120 Hz,1/250,蛍光灯あり,60.003 fps,120,250,1,34,ex,B,B,8,,,frame_00000.png,frame_00119.png,,120,1.999913
ex_B_8,lockin,0,0,QR未検出,,lockin,binary,,,10.002604,8,8,1,0.595469,,0.595469,frame_00000.png,frame_00119.png,r120_e250_f1.mp4,120 Hz,1/250,蛍光灯あり,60.003 fps,120,250,1,34,ex,B,B,8,,,frame_00000.png,frame_00119.png,,120,1.999913
ex_B_8,lockin,0,0,QR未検出,,lockin,binary,,,29.997396,12,8,1,0.594348,,0.594348,frame_00000.png,frame_00119.png,r120_e250_f1.mp4,120 Hz,1/250,蛍光灯あり,60.003 fps,120,250,1,34,ex,B,B,8,,,frame_00000.png,frame_00119.png,,120,1.999913
ex_B_8,lockin,0,0,QR未検出,,lockin,binary,,,15.000000,12,8,1,0.571696,,0.571696,frame_00000.png,frame_00119.png,r120_e250_f1.mp4,120 Hz,1/250,蛍光灯あり,60.003 fps,120,250,1,34,ex,B,B,8,,,frame_00000.png,frame_00119.png,,120,1.999913
ex_B_8,lockin,0,0,QR未検出,,lockin,binary,,,29.997396,8,8,1,0.514020,,0.514020,frame_00000.png,frame_00119.png,r120_e250_f1.mp4,120 Hz,1/250,蛍光灯あり,60.003 fps,120,250,1,34,ex,B,B,8,,,frame_00000.png,frame_00119.png,,120,1.999913
ex_B_8,lockin,0,0,QR未検出,,lockin,binary,,,10.002604,12,8,1,0.506936,,0.506936,frame_00000.png,frame_00119.png,r120_e250_f1.mp4,120 Hz,1/250,蛍光灯あり,60.003 fps,120,250,1,34,ex,B,B,8,,,frame_00000.png,frame_00119.png,,120,1.999913
ex_B_12,lockin,0,0,QR未検出,,lockin,binary,,,10.002604,4,8,1,0.639508,,0.639508,frame_00000.png,frame_00119.png,r120_e250_f1.mp4,120 Hz,1/250,蛍光灯あり,60.003 fps,120,250,1,35,ex,B,B,12,,,frame_00000.png,frame_00119.png,,120,1.999913
ex_B_12,lockin,0,0,QR未検出,,lockin,binary,,,15.000000,4,8,1,0.637517,,0.637517,frame_00000.png,frame_00119.png,r120_e250_f1.mp4,120 Hz,1/250,蛍光灯あり,60.003 fps,120,250,1,35,ex,B,B,12,,,frame_00000.png,frame_00119.png,,120,1.999913
ex_B_12,lockin,0,0,QR未検出,,lockin,binary,,,29.997396,4,8,1,0.627929,,0.627929,frame_00000.png,frame_00119.png,r120_e250_f1.mp4,120 Hz,1/250,蛍光灯あり,60.003 fps,120,250,1,35,ex,B,B,12,,,frame_00000.png,frame_00119.png,,120,1.999913
ex_B_12,lockin,0,0,QR未検出,,lockin,binary,,,10.002604,8,8,1,0.623315,,0.623315,frame_00000.png,frame_00119.png,r120_e250_f1.mp4,120 Hz,1/250,蛍光灯あり,60.003 fps,120,250,1,35,ex,B,B,12,,,frame_00000.png,frame_00119.png,,120,1.999913
ex_B_12,lockin,0,0,QR未検出,,lockin,binary,,,15.000000,8,8,1,0.614537,,0.614537,frame_00000.png,frame_00119.png,r120_e250_f1.mp4,120 Hz,1/250,蛍光灯あり,60.003 fps,120,250,1,35,ex,B,B,12,,,frame_00000.png,frame_00119.png,,120,1.999913
ex_B_12,lockin,0,0,QR未検出,,lockin,binary,,,10.002604,12,8,1,0.591756,,0.591756,frame_00000.png,frame_00119.png,r120_e250_f1.mp4,120 Hz,1/250,蛍光灯あり,60.003 fps,120,250,1,35,ex,B,B,12,,,frame_00000.png,frame_00119.png,,120,1.999913
ex_B_12,lockin,0,0,QR未検出,,lockin,binary,,,29.997396,8,8,1,0.569497,,0.569497,frame_00000.png,frame_00119.png,r120_e250_f1.mp4,120 Hz,1/250,蛍光灯あり,60.003 fps,120,250,1,35,ex,B,B,12,,,frame_00000.png,frame_00119.png,,120,1.999913
ex_B_12,lockin,0,0,QR未検出,,lockin,binary,,,15.000000,12,8,1,0.562390,,0.562390,frame_00000.png,frame_00119.png,r120_e250_f1.mp4,120 Hz,1/250,蛍光灯あり,60.003 fps,120,250,1,35,ex,B,B,12,,,frame_00000.png,frame_00119.png,,120,1.999913
ex_B_12,lockin,0,0,QR未検出,,lockin,binary,,,29.997396,12,8,1,0.541593,,0.541593,frame_00000.png,frame_00119.png,r120_e250_f1.mp4,120 Hz,1/250,蛍光灯あり,60.003 fps,120,250,1,35,ex,B,B,12,,,frame_00000.png,frame_00119.png,,120,1.999913
rice_I_4,lockin,0,0,QR未検出,,lockin,binary,,,10.002604,4,8,1,0.630170,,0.630170,frame_00000.png,frame_00119.png,r120_e250_f1.mp4,120 Hz,1/250,蛍光灯あり,60.003 fps,120,250,1,36,rice,min,I,4,,,frame_00000.png,frame_00119.png,,120,1.999913
rice_I_4,lockin,0,0,QR未検出,,lockin,binary,,,15.000000,4,8,1,0.621998,,0.621998,frame_00000.png,frame_00119.png,r120_e250_f1.mp4,120 Hz,1/250,蛍光灯あり,60.003 fps,120,250,1,36,rice,min,I,4,,,frame_00000.png,frame_00119.png,,120,1.999913
rice_I_4,lockin,0,0,QR未検出,,lockin,binary,,,29.997396,12,8,1,0.618964,,0.618964,frame_00000.png,frame_00119.png,r120_e250_f1.mp4,120 Hz,1/250,蛍光灯あり,60.003 fps,120,250,1,36,rice,min,I,4,,,frame_00000.png,frame_00119.png,,120,1.999913
rice_I_4,lockin,0,0,QR未検出,,lockin,binary,,,29.997396,4,8,1,0.579211,,0.579211,frame_00000.png,frame_00119.png,r120_e250_f1.mp4,120 Hz,1/250,蛍光灯あり,60.003 fps,120,250,1,36,rice,min,I,4,,,frame_00000.png,frame_00119.png,,120,1.999913
rice_I_4,lockin,0,0,QR未検出,,lockin,binary,,,10.002604,8,8,1,0.579062,,0.579062,frame_00000.png,frame_00119.png,r120_e250_f1.mp4,120 Hz,1/250,蛍光灯あり,60.003 fps,120,250,1,36,rice,min,I,4,,,frame_00000.png,frame_00119.png,,120,1.999913
rice_I_4,lockin,0,0,QR未検出,,lockin,binary,,,15.000000,8,8,1,0.573542,,0.573542,frame_00000.png,frame_00119.png,r120_e250_f1.mp4,120 Hz,1/250,蛍光灯あり,60.003 fps,120,250,1,36,rice,min,I,4,,,frame_00000.png,frame_00119.png,,120,1.999913
rice_I_4,lockin,0,0,QR未検出,,lockin,binary,,,29.997396,8,8,1,0.559485,,0.559485,frame_00000.png,frame_00119.png,r120_e250_f1.mp4,120 Hz,1/250,蛍光灯あり,60.003 fps,120,250,1,36,rice,min,I,4,,,frame_00000.png,frame_00119.png,,120,1.999913
rice_I_4,lockin,0,0,QR未検出,,lockin,binary,,,10.002604,12,8,1,0.510019,,0.510019,frame_00000.png,frame_00119.png,r120_e250_f1.mp4,120 Hz,1/250,蛍光灯あり,60.003 fps,120,250,1,36,rice,min,I,4,,,frame_00000.png,frame_00119.png,,120,1.999913
rice_I_4,lockin,0,0,QR未検出,,lockin,binary,,,15.000000,12,8,1,0.506773,,0.506773,frame_00000.png,frame_00119.png,r120_e250_f1.mp4,120 Hz,1/250,蛍光灯あり,60.003 fps,120,250,1,36,rice,min,I,4,,,frame_00000.png,frame_00119.png,,120,1.999913
rice_I_8,lockin,0,0,QR未検出,,lockin,binary,,,29.997396,12,8,1,0.638369,,0.638369,frame_00000.png,frame_00119.png,r120_e250_f1.mp4,120 Hz,1/250,蛍光灯あり,60.003 fps,120,250,1,37,rice,min,I,8,,,frame_00000.png,frame_00119.png,,120,1.999913
rice_I_8,lockin,0,0,QR未検出,,lockin,binary,,,15.000000,4,8,1,0.618266,,0.618266,frame_00000.png,frame_00119.png,r120_e250_f1.mp4,120 Hz,1/250,蛍光灯あり,60.003 fps,120,250,1,37,rice,min,I,8,,,frame_00000.png,frame_00119.png,,120,1.999913
rice_I_8,lockin,0,0,QR未検出,,lockin,binary,,,29.997396,8,8,1,0.617280,,0.617280,frame_00000.png,frame_00119.png,r120_e250_f1.mp4,120 Hz,1/250,蛍光灯あり,60.003 fps,120,250,1,37,rice,min,I,8,,,frame_00000.png,frame_00119.png,,120,1.999913
rice_I_8,lockin,0,0,QR未検出,,lockin,binary,,,10.002604,4,8,1,0.610882,,0.610882,frame_00000.png,frame_00119.png,r120_e250_f1.mp4,120 Hz,1/250,蛍光灯あり,60.003 fps,120,250,1,37,rice,min,I,8,,,frame_00000.png,frame_00119.png,,120,1.999913
rice_I_8,lockin,0,0,QR未検出,,lockin,binary,,,10.002604,12,8,1,0.574331,,0.574331,frame_00000.png,frame_00119.png,r120_e250_f1.mp4,120 Hz,1/250,蛍光灯あり,60.003 fps,120,250,1,37,rice,min,I,8,,,frame_00000.png,frame_00119.png,,120,1.999913
rice_I_8,lockin,0,0,QR未検出,,lockin,binary,,,15.000000,8,8,1,0.572888,,0.572888,frame_00000.png,frame_00119.png,r120_e250_f1.mp4,120 Hz,1/250,蛍光灯あり,60.003 fps,120,250,1,37,rice,min,I,8,,,frame_00000.png,frame_00119.png,,120,1.999913
rice_I_8,lockin,0,0,QR未検出,,lockin,binary,,,10.002604,8,8,1,0.535487,,0.535487,frame_00000.png,frame_00119.png,r120_e250_f1.mp4,120 Hz,1/250,蛍光灯あり,60.003 fps,120,250,1,37,rice,min,I,8,,,frame_00000.png,frame_00119.png,,120,1.999913
rice_I_8,lockin,0,0,QR未検出,,lockin,binary,,,15.000000,12,8,1,0.516438,,0.516438,frame_00000.png,frame_00119.png,r120_e250_f1.mp4,120 Hz,1/250,蛍光灯あり,60.003 fps,120,250,1,37,rice,min,I,8,,,frame_00000.png,frame_00119.png,,120,1.999913
rice_I_8,lockin,0,0,QR未検出,,lockin,binary,,,29.997396,4,8,1,0.510435,,0.510435,frame_00000.png,frame_00119.png,r120_e250_f1.mp4,120 Hz,1/250,蛍光灯あり,60.003 fps,120,250,1,37,rice,min,I,8,,,frame_00000.png,frame_00119.png,,120,1.999913
rice_I_12,lockin,0,0,QR未検出,,lockin,binary,,,10.002604,4,8,1,0.630378,,0.630378,frame_00000.png,frame_00119.png,r120_e250_f1.mp4,120 Hz,1/250,蛍光灯あり,60.003 fps,120,250,1,38,rice,min,I,12,,,frame_00000.png,frame_00119.png,,120,1.999913
rice_I_12,lockin,0,0,QR未検出,,lockin,binary,,,29.997396,12,8,1,0.626333,,0.626333,frame_00000.png,frame_00119.png,r120_e250_f1.mp4,120 Hz,1/250,蛍光灯あり,60.003 fps,120,250,1,38,rice,min,I,12,,,frame_00000.png,frame_00119.png,,120,1.999913
rice_I_12,lockin,0,0,QR未検出,,lockin,binary,,,15.000000,4,8,1,0.609566,,0.609566,frame_00000.png,frame_00119.png,r120_e250_f1.mp4,120 Hz,1/250,蛍光灯あり,60.003 fps,120,250,1,38,rice,min,I,12,,,frame_00000.png,frame_00119.png,,120,1.999913
rice_I_12,lockin,0,0,QR未検出,,lockin,binary,,,10.002604,8,8,1,0.580926,,0.580926,frame_00000.png,frame_00119.png,r120_e250_f1.mp4,120 Hz,1/250,蛍光灯あり,60.003 fps,120,250,1,38,rice,min,I,12,,,frame_00000.png,frame_00119.png,,120,1.999913
rice_I_12,lockin,0,0,QR未検出,,lockin,binary,,,29.997396,8,8,1,0.572468,,0.572468,frame_00000.png,frame_00119.png,r120_e250_f1.mp4,120 Hz,1/250,蛍光灯あり,60.003 fps,120,250,1,38,rice,min,I,12,,,frame_00000.png,frame_00119.png,,120,1.999913
rice_I_12,lockin,0,0,QR未検出,,lockin,binary,,,29.997396,4,8,1,0.572331,,0.572331,frame_00000.png,frame_00119.png,r120_e250_f1.mp4,120 Hz,1/250,蛍光灯あり,60.003 fps,120,250,1,38,rice,min,I,12,,,frame_00000.png,frame_00119.png,,120,1.999913
rice_I_12,lockin,0,0,QR未検出,,lockin,binary,,,15.000000,12,8,1,0.564153,,0.564153,frame_00000.png,frame_00119.png,r120_e250_f1.mp4,120 Hz,1/250,蛍光灯あり,60.003 fps,120,250,1,38,rice,min,I,12,,,frame_00000.png,frame_00119.png,,120,1.999913
rice_I_12,lockin,0,0,QR未検出,,lockin,binary,,,15.000000,8,8,1,0.542129,,0.542129,frame_00000.png,frame_00119.png,r120_e250_f1.mp4,120 Hz,1/250,蛍光灯あり,60.003 fps,120,250,1,38,rice,min,I,12,,,frame_00000.png,frame_00119.png,,120,1.999913
rice_I_12,lockin,0,0,QR未検出,,lockin,binary,,,10.002604,12,8,1,0.501597,,0.501597,frame_00000.png,frame_00119.png,r120_e250_f1.mp4,120 Hz,1/250,蛍光灯あり,60.003 fps,120,250,1,38,rice,min,I,12,,,frame_00000.png,frame_00119.png,,120,1.999913
nagaoka_fireworks_I_4,lockin,0,0,QR未検出,,lockin,binary,,,29.997396,12,8,1,0.613757,,0.613757,frame_00000.png,frame_00119.png,r120_e250_f1.mp4,120 Hz,1/250,蛍光灯あり,60.003 fps,120,250,1,39,nagaoka_fireworks,min,I,4,,,frame_00000.png,frame_00119.png,,120,1.999913
nagaoka_fireworks_I_4,lockin,0,0,QR未検出,,lockin,binary,,,15.000000,12,8,1,0.606816,,0.606816,frame_00000.png,frame_00119.png,r120_e250_f1.mp4,120 Hz,1/250,蛍光灯あり,60.003 fps,120,250,1,39,nagaoka_fireworks,min,I,4,,,frame_00000.png,frame_00119.png,,120,1.999913
nagaoka_fireworks_I_4,lockin,0,0,QR未検出,,lockin,binary,,,29.997396,8,8,1,0.569987,,0.569987,frame_00000.png,frame_00119.png,r120_e250_f1.mp4,120 Hz,1/250,蛍光灯あり,60.003 fps,120,250,1,39,nagaoka_fireworks,min,I,4,,,frame_00000.png,frame_00119.png,,120,1.999913
nagaoka_fireworks_I_4,lockin,0,0,QR未検出,,lockin,binary,,,10.002604,4,8,1,0.564808,,0.564808,frame_00000.png,frame_00119.png,r120_e250_f1.mp4,120 Hz,1/250,蛍光灯あり,60.003 fps,120,250,1,39,nagaoka_fireworks,min,I,4,,,frame_00000.png,frame_00119.png,,120,1.999913
nagaoka_fireworks_I_4,lockin,0,0,QR未検出,,lockin,binary,,,10.002604,12,8,1,0.553827,,0.553827,frame_00000.png,frame_00119.png,r120_e250_f1.mp4,120 Hz,1/250,蛍光灯あり,60.003 fps,120,250,1,39,nagaoka_fireworks,min,I,4,,,frame_00000.png,frame_00119.png,,120,1.999913
nagaoka_fireworks_I_4,lockin,0,0,QR未検出,,lockin,binary,,,15.000000,8,8,1,0.544018,,0.544018,frame_00000.png,frame_00119.png,r120_e250_f1.mp4,120 Hz,1/250,蛍光灯あり,60.003 fps,120,250,1,39,nagaoka_fireworks,min,I,4,,,frame_00000.png,frame_00119.png,,120,1.999913
nagaoka_fireworks_I_4,lockin,0,0,QR未検出,,lockin,binary,,,15.000000,4,8,1,0.531606,,0.531606,frame_00000.png,frame_00119.png,r120_e250_f1.mp4,120 Hz,1/250,蛍光灯あり,60.003 fps,120,250,1,39,nagaoka_fireworks,min,I,4,,,frame_00000.png,frame_00119.png,,120,1.999913
nagaoka_fireworks_I_4,lockin,0,0,QR未検出,,lockin,binary,,,29.997396,4,8,1,0.522926,,0.522926,frame_00000.png,frame_00119.png,r120_e250_f1.mp4,120 Hz,1/250,蛍光灯あり,60.003 fps,120,250,1,39,nagaoka_fireworks,min,I,4,,,frame_00000.png,frame_00119.png,,120,1.999913
nagaoka_fireworks_I_4,lockin,0,0,QR未検出,,lockin,binary,,,10.002604,8,8,1,0.504463,,0.504463,frame_00000.png,frame_00119.png,r120_e250_f1.mp4,120 Hz,1/250,蛍光灯あり,60.003 fps,120,250,1,39,nagaoka_fireworks,min,I,4,,,frame_00000.png,frame_00119.png,,120,1.999913
nagaoka_fireworks_I_8,lockin,0,0,QR未検出,,lockin,binary,,,29.997396,12,8,1,0.631710,,0.631710,frame_00000.png,frame_00119.png,r120_e250_f1.mp4,120 Hz,1/250,蛍光灯あり,60.003 fps,120,250,1,40,nagaoka_fireworks,min,I,8,,,frame_00000.png,frame_00119.png,,120,1.999913
nagaoka_fireworks_I_8,lockin,0,0,QR未検出,,lockin,binary,,,29.997396,8,8,1,0.596013,,0.596013,frame_00000.png,frame_00119.png,r120_e250_f1.mp4,120 Hz,1/250,蛍光灯あり,60.003 fps,120,250,1,40,nagaoka_fireworks,min,I,8,,,frame_00000.png,frame_00119.png,,120,1.999913
nagaoka_fireworks_I_8,lockin,0,0,QR未検出,,lockin,binary,,,10.002604,4,8,1,0.576945,,0.576945,frame_00000.png,frame_00119.png,r120_e250_f1.mp4,120 Hz,1/250,蛍光灯あり,60.003 fps,120,250,1,40,nagaoka_fireworks,min,I,8,,,frame_00000.png,frame_00119.png,,120,1.999913
nagaoka_fireworks_I_8,lockin,0,0,QR未検出,,lockin,binary,,,15.000000,4,8,1,0.567032,,0.567032,frame_00000.png,frame_00119.png,r120_e250_f1.mp4,120 Hz,1/250,蛍光灯あり,60.003 fps,120,250,1,40,nagaoka_fireworks,min,I,8,,,frame_00000.png,frame_00119.png,,120,1.999913
nagaoka_fireworks_I_8,lockin,0,0,QR未検出,,lockin,binary,,,15.000000,12,8,1,0.540986,,0.540986,frame_00000.png,frame_00119.png,r120_e250_f1.mp4,120 Hz,1/250,蛍光灯あり,60.003 fps,120,250,1,40,nagaoka_fireworks,min,I,8,,,frame_00000.png,frame_00119.png,,120,1.999913
nagaoka_fireworks_I_8,lockin,0,0,QR未検出,,lockin,binary,,,10.002604,12,8,1,0.533625,,0.533625,frame_00000.png,frame_00119.png,r120_e250_f1.mp4,120 Hz,1/250,蛍光灯あり,60.003 fps,120,250,1,40,nagaoka_fireworks,min,I,8,,,frame_00000.png,frame_00119.png,,120,1.999913
nagaoka_fireworks_I_8,lockin,0,0,QR未検出,,lockin,binary,,,10.002604,8,8,1,0.513236,,0.513236,frame_00000.png,frame_00119.png,r120_e250_f1.mp4,120 Hz,1/250,蛍光灯あり,60.003 fps,120,250,1,40,nagaoka_fireworks,min,I,8,,,frame_00000.png,frame_00119.png,,120,1.999913
nagaoka_fireworks_I_8,lockin,0,0,QR未検出,,lockin,binary,,,15.000000,8,8,1,0.508762,,0.508762,frame_00000.png,frame_00119.png,r120_e250_f1.mp4,120 Hz,1/250,蛍光灯あり,60.003 fps,120,250,1,40,nagaoka_fireworks,min,I,8,,,frame_00000.png,frame_00119.png,,120,1.999913
nagaoka_fireworks_I_8,lockin,0,0,QR未検出,,lockin,binary,,,29.997396,4,8,1,0.501001,,0.501001,frame_00000.png,frame_00119.png,r120_e250_f1.mp4,120 Hz,1/250,蛍光灯あり,60.003 fps,120,250,1,40,nagaoka_fireworks,min,I,8,,,frame_00000.png,frame_00119.png,,120,1.999913
nagaoka_fireworks_I_12,lockin,0,0,QR未検出,,lockin,binary,,,29.997396,12,8,1,0.613314,,0.613314,frame_00000.png,frame_00119.png,r120_e250_f1.mp4,120 Hz,1/250,蛍光灯あり,60.003 fps,120,250,1,41,nagaoka_fireworks,min,I,12,,,frame_00000.png,frame_00119.png,,120,1.999913
nagaoka_fireworks_I_12,lockin,0,0,QR未検出,,lockin,binary,,,10.002604,4,8,1,0.577925,,0.577925,frame_00000.png,frame_00119.png,r120_e250_f1.mp4,120 Hz,1/250,蛍光灯あり,60.003 fps,120,250,1,41,nagaoka_fireworks,min,I,12,,,frame_00000.png,frame_00119.png,,120,1.999913
nagaoka_fireworks_I_12,lockin,0,0,QR未検出,,lockin,binary,,,15.000000,12,8,1,0.572755,,0.572755,frame_00000.png,frame_00119.png,r120_e250_f1.mp4,120 Hz,1/250,蛍光灯あり,60.003 fps,120,250,1,41,nagaoka_fireworks,min,I,12,,,frame_00000.png,frame_00119.png,,120,1.999913
nagaoka_fireworks_I_12,lockin,0,0,QR未検出,,lockin,binary,,,15.000000,4,8,1,0.559681,,0.559681,frame_00000.png,frame_00119.png,r120_e250_f1.mp4,120 Hz,1/250,蛍光灯あり,60.003 fps,120,250,1,41,nagaoka_fireworks,min,I,12,,,frame_00000.png,frame_00119.png,,120,1.999913
nagaoka_fireworks_I_12,lockin,0,0,QR未検出,,lockin,binary,,,29.997396,8,8,1,0.551956,,0.551956,frame_00000.png,frame_00119.png,r120_e250_f1.mp4,120 Hz,1/250,蛍光灯あり,60.003 fps,120,250,1,41,nagaoka_fireworks,min,I,12,,,frame_00000.png,frame_00119.png,,120,1.999913
nagaoka_fireworks_I_12,lockin,0,0,QR未検出,,lockin,binary,,,29.997396,4,8,1,0.536881,,0.536881,frame_00000.png,frame_00119.png,r120_e250_f1.mp4,120 Hz,1/250,蛍光灯あり,60.003 fps,120,250,1,41,nagaoka_fireworks,min,I,12,,,frame_00000.png,frame_00119.png,,120,1.999913
nagaoka_fireworks_I_12,lockin,0,0,QR未検出,,lockin,binary,,,10.002604,12,8,1,0.527389,,0.527389,frame_00000.png,frame_00119.png,r120_e250_f1.mp4,120 Hz,1/250,蛍光灯あり,60.003 fps,120,250,1,41,nagaoka_fireworks,min,I,12,,,frame_00000.png,frame_00119.png,,120,1.999913
nagaoka_fireworks_I_12,lockin,0,0,QR未検出,,lockin,binary,,,10.002604,8,8,1,0.521227,,0.521227,frame_00000.png,frame_00119.png,r120_e250_f1.mp4,120 Hz,1/250,蛍光灯あり,60.003 fps,120,250,1,41,nagaoka_fireworks,min,I,12,,,frame_00000.png,frame_00119.png,,120,1.999913
nagaoka_fireworks_I_12,lockin,0,0,QR未検出,,lockin,binary,,,15.000000,8,8,1,0.505688,,0.505688,frame_00000.png,frame_00119.png,r120_e250_f1.mp4,120 Hz,1/250,蛍光灯あり,60.003 fps,120,250,1,41,nagaoka_fireworks,min,I,12,,,frame_00000.png,frame_00119.png,,120,1.999913
hocho_I_4,lockin,0,0,QR未検出,,lockin,binary,,,15.000000,4,8,1,0.640528,,0.640528,frame_00000.png,frame_00119.png,r120_e250_f1.mp4,120 Hz,1/250,蛍光灯あり,60.003 fps,120,250,1,42,hocho,min,I,4,,,frame_00000.png,frame_00119.png,,120,1.999913
hocho_I_4,lockin,0,0,QR未検出,,lockin,binary,,,10.002604,4,8,1,0.636821,,0.636821,frame_00000.png,frame_00119.png,r120_e250_f1.mp4,120 Hz,1/250,蛍光灯あり,60.003 fps,120,250,1,42,hocho,min,I,4,,,frame_00000.png,frame_00119.png,,120,1.999913
hocho_I_4,lockin,0,0,QR未検出,,lockin,binary,,,29.997396,4,8,1,0.610961,,0.610961,frame_00000.png,frame_00119.png,r120_e250_f1.mp4,120 Hz,1/250,蛍光灯あり,60.003 fps,120,250,1,42,hocho,min,I,4,,,frame_00000.png,frame_00119.png,,120,1.999913
hocho_I_4,lockin,0,0,QR未検出,,lockin,binary,,,15.000000,8,8,1,0.607383,,0.607383,frame_00000.png,frame_00119.png,r120_e250_f1.mp4,120 Hz,1/250,蛍光灯あり,60.003 fps,120,250,1,42,hocho,min,I,4,,,frame_00000.png,frame_00119.png,,120,1.999913
hocho_I_4,lockin,0,0,QR未検出,,lockin,binary,,,29.997396,12,8,1,0.570102,,0.570102,frame_00000.png,frame_00119.png,r120_e250_f1.mp4,120 Hz,1/250,蛍光灯あり,60.003 fps,120,250,1,42,hocho,min,I,4,,,frame_00000.png,frame_00119.png,,120,1.999913
hocho_I_4,lockin,0,0,QR未検出,,lockin,binary,,,10.002604,8,8,1,0.567529,,0.567529,frame_00000.png,frame_00119.png,r120_e250_f1.mp4,120 Hz,1/250,蛍光灯あり,60.003 fps,120,250,1,42,hocho,min,I,4,,,frame_00000.png,frame_00119.png,,120,1.999913
hocho_I_4,lockin,0,0,QR未検出,,lockin,binary,,,15.000000,12,8,1,0.542015,,0.542015,frame_00000.png,frame_00119.png,r120_e250_f1.mp4,120 Hz,1/250,蛍光灯あり,60.003 fps,120,250,1,42,hocho,min,I,4,,,frame_00000.png,frame_00119.png,,120,1.999913
hocho_I_4,lockin,0,0,QR未検出,,lockin,binary,,,10.002604,12,8,1,0.527650,,0.527650,frame_00000.png,frame_00119.png,r120_e250_f1.mp4,120 Hz,1/250,蛍光灯あり,60.003 fps,120,250,1,42,hocho,min,I,4,,,frame_00000.png,frame_00119.png,,120,1.999913
hocho_I_4,lockin,0,0,QR未検出,,lockin,binary,,,29.997396,8,8,1,0.510131,,0.510131,frame_00000.png,frame_00119.png,r120_e250_f1.mp4,120 Hz,1/250,蛍光灯あり,60.003 fps,120,250,1,42,hocho,min,I,4,,,frame_00000.png,frame_00119.png,,120,1.999913
hocho_I_8,lockin,0,0,QR未検出,,lockin,binary,,,15.000000,4,8,1,0.642199,,0.642199,frame_00000.png,frame_00119.png,r120_e250_f1.mp4,120 Hz,1/250,蛍光灯あり,60.003 fps,120,250,1,43,hocho,min,I,8,,,frame_00000.png,frame_00119.png,,120,1.999913
hocho_I_8,lockin,0,0,QR未検出,,lockin,binary,,,10.002604,4,8,1,0.640296,,0.640296,frame_00000.png,frame_00119.png,r120_e250_f1.mp4,120 Hz,1/250,蛍光灯あり,60.003 fps,120,250,1,43,hocho,min,I,8,,,frame_00000.png,frame_00119.png,,120,1.999913
hocho_I_8,lockin,0,0,QR未検出,,lockin,binary,,,15.000000,8,8,1,0.618759,,0.618759,frame_00000.png,frame_00119.png,r120_e250_f1.mp4,120 Hz,1/250,蛍光灯あり,60.003 fps,120,250,1,43,hocho,min,I,8,,,frame_00000.png,frame_00119.png,,120,1.999913
hocho_I_8,lockin,0,0,QR未検出,,lockin,binary,,,10.002604,8,8,1,0.602926,,0.602926,frame_00000.png,frame_00119.png,r120_e250_f1.mp4,120 Hz,1/250,蛍光灯あり,60.003 fps,120,250,1,43,hocho,min,I,8,,,frame_00000.png,frame_00119.png,,120,1.999913
hocho_I_8,lockin,0,0,QR未検出,,lockin,binary,,,29.997396,12,8,1,0.597191,,0.597191,frame_00000.png,frame_00119.png,r120_e250_f1.mp4,120 Hz,1/250,蛍光灯あり,60.003 fps,120,250,1,43,hocho,min,I,8,,,frame_00000.png,frame_00119.png,,120,1.999913
hocho_I_8,lockin,0,0,QR未検出,,lockin,binary,,,29.997396,4,8,1,0.594692,,0.594692,frame_00000.png,frame_00119.png,r120_e250_f1.mp4,120 Hz,1/250,蛍光灯あり,60.003 fps,120,250,1,43,hocho,min,I,8,,,frame_00000.png,frame_00119.png,,120,1.999913
hocho_I_8,lockin,0,0,QR未検出,,lockin,binary,,,15.000000,12,8,1,0.568246,,0.568246,frame_00000.png,frame_00119.png,r120_e250_f1.mp4,120 Hz,1/250,蛍光灯あり,60.003 fps,120,250,1,43,hocho,min,I,8,,,frame_00000.png,frame_00119.png,,120,1.999913
hocho_I_8,lockin,0,0,QR未検出,,lockin,binary,,,10.002604,12,8,1,0.531715,,0.531715,frame_00000.png,frame_00119.png,r120_e250_f1.mp4,120 Hz,1/250,蛍光灯あり,60.003 fps,120,250,1,43,hocho,min,I,8,,,frame_00000.png,frame_00119.png,,120,1.999913
hocho_I_8,lockin,0,0,QR未検出,,lockin,binary,,,29.997396,8,8,1,0.525173,,0.525173,frame_00000.png,frame_00119.png,r120_e250_f1.mp4,120 Hz,1/250,蛍光灯あり,60.003 fps,120,250,1,43,hocho,min,I,8,,,frame_00000.png,frame_00119.png,,120,1.999913
hocho_I_12,lockin,0,0,QR未検出,,lockin,binary,,,15.000000,4,8,1,0.643279,,0.643279,frame_00000.png,frame_00119.png,r120_e250_f1.mp4,120 Hz,1/250,蛍光灯あり,60.003 fps,120,250,1,44,hocho,min,I,12,,,frame_00000.png,frame_00119.png,,120,1.999913
hocho_I_12,lockin,0,0,QR未検出,,lockin,binary,,,10.002604,4,8,1,0.641029,,0.641029,frame_00000.png,frame_00119.png,r120_e250_f1.mp4,120 Hz,1/250,蛍光灯あり,60.003 fps,120,250,1,44,hocho,min,I,12,,,frame_00000.png,frame_00119.png,,120,1.999913
hocho_I_12,lockin,0,0,QR未検出,,lockin,binary,,,15.000000,8,8,1,0.619417,,0.619417,frame_00000.png,frame_00119.png,r120_e250_f1.mp4,120 Hz,1/250,蛍光灯あり,60.003 fps,120,250,1,44,hocho,min,I,12,,,frame_00000.png,frame_00119.png,,120,1.999913
hocho_I_12,lockin,0,0,QR未検出,,lockin,binary,,,29.997396,12,8,1,0.618507,,0.618507,frame_00000.png,frame_00119.png,r120_e250_f1.mp4,120 Hz,1/250,蛍光灯あり,60.003 fps,120,250,1,44,hocho,min,I,12,,,frame_00000.png,frame_00119.png,,120,1.999913
hocho_I_12,lockin,0,0,QR未検出,,lockin,binary,,,10.002604,8,8,1,0.599210,,0.599210,frame_00000.png,frame_00119.png,r120_e250_f1.mp4,120 Hz,1/250,蛍光灯あり,60.003 fps,120,250,1,44,hocho,min,I,12,,,frame_00000.png,frame_00119.png,,120,1.999913
hocho_I_12,lockin,0,0,QR未検出,,lockin,binary,,,29.997396,4,8,1,0.571294,,0.571294,frame_00000.png,frame_00119.png,r120_e250_f1.mp4,120 Hz,1/250,蛍光灯あり,60.003 fps,120,250,1,44,hocho,min,I,12,,,frame_00000.png,frame_00119.png,,120,1.999913
hocho_I_12,lockin,0,0,QR未検出,,lockin,binary,,,15.000000,12,8,1,0.568326,,0.568326,frame_00000.png,frame_00119.png,r120_e250_f1.mp4,120 Hz,1/250,蛍光灯あり,60.003 fps,120,250,1,44,hocho,min,I,12,,,frame_00000.png,frame_00119.png,,120,1.999913
hocho_I_12,lockin,0,0,QR未検出,,lockin,binary,,,29.997396,8,8,1,0.555113,,0.555113,frame_00000.png,frame_00119.png,r120_e250_f1.mp4,120 Hz,1/250,蛍光灯あり,60.003 fps,120,250,1,44,hocho,min,I,12,,,frame_00000.png,frame_00119.png,,120,1.999913
hocho_I_12,lockin,0,0,QR未検出,,lockin,binary,,,10.002604,12,8,1,0.532250,,0.532250,frame_00000.png,frame_00119.png,r120_e250_f1.mp4,120 Hz,1/250,蛍光灯あり,60.003 fps,120,250,1,44,hocho,min,I,12,,,frame_00000.png,frame_00119.png,,120,1.999913
ex_I_4,lockin,0,0,QR未検出,,lockin,binary,,,29.997396,12,8,1,0.643254,,0.643254,frame_00000.png,frame_00119.png,r120_e250_f1.mp4,120 Hz,1/250,蛍光灯あり,60.003 fps,120,250,1,45,ex,min,I,4,,,frame_00000.png,frame_00119.png,,120,1.999913
ex_I_4,lockin,0,0,QR未検出,,lockin,binary,,,15.000000,4,8,1,0.638411,,0.638411,frame_00000.png,frame_00119.png,r120_e250_f1.mp4,120 Hz,1/250,蛍光灯あり,60.003 fps,120,250,1,45,ex,min,I,4,,,frame_00000.png,frame_00119.png,,120,1.999913
ex_I_4,lockin,0,0,QR未検出,,lockin,binary,,,10.002604,4,8,1,0.636917,,0.636917,frame_00000.png,frame_00119.png,r120_e250_f1.mp4,120 Hz,1/250,蛍光灯あり,60.003 fps,120,250,1,45,ex,min,I,4,,,frame_00000.png,frame_00119.png,,120,1.999913
ex_I_4,lockin,0,0,QR未検出,,lockin,binary,,,15.000000,8,8,1,0.624050,,0.624050,frame_00000.png,frame_00119.png,r120_e250_f1.mp4,120 Hz,1/250,蛍光灯あり,60.003 fps,120,250,1,45,ex,min,I,4,,,frame_00000.png,frame_00119.png,,120,1.999913
ex_I_4,lockin,0,0,QR未検出,,lockin,binary,,,10.002604,8,8,1,0.613925,,0.613925,frame_00000.png,frame_00119.png,r120_e250_f1.mp4,120 Hz,1/250,蛍光灯あり,60.003 fps,120,250,1,45,ex,min,I,4,,,frame_00000.png,frame_00119.png,,120,1.999913
ex_I_4,lockin,0,0,QR未検出,,lockin,binary,,,29.997396,8,8,1,0.612705,,0.612705,frame_00000.png,frame_00119.png,r120_e250_f1.mp4,120 Hz,1/250,蛍光灯あり,60.003 fps,120,250,1,45,ex,min,I,4,,,frame_00000.png,frame_00119.png,,120,1.999913
ex_I_4,lockin,0,0,QR未検出,,lockin,binary,,,15.000000,12,8,1,0.593065,,0.593065,frame_00000.png,frame_00119.png,r120_e250_f1.mp4,120 Hz,1/250,蛍光灯あり,60.003 fps,120,250,1,45,ex,min,I,4,,,frame_00000.png,frame_00119.png,,120,1.999913
ex_I_4,lockin,0,0,QR未検出,,lockin,binary,,,29.997396,4,8,1,0.566484,,0.566484,frame_00000.png,frame_00119.png,r120_e250_f1.mp4,120 Hz,1/250,蛍光灯あり,60.003 fps,120,250,1,45,ex,min,I,4,,,frame_00000.png,frame_00119.png,,120,1.999913
ex_I_4,lockin,0,0,QR未検出,,lockin,binary,,,10.002604,12,8,1,0.542657,,0.542657,frame_00000.png,frame_00119.png,r120_e250_f1.mp4,120 Hz,1/250,蛍光灯あり,60.003 fps,120,250,1,45,ex,min,I,4,,,frame_00000.png,frame_00119.png,,120,1.999913
ex_I_8,lockin,0,0,QR未検出,,lockin,binary,,,15.000000,4,8,1,0.637316,,0.637316,frame_00000.png,frame_00119.png,r120_e250_f1.mp4,120 Hz,1/250,蛍光灯あり,60.003 fps,120,250,1,46,ex,min,I,8,,,frame_00000.png,frame_00119.png,,120,1.999913
ex_I_8,lockin,0,0,QR未検出,,lockin,binary,,,10.002604,4,8,1,0.636718,,0.636718,frame_00000.png,frame_00119.png,r120_e250_f1.mp4,120 Hz,1/250,蛍光灯あり,60.003 fps,120,250,1,46,ex,min,I,8,,,frame_00000.png,frame_00119.png,,120,1.999913
ex_I_8,lockin,0,0,QR未検出,,lockin,binary,,,29.997396,12,8,1,0.617853,,0.617853,frame_00000.png,frame_00119.png,r120_e250_f1.mp4,120 Hz,1/250,蛍光灯あり,60.003 fps,120,250,1,46,ex,min,I,8,,,frame_00000.png,frame_00119.png,,120,1.999913
ex_I_8,lockin,0,0,QR未検出,,lockin,binary,,,15.000000,8,8,1,0.616215,,0.616215,frame_00000.png,frame_00119.png,r120_e250_f1.mp4,120 Hz,1/250,蛍光灯あり,60.003 fps,120,250,1,46,ex,min,I,8,,,frame_00000.png,frame_00119.png,,120,1.999913
ex_I_8,lockin,0,0,QR未検出,,lockin,binary,,,10.002604,8,8,1,0.614537,,0.614537,frame_00000.png,frame_00119.png,r120_e250_f1.mp4,120 Hz,1/250,蛍光灯あり,60.003 fps,120,250,1,46,ex,min,I,8,,,frame_00000.png,frame_00119.png,,120,1.999913
ex_I_8,lockin,0,0,QR未検出,,lockin,binary,,,29.997396,4,8,1,0.610387,,0.610387,frame_00000.png,frame_00119.png,r120_e250_f1.mp4,120 Hz,1/250,蛍光灯あり,60.003 fps,120,250,1,46,ex,min,I,8,,,frame_00000.png,frame_00119.png,,120,1.999913
ex_I_8,lockin,0,0,QR未検出,,lockin,binary,,,15.000000,12,8,1,0.552989,,0.552989,frame_00000.png,frame_00119.png,r120_e250_f1.mp4,120 Hz,1/250,蛍光灯あり,60.003 fps,120,250,1,46,ex,min,I,8,,,frame_00000.png,frame_00119.png,,120,1.999913
ex_I_8,lockin,0,0,QR未検出,,lockin,binary,,,10.002604,12,8,1,0.537977,,0.537977,frame_00000.png,frame_00119.png,r120_e250_f1.mp4,120 Hz,1/250,蛍光灯あり,60.003 fps,120,250,1,46,ex,min,I,8,,,frame_00000.png,frame_00119.png,,120,1.999913
ex_I_8,lockin,0,0,QR未検出,,lockin,binary,,,29.997396,8,8,1,0.527479,,0.527479,frame_00000.png,frame_00119.png,r120_e250_f1.mp4,120 Hz,1/250,蛍光灯あり,60.003 fps,120,250,1,46,ex,min,I,8,,,frame_00000.png,frame_00119.png,,120,1.999913
ex_I_12,lockin,0,0,QR未検出,,lockin,binary,,,10.002604,4,8,1,0.636413,,0.636413,frame_00000.png,frame_00119.png,r120_e250_f1.mp4,120 Hz,1/250,蛍光灯あり,60.003 fps,120,250,1,47,ex,min,I,12,,,frame_00000.png,frame_00119.png,,120,1.999913
ex_I_12,lockin,0,0,QR未検出,,lockin,binary,,,15.000000,4,8,1,0.631668,,0.631668,frame_00000.png,frame_00119.png,r120_e250_f1.mp4,120 Hz,1/250,蛍光灯あり,60.003 fps,120,250,1,47,ex,min,I,12,,,frame_00000.png,frame_00119.png,,120,1.999913
ex_I_12,lockin,0,0,QR未検出,,lockin,binary,,,29.997396,4,8,1,0.627122,,0.627122,frame_00000.png,frame_00119.png,r120_e250_f1.mp4,120 Hz,1/250,蛍光灯あり,60.003 fps,120,250,1,47,ex,min,I,12,,,frame_00000.png,frame_00119.png,,120,1.999913
ex_I_12,lockin,0,0,QR未検出,,lockin,binary,,,29.997396,12,8,1,0.600506,,0.600506,frame_00000.png,frame_00119.png,r120_e250_f1.mp4,120 Hz,1/250,蛍光灯あり,60.003 fps,120,250,1,47,ex,min,I,12,,,frame_00000.png,frame_00119.png,,120,1.999913
ex_I_12,lockin,0,0,QR未検出,,lockin,binary,,,10.002604,8,8,1,0.599695,,0.599695,frame_00000.png,frame_00119.png,r120_e250_f1.mp4,120 Hz,1/250,蛍光灯あり,60.003 fps,120,250,1,47,ex,min,I,12,,,frame_00000.png,frame_00119.png,,120,1.999913
ex_I_12,lockin,0,0,QR未検出,,lockin,binary,,,15.000000,12,8,1,0.599259,,0.599259,frame_00000.png,frame_00119.png,r120_e250_f1.mp4,120 Hz,1/250,蛍光灯あり,60.003 fps,120,250,1,47,ex,min,I,12,,,frame_00000.png,frame_00119.png,,120,1.999913
ex_I_12,lockin,0,0,QR未検出,,lockin,binary,,,15.000000,8,8,1,0.552154,,0.552154,frame_00000.png,frame_00119.png,r120_e250_f1.mp4,120 Hz,1/250,蛍光灯あり,60.003 fps,120,250,1,47,ex,min,I,12,,,frame_00000.png,frame_00119.png,,120,1.999913
ex_I_12,lockin,0,0,QR未検出,,lockin,binary,,,29.997396,8,8,1,0.536804,,0.536804,frame_00000.png,frame_00119.png,r120_e250_f1.mp4,120 Hz,1/250,蛍光灯あり,60.003 fps,120,250,1,47,ex,min,I,12,,,frame_00000.png,frame_00119.png,,120,1.999913
ex_I_12,lockin,0,0,QR未検出,,lockin,binary,,,10.002604,12,8,1,0.536559,,0.536559,frame_00000.png,frame_00119.png,r120_e250_f1.mp4,120 Hz,1/250,蛍光灯あり,60.003 fps,120,250,1,47,ex,min,I,12,,,frame_00000.png,frame_00119.png,,120,1.999913
rice_X_4,lockin,0,0,QR未検出,,lockin,binary,,,15.000000,4,8,1,0.630198,,0.630198,frame_00000.png,frame_00119.png,r120_e250_f1.mp4,120 Hz,1/250,蛍光灯あり,60.003 fps,120,250,1,48,rice,max,X,4,,,frame_00000.png,frame_00119.png,,120,1.999913
rice_X_4,lockin,0,0,QR未検出,,lockin,binary,,,29.997396,12,8,1,0.621030,,0.621030,frame_00000.png,frame_00119.png,r120_e250_f1.mp4,120 Hz,1/250,蛍光灯あり,60.003 fps,120,250,1,48,rice,max,X,4,,,frame_00000.png,frame_00119.png,,120,1.999913
rice_X_4,lockin,0,0,QR未検出,,lockin,binary,,,10.002604,4,8,1,0.614238,,0.614238,frame_00000.png,frame_00119.png,r120_e250_f1.mp4,120 Hz,1/250,蛍光灯あり,60.003 fps,120,250,1,48,rice,max,X,4,,,frame_00000.png,frame_00119.png,,120,1.999913
rice_X_4,lockin,0,0,QR未検出,,lockin,binary,,,15.000000,8,8,1,0.583358,,0.583358,frame_00000.png,frame_00119.png,r120_e250_f1.mp4,120 Hz,1/250,蛍光灯あり,60.003 fps,120,250,1,48,rice,max,X,4,,,frame_00000.png,frame_00119.png,,120,1.999913
rice_X_4,lockin,0,0,QR未検出,,lockin,binary,,,29.997396,4,8,1,0.580198,,0.580198,frame_00000.png,frame_00119.png,r120_e250_f1.mp4,120 Hz,1/250,蛍光灯あり,60.003 fps,120,250,1,48,rice,max,X,4,,,frame_00000.png,frame_00119.png,,120,1.999913
rice_X_4,lockin,0,0,QR未検出,,lockin,binary,,,10.002604,12,8,1,0.562671,,0.562671,frame_00000.png,frame_00119.png,r120_e250_f1.mp4,120 Hz,1/250,蛍光灯あり,60.003 fps,120,250,1,48,rice,max,X,4,,,frame_00000.png,frame_00119.png,,120,1.999913
rice_X_4,lockin,0,0,QR未検出,,lockin,binary,,,29.997396,8,8,1,0.558387,,0.558387,frame_00000.png,frame_00119.png,r120_e250_f1.mp4,120 Hz,1/250,蛍光灯あり,60.003 fps,120,250,1,48,rice,max,X,4,,,frame_00000.png,frame_00119.png,,120,1.999913
rice_X_4,lockin,0,0,QR未検出,,lockin,binary,,,10.002604,8,8,1,0.542748,,0.542748,frame_00000.png,frame_00119.png,r120_e250_f1.mp4,120 Hz,1/250,蛍光灯あり,60.003 fps,120,250,1,48,rice,max,X,4,,,frame_00000.png,frame_00119.png,,120,1.999913
rice_X_4,lockin,0,0,QR未検出,,lockin,binary,,,15.000000,12,8,1,0.513518,,0.513518,frame_00000.png,frame_00119.png,r120_e250_f1.mp4,120 Hz,1/250,蛍光灯あり,60.003 fps,120,250,1,48,rice,max,X,4,,,frame_00000.png,frame_00119.png,,120,1.999913
rice_X_8,lockin,0,0,QR未検出,,lockin,binary,,,10.002604,4,8,1,0.633425,,0.633425,frame_00000.png,frame_00119.png,r120_e250_f1.mp4,120 Hz,1/250,蛍光灯あり,60.003 fps,120,250,1,49,rice,max,X,8,,,frame_00000.png,frame_00119.png,,120,1.999913
rice_X_8,lockin,0,0,QR未検出,,lockin,binary,,,29.997396,12,8,1,0.630100,,0.630100,frame_00000.png,frame_00119.png,r120_e250_f1.mp4,120 Hz,1/250,蛍光灯あり,60.003 fps,120,250,1,49,rice,max,X,8,,,frame_00000.png,frame_00119.png,,120,1.999913
rice_X_8,lockin,0,0,QR未検出,,lockin,binary,,,15.000000,12,8,1,0.629582,,0.629582,frame_00000.png,frame_00119.png,r120_e250_f1.mp4,120 Hz,1/250,蛍光灯あり,60.003 fps,120,250,1,49,rice,max,X,8,,,frame_00000.png,frame_00119.png,,120,1.999913
rice_X_8,lockin,0,0,QR未検出,,lockin,binary,,,29.997396,8,8,1,0.586710,,0.586710,frame_00000.png,frame_00119.png,r120_e250_f1.mp4,120 Hz,1/250,蛍光灯あり,60.003 fps,120,250,1,49,rice,max,X,8,,,frame_00000.png,frame_00119.png,,120,1.999913
rice_X_8,lockin,0,0,QR未検出,,lockin,binary,,,10.002604,8,8,1,0.583318,,0.583318,frame_00000.png,frame_00119.png,r120_e250_f1.mp4,120 Hz,1/250,蛍光灯あり,60.003 fps,120,250,1,49,rice,max,X,8,,,frame_00000.png,frame_00119.png,,120,1.999913
rice_X_8,lockin,0,0,QR未検出,,lockin,binary,,,15.000000,4,8,1,0.574634,,0.574634,frame_00000.png,frame_00119.png,r120_e250_f1.mp4,120 Hz,1/250,蛍光灯あり,60.003 fps,120,250,1,49,rice,max,X,8,,,frame_00000.png,frame_00119.png,,120,1.999913
rice_X_8,lockin,0,0,QR未検出,,lockin,binary,,,15.000000,8,8,1,0.569814,,0.569814,frame_00000.png,frame_00119.png,r120_e250_f1.mp4,120 Hz,1/250,蛍光灯あり,60.003 fps,120,250,1,49,rice,max,X,8,,,frame_00000.png,frame_00119.png,,120,1.999913
rice_X_8,lockin,0,0,QR未検出,,lockin,binary,,,29.997396,4,8,1,0.561700,,0.561700,frame_00000.png,frame_00119.png,r120_e250_f1.mp4,120 Hz,1/250,蛍光灯あり,60.003 fps,120,250,1,49,rice,max,X,8,,,frame_00000.png,frame_00119.png,,120,1.999913
rice_X_8,lockin,0,0,QR未検出,,lockin,binary,,,10.002604,12,8,1,0.511969,,0.511969,frame_00000.png,frame_00119.png,r120_e250_f1.mp4,120 Hz,1/250,蛍光灯あり,60.003 fps,120,250,1,49,rice,max,X,8,,,frame_00000.png,frame_00119.png,,120,1.999913
rice_X_12,lockin,0,0,QR未検出,,lockin,binary,,,15.000000,4,8,1,0.627841,,0.627841,frame_00000.png,frame_00119.png,r120_e250_f1.mp4,120 Hz,1/250,蛍光灯あり,60.003 fps,120,250,1,50,rice,max,X,12,,,frame_00000.png,frame_00119.png,,120,1.999913
rice_X_12,lockin,0,0,QR未検出,,lockin,binary,,,10.002604,12,8,1,0.624221,,0.624221,frame_00000.png,frame_00119.png,r120_e250_f1.mp4,120 Hz,1/250,蛍光灯あり,60.003 fps,120,250,1,50,rice,max,X,12,,,frame_00000.png,frame_00119.png,,120,1.999913
rice_X_12,lockin,0,0,QR未検出,,lockin,binary,,,10.002604,4,8,1,0.602120,,0.602120,frame_00000.png,frame_00119.png,r120_e250_f1.mp4,120 Hz,1/250,蛍光灯あり,60.003 fps,120,250,1,50,rice,max,X,12,,,frame_00000.png,frame_00119.png,,120,1.999913
rice_X_12,lockin,0,0,QR未検出,,lockin,binary,,,29.997396,12,8,1,0.598263,,0.598263,frame_00000.png,frame_00119.png,r120_e250_f1.mp4,120 Hz,1/250,蛍光灯あり,60.003 fps,120,250,1,50,rice,max,X,12,,,frame_00000.png,frame_00119.png,,120,1.999913
rice_X_12,lockin,0,0,QR未検出,,lockin,binary,,,29.997396,4,8,1,0.588778,,0.588778,frame_00000.png,frame_00119.png,r120_e250_f1.mp4,120 Hz,1/250,蛍光灯あり,60.003 fps,120,250,1,50,rice,max,X,12,,,frame_00000.png,frame_00119.png,,120,1.999913
rice_X_12,lockin,0,0,QR未検出,,lockin,binary,,,15.000000,8,8,1,0.571226,,0.571226,frame_00000.png,frame_00119.png,r120_e250_f1.mp4,120 Hz,1/250,蛍光灯あり,60.003 fps,120,250,1,50,rice,max,X,12,,,frame_00000.png,frame_00119.png,,120,1.999913
rice_X_12,lockin,0,0,QR未検出,,lockin,binary,,,10.002604,8,8,1,0.540463,,0.540463,frame_00000.png,frame_00119.png,r120_e250_f1.mp4,120 Hz,1/250,蛍光灯あり,60.003 fps,120,250,1,50,rice,max,X,12,,,frame_00000.png,frame_00119.png,,120,1.999913
rice_X_12,lockin,0,0,QR未検出,,lockin,binary,,,15.000000,12,8,1,0.528709,,0.528709,frame_00000.png,frame_00119.png,r120_e250_f1.mp4,120 Hz,1/250,蛍光灯あり,60.003 fps,120,250,1,50,rice,max,X,12,,,frame_00000.png,frame_00119.png,,120,1.999913
rice_X_12,lockin,0,0,QR未検出,,lockin,binary,,,29.997396,8,8,1,0.526924,,0.526924,frame_00000.png,frame_00119.png,r120_e250_f1.mp4,120 Hz,1/250,蛍光灯あり,60.003 fps,120,250,1,50,rice,max,X,12,,,frame_00000.png,frame_00119.png,,120,1.999913
nagaoka_fireworks_X_4,lockin,0,0,QR未検出,,lockin,binary,,,29.997396,12,8,1,0.632140,,0.632140,frame_00000.png,frame_00119.png,r120_e250_f1.mp4,120 Hz,1/250,蛍光灯あり,60.003 fps,120,250,1,51,nagaoka_fireworks,max,X,4,,,frame_00000.png,frame_00119.png,,120,1.999913
nagaoka_fireworks_X_4,lockin,0,0,QR未検出,,lockin,binary,,,29.997396,8,8,1,0.603073,,0.603073,frame_00000.png,frame_00119.png,r120_e250_f1.mp4,120 Hz,1/250,蛍光灯あり,60.003 fps,120,250,1,51,nagaoka_fireworks,max,X,4,,,frame_00000.png,frame_00119.png,,120,1.999913
nagaoka_fireworks_X_4,lockin,0,0,QR未検出,,lockin,binary,,,15.000000,12,8,1,0.590442,,0.590442,frame_00000.png,frame_00119.png,r120_e250_f1.mp4,120 Hz,1/250,蛍光灯あり,60.003 fps,120,250,1,51,nagaoka_fireworks,max,X,4,,,frame_00000.png,frame_00119.png,,120,1.999913
nagaoka_fireworks_X_4,lockin,0,0,QR未検出,,lockin,binary,,,10.002604,12,8,1,0.567133,,0.567133,frame_00000.png,frame_00119.png,r120_e250_f1.mp4,120 Hz,1/250,蛍光灯あり,60.003 fps,120,250,1,51,nagaoka_fireworks,max,X,4,,,frame_00000.png,frame_00119.png,,120,1.999913
nagaoka_fireworks_X_4,lockin,0,0,QR未検出,,lockin,binary,,,10.002604,4,8,1,0.559741,,0.559741,frame_00000.png,frame_00119.png,r120_e250_f1.mp4,120 Hz,1/250,蛍光灯あり,60.003 fps,120,250,1,51,nagaoka_fireworks,max,X,4,,,frame_00000.png,frame_00119.png,,120,1.999913
nagaoka_fireworks_X_4,lockin,0,0,QR未検出,,lockin,binary,,,15.000000,4,8,1,0.540965,,0.540965,frame_00000.png,frame_00119.png,r120_e250_f1.mp4,120 Hz,1/250,蛍光灯あり,60.003 fps,120,250,1,51,nagaoka_fireworks,max,X,4,,,frame_00000.png,frame_00119.png,,120,1.999913
nagaoka_fireworks_X_4,lockin,0,0,QR未検出,,lockin,binary,,,15.000000,8,8,1,0.528917,,0.528917,frame_00000.png,frame_00119.png,r120_e250_f1.mp4,120 Hz,1/250,蛍光灯あり,60.003 fps,120,250,1,51,nagaoka_fireworks,max,X,4,,,frame_00000.png,frame_00119.png,,120,1.999913
nagaoka_fireworks_X_4,lockin,0,0,QR未検出,,lockin,binary,,,10.002604,8,8,1,0.503954,,0.503954,frame_00000.png,frame_00119.png,r120_e250_f1.mp4,120 Hz,1/250,蛍光灯あり,60.003 fps,120,250,1,51,nagaoka_fireworks,max,X,4,,,frame_00000.png,frame_00119.png,,120,1.999913
nagaoka_fireworks_X_4,lockin,0,0,QR未検出,,lockin,binary,,,29.997396,4,8,1,0.503067,,0.503067,frame_00000.png,frame_00119.png,r120_e250_f1.mp4,120 Hz,1/250,蛍光灯あり,60.003 fps,120,250,1,51,nagaoka_fireworks,max,X,4,,,frame_00000.png,frame_00119.png,,120,1.999913
nagaoka_fireworks_X_8,lockin,0,0,QR未検出,,lockin,binary,,,29.997396,12,8,1,0.616005,,0.616005,frame_00000.png,frame_00119.png,r120_e250_f1.mp4,120 Hz,1/250,蛍光灯あり,60.003 fps,120,250,1,52,nagaoka_fireworks,max,X,8,,,frame_00000.png,frame_00119.png,,120,1.999913
nagaoka_fireworks_X_8,lockin,0,0,QR未検出,,lockin,binary,,,15.000000,12,8,1,0.608581,,0.608581,frame_00000.png,frame_00119.png,r120_e250_f1.mp4,120 Hz,1/250,蛍光灯あり,60.003 fps,120,250,1,52,nagaoka_fireworks,max,X,8,,,frame_00000.png,frame_00119.png,,120,1.999913
nagaoka_fireworks_X_8,lockin,0,0,QR未検出,,lockin,binary,,,10.002604,4,8,1,0.579188,,0.579188,frame_00000.png,frame_00119.png,r120_e250_f1.mp4,120 Hz,1/250,蛍光灯あり,60.003 fps,120,250,1,52,nagaoka_fireworks,max,X,8,,,frame_00000.png,frame_00119.png,,120,1.999913
nagaoka_fireworks_X_8,lockin,0,0,QR未検出,,lockin,binary,,,29.997396,8,8,1,0.560915,,0.560915,frame_00000.png,frame_00119.png,r120_e250_f1.mp4,120 Hz,1/250,蛍光灯あり,60.003 fps,120,250,1,52,nagaoka_fireworks,max,X,8,,,frame_00000.png,frame_00119.png,,120,1.999913
nagaoka_fireworks_X_8,lockin,0,0,QR未検出,,lockin,binary,,,15.000000,8,8,1,0.542888,,0.542888,frame_00000.png,frame_00119.png,r120_e250_f1.mp4,120 Hz,1/250,蛍光灯あり,60.003 fps,120,250,1,52,nagaoka_fireworks,max,X,8,,,frame_00000.png,frame_00119.png,,120,1.999913
nagaoka_fireworks_X_8,lockin,0,0,QR未検出,,lockin,binary,,,15.000000,4,8,1,0.531198,,0.531198,frame_00000.png,frame_00119.png,r120_e250_f1.mp4,120 Hz,1/250,蛍光灯あり,60.003 fps,120,250,1,52,nagaoka_fireworks,max,X,8,,,frame_00000.png,frame_00119.png,,120,1.999913
nagaoka_fireworks_X_8,lockin,0,0,QR未検出,,lockin,binary,,,29.997396,4,8,1,0.527347,,0.527347,frame_00000.png,frame_00119.png,r120_e250_f1.mp4,120 Hz,1/250,蛍光灯あり,60.003 fps,120,250,1,52,nagaoka_fireworks,max,X,8,,,frame_00000.png,frame_00119.png,,120,1.999913
nagaoka_fireworks_X_8,lockin,0,0,QR未検出,,lockin,binary,,,10.002604,8,8,1,0.524044,,0.524044,frame_00000.png,frame_00119.png,r120_e250_f1.mp4,120 Hz,1/250,蛍光灯あり,60.003 fps,120,250,1,52,nagaoka_fireworks,max,X,8,,,frame_00000.png,frame_00119.png,,120,1.999913
nagaoka_fireworks_X_8,lockin,0,0,QR未検出,,lockin,binary,,,10.002604,12,8,1,0.519309,,0.519309,frame_00000.png,frame_00119.png,r120_e250_f1.mp4,120 Hz,1/250,蛍光灯あり,60.003 fps,120,250,1,52,nagaoka_fireworks,max,X,8,,,frame_00000.png,frame_00119.png,,120,1.999913
nagaoka_fireworks_X_12,lockin,0,0,QR未検出,,lockin,binary,,,29.997396,12,8,1,0.643123,,0.643123,frame_00000.png,frame_00119.png,r120_e250_f1.mp4,120 Hz,1/250,蛍光灯あり,60.003 fps,120,250,1,53,nagaoka_fireworks,max,X,12,,,frame_00000.png,frame_00119.png,,120,1.999913
nagaoka_fireworks_X_12,lockin,0,0,QR未検出,,lockin,binary,,,15.000000,12,8,1,0.625653,,0.625653,frame_00000.png,frame_00119.png,r120_e250_f1.mp4,120 Hz,1/250,蛍光灯あり,60.003 fps,120,250,1,53,nagaoka_fireworks,max,X,12,,,frame_00000.png,frame_00119.png,,120,1.999913
nagaoka_fireworks_X_12,lockin,0,0,QR未検出,,lockin,binary,,,29.997396,8,8,1,0.604735,,0.604735,frame_00000.png,frame_00119.png,r120_e250_f1.mp4,120 Hz,1/250,蛍光灯あり,60.003 fps,120,250,1,53,nagaoka_fireworks,max,X,12,,,frame_00000.png,frame_00119.png,,120,1.999913
nagaoka_fireworks_X_12,lockin,0,0,QR未検出,,lockin,binary,,,10.002604,4,8,1,0.565364,,0.565364,frame_00000.png,frame_00119.png,r120_e250_f1.mp4,120 Hz,1/250,蛍光灯あり,60.003 fps,120,250,1,53,nagaoka_fireworks,max,X,12,,,frame_00000.png,frame_00119.png,,120,1.999913
nagaoka_fireworks_X_12,lockin,0,0,QR未検出,,lockin,binary,,,15.000000,8,8,1,0.554040,,0.554040,frame_00000.png,frame_00119.png,r120_e250_f1.mp4,120 Hz,1/250,蛍光灯あり,60.003 fps,120,250,1,53,nagaoka_fireworks,max,X,12,,,frame_00000.png,frame_00119.png,,120,1.999913
nagaoka_fireworks_X_12,lockin,0,0,QR未検出,,lockin,binary,,,10.002604,12,8,1,0.553699,,0.553699,frame_00000.png,frame_00119.png,r120_e250_f1.mp4,120 Hz,1/250,蛍光灯あり,60.003 fps,120,250,1,53,nagaoka_fireworks,max,X,12,,,frame_00000.png,frame_00119.png,,120,1.999913
nagaoka_fireworks_X_12,lockin,0,0,QR未検出,,lockin,binary,,,15.000000,4,8,1,0.518977,,0.518977,frame_00000.png,frame_00119.png,r120_e250_f1.mp4,120 Hz,1/250,蛍光灯あり,60.003 fps,120,250,1,53,nagaoka_fireworks,max,X,12,,,frame_00000.png,frame_00119.png,,120,1.999913
nagaoka_fireworks_X_12,lockin,0,0,QR未検出,,lockin,binary,,,29.997396,4,8,1,0.503379,,0.503379,frame_00000.png,frame_00119.png,r120_e250_f1.mp4,120 Hz,1/250,蛍光灯あり,60.003 fps,120,250,1,53,nagaoka_fireworks,max,X,12,,,frame_00000.png,frame_00119.png,,120,1.999913
nagaoka_fireworks_X_12,lockin,0,0,QR未検出,,lockin,binary,,,10.002604,8,8,1,0.501419,,0.501419,frame_00000.png,frame_00119.png,r120_e250_f1.mp4,120 Hz,1/250,蛍光灯あり,60.003 fps,120,250,1,53,nagaoka_fireworks,max,X,12,,,frame_00000.png,frame_00119.png,,120,1.999913
hocho_X_4,lockin,0,0,QR未検出,,lockin,binary,,,15.000000,4,8,1,0.638654,,0.638654,frame_00000.png,frame_00119.png,r120_e250_f1.mp4,120 Hz,1/250,蛍光灯あり,60.003 fps,120,250,1,54,hocho,max,X,4,,,frame_00000.png,frame_00119.png,,120,1.999913
hocho_X_4,lockin,0,0,QR未検出,,lockin,binary,,,10.002604,4,8,1,0.636221,,0.636221,frame_00000.png,frame_00119.png,r120_e250_f1.mp4,120 Hz,1/250,蛍光灯あり,60.003 fps,120,250,1,54,hocho,max,X,4,,,frame_00000.png,frame_00119.png,,120,1.999913
hocho_X_4,lockin,0,0,QR未検出,,lockin,binary,,,29.997396,4,8,1,0.606509,,0.606509,frame_00000.png,frame_00119.png,r120_e250_f1.mp4,120 Hz,1/250,蛍光灯あり,60.003 fps,120,250,1,54,hocho,max,X,4,,,frame_00000.png,frame_00119.png,,120,1.999913
hocho_X_4,lockin,0,0,QR未検出,,lockin,binary,,,15.000000,8,8,1,0.600954,,0.600954,frame_00000.png,frame_00119.png,r120_e250_f1.mp4,120 Hz,1/250,蛍光灯あり,60.003 fps,120,250,1,54,hocho,max,X,4,,,frame_00000.png,frame_00119.png,,120,1.999913
hocho_X_4,lockin,0,0,QR未検出,,lockin,binary,,,29.997396,12,8,1,0.588491,,0.588491,frame_00000.png,frame_00119.png,r120_e250_f1.mp4,120 Hz,1/250,蛍光灯あり,60.003 fps,120,250,1,54,hocho,max,X,4,,,frame_00000.png,frame_00119.png,,120,1.999913
hocho_X_4,lockin,0,0,QR未検出,,lockin,binary,,,10.002604,8,8,1,0.581440,,0.581440,frame_00000.png,frame_00119.png,r120_e250_f1.mp4,120 Hz,1/250,蛍光灯あり,60.003 fps,120,250,1,54,hocho,max,X,4,,,frame_00000.png,frame_00119.png,,120,1.999913
hocho_X_4,lockin,0,0,QR未検出,,lockin,binary,,,15.000000,12,8,1,0.529022,,0.529022,frame_00000.png,frame_00119.png,r120_e250_f1.mp4,120 Hz,1/250,蛍光灯あり,60.003 fps,120,250,1,54,hocho,max,X,4,,,frame_00000.png,frame_00119.png,,120,1.999913
hocho_X_4,lockin,0,0,QR未検出,,lockin,binary,,,29.997396,8,8,1,0.507905,,0.507905,frame_00000.png,frame_00119.png,r120_e250_f1.mp4,120 Hz,1/250,蛍光灯あり,60.003 fps,120,250,1,54,hocho,max,X,4,,,frame_00000.png,frame_00119.png,,120,1.999913
hocho_X_4,lockin,0,0,QR未検出,,lockin,binary,,,10.002604,12,8,1,0.502558,,0.502558,frame_00000.png,frame_00119.png,r120_e250_f1.mp4,120 Hz,1/250,蛍光灯あり,60.003 fps,120,250,1,54,hocho,max,X,4,,,frame_00000.png,frame_00119.png,,120,1.999913
hocho_X_8,lockin,0,0,QR未検出,,lockin,binary,,,10.002604,4,8,1,0.637823,,0.637823,frame_00000.png,frame_00119.png,r120_e250_f1.mp4,120 Hz,1/250,蛍光灯あり,60.003 fps,120,250,1,55,hocho,max,X,8,,,frame_00000.png,frame_00119.png,,120,1.999913
hocho_X_8,lockin,0,0,QR未検出,,lockin,binary,,,15.000000,4,8,1,0.632767,,0.632767,frame_00000.png,frame_00119.png,r120_e250_f1.mp4,120 Hz,1/250,蛍光灯あり,60.003 fps,120,250,1,55,hocho,max,X,8,,,frame_00000.png,frame_00119.png,,120,1.999913
hocho_X_8,lockin,0,0,QR未検出,,lockin,binary,,,29.997396,4,8,1,0.624554,,0.624554,frame_00000.png,frame_00119.png,r120_e250_f1.mp4,120 Hz,1/250,蛍光灯あり,60.003 fps,120,250,1,55,hocho,max,X,8,,,frame_00000.png,frame_00119.png,,120,1.999913
hocho_X_8,lockin,0,0,QR未検出,,lockin,binary,,,10.002604,8,8,1,0.606394,,0.606394,frame_00000.png,frame_00119.png,r120_e250_f1.mp4,120 Hz,1/250,蛍光灯あり,60.003 fps,120,250,1,55,hocho,max,X,8,,,frame_00000.png,frame_00119.png,,120,1.999913
hocho_X_8,lockin,0,0,QR未検出,,lockin,binary,,,15.000000,8,8,1,0.582191,,0.582191,frame_00000.png,frame_00119.png,r120_e250_f1.mp4,120 Hz,1/250,蛍光灯あり,60.003 fps,120,250,1,55,hocho,max,X,8,,,frame_00000.png,frame_00119.png,,120,1.999913
hocho_X_8,lockin,0,0,QR未検出,,lockin,binary,,,29.997396,12,8,1,0.555685,,0.555685,frame_00000.png,frame_00119.png,r120_e250_f1.mp4,120 Hz,1/250,蛍光灯あり,60.003 fps,120,250,1,55,hocho,max,X,8,,,frame_00000.png,frame_00119.png,,120,1.999913
hocho_X_8,lockin,0,0,QR未検出,,lockin,binary,,,29.997396,8,8,1,0.537677,,0.537677,frame_00000.png,frame_00119.png,r120_e250_f1.mp4,120 Hz,1/250,蛍光灯あり,60.003 fps,120,250,1,55,hocho,max,X,8,,,frame_00000.png,frame_00119.png,,120,1.999913
hocho_X_8,lockin,0,0,QR未検出,,lockin,binary,,,10.002604,12,8,1,0.530861,,0.530861,frame_00000.png,frame_00119.png,r120_e250_f1.mp4,120 Hz,1/250,蛍光灯あり,60.003 fps,120,250,1,55,hocho,max,X,8,,,frame_00000.png,frame_00119.png,,120,1.999913
hocho_X_8,lockin,0,0,QR未検出,,lockin,binary,,,15.000000,12,8,1,0.511135,,0.511135,frame_00000.png,frame_00119.png,r120_e250_f1.mp4,120 Hz,1/250,蛍光灯あり,60.003 fps,120,250,1,55,hocho,max,X,8,,,frame_00000.png,frame_00119.png,,120,1.999913
hocho_X_12,lockin,0,0,QR未検出,,lockin,binary,,,10.002604,4,8,1,0.640530,,0.640530,frame_00000.png,frame_00119.png,r120_e250_f1.mp4,120 Hz,1/250,蛍光灯あり,60.003 fps,120,250,1,56,hocho,max,X,12,,,frame_00000.png,frame_00119.png,,120,1.999913
hocho_X_12,lockin,0,0,QR未検出,,lockin,binary,,,15.000000,4,8,1,0.636761,,0.636761,frame_00000.png,frame_00119.png,r120_e250_f1.mp4,120 Hz,1/250,蛍光灯あり,60.003 fps,120,250,1,56,hocho,max,X,12,,,frame_00000.png,frame_00119.png,,120,1.999913
hocho_X_12,lockin,0,0,QR未検出,,lockin,binary,,,10.002604,8,8,1,0.614488,,0.614488,frame_00000.png,frame_00119.png,r120_e250_f1.mp4,120 Hz,1/250,蛍光灯あり,60.003 fps,120,250,1,56,hocho,max,X,12,,,frame_00000.png,frame_00119.png,,120,1.999913
hocho_X_12,lockin,0,0,QR未検出,,lockin,binary,,,15.000000,8,8,1,0.609979,,0.609979,frame_00000.png,frame_00119.png,r120_e250_f1.mp4,120 Hz,1/250,蛍光灯あり,60.003 fps,120,250,1,56,hocho,max,X,12,,,frame_00000.png,frame_00119.png,,120,1.999913
hocho_X_12,lockin,0,0,QR未検出,,lockin,binary,,,29.997396,12,8,1,0.606198,,0.606198,frame_00000.png,frame_00119.png,r120_e250_f1.mp4,120 Hz,1/250,蛍光灯あり,60.003 fps,120,250,1,56,hocho,max,X,12,,,frame_00000.png,frame_00119.png,,120,1.999913
hocho_X_12,lockin,0,0,QR未検出,,lockin,binary,,,29.997396,4,8,1,0.605873,,0.605873,frame_00000.png,frame_00119.png,r120_e250_f1.mp4,120 Hz,1/250,蛍光灯あり,60.003 fps,120,250,1,56,hocho,max,X,12,,,frame_00000.png,frame_00119.png,,120,1.999913
hocho_X_12,lockin,0,0,QR未検出,,lockin,binary,,,10.002604,12,8,1,0.565163,,0.565163,frame_00000.png,frame_00119.png,r120_e250_f1.mp4,120 Hz,1/250,蛍光灯あり,60.003 fps,120,250,1,56,hocho,max,X,12,,,frame_00000.png,frame_00119.png,,120,1.999913
hocho_X_12,lockin,0,0,QR未検出,,lockin,binary,,,15.000000,12,8,1,0.559163,,0.559163,frame_00000.png,frame_00119.png,r120_e250_f1.mp4,120 Hz,1/250,蛍光灯あり,60.003 fps,120,250,1,56,hocho,max,X,12,,,frame_00000.png,frame_00119.png,,120,1.999913
hocho_X_12,lockin,0,0,QR未検出,,lockin,binary,,,29.997396,8,8,1,0.509508,,0.509508,frame_00000.png,frame_00119.png,r120_e250_f1.mp4,120 Hz,1/250,蛍光灯あり,60.003 fps,120,250,1,56,hocho,max,X,12,,,frame_00000.png,frame_00119.png,,120,1.999913
ex_X_4,lockin,0,0,QR未検出,,lockin,binary,,,15.000000,4,8,1,0.637872,,0.637872,frame_00000.png,frame_00119.png,r120_e250_f1.mp4,120 Hz,1/250,蛍光灯あり,60.003 fps,120,250,1,57,ex,max,X,4,,,frame_00000.png,frame_00119.png,,120,1.999913
ex_X_4,lockin,0,0,QR未検出,,lockin,binary,,,10.002604,4,8,1,0.634153,,0.634153,frame_00000.png,frame_00119.png,r120_e250_f1.mp4,120 Hz,1/250,蛍光灯あり,60.003 fps,120,250,1,57,ex,max,X,4,,,frame_00000.png,frame_00119.png,,120,1.999913
ex_X_4,lockin,0,0,QR未検出,,lockin,binary,,,29.997396,12,8,1,0.621467,,0.621467,frame_00000.png,frame_00119.png,r120_e250_f1.mp4,120 Hz,1/250,蛍光灯あり,60.003 fps,120,250,1,57,ex,max,X,4,,,frame_00000.png,frame_00119.png,,120,1.999913
ex_X_4,lockin,0,0,QR未検出,,lockin,binary,,,15.000000,8,8,1,0.618629,,0.618629,frame_00000.png,frame_00119.png,r120_e250_f1.mp4,120 Hz,1/250,蛍光灯あり,60.003 fps,120,250,1,57,ex,max,X,4,,,frame_00000.png,frame_00119.png,,120,1.999913
ex_X_4,lockin,0,0,QR未検出,,lockin,binary,,,29.997396,4,8,1,0.614463,,0.614463,frame_00000.png,frame_00119.png,r120_e250_f1.mp4,120 Hz,1/250,蛍光灯あり,60.003 fps,120,250,1,57,ex,max,X,4,,,frame_00000.png,frame_00119.png,,120,1.999913
ex_X_4,lockin,0,0,QR未検出,,lockin,binary,,,10.002604,8,8,1,0.591959,,0.591959,frame_00000.png,frame_00119.png,r120_e250_f1.mp4,120 Hz,1/250,蛍光灯あり,60.003 fps,120,250,1,57,ex,max,X,4,,,frame_00000.png,frame_00119.png,,120,1.999913
ex_X_4,lockin,0,0,QR未検出,,lockin,binary,,,15.000000,12,8,1,0.575171,,0.575171,frame_00000.png,frame_00119.png,r120_e250_f1.mp4,120 Hz,1/250,蛍光灯あり,60.003 fps,120,250,1,57,ex,max,X,4,,,frame_00000.png,frame_00119.png,,120,1.999913
ex_X_4,lockin,0,0,QR未検出,,lockin,binary,,,10.002604,12,8,1,0.534360,,0.534360,frame_00000.png,frame_00119.png,r120_e250_f1.mp4,120 Hz,1/250,蛍光灯あり,60.003 fps,120,250,1,57,ex,max,X,4,,,frame_00000.png,frame_00119.png,,120,1.999913
ex_X_4,lockin,0,0,QR未検出,,lockin,binary,,,29.997396,8,8,1,0.531046,,0.531046,frame_00000.png,frame_00119.png,r120_e250_f1.mp4,120 Hz,1/250,蛍光灯あり,60.003 fps,120,250,1,57,ex,max,X,4,,,frame_00000.png,frame_00119.png,,120,1.999913
ex_X_8,lockin,0,0,QR未検出,,lockin,binary,,,10.002604,4,8,1,0.639099,,0.639099,frame_00000.png,frame_00119.png,r120_e250_f1.mp4,120 Hz,1/250,蛍光灯あり,60.003 fps,120,250,1,58,ex,max,X,8,,,frame_00000.png,frame_00119.png,,120,1.999913
ex_X_8,lockin,0,0,QR未検出,,lockin,binary,,,15.000000,12,8,1,0.625607,,0.625607,frame_00000.png,frame_00119.png,r120_e250_f1.mp4,120 Hz,1/250,蛍光灯あり,60.003 fps,120,250,1,58,ex,max,X,8,,,frame_00000.png,frame_00119.png,,120,1.999913
ex_X_8,lockin,0,0,QR未検出,,lockin,binary,,,10.002604,8,8,1,0.625345,,0.625345,frame_00000.png,frame_00119.png,r120_e250_f1.mp4,120 Hz,1/250,蛍光灯あり,60.003 fps,120,250,1,58,ex,max,X,8,,,frame_00000.png,frame_00119.png,,120,1.999913
ex_X_8,lockin,0,0,QR未検出,,lockin,binary,,,29.997396,4,8,1,0.622281,,0.622281,frame_00000.png,frame_00119.png,r120_e250_f1.mp4,120 Hz,1/250,蛍光灯あり,60.003 fps,120,250,1,58,ex,max,X,8,,,frame_00000.png,frame_00119.png,,120,1.999913
ex_X_8,lockin,0,0,QR未検出,,lockin,binary,,,15.000000,4,8,1,0.618596,,0.618596,frame_00000.png,frame_00119.png,r120_e250_f1.mp4,120 Hz,1/250,蛍光灯あり,60.003 fps,120,250,1,58,ex,max,X,8,,,frame_00000.png,frame_00119.png,,120,1.999913
ex_X_8,lockin,0,0,QR未検出,,lockin,binary,,,10.002604,12,8,1,0.600795,,0.600795,frame_00000.png,frame_00119.png,r120_e250_f1.mp4,120 Hz,1/250,蛍光灯あり,60.003 fps,120,250,1,58,ex,max,X,8,,,frame_00000.png,frame_00119.png,,120,1.999913
ex_X_8,lockin,0,0,QR未検出,,lockin,binary,,,29.997396,12,8,1,0.577587,,0.577587,frame_00000.png,frame_00119.png,r120_e250_f1.mp4,120 Hz,1/250,蛍光灯あり,60.003 fps,120,250,1,58,ex,max,X,8,,,frame_00000.png,frame_00119.png,,120,1.999913
ex_X_8,lockin,0,0,QR未検出,,lockin,binary,,,29.997396,8,8,1,0.531657,,0.531657,frame_00000.png,frame_00119.png,r120_e250_f1.mp4,120 Hz,1/250,蛍光灯あり,60.003 fps,120,250,1,58,ex,max,X,8,,,frame_00000.png,frame_00119.png,,120,1.999913
ex_X_8,lockin,0,0,QR未検出,,lockin,binary,,,15.000000,8,8,1,0.514769,,0.514769,frame_00000.png,frame_00119.png,r120_e250_f1.mp4,120 Hz,1/250,蛍光灯あり,60.003 fps,120,250,1,58,ex,max,X,8,,,frame_00000.png,frame_00119.png,,120,1.999913
ex_X_12,lockin,0,0,QR未検出,,lockin,binary,,,15.000000,4,8,1,0.642526,,0.642526,frame_00000.png,frame_00119.png,r120_e250_f1.mp4,120 Hz,1/250,蛍光灯あり,60.003 fps,120,250,1,59,ex,max,X,12,,,frame_00000.png,frame_00119.png,,120,1.999913
ex_X_12,lockin,0,0,QR未検出,,lockin,binary,,,10.002604,4,8,1,0.638588,,0.638588,frame_00000.png,frame_00119.png,r120_e250_f1.mp4,120 Hz,1/250,蛍光灯あり,60.003 fps,120,250,1,59,ex,max,X,12,,,frame_00000.png,frame_00119.png,,120,1.999913
ex_X_12,lockin,0,0,QR未検出,,lockin,binary,,,15.000000,8,8,1,0.629826,,0.629826,frame_00000.png,frame_00119.png,r120_e250_f1.mp4,120 Hz,1/250,蛍光灯あり,60.003 fps,120,250,1,59,ex,max,X,12,,,frame_00000.png,frame_00119.png,,120,1.999913
ex_X_12,lockin,0,0,QR未検出,,lockin,binary,,,10.002604,8,8,1,0.627436,,0.627436,frame_00000.png,frame_00119.png,r120_e250_f1.mp4,120 Hz,1/250,蛍光灯あり,60.003 fps,120,250,1,59,ex,max,X,12,,,frame_00000.png,frame_00119.png,,120,1.999913
ex_X_12,lockin,0,0,QR未検出,,lockin,binary,,,29.997396,4,8,1,0.624412,,0.624412,frame_00000.png,frame_00119.png,r120_e250_f1.mp4,120 Hz,1/250,蛍光灯あり,60.003 fps,120,250,1,59,ex,max,X,12,,,frame_00000.png,frame_00119.png,,120,1.999913
ex_X_12,lockin,0,0,QR未検出,,lockin,binary,,,15.000000,12,8,1,0.613687,,0.613687,frame_00000.png,frame_00119.png,r120_e250_f1.mp4,120 Hz,1/250,蛍光灯あり,60.003 fps,120,250,1,59,ex,max,X,12,,,frame_00000.png,frame_00119.png,,120,1.999913
ex_X_12,lockin,0,0,QR未検出,,lockin,binary,,,10.002604,12,8,1,0.601663,,0.601663,frame_00000.png,frame_00119.png,r120_e250_f1.mp4,120 Hz,1/250,蛍光灯あり,60.003 fps,120,250,1,59,ex,max,X,12,,,frame_00000.png,frame_00119.png,,120,1.999913
ex_X_12,lockin,0,0,QR未検出,,lockin,binary,,,29.997396,12,8,1,0.596115,,0.596115,frame_00000.png,frame_00119.png,r120_e250_f1.mp4,120 Hz,1/250,蛍光灯あり,60.003 fps,120,250,1,59,ex,max,X,12,,,frame_00000.png,frame_00119.png,,120,1.999913
ex_X_12,lockin,0,0,QR未検出,,lockin,binary,,,29.997396,8,8,1,0.514643,,0.514643,frame_00000.png,frame_00119.png,r120_e250_f1.mp4,120 Hz,1/250,蛍光灯あり,60.003 fps,120,250,1,59,ex,max,X,12,,,frame_00000.png,frame_00119.png,,120,1.999913
ex_B_12,lockin,0,0,QR未検出,,lockin,binary,,,10.002604,30,8,1,0.648622,,0.648622,frame_00000.png,frame_00119.png,r120_e250_f1.mp4,120 Hz,1/250,蛍光灯あり,60.003 fps,120,250,1,35,ex,B,B,12,,,frame_00000.png,frame_00119.png,QR未検出,120,1.999913
ex_B_12,lockin,1,0,QR未検出,,lockin,binary,,,10.002604,50,8,1,0.648747,,0.648747,frame_00000.png,frame_00119.png,r120_e250_f1.mp4,120 Hz,1/250,蛍光灯あり,60.003 fps,120,250,1,35,ex,B,B,12,,,frame_00000.png,frame_00119.png,QR未検出,120,1.999913
ex_B_12,lockin,0,0,QR未検出,,lockin,binary,,,10.002604,70,8,1,0.648747,,0.648747,frame_00000.png,frame_00119.png,r120_e250_f1.mp4,120 Hz,1/250,蛍光灯あり,60.003 fps,120,250,1,35,ex,B,B,12,,,frame_00000.png,frame_00119.png,QR未検出,120,1.999913
ex_B_12,lockin,0,0,QR未検出,,lockin,binary,,,10.002604,901,8,1,0.610401,,0.610401,frame_00000.png,frame_00119.png,r120_e250_f1.mp4,120 Hz,1/250,蛍光灯あり,60.003 fps,120,250,1,35,ex,B,B,12,,,frame_00000.png,frame_00119.png,QR未検出,120,1.999913
ex_B_12,lockin,0,0,QR未検出,,lockin,binary,,,10.002604,902,8,1,0.515812,,0.515812,frame_00000.png,frame_00119.png,r120_e250_f1.mp4,120 Hz,1/250,蛍光灯あり,60.003 fps,120,250,1,35,ex,B,B,12,,,frame_00000.png,frame_00119.png,QR未検出,120,1.999913
ex_B_12,lockin,0,0,QR未検出,,lockin,binary,,,15.000000,30,8,1,0.648675,,0.648675,frame_00000.png,frame_00119.png,r120_e250_f1.mp4,120 Hz,1/250,蛍光灯あり,60.003 fps,120,250,1,35,ex,B,B,12,,,frame_00000.png,frame_00119.png,QR未検出,120,1.999913
ex_B_12,lockin,0,0,QR未検出,,lockin,binary,,,15.000000,50,8,1,0.648747,,0.648747,frame_00000.png,frame_00119.png,r120_e250_f1.mp4,120 Hz,1/250,蛍光灯あり,60.003 fps,120,250,1,35,ex,B,B,12,,,frame_00000.png,frame_00119.png,QR未検出,120,1.999913
ex_B_12,lockin,0,0,QR未検出,,lockin,binary,,,15.000000,70,8,1,0.648747,,0.648747,frame_00000.png,frame_00119.png,r120_e250_f1.mp4,120 Hz,1/250,蛍光灯あり,60.003 fps,120,250,1,35,ex,B,B,12,,,frame_00000.png,frame_00119.png,QR未検出,120,1.999913
ex_B_12,lockin,0,0,QR未検出,,lockin,binary,,,15.000000,901,8,1,0.611800,,0.611800,frame_00000.png,frame_00119.png,r120_e250_f1.mp4,120 Hz,1/250,蛍光灯あり,60.003 fps,120,250,1,35,ex,B,B,12,,,frame_00000.png,frame_00119.png,QR未検出,120,1.999913
ex_B_12,lockin,0,0,QR未検出,,lockin,binary,,,15.000000,902,8,1,0.533590,,0.533590,frame_00000.png,frame_00119.png,r120_e250_f1.mp4,120 Hz,1/250,蛍光灯あり,60.003 fps,120,250,1,35,ex,B,B,12,,,frame_00000.png,frame_00119.png,QR未検出,120,1.999913
ex_B_12,lockin,0,0,QR未検出,,lockin,binary,,,29.997396,30,8,1,0.648661,,0.648661,frame_00000.png,frame_00119.png,r120_e250_f1.mp4,120 Hz,1/250,蛍光灯あり,60.003 fps,120,250,1,35,ex,B,B,12,,,frame_00000.png,frame_00119.png,QR未検出,120,1.999913
ex_B_12,lockin,0,0,QR未検出,,lockin,binary,,,29.997396,50,8,1,0.648747,,0.648747,frame_00000.png,frame_00119.png,r120_e250_f1.mp4,120 Hz,1/250,蛍光灯あり,60.003 fps,120,250,1,35,ex,B,B,12,,,frame_00000.png,frame_00119.png,QR未検出,120,1.999913
ex_B_12,lockin,0,0,QR未検出,,lockin,binary,,,29.997396,70,8,1,0.648747,,0.648747,frame_00000.png,frame_00119.png,r120_e250_f1.mp4,120 Hz,1/250,蛍光灯あり,60.003 fps,120,250,1,35,ex,B,B,12,,,frame_00000.png,frame_00119.png,QR未検出,120,1.999913
ex_B_12,lockin,0,0,QR未検出,,lockin,binary,,,29.997396,901,8,1,0.634315,,0.634315,frame_00000.png,frame_00119.png,r120_e250_f1.mp4,120 Hz,1/250,蛍光灯あり,60.003 fps,120,250,1,35,ex,B,B,12,,,frame_00000.png,frame_00119.png,QR未検出,120,1.999913
ex_B_12,lockin,0,0,QR未検出,,lockin,binary,,,29.997396,902,8,1,0.514339,,0.514339,frame_00000.png,frame_00119.png,r120_e250_f1.mp4,120 Hz,1/250,蛍光灯あり,60.003 fps,120,250,1,35,ex,B,B,12,,,frame_00000.png,frame_00119.png,QR未検出,120,1.999913
ex_B_4,lockin,0,0,QR未検出,,lockin,binary,,,10.002604,30,8,1,0.648519,,0.648519,frame_00000.png,frame_00119.png,r120_e250_f1.mp4,120 Hz,1/250,蛍光灯あり,60.003 fps,120,250,1,33,ex,B,B,4,,,frame_00000.png,frame_00119.png,QR未検出,120,1.999913
ex_B_4,lockin,1,0,QR未検出,,lockin,binary,,,10.002604,50,8,1,0.648747,,0.648747,frame_00000.png,frame_00119.png,r120_e250_f1.mp4,120 Hz,1/250,蛍光灯あり,60.003 fps,120,250,1,33,ex,B,B,4,,,frame_00000.png,frame_00119.png,QR未検出,120,1.999913
ex_B_4,lockin,0,0,QR未検出,,lockin,binary,,,10.002604,70,8,1,0.648747,,0.648747,frame_00000.png,frame_00119.png,r120_e250_f1.mp4,120 Hz,1/250,蛍光灯あり,60.003 fps,120,250,1,33,ex,B,B,4,,,frame_00000.png,frame_00119.png,QR未検出,120,1.999913
ex_B_4,lockin,0,0,QR未検出,,lockin,binary,,,10.002604,901,8,1,0.612086,,0.612086,frame_00000.png,frame_00119.png,r120_e250_f1.mp4,120 Hz,1/250,蛍光灯あり,60.003 fps,120,250,1,33,ex,B,B,4,,,frame_00000.png,frame_00119.png,QR未検出,120,1.999913
ex_B_4,lockin,0,0,QR未検出,,lockin,binary,,,10.002604,902,8,1,0.500280,,0.500280,frame_00000.png,frame_00119.png,r120_e250_f1.mp4,120 Hz,1/250,蛍光灯あり,60.003 fps,120,250,1,33,ex,B,B,4,,,frame_00000.png,frame_00119.png,QR未検出,120,1.999913
ex_B_4,lockin,0,0,QR未検出,,lockin,binary,,,15.000000,30,8,1,0.648628,,0.648628,frame_00000.png,frame_00119.png,r120_e250_f1.mp4,120 Hz,1/250,蛍光灯あり,60.003 fps,120,250,1,33,ex,B,B,4,,,frame_00000.png,frame_00119.png,QR未検出,120,1.999913
ex_B_4,lockin,0,0,QR未検出,,lockin,binary,,,15.000000,50,8,1,0.648747,,0.648747,frame_00000.png,frame_00119.png,r120_e250_f1.mp4,120 Hz,1/250,蛍光灯あり,60.003 fps,120,250,1,33,ex,B,B,4,,,frame_00000.png,frame_00119.png,QR未検出,120,1.999913
ex_B_4,lockin,0,0,QR未検出,,lockin,binary,,,15.000000,70,8,1,0.648747,,0.648747,frame_00000.png,frame_00119.png,r120_e250_f1.mp4,120 Hz,1/250,蛍光灯あり,60.003 fps,120,250,1,33,ex,B,B,4,,,frame_00000.png,frame_00119.png,QR未検出,120,1.999913
ex_B_4,lockin,0,0,QR未検出,,lockin,binary,,,15.000000,901,8,1,0.614327,,0.614327,frame_00000.png,frame_00119.png,r120_e250_f1.mp4,120 Hz,1/250,蛍光灯あり,60.003 fps,120,250,1,33,ex,B,B,4,,,frame_00000.png,frame_00119.png,QR未検出,120,1.999913
ex_B_4,lockin,0,0,QR未検出,,lockin,binary,,,15.000000,902,8,1,0.527388,,0.527388,frame_00000.png,frame_00119.png,r120_e250_f1.mp4,120 Hz,1/250,蛍光灯あり,60.003 fps,120,250,1,33,ex,B,B,4,,,frame_00000.png,frame_00119.png,QR未検出,120,1.999913
ex_B_4,lockin,0,0,QR未検出,,lockin,binary,,,29.997396,30,8,1,0.648684,,0.648684,frame_00000.png,frame_00119.png,r120_e250_f1.mp4,120 Hz,1/250,蛍光灯あり,60.003 fps,120,250,1,33,ex,B,B,4,,,frame_00000.png,frame_00119.png,QR未検出,120,1.999913
ex_B_4,lockin,0,0,QR未検出,,lockin,binary,,,29.997396,50,8,1,0.648678,,0.648678,frame_00000.png,frame_00119.png,r120_e250_f1.mp4,120 Hz,1/250,蛍光灯あり,60.003 fps,120,250,1,33,ex,B,B,4,,,frame_00000.png,frame_00119.png,QR未検出,120,1.999913
ex_B_4,lockin,0,0,QR未検出,,lockin,binary,,,29.997396,70,8,1,0.648747,,0.648747,frame_00000.png,frame_00119.png,r120_e250_f1.mp4,120 Hz,1/250,蛍光灯あり,60.003 fps,120,250,1,33,ex,B,B,4,,,frame_00000.png,frame_00119.png,QR未検出,120,1.999913
ex_B_4,lockin,0,0,QR未検出,,lockin,binary,,,29.997396,901,8,1,0.633995,,0.633995,frame_00000.png,frame_00119.png,r120_e250_f1.mp4,120 Hz,1/250,蛍光灯あり,60.003 fps,120,250,1,33,ex,B,B,4,,,frame_00000.png,frame_00119.png,QR未検出,120,1.999913
ex_B_4,lockin,0,0,QR未検出,,lockin,binary,,,29.997396,902,8,1,0.500101,,0.500101,frame_00000.png,frame_00119.png,r120_e250_f1.mp4,120 Hz,1/250,蛍光灯あり,60.003 fps,120,250,1,33,ex,B,B,4,,,frame_00000.png,frame_00119.png,QR未検出,120,1.999913
ex_B_8,lockin,1,0,QR未検出,,lockin,binary,,,10.002604,30,8,1,0.648747,,0.648747,frame_00000.png,frame_00119.png,r120_e250_f1.mp4,120 Hz,1/250,蛍光灯あり,60.003 fps,120,250,1,34,ex,B,B,8,,,frame_00000.png,frame_00119.png,QR未検出,120,1.999913
ex_B_8,lockin,0,0,QR未検出,,lockin,binary,,,10.002604,50,8,1,0.648747,,0.648747,frame_00000.png,frame_00119.png,r120_e250_f1.mp4,120 Hz,1/250,蛍光灯あり,60.003 fps,120,250,1,34,ex,B,B,8,,,frame_00000.png,frame_00119.png,QR未検出,120,1.999913
ex_B_8,lockin,0,0,QR未検出,,lockin,binary,,,10.002604,70,8,1,0.648747,,0.648747,frame_00000.png,frame_00119.png,r120_e250_f1.mp4,120 Hz,1/250,蛍光灯あり,60.003 fps,120,250,1,34,ex,B,B,8,,,frame_00000.png,frame_00119.png,QR未検出,120,1.999913
ex_B_8,lockin,0,0,QR未検出,,lockin,binary,,,10.002604,901,8,1,0.617538,,0.617538,frame_00000.png,frame_00119.png,r120_e250_f1.mp4,120 Hz,1/250,蛍光灯あり,60.003 fps,120,250,1,34,ex,B,B,8,,,frame_00000.png,frame_00119.png,QR未検出,120,1.999913
ex_B_8,lockin,0,0,QR未検出,,lockin,binary,,,10.002604,902,8,1,0.549570,,0.549570,frame_00000.png,frame_00119.png,r120_e250_f1.mp4,120 Hz,1/250,蛍光灯あり,60.003 fps,120,250,1,34,ex,B,B,8,,,frame_00000.png,frame_00119.png,QR未検出,120,1.999913
ex_B_8,lockin,0,0,QR未検出,,lockin,binary,,,15.000000,30,8,1,0.648503,,0.648503,frame_00000.png,frame_00119.png,r120_e250_f1.mp4,120 Hz,1/250,蛍光灯あり,60.003 fps,120,250,1,34,ex,B,B,8,,,frame_00000.png,frame_00119.png,QR未検出,120,1.999913
ex_B_8,lockin,0,0,QR未検出,,lockin,binary,,,15.000000,50,8,1,0.648724,,0.648724,frame_00000.png,frame_00119.png,r120_e250_f1.mp4,120 Hz,1/250,蛍光灯あり,60.003 fps,120,250,1,34,ex,B,B,8,,,frame_00000.png,frame_00119.png,QR未検出,120,1.999913
ex_B_8,lockin,0,0,QR未検出,,lockin,binary,,,15.000000,70,8,1,0.648747,,0.648747,frame_00000.png,frame_00119.png,r120_e250_f1.mp4,120 Hz,1/250,蛍光灯あり,60.003 fps,120,250,1,34,ex,B,B,8,,,frame_00000.png,frame_00119.png,QR未検出,120,1.999913
ex_B_8,lockin,0,0,QR未検出,,lockin,binary,,,15.000000,901,8,1,0.609515,,0.609515,frame_00000.png,frame_00119.png,r120_e250_f1.mp4,120 Hz,1/250,蛍光灯あり,60.003 fps,120,250,1,34,ex,B,B,8,,,frame_00000.png,frame_00119.png,QR未検出,120,1.999913
ex_B_8,lockin,0,0,QR未検出,,lockin,binary,,,15.000000,902,8,1,0.527055,,0.527055,frame_00000.png,frame_00119.png,r120_e250_f1.mp4,120 Hz,1/250,蛍光灯あり,60.003 fps,120,250,1,34,ex,B,B,8,,,frame_00000.png,frame_00119.png,QR未検出,120,1.999913
ex_B_8,lockin,0,0,QR未検出,,lockin,binary,,,29.997396,30,8,1,0.648740,,0.648740,frame_00000.png,frame_00119.png,r120_e250_f1.mp4,120 Hz,1/250,蛍光灯あり,60.003 fps,120,250,1,34,ex,B,B,8,,,frame_00000.png,frame_00119.png,QR未検出,120,1.999913
ex_B_8,lockin,0,0,QR未検出,,lockin,binary,,,29.997396,50,8,1,0.648747,,0.648747,frame_00000.png,frame_00119.png,r120_e250_f1.mp4,120 Hz,1/250,蛍光灯あり,60.003 fps,120,250,1,34,ex,B,B,8,,,frame_00000.png,frame_00119.png,QR未検出,120,1.999913
ex_B_8,lockin,0,0,QR未検出,,lockin,binary,,,29.997396,70,8,1,0.648747,,0.648747,frame_00000.png,frame_00119.png,r120_e250_f1.mp4,120 Hz,1/250,蛍光灯あり,60.003 fps,120,250,1,34,ex,B,B,8,,,frame_00000.png,frame_00119.png,QR未検出,120,1.999913
ex_B_8,lockin,0,0,QR未検出,,lockin,binary,,,29.997396,901,8,1,0.634814,,0.634814,frame_00000.png,frame_00119.png,r120_e250_f1.mp4,120 Hz,1/250,蛍光灯あり,60.003 fps,120,250,1,34,ex,B,B,8,,,frame_00000.png,frame_00119.png,QR未検出,120,1.999913
ex_B_8,lockin,0,0,QR未検出,,lockin,binary,,,29.997396,902,8,1,0.510937,,0.510937,frame_00000.png,frame_00119.png,r120_e250_f1.mp4,120 Hz,1/250,蛍光灯あり,60.003 fps,120,250,1,34,ex,B,B,8,,,frame_00000.png,frame_00119.png,QR未検出,120,1.999913
ex_G_12,lockin,1,0,QR未検出,,lockin,binary,,,10.002604,30,8,1,0.648761,,0.648761,frame_00000.png,frame_00119.png,r120_e250_f1.mp4,120 Hz,1/250,蛍光灯あり,60.003 fps,120,250,1,23,ex,G,G,12,,,frame_00000.png,frame_00119.png,QR未検出,120,1.999913
ex_G_12,lockin,0,0,QR未検出,,lockin,binary,,,10.002604,50,8,1,0.648747,,0.648747,frame_00000.png,frame_00119.png,r120_e250_f1.mp4,120 Hz,1/250,蛍光灯あり,60.003 fps,120,250,1,23,ex,G,G,12,,,frame_00000.png,frame_00119.png,QR未検出,120,1.999913
ex_G_12,lockin,0,0,QR未検出,,lockin,binary,,,10.002604,70,8,1,0.648747,,0.648747,frame_00000.png,frame_00119.png,r120_e250_f1.mp4,120 Hz,1/250,蛍光灯あり,60.003 fps,120,250,1,23,ex,G,G,12,,,frame_00000.png,frame_00119.png,QR未検出,120,1.999913
ex_G_12,lockin,0,0,QR未検出,,lockin,binary,,,10.002604,901,8,1,0.610544,,0.610544,frame_00000.png,frame_00119.png,r120_e250_f1.mp4,120 Hz,1/250,蛍光灯あり,60.003 fps,120,250,1,23,ex,G,G,12,,,frame_00000.png,frame_00119.png,QR未検出,120,1.999913
ex_G_12,lockin,0,0,QR未検出,,lockin,binary,,,10.002604,902,8,1,0.546529,,0.546529,frame_00000.png,frame_00119.png,r120_e250_f1.mp4,120 Hz,1/250,蛍光灯あり,60.003 fps,120,250,1,23,ex,G,G,12,,,frame_00000.png,frame_00119.png,QR未検出,120,1.999913
ex_G_12,lockin,0,0,QR未検出,,lockin,binary,,,15.000000,30,8,1,0.648629,,0.648629,frame_00000.png,frame_00119.png,r120_e250_f1.mp4,120 Hz,1/250,蛍光灯あり,60.003 fps,120,250,1,23,ex,G,G,12,,,frame_00000.png,frame_00119.png,QR未検出,120,1.999913
ex_G_12,lockin,0,0,QR未検出,,lockin,binary,,,15.000000,50,8,1,0.648747,,0.648747,frame_00000.png,frame_00119.png,r120_e250_f1.mp4,120 Hz,1/250,蛍光灯あり,60.003 fps,120,250,1,23,ex,G,G,12,,,frame_00000.png,frame_00119.png,QR未検出,120,1.999913
ex_G_12,lockin,0,0,QR未検出,,lockin,binary,,,15.000000,70,8,1,0.648747,,0.648747,frame_00000.png,frame_00119.png,r120_e250_f1.mp4,120 Hz,1/250,蛍光灯あり,60.003 fps,120,250,1,23,ex,G,G,12,,,frame_00000.png,frame_00119.png,QR未検出,120,1.999913
ex_G_12,lockin,0,0,QR未検出,,lockin,binary,,,15.000000,901,8,1,0.613246,,0.613246,frame_00000.png,frame_00119.png,r120_e250_f1.mp4,120 Hz,1/250,蛍光灯あり,60.003 fps,120,250,1,23,ex,G,G,12,,,frame_00000.png,frame_00119.png,QR未検出,120,1.999913
ex_G_12,lockin,0,0,QR未検出,,lockin,binary,,,15.000000,902,8,1,0.546996,,0.546996,frame_00000.png,frame_00119.png,r120_e250_f1.mp4,120 Hz,1/250,蛍光灯あり,60.003 fps,120,250,1,23,ex,G,G,12,,,frame_00000.png,frame_00119.png,QR未検出,120,1.999913
ex_G_12,lockin,0,0,QR未検出,,lockin,binary,,,29.997396,30,8,1,0.648624,,0.648624,frame_00000.png,frame_00119.png,r120_e250_f1.mp4,120 Hz,1/250,蛍光灯あり,60.003 fps,120,250,1,23,ex,G,G,12,,,frame_00000.png,frame_00119.png,QR未検出,120,1.999913
ex_G_12,lockin,0,0,QR未検出,,lockin,binary,,,29.997396,50,8,1,0.648752,,0.648752,frame_00000.png,frame_00119.png,r120_e250_f1.mp4,120 Hz,1/250,蛍光灯あり,60.003 fps,120,250,1,23,ex,G,G,12,,,frame_00000.png,frame_00119.png,QR未検出,120,1.999913
ex_G_12,lockin,0,0,QR未検出,,lockin,binary,,,29.997396,70,8,1,0.648759,,0.648759,frame_00000.png,frame_00119.png,r120_e250_f1.mp4,120 Hz,1/250,蛍光灯あり,60.003 fps,120,250,1,23,ex,G,G,12,,,frame_00000.png,frame_00119.png,QR未検出,120,1.999913
ex_G_12,lockin,0,0,QR未検出,,lockin,binary,,,29.997396,901,8,1,0.634455,,0.634455,frame_00000.png,frame_00119.png,r120_e250_f1.mp4,120 Hz,1/250,蛍光灯あり,60.003 fps,120,250,1,23,ex,G,G,12,,,frame_00000.png,frame_00119.png,QR未検出,120,1.999913
ex_G_12,lockin,0,0,QR未検出,,lockin,binary,,,29.997396,902,8,1,0.521458,,0.521458,frame_00000.png,frame_00119.png,r120_e250_f1.mp4,120 Hz,1/250,蛍光灯あり,60.003 fps,120,250,1,23,ex,G,G,12,,,frame_00000.png,frame_00119.png,QR未検出,120,1.999913
ex_G_4,lockin,1,0,QR未検出,,lockin,binary,,,10.002604,30,8,1,0.648747,,0.648747,frame_00000.png,frame_00119.png,r120_e250_f1.mp4,120 Hz,1/250,蛍光灯あり,60.003 fps,120,250,1,21,ex,G,G,4,,,frame_00000.png,frame_00119.png,QR未検出,120,1.999913
ex_G_4,lockin,0,0,QR未検出,,lockin,binary,,,10.002604,50,8,1,0.648747,,0.648747,frame_00000.png,frame_00119.png,r120_e250_f1.mp4,120 Hz,1/250,蛍光灯あり,60.003 fps,120,250,1,21,ex,G,G,4,,,frame_00000.png,frame_00119.png,QR未検出,120,1.999913
ex_G_4,lockin,0,0,QR未検出,,lockin,binary,,,10.002604,70,8,1,0.648747,,0.648747,frame_00000.png,frame_00119.png,r120_e250_f1.mp4,120 Hz,1/250,蛍光灯あり,60.003 fps,120,250,1,21,ex,G,G,4,,,frame_00000.png,frame_00119.png,QR未検出,120,1.999913
ex_G_4,lockin,0,0,QR未検出,,lockin,binary,,,10.002604,901,8,1,0.605330,,0.605330,frame_00000.png,frame_00119.png,r120_e250_f1.mp4,120 Hz,1/250,蛍光灯あり,60.003 fps,120,250,1,21,ex,G,G,4,,,frame_00000.png,frame_00119.png,QR未検出,120,1.999913
ex_G_4,lockin,0,0,QR未検出,,lockin,binary,,,10.002604,902,8,1,0.534066,,0.534066,frame_00000.png,frame_00119.png,r120_e250_f1.mp4,120 Hz,1/250,蛍光灯あり,60.003 fps,120,250,1,21,ex,G,G,4,,,frame_00000.png,frame_00119.png,QR未検出,120,1.999913
ex_G_4,lockin,0,0,QR未検出,,lockin,binary,,,15.000000,30,8,1,0.648747,,0.648747,frame_00000.png,frame_00119.png,r120_e250_f1.mp4,120 Hz,1/250,蛍光灯あり,60.003 fps,120,250,1,21,ex,G,G,4,,,frame_00000.png,frame_00119.png,QR未検出,120,1.999913
ex_G_4,lockin,0,0,QR未検出,,lockin,binary,,,15.000000,50,8,1,0.648747,,0.648747,frame_00000.png,frame_00119.png,r120_e250_f1.mp4,120 Hz,1/250,蛍光灯あり,60.003 fps,120,250,1,21,ex,G,G,4,,,frame_00000.png,frame_00119.png,QR未検出,120,1.999913
ex_G_4,lockin,0,0,QR未検出,,lockin,binary,,,15.000000,70,8,1,0.648747,,0.648747,frame_00000.png,frame_00119.png,r120_e250_f1.mp4,120 Hz,1/250,蛍光灯あり,60.003 fps,120,250,1,21,ex,G,G,4,,,frame_00000.png,frame_00119.png,QR未検出,120,1.999913
ex_G_4,lockin,0,0,QR未検出,,lockin,binary,,,15.000000,901,8,1,0.607904,,0.607904,frame_00000.png,frame_00119.png,r120_e250_f1.mp4,120 Hz,1/250,蛍光灯あり,60.003 fps,120,250,1,21,ex,G,G,4,,,frame_00000.png,frame_00119.png,QR未検出,120,1.999913
ex_G_4,lockin,0,0,QR未検出,,lockin,binary,,,15.000000,902,8,1,0.553124,,0.553124,frame_00000.png,frame_00119.png,r120_e250_f1.mp4,120 Hz,1/250,蛍光灯あり,60.003 fps,120,250,1,21,ex,G,G,4,,,frame_00000.png,frame_00119.png,QR未検出,120,1.999913
ex_G_4,lockin,0,0,QR未検出,,lockin,binary,,,29.997396,30,8,1,0.648747,,0.648747,frame_00000.png,frame_00119.png,r120_e250_f1.mp4,120 Hz,1/250,蛍光灯あり,60.003 fps,120,250,1,21,ex,G,G,4,,,frame_00000.png,frame_00119.png,QR未検出,120,1.999913
ex_G_4,lockin,0,0,QR未検出,,lockin,binary,,,29.997396,50,8,1,0.648747,,0.648747,frame_00000.png,frame_00119.png,r120_e250_f1.mp4,120 Hz,1/250,蛍光灯あり,60.003 fps,120,250,1,21,ex,G,G,4,,,frame_00000.png,frame_00119.png,QR未検出,120,1.999913
ex_G_4,lockin,0,0,QR未検出,,lockin,binary,,,29.997396,70,8,1,0.648747,,0.648747,frame_00000.png,frame_00119.png,r120_e250_f1.mp4,120 Hz,1/250,蛍光灯あり,60.003 fps,120,250,1,21,ex,G,G,4,,,frame_00000.png,frame_00119.png,QR未検出,120,1.999913
ex_G_4,lockin,0,0,QR未検出,,lockin,binary,,,29.997396,901,8,1,0.636396,,0.636396,frame_00000.png,frame_00119.png,r120_e250_f1.mp4,120 Hz,1/250,蛍光灯あり,60.003 fps,120,250,1,21,ex,G,G,4,,,frame_00000.png,frame_00119.png,QR未検出,120,1.999913
ex_G_4,lockin,0,0,QR未検出,,lockin,binary,,,29.997396,902,8,1,0.505015,,0.505015,frame_00000.png,frame_00119.png,r120_e250_f1.mp4,120 Hz,1/250,蛍光灯あり,60.003 fps,120,250,1,21,ex,G,G,4,,,frame_00000.png,frame_00119.png,QR未検出,120,1.999913
ex_G_8,lockin,1,0,QR未検出,,lockin,binary,,,10.002604,30,8,1,0.648757,,0.648757,frame_00000.png,frame_00119.png,r120_e250_f1.mp4,120 Hz,1/250,蛍光灯あり,60.003 fps,120,250,1,22,ex,G,G,8,,,frame_00000.png,frame_00119.png,QR未検出,120,1.999913
ex_G_8,lockin,0,0,QR未検出,,lockin,binary,,,10.002604,50,8,1,0.648747,,0.648747,frame_00000.png,frame_00119.png,r120_e250_f1.mp4,120 Hz,1/250,蛍光灯あり,60.003 fps,120,250,1,22,ex,G,G,8,,,frame_00000.png,frame_00119.png,QR未検出,120,1.999913
ex_G_8,lockin,0,0,QR未検出,,lockin,binary,,,10.002604,70,8,1,0.648747,,0.648747,frame_00000.png,frame_00119.png,r120_e250_f1.mp4,120 Hz,1/250,蛍光灯あり,60.003 fps,120,250,1,22,ex,G,G,8,,,frame_00000.png,frame_00119.png,QR未検出,120,1.999913
ex_G_8,lockin,0,0,QR未検出,,lockin,binary,,,10.002604,901,8,1,0.612996,,0.612996,frame_00000.png,frame_00119.png,r120_e250_f1.mp4,120 Hz,1/250,蛍光灯あり,60.003 fps,120,250,1,22,ex,G,G,8,,,frame_00000.png,frame_00119.png,QR未検出,120,1.999913
ex_G_8,lockin,0,0,QR未検出,,lockin,binary,,,10.002604,902,8,1,0.512277,,0.512277,frame_00000.png,frame_00119.png,r120_e250_f1.mp4,120 Hz,1/250,蛍光灯あり,60.003 fps,120,250,1,22,ex,G,G,8,,,frame_00000.png,frame_00119.png,QR未検出,120,1.999913
ex_G_8,lockin,0,0,QR未検出,,lockin,binary,,,15.000000,30,8,1,0.648747,,0.648747,frame_00000.png,frame_00119.png,r120_e250_f1.mp4,120 Hz,1/250,蛍光灯あり,60.003 fps,120,250,1,22,ex,G,G,8,,,frame_00000.png,frame_00119.png,QR未検出,120,1.999913
ex_G_8,lockin,0,0,QR未検出,,lockin,binary,,,15.000000,50,8,1,0.648747,,0.648747,frame_00000.png,frame_00119.png,r120_e250_f1.mp4,120 Hz,1/250,蛍光灯あり,60.003 fps,120,250,1,22,ex,G,G,8,,,frame_00000.png,frame_00119.png,QR未検出,120,1.999913
ex_G_8,lockin,0,0,QR未検出,,lockin,binary,,,15.000000,70,8,1,0.648747,,0.648747,frame_00000.png,frame_00119.png,r120_e250_f1.mp4,120 Hz,1/250,蛍光灯あり,60.003 fps,120,250,1,22,ex,G,G,8,,,frame_00000.png,frame_00119.png,QR未検出,120,1.999913
ex_G_8,lockin,0,0,QR未検出,,lockin,binary,,,15.000000,901,8,1,0.618236,,0.618236,frame_00000.png,frame_00119.png,r120_e250_f1.mp4,120 Hz,1/250,蛍光灯あり,60.003 fps,120,250,1,22,ex,G,G,8,,,frame_00000.png,frame_00119.png,QR未検出,120,1.999913
ex_G_8,lockin,0,0,QR未検出,,lockin,binary,,,15.000000,902,8,1,0.540524,,0.540524,frame_00000.png,frame_00119.png,r120_e250_f1.mp4,120 Hz,1/250,蛍光灯あり,60.003 fps,120,250,1,22,ex,G,G,8,,,frame_00000.png,frame_00119.png,QR未検出,120,1.999913
ex_G_8,lockin,0,0,QR未検出,,lockin,binary,,,29.997396,30,8,1,0.648747,,0.648747,frame_00000.png,frame_00119.png,r120_e250_f1.mp4,120 Hz,1/250,蛍光灯あり,60.003 fps,120,250,1,22,ex,G,G,8,,,frame_00000.png,frame_00119.png,QR未検出,120,1.999913
ex_G_8,lockin,0,0,QR未検出,,lockin,binary,,,29.997396,50,8,1,0.648747,,0.648747,frame_00000.png,frame_00119.png,r120_e250_f1.mp4,120 Hz,1/250,蛍光灯あり,60.003 fps,120,250,1,22,ex,G,G,8,,,frame_00000.png,frame_00119.png,QR未検出,120,1.999913
ex_G_8,lockin,0,0,QR未検出,,lockin,binary,,,29.997396,70,8,1,0.648747,,0.648747,frame_00000.png,frame_00119.png,r120_e250_f1.mp4,120 Hz,1/250,蛍光灯あり,60.003 fps,120,250,1,22,ex,G,G,8,,,frame_00000.png,frame_00119.png,QR未検出,120,1.999913
ex_G_8,lockin,0,0,QR未検出,,lockin,binary,,,29.997396,901,8,1,0.634237,,0.634237,frame_00000.png,frame_00119.png,r120_e250_f1.mp4,120 Hz,1/250,蛍光灯あり,60.003 fps,120,250,1,22,ex,G,G,8,,,frame_00000.png,frame_00119.png,QR未検出,120,1.999913
ex_G_8,lockin,0,0,QR未検出,,lockin,binary,,,29.997396,902,8,1,0.509217,,0.509217,frame_00000.png,frame_00119.png,r120_e250_f1.mp4,120 Hz,1/250,蛍光灯あり,60.003 fps,120,250,1,22,ex,G,G,8,,,frame_00000.png,frame_00119.png,QR未検出,120,1.999913
ex_I_12,lockin,0,0,QR未検出,,lockin,binary,,,10.002604,30,8,1,0.648848,,0.648848,frame_00000.png,frame_00119.png,r120_e250_f1.mp4,120 Hz,1/250,蛍光灯あり,60.003 fps,120,250,1,47,ex,min,I,12,,,frame_00000.png,frame_00119.png,QR未検出,120,1.999913
ex_I_12,lockin,0,0,QR未検出,,lockin,binary,,,10.002604,50,8,1,0.648747,,0.648747,frame_00000.png,frame_00119.png,r120_e250_f1.mp4,120 Hz,1/250,蛍光灯あり,60.003 fps,120,250,1,47,ex,min,I,12,,,frame_00000.png,frame_00119.png,QR未検出,120,1.999913
ex_I_12,lockin,0,0,QR未検出,,lockin,binary,,,10.002604,70,8,1,0.648747,,0.648747,frame_00000.png,frame_00119.png,r120_e250_f1.mp4,120 Hz,1/250,蛍光灯あり,60.003 fps,120,250,1,47,ex,min,I,12,,,frame_00000.png,frame_00119.png,QR未検出,120,1.999913
ex_I_12,lockin,0,0,QR未検出,,lockin,binary,,,10.002604,901,8,1,0.641286,,0.641286,frame_00000.png,frame_00119.png,r120_e250_f1.mp4,120 Hz,1/250,蛍光灯あり,60.003 fps,120,250,1,47,ex,min,I,12,,,frame_00000.png,frame_00119.png,QR未検出,120,1.999913
ex_I_12,lockin,0,0,QR未検出,,lockin,binary,,,10.002604,902,8,1,0.546081,,0.546081,frame_00000.png,frame_00119.png,r120_e250_f1.mp4,120 Hz,1/250,蛍光灯あり,60.003 fps,120,250,1,47,ex,min,I,12,,,frame_00000.png,frame_00119.png,QR未検出,120,1.999913
ex_I_12,lockin,0,0,QR未検出,,lockin,binary,,,15.000000,30,8,1,0.648850,,0.648850,frame_00000.png,frame_00119.png,r120_e250_f1.mp4,120 Hz,1/250,蛍光灯あり,60.003 fps,120,250,1,47,ex,min,I,12,,,frame_00000.png,frame_00119.png,QR未検出,120,1.999913
ex_I_12,lockin,0,0,QR未検出,,lockin,binary,,,15.000000,50,8,1,0.648747,,0.648747,frame_00000.png,frame_00119.png,r120_e250_f1.mp4,120 Hz,1/250,蛍光灯あり,60.003 fps,120,250,1,47,ex,min,I,12,,,frame_00000.png,frame_00119.png,QR未検出,120,1.999913
ex_I_12,lockin,0,0,QR未検出,,lockin,binary,,,15.000000,70,8,1,0.648747,,0.648747,frame_00000.png,frame_00119.png,r120_e250_f1.mp4,120 Hz,1/250,蛍光灯あり,60.003 fps,120,250,1,47,ex,min,I,12,,,frame_00000.png,frame_00119.png,QR未検出,120,1.999913
ex_I_12,lockin,0,0,QR未検出,,lockin,binary,,,15.000000,901,8,1,0.642313,,0.642313,frame_00000.png,frame_00119.png,r120_e250_f1.mp4,120 Hz,1/250,蛍光灯あり,60.003 fps,120,250,1,47,ex,min,I,12,,,frame_00000.png,frame_00119.png,QR未検出,120,1.999913
ex_I_12,lockin,0,0,QR未検出,,lockin,binary,,,15.000000,902,8,1,0.563093,,0.563093,frame_00000.png,frame_00119.png,r120_e250_f1.mp4,120 Hz,1/250,蛍光灯あり,60.003 fps,120,250,1,47,ex,min,I,12,,,frame_00000.png,frame_00119.png,QR未検出,120,1.999913
ex_I_12,lockin,0,0,QR未検出,,lockin,binary,,,29.997396,30,8,1,0.648824,,0.648824,frame_00000.png,frame_00119.png,r120_e250_f1.mp4,120 Hz,1/250,蛍光灯あり,60.003 fps,120,250,1,47,ex,min,I,12,,,frame_00000.png,frame_00119.png,QR未検出,120,1.999913
ex_I_12,lockin,0,0,QR未検出,,lockin,binary,,,29.997396,50,8,1,0.648750,,0.648750,frame_00000.png,frame_00119.png,r120_e250_f1.mp4,120 Hz,1/250,蛍光灯あり,60.003 fps,120,250,1,47,ex,min,I,12,,,frame_00000.png,frame_00119.png,QR未検出,120,1.999913
ex_I_12,lockin,0,0,QR未検出,,lockin,binary,,,29.997396,70,8,1,0.648747,,0.648747,frame_00000.png,frame_00119.png,r120_e250_f1.mp4,120 Hz,1/250,蛍光灯あり,60.003 fps,120,250,1,47,ex,min,I,12,,,frame_00000.png,frame_00119.png,QR未検出,120,1.999913
ex_I_12,lockin,1,0,QR未検出,,lockin,binary,,,29.997396,901,8,1,0.653086,,0.653086,frame_00000.png,frame_00119.png,r120_e250_f1.mp4,120 Hz,1/250,蛍光灯あり,60.003 fps,120,250,1,47,ex,min,I,12,,,frame_00000.png,frame_00119.png,QR未検出,120,1.999913
ex_I_12,lockin,0,0,QR未検出,,lockin,binary,,,29.997396,902,8,1,0.511245,,0.511245,frame_00000.png,frame_00119.png,r120_e250_f1.mp4,120 Hz,1/250,蛍光灯あり,60.003 fps,120,250,1,47,ex,min,I,12,,,frame_00000.png,frame_00119.png,QR未検出,120,1.999913
ex_I_4,lockin,1,0,QR未検出,,lockin,binary,,,10.002604,30,8,1,0.648747,,0.648747,frame_00000.png,frame_00119.png,r120_e250_f1.mp4,120 Hz,1/250,蛍光灯あり,60.003 fps,120,250,1,45,ex,min,I,4,,,frame_00000.png,frame_00119.png,QR未検出,120,1.999913
ex_I_4,lockin,0,0,QR未検出,,lockin,binary,,,10.002604,50,8,1,0.648747,,0.648747,frame_00000.png,frame_00119.png,r120_e250_f1.mp4,120 Hz,1/250,蛍光灯あり,60.003 fps,120,250,1,45,ex,min,I,4,,,frame_00000.png,frame_00119.png,QR未検出,120,1.999913
ex_I_4,lockin,0,0,QR未検出,,lockin,binary,,,10.002604,70,8,1,0.648747,,0.648747,frame_00000.png,frame_00119.png,r120_e250_f1.mp4,120 Hz,1/250,蛍光灯あり,60.003 fps,120,250,1,45,ex,min,I,4,,,frame_00000.png,frame_00119.png,QR未検出,120,1.999913
ex_I_4,lockin,0,0,QR未検出,,lockin,binary,,,10.002604,901,8,1,0.605950,,0.605950,frame_00000.png,frame_00119.png,r120_e250_f1.mp4,120 Hz,1/250,蛍光灯あり,60.003 fps,120,250,1,45,ex,min,I,4,,,frame_00000.png,frame_00119.png,QR未検出,120,1.999913
ex_I_4,lockin,0,0,QR未検出,,lockin,binary,,,10.002604,902,8,1,0.530563,,0.530563,frame_00000.png,frame_00119.png,r120_e250_f1.mp4,120 Hz,1/250,蛍光灯あり,60.003 fps,120,250,1,45,ex,min,I,4,,,frame_00000.png,frame_00119.png,QR未検出,120,1.999913
ex_I_4,lockin,0,0,QR未検出,,lockin,binary,,,15.000000,30,8,1,0.648524,,0.648524,frame_00000.png,frame_00119.png,r120_e250_f1.mp4,120 Hz,1/250,蛍光灯あり,60.003 fps,120,250,1,45,ex,min,I,4,,,frame_00000.png,frame_00119.png,QR未検出,120,1.999913
ex_I_4,lockin,0,0,QR未検出,,lockin,binary,,,15.000000,50,8,1,0.648747,,0.648747,frame_00000.png,frame_00119.png,r120_e250_f1.mp4,120 Hz,1/250,蛍光灯あり,60.003 fps,120,250,1,45,ex,min,I,4,,,frame_00000.png,frame_00119.png,QR未検出,120,1.999913
ex_I_4,lockin,0,0,QR未検出,,lockin,binary,,,15.000000,70,8,1,0.648747,,0.648747,frame_00000.png,frame_00119.png,r120_e250_f1.mp4,120 Hz,1/250,蛍光灯あり,60.003 fps,120,250,1,45,ex,min,I,4,,,frame_00000.png,frame_00119.png,QR未検出,120,1.999913
ex_I_4,lockin,0,0,QR未検出,,lockin,binary,,,15.000000,901,8,1,0.611844,,0.611844,frame_00000.png,frame_00119.png,r120_e250_f1.mp4,120 Hz,1/250,蛍光灯あり,60.003 fps,120,250,1,45,ex,min,I,4,,,frame_00000.png,frame_00119.png,QR未検出,120,1.999913
ex_I_4,lockin,0,0,QR未検出,,lockin,binary,,,15.000000,902,8,1,0.513313,,0.513313,frame_00000.png,frame_00119.png,r120_e250_f1.mp4,120 Hz,1/250,蛍光灯あり,60.003 fps,120,250,1,45,ex,min,I,4,,,frame_00000.png,frame_00119.png,QR未検出,120,1.999913
ex_I_4,lockin,0,0,QR未検出,,lockin,binary,,,29.997396,30,8,1,0.648747,,0.648747,frame_00000.png,frame_00119.png,r120_e250_f1.mp4,120 Hz,1/250,蛍光灯あり,60.003 fps,120,250,1,45,ex,min,I,4,,,frame_00000.png,frame_00119.png,QR未検出,120,1.999913
ex_I_4,lockin,0,0,QR未検出,,lockin,binary,,,29.997396,50,8,1,0.648747,,0.648747,frame_00000.png,frame_00119.png,r120_e250_f1.mp4,120 Hz,1/250,蛍光灯あり,60.003 fps,120,250,1,45,ex,min,I,4,,,frame_00000.png,frame_00119.png,QR未検出,120,1.999913
ex_I_4,lockin,0,0,QR未検出,,lockin,binary,,,29.997396,70,8,1,0.648747,,0.648747,frame_00000.png,frame_00119.png,r120_e250_f1.mp4,120 Hz,1/250,蛍光灯あり,60.003 fps,120,250,1,45,ex,min,I,4,,,frame_00000.png,frame_00119.png,QR未検出,120,1.999913
ex_I_4,lockin,0,0,QR未検出,,lockin,binary,,,29.997396,901,8,1,0.638338,,0.638338,frame_00000.png,frame_00119.png,r120_e250_f1.mp4,120 Hz,1/250,蛍光灯あり,60.003 fps,120,250,1,45,ex,min,I,4,,,frame_00000.png,frame_00119.png,QR未検出,120,1.999913
ex_I_4,lockin,0,0,QR未検出,,lockin,binary,,,29.997396,902,8,1,0.561382,,0.561382,frame_00000.png,frame_00119.png,r120_e250_f1.mp4,120 Hz,1/250,蛍光灯あり,60.003 fps,120,250,1,45,ex,min,I,4,,,frame_00000.png,frame_00119.png,QR未検出,120,1.999913
ex_I_8,lockin,1,0,QR未検出,,lockin,binary,,,10.002604,30,8,1,0.648747,,0.648747,frame_00000.png,frame_00119.png,r120_e250_f1.mp4,120 Hz,1/250,蛍光灯あり,60.003 fps,120,250,1,46,ex,min,I,8,,,frame_00000.png,frame_00119.png,QR未検出,120,1.999913
ex_I_8,lockin,0,0,QR未検出,,lockin,binary,,,10.002604,50,8,1,0.648747,,0.648747,frame_00000.png,frame_00119.png,r120_e250_f1.mp4,120 Hz,1/250,蛍光灯あり,60.003 fps,120,250,1,46,ex,min,I,8,,,frame_00000.png,frame_00119.png,QR未検出,120,1.999913
ex_I_8,lockin,0,0,QR未検出,,lockin,binary,,,10.002604,70,8,1,0.648747,,0.648747,frame_00000.png,frame_00119.png,r120_e250_f1.mp4,120 Hz,1/250,蛍光灯あり,60.003 fps,120,250,1,46,ex,min,I,8,,,frame_00000.png,frame_00119.png,QR未検出,120,1.999913
ex_I_8,lockin,0,0,QR未検出,,lockin,binary,,,10.002604,901,8,1,0.611715,,0.611715,frame_00000.png,frame_00119.png,r120_e250_f1.mp4,120 Hz,1/250,蛍光灯あり,60.003 fps,120,250,1,46,ex,min,I,8,,,frame_00000.png,frame_00119.png,QR未検出,120,1.999913
ex_I_8,lockin,0,0,QR未検出,,lockin,binary,,,10.002604,902,8,1,0.532834,,0.532834,frame_00000.png,frame_00119.png,r120_e250_f1.mp4,120 Hz,1/250,蛍光灯あり,60.003 fps,120,250,1,46,ex,min,I,8,,,frame_00000.png,frame_00119.png,QR未検出,120,1.999913
ex_I_8,lockin,0,0,QR未検出,,lockin,binary,,,15.000000,30,8,1,0.648626,,0.648626,frame_00000.png,frame_00119.png,r120_e250_f1.mp4,120 Hz,1/250,蛍光灯あり,60.003 fps,120,250,1,46,ex,min,I,8,,,frame_00000.png,frame_00119.png,QR未検出,120,1.999913
ex_I_8,lockin,0,0,QR未検出,,lockin,binary,,,15.000000,50,8,1,0.648747,,0.648747,frame_00000.png,frame_00119.png,r120_e250_f1.mp4,120 Hz,1/250,蛍光灯あり,60.003 fps,120,250,1,46,ex,min,I,8,,,frame_00000.png,frame_00119.png,QR未検出,120,1.999913
ex_I_8,lockin,0,0,QR未検出,,lockin,binary,,,15.000000,70,8,1,0.648747,,0.648747,frame_00000.png,frame_00119.png,r120_e250_f1.mp4,120 Hz,1/250,蛍光灯あり,60.003 fps,120,250,1,46,ex,min,I,8,,,frame_00000.png,frame_00119.png,QR未検出,120,1.999913
ex_I_8,lockin,0,0,QR未検出,,lockin,binary,,,15.000000,901,8,1,0.614234,,0.614234,frame_00000.png,frame_00119.png,r120_e250_f1.mp4,120 Hz,1/250,蛍光灯あり,60.003 fps,120,250,1,46,ex,min,I,8,,,frame_00000.png,frame_00119.png,QR未検出,120,1.999913
ex_I_8,lockin,0,0,QR未検出,,lockin,binary,,,15.000000,902,8,1,0.531790,,0.531790,frame_00000.png,frame_00119.png,r120_e250_f1.mp4,120 Hz,1/250,蛍光灯あり,60.003 fps,120,250,1,46,ex,min,I,8,,,frame_00000.png,frame_00119.png,QR未検出,120,1.999913
ex_I_8,lockin,0,0,QR未検出,,lockin,binary,,,29.997396,30,8,1,0.648607,,0.648607,frame_00000.png,frame_00119.png,r120_e250_f1.mp4,120 Hz,1/250,蛍光灯あり,60.003 fps,120,250,1,46,ex,min,I,8,,,frame_00000.png,frame_00119.png,QR未検出,120,1.999913
ex_I_8,lockin,0,0,QR未検出,,lockin,binary,,,29.997396,50,8,1,0.648670,,0.648670,frame_00000.png,frame_00119.png,r120_e250_f1.mp4,120 Hz,1/250,蛍光灯あり,60.003 fps,120,250,1,46,ex,min,I,8,,,frame_00000.png,frame_00119.png,QR未検出,120,1.999913
ex_I_8,lockin,0,0,QR未検出,,lockin,binary,,,29.997396,70,8,1,0.648670,,0.648670,frame_00000.png,frame_00119.png,r120_e250_f1.mp4,120 Hz,1/250,蛍光灯あり,60.003 fps,120,250,1,46,ex,min,I,8,,,frame_00000.png,frame_00119.png,QR未検出,120,1.999913
ex_I_8,lockin,0,0,QR未検出,,lockin,binary,,,29.997396,901,8,1,0.631098,,0.631098,frame_00000.png,frame_00119.png,r120_e250_f1.mp4,120 Hz,1/250,蛍光灯あり,60.003 fps,120,250,1,46,ex,min,I,8,,,frame_00000.png,frame_00119.png,QR未検出,120,1.999913
ex_I_8,lockin,0,0,QR未検出,,lockin,binary,,,29.997396,902,8,1,0.518555,,0.518555,frame_00000.png,frame_00119.png,r120_e250_f1.mp4,120 Hz,1/250,蛍光灯あり,60.003 fps,120,250,1,46,ex,min,I,8,,,frame_00000.png,frame_00119.png,QR未検出,120,1.999913
ex_R_12,lockin,0,0,QR未検出,,lockin,binary,,,10.002604,30,8,1,0.648736,,0.648736,frame_00000.png,frame_00119.png,r120_e250_f1.mp4,120 Hz,1/250,蛍光灯あり,60.003 fps,120,250,1,11,ex,R,R,12,,,frame_00000.png,frame_00119.png,QR未検出,120,1.999913
ex_R_12,lockin,1,0,QR未検出,,lockin,binary,,,10.002604,50,8,1,0.648750,,0.648750,frame_00000.png,frame_00119.png,r120_e250_f1.mp4,120 Hz,1/250,蛍光灯あり,60.003 fps,120,250,1,11,ex,R,R,12,,,frame_00000.png,frame_00119.png,QR未検出,120,1.999913
ex_R_12,lockin,0,0,QR未検出,,lockin,binary,,,10.002604,70,8,1,0.648747,,0.648747,frame_00000.png,frame_00119.png,r120_e250_f1.mp4,120 Hz,1/250,蛍光灯あり,60.003 fps,120,250,1,11,ex,R,R,12,,,frame_00000.png,frame_00119.png,QR未検出,120,1.999913
ex_R_12,lockin,0,0,QR未検出,,lockin,binary,,,10.002604,901,8,1,0.600886,,0.600886,frame_00000.png,frame_00119.png,r120_e250_f1.mp4,120 Hz,1/250,蛍光灯あり,60.003 fps,120,250,1,11,ex,R,R,12,,,frame_00000.png,frame_00119.png,QR未検出,120,1.999913
ex_R_12,lockin,0,0,QR未検出,,lockin,binary,,,10.002604,902,8,1,0.541835,,0.541835,frame_00000.png,frame_00119.png,r120_e250_f1.mp4,120 Hz,1/250,蛍光灯あり,60.003 fps,120,250,1,11,ex,R,R,12,,,frame_00000.png,frame_00119.png,QR未検出,120,1.999913
ex_R_12,lockin,0,0,QR未検出,,lockin,binary,,,15.000000,30,8,1,0.648563,,0.648563,frame_00000.png,frame_00119.png,r120_e250_f1.mp4,120 Hz,1/250,蛍光灯あり,60.003 fps,120,250,1,11,ex,R,R,12,,,frame_00000.png,frame_00119.png,QR未検出,120,1.999913
ex_R_12,lockin,0,0,QR未検出,,lockin,binary,,,15.000000,50,8,1,0.648747,,0.648747,frame_00000.png,frame_00119.png,r120_e250_f1.mp4,120 Hz,1/250,蛍光灯あり,60.003 fps,120,250,1,11,ex,R,R,12,,,frame_00000.png,frame_00119.png,QR未検出,120,1.999913
ex_R_12,lockin,0,0,QR未検出,,lockin,binary,,,15.000000,70,8,1,0.648747,,0.648747,frame_00000.png,frame_00119.png,r120_e250_f1.mp4,120 Hz,1/250,蛍光灯あり,60.003 fps,120,250,1,11,ex,R,R,12,,,frame_00000.png,frame_00119.png,QR未検出,120,1.999913
ex_R_12,lockin,0,0,QR未検出,,lockin,binary,,,15.000000,901,8,1,0.599107,,0.599107,frame_00000.png,frame_00119.png,r120_e250_f1.mp4,120 Hz,1/250,蛍光灯あり,60.003 fps,120,250,1,11,ex,R,R,12,,,frame_00000.png,frame_00119.png,QR未検出,120,1.999913
ex_R_12,lockin,0,0,QR未検出,,lockin,binary,,,15.000000,902,8,1,0.542709,,0.542709,frame_00000.png,frame_00119.png,r120_e250_f1.mp4,120 Hz,1/250,蛍光灯あり,60.003 fps,120,250,1,11,ex,R,R,12,,,frame_00000.png,frame_00119.png,QR未検出,120,1.999913
ex_R_12,lockin,0,0,QR未検出,,lockin,binary,,,29.997396,30,8,1,0.648624,,0.648624,frame_00000.png,frame_00119.png,r120_e250_f1.mp4,120 Hz,1/250,蛍光灯あり,60.003 fps,120,250,1,11,ex,R,R,12,,,frame_00000.png,frame_00119.png,QR未検出,120,1.999913
ex_R_12,lockin,0,0,QR未検出,,lockin,binary,,,29.997396,50,8,1,0.648743,,0.648743,frame_00000.png,frame_00119.png,r120_e250_f1.mp4,120 Hz,1/250,蛍光灯あり,60.003 fps,120,250,1,11,ex,R,R,12,,,frame_00000.png,frame_00119.png,QR未検出,120,1.999913
ex_R_12,lockin,0,0,QR未検出,,lockin,binary,,,29.997396,70,8,1,0.648747,,0.648747,frame_00000.png,frame_00119.png,r120_e250_f1.mp4,120 Hz,1/250,蛍光灯あり,60.003 fps,120,250,1,11,ex,R,R,12,,,frame_00000.png,frame_00119.png,QR未検出,120,1.999913
ex_R_12,lockin,0,0,QR未検出,,lockin,binary,,,29.997396,901,8,1,0.629866,,0.629866,frame_00000.png,frame_00119.png,r120_e250_f1.mp4,120 Hz,1/250,蛍光灯あり,60.003 fps,120,250,1,11,ex,R,R,12,,,frame_00000.png,frame_00119.png,QR未検出,120,1.999913
ex_R_12,lockin,0,0,QR未検出,,lockin,binary,,,29.997396,902,8,1,0.520618,,0.520618,frame_00000.png,frame_00119.png,r120_e250_f1.mp4,120 Hz,1/250,蛍光灯あり,60.003 fps,120,250,1,11,ex,R,R,12,,,frame_00000.png,frame_00119.png,QR未検出,120,1.999913
ex_R_4,lockin,1,0,QR未検出,,lockin,binary,,,10.002604,30,8,1,0.648839,,0.648839,frame_00000.png,frame_00119.png,r120_e250_f1.mp4,120 Hz,1/250,蛍光灯あり,60.003 fps,120,250,1,9,ex,R,R,4,,,frame_00000.png,frame_00119.png,QR未検出,120,1.999913
ex_R_4,lockin,0,0,QR未検出,,lockin,binary,,,10.002604,50,8,1,0.648747,,0.648747,frame_00000.png,frame_00119.png,r120_e250_f1.mp4,120 Hz,1/250,蛍光灯あり,60.003 fps,120,250,1,9,ex,R,R,4,,,frame_00000.png,frame_00119.png,QR未検出,120,1.999913
ex_R_4,lockin,0,0,QR未検出,,lockin,binary,,,10.002604,70,8,1,0.648747,,0.648747,frame_00000.png,frame_00119.png,r120_e250_f1.mp4,120 Hz,1/250,蛍光灯あり,60.003 fps,120,250,1,9,ex,R,R,4,,,frame_00000.png,frame_00119.png,QR未検出,120,1.999913
ex_R_4,lockin,0,0,QR未検出,,lockin,binary,,,10.002604,901,8,1,0.605873,,0.605873,frame_00000.png,frame_00119.png,r120_e250_f1.mp4,120 Hz,1/250,蛍光灯あり,60.003 fps,120,250,1,9,ex,R,R,4,,,frame_00000.png,frame_00119.png,QR未検出,120,1.999913
ex_R_4,lockin,0,0,QR未検出,,lockin,binary,,,10.002604,902,8,1,0.517743,,0.517743,frame_00000.png,frame_00119.png,r120_e250_f1.mp4,120 Hz,1/250,蛍光灯あり,60.003 fps,120,250,1,9,ex,R,R,4,,,frame_00000.png,frame_00119.png,QR未検出,120,1.999913
ex_R_4,lockin,0,0,QR未検出,,lockin,binary,,,15.000000,30,8,1,0.648747,,0.648747,frame_00000.png,frame_00119.png,r120_e250_f1.mp4,120 Hz,1/250,蛍光灯あり,60.003 fps,120,250,1,9,ex,R,R,4,,,frame_00000.png,frame_00119.png,QR未検出,120,1.999913
ex_R_4,lockin,0,0,QR未検出,,lockin,binary,,,15.000000,50,8,1,0.648747,,0.648747,frame_00000.png,frame_00119.png,r120_e250_f1.mp4,120 Hz,1/250,蛍光灯あり,60.003 fps,120,250,1,9,ex,R,R,4,,,frame_00000.png,frame_00119.png,QR未検出,120,1.999913
ex_R_4,lockin,0,0,QR未検出,,lockin,binary,,,15.000000,70,8,1,0.648747,,0.648747,frame_00000.png,frame_00119.png,r120_e250_f1.mp4,120 Hz,1/250,蛍光灯あり,60.003 fps,120,250,1,9,ex,R,R,4,,,frame_00000.png,frame_00119.png,QR未検出,120,1.999913
ex_R_4,lockin,0,0,QR未検出,,lockin,binary,,,15.000000,901,8,1,0.617298,,0.617298,frame_00000.png,frame_00119.png,r120_e250_f1.mp4,120 Hz,1/250,蛍光灯あり,60.003 fps,120,250,1,9,ex,R,R,4,,,frame_00000.png,frame_00119.png,QR未検出,120,1.999913
ex_R_4,lockin,0,0,QR未検出,,lockin,binary,,,15.000000,902,8,1,0.564295,,0.564295,frame_00000.png,frame_00119.png,r120_e250_f1.mp4,120 Hz,1/250,蛍光灯あり,60.003 fps,120,250,1,9,ex,R,R,4,,,frame_00000.png,frame_00119.png,QR未検出,120,1.999913
ex_R_4,lockin,0,0,QR未検出,,lockin,binary,,,29.997396,30,8,1,0.648750,,0.648750,frame_00000.png,frame_00119.png,r120_e250_f1.mp4,120 Hz,1/250,蛍光灯あり,60.003 fps,120,250,1,9,ex,R,R,4,,,frame_00000.png,frame_00119.png,QR未検出,120,1.999913
ex_R_4,lockin,0,0,QR未検出,,lockin,binary,,,29.997396,50,8,1,0.648747,,0.648747,frame_00000.png,frame_00119.png,r120_e250_f1.mp4,120 Hz,1/250,蛍光灯あり,60.003 fps,120,250,1,9,ex,R,R,4,,,frame_00000.png,frame_00119.png,QR未検出,120,1.999913
ex_R_4,lockin,0,0,QR未検出,,lockin,binary,,,29.997396,70,8,1,0.648747,,0.648747,frame_00000.png,frame_00119.png,r120_e250_f1.mp4,120 Hz,1/250,蛍光灯あり,60.003 fps,120,250,1,9,ex,R,R,4,,,frame_00000.png,frame_00119.png,QR未検出,120,1.999913
ex_R_4,lockin,0,0,QR未検出,,lockin,binary,,,29.997396,901,8,1,0.635293,,0.635293,frame_00000.png,frame_00119.png,r120_e250_f1.mp4,120 Hz,1/250,蛍光灯あり,60.003 fps,120,250,1,9,ex,R,R,4,,,frame_00000.png,frame_00119.png,QR未検出,120,1.999913
ex_R_4,lockin,0,0,QR未検出,,lockin,binary,,,29.997396,902,8,1,0.504281,,0.504281,frame_00000.png,frame_00119.png,r120_e250_f1.mp4,120 Hz,1/250,蛍光灯あり,60.003 fps,120,250,1,9,ex,R,R,4,,,frame_00000.png,frame_00119.png,QR未検出,120,1.999913
ex_R_8,lockin,0,0,QR未検出,,lockin,binary,,,10.002604,30,8,1,0.648729,,0.648729,frame_00000.png,frame_00119.png,r120_e250_f1.mp4,120 Hz,1/250,蛍光灯あり,60.003 fps,120,250,1,10,ex,R,R,8,,,frame_00000.png,frame_00119.png,QR未検出,120,1.999913
ex_R_8,lockin,0,0,QR未検出,,lockin,binary,,,10.002604,50,8,1,0.648747,,0.648747,frame_00000.png,frame_00119.png,r120_e250_f1.mp4,120 Hz,1/250,蛍光灯あり,60.003 fps,120,250,1,10,ex,R,R,8,,,frame_00000.png,frame_00119.png,QR未検出,120,1.999913
ex_R_8,lockin,0,0,QR未検出,,lockin,binary,,,10.002604,70,8,1,0.648747,,0.648747,frame_00000.png,frame_00119.png,r120_e250_f1.mp4,120 Hz,1/250,蛍光灯あり,60.003 fps,120,250,1,10,ex,R,R,8,,,frame_00000.png,frame_00119.png,QR未検出,120,1.999913
ex_R_8,lockin,0,0,QR未検出,,lockin,binary,,,10.002604,901,8,1,0.603804,,0.603804,frame_00000.png,frame_00119.png,r120_e250_f1.mp4,120 Hz,1/250,蛍光灯あり,60.003 fps,120,250,1,10,ex,R,R,8,,,frame_00000.png,frame_00119.png,QR未検出,120,1.999913
ex_R_8,lockin,0,0,QR未検出,,lockin,binary,,,10.002604,902,8,1,0.529667,,0.529667,frame_00000.png,frame_00119.png,r120_e250_f1.mp4,120 Hz,1/250,蛍光灯あり,60.003 fps,120,250,1,10,ex,R,R,8,,,frame_00000.png,frame_00119.png,QR未検出,120,1.999913
ex_R_8,lockin,0,0,QR未検出,,lockin,binary,,,15.000000,30,8,1,0.648705,,0.648705,frame_00000.png,frame_00119.png,r120_e250_f1.mp4,120 Hz,1/250,蛍光灯あり,60.003 fps,120,250,1,10,ex,R,R,8,,,frame_00000.png,frame_00119.png,QR未検出,120,1.999913
ex_R_8,lockin,0,0,QR未検出,,lockin,binary,,,15.000000,50,8,1,0.648747,,0.648747,frame_00000.png,frame_00119.png,r120_e250_f1.mp4,120 Hz,1/250,蛍光灯あり,60.003 fps,120,250,1,10,ex,R,R,8,,,frame_00000.png,frame_00119.png,QR未検出,120,1.999913
ex_R_8,lockin,0,0,QR未検出,,lockin,binary,,,15.000000,70,8,1,0.648747,,0.648747,frame_00000.png,frame_00119.png,r120_e250_f1.mp4,120 Hz,1/250,蛍光灯あり,60.003 fps,120,250,1,10,ex,R,R,8,,,frame_00000.png,frame_00119.png,QR未検出,120,1.999913
ex_R_8,lockin,0,0,QR未検出,,lockin,binary,,,15.000000,901,8,1,0.609486,,0.609486,frame_00000.png,frame_00119.png,r120_e250_f1.mp4,120 Hz,1/250,蛍光灯あり,60.003 fps,120,250,1,10,ex,R,R,8,,,frame_00000.png,frame_00119.png,QR未検出,120,1.999913
ex_R_8,lockin,0,0,QR未検出,,lockin,binary,,,15.000000,902,8,1,0.517288,,0.517288,frame_00000.png,frame_00119.png,r120_e250_f1.mp4,120 Hz,1/250,蛍光灯あり,60.003 fps,120,250,1,10,ex,R,R,8,,,frame_00000.png,frame_00119.png,QR未検出,120,1.999913
ex_R_8,lockin,1,0,QR未検出,,lockin,binary,,,29.997396,30,8,1,0.648794,,0.648794,frame_00000.png,frame_00119.png,r120_e250_f1.mp4,120 Hz,1/250,蛍光灯あり,60.003 fps,120,250,1,10,ex,R,R,8,,,frame_00000.png,frame_00119.png,QR未検出,120,1.999913
ex_R_8,lockin,0,0,QR未検出,,lockin,binary,,,29.997396,50,8,1,0.648747,,0.648747,frame_00000.png,frame_00119.png,r120_e250_f1.mp4,120 Hz,1/250,蛍光灯あり,60.003 fps,120,250,1,10,ex,R,R,8,,,frame_00000.png,frame_00119.png,QR未検出,120,1.999913
ex_R_8,lockin,0,0,QR未検出,,lockin,binary,,,29.997396,70,8,1,0.648747,,0.648747,frame_00000.png,frame_00119.png,r120_e250_f1.mp4,120 Hz,1/250,蛍光灯あり,60.003 fps,120,250,1,10,ex,R,R,8,,,frame_00000.png,frame_00119.png,QR未検出,120,1.999913
ex_R_8,lockin,0,0,QR未検出,,lockin,binary,,,29.997396,901,8,1,0.632959,,0.632959,frame_00000.png,frame_00119.png,r120_e250_f1.mp4,120 Hz,1/250,蛍光灯あり,60.003 fps,120,250,1,10,ex,R,R,8,,,frame_00000.png,frame_00119.png,QR未検出,120,1.999913
ex_R_8,lockin,0,0,QR未検出,,lockin,binary,,,29.997396,902,8,1,0.500546,,0.500546,frame_00000.png,frame_00119.png,r120_e250_f1.mp4,120 Hz,1/250,蛍光灯あり,60.003 fps,120,250,1,10,ex,R,R,8,,,frame_00000.png,frame_00119.png,QR未検出,120,1.999913
ex_X_12,lockin,0,0,QR未検出,,lockin,binary,,,10.002604,30,8,1,0.648586,,0.648586,frame_00000.png,frame_00119.png,r120_e250_f1.mp4,120 Hz,1/250,蛍光灯あり,60.003 fps,120,250,1,59,ex,max,X,12,,,frame_00000.png,frame_00119.png,QR未検出,120,1.999913
ex_X_12,lockin,0,0,QR未検出,,lockin,binary,,,10.002604,50,8,1,0.648747,,0.648747,frame_00000.png,frame_00119.png,r120_e250_f1.mp4,120 Hz,1/250,蛍光灯あり,60.003 fps,120,250,1,59,ex,max,X,12,,,frame_00000.png,frame_00119.png,QR未検出,120,1.999913
ex_X_12,lockin,0,0,QR未検出,,lockin,binary,,,10.002604,70,8,1,0.648747,,0.648747,frame_00000.png,frame_00119.png,r120_e250_f1.mp4,120 Hz,1/250,蛍光灯あり,60.003 fps,120,250,1,59,ex,max,X,12,,,frame_00000.png,frame_00119.png,QR未検出,120,1.999913
ex_X_12,lockin,0,0,QR未検出,,lockin,binary,,,10.002604,901,8,1,0.611344,,0.611344,frame_00000.png,frame_00119.png,r120_e250_f1.mp4,120 Hz,1/250,蛍光灯あり,60.003 fps,120,250,1,59,ex,max,X,12,,,frame_00000.png,frame_00119.png,QR未検出,120,1.999913
ex_X_12,lockin,0,0,QR未検出,,lockin,binary,,,10.002604,902,8,1,0.515079,,0.515079,frame_00000.png,frame_00119.png,r120_e250_f1.mp4,120 Hz,1/250,蛍光灯あり,60.003 fps,120,250,1,59,ex,max,X,12,,,frame_00000.png,frame_00119.png,QR未検出,120,1.999913
ex_X_12,lockin,1,0,QR未検出,,lockin,binary,,,15.000000,30,8,1,0.649016,,0.649016,frame_00000.png,frame_00119.png,r120_e250_f1.mp4,120 Hz,1/250,蛍光灯あり,60.003 fps,120,250,1,59,ex,max,X,12,,,frame_00000.png,frame_00119.png,QR未検出,120,1.999913
ex_X_12,lockin,0,0,QR未検出,,lockin,binary,,,15.000000,50,8,1,0.648733,,0.648733,frame_00000.png,frame_00119.png,r120_e250_f1.mp4,120 Hz,1/250,蛍光灯あり,60.003 fps,120,250,1,59,ex,max,X,12,,,frame_00000.png,frame_00119.png,QR未検出,120,1.999913
ex_X_12,lockin,0,0,QR未検出,,lockin,binary,,,15.000000,70,8,1,0.648705,,0.648705,frame_00000.png,frame_00119.png,r120_e250_f1.mp4,120 Hz,1/250,蛍光灯あり,60.003 fps,120,250,1,59,ex,max,X,12,,,frame_00000.png,frame_00119.png,QR未検出,120,1.999913
ex_X_12,lockin,0,0,QR未検出,,lockin,binary,,,15.000000,901,8,1,0.617228,,0.617228,frame_00000.png,frame_00119.png,r120_e250_f1.mp4,120 Hz,1/250,蛍光灯あり,60.003 fps,120,250,1,59,ex,max,X,12,,,frame_00000.png,frame_00119.png,QR未検出,120,1.999913
ex_X_12,lockin,0,0,QR未検出,,lockin,binary,,,15.000000,902,8,1,0.504180,,0.504180,frame_00000.png,frame_00119.png,r120_e250_f1.mp4,120 Hz,1/250,蛍光灯あり,60.003 fps,120,250,1,59,ex,max,X,12,,,frame_00000.png,frame_00119.png,QR未検出,120,1.999913
ex_X_12,lockin,0,0,QR未検出,,lockin,binary,,,29.997396,30,8,1,0.648790,,0.648790,frame_00000.png,frame_00119.png,r120_e250_f1.mp4,120 Hz,1/250,蛍光灯あり,60.003 fps,120,250,1,59,ex,max,X,12,,,frame_00000.png,frame_00119.png,QR未検出,120,1.999913
ex_X_12,lockin,0,0,QR未検出,,lockin,binary,,,29.997396,50,8,1,0.648747,,0.648747,frame_00000.png,frame_00119.png,r120_e250_f1.mp4,120 Hz,1/250,蛍光灯あり,60.003 fps,120,250,1,59,ex,max,X,12,,,frame_00000.png,frame_00119.png,QR未検出,120,1.999913
ex_X_12,lockin,0,0,QR未検出,,lockin,binary,,,29.997396,70,8,1,0.648747,,0.648747,frame_00000.png,frame_00119.png,r120_e250_f1.mp4,120 Hz,1/250,蛍光灯あり,60.003 fps,120,250,1,59,ex,max,X,12,,,frame_00000.png,frame_00119.png,QR未検出,120,1.999913
ex_X_12,lockin,0,0,QR未検出,,lockin,binary,,,29.997396,901,8,1,0.638257,,0.638257,frame_00000.png,frame_00119.png,r120_e250_f1.mp4,120 Hz,1/250,蛍光灯あり,60.003 fps,120,250,1,59,ex,max,X,12,,,frame_00000.png,frame_00119.png,QR未検出,120,1.999913
ex_X_12,lockin,0,0,QR未検出,,lockin,binary,,,29.997396,902,8,1,0.504768,,0.504768,frame_00000.png,frame_00119.png,r120_e250_f1.mp4,120 Hz,1/250,蛍光灯あり,60.003 fps,120,250,1,59,ex,max,X,12,,,frame_00000.png,frame_00119.png,QR未検出,120,1.999913
ex_X_4,lockin,1,0,QR未検出,,lockin,binary,,,10.002604,30,8,1,0.648747,,0.648747,frame_00000.png,frame_00119.png,r120_e250_f1.mp4,120 Hz,1/250,蛍光灯あり,60.003 fps,120,250,1,57,ex,max,X,4,,,frame_00000.png,frame_00119.png,QR未検出,120,1.999913
ex_X_4,lockin,0,0,QR未検出,,lockin,binary,,,10.002604,50,8,1,0.648747,,0.648747,frame_00000.png,frame_00119.png,r120_e250_f1.mp4,120 Hz,1/250,蛍光灯あり,60.003 fps,120,250,1,57,ex,max,X,4,,,frame_00000.png,frame_00119.png,QR未検出,120,1.999913
ex_X_4,lockin,0,0,QR未検出,,lockin,binary,,,10.002604,70,8,1,0.648747,,0.648747,frame_00000.png,frame_00119.png,r120_e250_f1.mp4,120 Hz,1/250,蛍光灯あり,60.003 fps,120,250,1,57,ex,max,X,4,,,frame_00000.png,frame_00119.png,QR未検出,120,1.999913
ex_X_4,lockin,0,0,QR未検出,,lockin,binary,,,10.002604,901,8,1,0.607162,,0.607162,frame_00000.png,frame_00119.png,r120_e250_f1.mp4,120 Hz,1/250,蛍光灯あり,60.003 fps,120,250,1,57,ex,max,X,4,,,frame_00000.png,frame_00119.png,QR未検出,120,1.999913
ex_X_4,lockin,0,0,QR未検出,,lockin,binary,,,10.002604,902,8,1,0.553316,,0.553316,frame_00000.png,frame_00119.png,r120_e250_f1.mp4,120 Hz,1/250,蛍光灯あり,60.003 fps,120,250,1,57,ex,max,X,4,,,frame_00000.png,frame_00119.png,QR未検出,120,1.999913
ex_X_4,lockin,0,0,QR未検出,,lockin,binary,,,15.000000,30,8,1,0.648551,,0.648551,frame_00000.png,frame_00119.png,r120_e250_f1.mp4,120 Hz,1/250,蛍光灯あり,60.003 fps,120,250,1,57,ex,max,X,4,,,frame_00000.png,frame_00119.png,QR未検出,120,1.999913
ex_X_4,lockin,0,0,QR未検出,,lockin,binary,,,15.000000,50,8,1,0.648733,,0.648733,frame_00000.png,frame_00119.png,r120_e250_f1.mp4,120 Hz,1/250,蛍光灯あり,60.003 fps,120,250,1,57,ex,max,X,4,,,frame_00000.png,frame_00119.png,QR未検出,120,1.999913
ex_X_4,lockin,0,0,QR未検出,,lockin,binary,,,15.000000,70,8,1,0.648747,,0.648747,frame_00000.png,frame_00119.png,r120_e250_f1.mp4,120 Hz,1/250,蛍光灯あり,60.003 fps,120,250,1,57,ex,max,X,4,,,frame_00000.png,frame_00119.png,QR未検出,120,1.999913
ex_X_4,lockin,0,0,QR未検出,,lockin,binary,,,15.000000,901,8,1,0.608849,,0.608849,frame_00000.png,frame_00119.png,r120_e250_f1.mp4,120 Hz,1/250,蛍光灯あり,60.003 fps,120,250,1,57,ex,max,X,4,,,frame_00000.png,frame_00119.png,QR未検出,120,1.999913
ex_X_4,lockin,0,0,QR未検出,,lockin,binary,,,15.000000,902,8,1,0.526152,,0.526152,frame_00000.png,frame_00119.png,r120_e250_f1.mp4,120 Hz,1/250,蛍光灯あり,60.003 fps,120,250,1,57,ex,max,X,4,,,frame_00000.png,frame_00119.png,QR未検出,120,1.999913
ex_X_4,lockin,0,0,QR未検出,,lockin,binary,,,29.997396,30,8,1,0.648747,,0.648747,frame_00000.png,frame_00119.png,r120_e250_f1.mp4,120 Hz,1/250,蛍光灯あり,60.003 fps,120,250,1,57,ex,max,X,4,,,frame_00000.png,frame_00119.png,QR未検出,120,1.999913
ex_X_4,lockin,0,0,QR未検出,,lockin,binary,,,29.997396,50,8,1,0.648747,,0.648747,frame_00000.png,frame_00119.png,r120_e250_f1.mp4,120 Hz,1/250,蛍光灯あり,60.003 fps,120,250,1,57,ex,max,X,4,,,frame_00000.png,frame_00119.png,QR未検出,120,1.999913
ex_X_4,lockin,0,0,QR未検出,,lockin,binary,,,29.997396,70,8,1,0.648747,,0.648747,frame_00000.png,frame_00119.png,r120_e250_f1.mp4,120 Hz,1/250,蛍光灯あり,60.003 fps,120,250,1,57,ex,max,X,4,,,frame_00000.png,frame_00119.png,QR未検出,120,1.999913
ex_X_4,lockin,0,0,QR未検出,,lockin,binary,,,29.997396,901,8,1,0.631325,,0.631325,frame_00000.png,frame_00119.png,r120_e250_f1.mp4,120 Hz,1/250,蛍光灯あり,60.003 fps,120,250,1,57,ex,max,X,4,,,frame_00000.png,frame_00119.png,QR未検出,120,1.999913
ex_X_4,lockin,0,0,QR未検出,,lockin,binary,,,29.997396,902,8,1,0.518375,,0.518375,frame_00000.png,frame_00119.png,r120_e250_f1.mp4,120 Hz,1/250,蛍光灯あり,60.003 fps,120,250,1,57,ex,max,X,4,,,frame_00000.png,frame_00119.png,QR未検出,120,1.999913
ex_X_8,lockin,0,0,QR未検出,,lockin,binary,,,10.002604,30,8,1,0.648682,,0.648682,frame_00000.png,frame_00119.png,r120_e250_f1.mp4,120 Hz,1/250,蛍光灯あり,60.003 fps,120,250,1,58,ex,max,X,8,,,frame_00000.png,frame_00119.png,QR未検出,120,1.999913
ex_X_8,lockin,1,0,QR未検出,,lockin,binary,,,10.002604,50,8,1,0.648747,,0.648747,frame_00000.png,frame_00119.png,r120_e250_f1.mp4,120 Hz,1/250,蛍光灯あり,60.003 fps,120,250,1,58,ex,max,X,8,,,frame_00000.png,frame_00119.png,QR未検出,120,1.999913
ex_X_8,lockin,0,0,QR未検出,,lockin,binary,,,10.002604,70,8,1,0.648747,,0.648747,frame_00000.png,frame_00119.png,r120_e250_f1.mp4,120 Hz,1/250,蛍光灯あり,60.003 fps,120,250,1,58,ex,max,X,8,,,frame_00000.png,frame_00119.png,QR未検出,120,1.999913
ex_X_8,lockin,0,0,QR未検出,,lockin,binary,,,10.002604,901,8,1,0.597747,,0.597747,frame_00000.png,frame_00119.png,r120_e250_f1.mp4,120 Hz,1/250,蛍光灯あり,60.003 fps,120,250,1,58,ex,max,X,8,,,frame_00000.png,frame_00119.png,QR未検出,120,1.999913
ex_X_8,lockin,0,0,QR未検出,,lockin,binary,,,10.002604,902,8,1,0.515544,,0.515544,frame_00000.png,frame_00119.png,r120_e250_f1.mp4,120 Hz,1/250,蛍光灯あり,60.003 fps,120,250,1,58,ex,max,X,8,,,frame_00000.png,frame_00119.png,QR未検出,120,1.999913
ex_X_8,lockin,0,0,QR未検出,,lockin,binary,,,15.000000,30,8,1,0.648740,,0.648740,frame_00000.png,frame_00119.png,r120_e250_f1.mp4,120 Hz,1/250,蛍光灯あり,60.003 fps,120,250,1,58,ex,max,X,8,,,frame_00000.png,frame_00119.png,QR未検出,120,1.999913
ex_X_8,lockin,0,0,QR未検出,,lockin,binary,,,15.000000,50,8,1,0.648747,,0.648747,frame_00000.png,frame_00119.png,r120_e250_f1.mp4,120 Hz,1/250,蛍光灯あり,60.003 fps,120,250,1,58,ex,max,X,8,,,frame_00000.png,frame_00119.png,QR未検出,120,1.999913
ex_X_8,lockin,0,0,QR未検出,,lockin,binary,,,15.000000,70,8,1,0.648747,,0.648747,frame_00000.png,frame_00119.png,r120_e250_f1.mp4,120 Hz,1/250,蛍光灯あり,60.003 fps,120,250,1,58,ex,max,X,8,,,frame_00000.png,frame_00119.png,QR未検出,120,1.999913
ex_X_8,lockin,0,0,QR未検出,,lockin,binary,,,15.000000,901,8,1,0.619331,,0.619331,frame_00000.png,frame_00119.png,r120_e250_f1.mp4,120 Hz,1/250,蛍光灯あり,60.003 fps,120,250,1,58,ex,max,X,8,,,frame_00000.png,frame_00119.png,QR未検出,120,1.999913
ex_X_8,lockin,0,0,QR未検出,,lockin,binary,,,15.000000,902,8,1,0.593711,,0.593711,frame_00000.png,frame_00119.png,r120_e250_f1.mp4,120 Hz,1/250,蛍光灯あり,60.003 fps,120,250,1,58,ex,max,X,8,,,frame_00000.png,frame_00119.png,QR未検出,120,1.999913
ex_X_8,lockin,0,0,QR未検出,,lockin,binary,,,29.997396,30,8,1,0.648426,,0.648426,frame_00000.png,frame_00119.png,r120_e250_f1.mp4,120 Hz,1/250,蛍光灯あり,60.003 fps,120,250,1,58,ex,max,X,8,,,frame_00000.png,frame_00119.png,QR未検出,120,1.999913
ex_X_8,lockin,0,0,QR未検出,,lockin,binary,,,29.997396,50,8,1,0.648670,,0.648670,frame_00000.png,frame_00119.png,r120_e250_f1.mp4,120 Hz,1/250,蛍光灯あり,60.003 fps,120,250,1,58,ex,max,X,8,,,frame_00000.png,frame_00119.png,QR未検出,120,1.999913
ex_X_8,lockin,0,0,QR未検出,,lockin,binary,,,29.997396,70,8,1,0.648747,,0.648747,frame_00000.png,frame_00119.png,r120_e250_f1.mp4,120 Hz,1/250,蛍光灯あり,60.003 fps,120,250,1,58,ex,max,X,8,,,frame_00000.png,frame_00119.png,QR未検出,120,1.999913
ex_X_8,lockin,0,0,QR未検出,,lockin,binary,,,29.997396,901,8,1,0.634900,,0.634900,frame_00000.png,frame_00119.png,r120_e250_f1.mp4,120 Hz,1/250,蛍光灯あり,60.003 fps,120,250,1,58,ex,max,X,8,,,frame_00000.png,frame_00119.png,QR未検出,120,1.999913
ex_X_8,lockin,0,0,QR未検出,,lockin,binary,,,29.997396,902,8,1,0.503953,,0.503953,frame_00000.png,frame_00119.png,r120_e250_f1.mp4,120 Hz,1/250,蛍光灯あり,60.003 fps,120,250,1,58,ex,max,X,8,,,frame_00000.png,frame_00119.png,QR未検出,120,1.999913
hocho_B_12,lockin,0,0,QR未検出,,lockin,binary,,,10.002604,30,8,1,0.648600,,0.648600,frame_00000.png,frame_00119.png,r120_e250_f1.mp4,120 Hz,1/250,蛍光灯あり,60.003 fps,120,250,1,32,hocho,B,B,12,,,frame_00000.png,frame_00119.png,QR未検出,120,1.999913
hocho_B_12,lockin,0,0,QR未検出,,lockin,binary,,,10.002604,50,8,1,0.648733,,0.648733,frame_00000.png,frame_00119.png,r120_e250_f1.mp4,120 Hz,1/250,蛍光灯あり,60.003 fps,120,250,1,32,hocho,B,B,12,,,frame_00000.png,frame_00119.png,QR未検出,120,1.999913
hocho_B_12,lockin,0,0,QR未検出,,lockin,binary,,,10.002604,70,8,1,0.648747,,0.648747,frame_00000.png,frame_00119.png,r120_e250_f1.mp4,120 Hz,1/250,蛍光灯あり,60.003 fps,120,250,1,32,hocho,B,B,12,,,frame_00000.png,frame_00119.png,QR未検出,120,1.999913
hocho_B_12,lockin,0,0,QR未検出,,lockin,binary,,,10.002604,901,8,1,0.711813,,0.711813,frame_00000.png,frame_00119.png,r120_e250_f1.mp4,120 Hz,1/250,蛍光灯あり,60.003 fps,120,250,1,32,hocho,B,B,12,,,frame_00000.png,frame_00119.png,QR未検出,120,1.999913
hocho_B_12,lockin,0,0,QR未検出,,lockin,binary,,,10.002604,902,8,1,0.522756,,0.522756,frame_00000.png,frame_00119.png,r120_e250_f1.mp4,120 Hz,1/250,蛍光灯あり,60.003 fps,120,250,1,32,hocho,B,B,12,,,frame_00000.png,frame_00119.png,QR未検出,120,1.999913
hocho_B_12,lockin,0,0,QR未検出,,lockin,binary,,,15.000000,30,8,1,0.648998,,0.648998,frame_00000.png,frame_00119.png,r120_e250_f1.mp4,120 Hz,1/250,蛍光灯あり,60.003 fps,120,250,1,32,hocho,B,B,12,,,frame_00000.png,frame_00119.png,QR未検出,120,1.999913
hocho_B_12,lockin,0,0,QR未検出,,lockin,binary,,,15.000000,50,8,1,0.648762,,0.648762,frame_00000.png,frame_00119.png,r120_e250_f1.mp4,120 Hz,1/250,蛍光灯あり,60.003 fps,120,250,1,32,hocho,B,B,12,,,frame_00000.png,frame_00119.png,QR未検出,120,1.999913
hocho_B_12,lockin,0,0,QR未検出,,lockin,binary,,,15.000000,70,8,1,0.648747,,0.648747,frame_00000.png,frame_00119.png,r120_e250_f1.mp4,120 Hz,1/250,蛍光灯あり,60.003 fps,120,250,1,32,hocho,B,B,12,,,frame_00000.png,frame_00119.png,QR未検出,120,1.999913
hocho_B_12,lockin,1,0,QR未検出,,lockin,binary,,,15.000000,901,8,1,0.711953,,0.711953,frame_00000.png,frame_00119.png,r120_e250_f1.mp4,120 Hz,1/250,蛍光灯あり,60.003 fps,120,250,1,32,hocho,B,B,12,,,frame_00000.png,frame_00119.png,QR未検出,120,1.999913
hocho_B_12,lockin,0,0,QR未検出,,lockin,binary,,,15.000000,902,8,1,0.519115,,0.519115,frame_00000.png,frame_00119.png,r120_e250_f1.mp4,120 Hz,1/250,蛍光灯あり,60.003 fps,120,250,1,32,hocho,B,B,12,,,frame_00000.png,frame_00119.png,QR未検出,120,1.999913
hocho_B_12,lockin,0,0,QR未検出,,lockin,binary,,,29.997396,30,8,1,0.649116,,0.649116,frame_00000.png,frame_00119.png,r120_e250_f1.mp4,120 Hz,1/250,蛍光灯あり,60.003 fps,120,250,1,32,hocho,B,B,12,,,frame_00000.png,frame_00119.png,QR未検出,120,1.999913
hocho_B_12,lockin,0,0,QR未検出,,lockin,binary,,,29.997396,50,8,1,0.648839,,0.648839,frame_00000.png,frame_00119.png,r120_e250_f1.mp4,120 Hz,1/250,蛍光灯あり,60.003 fps,120,250,1,32,hocho,B,B,12,,,frame_00000.png,frame_00119.png,QR未検出,120,1.999913
hocho_B_12,lockin,0,0,QR未検出,,lockin,binary,,,29.997396,70,8,1,0.648747,,0.648747,frame_00000.png,frame_00119.png,r120_e250_f1.mp4,120 Hz,1/250,蛍光灯あり,60.003 fps,120,250,1,32,hocho,B,B,12,,,frame_00000.png,frame_00119.png,QR未検出,120,1.999913
hocho_B_12,lockin,0,0,QR未検出,,lockin,binary,,,29.997396,901,8,1,0.694420,,0.694420,frame_00000.png,frame_00119.png,r120_e250_f1.mp4,120 Hz,1/250,蛍光灯あり,60.003 fps,120,250,1,32,hocho,B,B,12,,,frame_00000.png,frame_00119.png,QR未検出,120,1.999913
hocho_B_12,lockin,0,0,QR未検出,,lockin,binary,,,29.997396,902,8,1,0.527284,,0.527284,frame_00000.png,frame_00119.png,r120_e250_f1.mp4,120 Hz,1/250,蛍光灯あり,60.003 fps,120,250,1,32,hocho,B,B,12,,,frame_00000.png,frame_00119.png,QR未検出,120,1.999913
hocho_B_4,lockin,0,0,QR未検出,,lockin,binary,,,10.002604,30,8,1,0.648393,,0.648393,frame_00000.png,frame_00119.png,r120_e250_f1.mp4,120 Hz,1/250,蛍光灯あり,60.003 fps,120,250,1,30,hocho,B,B,4,,,frame_00000.png,frame_00119.png,QR未検出,120,1.999913
hocho_B_4,lockin,0,0,QR未検出,,lockin,binary,,,10.002604,50,8,1,0.648622,,0.648622,frame_00000.png,frame_00119.png,r120_e250_f1.mp4,120 Hz,1/250,蛍光灯あり,60.003 fps,120,250,1,30,hocho,B,B,4,,,frame_00000.png,frame_00119.png,QR未検出,120,1.999913
hocho_B_4,lockin,0,0,QR未検出,,lockin,binary,,,10.002604,70,8,1,0.648747,,0.648747,frame_00000.png,frame_00119.png,r120_e250_f1.mp4,120 Hz,1/250,蛍光灯あり,60.003 fps,120,250,1,30,hocho,B,B,4,,,frame_00000.png,frame_00119.png,QR未検出,120,1.999913
hocho_B_4,lockin,0,0,QR未検出,,lockin,binary,,,10.002604,901,8,1,0.609342,,0.609342,frame_00000.png,frame_00119.png,r120_e250_f1.mp4,120 Hz,1/250,蛍光灯あり,60.003 fps,120,250,1,30,hocho,B,B,4,,,frame_00000.png,frame_00119.png,QR未検出,120,1.999913
hocho_B_4,lockin,0,0,QR未検出,,lockin,binary,,,10.002604,902,8,1,0.515534,,0.515534,frame_00000.png,frame_00119.png,r120_e250_f1.mp4,120 Hz,1/250,蛍光灯あり,60.003 fps,120,250,1,30,hocho,B,B,4,,,frame_00000.png,frame_00119.png,QR未検出,120,1.999913
hocho_B_4,lockin,0,0,QR未検出,,lockin,binary,,,15.000000,30,8,1,0.648701,,0.648701,frame_00000.png,frame_00119.png,r120_e250_f1.mp4,120 Hz,1/250,蛍光灯あり,60.003 fps,120,250,1,30,hocho,B,B,4,,,frame_00000.png,frame_00119.png,QR未検出,120,1.999913
hocho_B_4,lockin,0,0,QR未検出,,lockin,binary,,,15.000000,50,8,1,0.648747,,0.648747,frame_00000.png,frame_00119.png,r120_e250_f1.mp4,120 Hz,1/250,蛍光灯あり,60.003 fps,120,250,1,30,hocho,B,B,4,,,frame_00000.png,frame_00119.png,QR未検出,120,1.999913
hocho_B_4,lockin,0,0,QR未検出,,lockin,binary,,,15.000000,70,8,1,0.648747,,0.648747,frame_00000.png,frame_00119.png,r120_e250_f1.mp4,120 Hz,1/250,蛍光灯あり,60.003 fps,120,250,1,30,hocho,B,B,4,,,frame_00000.png,frame_00119.png,QR未検出,120,1.999913
hocho_B_4,lockin,0,0,QR未検出,,lockin,binary,,,15.000000,901,8,1,0.612464,,0.612464,frame_00000.png,frame_00119.png,r120_e250_f1.mp4,120 Hz,1/250,蛍光灯あり,60.003 fps,120,250,1,30,hocho,B,B,4,,,frame_00000.png,frame_00119.png,QR未検出,120,1.999913
hocho_B_4,lockin,0,0,QR未検出,,lockin,binary,,,15.000000,902,8,1,0.516415,,0.516415,frame_00000.png,frame_00119.png,r120_e250_f1.mp4,120 Hz,1/250,蛍光灯あり,60.003 fps,120,250,1,30,hocho,B,B,4,,,frame_00000.png,frame_00119.png,QR未検出,120,1.999913
hocho_B_4,lockin,1,0,QR未検出,,lockin,binary,,,29.997396,30,8,1,0.648803,,0.648803,frame_00000.png,frame_00119.png,r120_e250_f1.mp4,120 Hz,1/250,蛍光灯あり,60.003 fps,120,250,1,30,hocho,B,B,4,,,frame_00000.png,frame_00119.png,QR未検出,120,1.999913
hocho_B_4,lockin,0,0,QR未検出,,lockin,binary,,,29.997396,50,8,1,0.648747,,0.648747,frame_00000.png,frame_00119.png,r120_e250_f1.mp4,120 Hz,1/250,蛍光灯あり,60.003 fps,120,250,1,30,hocho,B,B,4,,,frame_00000.png,frame_00119.png,QR未検出,120,1.999913
hocho_B_4,lockin,0,0,QR未検出,,lockin,binary,,,29.997396,70,8,1,0.648747,,0.648747,frame_00000.png,frame_00119.png,r120_e250_f1.mp4,120 Hz,1/250,蛍光灯あり,60.003 fps,120,250,1,30,hocho,B,B,4,,,frame_00000.png,frame_00119.png,QR未検出,120,1.999913
hocho_B_4,lockin,0,0,QR未検出,,lockin,binary,,,29.997396,901,8,1,0.627472,,0.627472,frame_00000.png,frame_00119.png,r120_e250_f1.mp4,120 Hz,1/250,蛍光灯あり,60.003 fps,120,250,1,30,hocho,B,B,4,,,frame_00000.png,frame_00119.png,QR未検出,120,1.999913
hocho_B_4,lockin,0,0,QR未検出,,lockin,binary,,,29.997396,902,8,1,0.504532,,0.504532,frame_00000.png,frame_00119.png,r120_e250_f1.mp4,120 Hz,1/250,蛍光灯あり,60.003 fps,120,250,1,30,hocho,B,B,4,,,frame_00000.png,frame_00119.png,QR未検出,120,1.999913
hocho_B_8,lockin,0,0,QR未検出,,lockin,binary,,,10.002604,30,8,1,0.648573,,0.648573,frame_00000.png,frame_00119.png,r120_e250_f1.mp4,120 Hz,1/250,蛍光灯あり,60.003 fps,120,250,1,31,hocho,B,B,8,,,frame_00000.png,frame_00119.png,QR未検出,120,1.999913
hocho_B_8,lockin,1,0,QR未検出,,lockin,binary,,,10.002604,50,8,1,0.648747,,0.648747,frame_00000.png,frame_00119.png,r120_e250_f1.mp4,120 Hz,1/250,蛍光灯あり,60.003 fps,120,250,1,31,hocho,B,B,8,,,frame_00000.png,frame_00119.png,QR未検出,120,1.999913
hocho_B_8,lockin,0,0,QR未検出,,lockin,binary,,,10.002604,70,8,1,0.648747,,0.648747,frame_00000.png,frame_00119.png,r120_e250_f1.mp4,120 Hz,1/250,蛍光灯あり,60.003 fps,120,250,1,31,hocho,B,B,8,,,frame_00000.png,frame_00119.png,QR未検出,120,1.999913
hocho_B_8,lockin,0,0,QR未検出,,lockin,binary,,,10.002604,901,8,1,0.617448,,0.617448,frame_00000.png,frame_00119.png,r120_e250_f1.mp4,120 Hz,1/250,蛍光灯あり,60.003 fps,120,250,1,31,hocho,B,B,8,,,frame_00000.png,frame_00119.png,QR未検出,120,1.999913
hocho_B_8,lockin,0,0,QR未検出,,lockin,binary,,,10.002604,902,8,1,0.508684,,0.508684,frame_00000.png,frame_00119.png,r120_e250_f1.mp4,120 Hz,1/250,蛍光灯あり,60.003 fps,120,250,1,31,hocho,B,B,8,,,frame_00000.png,frame_00119.png,QR未検出,120,1.999913
hocho_B_8,lockin,0,0,QR未検出,,lockin,binary,,,15.000000,30,8,1,0.648661,,0.648661,frame_00000.png,frame_00119.png,r120_e250_f1.mp4,120 Hz,1/250,蛍光灯あり,60.003 fps,120,250,1,31,hocho,B,B,8,,,frame_00000.png,frame_00119.png,QR未検出,120,1.999913
hocho_B_8,lockin,0,0,QR未検出,,lockin,binary,,,15.000000,50,8,1,0.648747,,0.648747,frame_00000.png,frame_00119.png,r120_e250_f1.mp4,120 Hz,1/250,蛍光灯あり,60.003 fps,120,250,1,31,hocho,B,B,8,,,frame_00000.png,frame_00119.png,QR未検出,120,1.999913
hocho_B_8,lockin,0,0,QR未検出,,lockin,binary,,,15.000000,70,8,1,0.648747,,0.648747,frame_00000.png,frame_00119.png,r120_e250_f1.mp4,120 Hz,1/250,蛍光灯あり,60.003 fps,120,250,1,31,hocho,B,B,8,,,frame_00000.png,frame_00119.png,QR未検出,120,1.999913
hocho_B_8,lockin,0,0,QR未検出,,lockin,binary,,,15.000000,901,8,1,0.615295,,0.615295,frame_00000.png,frame_00119.png,r120_e250_f1.mp4,120 Hz,1/250,蛍光灯あり,60.003 fps,120,250,1,31,hocho,B,B,8,,,frame_00000.png,frame_00119.png,QR未検出,120,1.999913
hocho_B_8,lockin,0,0,QR未検出,,lockin,binary,,,15.000000,902,8,1,0.511420,,0.511420,frame_00000.png,frame_00119.png,r120_e250_f1.mp4,120 Hz,1/250,蛍光灯あり,60.003 fps,120,250,1,31,hocho,B,B,8,,,frame_00000.png,frame_00119.png,QR未検出,120,1.999913
hocho_B_8,lockin,0,0,QR未検出,,lockin,binary,,,29.997396,30,8,1,0.648685,,0.648685,frame_00000.png,frame_00119.png,r120_e250_f1.mp4,120 Hz,1/250,蛍光灯あり,60.003 fps,120,250,1,31,hocho,B,B,8,,,frame_00000.png,frame_00119.png,QR未検出,120,1.999913
hocho_B_8,lockin,0,0,QR未検出,,lockin,binary,,,29.997396,50,8,1,0.648666,,0.648666,frame_00000.png,frame_00119.png,r120_e250_f1.mp4,120 Hz,1/250,蛍光灯あり,60.003 fps,120,250,1,31,hocho,B,B,8,,,frame_00000.png,frame_00119.png,QR未検出,120,1.999913
hocho_B_8,lockin,0,0,QR未検出,,lockin,binary,,,29.997396,70,8,1,0.648733,,0.648733,frame_00000.png,frame_00119.png,r120_e250_f1.mp4,120 Hz,1/250,蛍光灯あり,60.003 fps,120,250,1,31,hocho,B,B,8,,,frame_00000.png,frame_00119.png,QR未検出,120,1.999913
hocho_B_8,lockin,0,0,QR未検出,,lockin,binary,,,29.997396,901,8,1,0.630156,,0.630156,frame_00000.png,frame_00119.png,r120_e250_f1.mp4,120 Hz,1/250,蛍光灯あり,60.003 fps,120,250,1,31,hocho,B,B,8,,,frame_00000.png,frame_00119.png,QR未検出,120,1.999913
hocho_B_8,lockin,0,0,QR未検出,,lockin,binary,,,29.997396,902,8,1,0.511513,,0.511513,frame_00000.png,frame_00119.png,r120_e250_f1.mp4,120 Hz,1/250,蛍光灯あり,60.003 fps,120,250,1,31,hocho,B,B,8,,,frame_00000.png,frame_00119.png,QR未検出,120,1.999913
hocho_G_12,lockin,0,0,QR未検出,,lockin,binary,,,10.002604,30,8,1,0.648626,,0.648626,frame_00000.png,frame_00119.png,r120_e250_f1.mp4,120 Hz,1/250,蛍光灯あり,60.003 fps,120,250,1,20,hocho,G,G,12,,,frame_00000.png,frame_00119.png,QR未検出,120,1.999913
hocho_G_12,lockin,0,0,QR未検出,,lockin,binary,,,10.002604,50,8,1,0.648747,,0.648747,frame_00000.png,frame_00119.png,r120_e250_f1.mp4,120 Hz,1/250,蛍光灯あり,60.003 fps,120,250,1,20,hocho,G,G,12,,,frame_00000.png,frame_00119.png,QR未検出,120,1.999913
hocho_G_12,lockin,0,0,QR未検出,,lockin,binary,,,10.002604,70,8,1,0.648747,,0.648747,frame_00000.png,frame_00119.png,r120_e250_f1.mp4,120 Hz,1/250,蛍光灯あり,60.003 fps,120,250,1,20,hocho,G,G,12,,,frame_00000.png,frame_00119.png,QR未検出,120,1.999913
hocho_G_12,lockin,0,0,QR未検出,,lockin,binary,,,10.002604,901,8,1,0.584642,,0.584642,frame_00000.png,frame_00119.png,r120_e250_f1.mp4,120 Hz,1/250,蛍光灯あり,60.003 fps,120,250,1,20,hocho,G,G,12,,,frame_00000.png,frame_00119.png,QR未検出,120,1.999913
hocho_G_12,lockin,0,0,QR未検出,,lockin,binary,,,10.002604,902,8,1,0.509698,,0.509698,frame_00000.png,frame_00119.png,r120_e250_f1.mp4,120 Hz,1/250,蛍光灯あり,60.003 fps,120,250,1,20,hocho,G,G,12,,,frame_00000.png,frame_00119.png,QR未検出,120,1.999913
hocho_G_12,lockin,0,0,QR未検出,,lockin,binary,,,15.000000,30,8,1,0.648619,,0.648619,frame_00000.png,frame_00119.png,r120_e250_f1.mp4,120 Hz,1/250,蛍光灯あり,60.003 fps,120,250,1,20,hocho,G,G,12,,,frame_00000.png,frame_00119.png,QR未検出,120,1.999913
hocho_G_12,lockin,0,0,QR未検出,,lockin,binary,,,15.000000,50,8,1,0.648747,,0.648747,frame_00000.png,frame_00119.png,r120_e250_f1.mp4,120 Hz,1/250,蛍光灯あり,60.003 fps,120,250,1,20,hocho,G,G,12,,,frame_00000.png,frame_00119.png,QR未検出,120,1.999913
hocho_G_12,lockin,0,0,QR未検出,,lockin,binary,,,15.000000,70,8,1,0.648747,,0.648747,frame_00000.png,frame_00119.png,r120_e250_f1.mp4,120 Hz,1/250,蛍光灯あり,60.003 fps,120,250,1,20,hocho,G,G,12,,,frame_00000.png,frame_00119.png,QR未検出,120,1.999913
hocho_G_12,lockin,0,0,QR未検出,,lockin,binary,,,15.000000,901,8,1,0.586472,,0.586472,frame_00000.png,frame_00119.png,r120_e250_f1.mp4,120 Hz,1/250,蛍光灯あり,60.003 fps,120,250,1,20,hocho,G,G,12,,,frame_00000.png,frame_00119.png,QR未検出,120,1.999913
hocho_G_12,lockin,0,0,QR未検出,,lockin,binary,,,15.000000,902,8,1,0.515534,,0.515534,frame_00000.png,frame_00119.png,r120_e250_f1.mp4,120 Hz,1/250,蛍光灯あり,60.003 fps,120,250,1,20,hocho,G,G,12,,,frame_00000.png,frame_00119.png,QR未検出,120,1.999913
hocho_G_12,lockin,0,0,QR未検出,,lockin,binary,,,29.997396,30,8,1,0.648584,,0.648584,frame_00000.png,frame_00119.png,r120_e250_f1.mp4,120 Hz,1/250,蛍光灯あり,60.003 fps,120,250,1,20,hocho,G,G,12,,,frame_00000.png,frame_00119.png,QR未検出,120,1.999913
hocho_G_12,lockin,1,0,QR未検出,,lockin,binary,,,29.997396,50,8,1,0.648824,,0.648824,frame_00000.png,frame_00119.png,r120_e250_f1.mp4,120 Hz,1/250,蛍光灯あり,60.003 fps,120,250,1,20,hocho,G,G,12,,,frame_00000.png,frame_00119.png,QR未検出,120,1.999913
hocho_G_12,lockin,0,0,QR未検出,,lockin,binary,,,29.997396,70,8,1,0.648755,,0.648755,frame_00000.png,frame_00119.png,r120_e250_f1.mp4,120 Hz,1/250,蛍光灯あり,60.003 fps,120,250,1,20,hocho,G,G,12,,,frame_00000.png,frame_00119.png,QR未検出,120,1.999913
hocho_G_12,lockin,0,0,QR未検出,,lockin,binary,,,29.997396,901,8,1,0.614577,,0.614577,frame_00000.png,frame_00119.png,r120_e250_f1.mp4,120 Hz,1/250,蛍光灯あり,60.003 fps,120,250,1,20,hocho,G,G,12,,,frame_00000.png,frame_00119.png,QR未検出,120,1.999913
hocho_G_12,lockin,0,0,QR未検出,,lockin,binary,,,29.997396,902,8,1,0.508052,,0.508052,frame_00000.png,frame_00119.png,r120_e250_f1.mp4,120 Hz,1/250,蛍光灯あり,60.003 fps,120,250,1,20,hocho,G,G,12,,,frame_00000.png,frame_00119.png,QR未検出,120,1.999913
hocho_G_4,lockin,0,0,QR未検出,,lockin,binary,,,10.002604,30,8,1,0.648512,,0.648512,frame_00000.png,frame_00119.png,r120_e250_f1.mp4,120 Hz,1/250,蛍光灯あり,60.003 fps,120,250,1,18,hocho,G,G,4,,,frame_00000.png,frame_00119.png,QR未検出,120,1.999913
hocho_G_4,lockin,0,0,QR未検出,,lockin,binary,,,10.002604,50,8,1,0.648745,,0.648745,frame_00000.png,frame_00119.png,r120_e250_f1.mp4,120 Hz,1/250,蛍光灯あり,60.003 fps,120,250,1,18,hocho,G,G,4,,,frame_00000.png,frame_00119.png,QR未検出,120,1.999913
hocho_G_4,lockin,0,0,QR未検出,,lockin,binary,,,10.002604,70,8,1,0.648747,,0.648747,frame_00000.png,frame_00119.png,r120_e250_f1.mp4,120 Hz,1/250,蛍光灯あり,60.003 fps,120,250,1,18,hocho,G,G,4,,,frame_00000.png,frame_00119.png,QR未検出,120,1.999913
hocho_G_4,lockin,0,0,QR未検出,,lockin,binary,,,10.002604,901,8,1,0.602345,,0.602345,frame_00000.png,frame_00119.png,r120_e250_f1.mp4,120 Hz,1/250,蛍光灯あり,60.003 fps,120,250,1,18,hocho,G,G,4,,,frame_00000.png,frame_00119.png,QR未検出,120,1.999913
hocho_G_4,lockin,0,0,QR未検出,,lockin,binary,,,10.002604,902,8,1,0.513749,,0.513749,frame_00000.png,frame_00119.png,r120_e250_f1.mp4,120 Hz,1/250,蛍光灯あり,60.003 fps,120,250,1,18,hocho,G,G,4,,,frame_00000.png,frame_00119.png,QR未検出,120,1.999913
hocho_G_4,lockin,0,0,QR未検出,,lockin,binary,,,15.000000,30,8,1,0.647882,,0.647882,frame_00000.png,frame_00119.png,r120_e250_f1.mp4,120 Hz,1/250,蛍光灯あり,60.003 fps,120,250,1,18,hocho,G,G,4,,,frame_00000.png,frame_00119.png,QR未検出,120,1.999913
hocho_G_4,lockin,0,0,QR未検出,,lockin,binary,,,15.000000,50,8,1,0.648643,,0.648643,frame_00000.png,frame_00119.png,r120_e250_f1.mp4,120 Hz,1/250,蛍光灯あり,60.003 fps,120,250,1,18,hocho,G,G,4,,,frame_00000.png,frame_00119.png,QR未検出,120,1.999913
hocho_G_4,lockin,0,0,QR未検出,,lockin,binary,,,15.000000,70,8,1,0.648747,,0.648747,frame_00000.png,frame_00119.png,r120_e250_f1.mp4,120 Hz,1/250,蛍光灯あり,60.003 fps,120,250,1,18,hocho,G,G,4,,,frame_00000.png,frame_00119.png,QR未検出,120,1.999913
hocho_G_4,lockin,0,0,QR未検出,,lockin,binary,,,15.000000,901,8,1,0.605181,,0.605181,frame_00000.png,frame_00119.png,r120_e250_f1.mp4,120 Hz,1/250,蛍光灯あり,60.003 fps,120,250,1,18,hocho,G,G,4,,,frame_00000.png,frame_00119.png,QR未検出,120,1.999913
hocho_G_4,lockin,0,0,QR未検出,,lockin,binary,,,15.000000,902,8,1,0.506596,,0.506596,frame_00000.png,frame_00119.png,r120_e250_f1.mp4,120 Hz,1/250,蛍光灯あり,60.003 fps,120,250,1,18,hocho,G,G,4,,,frame_00000.png,frame_00119.png,QR未検出,120,1.999913
hocho_G_4,lockin,0,0,QR未検出,,lockin,binary,,,29.997396,30,8,1,0.648591,,0.648591,frame_00000.png,frame_00119.png,r120_e250_f1.mp4,120 Hz,1/250,蛍光灯あり,60.003 fps,120,250,1,18,hocho,G,G,4,,,frame_00000.png,frame_00119.png,QR未検出,120,1.999913
hocho_G_4,lockin,1,0,QR未検出,,lockin,binary,,,29.997396,50,8,1,0.648747,,0.648747,frame_00000.png,frame_00119.png,r120_e250_f1.mp4,120 Hz,1/250,蛍光灯あり,60.003 fps,120,250,1,18,hocho,G,G,4,,,frame_00000.png,frame_00119.png,QR未検出,120,1.999913
hocho_G_4,lockin,0,0,QR未検出,,lockin,binary,,,29.997396,70,8,1,0.648747,,0.648747,frame_00000.png,frame_00119.png,r120_e250_f1.mp4,120 Hz,1/250,蛍光灯あり,60.003 fps,120,250,1,18,hocho,G,G,4,,,frame_00000.png,frame_00119.png,QR未検出,120,1.999913
hocho_G_4,lockin,0,0,QR未検出,,lockin,binary,,,29.997396,901,8,1,0.622124,,0.622124,frame_00000.png,frame_00119.png,r120_e250_f1.mp4,120 Hz,1/250,蛍光灯あり,60.003 fps,120,250,1,18,hocho,G,G,4,,,frame_00000.png,frame_00119.png,QR未検出,120,1.999913
hocho_G_4,lockin,0,0,QR未検出,,lockin,binary,,,29.997396,902,8,1,0.510076,,0.510076,frame_00000.png,frame_00119.png,r120_e250_f1.mp4,120 Hz,1/250,蛍光灯あり,60.003 fps,120,250,1,18,hocho,G,G,4,,,frame_00000.png,frame_00119.png,QR未検出,120,1.999913
hocho_G_8,lockin,0,0,QR未検出,,lockin,binary,,,10.002604,30,8,1,0.648768,,0.648768,frame_00000.png,frame_00119.png,r120_e250_f1.mp4,120 Hz,1/250,蛍光灯あり,60.003 fps,120,250,1,19,hocho,G,G,8,,,frame_00000.png,frame_00119.png,QR未検出,120,1.999913
hocho_G_8,lockin,0,0,QR未検出,,lockin,binary,,,10.002604,50,8,1,0.648706,,0.648706,frame_00000.png,frame_00119.png,r120_e250_f1.mp4,120 Hz,1/250,蛍光灯あり,60.003 fps,120,250,1,19,hocho,G,G,8,,,frame_00000.png,frame_00119.png,QR未検出,120,1.999913
hocho_G_8,lockin,0,0,QR未検出,,lockin,binary,,,10.002604,70,8,1,0.648747,,0.648747,frame_00000.png,frame_00119.png,r120_e250_f1.mp4,120 Hz,1/250,蛍光灯あり,60.003 fps,120,250,1,19,hocho,G,G,8,,,frame_00000.png,frame_00119.png,QR未検出,120,1.999913
hocho_G_8,lockin,0,0,QR未検出,,lockin,binary,,,10.002604,901,8,1,0.589860,,0.589860,frame_00000.png,frame_00119.png,r120_e250_f1.mp4,120 Hz,1/250,蛍光灯あり,60.003 fps,120,250,1,19,hocho,G,G,8,,,frame_00000.png,frame_00119.png,QR未検出,120,1.999913
hocho_G_8,lockin,0,0,QR未検出,,lockin,binary,,,10.002604,902,8,1,0.514339,,0.514339,frame_00000.png,frame_00119.png,r120_e250_f1.mp4,120 Hz,1/250,蛍光灯あり,60.003 fps,120,250,1,19,hocho,G,G,8,,,frame_00000.png,frame_00119.png,QR未検出,120,1.999913
hocho_G_8,lockin,0,0,QR未検出,,lockin,binary,,,15.000000,30,8,1,0.648201,,0.648201,frame_00000.png,frame_00119.png,r120_e250_f1.mp4,120 Hz,1/250,蛍光灯あり,60.003 fps,120,250,1,19,hocho,G,G,8,,,frame_00000.png,frame_00119.png,QR未検出,120,1.999913
hocho_G_8,lockin,0,0,QR未検出,,lockin,binary,,,15.000000,50,8,1,0.648516,,0.648516,frame_00000.png,frame_00119.png,r120_e250_f1.mp4,120 Hz,1/250,蛍光灯あり,60.003 fps,120,250,1,19,hocho,G,G,8,,,frame_00000.png,frame_00119.png,QR未検出,120,1.999913
hocho_G_8,lockin,0,0,QR未検出,,lockin,binary,,,15.000000,70,8,1,0.648673,,0.648673,frame_00000.png,frame_00119.png,r120_e250_f1.mp4,120 Hz,1/250,蛍光灯あり,60.003 fps,120,250,1,19,hocho,G,G,8,,,frame_00000.png,frame_00119.png,QR未検出,120,1.999913
hocho_G_8,lockin,0,0,QR未検出,,lockin,binary,,,15.000000,901,8,1,0.600373,,0.600373,frame_00000.png,frame_00119.png,r120_e250_f1.mp4,120 Hz,1/250,蛍光灯あり,60.003 fps,120,250,1,19,hocho,G,G,8,,,frame_00000.png,frame_00119.png,QR未検出,120,1.999913
hocho_G_8,lockin,0,0,QR未検出,,lockin,binary,,,15.000000,902,8,1,0.516541,,0.516541,frame_00000.png,frame_00119.png,r120_e250_f1.mp4,120 Hz,1/250,蛍光灯あり,60.003 fps,120,250,1,19,hocho,G,G,8,,,frame_00000.png,frame_00119.png,QR未検出,120,1.999913
hocho_G_8,lockin,1,0,QR未検出,,lockin,binary,,,29.997396,30,8,1,0.648944,,0.648944,frame_00000.png,frame_00119.png,r120_e250_f1.mp4,120 Hz,1/250,蛍光灯あり,60.003 fps,120,250,1,19,hocho,G,G,8,,,frame_00000.png,frame_00119.png,QR未検出,120,1.999913
hocho_G_8,lockin,0,0,QR未検出,,lockin,binary,,,29.997396,50,8,1,0.648775,,0.648775,frame_00000.png,frame_00119.png,r120_e250_f1.mp4,120 Hz,1/250,蛍光灯あり,60.003 fps,120,250,1,19,hocho,G,G,8,,,frame_00000.png,frame_00119.png,QR未検出,120,1.999913
hocho_G_8,lockin,0,0,QR未検出,,lockin,binary,,,29.997396,70,8,1,0.648747,,0.648747,frame_00000.png,frame_00119.png,r120_e250_f1.mp4,120 Hz,1/250,蛍光灯あり,60.003 fps,120,250,1,19,hocho,G,G,8,,,frame_00000.png,frame_00119.png,QR未検出,120,1.999913
hocho_G_8,lockin,0,0,QR未検出,,lockin,binary,,,29.997396,901,8,1,0.622559,,0.622559,frame_00000.png,frame_00119.png,r120_e250_f1.mp4,120 Hz,1/250,蛍光灯あり,60.003 fps,120,250,1,19,hocho,G,G,8,,,frame_00000.png,frame_00119.png,QR未検出,120,1.999913
hocho_G_8,lockin,0,0,QR未検出,,lockin,binary,,,29.997396,902,8,1,0.500905,,0.500905,frame_00000.png,frame_00119.png,r120_e250_f1.mp4,120 Hz,1/250,蛍光灯あり,60.003 fps,120,250,1,19,hocho,G,G,8,,,frame_00000.png,frame_00119.png,QR未検出,120,1.999913
hocho_I_12,lockin,1,0,QR未検出,,lockin,binary,,,10.002604,30,8,1,0.648845,,0.648845,frame_00000.png,frame_00119.png,r120_e250_f1.mp4,120 Hz,1/250,蛍光灯あり,60.003 fps,120,250,1,44,hocho,min,I,12,,,frame_00000.png,frame_00119.png,QR未検出,120,1.999913
hocho_I_12,lockin,0,0,QR未検出,,lockin,binary,,,10.002604,50,8,1,0.648747,,0.648747,frame_00000.png,frame_00119.png,r120_e250_f1.mp4,120 Hz,1/250,蛍光灯あり,60.003 fps,120,250,1,44,hocho,min,I,12,,,frame_00000.png,frame_00119.png,QR未検出,120,1.999913
hocho_I_12,lockin,0,0,QR未検出,,lockin,binary,,,10.002604,70,8,1,0.648747,,0.648747,frame_00000.png,frame_00119.png,r120_e250_f1.mp4,120 Hz,1/250,蛍光灯あり,60.003 fps,120,250,1,44,hocho,min,I,12,,,frame_00000.png,frame_00119.png,QR未検出,120,1.999913
hocho_I_12,lockin,0,0,QR未検出,,lockin,binary,,,10.002604,901,8,1,0.583389,,0.583389,frame_00000.png,frame_00119.png,r120_e250_f1.mp4,120 Hz,1/250,蛍光灯あり,60.003 fps,120,250,1,44,hocho,min,I,12,,,frame_00000.png,frame_00119.png,QR未検出,120,1.999913
hocho_I_12,lockin,0,0,QR未検出,,lockin,binary,,,10.002604,902,8,1,0.520716,,0.520716,frame_00000.png,frame_00119.png,r120_e250_f1.mp4,120 Hz,1/250,蛍光灯あり,60.003 fps,120,250,1,44,hocho,min,I,12,,,frame_00000.png,frame_00119.png,QR未検出,120,1.999913
hocho_I_12,lockin,0,0,QR未検出,,lockin,binary,,,15.000000,30,8,1,0.648822,,0.648822,frame_00000.png,frame_00119.png,r120_e250_f1.mp4,120 Hz,1/250,蛍光灯あり,60.003 fps,120,250,1,44,hocho,min,I,12,,,frame_00000.png,frame_00119.png,QR未検出,120,1.999913
hocho_I_12,lockin,0,0,QR未検出,,lockin,binary,,,15.000000,50,8,1,0.648817,,0.648817,frame_00000.png,frame_00119.png,r120_e250_f1.mp4,120 Hz,1/250,蛍光灯あり,60.003 fps,120,250,1,44,hocho,min,I,12,,,frame_00000.png,frame_00119.png,QR未検出,120,1.999913
hocho_I_12,lockin,0,0,QR未検出,,lockin,binary,,,15.000000,70,8,1,0.648747,,0.648747,frame_00000.png,frame_00119.png,r120_e250_f1.mp4,120 Hz,1/250,蛍光灯あり,60.003 fps,120,250,1,44,hocho,min,I,12,,,frame_00000.png,frame_00119.png,QR未検出,120,1.999913
hocho_I_12,lockin,0,0,QR未検出,,lockin,binary,,,15.000000,901,8,1,0.587107,,0.587107,frame_00000.png,frame_00119.png,r120_e250_f1.mp4,120 Hz,1/250,蛍光灯あり,60.003 fps,120,250,1,44,hocho,min,I,12,,,frame_00000.png,frame_00119.png,QR未検出,120,1.999913
hocho_I_12,lockin,0,0,QR未検出,,lockin,binary,,,15.000000,902,8,1,0.512034,,0.512034,frame_00000.png,frame_00119.png,r120_e250_f1.mp4,120 Hz,1/250,蛍光灯あり,60.003 fps,120,250,1,44,hocho,min,I,12,,,frame_00000.png,frame_00119.png,QR未検出,120,1.999913
hocho_I_12,lockin,0,0,QR未検出,,lockin,binary,,,29.997396,30,8,1,0.648747,,0.648747,frame_00000.png,frame_00119.png,r120_e250_f1.mp4,120 Hz,1/250,蛍光灯あり,60.003 fps,120,250,1,44,hocho,min,I,12,,,frame_00000.png,frame_00119.png,QR未検出,120,1.999913
hocho_I_12,lockin,0,0,QR未検出,,lockin,binary,,,29.997396,50,8,1,0.648747,,0.648747,frame_00000.png,frame_00119.png,r120_e250_f1.mp4,120 Hz,1/250,蛍光灯あり,60.003 fps,120,250,1,44,hocho,min,I,12,,,frame_00000.png,frame_00119.png,QR未検出,120,1.999913
hocho_I_12,lockin,0,0,QR未検出,,lockin,binary,,,29.997396,70,8,1,0.648747,,0.648747,frame_00000.png,frame_00119.png,r120_e250_f1.mp4,120 Hz,1/250,蛍光灯あり,60.003 fps,120,250,1,44,hocho,min,I,12,,,frame_00000.png,frame_00119.png,QR未検出,120,1.999913
hocho_I_12,lockin,0,0,QR未検出,,lockin,binary,,,29.997396,901,8,1,0.613720,,0.613720,frame_00000.png,frame_00119.png,r120_e250_f1.mp4,120 Hz,1/250,蛍光灯あり,60.003 fps,120,250,1,44,hocho,min,I,12,,,frame_00000.png,frame_00119.png,QR未検出,120,1.999913
hocho_I_12,lockin,0,0,QR未検出,,lockin,binary,,,29.997396,902,8,1,0.537789,,0.537789,frame_00000.png,frame_00119.png,r120_e250_f1.mp4,120 Hz,1/250,蛍光灯あり,60.003 fps,120,250,1,44,hocho,min,I,12,,,frame_00000.png,frame_00119.png,QR未検出,120,1.999913
hocho_I_4,lockin,1,0,QR未検出,,lockin,binary,,,10.002604,30,8,1,0.648747,,0.648747,frame_00000.png,frame_00119.png,r120_e250_f1.mp4,120 Hz,1/250,蛍光灯あり,60.003 fps,120,250,1,42,hocho,min,I,4,,,frame_00000.png,frame_00119.png,QR未検出,120,1.999913
hocho_I_4,lockin,0,0,QR未検出,,lockin,binary,,,10.002604,50,8,1,0.648747,,0.648747,frame_00000.png,frame_00119.png,r120_e250_f1.mp4,120 Hz,1/250,蛍光灯あり,60.003 fps,120,250,1,42,hocho,min,I,4,,,frame_00000.png,frame_00119.png,QR未検出,120,1.999913
hocho_I_4,lockin,0,0,QR未検出,,lockin,binary,,,10.002604,70,8,1,0.648747,,0.648747,frame_00000.png,frame_00119.png,r120_e250_f1.mp4,120 Hz,1/250,蛍光灯あり,60.003 fps,120,250,1,42,hocho,min,I,4,,,frame_00000.png,frame_00119.png,QR未検出,120,1.999913
hocho_I_4,lockin,0,0,QR未検出,,lockin,binary,,,10.002604,901,8,1,0.594055,,0.594055,frame_00000.png,frame_00119.png,r120_e250_f1.mp4,120 Hz,1/250,蛍光灯あり,60.003 fps,120,250,1,42,hocho,min,I,4,,,frame_00000.png,frame_00119.png,QR未検出,120,1.999913
hocho_I_4,lockin,0,0,QR未検出,,lockin,binary,,,10.002604,902,8,1,0.536463,,0.536463,frame_00000.png,frame_00119.png,r120_e250_f1.mp4,120 Hz,1/250,蛍光灯あり,60.003 fps,120,250,1,42,hocho,min,I,4,,,frame_00000.png,frame_00119.png,QR未検出,120,1.999913
hocho_I_4,lockin,0,0,QR未検出,,lockin,binary,,,15.000000,30,8,1,0.648272,,0.648272,frame_00000.png,frame_00119.png,r120_e250_f1.mp4,120 Hz,1/250,蛍光灯あり,60.003 fps,120,250,1,42,hocho,min,I,4,,,frame_00000.png,frame_00119.png,QR未検出,120,1.999913
hocho_I_4,lockin,0,0,QR未検出,,lockin,binary,,,15.000000,50,8,1,0.648664,,0.648664,frame_00000.png,frame_00119.png,r120_e250_f1.mp4,120 Hz,1/250,蛍光灯あり,60.003 fps,120,250,1,42,hocho,min,I,4,,,frame_00000.png,frame_00119.png,QR未検出,120,1.999913
hocho_I_4,lockin,0,0,QR未検出,,lockin,binary,,,15.000000,70,8,1,0.648698,,0.648698,frame_00000.png,frame_00119.png,r120_e250_f1.mp4,120 Hz,1/250,蛍光灯あり,60.003 fps,120,250,1,42,hocho,min,I,4,,,frame_00000.png,frame_00119.png,QR未検出,120,1.999913
hocho_I_4,lockin,0,0,QR未検出,,lockin,binary,,,15.000000,901,8,1,0.600240,,0.600240,frame_00000.png,frame_00119.png,r120_e250_f1.mp4,120 Hz,1/250,蛍光灯あり,60.003 fps,120,250,1,42,hocho,min,I,4,,,frame_00000.png,frame_00119.png,QR未検出,120,1.999913
hocho_I_4,lockin,0,0,QR未検出,,lockin,binary,,,15.000000,902,8,1,0.511114,,0.511114,frame_00000.png,frame_00119.png,r120_e250_f1.mp4,120 Hz,1/250,蛍光灯あり,60.003 fps,120,250,1,42,hocho,min,I,4,,,frame_00000.png,frame_00119.png,QR未検出,120,1.999913
hocho_I_4,lockin,0,0,QR未検出,,lockin,binary,,,29.997396,30,8,1,0.648743,,0.648743,frame_00000.png,frame_00119.png,r120_e250_f1.mp4,120 Hz,1/250,蛍光灯あり,60.003 fps,120,250,1,42,hocho,min,I,4,,,frame_00000.png,frame_00119.png,QR未検出,120,1.999913
hocho_I_4,lockin,0,0,QR未検出,,lockin,binary,,,29.997396,50,8,1,0.648747,,0.648747,frame_00000.png,frame_00119.png,r120_e250_f1.mp4,120 Hz,1/250,蛍光灯あり,60.003 fps,120,250,1,42,hocho,min,I,4,,,frame_00000.png,frame_00119.png,QR未検出,120,1.999913
hocho_I_4,lockin,0,0,QR未検出,,lockin,binary,,,29.997396,70,8,1,0.648747,,0.648747,frame_00000.png,frame_00119.png,r120_e250_f1.mp4,120 Hz,1/250,蛍光灯あり,60.003 fps,120,250,1,42,hocho,min,I,4,,,frame_00000.png,frame_00119.png,QR未検出,120,1.999913
hocho_I_4,lockin,0,0,QR未検出,,lockin,binary,,,29.997396,901,8,1,0.618454,,0.618454,frame_00000.png,frame_00119.png,r120_e250_f1.mp4,120 Hz,1/250,蛍光灯あり,60.003 fps,120,250,1,42,hocho,min,I,4,,,frame_00000.png,frame_00119.png,QR未検出,120,1.999913
hocho_I_4,lockin,0,0,QR未検出,,lockin,binary,,,29.997396,902,8,1,0.501746,,0.501746,frame_00000.png,frame_00119.png,r120_e250_f1.mp4,120 Hz,1/250,蛍光灯あり,60.003 fps,120,250,1,42,hocho,min,I,4,,,frame_00000.png,frame_00119.png,QR未検出,120,1.999913
hocho_I_8,lockin,0,0,QR未検出,,lockin,binary,,,10.002604,30,8,1,0.648699,,0.648699,frame_00000.png,frame_00119.png,r120_e250_f1.mp4,120 Hz,1/250,蛍光灯あり,60.003 fps,120,250,1,43,hocho,min,I,8,,,frame_00000.png,frame_00119.png,QR未検出,120,1.999913
hocho_I_8,lockin,0,0,QR未検出,,lockin,binary,,,10.002604,50,8,1,0.648747,,0.648747,frame_00000.png,frame_00119.png,r120_e250_f1.mp4,120 Hz,1/250,蛍光灯あり,60.003 fps,120,250,1,43,hocho,min,I,8,,,frame_00000.png,frame_00119.png,QR未検出,120,1.999913
hocho_I_8,lockin,0,0,QR未検出,,lockin,binary,,,10.002604,70,8,1,0.648747,,0.648747,frame_00000.png,frame_00119.png,r120_e250_f1.mp4,120 Hz,1/250,蛍光灯あり,60.003 fps,120,250,1,43,hocho,min,I,8,,,frame_00000.png,frame_00119.png,QR未検出,120,1.999913
hocho_I_8,lockin,0,0,QR未検出,,lockin,binary,,,10.002604,901,8,1,0.594059,,0.594059,frame_00000.png,frame_00119.png,r120_e250_f1.mp4,120 Hz,1/250,蛍光灯あり,60.003 fps,120,250,1,43,hocho,min,I,8,,,frame_00000.png,frame_00119.png,QR未検出,120,1.999913
hocho_I_8,lockin,0,0,QR未検出,,lockin,binary,,,10.002604,902,8,1,0.517859,,0.517859,frame_00000.png,frame_00119.png,r120_e250_f1.mp4,120 Hz,1/250,蛍光灯あり,60.003 fps,120,250,1,43,hocho,min,I,8,,,frame_00000.png,frame_00119.png,QR未検出,120,1.999913
hocho_I_8,lockin,1,0,QR未検出,,lockin,binary,,,15.000000,30,8,1,0.648785,,0.648785,frame_00000.png,frame_00119.png,r120_e250_f1.mp4,120 Hz,1/250,蛍光灯あり,60.003 fps,120,250,1,43,hocho,min,I,8,,,frame_00000.png,frame_00119.png,QR未検出,120,1.999913
hocho_I_8,lockin,0,0,QR未検出,,lockin,binary,,,15.000000,50,8,1,0.648747,,0.648747,frame_00000.png,frame_00119.png,r120_e250_f1.mp4,120 Hz,1/250,蛍光灯あり,60.003 fps,120,250,1,43,hocho,min,I,8,,,frame_00000.png,frame_00119.png,QR未検出,120,1.999913
hocho_I_8,lockin,0,0,QR未検出,,lockin,binary,,,15.000000,70,8,1,0.648747,,0.648747,frame_00000.png,frame_00119.png,r120_e250_f1.mp4,120 Hz,1/250,蛍光灯あり,60.003 fps,120,250,1,43,hocho,min,I,8,,,frame_00000.png,frame_00119.png,QR未検出,120,1.999913
hocho_I_8,lockin,0,0,QR未検出,,lockin,binary,,,15.000000,901,8,1,0.592883,,0.592883,frame_00000.png,frame_00119.png,r120_e250_f1.mp4,120 Hz,1/250,蛍光灯あり,60.003 fps,120,250,1,43,hocho,min,I,8,,,frame_00000.png,frame_00119.png,QR未検出,120,1.999913
hocho_I_8,lockin,0,0,QR未検出,,lockin,binary,,,15.000000,902,8,1,0.513175,,0.513175,frame_00000.png,frame_00119.png,r120_e250_f1.mp4,120 Hz,1/250,蛍光灯あり,60.003 fps,120,250,1,43,hocho,min,I,8,,,frame_00000.png,frame_00119.png,QR未検出,120,1.999913
hocho_I_8,lockin,0,0,QR未検出,,lockin,binary,,,29.997396,30,8,1,0.648615,,0.648615,frame_00000.png,frame_00119.png,r120_e250_f1.mp4,120 Hz,1/250,蛍光灯あり,60.003 fps,120,250,1,43,hocho,min,I,8,,,frame_00000.png,frame_00119.png,QR未検出,120,1.999913
hocho_I_8,lockin,0,0,QR未検出,,lockin,binary,,,29.997396,50,8,1,0.648747,,0.648747,frame_00000.png,frame_00119.png,r120_e250_f1.mp4,120 Hz,1/250,蛍光灯あり,60.003 fps,120,250,1,43,hocho,min,I,8,,,frame_00000.png,frame_00119.png,QR未検出,120,1.999913
hocho_I_8,lockin,0,0,QR未検出,,lockin,binary,,,29.997396,70,8,1,0.648747,,0.648747,frame_00000.png,frame_00119.png,r120_e250_f1.mp4,120 Hz,1/250,蛍光灯あり,60.003 fps,120,250,1,43,hocho,min,I,8,,,frame_00000.png,frame_00119.png,QR未検出,120,1.999913
hocho_I_8,lockin,0,0,QR未検出,,lockin,binary,,,29.997396,901,8,1,0.618140,,0.618140,frame_00000.png,frame_00119.png,r120_e250_f1.mp4,120 Hz,1/250,蛍光灯あり,60.003 fps,120,250,1,43,hocho,min,I,8,,,frame_00000.png,frame_00119.png,QR未検出,120,1.999913
hocho_I_8,lockin,0,0,QR未検出,,lockin,binary,,,29.997396,902,8,1,0.517768,,0.517768,frame_00000.png,frame_00119.png,r120_e250_f1.mp4,120 Hz,1/250,蛍光灯あり,60.003 fps,120,250,1,43,hocho,min,I,8,,,frame_00000.png,frame_00119.png,QR未検出,120,1.999913
hocho_R_12,lockin,0,0,QR未検出,,lockin,binary,,,10.002604,30,8,1,0.648717,,0.648717,frame_00000.png,frame_00119.png,r120_e250_f1.mp4,120 Hz,1/250,蛍光灯あり,60.003 fps,120,250,1,8,hocho,R,R,12,,,frame_00000.png,frame_00119.png,QR未検出,120,1.999913
hocho_R_12,lockin,1,0,QR未検出,,lockin,binary,,,10.002604,50,8,1,0.648747,,0.648747,frame_00000.png,frame_00119.png,r120_e250_f1.mp4,120 Hz,1/250,蛍光灯あり,60.003 fps,120,250,1,8,hocho,R,R,12,,,frame_00000.png,frame_00119.png,QR未検出,120,1.999913
hocho_R_12,lockin,0,0,QR未検出,,lockin,binary,,,10.002604,70,8,1,0.648747,,0.648747,frame_00000.png,frame_00119.png,r120_e250_f1.mp4,120 Hz,1/250,蛍光灯あり,60.003 fps,120,250,1,8,hocho,R,R,12,,,frame_00000.png,frame_00119.png,QR未検出,120,1.999913
hocho_R_12,lockin,0,0,QR未検出,,lockin,binary,,,10.002604,901,8,1,0.620850,,0.620850,frame_00000.png,frame_00119.png,r120_e250_f1.mp4,120 Hz,1/250,蛍光灯あり,60.003 fps,120,250,1,8,hocho,R,R,12,,,frame_00000.png,frame_00119.png,QR未検出,120,1.999913
hocho_R_12,lockin,0,0,QR未検出,,lockin,binary,,,10.002604,902,8,1,0.531410,,0.531410,frame_00000.png,frame_00119.png,r120_e250_f1.mp4,120 Hz,1/250,蛍光灯あり,60.003 fps,120,250,1,8,hocho,R,R,12,,,frame_00000.png,frame_00119.png,QR未検出,120,1.999913
hocho_R_12,lockin,0,0,QR未検出,,lockin,binary,,,15.000000,30,8,1,0.648738,,0.648738,frame_00000.png,frame_00119.png,r120_e250_f1.mp4,120 Hz,1/250,蛍光灯あり,60.003 fps,120,250,1,8,hocho,R,R,12,,,frame_00000.png,frame_00119.png,QR未検出,120,1.999913
hocho_R_12,lockin,0,0,QR未検出,,lockin,binary,,,15.000000,50,8,1,0.648747,,0.648747,frame_00000.png,frame_00119.png,r120_e250_f1.mp4,120 Hz,1/250,蛍光灯あり,60.003 fps,120,250,1,8,hocho,R,R,12,,,frame_00000.png,frame_00119.png,QR未検出,120,1.999913
hocho_R_12,lockin,0,0,QR未検出,,lockin,binary,,,15.000000,70,8,1,0.648747,,0.648747,frame_00000.png,frame_00119.png,r120_e250_f1.mp4,120 Hz,1/250,蛍光灯あり,60.003 fps,120,250,1,8,hocho,R,R,12,,,frame_00000.png,frame_00119.png,QR未検出,120,1.999913
hocho_R_12,lockin,0,0,QR未検出,,lockin,binary,,,15.000000,901,8,1,0.623075,,0.623075,frame_00000.png,frame_00119.png,r120_e250_f1.mp4,120 Hz,1/250,蛍光灯あり,60.003 fps,120,250,1,8,hocho,R,R,12,,,frame_00000.png,frame_00119.png,QR未検出,120,1.999913
hocho_R_12,lockin,0,0,QR未検出,,lockin,binary,,,15.000000,902,8,1,0.522256,,0.522256,frame_00000.png,frame_00119.png,r120_e250_f1.mp4,120 Hz,1/250,蛍光灯あり,60.003 fps,120,250,1,8,hocho,R,R,12,,,frame_00000.png,frame_00119.png,QR未検出,120,1.999913
hocho_R_12,lockin,0,0,QR未検出,,lockin,binary,,,29.997396,30,8,1,0.648734,,0.648734,frame_00000.png,frame_00119.png,r120_e250_f1.mp4,120 Hz,1/250,蛍光灯あり,60.003 fps,120,250,1,8,hocho,R,R,12,,,frame_00000.png,frame_00119.png,QR未検出,120,1.999913
hocho_R_12,lockin,0,0,QR未検出,,lockin,binary,,,29.997396,50,8,1,0.648747,,0.648747,frame_00000.png,frame_00119.png,r120_e250_f1.mp4,120 Hz,1/250,蛍光灯あり,60.003 fps,120,250,1,8,hocho,R,R,12,,,frame_00000.png,frame_00119.png,QR未検出,120,1.999913
hocho_R_12,lockin,0,0,QR未検出,,lockin,binary,,,29.997396,70,8,1,0.648747,,0.648747,frame_00000.png,frame_00119.png,r120_e250_f1.mp4,120 Hz,1/250,蛍光灯あり,60.003 fps,120,250,1,8,hocho,R,R,12,,,frame_00000.png,frame_00119.png,QR未検出,120,1.999913
hocho_R_12,lockin,0,0,QR未検出,,lockin,binary,,,29.997396,901,8,1,0.632657,,0.632657,frame_00000.png,frame_00119.png,r120_e250_f1.mp4,120 Hz,1/250,蛍光灯あり,60.003 fps,120,250,1,8,hocho,R,R,12,,,frame_00000.png,frame_00119.png,QR未検出,120,1.999913
hocho_R_12,lockin,0,0,QR未検出,,lockin,binary,,,29.997396,902,8,1,0.509170,,0.509170,frame_00000.png,frame_00119.png,r120_e250_f1.mp4,120 Hz,1/250,蛍光灯あり,60.003 fps,120,250,1,8,hocho,R,R,12,,,frame_00000.png,frame_00119.png,QR未検出,120,1.999913
hocho_R_4,lockin,0,0,QR未検出,,lockin,binary,,,10.002604,30,8,1,0.648281,,0.648281,frame_00000.png,frame_00119.png,r120_e250_f1.mp4,120 Hz,1/250,蛍光灯あり,60.003 fps,120,250,1,6,hocho,R,R,4,,,frame_00000.png,frame_00119.png,QR未検出,120,1.999913
hocho_R_4,lockin,0,0,QR未検出,,lockin,binary,,,10.002604,50,8,1,0.648684,,0.648684,frame_00000.png,frame_00119.png,r120_e250_f1.mp4,120 Hz,1/250,蛍光灯あり,60.003 fps,120,250,1,6,hocho,R,R,4,,,frame_00000.png,frame_00119.png,QR未検出,120,1.999913
hocho_R_4,lockin,0,0,QR未検出,,lockin,binary,,,10.002604,70,8,1,0.648733,,0.648733,frame_00000.png,frame_00119.png,r120_e250_f1.mp4,120 Hz,1/250,蛍光灯あり,60.003 fps,120,250,1,6,hocho,R,R,4,,,frame_00000.png,frame_00119.png,QR未検出,120,1.999913
hocho_R_4,lockin,0,0,QR未検出,,lockin,binary,,,10.002604,901,8,1,0.604037,,0.604037,frame_00000.png,frame_00119.png,r120_e250_f1.mp4,120 Hz,1/250,蛍光灯あり,60.003 fps,120,250,1,6,hocho,R,R,4,,,frame_00000.png,frame_00119.png,QR未検出,120,1.999913
hocho_R_4,lockin,0,0,QR未検出,,lockin,binary,,,10.002604,902,8,1,0.507863,,0.507863,frame_00000.png,frame_00119.png,r120_e250_f1.mp4,120 Hz,1/250,蛍光灯あり,60.003 fps,120,250,1,6,hocho,R,R,4,,,frame_00000.png,frame_00119.png,QR未検出,120,1.999913
hocho_R_4,lockin,0,0,QR未検出,,lockin,binary,,,15.000000,30,8,1,0.648405,,0.648405,frame_00000.png,frame_00119.png,r120_e250_f1.mp4,120 Hz,1/250,蛍光灯あり,60.003 fps,120,250,1,6,hocho,R,R,4,,,frame_00000.png,frame_00119.png,QR未検出,120,1.999913
hocho_R_4,lockin,0,0,QR未検出,,lockin,binary,,,15.000000,50,8,1,0.648575,,0.648575,frame_00000.png,frame_00119.png,r120_e250_f1.mp4,120 Hz,1/250,蛍光灯あり,60.003 fps,120,250,1,6,hocho,R,R,4,,,frame_00000.png,frame_00119.png,QR未検出,120,1.999913
hocho_R_4,lockin,0,0,QR未検出,,lockin,binary,,,15.000000,70,8,1,0.648670,,0.648670,frame_00000.png,frame_00119.png,r120_e250_f1.mp4,120 Hz,1/250,蛍光灯あり,60.003 fps,120,250,1,6,hocho,R,R,4,,,frame_00000.png,frame_00119.png,QR未検出,120,1.999913
hocho_R_4,lockin,0,0,QR未検出,,lockin,binary,,,15.000000,901,8,1,0.612296,,0.612296,frame_00000.png,frame_00119.png,r120_e250_f1.mp4,120 Hz,1/250,蛍光灯あり,60.003 fps,120,250,1,6,hocho,R,R,4,,,frame_00000.png,frame_00119.png,QR未検出,120,1.999913
hocho_R_4,lockin,0,0,QR未検出,,lockin,binary,,,15.000000,902,8,1,0.539670,,0.539670,frame_00000.png,frame_00119.png,r120_e250_f1.mp4,120 Hz,1/250,蛍光灯あり,60.003 fps,120,250,1,6,hocho,R,R,4,,,frame_00000.png,frame_00119.png,QR未検出,120,1.999913
hocho_R_4,lockin,1,0,QR未検出,,lockin,binary,,,29.997396,30,8,1,0.648747,,0.648747,frame_00000.png,frame_00119.png,r120_e250_f1.mp4,120 Hz,1/250,蛍光灯あり,60.003 fps,120,250,1,6,hocho,R,R,4,,,frame_00000.png,frame_00119.png,QR未検出,120,1.999913
hocho_R_4,lockin,0,0,QR未検出,,lockin,binary,,,29.997396,50,8,1,0.648747,,0.648747,frame_00000.png,frame_00119.png,r120_e250_f1.mp4,120 Hz,1/250,蛍光灯あり,60.003 fps,120,250,1,6,hocho,R,R,4,,,frame_00000.png,frame_00119.png,QR未検出,120,1.999913
hocho_R_4,lockin,0,0,QR未検出,,lockin,binary,,,29.997396,70,8,1,0.648747,,0.648747,frame_00000.png,frame_00119.png,r120_e250_f1.mp4,120 Hz,1/250,蛍光灯あり,60.003 fps,120,250,1,6,hocho,R,R,4,,,frame_00000.png,frame_00119.png,QR未検出,120,1.999913
hocho_R_4,lockin,0,0,QR未検出,,lockin,binary,,,29.997396,901,8,1,0.622395,,0.622395,frame_00000.png,frame_00119.png,r120_e250_f1.mp4,120 Hz,1/250,蛍光灯あり,60.003 fps,120,250,1,6,hocho,R,R,4,,,frame_00000.png,frame_00119.png,QR未検出,120,1.999913
hocho_R_4,lockin,0,0,QR未検出,,lockin,binary,,,29.997396,902,8,1,0.530196,,0.530196,frame_00000.png,frame_00119.png,r120_e250_f1.mp4,120 Hz,1/250,蛍光灯あり,60.003 fps,120,250,1,6,hocho,R,R,4,,,frame_00000.png,frame_00119.png,QR未検出,120,1.999913
hocho_R_8,lockin,0,0,QR未検出,,lockin,binary,,,10.002604,30,8,1,0.648355,,0.648355,frame_00000.png,frame_00119.png,r120_e250_f1.mp4,120 Hz,1/250,蛍光灯あり,60.003 fps,120,250,1,7,hocho,R,R,8,,,frame_00000.png,frame_00119.png,QR未検出,120,1.999913
hocho_R_8,lockin,0,0,QR未検出,,lockin,binary,,,10.002604,50,8,1,0.648696,,0.648696,frame_00000.png,frame_00119.png,r120_e250_f1.mp4,120 Hz,1/250,蛍光灯あり,60.003 fps,120,250,1,7,hocho,R,R,8,,,frame_00000.png,frame_00119.png,QR未検出,120,1.999913
hocho_R_8,lockin,0,0,QR未検出,,lockin,binary,,,10.002604,70,8,1,0.648747,,0.648747,frame_00000.png,frame_00119.png,r120_e250_f1.mp4,120 Hz,1/250,蛍光灯あり,60.003 fps,120,250,1,7,hocho,R,R,8,,,frame_00000.png,frame_00119.png,QR未検出,120,1.999913
hocho_R_8,lockin,0,0,QR未検出,,lockin,binary,,,10.002604,901,8,1,0.598045,,0.598045,frame_00000.png,frame_00119.png,r120_e250_f1.mp4,120 Hz,1/250,蛍光灯あり,60.003 fps,120,250,1,7,hocho,R,R,8,,,frame_00000.png,frame_00119.png,QR未検出,120,1.999913
hocho_R_8,lockin,0,0,QR未検出,,lockin,binary,,,10.002604,902,8,1,0.507294,,0.507294,frame_00000.png,frame_00119.png,r120_e250_f1.mp4,120 Hz,1/250,蛍光灯あり,60.003 fps,120,250,1,7,hocho,R,R,8,,,frame_00000.png,frame_00119.png,QR未検出,120,1.999913
hocho_R_8,lockin,0,0,QR未検出,,lockin,binary,,,15.000000,30,8,1,0.648405,,0.648405,frame_00000.png,frame_00119.png,r120_e250_f1.mp4,120 Hz,1/250,蛍光灯あり,60.003 fps,120,250,1,7,hocho,R,R,8,,,frame_00000.png,frame_00119.png,QR未検出,120,1.999913
hocho_R_8,lockin,1,0,QR未検出,,lockin,binary,,,15.000000,50,8,1,0.648747,,0.648747,frame_00000.png,frame_00119.png,r120_e250_f1.mp4,120 Hz,1/250,蛍光灯あり,60.003 fps,120,250,1,7,hocho,R,R,8,,,frame_00000.png,frame_00119.png,QR未検出,120,1.999913
hocho_R_8,lockin,0,0,QR未検出,,lockin,binary,,,15.000000,70,8,1,0.648747,,0.648747,frame_00000.png,frame_00119.png,r120_e250_f1.mp4,120 Hz,1/250,蛍光灯あり,60.003 fps,120,250,1,7,hocho,R,R,8,,,frame_00000.png,frame_00119.png,QR未検出,120,1.999913
hocho_R_8,lockin,0,0,QR未検出,,lockin,binary,,,15.000000,901,8,1,0.604224,,0.604224,frame_00000.png,frame_00119.png,r120_e250_f1.mp4,120 Hz,1/250,蛍光灯あり,60.003 fps,120,250,1,7,hocho,R,R,8,,,frame_00000.png,frame_00119.png,QR未検出,120,1.999913
hocho_R_8,lockin,0,0,QR未検出,,lockin,binary,,,15.000000,902,8,1,0.511695,,0.511695,frame_00000.png,frame_00119.png,r120_e250_f1.mp4,120 Hz,1/250,蛍光灯あり,60.003 fps,120,250,1,7,hocho,R,R,8,,,frame_00000.png,frame_00119.png,QR未検出,120,1.999913
hocho_R_8,lockin,0,0,QR未検出,,lockin,binary,,,29.997396,30,8,1,0.648673,,0.648673,frame_00000.png,frame_00119.png,r120_e250_f1.mp4,120 Hz,1/250,蛍光灯あり,60.003 fps,120,250,1,7,hocho,R,R,8,,,frame_00000.png,frame_00119.png,QR未検出,120,1.999913
hocho_R_8,lockin,0,0,QR未検出,,lockin,binary,,,29.997396,50,8,1,0.648747,,0.648747,frame_00000.png,frame_00119.png,r120_e250_f1.mp4,120 Hz,1/250,蛍光灯あり,60.003 fps,120,250,1,7,hocho,R,R,8,,,frame_00000.png,frame_00119.png,QR未検出,120,1.999913
hocho_R_8,lockin,0,0,QR未検出,,lockin,binary,,,29.997396,70,8,1,0.648747,,0.648747,frame_00000.png,frame_00119.png,r120_e250_f1.mp4,120 Hz,1/250,蛍光灯あり,60.003 fps,120,250,1,7,hocho,R,R,8,,,frame_00000.png,frame_00119.png,QR未検出,120,1.999913
hocho_R_8,lockin,0,0,QR未検出,,lockin,binary,,,29.997396,901,8,1,0.621317,,0.621317,frame_00000.png,frame_00119.png,r120_e250_f1.mp4,120 Hz,1/250,蛍光灯あり,60.003 fps,120,250,1,7,hocho,R,R,8,,,frame_00000.png,frame_00119.png,QR未検出,120,1.999913
hocho_R_8,lockin,0,0,QR未検出,,lockin,binary,,,29.997396,902,8,1,0.511882,,0.511882,frame_00000.png,frame_00119.png,r120_e250_f1.mp4,120 Hz,1/250,蛍光灯あり,60.003 fps,120,250,1,7,hocho,R,R,8,,,frame_00000.png,frame_00119.png,QR未検出,120,1.999913
hocho_X_12,lockin,1,0,QR未検出,,lockin,binary,,,10.002604,30,8,1,0.648927,,0.648927,frame_00000.png,frame_00119.png,r120_e250_f1.mp4,120 Hz,1/250,蛍光灯あり,60.003 fps,120,250,1,56,hocho,max,X,12,,,frame_00000.png,frame_00119.png,QR未検出,120,1.999913
hocho_X_12,lockin,0,0,QR未検出,,lockin,binary,,,10.002604,50,8,1,0.648747,,0.648747,frame_00000.png,frame_00119.png,r120_e250_f1.mp4,120 Hz,1/250,蛍光灯あり,60.003 fps,120,250,1,56,hocho,max,X,12,,,frame_00000.png,frame_00119.png,QR未検出,120,1.999913
hocho_X_12,lockin,0,0,QR未検出,,lockin,binary,,,10.002604,70,8,1,0.648747,,0.648747,frame_00000.png,frame_00119.png,r120_e250_f1.mp4,120 Hz,1/250,蛍光灯あり,60.003 fps,120,250,1,56,hocho,max,X,12,,,frame_00000.png,frame_00119.png,QR未検出,120,1.999913
hocho_X_12,lockin,0,0,QR未検出,,lockin,binary,,,10.002604,901,8,1,0.632478,,0.632478,frame_00000.png,frame_00119.png,r120_e250_f1.mp4,120 Hz,1/250,蛍光灯あり,60.003 fps,120,250,1,56,hocho,max,X,12,,,frame_00000.png,frame_00119.png,QR未検出,120,1.999913
hocho_X_12,lockin,0,0,QR未検出,,lockin,binary,,,10.002604,902,8,1,0.501452,,0.501452,frame_00000.png,frame_00119.png,r120_e250_f1.mp4,120 Hz,1/250,蛍光灯あり,60.003 fps,120,250,1,56,hocho,max,X,12,,,frame_00000.png,frame_00119.png,QR未検出,120,1.999913
hocho_X_12,lockin,0,0,QR未検出,,lockin,binary,,,15.000000,30,8,1,0.648860,,0.648860,frame_00000.png,frame_00119.png,r120_e250_f1.mp4,120 Hz,1/250,蛍光灯あり,60.003 fps,120,250,1,56,hocho,max,X,12,,,frame_00000.png,frame_00119.png,QR未検出,120,1.999913
hocho_X_12,lockin,0,0,QR未検出,,lockin,binary,,,15.000000,50,8,1,0.648747,,0.648747,frame_00000.png,frame_00119.png,r120_e250_f1.mp4,120 Hz,1/250,蛍光灯あり,60.003 fps,120,250,1,56,hocho,max,X,12,,,frame_00000.png,frame_00119.png,QR未検出,120,1.999913
hocho_X_12,lockin,0,0,QR未検出,,lockin,binary,,,15.000000,70,8,1,0.648747,,0.648747,frame_00000.png,frame_00119.png,r120_e250_f1.mp4,120 Hz,1/250,蛍光灯あり,60.003 fps,120,250,1,56,hocho,max,X,12,,,frame_00000.png,frame_00119.png,QR未検出,120,1.999913
hocho_X_12,lockin,0,0,QR未検出,,lockin,binary,,,15.000000,901,8,1,0.633817,,0.633817,frame_00000.png,frame_00119.png,r120_e250_f1.mp4,120 Hz,1/250,蛍光灯あり,60.003 fps,120,250,1,56,hocho,max,X,12,,,frame_00000.png,frame_00119.png,QR未検出,120,1.999913
hocho_X_12,lockin,0,0,QR未検出,,lockin,binary,,,15.000000,902,8,1,0.500497,,0.500497,frame_00000.png,frame_00119.png,r120_e250_f1.mp4,120 Hz,1/250,蛍光灯あり,60.003 fps,120,250,1,56,hocho,max,X,12,,,frame_00000.png,frame_00119.png,QR未検出,120,1.999913
hocho_X_12,lockin,0,0,QR未検出,,lockin,binary,,,29.997396,30,8,1,0.648801,,0.648801,frame_00000.png,frame_00119.png,r120_e250_f1.mp4,120 Hz,1/250,蛍光灯あり,60.003 fps,120,250,1,56,hocho,max,X,12,,,frame_00000.png,frame_00119.png,QR未検出,120,1.999913
hocho_X_12,lockin,0,0,QR未検出,,lockin,binary,,,29.997396,50,8,1,0.648747,,0.648747,frame_00000.png,frame_00119.png,r120_e250_f1.mp4,120 Hz,1/250,蛍光灯あり,60.003 fps,120,250,1,56,hocho,max,X,12,,,frame_00000.png,frame_00119.png,QR未検出,120,1.999913
hocho_X_12,lockin,0,0,QR未検出,,lockin,binary,,,29.997396,70,8,1,0.648747,,0.648747,frame_00000.png,frame_00119.png,r120_e250_f1.mp4,120 Hz,1/250,蛍光灯あり,60.003 fps,120,250,1,56,hocho,max,X,12,,,frame_00000.png,frame_00119.png,QR未検出,120,1.999913
hocho_X_12,lockin,0,0,QR未検出,,lockin,binary,,,29.997396,901,8,1,0.646087,,0.646087,frame_00000.png,frame_00119.png,r120_e250_f1.mp4,120 Hz,1/250,蛍光灯あり,60.003 fps,120,250,1,56,hocho,max,X,12,,,frame_00000.png,frame_00119.png,QR未検出,120,1.999913
hocho_X_12,lockin,0,0,QR未検出,,lockin,binary,,,29.997396,902,8,1,0.503144,,0.503144,frame_00000.png,frame_00119.png,r120_e250_f1.mp4,120 Hz,1/250,蛍光灯あり,60.003 fps,120,250,1,56,hocho,max,X,12,,,frame_00000.png,frame_00119.png,QR未検出,120,1.999913
hocho_X_4,lockin,1,0,QR未検出,,lockin,binary,,,10.002604,30,8,1,0.648892,,0.648892,frame_00000.png,frame_00119.png,r120_e250_f1.mp4,120 Hz,1/250,蛍光灯あり,60.003 fps,120,250,1,54,hocho,max,X,4,,,frame_00000.png,frame_00119.png,QR未検出,120,1.999913
hocho_X_4,lockin,0,0,QR未検出,,lockin,binary,,,10.002604,50,8,1,0.648747,,0.648747,frame_00000.png,frame_00119.png,r120_e250_f1.mp4,120 Hz,1/250,蛍光灯あり,60.003 fps,120,250,1,54,hocho,max,X,4,,,frame_00000.png,frame_00119.png,QR未検出,120,1.999913
hocho_X_4,lockin,0,0,QR未検出,,lockin,binary,,,10.002604,70,8,1,0.648747,,0.648747,frame_00000.png,frame_00119.png,r120_e250_f1.mp4,120 Hz,1/250,蛍光灯あり,60.003 fps,120,250,1,54,hocho,max,X,4,,,frame_00000.png,frame_00119.png,QR未検出,120,1.999913
hocho_X_4,lockin,0,0,QR未検出,,lockin,binary,,,10.002604,901,8,1,0.604049,,0.604049,frame_00000.png,frame_00119.png,r120_e250_f1.mp4,120 Hz,1/250,蛍光灯あり,60.003 fps,120,250,1,54,hocho,max,X,4,,,frame_00000.png,frame_00119.png,QR未検出,120,1.999913
hocho_X_4,lockin,0,0,QR未検出,,lockin,binary,,,10.002604,902,8,1,0.517414,,0.517414,frame_00000.png,frame_00119.png,r120_e250_f1.mp4,120 Hz,1/250,蛍光灯あり,60.003 fps,120,250,1,54,hocho,max,X,4,,,frame_00000.png,frame_00119.png,QR未検出,120,1.999913
hocho_X_4,lockin,0,0,QR未検出,,lockin,binary,,,15.000000,30,8,1,0.648876,,0.648876,frame_00000.png,frame_00119.png,r120_e250_f1.mp4,120 Hz,1/250,蛍光灯あり,60.003 fps,120,250,1,54,hocho,max,X,4,,,frame_00000.png,frame_00119.png,QR未検出,120,1.999913
hocho_X_4,lockin,0,0,QR未検出,,lockin,binary,,,15.000000,50,8,1,0.648636,,0.648636,frame_00000.png,frame_00119.png,r120_e250_f1.mp4,120 Hz,1/250,蛍光灯あり,60.003 fps,120,250,1,54,hocho,max,X,4,,,frame_00000.png,frame_00119.png,QR未検出,120,1.999913
hocho_X_4,lockin,0,0,QR未検出,,lockin,binary,,,15.000000,70,8,1,0.648747,,0.648747,frame_00000.png,frame_00119.png,r120_e250_f1.mp4,120 Hz,1/250,蛍光灯あり,60.003 fps,120,250,1,54,hocho,max,X,4,,,frame_00000.png,frame_00119.png,QR未検出,120,1.999913
hocho_X_4,lockin,0,0,QR未検出,,lockin,binary,,,15.000000,901,8,1,0.609785,,0.609785,frame_00000.png,frame_00119.png,r120_e250_f1.mp4,120 Hz,1/250,蛍光灯あり,60.003 fps,120,250,1,54,hocho,max,X,4,,,frame_00000.png,frame_00119.png,QR未検出,120,1.999913
hocho_X_4,lockin,0,0,QR未検出,,lockin,binary,,,15.000000,902,8,1,0.510202,,0.510202,frame_00000.png,frame_00119.png,r120_e250_f1.mp4,120 Hz,1/250,蛍光灯あり,60.003 fps,120,250,1,54,hocho,max,X,4,,,frame_00000.png,frame_00119.png,QR未検出,120,1.999913
hocho_X_4,lockin,0,0,QR未検出,,lockin,binary,,,29.997396,30,8,1,0.648577,,0.648577,frame_00000.png,frame_00119.png,r120_e250_f1.mp4,120 Hz,1/250,蛍光灯あり,60.003 fps,120,250,1,54,hocho,max,X,4,,,frame_00000.png,frame_00119.png,QR未検出,120,1.999913
hocho_X_4,lockin,0,0,QR未検出,,lockin,binary,,,29.997396,50,8,1,0.648661,,0.648661,frame_00000.png,frame_00119.png,r120_e250_f1.mp4,120 Hz,1/250,蛍光灯あり,60.003 fps,120,250,1,54,hocho,max,X,4,,,frame_00000.png,frame_00119.png,QR未検出,120,1.999913
hocho_X_4,lockin,0,0,QR未検出,,lockin,binary,,,29.997396,70,8,1,0.648677,,0.648677,frame_00000.png,frame_00119.png,r120_e250_f1.mp4,120 Hz,1/250,蛍光灯あり,60.003 fps,120,250,1,54,hocho,max,X,4,,,frame_00000.png,frame_00119.png,QR未検出,120,1.999913
hocho_X_4,lockin,0,0,QR未検出,,lockin,binary,,,29.997396,901,8,1,0.626926,,0.626926,frame_00000.png,frame_00119.png,r120_e250_f1.mp4,120 Hz,1/250,蛍光灯あり,60.003 fps,120,250,1,54,hocho,max,X,4,,,frame_00000.png,frame_00119.png,QR未検出,120,1.999913
hocho_X_4,lockin,0,0,QR未検出,,lockin,binary,,,29.997396,902,8,1,0.500369,,0.500369,frame_00000.png,frame_00119.png,r120_e250_f1.mp4,120 Hz,1/250,蛍光灯あり,60.003 fps,120,250,1,54,hocho,max,X,4,,,frame_00000.png,frame_00119.png,QR未検出,120,1.999913
hocho_X_8,lockin,0,0,QR未検出,,lockin,binary,,,10.002604,30,8,1,0.648559,,0.648559,frame_00000.png,frame_00119.png,r120_e250_f1.mp4,120 Hz,1/250,蛍光灯あり,60.003 fps,120,250,1,55,hocho,max,X,8,,,frame_00000.png,frame_00119.png,QR未検出,120,1.999913
hocho_X_8,lockin,0,0,QR未検出,,lockin,binary,,,10.002604,50,8,1,0.648734,,0.648734,frame_00000.png,frame_00119.png,r120_e250_f1.mp4,120 Hz,1/250,蛍光灯あり,60.003 fps,120,250,1,55,hocho,max,X,8,,,frame_00000.png,frame_00119.png,QR未検出,120,1.999913
hocho_X_8,lockin,0,0,QR未検出,,lockin,binary,,,10.002604,70,8,1,0.648747,,0.648747,frame_00000.png,frame_00119.png,r120_e250_f1.mp4,120 Hz,1/250,蛍光灯あり,60.003 fps,120,250,1,55,hocho,max,X,8,,,frame_00000.png,frame_00119.png,QR未検出,120,1.999913
hocho_X_8,lockin,0,0,QR未検出,,lockin,binary,,,10.002604,901,8,1,0.598445,,0.598445,frame_00000.png,frame_00119.png,r120_e250_f1.mp4,120 Hz,1/250,蛍光灯あり,60.003 fps,120,250,1,55,hocho,max,X,8,,,frame_00000.png,frame_00119.png,QR未検出,120,1.999913
hocho_X_8,lockin,0,0,QR未検出,,lockin,binary,,,10.002604,902,8,1,0.518664,,0.518664,frame_00000.png,frame_00119.png,r120_e250_f1.mp4,120 Hz,1/250,蛍光灯あり,60.003 fps,120,250,1,55,hocho,max,X,8,,,frame_00000.png,frame_00119.png,QR未検出,120,1.999913
hocho_X_8,lockin,0,0,QR未検出,,lockin,binary,,,15.000000,30,8,1,0.648650,,0.648650,frame_00000.png,frame_00119.png,r120_e250_f1.mp4,120 Hz,1/250,蛍光灯あり,60.003 fps,120,250,1,55,hocho,max,X,8,,,frame_00000.png,frame_00119.png,QR未検出,120,1.999913
hocho_X_8,lockin,1,0,QR未検出,,lockin,binary,,,15.000000,50,8,1,0.648747,,0.648747,frame_00000.png,frame_00119.png,r120_e250_f1.mp4,120 Hz,1/250,蛍光灯あり,60.003 fps,120,250,1,55,hocho,max,X,8,,,frame_00000.png,frame_00119.png,QR未検出,120,1.999913
hocho_X_8,lockin,0,0,QR未検出,,lockin,binary,,,15.000000,70,8,1,0.648747,,0.648747,frame_00000.png,frame_00119.png,r120_e250_f1.mp4,120 Hz,1/250,蛍光灯あり,60.003 fps,120,250,1,55,hocho,max,X,8,,,frame_00000.png,frame_00119.png,QR未検出,120,1.999913
hocho_X_8,lockin,0,0,QR未検出,,lockin,binary,,,15.000000,901,8,1,0.606083,,0.606083,frame_00000.png,frame_00119.png,r120_e250_f1.mp4,120 Hz,1/250,蛍光灯あり,60.003 fps,120,250,1,55,hocho,max,X,8,,,frame_00000.png,frame_00119.png,QR未検出,120,1.999913
hocho_X_8,lockin,0,0,QR未検出,,lockin,binary,,,15.000000,902,8,1,0.531232,,0.531232,frame_00000.png,frame_00119.png,r120_e250_f1.mp4,120 Hz,1/250,蛍光灯あり,60.003 fps,120,250,1,55,hocho,max,X,8,,,frame_00000.png,frame_00119.png,QR未検出,120,1.999913
hocho_X_8,lockin,0,0,QR未検出,,lockin,binary,,,29.997396,30,8,1,0.648593,,0.648593,frame_00000.png,frame_00119.png,r120_e250_f1.mp4,120 Hz,1/250,蛍光灯あり,60.003 fps,120,250,1,55,hocho,max,X,8,,,frame_00000.png,frame_00119.png,QR未検出,120,1.999913
hocho_X_8,lockin,0,0,QR未検出,,lockin,binary,,,29.997396,50,8,1,0.648747,,0.648747,frame_00000.png,frame_00119.png,r120_e250_f1.mp4,120 Hz,1/250,蛍光灯あり,60.003 fps,120,250,1,55,hocho,max,X,8,,,frame_00000.png,frame_00119.png,QR未検出,120,1.999913
hocho_X_8,lockin,0,0,QR未検出,,lockin,binary,,,29.997396,70,8,1,0.648747,,0.648747,frame_00000.png,frame_00119.png,r120_e250_f1.mp4,120 Hz,1/250,蛍光灯あり,60.003 fps,120,250,1,55,hocho,max,X,8,,,frame_00000.png,frame_00119.png,QR未検出,120,1.999913
hocho_X_8,lockin,0,0,QR未検出,,lockin,binary,,,29.997396,901,8,1,0.624991,,0.624991,frame_00000.png,frame_00119.png,r120_e250_f1.mp4,120 Hz,1/250,蛍光灯あり,60.003 fps,120,250,1,55,hocho,max,X,8,,,frame_00000.png,frame_00119.png,QR未検出,120,1.999913
hocho_X_8,lockin,0,0,QR未検出,,lockin,binary,,,29.997396,902,8,1,0.515731,,0.515731,frame_00000.png,frame_00119.png,r120_e250_f1.mp4,120 Hz,1/250,蛍光灯あり,60.003 fps,120,250,1,55,hocho,max,X,8,,,frame_00000.png,frame_00119.png,QR未検出,120,1.999913
nagaoka_fireworks_B_12,lockin,0,0,QR未検出,,lockin,binary,,,10.002604,30,8,1,0.648626,,0.648626,frame_00000.png,frame_00119.png,r120_e250_f1.mp4,120 Hz,1/250,蛍光灯あり,60.003 fps,120,250,1,29,nagaoka_fireworks,B,B,12,,,frame_00000.png,frame_00119.png,QR未検出,120,1.999913
nagaoka_fireworks_B_12,lockin,1,0,QR未検出,,lockin,binary,,,10.002604,50,8,1,0.648747,,0.648747,frame_00000.png,frame_00119.png,r120_e250_f1.mp4,120 Hz,1/250,蛍光灯あり,60.003 fps,120,250,1,29,nagaoka_fireworks,B,B,12,,,frame_00000.png,frame_00119.png,QR未検出,120,1.999913
nagaoka_fireworks_B_12,lockin,0,0,QR未検出,,lockin,binary,,,10.002604,70,8,1,0.648747,,0.648747,frame_00000.png,frame_00119.png,r120_e250_f1.mp4,120 Hz,1/250,蛍光灯あり,60.003 fps,120,250,1,29,nagaoka_fireworks,B,B,12,,,frame_00000.png,frame_00119.png,QR未検出,120,1.999913
nagaoka_fireworks_B_12,lockin,0,0,QR未検出,,lockin,binary,,,10.002604,901,8,1,0.604105,,0.604105,frame_00000.png,frame_00119.png,r120_e250_f1.mp4,120 Hz,1/250,蛍光灯あり,60.003 fps,120,250,1,29,nagaoka_fireworks,B,B,12,,,frame_00000.png,frame_00119.png,QR未検出,120,1.999913
nagaoka_fireworks_B_12,lockin,0,0,QR未検出,,lockin,binary,,,10.002604,902,8,1,0.558530,,0.558530,frame_00000.png,frame_00119.png,r120_e250_f1.mp4,120 Hz,1/250,蛍光灯あり,60.003 fps,120,250,1,29,nagaoka_fireworks,B,B,12,,,frame_00000.png,frame_00119.png,QR未検出,120,1.999913
nagaoka_fireworks_B_12,lockin,0,0,QR未検出,,lockin,binary,,,15.000000,30,8,1,0.648584,,0.648584,frame_00000.png,frame_00119.png,r120_e250_f1.mp4,120 Hz,1/250,蛍光灯あり,60.003 fps,120,250,1,29,nagaoka_fireworks,B,B,12,,,frame_00000.png,frame_00119.png,QR未検出,120,1.999913
nagaoka_fireworks_B_12,lockin,0,0,QR未検出,,lockin,binary,,,15.000000,50,8,1,0.648713,,0.648713,frame_00000.png,frame_00119.png,r120_e250_f1.mp4,120 Hz,1/250,蛍光灯あり,60.003 fps,120,250,1,29,nagaoka_fireworks,B,B,12,,,frame_00000.png,frame_00119.png,QR未検出,120,1.999913
nagaoka_fireworks_B_12,lockin,0,0,QR未検出,,lockin,binary,,,15.000000,70,8,1,0.648747,,0.648747,frame_00000.png,frame_00119.png,r120_e250_f1.mp4,120 Hz,1/250,蛍光灯あり,60.003 fps,120,250,1,29,nagaoka_fireworks,B,B,12,,,frame_00000.png,frame_00119.png,QR未検出,120,1.999913
nagaoka_fireworks_B_12,lockin,0,0,QR未検出,,lockin,binary,,,15.000000,901,8,1,0.606315,,0.606315,frame_00000.png,frame_00119.png,r120_e250_f1.mp4,120 Hz,1/250,蛍光灯あり,60.003 fps,120,250,1,29,nagaoka_fireworks,B,B,12,,,frame_00000.png,frame_00119.png,QR未検出,120,1.999913
nagaoka_fireworks_B_12,lockin,0,0,QR未検出,,lockin,binary,,,15.000000,902,8,1,0.561947,,0.561947,frame_00000.png,frame_00119.png,r120_e250_f1.mp4,120 Hz,1/250,蛍光灯あり,60.003 fps,120,250,1,29,nagaoka_fireworks,B,B,12,,,frame_00000.png,frame_00119.png,QR未検出,120,1.999913
nagaoka_fireworks_B_12,lockin,0,0,QR未検出,,lockin,binary,,,29.997396,30,8,1,0.648535,,0.648535,frame_00000.png,frame_00119.png,r120_e250_f1.mp4,120 Hz,1/250,蛍光灯あり,60.003 fps,120,250,1,29,nagaoka_fireworks,B,B,12,,,frame_00000.png,frame_00119.png,QR未検出,120,1.999913
nagaoka_fireworks_B_12,lockin,0,0,QR未検出,,lockin,binary,,,29.997396,50,8,1,0.648747,,0.648747,frame_00000.png,frame_00119.png,r120_e250_f1.mp4,120 Hz,1/250,蛍光灯あり,60.003 fps,120,250,1,29,nagaoka_fireworks,B,B,12,,,frame_00000.png,frame_00119.png,QR未検出,120,1.999913
nagaoka_fireworks_B_12,lockin,0,0,QR未検出,,lockin,binary,,,29.997396,70,8,1,0.648747,,0.648747,frame_00000.png,frame_00119.png,r120_e250_f1.mp4,120 Hz,1/250,蛍光灯あり,60.003 fps,120,250,1,29,nagaoka_fireworks,B,B,12,,,frame_00000.png,frame_00119.png,QR未検出,120,1.999913
nagaoka_fireworks_B_12,lockin,0,0,QR未検出,,lockin,binary,,,29.997396,901,8,1,0.625556,,0.625556,frame_00000.png,frame_00119.png,r120_e250_f1.mp4,120 Hz,1/250,蛍光灯あり,60.003 fps,120,250,1,29,nagaoka_fireworks,B,B,12,,,frame_00000.png,frame_00119.png,QR未検出,120,1.999913
nagaoka_fireworks_B_12,lockin,0,0,QR未検出,,lockin,binary,,,29.997396,902,8,1,0.555785,,0.555785,frame_00000.png,frame_00119.png,r120_e250_f1.mp4,120 Hz,1/250,蛍光灯あり,60.003 fps,120,250,1,29,nagaoka_fireworks,B,B,12,,,frame_00000.png,frame_00119.png,QR未検出,120,1.999913
nagaoka_fireworks_B_4,lockin,0,0,QR未検出,,lockin,binary,,,10.002604,30,8,1,0.648440,,0.648440,frame_00000.png,frame_00119.png,r120_e250_f1.mp4,120 Hz,1/250,蛍光灯あり,60.003 fps,120,250,1,27,nagaoka_fireworks,B,B,4,,,frame_00000.png,frame_00119.png,QR未検出,120,1.999913
nagaoka_fireworks_B_4,lockin,0,0,QR未検出,,lockin,binary,,,10.002604,50,8,1,0.648673,,0.648673,frame_00000.png,frame_00119.png,r120_e250_f1.mp4,120 Hz,1/250,蛍光灯あり,60.003 fps,120,250,1,27,nagaoka_fireworks,B,B,4,,,frame_00000.png,frame_00119.png,QR未検出,120,1.999913
nagaoka_fireworks_B_4,lockin,0,0,QR未検出,,lockin,binary,,,10.002604,70,8,1,0.648747,,0.648747,frame_00000.png,frame_00119.png,r120_e250_f1.mp4,120 Hz,1/250,蛍光灯あり,60.003 fps,120,250,1,27,nagaoka_fireworks,B,B,4,,,frame_00000.png,frame_00119.png,QR未検出,120,1.999913
nagaoka_fireworks_B_4,lockin,0,0,QR未検出,,lockin,binary,,,10.002604,901,8,1,0.603962,,0.603962,frame_00000.png,frame_00119.png,r120_e250_f1.mp4,120 Hz,1/250,蛍光灯あり,60.003 fps,120,250,1,27,nagaoka_fireworks,B,B,4,,,frame_00000.png,frame_00119.png,QR未検出,120,1.999913
nagaoka_fireworks_B_4,lockin,0,0,QR未検出,,lockin,binary,,,10.002604,902,8,1,0.554156,,0.554156,frame_00000.png,frame_00119.png,r120_e250_f1.mp4,120 Hz,1/250,蛍光灯あり,60.003 fps,120,250,1,27,nagaoka_fireworks,B,B,4,,,frame_00000.png,frame_00119.png,QR未検出,120,1.999913
nagaoka_fireworks_B_4,lockin,1,0,QR未検出,,lockin,binary,,,15.000000,30,8,1,0.648810,,0.648810,frame_00000.png,frame_00119.png,r120_e250_f1.mp4,120 Hz,1/250,蛍光灯あり,60.003 fps,120,250,1,27,nagaoka_fireworks,B,B,4,,,frame_00000.png,frame_00119.png,QR未検出,120,1.999913
nagaoka_fireworks_B_4,lockin,0,0,QR未検出,,lockin,binary,,,15.000000,50,8,1,0.648747,,0.648747,frame_00000.png,frame_00119.png,r120_e250_f1.mp4,120 Hz,1/250,蛍光灯あり,60.003 fps,120,250,1,27,nagaoka_fireworks,B,B,4,,,frame_00000.png,frame_00119.png,QR未検出,120,1.999913
nagaoka_fireworks_B_4,lockin,0,0,QR未検出,,lockin,binary,,,15.000000,70,8,1,0.648747,,0.648747,frame_00000.png,frame_00119.png,r120_e250_f1.mp4,120 Hz,1/250,蛍光灯あり,60.003 fps,120,250,1,27,nagaoka_fireworks,B,B,4,,,frame_00000.png,frame_00119.png,QR未検出,120,1.999913
nagaoka_fireworks_B_4,lockin,0,0,QR未検出,,lockin,binary,,,15.000000,901,8,1,0.612241,,0.612241,frame_00000.png,frame_00119.png,r120_e250_f1.mp4,120 Hz,1/250,蛍光灯あり,60.003 fps,120,250,1,27,nagaoka_fireworks,B,B,4,,,frame_00000.png,frame_00119.png,QR未検出,120,1.999913
nagaoka_fireworks_B_4,lockin,0,0,QR未検出,,lockin,binary,,,15.000000,902,8,1,0.600709,,0.600709,frame_00000.png,frame_00119.png,r120_e250_f1.mp4,120 Hz,1/250,蛍光灯あり,60.003 fps,120,250,1,27,nagaoka_fireworks,B,B,4,,,frame_00000.png,frame_00119.png,QR未検出,120,1.999913
nagaoka_fireworks_B_4,lockin,0,0,QR未検出,,lockin,binary,,,29.997396,30,8,1,0.648379,,0.648379,frame_00000.png,frame_00119.png,r120_e250_f1.mp4,120 Hz,1/250,蛍光灯あり,60.003 fps,120,250,1,27,nagaoka_fireworks,B,B,4,,,frame_00000.png,frame_00119.png,QR未検出,120,1.999913
nagaoka_fireworks_B_4,lockin,0,0,QR未検出,,lockin,binary,,,29.997396,50,8,1,0.648549,,0.648549,frame_00000.png,frame_00119.png,r120_e250_f1.mp4,120 Hz,1/250,蛍光灯あり,60.003 fps,120,250,1,27,nagaoka_fireworks,B,B,4,,,frame_00000.png,frame_00119.png,QR未検出,120,1.999913
nagaoka_fireworks_B_4,lockin,0,0,QR未検出,,lockin,binary,,,29.997396,70,8,1,0.648747,,0.648747,frame_00000.png,frame_00119.png,r120_e250_f1.mp4,120 Hz,1/250,蛍光灯あり,60.003 fps,120,250,1,27,nagaoka_fireworks,B,B,4,,,frame_00000.png,frame_00119.png,QR未検出,120,1.999913
nagaoka_fireworks_B_4,lockin,0,0,QR未検出,,lockin,binary,,,29.997396,901,8,1,0.629586,,0.629586,frame_00000.png,frame_00119.png,r120_e250_f1.mp4,120 Hz,1/250,蛍光灯あり,60.003 fps,120,250,1,27,nagaoka_fireworks,B,B,4,,,frame_00000.png,frame_00119.png,QR未検出,120,1.999913
nagaoka_fireworks_B_4,lockin,0,0,QR未検出,,lockin,binary,,,29.997396,902,8,1,0.554835,,0.554835,frame_00000.png,frame_00119.png,r120_e250_f1.mp4,120 Hz,1/250,蛍光灯あり,60.003 fps,120,250,1,27,nagaoka_fireworks,B,B,4,,,frame_00000.png,frame_00119.png,QR未検出,120,1.999913
nagaoka_fireworks_B_8,lockin,1,0,QR未検出,,lockin,binary,,,10.002604,30,8,1,0.648801,,0.648801,frame_00000.png,frame_00119.png,r120_e250_f1.mp4,120 Hz,1/250,蛍光灯あり,60.003 fps,120,250,1,28,nagaoka_fireworks,B,B,8,,,frame_00000.png,frame_00119.png,QR未検出,120,1.999913
nagaoka_fireworks_B_8,lockin,0,0,QR未検出,,lockin,binary,,,10.002604,50,8,1,0.648747,,0.648747,frame_00000.png,frame_00119.png,r120_e250_f1.mp4,120 Hz,1/250,蛍光灯あり,60.003 fps,120,250,1,28,nagaoka_fireworks,B,B,8,,,frame_00000.png,frame_00119.png,QR未検出,120,1.999913
nagaoka_fireworks_B_8,lockin,0,0,QR未検出,,lockin,binary,,,10.002604,70,8,1,0.648747,,0.648747,frame_00000.png,frame_00119.png,r120_e250_f1.mp4,120 Hz,1/250,蛍光灯あり,60.003 fps,120,250,1,28,nagaoka_fireworks,B,B,8,,,frame_00000.png,frame_00119.png,QR未検出,120,1.999913
nagaoka_fireworks_B_8,lockin,0,0,QR未検出,,lockin,binary,,,10.002604,901,8,1,0.605167,,0.605167,frame_00000.png,frame_00119.png,r120_e250_f1.mp4,120 Hz,1/250,蛍光灯あり,60.003 fps,120,250,1,28,nagaoka_fireworks,B,B,8,,,frame_00000.png,frame_00119.png,QR未検出,120,1.999913
nagaoka_fireworks_B_8,lockin,0,0,QR未検出,,lockin,binary,,,10.002604,902,8,1,0.554387,,0.554387,frame_00000.png,frame_00119.png,r120_e250_f1.mp4,120 Hz,1/250,蛍光灯あり,60.003 fps,120,250,1,28,nagaoka_fireworks,B,B,8,,,frame_00000.png,frame_00119.png,QR未検出,120,1.999913
nagaoka_fireworks_B_8,lockin,0,0,QR未検出,,lockin,binary,,,15.000000,30,8,1,0.648591,,0.648591,frame_00000.png,frame_00119.png,r120_e250_f1.mp4,120 Hz,1/250,蛍光灯あり,60.003 fps,120,250,1,28,nagaoka_fireworks,B,B,8,,,frame_00000.png,frame_00119.png,QR未検出,120,1.999913
nagaoka_fireworks_B_8,lockin,0,0,QR未検出,,lockin,binary,,,15.000000,50,8,1,0.648747,,0.648747,frame_00000.png,frame_00119.png,r120_e250_f1.mp4,120 Hz,1/250,蛍光灯あり,60.003 fps,120,250,1,28,nagaoka_fireworks,B,B,8,,,frame_00000.png,frame_00119.png,QR未検出,120,1.999913
nagaoka_fireworks_B_8,lockin,0,0,QR未検出,,lockin,binary,,,15.000000,70,8,1,0.648747,,0.648747,frame_00000.png,frame_00119.png,r120_e250_f1.mp4,120 Hz,1/250,蛍光灯あり,60.003 fps,120,250,1,28,nagaoka_fireworks,B,B,8,,,frame_00000.png,frame_00119.png,QR未検出,120,1.999913
nagaoka_fireworks_B_8,lockin,0,0,QR未検出,,lockin,binary,,,15.000000,901,8,1,0.610660,,0.610660,frame_00000.png,frame_00119.png,r120_e250_f1.mp4,120 Hz,1/250,蛍光灯あり,60.003 fps,120,250,1,28,nagaoka_fireworks,B,B,8,,,frame_00000.png,frame_00119.png,QR未検出,120,1.999913
nagaoka_fireworks_B_8,lockin,0,0,QR未検出,,lockin,binary,,,15.000000,902,8,1,0.558572,,0.558572,frame_00000.png,frame_00119.png,r120_e250_f1.mp4,120 Hz,1/250,蛍光灯あり,60.003 fps,120,250,1,28,nagaoka_fireworks,B,B,8,,,frame_00000.png,frame_00119.png,QR未検出,120,1.999913
nagaoka_fireworks_B_8,lockin,0,0,QR未検出,,lockin,binary,,,29.997396,30,8,1,0.648507,,0.648507,frame_00000.png,frame_00119.png,r120_e250_f1.mp4,120 Hz,1/250,蛍光灯あり,60.003 fps,120,250,1,28,nagaoka_fireworks,B,B,8,,,frame_00000.png,frame_00119.png,QR未検出,120,1.999913
nagaoka_fireworks_B_8,lockin,0,0,QR未検出,,lockin,binary,,,29.997396,50,8,1,0.648726,,0.648726,frame_00000.png,frame_00119.png,r120_e250_f1.mp4,120 Hz,1/250,蛍光灯あり,60.003 fps,120,250,1,28,nagaoka_fireworks,B,B,8,,,frame_00000.png,frame_00119.png,QR未検出,120,1.999913
nagaoka_fireworks_B_8,lockin,0,0,QR未検出,,lockin,binary,,,29.997396,70,8,1,0.648747,,0.648747,frame_00000.png,frame_00119.png,r120_e250_f1.mp4,120 Hz,1/250,蛍光灯あり,60.003 fps,120,250,1,28,nagaoka_fireworks,B,B,8,,,frame_00000.png,frame_00119.png,QR未検出,120,1.999913
nagaoka_fireworks_B_8,lockin,0,0,QR未検出,,lockin,binary,,,29.997396,901,8,1,0.623969,,0.623969,frame_00000.png,frame_00119.png,r120_e250_f1.mp4,120 Hz,1/250,蛍光灯あり,60.003 fps,120,250,1,28,nagaoka_fireworks,B,B,8,,,frame_00000.png,frame_00119.png,QR未検出,120,1.999913
nagaoka_fireworks_B_8,lockin,0,0,QR未検出,,lockin,binary,,,29.997396,902,8,1,0.556283,,0.556283,frame_00000.png,frame_00119.png,r120_e250_f1.mp4,120 Hz,1/250,蛍光灯あり,60.003 fps,120,250,1,28,nagaoka_fireworks,B,B,8,,,frame_00000.png,frame_00119.png,QR未検出,120,1.999913
nagaoka_fireworks_G_12,lockin,0,0,QR未検出,,lockin,binary,,,10.002604,30,8,1,0.648257,,0.648257,frame_00000.png,frame_00119.png,r120_e250_f1.mp4,120 Hz,1/250,蛍光灯あり,60.003 fps,120,250,1,17,nagaoka_fireworks,G,G,12,,,frame_00000.png,frame_00119.png,QR未検出,120,1.999913
nagaoka_fireworks_G_12,lockin,0,0,QR未検出,,lockin,binary,,,10.002604,50,8,1,0.648701,,0.648701,frame_00000.png,frame_00119.png,r120_e250_f1.mp4,120 Hz,1/250,蛍光灯あり,60.003 fps,120,250,1,17,nagaoka_fireworks,G,G,12,,,frame_00000.png,frame_00119.png,QR未検出,120,1.999913
nagaoka_fireworks_G_12,lockin,0,0,QR未検出,,lockin,binary,,,10.002604,70,8,1,0.648747,,0.648747,frame_00000.png,frame_00119.png,r120_e250_f1.mp4,120 Hz,1/250,蛍光灯あり,60.003 fps,120,250,1,17,nagaoka_fireworks,G,G,12,,,frame_00000.png,frame_00119.png,QR未検出,120,1.999913
nagaoka_fireworks_G_12,lockin,0,0,QR未検出,,lockin,binary,,,10.002604,901,8,1,0.603120,,0.603120,frame_00000.png,frame_00119.png,r120_e250_f1.mp4,120 Hz,1/250,蛍光灯あり,60.003 fps,120,250,1,17,nagaoka_fireworks,G,G,12,,,frame_00000.png,frame_00119.png,QR未検出,120,1.999913
nagaoka_fireworks_G_12,lockin,0,0,QR未検出,,lockin,binary,,,10.002604,902,8,1,0.556194,,0.556194,frame_00000.png,frame_00119.png,r120_e250_f1.mp4,120 Hz,1/250,蛍光灯あり,60.003 fps,120,250,1,17,nagaoka_fireworks,G,G,12,,,frame_00000.png,frame_00119.png,QR未検出,120,1.999913
nagaoka_fireworks_G_12,lockin,0,0,QR未検出,,lockin,binary,,,15.000000,30,8,1,0.648552,,0.648552,frame_00000.png,frame_00119.png,r120_e250_f1.mp4,120 Hz,1/250,蛍光灯あり,60.003 fps,120,250,1,17,nagaoka_fireworks,G,G,12,,,frame_00000.png,frame_00119.png,QR未検出,120,1.999913
nagaoka_fireworks_G_12,lockin,1,0,QR未検出,,lockin,binary,,,15.000000,50,8,1,0.648747,,0.648747,frame_00000.png,frame_00119.png,r120_e250_f1.mp4,120 Hz,1/250,蛍光灯あり,60.003 fps,120,250,1,17,nagaoka_fireworks,G,G,12,,,frame_00000.png,frame_00119.png,QR未検出,120,1.999913
nagaoka_fireworks_G_12,lockin,0,0,QR未検出,,lockin,binary,,,15.000000,70,8,1,0.648747,,0.648747,frame_00000.png,frame_00119.png,r120_e250_f1.mp4,120 Hz,1/250,蛍光灯あり,60.003 fps,120,250,1,17,nagaoka_fireworks,G,G,12,,,frame_00000.png,frame_00119.png,QR未検出,120,1.999913
nagaoka_fireworks_G_12,lockin,0,0,QR未検出,,lockin,binary,,,15.000000,901,8,1,0.604102,,0.604102,frame_00000.png,frame_00119.png,r120_e250_f1.mp4,120 Hz,1/250,蛍光灯あり,60.003 fps,120,250,1,17,nagaoka_fireworks,G,G,12,,,frame_00000.png,frame_00119.png,QR未検出,120,1.999913
nagaoka_fireworks_G_12,lockin,0,0,QR未検出,,lockin,binary,,,15.000000,902,8,1,0.589468,,0.589468,frame_00000.png,frame_00119.png,r120_e250_f1.mp4,120 Hz,1/250,蛍光灯あり,60.003 fps,120,250,1,17,nagaoka_fireworks,G,G,12,,,frame_00000.png,frame_00119.png,QR未検出,120,1.999913
nagaoka_fireworks_G_12,lockin,0,0,QR未検出,,lockin,binary,,,29.997396,30,8,1,0.648563,,0.648563,frame_00000.png,frame_00119.png,r120_e250_f1.mp4,120 Hz,1/250,蛍光灯あり,60.003 fps,120,250,1,17,nagaoka_fireworks,G,G,12,,,frame_00000.png,frame_00119.png,QR未検出,120,1.999913
nagaoka_fireworks_G_12,lockin,0,0,QR未検出,,lockin,binary,,,29.997396,50,8,1,0.648671,,0.648671,frame_00000.png,frame_00119.png,r120_e250_f1.mp4,120 Hz,1/250,蛍光灯あり,60.003 fps,120,250,1,17,nagaoka_fireworks,G,G,12,,,frame_00000.png,frame_00119.png,QR未検出,120,1.999913
nagaoka_fireworks_G_12,lockin,0,0,QR未検出,,lockin,binary,,,29.997396,70,8,1,0.648687,,0.648687,frame_00000.png,frame_00119.png,r120_e250_f1.mp4,120 Hz,1/250,蛍光灯あり,60.003 fps,120,250,1,17,nagaoka_fireworks,G,G,12,,,frame_00000.png,frame_00119.png,QR未検出,120,1.999913
nagaoka_fireworks_G_12,lockin,0,0,QR未検出,,lockin,binary,,,29.997396,901,8,1,0.630546,,0.630546,frame_00000.png,frame_00119.png,r120_e250_f1.mp4,120 Hz,1/250,蛍光灯あり,60.003 fps,120,250,1,17,nagaoka_fireworks,G,G,12,,,frame_00000.png,frame_00119.png,QR未検出,120,1.999913
nagaoka_fireworks_G_12,lockin,0,0,QR未検出,,lockin,binary,,,29.997396,902,8,1,0.567980,,0.567980,frame_00000.png,frame_00119.png,r120_e250_f1.mp4,120 Hz,1/250,蛍光灯あり,60.003 fps,120,250,1,17,nagaoka_fireworks,G,G,12,,,frame_00000.png,frame_00119.png,QR未検出,120,1.999913
nagaoka_fireworks_G_4,lockin,0,0,QR未検出,,lockin,binary,,,10.002604,30,8,1,0.648474,,0.648474,frame_00000.png,frame_00119.png,r120_e250_f1.mp4,120 Hz,1/250,蛍光灯あり,60.003 fps,120,250,1,15,nagaoka_fireworks,G,G,4,,,frame_00000.png,frame_00119.png,QR未検出,120,1.999913
nagaoka_fireworks_G_4,lockin,0,0,QR未検出,,lockin,binary,,,10.002604,50,8,1,0.648698,,0.648698,frame_00000.png,frame_00119.png,r120_e250_f1.mp4,120 Hz,1/250,蛍光灯あり,60.003 fps,120,250,1,15,nagaoka_fireworks,G,G,4,,,frame_00000.png,frame_00119.png,QR未検出,120,1.999913
nagaoka_fireworks_G_4,lockin,0,0,QR未検出,,lockin,binary,,,10.002604,70,8,1,0.648747,,0.648747,frame_00000.png,frame_00119.png,r120_e250_f1.mp4,120 Hz,1/250,蛍光灯あり,60.003 fps,120,250,1,15,nagaoka_fireworks,G,G,4,,,frame_00000.png,frame_00119.png,QR未検出,120,1.999913
nagaoka_fireworks_G_4,lockin,0,0,QR未検出,,lockin,binary,,,10.002604,901,8,1,0.606814,,0.606814,frame_00000.png,frame_00119.png,r120_e250_f1.mp4,120 Hz,1/250,蛍光灯あり,60.003 fps,120,250,1,15,nagaoka_fireworks,G,G,4,,,frame_00000.png,frame_00119.png,QR未検出,120,1.999913
nagaoka_fireworks_G_4,lockin,0,0,QR未検出,,lockin,binary,,,10.002604,902,8,1,0.553020,,0.553020,frame_00000.png,frame_00119.png,r120_e250_f1.mp4,120 Hz,1/250,蛍光灯あり,60.003 fps,120,250,1,15,nagaoka_fireworks,G,G,4,,,frame_00000.png,frame_00119.png,QR未検出,120,1.999913
nagaoka_fireworks_G_4,lockin,0,0,QR未検出,,lockin,binary,,,15.000000,30,8,1,0.648670,,0.648670,frame_00000.png,frame_00119.png,r120_e250_f1.mp4,120 Hz,1/250,蛍光灯あり,60.003 fps,120,250,1,15,nagaoka_fireworks,G,G,4,,,frame_00000.png,frame_00119.png,QR未検出,120,1.999913
nagaoka_fireworks_G_4,lockin,1,0,QR未検出,,lockin,binary,,,15.000000,50,8,1,0.648747,,0.648747,frame_00000.png,frame_00119.png,r120_e250_f1.mp4,120 Hz,1/250,蛍光灯あり,60.003 fps,120,250,1,15,nagaoka_fireworks,G,G,4,,,frame_00000.png,frame_00119.png,QR未検出,120,1.999913
nagaoka_fireworks_G_4,lockin,0,0,QR未検出,,lockin,binary,,,15.000000,70,8,1,0.648747,,0.648747,frame_00000.png,frame_00119.png,r120_e250_f1.mp4,120 Hz,1/250,蛍光灯あり,60.003 fps,120,250,1,15,nagaoka_fireworks,G,G,4,,,frame_00000.png,frame_00119.png,QR未検出,120,1.999913
nagaoka_fireworks_G_4,lockin,0,0,QR未検出,,lockin,binary,,,15.000000,901,8,1,0.609671,,0.609671,frame_00000.png,frame_00119.png,r120_e250_f1.mp4,120 Hz,1/250,蛍光灯あり,60.003 fps,120,250,1,15,nagaoka_fireworks,G,G,4,,,frame_00000.png,frame_00119.png,QR未検出,120,1.999913
nagaoka_fireworks_G_4,lockin,0,0,QR未検出,,lockin,binary,,,15.000000,902,8,1,0.586840,,0.586840,frame_00000.png,frame_00119.png,r120_e250_f1.mp4,120 Hz,1/250,蛍光灯あり,60.003 fps,120,250,1,15,nagaoka_fireworks,G,G,4,,,frame_00000.png,frame_00119.png,QR未検出,120,1.999913
nagaoka_fireworks_G_4,lockin,0,0,QR未検出,,lockin,binary,,,29.997396,30,8,1,0.648488,,0.648488,frame_00000.png,frame_00119.png,r120_e250_f1.mp4,120 Hz,1/250,蛍光灯あり,60.003 fps,120,250,1,15,nagaoka_fireworks,G,G,4,,,frame_00000.png,frame_00119.png,QR未検出,120,1.999913
nagaoka_fireworks_G_4,lockin,0,0,QR未検出,,lockin,binary,,,29.997396,50,8,1,0.648589,,0.648589,frame_00000.png,frame_00119.png,r120_e250_f1.mp4,120 Hz,1/250,蛍光灯あり,60.003 fps,120,250,1,15,nagaoka_fireworks,G,G,4,,,frame_00000.png,frame_00119.png,QR未検出,120,1.999913
nagaoka_fireworks_G_4,lockin,0,0,QR未検出,,lockin,binary,,,29.997396,70,8,1,0.648615,,0.648615,frame_00000.png,frame_00119.png,r120_e250_f1.mp4,120 Hz,1/250,蛍光灯あり,60.003 fps,120,250,1,15,nagaoka_fireworks,G,G,4,,,frame_00000.png,frame_00119.png,QR未検出,120,1.999913
nagaoka_fireworks_G_4,lockin,0,0,QR未検出,,lockin,binary,,,29.997396,901,8,1,0.631222,,0.631222,frame_00000.png,frame_00119.png,r120_e250_f1.mp4,120 Hz,1/250,蛍光灯あり,60.003 fps,120,250,1,15,nagaoka_fireworks,G,G,4,,,frame_00000.png,frame_00119.png,QR未検出,120,1.999913
nagaoka_fireworks_G_4,lockin,0,0,QR未検出,,lockin,binary,,,29.997396,902,8,1,0.582193,,0.582193,frame_00000.png,frame_00119.png,r120_e250_f1.mp4,120 Hz,1/250,蛍光灯あり,60.003 fps,120,250,1,15,nagaoka_fireworks,G,G,4,,,frame_00000.png,frame_00119.png,QR未検出,120,1.999913
nagaoka_fireworks_G_8,lockin,0,0,QR未検出,,lockin,binary,,,10.002604,30,8,1,0.648451,,0.648451,frame_00000.png,frame_00119.png,r120_e250_f1.mp4,120 Hz,1/250,蛍光灯あり,60.003 fps,120,250,1,16,nagaoka_fireworks,G,G,8,,,frame_00000.png,frame_00119.png,QR未検出,120,1.999913
nagaoka_fireworks_G_8,lockin,0,0,QR未検出,,lockin,binary,,,10.002604,50,8,1,0.648617,,0.648617,frame_00000.png,frame_00119.png,r120_e250_f1.mp4,120 Hz,1/250,蛍光灯あり,60.003 fps,120,250,1,16,nagaoka_fireworks,G,G,8,,,frame_00000.png,frame_00119.png,QR未検出,120,1.999913
nagaoka_fireworks_G_8,lockin,1,0,QR未検出,,lockin,binary,,,10.002604,70,8,1,0.648747,,0.648747,frame_00000.png,frame_00119.png,r120_e250_f1.mp4,120 Hz,1/250,蛍光灯あり,60.003 fps,120,250,1,16,nagaoka_fireworks,G,G,8,,,frame_00000.png,frame_00119.png,QR未検出,120,1.999913
nagaoka_fireworks_G_8,lockin,0,0,QR未検出,,lockin,binary,,,10.002604,901,8,1,0.609104,,0.609104,frame_00000.png,frame_00119.png,r120_e250_f1.mp4,120 Hz,1/250,蛍光灯あり,60.003 fps,120,250,1,16,nagaoka_fireworks,G,G,8,,,frame_00000.png,frame_00119.png,QR未検出,120,1.999913
nagaoka_fireworks_G_8,lockin,0,0,QR未検出,,lockin,binary,,,10.002604,902,8,1,0.551654,,0.551654,frame_00000.png,frame_00119.png,r120_e250_f1.mp4,120 Hz,1/250,蛍光灯あり,60.003 fps,120,250,1,16,nagaoka_fireworks,G,G,8,,,frame_00000.png,frame_00119.png,QR未検出,120,1.999913
nagaoka_fireworks_G_8,lockin,0,0,QR未検出,,lockin,binary,,,15.000000,30,8,1,0.647816,,0.647816,frame_00000.png,frame_00119.png,r120_e250_f1.mp4,120 Hz,1/250,蛍光灯あり,60.003 fps,120,250,1,16,nagaoka_fireworks,G,G,8,,,frame_00000.png,frame_00119.png,QR未検出,120,1.999913
nagaoka_fireworks_G_8,lockin,0,0,QR未検出,,lockin,binary,,,15.000000,50,8,1,0.648624,,0.648624,frame_00000.png,frame_00119.png,r120_e250_f1.mp4,120 Hz,1/250,蛍光灯あり,60.003 fps,120,250,1,16,nagaoka_fireworks,G,G,8,,,frame_00000.png,frame_00119.png,QR未検出,120,1.999913
nagaoka_fireworks_G_8,lockin,0,0,QR未検出,,lockin,binary,,,15.000000,70,8,1,0.648747,,0.648747,frame_00000.png,frame_00119.png,r120_e250_f1.mp4,120 Hz,1/250,蛍光灯あり,60.003 fps,120,250,1,16,nagaoka_fireworks,G,G,8,,,frame_00000.png,frame_00119.png,QR未検出,120,1.999913
nagaoka_fireworks_G_8,lockin,0,0,QR未検出,,lockin,binary,,,15.000000,901,8,1,0.608093,,0.608093,frame_00000.png,frame_00119.png,r120_e250_f1.mp4,120 Hz,1/250,蛍光灯あり,60.003 fps,120,250,1,16,nagaoka_fireworks,G,G,8,,,frame_00000.png,frame_00119.png,QR未検出,120,1.999913
nagaoka_fireworks_G_8,lockin,0,0,QR未検出,,lockin,binary,,,15.000000,902,8,1,0.558579,,0.558579,frame_00000.png,frame_00119.png,r120_e250_f1.mp4,120 Hz,1/250,蛍光灯あり,60.003 fps,120,250,1,16,nagaoka_fireworks,G,G,8,,,frame_00000.png,frame_00119.png,QR未検出,120,1.999913
nagaoka_fireworks_G_8,lockin,0,0,QR未検出,,lockin,binary,,,29.997396,30,8,1,0.648584,,0.648584,frame_00000.png,frame_00119.png,r120_e250_f1.mp4,120 Hz,1/250,蛍光灯あり,60.003 fps,120,250,1,16,nagaoka_fireworks,G,G,8,,,frame_00000.png,frame_00119.png,QR未検出,120,1.999913
nagaoka_fireworks_G_8,lockin,0,0,QR未検出,,lockin,binary,,,29.997396,50,8,1,0.648664,,0.648664,frame_00000.png,frame_00119.png,r120_e250_f1.mp4,120 Hz,1/250,蛍光灯あり,60.003 fps,120,250,1,16,nagaoka_fireworks,G,G,8,,,frame_00000.png,frame_00119.png,QR未検出,120,1.999913
nagaoka_fireworks_G_8,lockin,0,0,QR未検出,,lockin,binary,,,29.997396,70,8,1,0.648685,,0.648685,frame_00000.png,frame_00119.png,r120_e250_f1.mp4,120 Hz,1/250,蛍光灯あり,60.003 fps,120,250,1,16,nagaoka_fireworks,G,G,8,,,frame_00000.png,frame_00119.png,QR未検出,120,1.999913
nagaoka_fireworks_G_8,lockin,0,0,QR未検出,,lockin,binary,,,29.997396,901,8,1,0.629542,,0.629542,frame_00000.png,frame_00119.png,r120_e250_f1.mp4,120 Hz,1/250,蛍光灯あり,60.003 fps,120,250,1,16,nagaoka_fireworks,G,G,8,,,frame_00000.png,frame_00119.png,QR未検出,120,1.999913
nagaoka_fireworks_G_8,lockin,0,0,QR未検出,,lockin,binary,,,29.997396,902,8,1,0.565093,,0.565093,frame_00000.png,frame_00119.png,r120_e250_f1.mp4,120 Hz,1/250,蛍光灯あり,60.003 fps,120,250,1,16,nagaoka_fireworks,G,G,8,,,frame_00000.png,frame_00119.png,QR未検出,120,1.999913
nagaoka_fireworks_I_12,lockin,0,0,QR未検出,,lockin,binary,,,10.002604,30,8,1,0.648824,,0.648824,frame_00000.png,frame_00119.png,r120_e250_f1.mp4,120 Hz,1/250,蛍光灯あり,60.003 fps,120,250,1,41,nagaoka_fireworks,min,I,12,,,frame_00000.png,frame_00119.png,QR未検出,120,1.999913
nagaoka_fireworks_I_12,lockin,0,0,QR未検出,,lockin,binary,,,10.002604,50,8,1,0.648815,,0.648815,frame_00000.png,frame_00119.png,r120_e250_f1.mp4,120 Hz,1/250,蛍光灯あり,60.003 fps,120,250,1,41,nagaoka_fireworks,min,I,12,,,frame_00000.png,frame_00119.png,QR未検出,120,1.999913
nagaoka_fireworks_I_12,lockin,0,0,QR未検出,,lockin,binary,,,10.002604,70,8,1,0.648794,,0.648794,frame_00000.png,frame_00119.png,r120_e250_f1.mp4,120 Hz,1/250,蛍光灯あり,60.003 fps,120,250,1,41,nagaoka_fireworks,min,I,12,,,frame_00000.png,frame_00119.png,QR未検出,120,1.999913
nagaoka_fireworks_I_12,lockin,0,0,QR未検出,,lockin,binary,,,10.002604,901,8,1,0.629196,,0.629196,frame_00000.png,frame_00119.png,r120_e250_f1.mp4,120 Hz,1/250,蛍光灯あり,60.003 fps,120,250,1,41,nagaoka_fireworks,min,I,12,,,frame_00000.png,frame_00119.png,QR未検出,120,1.999913
nagaoka_fireworks_I_12,lockin,0,0,QR未検出,,lockin,binary,,,10.002604,902,8,1,0.549218,,0.549218,frame_00000.png,frame_00119.png,r120_e250_f1.mp4,120 Hz,1/250,蛍光灯あり,60.003 fps,120,250,1,41,nagaoka_fireworks,min,I,12,,,frame_00000.png,frame_00119.png,QR未検出,120,1.999913
nagaoka_fireworks_I_12,lockin,1,0,QR未検出,,lockin,binary,,,15.000000,30,8,1,0.649198,,0.649198,frame_00000.png,frame_00119.png,r120_e250_f1.mp4,120 Hz,1/250,蛍光灯あり,60.003 fps,120,250,1,41,nagaoka_fireworks,min,I,12,,,frame_00000.png,frame_00119.png,QR未検出,120,1.999913
nagaoka_fireworks_I_12,lockin,0,0,QR未検出,,lockin,binary,,,15.000000,50,8,1,0.648871,,0.648871,frame_00000.png,frame_00119.png,r120_e250_f1.mp4,120 Hz,1/250,蛍光灯あり,60.003 fps,120,250,1,41,nagaoka_fireworks,min,I,12,,,frame_00000.png,frame_00119.png,QR未検出,120,1.999913
nagaoka_fireworks_I_12,lockin,0,0,QR未検出,,lockin,binary,,,15.000000,70,8,1,0.648747,,0.648747,frame_00000.png,frame_00119.png,r120_e250_f1.mp4,120 Hz,1/250,蛍光灯あり,60.003 fps,120,250,1,41,nagaoka_fireworks,min,I,12,,,frame_00000.png,frame_00119.png,QR未検出,120,1.999913
nagaoka_fireworks_I_12,lockin,0,0,QR未検出,,lockin,binary,,,15.000000,901,8,1,0.633463,,0.633463,frame_00000.png,frame_00119.png,r120_e250_f1.mp4,120 Hz,1/250,蛍光灯あり,60.003 fps,120,250,1,41,nagaoka_fireworks,min,I,12,,,frame_00000.png,frame_00119.png,QR未検出,120,1.999913
nagaoka_fireworks_I_12,lockin,0,0,QR未検出,,lockin,binary,,,15.000000,902,8,1,0.568342,,0.568342,frame_00000.png,frame_00119.png,r120_e250_f1.mp4,120 Hz,1/250,蛍光灯あり,60.003 fps,120,250,1,41,nagaoka_fireworks,min,I,12,,,frame_00000.png,frame_00119.png,QR未検出,120,1.999913
nagaoka_fireworks_I_12,lockin,0,0,QR未検出,,lockin,binary,,,29.997396,30,8,1,0.648855,,0.648855,frame_00000.png,frame_00119.png,r120_e250_f1.mp4,120 Hz,1/250,蛍光灯あり,60.003 fps,120,250,1,41,nagaoka_fireworks,min,I,12,,,frame_00000.png,frame_00119.png,QR未検出,120,1.999913
nagaoka_fireworks_I_12,lockin,0,0,QR未検出,,lockin,binary,,,29.997396,50,8,1,0.648817,,0.648817,frame_00000.png,frame_00119.png,r120_e250_f1.mp4,120 Hz,1/250,蛍光灯あり,60.003 fps,120,250,1,41,nagaoka_fireworks,min,I,12,,,frame_00000.png,frame_00119.png,QR未検出,120,1.999913
nagaoka_fireworks_I_12,lockin,0,0,QR未検出,,lockin,binary,,,29.997396,70,8,1,0.648747,,0.648747,frame_00000.png,frame_00119.png,r120_e250_f1.mp4,120 Hz,1/250,蛍光灯あり,60.003 fps,120,250,1,41,nagaoka_fireworks,min,I,12,,,frame_00000.png,frame_00119.png,QR未検出,120,1.999913
nagaoka_fireworks_I_12,lockin,0,0,QR未検出,,lockin,binary,,,29.997396,901,8,1,0.642233,,0.642233,frame_00000.png,frame_00119.png,r120_e250_f1.mp4,120 Hz,1/250,蛍光灯あり,60.003 fps,120,250,1,41,nagaoka_fireworks,min,I,12,,,frame_00000.png,frame_00119.png,QR未検出,120,1.999913
nagaoka_fireworks_I_12,lockin,0,0,QR未検出,,lockin,binary,,,29.997396,902,8,1,0.538552,,0.538552,frame_00000.png,frame_00119.png,r120_e250_f1.mp4,120 Hz,1/250,蛍光灯あり,60.003 fps,120,250,1,41,nagaoka_fireworks,min,I,12,,,frame_00000.png,frame_00119.png,QR未検出,120,1.999913
nagaoka_fireworks_I_4,lockin,0,0,QR未検出,,lockin,binary,,,10.002604,30,8,1,0.648699,,0.648699,frame_00000.png,frame_00119.png,r120_e250_f1.mp4,120 Hz,1/250,蛍光灯あり,60.003 fps,120,250,1,39,nagaoka_fireworks,min,I,4,,,frame_00000.png,frame_00119.png,QR未検出,120,1.999913
nagaoka_fireworks_I_4,lockin,0,0,QR未検出,,lockin,binary,,,10.002604,50,8,1,0.648747,,0.648747,frame_00000.png,frame_00119.png,r120_e250_f1.mp4,120 Hz,1/250,蛍光灯あり,60.003 fps,120,250,1,39,nagaoka_fireworks,min,I,4,,,frame_00000.png,frame_00119.png,QR未検出,120,1.999913
nagaoka_fireworks_I_4,lockin,0,0,QR未検出,,lockin,binary,,,10.002604,70,8,1,0.648747,,0.648747,frame_00000.png,frame_00119.png,r120_e250_f1.mp4,120 Hz,1/250,蛍光灯あり,60.003 fps,120,250,1,39,nagaoka_fireworks,min,I,4,,,frame_00000.png,frame_00119.png,QR未検出,120,1.999913
nagaoka_fireworks_I_4,lockin,0,0,QR未検出,,lockin,binary,,,10.002604,901,8,1,0.608336,,0.608336,frame_00000.png,frame_00119.png,r120_e250_f1.mp4,120 Hz,1/250,蛍光灯あり,60.003 fps,120,250,1,39,nagaoka_fireworks,min,I,4,,,frame_00000.png,frame_00119.png,QR未検出,120,1.999913
nagaoka_fireworks_I_4,lockin,0,0,QR未検出,,lockin,binary,,,10.002604,902,8,1,0.566250,,0.566250,frame_00000.png,frame_00119.png,r120_e250_f1.mp4,120 Hz,1/250,蛍光灯あり,60.003 fps,120,250,1,39,nagaoka_fireworks,min,I,4,,,frame_00000.png,frame_00119.png,QR未検出,120,1.999913
nagaoka_fireworks_I_4,lockin,1,0,QR未検出,,lockin,binary,,,15.000000,30,8,1,0.648747,,0.648747,frame_00000.png,frame_00119.png,r120_e250_f1.mp4,120 Hz,1/250,蛍光灯あり,60.003 fps,120,250,1,39,nagaoka_fireworks,min,I,4,,,frame_00000.png,frame_00119.png,QR未検出,120,1.999913
nagaoka_fireworks_I_4,lockin,0,0,QR未検出,,lockin,binary,,,15.000000,50,8,1,0.648747,,0.648747,frame_00000.png,frame_00119.png,r120_e250_f1.mp4,120 Hz,1/250,蛍光灯あり,60.003 fps,120,250,1,39,nagaoka_fireworks,min,I,4,,,frame_00000.png,frame_00119.png,QR未検出,120,1.999913
nagaoka_fireworks_I_4,lockin,0,0,QR未検出,,lockin,binary,,,15.000000,70,8,1,0.648747,,0.648747,frame_00000.png,frame_00119.png,r120_e250_f1.mp4,120 Hz,1/250,蛍光灯あり,60.003 fps,120,250,1,39,nagaoka_fireworks,min,I,4,,,frame_00000.png,frame_00119.png,QR未検出,120,1.999913
nagaoka_fireworks_I_4,lockin,0,0,QR未検出,,lockin,binary,,,15.000000,901,8,1,0.610723,,0.610723,frame_00000.png,frame_00119.png,r120_e250_f1.mp4,120 Hz,1/250,蛍光灯あり,60.003 fps,120,250,1,39,nagaoka_fireworks,min,I,4,,,frame_00000.png,frame_00119.png,QR未検出,120,1.999913
nagaoka_fireworks_I_4,lockin,0,0,QR未検出,,lockin,binary,,,15.000000,902,8,1,0.593938,,0.593938,frame_00000.png,frame_00119.png,r120_e250_f1.mp4,120 Hz,1/250,蛍光灯あり,60.003 fps,120,250,1,39,nagaoka_fireworks,min,I,4,,,frame_00000.png,frame_00119.png,QR未検出,120,1.999913
nagaoka_fireworks_I_4,lockin,0,0,QR未検出,,lockin,binary,,,29.997396,30,8,1,0.648461,,0.648461,frame_00000.png,frame_00119.png,r120_e250_f1.mp4,120 Hz,1/250,蛍光灯あり,60.003 fps,120,250,1,39,nagaoka_fireworks,min,I,4,,,frame_00000.png,frame_00119.png,QR未検出,120,1.999913
nagaoka_fireworks_I_4,lockin,0,0,QR未検出,,lockin,binary,,,29.997396,50,8,1,0.648734,,0.648734,frame_00000.png,frame_00119.png,r120_e250_f1.mp4,120 Hz,1/250,蛍光灯あり,60.003 fps,120,250,1,39,nagaoka_fireworks,min,I,4,,,frame_00000.png,frame_00119.png,QR未検出,120,1.999913
nagaoka_fireworks_I_4,lockin,0,0,QR未検出,,lockin,binary,,,29.997396,70,8,1,0.648747,,0.648747,frame_00000.png,frame_00119.png,r120_e250_f1.mp4,120 Hz,1/250,蛍光灯あり,60.003 fps,120,250,1,39,nagaoka_fireworks,min,I,4,,,frame_00000.png,frame_00119.png,QR未検出,120,1.999913
nagaoka_fireworks_I_4,lockin,0,0,QR未検出,,lockin,binary,,,29.997396,901,8,1,0.626491,,0.626491,frame_00000.png,frame_00119.png,r120_e250_f1.mp4,120 Hz,1/250,蛍光灯あり,60.003 fps,120,250,1,39,nagaoka_fireworks,min,I,4,,,frame_00000.png,frame_00119.png,QR未検出,120,1.999913
nagaoka_fireworks_I_4,lockin,0,0,QR未検出,,lockin,binary,,,29.997396,902,8,1,0.554934,,0.554934,frame_00000.png,frame_00119.png,r120_e250_f1.mp4,120 Hz,1/250,蛍光灯あり,60.003 fps,120,250,1,39,nagaoka_fireworks,min,I,4,,,frame_00000.png,frame_00119.png,QR未検出,120,1.999913
nagaoka_fireworks_I_8,lockin,0,0,QR未検出,,lockin,binary,,,10.002604,30,8,1,0.648472,,0.648472,frame_00000.png,frame_00119.png,r120_e250_f1.mp4,120 Hz,1/250,蛍光灯あり,60.003 fps,120,250,1,40,nagaoka_fireworks,min,I,8,,,frame_00000.png,frame_00119.png,QR未検出,120,1.999913
nagaoka_fireworks_I_8,lockin,0,0,QR未検出,,lockin,binary,,,10.002604,50,8,1,0.648761,,0.648761,frame_00000.png,frame_00119.png,r120_e250_f1.mp4,120 Hz,1/250,蛍光灯あり,60.003 fps,120,250,1,40,nagaoka_fireworks,min,I,8,,,frame_00000.png,frame_00119.png,QR未検出,120,1.999913
nagaoka_fireworks_I_8,lockin,0,0,QR未検出,,lockin,binary,,,10.002604,70,8,1,0.648747,,0.648747,frame_00000.png,frame_00119.png,r120_e250_f1.mp4,120 Hz,1/250,蛍光灯あり,60.003 fps,120,250,1,40,nagaoka_fireworks,min,I,8,,,frame_00000.png,frame_00119.png,QR未検出,120,1.999913
nagaoka_fireworks_I_8,lockin,0,0,QR未検出,,lockin,binary,,,10.002604,901,8,1,0.612093,,0.612093,frame_00000.png,frame_00119.png,r120_e250_f1.mp4,120 Hz,1/250,蛍光灯あり,60.003 fps,120,250,1,40,nagaoka_fireworks,min,I,8,,,frame_00000.png,frame_00119.png,QR未検出,120,1.999913
nagaoka_fireworks_I_8,lockin,0,0,QR未検出,,lockin,binary,,,10.002604,902,8,1,0.560913,,0.560913,frame_00000.png,frame_00119.png,r120_e250_f1.mp4,120 Hz,1/250,蛍光灯あり,60.003 fps,120,250,1,40,nagaoka_fireworks,min,I,8,,,frame_00000.png,frame_00119.png,QR未検出,120,1.999913
nagaoka_fireworks_I_8,lockin,0,0,QR未検出,,lockin,binary,,,15.000000,30,8,1,0.648293,,0.648293,frame_00000.png,frame_00119.png,r120_e250_f1.mp4,120 Hz,1/250,蛍光灯あり,60.003 fps,120,250,1,40,nagaoka_fireworks,min,I,8,,,frame_00000.png,frame_00119.png,QR未検出,120,1.999913
nagaoka_fireworks_I_8,lockin,0,0,QR未検出,,lockin,binary,,,15.000000,50,8,1,0.648747,,0.648747,frame_00000.png,frame_00119.png,r120_e250_f1.mp4,120 Hz,1/250,蛍光灯あり,60.003 fps,120,250,1,40,nagaoka_fireworks,min,I,8,,,frame_00000.png,frame_00119.png,QR未検出,120,1.999913
nagaoka_fireworks_I_8,lockin,0,0,QR未検出,,lockin,binary,,,15.000000,70,8,1,0.648747,,0.648747,frame_00000.png,frame_00119.png,r120_e250_f1.mp4,120 Hz,1/250,蛍光灯あり,60.003 fps,120,250,1,40,nagaoka_fireworks,min,I,8,,,frame_00000.png,frame_00119.png,QR未検出,120,1.999913
nagaoka_fireworks_I_8,lockin,0,0,QR未検出,,lockin,binary,,,15.000000,901,8,1,0.613765,,0.613765,frame_00000.png,frame_00119.png,r120_e250_f1.mp4,120 Hz,1/250,蛍光灯あり,60.003 fps,120,250,1,40,nagaoka_fireworks,min,I,8,,,frame_00000.png,frame_00119.png,QR未検出,120,1.999913
nagaoka_fireworks_I_8,lockin,0,0,QR未検出,,lockin,binary,,,15.000000,902,8,1,0.560831,,0.560831,frame_00000.png,frame_00119.png,r120_e250_f1.mp4,120 Hz,1/250,蛍光灯あり,60.003 fps,120,250,1,40,nagaoka_fireworks,min,I,8,,,frame_00000.png,frame_00119.png,QR未検出,120,1.999913
nagaoka_fireworks_I_8,lockin,1,0,QR未検出,,lockin,binary,,,29.997396,30,8,1,0.648869,,0.648869,frame_00000.png,frame_00119.png,r120_e250_f1.mp4,120 Hz,1/250,蛍光灯あり,60.003 fps,120,250,1,40,nagaoka_fireworks,min,I,8,,,frame_00000.png,frame_00119.png,QR未検出,120,1.999913
nagaoka_fireworks_I_8,lockin,0,0,QR未検出,,lockin,binary,,,29.997396,50,8,1,0.648775,,0.648775,frame_00000.png,frame_00119.png,r120_e250_f1.mp4,120 Hz,1/250,蛍光灯あり,60.003 fps,120,250,1,40,nagaoka_fireworks,min,I,8,,,frame_00000.png,frame_00119.png,QR未検出,120,1.999913
nagaoka_fireworks_I_8,lockin,0,0,QR未検出,,lockin,binary,,,29.997396,70,8,1,0.648747,,0.648747,frame_00000.png,frame_00119.png,r120_e250_f1.mp4,120 Hz,1/250,蛍光灯あり,60.003 fps,120,250,1,40,nagaoka_fireworks,min,I,8,,,frame_00000.png,frame_00119.png,QR未検出,120,1.999913
nagaoka_fireworks_I_8,lockin,0,0,QR未検出,,lockin,binary,,,29.997396,901,8,1,0.633577,,0.633577,frame_00000.png,frame_00119.png,r120_e250_f1.mp4,120 Hz,1/250,蛍光灯あり,60.003 fps,120,250,1,40,nagaoka_fireworks,min,I,8,,,frame_00000.png,frame_00119.png,QR未検出,120,1.999913
nagaoka_fireworks_I_8,lockin,0,0,QR未検出,,lockin,binary,,,29.997396,902,8,1,0.572489,,0.572489,frame_00000.png,frame_00119.png,r120_e250_f1.mp4,120 Hz,1/250,蛍光灯あり,60.003 fps,120,250,1,40,nagaoka_fireworks,min,I,8,,,frame_00000.png,frame_00119.png,QR未検出,120,1.999913
nagaoka_fireworks_R_12,lockin,0,0,QR未検出,,lockin,binary,,,10.002604,30,8,1,0.648684,,0.648684,frame_00000.png,frame_00119.png,r120_e250_f1.mp4,120 Hz,1/250,蛍光灯あり,60.003 fps,120,250,1,5,nagaoka_fireworks,R,R,12,,,frame_00000.png,frame_00119.png,QR未検出,120,1.999913
nagaoka_fireworks_R_12,lockin,1,0,QR未検出,,lockin,binary,,,10.002604,50,8,1,0.648747,,0.648747,frame_00000.png,frame_00119.png,r120_e250_f1.mp4,120 Hz,1/250,蛍光灯あり,60.003 fps,120,250,1,5,nagaoka_fireworks,R,R,12,,,frame_00000.png,frame_00119.png,QR未検出,120,1.999913
nagaoka_fireworks_R_12,lockin,0,0,QR未検出,,lockin,binary,,,10.002604,70,8,1,0.648747,,0.648747,frame_00000.png,frame_00119.png,r120_e250_f1.mp4,120 Hz,1/250,蛍光灯あり,60.003 fps,120,250,1,5,nagaoka_fireworks,R,R,12,,,frame_00000.png,frame_00119.png,QR未検出,120,1.999913
nagaoka_fireworks_R_12,lockin,0,0,QR未検出,,lockin,binary,,,10.002604,901,8,1,0.603672,,0.603672,frame_00000.png,frame_00119.png,r120_e250_f1.mp4,120 Hz,1/250,蛍光灯あり,60.003 fps,120,250,1,5,nagaoka_fireworks,R,R,12,,,frame_00000.png,frame_00119.png,QR未検出,120,1.999913
nagaoka_fireworks_R_12,lockin,0,0,QR未検出,,lockin,binary,,,10.002604,902,8,1,0.576615,,0.576615,frame_00000.png,frame_00119.png,r120_e250_f1.mp4,120 Hz,1/250,蛍光灯あり,60.003 fps,120,250,1,5,nagaoka_fireworks,R,R,12,,,frame_00000.png,frame_00119.png,QR未検出,120,1.999913
nagaoka_fireworks_R_12,lockin,0,0,QR未検出,,lockin,binary,,,15.000000,30,8,1,0.648461,,0.648461,frame_00000.png,frame_00119.png,r120_e250_f1.mp4,120 Hz,1/250,蛍光灯あり,60.003 fps,120,250,1,5,nagaoka_fireworks,R,R,12,,,frame_00000.png,frame_00119.png,QR未検出,120,1.999913
nagaoka_fireworks_R_12,lockin,0,0,QR未検出,,lockin,binary,,,15.000000,50,8,1,0.648586,,0.648586,frame_00000.png,frame_00119.png,r120_e250_f1.mp4,120 Hz,1/250,蛍光灯あり,60.003 fps,120,250,1,5,nagaoka_fireworks,R,R,12,,,frame_00000.png,frame_00119.png,QR未検出,120,1.999913
nagaoka_fireworks_R_12,lockin,0,0,QR未検出,,lockin,binary,,,15.000000,70,8,1,0.648628,,0.648628,frame_00000.png,frame_00119.png,r120_e250_f1.mp4,120 Hz,1/250,蛍光灯あり,60.003 fps,120,250,1,5,nagaoka_fireworks,R,R,12,,,frame_00000.png,frame_00119.png,QR未検出,120,1.999913
nagaoka_fireworks_R_12,lockin,0,0,QR未検出,,lockin,binary,,,15.000000,901,8,1,0.609970,,0.609970,frame_00000.png,frame_00119.png,r120_e250_f1.mp4,120 Hz,1/250,蛍光灯あり,60.003 fps,120,250,1,5,nagaoka_fireworks,R,R,12,,,frame_00000.png,frame_00119.png,QR未検出,120,1.999913
nagaoka_fireworks_R_12,lockin,0,0,QR未検出,,lockin,binary,,,15.000000,902,8,1,0.588143,,0.588143,frame_00000.png,frame_00119.png,r120_e250_f1.mp4,120 Hz,1/250,蛍光灯あり,60.003 fps,120,250,1,5,nagaoka_fireworks,R,R,12,,,frame_00000.png,frame_00119.png,QR未検出,120,1.999913
nagaoka_fireworks_R_12,lockin,0,0,QR未検出,,lockin,binary,,,29.997396,30,8,1,0.648640,,0.648640,frame_00000.png,frame_00119.png,r120_e250_f1.mp4,120 Hz,1/250,蛍光灯あり,60.003 fps,120,250,1,5,nagaoka_fireworks,R,R,12,,,frame_00000.png,frame_00119.png,QR未検出,120,1.999913
nagaoka_fireworks_R_12,lockin,0,0,QR未検出,,lockin,binary,,,29.997396,50,8,1,0.648670,,0.648670,frame_00000.png,frame_00119.png,r120_e250_f1.mp4,120 Hz,1/250,蛍光灯あり,60.003 fps,120,250,1,5,nagaoka_fireworks,R,R,12,,,frame_00000.png,frame_00119.png,QR未検出,120,1.999913
nagaoka_fireworks_R_12,lockin,0,0,QR未検出,,lockin,binary,,,29.997396,70,8,1,0.648671,,0.648671,frame_00000.png,frame_00119.png,r120_e250_f1.mp4,120 Hz,1/250,蛍光灯あり,60.003 fps,120,250,1,5,nagaoka_fireworks,R,R,12,,,frame_00000.png,frame_00119.png,QR未検出,120,1.999913
nagaoka_fireworks_R_12,lockin,0,0,QR未検出,,lockin,binary,,,29.997396,901,8,1,0.621744,,0.621744,frame_00000.png,frame_00119.png,r120_e250_f1.mp4,120 Hz,1/250,蛍光灯あり,60.003 fps,120,250,1,5,nagaoka_fireworks,R,R,12,,,frame_00000.png,frame_00119.png,QR未検出,120,1.999913
nagaoka_fireworks_R_12,lockin,0,0,QR未検出,,lockin,binary,,,29.997396,902,8,1,0.613186,,0.613186,frame_00000.png,frame_00119.png,r120_e250_f1.mp4,120 Hz,1/250,蛍光灯あり,60.003 fps,120,250,1,5,nagaoka_fireworks,R,R,12,,,frame_00000.png,frame_00119.png,QR未検出,120,1.999913
nagaoka_fireworks_R_4,lockin,0,0,QR未検出,,lockin,binary,,,10.002604,30,8,1,0.648638,,0.648638,frame_00000.png,frame_00119.png,r120_e250_f1.mp4,120 Hz,1/250,蛍光灯あり,60.003 fps,120,250,1,3,nagaoka_fireworks,R,R,4,,,frame_00000.png,frame_00119.png,QR未検出,120,1.999913
nagaoka_fireworks_R_4,lockin,0,0,QR未検出,,lockin,binary,,,10.002604,50,8,1,0.648726,,0.648726,frame_00000.png,frame_00119.png,r120_e250_f1.mp4,120 Hz,1/250,蛍光灯あり,60.003 fps,120,250,1,3,nagaoka_fireworks,R,R,4,,,frame_00000.png,frame_00119.png,QR未検出,120,1.999913
nagaoka_fireworks_R_4,lockin,0,0,QR未検出,,lockin,binary,,,10.002604,70,8,1,0.648747,,0.648747,frame_00000.png,frame_00119.png,r120_e250_f1.mp4,120 Hz,1/250,蛍光灯あり,60.003 fps,120,250,1,3,nagaoka_fireworks,R,R,4,,,frame_00000.png,frame_00119.png,QR未検出,120,1.999913
nagaoka_fireworks_R_4,lockin,0,0,QR未検出,,lockin,binary,,,10.002604,901,8,1,0.609116,,0.609116,frame_00000.png,frame_00119.png,r120_e250_f1.mp4,120 Hz,1/250,蛍光灯あり,60.003 fps,120,250,1,3,nagaoka_fireworks,R,R,4,,,frame_00000.png,frame_00119.png,QR未検出,120,1.999913
nagaoka_fireworks_R_4,lockin,0,0,QR未検出,,lockin,binary,,,10.002604,902,8,1,0.577134,,0.577134,frame_00000.png,frame_00119.png,r120_e250_f1.mp4,120 Hz,1/250,蛍光灯あり,60.003 fps,120,250,1,3,nagaoka_fireworks,R,R,4,,,frame_00000.png,frame_00119.png,QR未検出,120,1.999913
nagaoka_fireworks_R_4,lockin,0,0,QR未検出,,lockin,binary,,,15.000000,30,8,1,0.648605,,0.648605,frame_00000.png,frame_00119.png,r120_e250_f1.mp4,120 Hz,1/250,蛍光灯あり,60.003 fps,120,250,1,3,nagaoka_fireworks,R,R,4,,,frame_00000.png,frame_00119.png,QR未検出,120,1.999913
nagaoka_fireworks_R_4,lockin,1,0,QR未検出,,lockin,binary,,,15.000000,50,8,1,0.648747,,0.648747,frame_00000.png,frame_00119.png,r120_e250_f1.mp4,120 Hz,1/250,蛍光灯あり,60.003 fps,120,250,1,3,nagaoka_fireworks,R,R,4,,,frame_00000.png,frame_00119.png,QR未検出,120,1.999913
nagaoka_fireworks_R_4,lockin,0,0,QR未検出,,lockin,binary,,,15.000000,70,8,1,0.648747,,0.648747,frame_00000.png,frame_00119.png,r120_e250_f1.mp4,120 Hz,1/250,蛍光灯あり,60.003 fps,120,250,1,3,nagaoka_fireworks,R,R,4,,,frame_00000.png,frame_00119.png,QR未検出,120,1.999913
nagaoka_fireworks_R_4,lockin,0,0,QR未検出,,lockin,binary,,,15.000000,901,8,1,0.610060,,0.610060,frame_00000.png,frame_00119.png,r120_e250_f1.mp4,120 Hz,1/250,蛍光灯あり,60.003 fps,120,250,1,3,nagaoka_fireworks,R,R,4,,,frame_00000.png,frame_00119.png,QR未検出,120,1.999913
nagaoka_fireworks_R_4,lockin,0,0,QR未検出,,lockin,binary,,,15.000000,902,8,1,0.574760,,0.574760,frame_00000.png,frame_00119.png,r120_e250_f1.mp4,120 Hz,1/250,蛍光灯あり,60.003 fps,120,250,1,3,nagaoka_fireworks,R,R,4,,,frame_00000.png,frame_00119.png,QR未検出,120,1.999913
nagaoka_fireworks_R_4,lockin,0,0,QR未検出,,lockin,binary,,,29.997396,30,8,1,0.648715,,0.648715,frame_00000.png,frame_00119.png,r120_e250_f1.mp4,120 Hz,1/250,蛍光灯あり,60.003 fps,120,250,1,3,nagaoka_fireworks,R,R,4,,,frame_00000.png,frame_00119.png,QR未検出,120,1.999913
nagaoka_fireworks_R_4,lockin,0,0,QR未検出,,lockin,binary,,,29.997396,50,8,1,0.648670,,0.648670,frame_00000.png,frame_00119.png,r120_e250_f1.mp4,120 Hz,1/250,蛍光灯あり,60.003 fps,120,250,1,3,nagaoka_fireworks,R,R,4,,,frame_00000.png,frame_00119.png,QR未検出,120,1.999913
nagaoka_fireworks_R_4,lockin,0,0,QR未検出,,lockin,binary,,,29.997396,70,8,1,0.648677,,0.648677,frame_00000.png,frame_00119.png,r120_e250_f1.mp4,120 Hz,1/250,蛍光灯あり,60.003 fps,120,250,1,3,nagaoka_fireworks,R,R,4,,,frame_00000.png,frame_00119.png,QR未検出,120,1.999913
nagaoka_fireworks_R_4,lockin,0,0,QR未検出,,lockin,binary,,,29.997396,901,8,1,0.632566,,0.632566,frame_00000.png,frame_00119.png,r120_e250_f1.mp4,120 Hz,1/250,蛍光灯あり,60.003 fps,120,250,1,3,nagaoka_fireworks,R,R,4,,,frame_00000.png,frame_00119.png,QR未検出,120,1.999913
nagaoka_fireworks_R_4,lockin,0,0,QR未検出,,lockin,binary,,,29.997396,902,8,1,0.557982,,0.557982,frame_00000.png,frame_00119.png,r120_e250_f1.mp4,120 Hz,1/250,蛍光灯あり,60.003 fps,120,250,1,3,nagaoka_fireworks,R,R,4,,,frame_00000.png,frame_00119.png,QR未検出,120,1.999913
nagaoka_fireworks_R_8,lockin,0,0,QR未検出,,lockin,binary,,,10.002604,30,8,1,0.648325,,0.648325,frame_00000.png,frame_00119.png,r120_e250_f1.mp4,120 Hz,1/250,蛍光灯あり,60.003 fps,120,250,1,4,nagaoka_fireworks,R,R,8,,,frame_00000.png,frame_00119.png,QR未検出,120,1.999913
nagaoka_fireworks_R_8,lockin,0,0,QR未検出,,lockin,binary,,,10.002604,50,8,1,0.648649,,0.648649,frame_00000.png,frame_00119.png,r120_e250_f1.mp4,120 Hz,1/250,蛍光灯あり,60.003 fps,120,250,1,4,nagaoka_fireworks,R,R,8,,,frame_00000.png,frame_00119.png,QR未検出,120,1.999913
nagaoka_fireworks_R_8,lockin,0,0,QR未検出,,lockin,binary,,,10.002604,70,8,1,0.648685,,0.648685,frame_00000.png,frame_00119.png,r120_e250_f1.mp4,120 Hz,1/250,蛍光灯あり,60.003 fps,120,250,1,4,nagaoka_fireworks,R,R,8,,,frame_00000.png,frame_00119.png,QR未検出,120,1.999913
nagaoka_fireworks_R_8,lockin,0,0,QR未検出,,lockin,binary,,,10.002604,901,8,1,0.602212,,0.602212,frame_00000.png,frame_00119.png,r120_e250_f1.mp4,120 Hz,1/250,蛍光灯あり,60.003 fps,120,250,1,4,nagaoka_fireworks,R,R,8,,,frame_00000.png,frame_00119.png,QR未検出,120,1.999913
nagaoka_fireworks_R_8,lockin,0,0,QR未検出,,lockin,binary,,,10.002604,902,8,1,0.572380,,0.572380,frame_00000.png,frame_00119.png,r120_e250_f1.mp4,120 Hz,1/250,蛍光灯あり,60.003 fps,120,250,1,4,nagaoka_fireworks,R,R,8,,,frame_00000.png,frame_00119.png,QR未検出,120,1.999913
nagaoka_fireworks_R_8,lockin,0,0,QR未検出,,lockin,binary,,,15.000000,30,8,1,0.648454,,0.648454,frame_00000.png,frame_00119.png,r120_e250_f1.mp4,120 Hz,1/250,蛍光灯あり,60.003 fps,120,250,1,4,nagaoka_fireworks,R,R,8,,,frame_00000.png,frame_00119.png,QR未検出,120,1.999913
nagaoka_fireworks_R_8,lockin,0,0,QR未検出,,lockin,binary,,,15.000000,50,8,1,0.648671,,0.648671,frame_00000.png,frame_00119.png,r120_e250_f1.mp4,120 Hz,1/250,蛍光灯あり,60.003 fps,120,250,1,4,nagaoka_fireworks,R,R,8,,,frame_00000.png,frame_00119.png,QR未検出,120,1.999913
nagaoka_fireworks_R_8,lockin,0,0,QR未検出,,lockin,binary,,,15.000000,70,8,1,0.648736,,0.648736,frame_00000.png,frame_00119.png,r120_e250_f1.mp4,120 Hz,1/250,蛍光灯あり,60.003 fps,120,250,1,4,nagaoka_fireworks,R,R,8,,,frame_00000.png,frame_00119.png,QR未検出,120,1.999913
nagaoka_fireworks_R_8,lockin,0,0,QR未検出,,lockin,binary,,,15.000000,901,8,1,0.609006,,0.609006,frame_00000.png,frame_00119.png,r120_e250_f1.mp4,120 Hz,1/250,蛍光灯あり,60.003 fps,120,250,1,4,nagaoka_fireworks,R,R,8,,,frame_00000.png,frame_00119.png,QR未検出,120,1.999913
nagaoka_fireworks_R_8,lockin,0,0,QR未検出,,lockin,binary,,,15.000000,902,8,1,0.563223,,0.563223,frame_00000.png,frame_00119.png,r120_e250_f1.mp4,120 Hz,1/250,蛍光灯あり,60.003 fps,120,250,1,4,nagaoka_fireworks,R,R,8,,,frame_00000.png,frame_00119.png,QR未検出,120,1.999913
nagaoka_fireworks_R_8,lockin,0,0,QR未検出,,lockin,binary,,,29.997396,30,8,1,0.648736,,0.648736,frame_00000.png,frame_00119.png,r120_e250_f1.mp4,120 Hz,1/250,蛍光灯あり,60.003 fps,120,250,1,4,nagaoka_fireworks,R,R,8,,,frame_00000.png,frame_00119.png,QR未検出,120,1.999913
nagaoka_fireworks_R_8,lockin,1,0,QR未検出,,lockin,binary,,,29.997396,50,8,1,0.648747,,0.648747,frame_00000.png,frame_00119.png,r120_e250_f1.mp4,120 Hz,1/250,蛍光灯あり,60.003 fps,120,250,1,4,nagaoka_fireworks,R,R,8,,,frame_00000.png,frame_00119.png,QR未検出,120,1.999913
nagaoka_fireworks_R_8,lockin,0,0,QR未検出,,lockin,binary,,,29.997396,70,8,1,0.648747,,0.648747,frame_00000.png,frame_00119.png,r120_e250_f1.mp4,120 Hz,1/250,蛍光灯あり,60.003 fps,120,250,1,4,nagaoka_fireworks,R,R,8,,,frame_00000.png,frame_00119.png,QR未検出,120,1.999913
nagaoka_fireworks_R_8,lockin,0,0,QR未検出,,lockin,binary,,,29.997396,901,8,1,0.627731,,0.627731,frame_00000.png,frame_00119.png,r120_e250_f1.mp4,120 Hz,1/250,蛍光灯あり,60.003 fps,120,250,1,4,nagaoka_fireworks,R,R,8,,,frame_00000.png,frame_00119.png,QR未検出,120,1.999913
nagaoka_fireworks_R_8,lockin,0,0,QR未検出,,lockin,binary,,,29.997396,902,8,1,0.592797,,0.592797,frame_00000.png,frame_00119.png,r120_e250_f1.mp4,120 Hz,1/250,蛍光灯あり,60.003 fps,120,250,1,4,nagaoka_fireworks,R,R,8,,,frame_00000.png,frame_00119.png,QR未検出,120,1.999913
nagaoka_fireworks_X_12,lockin,0,0,QR未検出,,lockin,binary,,,10.002604,30,8,1,0.648677,,0.648677,frame_00000.png,frame_00119.png,r120_e250_f1.mp4,120 Hz,1/250,蛍光灯あり,60.003 fps,120,250,1,53,nagaoka_fireworks,max,X,12,,,frame_00000.png,frame_00119.png,QR未検出,120,1.999913
nagaoka_fireworks_X_12,lockin,0,0,QR未検出,,lockin,binary,,,10.002604,50,8,1,0.648675,,0.648675,frame_00000.png,frame_00119.png,r120_e250_f1.mp4,120 Hz,1/250,蛍光灯あり,60.003 fps,120,250,1,53,nagaoka_fireworks,max,X,12,,,frame_00000.png,frame_00119.png,QR未検出,120,1.999913
nagaoka_fireworks_X_12,lockin,0,0,QR未検出,,lockin,binary,,,10.002604,70,8,1,0.648747,,0.648747,frame_00000.png,frame_00119.png,r120_e250_f1.mp4,120 Hz,1/250,蛍光灯あり,60.003 fps,120,250,1,53,nagaoka_fireworks,max,X,12,,,frame_00000.png,frame_00119.png,QR未検出,120,1.999913
nagaoka_fireworks_X_12,lockin,0,0,QR未検出,,lockin,binary,,,10.002604,901,8,1,0.633932,,0.633932,frame_00000.png,frame_00119.png,r120_e250_f1.mp4,120 Hz,1/250,蛍光灯あり,60.003 fps,120,250,1,53,nagaoka_fireworks,max,X,12,,,frame_00000.png,frame_00119.png,QR未検出,120,1.999913
nagaoka_fireworks_X_12,lockin,0,0,QR未検出,,lockin,binary,,,10.002604,902,8,1,0.560162,,0.560162,frame_00000.png,frame_00119.png,r120_e250_f1.mp4,120 Hz,1/250,蛍光灯あり,60.003 fps,120,250,1,53,nagaoka_fireworks,max,X,12,,,frame_00000.png,frame_00119.png,QR未検出,120,1.999913
nagaoka_fireworks_X_12,lockin,1,0,QR未検出,,lockin,binary,,,15.000000,30,8,1,0.648789,,0.648789,frame_00000.png,frame_00119.png,r120_e250_f1.mp4,120 Hz,1/250,蛍光灯あり,60.003 fps,120,250,1,53,nagaoka_fireworks,max,X,12,,,frame_00000.png,frame_00119.png,QR未検出,120,1.999913
nagaoka_fireworks_X_12,lockin,0,0,QR未検出,,lockin,binary,,,15.000000,50,8,1,0.648747,,0.648747,frame_00000.png,frame_00119.png,r120_e250_f1.mp4,120 Hz,1/250,蛍光灯あり,60.003 fps,120,250,1,53,nagaoka_fireworks,max,X,12,,,frame_00000.png,frame_00119.png,QR未検出,120,1.999913
nagaoka_fireworks_X_12,lockin,0,0,QR未検出,,lockin,binary,,,15.000000,70,8,1,0.648747,,0.648747,frame_00000.png,frame_00119.png,r120_e250_f1.mp4,120 Hz,1/250,蛍光灯あり,60.003 fps,120,250,1,53,nagaoka_fireworks,max,X,12,,,frame_00000.png,frame_00119.png,QR未検出,120,1.999913
nagaoka_fireworks_X_12,lockin,0,0,QR未検出,,lockin,binary,,,15.000000,901,8,1,0.638957,,0.638957,frame_00000.png,frame_00119.png,r120_e250_f1.mp4,120 Hz,1/250,蛍光灯あり,60.003 fps,120,250,1,53,nagaoka_fireworks,max,X,12,,,frame_00000.png,frame_00119.png,QR未検出,120,1.999913
nagaoka_fireworks_X_12,lockin,0,0,QR未検出,,lockin,binary,,,15.000000,902,8,1,0.597310,,0.597310,frame_00000.png,frame_00119.png,r120_e250_f1.mp4,120 Hz,1/250,蛍光灯あり,60.003 fps,120,250,1,53,nagaoka_fireworks,max,X,12,,,frame_00000.png,frame_00119.png,QR未検出,120,1.999913
nagaoka_fireworks_X_12,lockin,0,0,QR未検出,,lockin,binary,,,29.997396,30,8,1,0.648598,,0.648598,frame_00000.png,frame_00119.png,r120_e250_f1.mp4,120 Hz,1/250,蛍光灯あり,60.003 fps,120,250,1,53,nagaoka_fireworks,max,X,12,,,frame_00000.png,frame_00119.png,QR未検出,120,1.999913
nagaoka_fireworks_X_12,lockin,0,0,QR未検出,,lockin,binary,,,29.997396,50,8,1,0.648747,,0.648747,frame_00000.png,frame_00119.png,r120_e250_f1.mp4,120 Hz,1/250,蛍光灯あり,60.003 fps,120,250,1,53,nagaoka_fireworks,max,X,12,,,frame_00000.png,frame_00119.png,QR未検出,120,1.999913
nagaoka_fireworks_X_12,lockin,0,0,QR未検出,,lockin,binary,,,29.997396,70,8,1,0.648747,,0.648747,frame_00000.png,frame_00119.png,r120_e250_f1.mp4,120 Hz,1/250,蛍光灯あり,60.003 fps,120,250,1,53,nagaoka_fireworks,max,X,12,,,frame_00000.png,frame_00119.png,QR未検出,120,1.999913
nagaoka_fireworks_X_12,lockin,0,0,QR未検出,,lockin,binary,,,29.997396,901,8,1,0.647084,,0.647084,frame_00000.png,frame_00119.png,r120_e250_f1.mp4,120 Hz,1/250,蛍光灯あり,60.003 fps,120,250,1,53,nagaoka_fireworks,max,X,12,,,frame_00000.png,frame_00119.png,QR未検出,120,1.999913
nagaoka_fireworks_X_12,lockin,0,0,QR未検出,,lockin,binary,,,29.997396,902,8,1,0.571869,,0.571869,frame_00000.png,frame_00119.png,r120_e250_f1.mp4,120 Hz,1/250,蛍光灯あり,60.003 fps,120,250,1,53,nagaoka_fireworks,max,X,12,,,frame_00000.png,frame_00119.png,QR未検出,120,1.999913
nagaoka_fireworks_X_4,lockin,0,0,QR未検出,,lockin,binary,,,10.002604,30,8,1,0.648708,,0.648708,frame_00000.png,frame_00119.png,r120_e250_f1.mp4,120 Hz,1/250,蛍光灯あり,60.003 fps,120,250,1,51,nagaoka_fireworks,max,X,4,,,frame_00000.png,frame_00119.png,QR未検出,120,1.999913
nagaoka_fireworks_X_4,lockin,1,0,QR未検出,,lockin,binary,,,10.002604,50,8,1,0.648747,,0.648747,frame_00000.png,frame_00119.png,r120_e250_f1.mp4,120 Hz,1/250,蛍光灯あり,60.003 fps,120,250,1,51,nagaoka_fireworks,max,X,4,,,frame_00000.png,frame_00119.png,QR未検出,120,1.999913
nagaoka_fireworks_X_4,lockin,0,0,QR未検出,,lockin,binary,,,10.002604,70,8,1,0.648747,,0.648747,frame_00000.png,frame_00119.png,r120_e250_f1.mp4,120 Hz,1/250,蛍光灯あり,60.003 fps,120,250,1,51,nagaoka_fireworks,max,X,4,,,frame_00000.png,frame_00119.png,QR未検出,120,1.999913
nagaoka_fireworks_X_4,lockin,0,0,QR未検出,,lockin,binary,,,10.002604,901,8,1,0.612518,,0.612518,frame_00000.png,frame_00119.png,r120_e250_f1.mp4,120 Hz,1/250,蛍光灯あり,60.003 fps,120,250,1,51,nagaoka_fireworks,max,X,4,,,frame_00000.png,frame_00119.png,QR未検出,120,1.999913
nagaoka_fireworks_X_4,lockin,0,0,QR未検出,,lockin,binary,,,10.002604,902,8,1,0.573344,,0.573344,frame_00000.png,frame_00119.png,r120_e250_f1.mp4,120 Hz,1/250,蛍光灯あり,60.003 fps,120,250,1,51,nagaoka_fireworks,max,X,4,,,frame_00000.png,frame_00119.png,QR未検出,120,1.999913
nagaoka_fireworks_X_4,lockin,0,0,QR未検出,,lockin,binary,,,15.000000,30,8,1,0.648682,,0.648682,frame_00000.png,frame_00119.png,r120_e250_f1.mp4,120 Hz,1/250,蛍光灯あり,60.003 fps,120,250,1,51,nagaoka_fireworks,max,X,4,,,frame_00000.png,frame_00119.png,QR未検出,120,1.999913
nagaoka_fireworks_X_4,lockin,0,0,QR未検出,,lockin,binary,,,15.000000,50,8,1,0.648747,,0.648747,frame_00000.png,frame_00119.png,r120_e250_f1.mp4,120 Hz,1/250,蛍光灯あり,60.003 fps,120,250,1,51,nagaoka_fireworks,max,X,4,,,frame_00000.png,frame_00119.png,QR未検出,120,1.999913
nagaoka_fireworks_X_4,lockin,0,0,QR未検出,,lockin,binary,,,15.000000,70,8,1,0.648747,,0.648747,frame_00000.png,frame_00119.png,r120_e250_f1.mp4,120 Hz,1/250,蛍光灯あり,60.003 fps,120,250,1,51,nagaoka_fireworks,max,X,4,,,frame_00000.png,frame_00119.png,QR未検出,120,1.999913
nagaoka_fireworks_X_4,lockin,0,0,QR未検出,,lockin,binary,,,15.000000,901,8,1,0.614502,,0.614502,frame_00000.png,frame_00119.png,r120_e250_f1.mp4,120 Hz,1/250,蛍光灯あり,60.003 fps,120,250,1,51,nagaoka_fireworks,max,X,4,,,frame_00000.png,frame_00119.png,QR未検出,120,1.999913
nagaoka_fireworks_X_4,lockin,0,0,QR未検出,,lockin,binary,,,15.000000,902,8,1,0.583657,,0.583657,frame_00000.png,frame_00119.png,r120_e250_f1.mp4,120 Hz,1/250,蛍光灯あり,60.003 fps,120,250,1,51,nagaoka_fireworks,max,X,4,,,frame_00000.png,frame_00119.png,QR未検出,120,1.999913
nagaoka_fireworks_X_4,lockin,0,0,QR未検出,,lockin,binary,,,29.997396,30,8,1,0.648733,,0.648733,frame_00000.png,frame_00119.png,r120_e250_f1.mp4,120 Hz,1/250,蛍光灯あり,60.003 fps,120,250,1,51,nagaoka_fireworks,max,X,4,,,frame_00000.png,frame_00119.png,QR未検出,120,1.999913
nagaoka_fireworks_X_4,lockin,0,0,QR未検出,,lockin,binary,,,29.997396,50,8,1,0.648747,,0.648747,frame_00000.png,frame_00119.png,r120_e250_f1.mp4,120 Hz,1/250,蛍光灯あり,60.003 fps,120,250,1,51,nagaoka_fireworks,max,X,4,,,frame_00000.png,frame_00119.png,QR未検出,120,1.999913
nagaoka_fireworks_X_4,lockin,0,0,QR未検出,,lockin,binary,,,29.997396,70,8,1,0.648747,,0.648747,frame_00000.png,frame_00119.png,r120_e250_f1.mp4,120 Hz,1/250,蛍光灯あり,60.003 fps,120,250,1,51,nagaoka_fireworks,max,X,4,,,frame_00000.png,frame_00119.png,QR未検出,120,1.999913
nagaoka_fireworks_X_4,lockin,0,0,QR未検出,,lockin,binary,,,29.997396,901,8,1,0.630067,,0.630067,frame_00000.png,frame_00119.png,r120_e250_f1.mp4,120 Hz,1/250,蛍光灯あり,60.003 fps,120,250,1,51,nagaoka_fireworks,max,X,4,,,frame_00000.png,frame_00119.png,QR未検出,120,1.999913
nagaoka_fireworks_X_4,lockin,0,0,QR未検出,,lockin,binary,,,29.997396,902,8,1,0.574001,,0.574001,frame_00000.png,frame_00119.png,r120_e250_f1.mp4,120 Hz,1/250,蛍光灯あり,60.003 fps,120,250,1,51,nagaoka_fireworks,max,X,4,,,frame_00000.png,frame_00119.png,QR未検出,120,1.999913
nagaoka_fireworks_X_8,lockin,0,0,QR未検出,,lockin,binary,,,10.002604,30,8,1,0.648031,,0.648031,frame_00000.png,frame_00119.png,r120_e250_f1.mp4,120 Hz,1/250,蛍光灯あり,60.003 fps,120,250,1,52,nagaoka_fireworks,max,X,8,,,frame_00000.png,frame_00119.png,QR未検出,120,1.999913
nagaoka_fireworks_X_8,lockin,0,0,QR未検出,,lockin,binary,,,10.002604,50,8,1,0.648572,,0.648572,frame_00000.png,frame_00119.png,r120_e250_f1.mp4,120 Hz,1/250,蛍光灯あり,60.003 fps,120,250,1,52,nagaoka_fireworks,max,X,8,,,frame_00000.png,frame_00119.png,QR未検出,120,1.999913
nagaoka_fireworks_X_8,lockin,0,0,QR未検出,,lockin,binary,,,10.002604,70,8,1,0.648677,,0.648677,frame_00000.png,frame_00119.png,r120_e250_f1.mp4,120 Hz,1/250,蛍光灯あり,60.003 fps,120,250,1,52,nagaoka_fireworks,max,X,8,,,frame_00000.png,frame_00119.png,QR未検出,120,1.999913
nagaoka_fireworks_X_8,lockin,0,0,QR未検出,,lockin,binary,,,10.002604,901,8,1,0.617718,,0.617718,frame_00000.png,frame_00119.png,r120_e250_f1.mp4,120 Hz,1/250,蛍光灯あり,60.003 fps,120,250,1,52,nagaoka_fireworks,max,X,8,,,frame_00000.png,frame_00119.png,QR未検出,120,1.999913
nagaoka_fireworks_X_8,lockin,0,0,QR未検出,,lockin,binary,,,10.002604,902,8,1,0.548741,,0.548741,frame_00000.png,frame_00119.png,r120_e250_f1.mp4,120 Hz,1/250,蛍光灯あり,60.003 fps,120,250,1,52,nagaoka_fireworks,max,X,8,,,frame_00000.png,frame_00119.png,QR未検出,120,1.999913
nagaoka_fireworks_X_8,lockin,0,0,QR未検出,,lockin,binary,,,15.000000,30,8,1,0.648647,,0.648647,frame_00000.png,frame_00119.png,r120_e250_f1.mp4,120 Hz,1/250,蛍光灯あり,60.003 fps,120,250,1,52,nagaoka_fireworks,max,X,8,,,frame_00000.png,frame_00119.png,QR未検出,120,1.999913
nagaoka_fireworks_X_8,lockin,1,0,QR未検出,,lockin,binary,,,15.000000,50,8,1,0.648747,,0.648747,frame_00000.png,frame_00119.png,r120_e250_f1.mp4,120 Hz,1/250,蛍光灯あり,60.003 fps,120,250,1,52,nagaoka_fireworks,max,X,8,,,frame_00000.png,frame_00119.png,QR未検出,120,1.999913
nagaoka_fireworks_X_8,lockin,0,0,QR未検出,,lockin,binary,,,15.000000,70,8,1,0.648747,,0.648747,frame_00000.png,frame_00119.png,r120_e250_f1.mp4,120 Hz,1/250,蛍光灯あり,60.003 fps,120,250,1,52,nagaoka_fireworks,max,X,8,,,frame_00000.png,frame_00119.png,QR未検出,120,1.999913
nagaoka_fireworks_X_8,lockin,0,0,QR未検出,,lockin,binary,,,15.000000,901,8,1,0.619858,,0.619858,frame_00000.png,frame_00119.png,r120_e250_f1.mp4,120 Hz,1/250,蛍光灯あり,60.003 fps,120,250,1,52,nagaoka_fireworks,max,X,8,,,frame_00000.png,frame_00119.png,QR未検出,120,1.999913
nagaoka_fireworks_X_8,lockin,0,0,QR未検出,,lockin,binary,,,15.000000,902,8,1,0.588794,,0.588794,frame_00000.png,frame_00119.png,r120_e250_f1.mp4,120 Hz,1/250,蛍光灯あり,60.003 fps,120,250,1,52,nagaoka_fireworks,max,X,8,,,frame_00000.png,frame_00119.png,QR未検出,120,1.999913
nagaoka_fireworks_X_8,lockin,0,0,QR未検出,,lockin,binary,,,29.997396,30,8,1,0.648510,,0.648510,frame_00000.png,frame_00119.png,r120_e250_f1.mp4,120 Hz,1/250,蛍光灯あり,60.003 fps,120,250,1,52,nagaoka_fireworks,max,X,8,,,frame_00000.png,frame_00119.png,QR未検出,120,1.999913
nagaoka_fireworks_X_8,lockin,0,0,QR未検出,,lockin,binary,,,29.997396,50,8,1,0.648740,,0.648740,frame_00000.png,frame_00119.png,r120_e250_f1.mp4,120 Hz,1/250,蛍光灯あり,60.003 fps,120,250,1,52,nagaoka_fireworks,max,X,8,,,frame_00000.png,frame_00119.png,QR未検出,120,1.999913
nagaoka_fireworks_X_8,lockin,0,0,QR未検出,,lockin,binary,,,29.997396,70,8,1,0.648747,,0.648747,frame_00000.png,frame_00119.png,r120_e250_f1.mp4,120 Hz,1/250,蛍光灯あり,60.003 fps,120,250,1,52,nagaoka_fireworks,max,X,8,,,frame_00000.png,frame_00119.png,QR未検出,120,1.999913
nagaoka_fireworks_X_8,lockin,0,0,QR未検出,,lockin,binary,,,29.997396,901,8,1,0.636310,,0.636310,frame_00000.png,frame_00119.png,r120_e250_f1.mp4,120 Hz,1/250,蛍光灯あり,60.003 fps,120,250,1,52,nagaoka_fireworks,max,X,8,,,frame_00000.png,frame_00119.png,QR未検出,120,1.999913
nagaoka_fireworks_X_8,lockin,0,0,QR未検出,,lockin,binary,,,29.997396,902,8,1,0.553304,,0.553304,frame_00000.png,frame_00119.png,r120_e250_f1.mp4,120 Hz,1/250,蛍光灯あり,60.003 fps,120,250,1,52,nagaoka_fireworks,max,X,8,,,frame_00000.png,frame_00119.png,QR未検出,120,1.999913
rice_B_12,lockin,0,0,QR未検出,,lockin,binary,,,10.002604,30,8,1,0.648265,,0.648265,frame_00000.png,frame_00119.png,r120_e250_f1.mp4,120 Hz,1/250,蛍光灯あり,60.003 fps,120,250,1,26,rice,B,B,12,,,frame_00000.png,frame_00119.png,QR未検出,120,1.999913
rice_B_12,lockin,0,0,QR未検出,,lockin,binary,,,10.002604,50,8,1,0.648677,,0.648677,frame_00000.png,frame_00119.png,r120_e250_f1.mp4,120 Hz,1/250,蛍光灯あり,60.003 fps,120,250,1,26,rice,B,B,12,,,frame_00000.png,frame_00119.png,QR未検出,120,1.999913
rice_B_12,lockin,0,0,QR未検出,,lockin,binary,,,10.002604,70,8,1,0.648729,,0.648729,frame_00000.png,frame_00119.png,r120_e250_f1.mp4,120 Hz,1/250,蛍光灯あり,60.003 fps,120,250,1,26,rice,B,B,12,,,frame_00000.png,frame_00119.png,QR未検出,120,1.999913
rice_B_12,lockin,0,0,QR未検出,,lockin,binary,,,10.002604,901,8,1,0.637458,,0.637458,frame_00000.png,frame_00119.png,r120_e250_f1.mp4,120 Hz,1/250,蛍光灯あり,60.003 fps,120,250,1,26,rice,B,B,12,,,frame_00000.png,frame_00119.png,QR未検出,120,1.999913
rice_B_12,lockin,0,0,QR未検出,,lockin,binary,,,10.002604,902,8,1,0.541971,,0.541971,frame_00000.png,frame_00119.png,r120_e250_f1.mp4,120 Hz,1/250,蛍光灯あり,60.003 fps,120,250,1,26,rice,B,B,12,,,frame_00000.png,frame_00119.png,QR未検出,120,1.999913
rice_B_12,lockin,0,0,QR未検出,,lockin,binary,,,15.000000,30,8,1,0.648178,,0.648178,frame_00000.png,frame_00119.png,r120_e250_f1.mp4,120 Hz,1/250,蛍光灯あり,60.003 fps,120,250,1,26,rice,B,B,12,,,frame_00000.png,frame_00119.png,QR未検出,120,1.999913
rice_B_12,lockin,0,0,QR未検出,,lockin,binary,,,15.000000,50,8,1,0.648659,,0.648659,frame_00000.png,frame_00119.png,r120_e250_f1.mp4,120 Hz,1/250,蛍光灯あり,60.003 fps,120,250,1,26,rice,B,B,12,,,frame_00000.png,frame_00119.png,QR未検出,120,1.999913
rice_B_12,lockin,1,0,QR未検出,,lockin,binary,,,15.000000,70,8,1,0.648747,,0.648747,frame_00000.png,frame_00119.png,r120_e250_f1.mp4,120 Hz,1/250,蛍光灯あり,60.003 fps,120,250,1,26,rice,B,B,12,,,frame_00000.png,frame_00119.png,QR未検出,120,1.999913
rice_B_12,lockin,0,0,QR未検出,,lockin,binary,,,15.000000,901,8,1,0.640821,,0.640821,frame_00000.png,frame_00119.png,r120_e250_f1.mp4,120 Hz,1/250,蛍光灯あり,60.003 fps,120,250,1,26,rice,B,B,12,,,frame_00000.png,frame_00119.png,QR未検出,120,1.999913
rice_B_12,lockin,0,0,QR未検出,,lockin,binary,,,15.000000,902,8,1,0.547568,,0.547568,frame_00000.png,frame_00119.png,r120_e250_f1.mp4,120 Hz,1/250,蛍光灯あり,60.003 fps,120,250,1,26,rice,B,B,12,,,frame_00000.png,frame_00119.png,QR未検出,120,1.999913
rice_B_12,lockin,0,0,QR未検出,,lockin,binary,,,29.997396,30,8,1,0.648531,,0.648531,frame_00000.png,frame_00119.png,r120_e250_f1.mp4,120 Hz,1/250,蛍光灯あり,60.003 fps,120,250,1,26,rice,B,B,12,,,frame_00000.png,frame_00119.png,QR未検出,120,1.999913
rice_B_12,lockin,0,0,QR未検出,,lockin,binary,,,29.997396,50,8,1,0.648661,,0.648661,frame_00000.png,frame_00119.png,r120_e250_f1.mp4,120 Hz,1/250,蛍光灯あり,60.003 fps,120,250,1,26,rice,B,B,12,,,frame_00000.png,frame_00119.png,QR未検出,120,1.999913
rice_B_12,lockin,0,0,QR未検出,,lockin,binary,,,29.997396,70,8,1,0.648745,,0.648745,frame_00000.png,frame_00119.png,r120_e250_f1.mp4,120 Hz,1/250,蛍光灯あり,60.003 fps,120,250,1,26,rice,B,B,12,,,frame_00000.png,frame_00119.png,QR未検出,120,1.999913
rice_B_12,lockin,0,0,QR未検出,,lockin,binary,,,29.997396,901,8,1,0.645126,,0.645126,frame_00000.png,frame_00119.png,r120_e250_f1.mp4,120 Hz,1/250,蛍光灯あり,60.003 fps,120,250,1,26,rice,B,B,12,,,frame_00000.png,frame_00119.png,QR未検出,120,1.999913
rice_B_12,lockin,0,0,QR未検出,,lockin,binary,,,29.997396,902,8,1,0.540928,,0.540928,frame_00000.png,frame_00119.png,r120_e250_f1.mp4,120 Hz,1/250,蛍光灯あり,60.003 fps,120,250,1,26,rice,B,B,12,,,frame_00000.png,frame_00119.png,QR未検出,120,1.999913
rice_B_4,lockin,0,0,QR未検出,,lockin,binary,,,10.002604,30,8,1,0.648605,,0.648605,frame_00000.png,frame_00119.png,r120_e250_f1.mp4,120 Hz,1/250,蛍光灯あり,60.003 fps,120,250,1,24,rice,B,B,4,,,frame_00000.png,frame_00119.png,QR未検出,120,1.999913
rice_B_4,lockin,0,0,QR未検出,,lockin,binary,,,10.002604,50,8,1,0.648743,,0.648743,frame_00000.png,frame_00119.png,r120_e250_f1.mp4,120 Hz,1/250,蛍光灯あり,60.003 fps,120,250,1,24,rice,B,B,4,,,frame_00000.png,frame_00119.png,QR未検出,120,1.999913
rice_B_4,lockin,0,0,QR未検出,,lockin,binary,,,10.002604,70,8,1,0.648747,,0.648747,frame_00000.png,frame_00119.png,r120_e250_f1.mp4,120 Hz,1/250,蛍光灯あり,60.003 fps,120,250,1,24,rice,B,B,4,,,frame_00000.png,frame_00119.png,QR未検出,120,1.999913
rice_B_4,lockin,0,0,QR未検出,,lockin,binary,,,10.002604,901,8,1,0.637839,,0.637839,frame_00000.png,frame_00119.png,r120_e250_f1.mp4,120 Hz,1/250,蛍光灯あり,60.003 fps,120,250,1,24,rice,B,B,4,,,frame_00000.png,frame_00119.png,QR未検出,120,1.999913
rice_B_4,lockin,0,0,QR未検出,,lockin,binary,,,10.002604,902,8,1,0.548646,,0.548646,frame_00000.png,frame_00119.png,r120_e250_f1.mp4,120 Hz,1/250,蛍光灯あり,60.003 fps,120,250,1,24,rice,B,B,4,,,frame_00000.png,frame_00119.png,QR未検出,120,1.999913
rice_B_4,lockin,0,0,QR未検出,,lockin,binary,,,15.000000,30,8,1,0.648486,,0.648486,frame_00000.png,frame_00119.png,r120_e250_f1.mp4,120 Hz,1/250,蛍光灯あり,60.003 fps,120,250,1,24,rice,B,B,4,,,frame_00000.png,frame_00119.png,QR未検出,120,1.999913
rice_B_4,lockin,0,0,QR未検出,,lockin,binary,,,15.000000,50,8,1,0.648629,,0.648629,frame_00000.png,frame_00119.png,r120_e250_f1.mp4,120 Hz,1/250,蛍光灯あり,60.003 fps,120,250,1,24,rice,B,B,4,,,frame_00000.png,frame_00119.png,QR未検出,120,1.999913
rice_B_4,lockin,0,0,QR未検出,,lockin,binary,,,15.000000,70,8,1,0.648664,,0.648664,frame_00000.png,frame_00119.png,r120_e250_f1.mp4,120 Hz,1/250,蛍光灯あり,60.003 fps,120,250,1,24,rice,B,B,4,,,frame_00000.png,frame_00119.png,QR未検出,120,1.999913
rice_B_4,lockin,0,0,QR未検出,,lockin,binary,,,15.000000,901,8,1,0.639130,,0.639130,frame_00000.png,frame_00119.png,r120_e250_f1.mp4,120 Hz,1/250,蛍光灯あり,60.003 fps,120,250,1,24,rice,B,B,4,,,frame_00000.png,frame_00119.png,QR未検出,120,1.999913
rice_B_4,lockin,0,0,QR未検出,,lockin,binary,,,15.000000,902,8,1,0.560904,,0.560904,frame_00000.png,frame_00119.png,r120_e250_f1.mp4,120 Hz,1/250,蛍光灯あり,60.003 fps,120,250,1,24,rice,B,B,4,,,frame_00000.png,frame_00119.png,QR未検出,120,1.999913
rice_B_4,lockin,0,0,QR未検出,,lockin,binary,,,29.997396,30,8,1,0.648554,,0.648554,frame_00000.png,frame_00119.png,r120_e250_f1.mp4,120 Hz,1/250,蛍光灯あり,60.003 fps,120,250,1,24,rice,B,B,4,,,frame_00000.png,frame_00119.png,QR未検出,120,1.999913
rice_B_4,lockin,1,0,QR未検出,,lockin,binary,,,29.997396,50,8,1,0.648747,,0.648747,frame_00000.png,frame_00119.png,r120_e250_f1.mp4,120 Hz,1/250,蛍光灯あり,60.003 fps,120,250,1,24,rice,B,B,4,,,frame_00000.png,frame_00119.png,QR未検出,120,1.999913
rice_B_4,lockin,0,0,QR未検出,,lockin,binary,,,29.997396,70,8,1,0.648747,,0.648747,frame_00000.png,frame_00119.png,r120_e250_f1.mp4,120 Hz,1/250,蛍光灯あり,60.003 fps,120,250,1,24,rice,B,B,4,,,frame_00000.png,frame_00119.png,QR未検出,120,1.999913
rice_B_4,lockin,0,0,QR未検出,,lockin,binary,,,29.997396,901,8,1,0.642306,,0.642306,frame_00000.png,frame_00119.png,r120_e250_f1.mp4,120 Hz,1/250,蛍光灯あり,60.003 fps,120,250,1,24,rice,B,B,4,,,frame_00000.png,frame_00119.png,QR未検出,120,1.999913
rice_B_4,lockin,0,0,QR未検出,,lockin,binary,,,29.997396,902,8,1,0.533204,,0.533204,frame_00000.png,frame_00119.png,r120_e250_f1.mp4,120 Hz,1/250,蛍光灯あり,60.003 fps,120,250,1,24,rice,B,B,4,,,frame_00000.png,frame_00119.png,QR未検出,120,1.999913
rice_B_8,lockin,0,0,QR未検出,,lockin,binary,,,10.002604,30,8,1,0.648386,,0.648386,frame_00000.png,frame_00119.png,r120_e250_f1.mp4,120 Hz,1/250,蛍光灯あり,60.003 fps,120,250,1,25,rice,B,B,8,,,frame_00000.png,frame_00119.png,QR未検出,120,1.999913
rice_B_8,lockin,0,0,QR未検出,,lockin,binary,,,10.002604,50,8,1,0.648668,,0.648668,frame_00000.png,frame_00119.png,r120_e250_f1.mp4,120 Hz,1/250,蛍光灯あり,60.003 fps,120,250,1,25,rice,B,B,8,,,frame_00000.png,frame_00119.png,QR未検出,120,1.999913
rice_B_8,lockin,0,0,QR未検出,,lockin,binary,,,10.002604,70,8,1,0.648733,,0.648733,frame_00000.png,frame_00119.png,r120_e250_f1.mp4,120 Hz,1/250,蛍光灯あり,60.003 fps,120,250,1,25,rice,B,B,8,,,frame_00000.png,frame_00119.png,QR未検出,120,1.999913
rice_B_8,lockin,0,0,QR未検出,,lockin,binary,,,10.002604,901,8,1,0.639482,,0.639482,frame_00000.png,frame_00119.png,r120_e250_f1.mp4,120 Hz,1/250,蛍光灯あり,60.003 fps,120,250,1,25,rice,B,B,8,,,frame_00000.png,frame_00119.png,QR未検出,120,1.999913
rice_B_8,lockin,0,0,QR未検出,,lockin,binary,,,10.002604,902,8,1,0.548258,,0.548258,frame_00000.png,frame_00119.png,r120_e250_f1.mp4,120 Hz,1/250,蛍光灯あり,60.003 fps,120,250,1,25,rice,B,B,8,,,frame_00000.png,frame_00119.png,QR未検出,120,1.999913
rice_B_8,lockin,0,0,QR未検出,,lockin,binary,,,15.000000,30,8,1,0.647956,,0.647956,frame_00000.png,frame_00119.png,r120_e250_f1.mp4,120 Hz,1/250,蛍光灯あり,60.003 fps,120,250,1,25,rice,B,B,8,,,frame_00000.png,frame_00119.png,QR未検出,120,1.999913
rice_B_8,lockin,0,0,QR未検出,,lockin,binary,,,15.000000,50,8,1,0.648572,,0.648572,frame_00000.png,frame_00119.png,r120_e250_f1.mp4,120 Hz,1/250,蛍光灯あり,60.003 fps,120,250,1,25,rice,B,B,8,,,frame_00000.png,frame_00119.png,QR未検出,120,1.999913
rice_B_8,lockin,1,0,QR未検出,,lockin,binary,,,15.000000,70,8,1,0.648747,,0.648747,frame_00000.png,frame_00119.png,r120_e250_f1.mp4,120 Hz,1/250,蛍光灯あり,60.003 fps,120,250,1,25,rice,B,B,8,,,frame_00000.png,frame_00119.png,QR未検出,120,1.999913
rice_B_8,lockin,0,0,QR未検出,,lockin,binary,,,15.000000,901,8,1,0.638460,,0.638460,frame_00000.png,frame_00119.png,r120_e250_f1.mp4,120 Hz,1/250,蛍光灯あり,60.003 fps,120,250,1,25,rice,B,B,8,,,frame_00000.png,frame_00119.png,QR未検出,120,1.999913
rice_B_8,lockin,0,0,QR未検出,,lockin,binary,,,15.000000,902,8,1,0.540839,,0.540839,frame_00000.png,frame_00119.png,r120_e250_f1.mp4,120 Hz,1/250,蛍光灯あり,60.003 fps,120,250,1,25,rice,B,B,8,,,frame_00000.png,frame_00119.png,QR未検出,120,1.999913
rice_B_8,lockin,0,0,QR未検出,,lockin,binary,,,29.997396,30,8,1,0.648563,,0.648563,frame_00000.png,frame_00119.png,r120_e250_f1.mp4,120 Hz,1/250,蛍光灯あり,60.003 fps,120,250,1,25,rice,B,B,8,,,frame_00000.png,frame_00119.png,QR未検出,120,1.999913
rice_B_8,lockin,0,0,QR未検出,,lockin,binary,,,29.997396,50,8,1,0.648645,,0.648645,frame_00000.png,frame_00119.png,r120_e250_f1.mp4,120 Hz,1/250,蛍光灯あり,60.003 fps,120,250,1,25,rice,B,B,8,,,frame_00000.png,frame_00119.png,QR未検出,120,1.999913
rice_B_8,lockin,0,0,QR未検出,,lockin,binary,,,29.997396,70,8,1,0.648684,,0.648684,frame_00000.png,frame_00119.png,r120_e250_f1.mp4,120 Hz,1/250,蛍光灯あり,60.003 fps,120,250,1,25,rice,B,B,8,,,frame_00000.png,frame_00119.png,QR未検出,120,1.999913
rice_B_8,lockin,0,0,QR未検出,,lockin,binary,,,29.997396,901,8,1,0.638696,,0.638696,frame_00000.png,frame_00119.png,r120_e250_f1.mp4,120 Hz,1/250,蛍光灯あり,60.003 fps,120,250,1,25,rice,B,B,8,,,frame_00000.png,frame_00119.png,QR未検出,120,1.999913
rice_B_8,lockin,0,0,QR未検出,,lockin,binary,,,29.997396,902,8,1,0.555001,,0.555001,frame_00000.png,frame_00119.png,r120_e250_f1.mp4,120 Hz,1/250,蛍光灯あり,60.003 fps,120,250,1,25,rice,B,B,8,,,frame_00000.png,frame_00119.png,QR未検出,120,1.999913
rice_G_12,lockin,0,0,QR未検出,,lockin,binary,,,10.002604,30,8,1,0.648705,,0.648705,frame_00000.png,frame_00119.png,r120_e250_f1.mp4,120 Hz,1/250,蛍光灯あり,60.003 fps,120,250,1,14,rice,G,G,12,,,frame_00000.png,frame_00119.png,QR未検出,120,1.999913
rice_G_12,lockin,0,0,QR未検出,,lockin,binary,,,10.002604,50,8,1,0.648692,,0.648692,frame_00000.png,frame_00119.png,r120_e250_f1.mp4,120 Hz,1/250,蛍光灯あり,60.003 fps,120,250,1,14,rice,G,G,12,,,frame_00000.png,frame_00119.png,QR未検出,120,1.999913
rice_G_12,lockin,0,0,QR未検出,,lockin,binary,,,10.002604,70,8,1,0.648747,,0.648747,frame_00000.png,frame_00119.png,r120_e250_f1.mp4,120 Hz,1/250,蛍光灯あり,60.003 fps,120,250,1,14,rice,G,G,12,,,frame_00000.png,frame_00119.png,QR未検出,120,1.999913
rice_G_12,lockin,0,0,QR未検出,,lockin,binary,,,10.002604,901,8,1,0.634436,,0.634436,frame_00000.png,frame_00119.png,r120_e250_f1.mp4,120 Hz,1/250,蛍光灯あり,60.003 fps,120,250,1,14,rice,G,G,12,,,frame_00000.png,frame_00119.png,QR未検出,120,1.999913
rice_G_12,lockin,0,0,QR未検出,,lockin,binary,,,10.002604,902,8,1,0.544368,,0.544368,frame_00000.png,frame_00119.png,r120_e250_f1.mp4,120 Hz,1/250,蛍光灯あり,60.003 fps,120,250,1,14,rice,G,G,12,,,frame_00000.png,frame_00119.png,QR未検出,120,1.999913
rice_G_12,lockin,0,0,QR未検出,,lockin,binary,,,15.000000,30,8,1,0.648502,,0.648502,frame_00000.png,frame_00119.png,r120_e250_f1.mp4,120 Hz,1/250,蛍光灯あり,60.003 fps,120,250,1,14,rice,G,G,12,,,frame_00000.png,frame_00119.png,QR未検出,120,1.999913
rice_G_12,lockin,0,0,QR未検出,,lockin,binary,,,15.000000,50,8,1,0.648664,,0.648664,frame_00000.png,frame_00119.png,r120_e250_f1.mp4,120 Hz,1/250,蛍光灯あり,60.003 fps,120,250,1,14,rice,G,G,12,,,frame_00000.png,frame_00119.png,QR未検出,120,1.999913
rice_G_12,lockin,0,0,QR未検出,,lockin,binary,,,15.000000,70,8,1,0.648708,,0.648708,frame_00000.png,frame_00119.png,r120_e250_f1.mp4,120 Hz,1/250,蛍光灯あり,60.003 fps,120,250,1,14,rice,G,G,12,,,frame_00000.png,frame_00119.png,QR未検出,120,1.999913
rice_G_12,lockin,0,0,QR未検出,,lockin,binary,,,15.000000,901,8,1,0.635463,,0.635463,frame_00000.png,frame_00119.png,r120_e250_f1.mp4,120 Hz,1/250,蛍光灯あり,60.003 fps,120,250,1,14,rice,G,G,12,,,frame_00000.png,frame_00119.png,QR未検出,120,1.999913
rice_G_12,lockin,0,0,QR未検出,,lockin,binary,,,15.000000,902,8,1,0.549010,,0.549010,frame_00000.png,frame_00119.png,r120_e250_f1.mp4,120 Hz,1/250,蛍光灯あり,60.003 fps,120,250,1,14,rice,G,G,12,,,frame_00000.png,frame_00119.png,QR未検出,120,1.999913
rice_G_12,lockin,0,0,QR未検出,,lockin,binary,,,29.997396,30,8,1,0.648804,,0.648804,frame_00000.png,frame_00119.png,r120_e250_f1.mp4,120 Hz,1/250,蛍光灯あり,60.003 fps,120,250,1,14,rice,G,G,12,,,frame_00000.png,frame_00119.png,QR未検出,120,1.999913
rice_G_12,lockin,1,0,QR未検出,,lockin,binary,,,29.997396,50,8,1,0.648824,,0.648824,frame_00000.png,frame_00119.png,r120_e250_f1.mp4,120 Hz,1/250,蛍光灯あり,60.003 fps,120,250,1,14,rice,G,G,12,,,frame_00000.png,frame_00119.png,QR未検出,120,1.999913
rice_G_12,lockin,0,0,QR未検出,,lockin,binary,,,29.997396,70,8,1,0.648813,,0.648813,frame_00000.png,frame_00119.png,r120_e250_f1.mp4,120 Hz,1/250,蛍光灯あり,60.003 fps,120,250,1,14,rice,G,G,12,,,frame_00000.png,frame_00119.png,QR未検出,120,1.999913
rice_G_12,lockin,0,0,QR未検出,,lockin,binary,,,29.997396,901,8,1,0.640114,,0.640114,frame_00000.png,frame_00119.png,r120_e250_f1.mp4,120 Hz,1/250,蛍光灯あり,60.003 fps,120,250,1,14,rice,G,G,12,,,frame_00000.png,frame_00119.png,QR未検出,120,1.999913
rice_G_12,lockin,0,0,QR未検出,,lockin,binary,,,29.997396,902,8,1,0.565275,,0.565275,frame_00000.png,frame_00119.png,r120_e250_f1.mp4,120 Hz,1/250,蛍光灯あり,60.003 fps,120,250,1,14,rice,G,G,12,,,frame_00000.png,frame_00119.png,QR未検出,120,1.999913
rice_G_4,lockin,0,0,QR未検出,,lockin,binary,,,10.002604,30,8,1,0.648395,,0.648395,frame_00000.png,frame_00119.png,r120_e250_f1.mp4,120 Hz,1/250,蛍光灯あり,60.003 fps,120,250,1,12,rice,G,G,4,,,frame_00000.png,frame_00119.png,QR未検出,120,1.999913
rice_G_4,lockin,0,0,QR未検出,,lockin,binary,,,10.002604,50,8,1,0.648605,,0.648605,frame_00000.png,frame_00119.png,r120_e250_f1.mp4,120 Hz,1/250,蛍光灯あり,60.003 fps,120,250,1,12,rice,G,G,4,,,frame_00000.png,frame_00119.png,QR未検出,120,1.999913
rice_G_4,lockin,0,0,QR未検出,,lockin,binary,,,10.002604,70,8,1,0.648747,,0.648747,frame_00000.png,frame_00119.png,r120_e250_f1.mp4,120 Hz,1/250,蛍光灯あり,60.003 fps,120,250,1,12,rice,G,G,4,,,frame_00000.png,frame_00119.png,QR未検出,120,1.999913
rice_G_4,lockin,0,0,QR未検出,,lockin,binary,,,10.002604,901,8,1,0.625502,,0.625502,frame_00000.png,frame_00119.png,r120_e250_f1.mp4,120 Hz,1/250,蛍光灯あり,60.003 fps,120,250,1,12,rice,G,G,4,,,frame_00000.png,frame_00119.png,QR未検出,120,1.999913
rice_G_4,lockin,0,0,QR未検出,,lockin,binary,,,10.002604,902,8,1,0.545002,,0.545002,frame_00000.png,frame_00119.png,r120_e250_f1.mp4,120 Hz,1/250,蛍光灯あり,60.003 fps,120,250,1,12,rice,G,G,4,,,frame_00000.png,frame_00119.png,QR未検出,120,1.999913
rice_G_4,lockin,0,0,QR未検出,,lockin,binary,,,15.000000,30,8,1,0.648433,,0.648433,frame_00000.png,frame_00119.png,r120_e250_f1.mp4,120 Hz,1/250,蛍光灯あり,60.003 fps,120,250,1,12,rice,G,G,4,,,frame_00000.png,frame_00119.png,QR未検出,120,1.999913
rice_G_4,lockin,1,0,QR未検出,,lockin,binary,,,15.000000,50,8,1,0.648747,,0.648747,frame_00000.png,frame_00119.png,r120_e250_f1.mp4,120 Hz,1/250,蛍光灯あり,60.003 fps,120,250,1,12,rice,G,G,4,,,frame_00000.png,frame_00119.png,QR未検出,120,1.999913
rice_G_4,lockin,0,0,QR未検出,,lockin,binary,,,15.000000,70,8,1,0.648747,,0.648747,frame_00000.png,frame_00119.png,r120_e250_f1.mp4,120 Hz,1/250,蛍光灯あり,60.003 fps,120,250,1,12,rice,G,G,4,,,frame_00000.png,frame_00119.png,QR未検出,120,1.999913
rice_G_4,lockin,0,0,QR未検出,,lockin,binary,,,15.000000,901,8,1,0.634987,,0.634987,frame_00000.png,frame_00119.png,r120_e250_f1.mp4,120 Hz,1/250,蛍光灯あり,60.003 fps,120,250,1,12,rice,G,G,4,,,frame_00000.png,frame_00119.png,QR未検出,120,1.999913
rice_G_4,lockin,0,0,QR未検出,,lockin,binary,,,15.000000,902,8,1,0.551304,,0.551304,frame_00000.png,frame_00119.png,r120_e250_f1.mp4,120 Hz,1/250,蛍光灯あり,60.003 fps,120,250,1,12,rice,G,G,4,,,frame_00000.png,frame_00119.png,QR未検出,120,1.999913
rice_G_4,lockin,0,0,QR未検出,,lockin,binary,,,29.997396,30,8,1,0.648643,,0.648643,frame_00000.png,frame_00119.png,r120_e250_f1.mp4,120 Hz,1/250,蛍光灯あり,60.003 fps,120,250,1,12,rice,G,G,4,,,frame_00000.png,frame_00119.png,QR未検出,120,1.999913
rice_G_4,lockin,0,0,QR未検出,,lockin,binary,,,29.997396,50,8,1,0.648747,,0.648747,frame_00000.png,frame_00119.png,r120_e250_f1.mp4,120 Hz,1/250,蛍光灯あり,60.003 fps,120,250,1,12,rice,G,G,4,,,frame_00000.png,frame_00119.png,QR未検出,120,1.999913
rice_G_4,lockin,0,0,QR未検出,,lockin,binary,,,29.997396,70,8,1,0.648747,,0.648747,frame_00000.png,frame_00119.png,r120_e250_f1.mp4,120 Hz,1/250,蛍光灯あり,60.003 fps,120,250,1,12,rice,G,G,4,,,frame_00000.png,frame_00119.png,QR未検出,120,1.999913
rice_G_4,lockin,0,0,QR未検出,,lockin,binary,,,29.997396,901,8,1,0.639337,,0.639337,frame_00000.png,frame_00119.png,r120_e250_f1.mp4,120 Hz,1/250,蛍光灯あり,60.003 fps,120,250,1,12,rice,G,G,4,,,frame_00000.png,frame_00119.png,QR未検出,120,1.999913
rice_G_4,lockin,0,0,QR未検出,,lockin,binary,,,29.997396,902,8,1,0.535413,,0.535413,frame_00000.png,frame_00119.png,r120_e250_f1.mp4,120 Hz,1/250,蛍光灯あり,60.003 fps,120,250,1,12,rice,G,G,4,,,frame_00000.png,frame_00119.png,QR未検出,120,1.999913
rice_G_8,lockin,0,0,QR未検出,,lockin,binary,,,10.002604,30,8,1,0.648398,,0.648398,frame_00000.png,frame_00119.png,r120_e250_f1.mp4,120 Hz,1/250,蛍光灯あり,60.003 fps,120,250,1,13,rice,G,G,8,,,frame_00000.png,frame_00119.png,QR未検出,120,1.999913
rice_G_8,lockin,1,0,QR未検出,,lockin,binary,,,10.002604,50,8,1,0.648747,,0.648747,frame_00000.png,frame_00119.png,r120_e250_f1.mp4,120 Hz,1/250,蛍光灯あり,60.003 fps,120,250,1,13,rice,G,G,8,,,frame_00000.png,frame_00119.png,QR未検出,120,1.999913
rice_G_8,lockin,0,0,QR未検出,,lockin,binary,,,10.002604,70,8,1,0.648747,,0.648747,frame_00000.png,frame_00119.png,r120_e250_f1.mp4,120 Hz,1/250,蛍光灯あり,60.003 fps,120,250,1,13,rice,G,G,8,,,frame_00000.png,frame_00119.png,QR未検出,120,1.999913
rice_G_8,lockin,0,0,QR未検出,,lockin,binary,,,10.002604,901,8,1,0.628986,,0.628986,frame_00000.png,frame_00119.png,r120_e250_f1.mp4,120 Hz,1/250,蛍光灯あり,60.003 fps,120,250,1,13,rice,G,G,8,,,frame_00000.png,frame_00119.png,QR未検出,120,1.999913
rice_G_8,lockin,0,0,QR未検出,,lockin,binary,,,10.002604,902,8,1,0.536299,,0.536299,frame_00000.png,frame_00119.png,r120_e250_f1.mp4,120 Hz,1/250,蛍光灯あり,60.003 fps,120,250,1,13,rice,G,G,8,,,frame_00000.png,frame_00119.png,QR未検出,120,1.999913
rice_G_8,lockin,0,0,QR未検出,,lockin,binary,,,15.000000,30,8,1,0.648465,,0.648465,frame_00000.png,frame_00119.png,r120_e250_f1.mp4,120 Hz,1/250,蛍光灯あり,60.003 fps,120,250,1,13,rice,G,G,8,,,frame_00000.png,frame_00119.png,QR未検出,120,1.999913
rice_G_8,lockin,0,0,QR未検出,,lockin,binary,,,15.000000,50,8,1,0.648747,,0.648747,frame_00000.png,frame_00119.png,r120_e250_f1.mp4,120 Hz,1/250,蛍光灯あり,60.003 fps,120,250,1,13,rice,G,G,8,,,frame_00000.png,frame_00119.png,QR未検出,120,1.999913
rice_G_8,lockin,0,0,QR未検出,,lockin,binary,,,15.000000,70,8,1,0.648747,,0.648747,frame_00000.png,frame_00119.png,r120_e250_f1.mp4,120 Hz,1/250,蛍光灯あり,60.003 fps,120,250,1,13,rice,G,G,8,,,frame_00000.png,frame_00119.png,QR未検出,120,1.999913
rice_G_8,lockin,0,0,QR未検出,,lockin,binary,,,15.000000,901,8,1,0.632405,,0.632405,frame_00000.png,frame_00119.png,r120_e250_f1.mp4,120 Hz,1/250,蛍光灯あり,60.003 fps,120,250,1,13,rice,G,G,8,,,frame_00000.png,frame_00119.png,QR未検出,120,1.999913
rice_G_8,lockin,0,0,QR未検出,,lockin,binary,,,15.000000,902,8,1,0.545250,,0.545250,frame_00000.png,frame_00119.png,r120_e250_f1.mp4,120 Hz,1/250,蛍光灯あり,60.003 fps,120,250,1,13,rice,G,G,8,,,frame_00000.png,frame_00119.png,QR未検出,120,1.999913
rice_G_8,lockin,0,0,QR未検出,,lockin,binary,,,29.997396,30,8,1,0.648440,,0.648440,frame_00000.png,frame_00119.png,r120_e250_f1.mp4,120 Hz,1/250,蛍光灯あり,60.003 fps,120,250,1,13,rice,G,G,8,,,frame_00000.png,frame_00119.png,QR未検出,120,1.999913
rice_G_8,lockin,0,0,QR未検出,,lockin,binary,,,29.997396,50,8,1,0.648545,,0.648545,frame_00000.png,frame_00119.png,r120_e250_f1.mp4,120 Hz,1/250,蛍光灯あり,60.003 fps,120,250,1,13,rice,G,G,8,,,frame_00000.png,frame_00119.png,QR未検出,120,1.999913
rice_G_8,lockin,0,0,QR未検出,,lockin,binary,,,29.997396,70,8,1,0.648671,,0.648671,frame_00000.png,frame_00119.png,r120_e250_f1.mp4,120 Hz,1/250,蛍光灯あり,60.003 fps,120,250,1,13,rice,G,G,8,,,frame_00000.png,frame_00119.png,QR未検出,120,1.999913
rice_G_8,lockin,0,0,QR未検出,,lockin,binary,,,29.997396,901,8,1,0.638000,,0.638000,frame_00000.png,frame_00119.png,r120_e250_f1.mp4,120 Hz,1/250,蛍光灯あり,60.003 fps,120,250,1,13,rice,G,G,8,,,frame_00000.png,frame_00119.png,QR未検出,120,1.999913
rice_G_8,lockin,0,0,QR未検出,,lockin,binary,,,29.997396,902,8,1,0.560467,,0.560467,frame_00000.png,frame_00119.png,r120_e250_f1.mp4,120 Hz,1/250,蛍光灯あり,60.003 fps,120,250,1,13,rice,G,G,8,,,frame_00000.png,frame_00119.png,QR未検出,120,1.999913
rice_I_12,lockin,0,0,QR未検出,,lockin,binary,,,10.002604,30,8,1,0.648512,,0.648512,frame_00000.png,frame_00119.png,r120_e250_f1.mp4,120 Hz,1/250,蛍光灯あり,60.003 fps,120,250,1,38,rice,min,I,12,,,frame_00000.png,frame_00119.png,QR未検出,120,1.999913
rice_I_12,lockin,0,0,QR未検出,,lockin,binary,,,10.002604,50,8,1,0.648661,,0.648661,frame_00000.png,frame_00119.png,r120_e250_f1.mp4,120 Hz,1/250,蛍光灯あり,60.003 fps,120,250,1,38,rice,min,I,12,,,frame_00000.png,frame_00119.png,QR未検出,120,1.999913
rice_I_12,lockin,0,0,QR未検出,,lockin,binary,,,10.002604,70,8,1,0.648675,,0.648675,frame_00000.png,frame_00119.png,r120_e250_f1.mp4,120 Hz,1/250,蛍光灯あり,60.003 fps,120,250,1,38,rice,min,I,12,,,frame_00000.png,frame_00119.png,QR未検出,120,1.999913
rice_I_12,lockin,0,0,QR未検出,,lockin,binary,,,10.002604,901,8,1,0.630559,,0.630559,frame_00000.png,frame_00119.png,r120_e250_f1.mp4,120 Hz,1/250,蛍光灯あり,60.003 fps,120,250,1,38,rice,min,I,12,,,frame_00000.png,frame_00119.png,QR未検出,120,1.999913
rice_I_12,lockin,0,0,QR未検出,,lockin,binary,,,10.002604,902,8,1,0.545030,,0.545030,frame_00000.png,frame_00119.png,r120_e250_f1.mp4,120 Hz,1/250,蛍光灯あり,60.003 fps,120,250,1,38,rice,min,I,12,,,frame_00000.png,frame_00119.png,QR未検出,120,1.999913
rice_I_12,lockin,0,0,QR未検出,,lockin,binary,,,15.000000,30,8,1,0.648586,,0.648586,frame_00000.png,frame_00119.png,r120_e250_f1.mp4,120 Hz,1/250,蛍光灯あり,60.003 fps,120,250,1,38,rice,min,I,12,,,frame_00000.png,frame_00119.png,QR未検出,120,1.999913
rice_I_12,lockin,0,0,QR未検出,,lockin,binary,,,15.000000,50,8,1,0.648673,,0.648673,frame_00000.png,frame_00119.png,r120_e250_f1.mp4,120 Hz,1/250,蛍光灯あり,60.003 fps,120,250,1,38,rice,min,I,12,,,frame_00000.png,frame_00119.png,QR未検出,120,1.999913
rice_I_12,lockin,1,0,QR未検出,,lockin,binary,,,15.000000,70,8,1,0.648747,,0.648747,frame_00000.png,frame_00119.png,r120_e250_f1.mp4,120 Hz,1/250,蛍光灯あり,60.003 fps,120,250,1,38,rice,min,I,12,,,frame_00000.png,frame_00119.png,QR未検出,120,1.999913
rice_I_12,lockin,0,0,QR未検出,,lockin,binary,,,15.000000,901,8,1,0.631759,,0.631759,frame_00000.png,frame_00119.png,r120_e250_f1.mp4,120 Hz,1/250,蛍光灯あり,60.003 fps,120,250,1,38,rice,min,I,12,,,frame_00000.png,frame_00119.png,QR未検出,120,1.999913
rice_I_12,lockin,0,0,QR未検出,,lockin,binary,,,15.000000,902,8,1,0.560470,,0.560470,frame_00000.png,frame_00119.png,r120_e250_f1.mp4,120 Hz,1/250,蛍光灯あり,60.003 fps,120,250,1,38,rice,min,I,12,,,frame_00000.png,frame_00119.png,QR未検出,120,1.999913
rice_I_12,lockin,0,0,QR未検出,,lockin,binary,,,29.997396,30,8,1,0.648570,,0.648570,frame_00000.png,frame_00119.png,r120_e250_f1.mp4,120 Hz,1/250,蛍光灯あり,60.003 fps,120,250,1,38,rice,min,I,12,,,frame_00000.png,frame_00119.png,QR未検出,120,1.999913
rice_I_12,lockin,0,0,QR未検出,,lockin,binary,,,29.997396,50,8,1,0.648698,,0.648698,frame_00000.png,frame_00119.png,r120_e250_f1.mp4,120 Hz,1/250,蛍光灯あり,60.003 fps,120,250,1,38,rice,min,I,12,,,frame_00000.png,frame_00119.png,QR未検出,120,1.999913
rice_I_12,lockin,0,0,QR未検出,,lockin,binary,,,29.997396,70,8,1,0.648747,,0.648747,frame_00000.png,frame_00119.png,r120_e250_f1.mp4,120 Hz,1/250,蛍光灯あり,60.003 fps,120,250,1,38,rice,min,I,12,,,frame_00000.png,frame_00119.png,QR未検出,120,1.999913
rice_I_12,lockin,0,0,QR未検出,,lockin,binary,,,29.997396,901,8,1,0.640331,,0.640331,frame_00000.png,frame_00119.png,r120_e250_f1.mp4,120 Hz,1/250,蛍光灯あり,60.003 fps,120,250,1,38,rice,min,I,12,,,frame_00000.png,frame_00119.png,QR未検出,120,1.999913
rice_I_12,lockin,0,0,QR未検出,,lockin,binary,,,29.997396,902,8,1,0.545322,,0.545322,frame_00000.png,frame_00119.png,r120_e250_f1.mp4,120 Hz,1/250,蛍光灯あり,60.003 fps,120,250,1,38,rice,min,I,12,,,frame_00000.png,frame_00119.png,QR未検出,120,1.999913
rice_I_4,lockin,0,0,QR未検出,,lockin,binary,,,10.002604,30,8,1,0.648726,,0.648726,frame_00000.png,frame_00119.png,r120_e250_f1.mp4,120 Hz,1/250,蛍光灯あり,60.003 fps,120,250,1,36,rice,min,I,4,,,frame_00000.png,frame_00119.png,QR未検出,120,1.999913
rice_I_4,lockin,0,0,QR未検出,,lockin,binary,,,10.002604,50,8,1,0.648761,,0.648761,frame_00000.png,frame_00119.png,r120_e250_f1.mp4,120 Hz,1/250,蛍光灯あり,60.003 fps,120,250,1,36,rice,min,I,4,,,frame_00000.png,frame_00119.png,QR未検出,120,1.999913
rice_I_4,lockin,0,0,QR未検出,,lockin,binary,,,10.002604,70,8,1,0.648747,,0.648747,frame_00000.png,frame_00119.png,r120_e250_f1.mp4,120 Hz,1/250,蛍光灯あり,60.003 fps,120,250,1,36,rice,min,I,4,,,frame_00000.png,frame_00119.png,QR未検出,120,1.999913
rice_I_4,lockin,0,0,QR未検出,,lockin,binary,,,10.002604,901,8,1,0.630419,,0.630419,frame_00000.png,frame_00119.png,r120_e250_f1.mp4,120 Hz,1/250,蛍光灯あり,60.003 fps,120,250,1,36,rice,min,I,4,,,frame_00000.png,frame_00119.png,QR未検出,120,1.999913
rice_I_4,lockin,0,0,QR未検出,,lockin,binary,,,10.002604,902,8,1,0.547654,,0.547654,frame_00000.png,frame_00119.png,r120_e250_f1.mp4,120 Hz,1/250,蛍光灯あり,60.003 fps,120,250,1,36,rice,min,I,4,,,frame_00000.png,frame_00119.png,QR未検出,120,1.999913
rice_I_4,lockin,0,0,QR未検出,,lockin,binary,,,15.000000,30,8,1,0.648143,,0.648143,frame_00000.png,frame_00119.png,r120_e250_f1.mp4,120 Hz,1/250,蛍光灯あり,60.003 fps,120,250,1,36,rice,min,I,4,,,frame_00000.png,frame_00119.png,QR未検出,120,1.999913
rice_I_4,lockin,0,0,QR未検出,,lockin,binary,,,15.000000,50,8,1,0.648608,,0.648608,frame_00000.png,frame_00119.png,r120_e250_f1.mp4,120 Hz,1/250,蛍光灯あり,60.003 fps,120,250,1,36,rice,min,I,4,,,frame_00000.png,frame_00119.png,QR未検出,120,1.999913
rice_I_4,lockin,0,0,QR未検出,,lockin,binary,,,15.000000,70,8,1,0.648747,,0.648747,frame_00000.png,frame_00119.png,r120_e250_f1.mp4,120 Hz,1/250,蛍光灯あり,60.003 fps,120,250,1,36,rice,min,I,4,,,frame_00000.png,frame_00119.png,QR未検出,120,1.999913
rice_I_4,lockin,0,0,QR未検出,,lockin,binary,,,15.000000,901,8,1,0.631210,,0.631210,frame_00000.png,frame_00119.png,r120_e250_f1.mp4,120 Hz,1/250,蛍光灯あり,60.003 fps,120,250,1,36,rice,min,I,4,,,frame_00000.png,frame_00119.png,QR未検出,120,1.999913
rice_I_4,lockin,0,0,QR未検出,,lockin,binary,,,15.000000,902,8,1,0.550039,,0.550039,frame_00000.png,frame_00119.png,r120_e250_f1.mp4,120 Hz,1/250,蛍光灯あり,60.003 fps,120,250,1,36,rice,min,I,4,,,frame_00000.png,frame_00119.png,QR未検出,120,1.999913
rice_I_4,lockin,0,0,QR未検出,,lockin,binary,,,29.997396,30,8,1,0.648680,,0.648680,frame_00000.png,frame_00119.png,r120_e250_f1.mp4,120 Hz,1/250,蛍光灯あり,60.003 fps,120,250,1,36,rice,min,I,4,,,frame_00000.png,frame_00119.png,QR未検出,120,1.999913
rice_I_4,lockin,1,0,QR未検出,,lockin,binary,,,29.997396,50,8,1,0.648775,,0.648775,frame_00000.png,frame_00119.png,r120_e250_f1.mp4,120 Hz,1/250,蛍光灯あり,60.003 fps,120,250,1,36,rice,min,I,4,,,frame_00000.png,frame_00119.png,QR未検出,120,1.999913
rice_I_4,lockin,0,0,QR未検出,,lockin,binary,,,29.997396,70,8,1,0.648747,,0.648747,frame_00000.png,frame_00119.png,r120_e250_f1.mp4,120 Hz,1/250,蛍光灯あり,60.003 fps,120,250,1,36,rice,min,I,4,,,frame_00000.png,frame_00119.png,QR未検出,120,1.999913
rice_I_4,lockin,0,0,QR未検出,,lockin,binary,,,29.997396,901,8,1,0.638077,,0.638077,frame_00000.png,frame_00119.png,r120_e250_f1.mp4,120 Hz,1/250,蛍光灯あり,60.003 fps,120,250,1,36,rice,min,I,4,,,frame_00000.png,frame_00119.png,QR未検出,120,1.999913
rice_I_4,lockin,0,0,QR未検出,,lockin,binary,,,29.997396,902,8,1,0.538456,,0.538456,frame_00000.png,frame_00119.png,r120_e250_f1.mp4,120 Hz,1/250,蛍光灯あり,60.003 fps,120,250,1,36,rice,min,I,4,,,frame_00000.png,frame_00119.png,QR未検出,120,1.999913
rice_I_8,lockin,0,0,QR未検出,,lockin,binary,,,10.002604,30,8,1,0.648479,,0.648479,frame_00000.png,frame_00119.png,r120_e250_f1.mp4,120 Hz,1/250,蛍光灯あり,60.003 fps,120,250,1,37,rice,min,I,8,,,frame_00000.png,frame_00119.png,QR未検出,120,1.999913
rice_I_8,lockin,0,0,QR未検出,,lockin,binary,,,10.002604,50,8,1,0.648701,,0.648701,frame_00000.png,frame_00119.png,r120_e250_f1.mp4,120 Hz,1/250,蛍光灯あり,60.003 fps,120,250,1,37,rice,min,I,8,,,frame_00000.png,frame_00119.png,QR未検出,120,1.999913
rice_I_8,lockin,1,0,QR未検出,,lockin,binary,,,10.002604,70,8,1,0.648747,,0.648747,frame_00000.png,frame_00119.png,r120_e250_f1.mp4,120 Hz,1/250,蛍光灯あり,60.003 fps,120,250,1,37,rice,min,I,8,,,frame_00000.png,frame_00119.png,QR未検出,120,1.999913
rice_I_8,lockin,0,0,QR未検出,,lockin,binary,,,10.002604,901,8,1,0.628326,,0.628326,frame_00000.png,frame_00119.png,r120_e250_f1.mp4,120 Hz,1/250,蛍光灯あり,60.003 fps,120,250,1,37,rice,min,I,8,,,frame_00000.png,frame_00119.png,QR未検出,120,1.999913
rice_I_8,lockin,0,0,QR未検出,,lockin,binary,,,10.002604,902,8,1,0.574734,,0.574734,frame_00000.png,frame_00119.png,r120_e250_f1.mp4,120 Hz,1/250,蛍光灯あり,60.003 fps,120,250,1,37,rice,min,I,8,,,frame_00000.png,frame_00119.png,QR未検出,120,1.999913
rice_I_8,lockin,0,0,QR未検出,,lockin,binary,,,15.000000,30,8,1,0.648356,,0.648356,frame_00000.png,frame_00119.png,r120_e250_f1.mp4,120 Hz,1/250,蛍光灯あり,60.003 fps,120,250,1,37,rice,min,I,8,,,frame_00000.png,frame_00119.png,QR未検出,120,1.999913
rice_I_8,lockin,0,0,QR未検出,,lockin,binary,,,15.000000,50,8,1,0.648577,,0.648577,frame_00000.png,frame_00119.png,r120_e250_f1.mp4,120 Hz,1/250,蛍光灯あり,60.003 fps,120,250,1,37,rice,min,I,8,,,frame_00000.png,frame_00119.png,QR未検出,120,1.999913
rice_I_8,lockin,0,0,QR未検出,,lockin,binary,,,15.000000,70,8,1,0.648687,,0.648687,frame_00000.png,frame_00119.png,r120_e250_f1.mp4,120 Hz,1/250,蛍光灯あり,60.003 fps,120,250,1,37,rice,min,I,8,,,frame_00000.png,frame_00119.png,QR未検出,120,1.999913
rice_I_8,lockin,0,0,QR未検出,,lockin,binary,,,15.000000,901,8,1,0.632858,,0.632858,frame_00000.png,frame_00119.png,r120_e250_f1.mp4,120 Hz,1/250,蛍光灯あり,60.003 fps,120,250,1,37,rice,min,I,8,,,frame_00000.png,frame_00119.png,QR未検出,120,1.999913
rice_I_8,lockin,0,0,QR未検出,,lockin,binary,,,15.000000,902,8,1,0.560400,,0.560400,frame_00000.png,frame_00119.png,r120_e250_f1.mp4,120 Hz,1/250,蛍光灯あり,60.003 fps,120,250,1,37,rice,min,I,8,,,frame_00000.png,frame_00119.png,QR未検出,120,1.999913
rice_I_8,lockin,0,0,QR未検出,,lockin,binary,,,29.997396,30,8,1,0.648493,,0.648493,frame_00000.png,frame_00119.png,r120_e250_f1.mp4,120 Hz,1/250,蛍光灯あり,60.003 fps,120,250,1,37,rice,min,I,8,,,frame_00000.png,frame_00119.png,QR未検出,120,1.999913
rice_I_8,lockin,0,0,QR未検出,,lockin,binary,,,29.997396,50,8,1,0.648647,,0.648647,frame_00000.png,frame_00119.png,r120_e250_f1.mp4,120 Hz,1/250,蛍光灯あり,60.003 fps,120,250,1,37,rice,min,I,8,,,frame_00000.png,frame_00119.png,QR未検出,120,1.999913
rice_I_8,lockin,0,0,QR未検出,,lockin,binary,,,29.997396,70,8,1,0.648670,,0.648670,frame_00000.png,frame_00119.png,r120_e250_f1.mp4,120 Hz,1/250,蛍光灯あり,60.003 fps,120,250,1,37,rice,min,I,8,,,frame_00000.png,frame_00119.png,QR未検出,120,1.999913
rice_I_8,lockin,0,0,QR未検出,,lockin,binary,,,29.997396,901,8,1,0.637536,,0.637536,frame_00000.png,frame_00119.png,r120_e250_f1.mp4,120 Hz,1/250,蛍光灯あり,60.003 fps,120,250,1,37,rice,min,I,8,,,frame_00000.png,frame_00119.png,QR未検出,120,1.999913
rice_I_8,lockin,0,0,QR未検出,,lockin,binary,,,29.997396,902,8,1,0.585384,,0.585384,frame_00000.png,frame_00119.png,r120_e250_f1.mp4,120 Hz,1/250,蛍光灯あり,60.003 fps,120,250,1,37,rice,min,I,8,,,frame_00000.png,frame_00119.png,QR未検出,120,1.999913
rice_R_12,lockin,0,0,QR未検出,,lockin,binary,,,10.002604,30,8,1,0.648626,,0.648626,frame_00000.png,frame_00119.png,r120_e250_f1.mp4,120 Hz,1/250,蛍光灯あり,60.003 fps,120,250,1,2,rice,R,R,12,,,frame_00000.png,frame_00119.png,QR未検出,120,1.999913
rice_R_12,lockin,0,0,QR未検出,,lockin,binary,,,10.002604,50,8,1,0.648656,,0.648656,frame_00000.png,frame_00119.png,r120_e250_f1.mp4,120 Hz,1/250,蛍光灯あり,60.003 fps,120,250,1,2,rice,R,R,12,,,frame_00000.png,frame_00119.png,QR未検出,120,1.999913
rice_R_12,lockin,0,0,QR未検出,,lockin,binary,,,10.002604,70,8,1,0.648736,,0.648736,frame_00000.png,frame_00119.png,r120_e250_f1.mp4,120 Hz,1/250,蛍光灯あり,60.003 fps,120,250,1,2,rice,R,R,12,,,frame_00000.png,frame_00119.png,QR未検出,120,1.999913
rice_R_12,lockin,0,0,QR未検出,,lockin,binary,,,10.002604,901,8,1,0.638723,,0.638723,frame_00000.png,frame_00119.png,r120_e250_f1.mp4,120 Hz,1/250,蛍光灯あり,60.003 fps,120,250,1,2,rice,R,R,12,,,frame_00000.png,frame_00119.png,QR未検出,120,1.999913
rice_R_12,lockin,0,0,QR未検出,,lockin,binary,,,10.002604,902,8,1,0.549782,,0.549782,frame_00000.png,frame_00119.png,r120_e250_f1.mp4,120 Hz,1/250,蛍光灯あり,60.003 fps,120,250,1,2,rice,R,R,12,,,frame_00000.png,frame_00119.png,QR未検出,120,1.999913
rice_R_12,lockin,0,0,QR未検出,,lockin,binary,,,15.000000,30,8,1,0.648531,,0.648531,frame_00000.png,frame_00119.png,r120_e250_f1.mp4,120 Hz,1/250,蛍光灯あり,60.003 fps,120,250,1,2,rice,R,R,12,,,frame_00000.png,frame_00119.png,QR未検出,120,1.999913
rice_R_12,lockin,1,0,QR未検出,,lockin,binary,,,15.000000,50,8,1,0.648747,,0.648747,frame_00000.png,frame_00119.png,r120_e250_f1.mp4,120 Hz,1/250,蛍光灯あり,60.003 fps,120,250,1,2,rice,R,R,12,,,frame_00000.png,frame_00119.png,QR未検出,120,1.999913
rice_R_12,lockin,0,0,QR未検出,,lockin,binary,,,15.000000,70,8,1,0.648747,,0.648747,frame_00000.png,frame_00119.png,r120_e250_f1.mp4,120 Hz,1/250,蛍光灯あり,60.003 fps,120,250,1,2,rice,R,R,12,,,frame_00000.png,frame_00119.png,QR未検出,120,1.999913
rice_R_12,lockin,0,0,QR未検出,,lockin,binary,,,15.000000,901,8,1,0.640728,,0.640728,frame_00000.png,frame_00119.png,r120_e250_f1.mp4,120 Hz,1/250,蛍光灯あり,60.003 fps,120,250,1,2,rice,R,R,12,,,frame_00000.png,frame_00119.png,QR未検出,120,1.999913
rice_R_12,lockin,0,0,QR未検出,,lockin,binary,,,15.000000,902,8,1,0.554403,,0.554403,frame_00000.png,frame_00119.png,r120_e250_f1.mp4,120 Hz,1/250,蛍光灯あり,60.003 fps,120,250,1,2,rice,R,R,12,,,frame_00000.png,frame_00119.png,QR未検出,120,1.999913
rice_R_12,lockin,0,0,QR未検出,,lockin,binary,,,29.997396,30,8,1,0.648482,,0.648482,frame_00000.png,frame_00119.png,r120_e250_f1.mp4,120 Hz,1/250,蛍光灯あり,60.003 fps,120,250,1,2,rice,R,R,12,,,frame_00000.png,frame_00119.png,QR未検出,120,1.999913
rice_R_12,lockin,0,0,QR未検出,,lockin,binary,,,29.997396,50,8,1,0.648643,,0.648643,frame_00000.png,frame_00119.png,r120_e250_f1.mp4,120 Hz,1/250,蛍光灯あり,60.003 fps,120,250,1,2,rice,R,R,12,,,frame_00000.png,frame_00119.png,QR未検出,120,1.999913
rice_R_12,lockin,0,0,QR未検出,,lockin,binary,,,29.997396,70,8,1,0.648678,,0.648678,frame_00000.png,frame_00119.png,r120_e250_f1.mp4,120 Hz,1/250,蛍光灯あり,60.003 fps,120,250,1,2,rice,R,R,12,,,frame_00000.png,frame_00119.png,QR未検出,120,1.999913
rice_R_12,lockin,0,0,QR未検出,,lockin,binary,,,29.997396,901,8,1,0.644861,,0.644861,frame_00000.png,frame_00119.png,r120_e250_f1.mp4,120 Hz,1/250,蛍光灯あり,60.003 fps,120,250,1,2,rice,R,R,12,,,frame_00000.png,frame_00119.png,QR未検出,120,1.999913
rice_R_12,lockin,0,0,QR未検出,,lockin,binary,,,29.997396,902,8,1,0.568291,,0.568291,frame_00000.png,frame_00119.png,r120_e250_f1.mp4,120 Hz,1/250,蛍光灯あり,60.003 fps,120,250,1,2,rice,R,R,12,,,frame_00000.png,frame_00119.png,QR未検出,120,1.999913
rice_R_4,lockin,0,0,QR未検出,,lockin,binary,,,10.002604,30,8,1,0.648367,,0.648367,frame_00000.png,frame_00119.png,r120_e250_f1.mp4,120 Hz,1/250,蛍光灯あり,60.003 fps,120,250,1,0,rice,R,R,4,,,frame_00000.png,frame_00119.png,QR未検出,120,1.999913
rice_R_4,lockin,0,0,QR未検出,,lockin,binary,,,10.002604,50,8,1,0.648694,,0.648694,frame_00000.png,frame_00119.png,r120_e250_f1.mp4,120 Hz,1/250,蛍光灯あり,60.003 fps,120,250,1,0,rice,R,R,4,,,frame_00000.png,frame_00119.png,QR未検出,120,1.999913
rice_R_4,lockin,1,0,QR未検出,,lockin,binary,,,10.002604,70,8,1,0.648747,,0.648747,frame_00000.png,frame_00119.png,r120_e250_f1.mp4,120 Hz,1/250,蛍光灯あり,60.003 fps,120,250,1,0,rice,R,R,4,,,frame_00000.png,frame_00119.png,QR未検出,120,1.999913
rice_R_4,lockin,0,0,QR未検出,,lockin,binary,,,10.002604,901,8,1,0.636481,,0.636481,frame_00000.png,frame_00119.png,r120_e250_f1.mp4,120 Hz,1/250,蛍光灯あり,60.003 fps,120,250,1,0,rice,R,R,4,,,frame_00000.png,frame_00119.png,QR未検出,120,1.999913
rice_R_4,lockin,0,0,QR未検出,,lockin,binary,,,10.002604,902,8,1,0.532096,,0.532096,frame_00000.png,frame_00119.png,r120_e250_f1.mp4,120 Hz,1/250,蛍光灯あり,60.003 fps,120,250,1,0,rice,R,R,4,,,frame_00000.png,frame_00119.png,QR未検出,120,1.999913
rice_R_4,lockin,0,0,QR未検出,,lockin,binary,,,15.000000,30,8,1,0.648318,,0.648318,frame_00000.png,frame_00119.png,r120_e250_f1.mp4,120 Hz,1/250,蛍光灯あり,60.003 fps,120,250,1,0,rice,R,R,4,,,frame_00000.png,frame_00119.png,QR未検出,120,1.999913
rice_R_4,lockin,0,0,QR未検出,,lockin,binary,,,15.000000,50,8,1,0.648705,,0.648705,frame_00000.png,frame_00119.png,r120_e250_f1.mp4,120 Hz,1/250,蛍光灯あり,60.003 fps,120,250,1,0,rice,R,R,4,,,frame_00000.png,frame_00119.png,QR未検出,120,1.999913
rice_R_4,lockin,0,0,QR未検出,,lockin,binary,,,15.000000,70,8,1,0.648747,,0.648747,frame_00000.png,frame_00119.png,r120_e250_f1.mp4,120 Hz,1/250,蛍光灯あり,60.003 fps,120,250,1,0,rice,R,R,4,,,frame_00000.png,frame_00119.png,QR未検出,120,1.999913
rice_R_4,lockin,0,0,QR未検出,,lockin,binary,,,15.000000,901,8,1,0.638451,,0.638451,frame_00000.png,frame_00119.png,r120_e250_f1.mp4,120 Hz,1/250,蛍光灯あり,60.003 fps,120,250,1,0,rice,R,R,4,,,frame_00000.png,frame_00119.png,QR未検出,120,1.999913
rice_R_4,lockin,0,0,QR未検出,,lockin,binary,,,15.000000,902,8,1,0.557664,,0.557664,frame_00000.png,frame_00119.png,r120_e250_f1.mp4,120 Hz,1/250,蛍光灯あり,60.003 fps,120,250,1,0,rice,R,R,4,,,frame_00000.png,frame_00119.png,QR未検出,120,1.999913
rice_R_4,lockin,0,0,QR未検出,,lockin,binary,,,29.997396,30,8,1,0.648503,,0.648503,frame_00000.png,frame_00119.png,r120_e250_f1.mp4,120 Hz,1/250,蛍光灯あり,60.003 fps,120,250,1,0,rice,R,R,4,,,frame_00000.png,frame_00119.png,QR未検出,120,1.999913
rice_R_4,lockin,0,0,QR未検出,,lockin,binary,,,29.997396,50,8,1,0.648645,,0.648645,frame_00000.png,frame_00119.png,r120_e250_f1.mp4,120 Hz,1/250,蛍光灯あり,60.003 fps,120,250,1,0,rice,R,R,4,,,frame_00000.png,frame_00119.png,QR未検出,120,1.999913
rice_R_4,lockin,0,0,QR未検出,,lockin,binary,,,29.997396,70,8,1,0.648740,,0.648740,frame_00000.png,frame_00119.png,r120_e250_f1.mp4,120 Hz,1/250,蛍光灯あり,60.003 fps,120,250,1,0,rice,R,R,4,,,frame_00000.png,frame_00119.png,QR未検出,120,1.999913
rice_R_4,lockin,0,0,QR未検出,,lockin,binary,,,29.997396,901,8,1,0.642129,,0.642129,frame_00000.png,frame_00119.png,r120_e250_f1.mp4,120 Hz,1/250,蛍光灯あり,60.003 fps,120,250,1,0,rice,R,R,4,,,frame_00000.png,frame_00119.png,QR未検出,120,1.999913
rice_R_4,lockin,0,0,QR未検出,,lockin,binary,,,29.997396,902,8,1,0.524530,,0.524530,frame_00000.png,frame_00119.png,r120_e250_f1.mp4,120 Hz,1/250,蛍光灯あり,60.003 fps,120,250,1,0,rice,R,R,4,,,frame_00000.png,frame_00119.png,QR未検出,120,1.999913
rice_R_8,lockin,0,0,QR未検出,,lockin,binary,,,10.002604,30,8,1,0.648356,,0.648356,frame_00000.png,frame_00119.png,r120_e250_f1.mp4,120 Hz,1/250,蛍光灯あり,60.003 fps,120,250,1,1,rice,R,R,8,,,frame_00000.png,frame_00119.png,QR未検出,120,1.999913
rice_R_8,lockin,0,0,QR未検出,,lockin,binary,,,10.002604,50,8,1,0.648747,,0.648747,frame_00000.png,frame_00119.png,r120_e250_f1.mp4,120 Hz,1/250,蛍光灯あり,60.003 fps,120,250,1,1,rice,R,R,8,,,frame_00000.png,frame_00119.png,QR未検出,120,1.999913
rice_R_8,lockin,0,0,QR未検出,,lockin,binary,,,10.002604,70,8,1,0.648747,,0.648747,frame_00000.png,frame_00119.png,r120_e250_f1.mp4,120 Hz,1/250,蛍光灯あり,60.003 fps,120,250,1,1,rice,R,R,8,,,frame_00000.png,frame_00119.png,QR未検出,120,1.999913
rice_R_8,lockin,0,0,QR未検出,,lockin,binary,,,10.002604,901,8,1,0.631645,,0.631645,frame_00000.png,frame_00119.png,r120_e250_f1.mp4,120 Hz,1/250,蛍光灯あり,60.003 fps,120,250,1,1,rice,R,R,8,,,frame_00000.png,frame_00119.png,QR未検出,120,1.999913
rice_R_8,lockin,0,0,QR未検出,,lockin,binary,,,10.002604,902,8,1,0.529991,,0.529991,frame_00000.png,frame_00119.png,r120_e250_f1.mp4,120 Hz,1/250,蛍光灯あり,60.003 fps,120,250,1,1,rice,R,R,8,,,frame_00000.png,frame_00119.png,QR未検出,120,1.999913
rice_R_8,lockin,0,0,QR未検出,,lockin,binary,,,15.000000,30,8,1,0.648573,,0.648573,frame_00000.png,frame_00119.png,r120_e250_f1.mp4,120 Hz,1/250,蛍光灯あり,60.003 fps,120,250,1,1,rice,R,R,8,,,frame_00000.png,frame_00119.png,QR未検出,120,1.999913
rice_R_8,lockin,1,0,QR未検出,,lockin,binary,,,15.000000,50,8,1,0.648752,,0.648752,frame_00000.png,frame_00119.png,r120_e250_f1.mp4,120 Hz,1/250,蛍光灯あり,60.003 fps,120,250,1,1,rice,R,R,8,,,frame_00000.png,frame_00119.png,QR未検出,120,1.999913
rice_R_8,lockin,0,0,QR未検出,,lockin,binary,,,15.000000,70,8,1,0.648747,,0.648747,frame_00000.png,frame_00119.png,r120_e250_f1.mp4,120 Hz,1/250,蛍光灯あり,60.003 fps,120,250,1,1,rice,R,R,8,,,frame_00000.png,frame_00119.png,QR未検出,120,1.999913
rice_R_8,lockin,0,0,QR未検出,,lockin,binary,,,15.000000,901,8,1,0.635512,,0.635512,frame_00000.png,frame_00119.png,r120_e250_f1.mp4,120 Hz,1/250,蛍光灯あり,60.003 fps,120,250,1,1,rice,R,R,8,,,frame_00000.png,frame_00119.png,QR未検出,120,1.999913
rice_R_8,lockin,0,0,QR未検出,,lockin,binary,,,15.000000,902,8,1,0.552975,,0.552975,frame_00000.png,frame_00119.png,r120_e250_f1.mp4,120 Hz,1/250,蛍光灯あり,60.003 fps,120,250,1,1,rice,R,R,8,,,frame_00000.png,frame_00119.png,QR未検出,120,1.999913
rice_R_8,lockin,0,0,QR未検出,,lockin,binary,,,29.997396,30,8,1,0.648537,,0.648537,frame_00000.png,frame_00119.png,r120_e250_f1.mp4,120 Hz,1/250,蛍光灯あり,60.003 fps,120,250,1,1,rice,R,R,8,,,frame_00000.png,frame_00119.png,QR未検出,120,1.999913
rice_R_8,lockin,0,0,QR未検出,,lockin,binary,,,29.997396,50,8,1,0.648747,,0.648747,frame_00000.png,frame_00119.png,r120_e250_f1.mp4,120 Hz,1/250,蛍光灯あり,60.003 fps,120,250,1,1,rice,R,R,8,,,frame_00000.png,frame_00119.png,QR未検出,120,1.999913
rice_R_8,lockin,0,0,QR未検出,,lockin,binary,,,29.997396,70,8,1,0.648747,,0.648747,frame_00000.png,frame_00119.png,r120_e250_f1.mp4,120 Hz,1/250,蛍光灯あり,60.003 fps,120,250,1,1,rice,R,R,8,,,frame_00000.png,frame_00119.png,QR未検出,120,1.999913
rice_R_8,lockin,0,0,QR未検出,,lockin,binary,,,29.997396,901,8,1,0.639737,,0.639737,frame_00000.png,frame_00119.png,r120_e250_f1.mp4,120 Hz,1/250,蛍光灯あり,60.003 fps,120,250,1,1,rice,R,R,8,,,frame_00000.png,frame_00119.png,QR未検出,120,1.999913
rice_R_8,lockin,0,0,QR未検出,,lockin,binary,,,29.997396,902,8,1,0.539614,,0.539614,frame_00000.png,frame_00119.png,r120_e250_f1.mp4,120 Hz,1/250,蛍光灯あり,60.003 fps,120,250,1,1,rice,R,R,8,,,frame_00000.png,frame_00119.png,QR未検出,120,1.999913
rice_X_12,lockin,0,0,QR未検出,,lockin,binary,,,10.002604,30,8,1,0.648601,,0.648601,frame_00000.png,frame_00119.png,r120_e250_f1.mp4,120 Hz,1/250,蛍光灯あり,60.003 fps,120,250,1,50,rice,max,X,12,,,frame_00000.png,frame_00119.png,QR未検出,120,1.999913
rice_X_12,lockin,0,0,QR未検出,,lockin,binary,,,10.002604,50,8,1,0.648661,,0.648661,frame_00000.png,frame_00119.png,r120_e250_f1.mp4,120 Hz,1/250,蛍光灯あり,60.003 fps,120,250,1,50,rice,max,X,12,,,frame_00000.png,frame_00119.png,QR未検出,120,1.999913
rice_X_12,lockin,0,0,QR未検出,,lockin,binary,,,10.002604,70,8,1,0.648685,,0.648685,frame_00000.png,frame_00119.png,r120_e250_f1.mp4,120 Hz,1/250,蛍光灯あり,60.003 fps,120,250,1,50,rice,max,X,12,,,frame_00000.png,frame_00119.png,QR未検出,120,1.999913
rice_X_12,lockin,0,0,QR未検出,,lockin,binary,,,10.002604,901,8,1,0.636219,,0.636219,frame_00000.png,frame_00119.png,r120_e250_f1.mp4,120 Hz,1/250,蛍光灯あり,60.003 fps,120,250,1,50,rice,max,X,12,,,frame_00000.png,frame_00119.png,QR未検出,120,1.999913
rice_X_12,lockin,0,0,QR未検出,,lockin,binary,,,10.002604,902,8,1,0.594034,,0.594034,frame_00000.png,frame_00119.png,r120_e250_f1.mp4,120 Hz,1/250,蛍光灯あり,60.003 fps,120,250,1,50,rice,max,X,12,,,frame_00000.png,frame_00119.png,QR未検出,120,1.999913
rice_X_12,lockin,0,0,QR未検出,,lockin,binary,,,15.000000,30,8,1,0.648297,,0.648297,frame_00000.png,frame_00119.png,r120_e250_f1.mp4,120 Hz,1/250,蛍光灯あり,60.003 fps,120,250,1,50,rice,max,X,12,,,frame_00000.png,frame_00119.png,QR未検出,120,1.999913
rice_X_12,lockin,0,0,QR未検出,,lockin,binary,,,15.000000,50,8,1,0.648579,,0.648579,frame_00000.png,frame_00119.png,r120_e250_f1.mp4,120 Hz,1/250,蛍光灯あり,60.003 fps,120,250,1,50,rice,max,X,12,,,frame_00000.png,frame_00119.png,QR未検出,120,1.999913
rice_X_12,lockin,0,0,QR未検出,,lockin,binary,,,15.000000,70,8,1,0.648726,,0.648726,frame_00000.png,frame_00119.png,r120_e250_f1.mp4,120 Hz,1/250,蛍光灯あり,60.003 fps,120,250,1,50,rice,max,X,12,,,frame_00000.png,frame_00119.png,QR未検出,120,1.999913
rice_X_12,lockin,0,0,QR未検出,,lockin,binary,,,15.000000,901,8,1,0.637045,,0.637045,frame_00000.png,frame_00119.png,r120_e250_f1.mp4,120 Hz,1/250,蛍光灯あり,60.003 fps,120,250,1,50,rice,max,X,12,,,frame_00000.png,frame_00119.png,QR未検出,120,1.999913
rice_X_12,lockin,0,0,QR未検出,,lockin,binary,,,15.000000,902,8,1,0.550426,,0.550426,frame_00000.png,frame_00119.png,r120_e250_f1.mp4,120 Hz,1/250,蛍光灯あり,60.003 fps,120,250,1,50,rice,max,X,12,,,frame_00000.png,frame_00119.png,QR未検出,120,1.999913
rice_X_12,lockin,1,0,QR未検出,,lockin,binary,,,29.997396,30,8,1,0.648955,,0.648955,frame_00000.png,frame_00119.png,r120_e250_f1.mp4,120 Hz,1/250,蛍光灯あり,60.003 fps,120,250,1,50,rice,max,X,12,,,frame_00000.png,frame_00119.png,QR未検出,120,1.999913
rice_X_12,lockin,0,0,QR未検出,,lockin,binary,,,29.997396,50,8,1,0.648733,,0.648733,frame_00000.png,frame_00119.png,r120_e250_f1.mp4,120 Hz,1/250,蛍光灯あり,60.003 fps,120,250,1,50,rice,max,X,12,,,frame_00000.png,frame_00119.png,QR未検出,120,1.999913
rice_X_12,lockin,0,0,QR未検出,,lockin,binary,,,29.997396,70,8,1,0.648747,,0.648747,frame_00000.png,frame_00119.png,r120_e250_f1.mp4,120 Hz,1/250,蛍光灯あり,60.003 fps,120,250,1,50,rice,max,X,12,,,frame_00000.png,frame_00119.png,QR未検出,120,1.999913
rice_X_12,lockin,0,0,QR未検出,,lockin,binary,,,29.997396,901,8,1,0.636301,,0.636301,frame_00000.png,frame_00119.png,r120_e250_f1.mp4,120 Hz,1/250,蛍光灯あり,60.003 fps,120,250,1,50,rice,max,X,12,,,frame_00000.png,frame_00119.png,QR未検出,120,1.999913
rice_X_12,lockin,0,0,QR未検出,,lockin,binary,,,29.997396,902,8,1,0.524686,,0.524686,frame_00000.png,frame_00119.png,r120_e250_f1.mp4,120 Hz,1/250,蛍光灯あり,60.003 fps,120,250,1,50,rice,max,X,12,,,frame_00000.png,frame_00119.png,QR未検出,120,1.999913
rice_X_4,lockin,0,0,QR未検出,,lockin,binary,,,10.002604,30,8,1,0.648552,,0.648552,frame_00000.png,frame_00119.png,r120_e250_f1.mp4,120 Hz,1/250,蛍光灯あり,60.003 fps,120,250,1,48,rice,max,X,4,,,frame_00000.png,frame_00119.png,QR未検出,120,1.999913
rice_X_4,lockin,0,0,QR未検出,,lockin,binary,,,10.002604,50,8,1,0.648664,,0.648664,frame_00000.png,frame_00119.png,r120_e250_f1.mp4,120 Hz,1/250,蛍光灯あり,60.003 fps,120,250,1,48,rice,max,X,4,,,frame_00000.png,frame_00119.png,QR未検出,120,1.999913
rice_X_4,lockin,0,0,QR未検出,,lockin,binary,,,10.002604,70,8,1,0.648670,,0.648670,frame_00000.png,frame_00119.png,r120_e250_f1.mp4,120 Hz,1/250,蛍光灯あり,60.003 fps,120,250,1,48,rice,max,X,4,,,frame_00000.png,frame_00119.png,QR未検出,120,1.999913
rice_X_4,lockin,0,0,QR未検出,,lockin,binary,,,10.002604,901,8,1,0.632027,,0.632027,frame_00000.png,frame_00119.png,r120_e250_f1.mp4,120 Hz,1/250,蛍光灯あり,60.003 fps,120,250,1,48,rice,max,X,4,,,frame_00000.png,frame_00119.png,QR未検出,120,1.999913
rice_X_4,lockin,0,0,QR未検出,,lockin,binary,,,10.002604,902,8,1,0.565226,,0.565226,frame_00000.png,frame_00119.png,r120_e250_f1.mp4,120 Hz,1/250,蛍光灯あり,60.003 fps,120,250,1,48,rice,max,X,4,,,frame_00000.png,frame_00119.png,QR未検出,120,1.999913
rice_X_4,lockin,0,0,QR未検出,,lockin,binary,,,15.000000,30,8,1,0.648496,,0.648496,frame_00000.png,frame_00119.png,r120_e250_f1.mp4,120 Hz,1/250,蛍光灯あり,60.003 fps,120,250,1,48,rice,max,X,4,,,frame_00000.png,frame_00119.png,QR未検出,120,1.999913
rice_X_4,lockin,0,0,QR未検出,,lockin,binary,,,15.000000,50,8,1,0.648652,,0.648652,frame_00000.png,frame_00119.png,r120_e250_f1.mp4,120 Hz,1/250,蛍光灯あり,60.003 fps,120,250,1,48,rice,max,X,4,,,frame_00000.png,frame_00119.png,QR未検出,120,1.999913
rice_X_4,lockin,0,0,QR未検出,,lockin,binary,,,15.000000,70,8,1,0.648722,,0.648722,frame_00000.png,frame_00119.png,r120_e250_f1.mp4,120 Hz,1/250,蛍光灯あり,60.003 fps,120,250,1,48,rice,max,X,4,,,frame_00000.png,frame_00119.png,QR未検出,120,1.999913
rice_X_4,lockin,0,0,QR未検出,,lockin,binary,,,15.000000,901,8,1,0.635839,,0.635839,frame_00000.png,frame_00119.png,r120_e250_f1.mp4,120 Hz,1/250,蛍光灯あり,60.003 fps,120,250,1,48,rice,max,X,4,,,frame_00000.png,frame_00119.png,QR未検出,120,1.999913
rice_X_4,lockin,0,0,QR未検出,,lockin,binary,,,15.000000,902,8,1,0.541271,,0.541271,frame_00000.png,frame_00119.png,r120_e250_f1.mp4,120 Hz,1/250,蛍光灯あり,60.003 fps,120,250,1,48,rice,max,X,4,,,frame_00000.png,frame_00119.png,QR未検出,120,1.999913
rice_X_4,lockin,0,0,QR未検出,,lockin,binary,,,29.997396,30,8,1,0.648461,,0.648461,frame_00000.png,frame_00119.png,r120_e250_f1.mp4,120 Hz,1/250,蛍光灯あり,60.003 fps,120,250,1,48,rice,max,X,4,,,frame_00000.png,frame_00119.png,QR未検出,120,1.999913
rice_X_4,lockin,0,0,QR未検出,,lockin,binary,,,29.997396,50,8,1,0.648724,,0.648724,frame_00000.png,frame_00119.png,r120_e250_f1.mp4,120 Hz,1/250,蛍光灯あり,60.003 fps,120,250,1,48,rice,max,X,4,,,frame_00000.png,frame_00119.png,QR未検出,120,1.999913
rice_X_4,lockin,1,0,QR未検出,,lockin,binary,,,29.997396,70,8,1,0.648747,,0.648747,frame_00000.png,frame_00119.png,r120_e250_f1.mp4,120 Hz,1/250,蛍光灯あり,60.003 fps,120,250,1,48,rice,max,X,4,,,frame_00000.png,frame_00119.png,QR未検出,120,1.999913
rice_X_4,lockin,0,0,QR未検出,,lockin,binary,,,29.997396,901,8,1,0.640698,,0.640698,frame_00000.png,frame_00119.png,r120_e250_f1.mp4,120 Hz,1/250,蛍光灯あり,60.003 fps,120,250,1,48,rice,max,X,4,,,frame_00000.png,frame_00119.png,QR未検出,120,1.999913
rice_X_4,lockin,0,0,QR未検出,,lockin,binary,,,29.997396,902,8,1,0.535179,,0.535179,frame_00000.png,frame_00119.png,r120_e250_f1.mp4,120 Hz,1/250,蛍光灯あり,60.003 fps,120,250,1,48,rice,max,X,4,,,frame_00000.png,frame_00119.png,QR未検出,120,1.999913
rice_X_8,lockin,0,0,QR未検出,,lockin,binary,,,10.002604,30,8,1,0.648335,,0.648335,frame_00000.png,frame_00119.png,r120_e250_f1.mp4,120 Hz,1/250,蛍光灯あり,60.003 fps,120,250,1,49,rice,max,X,8,,,frame_00000.png,frame_00119.png,QR未検出,120,1.999913
rice_X_8,lockin,0,0,QR未検出,,lockin,binary,,,10.002604,50,8,1,0.648652,,0.648652,frame_00000.png,frame_00119.png,r120_e250_f1.mp4,120 Hz,1/250,蛍光灯あり,60.003 fps,120,250,1,49,rice,max,X,8,,,frame_00000.png,frame_00119.png,QR未検出,120,1.999913
rice_X_8,lockin,0,0,QR未検出,,lockin,binary,,,10.002604,70,8,1,0.648747,,0.648747,frame_00000.png,frame_00119.png,r120_e250_f1.mp4,120 Hz,1/250,蛍光灯あり,60.003 fps,120,250,1,49,rice,max,X,8,,,frame_00000.png,frame_00119.png,QR未検出,120,1.999913
rice_X_8,lockin,0,0,QR未検出,,lockin,binary,,,10.002604,901,8,1,0.632508,,0.632508,frame_00000.png,frame_00119.png,r120_e250_f1.mp4,120 Hz,1/250,蛍光灯あり,60.003 fps,120,250,1,49,rice,max,X,8,,,frame_00000.png,frame_00119.png,QR未検出,120,1.999913
rice_X_8,lockin,0,0,QR未検出,,lockin,binary,,,10.002604,902,8,1,0.534113,,0.534113,frame_00000.png,frame_00119.png,r120_e250_f1.mp4,120 Hz,1/250,蛍光灯あり,60.003 fps,120,250,1,49,rice,max,X,8,,,frame_00000.png,frame_00119.png,QR未検出,120,1.999913
rice_X_8,lockin,0,0,QR未検出,,lockin,binary,,,15.000000,30,8,1,0.648668,,0.648668,frame_00000.png,frame_00119.png,r120_e250_f1.mp4,120 Hz,1/250,蛍光灯あり,60.003 fps,120,250,1,49,rice,max,X,8,,,frame_00000.png,frame_00119.png,QR未検出,120,1.999913
rice_X_8,lockin,0,0,QR未検出,,lockin,binary,,,15.000000,50,8,1,0.648652,,0.648652,frame_00000.png,frame_00119.png,r120_e250_f1.mp4,120 Hz,1/250,蛍光灯あり,60.003 fps,120,250,1,49,rice,max,X,8,,,frame_00000.png,frame_00119.png,QR未検出,120,1.999913
rice_X_8,lockin,0,0,QR未検出,,lockin,binary,,,15.000000,70,8,1,0.648670,,0.648670,frame_00000.png,frame_00119.png,r120_e250_f1.mp4,120 Hz,1/250,蛍光灯あり,60.003 fps,120,250,1,49,rice,max,X,8,,,frame_00000.png,frame_00119.png,QR未検出,120,1.999913
rice_X_8,lockin,0,0,QR未検出,,lockin,binary,,,15.000000,901,8,1,0.631684,,0.631684,frame_00000.png,frame_00119.png,r120_e250_f1.mp4,120 Hz,1/250,蛍光灯あり,60.003 fps,120,250,1,49,rice,max,X,8,,,frame_00000.png,frame_00119.png,QR未検出,120,1.999913
rice_X_8,lockin,0,0,QR未検出,,lockin,binary,,,15.000000,902,8,1,0.602592,,0.602592,frame_00000.png,frame_00119.png,r120_e250_f1.mp4,120 Hz,1/250,蛍光灯あり,60.003 fps,120,250,1,49,rice,max,X,8,,,frame_00000.png,frame_00119.png,QR未検出,120,1.999913
rice_X_8,lockin,0,0,QR未検出,,lockin,binary,,,29.997396,30,8,1,0.648615,,0.648615,frame_00000.png,frame_00119.png,r120_e250_f1.mp4,120 Hz,1/250,蛍光灯あり,60.003 fps,120,250,1,49,rice,max,X,8,,,frame_00000.png,frame_00119.png,QR未検出,120,1.999913
rice_X_8,lockin,1,0,QR未検出,,lockin,binary,,,29.997396,50,8,1,0.648747,,0.648747,frame_00000.png,frame_00119.png,r120_e250_f1.mp4,120 Hz,1/250,蛍光灯あり,60.003 fps,120,250,1,49,rice,max,X,8,,,frame_00000.png,frame_00119.png,QR未検出,120,1.999913
rice_X_8,lockin,0,0,QR未検出,,lockin,binary,,,29.997396,70,8,1,0.648747,,0.648747,frame_00000.png,frame_00119.png,r120_e250_f1.mp4,120 Hz,1/250,蛍光灯あり,60.003 fps,120,250,1,49,rice,max,X,8,,,frame_00000.png,frame_00119.png,QR未検出,120,1.999913
rice_X_8,lockin,0,0,QR未検出,,lockin,binary,,,29.997396,901,8,1,0.639290,,0.639290,frame_00000.png,frame_00119.png,r120_e250_f1.mp4,120 Hz,1/250,蛍光灯あり,60.003 fps,120,250,1,49,rice,max,X,8,,,frame_00000.png,frame_00119.png,QR未検出,120,1.999913
rice_X_8,lockin,0,0,QR未検出,,lockin,binary,,,29.997396,902,8,1,0.553395,,0.553395,frame_00000.png,frame_00119.png,r120_e250_f1.mp4,120 Hz,1/250,蛍光灯あり,60.003 fps,120,250,1,49,rice,max,X,8,,,frame_00000.png,frame_00119.png,QR未検出,120,1.999913
