folder,pass,adopted,decode_success,decode_note,decode_variant,diff_mode,repr_mode,window_n,stat_kind,fft_target_hz,diff_threshold,phase_steps,n_maps,pixel_acc_all,pixel_acc_ok,pixel_acc_best,best_pair_frame_1,best_pair_frame_2,video,display_rate,exposure,fluorescent,camera_fps,rate_hz,exposure_denom,fluorescent_flag,cond,image,channel,token,intensity,decode_decoded_text,decode_method,decode_frame_1,decode_frame_2,note,analysis_frames,extract_sec
rice_R_4,lockin,1,0,QR未検出,,lockin,binary,,,30.000000,12,8,1,0.893700,,0.893700,frame_00000.png,frame_00119.png,r60_e60_f1.mp4,60 Hz,1/60,蛍光灯あり,60.008 fps,60,60,1,0,rice,R,R,4,,,frame_00000.png,frame_00119.png,,120,1.999742
rice_R_4,lockin,0,0,QR未検出,,lockin,binary,,,30.000000,8,8,1,0.888035,,0.888035,frame_00000.png,frame_00119.png,r60_e60_f1.mp4,60 Hz,1/60,蛍光灯あり,60.008 fps,60,60,1,0,rice,R,R,4,,,frame_00000.png,frame_00119.png,,120,1.999742
rice_R_4,lockin,0,0,QR未検出,,lockin,binary,,,30.000000,4,8,1,0.843760,,0.843760,frame_00000.png,frame_00119.png,r60_e60_f1.mp4,60 Hz,1/60,蛍光灯あり,60.008 fps,60,60,1,0,rice,R,R,4,,,frame_00000.png,frame_00119.png,,120,1.999742
rice_R_4,lockin,0,0,QR未検出,,lockin,binary,,,15.000000,12,8,1,0.712832,,0.712832,frame_00000.png,frame_00119.png,r60_e60_f1.mp4,60 Hz,1/60,蛍光灯あり,60.008 fps,60,60,1,0,rice,R,R,4,,,frame_00000.png,frame_00119.png,,120,1.999742
rice_R_4,lockin,0,0,QR未検出,,lockin,binary,,,10.007741,12,8,1,0.671505,,0.671505,frame_00000.png,frame_00119.png,r60_e60_f1.mp4,60 Hz,1/60,蛍光灯あり,60.008 fps,60,60,1,0,rice,R,R,4,,,frame_00000.png,frame_00119.png,,120,1.999742
rice_R_4,lockin,0,0,QR未検出,,lockin,binary,,,10.007741,4,8,1,0.624122,,0.624122,frame_00000.png,frame_00119.png,r60_e60_f1.mp4,60 Hz,1/60,蛍光灯あり,60.008 fps,60,60,1,0,rice,R,R,4,,,frame_00000.png,frame_00119.png,,120,1.999742
rice_R_4,lockin,0,0,QR未検出,,lockin,binary,,,15.000000,4,8,1,0.605236,,0.605236,frame_00000.png,frame_00119.png,r60_e60_f1.mp4,60 Hz,1/60,蛍光灯あり,60.008 fps,60,60,1,0,rice,R,R,4,,,frame_00000.png,frame_00119.png,,120,1.999742
rice_R_4,lockin,0,0,QR未検出,,lockin,binary,,,15.000000,8,8,1,0.573159,,0.573159,frame_00000.png,frame_00119.png,r60_e60_f1.mp4,60 Hz,1/60,蛍光灯あり,60.008 fps,60,60,1,0,rice,R,R,4,,,frame_00000.png,frame_00119.png,,120,1.999742
rice_R_4,lockin,0,0,QR未検出,,lockin,binary,,,10.007741,8,8,1,0.506738,,0.506738,frame_00000.png,frame_00119.png,r60_e60_f1.mp4,60 Hz,1/60,蛍光灯あり,60.008 fps,60,60,1,0,rice,R,R,4,,,frame_00000.png,frame_00119.png,,120,1.999742
rice_R_8,lockin,0,0,QR未検出,,lockin,binary,,,30.000000,12,8,1,0.890334,,0.890334,frame_00000.png,frame_00119.png,r60_e60_f1.mp4,60 Hz,1/60,蛍光灯あり,60.008 fps,60,60,1,1,rice,R,R,8,,,frame_00000.png,frame_00119.png,,120,1.999742
rice_R_8,lockin,0,0,QR未検出,,lockin,binary,,,30.000000,8,8,1,0.861022,,0.861022,frame_00000.png,frame_00119.png,r60_e60_f1.mp4,60 Hz,1/60,蛍光灯あり,60.008 fps,60,60,1,1,rice,R,R,8,,,frame_00000.png,frame_00119.png,,120,1.999742
rice_R_8,lockin,0,0,QR未検出,,lockin,binary,,,30.000000,4,8,1,0.801262,,0.801262,frame_00000.png,frame_00119.png,r60_e60_f1.mp4,60 Hz,1/60,蛍光灯あり,60.008 fps,60,60,1,1,rice,R,R,8,,,frame_00000.png,frame_00119.png,,120,1.999742
rice_R_8,lockin,0,0,QR未検出,,lockin,binary,,,15.000000,12,8,1,0.718089,,0.718089,frame_00000.png,frame_00119.png,r60_e60_f1.mp4,60 Hz,1/60,蛍光灯あり,60.008 fps,60,60,1,1,rice,R,R,8,,,frame_00000.png,frame_00119.png,,120,1.999742
rice_R_8,lockin,0,0,QR未検出,,lockin,binary,,,10.007741,12,8,1,0.710503,,0.710503,frame_00000.png,frame_00119.png,r60_e60_f1.mp4,60 Hz,1/60,蛍光灯あり,60.008 fps,60,60,1,1,rice,R,R,8,,,frame_00000.png,frame_00119.png,,120,1.999742
rice_R_8,lockin,0,0,QR未検出,,lockin,binary,,,10.007741,8,8,1,0.633596,,0.633596,frame_00000.png,frame_00119.png,r60_e60_f1.mp4,60 Hz,1/60,蛍光灯あり,60.008 fps,60,60,1,1,rice,R,R,8,,,frame_00000.png,frame_00119.png,,120,1.999742
rice_R_8,lockin,0,0,QR未検出,,lockin,binary,,,15.000000,8,8,1,0.630340,,0.630340,frame_00000.png,frame_00119.png,r60_e60_f1.mp4,60 Hz,1/60,蛍光灯あり,60.008 fps,60,60,1,1,rice,R,R,8,,,frame_00000.png,frame_00119.png,,120,1.999742
rice_R_8,lockin,0,0,QR未検出,,lockin,binary,,,15.000000,4,8,1,0.592199,,0.592199,frame_00000.png,frame_00119.png,r60_e60_f1.mp4,60 Hz,1/60,蛍光灯あり,60.008 fps,60,60,1,1,rice,R,R,8,,,frame_00000.png,frame_00119.png,,120,1.999742
rice_R_8,lockin,0,0,QR未検出,,lockin,binary,,,10.007741,4,8,1,0.583603,,0.583603,frame_00000.png,frame_00119.png,r60_e60_f1.mp4,60 Hz,1/60,蛍光灯あり,60.008 fps,60,60,1,1,rice,R,R,8,,,frame_00000.png,frame_00119.png,,120,1.999742
rice_R_12,lockin,0,1,,zxing_gray,lockin,binary,,,30.000000,12,8,1,0.931038,0.931038,0.931038,frame_00000.png,frame_00119.png,r60_e60_f1.mp4,60 Hz,1/60,蛍光灯あり,60.008 fps,60,60,1,2,rice,R,R,12,https://www.nagaoka-ct.ac.jp,zxing_gray_x1.0_k3_i1,frame_00000.png,frame_00119.png,,120,1.999742
rice_R_12,lockin,0,0,QR未検出,,lockin,binary,,,30.000000,8,8,1,0.904970,,0.904970,frame_00000.png,frame_00119.png,r60_e60_f1.mp4,60 Hz,1/60,蛍光灯あり,60.008 fps,60,60,1,2,rice,R,R,12,,,frame_00000.png,frame_00119.png,,120,1.999742
rice_R_12,lockin,0,0,QR未検出,,lockin,binary,,,30.000000,4,8,1,0.847800,,0.847800,frame_00000.png,frame_00119.png,r60_e60_f1.mp4,60 Hz,1/60,蛍光灯あり,60.008 fps,60,60,1,2,rice,R,R,12,,,frame_00000.png,frame_00119.png,,120,1.999742
rice_R_12,lockin,0,0,QR未検出,,lockin,binary,,,15.000000,12,8,1,0.744907,,0.744907,frame_00000.png,frame_00119.png,r60_e60_f1.mp4,60 Hz,1/60,蛍光灯あり,60.008 fps,60,60,1,2,rice,R,R,12,,,frame_00000.png,frame_00119.png,,120,1.999742
rice_R_12,lockin,0,0,QR未検出,,lockin,binary,,,10.007741,12,8,1,0.723538,,0.723538,frame_00000.png,frame_00119.png,r60_e60_f1.mp4,60 Hz,1/60,蛍光灯あり,60.008 fps,60,60,1,2,rice,R,R,12,,,frame_00000.png,frame_00119.png,,120,1.999742
rice_R_12,lockin,0,0,QR未検出,,lockin,binary,,,15.000000,8,8,1,0.695816,,0.695816,frame_00000.png,frame_00119.png,r60_e60_f1.mp4,60 Hz,1/60,蛍光灯あり,60.008 fps,60,60,1,2,rice,R,R,12,,,frame_00000.png,frame_00119.png,,120,1.999742
rice_R_12,lockin,0,0,QR未検出,,lockin,binary,,,10.007741,8,8,1,0.613660,,0.613660,frame_00000.png,frame_00119.png,r60_e60_f1.mp4,60 Hz,1/60,蛍光灯あり,60.008 fps,60,60,1,2,rice,R,R,12,,,frame_00000.png,frame_00119.png,,120,1.999742
rice_R_12,lockin,0,0,QR未検出,,lockin,binary,,,10.007741,4,8,1,0.586250,,0.586250,frame_00000.png,frame_00119.png,r60_e60_f1.mp4,60 Hz,1/60,蛍光灯あり,60.008 fps,60,60,1,2,rice,R,R,12,,,frame_00000.png,frame_00119.png,,120,1.999742
rice_R_12,lockin,0,0,QR未検出,,lockin,binary,,,15.000000,4,8,1,0.522181,,0.522181,frame_00000.png,frame_00119.png,r60_e60_f1.mp4,60 Hz,1/60,蛍光灯あり,60.008 fps,60,60,1,2,rice,R,R,12,,,frame_00000.png,frame_00119.png,,120,1.999742
nagaoka_fireworks_R_4,lockin,1,0,QR未検出,,lockin,binary,,,30.000000,8,8,1,0.759170,,0.759170,frame_00000.png,frame_00119.png,r60_e60_f1.mp4,60 Hz,1/60,蛍光灯あり,60.008 fps,60,60,1,3,nagaoka_fireworks,R,R,4,,,frame_00000.png,frame_00119.png,,120,1.999742
nagaoka_fireworks_R_4,lockin,0,0,QR未検出,,lockin,binary,,,30.000000,12,8,1,0.758712,,0.758712,frame_00000.png,frame_00119.png,r60_e60_f1.mp4,60 Hz,1/60,蛍光灯あり,60.008 fps,60,60,1,3,nagaoka_fireworks,R,R,4,,,frame_00000.png,frame_00119.png,,120,1.999742
nagaoka_fireworks_R_4,lockin,0,0,QR未検出,,lockin,binary,,,30.000000,4,8,1,0.705501,,0.705501,frame_00000.png,frame_00119.png,r60_e60_f1.mp4,60 Hz,1/60,蛍光灯あり,60.008 fps,60,60,1,3,nagaoka_fireworks,R,R,4,,,frame_00000.png,frame_00119.png,,120,1.999742
nagaoka_fireworks_R_4,lockin,0,0,QR未検出,,lockin,binary,,,15.000000,8,8,1,0.648113,,0.648113,frame_00000.png,frame_00119.png,r60_e60_f1.mp4,60 Hz,1/60,蛍光灯あり,60.008 fps,60,60,1,3,nagaoka_fireworks,R,R,4,,,frame_00000.png,frame_00119.png,,120,1.999742
nagaoka_fireworks_R_4,lockin,0,0,QR未検出,,lockin,binary,,,15.000000,12,8,1,0.645167,,0.645167,frame_00000.png,frame_00119.png,r60_e60_f1.mp4,60 Hz,1/60,蛍光灯あり,60.008 fps,60,60,1,3,nagaoka_fireworks,R,R,4,,,frame_00000.png,frame_00119.png,,120,1.999742
nagaoka_fireworks_R_4,lockin,0,0,QR未検出,,lockin,binary,,,10.007741,12,8,1,0.608102,,0.608102,frame_00000.png,frame_00119.png,r60_e60_f1.mp4,60 Hz,1/60,蛍光灯あり,60.008 fps,60,60,1,3,nagaoka_fireworks,R,R,4,,,frame_00000.png,frame_00119.png,,120,1.999742
nagaoka_fireworks_R_4,lockin,0,0,QR未検出,,lockin,binary,,,15.000000,4,8,1,0.559237,,0.559237,frame_00000.png,frame_00119.png,r60_e60_f1.mp4,60 Hz,1/60,蛍光灯あり,60.008 fps,60,60,1,3,nagaoka_fireworks,R,R,4,,,frame_00000.png,frame_00119.png,,120,1.999742
nagaoka_fireworks_R_4,lockin,0,0,QR未検出,,lockin,binary,,,10.007741,4,8,1,0.543366,,0.543366,frame_00000.png,frame_00119.png,r60_e60_f1.mp4,60 Hz,1/60,蛍光灯あり,60.008 fps,60,60,1,3,nagaoka_fireworks,R,R,4,,,frame_00000.png,frame_00119.png,,120,1.999742
nagaoka_fireworks_R_4,lockin,0,0,QR未検出,,lockin,binary,,,10.007741,8,8,1,0.538927,,0.538927,frame_00000.png,frame_00119.png,r60_e60_f1.mp4,60 Hz,1/60,蛍光灯あり,60.008 fps,60,60,1,3,nagaoka_fireworks,R,R,4,,,frame_00000.png,frame_00119.png,,120,1.999742
nagaoka_fireworks_R_8,lockin,1,0,QR未検出,,lockin,binary,,,30.000000,12,8,1,0.801937,,0.801937,frame_00000.png,frame_00119.png,r60_e60_f1.mp4,60 Hz,1/60,蛍光灯あり,60.008 fps,60,60,1,4,nagaoka_fireworks,R,R,8,,,frame_00000.png,frame_00119.png,,120,1.999742
nagaoka_fireworks_R_8,lockin,0,0,QR未検出,,lockin,binary,,,30.000000,8,8,1,0.788181,,0.788181,frame_00000.png,frame_00119.png,r60_e60_f1.mp4,60 Hz,1/60,蛍光灯あり,60.008 fps,60,60,1,4,nagaoka_fireworks,R,R,8,,,frame_00000.png,frame_00119.png,,120,1.999742
nagaoka_fireworks_R_8,lockin,0,0,QR未検出,,lockin,binary,,,30.000000,4,8,1,0.740643,,0.740643,frame_00000.png,frame_00119.png,r60_e60_f1.mp4,60 Hz,1/60,蛍光灯あり,60.008 fps,60,60,1,4,nagaoka_fireworks,R,R,8,,,frame_00000.png,frame_00119.png,,120,1.999742
nagaoka_fireworks_R_8,lockin,0,0,QR未検出,,lockin,binary,,,10.007741,12,8,1,0.665921,,0.665921,frame_00000.png,frame_00119.png,r60_e60_f1.mp4,60 Hz,1/60,蛍光灯あり,60.008 fps,60,60,1,4,nagaoka_fireworks,R,R,8,,,frame_00000.png,frame_00119.png,,120,1.999742
nagaoka_fireworks_R_8,lockin,0,0,QR未検出,,lockin,binary,,,15.000000,12,8,1,0.619305,,0.619305,frame_00000.png,frame_00119.png,r60_e60_f1.mp4,60 Hz,1/60,蛍光灯あり,60.008 fps,60,60,1,4,nagaoka_fireworks,R,R,8,,,frame_00000.png,frame_00119.png,,120,1.999742
nagaoka_fireworks_R_8,lockin,0,0,QR未検出,,lockin,binary,,,10.007741,8,8,1,0.586985,,0.586985,frame_00000.png,frame_00119.png,r60_e60_f1.mp4,60 Hz,1/60,蛍光灯あり,60.008 fps,60,60,1,4,nagaoka_fireworks,R,R,8,,,frame_00000.png,frame_00119.png,,120,1.999742
nagaoka_fireworks_R_8,lockin,0,0,QR未検出,,lockin,binary,,,15.000000,4,8,1,0.544893,,0.544893,frame_00000.png,frame_00119.png,r60_e60_f1.mp4,60 Hz,1/60,蛍光灯あり,60.008 fps,60,60,1,4,nagaoka_fireworks,R,R,8,,,frame_00000.png,frame_00119.png,,120,1.999742
nagaoka_fireworks_R_8,lockin,0,0,QR未検出,,lockin,binary,,,15.000000,8,8,1,0.540785,,0.540785,frame_00000.png,frame_00119.png,r60_e60_f1.mp4,60 Hz,1/60,蛍光灯あり,60.008 fps,60,60,1,4,nagaoka_fireworks,R,R,8,,,frame_00000.png,frame_00119.png,,120,1.999742
nagaoka_fireworks_R_8,lockin,0,0,QR未検出,,lockin,binary,,,10.007741,4,8,1,0.530234,,0.530234,frame_00000.png,frame_00119.png,r60_e60_f1.mp4,60 Hz,1/60,蛍光灯あり,60.008 fps,60,60,1,4,nagaoka_fireworks,R,R,8,,,frame_00000.png,frame_00119.png,,120,1.999742
nagaoka_fireworks_R_12,lockin,1,0,QR未検出,,lockin,binary,,,30.000000,12,8,1,0.886784,,0.886784,frame_00000.png,frame_00119.png,r60_e60_f1.mp4,60 Hz,1/60,蛍光灯あり,60.008 fps,60,60,1,5,nagaoka_fireworks,R,R,12,,,frame_00000.png,frame_00119.png,,120,1.999742
nagaoka_fireworks_R_12,lockin,0,0,QR未検出,,lockin,binary,,,30.000000,8,8,1,0.849135,,0.849135,frame_00000.png,frame_00119.png,r60_e60_f1.mp4,60 Hz,1/60,蛍光灯あり,60.008 fps,60,60,1,5,nagaoka_fireworks,R,R,12,,,frame_00000.png,frame_00119.png,,120,1.999742
nagaoka_fireworks_R_12,lockin,0,0,QR未検出,,lockin,binary,,,30.000000,4,8,1,0.783468,,0.783468,frame_00000.png,frame_00119.png,r60_e60_f1.mp4,60 Hz,1/60,蛍光灯あり,60.008 fps,60,60,1,5,nagaoka_fireworks,R,R,12,,,frame_00000.png,frame_00119.png,,120,1.999742
nagaoka_fireworks_R_12,lockin,0,0,QR未検出,,lockin,binary,,,10.007741,12,8,1,0.683708,,0.683708,frame_00000.png,frame_00119.png,r60_e60_f1.mp4,60 Hz,1/60,蛍光灯あり,60.008 fps,60,60,1,5,nagaoka_fireworks,R,R,12,,,frame_00000.png,frame_00119.png,,120,1.999742
nagaoka_fireworks_R_12,lockin,0,0,QR未検出,,lockin,binary,,,15.000000,12,8,1,0.666513,,0.666513,frame_00000.png,frame_00119.png,r60_e60_f1.mp4,60 Hz,1/60,蛍光灯あり,60.008 fps,60,60,1,5,nagaoka_fireworks,R,R,12,,,frame_00000.png,frame_00119.png,,120,1.999742
nagaoka_fireworks_R_12,lockin,0,0,QR未検出,,lockin,binary,,,10.007741,8,8,1,0.656849,,0.656849,frame_00000.png,frame_00119.png,r60_e60_f1.mp4,60 Hz,1/60,蛍光灯あり,60.008 fps,60,60,1,5,nagaoka_fireworks,R,R,12,,,frame_00000.png,frame_00119.png,,120,1.999742
nagaoka_fireworks_R_12,lockin,0,0,QR未検出,,lockin,binary,,,15.000000,8,8,1,0.621992,,0.621992,frame_00000.png,frame_00119.png,r60_e60_f1.mp4,60 Hz,1/60,蛍光灯あり,60.008 fps,60,60,1,5,nagaoka_fireworks,R,R,12,,,frame_00000.png,frame_00119.png,,120,1.999742
nagaoka_fireworks_R_12,lockin,0,0,QR未検出,,lockin,binary,,,10.007741,4,8,1,0.519211,,0.519211,frame_00000.png,frame_00119.png,r60_e60_f1.mp4,60 Hz,1/60,蛍光灯あり,60.008 fps,60,60,1,5,nagaoka_fireworks,R,R,12,,,frame_00000.png,frame_00119.png,,120,1.999742
nagaoka_fireworks_R_12,lockin,0,0,QR未検出,,lockin,binary,,,15.000000,4,8,1,0.501804,,0.501804,frame_00000.png,frame_00119.png,r60_e60_f1.mp4,60 Hz,1/60,蛍光灯あり,60.008 fps,60,60,1,5,nagaoka_fireworks,R,R,12,,,frame_00000.png,frame_00119.png,,120,1.999742
hocho_R_4,lockin,1,0,QR未検出,,lockin,binary,,,30.000000,4,8,1,0.684520,,0.684520,frame_00000.png,frame_00119.png,r60_e60_f1.mp4,60 Hz,1/60,蛍光灯あり,60.008 fps,60,60,1,6,hocho,R,R,4,,,frame_00000.png,frame_00119.png,,120,1.999742
hocho_R_4,lockin,0,0,QR未検出,,lockin,binary,,,30.000000,8,8,1,0.679733,,0.679733,frame_00000.png,frame_00119.png,r60_e60_f1.mp4,60 Hz,1/60,蛍光灯あり,60.008 fps,60,60,1,6,hocho,R,R,4,,,frame_00000.png,frame_00119.png,,120,1.999742
hocho_R_4,lockin,0,0,QR未検出,,lockin,binary,,,30.000000,12,8,1,0.668196,,0.668196,frame_00000.png,frame_00119.png,r60_e60_f1.mp4,60 Hz,1/60,蛍光灯あり,60.008 fps,60,60,1,6,hocho,R,R,4,,,frame_00000.png,frame_00119.png,,120,1.999742
hocho_R_4,lockin,0,0,QR未検出,,lockin,binary,,,10.007741,4,8,1,0.607192,,0.607192,frame_00000.png,frame_00119.png,r60_e60_f1.mp4,60 Hz,1/60,蛍光灯あり,60.008 fps,60,60,1,6,hocho,R,R,4,,,frame_00000.png,frame_00119.png,,120,1.999742
hocho_R_4,lockin,0,0,QR未検出,,lockin,binary,,,10.007741,12,8,1,0.604235,,0.604235,frame_00000.png,frame_00119.png,r60_e60_f1.mp4,60 Hz,1/60,蛍光灯あり,60.008 fps,60,60,1,6,hocho,R,R,4,,,frame_00000.png,frame_00119.png,,120,1.999742
hocho_R_4,lockin,0,0,QR未検出,,lockin,binary,,,15.000000,12,8,1,0.603785,,0.603785,frame_00000.png,frame_00119.png,r60_e60_f1.mp4,60 Hz,1/60,蛍光灯あり,60.008 fps,60,60,1,6,hocho,R,R,4,,,frame_00000.png,frame_00119.png,,120,1.999742
hocho_R_4,lockin,0,0,QR未検出,,lockin,binary,,,15.000000,4,8,1,0.599674,,0.599674,frame_00000.png,frame_00119.png,r60_e60_f1.mp4,60 Hz,1/60,蛍光灯あり,60.008 fps,60,60,1,6,hocho,R,R,4,,,frame_00000.png,frame_00119.png,,120,1.999742
hocho_R_4,lockin,0,0,QR未検出,,lockin,binary,,,15.000000,8,8,1,0.542989,,0.542989,frame_00000.png,frame_00119.png,r60_e60_f1.mp4,60 Hz,1/60,蛍光灯あり,60.008 fps,60,60,1,6,hocho,R,R,4,,,frame_00000.png,frame_00119.png,,120,1.999742
hocho_R_4,lockin,0,0,QR未検出,,lockin,binary,,,10.007741,8,8,1,0.529319,,0.529319,frame_00000.png,frame_00119.png,r60_e60_f1.mp4,60 Hz,1/60,蛍光灯あり,60.008 fps,60,60,1,6,hocho,R,R,4,,,frame_00000.png,frame_00119.png,,120,1.999742
hocho_R_8,lockin,1,0,QR未検出,,lockin,binary,,,30.000000,8,8,1,0.735446,,0.735446,frame_00000.png,frame_00119.png,r60_e60_f1.mp4,60 Hz,1/60,蛍光灯あり,60.008 fps,60,60,1,7,hocho,R,R,8,,,frame_00000.png,frame_00119.png,,120,1.999742
hocho_R_8,lockin,0,0,QR未検出,,lockin,binary,,,30.000000,12,8,1,0.731548,,0.731548,frame_00000.png,frame_00119.png,r60_e60_f1.mp4,60 Hz,1/60,蛍光灯あり,60.008 fps,60,60,1,7,hocho,R,R,8,,,frame_00000.png,frame_00119.png,,120,1.999742
hocho_R_8,lockin,0,0,QR未検出,,lockin,binary,,,30.000000,4,8,1,0.728155,,0.728155,frame_00000.png,frame_00119.png,r60_e60_f1.mp4,60 Hz,1/60,蛍光灯あり,60.008 fps,60,60,1,7,hocho,R,R,8,,,frame_00000.png,frame_00119.png,,120,1.999742
hocho_R_8,lockin,0,0,QR未検出,,lockin,binary,,,15.000000,12,8,1,0.636690,,0.636690,frame_00000.png,frame_00119.png,r60_e60_f1.mp4,60 Hz,1/60,蛍光灯あり,60.008 fps,60,60,1,7,hocho,R,R,8,,,frame_00000.png,frame_00119.png,,120,1.999742
hocho_R_8,lockin,0,0,QR未検出,,lockin,binary,,,10.007741,12,8,1,0.627044,,0.627044,frame_00000.png,frame_00119.png,r60_e60_f1.mp4,60 Hz,1/60,蛍光灯あり,60.008 fps,60,60,1,7,hocho,R,R,8,,,frame_00000.png,frame_00119.png,,120,1.999742
hocho_R_8,lockin,0,0,QR未検出,,lockin,binary,,,15.000000,8,8,1,0.597005,,0.597005,frame_00000.png,frame_00119.png,r60_e60_f1.mp4,60 Hz,1/60,蛍光灯あり,60.008 fps,60,60,1,7,hocho,R,R,8,,,frame_00000.png,frame_00119.png,,120,1.999742
hocho_R_8,lockin,0,0,QR未検出,,lockin,binary,,,10.007741,4,8,1,0.588112,,0.588112,frame_00000.png,frame_00119.png,r60_e60_f1.mp4,60 Hz,1/60,蛍光灯あり,60.008 fps,60,60,1,7,hocho,R,R,8,,,frame_00000.png,frame_00119.png,,120,1.999742
hocho_R_8,lockin,0,0,QR未検出,,lockin,binary,,,10.007741,8,8,1,0.585604,,0.585604,frame_00000.png,frame_00119.png,r60_e60_f1.mp4,60 Hz,1/60,蛍光灯あり,60.008 fps,60,60,1,7,hocho,R,R,8,,,frame_00000.png,frame_00119.png,,120,1.999742
hocho_R_8,lockin,0,0,QR未検出,,lockin,binary,,,15.000000,4,8,1,0.578081,,0.578081,frame_00000.png,frame_00119.png,r60_e60_f1.mp4,60 Hz,1/60,蛍光灯あり,60.008 fps,60,60,1,7,hocho,R,R,8,,,frame_00000.png,frame_00119.png,,120,1.999742
hocho_R_12,lockin,1,0,QR未検出,,lockin,binary,,,30.000000,4,8,1,0.841767,,0.841767,frame_00000.png,frame_00119.png,r60_e60_f1.mp4,60 Hz,1/60,蛍光灯あり,60.008 fps,60,60,1,8,hocho,R,R,12,,,frame_00000.png,frame_00119.png,,120,1.999742
hocho_R_12,lockin,0,0,QR未検出,,lockin,binary,,,30.000000,8,8,1,0.835373,,0.835373,frame_00000.png,frame_00119.png,r60_e60_f1.mp4,60 Hz,1/60,蛍光灯あり,60.008 fps,60,60,1,8,hocho,R,R,12,,,frame_00000.png,frame_00119.png,,120,1.999742
hocho_R_12,lockin,0,0,QR未検出,,lockin,binary,,,30.000000,12,8,1,0.834604,,0.834604,frame_00000.png,frame_00119.png,r60_e60_f1.mp4,60 Hz,1/60,蛍光灯あり,60.008 fps,60,60,1,8,hocho,R,R,12,,,frame_00000.png,frame_00119.png,,120,1.999742
hocho_R_12,lockin,0,0,QR未検出,,lockin,binary,,,15.000000,12,8,1,0.644684,,0.644684,frame_00000.png,frame_00119.png,r60_e60_f1.mp4,60 Hz,1/60,蛍光灯あり,60.008 fps,60,60,1,8,hocho,R,R,12,,,frame_00000.png,frame_00119.png,,120,1.999742
hocho_R_12,lockin,0,0,QR未検出,,lockin,binary,,,10.007741,12,8,1,0.641001,,0.641001,frame_00000.png,frame_00119.png,r60_e60_f1.mp4,60 Hz,1/60,蛍光灯あり,60.008 fps,60,60,1,8,hocho,R,R,12,,,frame_00000.png,frame_00119.png,,120,1.999742
hocho_R_12,lockin,0,0,QR未検出,,lockin,binary,,,10.007741,4,8,1,0.632198,,0.632198,frame_00000.png,frame_00119.png,r60_e60_f1.mp4,60 Hz,1/60,蛍光灯あり,60.008 fps,60,60,1,8,hocho,R,R,12,,,frame_00000.png,frame_00119.png,,120,1.999742
hocho_R_12,lockin,0,0,QR未検出,,lockin,binary,,,15.000000,4,8,1,0.631547,,0.631547,frame_00000.png,frame_00119.png,r60_e60_f1.mp4,60 Hz,1/60,蛍光灯あり,60.008 fps,60,60,1,8,hocho,R,R,12,,,frame_00000.png,frame_00119.png,,120,1.999742
hocho_R_12,lockin,0,0,QR未検出,,lockin,binary,,,10.007741,8,8,1,0.513947,,0.513947,frame_00000.png,frame_00119.png,r60_e60_f1.mp4,60 Hz,1/60,蛍光灯あり,60.008 fps,60,60,1,8,hocho,R,R,12,,,frame_00000.png,frame_00119.png,,120,1.999742
hocho_R_12,lockin,0,0,QR未検出,,lockin,binary,,,15.000000,8,8,1,0.508988,,0.508988,frame_00000.png,frame_00119.png,r60_e60_f1.mp4,60 Hz,1/60,蛍光灯あり,60.008 fps,60,60,1,8,hocho,R,R,12,,,frame_00000.png,frame_00119.png,,120,1.999742
ex_R_4,lockin,1,0,QR未検出,,lockin,binary,,,30.000000,8,8,1,0.758682,,0.758682,frame_00000.png,frame_00119.png,r60_e60_f1.mp4,60 Hz,1/60,蛍光灯あり,60.008 fps,60,60,1,9,ex,R,R,4,,,frame_00000.png,frame_00119.png,,120,1.999742
ex_R_4,lockin,0,0,QR未検出,,lockin,binary,,,30.000000,12,8,1,0.751185,,0.751185,frame_00000.png,frame_00119.png,r60_e60_f1.mp4,60 Hz,1/60,蛍光灯あり,60.008 fps,60,60,1,9,ex,R,R,4,,,frame_00000.png,frame_00119.png,,120,1.999742
ex_R_4,lockin,0,0,QR未検出,,lockin,binary,,,15.000000,12,8,1,0.679289,,0.679289,frame_00000.png,frame_00119.png,r60_e60_f1.mp4,60 Hz,1/60,蛍光灯あり,60.008 fps,60,60,1,9,ex,R,R,4,,,frame_00000.png,frame_00119.png,,120,1.999742
ex_R_4,lockin,0,0,QR未検出,,lockin,binary,,,15.000000,8,8,1,0.668306,,0.668306,frame_00000.png,frame_00119.png,r60_e60_f1.mp4,60 Hz,1/60,蛍光灯あり,60.008 fps,60,60,1,9,ex,R,R,4,,,frame_00000.png,frame_00119.png,,120,1.999742
ex_R_4,lockin,0,0,QR未検出,,lockin,binary,,,10.007741,12,8,1,0.664439,,0.664439,frame_00000.png,frame_00119.png,r60_e60_f1.mp4,60 Hz,1/60,蛍光灯あり,60.008 fps,60,60,1,9,ex,R,R,4,,,frame_00000.png,frame_00119.png,,120,1.999742
ex_R_4,lockin,0,0,QR未検出,,lockin,binary,,,30.000000,4,8,1,0.659551,,0.659551,frame_00000.png,frame_00119.png,r60_e60_f1.mp4,60 Hz,1/60,蛍光灯あり,60.008 fps,60,60,1,9,ex,R,R,4,,,frame_00000.png,frame_00119.png,,120,1.999742
ex_R_4,lockin,0,0,QR未検出,,lockin,binary,,,10.007741,4,8,1,0.624085,,0.624085,frame_00000.png,frame_00119.png,r60_e60_f1.mp4,60 Hz,1/60,蛍光灯あり,60.008 fps,60,60,1,9,ex,R,R,4,,,frame_00000.png,frame_00119.png,,120,1.999742
ex_R_4,lockin,0,0,QR未検出,,lockin,binary,,,15.000000,4,8,1,0.586642,,0.586642,frame_00000.png,frame_00119.png,r60_e60_f1.mp4,60 Hz,1/60,蛍光灯あり,60.008 fps,60,60,1,9,ex,R,R,4,,,frame_00000.png,frame_00119.png,,120,1.999742
ex_R_4,lockin,0,0,QR未検出,,lockin,binary,,,10.007741,8,8,1,0.501835,,0.501835,frame_00000.png,frame_00119.png,r60_e60_f1.mp4,60 Hz,1/60,蛍光灯あり,60.008 fps,60,60,1,9,ex,R,R,4,,,frame_00000.png,frame_00119.png,,120,1.999742
ex_R_8,lockin,1,0,QR未検出,,lockin,binary,,,30.000000,4,8,1,0.785004,,0.785004,frame_00000.png,frame_00119.png,r60_e60_f1.mp4,60 Hz,1/60,蛍光灯あり,60.008 fps,60,60,1,10,ex,R,R,8,,,frame_00000.png,frame_00119.png,,120,1.999742
ex_R_8,lockin,0,0,QR未検出,,lockin,binary,,,30.000000,8,8,1,0.779800,,0.779800,frame_00000.png,frame_00119.png,r60_e60_f1.mp4,60 Hz,1/60,蛍光灯あり,60.008 fps,60,60,1,10,ex,R,R,8,,,frame_00000.png,frame_00119.png,,120,1.999742
ex_R_8,lockin,0,0,QR未検出,,lockin,binary,,,30.000000,12,8,1,0.777216,,0.777216,frame_00000.png,frame_00119.png,r60_e60_f1.mp4,60 Hz,1/60,蛍光灯あり,60.008 fps,60,60,1,10,ex,R,R,8,,,frame_00000.png,frame_00119.png,,120,1.999742
ex_R_8,lockin,0,0,QR未検出,,lockin,binary,,,15.000000,12,8,1,0.709726,,0.709726,frame_00000.png,frame_00119.png,r60_e60_f1.mp4,60 Hz,1/60,蛍光灯あり,60.008 fps,60,60,1,10,ex,R,R,8,,,frame_00000.png,frame_00119.png,,120,1.999742
ex_R_8,lockin,0,0,QR未検出,,lockin,binary,,,10.007741,12,8,1,0.687054,,0.687054,frame_00000.png,frame_00119.png,r60_e60_f1.mp4,60 Hz,1/60,蛍光灯あり,60.008 fps,60,60,1,10,ex,R,R,8,,,frame_00000.png,frame_00119.png,,120,1.999742
ex_R_8,lockin,0,0,QR未検出,,lockin,binary,,,10.007741,4,8,1,0.624403,,0.624403,frame_00000.png,frame_00119.png,r60_e60_f1.mp4,60 Hz,1/60,蛍光灯あり,60.008 fps,60,60,1,10,ex,R,R,8,,,frame_00000.png,frame_00119.png,,120,1.999742
ex_R_8,lockin,0,0,QR未検出,,lockin,binary,,,15.000000,4,8,1,0.617935,,0.617935,frame_00000.png,frame_00119.png,r60_e60_f1.mp4,60 Hz,1/60,蛍光灯あり,60.008 fps,60,60,1,10,ex,R,R,8,,,frame_00000.png,frame_00119.png,,120,1.999742
ex_R_8,lockin,0,0,QR未検出,,lockin,binary,,,15.000000,8,8,1,0.573684,,0.573684,frame_00000.png,frame_00119.png,r60_e60_f1.mp4,60 Hz,1/60,蛍光灯あり,60.008 fps,60,60,1,10,ex,R,R,8,,,frame_00000.png,frame_00119.png,,120,1.999742
ex_R_8,lockin,0,0,QR未検出,,lockin,binary,,,10.007741,8,8,1,0.520195,,0.520195,frame_00000.png,frame_00119.png,r60_e60_f1.mp4,60 Hz,1/60,蛍光灯あり,60.008 fps,60,60,1,10,ex,R,R,8,,,frame_00000.png,frame_00119.png,,120,1.999742
ex_R_12,lockin,1,0,QR未検出,,lockin,binary,,,30.000000,12,8,1,0.869564,,0.869564,frame_00000.png,frame_00119.png,r60_e60_f1.mp4,60 Hz,1/60,蛍光灯あり,60.008 fps,60,60,1,11,ex,R,R,12,,,frame_00000.png,frame_00119.png,,120,1.999742
ex_R_12,lockin,0,0,QR未検出,,lockin,binary,,,30.000000,8,8,1,0.859410,,0.859410,frame_00000.png,frame_00119.png,r60_e60_f1.mp4,60 Hz,1/60,蛍光灯あり,60.008 fps,60,60,1,11,ex,R,R,12,,,frame_00000.png,frame_00119.png,,120,1.999742
ex_R_12,lockin,0,0,QR未検出,,lockin,binary,,,30.000000,4,8,1,0.825455,,0.825455,frame_00000.png,frame_00119.png,r60_e60_f1.mp4,60 Hz,1/60,蛍光灯あり,60.008 fps,60,60,1,11,ex,R,R,12,,,frame_00000.png,frame_00119.png,,120,1.999742
ex_R_12,lockin,0,0,QR未検出,,lockin,binary,,,15.000000,12,8,1,0.706984,,0.706984,frame_00000.png,frame_00119.png,r60_e60_f1.mp4,60 Hz,1/60,蛍光灯あり,60.008 fps,60,60,1,11,ex,R,R,12,,,frame_00000.png,frame_00119.png,,120,1.999742
ex_R_12,lockin,0,0,QR未検出,,lockin,binary,,,10.007741,12,8,1,0.703405,,0.703405,frame_00000.png,frame_00119.png,r60_e60_f1.mp4,60 Hz,1/60,蛍光灯あり,60.008 fps,60,60,1,11,ex,R,R,12,,,frame_00000.png,frame_00119.png,,120,1.999742
ex_R_12,lockin,0,0,QR未検出,,lockin,binary,,,15.000000,4,8,1,0.624172,,0.624172,frame_00000.png,frame_00119.png,r60_e60_f1.mp4,60 Hz,1/60,蛍光灯あり,60.008 fps,60,60,1,11,ex,R,R,12,,,frame_00000.png,frame_00119.png,,120,1.999742
ex_R_12,lockin,0,0,QR未検出,,lockin,binary,,,10.007741,4,8,1,0.624066,,0.624066,frame_00000.png,frame_00119.png,r60_e60_f1.mp4,60 Hz,1/60,蛍光灯あり,60.008 fps,60,60,1,11,ex,R,R,12,,,frame_00000.png,frame_00119.png,,120,1.999742
ex_R_12,lockin,0,0,QR未検出,,lockin,binary,,,10.007741,8,8,1,0.532959,,0.532959,frame_00000.png,frame_00119.png,r60_e60_f1.mp4,60 Hz,1/60,蛍光灯あり,60.008 fps,60,60,1,11,ex,R,R,12,,,frame_00000.png,frame_00119.png,,120,1.999742
ex_R_12,lockin,0,0,QR未検出,,lockin,binary,,,15.000000,8,8,1,0.512120,,0.512120,frame_00000.png,frame_00119.png,r60_e60_f1.mp4,60 Hz,1/60,蛍光灯あり,60.008 fps,60,60,1,11,ex,R,R,12,,,frame_00000.png,frame_00119.png,,120,1.999742
rice_G_4,lockin,1,0,QR未検出,,lockin,binary,,,30.000000,12,8,1,0.755398,,0.755398,frame_00000.png,frame_00119.png,r60_e60_f1.mp4,60 Hz,1/60,蛍光灯あり,60.008 fps,60,60,1,12,rice,G,G,4,,,frame_00000.png,frame_00119.png,,120,1.999742
rice_G_4,lockin,0,0,QR未検出,,lockin,binary,,,30.000000,8,8,1,0.749843,,0.749843,frame_00000.png,frame_00119.png,r60_e60_f1.mp4,60 Hz,1/60,蛍光灯あり,60.008 fps,60,60,1,12,rice,G,G,4,,,frame_00000.png,frame_00119.png,,120,1.999742
rice_G_4,lockin,0,0,QR未検出,,lockin,binary,,,30.000000,4,8,1,0.675420,,0.675420,frame_00000.png,frame_00119.png,r60_e60_f1.mp4,60 Hz,1/60,蛍光灯あり,60.008 fps,60,60,1,12,rice,G,G,4,,,frame_00000.png,frame_00119.png,,120,1.999742
rice_G_4,lockin,0,0,QR未検出,,lockin,binary,,,10.007741,12,8,1,0.664481,,0.664481,frame_00000.png,frame_00119.png,r60_e60_f1.mp4,60 Hz,1/60,蛍光灯あり,60.008 fps,60,60,1,12,rice,G,G,4,,,frame_00000.png,frame_00119.png,,120,1.999742
rice_G_4,lockin,0,0,QR未検出,,lockin,binary,,,15.000000,12,8,1,0.659316,,0.659316,frame_00000.png,frame_00119.png,r60_e60_f1.mp4,60 Hz,1/60,蛍光灯あり,60.008 fps,60,60,1,12,rice,G,G,4,,,frame_00000.png,frame_00119.png,,120,1.999742
rice_G_4,lockin,0,0,QR未検出,,lockin,binary,,,10.007741,4,8,1,0.626902,,0.626902,frame_00000.png,frame_00119.png,r60_e60_f1.mp4,60 Hz,1/60,蛍光灯あり,60.008 fps,60,60,1,12,rice,G,G,4,,,frame_00000.png,frame_00119.png,,120,1.999742
rice_G_4,lockin,0,0,QR未検出,,lockin,binary,,,15.000000,4,8,1,0.620404,,0.620404,frame_00000.png,frame_00119.png,r60_e60_f1.mp4,60 Hz,1/60,蛍光灯あり,60.008 fps,60,60,1,12,rice,G,G,4,,,frame_00000.png,frame_00119.png,,120,1.999742
rice_G_4,lockin,0,0,QR未検出,,lockin,binary,,,15.000000,8,8,1,0.526758,,0.526758,frame_00000.png,frame_00119.png,r60_e60_f1.mp4,60 Hz,1/60,蛍光灯あり,60.008 fps,60,60,1,12,rice,G,G,4,,,frame_00000.png,frame_00119.png,,120,1.999742
rice_G_4,lockin,0,0,QR未検出,,lockin,binary,,,10.007741,8,8,1,0.522982,,0.522982,frame_00000.png,frame_00119.png,r60_e60_f1.mp4,60 Hz,1/60,蛍光灯あり,60.008 fps,60,60,1,12,rice,G,G,4,,,frame_00000.png,frame_00119.png,,120,1.999742
rice_G_8,lockin,1,0,QR未検出,,lockin,binary,,,30.000000,12,8,1,0.857120,,0.857120,frame_00000.png,frame_00119.png,r60_e60_f1.mp4,60 Hz,1/60,蛍光灯あり,60.008 fps,60,60,1,13,rice,G,G,8,,,frame_00000.png,frame_00119.png,,120,1.999742
rice_G_8,lockin,0,0,QR未検出,,lockin,binary,,,30.000000,8,8,1,0.831993,,0.831993,frame_00000.png,frame_00119.png,r60_e60_f1.mp4,60 Hz,1/60,蛍光灯あり,60.008 fps,60,60,1,13,rice,G,G,8,,,frame_00000.png,frame_00119.png,,120,1.999742
rice_G_8,lockin,0,0,QR未検出,,lockin,binary,,,30.000000,4,8,1,0.780701,,0.780701,frame_00000.png,frame_00119.png,r60_e60_f1.mp4,60 Hz,1/60,蛍光灯あり,60.008 fps,60,60,1,13,rice,G,G,8,,,frame_00000.png,frame_00119.png,,120,1.999742
rice_G_8,lockin,0,0,QR未検出,,lockin,binary,,,15.000000,12,8,1,0.765607,,0.765607,frame_00000.png,frame_00119.png,r60_e60_f1.mp4,60 Hz,1/60,蛍光灯あり,60.008 fps,60,60,1,13,rice,G,G,8,,,frame_00000.png,frame_00119.png,,120,1.999742
rice_G_8,lockin,0,0,QR未検出,,lockin,binary,,,10.007741,12,8,1,0.758887,,0.758887,frame_00000.png,frame_00119.png,r60_e60_f1.mp4,60 Hz,1/60,蛍光灯あり,60.008 fps,60,60,1,13,rice,G,G,8,,,frame_00000.png,frame_00119.png,,120,1.999742
rice_G_8,lockin,0,0,QR未検出,,lockin,binary,,,10.007741,8,8,1,0.724418,,0.724418,frame_00000.png,frame_00119.png,r60_e60_f1.mp4,60 Hz,1/60,蛍光灯あり,60.008 fps,60,60,1,13,rice,G,G,8,,,frame_00000.png,frame_00119.png,,120,1.999742
rice_G_8,lockin,0,0,QR未検出,,lockin,binary,,,15.000000,8,8,1,0.721974,,0.721974,frame_00000.png,frame_00119.png,r60_e60_f1.mp4,60 Hz,1/60,蛍光灯あり,60.008 fps,60,60,1,13,rice,G,G,8,,,frame_00000.png,frame_00119.png,,120,1.999742
rice_G_8,lockin,0,0,QR未検出,,lockin,binary,,,15.000000,4,8,1,0.532360,,0.532360,frame_00000.png,frame_00119.png,r60_e60_f1.mp4,60 Hz,1/60,蛍光灯あり,60.008 fps,60,60,1,13,rice,G,G,8,,,frame_00000.png,frame_00119.png,,120,1.999742
rice_G_8,lockin,0,0,QR未検出,,lockin,binary,,,10.007741,4,8,1,0.532211,,0.532211,frame_00000.png,frame_00119.png,r60_e60_f1.mp4,60 Hz,1/60,蛍光灯あり,60.008 fps,60,60,1,13,rice,G,G,8,,,frame_00000.png,frame_00119.png,,120,1.999742
rice_G_12,lockin,1,0,QR未検出,,lockin,binary,,,30.000000,12,8,1,0.823007,,0.823007,frame_00000.png,frame_00119.png,r60_e60_f1.mp4,60 Hz,1/60,蛍光灯あり,60.008 fps,60,60,1,14,rice,G,G,12,,,frame_00000.png,frame_00119.png,,120,1.999742
rice_G_12,lockin,0,0,QR未検出,,lockin,binary,,,30.000000,8,8,1,0.815081,,0.815081,frame_00000.png,frame_00119.png,r60_e60_f1.mp4,60 Hz,1/60,蛍光灯あり,60.008 fps,60,60,1,14,rice,G,G,12,,,frame_00000.png,frame_00119.png,,120,1.999742
rice_G_12,lockin,0,0,QR未検出,,lockin,binary,,,30.000000,4,8,1,0.782896,,0.782896,frame_00000.png,frame_00119.png,r60_e60_f1.mp4,60 Hz,1/60,蛍光灯あり,60.008 fps,60,60,1,14,rice,G,G,12,,,frame_00000.png,frame_00119.png,,120,1.999742
rice_G_12,lockin,0,0,QR未検出,,lockin,binary,,,15.000000,8,8,1,0.727340,,0.727340,frame_00000.png,frame_00119.png,r60_e60_f1.mp4,60 Hz,1/60,蛍光灯あり,60.008 fps,60,60,1,14,rice,G,G,12,,,frame_00000.png,frame_00119.png,,120,1.999742
rice_G_12,lockin,0,0,QR未検出,,lockin,binary,,,15.000000,12,8,1,0.705222,,0.705222,frame_00000.png,frame_00119.png,r60_e60_f1.mp4,60 Hz,1/60,蛍光灯あり,60.008 fps,60,60,1,14,rice,G,G,12,,,frame_00000.png,frame_00119.png,,120,1.999742
rice_G_12,lockin,0,0,QR未検出,,lockin,binary,,,10.007741,8,8,1,0.700974,,0.700974,frame_00000.png,frame_00119.png,r60_e60_f1.mp4,60 Hz,1/60,蛍光灯あり,60.008 fps,60,60,1,14,rice,G,G,12,,,frame_00000.png,frame_00119.png,,120,1.999742
rice_G_12,lockin,0,0,QR未検出,,lockin,binary,,,10.007741,12,8,1,0.684839,,0.684839,frame_00000.png,frame_00119.png,r60_e60_f1.mp4,60 Hz,1/60,蛍光灯あり,60.008 fps,60,60,1,14,rice,G,G,12,,,frame_00000.png,frame_00119.png,,120,1.999742
rice_G_12,lockin,0,0,QR未検出,,lockin,binary,,,15.000000,4,8,1,0.569882,,0.569882,frame_00000.png,frame_00119.png,r60_e60_f1.mp4,60 Hz,1/60,蛍光灯あり,60.008 fps,60,60,1,14,rice,G,G,12,,,frame_00000.png,frame_00119.png,,120,1.999742
rice_G_12,lockin,0,0,QR未検出,,lockin,binary,,,10.007741,4,8,1,0.514335,,0.514335,frame_00000.png,frame_00119.png,r60_e60_f1.mp4,60 Hz,1/60,蛍光灯あり,60.008 fps,60,60,1,14,rice,G,G,12,,,frame_00000.png,frame_00119.png,,120,1.999742
nagaoka_fireworks_G_4,lockin,1,0,QR未検出,,lockin,binary,,,30.000000,12,8,1,0.756091,,0.756091,frame_00000.png,frame_00119.png,r60_e60_f1.mp4,60 Hz,1/60,蛍光灯あり,60.008 fps,60,60,1,15,nagaoka_fireworks,G,G,4,,,frame_00000.png,frame_00119.png,,120,1.999742
nagaoka_fireworks_G_4,lockin,0,0,QR未検出,,lockin,binary,,,30.000000,8,8,1,0.741528,,0.741528,frame_00000.png,frame_00119.png,r60_e60_f1.mp4,60 Hz,1/60,蛍光灯あり,60.008 fps,60,60,1,15,nagaoka_fireworks,G,G,4,,,frame_00000.png,frame_00119.png,,120,1.999742
nagaoka_fireworks_G_4,lockin,0,0,QR未検出,,lockin,binary,,,30.000000,4,8,1,0.657493,,0.657493,frame_00000.png,frame_00119.png,r60_e60_f1.mp4,60 Hz,1/60,蛍光灯あり,60.008 fps,60,60,1,15,nagaoka_fireworks,G,G,4,,,frame_00000.png,frame_00119.png,,120,1.999742
nagaoka_fireworks_G_4,lockin,0,0,QR未検出,,lockin,binary,,,15.000000,12,8,1,0.608991,,0.608991,frame_00000.png,frame_00119.png,r60_e60_f1.mp4,60 Hz,1/60,蛍光灯あり,60.008 fps,60,60,1,15,nagaoka_fireworks,G,G,4,,,frame_00000.png,frame_00119.png,,120,1.999742
nagaoka_fireworks_G_4,lockin,0,0,QR未検出,,lockin,binary,,,10.007741,12,8,1,0.599579,,0.599579,frame_00000.png,frame_00119.png,r60_e60_f1.mp4,60 Hz,1/60,蛍光灯あり,60.008 fps,60,60,1,15,nagaoka_fireworks,G,G,4,,,frame_00000.png,frame_00119.png,,120,1.999742
nagaoka_fireworks_G_4,lockin,0,0,QR未検出,,lockin,binary,,,10.007741,4,8,1,0.552721,,0.552721,frame_00000.png,frame_00119.png,r60_e60_f1.mp4,60 Hz,1/60,蛍光灯あり,60.008 fps,60,60,1,15,nagaoka_fireworks,G,G,4,,,frame_00000.png,frame_00119.png,,120,1.999742
nagaoka_fireworks_G_4,lockin,0,0,QR未検出,,lockin,binary,,,15.000000,4,8,1,0.552210,,0.552210,frame_00000.png,frame_00119.png,r60_e60_f1.mp4,60 Hz,1/60,蛍光灯あり,60.008 fps,60,60,1,15,nagaoka_fireworks,G,G,4,,,frame_00000.png,frame_00119.png,,120,1.999742
nagaoka_fireworks_G_4,lockin,0,0,QR未検出,,lockin,binary,,,15.000000,8,8,1,0.527633,,0.527633,frame_00000.png,frame_00119.png,r60_e60_f1.mp4,60 Hz,1/60,蛍光灯あり,60.008 fps,60,60,1,15,nagaoka_fireworks,G,G,4,,,frame_00000.png,frame_00119.png,,120,1.999742
nagaoka_fireworks_G_4,lockin,0,0,QR未検出,,lockin,binary,,,10.007741,8,8,1,0.519953,,0.519953,frame_00000.png,frame_00119.png,r60_e60_f1.mp4,60 Hz,1/60,蛍光灯あり,60.008 fps,60,60,1,15,nagaoka_fireworks,G,G,4,,,frame_00000.png,frame_00119.png,,120,1.999742
nagaoka_fireworks_G_8,lockin,0,0,QR未検出,,lockin,binary,,,30.000000,12,8,1,0.794258,,0.794258,frame_00000.png,frame_00119.png,r60_e60_f1.mp4,60 Hz,1/60,蛍光灯あり,60.008 fps,60,60,1,16,nagaoka_fireworks,G,G,8,,,frame_00000.png,frame_00119.png,,120,1.999742
nagaoka_fireworks_G_8,lockin,0,0,QR未検出,,lockin,binary,,,30.000000,8,8,1,0.764944,,0.764944,frame_00000.png,frame_00119.png,r60_e60_f1.mp4,60 Hz,1/60,蛍光灯あり,60.008 fps,60,60,1,16,nagaoka_fireworks,G,G,8,,,frame_00000.png,frame_00119.png,,120,1.999742
nagaoka_fireworks_G_8,lockin,0,0,QR未検出,,lockin,binary,,,10.007741,12,8,1,0.715600,,0.715600,frame_00000.png,frame_00119.png,r60_e60_f1.mp4,60 Hz,1/60,蛍光灯あり,60.008 fps,60,60,1,16,nagaoka_fireworks,G,G,8,,,frame_00000.png,frame_00119.png,,120,1.999742
nagaoka_fireworks_G_8,lockin,0,0,QR未検出,,lockin,binary,,,30.000000,4,8,1,0.707999,,0.707999,frame_00000.png,frame_00119.png,r60_e60_f1.mp4,60 Hz,1/60,蛍光灯あり,60.008 fps,60,60,1,16,nagaoka_fireworks,G,G,8,,,frame_00000.png,frame_00119.png,,120,1.999742
nagaoka_fireworks_G_8,lockin,0,0,QR未検出,,lockin,binary,,,15.000000,12,8,1,0.668726,,0.668726,frame_00000.png,frame_00119.png,r60_e60_f1.mp4,60 Hz,1/60,蛍光灯あり,60.008 fps,60,60,1,16,nagaoka_fireworks,G,G,8,,,frame_00000.png,frame_00119.png,,120,1.999742
nagaoka_fireworks_G_8,lockin,0,0,QR未検出,,lockin,binary,,,10.007741,8,8,1,0.650582,,0.650582,frame_00000.png,frame_00119.png,r60_e60_f1.mp4,60 Hz,1/60,蛍光灯あり,60.008 fps,60,60,1,16,nagaoka_fireworks,G,G,8,,,frame_00000.png,frame_00119.png,,120,1.999742
nagaoka_fireworks_G_8,lockin,0,0,QR未検出,,lockin,binary,,,15.000000,8,8,1,0.579104,,0.579104,frame_00000.png,frame_00119.png,r60_e60_f1.mp4,60 Hz,1/60,蛍光灯あり,60.008 fps,60,60,1,16,nagaoka_fireworks,G,G,8,,,frame_00000.png,frame_00119.png,,120,1.999742
nagaoka_fireworks_G_8,lockin,0,0,QR未検出,,lockin,binary,,,15.000000,4,8,1,0.525613,,0.525613,frame_00000.png,frame_00119.png,r60_e60_f1.mp4,60 Hz,1/60,蛍光灯あり,60.008 fps,60,60,1,16,nagaoka_fireworks,G,G,8,,,frame_00000.png,frame_00119.png,,120,1.999742
nagaoka_fireworks_G_8,lockin,0,0,QR未検出,,lockin,binary,,,10.007741,4,8,1,0.515555,,0.515555,frame_00000.png,frame_00119.png,r60_e60_f1.mp4,60 Hz,1/60,蛍光灯あり,60.008 fps,60,60,1,16,nagaoka_fireworks,G,G,8,,,frame_00000.png,frame_00119.png,,120,1.999742
nagaoka_fireworks_G_12,lockin,1,0,QR未検出,,lockin,binary,,,30.000000,12,8,1,0.848164,,0.848164,frame_00000.png,frame_00119.png,r60_e60_f1.mp4,60 Hz,1/60,蛍光灯あり,60.008 fps,60,60,1,17,nagaoka_fireworks,G,G,12,,,frame_00000.png,frame_00119.png,,120,1.999742
nagaoka_fireworks_G_12,lockin,0,0,QR未検出,,lockin,binary,,,30.000000,8,8,1,0.805965,,0.805965,frame_00000.png,frame_00119.png,r60_e60_f1.mp4,60 Hz,1/60,蛍光灯あり,60.008 fps,60,60,1,17,nagaoka_fireworks,G,G,12,,,frame_00000.png,frame_00119.png,,120,1.999742
nagaoka_fireworks_G_12,lockin,0,0,QR未検出,,lockin,binary,,,30.000000,4,8,1,0.735833,,0.735833,frame_00000.png,frame_00119.png,r60_e60_f1.mp4,60 Hz,1/60,蛍光灯あり,60.008 fps,60,60,1,17,nagaoka_fireworks,G,G,12,,,frame_00000.png,frame_00119.png,,120,1.999742
nagaoka_fireworks_G_12,lockin,0,0,QR未検出,,lockin,binary,,,15.000000,12,8,1,0.732774,,0.732774,frame_00000.png,frame_00119.png,r60_e60_f1.mp4,60 Hz,1/60,蛍光灯あり,60.008 fps,60,60,1,17,nagaoka_fireworks,G,G,12,,,frame_00000.png,frame_00119.png,,120,1.999742
nagaoka_fireworks_G_12,lockin,0,0,QR未検出,,lockin,binary,,,10.007741,12,8,1,0.698999,,0.698999,frame_00000.png,frame_00119.png,r60_e60_f1.mp4,60 Hz,1/60,蛍光灯あり,60.008 fps,60,60,1,17,nagaoka_fireworks,G,G,12,,,frame_00000.png,frame_00119.png,,120,1.999742
nagaoka_fireworks_G_12,lockin,0,0,QR未検出,,lockin,binary,,,15.000000,8,8,1,0.685514,,0.685514,frame_00000.png,frame_00119.png,r60_e60_f1.mp4,60 Hz,1/60,蛍光灯あり,60.008 fps,60,60,1,17,nagaoka_fireworks,G,G,12,,,frame_00000.png,frame_00119.png,,120,1.999742
nagaoka_fireworks_G_12,lockin,0,0,QR未検出,,lockin,binary,,,10.007741,8,8,1,0.656846,,0.656846,frame_00000.png,frame_00119.png,r60_e60_f1.mp4,60 Hz,1/60,蛍光灯あり,60.008 fps,60,60,1,17,nagaoka_fireworks,G,G,12,,,frame_00000.png,frame_00119.png,,120,1.999742
nagaoka_fireworks_G_12,lockin,0,0,QR未検出,,lockin,binary,,,15.000000,4,8,1,0.537254,,0.537254,frame_00000.png,frame_00119.png,r60_e60_f1.mp4,60 Hz,1/60,蛍光灯あり,60.008 fps,60,60,1,17,nagaoka_fireworks,G,G,12,,,frame_00000.png,frame_00119.png,,120,1.999742
nagaoka_fireworks_G_12,lockin,0,0,QR未検出,,lockin,binary,,,10.007741,4,8,1,0.513154,,0.513154,frame_00000.png,frame_00119.png,r60_e60_f1.mp4,60 Hz,1/60,蛍光灯あり,60.008 fps,60,60,1,17,nagaoka_fireworks,G,G,12,,,frame_00000.png,frame_00119.png,,120,1.999742
hocho_G_4,lockin,1,0,QR未検出,,lockin,binary,,,30.000000,8,8,1,0.756117,,0.756117,frame_00000.png,frame_00119.png,r60_e60_f1.mp4,60 Hz,1/60,蛍光灯あり,60.008 fps,60,60,1,18,hocho,G,G,4,,,frame_00000.png,frame_00119.png,,120,1.999742
hocho_G_4,lockin,0,0,QR未検出,,lockin,binary,,,30.000000,4,8,1,0.754920,,0.754920,frame_00000.png,frame_00119.png,r60_e60_f1.mp4,60 Hz,1/60,蛍光灯あり,60.008 fps,60,60,1,18,hocho,G,G,4,,,frame_00000.png,frame_00119.png,,120,1.999742
hocho_G_4,lockin,0,0,QR未検出,,lockin,binary,,,30.000000,12,8,1,0.742954,,0.742954,frame_00000.png,frame_00119.png,r60_e60_f1.mp4,60 Hz,1/60,蛍光灯あり,60.008 fps,60,60,1,18,hocho,G,G,4,,,frame_00000.png,frame_00119.png,,120,1.999742
hocho_G_4,lockin,0,0,QR未検出,,lockin,binary,,,15.000000,12,8,1,0.648220,,0.648220,frame_00000.png,frame_00119.png,r60_e60_f1.mp4,60 Hz,1/60,蛍光灯あり,60.008 fps,60,60,1,18,hocho,G,G,4,,,frame_00000.png,frame_00119.png,,120,1.999742
hocho_G_4,lockin,0,0,QR未検出,,lockin,binary,,,15.000000,8,8,1,0.648195,,0.648195,frame_00000.png,frame_00119.png,r60_e60_f1.mp4,60 Hz,1/60,蛍光灯あり,60.008 fps,60,60,1,18,hocho,G,G,4,,,frame_00000.png,frame_00119.png,,120,1.999742
hocho_G_4,lockin,0,0,QR未検出,,lockin,binary,,,10.007741,12,8,1,0.630793,,0.630793,frame_00000.png,frame_00119.png,r60_e60_f1.mp4,60 Hz,1/60,蛍光灯あり,60.008 fps,60,60,1,18,hocho,G,G,4,,,frame_00000.png,frame_00119.png,,120,1.999742
hocho_G_4,lockin,0,0,QR未検出,,lockin,binary,,,10.007741,4,8,1,0.607762,,0.607762,frame_00000.png,frame_00119.png,r60_e60_f1.mp4,60 Hz,1/60,蛍光灯あり,60.008 fps,60,60,1,18,hocho,G,G,4,,,frame_00000.png,frame_00119.png,,120,1.999742
hocho_G_4,lockin,0,0,QR未検出,,lockin,binary,,,10.007741,8,8,1,0.545072,,0.545072,frame_00000.png,frame_00119.png,r60_e60_f1.mp4,60 Hz,1/60,蛍光灯あり,60.008 fps,60,60,1,18,hocho,G,G,4,,,frame_00000.png,frame_00119.png,,120,1.999742
hocho_G_4,lockin,0,0,QR未検出,,lockin,binary,,,15.000000,4,8,1,0.525309,,0.525309,frame_00000.png,frame_00119.png,r60_e60_f1.mp4,60 Hz,1/60,蛍光灯あり,60.008 fps,60,60,1,18,hocho,G,G,4,,,frame_00000.png,frame_00119.png,,120,1.999742
hocho_G_8,lockin,1,0,QR未検出,,lockin,binary,,,30.000000,8,8,1,0.850344,,0.850344,frame_00000.png,frame_00119.png,r60_e60_f1.mp4,60 Hz,1/60,蛍光灯あり,60.008 fps,60,60,1,19,hocho,G,G,8,,,frame_00000.png,frame_00119.png,,120,1.999742
hocho_G_8,lockin,0,0,QR未検出,,lockin,binary,,,30.000000,4,8,1,0.849068,,0.849068,frame_00000.png,frame_00119.png,r60_e60_f1.mp4,60 Hz,1/60,蛍光灯あり,60.008 fps,60,60,1,19,hocho,G,G,8,,,frame_00000.png,frame_00119.png,,120,1.999742
hocho_G_8,lockin,0,0,QR未検出,,lockin,binary,,,30.000000,12,8,1,0.834021,,0.834021,frame_00000.png,frame_00119.png,r60_e60_f1.mp4,60 Hz,1/60,蛍光灯あり,60.008 fps,60,60,1,19,hocho,G,G,8,,,frame_00000.png,frame_00119.png,,120,1.999742
hocho_G_8,lockin,0,0,QR未検出,,lockin,binary,,,15.000000,12,8,1,0.712202,,0.712202,frame_00000.png,frame_00119.png,r60_e60_f1.mp4,60 Hz,1/60,蛍光灯あり,60.008 fps,60,60,1,19,hocho,G,G,8,,,frame_00000.png,frame_00119.png,,120,1.999742
hocho_G_8,lockin,0,0,QR未検出,,lockin,binary,,,10.007741,12,8,1,0.692492,,0.692492,frame_00000.png,frame_00119.png,r60_e60_f1.mp4,60 Hz,1/60,蛍光灯あり,60.008 fps,60,60,1,19,hocho,G,G,8,,,frame_00000.png,frame_00119.png,,120,1.999742
hocho_G_8,lockin,0,0,QR未検出,,lockin,binary,,,15.000000,8,8,1,0.687091,,0.687091,frame_00000.png,frame_00119.png,r60_e60_f1.mp4,60 Hz,1/60,蛍光灯あり,60.008 fps,60,60,1,19,hocho,G,G,8,,,frame_00000.png,frame_00119.png,,120,1.999742
hocho_G_8,lockin,0,0,QR未検出,,lockin,binary,,,10.007741,8,8,1,0.622571,,0.622571,frame_00000.png,frame_00119.png,r60_e60_f1.mp4,60 Hz,1/60,蛍光灯あり,60.008 fps,60,60,1,19,hocho,G,G,8,,,frame_00000.png,frame_00119.png,,120,1.999742
hocho_G_8,lockin,0,0,QR未検出,,lockin,binary,,,10.007741,4,8,1,0.595478,,0.595478,frame_00000.png,frame_00119.png,r60_e60_f1.mp4,60 Hz,1/60,蛍光灯あり,60.008 fps,60,60,1,19,hocho,G,G,8,,,frame_00000.png,frame_00119.png,,120,1.999742
hocho_G_8,lockin,0,0,QR未検出,,lockin,binary,,,15.000000,4,8,1,0.546856,,0.546856,frame_00000.png,frame_00119.png,r60_e60_f1.mp4,60 Hz,1/60,蛍光灯あり,60.008 fps,60,60,1,19,hocho,G,G,8,,,frame_00000.png,frame_00119.png,,120,1.999742
hocho_G_12,lockin,1,1,,zxing_gray,lockin,binary,,,30.000000,12,8,1,0.937834,0.937834,0.937834,frame_00000.png,frame_00119.png,r60_e60_f1.mp4,60 Hz,1/60,蛍光灯あり,60.008 fps,60,60,1,20,hocho,G,G,12,https://www.nagaoka-ct.ac.jp,zxing_gray_x1.0_k3_i1,frame_00000.png,frame_00119.png,,120,1.999742
hocho_G_12,lockin,0,1,,zxing_median_otsu,lockin,binary,,,30.000000,8,8,1,0.936384,0.936384,0.936384,frame_00000.png,frame_00119.png,r60_e60_f1.mp4,60 Hz,1/60,蛍光灯あり,60.008 fps,60,60,1,20,hocho,G,G,12,https://www.nagaoka-ct.ac.jp,zxing_median_otsu_x1.0_k5_i1,frame_00000.png,frame_00119.png,,120,1.999742
hocho_G_12,lockin,0,0,QR未検出,,lockin,binary,,,30.000000,4,8,1,0.881810,,0.881810,frame_00000.png,frame_00119.png,r60_e60_f1.mp4,60 Hz,1/60,蛍光灯あり,60.008 fps,60,60,1,20,hocho,G,G,12,,,frame_00000.png,frame_00119.png,,120,1.999742
hocho_G_12,lockin,0,0,QR未検出,,lockin,binary,,,15.000000,12,8,1,0.749668,,0.749668,frame_00000.png,frame_00119.png,r60_e60_f1.mp4,60 Hz,1/60,蛍光灯あり,60.008 fps,60,60,1,20,hocho,G,G,12,,,frame_00000.png,frame_00119.png,,120,1.999742
hocho_G_12,lockin,0,0,QR未検出,,lockin,binary,,,10.007741,12,8,1,0.741603,,0.741603,frame_00000.png,frame_00119.png,r60_e60_f1.mp4,60 Hz,1/60,蛍光灯あり,60.008 fps,60,60,1,20,hocho,G,G,12,,,frame_00000.png,frame_00119.png,,120,1.999742
hocho_G_12,lockin,0,0,QR未検出,,lockin,binary,,,15.000000,8,8,1,0.725827,,0.725827,frame_00000.png,frame_00119.png,r60_e60_f1.mp4,60 Hz,1/60,蛍光灯あり,60.008 fps,60,60,1,20,hocho,G,G,12,,,frame_00000.png,frame_00119.png,,120,1.999742
hocho_G_12,lockin,0,0,QR未検出,,lockin,binary,,,10.007741,8,8,1,0.678330,,0.678330,frame_00000.png,frame_00119.png,r60_e60_f1.mp4,60 Hz,1/60,蛍光灯あり,60.008 fps,60,60,1,20,hocho,G,G,12,,,frame_00000.png,frame_00119.png,,120,1.999742
hocho_G_12,lockin,0,0,QR未検出,,lockin,binary,,,10.007741,4,8,1,0.554196,,0.554196,frame_00000.png,frame_00119.png,r60_e60_f1.mp4,60 Hz,1/60,蛍光灯あり,60.008 fps,60,60,1,20,hocho,G,G,12,,,frame_00000.png,frame_00119.png,,120,1.999742
hocho_G_12,lockin,0,0,QR未検出,,lockin,binary,,,15.000000,4,8,1,0.503590,,0.503590,frame_00000.png,frame_00119.png,r60_e60_f1.mp4,60 Hz,1/60,蛍光灯あり,60.008 fps,60,60,1,20,hocho,G,G,12,,,frame_00000.png,frame_00119.png,,120,1.999742
ex_G_4,lockin,1,0,QR未検出,,lockin,binary,,,30.000000,12,8,1,0.870038,,0.870038,frame_00000.png,frame_00119.png,r60_e60_f1.mp4,60 Hz,1/60,蛍光灯あり,60.008 fps,60,60,1,21,ex,G,G,4,,,frame_00000.png,frame_00119.png,,120,1.999742
ex_G_4,lockin,0,0,QR未検出,,lockin,binary,,,30.000000,8,8,1,0.856025,,0.856025,frame_00000.png,frame_00119.png,r60_e60_f1.mp4,60 Hz,1/60,蛍光灯あり,60.008 fps,60,60,1,21,ex,G,G,4,,,frame_00000.png,frame_00119.png,,120,1.999742
ex_G_4,lockin,0,0,QR未検出,,lockin,binary,,,10.007741,12,8,1,0.840432,,0.840432,frame_00000.png,frame_00119.png,r60_e60_f1.mp4,60 Hz,1/60,蛍光灯あり,60.008 fps,60,60,1,21,ex,G,G,4,,,frame_00000.png,frame_00119.png,,120,1.999742
ex_G_4,lockin,0,0,QR未検出,,lockin,binary,,,10.007741,8,8,1,0.804464,,0.804464,frame_00000.png,frame_00119.png,r60_e60_f1.mp4,60 Hz,1/60,蛍光灯あり,60.008 fps,60,60,1,21,ex,G,G,4,,,frame_00000.png,frame_00119.png,,120,1.999742
ex_G_4,lockin,0,0,QR未検出,,lockin,binary,,,30.000000,4,8,1,0.803981,,0.803981,frame_00000.png,frame_00119.png,r60_e60_f1.mp4,60 Hz,1/60,蛍光灯あり,60.008 fps,60,60,1,21,ex,G,G,4,,,frame_00000.png,frame_00119.png,,120,1.999742
ex_G_4,lockin,0,0,QR未検出,,lockin,binary,,,15.000000,12,8,1,0.761413,,0.761413,frame_00000.png,frame_00119.png,r60_e60_f1.mp4,60 Hz,1/60,蛍光灯あり,60.008 fps,60,60,1,21,ex,G,G,4,,,frame_00000.png,frame_00119.png,,120,1.999742
ex_G_4,lockin,0,0,QR未検出,,lockin,binary,,,15.000000,4,8,1,0.622697,,0.622697,frame_00000.png,frame_00119.png,r60_e60_f1.mp4,60 Hz,1/60,蛍光灯あり,60.008 fps,60,60,1,21,ex,G,G,4,,,frame_00000.png,frame_00119.png,,120,1.999742
ex_G_4,lockin,0,0,QR未検出,,lockin,binary,,,10.007741,4,8,1,0.557475,,0.557475,frame_00000.png,frame_00119.png,r60_e60_f1.mp4,60 Hz,1/60,蛍光灯あり,60.008 fps,60,60,1,21,ex,G,G,4,,,frame_00000.png,frame_00119.png,,120,1.999742
ex_G_4,lockin,0,0,QR未検出,,lockin,binary,,,15.000000,8,8,1,0.516186,,0.516186,frame_00000.png,frame_00119.png,r60_e60_f1.mp4,60 Hz,1/60,蛍光灯あり,60.008 fps,60,60,1,21,ex,G,G,4,,,frame_00000.png,frame_00119.png,,120,1.999742
ex_G_8,lockin,0,0,QR未検出,,lockin,binary,,,30.000000,12,8,1,0.881623,,0.881623,frame_00000.png,frame_00119.png,r60_e60_f1.mp4,60 Hz,1/60,蛍光灯あり,60.008 fps,60,60,1,22,ex,G,G,8,,,frame_00000.png,frame_00119.png,,120,1.999742
ex_G_8,lockin,0,0,QR未検出,,lockin,binary,,,30.000000,8,8,1,0.839043,,0.839043,frame_00000.png,frame_00119.png,r60_e60_f1.mp4,60 Hz,1/60,蛍光灯あり,60.008 fps,60,60,1,22,ex,G,G,8,,,frame_00000.png,frame_00119.png,,120,1.999742
ex_G_8,lockin,0,0,QR未検出,,lockin,binary,,,10.007741,12,8,1,0.815536,,0.815536,frame_00000.png,frame_00119.png,r60_e60_f1.mp4,60 Hz,1/60,蛍光灯あり,60.008 fps,60,60,1,22,ex,G,G,8,,,frame_00000.png,frame_00119.png,,120,1.999742
ex_G_8,lockin,0,0,QR未検出,,lockin,binary,,,15.000000,12,8,1,0.783697,,0.783697,frame_00000.png,frame_00119.png,r60_e60_f1.mp4,60 Hz,1/60,蛍光灯あり,60.008 fps,60,60,1,22,ex,G,G,8,,,frame_00000.png,frame_00119.png,,120,1.999742
ex_G_8,lockin,0,0,QR未検出,,lockin,binary,,,30.000000,4,8,1,0.764806,,0.764806,frame_00000.png,frame_00119.png,r60_e60_f1.mp4,60 Hz,1/60,蛍光灯あり,60.008 fps,60,60,1,22,ex,G,G,8,,,frame_00000.png,frame_00119.png,,120,1.999742
ex_G_8,lockin,0,0,QR未検出,,lockin,binary,,,10.007741,8,8,1,0.662592,,0.662592,frame_00000.png,frame_00119.png,r60_e60_f1.mp4,60 Hz,1/60,蛍光灯あり,60.008 fps,60,60,1,22,ex,G,G,8,,,frame_00000.png,frame_00119.png,,120,1.999742
ex_G_8,lockin,0,0,QR未検出,,lockin,binary,,,15.000000,4,8,1,0.612541,,0.612541,frame_00000.png,frame_00119.png,r60_e60_f1.mp4,60 Hz,1/60,蛍光灯あり,60.008 fps,60,60,1,22,ex,G,G,8,,,frame_00000.png,frame_00119.png,,120,1.999742
ex_G_8,lockin,0,0,QR未検出,,lockin,binary,,,10.007741,4,8,1,0.602882,,0.602882,frame_00000.png,frame_00119.png,r60_e60_f1.mp4,60 Hz,1/60,蛍光灯あり,60.008 fps,60,60,1,22,ex,G,G,8,,,frame_00000.png,frame_00119.png,,120,1.999742
ex_G_8,lockin,0,0,QR未検出,,lockin,binary,,,15.000000,8,8,1,0.592843,,0.592843,frame_00000.png,frame_00119.png,r60_e60_f1.mp4,60 Hz,1/60,蛍光灯あり,60.008 fps,60,60,1,22,ex,G,G,8,,,frame_00000.png,frame_00119.png,,120,1.999742
ex_G_12,lockin,0,1,,opencv_median_otsu,lockin,binary,,,30.000000,12,8,1,0.925413,0.925413,0.925413,frame_00000.png,frame_00119.png,r60_e60_f1.mp4,60 Hz,1/60,蛍光灯あり,60.008 fps,60,60,1,23,ex,G,G,12,https://www.nagaoka-ct.ac.jp,opencv_median_otsu_x1.0_k5_i1,frame_00000.png,frame_00119.png,,120,1.999742
ex_G_12,lockin,0,0,QR未検出,,lockin,binary,,,30.000000,8,8,1,0.879581,,0.879581,frame_00000.png,frame_00119.png,r60_e60_f1.mp4,60 Hz,1/60,蛍光灯あり,60.008 fps,60,60,1,23,ex,G,G,12,,,frame_00000.png,frame_00119.png,,120,1.999742
ex_G_12,lockin,0,0,QR未検出,,lockin,binary,,,15.000000,12,8,1,0.792363,,0.792363,frame_00000.png,frame_00119.png,r60_e60_f1.mp4,60 Hz,1/60,蛍光灯あり,60.008 fps,60,60,1,23,ex,G,G,12,,,frame_00000.png,frame_00119.png,,120,1.999742
ex_G_12,lockin,0,0,QR未検出,,lockin,binary,,,10.007741,12,8,1,0.789987,,0.789987,frame_00000.png,frame_00119.png,r60_e60_f1.mp4,60 Hz,1/60,蛍光灯あり,60.008 fps,60,60,1,23,ex,G,G,12,,,frame_00000.png,frame_00119.png,,120,1.999742
ex_G_12,lockin,0,0,QR未検出,,lockin,binary,,,30.000000,4,8,1,0.786909,,0.786909,frame_00000.png,frame_00119.png,r60_e60_f1.mp4,60 Hz,1/60,蛍光灯あり,60.008 fps,60,60,1,23,ex,G,G,12,,,frame_00000.png,frame_00119.png,,120,1.999742
ex_G_12,lockin,0,0,QR未検出,,lockin,binary,,,15.000000,8,8,1,0.736886,,0.736886,frame_00000.png,frame_00119.png,r60_e60_f1.mp4,60 Hz,1/60,蛍光灯あり,60.008 fps,60,60,1,23,ex,G,G,12,,,frame_00000.png,frame_00119.png,,120,1.999742
ex_G_12,lockin,0,0,QR未検出,,lockin,binary,,,10.007741,8,8,1,0.706680,,0.706680,frame_00000.png,frame_00119.png,r60_e60_f1.mp4,60 Hz,1/60,蛍光灯あり,60.008 fps,60,60,1,23,ex,G,G,12,,,frame_00000.png,frame_00119.png,,120,1.999742
ex_G_12,lockin,0,0,QR未検出,,lockin,binary,,,10.007741,4,8,1,0.569254,,0.569254,frame_00000.png,frame_00119.png,r60_e60_f1.mp4,60 Hz,1/60,蛍光灯あり,60.008 fps,60,60,1,23,ex,G,G,12,,,frame_00000.png,frame_00119.png,,120,1.999742
ex_G_12,lockin,0,0,QR未検出,,lockin,binary,,,15.000000,4,8,1,0.519798,,0.519798,frame_00000.png,frame_00119.png,r60_e60_f1.mp4,60 Hz,1/60,蛍光灯あり,60.008 fps,60,60,1,23,ex,G,G,12,,,frame_00000.png,frame_00119.png,,120,1.999742
rice_B_4,lockin,1,0,QR未検出,,lockin,binary,,,30.000000,8,8,1,0.833307,,0.833307,frame_00000.png,frame_00119.png,r60_e60_f1.mp4,60 Hz,1/60,蛍光灯あり,60.008 fps,60,60,1,24,rice,B,B,4,,,frame_00000.png,frame_00119.png,,120,1.999742
rice_B_4,lockin,0,0,QR未検出,,lockin,binary,,,30.000000,12,8,1,0.823304,,0.823304,frame_00000.png,frame_00119.png,r60_e60_f1.mp4,60 Hz,1/60,蛍光灯あり,60.008 fps,60,60,1,24,rice,B,B,4,,,frame_00000.png,frame_00119.png,,120,1.999742
rice_B_4,lockin,0,0,QR未検出,,lockin,binary,,,30.000000,4,8,1,0.809379,,0.809379,frame_00000.png,frame_00119.png,r60_e60_f1.mp4,60 Hz,1/60,蛍光灯あり,60.008 fps,60,60,1,24,rice,B,B,4,,,frame_00000.png,frame_00119.png,,120,1.999742
rice_B_4,lockin,0,0,QR未検出,,lockin,binary,,,10.007741,12,8,1,0.673011,,0.673011,frame_00000.png,frame_00119.png,r60_e60_f1.mp4,60 Hz,1/60,蛍光灯あり,60.008 fps,60,60,1,24,rice,B,B,4,,,frame_00000.png,frame_00119.png,,120,1.999742
rice_B_4,lockin,0,0,QR未検出,,lockin,binary,,,15.000000,4,8,1,0.630741,,0.630741,frame_00000.png,frame_00119.png,r60_e60_f1.mp4,60 Hz,1/60,蛍光灯あり,60.008 fps,60,60,1,24,rice,B,B,4,,,frame_00000.png,frame_00119.png,,120,1.999742
rice_B_4,lockin,0,0,QR未検出,,lockin,binary,,,10.007741,4,8,1,0.617611,,0.617611,frame_00000.png,frame_00119.png,r60_e60_f1.mp4,60 Hz,1/60,蛍光灯あり,60.008 fps,60,60,1,24,rice,B,B,4,,,frame_00000.png,frame_00119.png,,120,1.999742
rice_B_4,lockin,0,0,QR未検出,,lockin,binary,,,15.000000,12,8,1,0.598961,,0.598961,frame_00000.png,frame_00119.png,r60_e60_f1.mp4,60 Hz,1/60,蛍光灯あり,60.008 fps,60,60,1,24,rice,B,B,4,,,frame_00000.png,frame_00119.png,,120,1.999742
rice_B_4,lockin,0,0,QR未検出,,lockin,binary,,,15.000000,8,8,1,0.537188,,0.537188,frame_00000.png,frame_00119.png,r60_e60_f1.mp4,60 Hz,1/60,蛍光灯あり,60.008 fps,60,60,1,24,rice,B,B,4,,,frame_00000.png,frame_00119.png,,120,1.999742
rice_B_4,lockin,0,0,QR未検出,,lockin,binary,,,10.007741,8,8,1,0.521339,,0.521339,frame_00000.png,frame_00119.png,r60_e60_f1.mp4,60 Hz,1/60,蛍光灯あり,60.008 fps,60,60,1,24,rice,B,B,4,,,frame_00000.png,frame_00119.png,,120,1.999742
rice_B_8,lockin,1,0,QR未検出,,lockin,binary,,,30.000000,12,8,1,0.835163,,0.835163,frame_00000.png,frame_00119.png,r60_e60_f1.mp4,60 Hz,1/60,蛍光灯あり,60.008 fps,60,60,1,25,rice,B,B,8,,,frame_00000.png,frame_00119.png,,120,1.999742
rice_B_8,lockin,0,0,QR未検出,,lockin,binary,,,30.000000,8,8,1,0.819355,,0.819355,frame_00000.png,frame_00119.png,r60_e60_f1.mp4,60 Hz,1/60,蛍光灯あり,60.008 fps,60,60,1,25,rice,B,B,8,,,frame_00000.png,frame_00119.png,,120,1.999742
rice_B_8,lockin,0,0,QR未検出,,lockin,binary,,,30.000000,4,8,1,0.762935,,0.762935,frame_00000.png,frame_00119.png,r60_e60_f1.mp4,60 Hz,1/60,蛍光灯あり,60.008 fps,60,60,1,25,rice,B,B,8,,,frame_00000.png,frame_00119.png,,120,1.999742
rice_B_8,lockin,0,0,QR未検出,,lockin,binary,,,10.007741,4,8,1,0.635729,,0.635729,frame_00000.png,frame_00119.png,r60_e60_f1.mp4,60 Hz,1/60,蛍光灯あり,60.008 fps,60,60,1,25,rice,B,B,8,,,frame_00000.png,frame_00119.png,,120,1.999742
rice_B_8,lockin,0,0,QR未検出,,lockin,binary,,,15.000000,4,8,1,0.629747,,0.629747,frame_00000.png,frame_00119.png,r60_e60_f1.mp4,60 Hz,1/60,蛍光灯あり,60.008 fps,60,60,1,25,rice,B,B,8,,,frame_00000.png,frame_00119.png,,120,1.999742
rice_B_8,lockin,0,0,QR未検出,,lockin,binary,,,15.000000,12,8,1,0.621989,,0.621989,frame_00000.png,frame_00119.png,r60_e60_f1.mp4,60 Hz,1/60,蛍光灯あり,60.008 fps,60,60,1,25,rice,B,B,8,,,frame_00000.png,frame_00119.png,,120,1.999742
rice_B_8,lockin,0,0,QR未検出,,lockin,binary,,,10.007741,12,8,1,0.590516,,0.590516,frame_00000.png,frame_00119.png,r60_e60_f1.mp4,60 Hz,1/60,蛍光灯あり,60.008 fps,60,60,1,25,rice,B,B,8,,,frame_00000.png,frame_00119.png,,120,1.999742
rice_B_8,lockin,0,0,QR未検出,,lockin,binary,,,10.007741,8,8,1,0.548588,,0.548588,frame_00000.png,frame_00119.png,r60_e60_f1.mp4,60 Hz,1/60,蛍光灯あり,60.008 fps,60,60,1,25,rice,B,B,8,,,frame_00000.png,frame_00119.png,,120,1.999742
rice_B_8,lockin,0,0,QR未検出,,lockin,binary,,,15.000000,8,8,1,0.523278,,0.523278,frame_00000.png,frame_00119.png,r60_e60_f1.mp4,60 Hz,1/60,蛍光灯あり,60.008 fps,60,60,1,25,rice,B,B,8,,,frame_00000.png,frame_00119.png,,120,1.999742
rice_B_12,lockin,0,0,QR未検出,,lockin,binary,,,30.000000,12,8,1,0.842507,,0.842507,frame_00000.png,frame_00119.png,r60_e60_f1.mp4,60 Hz,1/60,蛍光灯あり,60.008 fps,60,60,1,26,rice,B,B,12,,,frame_00000.png,frame_00119.png,,120,1.999742
rice_B_12,lockin,0,0,QR未検出,,lockin,binary,,,30.000000,8,8,1,0.804352,,0.804352,frame_00000.png,frame_00119.png,r60_e60_f1.mp4,60 Hz,1/60,蛍光灯あり,60.008 fps,60,60,1,26,rice,B,B,12,,,frame_00000.png,frame_00119.png,,120,1.999742
rice_B_12,lockin,0,0,QR未検出,,lockin,binary,,,30.000000,4,8,1,0.739749,,0.739749,frame_00000.png,frame_00119.png,r60_e60_f1.mp4,60 Hz,1/60,蛍光灯あり,60.008 fps,60,60,1,26,rice,B,B,12,,,frame_00000.png,frame_00119.png,,120,1.999742
rice_B_12,lockin,0,0,QR未検出,,lockin,binary,,,10.007741,4,8,1,0.635552,,0.635552,frame_00000.png,frame_00119.png,r60_e60_f1.mp4,60 Hz,1/60,蛍光灯あり,60.008 fps,60,60,1,26,rice,B,B,12,,,frame_00000.png,frame_00119.png,,120,1.999742
rice_B_12,lockin,0,0,QR未検出,,lockin,binary,,,15.000000,4,8,1,0.629234,,0.629234,frame_00000.png,frame_00119.png,r60_e60_f1.mp4,60 Hz,1/60,蛍光灯あり,60.008 fps,60,60,1,26,rice,B,B,12,,,frame_00000.png,frame_00119.png,,120,1.999742
rice_B_12,lockin,0,0,QR未検出,,lockin,binary,,,15.000000,12,8,1,0.604018,,0.604018,frame_00000.png,frame_00119.png,r60_e60_f1.mp4,60 Hz,1/60,蛍光灯あり,60.008 fps,60,60,1,26,rice,B,B,12,,,frame_00000.png,frame_00119.png,,120,1.999742
rice_B_12,lockin,0,0,QR未検出,,lockin,binary,,,10.007741,12,8,1,0.568151,,0.568151,frame_00000.png,frame_00119.png,r60_e60_f1.mp4,60 Hz,1/60,蛍光灯あり,60.008 fps,60,60,1,26,rice,B,B,12,,,frame_00000.png,frame_00119.png,,120,1.999742
rice_B_12,lockin,0,0,QR未検出,,lockin,binary,,,10.007741,8,8,1,0.549064,,0.549064,frame_00000.png,frame_00119.png,r60_e60_f1.mp4,60 Hz,1/60,蛍光灯あり,60.008 fps,60,60,1,26,rice,B,B,12,,,frame_00000.png,frame_00119.png,,120,1.999742
rice_B_12,lockin,0,0,QR未検出,,lockin,binary,,,15.000000,8,8,1,0.518695,,0.518695,frame_00000.png,frame_00119.png,r60_e60_f1.mp4,60 Hz,1/60,蛍光灯あり,60.008 fps,60,60,1,26,rice,B,B,12,,,frame_00000.png,frame_00119.png,,120,1.999742
nagaoka_fireworks_B_4,lockin,1,0,QR未検出,,lockin,binary,,,30.000000,12,8,1,0.710744,,0.710744,frame_00000.png,frame_00119.png,r60_e60_f1.mp4,60 Hz,1/60,蛍光灯あり,60.008 fps,60,60,1,27,nagaoka_fireworks,B,B,4,,,frame_00000.png,frame_00119.png,,120,1.999742
nagaoka_fireworks_B_4,lockin,0,0,QR未検出,,lockin,binary,,,30.000000,8,8,1,0.680274,,0.680274,frame_00000.png,frame_00119.png,r60_e60_f1.mp4,60 Hz,1/60,蛍光灯あり,60.008 fps,60,60,1,27,nagaoka_fireworks,B,B,4,,,frame_00000.png,frame_00119.png,,120,1.999742
nagaoka_fireworks_B_4,lockin,0,0,QR未検出,,lockin,binary,,,15.000000,12,8,1,0.617588,,0.617588,frame_00000.png,frame_00119.png,r60_e60_f1.mp4,60 Hz,1/60,蛍光灯あり,60.008 fps,60,60,1,27,nagaoka_fireworks,B,B,4,,,frame_00000.png,frame_00119.png,,120,1.999742
nagaoka_fireworks_B_4,lockin,0,0,QR未検出,,lockin,binary,,,10.007741,12,8,1,0.601712,,0.601712,frame_00000.png,frame_00119.png,r60_e60_f1.mp4,60 Hz,1/60,蛍光灯あり,60.008 fps,60,60,1,27,nagaoka_fireworks,B,B,4,,,frame_00000.png,frame_00119.png,,120,1.999742
nagaoka_fireworks_B_4,lockin,0,0,QR未検出,,lockin,binary,,,30.000000,4,8,1,0.578158,,0.578158,frame_00000.png,frame_00119.png,r60_e60_f1.mp4,60 Hz,1/60,蛍光灯あり,60.008 fps,60,60,1,27,nagaoka_fireworks,B,B,4,,,frame_00000.png,frame_00119.png,,120,1.999742
nagaoka_fireworks_B_4,lockin,0,0,QR未検出,,lockin,binary,,,15.000000,8,8,1,0.560442,,0.560442,frame_00000.png,frame_00119.png,r60_e60_f1.mp4,60 Hz,1/60,蛍光灯あり,60.008 fps,60,60,1,27,nagaoka_fireworks,B,B,4,,,frame_00000.png,frame_00119.png,,120,1.999742
nagaoka_fireworks_B_4,lockin,0,0,QR未検出,,lockin,binary,,,10.007741,4,8,1,0.543201,,0.543201,frame_00000.png,frame_00119.png,r60_e60_f1.mp4,60 Hz,1/60,蛍光灯あり,60.008 fps,60,60,1,27,nagaoka_fireworks,B,B,4,,,frame_00000.png,frame_00119.png,,120,1.999742
nagaoka_fireworks_B_4,lockin,0,0,QR未検出,,lockin,binary,,,10.007741,8,8,1,0.531744,,0.531744,frame_00000.png,frame_00119.png,r60_e60_f1.mp4,60 Hz,1/60,蛍光灯あり,60.008 fps,60,60,1,27,nagaoka_fireworks,B,B,4,,,frame_00000.png,frame_00119.png,,120,1.999742
nagaoka_fireworks_B_4,lockin,0,0,QR未検出,,lockin,binary,,,15.000000,4,8,1,0.527631,,0.527631,frame_00000.png,frame_00119.png,r60_e60_f1.mp4,60 Hz,1/60,蛍光灯あり,60.008 fps,60,60,1,27,nagaoka_fireworks,B,B,4,,,frame_00000.png,frame_00119.png,,120,1.999742
nagaoka_fireworks_B_8,lockin,1,0,QR未検出,,lockin,binary,,,30.000000,12,8,1,0.761494,,0.761494,frame_00000.png,frame_00119.png,r60_e60_f1.mp4,60 Hz,1/60,蛍光灯あり,60.008 fps,60,60,1,28,nagaoka_fireworks,B,B,8,,,frame_00000.png,frame_00119.png,,120,1.999742
nagaoka_fireworks_B_8,lockin,0,0,QR未検出,,lockin,binary,,,30.000000,8,8,1,0.748159,,0.748159,frame_00000.png,frame_00119.png,r60_e60_f1.mp4,60 Hz,1/60,蛍光灯あり,60.008 fps,60,60,1,28,nagaoka_fireworks,B,B,8,,,frame_00000.png,frame_00119.png,,120,1.999742
nagaoka_fireworks_B_8,lockin,0,0,QR未検出,,lockin,binary,,,30.000000,4,8,1,0.697435,,0.697435,frame_00000.png,frame_00119.png,r60_e60_f1.mp4,60 Hz,1/60,蛍光灯あり,60.008 fps,60,60,1,28,nagaoka_fireworks,B,B,8,,,frame_00000.png,frame_00119.png,,120,1.999742
nagaoka_fireworks_B_8,lockin,0,0,QR未検出,,lockin,binary,,,10.007741,12,8,1,0.606558,,0.606558,frame_00000.png,frame_00119.png,r60_e60_f1.mp4,60 Hz,1/60,蛍光灯あり,60.008 fps,60,60,1,28,nagaoka_fireworks,B,B,8,,,frame_00000.png,frame_00119.png,,120,1.999742
nagaoka_fireworks_B_8,lockin,0,0,QR未検出,,lockin,binary,,,15.000000,12,8,1,0.594122,,0.594122,frame_00000.png,frame_00119.png,r60_e60_f1.mp4,60 Hz,1/60,蛍光灯あり,60.008 fps,60,60,1,28,nagaoka_fireworks,B,B,8,,,frame_00000.png,frame_00119.png,,120,1.999742
nagaoka_fireworks_B_8,lockin,0,0,QR未検出,,lockin,binary,,,15.000000,4,8,1,0.550175,,0.550175,frame_00000.png,frame_00119.png,r60_e60_f1.mp4,60 Hz,1/60,蛍光灯あり,60.008 fps,60,60,1,28,nagaoka_fireworks,B,B,8,,,frame_00000.png,frame_00119.png,,120,1.999742
nagaoka_fireworks_B_8,lockin,0,0,QR未検出,,lockin,binary,,,10.007741,4,8,1,0.544580,,0.544580,frame_00000.png,frame_00119.png,r60_e60_f1.mp4,60 Hz,1/60,蛍光灯あり,60.008 fps,60,60,1,28,nagaoka_fireworks,B,B,8,,,frame_00000.png,frame_00119.png,,120,1.999742
nagaoka_fireworks_B_8,lockin,0,0,QR未検出,,lockin,binary,,,10.007741,8,8,1,0.532903,,0.532903,frame_00000.png,frame_00119.png,r60_e60_f1.mp4,60 Hz,1/60,蛍光灯あり,60.008 fps,60,60,1,28,nagaoka_fireworks,B,B,8,,,frame_00000.png,frame_00119.png,,120,1.999742
nagaoka_fireworks_B_8,lockin,0,0,QR未検出,,lockin,binary,,,15.000000,8,8,1,0.518767,,0.518767,frame_00000.png,frame_00119.png,r60_e60_f1.mp4,60 Hz,1/60,蛍光灯あり,60.008 fps,60,60,1,28,nagaoka_fireworks,B,B,8,,,frame_00000.png,frame_00119.png,,120,1.999742
nagaoka_fireworks_B_12,lockin,0,0,QR未検出,,lockin,binary,,,30.000000,12,8,1,0.807599,,0.807599,frame_00000.png,frame_00119.png,r60_e60_f1.mp4,60 Hz,1/60,蛍光灯あり,60.008 fps,60,60,1,29,nagaoka_fireworks,B,B,12,,,frame_00000.png,frame_00119.png,,120,1.999742
nagaoka_fireworks_B_12,lockin,0,0,QR未検出,,lockin,binary,,,30.000000,8,8,1,0.772450,,0.772450,frame_00000.png,frame_00119.png,r60_e60_f1.mp4,60 Hz,1/60,蛍光灯あり,60.008 fps,60,60,1,29,nagaoka_fireworks,B,B,12,,,frame_00000.png,frame_00119.png,,120,1.999742
nagaoka_fireworks_B_12,lockin,0,0,QR未検出,,lockin,binary,,,30.000000,4,8,1,0.722065,,0.722065,frame_00000.png,frame_00119.png,r60_e60_f1.mp4,60 Hz,1/60,蛍光灯あり,60.008 fps,60,60,1,29,nagaoka_fireworks,B,B,12,,,frame_00000.png,frame_00119.png,,120,1.999742
nagaoka_fireworks_B_12,lockin,0,0,QR未検出,,lockin,binary,,,15.000000,12,8,1,0.617620,,0.617620,frame_00000.png,frame_00119.png,r60_e60_f1.mp4,60 Hz,1/60,蛍光灯あり,60.008 fps,60,60,1,29,nagaoka_fireworks,B,B,12,,,frame_00000.png,frame_00119.png,,120,1.999742
nagaoka_fireworks_B_12,lockin,0,0,QR未検出,,lockin,binary,,,10.007741,12,8,1,0.612112,,0.612112,frame_00000.png,frame_00119.png,r60_e60_f1.mp4,60 Hz,1/60,蛍光灯あり,60.008 fps,60,60,1,29,nagaoka_fireworks,B,B,12,,,frame_00000.png,frame_00119.png,,120,1.999742
nagaoka_fireworks_B_12,lockin,0,0,QR未検出,,lockin,binary,,,15.000000,4,8,1,0.562327,,0.562327,frame_00000.png,frame_00119.png,r60_e60_f1.mp4,60 Hz,1/60,蛍光灯あり,60.008 fps,60,60,1,29,nagaoka_fireworks,B,B,12,,,frame_00000.png,frame_00119.png,,120,1.999742
nagaoka_fireworks_B_12,lockin,0,0,QR未検出,,lockin,binary,,,10.007741,4,8,1,0.562126,,0.562126,frame_00000.png,frame_00119.png,r60_e60_f1.mp4,60 Hz,1/60,蛍光灯あり,60.008 fps,60,60,1,29,nagaoka_fireworks,B,B,12,,,frame_00000.png,frame_00119.png,,120,1.999742
nagaoka_fireworks_B_12,lockin,0,0,QR未検出,,lockin,binary,,,15.000000,8,8,1,0.535854,,0.535854,frame_00000.png,frame_00119.png,r60_e60_f1.mp4,60 Hz,1/60,蛍光灯あり,60.008 fps,60,60,1,29,nagaoka_fireworks,B,B,12,,,frame_00000.png,frame_00119.png,,120,1.999742
nagaoka_fireworks_B_12,lockin,0,0,QR未検出,,lockin,binary,,,10.007741,8,8,1,0.532435,,0.532435,frame_00000.png,frame_00119.png,r60_e60_f1.mp4,60 Hz,1/60,蛍光灯あり,60.008 fps,60,60,1,29,nagaoka_fireworks,B,B,12,,,frame_00000.png,frame_00119.png,,120,1.999742
hocho_B_4,lockin,0,0,QR未検出,,lockin,binary,,,30.000000,12,8,1,0.629218,,0.629218,frame_00000.png,frame_00119.png,r60_e60_f1.mp4,60 Hz,1/60,蛍光灯あり,60.008 fps,60,60,1,30,hocho,B,B,4,,,frame_00000.png,frame_00119.png,,120,1.999742
hocho_B_4,lockin,0,0,QR未検出,,lockin,binary,,,10.007741,4,8,1,0.612661,,0.612661,frame_00000.png,frame_00119.png,r60_e60_f1.mp4,60 Hz,1/60,蛍光灯あり,60.008 fps,60,60,1,30,hocho,B,B,4,,,frame_00000.png,frame_00119.png,,120,1.999742
hocho_B_4,lockin,0,0,QR未検出,,lockin,binary,,,15.000000,12,8,1,0.611050,,0.611050,frame_00000.png,frame_00119.png,r60_e60_f1.mp4,60 Hz,1/60,蛍光灯あり,60.008 fps,60,60,1,30,hocho,B,B,4,,,frame_00000.png,frame_00119.png,,120,1.999742
hocho_B_4,lockin,0,0,QR未検出,,lockin,binary,,,15.000000,4,8,1,0.599117,,0.599117,frame_00000.png,frame_00119.png,r60_e60_f1.mp4,60 Hz,1/60,蛍光灯あり,60.008 fps,60,60,1,30,hocho,B,B,4,,,frame_00000.png,frame_00119.png,,120,1.999742
hocho_B_4,lockin,0,0,QR未検出,,lockin,binary,,,30.000000,8,8,1,0.597880,,0.597880,frame_00000.png,frame_00119.png,r60_e60_f1.mp4,60 Hz,1/60,蛍光灯あり,60.008 fps,60,60,1,30,hocho,B,B,4,,,frame_00000.png,frame_00119.png,,120,1.999742
hocho_B_4,lockin,0,0,QR未検出,,lockin,binary,,,10.007741,12,8,1,0.595730,,0.595730,frame_00000.png,frame_00119.png,r60_e60_f1.mp4,60 Hz,1/60,蛍光灯あり,60.008 fps,60,60,1,30,hocho,B,B,4,,,frame_00000.png,frame_00119.png,,120,1.999742
hocho_B_4,lockin,0,0,QR未検出,,lockin,binary,,,30.000000,4,8,1,0.541250,,0.541250,frame_00000.png,frame_00119.png,r60_e60_f1.mp4,60 Hz,1/60,蛍光灯あり,60.008 fps,60,60,1,30,hocho,B,B,4,,,frame_00000.png,frame_00119.png,,120,1.999742
hocho_B_4,lockin,0,0,QR未検出,,lockin,binary,,,15.000000,8,8,1,0.539628,,0.539628,frame_00000.png,frame_00119.png,r60_e60_f1.mp4,60 Hz,1/60,蛍光灯あり,60.008 fps,60,60,1,30,hocho,B,B,4,,,frame_00000.png,frame_00119.png,,120,1.999742
hocho_B_4,lockin,0,0,QR未検出,,lockin,binary,,,10.007741,8,8,1,0.507671,,0.507671,frame_00000.png,frame_00119.png,r60_e60_f1.mp4,60 Hz,1/60,蛍光灯あり,60.008 fps,60,60,1,30,hocho,B,B,4,,,frame_00000.png,frame_00119.png,,120,1.999742
hocho_B_8,lockin,1,0,QR未検出,,lockin,binary,,,30.000000,4,8,1,0.656734,,0.656734,frame_00000.png,frame_00119.png,r60_e60_f1.mp4,60 Hz,1/60,蛍光灯あり,60.008 fps,60,60,1,31,hocho,B,B,8,,,frame_00000.png,frame_00119.png,,120,1.999742
hocho_B_8,lockin,0,0,QR未検出,,lockin,binary,,,30.000000,8,8,1,0.651081,,0.651081,frame_00000.png,frame_00119.png,r60_e60_f1.mp4,60 Hz,1/60,蛍光灯あり,60.008 fps,60,60,1,31,hocho,B,B,8,,,frame_00000.png,frame_00119.png,,120,1.999742
hocho_B_8,lockin,0,0,QR未検出,,lockin,binary,,,30.000000,12,8,1,0.647210,,0.647210,frame_00000.png,frame_00119.png,r60_e60_f1.mp4,60 Hz,1/60,蛍光灯あり,60.008 fps,60,60,1,31,hocho,B,B,8,,,frame_00000.png,frame_00119.png,,120,1.999742
hocho_B_8,lockin,0,0,QR未検出,,lockin,binary,,,15.000000,12,8,1,0.636312,,0.636312,frame_00000.png,frame_00119.png,r60_e60_f1.mp4,60 Hz,1/60,蛍光灯あり,60.008 fps,60,60,1,31,hocho,B,B,8,,,frame_00000.png,frame_00119.png,,120,1.999742
hocho_B_8,lockin,0,0,QR未検出,,lockin,binary,,,10.007741,12,8,1,0.628212,,0.628212,frame_00000.png,frame_00119.png,r60_e60_f1.mp4,60 Hz,1/60,蛍光灯あり,60.008 fps,60,60,1,31,hocho,B,B,8,,,frame_00000.png,frame_00119.png,,120,1.999742
hocho_B_8,lockin,0,0,QR未検出,,lockin,binary,,,15.000000,8,8,1,0.612373,,0.612373,frame_00000.png,frame_00119.png,r60_e60_f1.mp4,60 Hz,1/60,蛍光灯あり,60.008 fps,60,60,1,31,hocho,B,B,8,,,frame_00000.png,frame_00119.png,,120,1.999742
hocho_B_8,lockin,0,0,QR未検出,,lockin,binary,,,10.007741,8,8,1,0.591618,,0.591618,frame_00000.png,frame_00119.png,r60_e60_f1.mp4,60 Hz,1/60,蛍光灯あり,60.008 fps,60,60,1,31,hocho,B,B,8,,,frame_00000.png,frame_00119.png,,120,1.999742
hocho_B_8,lockin,0,0,QR未検出,,lockin,binary,,,10.007741,4,8,1,0.553377,,0.553377,frame_00000.png,frame_00119.png,r60_e60_f1.mp4,60 Hz,1/60,蛍光灯あり,60.008 fps,60,60,1,31,hocho,B,B,8,,,frame_00000.png,frame_00119.png,,120,1.999742
hocho_B_8,lockin,0,0,QR未検出,,lockin,binary,,,15.000000,4,8,1,0.507910,,0.507910,frame_00000.png,frame_00119.png,r60_e60_f1.mp4,60 Hz,1/60,蛍光灯あり,60.008 fps,60,60,1,31,hocho,B,B,8,,,frame_00000.png,frame_00119.png,,120,1.999742
hocho_B_12,lockin,1,0,QR未検出,,lockin,binary,,,30.000000,8,8,1,0.830910,,0.830910,frame_00000.png,frame_00119.png,r60_e60_f1.mp4,60 Hz,1/60,蛍光灯あり,60.008 fps,60,60,1,32,hocho,B,B,12,,,frame_00000.png,frame_00119.png,,120,1.999742
hocho_B_12,lockin,0,0,QR未検出,,lockin,binary,,,30.000000,12,8,1,0.826097,,0.826097,frame_00000.png,frame_00119.png,r60_e60_f1.mp4,60 Hz,1/60,蛍光灯あり,60.008 fps,60,60,1,32,hocho,B,B,12,,,frame_00000.png,frame_00119.png,,120,1.999742
hocho_B_12,lockin,0,0,QR未検出,,lockin,binary,,,30.000000,4,8,1,0.803281,,0.803281,frame_00000.png,frame_00119.png,r60_e60_f1.mp4,60 Hz,1/60,蛍光灯あり,60.008 fps,60,60,1,32,hocho,B,B,12,,,frame_00000.png,frame_00119.png,,120,1.999742
hocho_B_12,lockin,0,0,QR未検出,,lockin,binary,,,15.000000,12,8,1,0.686779,,0.686779,frame_00000.png,frame_00119.png,r60_e60_f1.mp4,60 Hz,1/60,蛍光灯あり,60.008 fps,60,60,1,32,hocho,B,B,12,,,frame_00000.png,frame_00119.png,,120,1.999742
hocho_B_12,lockin,0,0,QR未検出,,lockin,binary,,,10.007741,12,8,1,0.658623,,0.658623,frame_00000.png,frame_00119.png,r60_e60_f1.mp4,60 Hz,1/60,蛍光灯あり,60.008 fps,60,60,1,32,hocho,B,B,12,,,frame_00000.png,frame_00119.png,,120,1.999742
hocho_B_12,lockin,0,0,QR未検出,,lockin,binary,,,10.007741,4,8,1,0.613223,,0.613223,frame_00000.png,frame_00119.png,r60_e60_f1.mp4,60 Hz,1/60,蛍光灯あり,60.008 fps,60,60,1,32,hocho,B,B,12,,,frame_00000.png,frame_00119.png,,120,1.999742
hocho_B_12,lockin,0,0,QR未検出,,lockin,binary,,,15.000000,8,8,1,0.603045,,0.603045,frame_00000.png,frame_00119.png,r60_e60_f1.mp4,60 Hz,1/60,蛍光灯あり,60.008 fps,60,60,1,32,hocho,B,B,12,,,frame_00000.png,frame_00119.png,,120,1.999742
hocho_B_12,lockin,0,0,QR未検出,,lockin,binary,,,15.000000,4,8,1,0.592062,,0.592062,frame_00000.png,frame_00119.png,r60_e60_f1.mp4,60 Hz,1/60,蛍光灯あり,60.008 fps,60,60,1,32,hocho,B,B,12,,,frame_00000.png,frame_00119.png,,120,1.999742
hocho_B_12,lockin,0,0,QR未検出,,lockin,binary,,,10.007741,8,8,1,0.552520,,0.552520,frame_00000.png,frame_00119.png,r60_e60_f1.mp4,60 Hz,1/60,蛍光灯あり,60.008 fps,60,60,1,32,hocho,B,B,12,,,frame_00000.png,frame_00119.png,,120,1.999742
ex_B_4,lockin,1,0,QR未検出,,lockin,binary,,,30.000000,8,8,1,0.757291,,0.757291,frame_00000.png,frame_00119.png,r60_e60_f1.mp4,60 Hz,1/60,蛍光灯あり,60.008 fps,60,60,1,33,ex,B,B,4,,,frame_00000.png,frame_00119.png,,120,1.999742
ex_B_4,lockin,0,0,QR未検出,,lockin,binary,,,30.000000,12,8,1,0.752096,,0.752096,frame_00000.png,frame_00119.png,r60_e60_f1.mp4,60 Hz,1/60,蛍光灯あり,60.008 fps,60,60,1,33,ex,B,B,4,,,frame_00000.png,frame_00119.png,,120,1.999742
ex_B_4,lockin,0,0,QR未検出,,lockin,binary,,,30.000000,4,8,1,0.744021,,0.744021,frame_00000.png,frame_00119.png,r60_e60_f1.mp4,60 Hz,1/60,蛍光灯あり,60.008 fps,60,60,1,33,ex,B,B,4,,,frame_00000.png,frame_00119.png,,120,1.999742
ex_B_4,lockin,0,0,QR未検出,,lockin,binary,,,15.000000,8,8,1,0.692121,,0.692121,frame_00000.png,frame_00119.png,r60_e60_f1.mp4,60 Hz,1/60,蛍光灯あり,60.008 fps,60,60,1,33,ex,B,B,4,,,frame_00000.png,frame_00119.png,,120,1.999742
ex_B_4,lockin,0,0,QR未検出,,lockin,binary,,,10.007741,12,8,1,0.684429,,0.684429,frame_00000.png,frame_00119.png,r60_e60_f1.mp4,60 Hz,1/60,蛍光灯あり,60.008 fps,60,60,1,33,ex,B,B,4,,,frame_00000.png,frame_00119.png,,120,1.999742
ex_B_4,lockin,0,0,QR未検出,,lockin,binary,,,15.000000,12,8,1,0.660926,,0.660926,frame_00000.png,frame_00119.png,r60_e60_f1.mp4,60 Hz,1/60,蛍光灯あり,60.008 fps,60,60,1,33,ex,B,B,4,,,frame_00000.png,frame_00119.png,,120,1.999742
ex_B_4,lockin,0,0,QR未検出,,lockin,binary,,,10.007741,4,8,1,0.610392,,0.610392,frame_00000.png,frame_00119.png,r60_e60_f1.mp4,60 Hz,1/60,蛍光灯あり,60.008 fps,60,60,1,33,ex,B,B,4,,,frame_00000.png,frame_00119.png,,120,1.999742
ex_B_4,lockin,0,0,QR未検出,,lockin,binary,,,10.007741,8,8,1,0.598353,,0.598353,frame_00000.png,frame_00119.png,r60_e60_f1.mp4,60 Hz,1/60,蛍光灯あり,60.008 fps,60,60,1,33,ex,B,B,4,,,frame_00000.png,frame_00119.png,,120,1.999742
ex_B_4,lockin,0,0,QR未検出,,lockin,binary,,,15.000000,4,8,1,0.523248,,0.523248,frame_00000.png,frame_00119.png,r60_e60_f1.mp4,60 Hz,1/60,蛍光灯あり,60.008 fps,60,60,1,33,ex,B,B,4,,,frame_00000.png,frame_00119.png,,120,1.999742
ex_B_8,lockin,1,0,QR未検出,,lockin,binary,,,30.000000,8,8,1,0.792925,,0.792925,frame_00000.png,frame_00119.png,r60_e60_f1.mp4,60 Hz,1/60,蛍光灯あり,60.008 fps,60,60,1,34,ex,B,B,8,,,frame_00000.png,frame_00119.png,,120,1.999742
ex_B_8,lockin,0,0,QR未検出,,lockin,binary,,,30.000000,12,8,1,0.791210,,0.791210,frame_00000.png,frame_00119.png,r60_e60_f1.mp4,60 Hz,1/60,蛍光灯あり,60.008 fps,60,60,1,34,ex,B,B,8,,,frame_00000.png,frame_00119.png,,120,1.999742
ex_B_8,lockin,0,0,QR未検出,,lockin,binary,,,30.000000,4,8,1,0.778572,,0.778572,frame_00000.png,frame_00119.png,r60_e60_f1.mp4,60 Hz,1/60,蛍光灯あり,60.008 fps,60,60,1,34,ex,B,B,8,,,frame_00000.png,frame_00119.png,,120,1.999742
ex_B_8,lockin,0,0,QR未検出,,lockin,binary,,,15.000000,12,8,1,0.718623,,0.718623,frame_00000.png,frame_00119.png,r60_e60_f1.mp4,60 Hz,1/60,蛍光灯あり,60.008 fps,60,60,1,34,ex,B,B,8,,,frame_00000.png,frame_00119.png,,120,1.999742
ex_B_8,lockin,0,0,QR未検出,,lockin,binary,,,10.007741,12,8,1,0.709667,,0.709667,frame_00000.png,frame_00119.png,r60_e60_f1.mp4,60 Hz,1/60,蛍光灯あり,60.008 fps,60,60,1,34,ex,B,B,8,,,frame_00000.png,frame_00119.png,,120,1.999742
ex_B_8,lockin,0,0,QR未検出,,lockin,binary,,,10.007741,4,8,1,0.624564,,0.624564,frame_00000.png,frame_00119.png,r60_e60_f1.mp4,60 Hz,1/60,蛍光灯あり,60.008 fps,60,60,1,34,ex,B,B,8,,,frame_00000.png,frame_00119.png,,120,1.999742
ex_B_8,lockin,0,0,QR未検出,,lockin,binary,,,15.000000,8,8,1,0.622944,,0.622944,frame_00000.png,frame_00119.png,r60_e60_f1.mp4,60 Hz,1/60,蛍光灯あり,60.008 fps,60,60,1,34,ex,B,B,8,,,frame_00000.png,frame_00119.png,,120,1.999742
ex_B_8,lockin,0,0,QR未検出,,lockin,binary,,,15.000000,4,8,1,0.613163,,0.613163,frame_00000.png,frame_00119.png,r60_e60_f1.mp4,60 Hz,1/60,蛍光灯あり,60.008 fps,60,60,1,34,ex,B,B,8,,,frame_00000.png,frame_00119.png,,120,1.999742
ex_B_8,lockin,0,0,QR未検出,,lockin,binary,,,10.007741,8,8,1,0.551069,,0.551069,frame_00000.png,frame_00119.png,r60_e60_f1.mp4,60 Hz,1/60,蛍光灯あり,60.008 fps,60,60,1,34,ex,B,B,8,,,frame_00000.png,frame_00119.png,,120,1.999742
ex_B_12,lockin,1,0,QR未検出,,lockin,binary,,,30.000000,12,8,1,0.766109,,0.766109,frame_00000.png,frame_00119.png,r60_e60_f1.mp4,60 Hz,1/60,蛍光灯あり,60.008 fps,60,60,1,35,ex,B,B,12,,,frame_00000.png,frame_00119.png,,120,1.999742
ex_B_12,lockin,0,0,QR未検出,,lockin,binary,,,30.000000,8,8,1,0.765695,,0.765695,frame_00000.png,frame_00119.png,r60_e60_f1.mp4,60 Hz,1/60,蛍光灯あり,60.008 fps,60,60,1,35,ex,B,B,12,,,frame_00000.png,frame_00119.png,,120,1.999742
ex_B_12,lockin,0,0,QR未検出,,lockin,binary,,,30.000000,4,8,1,0.761448,,0.761448,frame_00000.png,frame_00119.png,r60_e60_f1.mp4,60 Hz,1/60,蛍光灯あり,60.008 fps,60,60,1,35,ex,B,B,12,,,frame_00000.png,frame_00119.png,,120,1.999742
ex_B_12,lockin,0,0,QR未検出,,lockin,binary,,,10.007741,4,8,1,0.637363,,0.637363,frame_00000.png,frame_00119.png,r60_e60_f1.mp4,60 Hz,1/60,蛍光灯あり,60.008 fps,60,60,1,35,ex,B,B,12,,,frame_00000.png,frame_00119.png,,120,1.999742
ex_B_12,lockin,0,0,QR未検出,,lockin,binary,,,15.000000,4,8,1,0.636721,,0.636721,frame_00000.png,frame_00119.png,r60_e60_f1.mp4,60 Hz,1/60,蛍光灯あり,60.008 fps,60,60,1,35,ex,B,B,12,,,frame_00000.png,frame_00119.png,,120,1.999742
ex_B_12,lockin,0,0,QR未検出,,lockin,binary,,,15.000000,12,8,1,0.613732,,0.613732,frame_00000.png,frame_00119.png,r60_e60_f1.mp4,60 Hz,1/60,蛍光灯あり,60.008 fps,60,60,1,35,ex,B,B,12,,,frame_00000.png,frame_00119.png,,120,1.999742
ex_B_12,lockin,0,0,QR未検出,,lockin,binary,,,10.007741,12,8,1,0.593931,,0.593931,frame_00000.png,frame_00119.png,r60_e60_f1.mp4,60 Hz,1/60,蛍光灯あり,60.008 fps,60,60,1,35,ex,B,B,12,,,frame_00000.png,frame_00119.png,,120,1.999742
ex_B_12,lockin,0,0,QR未検出,,lockin,binary,,,10.007741,8,8,1,0.574634,,0.574634,frame_00000.png,frame_00119.png,r60_e60_f1.mp4,60 Hz,1/60,蛍光灯あり,60.008 fps,60,60,1,35,ex,B,B,12,,,frame_00000.png,frame_00119.png,,120,1.999742
ex_B_12,lockin,0,0,QR未検出,,lockin,binary,,,15.000000,8,8,1,0.559043,,0.559043,frame_00000.png,frame_00119.png,r60_e60_f1.mp4,60 Hz,1/60,蛍光灯あり,60.008 fps,60,60,1,35,ex,B,B,12,,,frame_00000.png,frame_00119.png,,120,1.999742
rice_I_4,lockin,1,0,QR未検出,,lockin,binary,,,30.000000,12,8,1,0.826146,,0.826146,frame_00000.png,frame_00119.png,r60_e60_f1.mp4,60 Hz,1/60,蛍光灯あり,60.008 fps,60,60,1,36,rice,min,I,4,,,frame_00000.png,frame_00119.png,,120,1.999742
rice_I_4,lockin,0,0,QR未検出,,lockin,binary,,,30.000000,8,8,1,0.812589,,0.812589,frame_00000.png,frame_00119.png,r60_e60_f1.mp4,60 Hz,1/60,蛍光灯あり,60.008 fps,60,60,1,36,rice,min,I,4,,,frame_00000.png,frame_00119.png,,120,1.999742
rice_I_4,lockin,0,0,QR未検出,,lockin,binary,,,30.000000,4,8,1,0.766316,,0.766316,frame_00000.png,frame_00119.png,r60_e60_f1.mp4,60 Hz,1/60,蛍光灯あり,60.008 fps,60,60,1,36,rice,min,I,4,,,frame_00000.png,frame_00119.png,,120,1.999742
rice_I_4,lockin,0,0,QR未検出,,lockin,binary,,,15.000000,12,8,1,0.727344,,0.727344,frame_00000.png,frame_00119.png,r60_e60_f1.mp4,60 Hz,1/60,蛍光灯あり,60.008 fps,60,60,1,36,rice,min,I,4,,,frame_00000.png,frame_00119.png,,120,1.999742
rice_I_4,lockin,0,0,QR未検出,,lockin,binary,,,15.000000,8,8,1,0.679768,,0.679768,frame_00000.png,frame_00119.png,r60_e60_f1.mp4,60 Hz,1/60,蛍光灯あり,60.008 fps,60,60,1,36,rice,min,I,4,,,frame_00000.png,frame_00119.png,,120,1.999742
rice_I_4,lockin,0,0,QR未検出,,lockin,binary,,,10.007741,12,8,1,0.632359,,0.632359,frame_00000.png,frame_00119.png,r60_e60_f1.mp4,60 Hz,1/60,蛍光灯あり,60.008 fps,60,60,1,36,rice,min,I,4,,,frame_00000.png,frame_00119.png,,120,1.999742
rice_I_4,lockin,0,0,QR未検出,,lockin,binary,,,10.007741,4,8,1,0.622222,,0.622222,frame_00000.png,frame_00119.png,r60_e60_f1.mp4,60 Hz,1/60,蛍光灯あり,60.008 fps,60,60,1,36,rice,min,I,4,,,frame_00000.png,frame_00119.png,,120,1.999742
rice_I_4,lockin,0,0,QR未検出,,lockin,binary,,,15.000000,4,8,1,0.543464,,0.543464,frame_00000.png,frame_00119.png,r60_e60_f1.mp4,60 Hz,1/60,蛍光灯あり,60.008 fps,60,60,1,36,rice,min,I,4,,,frame_00000.png,frame_00119.png,,120,1.999742
rice_I_4,lockin,0,0,QR未検出,,lockin,binary,,,10.007741,8,8,1,0.509406,,0.509406,frame_00000.png,frame_00119.png,r60_e60_f1.mp4,60 Hz,1/60,蛍光灯あり,60.008 fps,60,60,1,36,rice,min,I,4,,,frame_00000.png,frame_00119.png,,120,1.999742
rice_I_8,lockin,0,0,QR未検出,,lockin,binary,,,30.000000,12,8,1,0.827761,,0.827761,frame_00000.png,frame_00119.png,r60_e60_f1.mp4,60 Hz,1/60,蛍光灯あり,60.008 fps,60,60,1,37,rice,min,I,8,,,frame_00000.png,frame_00119.png,,120,1.999742
rice_I_8,lockin,0,0,QR未検出,,lockin,binary,,,30.000000,8,8,1,0.803391,,0.803391,frame_00000.png,frame_00119.png,r60_e60_f1.mp4,60 Hz,1/60,蛍光灯あり,60.008 fps,60,60,1,37,rice,min,I,8,,,frame_00000.png,frame_00119.png,,120,1.999742
rice_I_8,lockin,0,0,QR未検出,,lockin,binary,,,30.000000,4,8,1,0.754232,,0.754232,frame_00000.png,frame_00119.png,r60_e60_f1.mp4,60 Hz,1/60,蛍光灯あり,60.008 fps,60,60,1,37,rice,min,I,8,,,frame_00000.png,frame_00119.png,,120,1.999742
rice_I_8,lockin,0,0,QR未検出,,lockin,binary,,,10.007741,12,8,1,0.654013,,0.654013,frame_00000.png,frame_00119.png,r60_e60_f1.mp4,60 Hz,1/60,蛍光灯あり,60.008 fps,60,60,1,37,rice,min,I,8,,,frame_00000.png,frame_00119.png,,120,1.999742
rice_I_8,lockin,0,0,QR未検出,,lockin,binary,,,15.000000,12,8,1,0.645438,,0.645438,frame_00000.png,frame_00119.png,r60_e60_f1.mp4,60 Hz,1/60,蛍光灯あり,60.008 fps,60,60,1,37,rice,min,I,8,,,frame_00000.png,frame_00119.png,,120,1.999742
rice_I_8,lockin,0,0,QR未検出,,lockin,binary,,,10.007741,4,8,1,0.618316,,0.618316,frame_00000.png,frame_00119.png,r60_e60_f1.mp4,60 Hz,1/60,蛍光灯あり,60.008 fps,60,60,1,37,rice,min,I,8,,,frame_00000.png,frame_00119.png,,120,1.999742
rice_I_8,lockin,0,0,QR未検出,,lockin,binary,,,15.000000,4,8,1,0.613275,,0.613275,frame_00000.png,frame_00119.png,r60_e60_f1.mp4,60 Hz,1/60,蛍光灯あり,60.008 fps,60,60,1,37,rice,min,I,8,,,frame_00000.png,frame_00119.png,,120,1.999742
rice_I_8,lockin,0,0,QR未検出,,lockin,binary,,,15.000000,8,8,1,0.504544,,0.504544,frame_00000.png,frame_00119.png,r60_e60_f1.mp4,60 Hz,1/60,蛍光灯あり,60.008 fps,60,60,1,37,rice,min,I,8,,,frame_00000.png,frame_00119.png,,120,1.999742
rice_I_8,lockin,0,0,QR未検出,,lockin,binary,,,10.007741,8,8,1,0.503274,,0.503274,frame_00000.png,frame_00119.png,r60_e60_f1.mp4,60 Hz,1/60,蛍光灯あり,60.008 fps,60,60,1,37,rice,min,I,8,,,frame_00000.png,frame_00119.png,,120,1.999742
rice_I_12,lockin,1,0,QR未検出,,lockin,binary,,,30.000000,12,8,1,0.840645,,0.840645,frame_00000.png,frame_00119.png,r60_e60_f1.mp4,60 Hz,1/60,蛍光灯あり,60.008 fps,60,60,1,38,rice,min,I,12,,,frame_00000.png,frame_00119.png,,120,1.999742
rice_I_12,lockin,0,0,QR未検出,,lockin,binary,,,30.000000,8,8,1,0.820662,,0.820662,frame_00000.png,frame_00119.png,r60_e60_f1.mp4,60 Hz,1/60,蛍光灯あり,60.008 fps,60,60,1,38,rice,min,I,12,,,frame_00000.png,frame_00119.png,,120,1.999742
rice_I_12,lockin,0,0,QR未検出,,lockin,binary,,,30.000000,4,8,1,0.781449,,0.781449,frame_00000.png,frame_00119.png,r60_e60_f1.mp4,60 Hz,1/60,蛍光灯あり,60.008 fps,60,60,1,38,rice,min,I,12,,,frame_00000.png,frame_00119.png,,120,1.999742
rice_I_12,lockin,0,0,QR未検出,,lockin,binary,,,15.000000,12,8,1,0.720063,,0.720063,frame_00000.png,frame_00119.png,r60_e60_f1.mp4,60 Hz,1/60,蛍光灯あり,60.008 fps,60,60,1,38,rice,min,I,12,,,frame_00000.png,frame_00119.png,,120,1.999742
rice_I_12,lockin,0,0,QR未検出,,lockin,binary,,,10.007741,12,8,1,0.711733,,0.711733,frame_00000.png,frame_00119.png,r60_e60_f1.mp4,60 Hz,1/60,蛍光灯あり,60.008 fps,60,60,1,38,rice,min,I,12,,,frame_00000.png,frame_00119.png,,120,1.999742
rice_I_12,lockin,0,0,QR未検出,,lockin,binary,,,15.000000,8,8,1,0.651812,,0.651812,frame_00000.png,frame_00119.png,r60_e60_f1.mp4,60 Hz,1/60,蛍光灯あり,60.008 fps,60,60,1,38,rice,min,I,12,,,frame_00000.png,frame_00119.png,,120,1.999742
rice_I_12,lockin,0,0,QR未検出,,lockin,binary,,,10.007741,8,8,1,0.605531,,0.605531,frame_00000.png,frame_00119.png,r60_e60_f1.mp4,60 Hz,1/60,蛍光灯あり,60.008 fps,60,60,1,38,rice,min,I,12,,,frame_00000.png,frame_00119.png,,120,1.999742
rice_I_12,lockin,0,0,QR未検出,,lockin,binary,,,10.007741,4,8,1,0.578177,,0.578177,frame_00000.png,frame_00119.png,r60_e60_f1.mp4,60 Hz,1/60,蛍光灯あり,60.008 fps,60,60,1,38,rice,min,I,12,,,frame_00000.png,frame_00119.png,,120,1.999742
rice_I_12,lockin,0,0,QR未検出,,lockin,binary,,,15.000000,4,8,1,0.553180,,0.553180,frame_00000.png,frame_00119.png,r60_e60_f1.mp4,60 Hz,1/60,蛍光灯あり,60.008 fps,60,60,1,38,rice,min,I,12,,,frame_00000.png,frame_00119.png,,120,1.999742
nagaoka_fireworks_I_4,lockin,1,0,QR未検出,,lockin,binary,,,30.000000,12,8,1,0.747879,,0.747879,frame_00000.png,frame_00119.png,r60_e60_f1.mp4,60 Hz,1/60,蛍光灯あり,60.008 fps,60,60,1,39,nagaoka_fireworks,min,I,4,,,frame_00000.png,frame_00119.png,,120,1.999742
nagaoka_fireworks_I_4,lockin,0,0,QR未検出,,lockin,binary,,,30.000000,8,8,1,0.741182,,0.741182,frame_00000.png,frame_00119.png,r60_e60_f1.mp4,60 Hz,1/60,蛍光灯あり,60.008 fps,60,60,1,39,nagaoka_fireworks,min,I,4,,,frame_00000.png,frame_00119.png,,120,1.999742
nagaoka_fireworks_I_4,lockin,0,0,QR未検出,,lockin,binary,,,30.000000,4,8,1,0.707026,,0.707026,frame_00000.png,frame_00119.png,r60_e60_f1.mp4,60 Hz,1/60,蛍光灯あり,60.008 fps,60,60,1,39,nagaoka_fireworks,min,I,4,,,frame_00000.png,frame_00119.png,,120,1.999742
nagaoka_fireworks_I_4,lockin,0,0,QR未検出,,lockin,binary,,,10.007741,12,8,1,0.625576,,0.625576,frame_00000.png,frame_00119.png,r60_e60_f1.mp4,60 Hz,1/60,蛍光灯あり,60.008 fps,60,60,1,39,nagaoka_fireworks,min,I,4,,,frame_00000.png,frame_00119.png,,120,1.999742
nagaoka_fireworks_I_4,lockin,0,0,QR未検出,,lockin,binary,,,15.000000,12,8,1,0.611645,,0.611645,frame_00000.png,frame_00119.png,r60_e60_f1.mp4,60 Hz,1/60,蛍光灯あり,60.008 fps,60,60,1,39,nagaoka_fireworks,min,I,4,,,frame_00000.png,frame_00119.png,,120,1.999742
nagaoka_fireworks_I_4,lockin,0,0,QR未検出,,lockin,binary,,,15.000000,4,8,1,0.547750,,0.547750,frame_00000.png,frame_00119.png,r60_e60_f1.mp4,60 Hz,1/60,蛍光灯あり,60.008 fps,60,60,1,39,nagaoka_fireworks,min,I,4,,,frame_00000.png,frame_00119.png,,120,1.999742
nagaoka_fireworks_I_4,lockin,0,0,QR未検出,,lockin,binary,,,10.007741,8,8,1,0.544608,,0.544608,frame_00000.png,frame_00119.png,r60_e60_f1.mp4,60 Hz,1/60,蛍光灯あり,60.008 fps,60,60,1,39,nagaoka_fireworks,min,I,4,,,frame_00000.png,frame_00119.png,,120,1.999742
nagaoka_fireworks_I_4,lockin,0,0,QR未検出,,lockin,binary,,,10.007741,4,8,1,0.542883,,0.542883,frame_00000.png,frame_00119.png,r60_e60_f1.mp4,60 Hz,1/60,蛍光灯あり,60.008 fps,60,60,1,39,nagaoka_fireworks,min,I,4,,,frame_00000.png,frame_00119.png,,120,1.999742
nagaoka_fireworks_I_4,lockin,0,0,QR未検出,,lockin,binary,,,15.000000,8,8,1,0.533256,,0.533256,frame_00000.png,frame_00119.png,r60_e60_f1.mp4,60 Hz,1/60,蛍光灯あり,60.008 fps,60,60,1,39,nagaoka_fireworks,min,I,4,,,frame_00000.png,frame_00119.png,,120,1.999742
nagaoka_fireworks_I_8,lockin,1,0,QR未検出,,lockin,binary,,,30.000000,12,8,1,0.781669,,0.781669,frame_00000.png,frame_00119.png,r60_e60_f1.mp4,60 Hz,1/60,蛍光灯あり,60.008 fps,60,60,1,40,nagaoka_fireworks,min,I,8,,,frame_00000.png,frame_00119.png,,120,1.999742
nagaoka_fireworks_I_8,lockin,0,0,QR未検出,,lockin,binary,,,30.000000,8,8,1,0.765054,,0.765054,frame_00000.png,frame_00119.png,r60_e60_f1.mp4,60 Hz,1/60,蛍光灯あり,60.008 fps,60,60,1,40,nagaoka_fireworks,min,I,8,,,frame_00000.png,frame_00119.png,,120,1.999742
nagaoka_fireworks_I_8,lockin,0,0,QR未検出,,lockin,binary,,,30.000000,4,8,1,0.731604,,0.731604,frame_00000.png,frame_00119.png,r60_e60_f1.mp4,60 Hz,1/60,蛍光灯あり,60.008 fps,60,60,1,40,nagaoka_fireworks,min,I,8,,,frame_00000.png,frame_00119.png,,120,1.999742
nagaoka_fireworks_I_8,lockin,0,0,QR未検出,,lockin,binary,,,15.000000,12,8,1,0.626146,,0.626146,frame_00000.png,frame_00119.png,r60_e60_f1.mp4,60 Hz,1/60,蛍光灯あり,60.008 fps,60,60,1,40,nagaoka_fireworks,min,I,8,,,frame_00000.png,frame_00119.png,,120,1.999742
nagaoka_fireworks_I_8,lockin,0,0,QR未検出,,lockin,binary,,,10.007741,12,8,1,0.607645,,0.607645,frame_00000.png,frame_00119.png,r60_e60_f1.mp4,60 Hz,1/60,蛍光灯あり,60.008 fps,60,60,1,40,nagaoka_fireworks,min,I,8,,,frame_00000.png,frame_00119.png,,120,1.999742
nagaoka_fireworks_I_8,lockin,0,0,QR未検出,,lockin,binary,,,15.000000,8,8,1,0.552886,,0.552886,frame_00000.png,frame_00119.png,r60_e60_f1.mp4,60 Hz,1/60,蛍光灯あり,60.008 fps,60,60,1,40,nagaoka_fireworks,min,I,8,,,frame_00000.png,frame_00119.png,,120,1.999742
nagaoka_fireworks_I_8,lockin,0,0,QR未検出,,lockin,binary,,,10.007741,4,8,1,0.548193,,0.548193,frame_00000.png,frame_00119.png,r60_e60_f1.mp4,60 Hz,1/60,蛍光灯あり,60.008 fps,60,60,1,40,nagaoka_fireworks,min,I,8,,,frame_00000.png,frame_00119.png,,120,1.999742
nagaoka_fireworks_I_8,lockin,0,0,QR未検出,,lockin,binary,,,15.000000,4,8,1,0.541053,,0.541053,frame_00000.png,frame_00119.png,r60_e60_f1.mp4,60 Hz,1/60,蛍光灯あり,60.008 fps,60,60,1,40,nagaoka_fireworks,min,I,8,,,frame_00000.png,frame_00119.png,,120,1.999742
nagaoka_fireworks_I_8,lockin,0,0,QR未検出,,lockin,binary,,,10.007741,8,8,1,0.533468,,0.533468,frame_00000.png,frame_00119.png,r60_e60_f1.mp4,60 Hz,1/60,蛍光灯あり,60.008 fps,60,60,1,40,nagaoka_fireworks,min,I,8,,,frame_00000.png,frame_00119.png,,120,1.999742
nagaoka_fireworks_I_12,lockin,1,0,QR未検出,,lockin,binary,,,30.000000,12,8,1,0.873476,,0.873476,frame_00000.png,frame_00119.png,r60_e60_f1.mp4,60 Hz,1/60,蛍光灯あり,60.008 fps,60,60,1,41,nagaoka_fireworks,min,I,12,,,frame_00000.png,frame_00119.png,,120,1.999742
nagaoka_fireworks_I_12,lockin,0,0,QR未検出,,lockin,binary,,,30.000000,8,8,1,0.852571,,0.852571,frame_00000.png,frame_00119.png,r60_e60_f1.mp4,60 Hz,1/60,蛍光灯あり,60.008 fps,60,60,1,41,nagaoka_fireworks,min,I,12,,,frame_00000.png,frame_00119.png,,120,1.999742
nagaoka_fireworks_I_12,lockin,0,0,QR未検出,,lockin,binary,,,30.000000,4,8,1,0.802376,,0.802376,frame_00000.png,frame_00119.png,r60_e60_f1.mp4,60 Hz,1/60,蛍光灯あり,60.008 fps,60,60,1,41,nagaoka_fireworks,min,I,12,,,frame_00000.png,frame_00119.png,,120,1.999742
nagaoka_fireworks_I_12,lockin,0,0,QR未検出,,lockin,binary,,,10.007741,12,8,1,0.730426,,0.730426,frame_00000.png,frame_00119.png,r60_e60_f1.mp4,60 Hz,1/60,蛍光灯あり,60.008 fps,60,60,1,41,nagaoka_fireworks,min,I,12,,,frame_00000.png,frame_00119.png,,120,1.999742
nagaoka_fireworks_I_12,lockin,0,0,QR未検出,,lockin,binary,,,15.000000,12,8,1,0.716597,,0.716597,frame_00000.png,frame_00119.png,r60_e60_f1.mp4,60 Hz,1/60,蛍光灯あり,60.008 fps,60,60,1,41,nagaoka_fireworks,min,I,12,,,frame_00000.png,frame_00119.png,,120,1.999742
nagaoka_fireworks_I_12,lockin,0,0,QR未検出,,lockin,binary,,,10.007741,8,8,1,0.687035,,0.687035,frame_00000.png,frame_00119.png,r60_e60_f1.mp4,60 Hz,1/60,蛍光灯あり,60.008 fps,60,60,1,41,nagaoka_fireworks,min,I,12,,,frame_00000.png,frame_00119.png,,120,1.999742
nagaoka_fireworks_I_12,lockin,0,0,QR未検出,,lockin,binary,,,15.000000,8,8,1,0.658375,,0.658375,frame_00000.png,frame_00119.png,r60_e60_f1.mp4,60 Hz,1/60,蛍光灯あり,60.008 fps,60,60,1,41,nagaoka_fireworks,min,I,12,,,frame_00000.png,frame_00119.png,,120,1.999742
nagaoka_fireworks_I_12,lockin,0,0,QR未検出,,lockin,binary,,,10.007741,4,8,1,0.553445,,0.553445,frame_00000.png,frame_00119.png,r60_e60_f1.mp4,60 Hz,1/60,蛍光灯あり,60.008 fps,60,60,1,41,nagaoka_fireworks,min,I,12,,,frame_00000.png,frame_00119.png,,120,1.999742
nagaoka_fireworks_I_12,lockin,0,0,QR未検出,,lockin,binary,,,15.000000,4,8,1,0.531141,,0.531141,frame_00000.png,frame_00119.png,r60_e60_f1.mp4,60 Hz,1/60,蛍光灯あり,60.008 fps,60,60,1,41,nagaoka_fireworks,min,I,12,,,frame_00000.png,frame_00119.png,,120,1.999742
hocho_I_4,lockin,1,0,QR未検出,,lockin,binary,,,30.000000,8,8,1,0.697673,,0.697673,frame_00000.png,frame_00119.png,r60_e60_f1.mp4,60 Hz,1/60,蛍光灯あり,60.008 fps,60,60,1,42,hocho,min,I,4,,,frame_00000.png,frame_00119.png,,120,1.999742
hocho_I_4,lockin,0,0,QR未検出,,lockin,binary,,,30.000000,4,8,1,0.691727,,0.691727,frame_00000.png,frame_00119.png,r60_e60_f1.mp4,60 Hz,1/60,蛍光灯あり,60.008 fps,60,60,1,42,hocho,min,I,4,,,frame_00000.png,frame_00119.png,,120,1.999742
hocho_I_4,lockin,0,0,QR未検出,,lockin,binary,,,30.000000,12,8,1,0.688314,,0.688314,frame_00000.png,frame_00119.png,r60_e60_f1.mp4,60 Hz,1/60,蛍光灯あり,60.008 fps,60,60,1,42,hocho,min,I,4,,,frame_00000.png,frame_00119.png,,120,1.999742
hocho_I_4,lockin,0,0,QR未検出,,lockin,binary,,,10.007741,4,8,1,0.630067,,0.630067,frame_00000.png,frame_00119.png,r60_e60_f1.mp4,60 Hz,1/60,蛍光灯あり,60.008 fps,60,60,1,42,hocho,min,I,4,,,frame_00000.png,frame_00119.png,,120,1.999742
hocho_I_4,lockin,0,0,QR未検出,,lockin,binary,,,15.000000,4,8,1,0.612177,,0.612177,frame_00000.png,frame_00119.png,r60_e60_f1.mp4,60 Hz,1/60,蛍光灯あり,60.008 fps,60,60,1,42,hocho,min,I,4,,,frame_00000.png,frame_00119.png,,120,1.999742
hocho_I_4,lockin,0,0,QR未検出,,lockin,binary,,,15.000000,12,8,1,0.601446,,0.601446,frame_00000.png,frame_00119.png,r60_e60_f1.mp4,60 Hz,1/60,蛍光灯あり,60.008 fps,60,60,1,42,hocho,min,I,4,,,frame_00000.png,frame_00119.png,,120,1.999742
hocho_I_4,lockin,0,0,QR未検出,,lockin,binary,,,10.007741,12,8,1,0.566640,,0.566640,frame_00000.png,frame_00119.png,r60_e60_f1.mp4,60 Hz,1/60,蛍光灯あり,60.008 fps,60,60,1,42,hocho,min,I,4,,,frame_00000.png,frame_00119.png,,120,1.999742
hocho_I_4,lockin,0,0,QR未検出,,lockin,binary,,,10.007741,8,8,1,0.532890,,0.532890,frame_00000.png,frame_00119.png,r60_e60_f1.mp4,60 Hz,1/60,蛍光灯あり,60.008 fps,60,60,1,42,hocho,min,I,4,,,frame_00000.png,frame_00119.png,,120,1.999742
hocho_I_4,lockin,0,0,QR未検出,,lockin,binary,,,15.000000,8,8,1,0.525760,,0.525760,frame_00000.png,frame_00119.png,r60_e60_f1.mp4,60 Hz,1/60,蛍光灯あり,60.008 fps,60,60,1,42,hocho,min,I,4,,,frame_00000.png,frame_00119.png,,120,1.999742
hocho_I_8,lockin,1,0,QR未検出,,lockin,binary,,,30.000000,4,8,1,0.795917,,0.795917,frame_00000.png,frame_00119.png,r60_e60_f1.mp4,60 Hz,1/60,蛍光灯あり,60.008 fps,60,60,1,43,hocho,min,I,8,,,frame_00000.png,frame_00119.png,,120,1.999742
hocho_I_8,lockin,0,0,QR未検出,,lockin,binary,,,30.000000,8,8,1,0.770895,,0.770895,frame_00000.png,frame_00119.png,r60_e60_f1.mp4,60 Hz,1/60,蛍光灯あり,60.008 fps,60,60,1,43,hocho,min,I,8,,,frame_00000.png,frame_00119.png,,120,1.999742
hocho_I_8,lockin,0,0,QR未検出,,lockin,binary,,,30.000000,12,8,1,0.753298,,0.753298,frame_00000.png,frame_00119.png,r60_e60_f1.mp4,60 Hz,1/60,蛍光灯あり,60.008 fps,60,60,1,43,hocho,min,I,8,,,frame_00000.png,frame_00119.png,,120,1.999742
hocho_I_8,lockin,0,0,QR未検出,,lockin,binary,,,10.007741,12,8,1,0.642609,,0.642609,frame_00000.png,frame_00119.png,r60_e60_f1.mp4,60 Hz,1/60,蛍光灯あり,60.008 fps,60,60,1,43,hocho,min,I,8,,,frame_00000.png,frame_00119.png,,120,1.999742
hocho_I_8,lockin,0,0,QR未検出,,lockin,binary,,,15.000000,12,8,1,0.642547,,0.642547,frame_00000.png,frame_00119.png,r60_e60_f1.mp4,60 Hz,1/60,蛍光灯あり,60.008 fps,60,60,1,43,hocho,min,I,8,,,frame_00000.png,frame_00119.png,,120,1.999742
hocho_I_8,lockin,0,0,QR未検出,,lockin,binary,,,15.000000,4,8,1,0.611813,,0.611813,frame_00000.png,frame_00119.png,r60_e60_f1.mp4,60 Hz,1/60,蛍光灯あり,60.008 fps,60,60,1,43,hocho,min,I,8,,,frame_00000.png,frame_00119.png,,120,1.999742
hocho_I_8,lockin,0,0,QR未検出,,lockin,binary,,,10.007741,4,8,1,0.604497,,0.604497,frame_00000.png,frame_00119.png,r60_e60_f1.mp4,60 Hz,1/60,蛍光灯あり,60.008 fps,60,60,1,43,hocho,min,I,8,,,frame_00000.png,frame_00119.png,,120,1.999742
hocho_I_8,lockin,0,0,QR未検出,,lockin,binary,,,10.007741,8,8,1,0.561527,,0.561527,frame_00000.png,frame_00119.png,r60_e60_f1.mp4,60 Hz,1/60,蛍光灯あり,60.008 fps,60,60,1,43,hocho,min,I,8,,,frame_00000.png,frame_00119.png,,120,1.999742
hocho_I_8,lockin,0,0,QR未検出,,lockin,binary,,,15.000000,8,8,1,0.546242,,0.546242,frame_00000.png,frame_00119.png,r60_e60_f1.mp4,60 Hz,1/60,蛍光灯あり,60.008 fps,60,60,1,43,hocho,min,I,8,,,frame_00000.png,frame_00119.png,,120,1.999742
hocho_I_12,lockin,1,1,,zxing_gray,lockin,binary,,,30.000000,12,8,1,0.913510,0.913510,0.913510,frame_00000.png,frame_00119.png,r60_e60_f1.mp4,60 Hz,1/60,蛍光灯あり,60.008 fps,60,60,1,44,hocho,min,I,12,https://www.nagaoka-ct.ac.jp,zxing_gray_x1.0_k3_i1,frame_00000.png,frame_00119.png,,120,1.999742
hocho_I_12,lockin,0,1,,zxing_median_otsu,lockin,binary,,,30.000000,8,8,1,0.900627,0.900627,0.900627,frame_00000.png,frame_00119.png,r60_e60_f1.mp4,60 Hz,1/60,蛍光灯あり,60.008 fps,60,60,1,44,hocho,min,I,12,https://www.nagaoka-ct.ac.jp,zxing_median_otsu_x1.0_k5_i1,frame_00000.png,frame_00119.png,,120,1.999742
hocho_I_12,lockin,0,0,QR未検出,,lockin,binary,,,30.000000,4,8,1,0.855626,,0.855626,frame_00000.png,frame_00119.png,r60_e60_f1.mp4,60 Hz,1/60,蛍光灯あり,60.008 fps,60,60,1,44,hocho,min,I,12,,,frame_00000.png,frame_00119.png,,120,1.999742
hocho_I_12,lockin,0,0,QR未検出,,lockin,binary,,,15.000000,12,8,1,0.671858,,0.671858,frame_00000.png,frame_00119.png,r60_e60_f1.mp4,60 Hz,1/60,蛍光灯あり,60.008 fps,60,60,1,44,hocho,min,I,12,,,frame_00000.png,frame_00119.png,,120,1.999742
hocho_I_12,lockin,0,0,QR未検出,,lockin,binary,,,10.007741,4,8,1,0.637603,,0.637603,frame_00000.png,frame_00119.png,r60_e60_f1.mp4,60 Hz,1/60,蛍光灯あり,60.008 fps,60,60,1,44,hocho,min,I,12,,,frame_00000.png,frame_00119.png,,120,1.999742
hocho_I_12,lockin,0,0,QR未検出,,lockin,binary,,,15.000000,4,8,1,0.627964,,0.627964,frame_00000.png,frame_00119.png,r60_e60_f1.mp4,60 Hz,1/60,蛍光灯あり,60.008 fps,60,60,1,44,hocho,min,I,12,,,frame_00000.png,frame_00119.png,,120,1.999742
hocho_I_12,lockin,0,0,QR未検出,,lockin,binary,,,10.007741,12,8,1,0.591921,,0.591921,frame_00000.png,frame_00119.png,r60_e60_f1.mp4,60 Hz,1/60,蛍光灯あり,60.008 fps,60,60,1,44,hocho,min,I,12,,,frame_00000.png,frame_00119.png,,120,1.999742
hocho_I_12,lockin,0,0,QR未検出,,lockin,binary,,,10.007741,8,8,1,0.555550,,0.555550,frame_00000.png,frame_00119.png,r60_e60_f1.mp4,60 Hz,1/60,蛍光灯あり,60.008 fps,60,60,1,44,hocho,min,I,12,,,frame_00000.png,frame_00119.png,,120,1.999742
hocho_I_12,lockin,0,0,QR未検出,,lockin,binary,,,15.000000,8,8,1,0.522527,,0.522527,frame_00000.png,frame_00119.png,r60_e60_f1.mp4,60 Hz,1/60,蛍光灯あり,60.008 fps,60,60,1,44,hocho,min,I,12,,,frame_00000.png,frame_00119.png,,120,1.999742
ex_I_4,lockin,1,0,QR未検出,,lockin,binary,,,30.000000,8,8,1,0.849343,,0.849343,frame_00000.png,frame_00119.png,r60_e60_f1.mp4,60 Hz,1/60,蛍光灯あり,60.008 fps,60,60,1,45,ex,min,I,4,,,frame_00000.png,frame_00119.png,,120,1.999742
ex_I_4,lockin,0,0,QR未検出,,lockin,binary,,,30.000000,12,8,1,0.846158,,0.846158,frame_00000.png,frame_00119.png,r60_e60_f1.mp4,60 Hz,1/60,蛍光灯あり,60.008 fps,60,60,1,45,ex,min,I,4,,,frame_00000.png,frame_00119.png,,120,1.999742
ex_I_4,lockin,0,0,QR未検出,,lockin,binary,,,30.000000,4,8,1,0.820492,,0.820492,frame_00000.png,frame_00119.png,r60_e60_f1.mp4,60 Hz,1/60,蛍光灯あり,60.008 fps,60,60,1,45,ex,min,I,4,,,frame_00000.png,frame_00119.png,,120,1.999742
ex_I_4,lockin,0,0,QR未検出,,lockin,binary,,,15.000000,12,8,1,0.643191,,0.643191,frame_00000.png,frame_00119.png,r60_e60_f1.mp4,60 Hz,1/60,蛍光灯あり,60.008 fps,60,60,1,45,ex,min,I,4,,,frame_00000.png,frame_00119.png,,120,1.999742
ex_I_4,lockin,0,0,QR未検出,,lockin,binary,,,10.007741,4,8,1,0.632410,,0.632410,frame_00000.png,frame_00119.png,r60_e60_f1.mp4,60 Hz,1/60,蛍光灯あり,60.008 fps,60,60,1,45,ex,min,I,4,,,frame_00000.png,frame_00119.png,,120,1.999742
ex_I_4,lockin,0,0,QR未検出,,lockin,binary,,,15.000000,4,8,1,0.628412,,0.628412,frame_00000.png,frame_00119.png,r60_e60_f1.mp4,60 Hz,1/60,蛍光灯あり,60.008 fps,60,60,1,45,ex,min,I,4,,,frame_00000.png,frame_00119.png,,120,1.999742
ex_I_4,lockin,0,0,QR未検出,,lockin,binary,,,10.007741,8,8,1,0.594822,,0.594822,frame_00000.png,frame_00119.png,r60_e60_f1.mp4,60 Hz,1/60,蛍光灯あり,60.008 fps,60,60,1,45,ex,min,I,4,,,frame_00000.png,frame_00119.png,,120,1.999742
ex_I_4,lockin,0,0,QR未検出,,lockin,binary,,,15.000000,8,8,1,0.559356,,0.559356,frame_00000.png,frame_00119.png,r60_e60_f1.mp4,60 Hz,1/60,蛍光灯あり,60.008 fps,60,60,1,45,ex,min,I,4,,,frame_00000.png,frame_00119.png,,120,1.999742
ex_I_4,lockin,0,0,QR未検出,,lockin,binary,,,10.007741,12,8,1,0.541807,,0.541807,frame_00000.png,frame_00119.png,r60_e60_f1.mp4,60 Hz,1/60,蛍光灯あり,60.008 fps,60,60,1,45,ex,min,I,4,,,frame_00000.png,frame_00119.png,,120,1.999742
ex_I_8,lockin,1,0,QR未検出,,lockin,binary,,,30.000000,12,8,1,0.863918,,0.863918,frame_00000.png,frame_00119.png,r60_e60_f1.mp4,60 Hz,1/60,蛍光灯あり,60.008 fps,60,60,1,46,ex,min,I,8,,,frame_00000.png,frame_00119.png,,120,1.999742
ex_I_8,lockin,0,0,QR未検出,,lockin,binary,,,30.000000,8,8,1,0.857783,,0.857783,frame_00000.png,frame_00119.png,r60_e60_f1.mp4,60 Hz,1/60,蛍光灯あり,60.008 fps,60,60,1,46,ex,min,I,8,,,frame_00000.png,frame_00119.png,,120,1.999742
ex_I_8,lockin,0,0,QR未検出,,lockin,binary,,,30.000000,4,8,1,0.833144,,0.833144,frame_00000.png,frame_00119.png,r60_e60_f1.mp4,60 Hz,1/60,蛍光灯あり,60.008 fps,60,60,1,46,ex,min,I,8,,,frame_00000.png,frame_00119.png,,120,1.999742
ex_I_8,lockin,0,0,QR未検出,,lockin,binary,,,10.007741,4,8,1,0.633348,,0.633348,frame_00000.png,frame_00119.png,r60_e60_f1.mp4,60 Hz,1/60,蛍光灯あり,60.008 fps,60,60,1,46,ex,min,I,8,,,frame_00000.png,frame_00119.png,,120,1.999742
ex_I_8,lockin,0,0,QR未検出,,lockin,binary,,,15.000000,4,8,1,0.632081,,0.632081,frame_00000.png,frame_00119.png,r60_e60_f1.mp4,60 Hz,1/60,蛍光灯あり,60.008 fps,60,60,1,46,ex,min,I,8,,,frame_00000.png,frame_00119.png,,120,1.999742
ex_I_8,lockin,0,0,QR未検出,,lockin,binary,,,15.000000,8,8,1,0.602356,,0.602356,frame_00000.png,frame_00119.png,r60_e60_f1.mp4,60 Hz,1/60,蛍光灯あり,60.008 fps,60,60,1,46,ex,min,I,8,,,frame_00000.png,frame_00119.png,,120,1.999742
ex_I_8,lockin,0,0,QR未検出,,lockin,binary,,,10.007741,8,8,1,0.601770,,0.601770,frame_00000.png,frame_00119.png,r60_e60_f1.mp4,60 Hz,1/60,蛍光灯あり,60.008 fps,60,60,1,46,ex,min,I,8,,,frame_00000.png,frame_00119.png,,120,1.999742
ex_I_8,lockin,0,0,QR未検出,,lockin,binary,,,10.007741,12,8,1,0.525389,,0.525389,frame_00000.png,frame_00119.png,r60_e60_f1.mp4,60 Hz,1/60,蛍光灯あり,60.008 fps,60,60,1,46,ex,min,I,8,,,frame_00000.png,frame_00119.png,,120,1.999742
ex_I_8,lockin,0,0,QR未検出,,lockin,binary,,,15.000000,12,8,1,0.510468,,0.510468,frame_00000.png,frame_00119.png,r60_e60_f1.mp4,60 Hz,1/60,蛍光灯あり,60.008 fps,60,60,1,46,ex,min,I,8,,,frame_00000.png,frame_00119.png,,120,1.999742
ex_I_12,lockin,0,1,,zxing_gray,lockin,binary,,,30.000000,12,8,1,0.930911,0.930911,0.930911,frame_00000.png,frame_00119.png,r60_e60_f1.mp4,60 Hz,1/60,蛍光灯あり,60.008 fps,60,60,1,47,ex,min,I,12,https://www.nagaoka-ct.ac.jp,zxing_gray_x1.0_k3_i1,frame_00000.png,frame_00119.png,,120,1.999742
ex_I_12,lockin,0,0,QR未検出,,lockin,binary,,,30.000000,8,8,1,0.909278,,0.909278,frame_00000.png,frame_00119.png,r60_e60_f1.mp4,60 Hz,1/60,蛍光灯あり,60.008 fps,60,60,1,47,ex,min,I,12,,,frame_00000.png,frame_00119.png,,120,1.999742
ex_I_12,lockin,0,0,QR未検出,,lockin,binary,,,30.000000,4,8,1,0.858760,,0.858760,frame_00000.png,frame_00119.png,r60_e60_f1.mp4,60 Hz,1/60,蛍光灯あり,60.008 fps,60,60,1,47,ex,min,I,12,,,frame_00000.png,frame_00119.png,,120,1.999742
ex_I_12,lockin,0,0,QR未検出,,lockin,binary,,,10.007741,12,8,1,0.798592,,0.798592,frame_00000.png,frame_00119.png,r60_e60_f1.mp4,60 Hz,1/60,蛍光灯あり,60.008 fps,60,60,1,47,ex,min,I,12,,,frame_00000.png,frame_00119.png,,120,1.999742
ex_I_12,lockin,0,0,QR未検出,,lockin,binary,,,15.000000,12,8,1,0.784169,,0.784169,frame_00000.png,frame_00119.png,r60_e60_f1.mp4,60 Hz,1/60,蛍光灯あり,60.008 fps,60,60,1,47,ex,min,I,12,,,frame_00000.png,frame_00119.png,,120,1.999742
ex_I_12,lockin,0,0,QR未検出,,lockin,binary,,,15.000000,8,8,1,0.773391,,0.773391,frame_00000.png,frame_00119.png,r60_e60_f1.mp4,60 Hz,1/60,蛍光灯あり,60.008 fps,60,60,1,47,ex,min,I,12,,,frame_00000.png,frame_00119.png,,120,1.999742
ex_I_12,lockin,0,0,QR未検出,,lockin,binary,,,10.007741,8,8,1,0.689684,,0.689684,frame_00000.png,frame_00119.png,r60_e60_f1.mp4,60 Hz,1/60,蛍光灯あり,60.008 fps,60,60,1,47,ex,min,I,12,,,frame_00000.png,frame_00119.png,,120,1.999742
ex_I_12,lockin,0,0,QR未検出,,lockin,binary,,,10.007741,4,8,1,0.597199,,0.597199,frame_00000.png,frame_00119.png,r60_e60_f1.mp4,60 Hz,1/60,蛍光灯あり,60.008 fps,60,60,1,47,ex,min,I,12,,,frame_00000.png,frame_00119.png,,120,1.999742
ex_I_12,lockin,0,0,QR未検出,,lockin,binary,,,15.000000,4,8,1,0.529685,,0.529685,frame_00000.png,frame_00119.png,r60_e60_f1.mp4,60 Hz,1/60,蛍光灯あり,60.008 fps,60,60,1,47,ex,min,I,12,,,frame_00000.png,frame_00119.png,,120,1.999742
rice_X_4,lockin,1,0,QR未検出,,lockin,binary,,,30.000000,8,8,1,0.751949,,0.751949,frame_00000.png,frame_00119.png,r60_e60_f1.mp4,60 Hz,1/60,蛍光灯あり,60.008 fps,60,60,1,48,rice,max,X,4,,,frame_00000.png,frame_00119.png,,120,1.999742
rice_X_4,lockin,0,0,QR未検出,,lockin,binary,,,30.000000,12,8,1,0.746793,,0.746793,frame_00000.png,frame_00119.png,r60_e60_f1.mp4,60 Hz,1/60,蛍光灯あり,60.008 fps,60,60,1,48,rice,max,X,4,,,frame_00000.png,frame_00119.png,,120,1.999742
rice_X_4,lockin,0,0,QR未検出,,lockin,binary,,,30.000000,4,8,1,0.710771,,0.710771,frame_00000.png,frame_00119.png,r60_e60_f1.mp4,60 Hz,1/60,蛍光灯あり,60.008 fps,60,60,1,48,rice,max,X,4,,,frame_00000.png,frame_00119.png,,120,1.999742
rice_X_4,lockin,0,0,QR未検出,,lockin,binary,,,10.007741,12,8,1,0.643762,,0.643762,frame_00000.png,frame_00119.png,r60_e60_f1.mp4,60 Hz,1/60,蛍光灯あり,60.008 fps,60,60,1,48,rice,max,X,4,,,frame_00000.png,frame_00119.png,,120,1.999742
rice_X_4,lockin,0,0,QR未検出,,lockin,binary,,,15.000000,4,8,1,0.614948,,0.614948,frame_00000.png,frame_00119.png,r60_e60_f1.mp4,60 Hz,1/60,蛍光灯あり,60.008 fps,60,60,1,48,rice,max,X,4,,,frame_00000.png,frame_00119.png,,120,1.999742
rice_X_4,lockin,0,0,QR未検出,,lockin,binary,,,15.000000,12,8,1,0.614178,,0.614178,frame_00000.png,frame_00119.png,r60_e60_f1.mp4,60 Hz,1/60,蛍光灯あり,60.008 fps,60,60,1,48,rice,max,X,4,,,frame_00000.png,frame_00119.png,,120,1.999742
rice_X_4,lockin,0,0,QR未検出,,lockin,binary,,,10.007741,4,8,1,0.587421,,0.587421,frame_00000.png,frame_00119.png,r60_e60_f1.mp4,60 Hz,1/60,蛍光灯あり,60.008 fps,60,60,1,48,rice,max,X,4,,,frame_00000.png,frame_00119.png,,120,1.999742
rice_X_4,lockin,0,0,QR未検出,,lockin,binary,,,10.007741,8,8,1,0.579057,,0.579057,frame_00000.png,frame_00119.png,r60_e60_f1.mp4,60 Hz,1/60,蛍光灯あり,60.008 fps,60,60,1,48,rice,max,X,4,,,frame_00000.png,frame_00119.png,,120,1.999742
rice_X_4,lockin,0,0,QR未検出,,lockin,binary,,,15.000000,8,8,1,0.508596,,0.508596,frame_00000.png,frame_00119.png,r60_e60_f1.mp4,60 Hz,1/60,蛍光灯あり,60.008 fps,60,60,1,48,rice,max,X,4,,,frame_00000.png,frame_00119.png,,120,1.999742
rice_X_8,lockin,1,0,QR未検出,,lockin,binary,,,30.000000,12,8,1,0.790890,,0.790890,frame_00000.png,frame_00119.png,r60_e60_f1.mp4,60 Hz,1/60,蛍光灯あり,60.008 fps,60,60,1,49,rice,max,X,8,,,frame_00000.png,frame_00119.png,,120,1.999742
rice_X_8,lockin,0,0,QR未検出,,lockin,binary,,,30.000000,8,8,1,0.786405,,0.786405,frame_00000.png,frame_00119.png,r60_e60_f1.mp4,60 Hz,1/60,蛍光灯あり,60.008 fps,60,60,1,49,rice,max,X,8,,,frame_00000.png,frame_00119.png,,120,1.999742
rice_X_8,lockin,0,0,QR未検出,,lockin,binary,,,30.000000,4,8,1,0.747206,,0.747206,frame_00000.png,frame_00119.png,r60_e60_f1.mp4,60 Hz,1/60,蛍光灯あり,60.008 fps,60,60,1,49,rice,max,X,8,,,frame_00000.png,frame_00119.png,,120,1.999742
rice_X_8,lockin,0,0,QR未検出,,lockin,binary,,,10.007741,12,8,1,0.671027,,0.671027,frame_00000.png,frame_00119.png,r60_e60_f1.mp4,60 Hz,1/60,蛍光灯あり,60.008 fps,60,60,1,49,rice,max,X,8,,,frame_00000.png,frame_00119.png,,120,1.999742
rice_X_8,lockin,0,0,QR未検出,,lockin,binary,,,15.000000,12,8,1,0.637643,,0.637643,frame_00000.png,frame_00119.png,r60_e60_f1.mp4,60 Hz,1/60,蛍光灯あり,60.008 fps,60,60,1,49,rice,max,X,8,,,frame_00000.png,frame_00119.png,,120,1.999742
rice_X_8,lockin,0,0,QR未検出,,lockin,binary,,,15.000000,4,8,1,0.621618,,0.621618,frame_00000.png,frame_00119.png,r60_e60_f1.mp4,60 Hz,1/60,蛍光灯あり,60.008 fps,60,60,1,49,rice,max,X,8,,,frame_00000.png,frame_00119.png,,120,1.999742
rice_X_8,lockin,0,0,QR未検出,,lockin,binary,,,10.007741,4,8,1,0.598751,,0.598751,frame_00000.png,frame_00119.png,r60_e60_f1.mp4,60 Hz,1/60,蛍光灯あり,60.008 fps,60,60,1,49,rice,max,X,8,,,frame_00000.png,frame_00119.png,,120,1.999742
rice_X_8,lockin,0,0,QR未検出,,lockin,binary,,,10.007741,8,8,1,0.567835,,0.567835,frame_00000.png,frame_00119.png,r60_e60_f1.mp4,60 Hz,1/60,蛍光灯あり,60.008 fps,60,60,1,49,rice,max,X,8,,,frame_00000.png,frame_00119.png,,120,1.999742
rice_X_8,lockin,0,0,QR未検出,,lockin,binary,,,15.000000,8,8,1,0.502995,,0.502995,frame_00000.png,frame_00119.png,r60_e60_f1.mp4,60 Hz,1/60,蛍光灯あり,60.008 fps,60,60,1,49,rice,max,X,8,,,frame_00000.png,frame_00119.png,,120,1.999742
rice_X_12,lockin,1,0,QR未検出,,lockin,binary,,,30.000000,12,8,1,0.913879,,0.913879,frame_00000.png,frame_00119.png,r60_e60_f1.mp4,60 Hz,1/60,蛍光灯あり,60.008 fps,60,60,1,50,rice,max,X,12,,,frame_00000.png,frame_00119.png,,120,1.999742
rice_X_12,lockin,0,0,QR未検出,,lockin,binary,,,30.000000,8,8,1,0.889865,,0.889865,frame_00000.png,frame_00119.png,r60_e60_f1.mp4,60 Hz,1/60,蛍光灯あり,60.008 fps,60,60,1,50,rice,max,X,12,,,frame_00000.png,frame_00119.png,,120,1.999742
rice_X_12,lockin,0,0,QR未検出,,lockin,binary,,,30.000000,4,8,1,0.839552,,0.839552,frame_00000.png,frame_00119.png,r60_e60_f1.mp4,60 Hz,1/60,蛍光灯あり,60.008 fps,60,60,1,50,rice,max,X,12,,,frame_00000.png,frame_00119.png,,120,1.999742
rice_X_12,lockin,0,0,QR未検出,,lockin,binary,,,15.000000,12,8,1,0.682625,,0.682625,frame_00000.png,frame_00119.png,r60_e60_f1.mp4,60 Hz,1/60,蛍光灯あり,60.008 fps,60,60,1,50,rice,max,X,12,,,frame_00000.png,frame_00119.png,,120,1.999742
rice_X_12,lockin,0,0,QR未検出,,lockin,binary,,,10.007741,12,8,1,0.679798,,0.679798,frame_00000.png,frame_00119.png,r60_e60_f1.mp4,60 Hz,1/60,蛍光灯あり,60.008 fps,60,60,1,50,rice,max,X,12,,,frame_00000.png,frame_00119.png,,120,1.999742
rice_X_12,lockin,0,0,QR未検出,,lockin,binary,,,15.000000,8,8,1,0.613996,,0.613996,frame_00000.png,frame_00119.png,r60_e60_f1.mp4,60 Hz,1/60,蛍光灯あり,60.008 fps,60,60,1,50,rice,max,X,12,,,frame_00000.png,frame_00119.png,,120,1.999742
rice_X_12,lockin,0,0,QR未検出,,lockin,binary,,,10.007741,8,8,1,0.605894,,0.605894,frame_00000.png,frame_00119.png,r60_e60_f1.mp4,60 Hz,1/60,蛍光灯あり,60.008 fps,60,60,1,50,rice,max,X,12,,,frame_00000.png,frame_00119.png,,120,1.999742
rice_X_12,lockin,0,0,QR未検出,,lockin,binary,,,10.007741,4,8,1,0.596085,,0.596085,frame_00000.png,frame_00119.png,r60_e60_f1.mp4,60 Hz,1/60,蛍光灯あり,60.008 fps,60,60,1,50,rice,max,X,12,,,frame_00000.png,frame_00119.png,,120,1.999742
rice_X_12,lockin,0,0,QR未検出,,lockin,binary,,,15.000000,4,8,1,0.591224,,0.591224,frame_00000.png,frame_00119.png,r60_e60_f1.mp4,60 Hz,1/60,蛍光灯あり,60.008 fps,60,60,1,50,rice,max,X,12,,,frame_00000.png,frame_00119.png,,120,1.999742
nagaoka_fireworks_X_4,lockin,1,0,QR未検出,,lockin,binary,,,30.000000,12,8,1,0.666285,,0.666285,frame_00000.png,frame_00119.png,r60_e60_f1.mp4,60 Hz,1/60,蛍光灯あり,60.008 fps,60,60,1,51,nagaoka_fireworks,max,X,4,,,frame_00000.png,frame_00119.png,,120,1.999742
nagaoka_fireworks_X_4,lockin,0,0,QR未検出,,lockin,binary,,,30.000000,8,8,1,0.655570,,0.655570,frame_00000.png,frame_00119.png,r60_e60_f1.mp4,60 Hz,1/60,蛍光灯あり,60.008 fps,60,60,1,51,nagaoka_fireworks,max,X,4,,,frame_00000.png,frame_00119.png,,120,1.999742
nagaoka_fireworks_X_4,lockin,0,0,QR未検出,,lockin,binary,,,30.000000,4,8,1,0.595040,,0.595040,frame_00000.png,frame_00119.png,r60_e60_f1.mp4,60 Hz,1/60,蛍光灯あり,60.008 fps,60,60,1,51,nagaoka_fireworks,max,X,4,,,frame_00000.png,frame_00119.png,,120,1.999742
nagaoka_fireworks_X_4,lockin,0,0,QR未検出,,lockin,binary,,,15.000000,12,8,1,0.581172,,0.581172,frame_00000.png,frame_00119.png,r60_e60_f1.mp4,60 Hz,1/60,蛍光灯あり,60.008 fps,60,60,1,51,nagaoka_fireworks,max,X,4,,,frame_00000.png,frame_00119.png,,120,1.999742
nagaoka_fireworks_X_4,lockin,0,0,QR未検出,,lockin,binary,,,10.007741,12,8,1,0.570074,,0.570074,frame_00000.png,frame_00119.png,r60_e60_f1.mp4,60 Hz,1/60,蛍光灯あり,60.008 fps,60,60,1,51,nagaoka_fireworks,max,X,4,,,frame_00000.png,frame_00119.png,,120,1.999742
nagaoka_fireworks_X_4,lockin,0,0,QR未検出,,lockin,binary,,,10.007741,4,8,1,0.551017,,0.551017,frame_00000.png,frame_00119.png,r60_e60_f1.mp4,60 Hz,1/60,蛍光灯あり,60.008 fps,60,60,1,51,nagaoka_fireworks,max,X,4,,,frame_00000.png,frame_00119.png,,120,1.999742
nagaoka_fireworks_X_4,lockin,0,0,QR未検出,,lockin,binary,,,15.000000,4,8,1,0.544342,,0.544342,frame_00000.png,frame_00119.png,r60_e60_f1.mp4,60 Hz,1/60,蛍光灯あり,60.008 fps,60,60,1,51,nagaoka_fireworks,max,X,4,,,frame_00000.png,frame_00119.png,,120,1.999742
nagaoka_fireworks_X_4,lockin,0,0,QR未検出,,lockin,binary,,,15.000000,8,8,1,0.532015,,0.532015,frame_00000.png,frame_00119.png,r60_e60_f1.mp4,60 Hz,1/60,蛍光灯あり,60.008 fps,60,60,1,51,nagaoka_fireworks,max,X,4,,,frame_00000.png,frame_00119.png,,120,1.999742
nagaoka_fireworks_X_4,lockin,0,0,QR未検出,,lockin,binary,,,10.007741,8,8,1,0.518671,,0.518671,frame_00000.png,frame_00119.png,r60_e60_f1.mp4,60 Hz,1/60,蛍光灯あり,60.008 fps,60,60,1,51,nagaoka_fireworks,max,X,4,,,frame_00000.png,frame_00119.png,,120,1.999742
nagaoka_fireworks_X_8,lockin,1,0,QR未検出,,lockin,binary,,,30.000000,8,8,1,0.696549,,0.696549,frame_00000.png,frame_00119.png,r60_e60_f1.mp4,60 Hz,1/60,蛍光灯あり,60.008 fps,60,60,1,52,nagaoka_fireworks,max,X,8,,,frame_00000.png,frame_00119.png,,120,1.999742
nagaoka_fireworks_X_8,lockin,0,0,QR未検出,,lockin,binary,,,30.000000,12,8,1,0.693965,,0.693965,frame_00000.png,frame_00119.png,r60_e60_f1.mp4,60 Hz,1/60,蛍光灯あり,60.008 fps,60,60,1,52,nagaoka_fireworks,max,X,8,,,frame_00000.png,frame_00119.png,,120,1.999742
nagaoka_fireworks_X_8,lockin,0,0,QR未検出,,lockin,binary,,,30.000000,4,8,1,0.684039,,0.684039,frame_00000.png,frame_00119.png,r60_e60_f1.mp4,60 Hz,1/60,蛍光灯あり,60.008 fps,60,60,1,52,nagaoka_fireworks,max,X,8,,,frame_00000.png,frame_00119.png,,120,1.999742
nagaoka_fireworks_X_8,lockin,0,0,QR未検出,,lockin,binary,,,15.000000,12,8,1,0.592425,,0.592425,frame_00000.png,frame_00119.png,r60_e60_f1.mp4,60 Hz,1/60,蛍光灯あり,60.008 fps,60,60,1,52,nagaoka_fireworks,max,X,8,,,frame_00000.png,frame_00119.png,,120,1.999742
nagaoka_fireworks_X_8,lockin,0,0,QR未検出,,lockin,binary,,,10.007741,4,8,1,0.565051,,0.565051,frame_00000.png,frame_00119.png,r60_e60_f1.mp4,60 Hz,1/60,蛍光灯あり,60.008 fps,60,60,1,52,nagaoka_fireworks,max,X,8,,,frame_00000.png,frame_00119.png,,120,1.999742
nagaoka_fireworks_X_8,lockin,0,0,QR未検出,,lockin,binary,,,10.007741,12,8,1,0.553173,,0.553173,frame_00000.png,frame_00119.png,r60_e60_f1.mp4,60 Hz,1/60,蛍光灯あり,60.008 fps,60,60,1,52,nagaoka_fireworks,max,X,8,,,frame_00000.png,frame_00119.png,,120,1.999742
nagaoka_fireworks_X_8,lockin,0,0,QR未検出,,lockin,binary,,,15.000000,4,8,1,0.543350,,0.543350,frame_00000.png,frame_00119.png,r60_e60_f1.mp4,60 Hz,1/60,蛍光灯あり,60.008 fps,60,60,1,52,nagaoka_fireworks,max,X,8,,,frame_00000.png,frame_00119.png,,120,1.999742
nagaoka_fireworks_X_8,lockin,0,0,QR未検出,,lockin,binary,,,15.000000,8,8,1,0.535063,,0.535063,frame_00000.png,frame_00119.png,r60_e60_f1.mp4,60 Hz,1/60,蛍光灯あり,60.008 fps,60,60,1,52,nagaoka_fireworks,max,X,8,,,frame_00000.png,frame_00119.png,,120,1.999742
nagaoka_fireworks_X_8,lockin,0,0,QR未検出,,lockin,binary,,,10.007741,8,8,1,0.500906,,0.500906,frame_00000.png,frame_00119.png,r60_e60_f1.mp4,60 Hz,1/60,蛍光灯あり,60.008 fps,60,60,1,52,nagaoka_fireworks,max,X,8,,,frame_00000.png,frame_00119.png,,120,1.999742
nagaoka_fireworks_X_12,lockin,1,0,QR未検出,,lockin,binary,,,30.000000,12,8,1,0.800989,,0.800989,frame_00000.png,frame_00119.png,r60_e60_f1.mp4,60 Hz,1/60,蛍光灯あり,60.008 fps,60,60,1,53,nagaoka_fireworks,max,X,12,,,frame_00000.png,frame_00119.png,,120,1.999742
nagaoka_fireworks_X_12,lockin,0,0,QR未検出,,lockin,binary,,,30.000000,8,8,1,0.791490,,0.791490,frame_00000.png,frame_00119.png,r60_e60_f1.mp4,60 Hz,1/60,蛍光灯あり,60.008 fps,60,60,1,53,nagaoka_fireworks,max,X,12,,,frame_00000.png,frame_00119.png,,120,1.999742
nagaoka_fireworks_X_12,lockin,0,0,QR未検出,,lockin,binary,,,30.000000,4,8,1,0.757291,,0.757291,frame_00000.png,frame_00119.png,r60_e60_f1.mp4,60 Hz,1/60,蛍光灯あり,60.008 fps,60,60,1,53,nagaoka_fireworks,max,X,12,,,frame_00000.png,frame_00119.png,,120,1.999742
nagaoka_fireworks_X_12,lockin,0,0,QR未検出,,lockin,binary,,,10.007741,12,8,1,0.668222,,0.668222,frame_00000.png,frame_00119.png,r60_e60_f1.mp4,60 Hz,1/60,蛍光灯あり,60.008 fps,60,60,1,53,nagaoka_fireworks,max,X,12,,,frame_00000.png,frame_00119.png,,120,1.999742
nagaoka_fireworks_X_12,lockin,0,0,QR未検出,,lockin,binary,,,15.000000,12,8,1,0.665269,,0.665269,frame_00000.png,frame_00119.png,r60_e60_f1.mp4,60 Hz,1/60,蛍光灯あり,60.008 fps,60,60,1,53,nagaoka_fireworks,max,X,12,,,frame_00000.png,frame_00119.png,,120,1.999742
nagaoka_fireworks_X_12,lockin,0,0,QR未検出,,lockin,binary,,,15.000000,8,8,1,0.654478,,0.654478,frame_00000.png,frame_00119.png,r60_e60_f1.mp4,60 Hz,1/60,蛍光灯あり,60.008 fps,60,60,1,53,nagaoka_fireworks,max,X,12,,,frame_00000.png,frame_00119.png,,120,1.999742
nagaoka_fireworks_X_12,lockin,0,0,QR未検出,,lockin,binary,,,10.007741,8,8,1,0.598611,,0.598611,frame_00000.png,frame_00119.png,r60_e60_f1.mp4,60 Hz,1/60,蛍光灯あり,60.008 fps,60,60,1,53,nagaoka_fireworks,max,X,12,,,frame_00000.png,frame_00119.png,,120,1.999742
nagaoka_fireworks_X_12,lockin,0,0,QR未検出,,lockin,binary,,,15.000000,4,8,1,0.538313,,0.538313,frame_00000.png,frame_00119.png,r60_e60_f1.mp4,60 Hz,1/60,蛍光灯あり,60.008 fps,60,60,1,53,nagaoka_fireworks,max,X,12,,,frame_00000.png,frame_00119.png,,120,1.999742
nagaoka_fireworks_X_12,lockin,0,0,QR未検出,,lockin,binary,,,10.007741,4,8,1,0.516809,,0.516809,frame_00000.png,frame_00119.png,r60_e60_f1.mp4,60 Hz,1/60,蛍光灯あり,60.008 fps,60,60,1,53,nagaoka_fireworks,max,X,12,,,frame_00000.png,frame_00119.png,,120,1.999742
hocho_X_4,lockin,1,0,QR未検出,,lockin,binary,,,30.000000,8,8,1,0.714980,,0.714980,frame_00000.png,frame_00119.png,r60_e60_f1.mp4,60 Hz,1/60,蛍光灯あり,60.008 fps,60,60,1,54,hocho,max,X,4,,,frame_00000.png,frame_00119.png,,120,1.999742
hocho_X_4,lockin,0,0,QR未検出,,lockin,binary,,,30.000000,12,8,1,0.712053,,0.712053,frame_00000.png,frame_00119.png,r60_e60_f1.mp4,60 Hz,1/60,蛍光灯あり,60.008 fps,60,60,1,54,hocho,max,X,4,,,frame_00000.png,frame_00119.png,,120,1.999742
hocho_X_4,lockin,0,0,QR未検出,,lockin,binary,,,30.000000,4,8,1,0.702895,,0.702895,frame_00000.png,frame_00119.png,r60_e60_f1.mp4,60 Hz,1/60,蛍光灯あり,60.008 fps,60,60,1,54,hocho,max,X,4,,,frame_00000.png,frame_00119.png,,120,1.999742
hocho_X_4,lockin,0,0,QR未検出,,lockin,binary,,,10.007741,4,8,1,0.633978,,0.633978,frame_00000.png,frame_00119.png,r60_e60_f1.mp4,60 Hz,1/60,蛍光灯あり,60.008 fps,60,60,1,54,hocho,max,X,4,,,frame_00000.png,frame_00119.png,,120,1.999742
hocho_X_4,lockin,0,0,QR未検出,,lockin,binary,,,15.000000,4,8,1,0.621147,,0.621147,frame_00000.png,frame_00119.png,r60_e60_f1.mp4,60 Hz,1/60,蛍光灯あり,60.008 fps,60,60,1,54,hocho,max,X,4,,,frame_00000.png,frame_00119.png,,120,1.999742
hocho_X_4,lockin,0,0,QR未検出,,lockin,binary,,,15.000000,12,8,1,0.588913,,0.588913,frame_00000.png,frame_00119.png,r60_e60_f1.mp4,60 Hz,1/60,蛍光灯あり,60.008 fps,60,60,1,54,hocho,max,X,4,,,frame_00000.png,frame_00119.png,,120,1.999742
hocho_X_4,lockin,0,0,QR未検出,,lockin,binary,,,10.007741,8,8,1,0.553174,,0.553174,frame_00000.png,frame_00119.png,r60_e60_f1.mp4,60 Hz,1/60,蛍光灯あり,60.008 fps,60,60,1,54,hocho,max,X,4,,,frame_00000.png,frame_00119.png,,120,1.999742
hocho_X_4,lockin,0,0,QR未検出,,lockin,binary,,,10.007741,12,8,1,0.544573,,0.544573,frame_00000.png,frame_00119.png,r60_e60_f1.mp4,60 Hz,1/60,蛍光灯あり,60.008 fps,60,60,1,54,hocho,max,X,4,,,frame_00000.png,frame_00119.png,,120,1.999742
hocho_X_4,lockin,0,0,QR未検出,,lockin,binary,,,15.000000,8,8,1,0.508794,,0.508794,frame_00000.png,frame_00119.png,r60_e60_f1.mp4,60 Hz,1/60,蛍光灯あり,60.008 fps,60,60,1,54,hocho,max,X,4,,,frame_00000.png,frame_00119.png,,120,1.999742
hocho_X_8,lockin,1,0,QR未検出,,lockin,binary,,,30.000000,4,8,1,0.776845,,0.776845,frame_00000.png,frame_00119.png,r60_e60_f1.mp4,60 Hz,1/60,蛍光灯あり,60.008 fps,60,60,1,55,hocho,max,X,8,,,frame_00000.png,frame_00119.png,,120,1.999742
hocho_X_8,lockin,0,0,QR未検出,,lockin,binary,,,30.000000,8,8,1,0.774390,,0.774390,frame_00000.png,frame_00119.png,r60_e60_f1.mp4,60 Hz,1/60,蛍光灯あり,60.008 fps,60,60,1,55,hocho,max,X,8,,,frame_00000.png,frame_00119.png,,120,1.999742
hocho_X_8,lockin,0,0,QR未検出,,lockin,binary,,,30.000000,12,8,1,0.763870,,0.763870,frame_00000.png,frame_00119.png,r60_e60_f1.mp4,60 Hz,1/60,蛍光灯あり,60.008 fps,60,60,1,55,hocho,max,X,8,,,frame_00000.png,frame_00119.png,,120,1.999742
hocho_X_8,lockin,0,0,QR未検出,,lockin,binary,,,15.000000,12,8,1,0.649534,,0.649534,frame_00000.png,frame_00119.png,r60_e60_f1.mp4,60 Hz,1/60,蛍光灯あり,60.008 fps,60,60,1,55,hocho,max,X,8,,,frame_00000.png,frame_00119.png,,120,1.999742
hocho_X_8,lockin,0,0,QR未検出,,lockin,binary,,,10.007741,12,8,1,0.648320,,0.648320,frame_00000.png,frame_00119.png,r60_e60_f1.mp4,60 Hz,1/60,蛍光灯あり,60.008 fps,60,60,1,55,hocho,max,X,8,,,frame_00000.png,frame_00119.png,,120,1.999742
hocho_X_8,lockin,0,0,QR未検出,,lockin,binary,,,10.007741,8,8,1,0.608326,,0.608326,frame_00000.png,frame_00119.png,r60_e60_f1.mp4,60 Hz,1/60,蛍光灯あり,60.008 fps,60,60,1,55,hocho,max,X,8,,,frame_00000.png,frame_00119.png,,120,1.999742
hocho_X_8,lockin,0,0,QR未検出,,lockin,binary,,,15.000000,4,8,1,0.605846,,0.605846,frame_00000.png,frame_00119.png,r60_e60_f1.mp4,60 Hz,1/60,蛍光灯あり,60.008 fps,60,60,1,55,hocho,max,X,8,,,frame_00000.png,frame_00119.png,,120,1.999742
hocho_X_8,lockin,0,0,QR未検出,,lockin,binary,,,10.007741,4,8,1,0.589445,,0.589445,frame_00000.png,frame_00119.png,r60_e60_f1.mp4,60 Hz,1/60,蛍光灯あり,60.008 fps,60,60,1,55,hocho,max,X,8,,,frame_00000.png,frame_00119.png,,120,1.999742
hocho_X_8,lockin,0,0,QR未検出,,lockin,binary,,,15.000000,8,8,1,0.570183,,0.570183,frame_00000.png,frame_00119.png,r60_e60_f1.mp4,60 Hz,1/60,蛍光灯あり,60.008 fps,60,60,1,55,hocho,max,X,8,,,frame_00000.png,frame_00119.png,,120,1.999742
hocho_X_12,lockin,1,0,QR未検出,,lockin,binary,,,30.000000,8,8,1,0.776063,,0.776063,frame_00000.png,frame_00119.png,r60_e60_f1.mp4,60 Hz,1/60,蛍光灯あり,60.008 fps,60,60,1,56,hocho,max,X,12,,,frame_00000.png,frame_00119.png,,120,1.999742
hocho_X_12,lockin,0,0,QR未検出,,lockin,binary,,,30.000000,4,8,1,0.773958,,0.773958,frame_00000.png,frame_00119.png,r60_e60_f1.mp4,60 Hz,1/60,蛍光灯あり,60.008 fps,60,60,1,56,hocho,max,X,12,,,frame_00000.png,frame_00119.png,,120,1.999742
hocho_X_12,lockin,0,0,QR未検出,,lockin,binary,,,30.000000,12,8,1,0.770615,,0.770615,frame_00000.png,frame_00119.png,r60_e60_f1.mp4,60 Hz,1/60,蛍光灯あり,60.008 fps,60,60,1,56,hocho,max,X,12,,,frame_00000.png,frame_00119.png,,120,1.999742
hocho_X_12,lockin,0,0,QR未検出,,lockin,binary,,,15.000000,4,8,1,0.626625,,0.626625,frame_00000.png,frame_00119.png,r60_e60_f1.mp4,60 Hz,1/60,蛍光灯あり,60.008 fps,60,60,1,56,hocho,max,X,12,,,frame_00000.png,frame_00119.png,,120,1.999742
hocho_X_12,lockin,0,0,QR未検出,,lockin,binary,,,10.007741,4,8,1,0.624162,,0.624162,frame_00000.png,frame_00119.png,r60_e60_f1.mp4,60 Hz,1/60,蛍光灯あり,60.008 fps,60,60,1,56,hocho,max,X,12,,,frame_00000.png,frame_00119.png,,120,1.999742
hocho_X_12,lockin,0,0,QR未検出,,lockin,binary,,,10.007741,12,8,1,0.616168,,0.616168,frame_00000.png,frame_00119.png,r60_e60_f1.mp4,60 Hz,1/60,蛍光灯あり,60.008 fps,60,60,1,56,hocho,max,X,12,,,frame_00000.png,frame_00119.png,,120,1.999742
hocho_X_12,lockin,0,0,QR未検出,,lockin,binary,,,15.000000,12,8,1,0.608833,,0.608833,frame_00000.png,frame_00119.png,r60_e60_f1.mp4,60 Hz,1/60,蛍光灯あり,60.008 fps,60,60,1,56,hocho,max,X,12,,,frame_00000.png,frame_00119.png,,120,1.999742
hocho_X_12,lockin,0,0,QR未検出,,lockin,binary,,,15.000000,8,8,1,0.516246,,0.516246,frame_00000.png,frame_00119.png,r60_e60_f1.mp4,60 Hz,1/60,蛍光灯あり,60.008 fps,60,60,1,56,hocho,max,X,12,,,frame_00000.png,frame_00119.png,,120,1.999742
hocho_X_12,lockin,0,0,QR未検出,,lockin,binary,,,10.007741,8,8,1,0.500245,,0.500245,frame_00000.png,frame_00119.png,r60_e60_f1.mp4,60 Hz,1/60,蛍光灯あり,60.008 fps,60,60,1,56,hocho,max,X,12,,,frame_00000.png,frame_00119.png,,120,1.999742
ex_X_4,lockin,1,0,QR未検出,,lockin,binary,,,30.000000,12,8,1,0.808324,,0.808324,frame_00000.png,frame_00119.png,r60_e60_f1.mp4,60 Hz,1/60,蛍光灯あり,60.008 fps,60,60,1,57,ex,max,X,4,,,frame_00000.png,frame_00119.png,,120,1.999742
ex_X_4,lockin,0,0,QR未検出,,lockin,binary,,,30.000000,8,8,1,0.807118,,0.807118,frame_00000.png,frame_00119.png,r60_e60_f1.mp4,60 Hz,1/60,蛍光灯あり,60.008 fps,60,60,1,57,ex,max,X,4,,,frame_00000.png,frame_00119.png,,120,1.999742
ex_X_4,lockin,0,0,QR未検出,,lockin,binary,,,30.000000,4,8,1,0.738708,,0.738708,frame_00000.png,frame_00119.png,r60_e60_f1.mp4,60 Hz,1/60,蛍光灯あり,60.008 fps,60,60,1,57,ex,max,X,4,,,frame_00000.png,frame_00119.png,,120,1.999742
ex_X_4,lockin,0,0,QR未検出,,lockin,binary,,,15.000000,12,8,1,0.672353,,0.672353,frame_00000.png,frame_00119.png,r60_e60_f1.mp4,60 Hz,1/60,蛍光灯あり,60.008 fps,60,60,1,57,ex,max,X,4,,,frame_00000.png,frame_00119.png,,120,1.999742
ex_X_4,lockin,0,0,QR未検出,,lockin,binary,,,10.007741,12,8,1,0.629918,,0.629918,frame_00000.png,frame_00119.png,r60_e60_f1.mp4,60 Hz,1/60,蛍光灯あり,60.008 fps,60,60,1,57,ex,max,X,4,,,frame_00000.png,frame_00119.png,,120,1.999742
ex_X_4,lockin,0,0,QR未検出,,lockin,binary,,,10.007741,4,8,1,0.629154,,0.629154,frame_00000.png,frame_00119.png,r60_e60_f1.mp4,60 Hz,1/60,蛍光灯あり,60.008 fps,60,60,1,57,ex,max,X,4,,,frame_00000.png,frame_00119.png,,120,1.999742
ex_X_4,lockin,0,0,QR未検出,,lockin,binary,,,15.000000,4,8,1,0.625964,,0.625964,frame_00000.png,frame_00119.png,r60_e60_f1.mp4,60 Hz,1/60,蛍光灯あり,60.008 fps,60,60,1,57,ex,max,X,4,,,frame_00000.png,frame_00119.png,,120,1.999742
ex_X_4,lockin,0,0,QR未検出,,lockin,binary,,,10.007741,8,8,1,0.555465,,0.555465,frame_00000.png,frame_00119.png,r60_e60_f1.mp4,60 Hz,1/60,蛍光灯あり,60.008 fps,60,60,1,57,ex,max,X,4,,,frame_00000.png,frame_00119.png,,120,1.999742
ex_X_4,lockin,0,0,QR未検出,,lockin,binary,,,15.000000,8,8,1,0.517488,,0.517488,frame_00000.png,frame_00119.png,r60_e60_f1.mp4,60 Hz,1/60,蛍光灯あり,60.008 fps,60,60,1,57,ex,max,X,4,,,frame_00000.png,frame_00119.png,,120,1.999742
ex_X_8,lockin,1,0,QR未検出,,lockin,binary,,,30.000000,12,8,1,0.825951,,0.825951,frame_00000.png,frame_00119.png,r60_e60_f1.mp4,60 Hz,1/60,蛍光灯あり,60.008 fps,60,60,1,58,ex,max,X,8,,,frame_00000.png,frame_00119.png,,120,1.999742
ex_X_8,lockin,0,0,QR未検出,,lockin,binary,,,30.000000,8,8,1,0.819843,,0.819843,frame_00000.png,frame_00119.png,r60_e60_f1.mp4,60 Hz,1/60,蛍光灯あり,60.008 fps,60,60,1,58,ex,max,X,8,,,frame_00000.png,frame_00119.png,,120,1.999742
ex_X_8,lockin,0,0,QR未検出,,lockin,binary,,,30.000000,4,8,1,0.794134,,0.794134,frame_00000.png,frame_00119.png,r60_e60_f1.mp4,60 Hz,1/60,蛍光灯あり,60.008 fps,60,60,1,58,ex,max,X,8,,,frame_00000.png,frame_00119.png,,120,1.999742
ex_X_8,lockin,0,0,QR未検出,,lockin,binary,,,15.000000,12,8,1,0.728138,,0.728138,frame_00000.png,frame_00119.png,r60_e60_f1.mp4,60 Hz,1/60,蛍光灯あり,60.008 fps,60,60,1,58,ex,max,X,8,,,frame_00000.png,frame_00119.png,,120,1.999742
ex_X_8,lockin,0,0,QR未検出,,lockin,binary,,,10.007741,4,8,1,0.635570,,0.635570,frame_00000.png,frame_00119.png,r60_e60_f1.mp4,60 Hz,1/60,蛍光灯あり,60.008 fps,60,60,1,58,ex,max,X,8,,,frame_00000.png,frame_00119.png,,120,1.999742
ex_X_8,lockin,0,0,QR未検出,,lockin,binary,,,15.000000,4,8,1,0.618003,,0.618003,frame_00000.png,frame_00119.png,r60_e60_f1.mp4,60 Hz,1/60,蛍光灯あり,60.008 fps,60,60,1,58,ex,max,X,8,,,frame_00000.png,frame_00119.png,,120,1.999742
ex_X_8,lockin,0,0,QR未検出,,lockin,binary,,,10.007741,8,8,1,0.592148,,0.592148,frame_00000.png,frame_00119.png,r60_e60_f1.mp4,60 Hz,1/60,蛍光灯あり,60.008 fps,60,60,1,58,ex,max,X,8,,,frame_00000.png,frame_00119.png,,120,1.999742
ex_X_8,lockin,0,0,QR未検出,,lockin,binary,,,15.000000,8,8,1,0.581657,,0.581657,frame_00000.png,frame_00119.png,r60_e60_f1.mp4,60 Hz,1/60,蛍光灯あり,60.008 fps,60,60,1,58,ex,max,X,8,,,frame_00000.png,frame_00119.png,,120,1.999742
ex_X_8,lockin,0,0,QR未検出,,lockin,binary,,,10.007741,12,8,1,0.550517,,0.550517,frame_00000.png,frame_00119.png,r60_e60_f1.mp4,60 Hz,1/60,蛍光灯あり,60.008 fps,60,60,1,58,ex,max,X,8,,,frame_00000.png,frame_00119.png,,120,1.999742
ex_X_12,lockin,1,0,QR未検出,,lockin,binary,,,30.000000,12,8,1,0.806649,,0.806649,frame_00000.png,frame_00119.png,r60_e60_f1.mp4,60 Hz,1/60,蛍光灯あり,60.008 fps,60,60,1,59,ex,max,X,12,,,frame_00000.png,frame_00119.png,,120,1.999742
ex_X_12,lockin,0,0,QR未検出,,lockin,binary,,,30.000000,8,8,1,0.801118,,0.801118,frame_00000.png,frame_00119.png,r60_e60_f1.mp4,60 Hz,1/60,蛍光灯あり,60.008 fps,60,60,1,59,ex,max,X,12,,,frame_00000.png,frame_00119.png,,120,1.999742
ex_X_12,lockin,0,0,QR未検出,,lockin,binary,,,30.000000,4,8,1,0.788190,,0.788190,frame_00000.png,frame_00119.png,r60_e60_f1.mp4,60 Hz,1/60,蛍光灯あり,60.008 fps,60,60,1,59,ex,max,X,12,,,frame_00000.png,frame_00119.png,,120,1.999742
ex_X_12,lockin,0,0,QR未検出,,lockin,binary,,,15.000000,12,8,1,0.713432,,0.713432,frame_00000.png,frame_00119.png,r60_e60_f1.mp4,60 Hz,1/60,蛍光灯あり,60.008 fps,60,60,1,59,ex,max,X,12,,,frame_00000.png,frame_00119.png,,120,1.999742
ex_X_12,lockin,0,0,QR未検出,,lockin,binary,,,10.007741,12,8,1,0.672743,,0.672743,frame_00000.png,frame_00119.png,r60_e60_f1.mp4,60 Hz,1/60,蛍光灯あり,60.008 fps,60,60,1,59,ex,max,X,12,,,frame_00000.png,frame_00119.png,,120,1.999742
ex_X_12,lockin,0,0,QR未検出,,lockin,binary,,,10.007741,4,8,1,0.636352,,0.636352,frame_00000.png,frame_00119.png,r60_e60_f1.mp4,60 Hz,1/60,蛍光灯あり,60.008 fps,60,60,1,59,ex,max,X,12,,,frame_00000.png,frame_00119.png,,120,1.999742
ex_X_12,lockin,0,0,QR未検出,,lockin,binary,,,15.000000,4,8,1,0.632331,,0.632331,frame_00000.png,frame_00119.png,r60_e60_f1.mp4,60 Hz,1/60,蛍光灯あり,60.008 fps,60,60,1,59,ex,max,X,12,,,frame_00000.png,frame_00119.png,,120,1.999742
ex_X_12,lockin,0,0,QR未検出,,lockin,binary,,,15.000000,8,8,1,0.548319,,0.548319,frame_00000.png,frame_00119.png,r60_e60_f1.mp4,60 Hz,1/60,蛍光灯あり,60.008 fps,60,60,1,59,ex,max,X,12,,,frame_00000.png,frame_00119.png,,120,1.999742
ex_X_12,lockin,0,0,QR未検出,,lockin,binary,,,10.007741,8,8,1,0.515870,,0.515870,frame_00000.png,frame_00119.png,r60_e60_f1.mp4,60 Hz,1/60,蛍光灯あり,60.008 fps,60,60,1,59,ex,max,X,12,,,frame_00000.png,frame_00119.png,,120,1.999742
ex_B_12,lockin,0,0,QR未検出,,lockin,binary,,,10.007741,30,8,1,0.644113,,0.644113,frame_00000.png,frame_00119.png,r60_e60_f1.mp4,60 Hz,1/60,蛍光灯あり,60.008 fps,60,60,1,35,ex,B,B,12,,,frame_00000.png,frame_00119.png,QR未検出,120,1.999742
ex_B_12,lockin,0,0,QR未検出,,lockin,binary,,,10.007741,50,8,1,0.644175,,0.644175,frame_00000.png,frame_00119.png,r60_e60_f1.mp4,60 Hz,1/60,蛍光灯あり,60.008 fps,60,60,1,35,ex,B,B,12,,,frame_00000.png,frame_00119.png,QR未検出,120,1.999742
ex_B_12,lockin,0,0,QR未検出,,lockin,binary,,,10.007741,70,8,1,0.644175,,0.644175,frame_00000.png,frame_00119.png,r60_e60_f1.mp4,60 Hz,1/60,蛍光灯あり,60.008 fps,60,60,1,35,ex,B,B,12,,,frame_00000.png,frame_00119.png,QR未検出,120,1.999742
ex_B_12,lockin,0,0,QR未検出,,lockin,binary,,,10.007741,901,8,1,0.698964,,0.698964,frame_00000.png,frame_00119.png,r60_e60_f1.mp4,60 Hz,1/60,蛍光灯あり,60.008 fps,60,60,1,35,ex,B,B,12,,,frame_00000.png,frame_00119.png,QR未検出,120,1.999742
ex_B_12,lockin,0,0,QR未検出,,lockin,binary,,,10.007741,902,8,1,0.516704,,0.516704,frame_00000.png,frame_00119.png,r60_e60_f1.mp4,60 Hz,1/60,蛍光灯あり,60.008 fps,60,60,1,35,ex,B,B,12,,,frame_00000.png,frame_00119.png,QR未検出,120,1.999742
ex_B_12,lockin,0,0,QR未検出,,lockin,binary,,,15.000000,30,8,1,0.644138,,0.644138,frame_00000.png,frame_00119.png,r60_e60_f1.mp4,60 Hz,1/60,蛍光灯あり,60.008 fps,60,60,1,35,ex,B,B,12,,,frame_00000.png,frame_00119.png,QR未検出,120,1.999742
ex_B_12,lockin,0,0,QR未検出,,lockin,binary,,,15.000000,50,8,1,0.644141,,0.644141,frame_00000.png,frame_00119.png,r60_e60_f1.mp4,60 Hz,1/60,蛍光灯あり,60.008 fps,60,60,1,35,ex,B,B,12,,,frame_00000.png,frame_00119.png,QR未検出,120,1.999742
ex_B_12,lockin,0,0,QR未検出,,lockin,binary,,,15.000000,70,8,1,0.644175,,0.644175,frame_00000.png,frame_00119.png,r60_e60_f1.mp4,60 Hz,1/60,蛍光灯あり,60.008 fps,60,60,1,35,ex,B,B,12,,,frame_00000.png,frame_00119.png,QR未検出,120,1.999742
ex_B_12,lockin,0,0,QR未検出,,lockin,binary,,,15.000000,901,8,1,0.706571,,0.706571,frame_00000.png,frame_00119.png,r60_e60_f1.mp4,60 Hz,1/60,蛍光灯あり,60.008 fps,60,60,1,35,ex,B,B,12,,,frame_00000.png,frame_00119.png,QR未検出,120,1.999742
ex_B_12,lockin,0,0,QR未検出,,lockin,binary,,,15.000000,902,8,1,0.515549,,0.515549,frame_00000.png,frame_00119.png,r60_e60_f1.mp4,60 Hz,1/60,蛍光灯あり,60.008 fps,60,60,1,35,ex,B,B,12,,,frame_00000.png,frame_00119.png,QR未検出,120,1.999742
ex_B_12,lockin,0,0,QR未検出,,lockin,binary,,,30.000000,30,8,1,0.730057,,0.730057,frame_00000.png,frame_00119.png,r60_e60_f1.mp4,60 Hz,1/60,蛍光灯あり,60.008 fps,60,60,1,35,ex,B,B,12,,,frame_00000.png,frame_00119.png,QR未検出,120,1.999742
ex_B_12,lockin,0,0,QR未検出,,lockin,binary,,,30.000000,50,8,1,0.693984,,0.693984,frame_00000.png,frame_00119.png,r60_e60_f1.mp4,60 Hz,1/60,蛍光灯あり,60.008 fps,60,60,1,35,ex,B,B,12,,,frame_00000.png,frame_00119.png,QR未検出,120,1.999742
ex_B_12,lockin,0,0,QR未検出,,lockin,binary,,,30.000000,70,8,1,0.666371,,0.666371,frame_00000.png,frame_00119.png,r60_e60_f1.mp4,60 Hz,1/60,蛍光灯あり,60.008 fps,60,60,1,35,ex,B,B,12,,,frame_00000.png,frame_00119.png,QR未検出,120,1.999742
ex_B_12,lockin,0,0,QR未検出,,lockin,binary,,,30.000000,901,8,1,0.735800,,0.735800,frame_00000.png,frame_00119.png,r60_e60_f1.mp4,60 Hz,1/60,蛍光灯あり,60.008 fps,60,60,1,35,ex,B,B,12,,,frame_00000.png,frame_00119.png,QR未検出,120,1.999742
ex_B_12,lockin,0,0,QR未検出,,lockin,binary,,,30.000000,902,8,1,0.556490,,0.556490,frame_00000.png,frame_00119.png,r60_e60_f1.mp4,60 Hz,1/60,蛍光灯あり,60.008 fps,60,60,1,35,ex,B,B,12,,,frame_00000.png,frame_00119.png,QR未検出,120,1.999742
ex_B_4,lockin,0,0,QR未検出,,lockin,binary,,,10.007741,30,8,1,0.644066,,0.644066,frame_00000.png,frame_00119.png,r60_e60_f1.mp4,60 Hz,1/60,蛍光灯あり,60.008 fps,60,60,1,33,ex,B,B,4,,,frame_00000.png,frame_00119.png,QR未検出,120,1.999742
ex_B_4,lockin,0,0,QR未検出,,lockin,binary,,,10.007741,50,8,1,0.644133,,0.644133,frame_00000.png,frame_00119.png,r60_e60_f1.mp4,60 Hz,1/60,蛍光灯あり,60.008 fps,60,60,1,33,ex,B,B,4,,,frame_00000.png,frame_00119.png,QR未検出,120,1.999742
ex_B_4,lockin,0,0,QR未検出,,lockin,binary,,,10.007741,70,8,1,0.644175,,0.644175,frame_00000.png,frame_00119.png,r60_e60_f1.mp4,60 Hz,1/60,蛍光灯あり,60.008 fps,60,60,1,33,ex,B,B,4,,,frame_00000.png,frame_00119.png,QR未検出,120,1.999742
ex_B_4,lockin,0,0,QR未検出,,lockin,binary,,,10.007741,901,8,1,0.685155,,0.685155,frame_00000.png,frame_00119.png,r60_e60_f1.mp4,60 Hz,1/60,蛍光灯あり,60.008 fps,60,60,1,33,ex,B,B,4,,,frame_00000.png,frame_00119.png,QR未検出,120,1.999742
ex_B_4,lockin,0,0,QR未検出,,lockin,binary,,,10.007741,902,8,1,0.577201,,0.577201,frame_00000.png,frame_00119.png,r60_e60_f1.mp4,60 Hz,1/60,蛍光灯あり,60.008 fps,60,60,1,33,ex,B,B,4,,,frame_00000.png,frame_00119.png,QR未検出,120,1.999742
ex_B_4,lockin,0,0,QR未検出,,lockin,binary,,,15.000000,30,8,1,0.644077,,0.644077,frame_00000.png,frame_00119.png,r60_e60_f1.mp4,60 Hz,1/60,蛍光灯あり,60.008 fps,60,60,1,33,ex,B,B,4,,,frame_00000.png,frame_00119.png,QR未検出,120,1.999742
ex_B_4,lockin,0,0,QR未検出,,lockin,binary,,,15.000000,50,8,1,0.644166,,0.644166,frame_00000.png,frame_00119.png,r60_e60_f1.mp4,60 Hz,1/60,蛍光灯あり,60.008 fps,60,60,1,33,ex,B,B,4,,,frame_00000.png,frame_00119.png,QR未検出,120,1.999742
ex_B_4,lockin,0,0,QR未検出,,lockin,binary,,,15.000000,70,8,1,0.644175,,0.644175,frame_00000.png,frame_00119.png,r60_e60_f1.mp4,60 Hz,1/60,蛍光灯あり,60.008 fps,60,60,1,33,ex,B,B,4,,,frame_00000.png,frame_00119.png,QR未検出,120,1.999742
ex_B_4,lockin,0,0,QR未検出,,lockin,binary,,,15.000000,901,8,1,0.690165,,0.690165,frame_00000.png,frame_00119.png,r60_e60_f1.mp4,60 Hz,1/60,蛍光灯あり,60.008 fps,60,60,1,33,ex,B,B,4,,,frame_00000.png,frame_00119.png,QR未検出,120,1.999742
ex_B_4,lockin,0,0,QR未検出,,lockin,binary,,,15.000000,902,8,1,0.620605,,0.620605,frame_00000.png,frame_00119.png,r60_e60_f1.mp4,60 Hz,1/60,蛍光灯あり,60.008 fps,60,60,1,33,ex,B,B,4,,,frame_00000.png,frame_00119.png,QR未検出,120,1.999742
ex_B_4,lockin,0,0,QR未検出,,lockin,binary,,,30.000000,30,8,1,0.662639,,0.662639,frame_00000.png,frame_00119.png,r60_e60_f1.mp4,60 Hz,1/60,蛍光灯あり,60.008 fps,60,60,1,33,ex,B,B,4,,,frame_00000.png,frame_00119.png,QR未検出,120,1.999742
ex_B_4,lockin,0,0,QR未検出,,lockin,binary,,,30.000000,50,8,1,0.646726,,0.646726,frame_00000.png,frame_00119.png,r60_e60_f1.mp4,60 Hz,1/60,蛍光灯あり,60.008 fps,60,60,1,33,ex,B,B,4,,,frame_00000.png,frame_00119.png,QR未検出,120,1.999742
ex_B_4,lockin,0,0,QR未検出,,lockin,binary,,,30.000000,70,8,1,0.644140,,0.644140,frame_00000.png,frame_00119.png,r60_e60_f1.mp4,60 Hz,1/60,蛍光灯あり,60.008 fps,60,60,1,33,ex,B,B,4,,,frame_00000.png,frame_00119.png,QR未検出,120,1.999742
ex_B_4,lockin,0,0,QR未検出,,lockin,binary,,,30.000000,901,8,1,0.711161,,0.711161,frame_00000.png,frame_00119.png,r60_e60_f1.mp4,60 Hz,1/60,蛍光灯あり,60.008 fps,60,60,1,33,ex,B,B,4,,,frame_00000.png,frame_00119.png,QR未検出,120,1.999742
ex_B_4,lockin,0,0,QR未検出,,lockin,binary,,,30.000000,902,8,1,0.617613,,0.617613,frame_00000.png,frame_00119.png,r60_e60_f1.mp4,60 Hz,1/60,蛍光灯あり,60.008 fps,60,60,1,33,ex,B,B,4,,,frame_00000.png,frame_00119.png,QR未検出,120,1.999742
ex_B_8,lockin,0,0,QR未検出,,lockin,binary,,,10.007741,30,8,1,0.644106,,0.644106,frame_00000.png,frame_00119.png,r60_e60_f1.mp4,60 Hz,1/60,蛍光灯あり,60.008 fps,60,60,1,34,ex,B,B,8,,,frame_00000.png,frame_00119.png,QR未検出,120,1.999742
ex_B_8,lockin,0,0,QR未検出,,lockin,binary,,,10.007741,50,8,1,0.644155,,0.644155,frame_00000.png,frame_00119.png,r60_e60_f1.mp4,60 Hz,1/60,蛍光灯あり,60.008 fps,60,60,1,34,ex,B,B,8,,,frame_00000.png,frame_00119.png,QR未検出,120,1.999742
ex_B_8,lockin,0,0,QR未検出,,lockin,binary,,,10.007741,70,8,1,0.644175,,0.644175,frame_00000.png,frame_00119.png,r60_e60_f1.mp4,60 Hz,1/60,蛍光灯あり,60.008 fps,60,60,1,34,ex,B,B,8,,,frame_00000.png,frame_00119.png,QR未検出,120,1.999742
ex_B_8,lockin,0,0,QR未検出,,lockin,binary,,,10.007741,901,8,1,0.715000,,0.715000,frame_00000.png,frame_00119.png,r60_e60_f1.mp4,60 Hz,1/60,蛍光灯あり,60.008 fps,60,60,1,34,ex,B,B,8,,,frame_00000.png,frame_00119.png,QR未検出,120,1.999742
ex_B_8,lockin,0,0,QR未検出,,lockin,binary,,,10.007741,902,8,1,0.563912,,0.563912,frame_00000.png,frame_00119.png,r60_e60_f1.mp4,60 Hz,1/60,蛍光灯あり,60.008 fps,60,60,1,34,ex,B,B,8,,,frame_00000.png,frame_00119.png,QR未検出,120,1.999742
ex_B_8,lockin,0,0,QR未検出,,lockin,binary,,,15.000000,30,8,1,0.644189,,0.644189,frame_00000.png,frame_00119.png,r60_e60_f1.mp4,60 Hz,1/60,蛍光灯あり,60.008 fps,60,60,1,34,ex,B,B,8,,,frame_00000.png,frame_00119.png,QR未検出,120,1.999742
ex_B_8,lockin,0,0,QR未検出,,lockin,binary,,,15.000000,50,8,1,0.644164,,0.644164,frame_00000.png,frame_00119.png,r60_e60_f1.mp4,60 Hz,1/60,蛍光灯あり,60.008 fps,60,60,1,34,ex,B,B,8,,,frame_00000.png,frame_00119.png,QR未検出,120,1.999742
ex_B_8,lockin,0,0,QR未検出,,lockin,binary,,,15.000000,70,8,1,0.644175,,0.644175,frame_00000.png,frame_00119.png,r60_e60_f1.mp4,60 Hz,1/60,蛍光灯あり,60.008 fps,60,60,1,34,ex,B,B,8,,,frame_00000.png,frame_00119.png,QR未検出,120,1.999742
ex_B_8,lockin,0,0,QR未検出,,lockin,binary,,,15.000000,901,8,1,0.717047,,0.717047,frame_00000.png,frame_00119.png,r60_e60_f1.mp4,60 Hz,1/60,蛍光灯あり,60.008 fps,60,60,1,34,ex,B,B,8,,,frame_00000.png,frame_00119.png,QR未検出,120,1.999742
ex_B_8,lockin,0,0,QR未検出,,lockin,binary,,,15.000000,902,8,1,0.574972,,0.574972,frame_00000.png,frame_00119.png,r60_e60_f1.mp4,60 Hz,1/60,蛍光灯あり,60.008 fps,60,60,1,34,ex,B,B,8,,,frame_00000.png,frame_00119.png,QR未検出,120,1.999742
ex_B_8,lockin,0,0,QR未検出,,lockin,binary,,,30.000000,30,8,1,0.745642,,0.745642,frame_00000.png,frame_00119.png,r60_e60_f1.mp4,60 Hz,1/60,蛍光灯あり,60.008 fps,60,60,1,34,ex,B,B,8,,,frame_00000.png,frame_00119.png,QR未検出,120,1.999742
ex_B_8,lockin,0,0,QR未検出,,lockin,binary,,,30.000000,50,8,1,0.691372,,0.691372,frame_00000.png,frame_00119.png,r60_e60_f1.mp4,60 Hz,1/60,蛍光灯あり,60.008 fps,60,60,1,34,ex,B,B,8,,,frame_00000.png,frame_00119.png,QR未検出,120,1.999742
ex_B_8,lockin,0,0,QR未検出,,lockin,binary,,,30.000000,70,8,1,0.652393,,0.652393,frame_00000.png,frame_00119.png,r60_e60_f1.mp4,60 Hz,1/60,蛍光灯あり,60.008 fps,60,60,1,34,ex,B,B,8,,,frame_00000.png,frame_00119.png,QR未検出,120,1.999742
ex_B_8,lockin,0,0,QR未検出,,lockin,binary,,,30.000000,901,8,1,0.764368,,0.764368,frame_00000.png,frame_00119.png,r60_e60_f1.mp4,60 Hz,1/60,蛍光灯あり,60.008 fps,60,60,1,34,ex,B,B,8,,,frame_00000.png,frame_00119.png,QR未検出,120,1.999742
ex_B_8,lockin,0,0,QR未検出,,lockin,binary,,,30.000000,902,8,1,0.559608,,0.559608,frame_00000.png,frame_00119.png,r60_e60_f1.mp4,60 Hz,1/60,蛍光灯あり,60.008 fps,60,60,1,34,ex,B,B,8,,,frame_00000.png,frame_00119.png,QR未検出,120,1.999742
ex_G_12,lockin,0,0,QR未検出,,lockin,binary,,,10.007741,30,8,1,0.644182,,0.644182,frame_00000.png,frame_00119.png,r60_e60_f1.mp4,60 Hz,1/60,蛍光灯あり,60.008 fps,60,60,1,23,ex,G,G,12,,,frame_00000.png,frame_00119.png,QR未検出,120,1.999742
ex_G_12,lockin,0,0,QR未検出,,lockin,binary,,,10.007741,50,8,1,0.644175,,0.644175,frame_00000.png,frame_00119.png,r60_e60_f1.mp4,60 Hz,1/60,蛍光灯あり,60.008 fps,60,60,1,23,ex,G,G,12,,,frame_00000.png,frame_00119.png,QR未検出,120,1.999742
ex_G_12,lockin,0,0,QR未検出,,lockin,binary,,,10.007741,70,8,1,0.644175,,0.644175,frame_00000.png,frame_00119.png,r60_e60_f1.mp4,60 Hz,1/60,蛍光灯あり,60.008 fps,60,60,1,23,ex,G,G,12,,,frame_00000.png,frame_00119.png,QR未検出,120,1.999742
ex_G_12,lockin,0,0,QR未検出,,lockin,binary,,,10.007741,901,8,1,0.779543,,0.779543,frame_00000.png,frame_00119.png,r60_e60_f1.mp4,60 Hz,1/60,蛍光灯あり,60.008 fps,60,60,1,23,ex,G,G,12,,,frame_00000.png,frame_00119.png,QR未検出,120,1.999742
ex_G_12,lockin,0,0,QR未検出,,lockin,binary,,,10.007741,902,8,1,0.585888,,0.585888,frame_00000.png,frame_00119.png,r60_e60_f1.mp4,60 Hz,1/60,蛍光灯あり,60.008 fps,60,60,1,23,ex,G,G,12,,,frame_00000.png,frame_00119.png,QR未検出,120,1.999742
ex_G_12,lockin,0,0,QR未検出,,lockin,binary,,,15.000000,30,8,1,0.644169,,0.644169,frame_00000.png,frame_00119.png,r60_e60_f1.mp4,60 Hz,1/60,蛍光灯あり,60.008 fps,60,60,1,23,ex,G,G,12,,,frame_00000.png,frame_00119.png,QR未検出,120,1.999742
ex_G_12,lockin,0,0,QR未検出,,lockin,binary,,,15.000000,50,8,1,0.644175,,0.644175,frame_00000.png,frame_00119.png,r60_e60_f1.mp4,60 Hz,1/60,蛍光灯あり,60.008 fps,60,60,1,23,ex,G,G,12,,,frame_00000.png,frame_00119.png,QR未検出,120,1.999742
ex_G_12,lockin,0,0,QR未検出,,lockin,binary,,,15.000000,70,8,1,0.644175,,0.644175,frame_00000.png,frame_00119.png,r60_e60_f1.mp4,60 Hz,1/60,蛍光灯あり,60.008 fps,60,60,1,23,ex,G,G,12,,,frame_00000.png,frame_00119.png,QR未検出,120,1.999742
ex_G_12,lockin,0,0,QR未検出,,lockin,binary,,,15.000000,901,8,1,0.773610,,0.773610,frame_00000.png,frame_00119.png,r60_e60_f1.mp4,60 Hz,1/60,蛍光灯あり,60.008 fps,60,60,1,23,ex,G,G,12,,,frame_00000.png,frame_00119.png,QR未検出,120,1.999742
ex_G_12,lockin,0,0,QR未検出,,lockin,binary,,,15.000000,902,8,1,0.591622,,0.591622,frame_00000.png,frame_00119.png,r60_e60_f1.mp4,60 Hz,1/60,蛍光灯あり,60.008 fps,60,60,1,23,ex,G,G,12,,,frame_00000.png,frame_00119.png,QR未検出,120,1.999742
ex_G_12,lockin,1,0,QR未検出,,lockin,binary,,,30.000000,30,8,1,0.967944,,0.967944,frame_00000.png,frame_00119.png,r60_e60_f1.mp4,60 Hz,1/60,蛍光灯あり,60.008 fps,60,60,1,23,ex,G,G,12,,,frame_00000.png,frame_00119.png,QR未検出,120,1.999742
ex_G_12,lockin,0,0,QR未検出,,lockin,binary,,,30.000000,50,8,1,0.905642,,0.905642,frame_00000.png,frame_00119.png,r60_e60_f1.mp4,60 Hz,1/60,蛍光灯あり,60.008 fps,60,60,1,23,ex,G,G,12,,,frame_00000.png,frame_00119.png,QR未検出,120,1.999742
ex_G_12,lockin,0,0,QR未検出,,lockin,binary,,,30.000000,70,8,1,0.735780,,0.735780,frame_00000.png,frame_00119.png,r60_e60_f1.mp4,60 Hz,1/60,蛍光灯あり,60.008 fps,60,60,1,23,ex,G,G,12,,,frame_00000.png,frame_00119.png,QR未検出,120,1.999742
ex_G_12,lockin,0,0,QR未検出,,lockin,binary,,,30.000000,901,8,1,0.966471,,0.966471,frame_00000.png,frame_00119.png,r60_e60_f1.mp4,60 Hz,1/60,蛍光灯あり,60.008 fps,60,60,1,23,ex,G,G,12,,,frame_00000.png,frame_00119.png,QR未検出,120,1.999742
ex_G_12,lockin,0,0,QR未検出,,lockin,binary,,,30.000000,902,8,1,0.637865,,0.637865,frame_00000.png,frame_00119.png,r60_e60_f1.mp4,60 Hz,1/60,蛍光灯あり,60.008 fps,60,60,1,23,ex,G,G,12,,,frame_00000.png,frame_00119.png,QR未検出,120,1.999742
ex_G_4,lockin,0,0,QR未検出,,lockin,binary,,,10.007741,30,8,1,0.644085,,0.644085,frame_00000.png,frame_00119.png,r60_e60_f1.mp4,60 Hz,1/60,蛍光灯あり,60.008 fps,60,60,1,21,ex,G,G,4,,,frame_00000.png,frame_00119.png,QR未検出,120,1.999742
ex_G_4,lockin,0,0,QR未検出,,lockin,binary,,,10.007741,50,8,1,0.644126,,0.644126,frame_00000.png,frame_00119.png,r60_e60_f1.mp4,60 Hz,1/60,蛍光灯あり,60.008 fps,60,60,1,21,ex,G,G,4,,,frame_00000.png,frame_00119.png,QR未検出,120,1.999742
ex_G_4,lockin,0,0,QR未検出,,lockin,binary,,,10.007741,70,8,1,0.644175,,0.644175,frame_00000.png,frame_00119.png,r60_e60_f1.mp4,60 Hz,1/60,蛍光灯あり,60.008 fps,60,60,1,21,ex,G,G,4,,,frame_00000.png,frame_00119.png,QR未検出,120,1.999742
ex_G_4,lockin,0,0,QR未検出,,lockin,binary,,,10.007741,901,8,1,0.846935,,0.846935,frame_00000.png,frame_00119.png,r60_e60_f1.mp4,60 Hz,1/60,蛍光灯あり,60.008 fps,60,60,1,21,ex,G,G,4,,,frame_00000.png,frame_00119.png,QR未検出,120,1.999742
ex_G_4,lockin,0,0,QR未検出,,lockin,binary,,,10.007741,902,8,1,0.589322,,0.589322,frame_00000.png,frame_00119.png,r60_e60_f1.mp4,60 Hz,1/60,蛍光灯あり,60.008 fps,60,60,1,21,ex,G,G,4,,,frame_00000.png,frame_00119.png,QR未検出,120,1.999742
ex_G_4,lockin,0,0,QR未検出,,lockin,binary,,,15.000000,30,8,1,0.643737,,0.643737,frame_00000.png,frame_00119.png,r60_e60_f1.mp4,60 Hz,1/60,蛍光灯あり,60.008 fps,60,60,1,21,ex,G,G,4,,,frame_00000.png,frame_00119.png,QR未検出,120,1.999742
ex_G_4,lockin,0,0,QR未検出,,lockin,binary,,,15.000000,50,8,1,0.644154,,0.644154,frame_00000.png,frame_00119.png,r60_e60_f1.mp4,60 Hz,1/60,蛍光灯あり,60.008 fps,60,60,1,21,ex,G,G,4,,,frame_00000.png,frame_00119.png,QR未検出,120,1.999742
ex_G_4,lockin,0,0,QR未検出,,lockin,binary,,,15.000000,70,8,1,0.644175,,0.644175,frame_00000.png,frame_00119.png,r60_e60_f1.mp4,60 Hz,1/60,蛍光灯あり,60.008 fps,60,60,1,21,ex,G,G,4,,,frame_00000.png,frame_00119.png,QR未検出,120,1.999742
ex_G_4,lockin,0,0,QR未検出,,lockin,binary,,,15.000000,901,8,1,0.850097,,0.850097,frame_00000.png,frame_00119.png,r60_e60_f1.mp4,60 Hz,1/60,蛍光灯あり,60.008 fps,60,60,1,21,ex,G,G,4,,,frame_00000.png,frame_00119.png,QR未検出,120,1.999742
ex_G_4,lockin,0,0,QR未検出,,lockin,binary,,,15.000000,902,8,1,0.514776,,0.514776,frame_00000.png,frame_00119.png,r60_e60_f1.mp4,60 Hz,1/60,蛍光灯あり,60.008 fps,60,60,1,21,ex,G,G,4,,,frame_00000.png,frame_00119.png,QR未検出,120,1.999742
ex_G_4,lockin,0,0,QR未検出,,lockin,binary,,,30.000000,30,8,1,0.670135,,0.670135,frame_00000.png,frame_00119.png,r60_e60_f1.mp4,60 Hz,1/60,蛍光灯あり,60.008 fps,60,60,1,21,ex,G,G,4,,,frame_00000.png,frame_00119.png,QR未検出,120,1.999742
ex_G_4,lockin,0,0,QR未検出,,lockin,binary,,,30.000000,50,8,1,0.644017,,0.644017,frame_00000.png,frame_00119.png,r60_e60_f1.mp4,60 Hz,1/60,蛍光灯あり,60.008 fps,60,60,1,21,ex,G,G,4,,,frame_00000.png,frame_00119.png,QR未検出,120,1.999742
ex_G_4,lockin,0,0,QR未検出,,lockin,binary,,,30.000000,70,8,1,0.644098,,0.644098,frame_00000.png,frame_00119.png,r60_e60_f1.mp4,60 Hz,1/60,蛍光灯あり,60.008 fps,60,60,1,21,ex,G,G,4,,,frame_00000.png,frame_00119.png,QR未検出,120,1.999742
ex_G_4,lockin,0,0,QR未検出,,lockin,binary,,,30.000000,901,8,1,0.835470,,0.835470,frame_00000.png,frame_00119.png,r60_e60_f1.mp4,60 Hz,1/60,蛍光灯あり,60.008 fps,60,60,1,21,ex,G,G,4,,,frame_00000.png,frame_00119.png,QR未検出,120,1.999742
ex_G_4,lockin,0,0,QR未検出,,lockin,binary,,,30.000000,902,8,1,0.560684,,0.560684,frame_00000.png,frame_00119.png,r60_e60_f1.mp4,60 Hz,1/60,蛍光灯あり,60.008 fps,60,60,1,21,ex,G,G,4,,,frame_00000.png,frame_00119.png,QR未検出,120,1.999742
ex_G_8,lockin,0,0,QR未検出,,lockin,binary,,,10.007741,30,8,1,0.644073,,0.644073,frame_00000.png,frame_00119.png,r60_e60_f1.mp4,60 Hz,1/60,蛍光灯あり,60.008 fps,60,60,1,22,ex,G,G,8,,,frame_00000.png,frame_00119.png,QR未検出,120,1.999742
ex_G_8,lockin,0,0,QR未検出,,lockin,binary,,,10.007741,50,8,1,0.644150,,0.644150,frame_00000.png,frame_00119.png,r60_e60_f1.mp4,60 Hz,1/60,蛍光灯あり,60.008 fps,60,60,1,22,ex,G,G,8,,,frame_00000.png,frame_00119.png,QR未検出,120,1.999742
ex_G_8,lockin,0,0,QR未検出,,lockin,binary,,,10.007741,70,8,1,0.644175,,0.644175,frame_00000.png,frame_00119.png,r60_e60_f1.mp4,60 Hz,1/60,蛍光灯あり,60.008 fps,60,60,1,22,ex,G,G,8,,,frame_00000.png,frame_00119.png,QR未検出,120,1.999742
ex_G_8,lockin,0,0,QR未検出,,lockin,binary,,,10.007741,901,8,1,0.792786,,0.792786,frame_00000.png,frame_00119.png,r60_e60_f1.mp4,60 Hz,1/60,蛍光灯あり,60.008 fps,60,60,1,22,ex,G,G,8,,,frame_00000.png,frame_00119.png,QR未検出,120,1.999742
ex_G_8,lockin,0,0,QR未検出,,lockin,binary,,,10.007741,902,8,1,0.590598,,0.590598,frame_00000.png,frame_00119.png,r60_e60_f1.mp4,60 Hz,1/60,蛍光灯あり,60.008 fps,60,60,1,22,ex,G,G,8,,,frame_00000.png,frame_00119.png,QR未検出,120,1.999742
ex_G_8,lockin,0,0,QR未検出,,lockin,binary,,,15.000000,30,8,1,0.644043,,0.644043,frame_00000.png,frame_00119.png,r60_e60_f1.mp4,60 Hz,1/60,蛍光灯あり,60.008 fps,60,60,1,22,ex,G,G,8,,,frame_00000.png,frame_00119.png,QR未検出,120,1.999742
ex_G_8,lockin,0,0,QR未検出,,lockin,binary,,,15.000000,50,8,1,0.644175,,0.644175,frame_00000.png,frame_00119.png,r60_e60_f1.mp4,60 Hz,1/60,蛍光灯あり,60.008 fps,60,60,1,22,ex,G,G,8,,,frame_00000.png,frame_00119.png,QR未検出,120,1.999742
ex_G_8,lockin,0,0,QR未検出,,lockin,binary,,,15.000000,70,8,1,0.644175,,0.644175,frame_00000.png,frame_00119.png,r60_e60_f1.mp4,60 Hz,1/60,蛍光灯あり,60.008 fps,60,60,1,22,ex,G,G,8,,,frame_00000.png,frame_00119.png,QR未検出,120,1.999742
ex_G_8,lockin,0,0,QR未検出,,lockin,binary,,,15.000000,901,8,1,0.797651,,0.797651,frame_00000.png,frame_00119.png,r60_e60_f1.mp4,60 Hz,1/60,蛍光灯あり,60.008 fps,60,60,1,22,ex,G,G,8,,,frame_00000.png,frame_00119.png,QR未検出,120,1.999742
ex_G_8,lockin,0,0,QR未検出,,lockin,binary,,,15.000000,902,8,1,0.555715,,0.555715,frame_00000.png,frame_00119.png,r60_e60_f1.mp4,60 Hz,1/60,蛍光灯あり,60.008 fps,60,60,1,22,ex,G,G,8,,,frame_00000.png,frame_00119.png,QR未検出,120,1.999742
ex_G_8,lockin,0,0,QR未検出,,lockin,binary,,,30.000000,30,8,1,0.888509,,0.888509,frame_00000.png,frame_00119.png,r60_e60_f1.mp4,60 Hz,1/60,蛍光灯あり,60.008 fps,60,60,1,22,ex,G,G,8,,,frame_00000.png,frame_00119.png,QR未検出,120,1.999742
ex_G_8,lockin,0,0,QR未検出,,lockin,binary,,,30.000000,50,8,1,0.790006,,0.790006,frame_00000.png,frame_00119.png,r60_e60_f1.mp4,60 Hz,1/60,蛍光灯あり,60.008 fps,60,60,1,22,ex,G,G,8,,,frame_00000.png,frame_00119.png,QR未検出,120,1.999742
ex_G_8,lockin,0,0,QR未検出,,lockin,binary,,,30.000000,70,8,1,0.674566,,0.674566,frame_00000.png,frame_00119.png,r60_e60_f1.mp4,60 Hz,1/60,蛍光灯あり,60.008 fps,60,60,1,22,ex,G,G,8,,,frame_00000.png,frame_00119.png,QR未検出,120,1.999742
ex_G_8,lockin,1,0,QR未検出,,lockin,binary,,,30.000000,901,8,1,0.910991,,0.910991,frame_00000.png,frame_00119.png,r60_e60_f1.mp4,60 Hz,1/60,蛍光灯あり,60.008 fps,60,60,1,22,ex,G,G,8,,,frame_00000.png,frame_00119.png,QR未検出,120,1.999742
ex_G_8,lockin,0,0,QR未検出,,lockin,binary,,,30.000000,902,8,1,0.597927,,0.597927,frame_00000.png,frame_00119.png,r60_e60_f1.mp4,60 Hz,1/60,蛍光灯あり,60.008 fps,60,60,1,22,ex,G,G,8,,,frame_00000.png,frame_00119.png,QR未検出,120,1.999742
ex_I_12,lockin,0,0,QR未検出,,lockin,binary,,,10.007741,30,8,1,0.644220,,0.644220,frame_00000.png,frame_00119.png,r60_e60_f1.mp4,60 Hz,1/60,蛍光灯あり,60.008 fps,60,60,1,47,ex,min,I,12,,,frame_00000.png,frame_00119.png,QR未検出,120,1.999742
ex_I_12,lockin,0,0,QR未検出,,lockin,binary,,,10.007741,50,8,1,0.644175,,0.644175,frame_00000.png,frame_00119.png,r60_e60_f1.mp4,60 Hz,1/60,蛍光灯あり,60.008 fps,60,60,1,47,ex,min,I,12,,,frame_00000.png,frame_00119.png,QR未検出,120,1.999742
ex_I_12,lockin,0,0,QR未検出,,lockin,binary,,,10.007741,70,8,1,0.644175,,0.644175,frame_00000.png,frame_00119.png,r60_e60_f1.mp4,60 Hz,1/60,蛍光灯あり,60.008 fps,60,60,1,47,ex,min,I,12,,,frame_00000.png,frame_00119.png,QR未検出,120,1.999742
ex_I_12,lockin,0,0,QR未検出,,lockin,binary,,,10.007741,901,8,1,0.808219,,0.808219,frame_00000.png,frame_00119.png,r60_e60_f1.mp4,60 Hz,1/60,蛍光灯あり,60.008 fps,60,60,1,47,ex,min,I,12,,,frame_00000.png,frame_00119.png,QR未検出,120,1.999742
ex_I_12,lockin,0,0,QR未検出,,lockin,binary,,,10.007741,902,8,1,0.546935,,0.546935,frame_00000.png,frame_00119.png,r60_e60_f1.mp4,60 Hz,1/60,蛍光灯あり,60.008 fps,60,60,1,47,ex,min,I,12,,,frame_00000.png,frame_00119.png,QR未検出,120,1.999742
ex_I_12,lockin,0,0,QR未検出,,lockin,binary,,,15.000000,30,8,1,0.644222,,0.644222,frame_00000.png,frame_00119.png,r60_e60_f1.mp4,60 Hz,1/60,蛍光灯あり,60.008 fps,60,60,1,47,ex,min,I,12,,,frame_00000.png,frame_00119.png,QR未検出,120,1.999742
ex_I_12,lockin,0,0,QR未検出,,lockin,binary,,,15.000000,50,8,1,0.644208,,0.644208,frame_00000.png,frame_00119.png,r60_e60_f1.mp4,60 Hz,1/60,蛍光灯あり,60.008 fps,60,60,1,47,ex,min,I,12,,,frame_00000.png,frame_00119.png,QR未検出,120,1.999742
ex_I_12,lockin,0,0,QR未検出,,lockin,binary,,,15.000000,70,8,1,0.644190,,0.644190,frame_00000.png,frame_00119.png,r60_e60_f1.mp4,60 Hz,1/60,蛍光灯あり,60.008 fps,60,60,1,47,ex,min,I,12,,,frame_00000.png,frame_00119.png,QR未検出,120,1.999742
ex_I_12,lockin,0,0,QR未検出,,lockin,binary,,,15.000000,901,8,1,0.779024,,0.779024,frame_00000.png,frame_00119.png,r60_e60_f1.mp4,60 Hz,1/60,蛍光灯あり,60.008 fps,60,60,1,47,ex,min,I,12,,,frame_00000.png,frame_00119.png,QR未検出,120,1.999742
ex_I_12,lockin,0,0,QR未検出,,lockin,binary,,,15.000000,902,8,1,0.597992,,0.597992,frame_00000.png,frame_00119.png,r60_e60_f1.mp4,60 Hz,1/60,蛍光灯あり,60.008 fps,60,60,1,47,ex,min,I,12,,,frame_00000.png,frame_00119.png,QR未検出,120,1.999742
ex_I_12,lockin,0,0,QR未検出,,lockin,binary,,,30.000000,30,8,1,0.918567,,0.918567,frame_00000.png,frame_00119.png,r60_e60_f1.mp4,60 Hz,1/60,蛍光灯あり,60.008 fps,60,60,1,47,ex,min,I,12,,,frame_00000.png,frame_00119.png,QR未検出,120,1.999742
ex_I_12,lockin,0,0,QR未検出,,lockin,binary,,,30.000000,50,8,1,0.769911,,0.769911,frame_00000.png,frame_00119.png,r60_e60_f1.mp4,60 Hz,1/60,蛍光灯あり,60.008 fps,60,60,1,47,ex,min,I,12,,,frame_00000.png,frame_00119.png,QR未検出,120,1.999742
ex_I_12,lockin,0,0,QR未検出,,lockin,binary,,,30.000000,70,8,1,0.660961,,0.660961,frame_00000.png,frame_00119.png,r60_e60_f1.mp4,60 Hz,1/60,蛍光灯あり,60.008 fps,60,60,1,47,ex,min,I,12,,,frame_00000.png,frame_00119.png,QR未検出,120,1.999742
ex_I_12,lockin,1,0,QR未検出,,lockin,binary,,,30.000000,901,8,1,0.936025,,0.936025,frame_00000.png,frame_00119.png,r60_e60_f1.mp4,60 Hz,1/60,蛍光灯あり,60.008 fps,60,60,1,47,ex,min,I,12,,,frame_00000.png,frame_00119.png,QR未検出,120,1.999742
ex_I_12,lockin,0,0,QR未検出,,lockin,binary,,,30.000000,902,8,1,0.609797,,0.609797,frame_00000.png,frame_00119.png,r60_e60_f1.mp4,60 Hz,1/60,蛍光灯あり,60.008 fps,60,60,1,47,ex,min,I,12,,,frame_00000.png,frame_00119.png,QR未検出,120,1.999742
ex_I_4,lockin,0,0,QR未検出,,lockin,binary,,,10.007741,30,8,1,0.644164,,0.644164,frame_00000.png,frame_00119.png,r60_e60_f1.mp4,60 Hz,1/60,蛍光灯あり,60.008 fps,60,60,1,45,ex,min,I,4,,,frame_00000.png,frame_00119.png,QR未検出,120,1.999742
ex_I_4,lockin,0,0,QR未検出,,lockin,binary,,,10.007741,50,8,1,0.644175,,0.644175,frame_00000.png,frame_00119.png,r60_e60_f1.mp4,60 Hz,1/60,蛍光灯あり,60.008 fps,60,60,1,45,ex,min,I,4,,,frame_00000.png,frame_00119.png,QR未検出,120,1.999742
ex_I_4,lockin,0,0,QR未検出,,lockin,binary,,,10.007741,70,8,1,0.644175,,0.644175,frame_00000.png,frame_00119.png,r60_e60_f1.mp4,60 Hz,1/60,蛍光灯あり,60.008 fps,60,60,1,45,ex,min,I,4,,,frame_00000.png,frame_00119.png,QR未検出,120,1.999742
ex_I_4,lockin,0,0,QR未検出,,lockin,binary,,,10.007741,901,8,1,0.756768,,0.756768,frame_00000.png,frame_00119.png,r60_e60_f1.mp4,60 Hz,1/60,蛍光灯あり,60.008 fps,60,60,1,45,ex,min,I,4,,,frame_00000.png,frame_00119.png,QR未検出,120,1.999742
ex_I_4,lockin,0,0,QR未検出,,lockin,binary,,,10.007741,902,8,1,0.503653,,0.503653,frame_00000.png,frame_00119.png,r60_e60_f1.mp4,60 Hz,1/60,蛍光灯あり,60.008 fps,60,60,1,45,ex,min,I,4,,,frame_00000.png,frame_00119.png,QR未検出,120,1.999742
ex_I_4,lockin,0,0,QR未検出,,lockin,binary,,,15.000000,30,8,1,0.643818,,0.643818,frame_00000.png,frame_00119.png,r60_e60_f1.mp4,60 Hz,1/60,蛍光灯あり,60.008 fps,60,60,1,45,ex,min,I,4,,,frame_00000.png,frame_00119.png,QR未検出,120,1.999742
ex_I_4,lockin,0,0,QR未検出,,lockin,binary,,,15.000000,50,8,1,0.644175,,0.644175,frame_00000.png,frame_00119.png,r60_e60_f1.mp4,60 Hz,1/60,蛍光灯あり,60.008 fps,60,60,1,45,ex,min,I,4,,,frame_00000.png,frame_00119.png,QR未検出,120,1.999742
ex_I_4,lockin,0,0,QR未検出,,lockin,binary,,,15.000000,70,8,1,0.644175,,0.644175,frame_00000.png,frame_00119.png,r60_e60_f1.mp4,60 Hz,1/60,蛍光灯あり,60.008 fps,60,60,1,45,ex,min,I,4,,,frame_00000.png,frame_00119.png,QR未検出,120,1.999742
ex_I_4,lockin,0,0,QR未検出,,lockin,binary,,,15.000000,901,8,1,0.759735,,0.759735,frame_00000.png,frame_00119.png,r60_e60_f1.mp4,60 Hz,1/60,蛍光灯あり,60.008 fps,60,60,1,45,ex,min,I,4,,,frame_00000.png,frame_00119.png,QR未検出,120,1.999742
ex_I_4,lockin,0,0,QR未検出,,lockin,binary,,,15.000000,902,8,1,0.513142,,0.513142,frame_00000.png,frame_00119.png,r60_e60_f1.mp4,60 Hz,1/60,蛍光灯あり,60.008 fps,60,60,1,45,ex,min,I,4,,,frame_00000.png,frame_00119.png,QR未検出,120,1.999742
ex_I_4,lockin,0,0,QR未検出,,lockin,binary,,,30.000000,30,8,1,0.713434,,0.713434,frame_00000.png,frame_00119.png,r60_e60_f1.mp4,60 Hz,1/60,蛍光灯あり,60.008 fps,60,60,1,45,ex,min,I,4,,,frame_00000.png,frame_00119.png,QR未検出,120,1.999742
ex_I_4,lockin,0,0,QR未検出,,lockin,binary,,,30.000000,50,8,1,0.651462,,0.651462,frame_00000.png,frame_00119.png,r60_e60_f1.mp4,60 Hz,1/60,蛍光灯あり,60.008 fps,60,60,1,45,ex,min,I,4,,,frame_00000.png,frame_00119.png,QR未検出,120,1.999742
ex_I_4,lockin,0,0,QR未検出,,lockin,binary,,,30.000000,70,8,1,0.644346,,0.644346,frame_00000.png,frame_00119.png,r60_e60_f1.mp4,60 Hz,1/60,蛍光灯あり,60.008 fps,60,60,1,45,ex,min,I,4,,,frame_00000.png,frame_00119.png,QR未検出,120,1.999742
ex_I_4,lockin,0,0,QR未検出,,lockin,binary,,,30.000000,901,8,1,0.793187,,0.793187,frame_00000.png,frame_00119.png,r60_e60_f1.mp4,60 Hz,1/60,蛍光灯あり,60.008 fps,60,60,1,45,ex,min,I,4,,,frame_00000.png,frame_00119.png,QR未検出,120,1.999742
ex_I_4,lockin,0,0,QR未検出,,lockin,binary,,,30.000000,902,8,1,0.536855,,0.536855,frame_00000.png,frame_00119.png,r60_e60_f1.mp4,60 Hz,1/60,蛍光灯あり,60.008 fps,60,60,1,45,ex,min,I,4,,,frame_00000.png,frame_00119.png,QR未検出,120,1.999742
ex_I_8,lockin,0,0,QR未検出,,lockin,binary,,,10.007741,30,8,1,0.644281,,0.644281,frame_00000.png,frame_00119.png,r60_e60_f1.mp4,60 Hz,1/60,蛍光灯あり,60.008 fps,60,60,1,46,ex,min,I,8,,,frame_00000.png,frame_00119.png,QR未検出,120,1.999742
ex_I_8,lockin,0,0,QR未検出,,lockin,binary,,,10.007741,50,8,1,0.644175,,0.644175,frame_00000.png,frame_00119.png,r60_e60_f1.mp4,60 Hz,1/60,蛍光灯あり,60.008 fps,60,60,1,46,ex,min,I,8,,,frame_00000.png,frame_00119.png,QR未検出,120,1.999742
ex_I_8,lockin,0,0,QR未検出,,lockin,binary,,,10.007741,70,8,1,0.644175,,0.644175,frame_00000.png,frame_00119.png,r60_e60_f1.mp4,60 Hz,1/60,蛍光灯あり,60.008 fps,60,60,1,46,ex,min,I,8,,,frame_00000.png,frame_00119.png,QR未検出,120,1.999742
ex_I_8,lockin,0,0,QR未検出,,lockin,binary,,,10.007741,901,8,1,0.742802,,0.742802,frame_00000.png,frame_00119.png,r60_e60_f1.mp4,60 Hz,1/60,蛍光灯あり,60.008 fps,60,60,1,46,ex,min,I,8,,,frame_00000.png,frame_00119.png,QR未検出,120,1.999742
ex_I_8,lockin,0,0,QR未検出,,lockin,binary,,,10.007741,902,8,1,0.500728,,0.500728,frame_00000.png,frame_00119.png,r60_e60_f1.mp4,60 Hz,1/60,蛍光灯あり,60.008 fps,60,60,1,46,ex,min,I,8,,,frame_00000.png,frame_00119.png,QR未検出,120,1.999742
ex_I_8,lockin,0,0,QR未検出,,lockin,binary,,,15.000000,30,8,1,0.645116,,0.645116,frame_00000.png,frame_00119.png,r60_e60_f1.mp4,60 Hz,1/60,蛍光灯あり,60.008 fps,60,60,1,46,ex,min,I,8,,,frame_00000.png,frame_00119.png,QR未検出,120,1.999742
ex_I_8,lockin,0,0,QR未検出,,lockin,binary,,,15.000000,50,8,1,0.644264,,0.644264,frame_00000.png,frame_00119.png,r60_e60_f1.mp4,60 Hz,1/60,蛍光灯あり,60.008 fps,60,60,1,46,ex,min,I,8,,,frame_00000.png,frame_00119.png,QR未検出,120,1.999742
ex_I_8,lockin,0,0,QR未検出,,lockin,binary,,,15.000000,70,8,1,0.644175,,0.644175,frame_00000.png,frame_00119.png,r60_e60_f1.mp4,60 Hz,1/60,蛍光灯あり,60.008 fps,60,60,1,46,ex,min,I,8,,,frame_00000.png,frame_00119.png,QR未検出,120,1.999742
ex_I_8,lockin,0,0,QR未検出,,lockin,binary,,,15.000000,901,8,1,0.750028,,0.750028,frame_00000.png,frame_00119.png,r60_e60_f1.mp4,60 Hz,1/60,蛍光灯あり,60.008 fps,60,60,1,46,ex,min,I,8,,,frame_00000.png,frame_00119.png,QR未検出,120,1.999742
ex_I_8,lockin,0,0,QR未検出,,lockin,binary,,,15.000000,902,8,1,0.502352,,0.502352,frame_00000.png,frame_00119.png,r60_e60_f1.mp4,60 Hz,1/60,蛍光灯あり,60.008 fps,60,60,1,46,ex,min,I,8,,,frame_00000.png,frame_00119.png,QR未検出,120,1.999742
ex_I_8,lockin,0,0,QR未検出,,lockin,binary,,,30.000000,30,8,1,0.776137,,0.776137,frame_00000.png,frame_00119.png,r60_e60_f1.mp4,60 Hz,1/60,蛍光灯あり,60.008 fps,60,60,1,46,ex,min,I,8,,,frame_00000.png,frame_00119.png,QR未検出,120,1.999742
ex_I_8,lockin,0,0,QR未検出,,lockin,binary,,,30.000000,50,8,1,0.681301,,0.681301,frame_00000.png,frame_00119.png,r60_e60_f1.mp4,60 Hz,1/60,蛍光灯あり,60.008 fps,60,60,1,46,ex,min,I,8,,,frame_00000.png,frame_00119.png,QR未検出,120,1.999742
ex_I_8,lockin,0,0,QR未検出,,lockin,binary,,,30.000000,70,8,1,0.646610,,0.646610,frame_00000.png,frame_00119.png,r60_e60_f1.mp4,60 Hz,1/60,蛍光灯あり,60.008 fps,60,60,1,46,ex,min,I,8,,,frame_00000.png,frame_00119.png,QR未検出,120,1.999742
ex_I_8,lockin,0,0,QR未検出,,lockin,binary,,,30.000000,901,8,1,0.819684,,0.819684,frame_00000.png,frame_00119.png,r60_e60_f1.mp4,60 Hz,1/60,蛍光灯あり,60.008 fps,60,60,1,46,ex,min,I,8,,,frame_00000.png,frame_00119.png,QR未検出,120,1.999742
ex_I_8,lockin,0,0,QR未検出,,lockin,binary,,,30.000000,902,8,1,0.523712,,0.523712,frame_00000.png,frame_00119.png,r60_e60_f1.mp4,60 Hz,1/60,蛍光灯あり,60.008 fps,60,60,1,46,ex,min,I,8,,,frame_00000.png,frame_00119.png,QR未検出,120,1.999742
ex_R_12,lockin,0,0,QR未検出,,lockin,binary,,,10.007741,30,8,1,0.644127,,0.644127,frame_00000.png,frame_00119.png,r60_e60_f1.mp4,60 Hz,1/60,蛍光灯あり,60.008 fps,60,60,1,11,ex,R,R,12,,,frame_00000.png,frame_00119.png,QR未検出,120,1.999742
ex_R_12,lockin,0,0,QR未検出,,lockin,binary,,,10.007741,50,8,1,0.644138,,0.644138,frame_00000.png,frame_00119.png,r60_e60_f1.mp4,60 Hz,1/60,蛍光灯あり,60.008 fps,60,60,1,11,ex,R,R,12,,,frame_00000.png,frame_00119.png,QR未検出,120,1.999742
ex_R_12,lockin,0,0,QR未検出,,lockin,binary,,,10.007741,70,8,1,0.644175,,0.644175,frame_00000.png,frame_00119.png,r60_e60_f1.mp4,60 Hz,1/60,蛍光灯あり,60.008 fps,60,60,1,11,ex,R,R,12,,,frame_00000.png,frame_00119.png,QR未検出,120,1.999742
ex_R_12,lockin,0,0,QR未検出,,lockin,binary,,,10.007741,901,8,1,0.728120,,0.728120,frame_00000.png,frame_00119.png,r60_e60_f1.mp4,60 Hz,1/60,蛍光灯あり,60.008 fps,60,60,1,11,ex,R,R,12,,,frame_00000.png,frame_00119.png,QR未検出,120,1.999742
ex_R_12,lockin,0,0,QR未検出,,lockin,binary,,,10.007741,902,8,1,0.552618,,0.552618,frame_00000.png,frame_00119.png,r60_e60_f1.mp4,60 Hz,1/60,蛍光灯あり,60.008 fps,60,60,1,11,ex,R,R,12,,,frame_00000.png,frame_00119.png,QR未検出,120,1.999742
ex_R_12,lockin,0,0,QR未検出,,lockin,binary,,,15.000000,30,8,1,0.644315,,0.644315,frame_00000.png,frame_00119.png,r60_e60_f1.mp4,60 Hz,1/60,蛍光灯あり,60.008 fps,60,60,1,11,ex,R,R,12,,,frame_00000.png,frame_00119.png,QR未検出,120,1.999742
ex_R_12,lockin,0,0,QR未検出,,lockin,binary,,,15.000000,50,8,1,0.644108,,0.644108,frame_00000.png,frame_00119.png,r60_e60_f1.mp4,60 Hz,1/60,蛍光灯あり,60.008 fps,60,60,1,11,ex,R,R,12,,,frame_00000.png,frame_00119.png,QR未検出,120,1.999742
ex_R_12,lockin,0,0,QR未検出,,lockin,binary,,,15.000000,70,8,1,0.644150,,0.644150,frame_00000.png,frame_00119.png,r60_e60_f1.mp4,60 Hz,1/60,蛍光灯あり,60.008 fps,60,60,1,11,ex,R,R,12,,,frame_00000.png,frame_00119.png,QR未検出,120,1.999742
ex_R_12,lockin,0,0,QR未検出,,lockin,binary,,,15.000000,901,8,1,0.762270,,0.762270,frame_00000.png,frame_00119.png,r60_e60_f1.mp4,60 Hz,1/60,蛍光灯あり,60.008 fps,60,60,1,11,ex,R,R,12,,,frame_00000.png,frame_00119.png,QR未検出,120,1.999742
ex_R_12,lockin,0,0,QR未検出,,lockin,binary,,,15.000000,902,8,1,0.522571,,0.522571,frame_00000.png,frame_00119.png,r60_e60_f1.mp4,60 Hz,1/60,蛍光灯あり,60.008 fps,60,60,1,11,ex,R,R,12,,,frame_00000.png,frame_00119.png,QR未検出,120,1.999742
ex_R_12,lockin,0,0,QR未検出,,lockin,binary,,,30.000000,30,8,1,0.758752,,0.758752,frame_00000.png,frame_00119.png,r60_e60_f1.mp4,60 Hz,1/60,蛍光灯あり,60.008 fps,60,60,1,11,ex,R,R,12,,,frame_00000.png,frame_00119.png,QR未検出,120,1.999742
ex_R_12,lockin,0,0,QR未検出,,lockin,binary,,,30.000000,50,8,1,0.682489,,0.682489,frame_00000.png,frame_00119.png,r60_e60_f1.mp4,60 Hz,1/60,蛍光灯あり,60.008 fps,60,60,1,11,ex,R,R,12,,,frame_00000.png,frame_00119.png,QR未検出,120,1.999742
ex_R_12,lockin,0,0,QR未検出,,lockin,binary,,,30.000000,70,8,1,0.649233,,0.649233,frame_00000.png,frame_00119.png,r60_e60_f1.mp4,60 Hz,1/60,蛍光灯あり,60.008 fps,60,60,1,11,ex,R,R,12,,,frame_00000.png,frame_00119.png,QR未検出,120,1.999742
ex_R_12,lockin,0,0,QR未検出,,lockin,binary,,,30.000000,901,8,1,0.813728,,0.813728,frame_00000.png,frame_00119.png,r60_e60_f1.mp4,60 Hz,1/60,蛍光灯あり,60.008 fps,60,60,1,11,ex,R,R,12,,,frame_00000.png,frame_00119.png,QR未検出,120,1.999742
ex_R_12,lockin,0,0,QR未検出,,lockin,binary,,,30.000000,902,8,1,0.519157,,0.519157,frame_00000.png,frame_00119.png,r60_e60_f1.mp4,60 Hz,1/60,蛍光灯あり,60.008 fps,60,60,1,11,ex,R,R,12,,,frame_00000.png,frame_00119.png,QR未検出,120,1.999742
ex_R_4,lockin,0,0,QR未検出,,lockin,binary,,,10.007741,30,8,1,0.644105,,0.644105,frame_00000.png,frame_00119.png,r60_e60_f1.mp4,60 Hz,1/60,蛍光灯あり,60.008 fps,60,60,1,9,ex,R,R,4,,,frame_00000.png,frame_00119.png,QR未検出,120,1.999742
ex_R_4,lockin,0,0,QR未検出,,lockin,binary,,,10.007741,50,8,1,0.644155,,0.644155,frame_00000.png,frame_00119.png,r60_e60_f1.mp4,60 Hz,1/60,蛍光灯あり,60.008 fps,60,60,1,9,ex,R,R,4,,,frame_00000.png,frame_00119.png,QR未検出,120,1.999742
ex_R_4,lockin,0,0,QR未検出,,lockin,binary,,,10.007741,70,8,1,0.644175,,0.644175,frame_00000.png,frame_00119.png,r60_e60_f1.mp4,60 Hz,1/60,蛍光灯あり,60.008 fps,60,60,1,9,ex,R,R,4,,,frame_00000.png,frame_00119.png,QR未検出,120,1.999742
ex_R_4,lockin,0,0,QR未検出,,lockin,binary,,,10.007741,901,8,1,0.682683,,0.682683,frame_00000.png,frame_00119.png,r60_e60_f1.mp4,60 Hz,1/60,蛍光灯あり,60.008 fps,60,60,1,9,ex,R,R,4,,,frame_00000.png,frame_00119.png,QR未検出,120,1.999742
ex_R_4,lockin,0,0,QR未検出,,lockin,binary,,,10.007741,902,8,1,0.553145,,0.553145,frame_00000.png,frame_00119.png,r60_e60_f1.mp4,60 Hz,1/60,蛍光灯あり,60.008 fps,60,60,1,9,ex,R,R,4,,,frame_00000.png,frame_00119.png,QR未検出,120,1.999742
ex_R_4,lockin,0,0,QR未検出,,lockin,binary,,,15.000000,30,8,1,0.644171,,0.644171,frame_00000.png,frame_00119.png,r60_e60_f1.mp4,60 Hz,1/60,蛍光灯あり,60.008 fps,60,60,1,9,ex,R,R,4,,,frame_00000.png,frame_00119.png,QR未検出,120,1.999742
ex_R_4,lockin,0,0,QR未検出,,lockin,binary,,,15.000000,50,8,1,0.644175,,0.644175,frame_00000.png,frame_00119.png,r60_e60_f1.mp4,60 Hz,1/60,蛍光灯あり,60.008 fps,60,60,1,9,ex,R,R,4,,,frame_00000.png,frame_00119.png,QR未検出,120,1.999742
ex_R_4,lockin,0,0,QR未検出,,lockin,binary,,,15.000000,70,8,1,0.644175,,0.644175,frame_00000.png,frame_00119.png,r60_e60_f1.mp4,60 Hz,1/60,蛍光灯あり,60.008 fps,60,60,1,9,ex,R,R,4,,,frame_00000.png,frame_00119.png,QR未検出,120,1.999742
ex_R_4,lockin,0,0,QR未検出,,lockin,binary,,,15.000000,901,8,1,0.690677,,0.690677,frame_00000.png,frame_00119.png,r60_e60_f1.mp4,60 Hz,1/60,蛍光灯あり,60.008 fps,60,60,1,9,ex,R,R,4,,,frame_00000.png,frame_00119.png,QR未検出,120,1.999742
ex_R_4,lockin,0,0,QR未検出,,lockin,binary,,,15.000000,902,8,1,0.605045,,0.605045,frame_00000.png,frame_00119.png,r60_e60_f1.mp4,60 Hz,1/60,蛍光灯あり,60.008 fps,60,60,1,9,ex,R,R,4,,,frame_00000.png,frame_00119.png,QR未検出,120,1.999742
ex_R_4,lockin,0,0,QR未検出,,lockin,binary,,,30.000000,30,8,1,0.683726,,0.683726,frame_00000.png,frame_00119.png,r60_e60_f1.mp4,60 Hz,1/60,蛍光灯あり,60.008 fps,60,60,1,9,ex,R,R,4,,,frame_00000.png,frame_00119.png,QR未検出,120,1.999742
ex_R_4,lockin,0,0,QR未検出,,lockin,binary,,,30.000000,50,8,1,0.655045,,0.655045,frame_00000.png,frame_00119.png,r60_e60_f1.mp4,60 Hz,1/60,蛍光灯あり,60.008 fps,60,60,1,9,ex,R,R,4,,,frame_00000.png,frame_00119.png,QR未検出,120,1.999742
ex_R_4,lockin,0,0,QR未検出,,lockin,binary,,,30.000000,70,8,1,0.647653,,0.647653,frame_00000.png,frame_00119.png,r60_e60_f1.mp4,60 Hz,1/60,蛍光灯あり,60.008 fps,60,60,1,9,ex,R,R,4,,,frame_00000.png,frame_00119.png,QR未検出,120,1.999742
ex_R_4,lockin,0,0,QR未検出,,lockin,binary,,,30.000000,901,8,1,0.705665,,0.705665,frame_00000.png,frame_00119.png,r60_e60_f1.mp4,60 Hz,1/60,蛍光灯あり,60.008 fps,60,60,1,9,ex,R,R,4,,,frame_00000.png,frame_00119.png,QR未検出,120,1.999742
ex_R_4,lockin,0,0,QR未検出,,lockin,binary,,,30.000000,902,8,1,0.562596,,0.562596,frame_00000.png,frame_00119.png,r60_e60_f1.mp4,60 Hz,1/60,蛍光灯あり,60.008 fps,60,60,1,9,ex,R,R,4,,,frame_00000.png,frame_00119.png,QR未検出,120,1.999742
ex_R_8,lockin,0,0,QR未検出,,lockin,binary,,,10.007741,30,8,1,0.644108,,0.644108,frame_00000.png,frame_00119.png,r60_e60_f1.mp4,60 Hz,1/60,蛍光灯あり,60.008 fps,60,60,1,10,ex,R,R,8,,,frame_00000.png,frame_00119.png,QR未検出,120,1.999742
ex_R_8,lockin,0,0,QR未検出,,lockin,binary,,,10.007741,50,8,1,0.644154,,0.644154,frame_00000.png,frame_00119.png,r60_e60_f1.mp4,60 Hz,1/60,蛍光灯あり,60.008 fps,60,60,1,10,ex,R,R,8,,,frame_00000.png,frame_00119.png,QR未検出,120,1.999742
ex_R_8,lockin,0,0,QR未検出,,lockin,binary,,,10.007741,70,8,1,0.644175,,0.644175,frame_00000.png,frame_00119.png,r60_e60_f1.mp4,60 Hz,1/60,蛍光灯あり,60.008 fps,60,60,1,10,ex,R,R,8,,,frame_00000.png,frame_00119.png,QR未検出,120,1.999742
ex_R_8,lockin,0,0,QR未検出,,lockin,binary,,,10.007741,901,8,1,0.715339,,0.715339,frame_00000.png,frame_00119.png,r60_e60_f1.mp4,60 Hz,1/60,蛍光灯あり,60.008 fps,60,60,1,10,ex,R,R,8,,,frame_00000.png,frame_00119.png,QR未検出,120,1.999742
ex_R_8,lockin,0,0,QR未検出,,lockin,binary,,,10.007741,902,8,1,0.544148,,0.544148,frame_00000.png,frame_00119.png,r60_e60_f1.mp4,60 Hz,1/60,蛍光灯あり,60.008 fps,60,60,1,10,ex,R,R,8,,,frame_00000.png,frame_00119.png,QR未検出,120,1.999742
ex_R_8,lockin,0,0,QR未検出,,lockin,binary,,,15.000000,30,8,1,0.644126,,0.644126,frame_00000.png,frame_00119.png,r60_e60_f1.mp4,60 Hz,1/60,蛍光灯あり,60.008 fps,60,60,1,10,ex,R,R,8,,,frame_00000.png,frame_00119.png,QR未検出,120,1.999742
ex_R_8,lockin,0,0,QR未検出,,lockin,binary,,,15.000000,50,8,1,0.644127,,0.644127,frame_00000.png,frame_00119.png,r60_e60_f1.mp4,60 Hz,1/60,蛍光灯あり,60.008 fps,60,60,1,10,ex,R,R,8,,,frame_00000.png,frame_00119.png,QR未検出,120,1.999742
ex_R_8,lockin,0,0,QR未検出,,lockin,binary,,,15.000000,70,8,1,0.644175,,0.644175,frame_00000.png,frame_00119.png,r60_e60_f1.mp4,60 Hz,1/60,蛍光灯あり,60.008 fps,60,60,1,10,ex,R,R,8,,,frame_00000.png,frame_00119.png,QR未検出,120,1.999742
ex_R_8,lockin,0,0,QR未検出,,lockin,binary,,,15.000000,901,8,1,0.722982,,0.722982,frame_00000.png,frame_00119.png,r60_e60_f1.mp4,60 Hz,1/60,蛍光灯あり,60.008 fps,60,60,1,10,ex,R,R,8,,,frame_00000.png,frame_00119.png,QR未検出,120,1.999742
ex_R_8,lockin,0,0,QR未検出,,lockin,binary,,,15.000000,902,8,1,0.553440,,0.553440,frame_00000.png,frame_00119.png,r60_e60_f1.mp4,60 Hz,1/60,蛍光灯あり,60.008 fps,60,60,1,10,ex,R,R,8,,,frame_00000.png,frame_00119.png,QR未検出,120,1.999742
ex_R_8,lockin,0,0,QR未検出,,lockin,binary,,,30.000000,30,8,1,0.716473,,0.716473,frame_00000.png,frame_00119.png,r60_e60_f1.mp4,60 Hz,1/60,蛍光灯あり,60.008 fps,60,60,1,10,ex,R,R,8,,,frame_00000.png,frame_00119.png,QR未検出,120,1.999742
ex_R_8,lockin,0,0,QR未検出,,lockin,binary,,,30.000000,50,8,1,0.669912,,0.669912,frame_00000.png,frame_00119.png,r60_e60_f1.mp4,60 Hz,1/60,蛍光灯あり,60.008 fps,60,60,1,10,ex,R,R,8,,,frame_00000.png,frame_00119.png,QR未検出,120,1.999742
ex_R_8,lockin,0,0,QR未検出,,lockin,binary,,,30.000000,70,8,1,0.649495,,0.649495,frame_00000.png,frame_00119.png,r60_e60_f1.mp4,60 Hz,1/60,蛍光灯あり,60.008 fps,60,60,1,10,ex,R,R,8,,,frame_00000.png,frame_00119.png,QR未検出,120,1.999742
ex_R_8,lockin,0,0,QR未検出,,lockin,binary,,,30.000000,901,8,1,0.740517,,0.740517,frame_00000.png,frame_00119.png,r60_e60_f1.mp4,60 Hz,1/60,蛍光灯あり,60.008 fps,60,60,1,10,ex,R,R,8,,,frame_00000.png,frame_00119.png,QR未検出,120,1.999742
ex_R_8,lockin,0,0,QR未検出,,lockin,binary,,,30.000000,902,8,1,0.566257,,0.566257,frame_00000.png,frame_00119.png,r60_e60_f1.mp4,60 Hz,1/60,蛍光灯あり,60.008 fps,60,60,1,10,ex,R,R,8,,,frame_00000.png,frame_00119.png,QR未検出,120,1.999742
ex_X_12,lockin,0,0,QR未検出,,lockin,binary,,,10.007741,30,8,1,0.644136,,0.644136,frame_00000.png,frame_00119.png,r60_e60_f1.mp4,60 Hz,1/60,蛍光灯あり,60.008 fps,60,60,1,59,ex,max,X,12,,,frame_00000.png,frame_00119.png,QR未検出,120,1.999742
ex_X_12,lockin,0,0,QR未検出,,lockin,binary,,,10.007741,50,8,1,0.644231,,0.644231,frame_00000.png,frame_00119.png,r60_e60_f1.mp4,60 Hz,1/60,蛍光灯あり,60.008 fps,60,60,1,59,ex,max,X,12,,,frame_00000.png,frame_00119.png,QR未検出,120,1.999742
ex_X_12,lockin,0,0,QR未検出,,lockin,binary,,,10.007741,70,8,1,0.644175,,0.644175,frame_00000.png,frame_00119.png,r60_e60_f1.mp4,60 Hz,1/60,蛍光灯あり,60.008 fps,60,60,1,59,ex,max,X,12,,,frame_00000.png,frame_00119.png,QR未検出,120,1.999742
ex_X_12,lockin,0,0,QR未検出,,lockin,binary,,,10.007741,901,8,1,0.736526,,0.736526,frame_00000.png,frame_00119.png,r60_e60_f1.mp4,60 Hz,1/60,蛍光灯あり,60.008 fps,60,60,1,59,ex,max,X,12,,,frame_00000.png,frame_00119.png,QR未検出,120,1.999742
ex_X_12,lockin,0,0,QR未検出,,lockin,binary,,,10.007741,902,8,1,0.517259,,0.517259,frame_00000.png,frame_00119.png,r60_e60_f1.mp4,60 Hz,1/60,蛍光灯あり,60.008 fps,60,60,1,59,ex,max,X,12,,,frame_00000.png,frame_00119.png,QR未検出,120,1.999742
ex_X_12,lockin,0,0,QR未検出,,lockin,binary,,,15.000000,30,8,1,0.644350,,0.644350,frame_00000.png,frame_00119.png,r60_e60_f1.mp4,60 Hz,1/60,蛍光灯あり,60.008 fps,60,60,1,59,ex,max,X,12,,,frame_00000.png,frame_00119.png,QR未検出,120,1.999742
ex_X_12,lockin,0,0,QR未検出,,lockin,binary,,,15.000000,50,8,1,0.644245,,0.644245,frame_00000.png,frame_00119.png,r60_e60_f1.mp4,60 Hz,1/60,蛍光灯あり,60.008 fps,60,60,1,59,ex,max,X,12,,,frame_00000.png,frame_00119.png,QR未検出,120,1.999742
ex_X_12,lockin,0,0,QR未検出,,lockin,binary,,,15.000000,70,8,1,0.644217,,0.644217,frame_00000.png,frame_00119.png,r60_e60_f1.mp4,60 Hz,1/60,蛍光灯あり,60.008 fps,60,60,1,59,ex,max,X,12,,,frame_00000.png,frame_00119.png,QR未検出,120,1.999742
ex_X_12,lockin,0,0,QR未検出,,lockin,binary,,,15.000000,901,8,1,0.734288,,0.734288,frame_00000.png,frame_00119.png,r60_e60_f1.mp4,60 Hz,1/60,蛍光灯あり,60.008 fps,60,60,1,59,ex,max,X,12,,,frame_00000.png,frame_00119.png,QR未検出,120,1.999742
ex_X_12,lockin,0,0,QR未検出,,lockin,binary,,,15.000000,902,8,1,0.538865,,0.538865,frame_00000.png,frame_00119.png,r60_e60_f1.mp4,60 Hz,1/60,蛍光灯あり,60.008 fps,60,60,1,59,ex,max,X,12,,,frame_00000.png,frame_00119.png,QR未検出,120,1.999742
ex_X_12,lockin,0,0,QR未検出,,lockin,binary,,,30.000000,30,8,1,0.767855,,0.767855,frame_00000.png,frame_00119.png,r60_e60_f1.mp4,60 Hz,1/60,蛍光灯あり,60.008 fps,60,60,1,59,ex,max,X,12,,,frame_00000.png,frame_00119.png,QR未検出,120,1.999742
ex_X_12,lockin,0,0,QR未検出,,lockin,binary,,,30.000000,50,8,1,0.711334,,0.711334,frame_00000.png,frame_00119.png,r60_e60_f1.mp4,60 Hz,1/60,蛍光灯あり,60.008 fps,60,60,1,59,ex,max,X,12,,,frame_00000.png,frame_00119.png,QR未検出,120,1.999742
ex_X_12,lockin,0,0,QR未検出,,lockin,binary,,,30.000000,70,8,1,0.677089,,0.677089,frame_00000.png,frame_00119.png,r60_e60_f1.mp4,60 Hz,1/60,蛍光灯あり,60.008 fps,60,60,1,59,ex,max,X,12,,,frame_00000.png,frame_00119.png,QR未検出,120,1.999742
ex_X_12,lockin,0,0,QR未検出,,lockin,binary,,,30.000000,901,8,1,0.778504,,0.778504,frame_00000.png,frame_00119.png,r60_e60_f1.mp4,60 Hz,1/60,蛍光灯あり,60.008 fps,60,60,1,59,ex,max,X,12,,,frame_00000.png,frame_00119.png,QR未検出,120,1.999742
ex_X_12,lockin,0,0,QR未検出,,lockin,binary,,,30.000000,902,8,1,0.532150,,0.532150,frame_00000.png,frame_00119.png,r60_e60_f1.mp4,60 Hz,1/60,蛍光灯あり,60.008 fps,60,60,1,59,ex,max,X,12,,,frame_00000.png,frame_00119.png,QR未検出,120,1.999742
ex_X_4,lockin,0,0,QR未検出,,lockin,binary,,,10.007741,30,8,1,0.644199,,0.644199,frame_00000.png,frame_00119.png,r60_e60_f1.mp4,60 Hz,1/60,蛍光灯あり,60.008 fps,60,60,1,57,ex,max,X,4,,,frame_00000.png,frame_00119.png,QR未検出,120,1.999742
ex_X_4,lockin,0,0,QR未検出,,lockin,binary,,,10.007741,50,8,1,0.644192,,0.644192,frame_00000.png,frame_00119.png,r60_e60_f1.mp4,60 Hz,1/60,蛍光灯あり,60.008 fps,60,60,1,57,ex,max,X,4,,,frame_00000.png,frame_00119.png,QR未検出,120,1.999742
ex_X_4,lockin,0,0,QR未検出,,lockin,binary,,,10.007741,70,8,1,0.644175,,0.644175,frame_00000.png,frame_00119.png,r60_e60_f1.mp4,60 Hz,1/60,蛍光灯あり,60.008 fps,60,60,1,57,ex,max,X,4,,,frame_00000.png,frame_00119.png,QR未検出,120,1.999742
ex_X_4,lockin,0,0,QR未検出,,lockin,binary,,,10.007741,901,8,1,0.714247,,0.714247,frame_00000.png,frame_00119.png,r60_e60_f1.mp4,60 Hz,1/60,蛍光灯あり,60.008 fps,60,60,1,57,ex,max,X,4,,,frame_00000.png,frame_00119.png,QR未検出,120,1.999742
ex_X_4,lockin,0,0,QR未検出,,lockin,binary,,,10.007741,902,8,1,0.526231,,0.526231,frame_00000.png,frame_00119.png,r60_e60_f1.mp4,60 Hz,1/60,蛍光灯あり,60.008 fps,60,60,1,57,ex,max,X,4,,,frame_00000.png,frame_00119.png,QR未検出,120,1.999742
ex_X_4,lockin,0,0,QR未検出,,lockin,binary,,,15.000000,30,8,1,0.644022,,0.644022,frame_00000.png,frame_00119.png,r60_e60_f1.mp4,60 Hz,1/60,蛍光灯あり,60.008 fps,60,60,1,57,ex,max,X,4,,,frame_00000.png,frame_00119.png,QR未検出,120,1.999742
ex_X_4,lockin,0,0,QR未検出,,lockin,binary,,,15.000000,50,8,1,0.644099,,0.644099,frame_00000.png,frame_00119.png,r60_e60_f1.mp4,60 Hz,1/60,蛍光灯あり,60.008 fps,60,60,1,57,ex,max,X,4,,,frame_00000.png,frame_00119.png,QR未検出,120,1.999742
ex_X_4,lockin,0,0,QR未検出,,lockin,binary,,,15.000000,70,8,1,0.644133,,0.644133,frame_00000.png,frame_00119.png,r60_e60_f1.mp4,60 Hz,1/60,蛍光灯あり,60.008 fps,60,60,1,57,ex,max,X,4,,,frame_00000.png,frame_00119.png,QR未検出,120,1.999742
ex_X_4,lockin,0,0,QR未検出,,lockin,binary,,,15.000000,901,8,1,0.724465,,0.724465,frame_00000.png,frame_00119.png,r60_e60_f1.mp4,60 Hz,1/60,蛍光灯あり,60.008 fps,60,60,1,57,ex,max,X,4,,,frame_00000.png,frame_00119.png,QR未検出,120,1.999742
ex_X_4,lockin,0,0,QR未検出,,lockin,binary,,,15.000000,902,8,1,0.532073,,0.532073,frame_00000.png,frame_00119.png,r60_e60_f1.mp4,60 Hz,1/60,蛍光灯あり,60.008 fps,60,60,1,57,ex,max,X,4,,,frame_00000.png,frame_00119.png,QR未検出,120,1.999742
ex_X_4,lockin,0,0,QR未検出,,lockin,binary,,,30.000000,30,8,1,0.720562,,0.720562,frame_00000.png,frame_00119.png,r60_e60_f1.mp4,60 Hz,1/60,蛍光灯あり,60.008 fps,60,60,1,57,ex,max,X,4,,,frame_00000.png,frame_00119.png,QR未検出,120,1.999742
ex_X_4,lockin,0,0,QR未検出,,lockin,binary,,,30.000000,50,8,1,0.667566,,0.667566,frame_00000.png,frame_00119.png,r60_e60_f1.mp4,60 Hz,1/60,蛍光灯あり,60.008 fps,60,60,1,57,ex,max,X,4,,,frame_00000.png,frame_00119.png,QR未検出,120,1.999742
ex_X_4,lockin,0,0,QR未検出,,lockin,binary,,,30.000000,70,8,1,0.648794,,0.648794,frame_00000.png,frame_00119.png,r60_e60_f1.mp4,60 Hz,1/60,蛍光灯あり,60.008 fps,60,60,1,57,ex,max,X,4,,,frame_00000.png,frame_00119.png,QR未検出,120,1.999742
ex_X_4,lockin,0,0,QR未検出,,lockin,binary,,,30.000000,901,8,1,0.751445,,0.751445,frame_00000.png,frame_00119.png,r60_e60_f1.mp4,60 Hz,1/60,蛍光灯あり,60.008 fps,60,60,1,57,ex,max,X,4,,,frame_00000.png,frame_00119.png,QR未検出,120,1.999742
ex_X_4,lockin,0,0,QR未検出,,lockin,binary,,,30.000000,902,8,1,0.566993,,0.566993,frame_00000.png,frame_00119.png,r60_e60_f1.mp4,60 Hz,1/60,蛍光灯あり,60.008 fps,60,60,1,57,ex,max,X,4,,,frame_00000.png,frame_00119.png,QR未検出,120,1.999742
ex_X_8,lockin,0,0,QR未検出,,lockin,binary,,,10.007741,30,8,1,0.644108,,0.644108,frame_00000.png,frame_00119.png,r60_e60_f1.mp4,60 Hz,1/60,蛍光灯あり,60.008 fps,60,60,1,58,ex,max,X,8,,,frame_00000.png,frame_00119.png,QR未検出,120,1.999742
ex_X_8,lockin,0,0,QR未検出,,lockin,binary,,,10.007741,50,8,1,0.644175,,0.644175,frame_00000.png,frame_00119.png,r60_e60_f1.mp4,60 Hz,1/60,蛍光灯あり,60.008 fps,60,60,1,58,ex,max,X,8,,,frame_00000.png,frame_00119.png,QR未検出,120,1.999742
ex_X_8,lockin,0,0,QR未検出,,lockin,binary,,,10.007741,70,8,1,0.644175,,0.644175,frame_00000.png,frame_00119.png,r60_e60_f1.mp4,60 Hz,1/60,蛍光灯あり,60.008 fps,60,60,1,58,ex,max,X,8,,,frame_00000.png,frame_00119.png,QR未検出,120,1.999742
ex_X_8,lockin,0,0,QR未検出,,lockin,binary,,,10.007741,901,8,1,0.740951,,0.740951,frame_00000.png,frame_00119.png,r60_e60_f1.mp4,60 Hz,1/60,蛍光灯あり,60.008 fps,60,60,1,58,ex,max,X,8,,,frame_00000.png,frame_00119.png,QR未検出,120,1.999742
ex_X_8,lockin,0,0,QR未検出,,lockin,binary,,,10.007741,902,8,1,0.501879,,0.501879,frame_00000.png,frame_00119.png,r60_e60_f1.mp4,60 Hz,1/60,蛍光灯あり,60.008 fps,60,60,1,58,ex,max,X,8,,,frame_00000.png,frame_00119.png,QR未検出,120,1.999742
ex_X_8,lockin,0,0,QR未検出,,lockin,binary,,,15.000000,30,8,1,0.643809,,0.643809,frame_00000.png,frame_00119.png,r60_e60_f1.mp4,60 Hz,1/60,蛍光灯あり,60.008 fps,60,60,1,58,ex,max,X,8,,,frame_00000.png,frame_00119.png,QR未検出,120,1.999742
ex_X_8,lockin,0,0,QR未検出,,lockin,binary,,,15.000000,50,8,1,0.644215,,0.644215,frame_00000.png,frame_00119.png,r60_e60_f1.mp4,60 Hz,1/60,蛍光灯あり,60.008 fps,60,60,1,58,ex,max,X,8,,,frame_00000.png,frame_00119.png,QR未検出,120,1.999742
ex_X_8,lockin,0,0,QR未検出,,lockin,binary,,,15.000000,70,8,1,0.644175,,0.644175,frame_00000.png,frame_00119.png,r60_e60_f1.mp4,60 Hz,1/60,蛍光灯あり,60.008 fps,60,60,1,58,ex,max,X,8,,,frame_00000.png,frame_00119.png,QR未検出,120,1.999742
ex_X_8,lockin,0,0,QR未検出,,lockin,binary,,,15.000000,901,8,1,0.729886,,0.729886,frame_00000.png,frame_00119.png,r60_e60_f1.mp4,60 Hz,1/60,蛍光灯あり,60.008 fps,60,60,1,58,ex,max,X,8,,,frame_00000.png,frame_00119.png,QR未検出,120,1.999742
ex_X_8,lockin,0,0,QR未検出,,lockin,binary,,,15.000000,902,8,1,0.565919,,0.565919,frame_00000.png,frame_00119.png,r60_e60_f1.mp4,60 Hz,1/60,蛍光灯あり,60.008 fps,60,60,1,58,ex,max,X,8,,,frame_00000.png,frame_00119.png,QR未検出,120,1.999742
ex_X_8,lockin,0,0,QR未検出,,lockin,binary,,,30.000000,30,8,1,0.786299,,0.786299,frame_00000.png,frame_00119.png,r60_e60_f1.mp4,60 Hz,1/60,蛍光灯あり,60.008 fps,60,60,1,58,ex,max,X,8,,,frame_00000.png,frame_00119.png,QR未検出,120,1.999742
ex_X_8,lockin,0,0,QR未検出,,lockin,binary,,,30.000000,50,8,1,0.716774,,0.716774,frame_00000.png,frame_00119.png,r60_e60_f1.mp4,60 Hz,1/60,蛍光灯あり,60.008 fps,60,60,1,58,ex,max,X,8,,,frame_00000.png,frame_00119.png,QR未検出,120,1.999742
ex_X_8,lockin,0,0,QR未検出,,lockin,binary,,,30.000000,70,8,1,0.669426,,0.669426,frame_00000.png,frame_00119.png,r60_e60_f1.mp4,60 Hz,1/60,蛍光灯あり,60.008 fps,60,60,1,58,ex,max,X,8,,,frame_00000.png,frame_00119.png,QR未検出,120,1.999742
ex_X_8,lockin,0,0,QR未検出,,lockin,binary,,,30.000000,901,8,1,0.806339,,0.806339,frame_00000.png,frame_00119.png,r60_e60_f1.mp4,60 Hz,1/60,蛍光灯あり,60.008 fps,60,60,1,58,ex,max,X,8,,,frame_00000.png,frame_00119.png,QR未検出,120,1.999742
ex_X_8,lockin,0,0,QR未検出,,lockin,binary,,,30.000000,902,8,1,0.520709,,0.520709,frame_00000.png,frame_00119.png,r60_e60_f1.mp4,60 Hz,1/60,蛍光灯あり,60.008 fps,60,60,1,58,ex,max,X,8,,,frame_00000.png,frame_00119.png,QR未検出,120,1.999742
hocho_B_12,lockin,0,0,QR未検出,,lockin,binary,,,10.007741,30,8,1,0.644005,,0.644005,frame_00000.png,frame_00119.png,r60_e60_f1.mp4,60 Hz,1/60,蛍光灯あり,60.008 fps,60,60,1,32,hocho,B,B,12,,,frame_00000.png,frame_00119.png,QR未検出,120,1.999742
hocho_B_12,lockin,0,0,QR未検出,,lockin,binary,,,10.007741,50,8,1,0.644175,,0.644175,frame_00000.png,frame_00119.png,r60_e60_f1.mp4,60 Hz,1/60,蛍光灯あり,60.008 fps,60,60,1,32,hocho,B,B,12,,,frame_00000.png,frame_00119.png,QR未検出,120,1.999742
hocho_B_12,lockin,0,0,QR未検出,,lockin,binary,,,10.007741,70,8,1,0.644175,,0.644175,frame_00000.png,frame_00119.png,r60_e60_f1.mp4,60 Hz,1/60,蛍光灯あり,60.008 fps,60,60,1,32,hocho,B,B,12,,,frame_00000.png,frame_00119.png,QR未検出,120,1.999742
hocho_B_12,lockin,0,0,QR未検出,,lockin,binary,,,10.007741,901,8,1,0.674937,,0.674937,frame_00000.png,frame_00119.png,r60_e60_f1.mp4,60 Hz,1/60,蛍光灯あり,60.008 fps,60,60,1,32,hocho,B,B,12,,,frame_00000.png,frame_00119.png,QR未検出,120,1.999742
hocho_B_12,lockin,0,0,QR未検出,,lockin,binary,,,10.007741,902,8,1,0.521255,,0.521255,frame_00000.png,frame_00119.png,r60_e60_f1.mp4,60 Hz,1/60,蛍光灯あり,60.008 fps,60,60,1,32,hocho,B,B,12,,,frame_00000.png,frame_00119.png,QR未検出,120,1.999742
hocho_B_12,lockin,0,0,QR未検出,,lockin,binary,,,15.000000,30,8,1,0.644134,,0.644134,frame_00000.png,frame_00119.png,r60_e60_f1.mp4,60 Hz,1/60,蛍光灯あり,60.008 fps,60,60,1,32,hocho,B,B,12,,,frame_00000.png,frame_00119.png,QR未検出,120,1.999742
hocho_B_12,lockin,0,0,QR未検出,,lockin,binary,,,15.000000,50,8,1,0.644175,,0.644175,frame_00000.png,frame_00119.png,r60_e60_f1.mp4,60 Hz,1/60,蛍光灯あり,60.008 fps,60,60,1,32,hocho,B,B,12,,,frame_00000.png,frame_00119.png,QR未検出,120,1.999742
hocho_B_12,lockin,0,0,QR未検出,,lockin,binary,,,15.000000,70,8,1,0.644175,,0.644175,frame_00000.png,frame_00119.png,r60_e60_f1.mp4,60 Hz,1/60,蛍光灯あり,60.008 fps,60,60,1,32,hocho,B,B,12,,,frame_00000.png,frame_00119.png,QR未検出,120,1.999742
hocho_B_12,lockin,0,0,QR未検出,,lockin,binary,,,15.000000,901,8,1,0.690583,,0.690583,frame_00000.png,frame_00119.png,r60_e60_f1.mp4,60 Hz,1/60,蛍光灯あり,60.008 fps,60,60,1,32,hocho,B,B,12,,,frame_00000.png,frame_00119.png,QR未検出,120,1.999742
hocho_B_12,lockin,0,0,QR未検出,,lockin,binary,,,15.000000,902,8,1,0.535343,,0.535343,frame_00000.png,frame_00119.png,r60_e60_f1.mp4,60 Hz,1/60,蛍光灯あり,60.008 fps,60,60,1,32,hocho,B,B,12,,,frame_00000.png,frame_00119.png,QR未検出,120,1.999742
hocho_B_12,lockin,0,0,QR未検出,,lockin,binary,,,30.000000,30,8,1,0.684170,,0.684170,frame_00000.png,frame_00119.png,r60_e60_f1.mp4,60 Hz,1/60,蛍光灯あり,60.008 fps,60,60,1,32,hocho,B,B,12,,,frame_00000.png,frame_00119.png,QR未検出,120,1.999742
hocho_B_12,lockin,0,0,QR未検出,,lockin,binary,,,30.000000,50,8,1,0.656529,,0.656529,frame_00000.png,frame_00119.png,r60_e60_f1.mp4,60 Hz,1/60,蛍光灯あり,60.008 fps,60,60,1,32,hocho,B,B,12,,,frame_00000.png,frame_00119.png,QR未検出,120,1.999742
hocho_B_12,lockin,0,0,QR未検出,,lockin,binary,,,30.000000,70,8,1,0.648365,,0.648365,frame_00000.png,frame_00119.png,r60_e60_f1.mp4,60 Hz,1/60,蛍光灯あり,60.008 fps,60,60,1,32,hocho,B,B,12,,,frame_00000.png,frame_00119.png,QR未検出,120,1.999742
hocho_B_12,lockin,0,0,QR未検出,,lockin,binary,,,30.000000,901,8,1,0.773178,,0.773178,frame_00000.png,frame_00119.png,r60_e60_f1.mp4,60 Hz,1/60,蛍光灯あり,60.008 fps,60,60,1,32,hocho,B,B,12,,,frame_00000.png,frame_00119.png,QR未検出,120,1.999742
hocho_B_12,lockin,0,0,QR未検出,,lockin,binary,,,30.000000,902,8,1,0.546475,,0.546475,frame_00000.png,frame_00119.png,r60_e60_f1.mp4,60 Hz,1/60,蛍光灯あり,60.008 fps,60,60,1,32,hocho,B,B,12,,,frame_00000.png,frame_00119.png,QR未検出,120,1.999742
hocho_B_4,lockin,0,0,QR未検出,,lockin,binary,,,10.007741,30,8,1,0.644112,,0.644112,frame_00000.png,frame_00119.png,r60_e60_f1.mp4,60 Hz,1/60,蛍光灯あり,60.008 fps,60,60,1,30,hocho,B,B,4,,,frame_00000.png,frame_00119.png,QR未検出,120,1.999742
hocho_B_4,lockin,1,0,QR未検出,,lockin,binary,,,10.007741,50,8,1,0.644175,,0.644175,frame_00000.png,frame_00119.png,r60_e60_f1.mp4,60 Hz,1/60,蛍光灯あり,60.008 fps,60,60,1,30,hocho,B,B,4,,,frame_00000.png,frame_00119.png,QR未検出,120,1.999742
hocho_B_4,lockin,0,0,QR未検出,,lockin,binary,,,10.007741,70,8,1,0.644175,,0.644175,frame_00000.png,frame_00119.png,r60_e60_f1.mp4,60 Hz,1/60,蛍光灯あり,60.008 fps,60,60,1,30,hocho,B,B,4,,,frame_00000.png,frame_00119.png,QR未検出,120,1.999742
hocho_B_4,lockin,0,0,QR未検出,,lockin,binary,,,10.007741,901,8,1,0.609920,,0.609920,frame_00000.png,frame_00119.png,r60_e60_f1.mp4,60 Hz,1/60,蛍光灯あり,60.008 fps,60,60,1,30,hocho,B,B,4,,,frame_00000.png,frame_00119.png,QR未検出,120,1.999742
hocho_B_4,lockin,0,0,QR未検出,,lockin,binary,,,10.007741,902,8,1,0.550641,,0.550641,frame_00000.png,frame_00119.png,r60_e60_f1.mp4,60 Hz,1/60,蛍光灯あり,60.008 fps,60,60,1,30,hocho,B,B,4,,,frame_00000.png,frame_00119.png,QR未検出,120,1.999742
hocho_B_4,lockin,0,0,QR未検出,,lockin,binary,,,15.000000,30,8,1,0.644168,,0.644168,frame_00000.png,frame_00119.png,r60_e60_f1.mp4,60 Hz,1/60,蛍光灯あり,60.008 fps,60,60,1,30,hocho,B,B,4,,,frame_00000.png,frame_00119.png,QR未検出,120,1.999742
hocho_B_4,lockin,0,0,QR未検出,,lockin,binary,,,15.000000,50,8,1,0.644175,,0.644175,frame_00000.png,frame_00119.png,r60_e60_f1.mp4,60 Hz,1/60,蛍光灯あり,60.008 fps,60,60,1,30,hocho,B,B,4,,,frame_00000.png,frame_00119.png,QR未検出,120,1.999742
hocho_B_4,lockin,0,0,QR未検出,,lockin,binary,,,15.000000,70,8,1,0.644175,,0.644175,frame_00000.png,frame_00119.png,r60_e60_f1.mp4,60 Hz,1/60,蛍光灯あり,60.008 fps,60,60,1,30,hocho,B,B,4,,,frame_00000.png,frame_00119.png,QR未検出,120,1.999742
hocho_B_4,lockin,0,0,QR未検出,,lockin,binary,,,15.000000,901,8,1,0.615195,,0.615195,frame_00000.png,frame_00119.png,r60_e60_f1.mp4,60 Hz,1/60,蛍光灯あり,60.008 fps,60,60,1,30,hocho,B,B,4,,,frame_00000.png,frame_00119.png,QR未検出,120,1.999742
hocho_B_4,lockin,0,0,QR未検出,,lockin,binary,,,15.000000,902,8,1,0.564283,,0.564283,frame_00000.png,frame_00119.png,r60_e60_f1.mp4,60 Hz,1/60,蛍光灯あり,60.008 fps,60,60,1,30,hocho,B,B,4,,,frame_00000.png,frame_00119.png,QR未検出,120,1.999742
hocho_B_4,lockin,0,0,QR未検出,,lockin,binary,,,30.000000,30,8,1,0.643753,,0.643753,frame_00000.png,frame_00119.png,r60_e60_f1.mp4,60 Hz,1/60,蛍光灯あり,60.008 fps,60,60,1,30,hocho,B,B,4,,,frame_00000.png,frame_00119.png,QR未検出,120,1.999742
hocho_B_4,lockin,0,0,QR未検出,,lockin,binary,,,30.000000,50,8,1,0.644131,,0.644131,frame_00000.png,frame_00119.png,r60_e60_f1.mp4,60 Hz,1/60,蛍光灯あり,60.008 fps,60,60,1,30,hocho,B,B,4,,,frame_00000.png,frame_00119.png,QR未検出,120,1.999742
hocho_B_4,lockin,0,0,QR未検出,,lockin,binary,,,30.000000,70,8,1,0.644175,,0.644175,frame_00000.png,frame_00119.png,r60_e60_f1.mp4,60 Hz,1/60,蛍光灯あり,60.008 fps,60,60,1,30,hocho,B,B,4,,,frame_00000.png,frame_00119.png,QR未検出,120,1.999742
hocho_B_4,lockin,0,0,QR未検出,,lockin,binary,,,30.000000,901,8,1,0.631220,,0.631220,frame_00000.png,frame_00119.png,r60_e60_f1.mp4,60 Hz,1/60,蛍光灯あり,60.008 fps,60,60,1,30,hocho,B,B,4,,,frame_00000.png,frame_00119.png,QR未検出,120,1.999742
hocho_B_4,lockin,0,0,QR未検出,,lockin,binary,,,30.000000,902,8,1,0.540216,,0.540216,frame_00000.png,frame_00119.png,r60_e60_f1.mp4,60 Hz,1/60,蛍光灯あり,60.008 fps,60,60,1,30,hocho,B,B,4,,,frame_00000.png,frame_00119.png,QR未検出,120,1.999742
hocho_B_8,lockin,0,0,QR未検出,,lockin,binary,,,10.007741,30,8,1,0.644183,,0.644183,frame_00000.png,frame_00119.png,r60_e60_f1.mp4,60 Hz,1/60,蛍光灯あり,60.008 fps,60,60,1,31,hocho,B,B,8,,,frame_00000.png,frame_00119.png,QR未検出,120,1.999742
hocho_B_8,lockin,0,0,QR未検出,,lockin,binary,,,10.007741,50,8,1,0.644175,,0.644175,frame_00000.png,frame_00119.png,r60_e60_f1.mp4,60 Hz,1/60,蛍光灯あり,60.008 fps,60,60,1,31,hocho,B,B,8,,,frame_00000.png,frame_00119.png,QR未検出,120,1.999742
hocho_B_8,lockin,0,0,QR未検出,,lockin,binary,,,10.007741,70,8,1,0.644175,,0.644175,frame_00000.png,frame_00119.png,r60_e60_f1.mp4,60 Hz,1/60,蛍光灯あり,60.008 fps,60,60,1,31,hocho,B,B,8,,,frame_00000.png,frame_00119.png,QR未検出,120,1.999742
hocho_B_8,lockin,0,0,QR未検出,,lockin,binary,,,10.007741,901,8,1,0.610542,,0.610542,frame_00000.png,frame_00119.png,r60_e60_f1.mp4,60 Hz,1/60,蛍光灯あり,60.008 fps,60,60,1,31,hocho,B,B,8,,,frame_00000.png,frame_00119.png,QR未検出,120,1.999742
hocho_B_8,lockin,0,0,QR未検出,,lockin,binary,,,10.007741,902,8,1,0.584208,,0.584208,frame_00000.png,frame_00119.png,r60_e60_f1.mp4,60 Hz,1/60,蛍光灯あり,60.008 fps,60,60,1,31,hocho,B,B,8,,,frame_00000.png,frame_00119.png,QR未検出,120,1.999742
hocho_B_8,lockin,0,0,QR未検出,,lockin,binary,,,15.000000,30,8,1,0.644218,,0.644218,frame_00000.png,frame_00119.png,r60_e60_f1.mp4,60 Hz,1/60,蛍光灯あり,60.008 fps,60,60,1,31,hocho,B,B,8,,,frame_00000.png,frame_00119.png,QR未検出,120,1.999742
hocho_B_8,lockin,0,0,QR未検出,,lockin,binary,,,15.000000,50,8,1,0.644194,,0.644194,frame_00000.png,frame_00119.png,r60_e60_f1.mp4,60 Hz,1/60,蛍光灯あり,60.008 fps,60,60,1,31,hocho,B,B,8,,,frame_00000.png,frame_00119.png,QR未検出,120,1.999742
hocho_B_8,lockin,0,0,QR未検出,,lockin,binary,,,15.000000,70,8,1,0.644175,,0.644175,frame_00000.png,frame_00119.png,r60_e60_f1.mp4,60 Hz,1/60,蛍光灯あり,60.008 fps,60,60,1,31,hocho,B,B,8,,,frame_00000.png,frame_00119.png,QR未検出,120,1.999742
hocho_B_8,lockin,0,0,QR未検出,,lockin,binary,,,15.000000,901,8,1,0.607232,,0.607232,frame_00000.png,frame_00119.png,r60_e60_f1.mp4,60 Hz,1/60,蛍光灯あり,60.008 fps,60,60,1,31,hocho,B,B,8,,,frame_00000.png,frame_00119.png,QR未検出,120,1.999742
hocho_B_8,lockin,0,0,QR未検出,,lockin,binary,,,15.000000,902,8,1,0.608301,,0.608301,frame_00000.png,frame_00119.png,r60_e60_f1.mp4,60 Hz,1/60,蛍光灯あり,60.008 fps,60,60,1,31,hocho,B,B,8,,,frame_00000.png,frame_00119.png,QR未検出,120,1.999742
hocho_B_8,lockin,0,0,QR未検出,,lockin,binary,,,30.000000,30,8,1,0.644259,,0.644259,frame_00000.png,frame_00119.png,r60_e60_f1.mp4,60 Hz,1/60,蛍光灯あり,60.008 fps,60,60,1,31,hocho,B,B,8,,,frame_00000.png,frame_00119.png,QR未検出,120,1.999742
hocho_B_8,lockin,0,0,QR未検出,,lockin,binary,,,30.000000,50,8,1,0.644213,,0.644213,frame_00000.png,frame_00119.png,r60_e60_f1.mp4,60 Hz,1/60,蛍光灯あり,60.008 fps,60,60,1,31,hocho,B,B,8,,,frame_00000.png,frame_00119.png,QR未検出,120,1.999742
hocho_B_8,lockin,0,0,QR未検出,,lockin,binary,,,30.000000,70,8,1,0.644194,,0.644194,frame_00000.png,frame_00119.png,r60_e60_f1.mp4,60 Hz,1/60,蛍光灯あり,60.008 fps,60,60,1,31,hocho,B,B,8,,,frame_00000.png,frame_00119.png,QR未検出,120,1.999742
hocho_B_8,lockin,0,0,QR未検出,,lockin,binary,,,30.000000,901,8,1,0.655399,,0.655399,frame_00000.png,frame_00119.png,r60_e60_f1.mp4,60 Hz,1/60,蛍光灯あり,60.008 fps,60,60,1,31,hocho,B,B,8,,,frame_00000.png,frame_00119.png,QR未検出,120,1.999742
hocho_B_8,lockin,0,0,QR未検出,,lockin,binary,,,30.000000,902,8,1,0.645620,,0.645620,frame_00000.png,frame_00119.png,r60_e60_f1.mp4,60 Hz,1/60,蛍光灯あり,60.008 fps,60,60,1,31,hocho,B,B,8,,,frame_00000.png,frame_00119.png,QR未検出,120,1.999742
hocho_G_12,lockin,0,0,QR未検出,,lockin,binary,,,10.007741,30,8,1,0.644175,,0.644175,frame_00000.png,frame_00119.png,r60_e60_f1.mp4,60 Hz,1/60,蛍光灯あり,60.008 fps,60,60,1,20,hocho,G,G,12,,,frame_00000.png,frame_00119.png,QR未検出,120,1.999742
hocho_G_12,lockin,0,0,QR未検出,,lockin,binary,,,10.007741,50,8,1,0.644175,,0.644175,frame_00000.png,frame_00119.png,r60_e60_f1.mp4,60 Hz,1/60,蛍光灯あり,60.008 fps,60,60,1,20,hocho,G,G,12,,,frame_00000.png,frame_00119.png,QR未検出,120,1.999742
hocho_G_12,lockin,0,0,QR未検出,,lockin,binary,,,10.007741,70,8,1,0.644175,,0.644175,frame_00000.png,frame_00119.png,r60_e60_f1.mp4,60 Hz,1/60,蛍光灯あり,60.008 fps,60,60,1,20,hocho,G,G,12,,,frame_00000.png,frame_00119.png,QR未検出,120,1.999742
hocho_G_12,lockin,0,0,QR未検出,,lockin,binary,,,10.007741,901,8,1,0.732727,,0.732727,frame_00000.png,frame_00119.png,r60_e60_f1.mp4,60 Hz,1/60,蛍光灯あり,60.008 fps,60,60,1,20,hocho,G,G,12,,,frame_00000.png,frame_00119.png,QR未検出,120,1.999742
hocho_G_12,lockin,0,0,QR未検出,,lockin,binary,,,10.007741,902,8,1,0.583601,,0.583601,frame_00000.png,frame_00119.png,r60_e60_f1.mp4,60 Hz,1/60,蛍光灯あり,60.008 fps,60,60,1,20,hocho,G,G,12,,,frame_00000.png,frame_00119.png,QR未検出,120,1.999742
hocho_G_12,lockin,0,0,QR未検出,,lockin,binary,,,15.000000,30,8,1,0.644175,,0.644175,frame_00000.png,frame_00119.png,r60_e60_f1.mp4,60 Hz,1/60,蛍光灯あり,60.008 fps,60,60,1,20,hocho,G,G,12,,,frame_00000.png,frame_00119.png,QR未検出,120,1.999742
hocho_G_12,lockin,0,0,QR未検出,,lockin,binary,,,15.000000,50,8,1,0.644175,,0.644175,frame_00000.png,frame_00119.png,r60_e60_f1.mp4,60 Hz,1/60,蛍光灯あり,60.008 fps,60,60,1,20,hocho,G,G,12,,,frame_00000.png,frame_00119.png,QR未検出,120,1.999742
hocho_G_12,lockin,0,0,QR未検出,,lockin,binary,,,15.000000,70,8,1,0.644175,,0.644175,frame_00000.png,frame_00119.png,r60_e60_f1.mp4,60 Hz,1/60,蛍光灯あり,60.008 fps,60,60,1,20,hocho,G,G,12,,,frame_00000.png,frame_00119.png,QR未検出,120,1.999742
hocho_G_12,lockin,0,0,QR未検出,,lockin,binary,,,15.000000,901,8,1,0.733595,,0.733595,frame_00000.png,frame_00119.png,r60_e60_f1.mp4,60 Hz,1/60,蛍光灯あり,60.008 fps,60,60,1,20,hocho,G,G,12,,,frame_00000.png,frame_00119.png,QR未検出,120,1.999742
hocho_G_12,lockin,0,0,QR未検出,,lockin,binary,,,15.000000,902,8,1,0.599234,,0.599234,frame_00000.png,frame_00119.png,r60_e60_f1.mp4,60 Hz,1/60,蛍光灯あり,60.008 fps,60,60,1,20,hocho,G,G,12,,,frame_00000.png,frame_00119.png,QR未検出,120,1.999742
hocho_G_12,lockin,0,0,QR未検出,,lockin,binary,,,30.000000,30,8,1,0.746950,,0.746950,frame_00000.png,frame_00119.png,r60_e60_f1.mp4,60 Hz,1/60,蛍光灯あり,60.008 fps,60,60,1,20,hocho,G,G,12,,,frame_00000.png,frame_00119.png,QR未検出,120,1.999742
hocho_G_12,lockin,0,0,QR未検出,,lockin,binary,,,30.000000,50,8,1,0.701287,,0.701287,frame_00000.png,frame_00119.png,r60_e60_f1.mp4,60 Hz,1/60,蛍光灯あり,60.008 fps,60,60,1,20,hocho,G,G,12,,,frame_00000.png,frame_00119.png,QR未検出,120,1.999742
hocho_G_12,lockin,0,0,QR未検出,,lockin,binary,,,30.000000,70,8,1,0.676860,,0.676860,frame_00000.png,frame_00119.png,r60_e60_f1.mp4,60 Hz,1/60,蛍光灯あり,60.008 fps,60,60,1,20,hocho,G,G,12,,,frame_00000.png,frame_00119.png,QR未検出,120,1.999742
hocho_G_12,lockin,0,0,QR未検出,,lockin,binary,,,30.000000,901,8,1,0.759812,,0.759812,frame_00000.png,frame_00119.png,r60_e60_f1.mp4,60 Hz,1/60,蛍光灯あり,60.008 fps,60,60,1,20,hocho,G,G,12,,,frame_00000.png,frame_00119.png,QR未検出,120,1.999742
hocho_G_12,lockin,0,0,QR未検出,,lockin,binary,,,30.000000,902,8,1,0.515082,,0.515082,frame_00000.png,frame_00119.png,r60_e60_f1.mp4,60 Hz,1/60,蛍光灯あり,60.008 fps,60,60,1,20,hocho,G,G,12,,,frame_00000.png,frame_00119.png,QR未検出,120,1.999742
hocho_G_4,lockin,0,0,QR未検出,,lockin,binary,,,10.007741,30,8,1,0.644178,,0.644178,frame_00000.png,frame_00119.png,r60_e60_f1.mp4,60 Hz,1/60,蛍光灯あり,60.008 fps,60,60,1,18,hocho,G,G,4,,,frame_00000.png,frame_00119.png,QR未検出,120,1.999742
hocho_G_4,lockin,0,0,QR未検出,,lockin,binary,,,10.007741,50,8,1,0.644175,,0.644175,frame_00000.png,frame_00119.png,r60_e60_f1.mp4,60 Hz,1/60,蛍光灯あり,60.008 fps,60,60,1,18,hocho,G,G,4,,,frame_00000.png,frame_00119.png,QR未検出,120,1.999742
hocho_G_4,lockin,0,0,QR未検出,,lockin,binary,,,10.007741,70,8,1,0.644175,,0.644175,frame_00000.png,frame_00119.png,r60_e60_f1.mp4,60 Hz,1/60,蛍光灯あり,60.008 fps,60,60,1,18,hocho,G,G,4,,,frame_00000.png,frame_00119.png,QR未検出,120,1.999742
hocho_G_4,lockin,0,0,QR未検出,,lockin,binary,,,10.007741,901,8,1,0.647812,,0.647812,frame_00000.png,frame_00119.png,r60_e60_f1.mp4,60 Hz,1/60,蛍光灯あり,60.008 fps,60,60,1,18,hocho,G,G,4,,,frame_00000.png,frame_00119.png,QR未検出,120,1.999742
hocho_G_4,lockin,0,0,QR未検出,,lockin,binary,,,10.007741,902,8,1,0.531737,,0.531737,frame_00000.png,frame_00119.png,r60_e60_f1.mp4,60 Hz,1/60,蛍光灯あり,60.008 fps,60,60,1,18,hocho,G,G,4,,,frame_00000.png,frame_00119.png,QR未検出,120,1.999742
hocho_G_4,lockin,0,0,QR未検出,,lockin,binary,,,15.000000,30,8,1,0.644150,,0.644150,frame_00000.png,frame_00119.png,r60_e60_f1.mp4,60 Hz,1/60,蛍光灯あり,60.008 fps,60,60,1,18,hocho,G,G,4,,,frame_00000.png,frame_00119.png,QR未検出,120,1.999742
hocho_G_4,lockin,0,0,QR未検出,,lockin,binary,,,15.000000,50,8,1,0.644175,,0.644175,frame_00000.png,frame_00119.png,r60_e60_f1.mp4,60 Hz,1/60,蛍光灯あり,60.008 fps,60,60,1,18,hocho,G,G,4,,,frame_00000.png,frame_00119.png,QR未検出,120,1.999742
hocho_G_4,lockin,0,0,QR未検出,,lockin,binary,,,15.000000,70,8,1,0.644175,,0.644175,frame_00000.png,frame_00119.png,r60_e60_f1.mp4,60 Hz,1/60,蛍光灯あり,60.008 fps,60,60,1,18,hocho,G,G,4,,,frame_00000.png,frame_00119.png,QR未検出,120,1.999742
hocho_G_4,lockin,0,0,QR未検出,,lockin,binary,,,15.000000,901,8,1,0.652836,,0.652836,frame_00000.png,frame_00119.png,r60_e60_f1.mp4,60 Hz,1/60,蛍光灯あり,60.008 fps,60,60,1,18,hocho,G,G,4,,,frame_00000.png,frame_00119.png,QR未検出,120,1.999742
hocho_G_4,lockin,0,0,QR未検出,,lockin,binary,,,15.000000,902,8,1,0.593847,,0.593847,frame_00000.png,frame_00119.png,r60_e60_f1.mp4,60 Hz,1/60,蛍光灯あり,60.008 fps,60,60,1,18,hocho,G,G,4,,,frame_00000.png,frame_00119.png,QR未検出,120,1.999742
hocho_G_4,lockin,0,0,QR未検出,,lockin,binary,,,30.000000,30,8,1,0.684893,,0.684893,frame_00000.png,frame_00119.png,r60_e60_f1.mp4,60 Hz,1/60,蛍光灯あり,60.008 fps,60,60,1,18,hocho,G,G,4,,,frame_00000.png,frame_00119.png,QR未検出,120,1.999742
hocho_G_4,lockin,0,0,QR未検出,,lockin,binary,,,30.000000,50,8,1,0.662474,,0.662474,frame_00000.png,frame_00119.png,r60_e60_f1.mp4,60 Hz,1/60,蛍光灯あり,60.008 fps,60,60,1,18,hocho,G,G,4,,,frame_00000.png,frame_00119.png,QR未検出,120,1.999742
hocho_G_4,lockin,0,0,QR未検出,,lockin,binary,,,30.000000,70,8,1,0.647181,,0.647181,frame_00000.png,frame_00119.png,r60_e60_f1.mp4,60 Hz,1/60,蛍光灯あり,60.008 fps,60,60,1,18,hocho,G,G,4,,,frame_00000.png,frame_00119.png,QR未検出,120,1.999742
hocho_G_4,lockin,0,0,QR未検出,,lockin,binary,,,30.000000,901,8,1,0.696644,,0.696644,frame_00000.png,frame_00119.png,r60_e60_f1.mp4,60 Hz,1/60,蛍光灯あり,60.008 fps,60,60,1,18,hocho,G,G,4,,,frame_00000.png,frame_00119.png,QR未検出,120,1.999742
hocho_G_4,lockin,0,0,QR未検出,,lockin,binary,,,30.000000,902,8,1,0.621065,,0.621065,frame_00000.png,frame_00119.png,r60_e60_f1.mp4,60 Hz,1/60,蛍光灯あり,60.008 fps,60,60,1,18,hocho,G,G,4,,,frame_00000.png,frame_00119.png,QR未検出,120,1.999742
hocho_G_8,lockin,0,0,QR未検出,,lockin,binary,,,10.007741,30,8,1,0.644183,,0.644183,frame_00000.png,frame_00119.png,r60_e60_f1.mp4,60 Hz,1/60,蛍光灯あり,60.008 fps,60,60,1,19,hocho,G,G,8,,,frame_00000.png,frame_00119.png,QR未検出,120,1.999742
hocho_G_8,lockin,0,0,QR未検出,,lockin,binary,,,10.007741,50,8,1,0.644175,,0.644175,frame_00000.png,frame_00119.png,r60_e60_f1.mp4,60 Hz,1/60,蛍光灯あり,60.008 fps,60,60,1,19,hocho,G,G,8,,,frame_00000.png,frame_00119.png,QR未検出,120,1.999742
hocho_G_8,lockin,0,0,QR未検出,,lockin,binary,,,10.007741,70,8,1,0.644175,,0.644175,frame_00000.png,frame_00119.png,r60_e60_f1.mp4,60 Hz,1/60,蛍光灯あり,60.008 fps,60,60,1,19,hocho,G,G,8,,,frame_00000.png,frame_00119.png,QR未検出,120,1.999742
hocho_G_8,lockin,0,0,QR未検出,,lockin,binary,,,10.007741,901,8,1,0.687143,,0.687143,frame_00000.png,frame_00119.png,r60_e60_f1.mp4,60 Hz,1/60,蛍光灯あり,60.008 fps,60,60,1,19,hocho,G,G,8,,,frame_00000.png,frame_00119.png,QR未検出,120,1.999742
hocho_G_8,lockin,0,0,QR未検出,,lockin,binary,,,10.007741,902,8,1,0.542046,,0.542046,frame_00000.png,frame_00119.png,r60_e60_f1.mp4,60 Hz,1/60,蛍光灯あり,60.008 fps,60,60,1,19,hocho,G,G,8,,,frame_00000.png,frame_00119.png,QR未検出,120,1.999742
hocho_G_8,lockin,0,0,QR未検出,,lockin,binary,,,15.000000,30,8,1,0.644201,,0.644201,frame_00000.png,frame_00119.png,r60_e60_f1.mp4,60 Hz,1/60,蛍光灯あり,60.008 fps,60,60,1,19,hocho,G,G,8,,,frame_00000.png,frame_00119.png,QR未検出,120,1.999742
hocho_G_8,lockin,0,0,QR未検出,,lockin,binary,,,15.000000,50,8,1,0.644175,,0.644175,frame_00000.png,frame_00119.png,r60_e60_f1.mp4,60 Hz,1/60,蛍光灯あり,60.008 fps,60,60,1,19,hocho,G,G,8,,,frame_00000.png,frame_00119.png,QR未検出,120,1.999742
hocho_G_8,lockin,0,0,QR未検出,,lockin,binary,,,15.000000,70,8,1,0.644175,,0.644175,frame_00000.png,frame_00119.png,r60_e60_f1.mp4,60 Hz,1/60,蛍光灯あり,60.008 fps,60,60,1,19,hocho,G,G,8,,,frame_00000.png,frame_00119.png,QR未検出,120,1.999742
hocho_G_8,lockin,0,0,QR未検出,,lockin,binary,,,15.000000,901,8,1,0.708449,,0.708449,frame_00000.png,frame_00119.png,r60_e60_f1.mp4,60 Hz,1/60,蛍光灯あり,60.008 fps,60,60,1,19,hocho,G,G,8,,,frame_00000.png,frame_00119.png,QR未検出,120,1.999742
hocho_G_8,lockin,0,0,QR未検出,,lockin,binary,,,15.000000,902,8,1,0.563219,,0.563219,frame_00000.png,frame_00119.png,r60_e60_f1.mp4,60 Hz,1/60,蛍光灯あり,60.008 fps,60,60,1,19,hocho,G,G,8,,,frame_00000.png,frame_00119.png,QR未検出,120,1.999742
hocho_G_8,lockin,0,0,QR未検出,,lockin,binary,,,30.000000,30,8,1,0.703112,,0.703112,frame_00000.png,frame_00119.png,r60_e60_f1.mp4,60 Hz,1/60,蛍光灯あり,60.008 fps,60,60,1,19,hocho,G,G,8,,,frame_00000.png,frame_00119.png,QR未検出,120,1.999742
hocho_G_8,lockin,0,0,QR未検出,,lockin,binary,,,30.000000,50,8,1,0.676738,,0.676738,frame_00000.png,frame_00119.png,r60_e60_f1.mp4,60 Hz,1/60,蛍光灯あり,60.008 fps,60,60,1,19,hocho,G,G,8,,,frame_00000.png,frame_00119.png,QR未検出,120,1.999742
hocho_G_8,lockin,0,0,QR未検出,,lockin,binary,,,30.000000,70,8,1,0.658903,,0.658903,frame_00000.png,frame_00119.png,r60_e60_f1.mp4,60 Hz,1/60,蛍光灯あり,60.008 fps,60,60,1,19,hocho,G,G,8,,,frame_00000.png,frame_00119.png,QR未検出,120,1.999742
hocho_G_8,lockin,0,0,QR未検出,,lockin,binary,,,30.000000,901,8,1,0.714030,,0.714030,frame_00000.png,frame_00119.png,r60_e60_f1.mp4,60 Hz,1/60,蛍光灯あり,60.008 fps,60,60,1,19,hocho,G,G,8,,,frame_00000.png,frame_00119.png,QR未検出,120,1.999742
hocho_G_8,lockin,0,0,QR未検出,,lockin,binary,,,30.000000,902,8,1,0.585911,,0.585911,frame_00000.png,frame_00119.png,r60_e60_f1.mp4,60 Hz,1/60,蛍光灯あり,60.008 fps,60,60,1,19,hocho,G,G,8,,,frame_00000.png,frame_00119.png,QR未検出,120,1.999742
hocho_I_12,lockin,0,0,QR未検出,,lockin,binary,,,10.007741,30,8,1,0.644372,,0.644372,frame_00000.png,frame_00119.png,r60_e60_f1.mp4,60 Hz,1/60,蛍光灯あり,60.008 fps,60,60,1,44,hocho,min,I,12,,,frame_00000.png,frame_00119.png,QR未検出,120,1.999742
hocho_I_12,lockin,0,0,QR未検出,,lockin,binary,,,10.007741,50,8,1,0.644162,,0.644162,frame_00000.png,frame_00119.png,r60_e60_f1.mp4,60 Hz,1/60,蛍光灯あり,60.008 fps,60,60,1,44,hocho,min,I,12,,,frame_00000.png,frame_00119.png,QR未検出,120,1.999742
hocho_I_12,lockin,0,0,QR未検出,,lockin,binary,,,10.007741,70,8,1,0.644175,,0.644175,frame_00000.png,frame_00119.png,r60_e60_f1.mp4,60 Hz,1/60,蛍光灯あり,60.008 fps,60,60,1,44,hocho,min,I,12,,,frame_00000.png,frame_00119.png,QR未検出,120,1.999742
hocho_I_12,lockin,0,0,QR未検出,,lockin,binary,,,10.007741,901,8,1,0.737968,,0.737968,frame_00000.png,frame_00119.png,r60_e60_f1.mp4,60 Hz,1/60,蛍光灯あり,60.008 fps,60,60,1,44,hocho,min,I,12,,,frame_00000.png,frame_00119.png,QR未検出,120,1.999742
hocho_I_12,lockin,0,0,QR未検出,,lockin,binary,,,10.007741,902,8,1,0.517621,,0.517621,frame_00000.png,frame_00119.png,r60_e60_f1.mp4,60 Hz,1/60,蛍光灯あり,60.008 fps,60,60,1,44,hocho,min,I,12,,,frame_00000.png,frame_00119.png,QR未検出,120,1.999742
hocho_I_12,lockin,0,0,QR未検出,,lockin,binary,,,15.000000,30,8,1,0.644220,,0.644220,frame_00000.png,frame_00119.png,r60_e60_f1.mp4,60 Hz,1/60,蛍光灯あり,60.008 fps,60,60,1,44,hocho,min,I,12,,,frame_00000.png,frame_00119.png,QR未検出,120,1.999742
hocho_I_12,lockin,0,0,QR未検出,,lockin,binary,,,15.000000,50,8,1,0.644189,,0.644189,frame_00000.png,frame_00119.png,r60_e60_f1.mp4,60 Hz,1/60,蛍光灯あり,60.008 fps,60,60,1,44,hocho,min,I,12,,,frame_00000.png,frame_00119.png,QR未検出,120,1.999742
hocho_I_12,lockin,0,0,QR未検出,,lockin,binary,,,15.000000,70,8,1,0.644175,,0.644175,frame_00000.png,frame_00119.png,r60_e60_f1.mp4,60 Hz,1/60,蛍光灯あり,60.008 fps,60,60,1,44,hocho,min,I,12,,,frame_00000.png,frame_00119.png,QR未検出,120,1.999742
hocho_I_12,lockin,0,0,QR未検出,,lockin,binary,,,15.000000,901,8,1,0.748660,,0.748660,frame_00000.png,frame_00119.png,r60_e60_f1.mp4,60 Hz,1/60,蛍光灯あり,60.008 fps,60,60,1,44,hocho,min,I,12,,,frame_00000.png,frame_00119.png,QR未検出,120,1.999742
hocho_I_12,lockin,0,0,QR未検出,,lockin,binary,,,15.000000,902,8,1,0.503386,,0.503386,frame_00000.png,frame_00119.png,r60_e60_f1.mp4,60 Hz,1/60,蛍光灯あり,60.008 fps,60,60,1,44,hocho,min,I,12,,,frame_00000.png,frame_00119.png,QR未検出,120,1.999742
hocho_I_12,lockin,0,0,QR未検出,,lockin,binary,,,30.000000,30,8,1,0.716088,,0.716088,frame_00000.png,frame_00119.png,r60_e60_f1.mp4,60 Hz,1/60,蛍光灯あり,60.008 fps,60,60,1,44,hocho,min,I,12,,,frame_00000.png,frame_00119.png,QR未検出,120,1.999742
hocho_I_12,lockin,0,0,QR未検出,,lockin,binary,,,30.000000,50,8,1,0.661902,,0.661902,frame_00000.png,frame_00119.png,r60_e60_f1.mp4,60 Hz,1/60,蛍光灯あり,60.008 fps,60,60,1,44,hocho,min,I,12,,,frame_00000.png,frame_00119.png,QR未検出,120,1.999742
hocho_I_12,lockin,0,0,QR未検出,,lockin,binary,,,30.000000,70,8,1,0.644815,,0.644815,frame_00000.png,frame_00119.png,r60_e60_f1.mp4,60 Hz,1/60,蛍光灯あり,60.008 fps,60,60,1,44,hocho,min,I,12,,,frame_00000.png,frame_00119.png,QR未検出,120,1.999742
hocho_I_12,lockin,0,0,QR未検出,,lockin,binary,,,30.000000,901,8,1,0.856459,,0.856459,frame_00000.png,frame_00119.png,r60_e60_f1.mp4,60 Hz,1/60,蛍光灯あり,60.008 fps,60,60,1,44,hocho,min,I,12,,,frame_00000.png,frame_00119.png,QR未検出,120,1.999742
hocho_I_12,lockin,0,0,QR未検出,,lockin,binary,,,30.000000,902,8,1,0.534050,,0.534050,frame_00000.png,frame_00119.png,r60_e60_f1.mp4,60 Hz,1/60,蛍光灯あり,60.008 fps,60,60,1,44,hocho,min,I,12,,,frame_00000.png,frame_00119.png,QR未検出,120,1.999742
hocho_I_4,lockin,0,0,QR未検出,,lockin,binary,,,10.007741,30,8,1,0.644141,,0.644141,frame_00000.png,frame_00119.png,r60_e60_f1.mp4,60 Hz,1/60,蛍光灯あり,60.008 fps,60,60,1,42,hocho,min,I,4,,,frame_00000.png,frame_00119.png,QR未検出,120,1.999742
hocho_I_4,lockin,0,0,QR未検出,,lockin,binary,,,10.007741,50,8,1,0.644175,,0.644175,frame_00000.png,frame_00119.png,r60_e60_f1.mp4,60 Hz,1/60,蛍光灯あり,60.008 fps,60,60,1,42,hocho,min,I,4,,,frame_00000.png,frame_00119.png,QR未検出,120,1.999742
hocho_I_4,lockin,0,0,QR未検出,,lockin,binary,,,10.007741,70,8,1,0.644175,,0.644175,frame_00000.png,frame_00119.png,r60_e60_f1.mp4,60 Hz,1/60,蛍光灯あり,60.008 fps,60,60,1,42,hocho,min,I,4,,,frame_00000.png,frame_00119.png,QR未検出,120,1.999742
hocho_I_4,lockin,0,0,QR未検出,,lockin,binary,,,10.007741,901,8,1,0.619300,,0.619300,frame_00000.png,frame_00119.png,r60_e60_f1.mp4,60 Hz,1/60,蛍光灯あり,60.008 fps,60,60,1,42,hocho,min,I,4,,,frame_00000.png,frame_00119.png,QR未検出,120,1.999742
hocho_I_4,lockin,0,0,QR未検出,,lockin,binary,,,10.007741,902,8,1,0.517203,,0.517203,frame_00000.png,frame_00119.png,r60_e60_f1.mp4,60 Hz,1/60,蛍光灯あり,60.008 fps,60,60,1,42,hocho,min,I,4,,,frame_00000.png,frame_00119.png,QR未検出,120,1.999742
hocho_I_4,lockin,0,0,QR未検出,,lockin,binary,,,15.000000,30,8,1,0.644159,,0.644159,frame_00000.png,frame_00119.png,r60_e60_f1.mp4,60 Hz,1/60,蛍光灯あり,60.008 fps,60,60,1,42,hocho,min,I,4,,,frame_00000.png,frame_00119.png,QR未検出,120,1.999742
hocho_I_4,lockin,0,0,QR未検出,,lockin,binary,,,15.000000,50,8,1,0.644161,,0.644161,frame_00000.png,frame_00119.png,r60_e60_f1.mp4,60 Hz,1/60,蛍光灯あり,60.008 fps,60,60,1,42,hocho,min,I,4,,,frame_00000.png,frame_00119.png,QR未検出,120,1.999742
hocho_I_4,lockin,0,0,QR未検出,,lockin,binary,,,15.000000,70,8,1,0.644175,,0.644175,frame_00000.png,frame_00119.png,r60_e60_f1.mp4,60 Hz,1/60,蛍光灯あり,60.008 fps,60,60,1,42,hocho,min,I,4,,,frame_00000.png,frame_00119.png,QR未検出,120,1.999742
hocho_I_4,lockin,0,0,QR未検出,,lockin,binary,,,15.000000,901,8,1,0.617840,,0.617840,frame_00000.png,frame_00119.png,r60_e60_f1.mp4,60 Hz,1/60,蛍光灯あり,60.008 fps,60,60,1,42,hocho,min,I,4,,,frame_00000.png,frame_00119.png,QR未検出,120,1.999742
hocho_I_4,lockin,0,0,QR未検出,,lockin,binary,,,15.000000,902,8,1,0.534661,,0.534661,frame_00000.png,frame_00119.png,r60_e60_f1.mp4,60 Hz,1/60,蛍光灯あり,60.008 fps,60,60,1,42,hocho,min,I,4,,,frame_00000.png,frame_00119.png,QR未検出,120,1.999742
hocho_I_4,lockin,0,0,QR未検出,,lockin,binary,,,30.000000,30,8,1,0.645244,,0.645244,frame_00000.png,frame_00119.png,r60_e60_f1.mp4,60 Hz,1/60,蛍光灯あり,60.008 fps,60,60,1,42,hocho,min,I,4,,,frame_00000.png,frame_00119.png,QR未検出,120,1.999742
hocho_I_4,lockin,0,0,QR未検出,,lockin,binary,,,30.000000,50,8,1,0.644269,,0.644269,frame_00000.png,frame_00119.png,r60_e60_f1.mp4,60 Hz,1/60,蛍光灯あり,60.008 fps,60,60,1,42,hocho,min,I,4,,,frame_00000.png,frame_00119.png,QR未検出,120,1.999742
hocho_I_4,lockin,0,0,QR未検出,,lockin,binary,,,30.000000,70,8,1,0.644203,,0.644203,frame_00000.png,frame_00119.png,r60_e60_f1.mp4,60 Hz,1/60,蛍光灯あり,60.008 fps,60,60,1,42,hocho,min,I,4,,,frame_00000.png,frame_00119.png,QR未検出,120,1.999742
hocho_I_4,lockin,0,0,QR未検出,,lockin,binary,,,30.000000,901,8,1,0.674923,,0.674923,frame_00000.png,frame_00119.png,r60_e60_f1.mp4,60 Hz,1/60,蛍光灯あり,60.008 fps,60,60,1,42,hocho,min,I,4,,,frame_00000.png,frame_00119.png,QR未検出,120,1.999742
hocho_I_4,lockin,0,0,QR未検出,,lockin,binary,,,30.000000,902,8,1,0.631182,,0.631182,frame_00000.png,frame_00119.png,r60_e60_f1.mp4,60 Hz,1/60,蛍光灯あり,60.008 fps,60,60,1,42,hocho,min,I,4,,,frame_00000.png,frame_00119.png,QR未検出,120,1.999742
hocho_I_8,lockin,0,0,QR未検出,,lockin,binary,,,10.007741,30,8,1,0.644140,,0.644140,frame_00000.png,frame_00119.png,r60_e60_f1.mp4,60 Hz,1/60,蛍光灯あり,60.008 fps,60,60,1,43,hocho,min,I,8,,,frame_00000.png,frame_00119.png,QR未検出,120,1.999742
hocho_I_8,lockin,0,0,QR未検出,,lockin,binary,,,10.007741,50,8,1,0.644175,,0.644175,frame_00000.png,frame_00119.png,r60_e60_f1.mp4,60 Hz,1/60,蛍光灯あり,60.008 fps,60,60,1,43,hocho,min,I,8,,,frame_00000.png,frame_00119.png,QR未検出,120,1.999742
hocho_I_8,lockin,0,0,QR未検出,,lockin,binary,,,10.007741,70,8,1,0.644175,,0.644175,frame_00000.png,frame_00119.png,r60_e60_f1.mp4,60 Hz,1/60,蛍光灯あり,60.008 fps,60,60,1,43,hocho,min,I,8,,,frame_00000.png,frame_00119.png,QR未検出,120,1.999742
hocho_I_8,lockin,0,0,QR未検出,,lockin,binary,,,10.007741,901,8,1,0.649270,,0.649270,frame_00000.png,frame_00119.png,r60_e60_f1.mp4,60 Hz,1/60,蛍光灯あり,60.008 fps,60,60,1,43,hocho,min,I,8,,,frame_00000.png,frame_00119.png,QR未検出,120,1.999742
hocho_I_8,lockin,0,0,QR未検出,,lockin,binary,,,10.007741,902,8,1,0.533134,,0.533134,frame_00000.png,frame_00119.png,r60_e60_f1.mp4,60 Hz,1/60,蛍光灯あり,60.008 fps,60,60,1,43,hocho,min,I,8,,,frame_00000.png,frame_00119.png,QR未検出,120,1.999742
hocho_I_8,lockin,0,0,QR未検出,,lockin,binary,,,15.000000,30,8,1,0.644147,,0.644147,frame_00000.png,frame_00119.png,r60_e60_f1.mp4,60 Hz,1/60,蛍光灯あり,60.008 fps,60,60,1,43,hocho,min,I,8,,,frame_00000.png,frame_00119.png,QR未検出,120,1.999742
hocho_I_8,lockin,0,0,QR未検出,,lockin,binary,,,15.000000,50,8,1,0.644176,,0.644176,frame_00000.png,frame_00119.png,r60_e60_f1.mp4,60 Hz,1/60,蛍光灯あり,60.008 fps,60,60,1,43,hocho,min,I,8,,,frame_00000.png,frame_00119.png,QR未検出,120,1.999742
hocho_I_8,lockin,0,0,QR未検出,,lockin,binary,,,15.000000,70,8,1,0.644175,,0.644175,frame_00000.png,frame_00119.png,r60_e60_f1.mp4,60 Hz,1/60,蛍光灯あり,60.008 fps,60,60,1,43,hocho,min,I,8,,,frame_00000.png,frame_00119.png,QR未検出,120,1.999742
hocho_I_8,lockin,0,0,QR未検出,,lockin,binary,,,15.000000,901,8,1,0.654293,,0.654293,frame_00000.png,frame_00119.png,r60_e60_f1.mp4,60 Hz,1/60,蛍光灯あり,60.008 fps,60,60,1,43,hocho,min,I,8,,,frame_00000.png,frame_00119.png,QR未検出,120,1.999742
hocho_I_8,lockin,0,0,QR未検出,,lockin,binary,,,15.000000,902,8,1,0.522410,,0.522410,frame_00000.png,frame_00119.png,r60_e60_f1.mp4,60 Hz,1/60,蛍光灯あり,60.008 fps,60,60,1,43,hocho,min,I,8,,,frame_00000.png,frame_00119.png,QR未検出,120,1.999742
hocho_I_8,lockin,0,0,QR未検出,,lockin,binary,,,30.000000,30,8,1,0.668199,,0.668199,frame_00000.png,frame_00119.png,r60_e60_f1.mp4,60 Hz,1/60,蛍光灯あり,60.008 fps,60,60,1,43,hocho,min,I,8,,,frame_00000.png,frame_00119.png,QR未検出,120,1.999742
hocho_I_8,lockin,0,0,QR未検出,,lockin,binary,,,30.000000,50,8,1,0.648087,,0.648087,frame_00000.png,frame_00119.png,r60_e60_f1.mp4,60 Hz,1/60,蛍光灯あり,60.008 fps,60,60,1,43,hocho,min,I,8,,,frame_00000.png,frame_00119.png,QR未検出,120,1.999742
hocho_I_8,lockin,0,0,QR未検出,,lockin,binary,,,30.000000,70,8,1,0.644444,,0.644444,frame_00000.png,frame_00119.png,r60_e60_f1.mp4,60 Hz,1/60,蛍光灯あり,60.008 fps,60,60,1,43,hocho,min,I,8,,,frame_00000.png,frame_00119.png,QR未検出,120,1.999742
hocho_I_8,lockin,0,0,QR未検出,,lockin,binary,,,30.000000,901,8,1,0.704678,,0.704678,frame_00000.png,frame_00119.png,r60_e60_f1.mp4,60 Hz,1/60,蛍光灯あり,60.008 fps,60,60,1,43,hocho,min,I,8,,,frame_00000.png,frame_00119.png,QR未検出,120,1.999742
hocho_I_8,lockin,0,0,QR未検出,,lockin,binary,,,30.000000,902,8,1,0.609557,,0.609557,frame_00000.png,frame_00119.png,r60_e60_f1.mp4,60 Hz,1/60,蛍光灯あり,60.008 fps,60,60,1,43,hocho,min,I,8,,,frame_00000.png,frame_00119.png,QR未検出,120,1.999742
hocho_R_12,lockin,0,0,QR未検出,,lockin,binary,,,10.007741,30,8,1,0.644105,,0.644105,frame_00000.png,frame_00119.png,r60_e60_f1.mp4,60 Hz,1/60,蛍光灯あり,60.008 fps,60,60,1,8,hocho,R,R,12,,,frame_00000.png,frame_00119.png,QR未検出,120,1.999742
hocho_R_12,lockin,0,0,QR未検出,,lockin,binary,,,10.007741,50,8,1,0.644175,,0.644175,frame_00000.png,frame_00119.png,r60_e60_f1.mp4,60 Hz,1/60,蛍光灯あり,60.008 fps,60,60,1,8,hocho,R,R,12,,,frame_00000.png,frame_00119.png,QR未検出,120,1.999742
hocho_R_12,lockin,0,0,QR未検出,,lockin,binary,,,10.007741,70,8,1,0.644175,,0.644175,frame_00000.png,frame_00119.png,r60_e60_f1.mp4,60 Hz,1/60,蛍光灯あり,60.008 fps,60,60,1,8,hocho,R,R,12,,,frame_00000.png,frame_00119.png,QR未検出,120,1.999742
hocho_R_12,lockin,0,0,QR未検出,,lockin,binary,,,10.007741,901,8,1,0.709626,,0.709626,frame_00000.png,frame_00119.png,r60_e60_f1.mp4,60 Hz,1/60,蛍光灯あり,60.008 fps,60,60,1,8,hocho,R,R,12,,,frame_00000.png,frame_00119.png,QR未検出,120,1.999742
hocho_R_12,lockin,0,0,QR未検出,,lockin,binary,,,10.007741,902,8,1,0.505057,,0.505057,frame_00000.png,frame_00119.png,r60_e60_f1.mp4,60 Hz,1/60,蛍光灯あり,60.008 fps,60,60,1,8,hocho,R,R,12,,,frame_00000.png,frame_00119.png,QR未検出,120,1.999742
hocho_R_12,lockin,0,0,QR未検出,,lockin,binary,,,15.000000,30,8,1,0.644108,,0.644108,frame_00000.png,frame_00119.png,r60_e60_f1.mp4,60 Hz,1/60,蛍光灯あり,60.008 fps,60,60,1,8,hocho,R,R,12,,,frame_00000.png,frame_00119.png,QR未検出,120,1.999742
hocho_R_12,lockin,0,0,QR未検出,,lockin,binary,,,15.000000,50,8,1,0.644147,,0.644147,frame_00000.png,frame_00119.png,r60_e60_f1.mp4,60 Hz,1/60,蛍光灯あり,60.008 fps,60,60,1,8,hocho,R,R,12,,,frame_00000.png,frame_00119.png,QR未検出,120,1.999742
hocho_R_12,lockin,0,0,QR未検出,,lockin,binary,,,15.000000,70,8,1,0.644175,,0.644175,frame_00000.png,frame_00119.png,r60_e60_f1.mp4,60 Hz,1/60,蛍光灯あり,60.008 fps,60,60,1,8,hocho,R,R,12,,,frame_00000.png,frame_00119.png,QR未検出,120,1.999742
hocho_R_12,lockin,0,0,QR未検出,,lockin,binary,,,15.000000,901,8,1,0.711647,,0.711647,frame_00000.png,frame_00119.png,r60_e60_f1.mp4,60 Hz,1/60,蛍光灯あり,60.008 fps,60,60,1,8,hocho,R,R,12,,,frame_00000.png,frame_00119.png,QR未検出,120,1.999742
hocho_R_12,lockin,0,0,QR未検出,,lockin,binary,,,15.000000,902,8,1,0.510673,,0.510673,frame_00000.png,frame_00119.png,r60_e60_f1.mp4,60 Hz,1/60,蛍光灯あり,60.008 fps,60,60,1,8,hocho,R,R,12,,,frame_00000.png,frame_00119.png,QR未検出,120,1.999742
hocho_R_12,lockin,0,0,QR未検出,,lockin,binary,,,30.000000,30,8,1,0.743269,,0.743269,frame_00000.png,frame_00119.png,r60_e60_f1.mp4,60 Hz,1/60,蛍光灯あり,60.008 fps,60,60,1,8,hocho,R,R,12,,,frame_00000.png,frame_00119.png,QR未検出,120,1.999742
hocho_R_12,lockin,0,0,QR未検出,,lockin,binary,,,30.000000,50,8,1,0.687134,,0.687134,frame_00000.png,frame_00119.png,r60_e60_f1.mp4,60 Hz,1/60,蛍光灯あり,60.008 fps,60,60,1,8,hocho,R,R,12,,,frame_00000.png,frame_00119.png,QR未検出,120,1.999742
hocho_R_12,lockin,0,0,QR未検出,,lockin,binary,,,30.000000,70,8,1,0.647443,,0.647443,frame_00000.png,frame_00119.png,r60_e60_f1.mp4,60 Hz,1/60,蛍光灯あり,60.008 fps,60,60,1,8,hocho,R,R,12,,,frame_00000.png,frame_00119.png,QR未検出,120,1.999742
hocho_R_12,lockin,0,0,QR未検出,,lockin,binary,,,30.000000,901,8,1,0.774830,,0.774830,frame_00000.png,frame_00119.png,r60_e60_f1.mp4,60 Hz,1/60,蛍光灯あり,60.008 fps,60,60,1,8,hocho,R,R,12,,,frame_00000.png,frame_00119.png,QR未検出,120,1.999742
hocho_R_12,lockin,0,0,QR未検出,,lockin,binary,,,30.000000,902,8,1,0.535786,,0.535786,frame_00000.png,frame_00119.png,r60_e60_f1.mp4,60 Hz,1/60,蛍光灯あり,60.008 fps,60,60,1,8,hocho,R,R,12,,,frame_00000.png,frame_00119.png,QR未検出,120,1.999742
hocho_R_4,lockin,0,0,QR未検出,,lockin,binary,,,10.007741,30,8,1,0.644189,,0.644189,frame_00000.png,frame_00119.png,r60_e60_f1.mp4,60 Hz,1/60,蛍光灯あり,60.008 fps,60,60,1,6,hocho,R,R,4,,,frame_00000.png,frame_00119.png,QR未検出,120,1.999742
hocho_R_4,lockin,0,0,QR未検出,,lockin,binary,,,10.007741,50,8,1,0.644175,,0.644175,frame_00000.png,frame_00119.png,r60_e60_f1.mp4,60 Hz,1/60,蛍光灯あり,60.008 fps,60,60,1,6,hocho,R,R,4,,,frame_00000.png,frame_00119.png,QR未検出,120,1.999742
hocho_R_4,lockin,0,0,QR未検出,,lockin,binary,,,10.007741,70,8,1,0.644175,,0.644175,frame_00000.png,frame_00119.png,r60_e60_f1.mp4,60 Hz,1/60,蛍光灯あり,60.008 fps,60,60,1,6,hocho,R,R,4,,,frame_00000.png,frame_00119.png,QR未検出,120,1.999742
hocho_R_4,lockin,0,0,QR未検出,,lockin,binary,,,10.007741,901,8,1,0.608275,,0.608275,frame_00000.png,frame_00119.png,r60_e60_f1.mp4,60 Hz,1/60,蛍光灯あり,60.008 fps,60,60,1,6,hocho,R,R,4,,,frame_00000.png,frame_00119.png,QR未検出,120,1.999742
hocho_R_4,lockin,0,0,QR未検出,,lockin,binary,,,10.007741,902,8,1,0.546753,,0.546753,frame_00000.png,frame_00119.png,r60_e60_f1.mp4,60 Hz,1/60,蛍光灯あり,60.008 fps,60,60,1,6,hocho,R,R,4,,,frame_00000.png,frame_00119.png,QR未検出,120,1.999742
hocho_R_4,lockin,0,0,QR未検出,,lockin,binary,,,15.000000,30,8,1,0.644187,,0.644187,frame_00000.png,frame_00119.png,r60_e60_f1.mp4,60 Hz,1/60,蛍光灯あり,60.008 fps,60,60,1,6,hocho,R,R,4,,,frame_00000.png,frame_00119.png,QR未検出,120,1.999742
hocho_R_4,lockin,0,0,QR未検出,,lockin,binary,,,15.000000,50,8,1,0.644175,,0.644175,frame_00000.png,frame_00119.png,r60_e60_f1.mp4,60 Hz,1/60,蛍光灯あり,60.008 fps,60,60,1,6,hocho,R,R,4,,,frame_00000.png,frame_00119.png,QR未検出,120,1.999742
hocho_R_4,lockin,0,0,QR未検出,,lockin,binary,,,15.000000,70,8,1,0.644175,,0.644175,frame_00000.png,frame_00119.png,r60_e60_f1.mp4,60 Hz,1/60,蛍光灯あり,60.008 fps,60,60,1,6,hocho,R,R,4,,,frame_00000.png,frame_00119.png,QR未検出,120,1.999742
hocho_R_4,lockin,0,0,QR未検出,,lockin,binary,,,15.000000,901,8,1,0.607236,,0.607236,frame_00000.png,frame_00119.png,r60_e60_f1.mp4,60 Hz,1/60,蛍光灯あり,60.008 fps,60,60,1,6,hocho,R,R,4,,,frame_00000.png,frame_00119.png,QR未検出,120,1.999742
hocho_R_4,lockin,0,0,QR未検出,,lockin,binary,,,15.000000,902,8,1,0.551241,,0.551241,frame_00000.png,frame_00119.png,r60_e60_f1.mp4,60 Hz,1/60,蛍光灯あり,60.008 fps,60,60,1,6,hocho,R,R,4,,,frame_00000.png,frame_00119.png,QR未検出,120,1.999742
hocho_R_4,lockin,0,0,QR未検出,,lockin,binary,,,30.000000,30,8,1,0.644341,,0.644341,frame_00000.png,frame_00119.png,r60_e60_f1.mp4,60 Hz,1/60,蛍光灯あり,60.008 fps,60,60,1,6,hocho,R,R,4,,,frame_00000.png,frame_00119.png,QR未検出,120,1.999742
hocho_R_4,lockin,0,0,QR未検出,,lockin,binary,,,30.000000,50,8,1,0.644273,,0.644273,frame_00000.png,frame_00119.png,r60_e60_f1.mp4,60 Hz,1/60,蛍光灯あり,60.008 fps,60,60,1,6,hocho,R,R,4,,,frame_00000.png,frame_00119.png,QR未検出,120,1.999742
hocho_R_4,lockin,0,0,QR未検出,,lockin,binary,,,30.000000,70,8,1,0.644236,,0.644236,frame_00000.png,frame_00119.png,r60_e60_f1.mp4,60 Hz,1/60,蛍光灯あり,60.008 fps,60,60,1,6,hocho,R,R,4,,,frame_00000.png,frame_00119.png,QR未検出,120,1.999742
hocho_R_4,lockin,0,0,QR未検出,,lockin,binary,,,30.000000,901,8,1,0.678300,,0.678300,frame_00000.png,frame_00119.png,r60_e60_f1.mp4,60 Hz,1/60,蛍光灯あり,60.008 fps,60,60,1,6,hocho,R,R,4,,,frame_00000.png,frame_00119.png,QR未検出,120,1.999742
hocho_R_4,lockin,0,0,QR未検出,,lockin,binary,,,30.000000,902,8,1,0.640012,,0.640012,frame_00000.png,frame_00119.png,r60_e60_f1.mp4,60 Hz,1/60,蛍光灯あり,60.008 fps,60,60,1,6,hocho,R,R,4,,,frame_00000.png,frame_00119.png,QR未検出,120,1.999742
hocho_R_8,lockin,0,0,QR未検出,,lockin,binary,,,10.007741,30,8,1,0.644280,,0.644280,frame_00000.png,frame_00119.png,r60_e60_f1.mp4,60 Hz,1/60,蛍光灯あり,60.008 fps,60,60,1,7,hocho,R,R,8,,,frame_00000.png,frame_00119.png,QR未検出,120,1.999742
hocho_R_8,lockin,0,0,QR未検出,,lockin,binary,,,10.007741,50,8,1,0.644175,,0.644175,frame_00000.png,frame_00119.png,r60_e60_f1.mp4,60 Hz,1/60,蛍光灯あり,60.008 fps,60,60,1,7,hocho,R,R,8,,,frame_00000.png,frame_00119.png,QR未検出,120,1.999742
hocho_R_8,lockin,0,0,QR未検出,,lockin,binary,,,10.007741,70,8,1,0.644175,,0.644175,frame_00000.png,frame_00119.png,r60_e60_f1.mp4,60 Hz,1/60,蛍光灯あり,60.008 fps,60,60,1,7,hocho,R,R,8,,,frame_00000.png,frame_00119.png,QR未検出,120,1.999742
hocho_R_8,lockin,0,0,QR未検出,,lockin,binary,,,10.007741,901,8,1,0.628552,,0.628552,frame_00000.png,frame_00119.png,r60_e60_f1.mp4,60 Hz,1/60,蛍光灯あり,60.008 fps,60,60,1,7,hocho,R,R,8,,,frame_00000.png,frame_00119.png,QR未検出,120,1.999742
hocho_R_8,lockin,0,0,QR未検出,,lockin,binary,,,10.007741,902,8,1,0.538234,,0.538234,frame_00000.png,frame_00119.png,r60_e60_f1.mp4,60 Hz,1/60,蛍光灯あり,60.008 fps,60,60,1,7,hocho,R,R,8,,,frame_00000.png,frame_00119.png,QR未検出,120,1.999742
hocho_R_8,lockin,0,0,QR未検出,,lockin,binary,,,15.000000,30,8,1,0.644098,,0.644098,frame_00000.png,frame_00119.png,r60_e60_f1.mp4,60 Hz,1/60,蛍光灯あり,60.008 fps,60,60,1,7,hocho,R,R,8,,,frame_00000.png,frame_00119.png,QR未検出,120,1.999742
hocho_R_8,lockin,0,0,QR未検出,,lockin,binary,,,15.000000,50,8,1,0.644157,,0.644157,frame_00000.png,frame_00119.png,r60_e60_f1.mp4,60 Hz,1/60,蛍光灯あり,60.008 fps,60,60,1,7,hocho,R,R,8,,,frame_00000.png,frame_00119.png,QR未検出,120,1.999742
hocho_R_8,lockin,0,0,QR未検出,,lockin,binary,,,15.000000,70,8,1,0.644175,,0.644175,frame_00000.png,frame_00119.png,r60_e60_f1.mp4,60 Hz,1/60,蛍光灯あり,60.008 fps,60,60,1,7,hocho,R,R,8,,,frame_00000.png,frame_00119.png,QR未検出,120,1.999742
hocho_R_8,lockin,0,0,QR未検出,,lockin,binary,,,15.000000,901,8,1,0.636534,,0.636534,frame_00000.png,frame_00119.png,r60_e60_f1.mp4,60 Hz,1/60,蛍光灯あり,60.008 fps,60,60,1,7,hocho,R,R,8,,,frame_00000.png,frame_00119.png,QR未検出,120,1.999742
hocho_R_8,lockin,0,0,QR未検出,,lockin,binary,,,15.000000,902,8,1,0.534523,,0.534523,frame_00000.png,frame_00119.png,r60_e60_f1.mp4,60 Hz,1/60,蛍光灯あり,60.008 fps,60,60,1,7,hocho,R,R,8,,,frame_00000.png,frame_00119.png,QR未検出,120,1.999742
hocho_R_8,lockin,0,0,QR未検出,,lockin,binary,,,30.000000,30,8,1,0.647076,,0.647076,frame_00000.png,frame_00119.png,r60_e60_f1.mp4,60 Hz,1/60,蛍光灯あり,60.008 fps,60,60,1,7,hocho,R,R,8,,,frame_00000.png,frame_00119.png,QR未検出,120,1.999742
hocho_R_8,lockin,0,0,QR未検出,,lockin,binary,,,30.000000,50,8,1,0.644260,,0.644260,frame_00000.png,frame_00119.png,r60_e60_f1.mp4,60 Hz,1/60,蛍光灯あり,60.008 fps,60,60,1,7,hocho,R,R,8,,,frame_00000.png,frame_00119.png,QR未検出,120,1.999742
hocho_R_8,lockin,0,0,QR未検出,,lockin,binary,,,30.000000,70,8,1,0.644236,,0.644236,frame_00000.png,frame_00119.png,r60_e60_f1.mp4,60 Hz,1/60,蛍光灯あり,60.008 fps,60,60,1,7,hocho,R,R,8,,,frame_00000.png,frame_00119.png,QR未検出,120,1.999742
hocho_R_8,lockin,0,0,QR未検出,,lockin,binary,,,30.000000,901,8,1,0.715467,,0.715467,frame_00000.png,frame_00119.png,r60_e60_f1.mp4,60 Hz,1/60,蛍光灯あり,60.008 fps,60,60,1,7,hocho,R,R,8,,,frame_00000.png,frame_00119.png,QR未検出,120,1.999742
hocho_R_8,lockin,0,0,QR未検出,,lockin,binary,,,30.000000,902,8,1,0.611370,,0.611370,frame_00000.png,frame_00119.png,r60_e60_f1.mp4,60 Hz,1/60,蛍光灯あり,60.008 fps,60,60,1,7,hocho,R,R,8,,,frame_00000.png,frame_00119.png,QR未検出,120,1.999742
hocho_X_12,lockin,0,0,QR未検出,,lockin,binary,,,10.007741,30,8,1,0.644222,,0.644222,frame_00000.png,frame_00119.png,r60_e60_f1.mp4,60 Hz,1/60,蛍光灯あり,60.008 fps,60,60,1,56,hocho,max,X,12,,,frame_00000.png,frame_00119.png,QR未検出,120,1.999742
hocho_X_12,lockin,0,0,QR未検出,,lockin,binary,,,10.007741,50,8,1,0.644175,,0.644175,frame_00000.png,frame_00119.png,r60_e60_f1.mp4,60 Hz,1/60,蛍光灯あり,60.008 fps,60,60,1,56,hocho,max,X,12,,,frame_00000.png,frame_00119.png,QR未検出,120,1.999742
hocho_X_12,lockin,0,0,QR未検出,,lockin,binary,,,10.007741,70,8,1,0.644175,,0.644175,frame_00000.png,frame_00119.png,r60_e60_f1.mp4,60 Hz,1/60,蛍光灯あり,60.008 fps,60,60,1,56,hocho,max,X,12,,,frame_00000.png,frame_00119.png,QR未検出,120,1.999742
hocho_X_12,lockin,0,0,QR未検出,,lockin,binary,,,10.007741,901,8,1,0.661979,,0.661979,frame_00000.png,frame_00119.png,r60_e60_f1.mp4,60 Hz,1/60,蛍光灯あり,60.008 fps,60,60,1,56,hocho,max,X,12,,,frame_00000.png,frame_00119.png,QR未検出,120,1.999742
hocho_X_12,lockin,0,0,QR未検出,,lockin,binary,,,10.007741,902,8,1,0.510334,,0.510334,frame_00000.png,frame_00119.png,r60_e60_f1.mp4,60 Hz,1/60,蛍光灯あり,60.008 fps,60,60,1,56,hocho,max,X,12,,,frame_00000.png,frame_00119.png,QR未検出,120,1.999742
hocho_X_12,lockin,0,0,QR未検出,,lockin,binary,,,15.000000,30,8,1,0.644154,,0.644154,frame_00000.png,frame_00119.png,r60_e60_f1.mp4,60 Hz,1/60,蛍光灯あり,60.008 fps,60,60,1,56,hocho,max,X,12,,,frame_00000.png,frame_00119.png,QR未検出,120,1.999742
hocho_X_12,lockin,0,0,QR未検出,,lockin,binary,,,15.000000,50,8,1,0.644169,,0.644169,frame_00000.png,frame_00119.png,r60_e60_f1.mp4,60 Hz,1/60,蛍光灯あり,60.008 fps,60,60,1,56,hocho,max,X,12,,,frame_00000.png,frame_00119.png,QR未検出,120,1.999742
hocho_X_12,lockin,0,0,QR未検出,,lockin,binary,,,15.000000,70,8,1,0.644175,,0.644175,frame_00000.png,frame_00119.png,r60_e60_f1.mp4,60 Hz,1/60,蛍光灯あり,60.008 fps,60,60,1,56,hocho,max,X,12,,,frame_00000.png,frame_00119.png,QR未検出,120,1.999742
hocho_X_12,lockin,0,0,QR未検出,,lockin,binary,,,15.000000,901,8,1,0.668005,,0.668005,frame_00000.png,frame_00119.png,r60_e60_f1.mp4,60 Hz,1/60,蛍光灯あり,60.008 fps,60,60,1,56,hocho,max,X,12,,,frame_00000.png,frame_00119.png,QR未検出,120,1.999742
hocho_X_12,lockin,0,0,QR未検出,,lockin,binary,,,15.000000,902,8,1,0.518505,,0.518505,frame_00000.png,frame_00119.png,r60_e60_f1.mp4,60 Hz,1/60,蛍光灯あり,60.008 fps,60,60,1,56,hocho,max,X,12,,,frame_00000.png,frame_00119.png,QR未検出,120,1.999742
hocho_X_12,lockin,0,0,QR未検出,,lockin,binary,,,30.000000,30,8,1,0.680916,,0.680916,frame_00000.png,frame_00119.png,r60_e60_f1.mp4,60 Hz,1/60,蛍光灯あり,60.008 fps,60,60,1,56,hocho,max,X,12,,,frame_00000.png,frame_00119.png,QR未検出,120,1.999742
hocho_X_12,lockin,0,0,QR未検出,,lockin,binary,,,30.000000,50,8,1,0.660153,,0.660153,frame_00000.png,frame_00119.png,r60_e60_f1.mp4,60 Hz,1/60,蛍光灯あり,60.008 fps,60,60,1,56,hocho,max,X,12,,,frame_00000.png,frame_00119.png,QR未検出,120,1.999742
hocho_X_12,lockin,0,0,QR未検出,,lockin,binary,,,30.000000,70,8,1,0.652407,,0.652407,frame_00000.png,frame_00119.png,r60_e60_f1.mp4,60 Hz,1/60,蛍光灯あり,60.008 fps,60,60,1,56,hocho,max,X,12,,,frame_00000.png,frame_00119.png,QR未検出,120,1.999742
hocho_X_12,lockin,0,0,QR未検出,,lockin,binary,,,30.000000,901,8,1,0.691272,,0.691272,frame_00000.png,frame_00119.png,r60_e60_f1.mp4,60 Hz,1/60,蛍光灯あり,60.008 fps,60,60,1,56,hocho,max,X,12,,,frame_00000.png,frame_00119.png,QR未検出,120,1.999742
hocho_X_12,lockin,0,0,QR未検出,,lockin,binary,,,30.000000,902,8,1,0.584392,,0.584392,frame_00000.png,frame_00119.png,r60_e60_f1.mp4,60 Hz,1/60,蛍光灯あり,60.008 fps,60,60,1,56,hocho,max,X,12,,,frame_00000.png,frame_00119.png,QR未検出,120,1.999742
hocho_X_4,lockin,0,0,QR未検出,,lockin,binary,,,10.007741,30,8,1,0.644028,,0.644028,frame_00000.png,frame_00119.png,r60_e60_f1.mp4,60 Hz,1/60,蛍光灯あり,60.008 fps,60,60,1,54,hocho,max,X,4,,,frame_00000.png,frame_00119.png,QR未検出,120,1.999742
hocho_X_4,lockin,0,0,QR未検出,,lockin,binary,,,10.007741,50,8,1,0.644171,,0.644171,frame_00000.png,frame_00119.png,r60_e60_f1.mp4,60 Hz,1/60,蛍光灯あり,60.008 fps,60,60,1,54,hocho,max,X,4,,,frame_00000.png,frame_00119.png,QR未検出,120,1.999742
hocho_X_4,lockin,0,0,QR未検出,,lockin,binary,,,10.007741,70,8,1,0.644175,,0.644175,frame_00000.png,frame_00119.png,r60_e60_f1.mp4,60 Hz,1/60,蛍光灯あり,60.008 fps,60,60,1,54,hocho,max,X,4,,,frame_00000.png,frame_00119.png,QR未検出,120,1.999742
hocho_X_4,lockin,0,0,QR未検出,,lockin,binary,,,10.007741,901,8,1,0.612558,,0.612558,frame_00000.png,frame_00119.png,r60_e60_f1.mp4,60 Hz,1/60,蛍光灯あり,60.008 fps,60,60,1,54,hocho,max,X,4,,,frame_00000.png,frame_00119.png,QR未検出,120,1.999742
hocho_X_4,lockin,0,0,QR未検出,,lockin,binary,,,10.007741,902,8,1,0.500884,,0.500884,frame_00000.png,frame_00119.png,r60_e60_f1.mp4,60 Hz,1/60,蛍光灯あり,60.008 fps,60,60,1,54,hocho,max,X,4,,,frame_00000.png,frame_00119.png,QR未検出,120,1.999742
hocho_X_4,lockin,0,0,QR未検出,,lockin,binary,,,15.000000,30,8,1,0.644295,,0.644295,frame_00000.png,frame_00119.png,r60_e60_f1.mp4,60 Hz,1/60,蛍光灯あり,60.008 fps,60,60,1,54,hocho,max,X,4,,,frame_00000.png,frame_00119.png,QR未検出,120,1.999742
hocho_X_4,lockin,0,0,QR未検出,,lockin,binary,,,15.000000,50,8,1,0.644199,,0.644199,frame_00000.png,frame_00119.png,r60_e60_f1.mp4,60 Hz,1/60,蛍光灯あり,60.008 fps,60,60,1,54,hocho,max,X,4,,,frame_00000.png,frame_00119.png,QR未検出,120,1.999742
hocho_X_4,lockin,0,0,QR未検出,,lockin,binary,,,15.000000,70,8,1,0.644175,,0.644175,frame_00000.png,frame_00119.png,r60_e60_f1.mp4,60 Hz,1/60,蛍光灯あり,60.008 fps,60,60,1,54,hocho,max,X,4,,,frame_00000.png,frame_00119.png,QR未検出,120,1.999742
hocho_X_4,lockin,0,0,QR未検出,,lockin,binary,,,15.000000,901,8,1,0.619931,,0.619931,frame_00000.png,frame_00119.png,r60_e60_f1.mp4,60 Hz,1/60,蛍光灯あり,60.008 fps,60,60,1,54,hocho,max,X,4,,,frame_00000.png,frame_00119.png,QR未検出,120,1.999742
hocho_X_4,lockin,0,0,QR未検出,,lockin,binary,,,15.000000,902,8,1,0.527207,,0.527207,frame_00000.png,frame_00119.png,r60_e60_f1.mp4,60 Hz,1/60,蛍光灯あり,60.008 fps,60,60,1,54,hocho,max,X,4,,,frame_00000.png,frame_00119.png,QR未検出,120,1.999742
hocho_X_4,lockin,0,0,QR未検出,,lockin,binary,,,30.000000,30,8,1,0.653849,,0.653849,frame_00000.png,frame_00119.png,r60_e60_f1.mp4,60 Hz,1/60,蛍光灯あり,60.008 fps,60,60,1,54,hocho,max,X,4,,,frame_00000.png,frame_00119.png,QR未検出,120,1.999742
hocho_X_4,lockin,0,0,QR未検出,,lockin,binary,,,30.000000,50,8,1,0.646138,,0.646138,frame_00000.png,frame_00119.png,r60_e60_f1.mp4,60 Hz,1/60,蛍光灯あり,60.008 fps,60,60,1,54,hocho,max,X,4,,,frame_00000.png,frame_00119.png,QR未検出,120,1.999742
hocho_X_4,lockin,0,0,QR未検出,,lockin,binary,,,30.000000,70,8,1,0.644301,,0.644301,frame_00000.png,frame_00119.png,r60_e60_f1.mp4,60 Hz,1/60,蛍光灯あり,60.008 fps,60,60,1,54,hocho,max,X,4,,,frame_00000.png,frame_00119.png,QR未検出,120,1.999742
hocho_X_4,lockin,0,0,QR未検出,,lockin,binary,,,30.000000,901,8,1,0.677749,,0.677749,frame_00000.png,frame_00119.png,r60_e60_f1.mp4,60 Hz,1/60,蛍光灯あり,60.008 fps,60,60,1,54,hocho,max,X,4,,,frame_00000.png,frame_00119.png,QR未検出,120,1.999742
hocho_X_4,lockin,0,0,QR未検出,,lockin,binary,,,30.000000,902,8,1,0.618099,,0.618099,frame_00000.png,frame_00119.png,r60_e60_f1.mp4,60 Hz,1/60,蛍光灯あり,60.008 fps,60,60,1,54,hocho,max,X,4,,,frame_00000.png,frame_00119.png,QR未検出,120,1.999742
hocho_X_8,lockin,0,0,QR未検出,,lockin,binary,,,10.007741,30,8,1,0.644148,,0.644148,frame_00000.png,frame_00119.png,r60_e60_f1.mp4,60 Hz,1/60,蛍光灯あり,60.008 fps,60,60,1,55,hocho,max,X,8,,,frame_00000.png,frame_00119.png,QR未検出,120,1.999742
hocho_X_8,lockin,0,0,QR未検出,,lockin,binary,,,10.007741,50,8,1,0.644175,,0.644175,frame_00000.png,frame_00119.png,r60_e60_f1.mp4,60 Hz,1/60,蛍光灯あり,60.008 fps,60,60,1,55,hocho,max,X,8,,,frame_00000.png,frame_00119.png,QR未検出,120,1.999742
hocho_X_8,lockin,0,0,QR未検出,,lockin,binary,,,10.007741,70,8,1,0.644175,,0.644175,frame_00000.png,frame_00119.png,r60_e60_f1.mp4,60 Hz,1/60,蛍光灯あり,60.008 fps,60,60,1,55,hocho,max,X,8,,,frame_00000.png,frame_00119.png,QR未検出,120,1.999742
hocho_X_8,lockin,0,0,QR未検出,,lockin,binary,,,10.007741,901,8,1,0.647933,,0.647933,frame_00000.png,frame_00119.png,r60_e60_f1.mp4,60 Hz,1/60,蛍光灯あり,60.008 fps,60,60,1,55,hocho,max,X,8,,,frame_00000.png,frame_00119.png,QR未検出,120,1.999742
hocho_X_8,lockin,0,0,QR未検出,,lockin,binary,,,10.007741,902,8,1,0.544520,,0.544520,frame_00000.png,frame_00119.png,r60_e60_f1.mp4,60 Hz,1/60,蛍光灯あり,60.008 fps,60,60,1,55,hocho,max,X,8,,,frame_00000.png,frame_00119.png,QR未検出,120,1.999742
hocho_X_8,lockin,0,0,QR未検出,,lockin,binary,,,15.000000,30,8,1,0.644161,,0.644161,frame_00000.png,frame_00119.png,r60_e60_f1.mp4,60 Hz,1/60,蛍光灯あり,60.008 fps,60,60,1,55,hocho,max,X,8,,,frame_00000.png,frame_00119.png,QR未検出,120,1.999742
hocho_X_8,lockin,0,0,QR未検出,,lockin,binary,,,15.000000,50,8,1,0.644175,,0.644175,frame_00000.png,frame_00119.png,r60_e60_f1.mp4,60 Hz,1/60,蛍光灯あり,60.008 fps,60,60,1,55,hocho,max,X,8,,,frame_00000.png,frame_00119.png,QR未検出,120,1.999742
hocho_X_8,lockin,0,0,QR未検出,,lockin,binary,,,15.000000,70,8,1,0.644175,,0.644175,frame_00000.png,frame_00119.png,r60_e60_f1.mp4,60 Hz,1/60,蛍光灯あり,60.008 fps,60,60,1,55,hocho,max,X,8,,,frame_00000.png,frame_00119.png,QR未検出,120,1.999742
hocho_X_8,lockin,0,0,QR未検出,,lockin,binary,,,15.000000,901,8,1,0.646087,,0.646087,frame_00000.png,frame_00119.png,r60_e60_f1.mp4,60 Hz,1/60,蛍光灯あり,60.008 fps,60,60,1,55,hocho,max,X,8,,,frame_00000.png,frame_00119.png,QR未検出,120,1.999742
hocho_X_8,lockin,0,0,QR未検出,,lockin,binary,,,15.000000,902,8,1,0.525841,,0.525841,frame_00000.png,frame_00119.png,r60_e60_f1.mp4,60 Hz,1/60,蛍光灯あり,60.008 fps,60,60,1,55,hocho,max,X,8,,,frame_00000.png,frame_00119.png,QR未検出,120,1.999742
hocho_X_8,lockin,0,0,QR未検出,,lockin,binary,,,30.000000,30,8,1,0.676701,,0.676701,frame_00000.png,frame_00119.png,r60_e60_f1.mp4,60 Hz,1/60,蛍光灯あり,60.008 fps,60,60,1,55,hocho,max,X,8,,,frame_00000.png,frame_00119.png,QR未検出,120,1.999742
hocho_X_8,lockin,0,0,QR未検出,,lockin,binary,,,30.000000,50,8,1,0.656905,,0.656905,frame_00000.png,frame_00119.png,r60_e60_f1.mp4,60 Hz,1/60,蛍光灯あり,60.008 fps,60,60,1,55,hocho,max,X,8,,,frame_00000.png,frame_00119.png,QR未検出,120,1.999742
hocho_X_8,lockin,0,0,QR未検出,,lockin,binary,,,30.000000,70,8,1,0.649635,,0.649635,frame_00000.png,frame_00119.png,r60_e60_f1.mp4,60 Hz,1/60,蛍光灯あり,60.008 fps,60,60,1,55,hocho,max,X,8,,,frame_00000.png,frame_00119.png,QR未検出,120,1.999742
hocho_X_8,lockin,0,0,QR未検出,,lockin,binary,,,30.000000,901,8,1,0.712547,,0.712547,frame_00000.png,frame_00119.png,r60_e60_f1.mp4,60 Hz,1/60,蛍光灯あり,60.008 fps,60,60,1,55,hocho,max,X,8,,,frame_00000.png,frame_00119.png,QR未検出,120,1.999742
hocho_X_8,lockin,0,0,QR未検出,,lockin,binary,,,30.000000,902,8,1,0.596955,,0.596955,frame_00000.png,frame_00119.png,r60_e60_f1.mp4,60 Hz,1/60,蛍光灯あり,60.008 fps,60,60,1,55,hocho,max,X,8,,,frame_00000.png,frame_00119.png,QR未検出,120,1.999742
nagaoka_fireworks_B_12,lockin,0,0,QR未検出,,lockin,binary,,,10.007741,30,8,1,0.643956,,0.643956,frame_00000.png,frame_00119.png,r60_e60_f1.mp4,60 Hz,1/60,蛍光灯あり,60.008 fps,60,60,1,29,nagaoka_fireworks,B,B,12,,,frame_00000.png,frame_00119.png,QR未検出,120,1.999742
nagaoka_fireworks_B_12,lockin,0,0,QR未検出,,lockin,binary,,,10.007741,50,8,1,0.644175,,0.644175,frame_00000.png,frame_00119.png,r60_e60_f1.mp4,60 Hz,1/60,蛍光灯あり,60.008 fps,60,60,1,29,nagaoka_fireworks,B,B,12,,,frame_00000.png,frame_00119.png,QR未検出,120,1.999742
nagaoka_fireworks_B_12,lockin,0,0,QR未検出,,lockin,binary,,,10.007741,70,8,1,0.644175,,0.644175,frame_00000.png,frame_00119.png,r60_e60_f1.mp4,60 Hz,1/60,蛍光灯あり,60.008 fps,60,60,1,29,nagaoka_fireworks,B,B,12,,,frame_00000.png,frame_00119.png,QR未検出,120,1.999742
nagaoka_fireworks_B_12,lockin,0,0,QR未検出,,lockin,binary,,,10.007741,901,8,1,0.667585,,0.667585,frame_00000.png,frame_00119.png,r60_e60_f1.mp4,60 Hz,1/60,蛍光灯あり,60.008 fps,60,60,1,29,nagaoka_fireworks,B,B,12,,,frame_00000.png,frame_00119.png,QR未検出,120,1.999742
nagaoka_fireworks_B_12,lockin,0,0,QR未検出,,lockin,binary,,,10.007741,902,8,1,0.560334,,0.560334,frame_00000.png,frame_00119.png,r60_e60_f1.mp4,60 Hz,1/60,蛍光灯あり,60.008 fps,60,60,1,29,nagaoka_fireworks,B,B,12,,,frame_00000.png,frame_00119.png,QR未検出,120,1.999742
nagaoka_fireworks_B_12,lockin,0,0,QR未検出,,lockin,binary,,,15.000000,30,8,1,0.644246,,0.644246,frame_00000.png,frame_00119.png,r60_e60_f1.mp4,60 Hz,1/60,蛍光灯あり,60.008 fps,60,60,1,29,nagaoka_fireworks,B,B,12,,,frame_00000.png,frame_00119.png,QR未検出,120,1.999742
nagaoka_fireworks_B_12,lockin,0,0,QR未検出,,lockin,binary,,,15.000000,50,8,1,0.644169,,0.644169,frame_00000.png,frame_00119.png,r60_e60_f1.mp4,60 Hz,1/60,蛍光灯あり,60.008 fps,60,60,1,29,nagaoka_fireworks,B,B,12,,,frame_00000.png,frame_00119.png,QR未検出,120,1.999742
nagaoka_fireworks_B_12,lockin,0,0,QR未検出,,lockin,binary,,,15.000000,70,8,1,0.644175,,0.644175,frame_00000.png,frame_00119.png,r60_e60_f1.mp4,60 Hz,1/60,蛍光灯あり,60.008 fps,60,60,1,29,nagaoka_fireworks,B,B,12,,,frame_00000.png,frame_00119.png,QR未検出,120,1.999742
nagaoka_fireworks_B_12,lockin,0,0,QR未検出,,lockin,binary,,,15.000000,901,8,1,0.699118,,0.699118,frame_00000.png,frame_00119.png,r60_e60_f1.mp4,60 Hz,1/60,蛍光灯あり,60.008 fps,60,60,1,29,nagaoka_fireworks,B,B,12,,,frame_00000.png,frame_00119.png,QR未検出,120,1.999742
nagaoka_fireworks_B_12,lockin,0,0,QR未検出,,lockin,binary,,,15.000000,902,8,1,0.535105,,0.535105,frame_00000.png,frame_00119.png,r60_e60_f1.mp4,60 Hz,1/60,蛍光灯あり,60.008 fps,60,60,1,29,nagaoka_fireworks,B,B,12,,,frame_00000.png,frame_00119.png,QR未検出,120,1.999742
nagaoka_fireworks_B_12,lockin,0,0,QR未検出,,lockin,binary,,,30.000000,30,8,1,0.831115,,0.831115,frame_00000.png,frame_00119.png,r60_e60_f1.mp4,60 Hz,1/60,蛍光灯あり,60.008 fps,60,60,1,29,nagaoka_fireworks,B,B,12,,,frame_00000.png,frame_00119.png,QR未検出,120,1.999742
nagaoka_fireworks_B_12,lockin,0,0,QR未検出,,lockin,binary,,,30.000000,50,8,1,0.737773,,0.737773,frame_00000.png,frame_00119.png,r60_e60_f1.mp4,60 Hz,1/60,蛍光灯あり,60.008 fps,60,60,1,29,nagaoka_fireworks,B,B,12,,,frame_00000.png,frame_00119.png,QR未検出,120,1.999742
nagaoka_fireworks_B_12,lockin,0,0,QR未検出,,lockin,binary,,,30.000000,70,8,1,0.672812,,0.672812,frame_00000.png,frame_00119.png,r60_e60_f1.mp4,60 Hz,1/60,蛍光灯あり,60.008 fps,60,60,1,29,nagaoka_fireworks,B,B,12,,,frame_00000.png,frame_00119.png,QR未検出,120,1.999742
nagaoka_fireworks_B_12,lockin,1,0,QR未検出,,lockin,binary,,,30.000000,901,8,1,0.857918,,0.857918,frame_00000.png,frame_00119.png,r60_e60_f1.mp4,60 Hz,1/60,蛍光灯あり,60.008 fps,60,60,1,29,nagaoka_fireworks,B,B,12,,,frame_00000.png,frame_00119.png,QR未検出,120,1.999742
nagaoka_fireworks_B_12,lockin,0,0,QR未検出,,lockin,binary,,,30.000000,902,8,1,0.551530,,0.551530,frame_00000.png,frame_00119.png,r60_e60_f1.mp4,60 Hz,1/60,蛍光灯あり,60.008 fps,60,60,1,29,nagaoka_fireworks,B,B,12,,,frame_00000.png,frame_00119.png,QR未検出,120,1.999742
nagaoka_fireworks_B_4,lockin,0,0,QR未検出,,lockin,binary,,,10.007741,30,8,1,0.644231,,0.644231,frame_00000.png,frame_00119.png,r60_e60_f1.mp4,60 Hz,1/60,蛍光灯あり,60.008 fps,60,60,1,27,nagaoka_fireworks,B,B,4,,,frame_00000.png,frame_00119.png,QR未検出,120,1.999742
nagaoka_fireworks_B_4,lockin,0,0,QR未検出,,lockin,binary,,,10.007741,50,8,1,0.644234,,0.644234,frame_00000.png,frame_00119.png,r60_e60_f1.mp4,60 Hz,1/60,蛍光灯あり,60.008 fps,60,60,1,27,nagaoka_fireworks,B,B,4,,,frame_00000.png,frame_00119.png,QR未検出,120,1.999742
nagaoka_fireworks_B_4,lockin,0,0,QR未検出,,lockin,binary,,,10.007741,70,8,1,0.644175,,0.644175,frame_00000.png,frame_00119.png,r60_e60_f1.mp4,60 Hz,1/60,蛍光灯あり,60.008 fps,60,60,1,27,nagaoka_fireworks,B,B,4,,,frame_00000.png,frame_00119.png,QR未検出,120,1.999742
nagaoka_fireworks_B_4,lockin,0,0,QR未検出,,lockin,binary,,,10.007741,901,8,1,0.625642,,0.625642,frame_00000.png,frame_00119.png,r60_e60_f1.mp4,60 Hz,1/60,蛍光灯あり,60.008 fps,60,60,1,27,nagaoka_fireworks,B,B,4,,,frame_00000.png,frame_00119.png,QR未検出,120,1.999742
nagaoka_fireworks_B_4,lockin,0,0,QR未検出,,lockin,binary,,,10.007741,902,8,1,0.556497,,0.556497,frame_00000.png,frame_00119.png,r60_e60_f1.mp4,60 Hz,1/60,蛍光灯あり,60.008 fps,60,60,1,27,nagaoka_fireworks,B,B,4,,,frame_00000.png,frame_00119.png,QR未検出,120,1.999742
nagaoka_fireworks_B_4,lockin,0,0,QR未検出,,lockin,binary,,,15.000000,30,8,1,0.644075,,0.644075,frame_00000.png,frame_00119.png,r60_e60_f1.mp4,60 Hz,1/60,蛍光灯あり,60.008 fps,60,60,1,27,nagaoka_fireworks,B,B,4,,,frame_00000.png,frame_00119.png,QR未検出,120,1.999742
nagaoka_fireworks_B_4,lockin,0,0,QR未検出,,lockin,binary,,,15.000000,50,8,1,0.644164,,0.644164,frame_00000.png,frame_00119.png,r60_e60_f1.mp4,60 Hz,1/60,蛍光灯あり,60.008 fps,60,60,1,27,nagaoka_fireworks,B,B,4,,,frame_00000.png,frame_00119.png,QR未検出,120,1.999742
nagaoka_fireworks_B_4,lockin,0,0,QR未検出,,lockin,binary,,,15.000000,70,8,1,0.644252,,0.644252,frame_00000.png,frame_00119.png,r60_e60_f1.mp4,60 Hz,1/60,蛍光灯あり,60.008 fps,60,60,1,27,nagaoka_fireworks,B,B,4,,,frame_00000.png,frame_00119.png,QR未検出,120,1.999742
nagaoka_fireworks_B_4,lockin,0,0,QR未検出,,lockin,binary,,,15.000000,901,8,1,0.628965,,0.628965,frame_00000.png,frame_00119.png,r60_e60_f1.mp4,60 Hz,1/60,蛍光灯あり,60.008 fps,60,60,1,27,nagaoka_fireworks,B,B,4,,,frame_00000.png,frame_00119.png,QR未検出,120,1.999742
nagaoka_fireworks_B_4,lockin,0,0,QR未検出,,lockin,binary,,,15.000000,902,8,1,0.563980,,0.563980,frame_00000.png,frame_00119.png,r60_e60_f1.mp4,60 Hz,1/60,蛍光灯あり,60.008 fps,60,60,1,27,nagaoka_fireworks,B,B,4,,,frame_00000.png,frame_00119.png,QR未検出,120,1.999742
nagaoka_fireworks_B_4,lockin,0,0,QR未検出,,lockin,binary,,,30.000000,30,8,1,0.664355,,0.664355,frame_00000.png,frame_00119.png,r60_e60_f1.mp4,60 Hz,1/60,蛍光灯あり,60.008 fps,60,60,1,27,nagaoka_fireworks,B,B,4,,,frame_00000.png,frame_00119.png,QR未検出,120,1.999742
nagaoka_fireworks_B_4,lockin,0,0,QR未検出,,lockin,binary,,,30.000000,50,8,1,0.648836,,0.648836,frame_00000.png,frame_00119.png,r60_e60_f1.mp4,60 Hz,1/60,蛍光灯あり,60.008 fps,60,60,1,27,nagaoka_fireworks,B,B,4,,,frame_00000.png,frame_00119.png,QR未検出,120,1.999742
nagaoka_fireworks_B_4,lockin,0,0,QR未検出,,lockin,binary,,,30.000000,70,8,1,0.645195,,0.645195,frame_00000.png,frame_00119.png,r60_e60_f1.mp4,60 Hz,1/60,蛍光灯あり,60.008 fps,60,60,1,27,nagaoka_fireworks,B,B,4,,,frame_00000.png,frame_00119.png,QR未検出,120,1.999742
nagaoka_fireworks_B_4,lockin,0,0,QR未検出,,lockin,binary,,,30.000000,901,8,1,0.698346,,0.698346,frame_00000.png,frame_00119.png,r60_e60_f1.mp4,60 Hz,1/60,蛍光灯あり,60.008 fps,60,60,1,27,nagaoka_fireworks,B,B,4,,,frame_00000.png,frame_00119.png,QR未検出,120,1.999742
nagaoka_fireworks_B_4,lockin,0,0,QR未検出,,lockin,binary,,,30.000000,902,8,1,0.561555,,0.561555,frame_00000.png,frame_00119.png,r60_e60_f1.mp4,60 Hz,1/60,蛍光灯あり,60.008 fps,60,60,1,27,nagaoka_fireworks,B,B,4,,,frame_00000.png,frame_00119.png,QR未検出,120,1.999742
nagaoka_fireworks_B_8,lockin,0,0,QR未検出,,lockin,binary,,,10.007741,30,8,1,0.643582,,0.643582,frame_00000.png,frame_00119.png,r60_e60_f1.mp4,60 Hz,1/60,蛍光灯あり,60.008 fps,60,60,1,28,nagaoka_fireworks,B,B,8,,,frame_00000.png,frame_00119.png,QR未検出,120,1.999742
nagaoka_fireworks_B_8,lockin,0,0,QR未検出,,lockin,binary,,,10.007741,50,8,1,0.644173,,0.644173,frame_00000.png,frame_00119.png,r60_e60_f1.mp4,60 Hz,1/60,蛍光灯あり,60.008 fps,60,60,1,28,nagaoka_fireworks,B,B,8,,,frame_00000.png,frame_00119.png,QR未検出,120,1.999742
nagaoka_fireworks_B_8,lockin,0,0,QR未検出,,lockin,binary,,,10.007741,70,8,1,0.644175,,0.644175,frame_00000.png,frame_00119.png,r60_e60_f1.mp4,60 Hz,1/60,蛍光灯あり,60.008 fps,60,60,1,28,nagaoka_fireworks,B,B,8,,,frame_00000.png,frame_00119.png,QR未検出,120,1.999742
nagaoka_fireworks_B_8,lockin,0,0,QR未検出,,lockin,binary,,,10.007741,901,8,1,0.656107,,0.656107,frame_00000.png,frame_00119.png,r60_e60_f1.mp4,60 Hz,1/60,蛍光灯あり,60.008 fps,60,60,1,28,nagaoka_fireworks,B,B,8,,,frame_00000.png,frame_00119.png,QR未検出,120,1.999742
nagaoka_fireworks_B_8,lockin,0,0,QR未検出,,lockin,binary,,,10.007741,902,8,1,0.551872,,0.551872,frame_00000.png,frame_00119.png,r60_e60_f1.mp4,60 Hz,1/60,蛍光灯あり,60.008 fps,60,60,1,28,nagaoka_fireworks,B,B,8,,,frame_00000.png,frame_00119.png,QR未検出,120,1.999742
nagaoka_fireworks_B_8,lockin,0,0,QR未検出,,lockin,binary,,,15.000000,30,8,1,0.643358,,0.643358,frame_00000.png,frame_00119.png,r60_e60_f1.mp4,60 Hz,1/60,蛍光灯あり,60.008 fps,60,60,1,28,nagaoka_fireworks,B,B,8,,,frame_00000.png,frame_00119.png,QR未検出,120,1.999742
nagaoka_fireworks_B_8,lockin,0,0,QR未検出,,lockin,binary,,,15.000000,50,8,1,0.644092,,0.644092,frame_00000.png,frame_00119.png,r60_e60_f1.mp4,60 Hz,1/60,蛍光灯あり,60.008 fps,60,60,1,28,nagaoka_fireworks,B,B,8,,,frame_00000.png,frame_00119.png,QR未検出,120,1.999742
nagaoka_fireworks_B_8,lockin,0,0,QR未検出,,lockin,binary,,,15.000000,70,8,1,0.644175,,0.644175,frame_00000.png,frame_00119.png,r60_e60_f1.mp4,60 Hz,1/60,蛍光灯あり,60.008 fps,60,60,1,28,nagaoka_fireworks,B,B,8,,,frame_00000.png,frame_00119.png,QR未検出,120,1.999742
nagaoka_fireworks_B_8,lockin,0,0,QR未検出,,lockin,binary,,,15.000000,901,8,1,0.661741,,0.661741,frame_00000.png,frame_00119.png,r60_e60_f1.mp4,60 Hz,1/60,蛍光灯あり,60.008 fps,60,60,1,28,nagaoka_fireworks,B,B,8,,,frame_00000.png,frame_00119.png,QR未検出,120,1.999742
nagaoka_fireworks_B_8,lockin,0,0,QR未検出,,lockin,binary,,,15.000000,902,8,1,0.541089,,0.541089,frame_00000.png,frame_00119.png,r60_e60_f1.mp4,60 Hz,1/60,蛍光灯あり,60.008 fps,60,60,1,28,nagaoka_fireworks,B,B,8,,,frame_00000.png,frame_00119.png,QR未検出,120,1.999742
nagaoka_fireworks_B_8,lockin,0,0,QR未検出,,lockin,binary,,,30.000000,30,8,1,0.684475,,0.684475,frame_00000.png,frame_00119.png,r60_e60_f1.mp4,60 Hz,1/60,蛍光灯あり,60.008 fps,60,60,1,28,nagaoka_fireworks,B,B,8,,,frame_00000.png,frame_00119.png,QR未検出,120,1.999742
nagaoka_fireworks_B_8,lockin,0,0,QR未検出,,lockin,binary,,,30.000000,50,8,1,0.650703,,0.650703,frame_00000.png,frame_00119.png,r60_e60_f1.mp4,60 Hz,1/60,蛍光灯あり,60.008 fps,60,60,1,28,nagaoka_fireworks,B,B,8,,,frame_00000.png,frame_00119.png,QR未検出,120,1.999742
nagaoka_fireworks_B_8,lockin,0,0,QR未検出,,lockin,binary,,,30.000000,70,8,1,0.644525,,0.644525,frame_00000.png,frame_00119.png,r60_e60_f1.mp4,60 Hz,1/60,蛍光灯あり,60.008 fps,60,60,1,28,nagaoka_fireworks,B,B,8,,,frame_00000.png,frame_00119.png,QR未検出,120,1.999742
nagaoka_fireworks_B_8,lockin,0,0,QR未検出,,lockin,binary,,,30.000000,901,8,1,0.731989,,0.731989,frame_00000.png,frame_00119.png,r60_e60_f1.mp4,60 Hz,1/60,蛍光灯あり,60.008 fps,60,60,1,28,nagaoka_fireworks,B,B,8,,,frame_00000.png,frame_00119.png,QR未検出,120,1.999742
nagaoka_fireworks_B_8,lockin,0,0,QR未検出,,lockin,binary,,,30.000000,902,8,1,0.582075,,0.582075,frame_00000.png,frame_00119.png,r60_e60_f1.mp4,60 Hz,1/60,蛍光灯あり,60.008 fps,60,60,1,28,nagaoka_fireworks,B,B,8,,,frame_00000.png,frame_00119.png,QR未検出,120,1.999742
nagaoka_fireworks_G_12,lockin,0,0,QR未検出,,lockin,binary,,,10.007741,30,8,1,0.644187,,0.644187,frame_00000.png,frame_00119.png,r60_e60_f1.mp4,60 Hz,1/60,蛍光灯あり,60.008 fps,60,60,1,17,nagaoka_fireworks,G,G,12,,,frame_00000.png,frame_00119.png,QR未検出,120,1.999742
nagaoka_fireworks_G_12,lockin,0,0,QR未検出,,lockin,binary,,,10.007741,50,8,1,0.644175,,0.644175,frame_00000.png,frame_00119.png,r60_e60_f1.mp4,60 Hz,1/60,蛍光灯あり,60.008 fps,60,60,1,17,nagaoka_fireworks,G,G,12,,,frame_00000.png,frame_00119.png,QR未検出,120,1.999742
nagaoka_fireworks_G_12,lockin,0,0,QR未検出,,lockin,binary,,,10.007741,70,8,1,0.644175,,0.644175,frame_00000.png,frame_00119.png,r60_e60_f1.mp4,60 Hz,1/60,蛍光灯あり,60.008 fps,60,60,1,17,nagaoka_fireworks,G,G,12,,,frame_00000.png,frame_00119.png,QR未検出,120,1.999742
nagaoka_fireworks_G_12,lockin,0,0,QR未検出,,lockin,binary,,,10.007741,901,8,1,0.690809,,0.690809,frame_00000.png,frame_00119.png,r60_e60_f1.mp4,60 Hz,1/60,蛍光灯あり,60.008 fps,60,60,1,17,nagaoka_fireworks,G,G,12,,,frame_00000.png,frame_00119.png,QR未検出,120,1.999742
nagaoka_fireworks_G_12,lockin,0,0,QR未検出,,lockin,binary,,,10.007741,902,8,1,0.627806,,0.627806,frame_00000.png,frame_00119.png,r60_e60_f1.mp4,60 Hz,1/60,蛍光灯あり,60.008 fps,60,60,1,17,nagaoka_fireworks,G,G,12,,,frame_00000.png,frame_00119.png,QR未検出,120,1.999742
nagaoka_fireworks_G_12,lockin,0,0,QR未検出,,lockin,binary,,,15.000000,30,8,1,0.644309,,0.644309,frame_00000.png,frame_00119.png,r60_e60_f1.mp4,60 Hz,1/60,蛍光灯あり,60.008 fps,60,60,1,17,nagaoka_fireworks,G,G,12,,,frame_00000.png,frame_00119.png,QR未検出,120,1.999742
nagaoka_fireworks_G_12,lockin,0,0,QR未検出,,lockin,binary,,,15.000000,50,8,1,0.644175,,0.644175,frame_00000.png,frame_00119.png,r60_e60_f1.mp4,60 Hz,1/60,蛍光灯あり,60.008 fps,60,60,1,17,nagaoka_fireworks,G,G,12,,,frame_00000.png,frame_00119.png,QR未検出,120,1.999742
nagaoka_fireworks_G_12,lockin,0,0,QR未検出,,lockin,binary,,,15.000000,70,8,1,0.644175,,0.644175,frame_00000.png,frame_00119.png,r60_e60_f1.mp4,60 Hz,1/60,蛍光灯あり,60.008 fps,60,60,1,17,nagaoka_fireworks,G,G,12,,,frame_00000.png,frame_00119.png,QR未検出,120,1.999742
nagaoka_fireworks_G_12,lockin,0,0,QR未検出,,lockin,binary,,,15.000000,901,8,1,0.730008,,0.730008,frame_00000.png,frame_00119.png,r60_e60_f1.mp4,60 Hz,1/60,蛍光灯あり,60.008 fps,60,60,1,17,nagaoka_fireworks,G,G,12,,,frame_00000.png,frame_00119.png,QR未検出,120,1.999742
nagaoka_fireworks_G_12,lockin,0,0,QR未検出,,lockin,binary,,,15.000000,902,8,1,0.610527,,0.610527,frame_00000.png,frame_00119.png,r60_e60_f1.mp4,60 Hz,1/60,蛍光灯あり,60.008 fps,60,60,1,17,nagaoka_fireworks,G,G,12,,,frame_00000.png,frame_00119.png,QR未検出,120,1.999742
nagaoka_fireworks_G_12,lockin,0,0,QR未検出,,lockin,binary,,,30.000000,30,8,1,0.819929,,0.819929,frame_00000.png,frame_00119.png,r60_e60_f1.mp4,60 Hz,1/60,蛍光灯あり,60.008 fps,60,60,1,17,nagaoka_fireworks,G,G,12,,,frame_00000.png,frame_00119.png,QR未検出,120,1.999742
nagaoka_fireworks_G_12,lockin,0,0,QR未検出,,lockin,binary,,,30.000000,50,8,1,0.731340,,0.731340,frame_00000.png,frame_00119.png,r60_e60_f1.mp4,60 Hz,1/60,蛍光灯あり,60.008 fps,60,60,1,17,nagaoka_fireworks,G,G,12,,,frame_00000.png,frame_00119.png,QR未検出,120,1.999742
nagaoka_fireworks_G_12,lockin,0,0,QR未検出,,lockin,binary,,,30.000000,70,8,1,0.671303,,0.671303,frame_00000.png,frame_00119.png,r60_e60_f1.mp4,60 Hz,1/60,蛍光灯あり,60.008 fps,60,60,1,17,nagaoka_fireworks,G,G,12,,,frame_00000.png,frame_00119.png,QR未検出,120,1.999742
nagaoka_fireworks_G_12,lockin,0,0,QR未検出,,lockin,binary,,,30.000000,901,8,1,0.835961,,0.835961,frame_00000.png,frame_00119.png,r60_e60_f1.mp4,60 Hz,1/60,蛍光灯あり,60.008 fps,60,60,1,17,nagaoka_fireworks,G,G,12,,,frame_00000.png,frame_00119.png,QR未検出,120,1.999742
nagaoka_fireworks_G_12,lockin,0,0,QR未検出,,lockin,binary,,,30.000000,902,8,1,0.529664,,0.529664,frame_00000.png,frame_00119.png,r60_e60_f1.mp4,60 Hz,1/60,蛍光灯あり,60.008 fps,60,60,1,17,nagaoka_fireworks,G,G,12,,,frame_00000.png,frame_00119.png,QR未検出,120,1.999742
nagaoka_fireworks_G_4,lockin,0,0,QR未検出,,lockin,binary,,,10.007741,30,8,1,0.643676,,0.643676,frame_00000.png,frame_00119.png,r60_e60_f1.mp4,60 Hz,1/60,蛍光灯あり,60.008 fps,60,60,1,15,nagaoka_fireworks,G,G,4,,,frame_00000.png,frame_00119.png,QR未検出,120,1.999742
nagaoka_fireworks_G_4,lockin,0,0,QR未検出,,lockin,binary,,,10.007741,50,8,1,0.644199,,0.644199,frame_00000.png,frame_00119.png,r60_e60_f1.mp4,60 Hz,1/60,蛍光灯あり,60.008 fps,60,60,1,15,nagaoka_fireworks,G,G,4,,,frame_00000.png,frame_00119.png,QR未検出,120,1.999742
nagaoka_fireworks_G_4,lockin,0,0,QR未検出,,lockin,binary,,,10.007741,70,8,1,0.644175,,0.644175,frame_00000.png,frame_00119.png,r60_e60_f1.mp4,60 Hz,1/60,蛍光灯あり,60.008 fps,60,60,1,15,nagaoka_fireworks,G,G,4,,,frame_00000.png,frame_00119.png,QR未検出,120,1.999742
nagaoka_fireworks_G_4,lockin,0,0,QR未検出,,lockin,binary,,,10.007741,901,8,1,0.699494,,0.699494,frame_00000.png,frame_00119.png,r60_e60_f1.mp4,60 Hz,1/60,蛍光灯あり,60.008 fps,60,60,1,15,nagaoka_fireworks,G,G,4,,,frame_00000.png,frame_00119.png,QR未検出,120,1.999742
nagaoka_fireworks_G_4,lockin,0,0,QR未検出,,lockin,binary,,,10.007741,902,8,1,0.535004,,0.535004,frame_00000.png,frame_00119.png,r60_e60_f1.mp4,60 Hz,1/60,蛍光灯あり,60.008 fps,60,60,1,15,nagaoka_fireworks,G,G,4,,,frame_00000.png,frame_00119.png,QR未検出,120,1.999742
nagaoka_fireworks_G_4,lockin,0,0,QR未検出,,lockin,binary,,,15.000000,30,8,1,0.643225,,0.643225,frame_00000.png,frame_00119.png,r60_e60_f1.mp4,60 Hz,1/60,蛍光灯あり,60.008 fps,60,60,1,15,nagaoka_fireworks,G,G,4,,,frame_00000.png,frame_00119.png,QR未検出,120,1.999742
nagaoka_fireworks_G_4,lockin,0,0,QR未検出,,lockin,binary,,,15.000000,50,8,1,0.643854,,0.643854,frame_00000.png,frame_00119.png,r60_e60_f1.mp4,60 Hz,1/60,蛍光灯あり,60.008 fps,60,60,1,15,nagaoka_fireworks,G,G,4,,,frame_00000.png,frame_00119.png,QR未検出,120,1.999742
nagaoka_fireworks_G_4,lockin,0,0,QR未検出,,lockin,binary,,,15.000000,70,8,1,0.644136,,0.644136,frame_00000.png,frame_00119.png,r60_e60_f1.mp4,60 Hz,1/60,蛍光灯あり,60.008 fps,60,60,1,15,nagaoka_fireworks,G,G,4,,,frame_00000.png,frame_00119.png,QR未検出,120,1.999742
nagaoka_fireworks_G_4,lockin,0,0,QR未検出,,lockin,binary,,,15.000000,901,8,1,0.708849,,0.708849,frame_00000.png,frame_00119.png,r60_e60_f1.mp4,60 Hz,1/60,蛍光灯あり,60.008 fps,60,60,1,15,nagaoka_fireworks,G,G,4,,,frame_00000.png,frame_00119.png,QR未検出,120,1.999742
nagaoka_fireworks_G_4,lockin,0,0,QR未検出,,lockin,binary,,,15.000000,902,8,1,0.529655,,0.529655,frame_00000.png,frame_00119.png,r60_e60_f1.mp4,60 Hz,1/60,蛍光灯あり,60.008 fps,60,60,1,15,nagaoka_fireworks,G,G,4,,,frame_00000.png,frame_00119.png,QR未検出,120,1.999742
nagaoka_fireworks_G_4,lockin,0,0,QR未検出,,lockin,binary,,,30.000000,30,8,1,0.668549,,0.668549,frame_00000.png,frame_00119.png,r60_e60_f1.mp4,60 Hz,1/60,蛍光灯あり,60.008 fps,60,60,1,15,nagaoka_fireworks,G,G,4,,,frame_00000.png,frame_00119.png,QR未検出,120,1.999742
nagaoka_fireworks_G_4,lockin,0,0,QR未検出,,lockin,binary,,,30.000000,50,8,1,0.646612,,0.646612,frame_00000.png,frame_00119.png,r60_e60_f1.mp4,60 Hz,1/60,蛍光灯あり,60.008 fps,60,60,1,15,nagaoka_fireworks,G,G,4,,,frame_00000.png,frame_00119.png,QR未検出,120,1.999742
nagaoka_fireworks_G_4,lockin,0,0,QR未検出,,lockin,binary,,,30.000000,70,8,1,0.644243,,0.644243,frame_00000.png,frame_00119.png,r60_e60_f1.mp4,60 Hz,1/60,蛍光灯あり,60.008 fps,60,60,1,15,nagaoka_fireworks,G,G,4,,,frame_00000.png,frame_00119.png,QR未検出,120,1.999742
nagaoka_fireworks_G_4,lockin,0,0,QR未検出,,lockin,binary,,,30.000000,901,8,1,0.720707,,0.720707,frame_00000.png,frame_00119.png,r60_e60_f1.mp4,60 Hz,1/60,蛍光灯あり,60.008 fps,60,60,1,15,nagaoka_fireworks,G,G,4,,,frame_00000.png,frame_00119.png,QR未検出,120,1.999742
nagaoka_fireworks_G_4,lockin,0,0,QR未検出,,lockin,binary,,,30.000000,902,8,1,0.588071,,0.588071,frame_00000.png,frame_00119.png,r60_e60_f1.mp4,60 Hz,1/60,蛍光灯あり,60.008 fps,60,60,1,15,nagaoka_fireworks,G,G,4,,,frame_00000.png,frame_00119.png,QR未検出,120,1.999742
nagaoka_fireworks_G_8,lockin,0,0,QR未検出,,lockin,binary,,,10.007741,30,8,1,0.644206,,0.644206,frame_00000.png,frame_00119.png,r60_e60_f1.mp4,60 Hz,1/60,蛍光灯あり,60.008 fps,60,60,1,16,nagaoka_fireworks,G,G,8,,,frame_00000.png,frame_00119.png,QR未検出,120,1.999742
nagaoka_fireworks_G_8,lockin,0,0,QR未検出,,lockin,binary,,,10.007741,50,8,1,0.644175,,0.644175,frame_00000.png,frame_00119.png,r60_e60_f1.mp4,60 Hz,1/60,蛍光灯あり,60.008 fps,60,60,1,16,nagaoka_fireworks,G,G,8,,,frame_00000.png,frame_00119.png,QR未検出,120,1.999742
nagaoka_fireworks_G_8,lockin,0,0,QR未検出,,lockin,binary,,,10.007741,70,8,1,0.644175,,0.644175,frame_00000.png,frame_00119.png,r60_e60_f1.mp4,60 Hz,1/60,蛍光灯あり,60.008 fps,60,60,1,16,nagaoka_fireworks,G,G,8,,,frame_00000.png,frame_00119.png,QR未検出,120,1.999742
nagaoka_fireworks_G_8,lockin,0,0,QR未検出,,lockin,binary,,,10.007741,901,8,1,0.720831,,0.720831,frame_00000.png,frame_00119.png,r60_e60_f1.mp4,60 Hz,1/60,蛍光灯あり,60.008 fps,60,60,1,16,nagaoka_fireworks,G,G,8,,,frame_00000.png,frame_00119.png,QR未検出,120,1.999742
nagaoka_fireworks_G_8,lockin,0,0,QR未検出,,lockin,binary,,,10.007741,902,8,1,0.600534,,0.600534,frame_00000.png,frame_00119.png,r60_e60_f1.mp4,60 Hz,1/60,蛍光灯あり,60.008 fps,60,60,1,16,nagaoka_fireworks,G,G,8,,,frame_00000.png,frame_00119.png,QR未検出,120,1.999742
nagaoka_fireworks_G_8,lockin,0,0,QR未検出,,lockin,binary,,,15.000000,30,8,1,0.644024,,0.644024,frame_00000.png,frame_00119.png,r60_e60_f1.mp4,60 Hz,1/60,蛍光灯あり,60.008 fps,60,60,1,16,nagaoka_fireworks,G,G,8,,,frame_00000.png,frame_00119.png,QR未検出,120,1.999742
nagaoka_fireworks_G_8,lockin,0,0,QR未検出,,lockin,binary,,,15.000000,50,8,1,0.643951,,0.643951,frame_00000.png,frame_00119.png,r60_e60_f1.mp4,60 Hz,1/60,蛍光灯あり,60.008 fps,60,60,1,16,nagaoka_fireworks,G,G,8,,,frame_00000.png,frame_00119.png,QR未検出,120,1.999742
nagaoka_fireworks_G_8,lockin,0,0,QR未検出,,lockin,binary,,,15.000000,70,8,1,0.644175,,0.644175,frame_00000.png,frame_00119.png,r60_e60_f1.mp4,60 Hz,1/60,蛍光灯あり,60.008 fps,60,60,1,16,nagaoka_fireworks,G,G,8,,,frame_00000.png,frame_00119.png,QR未検出,120,1.999742
nagaoka_fireworks_G_8,lockin,0,0,QR未検出,,lockin,binary,,,15.000000,901,8,1,0.726637,,0.726637,frame_00000.png,frame_00119.png,r60_e60_f1.mp4,60 Hz,1/60,蛍光灯あり,60.008 fps,60,60,1,16,nagaoka_fireworks,G,G,8,,,frame_00000.png,frame_00119.png,QR未検出,120,1.999742
nagaoka_fireworks_G_8,lockin,0,0,QR未検出,,lockin,binary,,,15.000000,902,8,1,0.558443,,0.558443,frame_00000.png,frame_00119.png,r60_e60_f1.mp4,60 Hz,1/60,蛍光灯あり,60.008 fps,60,60,1,16,nagaoka_fireworks,G,G,8,,,frame_00000.png,frame_00119.png,QR未検出,120,1.999742
nagaoka_fireworks_G_8,lockin,0,0,QR未検出,,lockin,binary,,,30.000000,30,8,1,0.791810,,0.791810,frame_00000.png,frame_00119.png,r60_e60_f1.mp4,60 Hz,1/60,蛍光灯あり,60.008 fps,60,60,1,16,nagaoka_fireworks,G,G,8,,,frame_00000.png,frame_00119.png,QR未検出,120,1.999742
nagaoka_fireworks_G_8,lockin,0,0,QR未検出,,lockin,binary,,,30.000000,50,8,1,0.714889,,0.714889,frame_00000.png,frame_00119.png,r60_e60_f1.mp4,60 Hz,1/60,蛍光灯あり,60.008 fps,60,60,1,16,nagaoka_fireworks,G,G,8,,,frame_00000.png,frame_00119.png,QR未検出,120,1.999742
nagaoka_fireworks_G_8,lockin,0,0,QR未検出,,lockin,binary,,,30.000000,70,8,1,0.662600,,0.662600,frame_00000.png,frame_00119.png,r60_e60_f1.mp4,60 Hz,1/60,蛍光灯あり,60.008 fps,60,60,1,16,nagaoka_fireworks,G,G,8,,,frame_00000.png,frame_00119.png,QR未検出,120,1.999742
nagaoka_fireworks_G_8,lockin,1,0,QR未検出,,lockin,binary,,,30.000000,901,8,1,0.815625,,0.815625,frame_00000.png,frame_00119.png,r60_e60_f1.mp4,60 Hz,1/60,蛍光灯あり,60.008 fps,60,60,1,16,nagaoka_fireworks,G,G,8,,,frame_00000.png,frame_00119.png,QR未検出,120,1.999742
nagaoka_fireworks_G_8,lockin,0,0,QR未検出,,lockin,binary,,,30.000000,902,8,1,0.510535,,0.510535,frame_00000.png,frame_00119.png,r60_e60_f1.mp4,60 Hz,1/60,蛍光灯あり,60.008 fps,60,60,1,16,nagaoka_fireworks,G,G,8,,,frame_00000.png,frame_00119.png,QR未検出,120,1.999742
nagaoka_fireworks_I_12,lockin,0,0,QR未検出,,lockin,binary,,,10.007741,30,8,1,0.644113,,0.644113,frame_00000.png,frame_00119.png,r60_e60_f1.mp4,60 Hz,1/60,蛍光灯あり,60.008 fps,60,60,1,41,nagaoka_fireworks,min,I,12,,,frame_00000.png,frame_00119.png,QR未検出,120,1.999742
nagaoka_fireworks_I_12,lockin,0,0,QR未検出,,lockin,binary,,,10.007741,50,8,1,0.644175,,0.644175,frame_00000.png,frame_00119.png,r60_e60_f1.mp4,60 Hz,1/60,蛍光灯あり,60.008 fps,60,60,1,41,nagaoka_fireworks,min,I,12,,,frame_00000.png,frame_00119.png,QR未検出,120,1.999742
nagaoka_fireworks_I_12,lockin,0,0,QR未検出,,lockin,binary,,,10.007741,70,8,1,0.644175,,0.644175,frame_00000.png,frame_00119.png,r60_e60_f1.mp4,60 Hz,1/60,蛍光灯あり,60.008 fps,60,60,1,41,nagaoka_fireworks,min,I,12,,,frame_00000.png,frame_00119.png,QR未検出,120,1.999742
nagaoka_fireworks_I_12,lockin,0,0,QR未検出,,lockin,binary,,,10.007741,901,8,1,0.732096,,0.732096,frame_00000.png,frame_00119.png,r60_e60_f1.mp4,60 Hz,1/60,蛍光灯あり,60.008 fps,60,60,1,41,nagaoka_fireworks,min,I,12,,,frame_00000.png,frame_00119.png,QR未検出,120,1.999742
nagaoka_fireworks_I_12,lockin,0,0,QR未検出,,lockin,binary,,,10.007741,902,8,1,0.602205,,0.602205,frame_00000.png,frame_00119.png,r60_e60_f1.mp4,60 Hz,1/60,蛍光灯あり,60.008 fps,60,60,1,41,nagaoka_fireworks,min,I,12,,,frame_00000.png,frame_00119.png,QR未検出,120,1.999742
nagaoka_fireworks_I_12,lockin,0,0,QR未検出,,lockin,binary,,,15.000000,30,8,1,0.644103,,0.644103,frame_00000.png,frame_00119.png,r60_e60_f1.mp4,60 Hz,1/60,蛍光灯あり,60.008 fps,60,60,1,41,nagaoka_fireworks,min,I,12,,,frame_00000.png,frame_00119.png,QR未検出,120,1.999742
nagaoka_fireworks_I_12,lockin,0,0,QR未検出,,lockin,binary,,,15.000000,50,8,1,0.644175,,0.644175,frame_00000.png,frame_00119.png,r60_e60_f1.mp4,60 Hz,1/60,蛍光灯あり,60.008 fps,60,60,1,41,nagaoka_fireworks,min,I,12,,,frame_00000.png,frame_00119.png,QR未検出,120,1.999742
nagaoka_fireworks_I_12,lockin,0,0,QR未検出,,lockin,binary,,,15.000000,70,8,1,0.644175,,0.644175,frame_00000.png,frame_00119.png,r60_e60_f1.mp4,60 Hz,1/60,蛍光灯あり,60.008 fps,60,60,1,41,nagaoka_fireworks,min,I,12,,,frame_00000.png,frame_00119.png,QR未検出,120,1.999742
nagaoka_fireworks_I_12,lockin,0,0,QR未検出,,lockin,binary,,,15.000000,901,8,1,0.720016,,0.720016,frame_00000.png,frame_00119.png,r60_e60_f1.mp4,60 Hz,1/60,蛍光灯あり,60.008 fps,60,60,1,41,nagaoka_fireworks,min,I,12,,,frame_00000.png,frame_00119.png,QR未検出,120,1.999742
nagaoka_fireworks_I_12,lockin,0,0,QR未検出,,lockin,binary,,,15.000000,902,8,1,0.593464,,0.593464,frame_00000.png,frame_00119.png,r60_e60_f1.mp4,60 Hz,1/60,蛍光灯あり,60.008 fps,60,60,1,41,nagaoka_fireworks,min,I,12,,,frame_00000.png,frame_00119.png,QR未検出,120,1.999742
nagaoka_fireworks_I_12,lockin,0,0,QR未検出,,lockin,binary,,,30.000000,30,8,1,0.790008,,0.790008,frame_00000.png,frame_00119.png,r60_e60_f1.mp4,60 Hz,1/60,蛍光灯あり,60.008 fps,60,60,1,41,nagaoka_fireworks,min,I,12,,,frame_00000.png,frame_00119.png,QR未検出,120,1.999742
nagaoka_fireworks_I_12,lockin,0,0,QR未検出,,lockin,binary,,,30.000000,50,8,1,0.747914,,0.747914,frame_00000.png,frame_00119.png,r60_e60_f1.mp4,60 Hz,1/60,蛍光灯あり,60.008 fps,60,60,1,41,nagaoka_fireworks,min,I,12,,,frame_00000.png,frame_00119.png,QR未検出,120,1.999742
nagaoka_fireworks_I_12,lockin,0,0,QR未検出,,lockin,binary,,,30.000000,70,8,1,0.682464,,0.682464,frame_00000.png,frame_00119.png,r60_e60_f1.mp4,60 Hz,1/60,蛍光灯あり,60.008 fps,60,60,1,41,nagaoka_fireworks,min,I,12,,,frame_00000.png,frame_00119.png,QR未検出,120,1.999742
nagaoka_fireworks_I_12,lockin,0,0,QR未検出,,lockin,binary,,,30.000000,901,8,1,0.791884,,0.791884,frame_00000.png,frame_00119.png,r60_e60_f1.mp4,60 Hz,1/60,蛍光灯あり,60.008 fps,60,60,1,41,nagaoka_fireworks,min,I,12,,,frame_00000.png,frame_00119.png,QR未検出,120,1.999742
nagaoka_fireworks_I_12,lockin,0,0,QR未検出,,lockin,binary,,,30.000000,902,8,1,0.515721,,0.515721,frame_00000.png,frame_00119.png,r60_e60_f1.mp4,60 Hz,1/60,蛍光灯あり,60.008 fps,60,60,1,41,nagaoka_fireworks,min,I,12,,,frame_00000.png,frame_00119.png,QR未検出,120,1.999742
nagaoka_fireworks_I_4,lockin,0,0,QR未検出,,lockin,binary,,,10.007741,30,8,1,0.643856,,0.643856,frame_00000.png,frame_00119.png,r60_e60_f1.mp4,60 Hz,1/60,蛍光灯あり,60.008 fps,60,60,1,39,nagaoka_fireworks,min,I,4,,,frame_00000.png,frame_00119.png,QR未検出,120,1.999742
nagaoka_fireworks_I_4,lockin,0,0,QR未検出,,lockin,binary,,,10.007741,50,8,1,0.644147,,0.644147,frame_00000.png,frame_00119.png,r60_e60_f1.mp4,60 Hz,1/60,蛍光灯あり,60.008 fps,60,60,1,39,nagaoka_fireworks,min,I,4,,,frame_00000.png,frame_00119.png,QR未検出,120,1.999742
nagaoka_fireworks_I_4,lockin,0,0,QR未検出,,lockin,binary,,,10.007741,70,8,1,0.644175,,0.644175,frame_00000.png,frame_00119.png,r60_e60_f1.mp4,60 Hz,1/60,蛍光灯あり,60.008 fps,60,60,1,39,nagaoka_fireworks,min,I,4,,,frame_00000.png,frame_00119.png,QR未検出,120,1.999742
nagaoka_fireworks_I_4,lockin,0,0,QR未検出,,lockin,binary,,,10.007741,901,8,1,0.693816,,0.693816,frame_00000.png,frame_00119.png,r60_e60_f1.mp4,60 Hz,1/60,蛍光灯あり,60.008 fps,60,60,1,39,nagaoka_fireworks,min,I,4,,,frame_00000.png,frame_00119.png,QR未検出,120,1.999742
nagaoka_fireworks_I_4,lockin,0,0,QR未検出,,lockin,binary,,,10.007741,902,8,1,0.547141,,0.547141,frame_00000.png,frame_00119.png,r60_e60_f1.mp4,60 Hz,1/60,蛍光灯あり,60.008 fps,60,60,1,39,nagaoka_fireworks,min,I,4,,,frame_00000.png,frame_00119.png,QR未検出,120,1.999742
nagaoka_fireworks_I_4,lockin,0,0,QR未検出,,lockin,binary,,,15.000000,30,8,1,0.643165,,0.643165,frame_00000.png,frame_00119.png,r60_e60_f1.mp4,60 Hz,1/60,蛍光灯あり,60.008 fps,60,60,1,39,nagaoka_fireworks,min,I,4,,,frame_00000.png,frame_00119.png,QR未検出,120,1.999742
nagaoka_fireworks_I_4,lockin,0,0,QR未検出,,lockin,binary,,,15.000000,50,8,1,0.644010,,0.644010,frame_00000.png,frame_00119.png,r60_e60_f1.mp4,60 Hz,1/60,蛍光灯あり,60.008 fps,60,60,1,39,nagaoka_fireworks,min,I,4,,,frame_00000.png,frame_00119.png,QR未検出,120,1.999742
nagaoka_fireworks_I_4,lockin,0,0,QR未検出,,lockin,binary,,,15.000000,70,8,1,0.644180,,0.644180,frame_00000.png,frame_00119.png,r60_e60_f1.mp4,60 Hz,1/60,蛍光灯あり,60.008 fps,60,60,1,39,nagaoka_fireworks,min,I,4,,,frame_00000.png,frame_00119.png,QR未検出,120,1.999742
nagaoka_fireworks_I_4,lockin,0,0,QR未検出,,lockin,binary,,,15.000000,901,8,1,0.701125,,0.701125,frame_00000.png,frame_00119.png,r60_e60_f1.mp4,60 Hz,1/60,蛍光灯あり,60.008 fps,60,60,1,39,nagaoka_fireworks,min,I,4,,,frame_00000.png,frame_00119.png,QR未検出,120,1.999742
nagaoka_fireworks_I_4,lockin,0,0,QR未検出,,lockin,binary,,,15.000000,902,8,1,0.538738,,0.538738,frame_00000.png,frame_00119.png,r60_e60_f1.mp4,60 Hz,1/60,蛍光灯あり,60.008 fps,60,60,1,39,nagaoka_fireworks,min,I,4,,,frame_00000.png,frame_00119.png,QR未検出,120,1.999742
nagaoka_fireworks_I_4,lockin,0,0,QR未検出,,lockin,binary,,,30.000000,30,8,1,0.667430,,0.667430,frame_00000.png,frame_00119.png,r60_e60_f1.mp4,60 Hz,1/60,蛍光灯あり,60.008 fps,60,60,1,39,nagaoka_fireworks,min,I,4,,,frame_00000.png,frame_00119.png,QR未検出,120,1.999742
nagaoka_fireworks_I_4,lockin,0,0,QR未検出,,lockin,binary,,,30.000000,50,8,1,0.644043,,0.644043,frame_00000.png,frame_00119.png,r60_e60_f1.mp4,60 Hz,1/60,蛍光灯あり,60.008 fps,60,60,1,39,nagaoka_fireworks,min,I,4,,,frame_00000.png,frame_00119.png,QR未検出,120,1.999742
nagaoka_fireworks_I_4,lockin,0,0,QR未検出,,lockin,binary,,,30.000000,70,8,1,0.644045,,0.644045,frame_00000.png,frame_00119.png,r60_e60_f1.mp4,60 Hz,1/60,蛍光灯あり,60.008 fps,60,60,1,39,nagaoka_fireworks,min,I,4,,,frame_00000.png,frame_00119.png,QR未検出,120,1.999742
nagaoka_fireworks_I_4,lockin,0,0,QR未検出,,lockin,binary,,,30.000000,901,8,1,0.725958,,0.725958,frame_00000.png,frame_00119.png,r60_e60_f1.mp4,60 Hz,1/60,蛍光灯あり,60.008 fps,60,60,1,39,nagaoka_fireworks,min,I,4,,,frame_00000.png,frame_00119.png,QR未検出,120,1.999742
nagaoka_fireworks_I_4,lockin,0,0,QR未検出,,lockin,binary,,,30.000000,902,8,1,0.619487,,0.619487,frame_00000.png,frame_00119.png,r60_e60_f1.mp4,60 Hz,1/60,蛍光灯あり,60.008 fps,60,60,1,39,nagaoka_fireworks,min,I,4,,,frame_00000.png,frame_00119.png,QR未検出,120,1.999742
nagaoka_fireworks_I_8,lockin,0,0,QR未検出,,lockin,binary,,,10.007741,30,8,1,0.643973,,0.643973,frame_00000.png,frame_00119.png,r60_e60_f1.mp4,60 Hz,1/60,蛍光灯あり,60.008 fps,60,60,1,40,nagaoka_fireworks,min,I,8,,,frame_00000.png,frame_00119.png,QR未検出,120,1.999742
nagaoka_fireworks_I_8,lockin,0,0,QR未検出,,lockin,binary,,,10.007741,50,8,1,0.644131,,0.644131,frame_00000.png,frame_00119.png,r60_e60_f1.mp4,60 Hz,1/60,蛍光灯あり,60.008 fps,60,60,1,40,nagaoka_fireworks,min,I,8,,,frame_00000.png,frame_00119.png,QR未検出,120,1.999742
nagaoka_fireworks_I_8,lockin,0,0,QR未検出,,lockin,binary,,,10.007741,70,8,1,0.644175,,0.644175,frame_00000.png,frame_00119.png,r60_e60_f1.mp4,60 Hz,1/60,蛍光灯あり,60.008 fps,60,60,1,40,nagaoka_fireworks,min,I,8,,,frame_00000.png,frame_00119.png,QR未検出,120,1.999742
nagaoka_fireworks_I_8,lockin,0,0,QR未検出,,lockin,binary,,,10.007741,901,8,1,0.681101,,0.681101,frame_00000.png,frame_00119.png,r60_e60_f1.mp4,60 Hz,1/60,蛍光灯あり,60.008 fps,60,60,1,40,nagaoka_fireworks,min,I,8,,,frame_00000.png,frame_00119.png,QR未検出,120,1.999742
nagaoka_fireworks_I_8,lockin,0,0,QR未検出,,lockin,binary,,,10.007741,902,8,1,0.570414,,0.570414,frame_00000.png,frame_00119.png,r60_e60_f1.mp4,60 Hz,1/60,蛍光灯あり,60.008 fps,60,60,1,40,nagaoka_fireworks,min,I,8,,,frame_00000.png,frame_00119.png,QR未検出,120,1.999742
nagaoka_fireworks_I_8,lockin,0,0,QR未検出,,lockin,binary,,,15.000000,30,8,1,0.643937,,0.643937,frame_00000.png,frame_00119.png,r60_e60_f1.mp4,60 Hz,1/60,蛍光灯あり,60.008 fps,60,60,1,40,nagaoka_fireworks,min,I,8,,,frame_00000.png,frame_00119.png,QR未検出,120,1.999742
nagaoka_fireworks_I_8,lockin,0,0,QR未検出,,lockin,binary,,,15.000000,50,8,1,0.644017,,0.644017,frame_00000.png,frame_00119.png,r60_e60_f1.mp4,60 Hz,1/60,蛍光灯あり,60.008 fps,60,60,1,40,nagaoka_fireworks,min,I,8,,,frame_00000.png,frame_00119.png,QR未検出,120,1.999742
nagaoka_fireworks_I_8,lockin,0,0,QR未検出,,lockin,binary,,,15.000000,70,8,1,0.644077,,0.644077,frame_00000.png,frame_00119.png,r60_e60_f1.mp4,60 Hz,1/60,蛍光灯あり,60.008 fps,60,60,1,40,nagaoka_fireworks,min,I,8,,,frame_00000.png,frame_00119.png,QR未検出,120,1.999742
nagaoka_fireworks_I_8,lockin,0,0,QR未検出,,lockin,binary,,,15.000000,901,8,1,0.698498,,0.698498,frame_00000.png,frame_00119.png,r60_e60_f1.mp4,60 Hz,1/60,蛍光灯あり,60.008 fps,60,60,1,40,nagaoka_fireworks,min,I,8,,,frame_00000.png,frame_00119.png,QR未検出,120,1.999742
nagaoka_fireworks_I_8,lockin,0,0,QR未検出,,lockin,binary,,,15.000000,902,8,1,0.563179,,0.563179,frame_00000.png,frame_00119.png,r60_e60_f1.mp4,60 Hz,1/60,蛍光灯あり,60.008 fps,60,60,1,40,nagaoka_fireworks,min,I,8,,,frame_00000.png,frame_00119.png,QR未検出,120,1.999742
nagaoka_fireworks_I_8,lockin,0,0,QR未検出,,lockin,binary,,,30.000000,30,8,1,0.767957,,0.767957,frame_00000.png,frame_00119.png,r60_e60_f1.mp4,60 Hz,1/60,蛍光灯あり,60.008 fps,60,60,1,40,nagaoka_fireworks,min,I,8,,,frame_00000.png,frame_00119.png,QR未検出,120,1.999742
nagaoka_fireworks_I_8,lockin,0,0,QR未検出,,lockin,binary,,,30.000000,50,8,1,0.724264,,0.724264,frame_00000.png,frame_00119.png,r60_e60_f1.mp4,60 Hz,1/60,蛍光灯あり,60.008 fps,60,60,1,40,nagaoka_fireworks,min,I,8,,,frame_00000.png,frame_00119.png,QR未検出,120,1.999742
nagaoka_fireworks_I_8,lockin,0,0,QR未検出,,lockin,binary,,,30.000000,70,8,1,0.670112,,0.670112,frame_00000.png,frame_00119.png,r60_e60_f1.mp4,60 Hz,1/60,蛍光灯あり,60.008 fps,60,60,1,40,nagaoka_fireworks,min,I,8,,,frame_00000.png,frame_00119.png,QR未検出,120,1.999742
nagaoka_fireworks_I_8,lockin,0,0,QR未検出,,lockin,binary,,,30.000000,901,8,1,0.772177,,0.772177,frame_00000.png,frame_00119.png,r60_e60_f1.mp4,60 Hz,1/60,蛍光灯あり,60.008 fps,60,60,1,40,nagaoka_fireworks,min,I,8,,,frame_00000.png,frame_00119.png,QR未検出,120,1.999742
nagaoka_fireworks_I_8,lockin,0,0,QR未検出,,lockin,binary,,,30.000000,902,8,1,0.549692,,0.549692,frame_00000.png,frame_00119.png,r60_e60_f1.mp4,60 Hz,1/60,蛍光灯あり,60.008 fps,60,60,1,40,nagaoka_fireworks,min,I,8,,,frame_00000.png,frame_00119.png,QR未検出,120,1.999742
nagaoka_fireworks_R_12,lockin,0,0,QR未検出,,lockin,binary,,,10.007741,30,8,1,0.644257,,0.644257,frame_00000.png,frame_00119.png,r60_e60_f1.mp4,60 Hz,1/60,蛍光灯あり,60.008 fps,60,60,1,5,nagaoka_fireworks,R,R,12,,,frame_00000.png,frame_00119.png,QR未検出,120,1.999742
nagaoka_fireworks_R_12,lockin,0,0,QR未検出,,lockin,binary,,,10.007741,50,8,1,0.644175,,0.644175,frame_00000.png,frame_00119.png,r60_e60_f1.mp4,60 Hz,1/60,蛍光灯あり,60.008 fps,60,60,1,5,nagaoka_fireworks,R,R,12,,,frame_00000.png,frame_00119.png,QR未検出,120,1.999742
nagaoka_fireworks_R_12,lockin,0,0,QR未検出,,lockin,binary,,,10.007741,70,8,1,0.644175,,0.644175,frame_00000.png,frame_00119.png,r60_e60_f1.mp4,60 Hz,1/60,蛍光灯あり,60.008 fps,60,60,1,5,nagaoka_fireworks,R,R,12,,,frame_00000.png,frame_00119.png,QR未検出,120,1.999742
nagaoka_fireworks_R_12,lockin,0,0,QR未検出,,lockin,binary,,,10.007741,901,8,1,0.686242,,0.686242,frame_00000.png,frame_00119.png,r60_e60_f1.mp4,60 Hz,1/60,蛍光灯あり,60.008 fps,60,60,1,5,nagaoka_fireworks,R,R,12,,,frame_00000.png,frame_00119.png,QR未検出,120,1.999742
nagaoka_fireworks_R_12,lockin,0,0,QR未検出,,lockin,binary,,,10.007741,902,8,1,0.591688,,0.591688,frame_00000.png,frame_00119.png,r60_e60_f1.mp4,60 Hz,1/60,蛍光灯あり,60.008 fps,60,60,1,5,nagaoka_fireworks,R,R,12,,,frame_00000.png,frame_00119.png,QR未検出,120,1.999742
nagaoka_fireworks_R_12,lockin,0,0,QR未検出,,lockin,binary,,,15.000000,30,8,1,0.644171,,0.644171,frame_00000.png,frame_00119.png,r60_e60_f1.mp4,60 Hz,1/60,蛍光灯あり,60.008 fps,60,60,1,5,nagaoka_fireworks,R,R,12,,,frame_00000.png,frame_00119.png,QR未検出,120,1.999742
nagaoka_fireworks_R_12,lockin,0,0,QR未検出,,lockin,binary,,,15.000000,50,8,1,0.644175,,0.644175,frame_00000.png,frame_00119.png,r60_e60_f1.mp4,60 Hz,1/60,蛍光灯あり,60.008 fps,60,60,1,5,nagaoka_fireworks,R,R,12,,,frame_00000.png,frame_00119.png,QR未検出,120,1.999742
nagaoka_fireworks_R_12,lockin,0,0,QR未検出,,lockin,binary,,,15.000000,70,8,1,0.644175,,0.644175,frame_00000.png,frame_00119.png,r60_e60_f1.mp4,60 Hz,1/60,蛍光灯あり,60.008 fps,60,60,1,5,nagaoka_fireworks,R,R,12,,,frame_00000.png,frame_00119.png,QR未検出,120,1.999742
nagaoka_fireworks_R_12,lockin,0,0,QR未検出,,lockin,binary,,,15.000000,901,8,1,0.666688,,0.666688,frame_00000.png,frame_00119.png,r60_e60_f1.mp4,60 Hz,1/60,蛍光灯あり,60.008 fps,60,60,1,5,nagaoka_fireworks,R,R,12,,,frame_00000.png,frame_00119.png,QR未検出,120,1.999742
nagaoka_fireworks_R_12,lockin,0,0,QR未検出,,lockin,binary,,,15.000000,902,8,1,0.587309,,0.587309,frame_00000.png,frame_00119.png,r60_e60_f1.mp4,60 Hz,1/60,蛍光灯あり,60.008 fps,60,60,1,5,nagaoka_fireworks,R,R,12,,,frame_00000.png,frame_00119.png,QR未検出,120,1.999742
nagaoka_fireworks_R_12,lockin,0,0,QR未検出,,lockin,binary,,,30.000000,30,8,1,0.839055,,0.839055,frame_00000.png,frame_00119.png,r60_e60_f1.mp4,60 Hz,1/60,蛍光灯あり,60.008 fps,60,60,1,5,nagaoka_fireworks,R,R,12,,,frame_00000.png,frame_00119.png,QR未検出,120,1.999742
nagaoka_fireworks_R_12,lockin,0,0,QR未検出,,lockin,binary,,,30.000000,50,8,1,0.741341,,0.741341,frame_00000.png,frame_00119.png,r60_e60_f1.mp4,60 Hz,1/60,蛍光灯あり,60.008 fps,60,60,1,5,nagaoka_fireworks,R,R,12,,,frame_00000.png,frame_00119.png,QR未検出,120,1.999742
nagaoka_fireworks_R_12,lockin,0,0,QR未検出,,lockin,binary,,,30.000000,70,8,1,0.665706,,0.665706,frame_00000.png,frame_00119.png,r60_e60_f1.mp4,60 Hz,1/60,蛍光灯あり,60.008 fps,60,60,1,5,nagaoka_fireworks,R,R,12,,,frame_00000.png,frame_00119.png,QR未検出,120,1.999742
nagaoka_fireworks_R_12,lockin,0,0,QR未検出,,lockin,binary,,,30.000000,901,8,1,0.866845,,0.866845,frame_00000.png,frame_00119.png,r60_e60_f1.mp4,60 Hz,1/60,蛍光灯あり,60.008 fps,60,60,1,5,nagaoka_fireworks,R,R,12,,,frame_00000.png,frame_00119.png,QR未検出,120,1.999742
nagaoka_fireworks_R_12,lockin,0,0,QR未検出,,lockin,binary,,,30.000000,902,8,1,0.581881,,0.581881,frame_00000.png,frame_00119.png,r60_e60_f1.mp4,60 Hz,1/60,蛍光灯あり,60.008 fps,60,60,1,5,nagaoka_fireworks,R,R,12,,,frame_00000.png,frame_00119.png,QR未検出,120,1.999742
nagaoka_fireworks_R_4,lockin,0,0,QR未検出,,lockin,binary,,,10.007741,30,8,1,0.643452,,0.643452,frame_00000.png,frame_00119.png,r60_e60_f1.mp4,60 Hz,1/60,蛍光灯あり,60.008 fps,60,60,1,3,nagaoka_fireworks,R,R,4,,,frame_00000.png,frame_00119.png,QR未検出,120,1.999742
nagaoka_fireworks_R_4,lockin,0,0,QR未検出,,lockin,binary,,,10.007741,50,8,1,0.643986,,0.643986,frame_00000.png,frame_00119.png,r60_e60_f1.mp4,60 Hz,1/60,蛍光灯あり,60.008 fps,60,60,1,3,nagaoka_fireworks,R,R,4,,,frame_00000.png,frame_00119.png,QR未検出,120,1.999742
nagaoka_fireworks_R_4,lockin,0,0,QR未検出,,lockin,binary,,,10.007741,70,8,1,0.644175,,0.644175,frame_00000.png,frame_00119.png,r60_e60_f1.mp4,60 Hz,1/60,蛍光灯あり,60.008 fps,60,60,1,3,nagaoka_fireworks,R,R,4,,,frame_00000.png,frame_00119.png,QR未検出,120,1.999742
nagaoka_fireworks_R_4,lockin,0,0,QR未検出,,lockin,binary,,,10.007741,901,8,1,0.642294,,0.642294,frame_00000.png,frame_00119.png,r60_e60_f1.mp4,60 Hz,1/60,蛍光灯あり,60.008 fps,60,60,1,3,nagaoka_fireworks,R,R,4,,,frame_00000.png,frame_00119.png,QR未検出,120,1.999742
nagaoka_fireworks_R_4,lockin,0,0,QR未検出,,lockin,binary,,,10.007741,902,8,1,0.551073,,0.551073,frame_00000.png,frame_00119.png,r60_e60_f1.mp4,60 Hz,1/60,蛍光灯あり,60.008 fps,60,60,1,3,nagaoka_fireworks,R,R,4,,,frame_00000.png,frame_00119.png,QR未検出,120,1.999742
nagaoka_fireworks_R_4,lockin,0,0,QR未検出,,lockin,binary,,,15.000000,30,8,1,0.644101,,0.644101,frame_00000.png,frame_00119.png,r60_e60_f1.mp4,60 Hz,1/60,蛍光灯あり,60.008 fps,60,60,1,3,nagaoka_fireworks,R,R,4,,,frame_00000.png,frame_00119.png,QR未検出,120,1.999742
nagaoka_fireworks_R_4,lockin,0,0,QR未検出,,lockin,binary,,,15.000000,50,8,1,0.644175,,0.644175,frame_00000.png,frame_00119.png,r60_e60_f1.mp4,60 Hz,1/60,蛍光灯あり,60.008 fps,60,60,1,3,nagaoka_fireworks,R,R,4,,,frame_00000.png,frame_00119.png,QR未検出,120,1.999742
nagaoka_fireworks_R_4,lockin,0,0,QR未検出,,lockin,binary,,,15.000000,70,8,1,0.644175,,0.644175,frame_00000.png,frame_00119.png,r60_e60_f1.mp4,60 Hz,1/60,蛍光灯あり,60.008 fps,60,60,1,3,nagaoka_fireworks,R,R,4,,,frame_00000.png,frame_00119.png,QR未検出,120,1.999742
nagaoka_fireworks_R_4,lockin,0,0,QR未検出,,lockin,binary,,,15.000000,901,8,1,0.649310,,0.649310,frame_00000.png,frame_00119.png,r60_e60_f1.mp4,60 Hz,1/60,蛍光灯あり,60.008 fps,60,60,1,3,nagaoka_fireworks,R,R,4,,,frame_00000.png,frame_00119.png,QR未検出,120,1.999742
nagaoka_fireworks_R_4,lockin,0,0,QR未検出,,lockin,binary,,,15.000000,902,8,1,0.603428,,0.603428,frame_00000.png,frame_00119.png,r60_e60_f1.mp4,60 Hz,1/60,蛍光灯あり,60.008 fps,60,60,1,3,nagaoka_fireworks,R,R,4,,,frame_00000.png,frame_00119.png,QR未検出,120,1.999742
nagaoka_fireworks_R_4,lockin,0,0,QR未検出,,lockin,binary,,,30.000000,30,8,1,0.655548,,0.655548,frame_00000.png,frame_00119.png,r60_e60_f1.mp4,60 Hz,1/60,蛍光灯あり,60.008 fps,60,60,1,3,nagaoka_fireworks,R,R,4,,,frame_00000.png,frame_00119.png,QR未検出,120,1.999742
nagaoka_fireworks_R_4,lockin,0,0,QR未検出,,lockin,binary,,,30.000000,50,8,1,0.646001,,0.646001,frame_00000.png,frame_00119.png,r60_e60_f1.mp4,60 Hz,1/60,蛍光灯あり,60.008 fps,60,60,1,3,nagaoka_fireworks,R,R,4,,,frame_00000.png,frame_00119.png,QR未検出,120,1.999742
nagaoka_fireworks_R_4,lockin,0,0,QR未検出,,lockin,binary,,,30.000000,70,8,1,0.644285,,0.644285,frame_00000.png,frame_00119.png,r60_e60_f1.mp4,60 Hz,1/60,蛍光灯あり,60.008 fps,60,60,1,3,nagaoka_fireworks,R,R,4,,,frame_00000.png,frame_00119.png,QR未検出,120,1.999742
nagaoka_fireworks_R_4,lockin,0,0,QR未検出,,lockin,binary,,,30.000000,901,8,1,0.732927,,0.732927,frame_00000.png,frame_00119.png,r60_e60_f1.mp4,60 Hz,1/60,蛍光灯あり,60.008 fps,60,60,1,3,nagaoka_fireworks,R,R,4,,,frame_00000.png,frame_00119.png,QR未検出,120,1.999742
nagaoka_fireworks_R_4,lockin,0,0,QR未検出,,lockin,binary,,,30.000000,902,8,1,0.588045,,0.588045,frame_00000.png,frame_00119.png,r60_e60_f1.mp4,60 Hz,1/60,蛍光灯あり,60.008 fps,60,60,1,3,nagaoka_fireworks,R,R,4,,,frame_00000.png,frame_00119.png,QR未検出,120,1.999742
nagaoka_fireworks_R_8,lockin,0,0,QR未検出,,lockin,binary,,,10.007741,30,8,1,0.644000,,0.644000,frame_00000.png,frame_00119.png,r60_e60_f1.mp4,60 Hz,1/60,蛍光灯あり,60.008 fps,60,60,1,4,nagaoka_fireworks,R,R,8,,,frame_00000.png,frame_00119.png,QR未検出,120,1.999742
nagaoka_fireworks_R_8,lockin,0,0,QR未検出,,lockin,binary,,,10.007741,50,8,1,0.644175,,0.644175,frame_00000.png,frame_00119.png,r60_e60_f1.mp4,60 Hz,1/60,蛍光灯あり,60.008 fps,60,60,1,4,nagaoka_fireworks,R,R,8,,,frame_00000.png,frame_00119.png,QR未検出,120,1.999742
nagaoka_fireworks_R_8,lockin,0,0,QR未検出,,lockin,binary,,,10.007741,70,8,1,0.644175,,0.644175,frame_00000.png,frame_00119.png,r60_e60_f1.mp4,60 Hz,1/60,蛍光灯あり,60.008 fps,60,60,1,4,nagaoka_fireworks,R,R,8,,,frame_00000.png,frame_00119.png,QR未検出,120,1.999742
nagaoka_fireworks_R_8,lockin,0,0,QR未検出,,lockin,binary,,,10.007741,901,8,1,0.688461,,0.688461,frame_00000.png,frame_00119.png,r60_e60_f1.mp4,60 Hz,1/60,蛍光灯あり,60.008 fps,60,60,1,4,nagaoka_fireworks,R,R,8,,,frame_00000.png,frame_00119.png,QR未検出,120,1.999742
nagaoka_fireworks_R_8,lockin,0,0,QR未検出,,lockin,binary,,,10.007741,902,8,1,0.563828,,0.563828,frame_00000.png,frame_00119.png,r60_e60_f1.mp4,60 Hz,1/60,蛍光灯あり,60.008 fps,60,60,1,4,nagaoka_fireworks,R,R,8,,,frame_00000.png,frame_00119.png,QR未検出,120,1.999742
nagaoka_fireworks_R_8,lockin,0,0,QR未検出,,lockin,binary,,,15.000000,30,8,1,0.643905,,0.643905,frame_00000.png,frame_00119.png,r60_e60_f1.mp4,60 Hz,1/60,蛍光灯あり,60.008 fps,60,60,1,4,nagaoka_fireworks,R,R,8,,,frame_00000.png,frame_00119.png,QR未検出,120,1.999742
nagaoka_fireworks_R_8,lockin,0,0,QR未検出,,lockin,binary,,,15.000000,50,8,1,0.644126,,0.644126,frame_00000.png,frame_00119.png,r60_e60_f1.mp4,60 Hz,1/60,蛍光灯あり,60.008 fps,60,60,1,4,nagaoka_fireworks,R,R,8,,,frame_00000.png,frame_00119.png,QR未検出,120,1.999742
nagaoka_fireworks_R_8,lockin,0,0,QR未検出,,lockin,binary,,,15.000000,70,8,1,0.644117,,0.644117,frame_00000.png,frame_00119.png,r60_e60_f1.mp4,60 Hz,1/60,蛍光灯あり,60.008 fps,60,60,1,4,nagaoka_fireworks,R,R,8,,,frame_00000.png,frame_00119.png,QR未検出,120,1.999742
nagaoka_fireworks_R_8,lockin,0,0,QR未検出,,lockin,binary,,,15.000000,901,8,1,0.687635,,0.687635,frame_00000.png,frame_00119.png,r60_e60_f1.mp4,60 Hz,1/60,蛍光灯あり,60.008 fps,60,60,1,4,nagaoka_fireworks,R,R,8,,,frame_00000.png,frame_00119.png,QR未検出,120,1.999742
nagaoka_fireworks_R_8,lockin,0,0,QR未検出,,lockin,binary,,,15.000000,902,8,1,0.544636,,0.544636,frame_00000.png,frame_00119.png,r60_e60_f1.mp4,60 Hz,1/60,蛍光灯あり,60.008 fps,60,60,1,4,nagaoka_fireworks,R,R,8,,,frame_00000.png,frame_00119.png,QR未検出,120,1.999742
nagaoka_fireworks_R_8,lockin,0,0,QR未検出,,lockin,binary,,,30.000000,30,8,1,0.718658,,0.718658,frame_00000.png,frame_00119.png,r60_e60_f1.mp4,60 Hz,1/60,蛍光灯あり,60.008 fps,60,60,1,4,nagaoka_fireworks,R,R,8,,,frame_00000.png,frame_00119.png,QR未検出,120,1.999742
nagaoka_fireworks_R_8,lockin,0,0,QR未検出,,lockin,binary,,,30.000000,50,8,1,0.657070,,0.657070,frame_00000.png,frame_00119.png,r60_e60_f1.mp4,60 Hz,1/60,蛍光灯あり,60.008 fps,60,60,1,4,nagaoka_fireworks,R,R,8,,,frame_00000.png,frame_00119.png,QR未検出,120,1.999742
nagaoka_fireworks_R_8,lockin,0,0,QR未検出,,lockin,binary,,,30.000000,70,8,1,0.646253,,0.646253,frame_00000.png,frame_00119.png,r60_e60_f1.mp4,60 Hz,1/60,蛍光灯あり,60.008 fps,60,60,1,4,nagaoka_fireworks,R,R,8,,,frame_00000.png,frame_00119.png,QR未検出,120,1.999742
nagaoka_fireworks_R_8,lockin,0,0,QR未検出,,lockin,binary,,,30.000000,901,8,1,0.785522,,0.785522,frame_00000.png,frame_00119.png,r60_e60_f1.mp4,60 Hz,1/60,蛍光灯あり,60.008 fps,60,60,1,4,nagaoka_fireworks,R,R,8,,,frame_00000.png,frame_00119.png,QR未検出,120,1.999742
nagaoka_fireworks_R_8,lockin,0,0,QR未検出,,lockin,binary,,,30.000000,902,8,1,0.547318,,0.547318,frame_00000.png,frame_00119.png,r60_e60_f1.mp4,60 Hz,1/60,蛍光灯あり,60.008 fps,60,60,1,4,nagaoka_fireworks,R,R,8,,,frame_00000.png,frame_00119.png,QR未検出,120,1.999742
nagaoka_fireworks_X_12,lockin,0,0,QR未検出,,lockin,binary,,,10.007741,30,8,1,0.643933,,0.643933,frame_00000.png,frame_00119.png,r60_e60_f1.mp4,60 Hz,1/60,蛍光灯あり,60.008 fps,60,60,1,53,nagaoka_fireworks,max,X,12,,,frame_00000.png,frame_00119.png,QR未検出,120,1.999742
nagaoka_fireworks_X_12,lockin,0,0,QR未検出,,lockin,binary,,,10.007741,50,8,1,0.644120,,0.644120,frame_00000.png,frame_00119.png,r60_e60_f1.mp4,60 Hz,1/60,蛍光灯あり,60.008 fps,60,60,1,53,nagaoka_fireworks,max,X,12,,,frame_00000.png,frame_00119.png,QR未検出,120,1.999742
nagaoka_fireworks_X_12,lockin,0,0,QR未検出,,lockin,binary,,,10.007741,70,8,1,0.644197,,0.644197,frame_00000.png,frame_00119.png,r60_e60_f1.mp4,60 Hz,1/60,蛍光灯あり,60.008 fps,60,60,1,53,nagaoka_fireworks,max,X,12,,,frame_00000.png,frame_00119.png,QR未検出,120,1.999742
nagaoka_fireworks_X_12,lockin,0,0,QR未検出,,lockin,binary,,,10.007741,901,8,1,0.676902,,0.676902,frame_00000.png,frame_00119.png,r60_e60_f1.mp4,60 Hz,1/60,蛍光灯あり,60.008 fps,60,60,1,53,nagaoka_fireworks,max,X,12,,,frame_00000.png,frame_00119.png,QR未検出,120,1.999742
nagaoka_fireworks_X_12,lockin,0,0,QR未検出,,lockin,binary,,,10.007741,902,8,1,0.566871,,0.566871,frame_00000.png,frame_00119.png,r60_e60_f1.mp4,60 Hz,1/60,蛍光灯あり,60.008 fps,60,60,1,53,nagaoka_fireworks,max,X,12,,,frame_00000.png,frame_00119.png,QR未検出,120,1.999742
nagaoka_fireworks_X_12,lockin,0,0,QR未検出,,lockin,binary,,,15.000000,30,8,1,0.643856,,0.643856,frame_00000.png,frame_00119.png,r60_e60_f1.mp4,60 Hz,1/60,蛍光灯あり,60.008 fps,60,60,1,53,nagaoka_fireworks,max,X,12,,,frame_00000.png,frame_00119.png,QR未検出,120,1.999742
nagaoka_fireworks_X_12,lockin,0,0,QR未検出,,lockin,binary,,,15.000000,50,8,1,0.644073,,0.644073,frame_00000.png,frame_00119.png,r60_e60_f1.mp4,60 Hz,1/60,蛍光灯あり,60.008 fps,60,60,1,53,nagaoka_fireworks,max,X,12,,,frame_00000.png,frame_00119.png,QR未検出,120,1.999742
nagaoka_fireworks_X_12,lockin,0,0,QR未検出,,lockin,binary,,,15.000000,70,8,1,0.644143,,0.644143,frame_00000.png,frame_00119.png,r60_e60_f1.mp4,60 Hz,1/60,蛍光灯あり,60.008 fps,60,60,1,53,nagaoka_fireworks,max,X,12,,,frame_00000.png,frame_00119.png,QR未検出,120,1.999742
nagaoka_fireworks_X_12,lockin,0,0,QR未検出,,lockin,binary,,,15.000000,901,8,1,0.670042,,0.670042,frame_00000.png,frame_00119.png,r60_e60_f1.mp4,60 Hz,1/60,蛍光灯あり,60.008 fps,60,60,1,53,nagaoka_fireworks,max,X,12,,,frame_00000.png,frame_00119.png,QR未検出,120,1.999742
nagaoka_fireworks_X_12,lockin,0,0,QR未検出,,lockin,binary,,,15.000000,902,8,1,0.594152,,0.594152,frame_00000.png,frame_00119.png,r60_e60_f1.mp4,60 Hz,1/60,蛍光灯あり,60.008 fps,60,60,1,53,nagaoka_fireworks,max,X,12,,,frame_00000.png,frame_00119.png,QR未検出,120,1.999742
nagaoka_fireworks_X_12,lockin,0,0,QR未検出,,lockin,binary,,,30.000000,30,8,1,0.732969,,0.732969,frame_00000.png,frame_00119.png,r60_e60_f1.mp4,60 Hz,1/60,蛍光灯あり,60.008 fps,60,60,1,53,nagaoka_fireworks,max,X,12,,,frame_00000.png,frame_00119.png,QR未検出,120,1.999742
nagaoka_fireworks_X_12,lockin,0,0,QR未検出,,lockin,binary,,,30.000000,50,8,1,0.680671,,0.680671,frame_00000.png,frame_00119.png,r60_e60_f1.mp4,60 Hz,1/60,蛍光灯あり,60.008 fps,60,60,1,53,nagaoka_fireworks,max,X,12,,,frame_00000.png,frame_00119.png,QR未検出,120,1.999742
nagaoka_fireworks_X_12,lockin,0,0,QR未検出,,lockin,binary,,,30.000000,70,8,1,0.651026,,0.651026,frame_00000.png,frame_00119.png,r60_e60_f1.mp4,60 Hz,1/60,蛍光灯あり,60.008 fps,60,60,1,53,nagaoka_fireworks,max,X,12,,,frame_00000.png,frame_00119.png,QR未検出,120,1.999742
nagaoka_fireworks_X_12,lockin,0,0,QR未検出,,lockin,binary,,,30.000000,901,8,1,0.756652,,0.756652,frame_00000.png,frame_00119.png,r60_e60_f1.mp4,60 Hz,1/60,蛍光灯あり,60.008 fps,60,60,1,53,nagaoka_fireworks,max,X,12,,,frame_00000.png,frame_00119.png,QR未検出,120,1.999742
nagaoka_fireworks_X_12,lockin,0,0,QR未検出,,lockin,binary,,,30.000000,902,8,1,0.548503,,0.548503,frame_00000.png,frame_00119.png,r60_e60_f1.mp4,60 Hz,1/60,蛍光灯あり,60.008 fps,60,60,1,53,nagaoka_fireworks,max,X,12,,,frame_00000.png,frame_00119.png,QR未検出,120,1.999742
nagaoka_fireworks_X_4,lockin,0,0,QR未検出,,lockin,binary,,,10.007741,30,8,1,0.642990,,0.642990,frame_00000.png,frame_00119.png,r60_e60_f1.mp4,60 Hz,1/60,蛍光灯あり,60.008 fps,60,60,1,51,nagaoka_fireworks,max,X,4,,,frame_00000.png,frame_00119.png,QR未検出,120,1.999742
nagaoka_fireworks_X_4,lockin,0,0,QR未検出,,lockin,binary,,,10.007741,50,8,1,0.644138,,0.644138,frame_00000.png,frame_00119.png,r60_e60_f1.mp4,60 Hz,1/60,蛍光灯あり,60.008 fps,60,60,1,51,nagaoka_fireworks,max,X,4,,,frame_00000.png,frame_00119.png,QR未検出,120,1.999742
nagaoka_fireworks_X_4,lockin,0,0,QR未検出,,lockin,binary,,,10.007741,70,8,1,0.644175,,0.644175,frame_00000.png,frame_00119.png,r60_e60_f1.mp4,60 Hz,1/60,蛍光灯あり,60.008 fps,60,60,1,51,nagaoka_fireworks,max,X,4,,,frame_00000.png,frame_00119.png,QR未検出,120,1.999742
nagaoka_fireworks_X_4,lockin,0,0,QR未検出,,lockin,binary,,,10.007741,901,8,1,0.615550,,0.615550,frame_00000.png,frame_00119.png,r60_e60_f1.mp4,60 Hz,1/60,蛍光灯あり,60.008 fps,60,60,1,51,nagaoka_fireworks,max,X,4,,,frame_00000.png,frame_00119.png,QR未検出,120,1.999742
nagaoka_fireworks_X_4,lockin,0,0,QR未検出,,lockin,binary,,,10.007741,902,8,1,0.555388,,0.555388,frame_00000.png,frame_00119.png,r60_e60_f1.mp4,60 Hz,1/60,蛍光灯あり,60.008 fps,60,60,1,51,nagaoka_fireworks,max,X,4,,,frame_00000.png,frame_00119.png,QR未検出,120,1.999742
nagaoka_fireworks_X_4,lockin,0,0,QR未検出,,lockin,binary,,,15.000000,30,8,1,0.643225,,0.643225,frame_00000.png,frame_00119.png,r60_e60_f1.mp4,60 Hz,1/60,蛍光灯あり,60.008 fps,60,60,1,51,nagaoka_fireworks,max,X,4,,,frame_00000.png,frame_00119.png,QR未検出,120,1.999742
nagaoka_fireworks_X_4,lockin,0,0,QR未検出,,lockin,binary,,,15.000000,50,8,1,0.644117,,0.644117,frame_00000.png,frame_00119.png,r60_e60_f1.mp4,60 Hz,1/60,蛍光灯あり,60.008 fps,60,60,1,51,nagaoka_fireworks,max,X,4,,,frame_00000.png,frame_00119.png,QR未検出,120,1.999742
nagaoka_fireworks_X_4,lockin,0,0,QR未検出,,lockin,binary,,,15.000000,70,8,1,0.644175,,0.644175,frame_00000.png,frame_00119.png,r60_e60_f1.mp4,60 Hz,1/60,蛍光灯あり,60.008 fps,60,60,1,51,nagaoka_fireworks,max,X,4,,,frame_00000.png,frame_00119.png,QR未検出,120,1.999742
nagaoka_fireworks_X_4,lockin,0,0,QR未検出,,lockin,binary,,,15.000000,901,8,1,0.612936,,0.612936,frame_00000.png,frame_00119.png,r60_e60_f1.mp4,60 Hz,1/60,蛍光灯あり,60.008 fps,60,60,1,51,nagaoka_fireworks,max,X,4,,,frame_00000.png,frame_00119.png,QR未検出,120,1.999742
nagaoka_fireworks_X_4,lockin,0,0,QR未検出,,lockin,binary,,,15.000000,902,8,1,0.565072,,0.565072,frame_00000.png,frame_00119.png,r60_e60_f1.mp4,60 Hz,1/60,蛍光灯あり,60.008 fps,60,60,1,51,nagaoka_fireworks,max,X,4,,,frame_00000.png,frame_00119.png,QR未検出,120,1.999742
nagaoka_fireworks_X_4,lockin,0,0,QR未検出,,lockin,binary,,,30.000000,30,8,1,0.645394,,0.645394,frame_00000.png,frame_00119.png,r60_e60_f1.mp4,60 Hz,1/60,蛍光灯あり,60.008 fps,60,60,1,51,nagaoka_fireworks,max,X,4,,,frame_00000.png,frame_00119.png,QR未検出,120,1.999742
nagaoka_fireworks_X_4,lockin,0,0,QR未検出,,lockin,binary,,,30.000000,50,8,1,0.644175,,0.644175,frame_00000.png,frame_00119.png,r60_e60_f1.mp4,60 Hz,1/60,蛍光灯あり,60.008 fps,60,60,1,51,nagaoka_fireworks,max,X,4,,,frame_00000.png,frame_00119.png,QR未検出,120,1.999742
nagaoka_fireworks_X_4,lockin,0,0,QR未検出,,lockin,binary,,,30.000000,70,8,1,0.644141,,0.644141,frame_00000.png,frame_00119.png,r60_e60_f1.mp4,60 Hz,1/60,蛍光灯あり,60.008 fps,60,60,1,51,nagaoka_fireworks,max,X,4,,,frame_00000.png,frame_00119.png,QR未検出,120,1.999742
nagaoka_fireworks_X_4,lockin,0,0,QR未検出,,lockin,binary,,,30.000000,901,8,1,0.664364,,0.664364,frame_00000.png,frame_00119.png,r60_e60_f1.mp4,60 Hz,1/60,蛍光灯あり,60.008 fps,60,60,1,51,nagaoka_fireworks,max,X,4,,,frame_00000.png,frame_00119.png,QR未検出,120,1.999742
nagaoka_fireworks_X_4,lockin,0,0,QR未検出,,lockin,binary,,,30.000000,902,8,1,0.596659,,0.596659,frame_00000.png,frame_00119.png,r60_e60_f1.mp4,60 Hz,1/60,蛍光灯あり,60.008 fps,60,60,1,51,nagaoka_fireworks,max,X,4,,,frame_00000.png,frame_00119.png,QR未検出,120,1.999742
nagaoka_fireworks_X_8,lockin,0,0,QR未検出,,lockin,binary,,,10.007741,30,8,1,0.642911,,0.642911,frame_00000.png,frame_00119.png,r60_e60_f1.mp4,60 Hz,1/60,蛍光灯あり,60.008 fps,60,60,1,52,nagaoka_fireworks,max,X,8,,,frame_00000.png,frame_00119.png,QR未検出,120,1.999742
nagaoka_fireworks_X_8,lockin,0,0,QR未検出,,lockin,binary,,,10.007741,50,8,1,0.644155,,0.644155,frame_00000.png,frame_00119.png,r60_e60_f1.mp4,60 Hz,1/60,蛍光灯あり,60.008 fps,60,60,1,52,nagaoka_fireworks,max,X,8,,,frame_00000.png,frame_00119.png,QR未検出,120,1.999742
nagaoka_fireworks_X_8,lockin,0,0,QR未検出,,lockin,binary,,,10.007741,70,8,1,0.644169,,0.644169,frame_00000.png,frame_00119.png,r60_e60_f1.mp4,60 Hz,1/60,蛍光灯あり,60.008 fps,60,60,1,52,nagaoka_fireworks,max,X,8,,,frame_00000.png,frame_00119.png,QR未検出,120,1.999742
nagaoka_fireworks_X_8,lockin,0,0,QR未検出,,lockin,binary,,,10.007741,901,8,1,0.614621,,0.614621,frame_00000.png,frame_00119.png,r60_e60_f1.mp4,60 Hz,1/60,蛍光灯あり,60.008 fps,60,60,1,52,nagaoka_fireworks,max,X,8,,,frame_00000.png,frame_00119.png,QR未検出,120,1.999742
nagaoka_fireworks_X_8,lockin,0,0,QR未検出,,lockin,binary,,,10.007741,902,8,1,0.545906,,0.545906,frame_00000.png,frame_00119.png,r60_e60_f1.mp4,60 Hz,1/60,蛍光灯あり,60.008 fps,60,60,1,52,nagaoka_fireworks,max,X,8,,,frame_00000.png,frame_00119.png,QR未検出,120,1.999742
nagaoka_fireworks_X_8,lockin,0,0,QR未検出,,lockin,binary,,,15.000000,30,8,1,0.643524,,0.643524,frame_00000.png,frame_00119.png,r60_e60_f1.mp4,60 Hz,1/60,蛍光灯あり,60.008 fps,60,60,1,52,nagaoka_fireworks,max,X,8,,,frame_00000.png,frame_00119.png,QR未検出,120,1.999742
nagaoka_fireworks_X_8,lockin,0,0,QR未検出,,lockin,binary,,,15.000000,50,8,1,0.644161,,0.644161,frame_00000.png,frame_00119.png,r60_e60_f1.mp4,60 Hz,1/60,蛍光灯あり,60.008 fps,60,60,1,52,nagaoka_fireworks,max,X,8,,,frame_00000.png,frame_00119.png,QR未検出,120,1.999742
nagaoka_fireworks_X_8,lockin,0,0,QR未検出,,lockin,binary,,,15.000000,70,8,1,0.644175,,0.644175,frame_00000.png,frame_00119.png,r60_e60_f1.mp4,60 Hz,1/60,蛍光灯あり,60.008 fps,60,60,1,52,nagaoka_fireworks,max,X,8,,,frame_00000.png,frame_00119.png,QR未検出,120,1.999742
nagaoka_fireworks_X_8,lockin,0,0,QR未検出,,lockin,binary,,,15.000000,901,8,1,0.626400,,0.626400,frame_00000.png,frame_00119.png,r60_e60_f1.mp4,60 Hz,1/60,蛍光灯あり,60.008 fps,60,60,1,52,nagaoka_fireworks,max,X,8,,,frame_00000.png,frame_00119.png,QR未検出,120,1.999742
nagaoka_fireworks_X_8,lockin,0,0,QR未検出,,lockin,binary,,,15.000000,902,8,1,0.555064,,0.555064,frame_00000.png,frame_00119.png,r60_e60_f1.mp4,60 Hz,1/60,蛍光灯あり,60.008 fps,60,60,1,52,nagaoka_fireworks,max,X,8,,,frame_00000.png,frame_00119.png,QR未検出,120,1.999742
nagaoka_fireworks_X_8,lockin,0,0,QR未検出,,lockin,binary,,,30.000000,30,8,1,0.646778,,0.646778,frame_00000.png,frame_00119.png,r60_e60_f1.mp4,60 Hz,1/60,蛍光灯あり,60.008 fps,60,60,1,52,nagaoka_fireworks,max,X,8,,,frame_00000.png,frame_00119.png,QR未検出,120,1.999742
nagaoka_fireworks_X_8,lockin,0,0,QR未検出,,lockin,binary,,,30.000000,50,8,1,0.644106,,0.644106,frame_00000.png,frame_00119.png,r60_e60_f1.mp4,60 Hz,1/60,蛍光灯あり,60.008 fps,60,60,1,52,nagaoka_fireworks,max,X,8,,,frame_00000.png,frame_00119.png,QR未検出,120,1.999742
nagaoka_fireworks_X_8,lockin,0,0,QR未検出,,lockin,binary,,,30.000000,70,8,1,0.644098,,0.644098,frame_00000.png,frame_00119.png,r60_e60_f1.mp4,60 Hz,1/60,蛍光灯あり,60.008 fps,60,60,1,52,nagaoka_fireworks,max,X,8,,,frame_00000.png,frame_00119.png,QR未検出,120,1.999742
nagaoka_fireworks_X_8,lockin,0,0,QR未検出,,lockin,binary,,,30.000000,901,8,1,0.678809,,0.678809,frame_00000.png,frame_00119.png,r60_e60_f1.mp4,60 Hz,1/60,蛍光灯あり,60.008 fps,60,60,1,52,nagaoka_fireworks,max,X,8,,,frame_00000.png,frame_00119.png,QR未検出,120,1.999742
nagaoka_fireworks_X_8,lockin,0,0,QR未検出,,lockin,binary,,,30.000000,902,8,1,0.626562,,0.626562,frame_00000.png,frame_00119.png,r60_e60_f1.mp4,60 Hz,1/60,蛍光灯あり,60.008 fps,60,60,1,52,nagaoka_fireworks,max,X,8,,,frame_00000.png,frame_00119.png,QR未検出,120,1.999742
rice_B_12,lockin,0,0,QR未検出,,lockin,binary,,,10.007741,30,8,1,0.644108,,0.644108,frame_00000.png,frame_00119.png,r60_e60_f1.mp4,60 Hz,1/60,蛍光灯あり,60.008 fps,60,60,1,26,rice,B,B,12,,,frame_00000.png,frame_00119.png,QR未検出,120,1.999742
rice_B_12,lockin,0,0,QR未検出,,lockin,binary,,,10.007741,50,8,1,0.644210,,0.644210,frame_00000.png,frame_00119.png,r60_e60_f1.mp4,60 Hz,1/60,蛍光灯あり,60.008 fps,60,60,1,26,rice,B,B,12,,,frame_00000.png,frame_00119.png,QR未検出,120,1.999742
rice_B_12,lockin,0,0,QR未検出,,lockin,binary,,,10.007741,70,8,1,0.644175,,0.644175,frame_00000.png,frame_00119.png,r60_e60_f1.mp4,60 Hz,1/60,蛍光灯あり,60.008 fps,60,60,1,26,rice,B,B,12,,,frame_00000.png,frame_00119.png,QR未検出,120,1.999742
rice_B_12,lockin,0,0,QR未検出,,lockin,binary,,,10.007741,901,8,1,0.683995,,0.683995,frame_00000.png,frame_00119.png,r60_e60_f1.mp4,60 Hz,1/60,蛍光灯あり,60.008 fps,60,60,1,26,rice,B,B,12,,,frame_00000.png,frame_00119.png,QR未検出,120,1.999742
rice_B_12,lockin,0,0,QR未検出,,lockin,binary,,,10.007741,902,8,1,0.515938,,0.515938,frame_00000.png,frame_00119.png,r60_e60_f1.mp4,60 Hz,1/60,蛍光灯あり,60.008 fps,60,60,1,26,rice,B,B,12,,,frame_00000.png,frame_00119.png,QR未検出,120,1.999742
rice_B_12,lockin,0,0,QR未検出,,lockin,binary,,,15.000000,30,8,1,0.644199,,0.644199,frame_00000.png,frame_00119.png,r60_e60_f1.mp4,60 Hz,1/60,蛍光灯あり,60.008 fps,60,60,1,26,rice,B,B,12,,,frame_00000.png,frame_00119.png,QR未検出,120,1.999742
rice_B_12,lockin,0,0,QR未検出,,lockin,binary,,,15.000000,50,8,1,0.644140,,0.644140,frame_00000.png,frame_00119.png,r60_e60_f1.mp4,60 Hz,1/60,蛍光灯あり,60.008 fps,60,60,1,26,rice,B,B,12,,,frame_00000.png,frame_00119.png,QR未検出,120,1.999742
rice_B_12,lockin,0,0,QR未検出,,lockin,binary,,,15.000000,70,8,1,0.644175,,0.644175,frame_00000.png,frame_00119.png,r60_e60_f1.mp4,60 Hz,1/60,蛍光灯あり,60.008 fps,60,60,1,26,rice,B,B,12,,,frame_00000.png,frame_00119.png,QR未検出,120,1.999742
rice_B_12,lockin,0,0,QR未検出,,lockin,binary,,,15.000000,901,8,1,0.690378,,0.690378,frame_00000.png,frame_00119.png,r60_e60_f1.mp4,60 Hz,1/60,蛍光灯あり,60.008 fps,60,60,1,26,rice,B,B,12,,,frame_00000.png,frame_00119.png,QR未検出,120,1.999742
rice_B_12,lockin,0,0,QR未検出,,lockin,binary,,,15.000000,902,8,1,0.516744,,0.516744,frame_00000.png,frame_00119.png,r60_e60_f1.mp4,60 Hz,1/60,蛍光灯あり,60.008 fps,60,60,1,26,rice,B,B,12,,,frame_00000.png,frame_00119.png,QR未検出,120,1.999742
rice_B_12,lockin,0,0,QR未検出,,lockin,binary,,,30.000000,30,8,1,0.914494,,0.914494,frame_00000.png,frame_00119.png,r60_e60_f1.mp4,60 Hz,1/60,蛍光灯あり,60.008 fps,60,60,1,26,rice,B,B,12,,,frame_00000.png,frame_00119.png,QR未検出,120,1.999742
rice_B_12,lockin,0,0,QR未検出,,lockin,binary,,,30.000000,50,8,1,0.764242,,0.764242,frame_00000.png,frame_00119.png,r60_e60_f1.mp4,60 Hz,1/60,蛍光灯あり,60.008 fps,60,60,1,26,rice,B,B,12,,,frame_00000.png,frame_00119.png,QR未検出,120,1.999742
rice_B_12,lockin,0,0,QR未検出,,lockin,binary,,,30.000000,70,8,1,0.671986,,0.671986,frame_00000.png,frame_00119.png,r60_e60_f1.mp4,60 Hz,1/60,蛍光灯あり,60.008 fps,60,60,1,26,rice,B,B,12,,,frame_00000.png,frame_00119.png,QR未検出,120,1.999742
rice_B_12,lockin,1,0,QR未検出,,lockin,binary,,,30.000000,901,8,1,0.926052,,0.926052,frame_00000.png,frame_00119.png,r60_e60_f1.mp4,60 Hz,1/60,蛍光灯あり,60.008 fps,60,60,1,26,rice,B,B,12,,,frame_00000.png,frame_00119.png,QR未検出,120,1.999742
rice_B_12,lockin,0,0,QR未検出,,lockin,binary,,,30.000000,902,8,1,0.606604,,0.606604,frame_00000.png,frame_00119.png,r60_e60_f1.mp4,60 Hz,1/60,蛍光灯あり,60.008 fps,60,60,1,26,rice,B,B,12,,,frame_00000.png,frame_00119.png,QR未検出,120,1.999742
rice_B_4,lockin,0,0,QR未検出,,lockin,binary,,,10.007741,30,8,1,0.643982,,0.643982,frame_00000.png,frame_00119.png,r60_e60_f1.mp4,60 Hz,1/60,蛍光灯あり,60.008 fps,60,60,1,24,rice,B,B,4,,,frame_00000.png,frame_00119.png,QR未検出,120,1.999742
rice_B_4,lockin,0,0,QR未検出,,lockin,binary,,,10.007741,50,8,1,0.644126,,0.644126,frame_00000.png,frame_00119.png,r60_e60_f1.mp4,60 Hz,1/60,蛍光灯あり,60.008 fps,60,60,1,24,rice,B,B,4,,,frame_00000.png,frame_00119.png,QR未検出,120,1.999742
rice_B_4,lockin,0,0,QR未検出,,lockin,binary,,,10.007741,70,8,1,0.644175,,0.644175,frame_00000.png,frame_00119.png,r60_e60_f1.mp4,60 Hz,1/60,蛍光灯あり,60.008 fps,60,60,1,24,rice,B,B,4,,,frame_00000.png,frame_00119.png,QR未検出,120,1.999742
rice_B_4,lockin,0,0,QR未検出,,lockin,binary,,,10.007741,901,8,1,0.700213,,0.700213,frame_00000.png,frame_00119.png,r60_e60_f1.mp4,60 Hz,1/60,蛍光灯あり,60.008 fps,60,60,1,24,rice,B,B,4,,,frame_00000.png,frame_00119.png,QR未検出,120,1.999742
rice_B_4,lockin,0,0,QR未検出,,lockin,binary,,,10.007741,902,8,1,0.543472,,0.543472,frame_00000.png,frame_00119.png,r60_e60_f1.mp4,60 Hz,1/60,蛍光灯あり,60.008 fps,60,60,1,24,rice,B,B,4,,,frame_00000.png,frame_00119.png,QR未検出,120,1.999742
rice_B_4,lockin,0,0,QR未検出,,lockin,binary,,,15.000000,30,8,1,0.643435,,0.643435,frame_00000.png,frame_00119.png,r60_e60_f1.mp4,60 Hz,1/60,蛍光灯あり,60.008 fps,60,60,1,24,rice,B,B,4,,,frame_00000.png,frame_00119.png,QR未検出,120,1.999742
rice_B_4,lockin,0,0,QR未検出,,lockin,binary,,,15.000000,50,8,1,0.644035,,0.644035,frame_00000.png,frame_00119.png,r60_e60_f1.mp4,60 Hz,1/60,蛍光灯あり,60.008 fps,60,60,1,24,rice,B,B,4,,,frame_00000.png,frame_00119.png,QR未検出,120,1.999742
rice_B_4,lockin,0,0,QR未検出,,lockin,binary,,,15.000000,70,8,1,0.644124,,0.644124,frame_00000.png,frame_00119.png,r60_e60_f1.mp4,60 Hz,1/60,蛍光灯あり,60.008 fps,60,60,1,24,rice,B,B,4,,,frame_00000.png,frame_00119.png,QR未検出,120,1.999742
rice_B_4,lockin,0,0,QR未検出,,lockin,binary,,,15.000000,901,8,1,0.704031,,0.704031,frame_00000.png,frame_00119.png,r60_e60_f1.mp4,60 Hz,1/60,蛍光灯あり,60.008 fps,60,60,1,24,rice,B,B,4,,,frame_00000.png,frame_00119.png,QR未検出,120,1.999742
rice_B_4,lockin,0,0,QR未検出,,lockin,binary,,,15.000000,902,8,1,0.511028,,0.511028,frame_00000.png,frame_00119.png,r60_e60_f1.mp4,60 Hz,1/60,蛍光灯あり,60.008 fps,60,60,1,24,rice,B,B,4,,,frame_00000.png,frame_00119.png,QR未検出,120,1.999742
rice_B_4,lockin,0,0,QR未検出,,lockin,binary,,,30.000000,30,8,1,0.654617,,0.654617,frame_00000.png,frame_00119.png,r60_e60_f1.mp4,60 Hz,1/60,蛍光灯あり,60.008 fps,60,60,1,24,rice,B,B,4,,,frame_00000.png,frame_00119.png,QR未検出,120,1.999742
rice_B_4,lockin,0,0,QR未検出,,lockin,binary,,,30.000000,50,8,1,0.644554,,0.644554,frame_00000.png,frame_00119.png,r60_e60_f1.mp4,60 Hz,1/60,蛍光灯あり,60.008 fps,60,60,1,24,rice,B,B,4,,,frame_00000.png,frame_00119.png,QR未検出,120,1.999742
rice_B_4,lockin,0,0,QR未検出,,lockin,binary,,,30.000000,70,8,1,0.644252,,0.644252,frame_00000.png,frame_00119.png,r60_e60_f1.mp4,60 Hz,1/60,蛍光灯あり,60.008 fps,60,60,1,24,rice,B,B,4,,,frame_00000.png,frame_00119.png,QR未検出,120,1.999742
rice_B_4,lockin,0,0,QR未検出,,lockin,binary,,,30.000000,901,8,1,0.774761,,0.774761,frame_00000.png,frame_00119.png,r60_e60_f1.mp4,60 Hz,1/60,蛍光灯あり,60.008 fps,60,60,1,24,rice,B,B,4,,,frame_00000.png,frame_00119.png,QR未検出,120,1.999742
rice_B_4,lockin,0,0,QR未検出,,lockin,binary,,,30.000000,902,8,1,0.564848,,0.564848,frame_00000.png,frame_00119.png,r60_e60_f1.mp4,60 Hz,1/60,蛍光灯あり,60.008 fps,60,60,1,24,rice,B,B,4,,,frame_00000.png,frame_00119.png,QR未検出,120,1.999742
rice_B_8,lockin,0,0,QR未検出,,lockin,binary,,,10.007741,30,8,1,0.645214,,0.645214,frame_00000.png,frame_00119.png,r60_e60_f1.mp4,60 Hz,1/60,蛍光灯あり,60.008 fps,60,60,1,25,rice,B,B,8,,,frame_00000.png,frame_00119.png,QR未検出,120,1.999742
rice_B_8,lockin,0,0,QR未検出,,lockin,binary,,,10.007741,50,8,1,0.644232,,0.644232,frame_00000.png,frame_00119.png,r60_e60_f1.mp4,60 Hz,1/60,蛍光灯あり,60.008 fps,60,60,1,25,rice,B,B,8,,,frame_00000.png,frame_00119.png,QR未検出,120,1.999742
rice_B_8,lockin,0,0,QR未検出,,lockin,binary,,,10.007741,70,8,1,0.644175,,0.644175,frame_00000.png,frame_00119.png,r60_e60_f1.mp4,60 Hz,1/60,蛍光灯あり,60.008 fps,60,60,1,25,rice,B,B,8,,,frame_00000.png,frame_00119.png,QR未検出,120,1.999742
rice_B_8,lockin,0,0,QR未検出,,lockin,binary,,,10.007741,901,8,1,0.740809,,0.740809,frame_00000.png,frame_00119.png,r60_e60_f1.mp4,60 Hz,1/60,蛍光灯あり,60.008 fps,60,60,1,25,rice,B,B,8,,,frame_00000.png,frame_00119.png,QR未検出,120,1.999742
rice_B_8,lockin,0,0,QR未検出,,lockin,binary,,,10.007741,902,8,1,0.500758,,0.500758,frame_00000.png,frame_00119.png,r60_e60_f1.mp4,60 Hz,1/60,蛍光灯あり,60.008 fps,60,60,1,25,rice,B,B,8,,,frame_00000.png,frame_00119.png,QR未検出,120,1.999742
rice_B_8,lockin,0,0,QR未検出,,lockin,binary,,,15.000000,30,8,1,0.644682,,0.644682,frame_00000.png,frame_00119.png,r60_e60_f1.mp4,60 Hz,1/60,蛍光灯あり,60.008 fps,60,60,1,25,rice,B,B,8,,,frame_00000.png,frame_00119.png,QR未検出,120,1.999742
rice_B_8,lockin,0,0,QR未検出,,lockin,binary,,,15.000000,50,8,1,0.644269,,0.644269,frame_00000.png,frame_00119.png,r60_e60_f1.mp4,60 Hz,1/60,蛍光灯あり,60.008 fps,60,60,1,25,rice,B,B,8,,,frame_00000.png,frame_00119.png,QR未検出,120,1.999742
rice_B_8,lockin,0,0,QR未検出,,lockin,binary,,,15.000000,70,8,1,0.644175,,0.644175,frame_00000.png,frame_00119.png,r60_e60_f1.mp4,60 Hz,1/60,蛍光灯あり,60.008 fps,60,60,1,25,rice,B,B,8,,,frame_00000.png,frame_00119.png,QR未検出,120,1.999742
rice_B_8,lockin,0,0,QR未検出,,lockin,binary,,,15.000000,901,8,1,0.726106,,0.726106,frame_00000.png,frame_00119.png,r60_e60_f1.mp4,60 Hz,1/60,蛍光灯あり,60.008 fps,60,60,1,25,rice,B,B,8,,,frame_00000.png,frame_00119.png,QR未検出,120,1.999742
rice_B_8,lockin,0,0,QR未検出,,lockin,binary,,,15.000000,902,8,1,0.514652,,0.514652,frame_00000.png,frame_00119.png,r60_e60_f1.mp4,60 Hz,1/60,蛍光灯あり,60.008 fps,60,60,1,25,rice,B,B,8,,,frame_00000.png,frame_00119.png,QR未検出,120,1.999742
rice_B_8,lockin,0,0,QR未検出,,lockin,binary,,,30.000000,30,8,1,0.771318,,0.771318,frame_00000.png,frame_00119.png,r60_e60_f1.mp4,60 Hz,1/60,蛍光灯あり,60.008 fps,60,60,1,25,rice,B,B,8,,,frame_00000.png,frame_00119.png,QR未検出,120,1.999742
rice_B_8,lockin,0,0,QR未検出,,lockin,binary,,,30.000000,50,8,1,0.688931,,0.688931,frame_00000.png,frame_00119.png,r60_e60_f1.mp4,60 Hz,1/60,蛍光灯あり,60.008 fps,60,60,1,25,rice,B,B,8,,,frame_00000.png,frame_00119.png,QR未検出,120,1.999742
rice_B_8,lockin,0,0,QR未検出,,lockin,binary,,,30.000000,70,8,1,0.653861,,0.653861,frame_00000.png,frame_00119.png,r60_e60_f1.mp4,60 Hz,1/60,蛍光灯あり,60.008 fps,60,60,1,25,rice,B,B,8,,,frame_00000.png,frame_00119.png,QR未検出,120,1.999742
rice_B_8,lockin,0,0,QR未検出,,lockin,binary,,,30.000000,901,8,1,0.801566,,0.801566,frame_00000.png,frame_00119.png,r60_e60_f1.mp4,60 Hz,1/60,蛍光灯あり,60.008 fps,60,60,1,25,rice,B,B,8,,,frame_00000.png,frame_00119.png,QR未検出,120,1.999742
rice_B_8,lockin,0,0,QR未検出,,lockin,binary,,,30.000000,902,8,1,0.503823,,0.503823,frame_00000.png,frame_00119.png,r60_e60_f1.mp4,60 Hz,1/60,蛍光灯あり,60.008 fps,60,60,1,25,rice,B,B,8,,,frame_00000.png,frame_00119.png,QR未検出,120,1.999742
rice_G_12,lockin,0,0,QR未検出,,lockin,binary,,,10.007741,30,8,1,0.644420,,0.644420,frame_00000.png,frame_00119.png,r60_e60_f1.mp4,60 Hz,1/60,蛍光灯あり,60.008 fps,60,60,1,14,rice,G,G,12,,,frame_00000.png,frame_00119.png,QR未検出,120,1.999742
rice_G_12,lockin,0,0,QR未検出,,lockin,binary,,,10.007741,50,8,1,0.644294,,0.644294,frame_00000.png,frame_00119.png,r60_e60_f1.mp4,60 Hz,1/60,蛍光灯あり,60.008 fps,60,60,1,14,rice,G,G,12,,,frame_00000.png,frame_00119.png,QR未検出,120,1.999742
rice_G_12,lockin,0,0,QR未検出,,lockin,binary,,,10.007741,70,8,1,0.644183,,0.644183,frame_00000.png,frame_00119.png,r60_e60_f1.mp4,60 Hz,1/60,蛍光灯あり,60.008 fps,60,60,1,14,rice,G,G,12,,,frame_00000.png,frame_00119.png,QR未検出,120,1.999742
rice_G_12,lockin,0,0,QR未検出,,lockin,binary,,,10.007741,901,8,1,0.700628,,0.700628,frame_00000.png,frame_00119.png,r60_e60_f1.mp4,60 Hz,1/60,蛍光灯あり,60.008 fps,60,60,1,14,rice,G,G,12,,,frame_00000.png,frame_00119.png,QR未検出,120,1.999742
rice_G_12,lockin,0,0,QR未検出,,lockin,binary,,,10.007741,902,8,1,0.625229,,0.625229,frame_00000.png,frame_00119.png,r60_e60_f1.mp4,60 Hz,1/60,蛍光灯あり,60.008 fps,60,60,1,14,rice,G,G,12,,,frame_00000.png,frame_00119.png,QR未検出,120,1.999742
rice_G_12,lockin,0,0,QR未検出,,lockin,binary,,,15.000000,30,8,1,0.644386,,0.644386,frame_00000.png,frame_00119.png,r60_e60_f1.mp4,60 Hz,1/60,蛍光灯あり,60.008 fps,60,60,1,14,rice,G,G,12,,,frame_00000.png,frame_00119.png,QR未検出,120,1.999742
rice_G_12,lockin,0,0,QR未検出,,lockin,binary,,,15.000000,50,8,1,0.644175,,0.644175,frame_00000.png,frame_00119.png,r60_e60_f1.mp4,60 Hz,1/60,蛍光灯あり,60.008 fps,60,60,1,14,rice,G,G,12,,,frame_00000.png,frame_00119.png,QR未検出,120,1.999742
rice_G_12,lockin,0,0,QR未検出,,lockin,binary,,,15.000000,70,8,1,0.644175,,0.644175,frame_00000.png,frame_00119.png,r60_e60_f1.mp4,60 Hz,1/60,蛍光灯あり,60.008 fps,60,60,1,14,rice,G,G,12,,,frame_00000.png,frame_00119.png,QR未検出,120,1.999742
rice_G_12,lockin,0,0,QR未検出,,lockin,binary,,,15.000000,901,8,1,0.719818,,0.719818,frame_00000.png,frame_00119.png,r60_e60_f1.mp4,60 Hz,1/60,蛍光灯あり,60.008 fps,60,60,1,14,rice,G,G,12,,,frame_00000.png,frame_00119.png,QR未検出,120,1.999742
rice_G_12,lockin,0,0,QR未検出,,lockin,binary,,,15.000000,902,8,1,0.621487,,0.621487,frame_00000.png,frame_00119.png,r60_e60_f1.mp4,60 Hz,1/60,蛍光灯あり,60.008 fps,60,60,1,14,rice,G,G,12,,,frame_00000.png,frame_00119.png,QR未検出,120,1.999742
rice_G_12,lockin,0,0,QR未検出,,lockin,binary,,,30.000000,30,8,1,0.712046,,0.712046,frame_00000.png,frame_00119.png,r60_e60_f1.mp4,60 Hz,1/60,蛍光灯あり,60.008 fps,60,60,1,14,rice,G,G,12,,,frame_00000.png,frame_00119.png,QR未検出,120,1.999742
rice_G_12,lockin,0,0,QR未検出,,lockin,binary,,,30.000000,50,8,1,0.664912,,0.664912,frame_00000.png,frame_00119.png,r60_e60_f1.mp4,60 Hz,1/60,蛍光灯あり,60.008 fps,60,60,1,14,rice,G,G,12,,,frame_00000.png,frame_00119.png,QR未検出,120,1.999742
rice_G_12,lockin,0,0,QR未検出,,lockin,binary,,,30.000000,70,8,1,0.651905,,0.651905,frame_00000.png,frame_00119.png,r60_e60_f1.mp4,60 Hz,1/60,蛍光灯あり,60.008 fps,60,60,1,14,rice,G,G,12,,,frame_00000.png,frame_00119.png,QR未検出,120,1.999742
rice_G_12,lockin,0,0,QR未検出,,lockin,binary,,,30.000000,901,8,1,0.762631,,0.762631,frame_00000.png,frame_00119.png,r60_e60_f1.mp4,60 Hz,1/60,蛍光灯あり,60.008 fps,60,60,1,14,rice,G,G,12,,,frame_00000.png,frame_00119.png,QR未検出,120,1.999742
rice_G_12,lockin,0,0,QR未検出,,lockin,binary,,,30.000000,902,8,1,0.521245,,0.521245,frame_00000.png,frame_00119.png,r60_e60_f1.mp4,60 Hz,1/60,蛍光灯あり,60.008 fps,60,60,1,14,rice,G,G,12,,,frame_00000.png,frame_00119.png,QR未検出,120,1.999742
rice_G_4,lockin,0,0,QR未検出,,lockin,binary,,,10.007741,30,8,1,0.644024,,0.644024,frame_00000.png,frame_00119.png,r60_e60_f1.mp4,60 Hz,1/60,蛍光灯あり,60.008 fps,60,60,1,12,rice,G,G,4,,,frame_00000.png,frame_00119.png,QR未検出,120,1.999742
rice_G_4,lockin,0,0,QR未検出,,lockin,binary,,,10.007741,50,8,1,0.644031,,0.644031,frame_00000.png,frame_00119.png,r60_e60_f1.mp4,60 Hz,1/60,蛍光灯あり,60.008 fps,60,60,1,12,rice,G,G,4,,,frame_00000.png,frame_00119.png,QR未検出,120,1.999742
rice_G_4,lockin,0,0,QR未検出,,lockin,binary,,,10.007741,70,8,1,0.644115,,0.644115,frame_00000.png,frame_00119.png,r60_e60_f1.mp4,60 Hz,1/60,蛍光灯あり,60.008 fps,60,60,1,12,rice,G,G,4,,,frame_00000.png,frame_00119.png,QR未検出,120,1.999742
rice_G_4,lockin,0,0,QR未検出,,lockin,binary,,,10.007741,901,8,1,0.662147,,0.662147,frame_00000.png,frame_00119.png,r60_e60_f1.mp4,60 Hz,1/60,蛍光灯あり,60.008 fps,60,60,1,12,rice,G,G,4,,,frame_00000.png,frame_00119.png,QR未検出,120,1.999742
rice_G_4,lockin,0,0,QR未検出,,lockin,binary,,,10.007741,902,8,1,0.543987,,0.543987,frame_00000.png,frame_00119.png,r60_e60_f1.mp4,60 Hz,1/60,蛍光灯あり,60.008 fps,60,60,1,12,rice,G,G,4,,,frame_00000.png,frame_00119.png,QR未検出,120,1.999742
rice_G_4,lockin,0,0,QR未検出,,lockin,binary,,,15.000000,30,8,1,0.643837,,0.643837,frame_00000.png,frame_00119.png,r60_e60_f1.mp4,60 Hz,1/60,蛍光灯あり,60.008 fps,60,60,1,12,rice,G,G,4,,,frame_00000.png,frame_00119.png,QR未検出,120,1.999742
rice_G_4,lockin,0,0,QR未検出,,lockin,binary,,,15.000000,50,8,1,0.644014,,0.644014,frame_00000.png,frame_00119.png,r60_e60_f1.mp4,60 Hz,1/60,蛍光灯あり,60.008 fps,60,60,1,12,rice,G,G,4,,,frame_00000.png,frame_00119.png,QR未検出,120,1.999742
rice_G_4,lockin,0,0,QR未検出,,lockin,binary,,,15.000000,70,8,1,0.644124,,0.644124,frame_00000.png,frame_00119.png,r60_e60_f1.mp4,60 Hz,1/60,蛍光灯あり,60.008 fps,60,60,1,12,rice,G,G,4,,,frame_00000.png,frame_00119.png,QR未検出,120,1.999742
rice_G_4,lockin,0,0,QR未検出,,lockin,binary,,,15.000000,901,8,1,0.665073,,0.665073,frame_00000.png,frame_00119.png,r60_e60_f1.mp4,60 Hz,1/60,蛍光灯あり,60.008 fps,60,60,1,12,rice,G,G,4,,,frame_00000.png,frame_00119.png,QR未検出,120,1.999742
rice_G_4,lockin,0,0,QR未検出,,lockin,binary,,,15.000000,902,8,1,0.544326,,0.544326,frame_00000.png,frame_00119.png,r60_e60_f1.mp4,60 Hz,1/60,蛍光灯あり,60.008 fps,60,60,1,12,rice,G,G,4,,,frame_00000.png,frame_00119.png,QR未検出,120,1.999742
rice_G_4,lockin,0,0,QR未検出,,lockin,binary,,,30.000000,30,8,1,0.658706,,0.658706,frame_00000.png,frame_00119.png,r60_e60_f1.mp4,60 Hz,1/60,蛍光灯あり,60.008 fps,60,60,1,12,rice,G,G,4,,,frame_00000.png,frame_00119.png,QR未検出,120,1.999742
rice_G_4,lockin,0,0,QR未検出,,lockin,binary,,,30.000000,50,8,1,0.648671,,0.648671,frame_00000.png,frame_00119.png,r60_e60_f1.mp4,60 Hz,1/60,蛍光灯あり,60.008 fps,60,60,1,12,rice,G,G,4,,,frame_00000.png,frame_00119.png,QR未検出,120,1.999742
rice_G_4,lockin,0,0,QR未検出,,lockin,binary,,,30.000000,70,8,1,0.645191,,0.645191,frame_00000.png,frame_00119.png,r60_e60_f1.mp4,60 Hz,1/60,蛍光灯あり,60.008 fps,60,60,1,12,rice,G,G,4,,,frame_00000.png,frame_00119.png,QR未検出,120,1.999742
rice_G_4,lockin,0,0,QR未検出,,lockin,binary,,,30.000000,901,8,1,0.710256,,0.710256,frame_00000.png,frame_00119.png,r60_e60_f1.mp4,60 Hz,1/60,蛍光灯あり,60.008 fps,60,60,1,12,rice,G,G,4,,,frame_00000.png,frame_00119.png,QR未検出,120,1.999742
rice_G_4,lockin,0,0,QR未検出,,lockin,binary,,,30.000000,902,8,1,0.585561,,0.585561,frame_00000.png,frame_00119.png,r60_e60_f1.mp4,60 Hz,1/60,蛍光灯あり,60.008 fps,60,60,1,12,rice,G,G,4,,,frame_00000.png,frame_00119.png,QR未検出,120,1.999742
rice_G_8,lockin,0,0,QR未検出,,lockin,binary,,,10.007741,30,8,1,0.644112,,0.644112,frame_00000.png,frame_00119.png,r60_e60_f1.mp4,60 Hz,1/60,蛍光灯あり,60.008 fps,60,60,1,13,rice,G,G,8,,,frame_00000.png,frame_00119.png,QR未検出,120,1.999742
rice_G_8,lockin,0,0,QR未検出,,lockin,binary,,,10.007741,50,8,1,0.644234,,0.644234,frame_00000.png,frame_00119.png,r60_e60_f1.mp4,60 Hz,1/60,蛍光灯あり,60.008 fps,60,60,1,13,rice,G,G,8,,,frame_00000.png,frame_00119.png,QR未検出,120,1.999742
rice_G_8,lockin,0,0,QR未検出,,lockin,binary,,,10.007741,70,8,1,0.644192,,0.644192,frame_00000.png,frame_00119.png,r60_e60_f1.mp4,60 Hz,1/60,蛍光灯あり,60.008 fps,60,60,1,13,rice,G,G,8,,,frame_00000.png,frame_00119.png,QR未検出,120,1.999742
rice_G_8,lockin,0,0,QR未検出,,lockin,binary,,,10.007741,901,8,1,0.753085,,0.753085,frame_00000.png,frame_00119.png,r60_e60_f1.mp4,60 Hz,1/60,蛍光灯あり,60.008 fps,60,60,1,13,rice,G,G,8,,,frame_00000.png,frame_00119.png,QR未検出,120,1.999742
rice_G_8,lockin,0,0,QR未検出,,lockin,binary,,,10.007741,902,8,1,0.602532,,0.602532,frame_00000.png,frame_00119.png,r60_e60_f1.mp4,60 Hz,1/60,蛍光灯あり,60.008 fps,60,60,1,13,rice,G,G,8,,,frame_00000.png,frame_00119.png,QR未検出,120,1.999742
rice_G_8,lockin,0,0,QR未検出,,lockin,binary,,,15.000000,30,8,1,0.644248,,0.644248,frame_00000.png,frame_00119.png,r60_e60_f1.mp4,60 Hz,1/60,蛍光灯あり,60.008 fps,60,60,1,13,rice,G,G,8,,,frame_00000.png,frame_00119.png,QR未検出,120,1.999742
rice_G_8,lockin,0,0,QR未検出,,lockin,binary,,,15.000000,50,8,1,0.644203,,0.644203,frame_00000.png,frame_00119.png,r60_e60_f1.mp4,60 Hz,1/60,蛍光灯あり,60.008 fps,60,60,1,13,rice,G,G,8,,,frame_00000.png,frame_00119.png,QR未検出,120,1.999742
rice_G_8,lockin,0,0,QR未検出,,lockin,binary,,,15.000000,70,8,1,0.644175,,0.644175,frame_00000.png,frame_00119.png,r60_e60_f1.mp4,60 Hz,1/60,蛍光灯あり,60.008 fps,60,60,1,13,rice,G,G,8,,,frame_00000.png,frame_00119.png,QR未検出,120,1.999742
rice_G_8,lockin,0,0,QR未検出,,lockin,binary,,,15.000000,901,8,1,0.747155,,0.747155,frame_00000.png,frame_00119.png,r60_e60_f1.mp4,60 Hz,1/60,蛍光灯あり,60.008 fps,60,60,1,13,rice,G,G,8,,,frame_00000.png,frame_00119.png,QR未検出,120,1.999742
rice_G_8,lockin,0,0,QR未検出,,lockin,binary,,,15.000000,902,8,1,0.598834,,0.598834,frame_00000.png,frame_00119.png,r60_e60_f1.mp4,60 Hz,1/60,蛍光灯あり,60.008 fps,60,60,1,13,rice,G,G,8,,,frame_00000.png,frame_00119.png,QR未検出,120,1.999742
rice_G_8,lockin,0,0,QR未検出,,lockin,binary,,,30.000000,30,8,1,0.749512,,0.749512,frame_00000.png,frame_00119.png,r60_e60_f1.mp4,60 Hz,1/60,蛍光灯あり,60.008 fps,60,60,1,13,rice,G,G,8,,,frame_00000.png,frame_00119.png,QR未検出,120,1.999742
rice_G_8,lockin,0,0,QR未検出,,lockin,binary,,,30.000000,50,8,1,0.659008,,0.659008,frame_00000.png,frame_00119.png,r60_e60_f1.mp4,60 Hz,1/60,蛍光灯あり,60.008 fps,60,60,1,13,rice,G,G,8,,,frame_00000.png,frame_00119.png,QR未検出,120,1.999742
rice_G_8,lockin,0,0,QR未検出,,lockin,binary,,,30.000000,70,8,1,0.647531,,0.647531,frame_00000.png,frame_00119.png,r60_e60_f1.mp4,60 Hz,1/60,蛍光灯あり,60.008 fps,60,60,1,13,rice,G,G,8,,,frame_00000.png,frame_00119.png,QR未検出,120,1.999742
rice_G_8,lockin,0,0,QR未検出,,lockin,binary,,,30.000000,901,8,1,0.826798,,0.826798,frame_00000.png,frame_00119.png,r60_e60_f1.mp4,60 Hz,1/60,蛍光灯あり,60.008 fps,60,60,1,13,rice,G,G,8,,,frame_00000.png,frame_00119.png,QR未検出,120,1.999742
rice_G_8,lockin,0,0,QR未検出,,lockin,binary,,,30.000000,902,8,1,0.503445,,0.503445,frame_00000.png,frame_00119.png,r60_e60_f1.mp4,60 Hz,1/60,蛍光灯あり,60.008 fps,60,60,1,13,rice,G,G,8,,,frame_00000.png,frame_00119.png,QR未検出,120,1.999742
rice_I_12,lockin,0,0,QR未検出,,lockin,binary,,,10.007741,30,8,1,0.644353,,0.644353,frame_00000.png,frame_00119.png,r60_e60_f1.mp4,60 Hz,1/60,蛍光灯あり,60.008 fps,60,60,1,38,rice,min,I,12,,,frame_00000.png,frame_00119.png,QR未検出,120,1.999742
rice_I_12,lockin,0,0,QR未検出,,lockin,binary,,,10.007741,50,8,1,0.644145,,0.644145,frame_00000.png,frame_00119.png,r60_e60_f1.mp4,60 Hz,1/60,蛍光灯あり,60.008 fps,60,60,1,38,rice,min,I,12,,,frame_00000.png,frame_00119.png,QR未検出,120,1.999742
rice_I_12,lockin,0,0,QR未検出,,lockin,binary,,,10.007741,70,8,1,0.644152,,0.644152,frame_00000.png,frame_00119.png,r60_e60_f1.mp4,60 Hz,1/60,蛍光灯あり,60.008 fps,60,60,1,38,rice,min,I,12,,,frame_00000.png,frame_00119.png,QR未検出,120,1.999742
rice_I_12,lockin,0,0,QR未検出,,lockin,binary,,,10.007741,901,8,1,0.734899,,0.734899,frame_00000.png,frame_00119.png,r60_e60_f1.mp4,60 Hz,1/60,蛍光灯あり,60.008 fps,60,60,1,38,rice,min,I,12,,,frame_00000.png,frame_00119.png,QR未検出,120,1.999742
rice_I_12,lockin,0,0,QR未検出,,lockin,binary,,,10.007741,902,8,1,0.547567,,0.547567,frame_00000.png,frame_00119.png,r60_e60_f1.mp4,60 Hz,1/60,蛍光灯あり,60.008 fps,60,60,1,38,rice,min,I,12,,,frame_00000.png,frame_00119.png,QR未検出,120,1.999742
rice_I_12,lockin,0,0,QR未検出,,lockin,binary,,,15.000000,30,8,1,0.643965,,0.643965,frame_00000.png,frame_00119.png,r60_e60_f1.mp4,60 Hz,1/60,蛍光灯あり,60.008 fps,60,60,1,38,rice,min,I,12,,,frame_00000.png,frame_00119.png,QR未検出,120,1.999742
rice_I_12,lockin,0,0,QR未検出,,lockin,binary,,,15.000000,50,8,1,0.644127,,0.644127,frame_00000.png,frame_00119.png,r60_e60_f1.mp4,60 Hz,1/60,蛍光灯あり,60.008 fps,60,60,1,38,rice,min,I,12,,,frame_00000.png,frame_00119.png,QR未検出,120,1.999742
rice_I_12,lockin,0,0,QR未検出,,lockin,binary,,,15.000000,70,8,1,0.644175,,0.644175,frame_00000.png,frame_00119.png,r60_e60_f1.mp4,60 Hz,1/60,蛍光灯あり,60.008 fps,60,60,1,38,rice,min,I,12,,,frame_00000.png,frame_00119.png,QR未検出,120,1.999742
rice_I_12,lockin,0,0,QR未検出,,lockin,binary,,,15.000000,901,8,1,0.726024,,0.726024,frame_00000.png,frame_00119.png,r60_e60_f1.mp4,60 Hz,1/60,蛍光灯あり,60.008 fps,60,60,1,38,rice,min,I,12,,,frame_00000.png,frame_00119.png,QR未検出,120,1.999742
rice_I_12,lockin,0,0,QR未検出,,lockin,binary,,,15.000000,902,8,1,0.568235,,0.568235,frame_00000.png,frame_00119.png,r60_e60_f1.mp4,60 Hz,1/60,蛍光灯あり,60.008 fps,60,60,1,38,rice,min,I,12,,,frame_00000.png,frame_00119.png,QR未検出,120,1.999742
rice_I_12,lockin,0,0,QR未検出,,lockin,binary,,,30.000000,30,8,1,0.812827,,0.812827,frame_00000.png,frame_00119.png,r60_e60_f1.mp4,60 Hz,1/60,蛍光灯あり,60.008 fps,60,60,1,38,rice,min,I,12,,,frame_00000.png,frame_00119.png,QR未検出,120,1.999742
rice_I_12,lockin,0,0,QR未検出,,lockin,binary,,,30.000000,50,8,1,0.741675,,0.741675,frame_00000.png,frame_00119.png,r60_e60_f1.mp4,60 Hz,1/60,蛍光灯あり,60.008 fps,60,60,1,38,rice,min,I,12,,,frame_00000.png,frame_00119.png,QR未検出,120,1.999742
rice_I_12,lockin,0,0,QR未検出,,lockin,binary,,,30.000000,70,8,1,0.660364,,0.660364,frame_00000.png,frame_00119.png,r60_e60_f1.mp4,60 Hz,1/60,蛍光灯あり,60.008 fps,60,60,1,38,rice,min,I,12,,,frame_00000.png,frame_00119.png,QR未検出,120,1.999742
rice_I_12,lockin,0,0,QR未検出,,lockin,binary,,,30.000000,901,8,1,0.824510,,0.824510,frame_00000.png,frame_00119.png,r60_e60_f1.mp4,60 Hz,1/60,蛍光灯あり,60.008 fps,60,60,1,38,rice,min,I,12,,,frame_00000.png,frame_00119.png,QR未検出,120,1.999742
rice_I_12,lockin,0,0,QR未検出,,lockin,binary,,,30.000000,902,8,1,0.546015,,0.546015,frame_00000.png,frame_00119.png,r60_e60_f1.mp4,60 Hz,1/60,蛍光灯あり,60.008 fps,60,60,1,38,rice,min,I,12,,,frame_00000.png,frame_00119.png,QR未検出,120,1.999742
rice_I_4,lockin,0,0,QR未検出,,lockin,binary,,,10.007741,30,8,1,0.644231,,0.644231,frame_00000.png,frame_00119.png,r60_e60_f1.mp4,60 Hz,1/60,蛍光灯あり,60.008 fps,60,60,1,36,rice,min,I,4,,,frame_00000.png,frame_00119.png,QR未検出,120,1.999742
rice_I_4,lockin,0,0,QR未検出,,lockin,binary,,,10.007741,50,8,1,0.644232,,0.644232,frame_00000.png,frame_00119.png,r60_e60_f1.mp4,60 Hz,1/60,蛍光灯あり,60.008 fps,60,60,1,36,rice,min,I,4,,,frame_00000.png,frame_00119.png,QR未検出,120,1.999742
rice_I_4,lockin,0,0,QR未検出,,lockin,binary,,,10.007741,70,8,1,0.644175,,0.644175,frame_00000.png,frame_00119.png,r60_e60_f1.mp4,60 Hz,1/60,蛍光灯あり,60.008 fps,60,60,1,36,rice,min,I,4,,,frame_00000.png,frame_00119.png,QR未検出,120,1.999742
rice_I_4,lockin,0,0,QR未検出,,lockin,binary,,,10.007741,901,8,1,0.714273,,0.714273,frame_00000.png,frame_00119.png,r60_e60_f1.mp4,60 Hz,1/60,蛍光灯あり,60.008 fps,60,60,1,36,rice,min,I,4,,,frame_00000.png,frame_00119.png,QR未検出,120,1.999742
rice_I_4,lockin,0,0,QR未検出,,lockin,binary,,,10.007741,902,8,1,0.521724,,0.521724,frame_00000.png,frame_00119.png,r60_e60_f1.mp4,60 Hz,1/60,蛍光灯あり,60.008 fps,60,60,1,36,rice,min,I,4,,,frame_00000.png,frame_00119.png,QR未検出,120,1.999742
rice_I_4,lockin,0,0,QR未検出,,lockin,binary,,,15.000000,30,8,1,0.644229,,0.644229,frame_00000.png,frame_00119.png,r60_e60_f1.mp4,60 Hz,1/60,蛍光灯あり,60.008 fps,60,60,1,36,rice,min,I,4,,,frame_00000.png,frame_00119.png,QR未検出,120,1.999742
rice_I_4,lockin,0,0,QR未検出,,lockin,binary,,,15.000000,50,8,1,0.644304,,0.644304,frame_00000.png,frame_00119.png,r60_e60_f1.mp4,60 Hz,1/60,蛍光灯あり,60.008 fps,60,60,1,36,rice,min,I,4,,,frame_00000.png,frame_00119.png,QR未検出,120,1.999742
rice_I_4,lockin,0,0,QR未検出,,lockin,binary,,,15.000000,70,8,1,0.644210,,0.644210,frame_00000.png,frame_00119.png,r60_e60_f1.mp4,60 Hz,1/60,蛍光灯あり,60.008 fps,60,60,1,36,rice,min,I,4,,,frame_00000.png,frame_00119.png,QR未検出,120,1.999742
rice_I_4,lockin,0,0,QR未検出,,lockin,binary,,,15.000000,901,8,1,0.720564,,0.720564,frame_00000.png,frame_00119.png,r60_e60_f1.mp4,60 Hz,1/60,蛍光灯あり,60.008 fps,60,60,1,36,rice,min,I,4,,,frame_00000.png,frame_00119.png,QR未検出,120,1.999742
rice_I_4,lockin,0,0,QR未検出,,lockin,binary,,,15.000000,902,8,1,0.578623,,0.578623,frame_00000.png,frame_00119.png,r60_e60_f1.mp4,60 Hz,1/60,蛍光灯あり,60.008 fps,60,60,1,36,rice,min,I,4,,,frame_00000.png,frame_00119.png,QR未検出,120,1.999742
rice_I_4,lockin,0,0,QR未検出,,lockin,binary,,,30.000000,30,8,1,0.734965,,0.734965,frame_00000.png,frame_00119.png,r60_e60_f1.mp4,60 Hz,1/60,蛍光灯あり,60.008 fps,60,60,1,36,rice,min,I,4,,,frame_00000.png,frame_00119.png,QR未検出,120,1.999742
rice_I_4,lockin,0,0,QR未検出,,lockin,binary,,,30.000000,50,8,1,0.650430,,0.650430,frame_00000.png,frame_00119.png,r60_e60_f1.mp4,60 Hz,1/60,蛍光灯あり,60.008 fps,60,60,1,36,rice,min,I,4,,,frame_00000.png,frame_00119.png,QR未検出,120,1.999742
rice_I_4,lockin,0,0,QR未検出,,lockin,binary,,,30.000000,70,8,1,0.644386,,0.644386,frame_00000.png,frame_00119.png,r60_e60_f1.mp4,60 Hz,1/60,蛍光灯あり,60.008 fps,60,60,1,36,rice,min,I,4,,,frame_00000.png,frame_00119.png,QR未検出,120,1.999742
rice_I_4,lockin,0,0,QR未検出,,lockin,binary,,,30.000000,901,8,1,0.804714,,0.804714,frame_00000.png,frame_00119.png,r60_e60_f1.mp4,60 Hz,1/60,蛍光灯あり,60.008 fps,60,60,1,36,rice,min,I,4,,,frame_00000.png,frame_00119.png,QR未検出,120,1.999742
rice_I_4,lockin,0,0,QR未検出,,lockin,binary,,,30.000000,902,8,1,0.525108,,0.525108,frame_00000.png,frame_00119.png,r60_e60_f1.mp4,60 Hz,1/60,蛍光灯あり,60.008 fps,60,60,1,36,rice,min,I,4,,,frame_00000.png,frame_00119.png,QR未検出,120,1.999742
rice_I_8,lockin,0,0,QR未検出,,lockin,binary,,,10.007741,30,8,1,0.643826,,0.643826,frame_00000.png,frame_00119.png,r60_e60_f1.mp4,60 Hz,1/60,蛍光灯あり,60.008 fps,60,60,1,37,rice,min,I,8,,,frame_00000.png,frame_00119.png,QR未検出,120,1.999742
rice_I_8,lockin,0,0,QR未検出,,lockin,binary,,,10.007741,50,8,1,0.644103,,0.644103,frame_00000.png,frame_00119.png,r60_e60_f1.mp4,60 Hz,1/60,蛍光灯あり,60.008 fps,60,60,1,37,rice,min,I,8,,,frame_00000.png,frame_00119.png,QR未検出,120,1.999742
rice_I_8,lockin,0,0,QR未検出,,lockin,binary,,,10.007741,70,8,1,0.644175,,0.644175,frame_00000.png,frame_00119.png,r60_e60_f1.mp4,60 Hz,1/60,蛍光灯あり,60.008 fps,60,60,1,37,rice,min,I,8,,,frame_00000.png,frame_00119.png,QR未検出,120,1.999742
rice_I_8,lockin,0,0,QR未検出,,lockin,binary,,,10.007741,901,8,1,0.745383,,0.745383,frame_00000.png,frame_00119.png,r60_e60_f1.mp4,60 Hz,1/60,蛍光灯あり,60.008 fps,60,60,1,37,rice,min,I,8,,,frame_00000.png,frame_00119.png,QR未検出,120,1.999742
rice_I_8,lockin,0,0,QR未検出,,lockin,binary,,,10.007741,902,8,1,0.529408,,0.529408,frame_00000.png,frame_00119.png,r60_e60_f1.mp4,60 Hz,1/60,蛍光灯あり,60.008 fps,60,60,1,37,rice,min,I,8,,,frame_00000.png,frame_00119.png,QR未検出,120,1.999742
rice_I_8,lockin,0,0,QR未検出,,lockin,binary,,,15.000000,30,8,1,0.643821,,0.643821,frame_00000.png,frame_00119.png,r60_e60_f1.mp4,60 Hz,1/60,蛍光灯あり,60.008 fps,60,60,1,37,rice,min,I,8,,,frame_00000.png,frame_00119.png,QR未検出,120,1.999742
rice_I_8,lockin,0,0,QR未検出,,lockin,binary,,,15.000000,50,8,1,0.644103,,0.644103,frame_00000.png,frame_00119.png,r60_e60_f1.mp4,60 Hz,1/60,蛍光灯あり,60.008 fps,60,60,1,37,rice,min,I,8,,,frame_00000.png,frame_00119.png,QR未検出,120,1.999742
rice_I_8,lockin,0,0,QR未検出,,lockin,binary,,,15.000000,70,8,1,0.644143,,0.644143,frame_00000.png,frame_00119.png,r60_e60_f1.mp4,60 Hz,1/60,蛍光灯あり,60.008 fps,60,60,1,37,rice,min,I,8,,,frame_00000.png,frame_00119.png,QR未検出,120,1.999742
rice_I_8,lockin,0,0,QR未検出,,lockin,binary,,,15.000000,901,8,1,0.742254,,0.742254,frame_00000.png,frame_00119.png,r60_e60_f1.mp4,60 Hz,1/60,蛍光灯あり,60.008 fps,60,60,1,37,rice,min,I,8,,,frame_00000.png,frame_00119.png,QR未検出,120,1.999742
rice_I_8,lockin,0,0,QR未検出,,lockin,binary,,,15.000000,902,8,1,0.528969,,0.528969,frame_00000.png,frame_00119.png,r60_e60_f1.mp4,60 Hz,1/60,蛍光灯あり,60.008 fps,60,60,1,37,rice,min,I,8,,,frame_00000.png,frame_00119.png,QR未検出,120,1.999742
rice_I_8,lockin,0,0,QR未検出,,lockin,binary,,,30.000000,30,8,1,0.836352,,0.836352,frame_00000.png,frame_00119.png,r60_e60_f1.mp4,60 Hz,1/60,蛍光灯あり,60.008 fps,60,60,1,37,rice,min,I,8,,,frame_00000.png,frame_00119.png,QR未検出,120,1.999742
rice_I_8,lockin,0,0,QR未検出,,lockin,binary,,,30.000000,50,8,1,0.740667,,0.740667,frame_00000.png,frame_00119.png,r60_e60_f1.mp4,60 Hz,1/60,蛍光灯あり,60.008 fps,60,60,1,37,rice,min,I,8,,,frame_00000.png,frame_00119.png,QR未検出,120,1.999742
rice_I_8,lockin,0,0,QR未検出,,lockin,binary,,,30.000000,70,8,1,0.660903,,0.660903,frame_00000.png,frame_00119.png,r60_e60_f1.mp4,60 Hz,1/60,蛍光灯あり,60.008 fps,60,60,1,37,rice,min,I,8,,,frame_00000.png,frame_00119.png,QR未検出,120,1.999742
rice_I_8,lockin,1,0,QR未検出,,lockin,binary,,,30.000000,901,8,1,0.859081,,0.859081,frame_00000.png,frame_00119.png,r60_e60_f1.mp4,60 Hz,1/60,蛍光灯あり,60.008 fps,60,60,1,37,rice,min,I,8,,,frame_00000.png,frame_00119.png,QR未検出,120,1.999742
rice_I_8,lockin,0,0,QR未検出,,lockin,binary,,,30.000000,902,8,1,0.546935,,0.546935,frame_00000.png,frame_00119.png,r60_e60_f1.mp4,60 Hz,1/60,蛍光灯あり,60.008 fps,60,60,1,37,rice,min,I,8,,,frame_00000.png,frame_00119.png,QR未検出,120,1.999742
rice_R_12,lockin,0,0,QR未検出,,lockin,binary,,,10.007741,30,8,1,0.643996,,0.643996,frame_00000.png,frame_00119.png,r60_e60_f1.mp4,60 Hz,1/60,蛍光灯あり,60.008 fps,60,60,1,2,rice,R,R,12,,,frame_00000.png,frame_00119.png,QR未検出,120,1.999742
rice_R_12,lockin,0,0,QR未検出,,lockin,binary,,,10.007741,50,8,1,0.644080,,0.644080,frame_00000.png,frame_00119.png,r60_e60_f1.mp4,60 Hz,1/60,蛍光灯あり,60.008 fps,60,60,1,2,rice,R,R,12,,,frame_00000.png,frame_00119.png,QR未検出,120,1.999742
rice_R_12,lockin,0,0,QR未検出,,lockin,binary,,,10.007741,70,8,1,0.644175,,0.644175,frame_00000.png,frame_00119.png,r60_e60_f1.mp4,60 Hz,1/60,蛍光灯あり,60.008 fps,60,60,1,2,rice,R,R,12,,,frame_00000.png,frame_00119.png,QR未検出,120,1.999742
rice_R_12,lockin,0,0,QR未検出,,lockin,binary,,,10.007741,901,8,1,0.756292,,0.756292,frame_00000.png,frame_00119.png,r60_e60_f1.mp4,60 Hz,1/60,蛍光灯あり,60.008 fps,60,60,1,2,rice,R,R,12,,,frame_00000.png,frame_00119.png,QR未検出,120,1.999742
rice_R_12,lockin,0,0,QR未検出,,lockin,binary,,,10.007741,902,8,1,0.521967,,0.521967,frame_00000.png,frame_00119.png,r60_e60_f1.mp4,60 Hz,1/60,蛍光灯あり,60.008 fps,60,60,1,2,rice,R,R,12,,,frame_00000.png,frame_00119.png,QR未検出,120,1.999742
rice_R_12,lockin,0,0,QR未検出,,lockin,binary,,,15.000000,30,8,1,0.643909,,0.643909,frame_00000.png,frame_00119.png,r60_e60_f1.mp4,60 Hz,1/60,蛍光灯あり,60.008 fps,60,60,1,2,rice,R,R,12,,,frame_00000.png,frame_00119.png,QR未検出,120,1.999742
rice_R_12,lockin,0,0,QR未検出,,lockin,binary,,,15.000000,50,8,1,0.644148,,0.644148,frame_00000.png,frame_00119.png,r60_e60_f1.mp4,60 Hz,1/60,蛍光灯あり,60.008 fps,60,60,1,2,rice,R,R,12,,,frame_00000.png,frame_00119.png,QR未検出,120,1.999742
rice_R_12,lockin,0,0,QR未検出,,lockin,binary,,,15.000000,70,8,1,0.644175,,0.644175,frame_00000.png,frame_00119.png,r60_e60_f1.mp4,60 Hz,1/60,蛍光灯あり,60.008 fps,60,60,1,2,rice,R,R,12,,,frame_00000.png,frame_00119.png,QR未検出,120,1.999742
rice_R_12,lockin,0,0,QR未検出,,lockin,binary,,,15.000000,901,8,1,0.738165,,0.738165,frame_00000.png,frame_00119.png,r60_e60_f1.mp4,60 Hz,1/60,蛍光灯あり,60.008 fps,60,60,1,2,rice,R,R,12,,,frame_00000.png,frame_00119.png,QR未検出,120,1.999742
rice_R_12,lockin,0,0,QR未検出,,lockin,binary,,,15.000000,902,8,1,0.563312,,0.563312,frame_00000.png,frame_00119.png,r60_e60_f1.mp4,60 Hz,1/60,蛍光灯あり,60.008 fps,60,60,1,2,rice,R,R,12,,,frame_00000.png,frame_00119.png,QR未検出,120,1.999742
rice_R_12,lockin,0,0,QR未検出,,lockin,binary,,,30.000000,30,8,1,0.906952,,0.906952,frame_00000.png,frame_00119.png,r60_e60_f1.mp4,60 Hz,1/60,蛍光灯あり,60.008 fps,60,60,1,2,rice,R,R,12,,,frame_00000.png,frame_00119.png,QR未検出,120,1.999742
rice_R_12,lockin,0,0,QR未検出,,lockin,binary,,,30.000000,50,8,1,0.781688,,0.781688,frame_00000.png,frame_00119.png,r60_e60_f1.mp4,60 Hz,1/60,蛍光灯あり,60.008 fps,60,60,1,2,rice,R,R,12,,,frame_00000.png,frame_00119.png,QR未検出,120,1.999742
rice_R_12,lockin,0,0,QR未検出,,lockin,binary,,,30.000000,70,8,1,0.677637,,0.677637,frame_00000.png,frame_00119.png,r60_e60_f1.mp4,60 Hz,1/60,蛍光灯あり,60.008 fps,60,60,1,2,rice,R,R,12,,,frame_00000.png,frame_00119.png,QR未検出,120,1.999742
rice_R_12,lockin,1,0,QR未検出,,lockin,binary,,,30.000000,901,8,1,0.933504,,0.933504,frame_00000.png,frame_00119.png,r60_e60_f1.mp4,60 Hz,1/60,蛍光灯あり,60.008 fps,60,60,1,2,rice,R,R,12,,,frame_00000.png,frame_00119.png,QR未検出,120,1.999742
rice_R_12,lockin,0,0,QR未検出,,lockin,binary,,,30.000000,902,8,1,0.629358,,0.629358,frame_00000.png,frame_00119.png,r60_e60_f1.mp4,60 Hz,1/60,蛍光灯あり,60.008 fps,60,60,1,2,rice,R,R,12,,,frame_00000.png,frame_00119.png,QR未検出,120,1.999742
rice_R_4,lockin,0,0,QR未検出,,lockin,binary,,,10.007741,30,8,1,0.644150,,0.644150,frame_00000.png,frame_00119.png,r60_e60_f1.mp4,60 Hz,1/60,蛍光灯あり,60.008 fps,60,60,1,0,rice,R,R,4,,,frame_00000.png,frame_00119.png,QR未検出,120,1.999742
rice_R_4,lockin,0,0,QR未検出,,lockin,binary,,,10.007741,50,8,1,0.644171,,0.644171,frame_00000.png,frame_00119.png,r60_e60_f1.mp4,60 Hz,1/60,蛍光灯あり,60.008 fps,60,60,1,0,rice,R,R,4,,,frame_00000.png,frame_00119.png,QR未検出,120,1.999742
rice_R_4,lockin,0,0,QR未検出,,lockin,binary,,,10.007741,70,8,1,0.644175,,0.644175,frame_00000.png,frame_00119.png,r60_e60_f1.mp4,60 Hz,1/60,蛍光灯あり,60.008 fps,60,60,1,0,rice,R,R,4,,,frame_00000.png,frame_00119.png,QR未検出,120,1.999742
rice_R_4,lockin,0,0,QR未検出,,lockin,binary,,,10.007741,901,8,1,0.703525,,0.703525,frame_00000.png,frame_00119.png,r60_e60_f1.mp4,60 Hz,1/60,蛍光灯あり,60.008 fps,60,60,1,0,rice,R,R,4,,,frame_00000.png,frame_00119.png,QR未検出,120,1.999742
rice_R_4,lockin,0,0,QR未検出,,lockin,binary,,,10.007741,902,8,1,0.529746,,0.529746,frame_00000.png,frame_00119.png,r60_e60_f1.mp4,60 Hz,1/60,蛍光灯あり,60.008 fps,60,60,1,0,rice,R,R,4,,,frame_00000.png,frame_00119.png,QR未検出,120,1.999742
rice_R_4,lockin,0,0,QR未検出,,lockin,binary,,,15.000000,30,8,1,0.643772,,0.643772,frame_00000.png,frame_00119.png,r60_e60_f1.mp4,60 Hz,1/60,蛍光灯あり,60.008 fps,60,60,1,0,rice,R,R,4,,,frame_00000.png,frame_00119.png,QR未検出,120,1.999742
rice_R_4,lockin,0,0,QR未検出,,lockin,binary,,,15.000000,50,8,1,0.644038,,0.644038,frame_00000.png,frame_00119.png,r60_e60_f1.mp4,60 Hz,1/60,蛍光灯あり,60.008 fps,60,60,1,0,rice,R,R,4,,,frame_00000.png,frame_00119.png,QR未検出,120,1.999742
rice_R_4,lockin,0,0,QR未検出,,lockin,binary,,,15.000000,70,8,1,0.644175,,0.644175,frame_00000.png,frame_00119.png,r60_e60_f1.mp4,60 Hz,1/60,蛍光灯あり,60.008 fps,60,60,1,0,rice,R,R,4,,,frame_00000.png,frame_00119.png,QR未検出,120,1.999742
rice_R_4,lockin,0,0,QR未検出,,lockin,binary,,,15.000000,901,8,1,0.715064,,0.715064,frame_00000.png,frame_00119.png,r60_e60_f1.mp4,60 Hz,1/60,蛍光灯あり,60.008 fps,60,60,1,0,rice,R,R,4,,,frame_00000.png,frame_00119.png,QR未検出,120,1.999742
rice_R_4,lockin,0,0,QR未検出,,lockin,binary,,,15.000000,902,8,1,0.538365,,0.538365,frame_00000.png,frame_00119.png,r60_e60_f1.mp4,60 Hz,1/60,蛍光灯あり,60.008 fps,60,60,1,0,rice,R,R,4,,,frame_00000.png,frame_00119.png,QR未検出,120,1.999742
rice_R_4,lockin,0,0,QR未検出,,lockin,binary,,,30.000000,30,8,1,0.665522,,0.665522,frame_00000.png,frame_00119.png,r60_e60_f1.mp4,60 Hz,1/60,蛍光灯あり,60.008 fps,60,60,1,0,rice,R,R,4,,,frame_00000.png,frame_00119.png,QR未検出,120,1.999742
rice_R_4,lockin,0,0,QR未検出,,lockin,binary,,,30.000000,50,8,1,0.645154,,0.645154,frame_00000.png,frame_00119.png,r60_e60_f1.mp4,60 Hz,1/60,蛍光灯あり,60.008 fps,60,60,1,0,rice,R,R,4,,,frame_00000.png,frame_00119.png,QR未検出,120,1.999742
rice_R_4,lockin,0,0,QR未検出,,lockin,binary,,,30.000000,70,8,1,0.644098,,0.644098,frame_00000.png,frame_00119.png,r60_e60_f1.mp4,60 Hz,1/60,蛍光灯あり,60.008 fps,60,60,1,0,rice,R,R,4,,,frame_00000.png,frame_00119.png,QR未検出,120,1.999742
rice_R_4,lockin,0,0,QR未検出,,lockin,binary,,,30.000000,901,8,1,0.838507,,0.838507,frame_00000.png,frame_00119.png,r60_e60_f1.mp4,60 Hz,1/60,蛍光灯あり,60.008 fps,60,60,1,0,rice,R,R,4,,,frame_00000.png,frame_00119.png,QR未検出,120,1.999742
rice_R_4,lockin,0,0,QR未検出,,lockin,binary,,,30.000000,902,8,1,0.522004,,0.522004,frame_00000.png,frame_00119.png,r60_e60_f1.mp4,60 Hz,1/60,蛍光灯あり,60.008 fps,60,60,1,0,rice,R,R,4,,,frame_00000.png,frame_00119.png,QR未検出,120,1.999742
rice_R_8,lockin,0,0,QR未検出,,lockin,binary,,,10.007741,30,8,1,0.644276,,0.644276,frame_00000.png,frame_00119.png,r60_e60_f1.mp4,60 Hz,1/60,蛍光灯あり,60.008 fps,60,60,1,1,rice,R,R,8,,,frame_00000.png,frame_00119.png,QR未検出,120,1.999742
rice_R_8,lockin,0,0,QR未検出,,lockin,binary,,,10.007741,50,8,1,0.644175,,0.644175,frame_00000.png,frame_00119.png,r60_e60_f1.mp4,60 Hz,1/60,蛍光灯あり,60.008 fps,60,60,1,1,rice,R,R,8,,,frame_00000.png,frame_00119.png,QR未検出,120,1.999742
rice_R_8,lockin,0,0,QR未検出,,lockin,binary,,,10.007741,70,8,1,0.644175,,0.644175,frame_00000.png,frame_00119.png,r60_e60_f1.mp4,60 Hz,1/60,蛍光灯あり,60.008 fps,60,60,1,1,rice,R,R,8,,,frame_00000.png,frame_00119.png,QR未検出,120,1.999742
rice_R_8,lockin,0,0,QR未検出,,lockin,binary,,,10.007741,901,8,1,0.701338,,0.701338,frame_00000.png,frame_00119.png,r60_e60_f1.mp4,60 Hz,1/60,蛍光灯あり,60.008 fps,60,60,1,1,rice,R,R,8,,,frame_00000.png,frame_00119.png,QR未検出,120,1.999742
rice_R_8,lockin,0,0,QR未検出,,lockin,binary,,,10.007741,902,8,1,0.586778,,0.586778,frame_00000.png,frame_00119.png,r60_e60_f1.mp4,60 Hz,1/60,蛍光灯あり,60.008 fps,60,60,1,1,rice,R,R,8,,,frame_00000.png,frame_00119.png,QR未検出,120,1.999742
rice_R_8,lockin,0,0,QR未検出,,lockin,binary,,,15.000000,30,8,1,0.644008,,0.644008,frame_00000.png,frame_00119.png,r60_e60_f1.mp4,60 Hz,1/60,蛍光灯あり,60.008 fps,60,60,1,1,rice,R,R,8,,,frame_00000.png,frame_00119.png,QR未検出,120,1.999742
rice_R_8,lockin,0,0,QR未検出,,lockin,binary,,,15.000000,50,8,1,0.644208,,0.644208,frame_00000.png,frame_00119.png,r60_e60_f1.mp4,60 Hz,1/60,蛍光灯あり,60.008 fps,60,60,1,1,rice,R,R,8,,,frame_00000.png,frame_00119.png,QR未検出,120,1.999742
rice_R_8,lockin,0,0,QR未検出,,lockin,binary,,,15.000000,70,8,1,0.644175,,0.644175,frame_00000.png,frame_00119.png,r60_e60_f1.mp4,60 Hz,1/60,蛍光灯あり,60.008 fps,60,60,1,1,rice,R,R,8,,,frame_00000.png,frame_00119.png,QR未検出,120,1.999742
rice_R_8,lockin,0,0,QR未検出,,lockin,binary,,,15.000000,901,8,1,0.687294,,0.687294,frame_00000.png,frame_00119.png,r60_e60_f1.mp4,60 Hz,1/60,蛍光灯あり,60.008 fps,60,60,1,1,rice,R,R,8,,,frame_00000.png,frame_00119.png,QR未検出,120,1.999742
rice_R_8,lockin,0,0,QR未検出,,lockin,binary,,,15.000000,902,8,1,0.575831,,0.575831,frame_00000.png,frame_00119.png,r60_e60_f1.mp4,60 Hz,1/60,蛍光灯あり,60.008 fps,60,60,1,1,rice,R,R,8,,,frame_00000.png,frame_00119.png,QR未検出,120,1.999742
rice_R_8,lockin,0,0,QR未検出,,lockin,binary,,,30.000000,30,8,1,0.833186,,0.833186,frame_00000.png,frame_00119.png,r60_e60_f1.mp4,60 Hz,1/60,蛍光灯あり,60.008 fps,60,60,1,1,rice,R,R,8,,,frame_00000.png,frame_00119.png,QR未検出,120,1.999742
rice_R_8,lockin,0,0,QR未検出,,lockin,binary,,,30.000000,50,8,1,0.700929,,0.700929,frame_00000.png,frame_00119.png,r60_e60_f1.mp4,60 Hz,1/60,蛍光灯あり,60.008 fps,60,60,1,1,rice,R,R,8,,,frame_00000.png,frame_00119.png,QR未検出,120,1.999742
rice_R_8,lockin,0,0,QR未検出,,lockin,binary,,,30.000000,70,8,1,0.656442,,0.656442,frame_00000.png,frame_00119.png,r60_e60_f1.mp4,60 Hz,1/60,蛍光灯あり,60.008 fps,60,60,1,1,rice,R,R,8,,,frame_00000.png,frame_00119.png,QR未検出,120,1.999742
rice_R_8,lockin,1,0,QR未検出,,lockin,binary,,,30.000000,901,8,1,0.913472,,0.913472,frame_00000.png,frame_00119.png,r60_e60_f1.mp4,60 Hz,1/60,蛍光灯あり,60.008 fps,60,60,1,1,rice,R,R,8,,,frame_00000.png,frame_00119.png,QR未検出,120,1.999742
rice_R_8,lockin,0,0,QR未検出,,lockin,binary,,,30.000000,902,8,1,0.596718,,0.596718,frame_00000.png,frame_00119.png,r60_e60_f1.mp4,60 Hz,1/60,蛍光灯あり,60.008 fps,60,60,1,1,rice,R,R,8,,,frame_00000.png,frame_00119.png,QR未検出,120,1.999742
rice_X_12,lockin,0,0,QR未検出,,lockin,binary,,,10.007741,30,8,1,0.644204,,0.644204,frame_00000.png,frame_00119.png,r60_e60_f1.mp4,60 Hz,1/60,蛍光灯あり,60.008 fps,60,60,1,50,rice,max,X,12,,,frame_00000.png,frame_00119.png,QR未検出,120,1.999742
rice_X_12,lockin,0,0,QR未検出,,lockin,binary,,,10.007741,50,8,1,0.644175,,0.644175,frame_00000.png,frame_00119.png,r60_e60_f1.mp4,60 Hz,1/60,蛍光灯あり,60.008 fps,60,60,1,50,rice,max,X,12,,,frame_00000.png,frame_00119.png,QR未検出,120,1.999742
rice_X_12,lockin,0,0,QR未検出,,lockin,binary,,,10.007741,70,8,1,0.644175,,0.644175,frame_00000.png,frame_00119.png,r60_e60_f1.mp4,60 Hz,1/60,蛍光灯あり,60.008 fps,60,60,1,50,rice,max,X,12,,,frame_00000.png,frame_00119.png,QR未検出,120,1.999742
rice_X_12,lockin,0,0,QR未検出,,lockin,binary,,,10.007741,901,8,1,0.658142,,0.658142,frame_00000.png,frame_00119.png,r60_e60_f1.mp4,60 Hz,1/60,蛍光灯あり,60.008 fps,60,60,1,50,rice,max,X,12,,,frame_00000.png,frame_00119.png,QR未検出,120,1.999742
rice_X_12,lockin,0,0,QR未検出,,lockin,binary,,,10.007741,902,8,1,0.574183,,0.574183,frame_00000.png,frame_00119.png,r60_e60_f1.mp4,60 Hz,1/60,蛍光灯あり,60.008 fps,60,60,1,50,rice,max,X,12,,,frame_00000.png,frame_00119.png,QR未検出,120,1.999742
rice_X_12,lockin,0,0,QR未検出,,lockin,binary,,,15.000000,30,8,1,0.644297,,0.644297,frame_00000.png,frame_00119.png,r60_e60_f1.mp4,60 Hz,1/60,蛍光灯あり,60.008 fps,60,60,1,50,rice,max,X,12,,,frame_00000.png,frame_00119.png,QR未検出,120,1.999742
rice_X_12,lockin,0,0,QR未検出,,lockin,binary,,,15.000000,50,8,1,0.644203,,0.644203,frame_00000.png,frame_00119.png,r60_e60_f1.mp4,60 Hz,1/60,蛍光灯あり,60.008 fps,60,60,1,50,rice,max,X,12,,,frame_00000.png,frame_00119.png,QR未検出,120,1.999742
rice_X_12,lockin,0,0,QR未検出,,lockin,binary,,,15.000000,70,8,1,0.644175,,0.644175,frame_00000.png,frame_00119.png,r60_e60_f1.mp4,60 Hz,1/60,蛍光灯あり,60.008 fps,60,60,1,50,rice,max,X,12,,,frame_00000.png,frame_00119.png,QR未検出,120,1.999742
rice_X_12,lockin,0,0,QR未検出,,lockin,binary,,,15.000000,901,8,1,0.661183,,0.661183,frame_00000.png,frame_00119.png,r60_e60_f1.mp4,60 Hz,1/60,蛍光灯あり,60.008 fps,60,60,1,50,rice,max,X,12,,,frame_00000.png,frame_00119.png,QR未検出,120,1.999742
rice_X_12,lockin,0,0,QR未検出,,lockin,binary,,,15.000000,902,8,1,0.575864,,0.575864,frame_00000.png,frame_00119.png,r60_e60_f1.mp4,60 Hz,1/60,蛍光灯あり,60.008 fps,60,60,1,50,rice,max,X,12,,,frame_00000.png,frame_00119.png,QR未検出,120,1.999742
rice_X_12,lockin,0,0,QR未検出,,lockin,binary,,,30.000000,30,8,1,0.827423,,0.827423,frame_00000.png,frame_00119.png,r60_e60_f1.mp4,60 Hz,1/60,蛍光灯あり,60.008 fps,60,60,1,50,rice,max,X,12,,,frame_00000.png,frame_00119.png,QR未検出,120,1.999742
rice_X_12,lockin,0,0,QR未検出,,lockin,binary,,,30.000000,50,8,1,0.722192,,0.722192,frame_00000.png,frame_00119.png,r60_e60_f1.mp4,60 Hz,1/60,蛍光灯あり,60.008 fps,60,60,1,50,rice,max,X,12,,,frame_00000.png,frame_00119.png,QR未検出,120,1.999742
rice_X_12,lockin,0,0,QR未検出,,lockin,binary,,,30.000000,70,8,1,0.667043,,0.667043,frame_00000.png,frame_00119.png,r60_e60_f1.mp4,60 Hz,1/60,蛍光灯あり,60.008 fps,60,60,1,50,rice,max,X,12,,,frame_00000.png,frame_00119.png,QR未検出,120,1.999742
rice_X_12,lockin,0,0,QR未検出,,lockin,binary,,,30.000000,901,8,1,0.860082,,0.860082,frame_00000.png,frame_00119.png,r60_e60_f1.mp4,60 Hz,1/60,蛍光灯あり,60.008 fps,60,60,1,50,rice,max,X,12,,,frame_00000.png,frame_00119.png,QR未検出,120,1.999742
rice_X_12,lockin,0,0,QR未検出,,lockin,binary,,,30.000000,902,8,1,0.591270,,0.591270,frame_00000.png,frame_00119.png,r60_e60_f1.mp4,60 Hz,1/60,蛍光灯あり,60.008 fps,60,60,1,50,rice,max,X,12,,,frame_00000.png,frame_00119.png,QR未検出,120,1.999742
rice_X_4,lockin,0,0,QR未検出,,lockin,binary,,,10.007741,30,8,1,0.644309,,0.644309,frame_00000.png,frame_00119.png,r60_e60_f1.mp4,60 Hz,1/60,蛍光灯あり,60.008 fps,60,60,1,48,rice,max,X,4,,,frame_00000.png,frame_00119.png,QR未検出,120,1.999742
rice_X_4,lockin,0,0,QR未検出,,lockin,binary,,,10.007741,50,8,1,0.644239,,0.644239,frame_00000.png,frame_00119.png,r60_e60_f1.mp4,60 Hz,1/60,蛍光灯あり,60.008 fps,60,60,1,48,rice,max,X,4,,,frame_00000.png,frame_00119.png,QR未検出,120,1.999742
rice_X_4,lockin,0,0,QR未検出,,lockin,binary,,,10.007741,70,8,1,0.644196,,0.644196,frame_00000.png,frame_00119.png,r60_e60_f1.mp4,60 Hz,1/60,蛍光灯あり,60.008 fps,60,60,1,48,rice,max,X,4,,,frame_00000.png,frame_00119.png,QR未検出,120,1.999742
rice_X_4,lockin,0,0,QR未検出,,lockin,binary,,,10.007741,901,8,1,0.645282,,0.645282,frame_00000.png,frame_00119.png,r60_e60_f1.mp4,60 Hz,1/60,蛍光灯あり,60.008 fps,60,60,1,48,rice,max,X,4,,,frame_00000.png,frame_00119.png,QR未検出,120,1.999742
rice_X_4,lockin,0,0,QR未検出,,lockin,binary,,,10.007741,902,8,1,0.576870,,0.576870,frame_00000.png,frame_00119.png,r60_e60_f1.mp4,60 Hz,1/60,蛍光灯あり,60.008 fps,60,60,1,48,rice,max,X,4,,,frame_00000.png,frame_00119.png,QR未検出,120,1.999742
rice_X_4,lockin,0,0,QR未検出,,lockin,binary,,,15.000000,30,8,1,0.644229,,0.644229,frame_00000.png,frame_00119.png,r60_e60_f1.mp4,60 Hz,1/60,蛍光灯あり,60.008 fps,60,60,1,48,rice,max,X,4,,,frame_00000.png,frame_00119.png,QR未検出,120,1.999742
rice_X_4,lockin,0,0,QR未検出,,lockin,binary,,,15.000000,50,8,1,0.644031,,0.644031,frame_00000.png,frame_00119.png,r60_e60_f1.mp4,60 Hz,1/60,蛍光灯あり,60.008 fps,60,60,1,48,rice,max,X,4,,,frame_00000.png,frame_00119.png,QR未検出,120,1.999742
rice_X_4,lockin,0,0,QR未検出,,lockin,binary,,,15.000000,70,8,1,0.644175,,0.644175,frame_00000.png,frame_00119.png,r60_e60_f1.mp4,60 Hz,1/60,蛍光灯あり,60.008 fps,60,60,1,48,rice,max,X,4,,,frame_00000.png,frame_00119.png,QR未検出,120,1.999742
rice_X_4,lockin,0,0,QR未検出,,lockin,binary,,,15.000000,901,8,1,0.645042,,0.645042,frame_00000.png,frame_00119.png,r60_e60_f1.mp4,60 Hz,1/60,蛍光灯あり,60.008 fps,60,60,1,48,rice,max,X,4,,,frame_00000.png,frame_00119.png,QR未検出,120,1.999742
rice_X_4,lockin,0,0,QR未検出,,lockin,binary,,,15.000000,902,8,1,0.543122,,0.543122,frame_00000.png,frame_00119.png,r60_e60_f1.mp4,60 Hz,1/60,蛍光灯あり,60.008 fps,60,60,1,48,rice,max,X,4,,,frame_00000.png,frame_00119.png,QR未検出,120,1.999742
rice_X_4,lockin,0,0,QR未検出,,lockin,binary,,,30.000000,30,8,1,0.649511,,0.649511,frame_00000.png,frame_00119.png,r60_e60_f1.mp4,60 Hz,1/60,蛍光灯あり,60.008 fps,60,60,1,48,rice,max,X,4,,,frame_00000.png,frame_00119.png,QR未検出,120,1.999742
rice_X_4,lockin,0,0,QR未検出,,lockin,binary,,,30.000000,50,8,1,0.645601,,0.645601,frame_00000.png,frame_00119.png,r60_e60_f1.mp4,60 Hz,1/60,蛍光灯あり,60.008 fps,60,60,1,48,rice,max,X,4,,,frame_00000.png,frame_00119.png,QR未検出,120,1.999742
rice_X_4,lockin,0,0,QR未検出,,lockin,binary,,,30.000000,70,8,1,0.644729,,0.644729,frame_00000.png,frame_00119.png,r60_e60_f1.mp4,60 Hz,1/60,蛍光灯あり,60.008 fps,60,60,1,48,rice,max,X,4,,,frame_00000.png,frame_00119.png,QR未検出,120,1.999742
rice_X_4,lockin,0,0,QR未検出,,lockin,binary,,,30.000000,901,8,1,0.711000,,0.711000,frame_00000.png,frame_00119.png,r60_e60_f1.mp4,60 Hz,1/60,蛍光灯あり,60.008 fps,60,60,1,48,rice,max,X,4,,,frame_00000.png,frame_00119.png,QR未検出,120,1.999742
rice_X_4,lockin,0,0,QR未検出,,lockin,binary,,,30.000000,902,8,1,0.597640,,0.597640,frame_00000.png,frame_00119.png,r60_e60_f1.mp4,60 Hz,1/60,蛍光灯あり,60.008 fps,60,60,1,48,rice,max,X,4,,,frame_00000.png,frame_00119.png,QR未検出,120,1.999742
rice_X_8,lockin,0,0,QR未検出,,lockin,binary,,,10.007741,30,8,1,0.644047,,0.644047,frame_00000.png,frame_00119.png,r60_e60_f1.mp4,60 Hz,1/60,蛍光灯あり,60.008 fps,60,60,1,49,rice,max,X,8,,,frame_00000.png,frame_00119.png,QR未検出,120,1.999742
rice_X_8,lockin,0,0,QR未検出,,lockin,binary,,,10.007741,50,8,1,0.644194,,0.644194,frame_00000.png,frame_00119.png,r60_e60_f1.mp4,60 Hz,1/60,蛍光灯あり,60.008 fps,60,60,1,49,rice,max,X,8,,,frame_00000.png,frame_00119.png,QR未検出,120,1.999742
rice_X_8,lockin,0,0,QR未検出,,lockin,binary,,,10.007741,70,8,1,0.644175,,0.644175,frame_00000.png,frame_00119.png,r60_e60_f1.mp4,60 Hz,1/60,蛍光灯あり,60.008 fps,60,60,1,49,rice,max,X,8,,,frame_00000.png,frame_00119.png,QR未検出,120,1.999742
rice_X_8,lockin,0,0,QR未検出,,lockin,binary,,,10.007741,901,8,1,0.676283,,0.676283,frame_00000.png,frame_00119.png,r60_e60_f1.mp4,60 Hz,1/60,蛍光灯あり,60.008 fps,60,60,1,49,rice,max,X,8,,,frame_00000.png,frame_00119.png,QR未検出,120,1.999742
rice_X_8,lockin,0,0,QR未検出,,lockin,binary,,,10.007741,902,8,1,0.557223,,0.557223,frame_00000.png,frame_00119.png,r60_e60_f1.mp4,60 Hz,1/60,蛍光灯あり,60.008 fps,60,60,1,49,rice,max,X,8,,,frame_00000.png,frame_00119.png,QR未検出,120,1.999742
rice_X_8,lockin,0,0,QR未検出,,lockin,binary,,,15.000000,30,8,1,0.644096,,0.644096,frame_00000.png,frame_00119.png,r60_e60_f1.mp4,60 Hz,1/60,蛍光灯あり,60.008 fps,60,60,1,49,rice,max,X,8,,,frame_00000.png,frame_00119.png,QR未検出,120,1.999742
rice_X_8,lockin,0,0,QR未検出,,lockin,binary,,,15.000000,50,8,1,0.644238,,0.644238,frame_00000.png,frame_00119.png,r60_e60_f1.mp4,60 Hz,1/60,蛍光灯あり,60.008 fps,60,60,1,49,rice,max,X,8,,,frame_00000.png,frame_00119.png,QR未検出,120,1.999742
rice_X_8,lockin,0,0,QR未検出,,lockin,binary,,,15.000000,70,8,1,0.644175,,0.644175,frame_00000.png,frame_00119.png,r60_e60_f1.mp4,60 Hz,1/60,蛍光灯あり,60.008 fps,60,60,1,49,rice,max,X,8,,,frame_00000.png,frame_00119.png,QR未検出,120,1.999742
rice_X_8,lockin,0,0,QR未検出,,lockin,binary,,,15.000000,901,8,1,0.681210,,0.681210,frame_00000.png,frame_00119.png,r60_e60_f1.mp4,60 Hz,1/60,蛍光灯あり,60.008 fps,60,60,1,49,rice,max,X,8,,,frame_00000.png,frame_00119.png,QR未検出,120,1.999742
rice_X_8,lockin,0,0,QR未検出,,lockin,binary,,,15.000000,902,8,1,0.527648,,0.527648,frame_00000.png,frame_00119.png,r60_e60_f1.mp4,60 Hz,1/60,蛍光灯あり,60.008 fps,60,60,1,49,rice,max,X,8,,,frame_00000.png,frame_00119.png,QR未検出,120,1.999742
rice_X_8,lockin,0,0,QR未検出,,lockin,binary,,,30.000000,30,8,1,0.715467,,0.715467,frame_00000.png,frame_00119.png,r60_e60_f1.mp4,60 Hz,1/60,蛍光灯あり,60.008 fps,60,60,1,49,rice,max,X,8,,,frame_00000.png,frame_00119.png,QR未検出,120,1.999742
rice_X_8,lockin,0,0,QR未検出,,lockin,binary,,,30.000000,50,8,1,0.660335,,0.660335,frame_00000.png,frame_00119.png,r60_e60_f1.mp4,60 Hz,1/60,蛍光灯あり,60.008 fps,60,60,1,49,rice,max,X,8,,,frame_00000.png,frame_00119.png,QR未検出,120,1.999742
rice_X_8,lockin,0,0,QR未検出,,lockin,binary,,,30.000000,70,8,1,0.646332,,0.646332,frame_00000.png,frame_00119.png,r60_e60_f1.mp4,60 Hz,1/60,蛍光灯あり,60.008 fps,60,60,1,49,rice,max,X,8,,,frame_00000.png,frame_00119.png,QR未検出,120,1.999742
rice_X_8,lockin,0,0,QR未検出,,lockin,binary,,,30.000000,901,8,1,0.751122,,0.751122,frame_00000.png,frame_00119.png,r60_e60_f1.mp4,60 Hz,1/60,蛍光灯あり,60.008 fps,60,60,1,49,rice,max,X,8,,,frame_00000.png,frame_00119.png,QR未検出,120,1.999742
rice_X_8,lockin,0,0,QR未検出,,lockin,binary,,,30.000000,902,8,1,0.558075,,0.558075,frame_00000.png,frame_00119.png,r60_e60_f1.mp4,60 Hz,1/60,蛍光灯あり,60.008 fps,60,60,1,49,rice,max,X,8,,,frame_00000.png,frame_00119.png,QR未検出,120,1.999742
